ISO-10303-21;
HEADER;
FILE_DESCRIPTION(('FreeCAD Model'),'2;1');
FILE_NAME('Open CASCADE Shape Model','2025-10-09T10:47:00',(''),(''),
  'Open CASCADE STEP processor 7.8','FreeCAD','Unknown');
FILE_SCHEMA(('AUTOMOTIVE_DESIGN { 1 0 10303 214 1 1 1 1 }'));
ENDSEC;
DATA;
#1 = APPLICATION_PROTOCOL_DEFINITION('international standard',
  'automotive_design',2000,#2);
#2 = APPLICATION_CONTEXT(
  'core data for automotive mechanical design processes');
#3 = SHAPE_DEFINITION_REPRESENTATION(#4,#10);
#4 = PRODUCT_DEFINITION_SHAPE('','',#5);
#5 = PRODUCT_DEFINITION('design','',#6,#9);
#6 = PRODUCT_DEFINITION_FORMATION('','',#7);
#7 = PRODUCT('FTSH-106-04-L-DH','FTSH-106-04-L-DH','',(#8));
#8 = PRODUCT_CONTEXT('',#2,'mechanical');
#9 = PRODUCT_DEFINITION_CONTEXT('part definition',#2,'design');
#10 = SHAPE_REPRESENTATION('',(#11,#15,#19,#23),#27);
#11 = AXIS2_PLACEMENT_3D('',#12,#13,#14);
#12 = CARTESIAN_POINT('',(0.,0.,0.));
#13 = DIRECTION('',(0.,0.,1.));
#14 = DIRECTION('',(1.,0.,-0.));
#15 = AXIS2_PLACEMENT_3D('',#16,#17,#18);
#16 = CARTESIAN_POINT('',(0.,3.41035,1.75));
#17 = DIRECTION('',(1.224646799147E-16,-7.498798913309E-33,-1.));
#18 = DIRECTION('',(-1.,1.224646799147E-16,-1.224646799147E-16));
#19 = AXIS2_PLACEMENT_3D('',#20,#21,#22);
#20 = CARTESIAN_POINT('',(0.,3.41035,1.75));
#21 = DIRECTION('',(1.224646799147E-16,-7.498798913309E-33,-1.));
#22 = DIRECTION('',(-1.,1.224646799147E-16,-1.224646799147E-16));
#23 = AXIS2_PLACEMENT_3D('',#24,#25,#26);
#24 = CARTESIAN_POINT('',(0.,3.41035,1.75));
#25 = DIRECTION('',(1.224646799147E-16,-7.498798913309E-33,-1.));
#26 = DIRECTION('',(-1.,1.224646799147E-16,-1.224646799147E-16));
#27 = ( GEOMETRIC_REPRESENTATION_CONTEXT(3) 
GLOBAL_UNCERTAINTY_ASSIGNED_CONTEXT((#31)) GLOBAL_UNIT_ASSIGNED_CONTEXT(
(#28,#29,#30)) REPRESENTATION_CONTEXT('Context #1',
  '3D Context with UNIT and UNCERTAINTY') );
#28 = ( LENGTH_UNIT() NAMED_UNIT(*) SI_UNIT(.MILLI.,.METRE.) );
#29 = ( NAMED_UNIT(*) PLANE_ANGLE_UNIT() SI_UNIT($,.RADIAN.) );
#30 = ( NAMED_UNIT(*) SI_UNIT($,.STERADIAN.) SOLID_ANGLE_UNIT() );
#31 = UNCERTAINTY_MEASURE_WITH_UNIT(LENGTH_MEASURE(1.E-07),#28,
  'distance_accuracy_value','confusion accuracy');
#32 = PRODUCT_RELATED_PRODUCT_CATEGORY('part',$,(#7));
#33 = SHAPE_DEFINITION_REPRESENTATION(#34,#40);
#34 = PRODUCT_DEFINITION_SHAPE('','',#35);
#35 = PRODUCT_DEFINITION('design','',#36,#39);
#36 = PRODUCT_DEFINITION_FORMATION('','',#37);
#37 = PRODUCT('FTSH-106-04-L-DH_body','FTSH-106-04-L-DH_body','',(#38));
#38 = PRODUCT_CONTEXT('',#2,'mechanical');
#39 = PRODUCT_DEFINITION_CONTEXT('part definition',#2,'design');
#40 = ADVANCED_BREP_SHAPE_REPRESENTATION('',(#11,#41),#2087);
#41 = MANIFOLD_SOLID_BREP('',#42);
#42 = CLOSED_SHELL('',(#43,#83,#123,#209,#240,#317,#357,#388,#419,#459,
    #490,#521,#561,#592,#623,#663,#694,#725,#765,#796,#827,#867,#898,
    #929,#969,#1000,#1031,#1071,#1102,#1133,#1173,#1204,#1235,#1275,
    #1306,#1337,#1377,#1408,#1439,#1479,#1510,#1541,#1563,#1585,#1607,
    #1629,#1651,#1673,#1695,#1717,#1739,#1761,#1783,#1805,#1827,#1911,
    #1995,#2017,#2029,#2041,#2058,#2075));
#43 = ADVANCED_FACE('',(#44),#78,.F.);
#44 = FACE_BOUND('',#45,.T.);
#45 = EDGE_LOOP('',(#46,#56,#64,#72));
#46 = ORIENTED_EDGE('',*,*,#47,.F.);
#47 = EDGE_CURVE('',#48,#50,#52,.T.);
#48 = VERTEX_POINT('',#49);
#49 = CARTESIAN_POINT('',(-3.81,0.6223,-1.7145));
#50 = VERTEX_POINT('',#51);
#51 = CARTESIAN_POINT('',(-3.81,0.,-1.7145));
#52 = LINE('',#53,#54);
#53 = CARTESIAN_POINT('',(-3.81,2.5146,-1.7145));
#54 = VECTOR('',#55,1.);
#55 = DIRECTION('',(0.,-1.,0.));
#56 = ORIENTED_EDGE('',*,*,#57,.F.);
#57 = EDGE_CURVE('',#58,#48,#60,.T.);
#58 = VERTEX_POINT('',#59);
#59 = CARTESIAN_POINT('',(3.81,0.6223,-1.7145));
#60 = LINE('',#61,#62);
#61 = CARTESIAN_POINT('',(3.81,0.6223,-1.7145));
#62 = VECTOR('',#63,1.);
#63 = DIRECTION('',(-1.,0.,0.));
#64 = ORIENTED_EDGE('',*,*,#65,.T.);
#65 = EDGE_CURVE('',#58,#66,#68,.T.);
#66 = VERTEX_POINT('',#67);
#67 = CARTESIAN_POINT('',(3.81,0.,-1.7145));
#68 = LINE('',#69,#70);
#69 = CARTESIAN_POINT('',(3.81,2.5146,-1.7145));
#70 = VECTOR('',#71,1.);
#71 = DIRECTION('',(0.,-1.,0.));
#72 = ORIENTED_EDGE('',*,*,#73,.T.);
#73 = EDGE_CURVE('',#66,#50,#74,.T.);
#74 = LINE('',#75,#76);
#75 = CARTESIAN_POINT('',(3.81,0.,-1.7145));
#76 = VECTOR('',#77,1.);
#77 = DIRECTION('',(-1.,0.,0.));
#78 = PLANE('',#79);
#79 = AXIS2_PLACEMENT_3D('',#80,#81,#82);
#80 = CARTESIAN_POINT('',(3.81,2.5146,-1.7145));
#81 = DIRECTION('',(0.,0.,1.));
#82 = DIRECTION('',(1.,0.,-0.));
#83 = ADVANCED_FACE('',(#84),#118,.F.);
#84 = FACE_BOUND('',#85,.T.);
#85 = EDGE_LOOP('',(#86,#96,#104,#112));
#86 = ORIENTED_EDGE('',*,*,#87,.F.);
#87 = EDGE_CURVE('',#88,#90,#92,.T.);
#88 = VERTEX_POINT('',#89);
#89 = CARTESIAN_POINT('',(3.81,0.6223,1.7145));
#90 = VERTEX_POINT('',#91);
#91 = CARTESIAN_POINT('',(3.81,0.,1.7145));
#92 = LINE('',#93,#94);
#93 = CARTESIAN_POINT('',(3.81,2.5146,1.7145));
#94 = VECTOR('',#95,1.);
#95 = DIRECTION('',(0.,-1.,0.));
#96 = ORIENTED_EDGE('',*,*,#97,.T.);
#97 = EDGE_CURVE('',#88,#98,#100,.T.);
#98 = VERTEX_POINT('',#99);
#99 = CARTESIAN_POINT('',(-3.81,0.6223,1.7145));
#100 = LINE('',#101,#102);
#101 = CARTESIAN_POINT('',(3.81,0.6223,1.7145));
#102 = VECTOR('',#103,1.);
#103 = DIRECTION('',(-1.,0.,0.));
#104 = ORIENTED_EDGE('',*,*,#105,.T.);
#105 = EDGE_CURVE('',#98,#106,#108,.T.);
#106 = VERTEX_POINT('',#107);
#107 = CARTESIAN_POINT('',(-3.81,0.,1.7145));
#108 = LINE('',#109,#110);
#109 = CARTESIAN_POINT('',(-3.81,2.5146,1.7145));
#110 = VECTOR('',#111,1.);
#111 = DIRECTION('',(0.,-1.,0.));
#112 = ORIENTED_EDGE('',*,*,#113,.T.);
#113 = EDGE_CURVE('',#106,#90,#114,.T.);
#114 = LINE('',#115,#116);
#115 = CARTESIAN_POINT('',(-3.81,0.,1.7145));
#116 = VECTOR('',#117,1.);
#117 = DIRECTION('',(1.,0.,0.));
#118 = PLANE('',#119);
#119 = AXIS2_PLACEMENT_3D('',#120,#121,#122);
#120 = CARTESIAN_POINT('',(-3.81,2.5146,1.7145));
#121 = DIRECTION('',(0.,0.,-1.));
#122 = DIRECTION('',(-1.,0.,0.));
#123 = ADVANCED_FACE('',(#124),#204,.F.);
#124 = FACE_BOUND('',#125,.T.);
#125 = EDGE_LOOP('',(#126,#136,#142,#143,#149,#150,#158,#166,#174,#182,
    #190,#198));
#126 = ORIENTED_EDGE('',*,*,#127,.F.);
#127 = EDGE_CURVE('',#128,#130,#132,.T.);
#128 = VERTEX_POINT('',#129);
#129 = CARTESIAN_POINT('',(-3.81,0.6223,-1.4605));
#130 = VERTEX_POINT('',#131);
#131 = CARTESIAN_POINT('',(-3.81,1.8923,-1.4605));
#132 = LINE('',#133,#134);
#133 = CARTESIAN_POINT('',(-3.81,0.6223,-1.4605));
#134 = VECTOR('',#135,1.);
#135 = DIRECTION('',(0.,1.,0.));
#136 = ORIENTED_EDGE('',*,*,#137,.F.);
#137 = EDGE_CURVE('',#48,#128,#138,.T.);
#138 = LINE('',#139,#140);
#139 = CARTESIAN_POINT('',(-3.81,0.6223,-1.7145));
#140 = VECTOR('',#141,1.);
#141 = DIRECTION('',(0.,0.,1.));
#142 = ORIENTED_EDGE('',*,*,#47,.T.);
#143 = ORIENTED_EDGE('',*,*,#144,.T.);
#144 = EDGE_CURVE('',#50,#106,#145,.T.);
#145 = LINE('',#146,#147);
#146 = CARTESIAN_POINT('',(-3.81,0.,-1.7145));
#147 = VECTOR('',#148,1.);
#148 = DIRECTION('',(0.,0.,1.));
#149 = ORIENTED_EDGE('',*,*,#105,.F.);
#150 = ORIENTED_EDGE('',*,*,#151,.F.);
#151 = EDGE_CURVE('',#152,#98,#154,.T.);
#152 = VERTEX_POINT('',#153);
#153 = CARTESIAN_POINT('',(-3.81,0.6223,1.4605));
#154 = LINE('',#155,#156);
#155 = CARTESIAN_POINT('',(-3.81,0.6223,1.4605));
#156 = VECTOR('',#157,1.);
#157 = DIRECTION('',(0.,0.,1.));
#158 = ORIENTED_EDGE('',*,*,#159,.F.);
#159 = EDGE_CURVE('',#160,#152,#162,.T.);
#160 = VERTEX_POINT('',#161);
#161 = CARTESIAN_POINT('',(-3.81,1.8923,1.4605));
#162 = LINE('',#163,#164);
#163 = CARTESIAN_POINT('',(-3.81,1.8923,1.4605));
#164 = VECTOR('',#165,1.);
#165 = DIRECTION('',(0.,-1.,0.));
#166 = ORIENTED_EDGE('',*,*,#167,.F.);
#167 = EDGE_CURVE('',#168,#160,#170,.T.);
#168 = VERTEX_POINT('',#169);
#169 = CARTESIAN_POINT('',(-3.81,1.8923,1.7145));
#170 = LINE('',#171,#172);
#171 = CARTESIAN_POINT('',(-3.81,1.8923,1.7145));
#172 = VECTOR('',#173,1.);
#173 = DIRECTION('',(0.,0.,-1.));
#174 = ORIENTED_EDGE('',*,*,#175,.F.);
#175 = EDGE_CURVE('',#176,#168,#178,.T.);
#176 = VERTEX_POINT('',#177);
#177 = CARTESIAN_POINT('',(-3.81,2.5146,1.7145));
#178 = LINE('',#179,#180);
#179 = CARTESIAN_POINT('',(-3.81,2.5146,1.7145));
#180 = VECTOR('',#181,1.);
#181 = DIRECTION('',(0.,-1.,0.));
#182 = ORIENTED_EDGE('',*,*,#183,.F.);
#183 = EDGE_CURVE('',#184,#176,#186,.T.);
#184 = VERTEX_POINT('',#185);
#185 = CARTESIAN_POINT('',(-3.81,2.5146,-1.7145));
#186 = LINE('',#187,#188);
#187 = CARTESIAN_POINT('',(-3.81,2.5146,-1.7145));
#188 = VECTOR('',#189,1.);
#189 = DIRECTION('',(0.,0.,1.));
#190 = ORIENTED_EDGE('',*,*,#191,.T.);
#191 = EDGE_CURVE('',#184,#192,#194,.T.);
#192 = VERTEX_POINT('',#193);
#193 = CARTESIAN_POINT('',(-3.81,1.8923,-1.7145));
#194 = LINE('',#195,#196);
#195 = CARTESIAN_POINT('',(-3.81,2.5146,-1.7145));
#196 = VECTOR('',#197,1.);
#197 = DIRECTION('',(0.,-1.,0.));
#198 = ORIENTED_EDGE('',*,*,#199,.F.);
#199 = EDGE_CURVE('',#130,#192,#200,.T.);
#200 = LINE('',#201,#202);
#201 = CARTESIAN_POINT('',(-3.81,1.8923,-1.4605));
#202 = VECTOR('',#203,1.);
#203 = DIRECTION('',(0.,0.,-1.));
#204 = PLANE('',#205);
#205 = AXIS2_PLACEMENT_3D('',#206,#207,#208);
#206 = CARTESIAN_POINT('',(-3.81,2.5146,-1.7145));
#207 = DIRECTION('',(1.,0.,0.));
#208 = DIRECTION('',(0.,0.,-1.));
#209 = ADVANCED_FACE('',(#210),#235,.F.);
#210 = FACE_BOUND('',#211,.T.);
#211 = EDGE_LOOP('',(#212,#213,#221,#229));
#212 = ORIENTED_EDGE('',*,*,#175,.T.);
#213 = ORIENTED_EDGE('',*,*,#214,.F.);
#214 = EDGE_CURVE('',#215,#168,#217,.T.);
#215 = VERTEX_POINT('',#216);
#216 = CARTESIAN_POINT('',(3.81,1.8923,1.7145));
#217 = LINE('',#218,#219);
#218 = CARTESIAN_POINT('',(3.81,1.8923,1.7145));
#219 = VECTOR('',#220,1.);
#220 = DIRECTION('',(-1.,0.,0.));
#221 = ORIENTED_EDGE('',*,*,#222,.F.);
#222 = EDGE_CURVE('',#223,#215,#225,.T.);
#223 = VERTEX_POINT('',#224);
#224 = CARTESIAN_POINT('',(3.81,2.5146,1.7145));
#225 = LINE('',#226,#227);
#226 = CARTESIAN_POINT('',(3.81,2.5146,1.7145));
#227 = VECTOR('',#228,1.);
#228 = DIRECTION('',(0.,-1.,0.));
#229 = ORIENTED_EDGE('',*,*,#230,.F.);
#230 = EDGE_CURVE('',#176,#223,#231,.T.);
#231 = LINE('',#232,#233);
#232 = CARTESIAN_POINT('',(-3.81,2.5146,1.7145));
#233 = VECTOR('',#234,1.);
#234 = DIRECTION('',(1.,0.,0.));
#235 = PLANE('',#236);
#236 = AXIS2_PLACEMENT_3D('',#237,#238,#239);
#237 = CARTESIAN_POINT('',(-3.81,2.5146,1.7145));
#238 = DIRECTION('',(0.,0.,-1.));
#239 = DIRECTION('',(-1.,0.,0.));
#240 = ADVANCED_FACE('',(#241),#312,.F.);
#241 = FACE_BOUND('',#242,.T.);
#242 = EDGE_LOOP('',(#243,#244,#252,#260,#268,#276,#282,#283,#291,#299,
    #305,#306));
#243 = ORIENTED_EDGE('',*,*,#65,.F.);
#244 = ORIENTED_EDGE('',*,*,#245,.T.);
#245 = EDGE_CURVE('',#58,#246,#248,.T.);
#246 = VERTEX_POINT('',#247);
#247 = CARTESIAN_POINT('',(3.81,0.6223,-1.4605));
#248 = LINE('',#249,#250);
#249 = CARTESIAN_POINT('',(3.81,0.6223,-1.7145));
#250 = VECTOR('',#251,1.);
#251 = DIRECTION('',(0.,0.,1.));
#252 = ORIENTED_EDGE('',*,*,#253,.T.);
#253 = EDGE_CURVE('',#246,#254,#256,.T.);
#254 = VERTEX_POINT('',#255);
#255 = CARTESIAN_POINT('',(3.81,1.8923,-1.4605));
#256 = LINE('',#257,#258);
#257 = CARTESIAN_POINT('',(3.81,0.6223,-1.4605));
#258 = VECTOR('',#259,1.);
#259 = DIRECTION('',(0.,1.,0.));
#260 = ORIENTED_EDGE('',*,*,#261,.T.);
#261 = EDGE_CURVE('',#254,#262,#264,.T.);
#262 = VERTEX_POINT('',#263);
#263 = CARTESIAN_POINT('',(3.81,1.8923,-1.7145));
#264 = LINE('',#265,#266);
#265 = CARTESIAN_POINT('',(3.81,1.8923,-1.4605));
#266 = VECTOR('',#267,1.);
#267 = DIRECTION('',(0.,0.,-1.));
#268 = ORIENTED_EDGE('',*,*,#269,.F.);
#269 = EDGE_CURVE('',#270,#262,#272,.T.);
#270 = VERTEX_POINT('',#271);
#271 = CARTESIAN_POINT('',(3.81,2.5146,-1.7145));
#272 = LINE('',#273,#274);
#273 = CARTESIAN_POINT('',(3.81,2.5146,-1.7145));
#274 = VECTOR('',#275,1.);
#275 = DIRECTION('',(0.,-1.,0.));
#276 = ORIENTED_EDGE('',*,*,#277,.F.);
#277 = EDGE_CURVE('',#223,#270,#278,.T.);
#278 = LINE('',#279,#280);
#279 = CARTESIAN_POINT('',(3.81,2.5146,1.7145));
#280 = VECTOR('',#281,1.);
#281 = DIRECTION('',(0.,0.,-1.));
#282 = ORIENTED_EDGE('',*,*,#222,.T.);
#283 = ORIENTED_EDGE('',*,*,#284,.T.);
#284 = EDGE_CURVE('',#215,#285,#287,.T.);
#285 = VERTEX_POINT('',#286);
#286 = CARTESIAN_POINT('',(3.81,1.8923,1.4605));
#287 = LINE('',#288,#289);
#288 = CARTESIAN_POINT('',(3.81,1.8923,1.7145));
#289 = VECTOR('',#290,1.);
#290 = DIRECTION('',(0.,0.,-1.));
#291 = ORIENTED_EDGE('',*,*,#292,.T.);
#292 = EDGE_CURVE('',#285,#293,#295,.T.);
#293 = VERTEX_POINT('',#294);
#294 = CARTESIAN_POINT('',(3.81,0.6223,1.4605));
#295 = LINE('',#296,#297);
#296 = CARTESIAN_POINT('',(3.81,1.8923,1.4605));
#297 = VECTOR('',#298,1.);
#298 = DIRECTION('',(0.,-1.,0.));
#299 = ORIENTED_EDGE('',*,*,#300,.T.);
#300 = EDGE_CURVE('',#293,#88,#301,.T.);
#301 = LINE('',#302,#303);
#302 = CARTESIAN_POINT('',(3.81,0.6223,1.4605));
#303 = VECTOR('',#304,1.);
#304 = DIRECTION('',(0.,0.,1.));
#305 = ORIENTED_EDGE('',*,*,#87,.T.);
#306 = ORIENTED_EDGE('',*,*,#307,.T.);
#307 = EDGE_CURVE('',#90,#66,#308,.T.);
#308 = LINE('',#309,#310);
#309 = CARTESIAN_POINT('',(3.81,0.,1.7145));
#310 = VECTOR('',#311,1.);
#311 = DIRECTION('',(0.,0.,-1.));
#312 = PLANE('',#313);
#313 = AXIS2_PLACEMENT_3D('',#314,#315,#316);
#314 = CARTESIAN_POINT('',(3.81,2.5146,1.7145));
#315 = DIRECTION('',(-1.,0.,0.));
#316 = DIRECTION('',(0.,0.,1.));
#317 = ADVANCED_FACE('',(#318),#352,.T.);
#318 = FACE_BOUND('',#319,.T.);
#319 = EDGE_LOOP('',(#320,#330,#338,#346));
#320 = ORIENTED_EDGE('',*,*,#321,.F.);
#321 = EDGE_CURVE('',#322,#324,#326,.T.);
#322 = VERTEX_POINT('',#323);
#323 = CARTESIAN_POINT('',(2.9718,0.,-0.8255));
#324 = VERTEX_POINT('',#325);
#325 = CARTESIAN_POINT('',(2.9718,0.,-0.4191));
#326 = LINE('',#327,#328);
#327 = CARTESIAN_POINT('',(2.9718,0.,-0.8255));
#328 = VECTOR('',#329,1.);
#329 = DIRECTION('',(0.,0.,1.));
#330 = ORIENTED_EDGE('',*,*,#331,.F.);
#331 = EDGE_CURVE('',#332,#322,#334,.T.);
#332 = VERTEX_POINT('',#333);
#333 = CARTESIAN_POINT('',(2.9718,2.5146,-0.8255));
#334 = LINE('',#335,#336);
#335 = CARTESIAN_POINT('',(2.9718,2.5146,-0.8255));
#336 = VECTOR('',#337,1.);
#337 = DIRECTION('',(0.,-1.,0.));
#338 = ORIENTED_EDGE('',*,*,#339,.T.);
#339 = EDGE_CURVE('',#332,#340,#342,.T.);
#340 = VERTEX_POINT('',#341);
#341 = CARTESIAN_POINT('',(2.9718,2.5146,-0.4191));
#342 = LINE('',#343,#344);
#343 = CARTESIAN_POINT('',(2.9718,2.5146,-0.8255));
#344 = VECTOR('',#345,1.);
#345 = DIRECTION('',(0.,0.,1.));
#346 = ORIENTED_EDGE('',*,*,#347,.T.);
#347 = EDGE_CURVE('',#340,#324,#348,.T.);
#348 = LINE('',#349,#350);
#349 = CARTESIAN_POINT('',(2.9718,2.5146,-0.4191));
#350 = VECTOR('',#351,1.);
#351 = DIRECTION('',(0.,-1.,0.));
#352 = PLANE('',#353);
#353 = AXIS2_PLACEMENT_3D('',#354,#355,#356);
#354 = CARTESIAN_POINT('',(2.9718,2.5146,-0.8255));
#355 = DIRECTION('',(1.,0.,0.));
#356 = DIRECTION('',(0.,0.,-1.));
#357 = ADVANCED_FACE('',(#358),#383,.T.);
#358 = FACE_BOUND('',#359,.T.);
#359 = EDGE_LOOP('',(#360,#368,#376,#382));
#360 = ORIENTED_EDGE('',*,*,#361,.F.);
#361 = EDGE_CURVE('',#362,#322,#364,.T.);
#362 = VERTEX_POINT('',#363);
#363 = CARTESIAN_POINT('',(3.3782,0.,-0.8255));
#364 = LINE('',#365,#366);
#365 = CARTESIAN_POINT('',(3.3782,0.,-0.8255));
#366 = VECTOR('',#367,1.);
#367 = DIRECTION('',(-1.,0.,0.));
#368 = ORIENTED_EDGE('',*,*,#369,.F.);
#369 = EDGE_CURVE('',#370,#362,#372,.T.);
#370 = VERTEX_POINT('',#371);
#371 = CARTESIAN_POINT('',(3.3782,2.5146,-0.8255));
#372 = LINE('',#373,#374);
#373 = CARTESIAN_POINT('',(3.3782,2.5146,-0.8255));
#374 = VECTOR('',#375,1.);
#375 = DIRECTION('',(0.,-1.,0.));
#376 = ORIENTED_EDGE('',*,*,#377,.T.);
#377 = EDGE_CURVE('',#370,#332,#378,.T.);
#378 = LINE('',#379,#380);
#379 = CARTESIAN_POINT('',(3.3782,2.5146,-0.8255));
#380 = VECTOR('',#381,1.);
#381 = DIRECTION('',(-1.,0.,0.));
#382 = ORIENTED_EDGE('',*,*,#331,.T.);
#383 = PLANE('',#384);
#384 = AXIS2_PLACEMENT_3D('',#385,#386,#387);
#385 = CARTESIAN_POINT('',(3.3782,2.5146,-0.8255));
#386 = DIRECTION('',(0.,0.,1.));
#387 = DIRECTION('',(1.,0.,-0.));
#388 = ADVANCED_FACE('',(#389),#414,.T.);
#389 = FACE_BOUND('',#390,.T.);
#390 = EDGE_LOOP('',(#391,#399,#407,#413));
#391 = ORIENTED_EDGE('',*,*,#392,.F.);
#392 = EDGE_CURVE('',#393,#362,#395,.T.);
#393 = VERTEX_POINT('',#394);
#394 = CARTESIAN_POINT('',(3.3782,0.,-0.4191));
#395 = LINE('',#396,#397);
#396 = CARTESIAN_POINT('',(3.3782,0.,-0.4191));
#397 = VECTOR('',#398,1.);
#398 = DIRECTION('',(0.,0.,-1.));
#399 = ORIENTED_EDGE('',*,*,#400,.F.);
#400 = EDGE_CURVE('',#401,#393,#403,.T.);
#401 = VERTEX_POINT('',#402);
#402 = CARTESIAN_POINT('',(3.3782,2.5146,-0.4191));
#403 = LINE('',#404,#405);
#404 = CARTESIAN_POINT('',(3.3782,2.5146,-0.4191));
#405 = VECTOR('',#406,1.);
#406 = DIRECTION('',(0.,-1.,0.));
#407 = ORIENTED_EDGE('',*,*,#408,.T.);
#408 = EDGE_CURVE('',#401,#370,#409,.T.);
#409 = LINE('',#410,#411);
#410 = CARTESIAN_POINT('',(3.3782,2.5146,-0.4191));
#411 = VECTOR('',#412,1.);
#412 = DIRECTION('',(0.,0.,-1.));
#413 = ORIENTED_EDGE('',*,*,#369,.T.);
#414 = PLANE('',#415);
#415 = AXIS2_PLACEMENT_3D('',#416,#417,#418);
#416 = CARTESIAN_POINT('',(3.3782,2.5146,-0.4191));
#417 = DIRECTION('',(-1.,0.,0.));
#418 = DIRECTION('',(0.,0.,1.));
#419 = ADVANCED_FACE('',(#420),#454,.T.);
#420 = FACE_BOUND('',#421,.T.);
#421 = EDGE_LOOP('',(#422,#432,#440,#448));
#422 = ORIENTED_EDGE('',*,*,#423,.F.);
#423 = EDGE_CURVE('',#424,#426,#428,.T.);
#424 = VERTEX_POINT('',#425);
#425 = CARTESIAN_POINT('',(2.9718,0.,0.4445));
#426 = VERTEX_POINT('',#427);
#427 = CARTESIAN_POINT('',(2.9718,0.,0.8509));
#428 = LINE('',#429,#430);
#429 = CARTESIAN_POINT('',(2.9718,0.,0.4445));
#430 = VECTOR('',#431,1.);
#431 = DIRECTION('',(0.,0.,1.));
#432 = ORIENTED_EDGE('',*,*,#433,.F.);
#433 = EDGE_CURVE('',#434,#424,#436,.T.);
#434 = VERTEX_POINT('',#435);
#435 = CARTESIAN_POINT('',(2.9718,2.5146,0.4445));
#436 = LINE('',#437,#438);
#437 = CARTESIAN_POINT('',(2.9718,2.5146,0.4445));
#438 = VECTOR('',#439,1.);
#439 = DIRECTION('',(0.,-1.,0.));
#440 = ORIENTED_EDGE('',*,*,#441,.T.);
#441 = EDGE_CURVE('',#434,#442,#444,.T.);
#442 = VERTEX_POINT('',#443);
#443 = CARTESIAN_POINT('',(2.9718,2.5146,0.8509));
#444 = LINE('',#445,#446);
#445 = CARTESIAN_POINT('',(2.9718,2.5146,0.4445));
#446 = VECTOR('',#447,1.);
#447 = DIRECTION('',(0.,0.,1.));
#448 = ORIENTED_EDGE('',*,*,#449,.T.);
#449 = EDGE_CURVE('',#442,#426,#450,.T.);
#450 = LINE('',#451,#452);
#451 = CARTESIAN_POINT('',(2.9718,2.5146,0.8509));
#452 = VECTOR('',#453,1.);
#453 = DIRECTION('',(0.,-1.,0.));
#454 = PLANE('',#455);
#455 = AXIS2_PLACEMENT_3D('',#456,#457,#458);
#456 = CARTESIAN_POINT('',(2.9718,2.5146,0.4445));
#457 = DIRECTION('',(1.,0.,0.));
#458 = DIRECTION('',(0.,0.,-1.));
#459 = ADVANCED_FACE('',(#460),#485,.T.);
#460 = FACE_BOUND('',#461,.T.);
#461 = EDGE_LOOP('',(#462,#470,#478,#484));
#462 = ORIENTED_EDGE('',*,*,#463,.F.);
#463 = EDGE_CURVE('',#464,#424,#466,.T.);
#464 = VERTEX_POINT('',#465);
#465 = CARTESIAN_POINT('',(3.3782,0.,0.4445));
#466 = LINE('',#467,#468);
#467 = CARTESIAN_POINT('',(3.3782,0.,0.4445));
#468 = VECTOR('',#469,1.);
#469 = DIRECTION('',(-1.,0.,0.));
#470 = ORIENTED_EDGE('',*,*,#471,.F.);
#471 = EDGE_CURVE('',#472,#464,#474,.T.);
#472 = VERTEX_POINT('',#473);
#473 = CARTESIAN_POINT('',(3.3782,2.5146,0.4445));
#474 = LINE('',#475,#476);
#475 = CARTESIAN_POINT('',(3.3782,2.5146,0.4445));
#476 = VECTOR('',#477,1.);
#477 = DIRECTION('',(0.,-1.,0.));
#478 = ORIENTED_EDGE('',*,*,#479,.T.);
#479 = EDGE_CURVE('',#472,#434,#480,.T.);
#480 = LINE('',#481,#482);
#481 = CARTESIAN_POINT('',(3.3782,2.5146,0.4445));
#482 = VECTOR('',#483,1.);
#483 = DIRECTION('',(-1.,0.,0.));
#484 = ORIENTED_EDGE('',*,*,#433,.T.);
#485 = PLANE('',#486);
#486 = AXIS2_PLACEMENT_3D('',#487,#488,#489);
#487 = CARTESIAN_POINT('',(3.3782,2.5146,0.4445));
#488 = DIRECTION('',(0.,0.,1.));
#489 = DIRECTION('',(1.,0.,-0.));
#490 = ADVANCED_FACE('',(#491),#516,.T.);
#491 = FACE_BOUND('',#492,.T.);
#492 = EDGE_LOOP('',(#493,#501,#509,#515));
#493 = ORIENTED_EDGE('',*,*,#494,.F.);
#494 = EDGE_CURVE('',#495,#464,#497,.T.);
#495 = VERTEX_POINT('',#496);
#496 = CARTESIAN_POINT('',(3.3782,0.,0.8509));
#497 = LINE('',#498,#499);
#498 = CARTESIAN_POINT('',(3.3782,0.,0.8509));
#499 = VECTOR('',#500,1.);
#500 = DIRECTION('',(0.,0.,-1.));
#501 = ORIENTED_EDGE('',*,*,#502,.F.);
#502 = EDGE_CURVE('',#503,#495,#505,.T.);
#503 = VERTEX_POINT('',#504);
#504 = CARTESIAN_POINT('',(3.3782,2.5146,0.8509));
#505 = LINE('',#506,#507);
#506 = CARTESIAN_POINT('',(3.3782,2.5146,0.8509));
#507 = VECTOR('',#508,1.);
#508 = DIRECTION('',(0.,-1.,0.));
#509 = ORIENTED_EDGE('',*,*,#510,.T.);
#510 = EDGE_CURVE('',#503,#472,#511,.T.);
#511 = LINE('',#512,#513);
#512 = CARTESIAN_POINT('',(3.3782,2.5146,0.8509));
#513 = VECTOR('',#514,1.);
#514 = DIRECTION('',(0.,0.,-1.));
#515 = ORIENTED_EDGE('',*,*,#471,.T.);
#516 = PLANE('',#517);
#517 = AXIS2_PLACEMENT_3D('',#518,#519,#520);
#518 = CARTESIAN_POINT('',(3.3782,2.5146,0.8509));
#519 = DIRECTION('',(-1.,0.,0.));
#520 = DIRECTION('',(0.,0.,1.));
#521 = ADVANCED_FACE('',(#522),#556,.T.);
#522 = FACE_BOUND('',#523,.T.);
#523 = EDGE_LOOP('',(#524,#534,#542,#550));
#524 = ORIENTED_EDGE('',*,*,#525,.F.);
#525 = EDGE_CURVE('',#526,#528,#530,.T.);
#526 = VERTEX_POINT('',#527);
#527 = CARTESIAN_POINT('',(1.7018,0.,-0.8255));
#528 = VERTEX_POINT('',#529);
#529 = CARTESIAN_POINT('',(1.7018,0.,-0.4191));
#530 = LINE('',#531,#532);
#531 = CARTESIAN_POINT('',(1.7018,0.,-0.8255));
#532 = VECTOR('',#533,1.);
#533 = DIRECTION('',(0.,0.,1.));
#534 = ORIENTED_EDGE('',*,*,#535,.F.);
#535 = EDGE_CURVE('',#536,#526,#538,.T.);
#536 = VERTEX_POINT('',#537);
#537 = CARTESIAN_POINT('',(1.7018,2.5146,-0.8255));
#538 = LINE('',#539,#540);
#539 = CARTESIAN_POINT('',(1.7018,2.5146,-0.8255));
#540 = VECTOR('',#541,1.);
#541 = DIRECTION('',(0.,-1.,0.));
#542 = ORIENTED_EDGE('',*,*,#543,.T.);
#543 = EDGE_CURVE('',#536,#544,#546,.T.);
#544 = VERTEX_POINT('',#545);
#545 = CARTESIAN_POINT('',(1.7018,2.5146,-0.4191));
#546 = LINE('',#547,#548);
#547 = CARTESIAN_POINT('',(1.7018,2.5146,-0.8255));
#548 = VECTOR('',#549,1.);
#549 = DIRECTION('',(0.,0.,1.));
#550 = ORIENTED_EDGE('',*,*,#551,.T.);
#551 = EDGE_CURVE('',#544,#528,#552,.T.);
#552 = LINE('',#553,#554);
#553 = CARTESIAN_POINT('',(1.7018,2.5146,-0.4191));
#554 = VECTOR('',#555,1.);
#555 = DIRECTION('',(0.,-1.,0.));
#556 = PLANE('',#557);
#557 = AXIS2_PLACEMENT_3D('',#558,#559,#560);
#558 = CARTESIAN_POINT('',(1.7018,2.5146,-0.8255));
#559 = DIRECTION('',(1.,0.,0.));
#560 = DIRECTION('',(0.,0.,-1.));
#561 = ADVANCED_FACE('',(#562),#587,.T.);
#562 = FACE_BOUND('',#563,.T.);
#563 = EDGE_LOOP('',(#564,#572,#580,#586));
#564 = ORIENTED_EDGE('',*,*,#565,.F.);
#565 = EDGE_CURVE('',#566,#526,#568,.T.);
#566 = VERTEX_POINT('',#567);
#567 = CARTESIAN_POINT('',(2.1082,0.,-0.8255));
#568 = LINE('',#569,#570);
#569 = CARTESIAN_POINT('',(2.1082,0.,-0.8255));
#570 = VECTOR('',#571,1.);
#571 = DIRECTION('',(-1.,0.,0.));
#572 = ORIENTED_EDGE('',*,*,#573,.F.);
#573 = EDGE_CURVE('',#574,#566,#576,.T.);
#574 = VERTEX_POINT('',#575);
#575 = CARTESIAN_POINT('',(2.1082,2.5146,-0.8255));
#576 = LINE('',#577,#578);
#577 = CARTESIAN_POINT('',(2.1082,2.5146,-0.8255));
#578 = VECTOR('',#579,1.);
#579 = DIRECTION('',(0.,-1.,0.));
#580 = ORIENTED_EDGE('',*,*,#581,.T.);
#581 = EDGE_CURVE('',#574,#536,#582,.T.);
#582 = LINE('',#583,#584);
#583 = CARTESIAN_POINT('',(2.1082,2.5146,-0.8255));
#584 = VECTOR('',#585,1.);
#585 = DIRECTION('',(-1.,0.,0.));
#586 = ORIENTED_EDGE('',*,*,#535,.T.);
#587 = PLANE('',#588);
#588 = AXIS2_PLACEMENT_3D('',#589,#590,#591);
#589 = CARTESIAN_POINT('',(2.1082,2.5146,-0.8255));
#590 = DIRECTION('',(0.,0.,1.));
#591 = DIRECTION('',(1.,0.,-0.));
#592 = ADVANCED_FACE('',(#593),#618,.T.);
#593 = FACE_BOUND('',#594,.T.);
#594 = EDGE_LOOP('',(#595,#603,#611,#617));
#595 = ORIENTED_EDGE('',*,*,#596,.F.);
#596 = EDGE_CURVE('',#597,#566,#599,.T.);
#597 = VERTEX_POINT('',#598);
#598 = CARTESIAN_POINT('',(2.1082,0.,-0.4191));
#599 = LINE('',#600,#601);
#600 = CARTESIAN_POINT('',(2.1082,0.,-0.4191));
#601 = VECTOR('',#602,1.);
#602 = DIRECTION('',(0.,0.,-1.));
#603 = ORIENTED_EDGE('',*,*,#604,.F.);
#604 = EDGE_CURVE('',#605,#597,#607,.T.);
#605 = VERTEX_POINT('',#606);
#606 = CARTESIAN_POINT('',(2.1082,2.5146,-0.4191));
#607 = LINE('',#608,#609);
#608 = CARTESIAN_POINT('',(2.1082,2.5146,-0.4191));
#609 = VECTOR('',#610,1.);
#610 = DIRECTION('',(0.,-1.,0.));
#611 = ORIENTED_EDGE('',*,*,#612,.T.);
#612 = EDGE_CURVE('',#605,#574,#613,.T.);
#613 = LINE('',#614,#615);
#614 = CARTESIAN_POINT('',(2.1082,2.5146,-0.4191));
#615 = VECTOR('',#616,1.);
#616 = DIRECTION('',(0.,0.,-1.));
#617 = ORIENTED_EDGE('',*,*,#573,.T.);
#618 = PLANE('',#619);
#619 = AXIS2_PLACEMENT_3D('',#620,#621,#622);
#620 = CARTESIAN_POINT('',(2.1082,2.5146,-0.4191));
#621 = DIRECTION('',(-1.,0.,0.));
#622 = DIRECTION('',(0.,0.,1.));
#623 = ADVANCED_FACE('',(#624),#658,.T.);
#624 = FACE_BOUND('',#625,.T.);
#625 = EDGE_LOOP('',(#626,#636,#644,#652));
#626 = ORIENTED_EDGE('',*,*,#627,.F.);
#627 = EDGE_CURVE('',#628,#630,#632,.T.);
#628 = VERTEX_POINT('',#629);
#629 = CARTESIAN_POINT('',(1.7018,0.,0.4445));
#630 = VERTEX_POINT('',#631);
#631 = CARTESIAN_POINT('',(1.7018,0.,0.8509));
#632 = LINE('',#633,#634);
#633 = CARTESIAN_POINT('',(1.7018,0.,0.4445));
#634 = VECTOR('',#635,1.);
#635 = DIRECTION('',(0.,0.,1.));
#636 = ORIENTED_EDGE('',*,*,#637,.F.);
#637 = EDGE_CURVE('',#638,#628,#640,.T.);
#638 = VERTEX_POINT('',#639);
#639 = CARTESIAN_POINT('',(1.7018,2.5146,0.4445));
#640 = LINE('',#641,#642);
#641 = CARTESIAN_POINT('',(1.7018,2.5146,0.4445));
#642 = VECTOR('',#643,1.);
#643 = DIRECTION('',(0.,-1.,0.));
#644 = ORIENTED_EDGE('',*,*,#645,.T.);
#645 = EDGE_CURVE('',#638,#646,#648,.T.);
#646 = VERTEX_POINT('',#647);
#647 = CARTESIAN_POINT('',(1.7018,2.5146,0.8509));
#648 = LINE('',#649,#650);
#649 = CARTESIAN_POINT('',(1.7018,2.5146,0.4445));
#650 = VECTOR('',#651,1.);
#651 = DIRECTION('',(0.,0.,1.));
#652 = ORIENTED_EDGE('',*,*,#653,.T.);
#653 = EDGE_CURVE('',#646,#630,#654,.T.);
#654 = LINE('',#655,#656);
#655 = CARTESIAN_POINT('',(1.7018,2.5146,0.8509));
#656 = VECTOR('',#657,1.);
#657 = DIRECTION('',(0.,-1.,0.));
#658 = PLANE('',#659);
#659 = AXIS2_PLACEMENT_3D('',#660,#661,#662);
#660 = CARTESIAN_POINT('',(1.7018,2.5146,0.4445));
#661 = DIRECTION('',(1.,0.,0.));
#662 = DIRECTION('',(0.,0.,-1.));
#663 = ADVANCED_FACE('',(#664),#689,.T.);
#664 = FACE_BOUND('',#665,.T.);
#665 = EDGE_LOOP('',(#666,#674,#682,#688));
#666 = ORIENTED_EDGE('',*,*,#667,.F.);
#667 = EDGE_CURVE('',#668,#628,#670,.T.);
#668 = VERTEX_POINT('',#669);
#669 = CARTESIAN_POINT('',(2.1082,0.,0.4445));
#670 = LINE('',#671,#672);
#671 = CARTESIAN_POINT('',(2.1082,0.,0.4445));
#672 = VECTOR('',#673,1.);
#673 = DIRECTION('',(-1.,0.,0.));
#674 = ORIENTED_EDGE('',*,*,#675,.F.);
#675 = EDGE_CURVE('',#676,#668,#678,.T.);
#676 = VERTEX_POINT('',#677);
#677 = CARTESIAN_POINT('',(2.1082,2.5146,0.4445));
#678 = LINE('',#679,#680);
#679 = CARTESIAN_POINT('',(2.1082,2.5146,0.4445));
#680 = VECTOR('',#681,1.);
#681 = DIRECTION('',(0.,-1.,0.));
#682 = ORIENTED_EDGE('',*,*,#683,.T.);
#683 = EDGE_CURVE('',#676,#638,#684,.T.);
#684 = LINE('',#685,#686);
#685 = CARTESIAN_POINT('',(2.1082,2.5146,0.4445));
#686 = VECTOR('',#687,1.);
#687 = DIRECTION('',(-1.,0.,0.));
#688 = ORIENTED_EDGE('',*,*,#637,.T.);
#689 = PLANE('',#690);
#690 = AXIS2_PLACEMENT_3D('',#691,#692,#693);
#691 = CARTESIAN_POINT('',(2.1082,2.5146,0.4445));
#692 = DIRECTION('',(0.,0.,1.));
#693 = DIRECTION('',(1.,0.,-0.));
#694 = ADVANCED_FACE('',(#695),#720,.T.);
#695 = FACE_BOUND('',#696,.T.);
#696 = EDGE_LOOP('',(#697,#705,#713,#719));
#697 = ORIENTED_EDGE('',*,*,#698,.F.);
#698 = EDGE_CURVE('',#699,#668,#701,.T.);
#699 = VERTEX_POINT('',#700);
#700 = CARTESIAN_POINT('',(2.1082,0.,0.8509));
#701 = LINE('',#702,#703);
#702 = CARTESIAN_POINT('',(2.1082,0.,0.8509));
#703 = VECTOR('',#704,1.);
#704 = DIRECTION('',(0.,0.,-1.));
#705 = ORIENTED_EDGE('',*,*,#706,.F.);
#706 = EDGE_CURVE('',#707,#699,#709,.T.);
#707 = VERTEX_POINT('',#708);
#708 = CARTESIAN_POINT('',(2.1082,2.5146,0.8509));
#709 = LINE('',#710,#711);
#710 = CARTESIAN_POINT('',(2.1082,2.5146,0.8509));
#711 = VECTOR('',#712,1.);
#712 = DIRECTION('',(0.,-1.,0.));
#713 = ORIENTED_EDGE('',*,*,#714,.T.);
#714 = EDGE_CURVE('',#707,#676,#715,.T.);
#715 = LINE('',#716,#717);
#716 = CARTESIAN_POINT('',(2.1082,2.5146,0.8509));
#717 = VECTOR('',#718,1.);
#718 = DIRECTION('',(0.,0.,-1.));
#719 = ORIENTED_EDGE('',*,*,#675,.T.);
#720 = PLANE('',#721);
#721 = AXIS2_PLACEMENT_3D('',#722,#723,#724);
#722 = CARTESIAN_POINT('',(2.1082,2.5146,0.8509));
#723 = DIRECTION('',(-1.,0.,0.));
#724 = DIRECTION('',(0.,0.,1.));
#725 = ADVANCED_FACE('',(#726),#760,.T.);
#726 = FACE_BOUND('',#727,.T.);
#727 = EDGE_LOOP('',(#728,#738,#746,#754));
#728 = ORIENTED_EDGE('',*,*,#729,.F.);
#729 = EDGE_CURVE('',#730,#732,#734,.T.);
#730 = VERTEX_POINT('',#731);
#731 = CARTESIAN_POINT('',(0.4318,0.,-0.8255));
#732 = VERTEX_POINT('',#733);
#733 = CARTESIAN_POINT('',(0.4318,0.,-0.4191));
#734 = LINE('',#735,#736);
#735 = CARTESIAN_POINT('',(0.4318,0.,-0.8255));
#736 = VECTOR('',#737,1.);
#737 = DIRECTION('',(0.,0.,1.));
#738 = ORIENTED_EDGE('',*,*,#739,.F.);
#739 = EDGE_CURVE('',#740,#730,#742,.T.);
#740 = VERTEX_POINT('',#741);
#741 = CARTESIAN_POINT('',(0.4318,2.5146,-0.8255));
#742 = LINE('',#743,#744);
#743 = CARTESIAN_POINT('',(0.4318,2.5146,-0.8255));
#744 = VECTOR('',#745,1.);
#745 = DIRECTION('',(0.,-1.,0.));
#746 = ORIENTED_EDGE('',*,*,#747,.T.);
#747 = EDGE_CURVE('',#740,#748,#750,.T.);
#748 = VERTEX_POINT('',#749);
#749 = CARTESIAN_POINT('',(0.4318,2.5146,-0.4191));
#750 = LINE('',#751,#752);
#751 = CARTESIAN_POINT('',(0.4318,2.5146,-0.8255));
#752 = VECTOR('',#753,1.);
#753 = DIRECTION('',(0.,0.,1.));
#754 = ORIENTED_EDGE('',*,*,#755,.T.);
#755 = EDGE_CURVE('',#748,#732,#756,.T.);
#756 = LINE('',#757,#758);
#757 = CARTESIAN_POINT('',(0.4318,2.5146,-0.4191));
#758 = VECTOR('',#759,1.);
#759 = DIRECTION('',(0.,-1.,0.));
#760 = PLANE('',#761);
#761 = AXIS2_PLACEMENT_3D('',#762,#763,#764);
#762 = CARTESIAN_POINT('',(0.4318,2.5146,-0.8255));
#763 = DIRECTION('',(1.,0.,0.));
#764 = DIRECTION('',(0.,0.,-1.));
#765 = ADVANCED_FACE('',(#766),#791,.T.);
#766 = FACE_BOUND('',#767,.T.);
#767 = EDGE_LOOP('',(#768,#776,#784,#790));
#768 = ORIENTED_EDGE('',*,*,#769,.F.);
#769 = EDGE_CURVE('',#770,#730,#772,.T.);
#770 = VERTEX_POINT('',#771);
#771 = CARTESIAN_POINT('',(0.8382,0.,-0.8255));
#772 = LINE('',#773,#774);
#773 = CARTESIAN_POINT('',(0.8382,0.,-0.8255));
#774 = VECTOR('',#775,1.);
#775 = DIRECTION('',(-1.,0.,0.));
#776 = ORIENTED_EDGE('',*,*,#777,.F.);
#777 = EDGE_CURVE('',#778,#770,#780,.T.);
#778 = VERTEX_POINT('',#779);
#779 = CARTESIAN_POINT('',(0.8382,2.5146,-0.8255));
#780 = LINE('',#781,#782);
#781 = CARTESIAN_POINT('',(0.8382,2.5146,-0.8255));
#782 = VECTOR('',#783,1.);
#783 = DIRECTION('',(0.,-1.,0.));
#784 = ORIENTED_EDGE('',*,*,#785,.T.);
#785 = EDGE_CURVE('',#778,#740,#786,.T.);
#786 = LINE('',#787,#788);
#787 = CARTESIAN_POINT('',(0.8382,2.5146,-0.8255));
#788 = VECTOR('',#789,1.);
#789 = DIRECTION('',(-1.,0.,0.));
#790 = ORIENTED_EDGE('',*,*,#739,.T.);
#791 = PLANE('',#792);
#792 = AXIS2_PLACEMENT_3D('',#793,#794,#795);
#793 = CARTESIAN_POINT('',(0.8382,2.5146,-0.8255));
#794 = DIRECTION('',(0.,0.,1.));
#795 = DIRECTION('',(1.,0.,-0.));
#796 = ADVANCED_FACE('',(#797),#822,.T.);
#797 = FACE_BOUND('',#798,.T.);
#798 = EDGE_LOOP('',(#799,#807,#815,#821));
#799 = ORIENTED_EDGE('',*,*,#800,.F.);
#800 = EDGE_CURVE('',#801,#770,#803,.T.);
#801 = VERTEX_POINT('',#802);
#802 = CARTESIAN_POINT('',(0.8382,0.,-0.4191));
#803 = LINE('',#804,#805);
#804 = CARTESIAN_POINT('',(0.8382,0.,-0.4191));
#805 = VECTOR('',#806,1.);
#806 = DIRECTION('',(0.,0.,-1.));
#807 = ORIENTED_EDGE('',*,*,#808,.F.);
#808 = EDGE_CURVE('',#809,#801,#811,.T.);
#809 = VERTEX_POINT('',#810);
#810 = CARTESIAN_POINT('',(0.8382,2.5146,-0.4191));
#811 = LINE('',#812,#813);
#812 = CARTESIAN_POINT('',(0.8382,2.5146,-0.4191));
#813 = VECTOR('',#814,1.);
#814 = DIRECTION('',(0.,-1.,0.));
#815 = ORIENTED_EDGE('',*,*,#816,.T.);
#816 = EDGE_CURVE('',#809,#778,#817,.T.);
#817 = LINE('',#818,#819);
#818 = CARTESIAN_POINT('',(0.8382,2.5146,-0.4191));
#819 = VECTOR('',#820,1.);
#820 = DIRECTION('',(0.,0.,-1.));
#821 = ORIENTED_EDGE('',*,*,#777,.T.);
#822 = PLANE('',#823);
#823 = AXIS2_PLACEMENT_3D('',#824,#825,#826);
#824 = CARTESIAN_POINT('',(0.8382,2.5146,-0.4191));
#825 = DIRECTION('',(-1.,0.,0.));
#826 = DIRECTION('',(0.,0.,1.));
#827 = ADVANCED_FACE('',(#828),#862,.T.);
#828 = FACE_BOUND('',#829,.T.);
#829 = EDGE_LOOP('',(#830,#840,#848,#856));
#830 = ORIENTED_EDGE('',*,*,#831,.F.);
#831 = EDGE_CURVE('',#832,#834,#836,.T.);
#832 = VERTEX_POINT('',#833);
#833 = CARTESIAN_POINT('',(0.4318,0.,0.4445));
#834 = VERTEX_POINT('',#835);
#835 = CARTESIAN_POINT('',(0.4318,0.,0.8509));
#836 = LINE('',#837,#838);
#837 = CARTESIAN_POINT('',(0.4318,0.,0.4445));
#838 = VECTOR('',#839,1.);
#839 = DIRECTION('',(0.,0.,1.));
#840 = ORIENTED_EDGE('',*,*,#841,.F.);
#841 = EDGE_CURVE('',#842,#832,#844,.T.);
#842 = VERTEX_POINT('',#843);
#843 = CARTESIAN_POINT('',(0.4318,2.5146,0.4445));
#844 = LINE('',#845,#846);
#845 = CARTESIAN_POINT('',(0.4318,2.5146,0.4445));
#846 = VECTOR('',#847,1.);
#847 = DIRECTION('',(0.,-1.,0.));
#848 = ORIENTED_EDGE('',*,*,#849,.T.);
#849 = EDGE_CURVE('',#842,#850,#852,.T.);
#850 = VERTEX_POINT('',#851);
#851 = CARTESIAN_POINT('',(0.4318,2.5146,0.8509));
#852 = LINE('',#853,#854);
#853 = CARTESIAN_POINT('',(0.4318,2.5146,0.4445));
#854 = VECTOR('',#855,1.);
#855 = DIRECTION('',(0.,0.,1.));
#856 = ORIENTED_EDGE('',*,*,#857,.T.);
#857 = EDGE_CURVE('',#850,#834,#858,.T.);
#858 = LINE('',#859,#860);
#859 = CARTESIAN_POINT('',(0.4318,2.5146,0.8509));
#860 = VECTOR('',#861,1.);
#861 = DIRECTION('',(0.,-1.,0.));
#862 = PLANE('',#863);
#863 = AXIS2_PLACEMENT_3D('',#864,#865,#866);
#864 = CARTESIAN_POINT('',(0.4318,2.5146,0.4445));
#865 = DIRECTION('',(1.,0.,0.));
#866 = DIRECTION('',(0.,0.,-1.));
#867 = ADVANCED_FACE('',(#868),#893,.T.);
#868 = FACE_BOUND('',#869,.T.);
#869 = EDGE_LOOP('',(#870,#878,#886,#892));
#870 = ORIENTED_EDGE('',*,*,#871,.F.);
#871 = EDGE_CURVE('',#872,#832,#874,.T.);
#872 = VERTEX_POINT('',#873);
#873 = CARTESIAN_POINT('',(0.8382,0.,0.4445));
#874 = LINE('',#875,#876);
#875 = CARTESIAN_POINT('',(0.8382,0.,0.4445));
#876 = VECTOR('',#877,1.);
#877 = DIRECTION('',(-1.,0.,0.));
#878 = ORIENTED_EDGE('',*,*,#879,.F.);
#879 = EDGE_CURVE('',#880,#872,#882,.T.);
#880 = VERTEX_POINT('',#881);
#881 = CARTESIAN_POINT('',(0.8382,2.5146,0.4445));
#882 = LINE('',#883,#884);
#883 = CARTESIAN_POINT('',(0.8382,2.5146,0.4445));
#884 = VECTOR('',#885,1.);
#885 = DIRECTION('',(0.,-1.,0.));
#886 = ORIENTED_EDGE('',*,*,#887,.T.);
#887 = EDGE_CURVE('',#880,#842,#888,.T.);
#888 = LINE('',#889,#890);
#889 = CARTESIAN_POINT('',(0.8382,2.5146,0.4445));
#890 = VECTOR('',#891,1.);
#891 = DIRECTION('',(-1.,0.,0.));
#892 = ORIENTED_EDGE('',*,*,#841,.T.);
#893 = PLANE('',#894);
#894 = AXIS2_PLACEMENT_3D('',#895,#896,#897);
#895 = CARTESIAN_POINT('',(0.8382,2.5146,0.4445));
#896 = DIRECTION('',(0.,0.,1.));
#897 = DIRECTION('',(1.,0.,-0.));
#898 = ADVANCED_FACE('',(#899),#924,.T.);
#899 = FACE_BOUND('',#900,.T.);
#900 = EDGE_LOOP('',(#901,#909,#917,#923));
#901 = ORIENTED_EDGE('',*,*,#902,.F.);
#902 = EDGE_CURVE('',#903,#872,#905,.T.);
#903 = VERTEX_POINT('',#904);
#904 = CARTESIAN_POINT('',(0.8382,0.,0.8509));
#905 = LINE('',#906,#907);
#906 = CARTESIAN_POINT('',(0.8382,0.,0.8509));
#907 = VECTOR('',#908,1.);
#908 = DIRECTION('',(0.,0.,-1.));
#909 = ORIENTED_EDGE('',*,*,#910,.F.);
#910 = EDGE_CURVE('',#911,#903,#913,.T.);
#911 = VERTEX_POINT('',#912);
#912 = CARTESIAN_POINT('',(0.8382,2.5146,0.8509));
#913 = LINE('',#914,#915);
#914 = CARTESIAN_POINT('',(0.8382,2.5146,0.8509));
#915 = VECTOR('',#916,1.);
#916 = DIRECTION('',(0.,-1.,0.));
#917 = ORIENTED_EDGE('',*,*,#918,.T.);
#918 = EDGE_CURVE('',#911,#880,#919,.T.);
#919 = LINE('',#920,#921);
#920 = CARTESIAN_POINT('',(0.8382,2.5146,0.8509));
#921 = VECTOR('',#922,1.);
#922 = DIRECTION('',(0.,0.,-1.));
#923 = ORIENTED_EDGE('',*,*,#879,.T.);
#924 = PLANE('',#925);
#925 = AXIS2_PLACEMENT_3D('',#926,#927,#928);
#926 = CARTESIAN_POINT('',(0.8382,2.5146,0.8509));
#927 = DIRECTION('',(-1.,0.,0.));
#928 = DIRECTION('',(0.,0.,1.));
#929 = ADVANCED_FACE('',(#930),#964,.T.);
#930 = FACE_BOUND('',#931,.T.);
#931 = EDGE_LOOP('',(#932,#942,#950,#958));
#932 = ORIENTED_EDGE('',*,*,#933,.F.);
#933 = EDGE_CURVE('',#934,#936,#938,.T.);
#934 = VERTEX_POINT('',#935);
#935 = CARTESIAN_POINT('',(-0.8382,0.,-0.8255));
#936 = VERTEX_POINT('',#937);
#937 = CARTESIAN_POINT('',(-0.8382,0.,-0.4191));
#938 = LINE('',#939,#940);
#939 = CARTESIAN_POINT('',(-0.8382,0.,-0.8255));
#940 = VECTOR('',#941,1.);
#941 = DIRECTION('',(0.,0.,1.));
#942 = ORIENTED_EDGE('',*,*,#943,.F.);
#943 = EDGE_CURVE('',#944,#934,#946,.T.);
#944 = VERTEX_POINT('',#945);
#945 = CARTESIAN_POINT('',(-0.8382,2.5146,-0.8255));
#946 = LINE('',#947,#948);
#947 = CARTESIAN_POINT('',(-0.8382,2.5146,-0.8255));
#948 = VECTOR('',#949,1.);
#949 = DIRECTION('',(0.,-1.,0.));
#950 = ORIENTED_EDGE('',*,*,#951,.T.);
#951 = EDGE_CURVE('',#944,#952,#954,.T.);
#952 = VERTEX_POINT('',#953);
#953 = CARTESIAN_POINT('',(-0.8382,2.5146,-0.4191));
#954 = LINE('',#955,#956);
#955 = CARTESIAN_POINT('',(-0.8382,2.5146,-0.8255));
#956 = VECTOR('',#957,1.);
#957 = DIRECTION('',(0.,0.,1.));
#958 = ORIENTED_EDGE('',*,*,#959,.T.);
#959 = EDGE_CURVE('',#952,#936,#960,.T.);
#960 = LINE('',#961,#962);
#961 = CARTESIAN_POINT('',(-0.8382,2.5146,-0.4191));
#962 = VECTOR('',#963,1.);
#963 = DIRECTION('',(0.,-1.,0.));
#964 = PLANE('',#965);
#965 = AXIS2_PLACEMENT_3D('',#966,#967,#968);
#966 = CARTESIAN_POINT('',(-0.8382,2.5146,-0.8255));
#967 = DIRECTION('',(1.,0.,0.));
#968 = DIRECTION('',(0.,0.,-1.));
#969 = ADVANCED_FACE('',(#970),#995,.T.);
#970 = FACE_BOUND('',#971,.T.);
#971 = EDGE_LOOP('',(#972,#980,#988,#994));
#972 = ORIENTED_EDGE('',*,*,#973,.F.);
#973 = EDGE_CURVE('',#974,#934,#976,.T.);
#974 = VERTEX_POINT('',#975);
#975 = CARTESIAN_POINT('',(-0.4318,0.,-0.8255));
#976 = LINE('',#977,#978);
#977 = CARTESIAN_POINT('',(-0.4318,0.,-0.8255));
#978 = VECTOR('',#979,1.);
#979 = DIRECTION('',(-1.,0.,0.));
#980 = ORIENTED_EDGE('',*,*,#981,.F.);
#981 = EDGE_CURVE('',#982,#974,#984,.T.);
#982 = VERTEX_POINT('',#983);
#983 = CARTESIAN_POINT('',(-0.4318,2.5146,-0.8255));
#984 = LINE('',#985,#986);
#985 = CARTESIAN_POINT('',(-0.4318,2.5146,-0.8255));
#986 = VECTOR('',#987,1.);
#987 = DIRECTION('',(0.,-1.,0.));
#988 = ORIENTED_EDGE('',*,*,#989,.T.);
#989 = EDGE_CURVE('',#982,#944,#990,.T.);
#990 = LINE('',#991,#992);
#991 = CARTESIAN_POINT('',(-0.4318,2.5146,-0.8255));
#992 = VECTOR('',#993,1.);
#993 = DIRECTION('',(-1.,0.,0.));
#994 = ORIENTED_EDGE('',*,*,#943,.T.);
#995 = PLANE('',#996);
#996 = AXIS2_PLACEMENT_3D('',#997,#998,#999);
#997 = CARTESIAN_POINT('',(-0.4318,2.5146,-0.8255));
#998 = DIRECTION('',(0.,0.,1.));
#999 = DIRECTION('',(1.,0.,-0.));
#1000 = ADVANCED_FACE('',(#1001),#1026,.T.);
#1001 = FACE_BOUND('',#1002,.T.);
#1002 = EDGE_LOOP('',(#1003,#1011,#1019,#1025));
#1003 = ORIENTED_EDGE('',*,*,#1004,.F.);
#1004 = EDGE_CURVE('',#1005,#974,#1007,.T.);
#1005 = VERTEX_POINT('',#1006);
#1006 = CARTESIAN_POINT('',(-0.4318,0.,-0.4191));
#1007 = LINE('',#1008,#1009);
#1008 = CARTESIAN_POINT('',(-0.4318,0.,-0.4191));
#1009 = VECTOR('',#1010,1.);
#1010 = DIRECTION('',(0.,0.,-1.));
#1011 = ORIENTED_EDGE('',*,*,#1012,.F.);
#1012 = EDGE_CURVE('',#1013,#1005,#1015,.T.);
#1013 = VERTEX_POINT('',#1014);
#1014 = CARTESIAN_POINT('',(-0.4318,2.5146,-0.4191));
#1015 = LINE('',#1016,#1017);
#1016 = CARTESIAN_POINT('',(-0.4318,2.5146,-0.4191));
#1017 = VECTOR('',#1018,1.);
#1018 = DIRECTION('',(0.,-1.,0.));
#1019 = ORIENTED_EDGE('',*,*,#1020,.T.);
#1020 = EDGE_CURVE('',#1013,#982,#1021,.T.);
#1021 = LINE('',#1022,#1023);
#1022 = CARTESIAN_POINT('',(-0.4318,2.5146,-0.4191));
#1023 = VECTOR('',#1024,1.);
#1024 = DIRECTION('',(0.,0.,-1.));
#1025 = ORIENTED_EDGE('',*,*,#981,.T.);
#1026 = PLANE('',#1027);
#1027 = AXIS2_PLACEMENT_3D('',#1028,#1029,#1030);
#1028 = CARTESIAN_POINT('',(-0.4318,2.5146,-0.4191));
#1029 = DIRECTION('',(-1.,0.,0.));
#1030 = DIRECTION('',(0.,0.,1.));
#1031 = ADVANCED_FACE('',(#1032),#1066,.T.);
#1032 = FACE_BOUND('',#1033,.T.);
#1033 = EDGE_LOOP('',(#1034,#1044,#1052,#1060));
#1034 = ORIENTED_EDGE('',*,*,#1035,.F.);
#1035 = EDGE_CURVE('',#1036,#1038,#1040,.T.);
#1036 = VERTEX_POINT('',#1037);
#1037 = CARTESIAN_POINT('',(-0.8382,0.,0.4445));
#1038 = VERTEX_POINT('',#1039);
#1039 = CARTESIAN_POINT('',(-0.8382,0.,0.8509));
#1040 = LINE('',#1041,#1042);
#1041 = CARTESIAN_POINT('',(-0.8382,0.,0.4445));
#1042 = VECTOR('',#1043,1.);
#1043 = DIRECTION('',(0.,0.,1.));
#1044 = ORIENTED_EDGE('',*,*,#1045,.F.);
#1045 = EDGE_CURVE('',#1046,#1036,#1048,.T.);
#1046 = VERTEX_POINT('',#1047);
#1047 = CARTESIAN_POINT('',(-0.8382,2.5146,0.4445));
#1048 = LINE('',#1049,#1050);
#1049 = CARTESIAN_POINT('',(-0.8382,2.5146,0.4445));
#1050 = VECTOR('',#1051,1.);
#1051 = DIRECTION('',(0.,-1.,0.));
#1052 = ORIENTED_EDGE('',*,*,#1053,.T.);
#1053 = EDGE_CURVE('',#1046,#1054,#1056,.T.);
#1054 = VERTEX_POINT('',#1055);
#1055 = CARTESIAN_POINT('',(-0.8382,2.5146,0.8509));
#1056 = LINE('',#1057,#1058);
#1057 = CARTESIAN_POINT('',(-0.8382,2.5146,0.4445));
#1058 = VECTOR('',#1059,1.);
#1059 = DIRECTION('',(0.,0.,1.));
#1060 = ORIENTED_EDGE('',*,*,#1061,.T.);
#1061 = EDGE_CURVE('',#1054,#1038,#1062,.T.);
#1062 = LINE('',#1063,#1064);
#1063 = CARTESIAN_POINT('',(-0.8382,2.5146,0.8509));
#1064 = VECTOR('',#1065,1.);
#1065 = DIRECTION('',(0.,-1.,0.));
#1066 = PLANE('',#1067);
#1067 = AXIS2_PLACEMENT_3D('',#1068,#1069,#1070);
#1068 = CARTESIAN_POINT('',(-0.8382,2.5146,0.4445));
#1069 = DIRECTION('',(1.,0.,0.));
#1070 = DIRECTION('',(0.,0.,-1.));
#1071 = ADVANCED_FACE('',(#1072),#1097,.T.);
#1072 = FACE_BOUND('',#1073,.T.);
#1073 = EDGE_LOOP('',(#1074,#1082,#1090,#1096));
#1074 = ORIENTED_EDGE('',*,*,#1075,.F.);
#1075 = EDGE_CURVE('',#1076,#1036,#1078,.T.);
#1076 = VERTEX_POINT('',#1077);
#1077 = CARTESIAN_POINT('',(-0.4318,0.,0.4445));
#1078 = LINE('',#1079,#1080);
#1079 = CARTESIAN_POINT('',(-0.4318,0.,0.4445));
#1080 = VECTOR('',#1081,1.);
#1081 = DIRECTION('',(-1.,0.,0.));
#1082 = ORIENTED_EDGE('',*,*,#1083,.F.);
#1083 = EDGE_CURVE('',#1084,#1076,#1086,.T.);
#1084 = VERTEX_POINT('',#1085);
#1085 = CARTESIAN_POINT('',(-0.4318,2.5146,0.4445));
#1086 = LINE('',#1087,#1088);
#1087 = CARTESIAN_POINT('',(-0.4318,2.5146,0.4445));
#1088 = VECTOR('',#1089,1.);
#1089 = DIRECTION('',(0.,-1.,0.));
#1090 = ORIENTED_EDGE('',*,*,#1091,.T.);
#1091 = EDGE_CURVE('',#1084,#1046,#1092,.T.);
#1092 = LINE('',#1093,#1094);
#1093 = CARTESIAN_POINT('',(-0.4318,2.5146,0.4445));
#1094 = VECTOR('',#1095,1.);
#1095 = DIRECTION('',(-1.,0.,0.));
#1096 = ORIENTED_EDGE('',*,*,#1045,.T.);
#1097 = PLANE('',#1098);
#1098 = AXIS2_PLACEMENT_3D('',#1099,#1100,#1101);
#1099 = CARTESIAN_POINT('',(-0.4318,2.5146,0.4445));
#1100 = DIRECTION('',(0.,0.,1.));
#1101 = DIRECTION('',(1.,0.,-0.));
#1102 = ADVANCED_FACE('',(#1103),#1128,.T.);
#1103 = FACE_BOUND('',#1104,.T.);
#1104 = EDGE_LOOP('',(#1105,#1113,#1121,#1127));
#1105 = ORIENTED_EDGE('',*,*,#1106,.F.);
#1106 = EDGE_CURVE('',#1107,#1076,#1109,.T.);
#1107 = VERTEX_POINT('',#1108);
#1108 = CARTESIAN_POINT('',(-0.4318,0.,0.8509));
#1109 = LINE('',#1110,#1111);
#1110 = CARTESIAN_POINT('',(-0.4318,0.,0.8509));
#1111 = VECTOR('',#1112,1.);
#1112 = DIRECTION('',(0.,0.,-1.));
#1113 = ORIENTED_EDGE('',*,*,#1114,.F.);
#1114 = EDGE_CURVE('',#1115,#1107,#1117,.T.);
#1115 = VERTEX_POINT('',#1116);
#1116 = CARTESIAN_POINT('',(-0.4318,2.5146,0.8509));
#1117 = LINE('',#1118,#1119);
#1118 = CARTESIAN_POINT('',(-0.4318,2.5146,0.8509));
#1119 = VECTOR('',#1120,1.);
#1120 = DIRECTION('',(0.,-1.,0.));
#1121 = ORIENTED_EDGE('',*,*,#1122,.T.);
#1122 = EDGE_CURVE('',#1115,#1084,#1123,.T.);
#1123 = LINE('',#1124,#1125);
#1124 = CARTESIAN_POINT('',(-0.4318,2.5146,0.8509));
#1125 = VECTOR('',#1126,1.);
#1126 = DIRECTION('',(0.,0.,-1.));
#1127 = ORIENTED_EDGE('',*,*,#1083,.T.);
#1128 = PLANE('',#1129);
#1129 = AXIS2_PLACEMENT_3D('',#1130,#1131,#1132);
#1130 = CARTESIAN_POINT('',(-0.4318,2.5146,0.8509));
#1131 = DIRECTION('',(-1.,0.,0.));
#1132 = DIRECTION('',(0.,0.,1.));
#1133 = ADVANCED_FACE('',(#1134),#1168,.T.);
#1134 = FACE_BOUND('',#1135,.T.);
#1135 = EDGE_LOOP('',(#1136,#1146,#1154,#1162));
#1136 = ORIENTED_EDGE('',*,*,#1137,.F.);
#1137 = EDGE_CURVE('',#1138,#1140,#1142,.T.);
#1138 = VERTEX_POINT('',#1139);
#1139 = CARTESIAN_POINT('',(-2.1082,0.,-0.8255));
#1140 = VERTEX_POINT('',#1141);
#1141 = CARTESIAN_POINT('',(-2.1082,0.,-0.4191));
#1142 = LINE('',#1143,#1144);
#1143 = CARTESIAN_POINT('',(-2.1082,0.,-0.8255));
#1144 = VECTOR('',#1145,1.);
#1145 = DIRECTION('',(0.,0.,1.));
#1146 = ORIENTED_EDGE('',*,*,#1147,.F.);
#1147 = EDGE_CURVE('',#1148,#1138,#1150,.T.);
#1148 = VERTEX_POINT('',#1149);
#1149 = CARTESIAN_POINT('',(-2.1082,2.5146,-0.8255));
#1150 = LINE('',#1151,#1152);
#1151 = CARTESIAN_POINT('',(-2.1082,2.5146,-0.8255));
#1152 = VECTOR('',#1153,1.);
#1153 = DIRECTION('',(0.,-1.,0.));
#1154 = ORIENTED_EDGE('',*,*,#1155,.T.);
#1155 = EDGE_CURVE('',#1148,#1156,#1158,.T.);
#1156 = VERTEX_POINT('',#1157);
#1157 = CARTESIAN_POINT('',(-2.1082,2.5146,-0.4191));
#1158 = LINE('',#1159,#1160);
#1159 = CARTESIAN_POINT('',(-2.1082,2.5146,-0.8255));
#1160 = VECTOR('',#1161,1.);
#1161 = DIRECTION('',(0.,0.,1.));
#1162 = ORIENTED_EDGE('',*,*,#1163,.T.);
#1163 = EDGE_CURVE('',#1156,#1140,#1164,.T.);
#1164 = LINE('',#1165,#1166);
#1165 = CARTESIAN_POINT('',(-2.1082,2.5146,-0.4191));
#1166 = VECTOR('',#1167,1.);
#1167 = DIRECTION('',(0.,-1.,0.));
#1168 = PLANE('',#1169);
#1169 = AXIS2_PLACEMENT_3D('',#1170,#1171,#1172);
#1170 = CARTESIAN_POINT('',(-2.1082,2.5146,-0.8255));
#1171 = DIRECTION('',(1.,0.,0.));
#1172 = DIRECTION('',(0.,0.,-1.));
#1173 = ADVANCED_FACE('',(#1174),#1199,.T.);
#1174 = FACE_BOUND('',#1175,.T.);
#1175 = EDGE_LOOP('',(#1176,#1184,#1192,#1198));
#1176 = ORIENTED_EDGE('',*,*,#1177,.F.);
#1177 = EDGE_CURVE('',#1178,#1138,#1180,.T.);
#1178 = VERTEX_POINT('',#1179);
#1179 = CARTESIAN_POINT('',(-1.7018,0.,-0.8255));
#1180 = LINE('',#1181,#1182);
#1181 = CARTESIAN_POINT('',(-1.7018,0.,-0.8255));
#1182 = VECTOR('',#1183,1.);
#1183 = DIRECTION('',(-1.,0.,0.));
#1184 = ORIENTED_EDGE('',*,*,#1185,.F.);
#1185 = EDGE_CURVE('',#1186,#1178,#1188,.T.);
#1186 = VERTEX_POINT('',#1187);
#1187 = CARTESIAN_POINT('',(-1.7018,2.5146,-0.8255));
#1188 = LINE('',#1189,#1190);
#1189 = CARTESIAN_POINT('',(-1.7018,2.5146,-0.8255));
#1190 = VECTOR('',#1191,1.);
#1191 = DIRECTION('',(0.,-1.,0.));
#1192 = ORIENTED_EDGE('',*,*,#1193,.T.);
#1193 = EDGE_CURVE('',#1186,#1148,#1194,.T.);
#1194 = LINE('',#1195,#1196);
#1195 = CARTESIAN_POINT('',(-1.7018,2.5146,-0.8255));
#1196 = VECTOR('',#1197,1.);
#1197 = DIRECTION('',(-1.,0.,0.));
#1198 = ORIENTED_EDGE('',*,*,#1147,.T.);
#1199 = PLANE('',#1200);
#1200 = AXIS2_PLACEMENT_3D('',#1201,#1202,#1203);
#1201 = CARTESIAN_POINT('',(-1.7018,2.5146,-0.8255));
#1202 = DIRECTION('',(0.,0.,1.));
#1203 = DIRECTION('',(1.,0.,-0.));
#1204 = ADVANCED_FACE('',(#1205),#1230,.T.);
#1205 = FACE_BOUND('',#1206,.T.);
#1206 = EDGE_LOOP('',(#1207,#1215,#1223,#1229));
#1207 = ORIENTED_EDGE('',*,*,#1208,.F.);
#1208 = EDGE_CURVE('',#1209,#1178,#1211,.T.);
#1209 = VERTEX_POINT('',#1210);
#1210 = CARTESIAN_POINT('',(-1.7018,0.,-0.4191));
#1211 = LINE('',#1212,#1213);
#1212 = CARTESIAN_POINT('',(-1.7018,0.,-0.4191));
#1213 = VECTOR('',#1214,1.);
#1214 = DIRECTION('',(0.,0.,-1.));
#1215 = ORIENTED_EDGE('',*,*,#1216,.F.);
#1216 = EDGE_CURVE('',#1217,#1209,#1219,.T.);
#1217 = VERTEX_POINT('',#1218);
#1218 = CARTESIAN_POINT('',(-1.7018,2.5146,-0.4191));
#1219 = LINE('',#1220,#1221);
#1220 = CARTESIAN_POINT('',(-1.7018,2.5146,-0.4191));
#1221 = VECTOR('',#1222,1.);
#1222 = DIRECTION('',(0.,-1.,0.));
#1223 = ORIENTED_EDGE('',*,*,#1224,.T.);
#1224 = EDGE_CURVE('',#1217,#1186,#1225,.T.);
#1225 = LINE('',#1226,#1227);
#1226 = CARTESIAN_POINT('',(-1.7018,2.5146,-0.4191));
#1227 = VECTOR('',#1228,1.);
#1228 = DIRECTION('',(0.,0.,-1.));
#1229 = ORIENTED_EDGE('',*,*,#1185,.T.);
#1230 = PLANE('',#1231);
#1231 = AXIS2_PLACEMENT_3D('',#1232,#1233,#1234);
#1232 = CARTESIAN_POINT('',(-1.7018,2.5146,-0.4191));
#1233 = DIRECTION('',(-1.,0.,0.));
#1234 = DIRECTION('',(0.,0.,1.));
#1235 = ADVANCED_FACE('',(#1236),#1270,.T.);
#1236 = FACE_BOUND('',#1237,.T.);
#1237 = EDGE_LOOP('',(#1238,#1248,#1256,#1264));
#1238 = ORIENTED_EDGE('',*,*,#1239,.F.);
#1239 = EDGE_CURVE('',#1240,#1242,#1244,.T.);
#1240 = VERTEX_POINT('',#1241);
#1241 = CARTESIAN_POINT('',(-2.1082,0.,0.4445));
#1242 = VERTEX_POINT('',#1243);
#1243 = CARTESIAN_POINT('',(-2.1082,0.,0.8509));
#1244 = LINE('',#1245,#1246);
#1245 = CARTESIAN_POINT('',(-2.1082,0.,0.4445));
#1246 = VECTOR('',#1247,1.);
#1247 = DIRECTION('',(0.,0.,1.));
#1248 = ORIENTED_EDGE('',*,*,#1249,.F.);
#1249 = EDGE_CURVE('',#1250,#1240,#1252,.T.);
#1250 = VERTEX_POINT('',#1251);
#1251 = CARTESIAN_POINT('',(-2.1082,2.5146,0.4445));
#1252 = LINE('',#1253,#1254);
#1253 = CARTESIAN_POINT('',(-2.1082,2.5146,0.4445));
#1254 = VECTOR('',#1255,1.);
#1255 = DIRECTION('',(0.,-1.,0.));
#1256 = ORIENTED_EDGE('',*,*,#1257,.T.);
#1257 = EDGE_CURVE('',#1250,#1258,#1260,.T.);
#1258 = VERTEX_POINT('',#1259);
#1259 = CARTESIAN_POINT('',(-2.1082,2.5146,0.8509));
#1260 = LINE('',#1261,#1262);
#1261 = CARTESIAN_POINT('',(-2.1082,2.5146,0.4445));
#1262 = VECTOR('',#1263,1.);
#1263 = DIRECTION('',(0.,0.,1.));
#1264 = ORIENTED_EDGE('',*,*,#1265,.T.);
#1265 = EDGE_CURVE('',#1258,#1242,#1266,.T.);
#1266 = LINE('',#1267,#1268);
#1267 = CARTESIAN_POINT('',(-2.1082,2.5146,0.8509));
#1268 = VECTOR('',#1269,1.);
#1269 = DIRECTION('',(0.,-1.,0.));
#1270 = PLANE('',#1271);
#1271 = AXIS2_PLACEMENT_3D('',#1272,#1273,#1274);
#1272 = CARTESIAN_POINT('',(-2.1082,2.5146,0.4445));
#1273 = DIRECTION('',(1.,0.,0.));
#1274 = DIRECTION('',(0.,0.,-1.));
#1275 = ADVANCED_FACE('',(#1276),#1301,.T.);
#1276 = FACE_BOUND('',#1277,.T.);
#1277 = EDGE_LOOP('',(#1278,#1286,#1294,#1300));
#1278 = ORIENTED_EDGE('',*,*,#1279,.F.);
#1279 = EDGE_CURVE('',#1280,#1240,#1282,.T.);
#1280 = VERTEX_POINT('',#1281);
#1281 = CARTESIAN_POINT('',(-1.7018,0.,0.4445));
#1282 = LINE('',#1283,#1284);
#1283 = CARTESIAN_POINT('',(-1.7018,0.,0.4445));
#1284 = VECTOR('',#1285,1.);
#1285 = DIRECTION('',(-1.,0.,0.));
#1286 = ORIENTED_EDGE('',*,*,#1287,.F.);
#1287 = EDGE_CURVE('',#1288,#1280,#1290,.T.);
#1288 = VERTEX_POINT('',#1289);
#1289 = CARTESIAN_POINT('',(-1.7018,2.5146,0.4445));
#1290 = LINE('',#1291,#1292);
#1291 = CARTESIAN_POINT('',(-1.7018,2.5146,0.4445));
#1292 = VECTOR('',#1293,1.);
#1293 = DIRECTION('',(0.,-1.,0.));
#1294 = ORIENTED_EDGE('',*,*,#1295,.T.);
#1295 = EDGE_CURVE('',#1288,#1250,#1296,.T.);
#1296 = LINE('',#1297,#1298);
#1297 = CARTESIAN_POINT('',(-1.7018,2.5146,0.4445));
#1298 = VECTOR('',#1299,1.);
#1299 = DIRECTION('',(-1.,0.,0.));
#1300 = ORIENTED_EDGE('',*,*,#1249,.T.);
#1301 = PLANE('',#1302);
#1302 = AXIS2_PLACEMENT_3D('',#1303,#1304,#1305);
#1303 = CARTESIAN_POINT('',(-1.7018,2.5146,0.4445));
#1304 = DIRECTION('',(0.,0.,1.));
#1305 = DIRECTION('',(1.,0.,-0.));
#1306 = ADVANCED_FACE('',(#1307),#1332,.T.);
#1307 = FACE_BOUND('',#1308,.T.);
#1308 = EDGE_LOOP('',(#1309,#1317,#1325,#1331));
#1309 = ORIENTED_EDGE('',*,*,#1310,.F.);
#1310 = EDGE_CURVE('',#1311,#1280,#1313,.T.);
#1311 = VERTEX_POINT('',#1312);
#1312 = CARTESIAN_POINT('',(-1.7018,0.,0.8509));
#1313 = LINE('',#1314,#1315);
#1314 = CARTESIAN_POINT('',(-1.7018,0.,0.8509));
#1315 = VECTOR('',#1316,1.);
#1316 = DIRECTION('',(0.,0.,-1.));
#1317 = ORIENTED_EDGE('',*,*,#1318,.F.);
#1318 = EDGE_CURVE('',#1319,#1311,#1321,.T.);
#1319 = VERTEX_POINT('',#1320);
#1320 = CARTESIAN_POINT('',(-1.7018,2.5146,0.8509));
#1321 = LINE('',#1322,#1323);
#1322 = CARTESIAN_POINT('',(-1.7018,2.5146,0.8509));
#1323 = VECTOR('',#1324,1.);
#1324 = DIRECTION('',(0.,-1.,0.));
#1325 = ORIENTED_EDGE('',*,*,#1326,.T.);
#1326 = EDGE_CURVE('',#1319,#1288,#1327,.T.);
#1327 = LINE('',#1328,#1329);
#1328 = CARTESIAN_POINT('',(-1.7018,2.5146,0.8509));
#1329 = VECTOR('',#1330,1.);
#1330 = DIRECTION('',(0.,0.,-1.));
#1331 = ORIENTED_EDGE('',*,*,#1287,.T.);
#1332 = PLANE('',#1333);
#1333 = AXIS2_PLACEMENT_3D('',#1334,#1335,#1336);
#1334 = CARTESIAN_POINT('',(-1.7018,2.5146,0.8509));
#1335 = DIRECTION('',(-1.,0.,0.));
#1336 = DIRECTION('',(0.,0.,1.));
#1337 = ADVANCED_FACE('',(#1338),#1372,.T.);
#1338 = FACE_BOUND('',#1339,.T.);
#1339 = EDGE_LOOP('',(#1340,#1350,#1358,#1366));
#1340 = ORIENTED_EDGE('',*,*,#1341,.F.);
#1341 = EDGE_CURVE('',#1342,#1344,#1346,.T.);
#1342 = VERTEX_POINT('',#1343);
#1343 = CARTESIAN_POINT('',(-3.3782,0.,-0.8255));
#1344 = VERTEX_POINT('',#1345);
#1345 = CARTESIAN_POINT('',(-3.3782,0.,-0.4191));
#1346 = LINE('',#1347,#1348);
#1347 = CARTESIAN_POINT('',(-3.3782,0.,-0.8255));
#1348 = VECTOR('',#1349,1.);
#1349 = DIRECTION('',(0.,0.,1.));
#1350 = ORIENTED_EDGE('',*,*,#1351,.F.);
#1351 = EDGE_CURVE('',#1352,#1342,#1354,.T.);
#1352 = VERTEX_POINT('',#1353);
#1353 = CARTESIAN_POINT('',(-3.3782,2.5146,-0.8255));
#1354 = LINE('',#1355,#1356);
#1355 = CARTESIAN_POINT('',(-3.3782,2.5146,-0.8255));
#1356 = VECTOR('',#1357,1.);
#1357 = DIRECTION('',(0.,-1.,0.));
#1358 = ORIENTED_EDGE('',*,*,#1359,.T.);
#1359 = EDGE_CURVE('',#1352,#1360,#1362,.T.);
#1360 = VERTEX_POINT('',#1361);
#1361 = CARTESIAN_POINT('',(-3.3782,2.5146,-0.4191));
#1362 = LINE('',#1363,#1364);
#1363 = CARTESIAN_POINT('',(-3.3782,2.5146,-0.8255));
#1364 = VECTOR('',#1365,1.);
#1365 = DIRECTION('',(0.,0.,1.));
#1366 = ORIENTED_EDGE('',*,*,#1367,.T.);
#1367 = EDGE_CURVE('',#1360,#1344,#1368,.T.);
#1368 = LINE('',#1369,#1370);
#1369 = CARTESIAN_POINT('',(-3.3782,2.5146,-0.4191));
#1370 = VECTOR('',#1371,1.);
#1371 = DIRECTION('',(0.,-1.,0.));
#1372 = PLANE('',#1373);
#1373 = AXIS2_PLACEMENT_3D('',#1374,#1375,#1376);
#1374 = CARTESIAN_POINT('',(-3.3782,2.5146,-0.8255));
#1375 = DIRECTION('',(1.,0.,0.));
#1376 = DIRECTION('',(0.,0.,-1.));
#1377 = ADVANCED_FACE('',(#1378),#1403,.T.);
#1378 = FACE_BOUND('',#1379,.T.);
#1379 = EDGE_LOOP('',(#1380,#1388,#1396,#1402));
#1380 = ORIENTED_EDGE('',*,*,#1381,.F.);
#1381 = EDGE_CURVE('',#1382,#1342,#1384,.T.);
#1382 = VERTEX_POINT('',#1383);
#1383 = CARTESIAN_POINT('',(-2.9718,0.,-0.8255));
#1384 = LINE('',#1385,#1386);
#1385 = CARTESIAN_POINT('',(-2.9718,0.,-0.8255));
#1386 = VECTOR('',#1387,1.);
#1387 = DIRECTION('',(-1.,0.,0.));
#1388 = ORIENTED_EDGE('',*,*,#1389,.F.);
#1389 = EDGE_CURVE('',#1390,#1382,#1392,.T.);
#1390 = VERTEX_POINT('',#1391);
#1391 = CARTESIAN_POINT('',(-2.9718,2.5146,-0.8255));
#1392 = LINE('',#1393,#1394);
#1393 = CARTESIAN_POINT('',(-2.9718,2.5146,-0.8255));
#1394 = VECTOR('',#1395,1.);
#1395 = DIRECTION('',(0.,-1.,0.));
#1396 = ORIENTED_EDGE('',*,*,#1397,.T.);
#1397 = EDGE_CURVE('',#1390,#1352,#1398,.T.);
#1398 = LINE('',#1399,#1400);
#1399 = CARTESIAN_POINT('',(-2.9718,2.5146,-0.8255));
#1400 = VECTOR('',#1401,1.);
#1401 = DIRECTION('',(-1.,0.,0.));
#1402 = ORIENTED_EDGE('',*,*,#1351,.T.);
#1403 = PLANE('',#1404);
#1404 = AXIS2_PLACEMENT_3D('',#1405,#1406,#1407);
#1405 = CARTESIAN_POINT('',(-2.9718,2.5146,-0.8255));
#1406 = DIRECTION('',(0.,0.,1.));
#1407 = DIRECTION('',(1.,0.,-0.));
#1408 = ADVANCED_FACE('',(#1409),#1434,.T.);
#1409 = FACE_BOUND('',#1410,.T.);
#1410 = EDGE_LOOP('',(#1411,#1419,#1427,#1433));
#1411 = ORIENTED_EDGE('',*,*,#1412,.F.);
#1412 = EDGE_CURVE('',#1413,#1382,#1415,.T.);
#1413 = VERTEX_POINT('',#1414);
#1414 = CARTESIAN_POINT('',(-2.9718,0.,-0.4191));
#1415 = LINE('',#1416,#1417);
#1416 = CARTESIAN_POINT('',(-2.9718,0.,-0.4191));
#1417 = VECTOR('',#1418,1.);
#1418 = DIRECTION('',(0.,0.,-1.));
#1419 = ORIENTED_EDGE('',*,*,#1420,.F.);
#1420 = EDGE_CURVE('',#1421,#1413,#1423,.T.);
#1421 = VERTEX_POINT('',#1422);
#1422 = CARTESIAN_POINT('',(-2.9718,2.5146,-0.4191));
#1423 = LINE('',#1424,#1425);
#1424 = CARTESIAN_POINT('',(-2.9718,2.5146,-0.4191));
#1425 = VECTOR('',#1426,1.);
#1426 = DIRECTION('',(0.,-1.,0.));
#1427 = ORIENTED_EDGE('',*,*,#1428,.T.);
#1428 = EDGE_CURVE('',#1421,#1390,#1429,.T.);
#1429 = LINE('',#1430,#1431);
#1430 = CARTESIAN_POINT('',(-2.9718,2.5146,-0.4191));
#1431 = VECTOR('',#1432,1.);
#1432 = DIRECTION('',(0.,0.,-1.));
#1433 = ORIENTED_EDGE('',*,*,#1389,.T.);
#1434 = PLANE('',#1435);
#1435 = AXIS2_PLACEMENT_3D('',#1436,#1437,#1438);
#1436 = CARTESIAN_POINT('',(-2.9718,2.5146,-0.4191));
#1437 = DIRECTION('',(-1.,0.,0.));
#1438 = DIRECTION('',(0.,0.,1.));
#1439 = ADVANCED_FACE('',(#1440),#1474,.T.);
#1440 = FACE_BOUND('',#1441,.T.);
#1441 = EDGE_LOOP('',(#1442,#1452,#1460,#1468));
#1442 = ORIENTED_EDGE('',*,*,#1443,.F.);
#1443 = EDGE_CURVE('',#1444,#1446,#1448,.T.);
#1444 = VERTEX_POINT('',#1445);
#1445 = CARTESIAN_POINT('',(-3.3782,0.,0.4445));
#1446 = VERTEX_POINT('',#1447);
#1447 = CARTESIAN_POINT('',(-3.3782,0.,0.8509));
#1448 = LINE('',#1449,#1450);
#1449 = CARTESIAN_POINT('',(-3.3782,0.,0.4445));
#1450 = VECTOR('',#1451,1.);
#1451 = DIRECTION('',(0.,0.,1.));
#1452 = ORIENTED_EDGE('',*,*,#1453,.F.);
#1453 = EDGE_CURVE('',#1454,#1444,#1456,.T.);
#1454 = VERTEX_POINT('',#1455);
#1455 = CARTESIAN_POINT('',(-3.3782,2.5146,0.4445));
#1456 = LINE('',#1457,#1458);
#1457 = CARTESIAN_POINT('',(-3.3782,2.5146,0.4445));
#1458 = VECTOR('',#1459,1.);
#1459 = DIRECTION('',(0.,-1.,0.));
#1460 = ORIENTED_EDGE('',*,*,#1461,.T.);
#1461 = EDGE_CURVE('',#1454,#1462,#1464,.T.);
#1462 = VERTEX_POINT('',#1463);
#1463 = CARTESIAN_POINT('',(-3.3782,2.5146,0.8509));
#1464 = LINE('',#1465,#1466);
#1465 = CARTESIAN_POINT('',(-3.3782,2.5146,0.4445));
#1466 = VECTOR('',#1467,1.);
#1467 = DIRECTION('',(0.,0.,1.));
#1468 = ORIENTED_EDGE('',*,*,#1469,.T.);
#1469 = EDGE_CURVE('',#1462,#1446,#1470,.T.);
#1470 = LINE('',#1471,#1472);
#1471 = CARTESIAN_POINT('',(-3.3782,2.5146,0.8509));
#1472 = VECTOR('',#1473,1.);
#1473 = DIRECTION('',(0.,-1.,0.));
#1474 = PLANE('',#1475);
#1475 = AXIS2_PLACEMENT_3D('',#1476,#1477,#1478);
#1476 = CARTESIAN_POINT('',(-3.3782,2.5146,0.4445));
#1477 = DIRECTION('',(1.,0.,0.));
#1478 = DIRECTION('',(0.,0.,-1.));
#1479 = ADVANCED_FACE('',(#1480),#1505,.T.);
#1480 = FACE_BOUND('',#1481,.T.);
#1481 = EDGE_LOOP('',(#1482,#1490,#1498,#1504));
#1482 = ORIENTED_EDGE('',*,*,#1483,.F.);
#1483 = EDGE_CURVE('',#1484,#1444,#1486,.T.);
#1484 = VERTEX_POINT('',#1485);
#1485 = CARTESIAN_POINT('',(-2.9718,0.,0.4445));
#1486 = LINE('',#1487,#1488);
#1487 = CARTESIAN_POINT('',(-2.9718,0.,0.4445));
#1488 = VECTOR('',#1489,1.);
#1489 = DIRECTION('',(-1.,0.,0.));
#1490 = ORIENTED_EDGE('',*,*,#1491,.F.);
#1491 = EDGE_CURVE('',#1492,#1484,#1494,.T.);
#1492 = VERTEX_POINT('',#1493);
#1493 = CARTESIAN_POINT('',(-2.9718,2.5146,0.4445));
#1494 = LINE('',#1495,#1496);
#1495 = CARTESIAN_POINT('',(-2.9718,2.5146,0.4445));
#1496 = VECTOR('',#1497,1.);
#1497 = DIRECTION('',(0.,-1.,0.));
#1498 = ORIENTED_EDGE('',*,*,#1499,.T.);
#1499 = EDGE_CURVE('',#1492,#1454,#1500,.T.);
#1500 = LINE('',#1501,#1502);
#1501 = CARTESIAN_POINT('',(-2.9718,2.5146,0.4445));
#1502 = VECTOR('',#1503,1.);
#1503 = DIRECTION('',(-1.,0.,0.));
#1504 = ORIENTED_EDGE('',*,*,#1453,.T.);
#1505 = PLANE('',#1506);
#1506 = AXIS2_PLACEMENT_3D('',#1507,#1508,#1509);
#1507 = CARTESIAN_POINT('',(-2.9718,2.5146,0.4445));
#1508 = DIRECTION('',(0.,0.,1.));
#1509 = DIRECTION('',(1.,0.,-0.));
#1510 = ADVANCED_FACE('',(#1511),#1536,.T.);
#1511 = FACE_BOUND('',#1512,.T.);
#1512 = EDGE_LOOP('',(#1513,#1521,#1529,#1535));
#1513 = ORIENTED_EDGE('',*,*,#1514,.F.);
#1514 = EDGE_CURVE('',#1515,#1484,#1517,.T.);
#1515 = VERTEX_POINT('',#1516);
#1516 = CARTESIAN_POINT('',(-2.9718,0.,0.8509));
#1517 = LINE('',#1518,#1519);
#1518 = CARTESIAN_POINT('',(-2.9718,0.,0.8509));
#1519 = VECTOR('',#1520,1.);
#1520 = DIRECTION('',(0.,0.,-1.));
#1521 = ORIENTED_EDGE('',*,*,#1522,.F.);
#1522 = EDGE_CURVE('',#1523,#1515,#1525,.T.);
#1523 = VERTEX_POINT('',#1524);
#1524 = CARTESIAN_POINT('',(-2.9718,2.5146,0.8509));
#1525 = LINE('',#1526,#1527);
#1526 = CARTESIAN_POINT('',(-2.9718,2.5146,0.8509));
#1527 = VECTOR('',#1528,1.);
#1528 = DIRECTION('',(0.,-1.,0.));
#1529 = ORIENTED_EDGE('',*,*,#1530,.T.);
#1530 = EDGE_CURVE('',#1523,#1492,#1531,.T.);
#1531 = LINE('',#1532,#1533);
#1532 = CARTESIAN_POINT('',(-2.9718,2.5146,0.8509));
#1533 = VECTOR('',#1534,1.);
#1534 = DIRECTION('',(0.,0.,-1.));
#1535 = ORIENTED_EDGE('',*,*,#1491,.T.);
#1536 = PLANE('',#1537);
#1537 = AXIS2_PLACEMENT_3D('',#1538,#1539,#1540);
#1538 = CARTESIAN_POINT('',(-2.9718,2.5146,0.8509));
#1539 = DIRECTION('',(-1.,0.,0.));
#1540 = DIRECTION('',(0.,0.,1.));
#1541 = ADVANCED_FACE('',(#1542),#1558,.T.);
#1542 = FACE_BOUND('',#1543,.T.);
#1543 = EDGE_LOOP('',(#1544,#1550,#1551,#1557));
#1544 = ORIENTED_EDGE('',*,*,#1545,.F.);
#1545 = EDGE_CURVE('',#324,#393,#1546,.T.);
#1546 = LINE('',#1547,#1548);
#1547 = CARTESIAN_POINT('',(2.9718,0.,-0.4191));
#1548 = VECTOR('',#1549,1.);
#1549 = DIRECTION('',(1.,0.,0.));
#1550 = ORIENTED_EDGE('',*,*,#347,.F.);
#1551 = ORIENTED_EDGE('',*,*,#1552,.T.);
#1552 = EDGE_CURVE('',#340,#401,#1553,.T.);
#1553 = LINE('',#1554,#1555);
#1554 = CARTESIAN_POINT('',(2.9718,2.5146,-0.4191));
#1555 = VECTOR('',#1556,1.);
#1556 = DIRECTION('',(1.,0.,0.));
#1557 = ORIENTED_EDGE('',*,*,#400,.T.);
#1558 = PLANE('',#1559);
#1559 = AXIS2_PLACEMENT_3D('',#1560,#1561,#1562);
#1560 = CARTESIAN_POINT('',(2.9718,2.5146,-0.4191));
#1561 = DIRECTION('',(0.,0.,-1.));
#1562 = DIRECTION('',(-1.,0.,0.));
#1563 = ADVANCED_FACE('',(#1564),#1580,.T.);
#1564 = FACE_BOUND('',#1565,.T.);
#1565 = EDGE_LOOP('',(#1566,#1572,#1573,#1579));
#1566 = ORIENTED_EDGE('',*,*,#1567,.F.);
#1567 = EDGE_CURVE('',#426,#495,#1568,.T.);
#1568 = LINE('',#1569,#1570);
#1569 = CARTESIAN_POINT('',(2.9718,0.,0.8509));
#1570 = VECTOR('',#1571,1.);
#1571 = DIRECTION('',(1.,0.,0.));
#1572 = ORIENTED_EDGE('',*,*,#449,.F.);
#1573 = ORIENTED_EDGE('',*,*,#1574,.T.);
#1574 = EDGE_CURVE('',#442,#503,#1575,.T.);
#1575 = LINE('',#1576,#1577);
#1576 = CARTESIAN_POINT('',(2.9718,2.5146,0.8509));
#1577 = VECTOR('',#1578,1.);
#1578 = DIRECTION('',(1.,0.,0.));
#1579 = ORIENTED_EDGE('',*,*,#502,.T.);
#1580 = PLANE('',#1581);
#1581 = AXIS2_PLACEMENT_3D('',#1582,#1583,#1584);
#1582 = CARTESIAN_POINT('',(2.9718,2.5146,0.8509));
#1583 = DIRECTION('',(0.,0.,-1.));
#1584 = DIRECTION('',(-1.,0.,0.));
#1585 = ADVANCED_FACE('',(#1586),#1602,.T.);
#1586 = FACE_BOUND('',#1587,.T.);
#1587 = EDGE_LOOP('',(#1588,#1594,#1595,#1601));
#1588 = ORIENTED_EDGE('',*,*,#1589,.F.);
#1589 = EDGE_CURVE('',#528,#597,#1590,.T.);
#1590 = LINE('',#1591,#1592);
#1591 = CARTESIAN_POINT('',(1.7018,0.,-0.4191));
#1592 = VECTOR('',#1593,1.);
#1593 = DIRECTION('',(1.,0.,0.));
#1594 = ORIENTED_EDGE('',*,*,#551,.F.);
#1595 = ORIENTED_EDGE('',*,*,#1596,.T.);
#1596 = EDGE_CURVE('',#544,#605,#1597,.T.);
#1597 = LINE('',#1598,#1599);
#1598 = CARTESIAN_POINT('',(1.7018,2.5146,-0.4191));
#1599 = VECTOR('',#1600,1.);
#1600 = DIRECTION('',(1.,0.,0.));
#1601 = ORIENTED_EDGE('',*,*,#604,.T.);
#1602 = PLANE('',#1603);
#1603 = AXIS2_PLACEMENT_3D('',#1604,#1605,#1606);
#1604 = CARTESIAN_POINT('',(1.7018,2.5146,-0.4191));
#1605 = DIRECTION('',(0.,0.,-1.));
#1606 = DIRECTION('',(-1.,0.,0.));
#1607 = ADVANCED_FACE('',(#1608),#1624,.T.);
#1608 = FACE_BOUND('',#1609,.T.);
#1609 = EDGE_LOOP('',(#1610,#1616,#1617,#1623));
#1610 = ORIENTED_EDGE('',*,*,#1611,.F.);
#1611 = EDGE_CURVE('',#630,#699,#1612,.T.);
#1612 = LINE('',#1613,#1614);
#1613 = CARTESIAN_POINT('',(1.7018,0.,0.8509));
#1614 = VECTOR('',#1615,1.);
#1615 = DIRECTION('',(1.,0.,0.));
#1616 = ORIENTED_EDGE('',*,*,#653,.F.);
#1617 = ORIENTED_EDGE('',*,*,#1618,.T.);
#1618 = EDGE_CURVE('',#646,#707,#1619,.T.);
#1619 = LINE('',#1620,#1621);
#1620 = CARTESIAN_POINT('',(1.7018,2.5146,0.8509));
#1621 = VECTOR('',#1622,1.);
#1622 = DIRECTION('',(1.,0.,0.));
#1623 = ORIENTED_EDGE('',*,*,#706,.T.);
#1624 = PLANE('',#1625);
#1625 = AXIS2_PLACEMENT_3D('',#1626,#1627,#1628);
#1626 = CARTESIAN_POINT('',(1.7018,2.5146,0.8509));
#1627 = DIRECTION('',(0.,0.,-1.));
#1628 = DIRECTION('',(-1.,0.,0.));
#1629 = ADVANCED_FACE('',(#1630),#1646,.T.);
#1630 = FACE_BOUND('',#1631,.T.);
#1631 = EDGE_LOOP('',(#1632,#1638,#1639,#1645));
#1632 = ORIENTED_EDGE('',*,*,#1633,.F.);
#1633 = EDGE_CURVE('',#732,#801,#1634,.T.);
#1634 = LINE('',#1635,#1636);
#1635 = CARTESIAN_POINT('',(0.4318,0.,-0.4191));
#1636 = VECTOR('',#1637,1.);
#1637 = DIRECTION('',(1.,0.,0.));
#1638 = ORIENTED_EDGE('',*,*,#755,.F.);
#1639 = ORIENTED_EDGE('',*,*,#1640,.T.);
#1640 = EDGE_CURVE('',#748,#809,#1641,.T.);
#1641 = LINE('',#1642,#1643);
#1642 = CARTESIAN_POINT('',(0.4318,2.5146,-0.4191));
#1643 = VECTOR('',#1644,1.);
#1644 = DIRECTION('',(1.,0.,0.));
#1645 = ORIENTED_EDGE('',*,*,#808,.T.);
#1646 = PLANE('',#1647);
#1647 = AXIS2_PLACEMENT_3D('',#1648,#1649,#1650);
#1648 = CARTESIAN_POINT('',(0.4318,2.5146,-0.4191));
#1649 = DIRECTION('',(0.,0.,-1.));
#1650 = DIRECTION('',(-1.,0.,0.));
#1651 = ADVANCED_FACE('',(#1652),#1668,.T.);
#1652 = FACE_BOUND('',#1653,.T.);
#1653 = EDGE_LOOP('',(#1654,#1660,#1661,#1667));
#1654 = ORIENTED_EDGE('',*,*,#1655,.F.);
#1655 = EDGE_CURVE('',#834,#903,#1656,.T.);
#1656 = LINE('',#1657,#1658);
#1657 = CARTESIAN_POINT('',(0.4318,0.,0.8509));
#1658 = VECTOR('',#1659,1.);
#1659 = DIRECTION('',(1.,0.,0.));
#1660 = ORIENTED_EDGE('',*,*,#857,.F.);
#1661 = ORIENTED_EDGE('',*,*,#1662,.T.);
#1662 = EDGE_CURVE('',#850,#911,#1663,.T.);
#1663 = LINE('',#1664,#1665);
#1664 = CARTESIAN_POINT('',(0.4318,2.5146,0.8509));
#1665 = VECTOR('',#1666,1.);
#1666 = DIRECTION('',(1.,0.,0.));
#1667 = ORIENTED_EDGE('',*,*,#910,.T.);
#1668 = PLANE('',#1669);
#1669 = AXIS2_PLACEMENT_3D('',#1670,#1671,#1672);
#1670 = CARTESIAN_POINT('',(0.4318,2.5146,0.8509));
#1671 = DIRECTION('',(0.,0.,-1.));
#1672 = DIRECTION('',(-1.,0.,0.));
#1673 = ADVANCED_FACE('',(#1674),#1690,.T.);
#1674 = FACE_BOUND('',#1675,.T.);
#1675 = EDGE_LOOP('',(#1676,#1682,#1683,#1689));
#1676 = ORIENTED_EDGE('',*,*,#1677,.F.);
#1677 = EDGE_CURVE('',#936,#1005,#1678,.T.);
#1678 = LINE('',#1679,#1680);
#1679 = CARTESIAN_POINT('',(-0.8382,0.,-0.4191));
#1680 = VECTOR('',#1681,1.);
#1681 = DIRECTION('',(1.,0.,0.));
#1682 = ORIENTED_EDGE('',*,*,#959,.F.);
#1683 = ORIENTED_EDGE('',*,*,#1684,.T.);
#1684 = EDGE_CURVE('',#952,#1013,#1685,.T.);
#1685 = LINE('',#1686,#1687);
#1686 = CARTESIAN_POINT('',(-0.8382,2.5146,-0.4191));
#1687 = VECTOR('',#1688,1.);
#1688 = DIRECTION('',(1.,0.,0.));
#1689 = ORIENTED_EDGE('',*,*,#1012,.T.);
#1690 = PLANE('',#1691);
#1691 = AXIS2_PLACEMENT_3D('',#1692,#1693,#1694);
#1692 = CARTESIAN_POINT('',(-0.8382,2.5146,-0.4191));
#1693 = DIRECTION('',(0.,0.,-1.));
#1694 = DIRECTION('',(-1.,0.,0.));
#1695 = ADVANCED_FACE('',(#1696),#1712,.T.);
#1696 = FACE_BOUND('',#1697,.T.);
#1697 = EDGE_LOOP('',(#1698,#1704,#1705,#1711));
#1698 = ORIENTED_EDGE('',*,*,#1699,.F.);
#1699 = EDGE_CURVE('',#1038,#1107,#1700,.T.);
#1700 = LINE('',#1701,#1702);
#1701 = CARTESIAN_POINT('',(-0.8382,0.,0.8509));
#1702 = VECTOR('',#1703,1.);
#1703 = DIRECTION('',(1.,0.,0.));
#1704 = ORIENTED_EDGE('',*,*,#1061,.F.);
#1705 = ORIENTED_EDGE('',*,*,#1706,.T.);
#1706 = EDGE_CURVE('',#1054,#1115,#1707,.T.);
#1707 = LINE('',#1708,#1709);
#1708 = CARTESIAN_POINT('',(-0.8382,2.5146,0.8509));
#1709 = VECTOR('',#1710,1.);
#1710 = DIRECTION('',(1.,0.,0.));
#1711 = ORIENTED_EDGE('',*,*,#1114,.T.);
#1712 = PLANE('',#1713);
#1713 = AXIS2_PLACEMENT_3D('',#1714,#1715,#1716);
#1714 = CARTESIAN_POINT('',(-0.8382,2.5146,0.8509));
#1715 = DIRECTION('',(0.,0.,-1.));
#1716 = DIRECTION('',(-1.,0.,0.));
#1717 = ADVANCED_FACE('',(#1718),#1734,.T.);
#1718 = FACE_BOUND('',#1719,.T.);
#1719 = EDGE_LOOP('',(#1720,#1726,#1727,#1733));
#1720 = ORIENTED_EDGE('',*,*,#1721,.F.);
#1721 = EDGE_CURVE('',#1140,#1209,#1722,.T.);
#1722 = LINE('',#1723,#1724);
#1723 = CARTESIAN_POINT('',(-2.1082,0.,-0.4191));
#1724 = VECTOR('',#1725,1.);
#1725 = DIRECTION('',(1.,0.,0.));
#1726 = ORIENTED_EDGE('',*,*,#1163,.F.);
#1727 = ORIENTED_EDGE('',*,*,#1728,.T.);
#1728 = EDGE_CURVE('',#1156,#1217,#1729,.T.);
#1729 = LINE('',#1730,#1731);
#1730 = CARTESIAN_POINT('',(-2.1082,2.5146,-0.4191));
#1731 = VECTOR('',#1732,1.);
#1732 = DIRECTION('',(1.,0.,0.));
#1733 = ORIENTED_EDGE('',*,*,#1216,.T.);
#1734 = PLANE('',#1735);
#1735 = AXIS2_PLACEMENT_3D('',#1736,#1737,#1738);
#1736 = CARTESIAN_POINT('',(-2.1082,2.5146,-0.4191));
#1737 = DIRECTION('',(0.,0.,-1.));
#1738 = DIRECTION('',(-1.,0.,0.));
#1739 = ADVANCED_FACE('',(#1740),#1756,.T.);
#1740 = FACE_BOUND('',#1741,.T.);
#1741 = EDGE_LOOP('',(#1742,#1748,#1749,#1755));
#1742 = ORIENTED_EDGE('',*,*,#1743,.F.);
#1743 = EDGE_CURVE('',#1242,#1311,#1744,.T.);
#1744 = LINE('',#1745,#1746);
#1745 = CARTESIAN_POINT('',(-2.1082,0.,0.8509));
#1746 = VECTOR('',#1747,1.);
#1747 = DIRECTION('',(1.,0.,0.));
#1748 = ORIENTED_EDGE('',*,*,#1265,.F.);
#1749 = ORIENTED_EDGE('',*,*,#1750,.T.);
#1750 = EDGE_CURVE('',#1258,#1319,#1751,.T.);
#1751 = LINE('',#1752,#1753);
#1752 = CARTESIAN_POINT('',(-2.1082,2.5146,0.8509));
#1753 = VECTOR('',#1754,1.);
#1754 = DIRECTION('',(1.,0.,0.));
#1755 = ORIENTED_EDGE('',*,*,#1318,.T.);
#1756 = PLANE('',#1757);
#1757 = AXIS2_PLACEMENT_3D('',#1758,#1759,#1760);
#1758 = CARTESIAN_POINT('',(-2.1082,2.5146,0.8509));
#1759 = DIRECTION('',(0.,0.,-1.));
#1760 = DIRECTION('',(-1.,0.,0.));
#1761 = ADVANCED_FACE('',(#1762),#1778,.T.);
#1762 = FACE_BOUND('',#1763,.T.);
#1763 = EDGE_LOOP('',(#1764,#1770,#1771,#1777));
#1764 = ORIENTED_EDGE('',*,*,#1765,.F.);
#1765 = EDGE_CURVE('',#1344,#1413,#1766,.T.);
#1766 = LINE('',#1767,#1768);
#1767 = CARTESIAN_POINT('',(-3.3782,0.,-0.4191));
#1768 = VECTOR('',#1769,1.);
#1769 = DIRECTION('',(1.,0.,0.));
#1770 = ORIENTED_EDGE('',*,*,#1367,.F.);
#1771 = ORIENTED_EDGE('',*,*,#1772,.T.);
#1772 = EDGE_CURVE('',#1360,#1421,#1773,.T.);
#1773 = LINE('',#1774,#1775);
#1774 = CARTESIAN_POINT('',(-3.3782,2.5146,-0.4191));
#1775 = VECTOR('',#1776,1.);
#1776 = DIRECTION('',(1.,0.,0.));
#1777 = ORIENTED_EDGE('',*,*,#1420,.T.);
#1778 = PLANE('',#1779);
#1779 = AXIS2_PLACEMENT_3D('',#1780,#1781,#1782);
#1780 = CARTESIAN_POINT('',(-3.3782,2.5146,-0.4191));
#1781 = DIRECTION('',(0.,0.,-1.));
#1782 = DIRECTION('',(-1.,0.,0.));
#1783 = ADVANCED_FACE('',(#1784),#1800,.T.);
#1784 = FACE_BOUND('',#1785,.T.);
#1785 = EDGE_LOOP('',(#1786,#1792,#1793,#1799));
#1786 = ORIENTED_EDGE('',*,*,#1787,.F.);
#1787 = EDGE_CURVE('',#1446,#1515,#1788,.T.);
#1788 = LINE('',#1789,#1790);
#1789 = CARTESIAN_POINT('',(-3.3782,0.,0.8509));
#1790 = VECTOR('',#1791,1.);
#1791 = DIRECTION('',(1.,0.,0.));
#1792 = ORIENTED_EDGE('',*,*,#1469,.F.);
#1793 = ORIENTED_EDGE('',*,*,#1794,.T.);
#1794 = EDGE_CURVE('',#1462,#1523,#1795,.T.);
#1795 = LINE('',#1796,#1797);
#1796 = CARTESIAN_POINT('',(-3.3782,2.5146,0.8509));
#1797 = VECTOR('',#1798,1.);
#1798 = DIRECTION('',(1.,0.,0.));
#1799 = ORIENTED_EDGE('',*,*,#1522,.T.);
#1800 = PLANE('',#1801);
#1801 = AXIS2_PLACEMENT_3D('',#1802,#1803,#1804);
#1802 = CARTESIAN_POINT('',(-3.3782,2.5146,0.8509));
#1803 = DIRECTION('',(0.,0.,-1.));
#1804 = DIRECTION('',(-1.,0.,0.));
#1805 = ADVANCED_FACE('',(#1806),#1822,.F.);
#1806 = FACE_BOUND('',#1807,.T.);
#1807 = EDGE_LOOP('',(#1808,#1809,#1815,#1816));
#1808 = ORIENTED_EDGE('',*,*,#269,.T.);
#1809 = ORIENTED_EDGE('',*,*,#1810,.T.);
#1810 = EDGE_CURVE('',#262,#192,#1811,.T.);
#1811 = LINE('',#1812,#1813);
#1812 = CARTESIAN_POINT('',(3.81,1.8923,-1.7145));
#1813 = VECTOR('',#1814,1.);
#1814 = DIRECTION('',(-1.,0.,0.));
#1815 = ORIENTED_EDGE('',*,*,#191,.F.);
#1816 = ORIENTED_EDGE('',*,*,#1817,.F.);
#1817 = EDGE_CURVE('',#270,#184,#1818,.T.);
#1818 = LINE('',#1819,#1820);
#1819 = CARTESIAN_POINT('',(3.81,2.5146,-1.7145));
#1820 = VECTOR('',#1821,1.);
#1821 = DIRECTION('',(-1.,0.,0.));
#1822 = PLANE('',#1823);
#1823 = AXIS2_PLACEMENT_3D('',#1824,#1825,#1826);
#1824 = CARTESIAN_POINT('',(3.81,2.5146,-1.7145));
#1825 = DIRECTION('',(0.,0.,1.));
#1826 = DIRECTION('',(1.,0.,-0.));
#1827 = ADVANCED_FACE('',(#1828,#1834,#1840,#1846,#1852,#1858,#1864,
    #1870,#1876,#1882,#1888,#1894,#1900),#1906,.T.);
#1828 = FACE_BOUND('',#1829,.T.);
#1829 = EDGE_LOOP('',(#1830,#1831,#1832,#1833));
#1830 = ORIENTED_EDGE('',*,*,#1461,.F.);
#1831 = ORIENTED_EDGE('',*,*,#1499,.F.);
#1832 = ORIENTED_EDGE('',*,*,#1530,.F.);
#1833 = ORIENTED_EDGE('',*,*,#1794,.F.);
#1834 = FACE_BOUND('',#1835,.T.);
#1835 = EDGE_LOOP('',(#1836,#1837,#1838,#1839));
#1836 = ORIENTED_EDGE('',*,*,#1359,.F.);
#1837 = ORIENTED_EDGE('',*,*,#1397,.F.);
#1838 = ORIENTED_EDGE('',*,*,#1428,.F.);
#1839 = ORIENTED_EDGE('',*,*,#1772,.F.);
#1840 = FACE_BOUND('',#1841,.T.);
#1841 = EDGE_LOOP('',(#1842,#1843,#1844,#1845));
#1842 = ORIENTED_EDGE('',*,*,#1257,.F.);
#1843 = ORIENTED_EDGE('',*,*,#1295,.F.);
#1844 = ORIENTED_EDGE('',*,*,#1326,.F.);
#1845 = ORIENTED_EDGE('',*,*,#1750,.F.);
#1846 = FACE_BOUND('',#1847,.T.);
#1847 = EDGE_LOOP('',(#1848,#1849,#1850,#1851));
#1848 = ORIENTED_EDGE('',*,*,#1155,.F.);
#1849 = ORIENTED_EDGE('',*,*,#1193,.F.);
#1850 = ORIENTED_EDGE('',*,*,#1224,.F.);
#1851 = ORIENTED_EDGE('',*,*,#1728,.F.);
#1852 = FACE_BOUND('',#1853,.T.);
#1853 = EDGE_LOOP('',(#1854,#1855,#1856,#1857));
#1854 = ORIENTED_EDGE('',*,*,#1053,.F.);
#1855 = ORIENTED_EDGE('',*,*,#1091,.F.);
#1856 = ORIENTED_EDGE('',*,*,#1122,.F.);
#1857 = ORIENTED_EDGE('',*,*,#1706,.F.);
#1858 = FACE_BOUND('',#1859,.T.);
#1859 = EDGE_LOOP('',(#1860,#1861,#1862,#1863));
#1860 = ORIENTED_EDGE('',*,*,#951,.F.);
#1861 = ORIENTED_EDGE('',*,*,#989,.F.);
#1862 = ORIENTED_EDGE('',*,*,#1020,.F.);
#1863 = ORIENTED_EDGE('',*,*,#1684,.F.);
#1864 = FACE_BOUND('',#1865,.T.);
#1865 = EDGE_LOOP('',(#1866,#1867,#1868,#1869));
#1866 = ORIENTED_EDGE('',*,*,#849,.F.);
#1867 = ORIENTED_EDGE('',*,*,#887,.F.);
#1868 = ORIENTED_EDGE('',*,*,#918,.F.);
#1869 = ORIENTED_EDGE('',*,*,#1662,.F.);
#1870 = FACE_BOUND('',#1871,.T.);
#1871 = EDGE_LOOP('',(#1872,#1873,#1874,#1875));
#1872 = ORIENTED_EDGE('',*,*,#747,.F.);
#1873 = ORIENTED_EDGE('',*,*,#785,.F.);
#1874 = ORIENTED_EDGE('',*,*,#816,.F.);
#1875 = ORIENTED_EDGE('',*,*,#1640,.F.);
#1876 = FACE_BOUND('',#1877,.T.);
#1877 = EDGE_LOOP('',(#1878,#1879,#1880,#1881));
#1878 = ORIENTED_EDGE('',*,*,#645,.F.);
#1879 = ORIENTED_EDGE('',*,*,#683,.F.);
#1880 = ORIENTED_EDGE('',*,*,#714,.F.);
#1881 = ORIENTED_EDGE('',*,*,#1618,.F.);
#1882 = FACE_BOUND('',#1883,.T.);
#1883 = EDGE_LOOP('',(#1884,#1885,#1886,#1887));
#1884 = ORIENTED_EDGE('',*,*,#543,.F.);
#1885 = ORIENTED_EDGE('',*,*,#581,.F.);
#1886 = ORIENTED_EDGE('',*,*,#612,.F.);
#1887 = ORIENTED_EDGE('',*,*,#1596,.F.);
#1888 = FACE_BOUND('',#1889,.T.);
#1889 = EDGE_LOOP('',(#1890,#1891,#1892,#1893));
#1890 = ORIENTED_EDGE('',*,*,#441,.F.);
#1891 = ORIENTED_EDGE('',*,*,#479,.F.);
#1892 = ORIENTED_EDGE('',*,*,#510,.F.);
#1893 = ORIENTED_EDGE('',*,*,#1574,.F.);
#1894 = FACE_BOUND('',#1895,.T.);
#1895 = EDGE_LOOP('',(#1896,#1897,#1898,#1899));
#1896 = ORIENTED_EDGE('',*,*,#339,.F.);
#1897 = ORIENTED_EDGE('',*,*,#377,.F.);
#1898 = ORIENTED_EDGE('',*,*,#408,.F.);
#1899 = ORIENTED_EDGE('',*,*,#1552,.F.);
#1900 = FACE_BOUND('',#1901,.T.);
#1901 = EDGE_LOOP('',(#1902,#1903,#1904,#1905));
#1902 = ORIENTED_EDGE('',*,*,#183,.T.);
#1903 = ORIENTED_EDGE('',*,*,#230,.T.);
#1904 = ORIENTED_EDGE('',*,*,#277,.T.);
#1905 = ORIENTED_EDGE('',*,*,#1817,.T.);
#1906 = PLANE('',#1907);
#1907 = AXIS2_PLACEMENT_3D('',#1908,#1909,#1910);
#1908 = CARTESIAN_POINT('',(0.,2.5146,0.));
#1909 = DIRECTION('',(0.,1.,0.));
#1910 = DIRECTION('',(0.,-0.,1.));
#1911 = ADVANCED_FACE('',(#1912,#1918,#1924,#1930,#1936,#1942,#1948,
    #1954,#1960,#1966,#1972,#1978,#1984),#1990,.F.);
#1912 = FACE_BOUND('',#1913,.T.);
#1913 = EDGE_LOOP('',(#1914,#1915,#1916,#1917));
#1914 = ORIENTED_EDGE('',*,*,#1443,.T.);
#1915 = ORIENTED_EDGE('',*,*,#1787,.T.);
#1916 = ORIENTED_EDGE('',*,*,#1514,.T.);
#1917 = ORIENTED_EDGE('',*,*,#1483,.T.);
#1918 = FACE_BOUND('',#1919,.T.);
#1919 = EDGE_LOOP('',(#1920,#1921,#1922,#1923));
#1920 = ORIENTED_EDGE('',*,*,#1341,.T.);
#1921 = ORIENTED_EDGE('',*,*,#1765,.T.);
#1922 = ORIENTED_EDGE('',*,*,#1412,.T.);
#1923 = ORIENTED_EDGE('',*,*,#1381,.T.);
#1924 = FACE_BOUND('',#1925,.T.);
#1925 = EDGE_LOOP('',(#1926,#1927,#1928,#1929));
#1926 = ORIENTED_EDGE('',*,*,#1239,.T.);
#1927 = ORIENTED_EDGE('',*,*,#1743,.T.);
#1928 = ORIENTED_EDGE('',*,*,#1310,.T.);
#1929 = ORIENTED_EDGE('',*,*,#1279,.T.);
#1930 = FACE_BOUND('',#1931,.T.);
#1931 = EDGE_LOOP('',(#1932,#1933,#1934,#1935));
#1932 = ORIENTED_EDGE('',*,*,#1137,.T.);
#1933 = ORIENTED_EDGE('',*,*,#1721,.T.);
#1934 = ORIENTED_EDGE('',*,*,#1208,.T.);
#1935 = ORIENTED_EDGE('',*,*,#1177,.T.);
#1936 = FACE_BOUND('',#1937,.T.);
#1937 = EDGE_LOOP('',(#1938,#1939,#1940,#1941));
#1938 = ORIENTED_EDGE('',*,*,#1035,.T.);
#1939 = ORIENTED_EDGE('',*,*,#1699,.T.);
#1940 = ORIENTED_EDGE('',*,*,#1106,.T.);
#1941 = ORIENTED_EDGE('',*,*,#1075,.T.);
#1942 = FACE_BOUND('',#1943,.T.);
#1943 = EDGE_LOOP('',(#1944,#1945,#1946,#1947));
#1944 = ORIENTED_EDGE('',*,*,#933,.T.);
#1945 = ORIENTED_EDGE('',*,*,#1677,.T.);
#1946 = ORIENTED_EDGE('',*,*,#1004,.T.);
#1947 = ORIENTED_EDGE('',*,*,#973,.T.);
#1948 = FACE_BOUND('',#1949,.T.);
#1949 = EDGE_LOOP('',(#1950,#1951,#1952,#1953));
#1950 = ORIENTED_EDGE('',*,*,#831,.T.);
#1951 = ORIENTED_EDGE('',*,*,#1655,.T.);
#1952 = ORIENTED_EDGE('',*,*,#902,.T.);
#1953 = ORIENTED_EDGE('',*,*,#871,.T.);
#1954 = FACE_BOUND('',#1955,.T.);
#1955 = EDGE_LOOP('',(#1956,#1957,#1958,#1959));
#1956 = ORIENTED_EDGE('',*,*,#729,.T.);
#1957 = ORIENTED_EDGE('',*,*,#1633,.T.);
#1958 = ORIENTED_EDGE('',*,*,#800,.T.);
#1959 = ORIENTED_EDGE('',*,*,#769,.T.);
#1960 = FACE_BOUND('',#1961,.T.);
#1961 = EDGE_LOOP('',(#1962,#1963,#1964,#1965));
#1962 = ORIENTED_EDGE('',*,*,#627,.T.);
#1963 = ORIENTED_EDGE('',*,*,#1611,.T.);
#1964 = ORIENTED_EDGE('',*,*,#698,.T.);
#1965 = ORIENTED_EDGE('',*,*,#667,.T.);
#1966 = FACE_BOUND('',#1967,.T.);
#1967 = EDGE_LOOP('',(#1968,#1969,#1970,#1971));
#1968 = ORIENTED_EDGE('',*,*,#525,.T.);
#1969 = ORIENTED_EDGE('',*,*,#1589,.T.);
#1970 = ORIENTED_EDGE('',*,*,#596,.T.);
#1971 = ORIENTED_EDGE('',*,*,#565,.T.);
#1972 = FACE_BOUND('',#1973,.T.);
#1973 = EDGE_LOOP('',(#1974,#1975,#1976,#1977));
#1974 = ORIENTED_EDGE('',*,*,#423,.T.);
#1975 = ORIENTED_EDGE('',*,*,#1567,.T.);
#1976 = ORIENTED_EDGE('',*,*,#494,.T.);
#1977 = ORIENTED_EDGE('',*,*,#463,.T.);
#1978 = FACE_BOUND('',#1979,.T.);
#1979 = EDGE_LOOP('',(#1980,#1981,#1982,#1983));
#1980 = ORIENTED_EDGE('',*,*,#321,.T.);
#1981 = ORIENTED_EDGE('',*,*,#1545,.T.);
#1982 = ORIENTED_EDGE('',*,*,#392,.T.);
#1983 = ORIENTED_EDGE('',*,*,#361,.T.);
#1984 = FACE_BOUND('',#1985,.T.);
#1985 = EDGE_LOOP('',(#1986,#1987,#1988,#1989));
#1986 = ORIENTED_EDGE('',*,*,#144,.F.);
#1987 = ORIENTED_EDGE('',*,*,#73,.F.);
#1988 = ORIENTED_EDGE('',*,*,#307,.F.);
#1989 = ORIENTED_EDGE('',*,*,#113,.F.);
#1990 = PLANE('',#1991);
#1991 = AXIS2_PLACEMENT_3D('',#1992,#1993,#1994);
#1992 = CARTESIAN_POINT('',(0.,0.,0.));
#1993 = DIRECTION('',(0.,1.,0.));
#1994 = DIRECTION('',(0.,-0.,1.));
#1995 = ADVANCED_FACE('',(#1996),#2012,.F.);
#1996 = FACE_BOUND('',#1997,.T.);
#1997 = EDGE_LOOP('',(#1998,#1999,#2005,#2006));
#1998 = ORIENTED_EDGE('',*,*,#159,.T.);
#1999 = ORIENTED_EDGE('',*,*,#2000,.F.);
#2000 = EDGE_CURVE('',#293,#152,#2001,.T.);
#2001 = LINE('',#2002,#2003);
#2002 = CARTESIAN_POINT('',(3.81,0.6223,1.4605));
#2003 = VECTOR('',#2004,1.);
#2004 = DIRECTION('',(-1.,0.,0.));
#2005 = ORIENTED_EDGE('',*,*,#292,.F.);
#2006 = ORIENTED_EDGE('',*,*,#2007,.T.);
#2007 = EDGE_CURVE('',#285,#160,#2008,.T.);
#2008 = LINE('',#2009,#2010);
#2009 = CARTESIAN_POINT('',(3.81,1.8923,1.4605));
#2010 = VECTOR('',#2011,1.);
#2011 = DIRECTION('',(-1.,0.,0.));
#2012 = PLANE('',#2013);
#2013 = AXIS2_PLACEMENT_3D('',#2014,#2015,#2016);
#2014 = CARTESIAN_POINT('',(3.81,1.8923,1.4605));
#2015 = DIRECTION('',(0.,0.,-1.));
#2016 = DIRECTION('',(-1.,0.,0.));
#2017 = ADVANCED_FACE('',(#2018),#2024,.F.);
#2018 = FACE_BOUND('',#2019,.T.);
#2019 = EDGE_LOOP('',(#2020,#2021,#2022,#2023));
#2020 = ORIENTED_EDGE('',*,*,#151,.T.);
#2021 = ORIENTED_EDGE('',*,*,#97,.F.);
#2022 = ORIENTED_EDGE('',*,*,#300,.F.);
#2023 = ORIENTED_EDGE('',*,*,#2000,.T.);
#2024 = PLANE('',#2025);
#2025 = AXIS2_PLACEMENT_3D('',#2026,#2027,#2028);
#2026 = CARTESIAN_POINT('',(3.81,0.6223,1.4605));
#2027 = DIRECTION('',(0.,-1.,0.));
#2028 = DIRECTION('',(0.,0.,-1.));
#2029 = ADVANCED_FACE('',(#2030),#2036,.F.);
#2030 = FACE_BOUND('',#2031,.T.);
#2031 = EDGE_LOOP('',(#2032,#2033,#2034,#2035));
#2032 = ORIENTED_EDGE('',*,*,#167,.T.);
#2033 = ORIENTED_EDGE('',*,*,#2007,.F.);
#2034 = ORIENTED_EDGE('',*,*,#284,.F.);
#2035 = ORIENTED_EDGE('',*,*,#214,.T.);
#2036 = PLANE('',#2037);
#2037 = AXIS2_PLACEMENT_3D('',#2038,#2039,#2040);
#2038 = CARTESIAN_POINT('',(3.81,1.8923,1.7145));
#2039 = DIRECTION('',(0.,1.,0.));
#2040 = DIRECTION('',(0.,-0.,1.));
#2041 = ADVANCED_FACE('',(#2042),#2053,.F.);
#2042 = FACE_BOUND('',#2043,.T.);
#2043 = EDGE_LOOP('',(#2044,#2045,#2051,#2052));
#2044 = ORIENTED_EDGE('',*,*,#137,.T.);
#2045 = ORIENTED_EDGE('',*,*,#2046,.F.);
#2046 = EDGE_CURVE('',#246,#128,#2047,.T.);
#2047 = LINE('',#2048,#2049);
#2048 = CARTESIAN_POINT('',(3.81,0.6223,-1.4605));
#2049 = VECTOR('',#2050,1.);
#2050 = DIRECTION('',(-1.,0.,0.));
#2051 = ORIENTED_EDGE('',*,*,#245,.F.);
#2052 = ORIENTED_EDGE('',*,*,#57,.T.);
#2053 = PLANE('',#2054);
#2054 = AXIS2_PLACEMENT_3D('',#2055,#2056,#2057);
#2055 = CARTESIAN_POINT('',(3.81,0.6223,-1.7145));
#2056 = DIRECTION('',(0.,-1.,0.));
#2057 = DIRECTION('',(0.,0.,-1.));
#2058 = ADVANCED_FACE('',(#2059),#2070,.F.);
#2059 = FACE_BOUND('',#2060,.T.);
#2060 = EDGE_LOOP('',(#2061,#2062,#2068,#2069));
#2061 = ORIENTED_EDGE('',*,*,#127,.T.);
#2062 = ORIENTED_EDGE('',*,*,#2063,.F.);
#2063 = EDGE_CURVE('',#254,#130,#2064,.T.);
#2064 = LINE('',#2065,#2066);
#2065 = CARTESIAN_POINT('',(3.81,1.8923,-1.4605));
#2066 = VECTOR('',#2067,1.);
#2067 = DIRECTION('',(-1.,0.,0.));
#2068 = ORIENTED_EDGE('',*,*,#253,.F.);
#2069 = ORIENTED_EDGE('',*,*,#2046,.T.);
#2070 = PLANE('',#2071);
#2071 = AXIS2_PLACEMENT_3D('',#2072,#2073,#2074);
#2072 = CARTESIAN_POINT('',(3.81,0.6223,-1.4605));
#2073 = DIRECTION('',(0.,0.,1.));
#2074 = DIRECTION('',(1.,0.,-0.));
#2075 = ADVANCED_FACE('',(#2076),#2082,.F.);
#2076 = FACE_BOUND('',#2077,.T.);
#2077 = EDGE_LOOP('',(#2078,#2079,#2080,#2081));
#2078 = ORIENTED_EDGE('',*,*,#199,.T.);
#2079 = ORIENTED_EDGE('',*,*,#1810,.F.);
#2080 = ORIENTED_EDGE('',*,*,#261,.F.);
#2081 = ORIENTED_EDGE('',*,*,#2063,.T.);
#2082 = PLANE('',#2083);
#2083 = AXIS2_PLACEMENT_3D('',#2084,#2085,#2086);
#2084 = CARTESIAN_POINT('',(3.81,1.8923,-1.4605));
#2085 = DIRECTION('',(0.,1.,0.));
#2086 = DIRECTION('',(0.,-0.,1.));
#2087 = ( GEOMETRIC_REPRESENTATION_CONTEXT(3) 
GLOBAL_UNCERTAINTY_ASSIGNED_CONTEXT((#2091)) 
GLOBAL_UNIT_ASSIGNED_CONTEXT((#2088,#2089,#2090)) REPRESENTATION_CONTEXT
('Context #1','3D Context with UNIT and UNCERTAINTY') );
#2088 = ( LENGTH_UNIT() NAMED_UNIT(*) SI_UNIT(.MILLI.,.METRE.) );
#2089 = ( NAMED_UNIT(*) PLANE_ANGLE_UNIT() SI_UNIT($,.RADIAN.) );
#2090 = ( NAMED_UNIT(*) SI_UNIT($,.STERADIAN.) SOLID_ANGLE_UNIT() );
#2091 = UNCERTAINTY_MEASURE_WITH_UNIT(LENGTH_MEASURE(1.E-07),#2088,
  'distance_accuracy_value','confusion accuracy');
#2092 = CONTEXT_DEPENDENT_SHAPE_REPRESENTATION(#2093,#2095);
#2093 = ( REPRESENTATION_RELATIONSHIP('','',#40,#10) 
REPRESENTATION_RELATIONSHIP_WITH_TRANSFORMATION(#2094) 
SHAPE_REPRESENTATION_RELATIONSHIP() );
#2094 = ITEM_DEFINED_TRANSFORMATION('','',#11,#15);
#2095 = PRODUCT_DEFINITION_SHAPE('Placement','Placement of an item',
  #2096);
#2096 = NEXT_ASSEMBLY_USAGE_OCCURRENCE('88','=>[0:1:1:1]','',#5,#35,$);
#2097 = PRODUCT_RELATED_PRODUCT_CATEGORY('part',$,(#37));
#2098 = SHAPE_DEFINITION_REPRESENTATION(#2099,#2105);
#2099 = PRODUCT_DEFINITION_SHAPE('','',#2100);
#2100 = PRODUCT_DEFINITION('design','',#2101,#2104);
#2101 = PRODUCT_DEFINITION_FORMATION('','',#2102);
#2102 = PRODUCT('FTSH-106-04-L-DH_pins1','FTSH-106-04-L-DH_pins1','',(
    #2103));
#2103 = PRODUCT_CONTEXT('',#2,'mechanical');
#2104 = PRODUCT_DEFINITION_CONTEXT('part definition',#2,'design');
#2105 = ADVANCED_BREP_SHAPE_REPRESENTATION('',(#11,#2106),#5223);
#2106 = MANIFOLD_SOLID_BREP('',#2107);
#2107 = CLOSED_SHELL('',(#2108,#2148,#2188,#2228,#2268,#2308,#2348,#2388
    ,#2428,#2468,#2508,#2539,#2570,#2601,#2632,#2663,#2694,#2725,#2756,
    #2787,#2818,#2849,#2880,#2911,#2942,#2973,#3004,#3035,#3066,#3097,
    #3128,#3168,#3208,#3248,#3288,#3328,#3359,#3390,#3421,#3452,#3483,
    #3514,#3545,#3576,#3607,#3638,#3660,#3682,#3704,#3726,#3748,#3788,
    #3934,#4080,#4111,#4142,#4173,#4204,#4235,#4406,#4437,#4468,#4499,
    #4521,#4548,#4575,#4587,#4599,#4611,#4623,#4640,#4657,#4670,#4683,
    #4700,#4717,#4730,#4743,#4760,#4777,#4790,#4803,#4820,#4837,#4850,
    #4863,#4880,#4897,#4910,#4923,#4941,#4959,#4971,#4983,#5001,#5019,
    #5031,#5043,#5061,#5079,#5091,#5103,#5121,#5139,#5151,#5163,#5181,
    #5199,#5211));
#2108 = ADVANCED_FACE('',(#2109),#2143,.T.);
#2109 = FACE_BOUND('',#2110,.T.);
#2110 = EDGE_LOOP('',(#2111,#2121,#2129,#2137));
#2111 = ORIENTED_EDGE('',*,*,#2112,.F.);
#2112 = EDGE_CURVE('',#2113,#2115,#2117,.T.);
#2113 = VERTEX_POINT('',#2114);
#2114 = CARTESIAN_POINT('',(-2.9718,2.5146,-0.8382));
#2115 = VERTEX_POINT('',#2116);
#2116 = CARTESIAN_POINT('',(-2.9718,6.096,-0.8382));
#2117 = LINE('',#2118,#2119);
#2118 = CARTESIAN_POINT('',(-2.9718,6.096,-0.8382));
#2119 = VECTOR('',#2120,1.);
#2120 = DIRECTION('',(0.,1.,0.));
#2121 = ORIENTED_EDGE('',*,*,#2122,.T.);
#2122 = EDGE_CURVE('',#2113,#2123,#2125,.T.);
#2123 = VERTEX_POINT('',#2124);
#2124 = CARTESIAN_POINT('',(-3.3782,2.5146,-0.8382));
#2125 = LINE('',#2126,#2127);
#2126 = CARTESIAN_POINT('',(3.3782,2.5146,-0.8382));
#2127 = VECTOR('',#2128,1.);
#2128 = DIRECTION('',(-1.,0.,0.));
#2129 = ORIENTED_EDGE('',*,*,#2130,.F.);
#2130 = EDGE_CURVE('',#2131,#2123,#2133,.T.);
#2131 = VERTEX_POINT('',#2132);
#2132 = CARTESIAN_POINT('',(-3.3782,6.096,-0.8382));
#2133 = LINE('',#2134,#2135);
#2134 = CARTESIAN_POINT('',(-3.3782,6.096,-0.8382));
#2135 = VECTOR('',#2136,1.);
#2136 = DIRECTION('',(0.,-1.,0.));
#2137 = ORIENTED_EDGE('',*,*,#2138,.F.);
#2138 = EDGE_CURVE('',#2115,#2131,#2139,.T.);
#2139 = LINE('',#2140,#2141);
#2140 = CARTESIAN_POINT('',(3.3782,6.096,-0.8382));
#2141 = VECTOR('',#2142,1.);
#2142 = DIRECTION('',(-1.,0.,0.));
#2143 = PLANE('',#2144);
#2144 = AXIS2_PLACEMENT_3D('',#2145,#2146,#2147);
#2145 = CARTESIAN_POINT('',(3.3782,6.096,-0.8382));
#2146 = DIRECTION('',(0.,0.,-1.));
#2147 = DIRECTION('',(-1.,0.,0.));
#2148 = ADVANCED_FACE('',(#2149),#2183,.T.);
#2149 = FACE_BOUND('',#2150,.T.);
#2150 = EDGE_LOOP('',(#2151,#2161,#2169,#2177));
#2151 = ORIENTED_EDGE('',*,*,#2152,.F.);
#2152 = EDGE_CURVE('',#2153,#2155,#2157,.T.);
#2153 = VERTEX_POINT('',#2154);
#2154 = CARTESIAN_POINT('',(-2.1082,6.096,-0.8382));
#2155 = VERTEX_POINT('',#2156);
#2156 = CARTESIAN_POINT('',(-2.1082,2.5146,-0.8382));
#2157 = LINE('',#2158,#2159);
#2158 = CARTESIAN_POINT('',(-2.1082,6.096,-0.8382));
#2159 = VECTOR('',#2160,1.);
#2160 = DIRECTION('',(0.,-1.,0.));
#2161 = ORIENTED_EDGE('',*,*,#2162,.F.);
#2162 = EDGE_CURVE('',#2163,#2153,#2165,.T.);
#2163 = VERTEX_POINT('',#2164);
#2164 = CARTESIAN_POINT('',(-1.7018,6.096,-0.8382));
#2165 = LINE('',#2166,#2167);
#2166 = CARTESIAN_POINT('',(3.3782,6.096,-0.8382));
#2167 = VECTOR('',#2168,1.);
#2168 = DIRECTION('',(-1.,0.,0.));
#2169 = ORIENTED_EDGE('',*,*,#2170,.F.);
#2170 = EDGE_CURVE('',#2171,#2163,#2173,.T.);
#2171 = VERTEX_POINT('',#2172);
#2172 = CARTESIAN_POINT('',(-1.7018,2.5146,-0.8382));
#2173 = LINE('',#2174,#2175);
#2174 = CARTESIAN_POINT('',(-1.7018,6.096,-0.8382));
#2175 = VECTOR('',#2176,1.);
#2176 = DIRECTION('',(0.,1.,0.));
#2177 = ORIENTED_EDGE('',*,*,#2178,.T.);
#2178 = EDGE_CURVE('',#2171,#2155,#2179,.T.);
#2179 = LINE('',#2180,#2181);
#2180 = CARTESIAN_POINT('',(3.3782,2.5146,-0.8382));
#2181 = VECTOR('',#2182,1.);
#2182 = DIRECTION('',(-1.,0.,0.));
#2183 = PLANE('',#2184);
#2184 = AXIS2_PLACEMENT_3D('',#2185,#2186,#2187);
#2185 = CARTESIAN_POINT('',(3.3782,6.096,-0.8382));
#2186 = DIRECTION('',(0.,0.,-1.));
#2187 = DIRECTION('',(-1.,0.,0.));
#2188 = ADVANCED_FACE('',(#2189),#2223,.T.);
#2189 = FACE_BOUND('',#2190,.T.);
#2190 = EDGE_LOOP('',(#2191,#2201,#2209,#2217));
#2191 = ORIENTED_EDGE('',*,*,#2192,.F.);
#2192 = EDGE_CURVE('',#2193,#2195,#2197,.T.);
#2193 = VERTEX_POINT('',#2194);
#2194 = CARTESIAN_POINT('',(-0.8382,6.096,-0.8382));
#2195 = VERTEX_POINT('',#2196);
#2196 = CARTESIAN_POINT('',(-0.8382,2.5146,-0.8382));
#2197 = LINE('',#2198,#2199);
#2198 = CARTESIAN_POINT('',(-0.8382,6.096,-0.8382));
#2199 = VECTOR('',#2200,1.);
#2200 = DIRECTION('',(0.,-1.,0.));
#2201 = ORIENTED_EDGE('',*,*,#2202,.F.);
#2202 = EDGE_CURVE('',#2203,#2193,#2205,.T.);
#2203 = VERTEX_POINT('',#2204);
#2204 = CARTESIAN_POINT('',(-0.4318,6.096,-0.8382));
#2205 = LINE('',#2206,#2207);
#2206 = CARTESIAN_POINT('',(3.3782,6.096,-0.8382));
#2207 = VECTOR('',#2208,1.);
#2208 = DIRECTION('',(-1.,0.,0.));
#2209 = ORIENTED_EDGE('',*,*,#2210,.F.);
#2210 = EDGE_CURVE('',#2211,#2203,#2213,.T.);
#2211 = VERTEX_POINT('',#2212);
#2212 = CARTESIAN_POINT('',(-0.4318,2.5146,-0.8382));
#2213 = LINE('',#2214,#2215);
#2214 = CARTESIAN_POINT('',(-0.4318,6.096,-0.8382));
#2215 = VECTOR('',#2216,1.);
#2216 = DIRECTION('',(0.,1.,0.));
#2217 = ORIENTED_EDGE('',*,*,#2218,.T.);
#2218 = EDGE_CURVE('',#2211,#2195,#2219,.T.);
#2219 = LINE('',#2220,#2221);
#2220 = CARTESIAN_POINT('',(3.3782,2.5146,-0.8382));
#2221 = VECTOR('',#2222,1.);
#2222 = DIRECTION('',(-1.,0.,0.));
#2223 = PLANE('',#2224);
#2224 = AXIS2_PLACEMENT_3D('',#2225,#2226,#2227);
#2225 = CARTESIAN_POINT('',(3.3782,6.096,-0.8382));
#2226 = DIRECTION('',(0.,0.,-1.));
#2227 = DIRECTION('',(-1.,0.,0.));
#2228 = ADVANCED_FACE('',(#2229),#2263,.T.);
#2229 = FACE_BOUND('',#2230,.T.);
#2230 = EDGE_LOOP('',(#2231,#2241,#2249,#2257));
#2231 = ORIENTED_EDGE('',*,*,#2232,.F.);
#2232 = EDGE_CURVE('',#2233,#2235,#2237,.T.);
#2233 = VERTEX_POINT('',#2234);
#2234 = CARTESIAN_POINT('',(0.4318,6.096,-0.8382));
#2235 = VERTEX_POINT('',#2236);
#2236 = CARTESIAN_POINT('',(0.4318,2.5146,-0.8382));
#2237 = LINE('',#2238,#2239);
#2238 = CARTESIAN_POINT('',(0.4318,6.096,-0.8382));
#2239 = VECTOR('',#2240,1.);
#2240 = DIRECTION('',(0.,-1.,0.));
#2241 = ORIENTED_EDGE('',*,*,#2242,.F.);
#2242 = EDGE_CURVE('',#2243,#2233,#2245,.T.);
#2243 = VERTEX_POINT('',#2244);
#2244 = CARTESIAN_POINT('',(0.8382,6.096,-0.8382));
#2245 = LINE('',#2246,#2247);
#2246 = CARTESIAN_POINT('',(3.3782,6.096,-0.8382));
#2247 = VECTOR('',#2248,1.);
#2248 = DIRECTION('',(-1.,0.,0.));
#2249 = ORIENTED_EDGE('',*,*,#2250,.F.);
#2250 = EDGE_CURVE('',#2251,#2243,#2253,.T.);
#2251 = VERTEX_POINT('',#2252);
#2252 = CARTESIAN_POINT('',(0.8382,2.5146,-0.8382));
#2253 = LINE('',#2254,#2255);
#2254 = CARTESIAN_POINT('',(0.8382,6.096,-0.8382));
#2255 = VECTOR('',#2256,1.);
#2256 = DIRECTION('',(0.,1.,0.));
#2257 = ORIENTED_EDGE('',*,*,#2258,.T.);
#2258 = EDGE_CURVE('',#2251,#2235,#2259,.T.);
#2259 = LINE('',#2260,#2261);
#2260 = CARTESIAN_POINT('',(3.3782,2.5146,-0.8382));
#2261 = VECTOR('',#2262,1.);
#2262 = DIRECTION('',(-1.,0.,0.));
#2263 = PLANE('',#2264);
#2264 = AXIS2_PLACEMENT_3D('',#2265,#2266,#2267);
#2265 = CARTESIAN_POINT('',(3.3782,6.096,-0.8382));
#2266 = DIRECTION('',(0.,0.,-1.));
#2267 = DIRECTION('',(-1.,0.,0.));
#2268 = ADVANCED_FACE('',(#2269),#2303,.T.);
#2269 = FACE_BOUND('',#2270,.T.);
#2270 = EDGE_LOOP('',(#2271,#2281,#2289,#2297));
#2271 = ORIENTED_EDGE('',*,*,#2272,.F.);
#2272 = EDGE_CURVE('',#2273,#2275,#2277,.T.);
#2273 = VERTEX_POINT('',#2274);
#2274 = CARTESIAN_POINT('',(1.7018,6.096,-0.8382));
#2275 = VERTEX_POINT('',#2276);
#2276 = CARTESIAN_POINT('',(1.7018,2.5146,-0.8382));
#2277 = LINE('',#2278,#2279);
#2278 = CARTESIAN_POINT('',(1.7018,6.096,-0.8382));
#2279 = VECTOR('',#2280,1.);
#2280 = DIRECTION('',(0.,-1.,0.));
#2281 = ORIENTED_EDGE('',*,*,#2282,.F.);
#2282 = EDGE_CURVE('',#2283,#2273,#2285,.T.);
#2283 = VERTEX_POINT('',#2284);
#2284 = CARTESIAN_POINT('',(2.1082,6.096,-0.8382));
#2285 = LINE('',#2286,#2287);
#2286 = CARTESIAN_POINT('',(3.3782,6.096,-0.8382));
#2287 = VECTOR('',#2288,1.);
#2288 = DIRECTION('',(-1.,0.,0.));
#2289 = ORIENTED_EDGE('',*,*,#2290,.F.);
#2290 = EDGE_CURVE('',#2291,#2283,#2293,.T.);
#2291 = VERTEX_POINT('',#2292);
#2292 = CARTESIAN_POINT('',(2.1082,2.5146,-0.8382));
#2293 = LINE('',#2294,#2295);
#2294 = CARTESIAN_POINT('',(2.1082,6.096,-0.8382));
#2295 = VECTOR('',#2296,1.);
#2296 = DIRECTION('',(0.,1.,0.));
#2297 = ORIENTED_EDGE('',*,*,#2298,.T.);
#2298 = EDGE_CURVE('',#2291,#2275,#2299,.T.);
#2299 = LINE('',#2300,#2301);
#2300 = CARTESIAN_POINT('',(3.3782,2.5146,-0.8382));
#2301 = VECTOR('',#2302,1.);
#2302 = DIRECTION('',(-1.,0.,0.));
#2303 = PLANE('',#2304);
#2304 = AXIS2_PLACEMENT_3D('',#2305,#2306,#2307);
#2305 = CARTESIAN_POINT('',(3.3782,6.096,-0.8382));
#2306 = DIRECTION('',(0.,0.,-1.));
#2307 = DIRECTION('',(-1.,0.,0.));
#2308 = ADVANCED_FACE('',(#2309),#2343,.T.);
#2309 = FACE_BOUND('',#2310,.T.);
#2310 = EDGE_LOOP('',(#2311,#2321,#2329,#2337));
#2311 = ORIENTED_EDGE('',*,*,#2312,.F.);
#2312 = EDGE_CURVE('',#2313,#2315,#2317,.T.);
#2313 = VERTEX_POINT('',#2314);
#2314 = CARTESIAN_POINT('',(-2.9718,6.096,0.8382));
#2315 = VERTEX_POINT('',#2316);
#2316 = CARTESIAN_POINT('',(-2.9718,2.5146,0.8382));
#2317 = LINE('',#2318,#2319);
#2318 = CARTESIAN_POINT('',(-2.9718,2.5146,0.8382));
#2319 = VECTOR('',#2320,1.);
#2320 = DIRECTION('',(0.,-1.,0.));
#2321 = ORIENTED_EDGE('',*,*,#2322,.T.);
#2322 = EDGE_CURVE('',#2313,#2323,#2325,.T.);
#2323 = VERTEX_POINT('',#2324);
#2324 = CARTESIAN_POINT('',(-3.3782,6.096,0.8382));
#2325 = LINE('',#2326,#2327);
#2326 = CARTESIAN_POINT('',(3.3782,6.096,0.8382));
#2327 = VECTOR('',#2328,1.);
#2328 = DIRECTION('',(-1.,0.,0.));
#2329 = ORIENTED_EDGE('',*,*,#2330,.F.);
#2330 = EDGE_CURVE('',#2331,#2323,#2333,.T.);
#2331 = VERTEX_POINT('',#2332);
#2332 = CARTESIAN_POINT('',(-3.3782,2.5146,0.8382));
#2333 = LINE('',#2334,#2335);
#2334 = CARTESIAN_POINT('',(-3.3782,2.5146,0.8382));
#2335 = VECTOR('',#2336,1.);
#2336 = DIRECTION('',(0.,1.,0.));
#2337 = ORIENTED_EDGE('',*,*,#2338,.F.);
#2338 = EDGE_CURVE('',#2315,#2331,#2339,.T.);
#2339 = LINE('',#2340,#2341);
#2340 = CARTESIAN_POINT('',(3.3782,2.5146,0.8382));
#2341 = VECTOR('',#2342,1.);
#2342 = DIRECTION('',(-1.,0.,0.));
#2343 = PLANE('',#2344);
#2344 = AXIS2_PLACEMENT_3D('',#2345,#2346,#2347);
#2345 = CARTESIAN_POINT('',(3.3782,2.5146,0.8382));
#2346 = DIRECTION('',(0.,0.,1.));
#2347 = DIRECTION('',(1.,0.,-0.));
#2348 = ADVANCED_FACE('',(#2349),#2383,.T.);
#2349 = FACE_BOUND('',#2350,.T.);
#2350 = EDGE_LOOP('',(#2351,#2361,#2369,#2377));
#2351 = ORIENTED_EDGE('',*,*,#2352,.F.);
#2352 = EDGE_CURVE('',#2353,#2355,#2357,.T.);
#2353 = VERTEX_POINT('',#2354);
#2354 = CARTESIAN_POINT('',(-2.1082,2.5146,0.8382));
#2355 = VERTEX_POINT('',#2356);
#2356 = CARTESIAN_POINT('',(-2.1082,6.096,0.8382));
#2357 = LINE('',#2358,#2359);
#2358 = CARTESIAN_POINT('',(-2.1082,2.5146,0.8382));
#2359 = VECTOR('',#2360,1.);
#2360 = DIRECTION('',(0.,1.,0.));
#2361 = ORIENTED_EDGE('',*,*,#2362,.F.);
#2362 = EDGE_CURVE('',#2363,#2353,#2365,.T.);
#2363 = VERTEX_POINT('',#2364);
#2364 = CARTESIAN_POINT('',(-1.7018,2.5146,0.8382));
#2365 = LINE('',#2366,#2367);
#2366 = CARTESIAN_POINT('',(3.3782,2.5146,0.8382));
#2367 = VECTOR('',#2368,1.);
#2368 = DIRECTION('',(-1.,0.,0.));
#2369 = ORIENTED_EDGE('',*,*,#2370,.F.);
#2370 = EDGE_CURVE('',#2371,#2363,#2373,.T.);
#2371 = VERTEX_POINT('',#2372);
#2372 = CARTESIAN_POINT('',(-1.7018,6.096,0.8382));
#2373 = LINE('',#2374,#2375);
#2374 = CARTESIAN_POINT('',(-1.7018,2.5146,0.8382));
#2375 = VECTOR('',#2376,1.);
#2376 = DIRECTION('',(0.,-1.,0.));
#2377 = ORIENTED_EDGE('',*,*,#2378,.T.);
#2378 = EDGE_CURVE('',#2371,#2355,#2379,.T.);
#2379 = LINE('',#2380,#2381);
#2380 = CARTESIAN_POINT('',(3.3782,6.096,0.8382));
#2381 = VECTOR('',#2382,1.);
#2382 = DIRECTION('',(-1.,0.,0.));
#2383 = PLANE('',#2384);
#2384 = AXIS2_PLACEMENT_3D('',#2385,#2386,#2387);
#2385 = CARTESIAN_POINT('',(3.3782,2.5146,0.8382));
#2386 = DIRECTION('',(0.,0.,1.));
#2387 = DIRECTION('',(1.,0.,-0.));
#2388 = ADVANCED_FACE('',(#2389),#2423,.T.);
#2389 = FACE_BOUND('',#2390,.T.);
#2390 = EDGE_LOOP('',(#2391,#2401,#2409,#2417));
#2391 = ORIENTED_EDGE('',*,*,#2392,.F.);
#2392 = EDGE_CURVE('',#2393,#2395,#2397,.T.);
#2393 = VERTEX_POINT('',#2394);
#2394 = CARTESIAN_POINT('',(-0.8382,2.5146,0.8382));
#2395 = VERTEX_POINT('',#2396);
#2396 = CARTESIAN_POINT('',(-0.8382,6.096,0.8382));
#2397 = LINE('',#2398,#2399);
#2398 = CARTESIAN_POINT('',(-0.8382,2.5146,0.8382));
#2399 = VECTOR('',#2400,1.);
#2400 = DIRECTION('',(0.,1.,0.));
#2401 = ORIENTED_EDGE('',*,*,#2402,.F.);
#2402 = EDGE_CURVE('',#2403,#2393,#2405,.T.);
#2403 = VERTEX_POINT('',#2404);
#2404 = CARTESIAN_POINT('',(-0.4318,2.5146,0.8382));
#2405 = LINE('',#2406,#2407);
#2406 = CARTESIAN_POINT('',(3.3782,2.5146,0.8382));
#2407 = VECTOR('',#2408,1.);
#2408 = DIRECTION('',(-1.,0.,0.));
#2409 = ORIENTED_EDGE('',*,*,#2410,.F.);
#2410 = EDGE_CURVE('',#2411,#2403,#2413,.T.);
#2411 = VERTEX_POINT('',#2412);
#2412 = CARTESIAN_POINT('',(-0.4318,6.096,0.8382));
#2413 = LINE('',#2414,#2415);
#2414 = CARTESIAN_POINT('',(-0.4318,2.5146,0.8382));
#2415 = VECTOR('',#2416,1.);
#2416 = DIRECTION('',(0.,-1.,0.));
#2417 = ORIENTED_EDGE('',*,*,#2418,.T.);
#2418 = EDGE_CURVE('',#2411,#2395,#2419,.T.);
#2419 = LINE('',#2420,#2421);
#2420 = CARTESIAN_POINT('',(3.3782,6.096,0.8382));
#2421 = VECTOR('',#2422,1.);
#2422 = DIRECTION('',(-1.,0.,0.));
#2423 = PLANE('',#2424);
#2424 = AXIS2_PLACEMENT_3D('',#2425,#2426,#2427);
#2425 = CARTESIAN_POINT('',(3.3782,2.5146,0.8382));
#2426 = DIRECTION('',(0.,0.,1.));
#2427 = DIRECTION('',(1.,0.,-0.));
#2428 = ADVANCED_FACE('',(#2429),#2463,.T.);
#2429 = FACE_BOUND('',#2430,.T.);
#2430 = EDGE_LOOP('',(#2431,#2441,#2449,#2457));
#2431 = ORIENTED_EDGE('',*,*,#2432,.F.);
#2432 = EDGE_CURVE('',#2433,#2435,#2437,.T.);
#2433 = VERTEX_POINT('',#2434);
#2434 = CARTESIAN_POINT('',(0.4318,2.5146,0.8382));
#2435 = VERTEX_POINT('',#2436);
#2436 = CARTESIAN_POINT('',(0.4318,6.096,0.8382));
#2437 = LINE('',#2438,#2439);
#2438 = CARTESIAN_POINT('',(0.4318,2.5146,0.8382));
#2439 = VECTOR('',#2440,1.);
#2440 = DIRECTION('',(0.,1.,0.));
#2441 = ORIENTED_EDGE('',*,*,#2442,.F.);
#2442 = EDGE_CURVE('',#2443,#2433,#2445,.T.);
#2443 = VERTEX_POINT('',#2444);
#2444 = CARTESIAN_POINT('',(0.8382,2.5146,0.8382));
#2445 = LINE('',#2446,#2447);
#2446 = CARTESIAN_POINT('',(3.3782,2.5146,0.8382));
#2447 = VECTOR('',#2448,1.);
#2448 = DIRECTION('',(-1.,0.,0.));
#2449 = ORIENTED_EDGE('',*,*,#2450,.F.);
#2450 = EDGE_CURVE('',#2451,#2443,#2453,.T.);
#2451 = VERTEX_POINT('',#2452);
#2452 = CARTESIAN_POINT('',(0.8382,6.096,0.8382));
#2453 = LINE('',#2454,#2455);
#2454 = CARTESIAN_POINT('',(0.8382,2.5146,0.8382));
#2455 = VECTOR('',#2456,1.);
#2456 = DIRECTION('',(0.,-1.,0.));
#2457 = ORIENTED_EDGE('',*,*,#2458,.T.);
#2458 = EDGE_CURVE('',#2451,#2435,#2459,.T.);
#2459 = LINE('',#2460,#2461);
#2460 = CARTESIAN_POINT('',(3.3782,6.096,0.8382));
#2461 = VECTOR('',#2462,1.);
#2462 = DIRECTION('',(-1.,0.,0.));
#2463 = PLANE('',#2464);
#2464 = AXIS2_PLACEMENT_3D('',#2465,#2466,#2467);
#2465 = CARTESIAN_POINT('',(3.3782,2.5146,0.8382));
#2466 = DIRECTION('',(0.,0.,1.));
#2467 = DIRECTION('',(1.,0.,-0.));
#2468 = ADVANCED_FACE('',(#2469),#2503,.T.);
#2469 = FACE_BOUND('',#2470,.T.);
#2470 = EDGE_LOOP('',(#2471,#2481,#2489,#2497));
#2471 = ORIENTED_EDGE('',*,*,#2472,.F.);
#2472 = EDGE_CURVE('',#2473,#2475,#2477,.T.);
#2473 = VERTEX_POINT('',#2474);
#2474 = CARTESIAN_POINT('',(1.7018,2.5146,0.8382));
#2475 = VERTEX_POINT('',#2476);
#2476 = CARTESIAN_POINT('',(1.7018,6.096,0.8382));
#2477 = LINE('',#2478,#2479);
#2478 = CARTESIAN_POINT('',(1.7018,2.5146,0.8382));
#2479 = VECTOR('',#2480,1.);
#2480 = DIRECTION('',(0.,1.,0.));
#2481 = ORIENTED_EDGE('',*,*,#2482,.F.);
#2482 = EDGE_CURVE('',#2483,#2473,#2485,.T.);
#2483 = VERTEX_POINT('',#2484);
#2484 = CARTESIAN_POINT('',(2.1082,2.5146,0.8382));
#2485 = LINE('',#2486,#2487);
#2486 = CARTESIAN_POINT('',(3.3782,2.5146,0.8382));
#2487 = VECTOR('',#2488,1.);
#2488 = DIRECTION('',(-1.,0.,0.));
#2489 = ORIENTED_EDGE('',*,*,#2490,.F.);
#2490 = EDGE_CURVE('',#2491,#2483,#2493,.T.);
#2491 = VERTEX_POINT('',#2492);
#2492 = CARTESIAN_POINT('',(2.1082,6.096,0.8382));
#2493 = LINE('',#2494,#2495);
#2494 = CARTESIAN_POINT('',(2.1082,2.5146,0.8382));
#2495 = VECTOR('',#2496,1.);
#2496 = DIRECTION('',(0.,-1.,0.));
#2497 = ORIENTED_EDGE('',*,*,#2498,.T.);
#2498 = EDGE_CURVE('',#2491,#2475,#2499,.T.);
#2499 = LINE('',#2500,#2501);
#2500 = CARTESIAN_POINT('',(3.3782,6.096,0.8382));
#2501 = VECTOR('',#2502,1.);
#2502 = DIRECTION('',(-1.,0.,0.));
#2503 = PLANE('',#2504);
#2504 = AXIS2_PLACEMENT_3D('',#2505,#2506,#2507);
#2505 = CARTESIAN_POINT('',(3.3782,2.5146,0.8382));
#2506 = DIRECTION('',(0.,0.,1.));
#2507 = DIRECTION('',(1.,0.,-0.));
#2508 = ADVANCED_FACE('',(#2509),#2534,.T.);
#2509 = FACE_BOUND('',#2510,.T.);
#2510 = EDGE_LOOP('',(#2511,#2519,#2520,#2528));
#2511 = ORIENTED_EDGE('',*,*,#2512,.F.);
#2512 = EDGE_CURVE('',#2323,#2513,#2515,.T.);
#2513 = VERTEX_POINT('',#2514);
#2514 = CARTESIAN_POINT('',(-3.246217728463,6.3246,0.706217728463));
#2515 = LINE('',#2516,#2517);
#2516 = CARTESIAN_POINT('',(-2.026919999999,8.436485615253,-0.51308));
#2517 = VECTOR('',#2518,1.);
#2518 = DIRECTION('',(0.4472135955,0.774596669241,-0.4472135955));
#2519 = ORIENTED_EDGE('',*,*,#2322,.F.);
#2520 = ORIENTED_EDGE('',*,*,#2521,.F.);
#2521 = EDGE_CURVE('',#2522,#2313,#2524,.T.);
#2522 = VERTEX_POINT('',#2523);
#2523 = CARTESIAN_POINT('',(-3.103782271537,6.3246,0.706217728463));
#2524 = LINE('',#2525,#2526);
#2525 = CARTESIAN_POINT('',(-1.701799999999,3.896295474387,2.1082));
#2526 = VECTOR('',#2527,1.);
#2527 = DIRECTION('',(0.4472135955,-0.774596669241,0.4472135955));
#2528 = ORIENTED_EDGE('',*,*,#2529,.T.);
#2529 = EDGE_CURVE('',#2522,#2513,#2530,.T.);
#2530 = LINE('',#2531,#2532);
#2531 = CARTESIAN_POINT('',(3.3782,6.3246,0.706217728463));
#2532 = VECTOR('',#2533,1.);
#2533 = DIRECTION('',(-1.,0.,0.));
#2534 = PLANE('',#2535);
#2535 = AXIS2_PLACEMENT_3D('',#2536,#2537,#2538);
#2536 = CARTESIAN_POINT('',(3.3782,6.096,0.8382));
#2537 = DIRECTION('',(0.,0.5,0.866025403784));
#2538 = DIRECTION('',(0.,-0.866025403784,0.5));
#2539 = ADVANCED_FACE('',(#2540),#2565,.T.);
#2540 = FACE_BOUND('',#2541,.T.);
#2541 = EDGE_LOOP('',(#2542,#2550,#2551,#2559));
#2542 = ORIENTED_EDGE('',*,*,#2543,.F.);
#2543 = EDGE_CURVE('',#2355,#2544,#2546,.T.);
#2544 = VERTEX_POINT('',#2545);
#2545 = CARTESIAN_POINT('',(-1.976217728463,6.3246,0.706217728463));
#2546 = LINE('',#2547,#2548);
#2547 = CARTESIAN_POINT('',(-1.010919999999,7.99654471013,-0.25908));
#2548 = VECTOR('',#2549,1.);
#2549 = DIRECTION('',(0.4472135955,0.774596669241,-0.4472135955));
#2550 = ORIENTED_EDGE('',*,*,#2378,.F.);
#2551 = ORIENTED_EDGE('',*,*,#2552,.F.);
#2552 = EDGE_CURVE('',#2553,#2371,#2555,.T.);
#2553 = VERTEX_POINT('',#2554);
#2554 = CARTESIAN_POINT('',(-1.833782271537,6.3246,0.706217728463));
#2555 = LINE('',#2556,#2557);
#2556 = CARTESIAN_POINT('',(-0.685799999999,4.336236379509,1.8542));
#2557 = VECTOR('',#2558,1.);
#2558 = DIRECTION('',(0.4472135955,-0.774596669241,0.4472135955));
#2559 = ORIENTED_EDGE('',*,*,#2560,.T.);
#2560 = EDGE_CURVE('',#2553,#2544,#2561,.T.);
#2561 = LINE('',#2562,#2563);
#2562 = CARTESIAN_POINT('',(3.3782,6.3246,0.706217728463));
#2563 = VECTOR('',#2564,1.);
#2564 = DIRECTION('',(-1.,0.,0.));
#2565 = PLANE('',#2566);
#2566 = AXIS2_PLACEMENT_3D('',#2567,#2568,#2569);
#2567 = CARTESIAN_POINT('',(3.3782,6.096,0.8382));
#2568 = DIRECTION('',(0.,0.5,0.866025403784));
#2569 = DIRECTION('',(0.,-0.866025403784,0.5));
#2570 = ADVANCED_FACE('',(#2571),#2596,.T.);
#2571 = FACE_BOUND('',#2572,.T.);
#2572 = EDGE_LOOP('',(#2573,#2581,#2582,#2590));
#2573 = ORIENTED_EDGE('',*,*,#2574,.F.);
#2574 = EDGE_CURVE('',#2395,#2575,#2577,.T.);
#2575 = VERTEX_POINT('',#2576);
#2576 = CARTESIAN_POINT('',(-0.706217728463,6.3246,0.706217728463));
#2577 = LINE('',#2578,#2579);
#2578 = CARTESIAN_POINT('',(5.08000000091E-03,7.556603805007,
    -5.08000000024E-03));
#2579 = VECTOR('',#2580,1.);
#2580 = DIRECTION('',(0.4472135955,0.774596669241,-0.4472135955));
#2581 = ORIENTED_EDGE('',*,*,#2418,.F.);
#2582 = ORIENTED_EDGE('',*,*,#2583,.F.);
#2583 = EDGE_CURVE('',#2584,#2411,#2586,.T.);
#2584 = VERTEX_POINT('',#2585);
#2585 = CARTESIAN_POINT('',(-0.563782271537,6.3246,0.706217728463));
#2586 = LINE('',#2587,#2588);
#2587 = CARTESIAN_POINT('',(0.330200000001,4.776177284632,1.6002));
#2588 = VECTOR('',#2589,1.);
#2589 = DIRECTION('',(0.4472135955,-0.774596669241,0.4472135955));
#2590 = ORIENTED_EDGE('',*,*,#2591,.T.);
#2591 = EDGE_CURVE('',#2584,#2575,#2592,.T.);
#2592 = LINE('',#2593,#2594);
#2593 = CARTESIAN_POINT('',(3.3782,6.3246,0.706217728463));
#2594 = VECTOR('',#2595,1.);
#2595 = DIRECTION('',(-1.,0.,0.));
#2596 = PLANE('',#2597);
#2597 = AXIS2_PLACEMENT_3D('',#2598,#2599,#2600);
#2598 = CARTESIAN_POINT('',(3.3782,6.096,0.8382));
#2599 = DIRECTION('',(0.,0.5,0.866025403784));
#2600 = DIRECTION('',(0.,-0.866025403784,0.5));
#2601 = ADVANCED_FACE('',(#2602),#2627,.T.);
#2602 = FACE_BOUND('',#2603,.T.);
#2603 = EDGE_LOOP('',(#2604,#2612,#2613,#2621));
#2604 = ORIENTED_EDGE('',*,*,#2605,.F.);
#2605 = EDGE_CURVE('',#2435,#2606,#2608,.T.);
#2606 = VERTEX_POINT('',#2607);
#2607 = CARTESIAN_POINT('',(0.563782271537,6.3246,0.706217728463));
#2608 = LINE('',#2609,#2610);
#2609 = CARTESIAN_POINT('',(1.021080000001,7.116662899885,0.24892));
#2610 = VECTOR('',#2611,1.);
#2611 = DIRECTION('',(0.4472135955,0.774596669241,-0.4472135955));
#2612 = ORIENTED_EDGE('',*,*,#2458,.F.);
#2613 = ORIENTED_EDGE('',*,*,#2614,.F.);
#2614 = EDGE_CURVE('',#2615,#2451,#2617,.T.);
#2615 = VERTEX_POINT('',#2616);
#2616 = CARTESIAN_POINT('',(0.706217728463,6.3246,0.706217728463));
#2617 = LINE('',#2618,#2619);
#2618 = CARTESIAN_POINT('',(1.346200000001,5.216118189755,1.3462));
#2619 = VECTOR('',#2620,1.);
#2620 = DIRECTION('',(0.4472135955,-0.774596669241,0.4472135955));
#2621 = ORIENTED_EDGE('',*,*,#2622,.T.);
#2622 = EDGE_CURVE('',#2615,#2606,#2623,.T.);
#2623 = LINE('',#2624,#2625);
#2624 = CARTESIAN_POINT('',(3.3782,6.3246,0.706217728463));
#2625 = VECTOR('',#2626,1.);
#2626 = DIRECTION('',(-1.,0.,0.));
#2627 = PLANE('',#2628);
#2628 = AXIS2_PLACEMENT_3D('',#2629,#2630,#2631);
#2629 = CARTESIAN_POINT('',(3.3782,6.096,0.8382));
#2630 = DIRECTION('',(0.,0.5,0.866025403784));
#2631 = DIRECTION('',(0.,-0.866025403784,0.5));
#2632 = ADVANCED_FACE('',(#2633),#2658,.T.);
#2633 = FACE_BOUND('',#2634,.T.);
#2634 = EDGE_LOOP('',(#2635,#2643,#2644,#2652));
#2635 = ORIENTED_EDGE('',*,*,#2636,.F.);
#2636 = EDGE_CURVE('',#2475,#2637,#2639,.T.);
#2637 = VERTEX_POINT('',#2638);
#2638 = CARTESIAN_POINT('',(1.833782271537,6.3246,0.706217728463));
#2639 = LINE('',#2640,#2641);
#2640 = CARTESIAN_POINT('',(2.03708,6.676721994762,0.50292));
#2641 = VECTOR('',#2642,1.);
#2642 = DIRECTION('',(0.4472135955,0.774596669241,-0.4472135955));
#2643 = ORIENTED_EDGE('',*,*,#2498,.F.);
#2644 = ORIENTED_EDGE('',*,*,#2645,.F.);
#2645 = EDGE_CURVE('',#2646,#2491,#2648,.T.);
#2646 = VERTEX_POINT('',#2647);
#2647 = CARTESIAN_POINT('',(1.976217728463,6.3246,0.706217728463));
#2648 = LINE('',#2649,#2650);
#2649 = CARTESIAN_POINT('',(2.3622,5.656059094877,1.0922));
#2650 = VECTOR('',#2651,1.);
#2651 = DIRECTION('',(0.4472135955,-0.774596669241,0.4472135955));
#2652 = ORIENTED_EDGE('',*,*,#2653,.T.);
#2653 = EDGE_CURVE('',#2646,#2637,#2654,.T.);
#2654 = LINE('',#2655,#2656);
#2655 = CARTESIAN_POINT('',(3.3782,6.3246,0.706217728463));
#2656 = VECTOR('',#2657,1.);
#2657 = DIRECTION('',(-1.,0.,0.));
#2658 = PLANE('',#2659);
#2659 = AXIS2_PLACEMENT_3D('',#2660,#2661,#2662);
#2660 = CARTESIAN_POINT('',(3.3782,6.096,0.8382));
#2661 = DIRECTION('',(0.,0.5,0.866025403784));
#2662 = DIRECTION('',(0.,-0.866025403784,0.5));
#2663 = ADVANCED_FACE('',(#2664),#2689,.T.);
#2664 = FACE_BOUND('',#2665,.T.);
#2665 = EDGE_LOOP('',(#2666,#2674,#2675,#2683));
#2666 = ORIENTED_EDGE('',*,*,#2667,.F.);
#2667 = EDGE_CURVE('',#2513,#2668,#2670,.T.);
#2668 = VERTEX_POINT('',#2669);
#2669 = CARTESIAN_POINT('',(-3.246217728463,6.3246,0.563782271537));
#2670 = LINE('',#2671,#2672);
#2671 = CARTESIAN_POINT('',(-3.246217728463,6.3246,12.7));
#2672 = VECTOR('',#2673,1.);
#2673 = DIRECTION('',(0.,0.,-1.));
#2674 = ORIENTED_EDGE('',*,*,#2529,.F.);
#2675 = ORIENTED_EDGE('',*,*,#2676,.T.);
#2676 = EDGE_CURVE('',#2522,#2677,#2679,.T.);
#2677 = VERTEX_POINT('',#2678);
#2678 = CARTESIAN_POINT('',(-3.103782271537,6.3246,0.563782271537));
#2679 = LINE('',#2680,#2681);
#2680 = CARTESIAN_POINT('',(-3.103782271537,6.3246,12.7));
#2681 = VECTOR('',#2682,1.);
#2682 = DIRECTION('',(0.,0.,-1.));
#2683 = ORIENTED_EDGE('',*,*,#2684,.T.);
#2684 = EDGE_CURVE('',#2677,#2668,#2685,.T.);
#2685 = LINE('',#2686,#2687);
#2686 = CARTESIAN_POINT('',(3.3782,6.3246,0.563782271537));
#2687 = VECTOR('',#2688,1.);
#2688 = DIRECTION('',(-1.,0.,0.));
#2689 = PLANE('',#2690);
#2690 = AXIS2_PLACEMENT_3D('',#2691,#2692,#2693);
#2691 = CARTESIAN_POINT('',(3.3782,6.3246,0.706217728463));
#2692 = DIRECTION('',(0.,1.,0.));
#2693 = DIRECTION('',(0.,-0.,1.));
#2694 = ADVANCED_FACE('',(#2695),#2720,.T.);
#2695 = FACE_BOUND('',#2696,.T.);
#2696 = EDGE_LOOP('',(#2697,#2705,#2706,#2714));
#2697 = ORIENTED_EDGE('',*,*,#2698,.F.);
#2698 = EDGE_CURVE('',#2544,#2699,#2701,.T.);
#2699 = VERTEX_POINT('',#2700);
#2700 = CARTESIAN_POINT('',(-1.976217728463,6.3246,0.563782271537));
#2701 = LINE('',#2702,#2703);
#2702 = CARTESIAN_POINT('',(-1.976217728463,6.3246,12.7));
#2703 = VECTOR('',#2704,1.);
#2704 = DIRECTION('',(0.,0.,-1.));
#2705 = ORIENTED_EDGE('',*,*,#2560,.F.);
#2706 = ORIENTED_EDGE('',*,*,#2707,.T.);
#2707 = EDGE_CURVE('',#2553,#2708,#2710,.T.);
#2708 = VERTEX_POINT('',#2709);
#2709 = CARTESIAN_POINT('',(-1.833782271537,6.3246,0.563782271537));
#2710 = LINE('',#2711,#2712);
#2711 = CARTESIAN_POINT('',(-1.833782271537,6.3246,12.7));
#2712 = VECTOR('',#2713,1.);
#2713 = DIRECTION('',(0.,0.,-1.));
#2714 = ORIENTED_EDGE('',*,*,#2715,.T.);
#2715 = EDGE_CURVE('',#2708,#2699,#2716,.T.);
#2716 = LINE('',#2717,#2718);
#2717 = CARTESIAN_POINT('',(3.3782,6.3246,0.563782271537));
#2718 = VECTOR('',#2719,1.);
#2719 = DIRECTION('',(-1.,0.,0.));
#2720 = PLANE('',#2721);
#2721 = AXIS2_PLACEMENT_3D('',#2722,#2723,#2724);
#2722 = CARTESIAN_POINT('',(3.3782,6.3246,0.706217728463));
#2723 = DIRECTION('',(0.,1.,0.));
#2724 = DIRECTION('',(0.,-0.,1.));
#2725 = ADVANCED_FACE('',(#2726),#2751,.T.);
#2726 = FACE_BOUND('',#2727,.T.);
#2727 = EDGE_LOOP('',(#2728,#2736,#2737,#2745));
#2728 = ORIENTED_EDGE('',*,*,#2729,.F.);
#2729 = EDGE_CURVE('',#2575,#2730,#2732,.T.);
#2730 = VERTEX_POINT('',#2731);
#2731 = CARTESIAN_POINT('',(-0.706217728463,6.3246,0.563782271537));
#2732 = LINE('',#2733,#2734);
#2733 = CARTESIAN_POINT('',(-0.706217728463,6.3246,12.7));
#2734 = VECTOR('',#2735,1.);
#2735 = DIRECTION('',(0.,0.,-1.));
#2736 = ORIENTED_EDGE('',*,*,#2591,.F.);
#2737 = ORIENTED_EDGE('',*,*,#2738,.T.);
#2738 = EDGE_CURVE('',#2584,#2739,#2741,.T.);
#2739 = VERTEX_POINT('',#2740);
#2740 = CARTESIAN_POINT('',(-0.563782271537,6.3246,0.563782271537));
#2741 = LINE('',#2742,#2743);
#2742 = CARTESIAN_POINT('',(-0.563782271537,6.3246,12.7));
#2743 = VECTOR('',#2744,1.);
#2744 = DIRECTION('',(0.,0.,-1.));
#2745 = ORIENTED_EDGE('',*,*,#2746,.T.);
#2746 = EDGE_CURVE('',#2739,#2730,#2747,.T.);
#2747 = LINE('',#2748,#2749);
#2748 = CARTESIAN_POINT('',(3.3782,6.3246,0.563782271537));
#2749 = VECTOR('',#2750,1.);
#2750 = DIRECTION('',(-1.,0.,0.));
#2751 = PLANE('',#2752);
#2752 = AXIS2_PLACEMENT_3D('',#2753,#2754,#2755);
#2753 = CARTESIAN_POINT('',(3.3782,6.3246,0.706217728463));
#2754 = DIRECTION('',(0.,1.,0.));
#2755 = DIRECTION('',(0.,-0.,1.));
#2756 = ADVANCED_FACE('',(#2757),#2782,.T.);
#2757 = FACE_BOUND('',#2758,.T.);
#2758 = EDGE_LOOP('',(#2759,#2767,#2768,#2776));
#2759 = ORIENTED_EDGE('',*,*,#2760,.F.);
#2760 = EDGE_CURVE('',#2606,#2761,#2763,.T.);
#2761 = VERTEX_POINT('',#2762);
#2762 = CARTESIAN_POINT('',(0.563782271537,6.3246,0.563782271537));
#2763 = LINE('',#2764,#2765);
#2764 = CARTESIAN_POINT('',(0.563782271537,6.3246,12.7));
#2765 = VECTOR('',#2766,1.);
#2766 = DIRECTION('',(0.,0.,-1.));
#2767 = ORIENTED_EDGE('',*,*,#2622,.F.);
#2768 = ORIENTED_EDGE('',*,*,#2769,.T.);
#2769 = EDGE_CURVE('',#2615,#2770,#2772,.T.);
#2770 = VERTEX_POINT('',#2771);
#2771 = CARTESIAN_POINT('',(0.706217728463,6.3246,0.563782271537));
#2772 = LINE('',#2773,#2774);
#2773 = CARTESIAN_POINT('',(0.706217728463,6.3246,12.7));
#2774 = VECTOR('',#2775,1.);
#2775 = DIRECTION('',(0.,0.,-1.));
#2776 = ORIENTED_EDGE('',*,*,#2777,.T.);
#2777 = EDGE_CURVE('',#2770,#2761,#2778,.T.);
#2778 = LINE('',#2779,#2780);
#2779 = CARTESIAN_POINT('',(3.3782,6.3246,0.563782271537));
#2780 = VECTOR('',#2781,1.);
#2781 = DIRECTION('',(-1.,0.,0.));
#2782 = PLANE('',#2783);
#2783 = AXIS2_PLACEMENT_3D('',#2784,#2785,#2786);
#2784 = CARTESIAN_POINT('',(3.3782,6.3246,0.706217728463));
#2785 = DIRECTION('',(0.,1.,0.));
#2786 = DIRECTION('',(0.,-0.,1.));
#2787 = ADVANCED_FACE('',(#2788),#2813,.T.);
#2788 = FACE_BOUND('',#2789,.T.);
#2789 = EDGE_LOOP('',(#2790,#2798,#2799,#2807));
#2790 = ORIENTED_EDGE('',*,*,#2791,.F.);
#2791 = EDGE_CURVE('',#2637,#2792,#2794,.T.);
#2792 = VERTEX_POINT('',#2793);
#2793 = CARTESIAN_POINT('',(1.833782271537,6.3246,0.563782271537));
#2794 = LINE('',#2795,#2796);
#2795 = CARTESIAN_POINT('',(1.833782271537,6.3246,12.7));
#2796 = VECTOR('',#2797,1.);
#2797 = DIRECTION('',(0.,0.,-1.));
#2798 = ORIENTED_EDGE('',*,*,#2653,.F.);
#2799 = ORIENTED_EDGE('',*,*,#2800,.T.);
#2800 = EDGE_CURVE('',#2646,#2801,#2803,.T.);
#2801 = VERTEX_POINT('',#2802);
#2802 = CARTESIAN_POINT('',(1.976217728463,6.3246,0.563782271537));
#2803 = LINE('',#2804,#2805);
#2804 = CARTESIAN_POINT('',(1.976217728463,6.3246,12.7));
#2805 = VECTOR('',#2806,1.);
#2806 = DIRECTION('',(0.,0.,-1.));
#2807 = ORIENTED_EDGE('',*,*,#2808,.T.);
#2808 = EDGE_CURVE('',#2801,#2792,#2809,.T.);
#2809 = LINE('',#2810,#2811);
#2810 = CARTESIAN_POINT('',(3.3782,6.3246,0.563782271537));
#2811 = VECTOR('',#2812,1.);
#2812 = DIRECTION('',(-1.,0.,0.));
#2813 = PLANE('',#2814);
#2814 = AXIS2_PLACEMENT_3D('',#2815,#2816,#2817);
#2815 = CARTESIAN_POINT('',(3.3782,6.3246,0.706217728463));
#2816 = DIRECTION('',(0.,1.,0.));
#2817 = DIRECTION('',(0.,-0.,1.));
#2818 = ADVANCED_FACE('',(#2819),#2844,.T.);
#2819 = FACE_BOUND('',#2820,.T.);
#2820 = EDGE_LOOP('',(#2821,#2829,#2830,#2838));
#2821 = ORIENTED_EDGE('',*,*,#2822,.F.);
#2822 = EDGE_CURVE('',#2668,#2823,#2825,.T.);
#2823 = VERTEX_POINT('',#2824);
#2824 = CARTESIAN_POINT('',(-3.3782,6.096,0.4318));
#2825 = LINE('',#2826,#2827);
#2826 = CARTESIAN_POINT('',(-1.921334182769,8.619365615252,1.88866581723
    ));
#2827 = VECTOR('',#2828,1.);
#2828 = DIRECTION('',(-0.4472135955,-0.774596669241,-0.4472135955));
#2829 = ORIENTED_EDGE('',*,*,#2684,.F.);
#2830 = ORIENTED_EDGE('',*,*,#2831,.F.);
#2831 = EDGE_CURVE('',#2832,#2677,#2834,.T.);
#2832 = VERTEX_POINT('',#2833);
#2833 = CARTESIAN_POINT('',(-2.9718,6.096,0.4318));
#2834 = LINE('',#2835,#2836);
#2835 = CARTESIAN_POINT('',(-1.807385817228,4.079175474387,
    -0.732614182771));
#2836 = VECTOR('',#2837,1.);
#2837 = DIRECTION('',(-0.4472135955,0.774596669241,0.4472135955));
#2838 = ORIENTED_EDGE('',*,*,#2839,.T.);
#2839 = EDGE_CURVE('',#2832,#2823,#2840,.T.);
#2840 = LINE('',#2841,#2842);
#2841 = CARTESIAN_POINT('',(3.3782,6.096,0.4318));
#2842 = VECTOR('',#2843,1.);
#2843 = DIRECTION('',(-1.,0.,0.));
#2844 = PLANE('',#2845);
#2845 = AXIS2_PLACEMENT_3D('',#2846,#2847,#2848);
#2846 = CARTESIAN_POINT('',(3.3782,6.3246,0.563782271537));
#2847 = DIRECTION('',(0.,0.5,-0.866025403784));
#2848 = DIRECTION('',(0.,0.866025403784,0.5));
#2849 = ADVANCED_FACE('',(#2850),#2875,.T.);
#2850 = FACE_BOUND('',#2851,.T.);
#2851 = EDGE_LOOP('',(#2852,#2860,#2861,#2869));
#2852 = ORIENTED_EDGE('',*,*,#2853,.F.);
#2853 = EDGE_CURVE('',#2699,#2854,#2856,.T.);
#2854 = VERTEX_POINT('',#2855);
#2855 = CARTESIAN_POINT('',(-2.1082,6.096,0.4318));
#2856 = LINE('',#2857,#2858);
#2857 = CARTESIAN_POINT('',(-0.905334182769,8.17942471013,1.63466581723)
  );
#2858 = VECTOR('',#2859,1.);
#2859 = DIRECTION('',(-0.4472135955,-0.774596669241,-0.4472135955));
#2860 = ORIENTED_EDGE('',*,*,#2715,.F.);
#2861 = ORIENTED_EDGE('',*,*,#2862,.F.);
#2862 = EDGE_CURVE('',#2863,#2708,#2865,.T.);
#2863 = VERTEX_POINT('',#2864);
#2864 = CARTESIAN_POINT('',(-1.7018,6.096,0.4318));
#2865 = LINE('',#2866,#2867);
#2866 = CARTESIAN_POINT('',(-0.791385817228,4.519116379509,
    -0.478614182771));
#2867 = VECTOR('',#2868,1.);
#2868 = DIRECTION('',(-0.4472135955,0.774596669241,0.4472135955));
#2869 = ORIENTED_EDGE('',*,*,#2870,.T.);
#2870 = EDGE_CURVE('',#2863,#2854,#2871,.T.);
#2871 = LINE('',#2872,#2873);
#2872 = CARTESIAN_POINT('',(3.3782,6.096,0.4318));
#2873 = VECTOR('',#2874,1.);
#2874 = DIRECTION('',(-1.,0.,0.));
#2875 = PLANE('',#2876);
#2876 = AXIS2_PLACEMENT_3D('',#2877,#2878,#2879);
#2877 = CARTESIAN_POINT('',(3.3782,6.3246,0.563782271537));
#2878 = DIRECTION('',(0.,0.5,-0.866025403784));
#2879 = DIRECTION('',(0.,0.866025403784,0.5));
#2880 = ADVANCED_FACE('',(#2881),#2906,.T.);
#2881 = FACE_BOUND('',#2882,.T.);
#2882 = EDGE_LOOP('',(#2883,#2891,#2892,#2900));
#2883 = ORIENTED_EDGE('',*,*,#2884,.F.);
#2884 = EDGE_CURVE('',#2730,#2885,#2887,.T.);
#2885 = VERTEX_POINT('',#2886);
#2886 = CARTESIAN_POINT('',(-0.8382,6.096,0.4318));
#2887 = LINE('',#2888,#2889);
#2888 = CARTESIAN_POINT('',(0.11066581723,7.739483805007,1.38066581723)
  );
#2889 = VECTOR('',#2890,1.);
#2890 = DIRECTION('',(-0.4472135955,-0.774596669241,-0.4472135955));
#2891 = ORIENTED_EDGE('',*,*,#2746,.F.);
#2892 = ORIENTED_EDGE('',*,*,#2893,.F.);
#2893 = EDGE_CURVE('',#2894,#2739,#2896,.T.);
#2894 = VERTEX_POINT('',#2895);
#2895 = CARTESIAN_POINT('',(-0.4318,6.096,0.4318));
#2896 = LINE('',#2897,#2898);
#2897 = CARTESIAN_POINT('',(0.224614182771,4.959057284632,
    -0.224614182771));
#2898 = VECTOR('',#2899,1.);
#2899 = DIRECTION('',(-0.4472135955,0.774596669241,0.4472135955));
#2900 = ORIENTED_EDGE('',*,*,#2901,.T.);
#2901 = EDGE_CURVE('',#2894,#2885,#2902,.T.);
#2902 = LINE('',#2903,#2904);
#2903 = CARTESIAN_POINT('',(3.3782,6.096,0.4318));
#2904 = VECTOR('',#2905,1.);
#2905 = DIRECTION('',(-1.,0.,0.));
#2906 = PLANE('',#2907);
#2907 = AXIS2_PLACEMENT_3D('',#2908,#2909,#2910);
#2908 = CARTESIAN_POINT('',(3.3782,6.3246,0.563782271537));
#2909 = DIRECTION('',(0.,0.5,-0.866025403784));
#2910 = DIRECTION('',(0.,0.866025403784,0.5));
#2911 = ADVANCED_FACE('',(#2912),#2937,.T.);
#2912 = FACE_BOUND('',#2913,.T.);
#2913 = EDGE_LOOP('',(#2914,#2922,#2923,#2931));
#2914 = ORIENTED_EDGE('',*,*,#2915,.F.);
#2915 = EDGE_CURVE('',#2761,#2916,#2918,.T.);
#2916 = VERTEX_POINT('',#2917);
#2917 = CARTESIAN_POINT('',(0.4318,6.096,0.4318));
#2918 = LINE('',#2919,#2920);
#2919 = CARTESIAN_POINT('',(1.12666581723,7.299542899885,1.12666581723)
  );
#2920 = VECTOR('',#2921,1.);
#2921 = DIRECTION('',(-0.4472135955,-0.774596669241,-0.4472135955));
#2922 = ORIENTED_EDGE('',*,*,#2777,.F.);
#2923 = ORIENTED_EDGE('',*,*,#2924,.F.);
#2924 = EDGE_CURVE('',#2925,#2770,#2927,.T.);
#2925 = VERTEX_POINT('',#2926);
#2926 = CARTESIAN_POINT('',(0.8382,6.096,0.4318));
#2927 = LINE('',#2928,#2929);
#2928 = CARTESIAN_POINT('',(1.240614182771,5.398998189755,
    2.938581722919E-02));
#2929 = VECTOR('',#2930,1.);
#2930 = DIRECTION('',(-0.4472135955,0.774596669241,0.4472135955));
#2931 = ORIENTED_EDGE('',*,*,#2932,.T.);
#2932 = EDGE_CURVE('',#2925,#2916,#2933,.T.);
#2933 = LINE('',#2934,#2935);
#2934 = CARTESIAN_POINT('',(3.3782,6.096,0.4318));
#2935 = VECTOR('',#2936,1.);
#2936 = DIRECTION('',(-1.,0.,0.));
#2937 = PLANE('',#2938);
#2938 = AXIS2_PLACEMENT_3D('',#2939,#2940,#2941);
#2939 = CARTESIAN_POINT('',(3.3782,6.3246,0.563782271537));
#2940 = DIRECTION('',(0.,0.5,-0.866025403784));
#2941 = DIRECTION('',(0.,0.866025403784,0.5));
#2942 = ADVANCED_FACE('',(#2943),#2968,.T.);
#2943 = FACE_BOUND('',#2944,.T.);
#2944 = EDGE_LOOP('',(#2945,#2953,#2954,#2962));
#2945 = ORIENTED_EDGE('',*,*,#2946,.F.);
#2946 = EDGE_CURVE('',#2792,#2947,#2949,.T.);
#2947 = VERTEX_POINT('',#2948);
#2948 = CARTESIAN_POINT('',(1.7018,6.096,0.4318));
#2949 = LINE('',#2950,#2951);
#2950 = CARTESIAN_POINT('',(2.14266581723,6.859601994762,0.87266581723)
  );
#2951 = VECTOR('',#2952,1.);
#2952 = DIRECTION('',(-0.4472135955,-0.774596669241,-0.4472135955));
#2953 = ORIENTED_EDGE('',*,*,#2808,.F.);
#2954 = ORIENTED_EDGE('',*,*,#2955,.F.);
#2955 = EDGE_CURVE('',#2956,#2801,#2958,.T.);
#2956 = VERTEX_POINT('',#2957);
#2957 = CARTESIAN_POINT('',(2.1082,6.096,0.4318));
#2958 = LINE('',#2959,#2960);
#2959 = CARTESIAN_POINT('',(2.256614182771,5.838939094877,0.283385817229
    ));
#2960 = VECTOR('',#2961,1.);
#2961 = DIRECTION('',(-0.4472135955,0.774596669241,0.4472135955));
#2962 = ORIENTED_EDGE('',*,*,#2963,.T.);
#2963 = EDGE_CURVE('',#2956,#2947,#2964,.T.);
#2964 = LINE('',#2965,#2966);
#2965 = CARTESIAN_POINT('',(3.3782,6.096,0.4318));
#2966 = VECTOR('',#2967,1.);
#2967 = DIRECTION('',(-1.,0.,0.));
#2968 = PLANE('',#2969);
#2969 = AXIS2_PLACEMENT_3D('',#2970,#2971,#2972);
#2970 = CARTESIAN_POINT('',(3.3782,6.3246,0.563782271537));
#2971 = DIRECTION('',(0.,0.5,-0.866025403784));
#2972 = DIRECTION('',(0.,0.866025403784,0.5));
#2973 = ADVANCED_FACE('',(#2974),#2999,.T.);
#2974 = FACE_BOUND('',#2975,.T.);
#2975 = EDGE_LOOP('',(#2976,#2984,#2992,#2998));
#2976 = ORIENTED_EDGE('',*,*,#2977,.F.);
#2977 = EDGE_CURVE('',#2978,#2832,#2980,.T.);
#2978 = VERTEX_POINT('',#2979);
#2979 = CARTESIAN_POINT('',(-2.9718,2.2606,0.4318));
#2980 = LINE('',#2981,#2982);
#2981 = CARTESIAN_POINT('',(-2.9718,6.096,0.4318));
#2982 = VECTOR('',#2983,1.);
#2983 = DIRECTION('',(0.,1.,0.));
#2984 = ORIENTED_EDGE('',*,*,#2985,.T.);
#2985 = EDGE_CURVE('',#2978,#2986,#2988,.T.);
#2986 = VERTEX_POINT('',#2987);
#2987 = CARTESIAN_POINT('',(-3.3782,2.2606,0.4318));
#2988 = LINE('',#2989,#2990);
#2989 = CARTESIAN_POINT('',(3.3782,2.2606,0.4318));
#2990 = VECTOR('',#2991,1.);
#2991 = DIRECTION('',(-1.,0.,0.));
#2992 = ORIENTED_EDGE('',*,*,#2993,.F.);
#2993 = EDGE_CURVE('',#2823,#2986,#2994,.T.);
#2994 = LINE('',#2995,#2996);
#2995 = CARTESIAN_POINT('',(-3.3782,6.096,0.4318));
#2996 = VECTOR('',#2997,1.);
#2997 = DIRECTION('',(0.,-1.,0.));
#2998 = ORIENTED_EDGE('',*,*,#2839,.F.);
#2999 = PLANE('',#3000);
#3000 = AXIS2_PLACEMENT_3D('',#3001,#3002,#3003);
#3001 = CARTESIAN_POINT('',(3.3782,6.096,0.4318));
#3002 = DIRECTION('',(0.,0.,-1.));
#3003 = DIRECTION('',(-1.,0.,0.));
#3004 = ADVANCED_FACE('',(#3005),#3030,.T.);
#3005 = FACE_BOUND('',#3006,.T.);
#3006 = EDGE_LOOP('',(#3007,#3015,#3016,#3024));
#3007 = ORIENTED_EDGE('',*,*,#3008,.F.);
#3008 = EDGE_CURVE('',#2854,#3009,#3011,.T.);
#3009 = VERTEX_POINT('',#3010);
#3010 = CARTESIAN_POINT('',(-2.1082,2.2606,0.4318));
#3011 = LINE('',#3012,#3013);
#3012 = CARTESIAN_POINT('',(-2.1082,6.096,0.4318));
#3013 = VECTOR('',#3014,1.);
#3014 = DIRECTION('',(0.,-1.,0.));
#3015 = ORIENTED_EDGE('',*,*,#2870,.F.);
#3016 = ORIENTED_EDGE('',*,*,#3017,.F.);
#3017 = EDGE_CURVE('',#3018,#2863,#3020,.T.);
#3018 = VERTEX_POINT('',#3019);
#3019 = CARTESIAN_POINT('',(-1.7018,2.2606,0.4318));
#3020 = LINE('',#3021,#3022);
#3021 = CARTESIAN_POINT('',(-1.7018,6.096,0.4318));
#3022 = VECTOR('',#3023,1.);
#3023 = DIRECTION('',(0.,1.,0.));
#3024 = ORIENTED_EDGE('',*,*,#3025,.T.);
#3025 = EDGE_CURVE('',#3018,#3009,#3026,.T.);
#3026 = LINE('',#3027,#3028);
#3027 = CARTESIAN_POINT('',(3.3782,2.2606,0.4318));
#3028 = VECTOR('',#3029,1.);
#3029 = DIRECTION('',(-1.,0.,0.));
#3030 = PLANE('',#3031);
#3031 = AXIS2_PLACEMENT_3D('',#3032,#3033,#3034);
#3032 = CARTESIAN_POINT('',(3.3782,6.096,0.4318));
#3033 = DIRECTION('',(0.,0.,-1.));
#3034 = DIRECTION('',(-1.,0.,0.));
#3035 = ADVANCED_FACE('',(#3036),#3061,.T.);
#3036 = FACE_BOUND('',#3037,.T.);
#3037 = EDGE_LOOP('',(#3038,#3046,#3047,#3055));
#3038 = ORIENTED_EDGE('',*,*,#3039,.F.);
#3039 = EDGE_CURVE('',#2885,#3040,#3042,.T.);
#3040 = VERTEX_POINT('',#3041);
#3041 = CARTESIAN_POINT('',(-0.8382,2.2606,0.4318));
#3042 = LINE('',#3043,#3044);
#3043 = CARTESIAN_POINT('',(-0.8382,6.096,0.4318));
#3044 = VECTOR('',#3045,1.);
#3045 = DIRECTION('',(0.,-1.,0.));
#3046 = ORIENTED_EDGE('',*,*,#2901,.F.);
#3047 = ORIENTED_EDGE('',*,*,#3048,.F.);
#3048 = EDGE_CURVE('',#3049,#2894,#3051,.T.);
#3049 = VERTEX_POINT('',#3050);
#3050 = CARTESIAN_POINT('',(-0.4318,2.2606,0.4318));
#3051 = LINE('',#3052,#3053);
#3052 = CARTESIAN_POINT('',(-0.4318,6.096,0.4318));
#3053 = VECTOR('',#3054,1.);
#3054 = DIRECTION('',(0.,1.,0.));
#3055 = ORIENTED_EDGE('',*,*,#3056,.T.);
#3056 = EDGE_CURVE('',#3049,#3040,#3057,.T.);
#3057 = LINE('',#3058,#3059);
#3058 = CARTESIAN_POINT('',(3.3782,2.2606,0.4318));
#3059 = VECTOR('',#3060,1.);
#3060 = DIRECTION('',(-1.,0.,0.));
#3061 = PLANE('',#3062);
#3062 = AXIS2_PLACEMENT_3D('',#3063,#3064,#3065);
#3063 = CARTESIAN_POINT('',(3.3782,6.096,0.4318));
#3064 = DIRECTION('',(0.,0.,-1.));
#3065 = DIRECTION('',(-1.,0.,0.));
#3066 = ADVANCED_FACE('',(#3067),#3092,.T.);
#3067 = FACE_BOUND('',#3068,.T.);
#3068 = EDGE_LOOP('',(#3069,#3077,#3078,#3086));
#3069 = ORIENTED_EDGE('',*,*,#3070,.F.);
#3070 = EDGE_CURVE('',#2916,#3071,#3073,.T.);
#3071 = VERTEX_POINT('',#3072);
#3072 = CARTESIAN_POINT('',(0.4318,2.2606,0.4318));
#3073 = LINE('',#3074,#3075);
#3074 = CARTESIAN_POINT('',(0.4318,6.096,0.4318));
#3075 = VECTOR('',#3076,1.);
#3076 = DIRECTION('',(0.,-1.,0.));
#3077 = ORIENTED_EDGE('',*,*,#2932,.F.);
#3078 = ORIENTED_EDGE('',*,*,#3079,.F.);
#3079 = EDGE_CURVE('',#3080,#2925,#3082,.T.);
#3080 = VERTEX_POINT('',#3081);
#3081 = CARTESIAN_POINT('',(0.8382,2.2606,0.4318));
#3082 = LINE('',#3083,#3084);
#3083 = CARTESIAN_POINT('',(0.8382,6.096,0.4318));
#3084 = VECTOR('',#3085,1.);
#3085 = DIRECTION('',(0.,1.,0.));
#3086 = ORIENTED_EDGE('',*,*,#3087,.T.);
#3087 = EDGE_CURVE('',#3080,#3071,#3088,.T.);
#3088 = LINE('',#3089,#3090);
#3089 = CARTESIAN_POINT('',(3.3782,2.2606,0.4318));
#3090 = VECTOR('',#3091,1.);
#3091 = DIRECTION('',(-1.,0.,0.));
#3092 = PLANE('',#3093);
#3093 = AXIS2_PLACEMENT_3D('',#3094,#3095,#3096);
#3094 = CARTESIAN_POINT('',(3.3782,6.096,0.4318));
#3095 = DIRECTION('',(0.,0.,-1.));
#3096 = DIRECTION('',(-1.,0.,0.));
#3097 = ADVANCED_FACE('',(#3098),#3123,.T.);
#3098 = FACE_BOUND('',#3099,.T.);
#3099 = EDGE_LOOP('',(#3100,#3108,#3109,#3117));
#3100 = ORIENTED_EDGE('',*,*,#3101,.F.);
#3101 = EDGE_CURVE('',#2947,#3102,#3104,.T.);
#3102 = VERTEX_POINT('',#3103);
#3103 = CARTESIAN_POINT('',(1.7018,2.2606,0.4318));
#3104 = LINE('',#3105,#3106);
#3105 = CARTESIAN_POINT('',(1.7018,6.096,0.4318));
#3106 = VECTOR('',#3107,1.);
#3107 = DIRECTION('',(0.,-1.,0.));
#3108 = ORIENTED_EDGE('',*,*,#2963,.F.);
#3109 = ORIENTED_EDGE('',*,*,#3110,.F.);
#3110 = EDGE_CURVE('',#3111,#2956,#3113,.T.);
#3111 = VERTEX_POINT('',#3112);
#3112 = CARTESIAN_POINT('',(2.1082,2.2606,0.4318));
#3113 = LINE('',#3114,#3115);
#3114 = CARTESIAN_POINT('',(2.1082,6.096,0.4318));
#3115 = VECTOR('',#3116,1.);
#3116 = DIRECTION('',(0.,1.,0.));
#3117 = ORIENTED_EDGE('',*,*,#3118,.T.);
#3118 = EDGE_CURVE('',#3111,#3102,#3119,.T.);
#3119 = LINE('',#3120,#3121);
#3120 = CARTESIAN_POINT('',(3.3782,2.2606,0.4318));
#3121 = VECTOR('',#3122,1.);
#3122 = DIRECTION('',(-1.,0.,0.));
#3123 = PLANE('',#3124);
#3124 = AXIS2_PLACEMENT_3D('',#3125,#3126,#3127);
#3125 = CARTESIAN_POINT('',(3.3782,6.096,0.4318));
#3126 = DIRECTION('',(0.,0.,-1.));
#3127 = DIRECTION('',(-1.,0.,0.));
#3128 = ADVANCED_FACE('',(#3129),#3163,.T.);
#3129 = FACE_BOUND('',#3130,.T.);
#3130 = EDGE_LOOP('',(#3131,#3141,#3149,#3157));
#3131 = ORIENTED_EDGE('',*,*,#3132,.F.);
#3132 = EDGE_CURVE('',#3133,#3135,#3137,.T.);
#3133 = VERTEX_POINT('',#3134);
#3134 = CARTESIAN_POINT('',(-2.9718,6.096,-0.4318));
#3135 = VERTEX_POINT('',#3136);
#3136 = CARTESIAN_POINT('',(-2.9718,2.2606,-0.4318));
#3137 = LINE('',#3138,#3139);
#3138 = CARTESIAN_POINT('',(-2.9718,2.2606,-0.4318));
#3139 = VECTOR('',#3140,1.);
#3140 = DIRECTION('',(0.,-1.,-1.413414731821E-17));
#3141 = ORIENTED_EDGE('',*,*,#3142,.T.);
#3142 = EDGE_CURVE('',#3133,#3143,#3145,.T.);
#3143 = VERTEX_POINT('',#3144);
#3144 = CARTESIAN_POINT('',(-3.3782,6.096,-0.4318));
#3145 = LINE('',#3146,#3147);
#3146 = CARTESIAN_POINT('',(3.3782,6.096,-0.4318));
#3147 = VECTOR('',#3148,1.);
#3148 = DIRECTION('',(-1.,0.,0.));
#3149 = ORIENTED_EDGE('',*,*,#3150,.F.);
#3150 = EDGE_CURVE('',#3151,#3143,#3153,.T.);
#3151 = VERTEX_POINT('',#3152);
#3152 = CARTESIAN_POINT('',(-3.3782,2.2606,-0.4318));
#3153 = LINE('',#3154,#3155);
#3154 = CARTESIAN_POINT('',(-3.3782,2.2606,-0.4318));
#3155 = VECTOR('',#3156,1.);
#3156 = DIRECTION('',(0.,1.,1.413414731821E-17));
#3157 = ORIENTED_EDGE('',*,*,#3158,.F.);
#3158 = EDGE_CURVE('',#3135,#3151,#3159,.T.);
#3159 = LINE('',#3160,#3161);
#3160 = CARTESIAN_POINT('',(3.3782,2.2606,-0.4318));
#3161 = VECTOR('',#3162,1.);
#3162 = DIRECTION('',(-1.,0.,0.));
#3163 = PLANE('',#3164);
#3164 = AXIS2_PLACEMENT_3D('',#3165,#3166,#3167);
#3165 = CARTESIAN_POINT('',(3.3782,2.2606,-0.4318));
#3166 = DIRECTION('',(0.,-1.413414731821E-17,1.));
#3167 = DIRECTION('',(0.,-1.,-1.413414731821E-17));
#3168 = ADVANCED_FACE('',(#3169),#3203,.T.);
#3169 = FACE_BOUND('',#3170,.T.);
#3170 = EDGE_LOOP('',(#3171,#3181,#3189,#3197));
#3171 = ORIENTED_EDGE('',*,*,#3172,.F.);
#3172 = EDGE_CURVE('',#3173,#3175,#3177,.T.);
#3173 = VERTEX_POINT('',#3174);
#3174 = CARTESIAN_POINT('',(-2.1082,2.2606,-0.4318));
#3175 = VERTEX_POINT('',#3176);
#3176 = CARTESIAN_POINT('',(-2.1082,6.096,-0.4318));
#3177 = LINE('',#3178,#3179);
#3178 = CARTESIAN_POINT('',(-2.1082,2.2606,-0.4318));
#3179 = VECTOR('',#3180,1.);
#3180 = DIRECTION('',(0.,1.,1.413414731821E-17));
#3181 = ORIENTED_EDGE('',*,*,#3182,.F.);
#3182 = EDGE_CURVE('',#3183,#3173,#3185,.T.);
#3183 = VERTEX_POINT('',#3184);
#3184 = CARTESIAN_POINT('',(-1.7018,2.2606,-0.4318));
#3185 = LINE('',#3186,#3187);
#3186 = CARTESIAN_POINT('',(3.3782,2.2606,-0.4318));
#3187 = VECTOR('',#3188,1.);
#3188 = DIRECTION('',(-1.,0.,0.));
#3189 = ORIENTED_EDGE('',*,*,#3190,.F.);
#3190 = EDGE_CURVE('',#3191,#3183,#3193,.T.);
#3191 = VERTEX_POINT('',#3192);
#3192 = CARTESIAN_POINT('',(-1.7018,6.096,-0.4318));
#3193 = LINE('',#3194,#3195);
#3194 = CARTESIAN_POINT('',(-1.7018,2.2606,-0.4318));
#3195 = VECTOR('',#3196,1.);
#3196 = DIRECTION('',(0.,-1.,-1.413414731821E-17));
#3197 = ORIENTED_EDGE('',*,*,#3198,.T.);
#3198 = EDGE_CURVE('',#3191,#3175,#3199,.T.);
#3199 = LINE('',#3200,#3201);
#3200 = CARTESIAN_POINT('',(3.3782,6.096,-0.4318));
#3201 = VECTOR('',#3202,1.);
#3202 = DIRECTION('',(-1.,0.,0.));
#3203 = PLANE('',#3204);
#3204 = AXIS2_PLACEMENT_3D('',#3205,#3206,#3207);
#3205 = CARTESIAN_POINT('',(3.3782,2.2606,-0.4318));
#3206 = DIRECTION('',(0.,-1.413414731821E-17,1.));
#3207 = DIRECTION('',(0.,-1.,-1.413414731821E-17));
#3208 = ADVANCED_FACE('',(#3209),#3243,.T.);
#3209 = FACE_BOUND('',#3210,.T.);
#3210 = EDGE_LOOP('',(#3211,#3221,#3229,#3237));
#3211 = ORIENTED_EDGE('',*,*,#3212,.F.);
#3212 = EDGE_CURVE('',#3213,#3215,#3217,.T.);
#3213 = VERTEX_POINT('',#3214);
#3214 = CARTESIAN_POINT('',(-0.8382,2.2606,-0.4318));
#3215 = VERTEX_POINT('',#3216);
#3216 = CARTESIAN_POINT('',(-0.8382,6.096,-0.4318));
#3217 = LINE('',#3218,#3219);
#3218 = CARTESIAN_POINT('',(-0.8382,2.2606,-0.4318));
#3219 = VECTOR('',#3220,1.);
#3220 = DIRECTION('',(0.,1.,1.413414731821E-17));
#3221 = ORIENTED_EDGE('',*,*,#3222,.F.);
#3222 = EDGE_CURVE('',#3223,#3213,#3225,.T.);
#3223 = VERTEX_POINT('',#3224);
#3224 = CARTESIAN_POINT('',(-0.4318,2.2606,-0.4318));
#3225 = LINE('',#3226,#3227);
#3226 = CARTESIAN_POINT('',(3.3782,2.2606,-0.4318));
#3227 = VECTOR('',#3228,1.);
#3228 = DIRECTION('',(-1.,0.,0.));
#3229 = ORIENTED_EDGE('',*,*,#3230,.F.);
#3230 = EDGE_CURVE('',#3231,#3223,#3233,.T.);
#3231 = VERTEX_POINT('',#3232);
#3232 = CARTESIAN_POINT('',(-0.4318,6.096,-0.4318));
#3233 = LINE('',#3234,#3235);
#3234 = CARTESIAN_POINT('',(-0.4318,2.2606,-0.4318));
#3235 = VECTOR('',#3236,1.);
#3236 = DIRECTION('',(0.,-1.,-1.413414731821E-17));
#3237 = ORIENTED_EDGE('',*,*,#3238,.T.);
#3238 = EDGE_CURVE('',#3231,#3215,#3239,.T.);
#3239 = LINE('',#3240,#3241);
#3240 = CARTESIAN_POINT('',(3.3782,6.096,-0.4318));
#3241 = VECTOR('',#3242,1.);
#3242 = DIRECTION('',(-1.,0.,0.));
#3243 = PLANE('',#3244);
#3244 = AXIS2_PLACEMENT_3D('',#3245,#3246,#3247);
#3245 = CARTESIAN_POINT('',(3.3782,2.2606,-0.4318));
#3246 = DIRECTION('',(0.,-1.413414731821E-17,1.));
#3247 = DIRECTION('',(0.,-1.,-1.413414731821E-17));
#3248 = ADVANCED_FACE('',(#3249),#3283,.T.);
#3249 = FACE_BOUND('',#3250,.T.);
#3250 = EDGE_LOOP('',(#3251,#3261,#3269,#3277));
#3251 = ORIENTED_EDGE('',*,*,#3252,.F.);
#3252 = EDGE_CURVE('',#3253,#3255,#3257,.T.);
#3253 = VERTEX_POINT('',#3254);
#3254 = CARTESIAN_POINT('',(0.4318,2.2606,-0.4318));
#3255 = VERTEX_POINT('',#3256);
#3256 = CARTESIAN_POINT('',(0.4318,6.096,-0.4318));
#3257 = LINE('',#3258,#3259);
#3258 = CARTESIAN_POINT('',(0.4318,2.2606,-0.4318));
#3259 = VECTOR('',#3260,1.);
#3260 = DIRECTION('',(0.,1.,1.413414731821E-17));
#3261 = ORIENTED_EDGE('',*,*,#3262,.F.);
#3262 = EDGE_CURVE('',#3263,#3253,#3265,.T.);
#3263 = VERTEX_POINT('',#3264);
#3264 = CARTESIAN_POINT('',(0.8382,2.2606,-0.4318));
#3265 = LINE('',#3266,#3267);
#3266 = CARTESIAN_POINT('',(3.3782,2.2606,-0.4318));
#3267 = VECTOR('',#3268,1.);
#3268 = DIRECTION('',(-1.,0.,0.));
#3269 = ORIENTED_EDGE('',*,*,#3270,.F.);
#3270 = EDGE_CURVE('',#3271,#3263,#3273,.T.);
#3271 = VERTEX_POINT('',#3272);
#3272 = CARTESIAN_POINT('',(0.8382,6.096,-0.4318));
#3273 = LINE('',#3274,#3275);
#3274 = CARTESIAN_POINT('',(0.8382,2.2606,-0.4318));
#3275 = VECTOR('',#3276,1.);
#3276 = DIRECTION('',(0.,-1.,-1.413414731821E-17));
#3277 = ORIENTED_EDGE('',*,*,#3278,.T.);
#3278 = EDGE_CURVE('',#3271,#3255,#3279,.T.);
#3279 = LINE('',#3280,#3281);
#3280 = CARTESIAN_POINT('',(3.3782,6.096,-0.4318));
#3281 = VECTOR('',#3282,1.);
#3282 = DIRECTION('',(-1.,0.,0.));
#3283 = PLANE('',#3284);
#3284 = AXIS2_PLACEMENT_3D('',#3285,#3286,#3287);
#3285 = CARTESIAN_POINT('',(3.3782,2.2606,-0.4318));
#3286 = DIRECTION('',(0.,-1.413414731821E-17,1.));
#3287 = DIRECTION('',(0.,-1.,-1.413414731821E-17));
#3288 = ADVANCED_FACE('',(#3289),#3323,.T.);
#3289 = FACE_BOUND('',#3290,.T.);
#3290 = EDGE_LOOP('',(#3291,#3301,#3309,#3317));
#3291 = ORIENTED_EDGE('',*,*,#3292,.F.);
#3292 = EDGE_CURVE('',#3293,#3295,#3297,.T.);
#3293 = VERTEX_POINT('',#3294);
#3294 = CARTESIAN_POINT('',(1.7018,2.2606,-0.4318));
#3295 = VERTEX_POINT('',#3296);
#3296 = CARTESIAN_POINT('',(1.7018,6.096,-0.4318));
#3297 = LINE('',#3298,#3299);
#3298 = CARTESIAN_POINT('',(1.7018,2.2606,-0.4318));
#3299 = VECTOR('',#3300,1.);
#3300 = DIRECTION('',(0.,1.,1.413414731821E-17));
#3301 = ORIENTED_EDGE('',*,*,#3302,.F.);
#3302 = EDGE_CURVE('',#3303,#3293,#3305,.T.);
#3303 = VERTEX_POINT('',#3304);
#3304 = CARTESIAN_POINT('',(2.1082,2.2606,-0.4318));
#3305 = LINE('',#3306,#3307);
#3306 = CARTESIAN_POINT('',(3.3782,2.2606,-0.4318));
#3307 = VECTOR('',#3308,1.);
#3308 = DIRECTION('',(-1.,0.,0.));
#3309 = ORIENTED_EDGE('',*,*,#3310,.F.);
#3310 = EDGE_CURVE('',#3311,#3303,#3313,.T.);
#3311 = VERTEX_POINT('',#3312);
#3312 = CARTESIAN_POINT('',(2.1082,6.096,-0.4318));
#3313 = LINE('',#3314,#3315);
#3314 = CARTESIAN_POINT('',(2.1082,2.2606,-0.4318));
#3315 = VECTOR('',#3316,1.);
#3316 = DIRECTION('',(0.,-1.,-1.413414731821E-17));
#3317 = ORIENTED_EDGE('',*,*,#3318,.T.);
#3318 = EDGE_CURVE('',#3311,#3295,#3319,.T.);
#3319 = LINE('',#3320,#3321);
#3320 = CARTESIAN_POINT('',(3.3782,6.096,-0.4318));
#3321 = VECTOR('',#3322,1.);
#3322 = DIRECTION('',(-1.,0.,0.));
#3323 = PLANE('',#3324);
#3324 = AXIS2_PLACEMENT_3D('',#3325,#3326,#3327);
#3325 = CARTESIAN_POINT('',(3.3782,2.2606,-0.4318));
#3326 = DIRECTION('',(0.,-1.413414731821E-17,1.));
#3327 = DIRECTION('',(0.,-1.,-1.413414731821E-17));
#3328 = ADVANCED_FACE('',(#3329),#3354,.T.);
#3329 = FACE_BOUND('',#3330,.T.);
#3330 = EDGE_LOOP('',(#3331,#3339,#3340,#3348));
#3331 = ORIENTED_EDGE('',*,*,#3332,.F.);
#3332 = EDGE_CURVE('',#3143,#3333,#3335,.T.);
#3333 = VERTEX_POINT('',#3334);
#3334 = CARTESIAN_POINT('',(-3.246217728463,6.3246,-0.563782271537));
#3335 = LINE('',#3336,#3337);
#3336 = CARTESIAN_POINT('',(-2.026919999999,8.436485615253,-1.78308));
#3337 = VECTOR('',#3338,1.);
#3338 = DIRECTION('',(0.4472135955,0.774596669241,-0.4472135955));
#3339 = ORIENTED_EDGE('',*,*,#3142,.F.);
#3340 = ORIENTED_EDGE('',*,*,#3341,.F.);
#3341 = EDGE_CURVE('',#3342,#3133,#3344,.T.);
#3342 = VERTEX_POINT('',#3343);
#3343 = CARTESIAN_POINT('',(-3.103782271537,6.3246,-0.563782271537));
#3344 = LINE('',#3345,#3346);
#3345 = CARTESIAN_POINT('',(-1.701799999999,3.896295474387,0.8382));
#3346 = VECTOR('',#3347,1.);
#3347 = DIRECTION('',(0.4472135955,-0.774596669241,0.4472135955));
#3348 = ORIENTED_EDGE('',*,*,#3349,.T.);
#3349 = EDGE_CURVE('',#3342,#3333,#3350,.T.);
#3350 = LINE('',#3351,#3352);
#3351 = CARTESIAN_POINT('',(3.3782,6.3246,-0.563782271537));
#3352 = VECTOR('',#3353,1.);
#3353 = DIRECTION('',(-1.,0.,0.));
#3354 = PLANE('',#3355);
#3355 = AXIS2_PLACEMENT_3D('',#3356,#3357,#3358);
#3356 = CARTESIAN_POINT('',(3.3782,6.096,-0.4318));
#3357 = DIRECTION('',(0.,0.5,0.866025403784));
#3358 = DIRECTION('',(0.,-0.866025403784,0.5));
#3359 = ADVANCED_FACE('',(#3360),#3385,.T.);
#3360 = FACE_BOUND('',#3361,.T.);
#3361 = EDGE_LOOP('',(#3362,#3370,#3371,#3379));
#3362 = ORIENTED_EDGE('',*,*,#3363,.F.);
#3363 = EDGE_CURVE('',#3175,#3364,#3366,.T.);
#3364 = VERTEX_POINT('',#3365);
#3365 = CARTESIAN_POINT('',(-1.976217728463,6.3246,-0.563782271537));
#3366 = LINE('',#3367,#3368);
#3367 = CARTESIAN_POINT('',(-1.010919999999,7.99654471013,-1.52908));
#3368 = VECTOR('',#3369,1.);
#3369 = DIRECTION('',(0.4472135955,0.774596669241,-0.4472135955));
#3370 = ORIENTED_EDGE('',*,*,#3198,.F.);
#3371 = ORIENTED_EDGE('',*,*,#3372,.F.);
#3372 = EDGE_CURVE('',#3373,#3191,#3375,.T.);
#3373 = VERTEX_POINT('',#3374);
#3374 = CARTESIAN_POINT('',(-1.833782271537,6.3246,-0.563782271537));
#3375 = LINE('',#3376,#3377);
#3376 = CARTESIAN_POINT('',(-0.685799999999,4.336236379509,0.5842));
#3377 = VECTOR('',#3378,1.);
#3378 = DIRECTION('',(0.4472135955,-0.774596669241,0.4472135955));
#3379 = ORIENTED_EDGE('',*,*,#3380,.T.);
#3380 = EDGE_CURVE('',#3373,#3364,#3381,.T.);
#3381 = LINE('',#3382,#3383);
#3382 = CARTESIAN_POINT('',(3.3782,6.3246,-0.563782271537));
#3383 = VECTOR('',#3384,1.);
#3384 = DIRECTION('',(-1.,0.,0.));
#3385 = PLANE('',#3386);
#3386 = AXIS2_PLACEMENT_3D('',#3387,#3388,#3389);
#3387 = CARTESIAN_POINT('',(3.3782,6.096,-0.4318));
#3388 = DIRECTION('',(0.,0.5,0.866025403784));
#3389 = DIRECTION('',(0.,-0.866025403784,0.5));
#3390 = ADVANCED_FACE('',(#3391),#3416,.T.);
#3391 = FACE_BOUND('',#3392,.T.);
#3392 = EDGE_LOOP('',(#3393,#3401,#3402,#3410));
#3393 = ORIENTED_EDGE('',*,*,#3394,.F.);
#3394 = EDGE_CURVE('',#3215,#3395,#3397,.T.);
#3395 = VERTEX_POINT('',#3396);
#3396 = CARTESIAN_POINT('',(-0.706217728463,6.3246,-0.563782271537));
#3397 = LINE('',#3398,#3399);
#3398 = CARTESIAN_POINT('',(5.080000000911E-03,7.556603805007,-1.27508)
  );
#3399 = VECTOR('',#3400,1.);
#3400 = DIRECTION('',(0.4472135955,0.774596669241,-0.4472135955));
#3401 = ORIENTED_EDGE('',*,*,#3238,.F.);
#3402 = ORIENTED_EDGE('',*,*,#3403,.F.);
#3403 = EDGE_CURVE('',#3404,#3231,#3406,.T.);
#3404 = VERTEX_POINT('',#3405);
#3405 = CARTESIAN_POINT('',(-0.563782271537,6.3246,-0.563782271537));
#3406 = LINE('',#3407,#3408);
#3407 = CARTESIAN_POINT('',(0.330200000001,4.776177284632,0.3302));
#3408 = VECTOR('',#3409,1.);
#3409 = DIRECTION('',(0.4472135955,-0.774596669241,0.4472135955));
#3410 = ORIENTED_EDGE('',*,*,#3411,.T.);
#3411 = EDGE_CURVE('',#3404,#3395,#3412,.T.);
#3412 = LINE('',#3413,#3414);
#3413 = CARTESIAN_POINT('',(3.3782,6.3246,-0.563782271537));
#3414 = VECTOR('',#3415,1.);
#3415 = DIRECTION('',(-1.,0.,0.));
#3416 = PLANE('',#3417);
#3417 = AXIS2_PLACEMENT_3D('',#3418,#3419,#3420);
#3418 = CARTESIAN_POINT('',(3.3782,6.096,-0.4318));
#3419 = DIRECTION('',(0.,0.5,0.866025403784));
#3420 = DIRECTION('',(0.,-0.866025403784,0.5));
#3421 = ADVANCED_FACE('',(#3422),#3447,.T.);
#3422 = FACE_BOUND('',#3423,.T.);
#3423 = EDGE_LOOP('',(#3424,#3432,#3433,#3441));
#3424 = ORIENTED_EDGE('',*,*,#3425,.F.);
#3425 = EDGE_CURVE('',#3255,#3426,#3428,.T.);
#3426 = VERTEX_POINT('',#3427);
#3427 = CARTESIAN_POINT('',(0.563782271537,6.3246,-0.563782271537));
#3428 = LINE('',#3429,#3430);
#3429 = CARTESIAN_POINT('',(1.021080000001,7.116662899885,-1.02108));
#3430 = VECTOR('',#3431,1.);
#3431 = DIRECTION('',(0.4472135955,0.774596669241,-0.4472135955));
#3432 = ORIENTED_EDGE('',*,*,#3278,.F.);
#3433 = ORIENTED_EDGE('',*,*,#3434,.F.);
#3434 = EDGE_CURVE('',#3435,#3271,#3437,.T.);
#3435 = VERTEX_POINT('',#3436);
#3436 = CARTESIAN_POINT('',(0.706217728463,6.3246,-0.563782271537));
#3437 = LINE('',#3438,#3439);
#3438 = CARTESIAN_POINT('',(1.346200000001,5.216118189755,
    7.620000000019E-02));
#3439 = VECTOR('',#3440,1.);
#3440 = DIRECTION('',(0.4472135955,-0.774596669241,0.4472135955));
#3441 = ORIENTED_EDGE('',*,*,#3442,.T.);
#3442 = EDGE_CURVE('',#3435,#3426,#3443,.T.);
#3443 = LINE('',#3444,#3445);
#3444 = CARTESIAN_POINT('',(3.3782,6.3246,-0.563782271537));
#3445 = VECTOR('',#3446,1.);
#3446 = DIRECTION('',(-1.,0.,0.));
#3447 = PLANE('',#3448);
#3448 = AXIS2_PLACEMENT_3D('',#3449,#3450,#3451);
#3449 = CARTESIAN_POINT('',(3.3782,6.096,-0.4318));
#3450 = DIRECTION('',(0.,0.5,0.866025403784));
#3451 = DIRECTION('',(0.,-0.866025403784,0.5));
#3452 = ADVANCED_FACE('',(#3453),#3478,.T.);
#3453 = FACE_BOUND('',#3454,.T.);
#3454 = EDGE_LOOP('',(#3455,#3463,#3464,#3472));
#3455 = ORIENTED_EDGE('',*,*,#3456,.F.);
#3456 = EDGE_CURVE('',#3295,#3457,#3459,.T.);
#3457 = VERTEX_POINT('',#3458);
#3458 = CARTESIAN_POINT('',(1.833782271537,6.3246,-0.563782271537));
#3459 = LINE('',#3460,#3461);
#3460 = CARTESIAN_POINT('',(2.03708,6.676721994762,-0.76708));
#3461 = VECTOR('',#3462,1.);
#3462 = DIRECTION('',(0.4472135955,0.774596669241,-0.4472135955));
#3463 = ORIENTED_EDGE('',*,*,#3318,.F.);
#3464 = ORIENTED_EDGE('',*,*,#3465,.F.);
#3465 = EDGE_CURVE('',#3466,#3311,#3468,.T.);
#3466 = VERTEX_POINT('',#3467);
#3467 = CARTESIAN_POINT('',(1.976217728463,6.3246,-0.563782271537));
#3468 = LINE('',#3469,#3470);
#3469 = CARTESIAN_POINT('',(2.3622,5.656059094877,-0.1778));
#3470 = VECTOR('',#3471,1.);
#3471 = DIRECTION('',(0.4472135955,-0.774596669241,0.4472135955));
#3472 = ORIENTED_EDGE('',*,*,#3473,.T.);
#3473 = EDGE_CURVE('',#3466,#3457,#3474,.T.);
#3474 = LINE('',#3475,#3476);
#3475 = CARTESIAN_POINT('',(3.3782,6.3246,-0.563782271537));
#3476 = VECTOR('',#3477,1.);
#3477 = DIRECTION('',(-1.,0.,0.));
#3478 = PLANE('',#3479);
#3479 = AXIS2_PLACEMENT_3D('',#3480,#3481,#3482);
#3480 = CARTESIAN_POINT('',(3.3782,6.096,-0.4318));
#3481 = DIRECTION('',(0.,0.5,0.866025403784));
#3482 = DIRECTION('',(0.,-0.866025403784,0.5));
#3483 = ADVANCED_FACE('',(#3484),#3509,.T.);
#3484 = FACE_BOUND('',#3485,.T.);
#3485 = EDGE_LOOP('',(#3486,#3494,#3495,#3503));
#3486 = ORIENTED_EDGE('',*,*,#3487,.F.);
#3487 = EDGE_CURVE('',#3333,#3488,#3490,.T.);
#3488 = VERTEX_POINT('',#3489);
#3489 = CARTESIAN_POINT('',(-3.246217728463,6.3246,-0.706217728463));
#3490 = LINE('',#3491,#3492);
#3491 = CARTESIAN_POINT('',(-3.246217728463,6.3246,12.7));
#3492 = VECTOR('',#3493,1.);
#3493 = DIRECTION('',(0.,0.,-1.));
#3494 = ORIENTED_EDGE('',*,*,#3349,.F.);
#3495 = ORIENTED_EDGE('',*,*,#3496,.T.);
#3496 = EDGE_CURVE('',#3342,#3497,#3499,.T.);
#3497 = VERTEX_POINT('',#3498);
#3498 = CARTESIAN_POINT('',(-3.103782271537,6.3246,-0.706217728463));
#3499 = LINE('',#3500,#3501);
#3500 = CARTESIAN_POINT('',(-3.103782271537,6.3246,12.7));
#3501 = VECTOR('',#3502,1.);
#3502 = DIRECTION('',(0.,0.,-1.));
#3503 = ORIENTED_EDGE('',*,*,#3504,.T.);
#3504 = EDGE_CURVE('',#3497,#3488,#3505,.T.);
#3505 = LINE('',#3506,#3507);
#3506 = CARTESIAN_POINT('',(3.3782,6.3246,-0.706217728463));
#3507 = VECTOR('',#3508,1.);
#3508 = DIRECTION('',(-1.,0.,0.));
#3509 = PLANE('',#3510);
#3510 = AXIS2_PLACEMENT_3D('',#3511,#3512,#3513);
#3511 = CARTESIAN_POINT('',(3.3782,6.3246,-0.563782271537));
#3512 = DIRECTION('',(0.,1.,0.));
#3513 = DIRECTION('',(0.,-0.,1.));
#3514 = ADVANCED_FACE('',(#3515),#3540,.T.);
#3515 = FACE_BOUND('',#3516,.T.);
#3516 = EDGE_LOOP('',(#3517,#3525,#3526,#3534));
#3517 = ORIENTED_EDGE('',*,*,#3518,.F.);
#3518 = EDGE_CURVE('',#3364,#3519,#3521,.T.);
#3519 = VERTEX_POINT('',#3520);
#3520 = CARTESIAN_POINT('',(-1.976217728463,6.3246,-0.706217728463));
#3521 = LINE('',#3522,#3523);
#3522 = CARTESIAN_POINT('',(-1.976217728463,6.3246,12.7));
#3523 = VECTOR('',#3524,1.);
#3524 = DIRECTION('',(0.,0.,-1.));
#3525 = ORIENTED_EDGE('',*,*,#3380,.F.);
#3526 = ORIENTED_EDGE('',*,*,#3527,.T.);
#3527 = EDGE_CURVE('',#3373,#3528,#3530,.T.);
#3528 = VERTEX_POINT('',#3529);
#3529 = CARTESIAN_POINT('',(-1.833782271537,6.3246,-0.706217728463));
#3530 = LINE('',#3531,#3532);
#3531 = CARTESIAN_POINT('',(-1.833782271537,6.3246,12.7));
#3532 = VECTOR('',#3533,1.);
#3533 = DIRECTION('',(0.,0.,-1.));
#3534 = ORIENTED_EDGE('',*,*,#3535,.T.);
#3535 = EDGE_CURVE('',#3528,#3519,#3536,.T.);
#3536 = LINE('',#3537,#3538);
#3537 = CARTESIAN_POINT('',(3.3782,6.3246,-0.706217728463));
#3538 = VECTOR('',#3539,1.);
#3539 = DIRECTION('',(-1.,0.,0.));
#3540 = PLANE('',#3541);
#3541 = AXIS2_PLACEMENT_3D('',#3542,#3543,#3544);
#3542 = CARTESIAN_POINT('',(3.3782,6.3246,-0.563782271537));
#3543 = DIRECTION('',(0.,1.,0.));
#3544 = DIRECTION('',(0.,-0.,1.));
#3545 = ADVANCED_FACE('',(#3546),#3571,.T.);
#3546 = FACE_BOUND('',#3547,.T.);
#3547 = EDGE_LOOP('',(#3548,#3556,#3557,#3565));
#3548 = ORIENTED_EDGE('',*,*,#3549,.F.);
#3549 = EDGE_CURVE('',#3395,#3550,#3552,.T.);
#3550 = VERTEX_POINT('',#3551);
#3551 = CARTESIAN_POINT('',(-0.706217728463,6.3246,-0.706217728463));
#3552 = LINE('',#3553,#3554);
#3553 = CARTESIAN_POINT('',(-0.706217728463,6.3246,12.7));
#3554 = VECTOR('',#3555,1.);
#3555 = DIRECTION('',(0.,0.,-1.));
#3556 = ORIENTED_EDGE('',*,*,#3411,.F.);
#3557 = ORIENTED_EDGE('',*,*,#3558,.T.);
#3558 = EDGE_CURVE('',#3404,#3559,#3561,.T.);
#3559 = VERTEX_POINT('',#3560);
#3560 = CARTESIAN_POINT('',(-0.563782271537,6.3246,-0.706217728463));
#3561 = LINE('',#3562,#3563);
#3562 = CARTESIAN_POINT('',(-0.563782271537,6.3246,12.7));
#3563 = VECTOR('',#3564,1.);
#3564 = DIRECTION('',(0.,0.,-1.));
#3565 = ORIENTED_EDGE('',*,*,#3566,.T.);
#3566 = EDGE_CURVE('',#3559,#3550,#3567,.T.);
#3567 = LINE('',#3568,#3569);
#3568 = CARTESIAN_POINT('',(3.3782,6.3246,-0.706217728463));
#3569 = VECTOR('',#3570,1.);
#3570 = DIRECTION('',(-1.,0.,0.));
#3571 = PLANE('',#3572);
#3572 = AXIS2_PLACEMENT_3D('',#3573,#3574,#3575);
#3573 = CARTESIAN_POINT('',(3.3782,6.3246,-0.563782271537));
#3574 = DIRECTION('',(0.,1.,0.));
#3575 = DIRECTION('',(0.,-0.,1.));
#3576 = ADVANCED_FACE('',(#3577),#3602,.T.);
#3577 = FACE_BOUND('',#3578,.T.);
#3578 = EDGE_LOOP('',(#3579,#3587,#3588,#3596));
#3579 = ORIENTED_EDGE('',*,*,#3580,.F.);
#3580 = EDGE_CURVE('',#3426,#3581,#3583,.T.);
#3581 = VERTEX_POINT('',#3582);
#3582 = CARTESIAN_POINT('',(0.563782271537,6.3246,-0.706217728463));
#3583 = LINE('',#3584,#3585);
#3584 = CARTESIAN_POINT('',(0.563782271537,6.3246,12.7));
#3585 = VECTOR('',#3586,1.);
#3586 = DIRECTION('',(0.,0.,-1.));
#3587 = ORIENTED_EDGE('',*,*,#3442,.F.);
#3588 = ORIENTED_EDGE('',*,*,#3589,.T.);
#3589 = EDGE_CURVE('',#3435,#3590,#3592,.T.);
#3590 = VERTEX_POINT('',#3591);
#3591 = CARTESIAN_POINT('',(0.706217728463,6.3246,-0.706217728463));
#3592 = LINE('',#3593,#3594);
#3593 = CARTESIAN_POINT('',(0.706217728463,6.3246,12.7));
#3594 = VECTOR('',#3595,1.);
#3595 = DIRECTION('',(0.,0.,-1.));
#3596 = ORIENTED_EDGE('',*,*,#3597,.T.);
#3597 = EDGE_CURVE('',#3590,#3581,#3598,.T.);
#3598 = LINE('',#3599,#3600);
#3599 = CARTESIAN_POINT('',(3.3782,6.3246,-0.706217728463));
#3600 = VECTOR('',#3601,1.);
#3601 = DIRECTION('',(-1.,0.,0.));
#3602 = PLANE('',#3603);
#3603 = AXIS2_PLACEMENT_3D('',#3604,#3605,#3606);
#3604 = CARTESIAN_POINT('',(3.3782,6.3246,-0.563782271537));
#3605 = DIRECTION('',(0.,1.,0.));
#3606 = DIRECTION('',(0.,-0.,1.));
#3607 = ADVANCED_FACE('',(#3608),#3633,.T.);
#3608 = FACE_BOUND('',#3609,.T.);
#3609 = EDGE_LOOP('',(#3610,#3618,#3619,#3627));
#3610 = ORIENTED_EDGE('',*,*,#3611,.F.);
#3611 = EDGE_CURVE('',#3457,#3612,#3614,.T.);
#3612 = VERTEX_POINT('',#3613);
#3613 = CARTESIAN_POINT('',(1.833782271537,6.3246,-0.706217728463));
#3614 = LINE('',#3615,#3616);
#3615 = CARTESIAN_POINT('',(1.833782271537,6.3246,12.7));
#3616 = VECTOR('',#3617,1.);
#3617 = DIRECTION('',(0.,0.,-1.));
#3618 = ORIENTED_EDGE('',*,*,#3473,.F.);
#3619 = ORIENTED_EDGE('',*,*,#3620,.T.);
#3620 = EDGE_CURVE('',#3466,#3621,#3623,.T.);
#3621 = VERTEX_POINT('',#3622);
#3622 = CARTESIAN_POINT('',(1.976217728463,6.3246,-0.706217728463));
#3623 = LINE('',#3624,#3625);
#3624 = CARTESIAN_POINT('',(1.976217728463,6.3246,12.7));
#3625 = VECTOR('',#3626,1.);
#3626 = DIRECTION('',(0.,0.,-1.));
#3627 = ORIENTED_EDGE('',*,*,#3628,.T.);
#3628 = EDGE_CURVE('',#3621,#3612,#3629,.T.);
#3629 = LINE('',#3630,#3631);
#3630 = CARTESIAN_POINT('',(3.3782,6.3246,-0.706217728463));
#3631 = VECTOR('',#3632,1.);
#3632 = DIRECTION('',(-1.,0.,0.));
#3633 = PLANE('',#3634);
#3634 = AXIS2_PLACEMENT_3D('',#3635,#3636,#3637);
#3635 = CARTESIAN_POINT('',(3.3782,6.3246,-0.563782271537));
#3636 = DIRECTION('',(0.,1.,0.));
#3637 = DIRECTION('',(0.,-0.,1.));
#3638 = ADVANCED_FACE('',(#3639),#3655,.T.);
#3639 = FACE_BOUND('',#3640,.T.);
#3640 = EDGE_LOOP('',(#3641,#3647,#3648,#3654));
#3641 = ORIENTED_EDGE('',*,*,#3642,.F.);
#3642 = EDGE_CURVE('',#3488,#2131,#3643,.T.);
#3643 = LINE('',#3644,#3645);
#3644 = CARTESIAN_POINT('',(-1.921334182769,8.619365615253,0.61866581723
    ));
#3645 = VECTOR('',#3646,1.);
#3646 = DIRECTION('',(-0.4472135955,-0.774596669241,-0.4472135955));
#3647 = ORIENTED_EDGE('',*,*,#3504,.F.);
#3648 = ORIENTED_EDGE('',*,*,#3649,.F.);
#3649 = EDGE_CURVE('',#2115,#3497,#3650,.T.);
#3650 = LINE('',#3651,#3652);
#3651 = CARTESIAN_POINT('',(-1.807385817228,4.079175474387,
    -2.002614182771));
#3652 = VECTOR('',#3653,1.);
#3653 = DIRECTION('',(-0.4472135955,0.774596669241,0.4472135955));
#3654 = ORIENTED_EDGE('',*,*,#2138,.T.);
#3655 = PLANE('',#3656);
#3656 = AXIS2_PLACEMENT_3D('',#3657,#3658,#3659);
#3657 = CARTESIAN_POINT('',(3.3782,6.3246,-0.706217728463));
#3658 = DIRECTION('',(0.,0.5,-0.866025403784));
#3659 = DIRECTION('',(0.,0.866025403784,0.5));
#3660 = ADVANCED_FACE('',(#3661),#3677,.T.);
#3661 = FACE_BOUND('',#3662,.T.);
#3662 = EDGE_LOOP('',(#3663,#3669,#3670,#3676));
#3663 = ORIENTED_EDGE('',*,*,#3664,.F.);
#3664 = EDGE_CURVE('',#3519,#2153,#3665,.T.);
#3665 = LINE('',#3666,#3667);
#3666 = CARTESIAN_POINT('',(-0.905334182769,8.17942471013,0.36466581723)
  );
#3667 = VECTOR('',#3668,1.);
#3668 = DIRECTION('',(-0.4472135955,-0.774596669241,-0.4472135955));
#3669 = ORIENTED_EDGE('',*,*,#3535,.F.);
#3670 = ORIENTED_EDGE('',*,*,#3671,.F.);
#3671 = EDGE_CURVE('',#2163,#3528,#3672,.T.);
#3672 = LINE('',#3673,#3674);
#3673 = CARTESIAN_POINT('',(-0.791385817228,4.519116379509,
    -1.748614182771));
#3674 = VECTOR('',#3675,1.);
#3675 = DIRECTION('',(-0.4472135955,0.774596669241,0.4472135955));
#3676 = ORIENTED_EDGE('',*,*,#2162,.T.);
#3677 = PLANE('',#3678);
#3678 = AXIS2_PLACEMENT_3D('',#3679,#3680,#3681);
#3679 = CARTESIAN_POINT('',(3.3782,6.3246,-0.706217728463));
#3680 = DIRECTION('',(0.,0.5,-0.866025403784));
#3681 = DIRECTION('',(0.,0.866025403784,0.5));
#3682 = ADVANCED_FACE('',(#3683),#3699,.T.);
#3683 = FACE_BOUND('',#3684,.T.);
#3684 = EDGE_LOOP('',(#3685,#3691,#3692,#3698));
#3685 = ORIENTED_EDGE('',*,*,#3686,.F.);
#3686 = EDGE_CURVE('',#3550,#2193,#3687,.T.);
#3687 = LINE('',#3688,#3689);
#3688 = CARTESIAN_POINT('',(0.11066581723,7.739483805007,0.11066581723)
  );
#3689 = VECTOR('',#3690,1.);
#3690 = DIRECTION('',(-0.4472135955,-0.774596669241,-0.4472135955));
#3691 = ORIENTED_EDGE('',*,*,#3566,.F.);
#3692 = ORIENTED_EDGE('',*,*,#3693,.F.);
#3693 = EDGE_CURVE('',#2203,#3559,#3694,.T.);
#3694 = LINE('',#3695,#3696);
#3695 = CARTESIAN_POINT('',(0.224614182771,4.959057284632,
    -1.494614182771));
#3696 = VECTOR('',#3697,1.);
#3697 = DIRECTION('',(-0.4472135955,0.774596669241,0.4472135955));
#3698 = ORIENTED_EDGE('',*,*,#2202,.T.);
#3699 = PLANE('',#3700);
#3700 = AXIS2_PLACEMENT_3D('',#3701,#3702,#3703);
#3701 = CARTESIAN_POINT('',(3.3782,6.3246,-0.706217728463));
#3702 = DIRECTION('',(0.,0.5,-0.866025403784));
#3703 = DIRECTION('',(0.,0.866025403784,0.5));
#3704 = ADVANCED_FACE('',(#3705),#3721,.T.);
#3705 = FACE_BOUND('',#3706,.T.);
#3706 = EDGE_LOOP('',(#3707,#3713,#3714,#3720));
#3707 = ORIENTED_EDGE('',*,*,#3708,.F.);
#3708 = EDGE_CURVE('',#3581,#2233,#3709,.T.);
#3709 = LINE('',#3710,#3711);
#3710 = CARTESIAN_POINT('',(1.12666581723,7.299542899885,-0.14333418277)
  );
#3711 = VECTOR('',#3712,1.);
#3712 = DIRECTION('',(-0.4472135955,-0.774596669241,-0.4472135955));
#3713 = ORIENTED_EDGE('',*,*,#3597,.F.);
#3714 = ORIENTED_EDGE('',*,*,#3715,.F.);
#3715 = EDGE_CURVE('',#2243,#3590,#3716,.T.);
#3716 = LINE('',#3717,#3718);
#3717 = CARTESIAN_POINT('',(1.240614182771,5.398998189755,
    -1.240614182771));
#3718 = VECTOR('',#3719,1.);
#3719 = DIRECTION('',(-0.4472135955,0.774596669241,0.4472135955));
#3720 = ORIENTED_EDGE('',*,*,#2242,.T.);
#3721 = PLANE('',#3722);
#3722 = AXIS2_PLACEMENT_3D('',#3723,#3724,#3725);
#3723 = CARTESIAN_POINT('',(3.3782,6.3246,-0.706217728463));
#3724 = DIRECTION('',(0.,0.5,-0.866025403784));
#3725 = DIRECTION('',(0.,0.866025403784,0.5));
#3726 = ADVANCED_FACE('',(#3727),#3743,.T.);
#3727 = FACE_BOUND('',#3728,.T.);
#3728 = EDGE_LOOP('',(#3729,#3735,#3736,#3742));
#3729 = ORIENTED_EDGE('',*,*,#3730,.F.);
#3730 = EDGE_CURVE('',#3612,#2273,#3731,.T.);
#3731 = LINE('',#3732,#3733);
#3732 = CARTESIAN_POINT('',(2.14266581723,6.859601994762,-0.39733418277)
  );
#3733 = VECTOR('',#3734,1.);
#3734 = DIRECTION('',(-0.4472135955,-0.774596669241,-0.4472135955));
#3735 = ORIENTED_EDGE('',*,*,#3628,.F.);
#3736 = ORIENTED_EDGE('',*,*,#3737,.F.);
#3737 = EDGE_CURVE('',#2283,#3621,#3738,.T.);
#3738 = LINE('',#3739,#3740);
#3739 = CARTESIAN_POINT('',(2.256614182771,5.838939094877,
    -0.986614182771));
#3740 = VECTOR('',#3741,1.);
#3741 = DIRECTION('',(-0.4472135955,0.774596669241,0.4472135955));
#3742 = ORIENTED_EDGE('',*,*,#2282,.T.);
#3743 = PLANE('',#3744);
#3744 = AXIS2_PLACEMENT_3D('',#3745,#3746,#3747);
#3745 = CARTESIAN_POINT('',(3.3782,6.3246,-0.706217728463));
#3746 = DIRECTION('',(0.,0.5,-0.866025403784));
#3747 = DIRECTION('',(0.,0.866025403784,0.5));
#3748 = ADVANCED_FACE('',(#3749),#3783,.T.);
#3749 = FACE_BOUND('',#3750,.T.);
#3750 = EDGE_LOOP('',(#3751,#3761,#3769,#3777));
#3751 = ORIENTED_EDGE('',*,*,#3752,.F.);
#3752 = EDGE_CURVE('',#3753,#3755,#3757,.T.);
#3753 = VERTEX_POINT('',#3754);
#3754 = CARTESIAN_POINT('',(2.9718,6.096,-0.8382));
#3755 = VERTEX_POINT('',#3756);
#3756 = CARTESIAN_POINT('',(2.9718,2.5146,-0.8382));
#3757 = LINE('',#3758,#3759);
#3758 = CARTESIAN_POINT('',(2.9718,6.096,-0.8382));
#3759 = VECTOR('',#3760,1.);
#3760 = DIRECTION('',(0.,-1.,0.));
#3761 = ORIENTED_EDGE('',*,*,#3762,.F.);
#3762 = EDGE_CURVE('',#3763,#3753,#3765,.T.);
#3763 = VERTEX_POINT('',#3764);
#3764 = CARTESIAN_POINT('',(3.3782,6.096,-0.8382));
#3765 = LINE('',#3766,#3767);
#3766 = CARTESIAN_POINT('',(3.3782,6.096,-0.8382));
#3767 = VECTOR('',#3768,1.);
#3768 = DIRECTION('',(-1.,0.,0.));
#3769 = ORIENTED_EDGE('',*,*,#3770,.T.);
#3770 = EDGE_CURVE('',#3763,#3771,#3773,.T.);
#3771 = VERTEX_POINT('',#3772);
#3772 = CARTESIAN_POINT('',(3.3782,2.5146,-0.8382));
#3773 = LINE('',#3774,#3775);
#3774 = CARTESIAN_POINT('',(3.3782,6.096,-0.8382));
#3775 = VECTOR('',#3776,1.);
#3776 = DIRECTION('',(0.,-1.,0.));
#3777 = ORIENTED_EDGE('',*,*,#3778,.T.);
#3778 = EDGE_CURVE('',#3771,#3755,#3779,.T.);
#3779 = LINE('',#3780,#3781);
#3780 = CARTESIAN_POINT('',(3.3782,2.5146,-0.8382));
#3781 = VECTOR('',#3782,1.);
#3782 = DIRECTION('',(-1.,0.,0.));
#3783 = PLANE('',#3784);
#3784 = AXIS2_PLACEMENT_3D('',#3785,#3786,#3787);
#3785 = CARTESIAN_POINT('',(3.3782,6.096,-0.8382));
#3786 = DIRECTION('',(0.,0.,-1.));
#3787 = DIRECTION('',(-1.,0.,0.));
#3788 = ADVANCED_FACE('',(#3789),#3929,.T.);
#3789 = FACE_BOUND('',#3790,.T.);
#3790 = EDGE_LOOP('',(#3791,#3799,#3807,#3813,#3814,#3822,#3830,#3836,
    #3837,#3845,#3853,#3859,#3860,#3868,#3876,#3882,#3883,#3891,#3899,
    #3905,#3906,#3914,#3922,#3928));
#3791 = ORIENTED_EDGE('',*,*,#3792,.F.);
#3792 = EDGE_CURVE('',#3793,#2113,#3795,.T.);
#3793 = VERTEX_POINT('',#3794);
#3794 = CARTESIAN_POINT('',(-2.9718,2.2606,-0.66713877551));
#3795 = LINE('',#3796,#3797);
#3796 = CARTESIAN_POINT('',(-2.9718,2.5146,-0.8382));
#3797 = VECTOR('',#3798,1.);
#3798 = DIRECTION('',(0.,0.829436927105,-0.558600379479));
#3799 = ORIENTED_EDGE('',*,*,#3800,.F.);
#3800 = EDGE_CURVE('',#3801,#3793,#3803,.T.);
#3801 = VERTEX_POINT('',#3802);
#3802 = CARTESIAN_POINT('',(-2.1082,2.2606,-0.66713877551));
#3803 = LINE('',#3804,#3805);
#3804 = CARTESIAN_POINT('',(3.3782,2.2606,-0.66713877551));
#3805 = VECTOR('',#3806,1.);
#3806 = DIRECTION('',(-1.,0.,0.));
#3807 = ORIENTED_EDGE('',*,*,#3808,.F.);
#3808 = EDGE_CURVE('',#2155,#3801,#3809,.T.);
#3809 = LINE('',#3810,#3811);
#3810 = CARTESIAN_POINT('',(-2.1082,2.5146,-0.8382));
#3811 = VECTOR('',#3812,1.);
#3812 = DIRECTION('',(0.,-0.829436927105,0.558600379479));
#3813 = ORIENTED_EDGE('',*,*,#2178,.F.);
#3814 = ORIENTED_EDGE('',*,*,#3815,.F.);
#3815 = EDGE_CURVE('',#3816,#2171,#3818,.T.);
#3816 = VERTEX_POINT('',#3817);
#3817 = CARTESIAN_POINT('',(-1.7018,2.2606,-0.66713877551));
#3818 = LINE('',#3819,#3820);
#3819 = CARTESIAN_POINT('',(-1.7018,2.5146,-0.8382));
#3820 = VECTOR('',#3821,1.);
#3821 = DIRECTION('',(0.,0.829436927105,-0.558600379479));
#3822 = ORIENTED_EDGE('',*,*,#3823,.F.);
#3823 = EDGE_CURVE('',#3824,#3816,#3826,.T.);
#3824 = VERTEX_POINT('',#3825);
#3825 = CARTESIAN_POINT('',(-0.8382,2.2606,-0.66713877551));
#3826 = LINE('',#3827,#3828);
#3827 = CARTESIAN_POINT('',(3.3782,2.2606,-0.66713877551));
#3828 = VECTOR('',#3829,1.);
#3829 = DIRECTION('',(-1.,0.,0.));
#3830 = ORIENTED_EDGE('',*,*,#3831,.F.);
#3831 = EDGE_CURVE('',#2195,#3824,#3832,.T.);
#3832 = LINE('',#3833,#3834);
#3833 = CARTESIAN_POINT('',(-0.8382,2.5146,-0.8382));
#3834 = VECTOR('',#3835,1.);
#3835 = DIRECTION('',(0.,-0.829436927105,0.558600379479));
#3836 = ORIENTED_EDGE('',*,*,#2218,.F.);
#3837 = ORIENTED_EDGE('',*,*,#3838,.F.);
#3838 = EDGE_CURVE('',#3839,#2211,#3841,.T.);
#3839 = VERTEX_POINT('',#3840);
#3840 = CARTESIAN_POINT('',(-0.4318,2.2606,-0.66713877551));
#3841 = LINE('',#3842,#3843);
#3842 = CARTESIAN_POINT('',(-0.4318,2.5146,-0.8382));
#3843 = VECTOR('',#3844,1.);
#3844 = DIRECTION('',(0.,0.829436927105,-0.558600379479));
#3845 = ORIENTED_EDGE('',*,*,#3846,.F.);
#3846 = EDGE_CURVE('',#3847,#3839,#3849,.T.);
#3847 = VERTEX_POINT('',#3848);
#3848 = CARTESIAN_POINT('',(0.4318,2.2606,-0.66713877551));
#3849 = LINE('',#3850,#3851);
#3850 = CARTESIAN_POINT('',(3.3782,2.2606,-0.66713877551));
#3851 = VECTOR('',#3852,1.);
#3852 = DIRECTION('',(-1.,0.,0.));
#3853 = ORIENTED_EDGE('',*,*,#3854,.F.);
#3854 = EDGE_CURVE('',#2235,#3847,#3855,.T.);
#3855 = LINE('',#3856,#3857);
#3856 = CARTESIAN_POINT('',(0.4318,2.5146,-0.8382));
#3857 = VECTOR('',#3858,1.);
#3858 = DIRECTION('',(0.,-0.829436927105,0.558600379479));
#3859 = ORIENTED_EDGE('',*,*,#2258,.F.);
#3860 = ORIENTED_EDGE('',*,*,#3861,.F.);
#3861 = EDGE_CURVE('',#3862,#2251,#3864,.T.);
#3862 = VERTEX_POINT('',#3863);
#3863 = CARTESIAN_POINT('',(0.8382,2.2606,-0.66713877551));
#3864 = LINE('',#3865,#3866);
#3865 = CARTESIAN_POINT('',(0.8382,2.5146,-0.8382));
#3866 = VECTOR('',#3867,1.);
#3867 = DIRECTION('',(0.,0.829436927105,-0.558600379479));
#3868 = ORIENTED_EDGE('',*,*,#3869,.F.);
#3869 = EDGE_CURVE('',#3870,#3862,#3872,.T.);
#3870 = VERTEX_POINT('',#3871);
#3871 = CARTESIAN_POINT('',(1.7018,2.2606,-0.66713877551));
#3872 = LINE('',#3873,#3874);
#3873 = CARTESIAN_POINT('',(3.3782,2.2606,-0.66713877551));
#3874 = VECTOR('',#3875,1.);
#3875 = DIRECTION('',(-1.,0.,0.));
#3876 = ORIENTED_EDGE('',*,*,#3877,.F.);
#3877 = EDGE_CURVE('',#2275,#3870,#3878,.T.);
#3878 = LINE('',#3879,#3880);
#3879 = CARTESIAN_POINT('',(1.7018,2.5146,-0.8382));
#3880 = VECTOR('',#3881,1.);
#3881 = DIRECTION('',(0.,-0.829436927105,0.558600379479));
#3882 = ORIENTED_EDGE('',*,*,#2298,.F.);
#3883 = ORIENTED_EDGE('',*,*,#3884,.F.);
#3884 = EDGE_CURVE('',#3885,#2291,#3887,.T.);
#3885 = VERTEX_POINT('',#3886);
#3886 = CARTESIAN_POINT('',(2.1082,2.2606,-0.66713877551));
#3887 = LINE('',#3888,#3889);
#3888 = CARTESIAN_POINT('',(2.1082,2.5146,-0.8382));
#3889 = VECTOR('',#3890,1.);
#3890 = DIRECTION('',(0.,0.829436927105,-0.558600379479));
#3891 = ORIENTED_EDGE('',*,*,#3892,.F.);
#3892 = EDGE_CURVE('',#3893,#3885,#3895,.T.);
#3893 = VERTEX_POINT('',#3894);
#3894 = CARTESIAN_POINT('',(2.9718,2.2606,-0.66713877551));
#3895 = LINE('',#3896,#3897);
#3896 = CARTESIAN_POINT('',(3.3782,2.2606,-0.66713877551));
#3897 = VECTOR('',#3898,1.);
#3898 = DIRECTION('',(-1.,0.,0.));
#3899 = ORIENTED_EDGE('',*,*,#3900,.F.);
#3900 = EDGE_CURVE('',#3755,#3893,#3901,.T.);
#3901 = LINE('',#3902,#3903);
#3902 = CARTESIAN_POINT('',(2.9718,2.5146,-0.8382));
#3903 = VECTOR('',#3904,1.);
#3904 = DIRECTION('',(0.,-0.829436927105,0.558600379479));
#3905 = ORIENTED_EDGE('',*,*,#3778,.F.);
#3906 = ORIENTED_EDGE('',*,*,#3907,.T.);
#3907 = EDGE_CURVE('',#3771,#3908,#3910,.T.);
#3908 = VERTEX_POINT('',#3909);
#3909 = CARTESIAN_POINT('',(3.3782,1.27,0.));
#3910 = LINE('',#3911,#3912);
#3911 = CARTESIAN_POINT('',(3.3782,2.5146,-0.8382));
#3912 = VECTOR('',#3913,1.);
#3913 = DIRECTION('',(0.,-0.829436927105,0.558600379479));
#3914 = ORIENTED_EDGE('',*,*,#3915,.T.);
#3915 = EDGE_CURVE('',#3908,#3916,#3918,.T.);
#3916 = VERTEX_POINT('',#3917);
#3917 = CARTESIAN_POINT('',(-3.3782,1.27,0.));
#3918 = LINE('',#3919,#3920);
#3919 = CARTESIAN_POINT('',(3.3782,1.27,0.));
#3920 = VECTOR('',#3921,1.);
#3921 = DIRECTION('',(-1.,0.,0.));
#3922 = ORIENTED_EDGE('',*,*,#3923,.F.);
#3923 = EDGE_CURVE('',#2123,#3916,#3924,.T.);
#3924 = LINE('',#3925,#3926);
#3925 = CARTESIAN_POINT('',(-3.3782,2.5146,-0.8382));
#3926 = VECTOR('',#3927,1.);
#3927 = DIRECTION('',(0.,-0.829436927105,0.558600379479));
#3928 = ORIENTED_EDGE('',*,*,#2122,.F.);
#3929 = PLANE('',#3930);
#3930 = AXIS2_PLACEMENT_3D('',#3931,#3932,#3933);
#3931 = CARTESIAN_POINT('',(3.3782,2.5146,-0.8382));
#3932 = DIRECTION('',(0.,-0.558600379479,-0.829436927105));
#3933 = DIRECTION('',(0.,0.829436927105,-0.558600379479));
#3934 = ADVANCED_FACE('',(#3935),#4075,.T.);
#3935 = FACE_BOUND('',#3936,.T.);
#3936 = EDGE_LOOP('',(#3937,#3945,#3946,#3952,#3953,#3961,#3969,#3977,
    #3985,#3991,#3992,#4000,#4008,#4014,#4015,#4023,#4031,#4037,#4038,
    #4046,#4054,#4060,#4061,#4069));
#3937 = ORIENTED_EDGE('',*,*,#3938,.F.);
#3938 = EDGE_CURVE('',#2315,#3939,#3941,.T.);
#3939 = VERTEX_POINT('',#3940);
#3940 = CARTESIAN_POINT('',(-2.9718,2.2606,0.66713877551));
#3941 = LINE('',#3942,#3943);
#3942 = CARTESIAN_POINT('',(-2.9718,1.27,0.));
#3943 = VECTOR('',#3944,1.);
#3944 = DIRECTION('',(0.,-0.829436927105,-0.558600379479));
#3945 = ORIENTED_EDGE('',*,*,#2338,.T.);
#3946 = ORIENTED_EDGE('',*,*,#3947,.F.);
#3947 = EDGE_CURVE('',#3916,#2331,#3948,.T.);
#3948 = LINE('',#3949,#3950);
#3949 = CARTESIAN_POINT('',(-3.3782,1.27,0.));
#3950 = VECTOR('',#3951,1.);
#3951 = DIRECTION('',(0.,0.829436927105,0.558600379479));
#3952 = ORIENTED_EDGE('',*,*,#3915,.F.);
#3953 = ORIENTED_EDGE('',*,*,#3954,.T.);
#3954 = EDGE_CURVE('',#3908,#3955,#3957,.T.);
#3955 = VERTEX_POINT('',#3956);
#3956 = CARTESIAN_POINT('',(3.3782,2.5146,0.8382));
#3957 = LINE('',#3958,#3959);
#3958 = CARTESIAN_POINT('',(3.3782,1.27,0.));
#3959 = VECTOR('',#3960,1.);
#3960 = DIRECTION('',(0.,0.829436927105,0.558600379479));
#3961 = ORIENTED_EDGE('',*,*,#3962,.T.);
#3962 = EDGE_CURVE('',#3955,#3963,#3965,.T.);
#3963 = VERTEX_POINT('',#3964);
#3964 = CARTESIAN_POINT('',(2.9718,2.5146,0.8382));
#3965 = LINE('',#3966,#3967);
#3966 = CARTESIAN_POINT('',(3.3782,2.5146,0.8382));
#3967 = VECTOR('',#3968,1.);
#3968 = DIRECTION('',(-1.,0.,0.));
#3969 = ORIENTED_EDGE('',*,*,#3970,.F.);
#3970 = EDGE_CURVE('',#3971,#3963,#3973,.T.);
#3971 = VERTEX_POINT('',#3972);
#3972 = CARTESIAN_POINT('',(2.9718,2.2606,0.66713877551));
#3973 = LINE('',#3974,#3975);
#3974 = CARTESIAN_POINT('',(2.9718,1.27,0.));
#3975 = VECTOR('',#3976,1.);
#3976 = DIRECTION('',(0.,0.829436927105,0.558600379479));
#3977 = ORIENTED_EDGE('',*,*,#3978,.F.);
#3978 = EDGE_CURVE('',#3979,#3971,#3981,.T.);
#3979 = VERTEX_POINT('',#3980);
#3980 = CARTESIAN_POINT('',(2.1082,2.2606,0.66713877551));
#3981 = LINE('',#3982,#3983);
#3982 = CARTESIAN_POINT('',(3.3782,2.2606,0.66713877551));
#3983 = VECTOR('',#3984,1.);
#3984 = DIRECTION('',(1.,0.,0.));
#3985 = ORIENTED_EDGE('',*,*,#3986,.F.);
#3986 = EDGE_CURVE('',#2483,#3979,#3987,.T.);
#3987 = LINE('',#3988,#3989);
#3988 = CARTESIAN_POINT('',(2.1082,1.27,0.));
#3989 = VECTOR('',#3990,1.);
#3990 = DIRECTION('',(0.,-0.829436927105,-0.558600379479));
#3991 = ORIENTED_EDGE('',*,*,#2482,.T.);
#3992 = ORIENTED_EDGE('',*,*,#3993,.F.);
#3993 = EDGE_CURVE('',#3994,#2473,#3996,.T.);
#3994 = VERTEX_POINT('',#3995);
#3995 = CARTESIAN_POINT('',(1.7018,2.2606,0.66713877551));
#3996 = LINE('',#3997,#3998);
#3997 = CARTESIAN_POINT('',(1.7018,1.27,0.));
#3998 = VECTOR('',#3999,1.);
#3999 = DIRECTION('',(0.,0.829436927105,0.558600379479));
#4000 = ORIENTED_EDGE('',*,*,#4001,.F.);
#4001 = EDGE_CURVE('',#4002,#3994,#4004,.T.);
#4002 = VERTEX_POINT('',#4003);
#4003 = CARTESIAN_POINT('',(0.8382,2.2606,0.66713877551));
#4004 = LINE('',#4005,#4006);
#4005 = CARTESIAN_POINT('',(3.3782,2.2606,0.66713877551));
#4006 = VECTOR('',#4007,1.);
#4007 = DIRECTION('',(1.,0.,0.));
#4008 = ORIENTED_EDGE('',*,*,#4009,.F.);
#4009 = EDGE_CURVE('',#2443,#4002,#4010,.T.);
#4010 = LINE('',#4011,#4012);
#4011 = CARTESIAN_POINT('',(0.8382,1.27,0.));
#4012 = VECTOR('',#4013,1.);
#4013 = DIRECTION('',(0.,-0.829436927105,-0.558600379479));
#4014 = ORIENTED_EDGE('',*,*,#2442,.T.);
#4015 = ORIENTED_EDGE('',*,*,#4016,.F.);
#4016 = EDGE_CURVE('',#4017,#2433,#4019,.T.);
#4017 = VERTEX_POINT('',#4018);
#4018 = CARTESIAN_POINT('',(0.4318,2.2606,0.66713877551));
#4019 = LINE('',#4020,#4021);
#4020 = CARTESIAN_POINT('',(0.4318,1.27,0.));
#4021 = VECTOR('',#4022,1.);
#4022 = DIRECTION('',(0.,0.829436927105,0.558600379479));
#4023 = ORIENTED_EDGE('',*,*,#4024,.F.);
#4024 = EDGE_CURVE('',#4025,#4017,#4027,.T.);
#4025 = VERTEX_POINT('',#4026);
#4026 = CARTESIAN_POINT('',(-0.4318,2.2606,0.66713877551));
#4027 = LINE('',#4028,#4029);
#4028 = CARTESIAN_POINT('',(3.3782,2.2606,0.66713877551));
#4029 = VECTOR('',#4030,1.);
#4030 = DIRECTION('',(1.,0.,0.));
#4031 = ORIENTED_EDGE('',*,*,#4032,.F.);
#4032 = EDGE_CURVE('',#2403,#4025,#4033,.T.);
#4033 = LINE('',#4034,#4035);
#4034 = CARTESIAN_POINT('',(-0.4318,1.27,0.));
#4035 = VECTOR('',#4036,1.);
#4036 = DIRECTION('',(0.,-0.829436927105,-0.558600379479));
#4037 = ORIENTED_EDGE('',*,*,#2402,.T.);
#4038 = ORIENTED_EDGE('',*,*,#4039,.F.);
#4039 = EDGE_CURVE('',#4040,#2393,#4042,.T.);
#4040 = VERTEX_POINT('',#4041);
#4041 = CARTESIAN_POINT('',(-0.8382,2.2606,0.66713877551));
#4042 = LINE('',#4043,#4044);
#4043 = CARTESIAN_POINT('',(-0.8382,1.27,0.));
#4044 = VECTOR('',#4045,1.);
#4045 = DIRECTION('',(0.,0.829436927105,0.558600379479));
#4046 = ORIENTED_EDGE('',*,*,#4047,.F.);
#4047 = EDGE_CURVE('',#4048,#4040,#4050,.T.);
#4048 = VERTEX_POINT('',#4049);
#4049 = CARTESIAN_POINT('',(-1.7018,2.2606,0.66713877551));
#4050 = LINE('',#4051,#4052);
#4051 = CARTESIAN_POINT('',(3.3782,2.2606,0.66713877551));
#4052 = VECTOR('',#4053,1.);
#4053 = DIRECTION('',(1.,0.,0.));
#4054 = ORIENTED_EDGE('',*,*,#4055,.F.);
#4055 = EDGE_CURVE('',#2363,#4048,#4056,.T.);
#4056 = LINE('',#4057,#4058);
#4057 = CARTESIAN_POINT('',(-1.7018,1.27,0.));
#4058 = VECTOR('',#4059,1.);
#4059 = DIRECTION('',(0.,-0.829436927105,-0.558600379479));
#4060 = ORIENTED_EDGE('',*,*,#2362,.T.);
#4061 = ORIENTED_EDGE('',*,*,#4062,.F.);
#4062 = EDGE_CURVE('',#4063,#2353,#4065,.T.);
#4063 = VERTEX_POINT('',#4064);
#4064 = CARTESIAN_POINT('',(-2.1082,2.2606,0.66713877551));
#4065 = LINE('',#4066,#4067);
#4066 = CARTESIAN_POINT('',(-2.1082,1.27,0.));
#4067 = VECTOR('',#4068,1.);
#4068 = DIRECTION('',(0.,0.829436927105,0.558600379479));
#4069 = ORIENTED_EDGE('',*,*,#4070,.F.);
#4070 = EDGE_CURVE('',#3939,#4063,#4071,.T.);
#4071 = LINE('',#4072,#4073);
#4072 = CARTESIAN_POINT('',(3.3782,2.2606,0.66713877551));
#4073 = VECTOR('',#4074,1.);
#4074 = DIRECTION('',(1.,0.,0.));
#4075 = PLANE('',#4076);
#4076 = AXIS2_PLACEMENT_3D('',#4077,#4078,#4079);
#4077 = CARTESIAN_POINT('',(3.3782,1.27,0.));
#4078 = DIRECTION('',(0.,-0.558600379479,0.829436927105));
#4079 = DIRECTION('',(0.,-0.829436927105,-0.558600379479));
#4080 = ADVANCED_FACE('',(#4081),#4106,.T.);
#4081 = FACE_BOUND('',#4082,.T.);
#4082 = EDGE_LOOP('',(#4083,#4091,#4092,#4100));
#4083 = ORIENTED_EDGE('',*,*,#4084,.F.);
#4084 = EDGE_CURVE('',#3963,#4085,#4087,.T.);
#4085 = VERTEX_POINT('',#4086);
#4086 = CARTESIAN_POINT('',(2.9718,6.096,0.8382));
#4087 = LINE('',#4088,#4089);
#4088 = CARTESIAN_POINT('',(2.9718,2.5146,0.8382));
#4089 = VECTOR('',#4090,1.);
#4090 = DIRECTION('',(0.,1.,0.));
#4091 = ORIENTED_EDGE('',*,*,#3962,.F.);
#4092 = ORIENTED_EDGE('',*,*,#4093,.T.);
#4093 = EDGE_CURVE('',#3955,#4094,#4096,.T.);
#4094 = VERTEX_POINT('',#4095);
#4095 = CARTESIAN_POINT('',(3.3782,6.096,0.8382));
#4096 = LINE('',#4097,#4098);
#4097 = CARTESIAN_POINT('',(3.3782,2.5146,0.8382));
#4098 = VECTOR('',#4099,1.);
#4099 = DIRECTION('',(0.,1.,0.));
#4100 = ORIENTED_EDGE('',*,*,#4101,.T.);
#4101 = EDGE_CURVE('',#4094,#4085,#4102,.T.);
#4102 = LINE('',#4103,#4104);
#4103 = CARTESIAN_POINT('',(3.3782,6.096,0.8382));
#4104 = VECTOR('',#4105,1.);
#4105 = DIRECTION('',(-1.,0.,0.));
#4106 = PLANE('',#4107);
#4107 = AXIS2_PLACEMENT_3D('',#4108,#4109,#4110);
#4108 = CARTESIAN_POINT('',(3.3782,2.5146,0.8382));
#4109 = DIRECTION('',(0.,0.,1.));
#4110 = DIRECTION('',(1.,0.,-0.));
#4111 = ADVANCED_FACE('',(#4112),#4137,.T.);
#4112 = FACE_BOUND('',#4113,.T.);
#4113 = EDGE_LOOP('',(#4114,#4122,#4123,#4131));
#4114 = ORIENTED_EDGE('',*,*,#4115,.F.);
#4115 = EDGE_CURVE('',#4085,#4116,#4118,.T.);
#4116 = VERTEX_POINT('',#4117);
#4117 = CARTESIAN_POINT('',(3.103782271537,6.3246,0.706217728463));
#4118 = LINE('',#4119,#4120);
#4119 = CARTESIAN_POINT('',(3.05308,6.236781089639,0.75692));
#4120 = VECTOR('',#4121,1.);
#4121 = DIRECTION('',(0.4472135955,0.774596669241,-0.4472135955));
#4122 = ORIENTED_EDGE('',*,*,#4101,.F.);
#4123 = ORIENTED_EDGE('',*,*,#4124,.F.);
#4124 = EDGE_CURVE('',#4125,#4094,#4127,.T.);
#4125 = VERTEX_POINT('',#4126);
#4126 = CARTESIAN_POINT('',(3.246217728463,6.3246,0.706217728463));
#4127 = LINE('',#4128,#4129);
#4128 = CARTESIAN_POINT('',(3.3782,6.096,0.8382));
#4129 = VECTOR('',#4130,1.);
#4130 = DIRECTION('',(0.4472135955,-0.774596669241,0.4472135955));
#4131 = ORIENTED_EDGE('',*,*,#4132,.T.);
#4132 = EDGE_CURVE('',#4125,#4116,#4133,.T.);
#4133 = LINE('',#4134,#4135);
#4134 = CARTESIAN_POINT('',(3.3782,6.3246,0.706217728463));
#4135 = VECTOR('',#4136,1.);
#4136 = DIRECTION('',(-1.,0.,0.));
#4137 = PLANE('',#4138);
#4138 = AXIS2_PLACEMENT_3D('',#4139,#4140,#4141);
#4139 = CARTESIAN_POINT('',(3.3782,6.096,0.8382));
#4140 = DIRECTION('',(0.,0.5,0.866025403784));
#4141 = DIRECTION('',(0.,-0.866025403784,0.5));
#4142 = ADVANCED_FACE('',(#4143),#4168,.T.);
#4143 = FACE_BOUND('',#4144,.T.);
#4144 = EDGE_LOOP('',(#4145,#4153,#4154,#4162));
#4145 = ORIENTED_EDGE('',*,*,#4146,.F.);
#4146 = EDGE_CURVE('',#4116,#4147,#4149,.T.);
#4147 = VERTEX_POINT('',#4148);
#4148 = CARTESIAN_POINT('',(3.103782271537,6.3246,0.563782271537));
#4149 = LINE('',#4150,#4151);
#4150 = CARTESIAN_POINT('',(3.103782271537,6.3246,12.7));
#4151 = VECTOR('',#4152,1.);
#4152 = DIRECTION('',(0.,0.,-1.));
#4153 = ORIENTED_EDGE('',*,*,#4132,.F.);
#4154 = ORIENTED_EDGE('',*,*,#4155,.T.);
#4155 = EDGE_CURVE('',#4125,#4156,#4158,.T.);
#4156 = VERTEX_POINT('',#4157);
#4157 = CARTESIAN_POINT('',(3.246217728463,6.3246,0.563782271537));
#4158 = LINE('',#4159,#4160);
#4159 = CARTESIAN_POINT('',(3.246217728463,6.3246,12.7));
#4160 = VECTOR('',#4161,1.);
#4161 = DIRECTION('',(0.,0.,-1.));
#4162 = ORIENTED_EDGE('',*,*,#4163,.T.);
#4163 = EDGE_CURVE('',#4156,#4147,#4164,.T.);
#4164 = LINE('',#4165,#4166);
#4165 = CARTESIAN_POINT('',(3.3782,6.3246,0.563782271537));
#4166 = VECTOR('',#4167,1.);
#4167 = DIRECTION('',(-1.,0.,0.));
#4168 = PLANE('',#4169);
#4169 = AXIS2_PLACEMENT_3D('',#4170,#4171,#4172);
#4170 = CARTESIAN_POINT('',(3.3782,6.3246,0.706217728463));
#4171 = DIRECTION('',(0.,1.,0.));
#4172 = DIRECTION('',(0.,-0.,1.));
#4173 = ADVANCED_FACE('',(#4174),#4199,.T.);
#4174 = FACE_BOUND('',#4175,.T.);
#4175 = EDGE_LOOP('',(#4176,#4184,#4185,#4193));
#4176 = ORIENTED_EDGE('',*,*,#4177,.F.);
#4177 = EDGE_CURVE('',#4147,#4178,#4180,.T.);
#4178 = VERTEX_POINT('',#4179);
#4179 = CARTESIAN_POINT('',(2.9718,6.096,0.4318));
#4180 = LINE('',#4181,#4182);
#4181 = CARTESIAN_POINT('',(3.15866581723,6.419661089639,0.618665817229)
  );
#4182 = VECTOR('',#4183,1.);
#4183 = DIRECTION('',(-0.4472135955,-0.774596669241,-0.4472135955));
#4184 = ORIENTED_EDGE('',*,*,#4163,.F.);
#4185 = ORIENTED_EDGE('',*,*,#4186,.F.);
#4186 = EDGE_CURVE('',#4187,#4156,#4189,.T.);
#4187 = VERTEX_POINT('',#4188);
#4188 = CARTESIAN_POINT('',(3.3782,6.096,0.4318));
#4189 = LINE('',#4190,#4191);
#4190 = CARTESIAN_POINT('',(3.272614182771,6.27888,0.537385817229));
#4191 = VECTOR('',#4192,1.);
#4192 = DIRECTION('',(-0.4472135955,0.774596669241,0.4472135955));
#4193 = ORIENTED_EDGE('',*,*,#4194,.T.);
#4194 = EDGE_CURVE('',#4187,#4178,#4195,.T.);
#4195 = LINE('',#4196,#4197);
#4196 = CARTESIAN_POINT('',(3.3782,6.096,0.4318));
#4197 = VECTOR('',#4198,1.);
#4198 = DIRECTION('',(-1.,0.,0.));
#4199 = PLANE('',#4200);
#4200 = AXIS2_PLACEMENT_3D('',#4201,#4202,#4203);
#4201 = CARTESIAN_POINT('',(3.3782,6.3246,0.563782271537));
#4202 = DIRECTION('',(0.,0.5,-0.866025403784));
#4203 = DIRECTION('',(0.,0.866025403784,0.5));
#4204 = ADVANCED_FACE('',(#4205),#4230,.T.);
#4205 = FACE_BOUND('',#4206,.T.);
#4206 = EDGE_LOOP('',(#4207,#4215,#4216,#4224));
#4207 = ORIENTED_EDGE('',*,*,#4208,.F.);
#4208 = EDGE_CURVE('',#4178,#4209,#4211,.T.);
#4209 = VERTEX_POINT('',#4210);
#4210 = CARTESIAN_POINT('',(2.9718,2.2606,0.4318));
#4211 = LINE('',#4212,#4213);
#4212 = CARTESIAN_POINT('',(2.9718,6.096,0.4318));
#4213 = VECTOR('',#4214,1.);
#4214 = DIRECTION('',(0.,-1.,0.));
#4215 = ORIENTED_EDGE('',*,*,#4194,.F.);
#4216 = ORIENTED_EDGE('',*,*,#4217,.T.);
#4217 = EDGE_CURVE('',#4187,#4218,#4220,.T.);
#4218 = VERTEX_POINT('',#4219);
#4219 = CARTESIAN_POINT('',(3.3782,2.2606,0.4318));
#4220 = LINE('',#4221,#4222);
#4221 = CARTESIAN_POINT('',(3.3782,6.096,0.4318));
#4222 = VECTOR('',#4223,1.);
#4223 = DIRECTION('',(0.,-1.,0.));
#4224 = ORIENTED_EDGE('',*,*,#4225,.T.);
#4225 = EDGE_CURVE('',#4218,#4209,#4226,.T.);
#4226 = LINE('',#4227,#4228);
#4227 = CARTESIAN_POINT('',(3.3782,2.2606,0.4318));
#4228 = VECTOR('',#4229,1.);
#4229 = DIRECTION('',(-1.,0.,0.));
#4230 = PLANE('',#4231);
#4231 = AXIS2_PLACEMENT_3D('',#4232,#4233,#4234);
#4232 = CARTESIAN_POINT('',(3.3782,6.096,0.4318));
#4233 = DIRECTION('',(0.,0.,-1.));
#4234 = DIRECTION('',(-1.,0.,0.));
#4235 = ADVANCED_FACE('',(#4236),#4401,.T.);
#4236 = FACE_BOUND('',#4237,.T.);
#4237 = EDGE_LOOP('',(#4238,#4248,#4254,#4255,#4261,#4262,#4268,#4269,
    #4275,#4276,#4282,#4283,#4289,#4290,#4296,#4297,#4303,#4304,#4310,
    #4311,#4317,#4318,#4324,#4325,#4331,#4332,#4338,#4339,#4345,#4346,
    #4352,#4353,#4359,#4360,#4366,#4367,#4373,#4374,#4380,#4381,#4387,
    #4388,#4394,#4395));
#4238 = ORIENTED_EDGE('',*,*,#4239,.T.);
#4239 = EDGE_CURVE('',#4240,#4242,#4244,.T.);
#4240 = VERTEX_POINT('',#4241);
#4241 = CARTESIAN_POINT('',(3.3782,2.2606,-0.4318));
#4242 = VERTEX_POINT('',#4243);
#4243 = CARTESIAN_POINT('',(2.9718,2.2606,-0.4318));
#4244 = LINE('',#4245,#4246);
#4245 = CARTESIAN_POINT('',(3.3782,2.2606,-0.4318));
#4246 = VECTOR('',#4247,1.);
#4247 = DIRECTION('',(-1.,0.,0.));
#4248 = ORIENTED_EDGE('',*,*,#4249,.T.);
#4249 = EDGE_CURVE('',#4242,#3893,#4250,.T.);
#4250 = LINE('',#4251,#4252);
#4251 = CARTESIAN_POINT('',(2.9718,2.2606,12.7));
#4252 = VECTOR('',#4253,1.);
#4253 = DIRECTION('',(0.,0.,-1.));
#4254 = ORIENTED_EDGE('',*,*,#3892,.T.);
#4255 = ORIENTED_EDGE('',*,*,#4256,.F.);
#4256 = EDGE_CURVE('',#3303,#3885,#4257,.T.);
#4257 = LINE('',#4258,#4259);
#4258 = CARTESIAN_POINT('',(2.1082,2.2606,12.7));
#4259 = VECTOR('',#4260,1.);
#4260 = DIRECTION('',(0.,0.,-1.));
#4261 = ORIENTED_EDGE('',*,*,#3302,.T.);
#4262 = ORIENTED_EDGE('',*,*,#4263,.T.);
#4263 = EDGE_CURVE('',#3293,#3870,#4264,.T.);
#4264 = LINE('',#4265,#4266);
#4265 = CARTESIAN_POINT('',(1.7018,2.2606,12.7));
#4266 = VECTOR('',#4267,1.);
#4267 = DIRECTION('',(0.,0.,-1.));
#4268 = ORIENTED_EDGE('',*,*,#3869,.T.);
#4269 = ORIENTED_EDGE('',*,*,#4270,.F.);
#4270 = EDGE_CURVE('',#3263,#3862,#4271,.T.);
#4271 = LINE('',#4272,#4273);
#4272 = CARTESIAN_POINT('',(0.8382,2.2606,12.7));
#4273 = VECTOR('',#4274,1.);
#4274 = DIRECTION('',(0.,0.,-1.));
#4275 = ORIENTED_EDGE('',*,*,#3262,.T.);
#4276 = ORIENTED_EDGE('',*,*,#4277,.T.);
#4277 = EDGE_CURVE('',#3253,#3847,#4278,.T.);
#4278 = LINE('',#4279,#4280);
#4279 = CARTESIAN_POINT('',(0.4318,2.2606,12.7));
#4280 = VECTOR('',#4281,1.);
#4281 = DIRECTION('',(0.,0.,-1.));
#4282 = ORIENTED_EDGE('',*,*,#3846,.T.);
#4283 = ORIENTED_EDGE('',*,*,#4284,.F.);
#4284 = EDGE_CURVE('',#3223,#3839,#4285,.T.);
#4285 = LINE('',#4286,#4287);
#4286 = CARTESIAN_POINT('',(-0.4318,2.2606,12.7));
#4287 = VECTOR('',#4288,1.);
#4288 = DIRECTION('',(0.,0.,-1.));
#4289 = ORIENTED_EDGE('',*,*,#3222,.T.);
#4290 = ORIENTED_EDGE('',*,*,#4291,.T.);
#4291 = EDGE_CURVE('',#3213,#3824,#4292,.T.);
#4292 = LINE('',#4293,#4294);
#4293 = CARTESIAN_POINT('',(-0.8382,2.2606,12.7));
#4294 = VECTOR('',#4295,1.);
#4295 = DIRECTION('',(0.,0.,-1.));
#4296 = ORIENTED_EDGE('',*,*,#3823,.T.);
#4297 = ORIENTED_EDGE('',*,*,#4298,.F.);
#4298 = EDGE_CURVE('',#3183,#3816,#4299,.T.);
#4299 = LINE('',#4300,#4301);
#4300 = CARTESIAN_POINT('',(-1.7018,2.2606,12.7));
#4301 = VECTOR('',#4302,1.);
#4302 = DIRECTION('',(0.,0.,-1.));
#4303 = ORIENTED_EDGE('',*,*,#3182,.T.);
#4304 = ORIENTED_EDGE('',*,*,#4305,.T.);
#4305 = EDGE_CURVE('',#3173,#3801,#4306,.T.);
#4306 = LINE('',#4307,#4308);
#4307 = CARTESIAN_POINT('',(-2.1082,2.2606,12.7));
#4308 = VECTOR('',#4309,1.);
#4309 = DIRECTION('',(0.,0.,-1.));
#4310 = ORIENTED_EDGE('',*,*,#3800,.T.);
#4311 = ORIENTED_EDGE('',*,*,#4312,.F.);
#4312 = EDGE_CURVE('',#3135,#3793,#4313,.T.);
#4313 = LINE('',#4314,#4315);
#4314 = CARTESIAN_POINT('',(-2.9718,2.2606,12.7));
#4315 = VECTOR('',#4316,1.);
#4316 = DIRECTION('',(0.,0.,-1.));
#4317 = ORIENTED_EDGE('',*,*,#3158,.T.);
#4318 = ORIENTED_EDGE('',*,*,#4319,.F.);
#4319 = EDGE_CURVE('',#2986,#3151,#4320,.T.);
#4320 = LINE('',#4321,#4322);
#4321 = CARTESIAN_POINT('',(-3.3782,2.2606,0.4318));
#4322 = VECTOR('',#4323,1.);
#4323 = DIRECTION('',(0.,5.021779400118E-16,-1.));
#4324 = ORIENTED_EDGE('',*,*,#2985,.F.);
#4325 = ORIENTED_EDGE('',*,*,#4326,.F.);
#4326 = EDGE_CURVE('',#3939,#2978,#4327,.T.);
#4327 = LINE('',#4328,#4329);
#4328 = CARTESIAN_POINT('',(-2.9718,2.2606,12.7));
#4329 = VECTOR('',#4330,1.);
#4330 = DIRECTION('',(0.,0.,-1.));
#4331 = ORIENTED_EDGE('',*,*,#4070,.T.);
#4332 = ORIENTED_EDGE('',*,*,#4333,.T.);
#4333 = EDGE_CURVE('',#4063,#3009,#4334,.T.);
#4334 = LINE('',#4335,#4336);
#4335 = CARTESIAN_POINT('',(-2.1082,2.2606,12.7));
#4336 = VECTOR('',#4337,1.);
#4337 = DIRECTION('',(0.,0.,-1.));
#4338 = ORIENTED_EDGE('',*,*,#3025,.F.);
#4339 = ORIENTED_EDGE('',*,*,#4340,.F.);
#4340 = EDGE_CURVE('',#4048,#3018,#4341,.T.);
#4341 = LINE('',#4342,#4343);
#4342 = CARTESIAN_POINT('',(-1.7018,2.2606,12.7));
#4343 = VECTOR('',#4344,1.);
#4344 = DIRECTION('',(0.,0.,-1.));
#4345 = ORIENTED_EDGE('',*,*,#4047,.T.);
#4346 = ORIENTED_EDGE('',*,*,#4347,.T.);
#4347 = EDGE_CURVE('',#4040,#3040,#4348,.T.);
#4348 = LINE('',#4349,#4350);
#4349 = CARTESIAN_POINT('',(-0.8382,2.2606,12.7));
#4350 = VECTOR('',#4351,1.);
#4351 = DIRECTION('',(0.,0.,-1.));
#4352 = ORIENTED_EDGE('',*,*,#3056,.F.);
#4353 = ORIENTED_EDGE('',*,*,#4354,.F.);
#4354 = EDGE_CURVE('',#4025,#3049,#4355,.T.);
#4355 = LINE('',#4356,#4357);
#4356 = CARTESIAN_POINT('',(-0.4318,2.2606,12.7));
#4357 = VECTOR('',#4358,1.);
#4358 = DIRECTION('',(0.,0.,-1.));
#4359 = ORIENTED_EDGE('',*,*,#4024,.T.);
#4360 = ORIENTED_EDGE('',*,*,#4361,.T.);
#4361 = EDGE_CURVE('',#4017,#3071,#4362,.T.);
#4362 = LINE('',#4363,#4364);
#4363 = CARTESIAN_POINT('',(0.4318,2.2606,12.7));
#4364 = VECTOR('',#4365,1.);
#4365 = DIRECTION('',(0.,0.,-1.));
#4366 = ORIENTED_EDGE('',*,*,#3087,.F.);
#4367 = ORIENTED_EDGE('',*,*,#4368,.F.);
#4368 = EDGE_CURVE('',#4002,#3080,#4369,.T.);
#4369 = LINE('',#4370,#4371);
#4370 = CARTESIAN_POINT('',(0.8382,2.2606,12.7));
#4371 = VECTOR('',#4372,1.);
#4372 = DIRECTION('',(0.,0.,-1.));
#4373 = ORIENTED_EDGE('',*,*,#4001,.T.);
#4374 = ORIENTED_EDGE('',*,*,#4375,.T.);
#4375 = EDGE_CURVE('',#3994,#3102,#4376,.T.);
#4376 = LINE('',#4377,#4378);
#4377 = CARTESIAN_POINT('',(1.7018,2.2606,12.7));
#4378 = VECTOR('',#4379,1.);
#4379 = DIRECTION('',(0.,0.,-1.));
#4380 = ORIENTED_EDGE('',*,*,#3118,.F.);
#4381 = ORIENTED_EDGE('',*,*,#4382,.F.);
#4382 = EDGE_CURVE('',#3979,#3111,#4383,.T.);
#4383 = LINE('',#4384,#4385);
#4384 = CARTESIAN_POINT('',(2.1082,2.2606,12.7));
#4385 = VECTOR('',#4386,1.);
#4386 = DIRECTION('',(0.,0.,-1.));
#4387 = ORIENTED_EDGE('',*,*,#3978,.T.);
#4388 = ORIENTED_EDGE('',*,*,#4389,.T.);
#4389 = EDGE_CURVE('',#3971,#4209,#4390,.T.);
#4390 = LINE('',#4391,#4392);
#4391 = CARTESIAN_POINT('',(2.9718,2.2606,12.7));
#4392 = VECTOR('',#4393,1.);
#4393 = DIRECTION('',(0.,0.,-1.));
#4394 = ORIENTED_EDGE('',*,*,#4225,.F.);
#4395 = ORIENTED_EDGE('',*,*,#4396,.T.);
#4396 = EDGE_CURVE('',#4218,#4240,#4397,.T.);
#4397 = LINE('',#4398,#4399);
#4398 = CARTESIAN_POINT('',(3.3782,2.2606,0.4318));
#4399 = VECTOR('',#4400,1.);
#4400 = DIRECTION('',(0.,5.021779400118E-16,-1.));
#4401 = PLANE('',#4402);
#4402 = AXIS2_PLACEMENT_3D('',#4403,#4404,#4405);
#4403 = CARTESIAN_POINT('',(3.3782,2.2606,0.4318));
#4404 = DIRECTION('',(0.,1.,5.021779400118E-16));
#4405 = DIRECTION('',(0.,-5.021779400118E-16,1.));
#4406 = ADVANCED_FACE('',(#4407),#4432,.T.);
#4407 = FACE_BOUND('',#4408,.T.);
#4408 = EDGE_LOOP('',(#4409,#4417,#4418,#4426));
#4409 = ORIENTED_EDGE('',*,*,#4410,.F.);
#4410 = EDGE_CURVE('',#4242,#4411,#4413,.T.);
#4411 = VERTEX_POINT('',#4412);
#4412 = CARTESIAN_POINT('',(2.9718,6.096,-0.4318));
#4413 = LINE('',#4414,#4415);
#4414 = CARTESIAN_POINT('',(2.9718,2.2606,-0.4318));
#4415 = VECTOR('',#4416,1.);
#4416 = DIRECTION('',(0.,1.,1.413414731821E-17));
#4417 = ORIENTED_EDGE('',*,*,#4239,.F.);
#4418 = ORIENTED_EDGE('',*,*,#4419,.T.);
#4419 = EDGE_CURVE('',#4240,#4420,#4422,.T.);
#4420 = VERTEX_POINT('',#4421);
#4421 = CARTESIAN_POINT('',(3.3782,6.096,-0.4318));
#4422 = LINE('',#4423,#4424);
#4423 = CARTESIAN_POINT('',(3.3782,2.2606,-0.4318));
#4424 = VECTOR('',#4425,1.);
#4425 = DIRECTION('',(0.,1.,1.413414731821E-17));
#4426 = ORIENTED_EDGE('',*,*,#4427,.T.);
#4427 = EDGE_CURVE('',#4420,#4411,#4428,.T.);
#4428 = LINE('',#4429,#4430);
#4429 = CARTESIAN_POINT('',(3.3782,6.096,-0.4318));
#4430 = VECTOR('',#4431,1.);
#4431 = DIRECTION('',(-1.,0.,0.));
#4432 = PLANE('',#4433);
#4433 = AXIS2_PLACEMENT_3D('',#4434,#4435,#4436);
#4434 = CARTESIAN_POINT('',(3.3782,2.2606,-0.4318));
#4435 = DIRECTION('',(0.,-1.413414731821E-17,1.));
#4436 = DIRECTION('',(0.,-1.,-1.413414731821E-17));
#4437 = ADVANCED_FACE('',(#4438),#4463,.T.);
#4438 = FACE_BOUND('',#4439,.T.);
#4439 = EDGE_LOOP('',(#4440,#4448,#4449,#4457));
#4440 = ORIENTED_EDGE('',*,*,#4441,.F.);
#4441 = EDGE_CURVE('',#4411,#4442,#4444,.T.);
#4442 = VERTEX_POINT('',#4443);
#4443 = CARTESIAN_POINT('',(3.103782271537,6.3246,-0.563782271537));
#4444 = LINE('',#4445,#4446);
#4445 = CARTESIAN_POINT('',(3.05308,6.236781089639,-0.51308));
#4446 = VECTOR('',#4447,1.);
#4447 = DIRECTION('',(0.4472135955,0.774596669241,-0.4472135955));
#4448 = ORIENTED_EDGE('',*,*,#4427,.F.);
#4449 = ORIENTED_EDGE('',*,*,#4450,.F.);
#4450 = EDGE_CURVE('',#4451,#4420,#4453,.T.);
#4451 = VERTEX_POINT('',#4452);
#4452 = CARTESIAN_POINT('',(3.246217728463,6.3246,-0.563782271537));
#4453 = LINE('',#4454,#4455);
#4454 = CARTESIAN_POINT('',(3.3782,6.096,-0.4318));
#4455 = VECTOR('',#4456,1.);
#4456 = DIRECTION('',(0.4472135955,-0.774596669241,0.4472135955));
#4457 = ORIENTED_EDGE('',*,*,#4458,.T.);
#4458 = EDGE_CURVE('',#4451,#4442,#4459,.T.);
#4459 = LINE('',#4460,#4461);
#4460 = CARTESIAN_POINT('',(3.3782,6.3246,-0.563782271537));
#4461 = VECTOR('',#4462,1.);
#4462 = DIRECTION('',(-1.,0.,0.));
#4463 = PLANE('',#4464);
#4464 = AXIS2_PLACEMENT_3D('',#4465,#4466,#4467);
#4465 = CARTESIAN_POINT('',(3.3782,6.096,-0.4318));
#4466 = DIRECTION('',(0.,0.5,0.866025403784));
#4467 = DIRECTION('',(0.,-0.866025403784,0.5));
#4468 = ADVANCED_FACE('',(#4469),#4494,.T.);
#4469 = FACE_BOUND('',#4470,.T.);
#4470 = EDGE_LOOP('',(#4471,#4479,#4480,#4488));
#4471 = ORIENTED_EDGE('',*,*,#4472,.F.);
#4472 = EDGE_CURVE('',#4442,#4473,#4475,.T.);
#4473 = VERTEX_POINT('',#4474);
#4474 = CARTESIAN_POINT('',(3.103782271537,6.3246,-0.706217728463));
#4475 = LINE('',#4476,#4477);
#4476 = CARTESIAN_POINT('',(3.103782271537,6.3246,12.7));
#4477 = VECTOR('',#4478,1.);
#4478 = DIRECTION('',(0.,0.,-1.));
#4479 = ORIENTED_EDGE('',*,*,#4458,.F.);
#4480 = ORIENTED_EDGE('',*,*,#4481,.T.);
#4481 = EDGE_CURVE('',#4451,#4482,#4484,.T.);
#4482 = VERTEX_POINT('',#4483);
#4483 = CARTESIAN_POINT('',(3.246217728463,6.3246,-0.706217728463));
#4484 = LINE('',#4485,#4486);
#4485 = CARTESIAN_POINT('',(3.246217728463,6.3246,12.7));
#4486 = VECTOR('',#4487,1.);
#4487 = DIRECTION('',(0.,0.,-1.));
#4488 = ORIENTED_EDGE('',*,*,#4489,.T.);
#4489 = EDGE_CURVE('',#4482,#4473,#4490,.T.);
#4490 = LINE('',#4491,#4492);
#4491 = CARTESIAN_POINT('',(3.3782,6.3246,-0.706217728463));
#4492 = VECTOR('',#4493,1.);
#4493 = DIRECTION('',(-1.,0.,0.));
#4494 = PLANE('',#4495);
#4495 = AXIS2_PLACEMENT_3D('',#4496,#4497,#4498);
#4496 = CARTESIAN_POINT('',(3.3782,6.3246,-0.563782271537));
#4497 = DIRECTION('',(0.,1.,0.));
#4498 = DIRECTION('',(0.,-0.,1.));
#4499 = ADVANCED_FACE('',(#4500),#4516,.T.);
#4500 = FACE_BOUND('',#4501,.T.);
#4501 = EDGE_LOOP('',(#4502,#4508,#4509,#4515));
#4502 = ORIENTED_EDGE('',*,*,#4503,.F.);
#4503 = EDGE_CURVE('',#4473,#3753,#4504,.T.);
#4504 = LINE('',#4505,#4506);
#4505 = CARTESIAN_POINT('',(3.15866581723,6.419661089639,-0.651334182771
    ));
#4506 = VECTOR('',#4507,1.);
#4507 = DIRECTION('',(-0.4472135955,-0.774596669241,-0.4472135955));
#4508 = ORIENTED_EDGE('',*,*,#4489,.F.);
#4509 = ORIENTED_EDGE('',*,*,#4510,.F.);
#4510 = EDGE_CURVE('',#3763,#4482,#4511,.T.);
#4511 = LINE('',#4512,#4513);
#4512 = CARTESIAN_POINT('',(3.272614182771,6.27888,-0.732614182771));
#4513 = VECTOR('',#4514,1.);
#4514 = DIRECTION('',(-0.4472135955,0.774596669241,0.4472135955));
#4515 = ORIENTED_EDGE('',*,*,#3762,.T.);
#4516 = PLANE('',#4517);
#4517 = AXIS2_PLACEMENT_3D('',#4518,#4519,#4520);
#4518 = CARTESIAN_POINT('',(3.3782,6.3246,-0.706217728463));
#4519 = DIRECTION('',(0.,0.5,-0.866025403784));
#4520 = DIRECTION('',(0.,0.866025403784,0.5));
#4521 = ADVANCED_FACE('',(#4522),#4543,.T.);
#4522 = FACE_BOUND('',#4523,.T.);
#4523 = EDGE_LOOP('',(#4524,#4525,#4526,#4532,#4533,#4534,#4535,#4536,
    #4542));
#4524 = ORIENTED_EDGE('',*,*,#4396,.F.);
#4525 = ORIENTED_EDGE('',*,*,#4217,.F.);
#4526 = ORIENTED_EDGE('',*,*,#4527,.F.);
#4527 = EDGE_CURVE('',#4094,#4187,#4528,.T.);
#4528 = LINE('',#4529,#4530);
#4529 = CARTESIAN_POINT('',(3.3782,6.096,0.));
#4530 = VECTOR('',#4531,1.);
#4531 = DIRECTION('',(0.,0.,-1.));
#4532 = ORIENTED_EDGE('',*,*,#4093,.F.);
#4533 = ORIENTED_EDGE('',*,*,#3954,.F.);
#4534 = ORIENTED_EDGE('',*,*,#3907,.F.);
#4535 = ORIENTED_EDGE('',*,*,#3770,.F.);
#4536 = ORIENTED_EDGE('',*,*,#4537,.F.);
#4537 = EDGE_CURVE('',#4420,#3763,#4538,.T.);
#4538 = LINE('',#4539,#4540);
#4539 = CARTESIAN_POINT('',(3.3782,6.096,0.));
#4540 = VECTOR('',#4541,1.);
#4541 = DIRECTION('',(0.,0.,-1.));
#4542 = ORIENTED_EDGE('',*,*,#4419,.F.);
#4543 = PLANE('',#4544);
#4544 = AXIS2_PLACEMENT_3D('',#4545,#4546,#4547);
#4545 = CARTESIAN_POINT('',(3.3782,0.,0.));
#4546 = DIRECTION('',(1.,0.,0.));
#4547 = DIRECTION('',(0.,0.,-1.));
#4548 = ADVANCED_FACE('',(#4549),#4570,.F.);
#4549 = FACE_BOUND('',#4550,.T.);
#4550 = EDGE_LOOP('',(#4551,#4552,#4553,#4559,#4560,#4561,#4562,#4568,
    #4569));
#4551 = ORIENTED_EDGE('',*,*,#3947,.T.);
#4552 = ORIENTED_EDGE('',*,*,#2330,.T.);
#4553 = ORIENTED_EDGE('',*,*,#4554,.T.);
#4554 = EDGE_CURVE('',#2323,#2823,#4555,.T.);
#4555 = LINE('',#4556,#4557);
#4556 = CARTESIAN_POINT('',(-3.3782,6.096,0.));
#4557 = VECTOR('',#4558,1.);
#4558 = DIRECTION('',(0.,0.,-1.));
#4559 = ORIENTED_EDGE('',*,*,#2993,.T.);
#4560 = ORIENTED_EDGE('',*,*,#4319,.T.);
#4561 = ORIENTED_EDGE('',*,*,#3150,.T.);
#4562 = ORIENTED_EDGE('',*,*,#4563,.T.);
#4563 = EDGE_CURVE('',#3143,#2131,#4564,.T.);
#4564 = LINE('',#4565,#4566);
#4565 = CARTESIAN_POINT('',(-3.3782,6.096,0.));
#4566 = VECTOR('',#4567,1.);
#4567 = DIRECTION('',(0.,0.,-1.));
#4568 = ORIENTED_EDGE('',*,*,#2130,.T.);
#4569 = ORIENTED_EDGE('',*,*,#3923,.T.);
#4570 = PLANE('',#4571);
#4571 = AXIS2_PLACEMENT_3D('',#4572,#4573,#4574);
#4572 = CARTESIAN_POINT('',(-3.3782,0.,0.));
#4573 = DIRECTION('',(1.,0.,0.));
#4574 = DIRECTION('',(0.,0.,-1.));
#4575 = ADVANCED_FACE('',(#4576),#4582,.F.);
#4576 = FACE_BOUND('',#4577,.T.);
#4577 = EDGE_LOOP('',(#4578,#4579,#4580,#4581));
#4578 = ORIENTED_EDGE('',*,*,#3332,.T.);
#4579 = ORIENTED_EDGE('',*,*,#3487,.T.);
#4580 = ORIENTED_EDGE('',*,*,#3642,.T.);
#4581 = ORIENTED_EDGE('',*,*,#4563,.F.);
#4582 = PLANE('',#4583);
#4583 = AXIS2_PLACEMENT_3D('',#4584,#4585,#4586);
#4584 = CARTESIAN_POINT('',(-3.246217728463,6.3246,12.7));
#4585 = DIRECTION('',(0.866025403784,-0.5,0.));
#4586 = DIRECTION('',(0.5,0.866025403784,0.));
#4587 = ADVANCED_FACE('',(#4588),#4594,.F.);
#4588 = FACE_BOUND('',#4589,.T.);
#4589 = EDGE_LOOP('',(#4590,#4591,#4592,#4593));
#4590 = ORIENTED_EDGE('',*,*,#2512,.T.);
#4591 = ORIENTED_EDGE('',*,*,#2667,.T.);
#4592 = ORIENTED_EDGE('',*,*,#2822,.T.);
#4593 = ORIENTED_EDGE('',*,*,#4554,.F.);
#4594 = PLANE('',#4595);
#4595 = AXIS2_PLACEMENT_3D('',#4596,#4597,#4598);
#4596 = CARTESIAN_POINT('',(-3.246217728463,6.3246,12.7));
#4597 = DIRECTION('',(0.866025403784,-0.5,0.));
#4598 = DIRECTION('',(0.5,0.866025403784,0.));
#4599 = ADVANCED_FACE('',(#4600),#4606,.F.);
#4600 = FACE_BOUND('',#4601,.T.);
#4601 = EDGE_LOOP('',(#4602,#4603,#4604,#4605));
#4602 = ORIENTED_EDGE('',*,*,#4450,.T.);
#4603 = ORIENTED_EDGE('',*,*,#4537,.T.);
#4604 = ORIENTED_EDGE('',*,*,#4510,.T.);
#4605 = ORIENTED_EDGE('',*,*,#4481,.F.);
#4606 = PLANE('',#4607);
#4607 = AXIS2_PLACEMENT_3D('',#4608,#4609,#4610);
#4608 = CARTESIAN_POINT('',(3.3782,6.096,12.7));
#4609 = DIRECTION('',(-0.866025403784,-0.5,0.));
#4610 = DIRECTION('',(0.5,-0.866025403784,0.));
#4611 = ADVANCED_FACE('',(#4612),#4618,.F.);
#4612 = FACE_BOUND('',#4613,.T.);
#4613 = EDGE_LOOP('',(#4614,#4615,#4616,#4617));
#4614 = ORIENTED_EDGE('',*,*,#4124,.T.);
#4615 = ORIENTED_EDGE('',*,*,#4527,.T.);
#4616 = ORIENTED_EDGE('',*,*,#4186,.T.);
#4617 = ORIENTED_EDGE('',*,*,#4155,.F.);
#4618 = PLANE('',#4619);
#4619 = AXIS2_PLACEMENT_3D('',#4620,#4621,#4622);
#4620 = CARTESIAN_POINT('',(3.3782,6.096,12.7));
#4621 = DIRECTION('',(-0.866025403784,-0.5,0.));
#4622 = DIRECTION('',(0.5,-0.866025403784,0.));
#4623 = ADVANCED_FACE('',(#4624),#4635,.F.);
#4624 = FACE_BOUND('',#4625,.T.);
#4625 = EDGE_LOOP('',(#4626,#4627,#4633,#4634));
#4626 = ORIENTED_EDGE('',*,*,#3465,.T.);
#4627 = ORIENTED_EDGE('',*,*,#4628,.T.);
#4628 = EDGE_CURVE('',#3311,#2283,#4629,.T.);
#4629 = LINE('',#4630,#4631);
#4630 = CARTESIAN_POINT('',(2.1082,6.096,12.7));
#4631 = VECTOR('',#4632,1.);
#4632 = DIRECTION('',(0.,0.,-1.));
#4633 = ORIENTED_EDGE('',*,*,#3737,.T.);
#4634 = ORIENTED_EDGE('',*,*,#3620,.F.);
#4635 = PLANE('',#4636);
#4636 = AXIS2_PLACEMENT_3D('',#4637,#4638,#4639);
#4637 = CARTESIAN_POINT('',(2.1082,6.096,12.7));
#4638 = DIRECTION('',(-0.866025403784,-0.5,0.));
#4639 = DIRECTION('',(0.5,-0.866025403784,0.));
#4640 = ADVANCED_FACE('',(#4641),#4652,.F.);
#4641 = FACE_BOUND('',#4642,.T.);
#4642 = EDGE_LOOP('',(#4643,#4644,#4645,#4646));
#4643 = ORIENTED_EDGE('',*,*,#4441,.T.);
#4644 = ORIENTED_EDGE('',*,*,#4472,.T.);
#4645 = ORIENTED_EDGE('',*,*,#4503,.T.);
#4646 = ORIENTED_EDGE('',*,*,#4647,.F.);
#4647 = EDGE_CURVE('',#4411,#3753,#4648,.T.);
#4648 = LINE('',#4649,#4650);
#4649 = CARTESIAN_POINT('',(2.9718,6.096,12.7));
#4650 = VECTOR('',#4651,1.);
#4651 = DIRECTION('',(0.,0.,-1.));
#4652 = PLANE('',#4653);
#4653 = AXIS2_PLACEMENT_3D('',#4654,#4655,#4656);
#4654 = CARTESIAN_POINT('',(3.103782271537,6.3246,12.7));
#4655 = DIRECTION('',(0.866025403784,-0.5,0.));
#4656 = DIRECTION('',(0.5,0.866025403784,0.));
#4657 = ADVANCED_FACE('',(#4658),#4665,.F.);
#4658 = FACE_BOUND('',#4659,.T.);
#4659 = EDGE_LOOP('',(#4660,#4661,#4662,#4663,#4664));
#4660 = ORIENTED_EDGE('',*,*,#3752,.T.);
#4661 = ORIENTED_EDGE('',*,*,#3900,.T.);
#4662 = ORIENTED_EDGE('',*,*,#4249,.F.);
#4663 = ORIENTED_EDGE('',*,*,#4410,.T.);
#4664 = ORIENTED_EDGE('',*,*,#4647,.T.);
#4665 = PLANE('',#4666);
#4666 = AXIS2_PLACEMENT_3D('',#4667,#4668,#4669);
#4667 = CARTESIAN_POINT('',(2.9718,6.096,12.7));
#4668 = DIRECTION('',(1.,0.,0.));
#4669 = DIRECTION('',(0.,0.,-1.));
#4670 = ADVANCED_FACE('',(#4671),#4678,.F.);
#4671 = FACE_BOUND('',#4672,.T.);
#4672 = EDGE_LOOP('',(#4673,#4674,#4675,#4676,#4677));
#4673 = ORIENTED_EDGE('',*,*,#2290,.T.);
#4674 = ORIENTED_EDGE('',*,*,#4628,.F.);
#4675 = ORIENTED_EDGE('',*,*,#3310,.T.);
#4676 = ORIENTED_EDGE('',*,*,#4256,.T.);
#4677 = ORIENTED_EDGE('',*,*,#3884,.T.);
#4678 = PLANE('',#4679);
#4679 = AXIS2_PLACEMENT_3D('',#4680,#4681,#4682);
#4680 = CARTESIAN_POINT('',(2.1082,2.2606,12.7));
#4681 = DIRECTION('',(-1.,0.,0.));
#4682 = DIRECTION('',(0.,0.,1.));
#4683 = ADVANCED_FACE('',(#4684),#4695,.F.);
#4684 = FACE_BOUND('',#4685,.T.);
#4685 = EDGE_LOOP('',(#4686,#4687,#4693,#4694));
#4686 = ORIENTED_EDGE('',*,*,#3434,.T.);
#4687 = ORIENTED_EDGE('',*,*,#4688,.T.);
#4688 = EDGE_CURVE('',#3271,#2243,#4689,.T.);
#4689 = LINE('',#4690,#4691);
#4690 = CARTESIAN_POINT('',(0.8382,6.096,12.7));
#4691 = VECTOR('',#4692,1.);
#4692 = DIRECTION('',(0.,0.,-1.));
#4693 = ORIENTED_EDGE('',*,*,#3715,.T.);
#4694 = ORIENTED_EDGE('',*,*,#3589,.F.);
#4695 = PLANE('',#4696);
#4696 = AXIS2_PLACEMENT_3D('',#4697,#4698,#4699);
#4697 = CARTESIAN_POINT('',(0.8382,6.096,12.7));
#4698 = DIRECTION('',(-0.866025403784,-0.5,0.));
#4699 = DIRECTION('',(0.5,-0.866025403784,0.));
#4700 = ADVANCED_FACE('',(#4701),#4712,.F.);
#4701 = FACE_BOUND('',#4702,.T.);
#4702 = EDGE_LOOP('',(#4703,#4704,#4705,#4706));
#4703 = ORIENTED_EDGE('',*,*,#3456,.T.);
#4704 = ORIENTED_EDGE('',*,*,#3611,.T.);
#4705 = ORIENTED_EDGE('',*,*,#3730,.T.);
#4706 = ORIENTED_EDGE('',*,*,#4707,.F.);
#4707 = EDGE_CURVE('',#3295,#2273,#4708,.T.);
#4708 = LINE('',#4709,#4710);
#4709 = CARTESIAN_POINT('',(1.7018,6.096,12.7));
#4710 = VECTOR('',#4711,1.);
#4711 = DIRECTION('',(0.,0.,-1.));
#4712 = PLANE('',#4713);
#4713 = AXIS2_PLACEMENT_3D('',#4714,#4715,#4716);
#4714 = CARTESIAN_POINT('',(1.833782271537,6.3246,12.7));
#4715 = DIRECTION('',(0.866025403784,-0.5,0.));
#4716 = DIRECTION('',(0.5,0.866025403784,0.));
#4717 = ADVANCED_FACE('',(#4718),#4725,.F.);
#4718 = FACE_BOUND('',#4719,.T.);
#4719 = EDGE_LOOP('',(#4720,#4721,#4722,#4723,#4724));
#4720 = ORIENTED_EDGE('',*,*,#2272,.T.);
#4721 = ORIENTED_EDGE('',*,*,#3877,.T.);
#4722 = ORIENTED_EDGE('',*,*,#4263,.F.);
#4723 = ORIENTED_EDGE('',*,*,#3292,.T.);
#4724 = ORIENTED_EDGE('',*,*,#4707,.T.);
#4725 = PLANE('',#4726);
#4726 = AXIS2_PLACEMENT_3D('',#4727,#4728,#4729);
#4727 = CARTESIAN_POINT('',(1.7018,6.096,12.7));
#4728 = DIRECTION('',(1.,0.,0.));
#4729 = DIRECTION('',(0.,0.,-1.));
#4730 = ADVANCED_FACE('',(#4731),#4738,.F.);
#4731 = FACE_BOUND('',#4732,.T.);
#4732 = EDGE_LOOP('',(#4733,#4734,#4735,#4736,#4737));
#4733 = ORIENTED_EDGE('',*,*,#2250,.T.);
#4734 = ORIENTED_EDGE('',*,*,#4688,.F.);
#4735 = ORIENTED_EDGE('',*,*,#3270,.T.);
#4736 = ORIENTED_EDGE('',*,*,#4270,.T.);
#4737 = ORIENTED_EDGE('',*,*,#3861,.T.);
#4738 = PLANE('',#4739);
#4739 = AXIS2_PLACEMENT_3D('',#4740,#4741,#4742);
#4740 = CARTESIAN_POINT('',(0.8382,2.2606,12.7));
#4741 = DIRECTION('',(-1.,0.,0.));
#4742 = DIRECTION('',(0.,0.,1.));
#4743 = ADVANCED_FACE('',(#4744),#4755,.F.);
#4744 = FACE_BOUND('',#4745,.T.);
#4745 = EDGE_LOOP('',(#4746,#4747,#4753,#4754));
#4746 = ORIENTED_EDGE('',*,*,#3403,.T.);
#4747 = ORIENTED_EDGE('',*,*,#4748,.T.);
#4748 = EDGE_CURVE('',#3231,#2203,#4749,.T.);
#4749 = LINE('',#4750,#4751);
#4750 = CARTESIAN_POINT('',(-0.4318,6.096,12.7));
#4751 = VECTOR('',#4752,1.);
#4752 = DIRECTION('',(0.,0.,-1.));
#4753 = ORIENTED_EDGE('',*,*,#3693,.T.);
#4754 = ORIENTED_EDGE('',*,*,#3558,.F.);
#4755 = PLANE('',#4756);
#4756 = AXIS2_PLACEMENT_3D('',#4757,#4758,#4759);
#4757 = CARTESIAN_POINT('',(-0.4318,6.096,12.7));
#4758 = DIRECTION('',(-0.866025403784,-0.5,0.));
#4759 = DIRECTION('',(0.5,-0.866025403784,0.));
#4760 = ADVANCED_FACE('',(#4761),#4772,.F.);
#4761 = FACE_BOUND('',#4762,.T.);
#4762 = EDGE_LOOP('',(#4763,#4764,#4765,#4766));
#4763 = ORIENTED_EDGE('',*,*,#3425,.T.);
#4764 = ORIENTED_EDGE('',*,*,#3580,.T.);
#4765 = ORIENTED_EDGE('',*,*,#3708,.T.);
#4766 = ORIENTED_EDGE('',*,*,#4767,.F.);
#4767 = EDGE_CURVE('',#3255,#2233,#4768,.T.);
#4768 = LINE('',#4769,#4770);
#4769 = CARTESIAN_POINT('',(0.4318,6.096,12.7));
#4770 = VECTOR('',#4771,1.);
#4771 = DIRECTION('',(0.,0.,-1.));
#4772 = PLANE('',#4773);
#4773 = AXIS2_PLACEMENT_3D('',#4774,#4775,#4776);
#4774 = CARTESIAN_POINT('',(0.563782271537,6.3246,12.7));
#4775 = DIRECTION('',(0.866025403784,-0.5,0.));
#4776 = DIRECTION('',(0.5,0.866025403784,0.));
#4777 = ADVANCED_FACE('',(#4778),#4785,.F.);
#4778 = FACE_BOUND('',#4779,.T.);
#4779 = EDGE_LOOP('',(#4780,#4781,#4782,#4783,#4784));
#4780 = ORIENTED_EDGE('',*,*,#2232,.T.);
#4781 = ORIENTED_EDGE('',*,*,#3854,.T.);
#4782 = ORIENTED_EDGE('',*,*,#4277,.F.);
#4783 = ORIENTED_EDGE('',*,*,#3252,.T.);
#4784 = ORIENTED_EDGE('',*,*,#4767,.T.);
#4785 = PLANE('',#4786);
#4786 = AXIS2_PLACEMENT_3D('',#4787,#4788,#4789);
#4787 = CARTESIAN_POINT('',(0.4318,6.096,12.7));
#4788 = DIRECTION('',(1.,0.,0.));
#4789 = DIRECTION('',(0.,0.,-1.));
#4790 = ADVANCED_FACE('',(#4791),#4798,.F.);
#4791 = FACE_BOUND('',#4792,.T.);
#4792 = EDGE_LOOP('',(#4793,#4794,#4795,#4796,#4797));
#4793 = ORIENTED_EDGE('',*,*,#2210,.T.);
#4794 = ORIENTED_EDGE('',*,*,#4748,.F.);
#4795 = ORIENTED_EDGE('',*,*,#3230,.T.);
#4796 = ORIENTED_EDGE('',*,*,#4284,.T.);
#4797 = ORIENTED_EDGE('',*,*,#3838,.T.);
#4798 = PLANE('',#4799);
#4799 = AXIS2_PLACEMENT_3D('',#4800,#4801,#4802);
#4800 = CARTESIAN_POINT('',(-0.4318,2.2606,12.7));
#4801 = DIRECTION('',(-1.,0.,0.));
#4802 = DIRECTION('',(0.,0.,1.));
#4803 = ADVANCED_FACE('',(#4804),#4815,.F.);
#4804 = FACE_BOUND('',#4805,.T.);
#4805 = EDGE_LOOP('',(#4806,#4807,#4813,#4814));
#4806 = ORIENTED_EDGE('',*,*,#3372,.T.);
#4807 = ORIENTED_EDGE('',*,*,#4808,.T.);
#4808 = EDGE_CURVE('',#3191,#2163,#4809,.T.);
#4809 = LINE('',#4810,#4811);
#4810 = CARTESIAN_POINT('',(-1.7018,6.096,12.7));
#4811 = VECTOR('',#4812,1.);
#4812 = DIRECTION('',(0.,0.,-1.));
#4813 = ORIENTED_EDGE('',*,*,#3671,.T.);
#4814 = ORIENTED_EDGE('',*,*,#3527,.F.);
#4815 = PLANE('',#4816);
#4816 = AXIS2_PLACEMENT_3D('',#4817,#4818,#4819);
#4817 = CARTESIAN_POINT('',(-1.7018,6.096,12.7));
#4818 = DIRECTION('',(-0.866025403784,-0.5,0.));
#4819 = DIRECTION('',(0.5,-0.866025403784,0.));
#4820 = ADVANCED_FACE('',(#4821),#4832,.F.);
#4821 = FACE_BOUND('',#4822,.T.);
#4822 = EDGE_LOOP('',(#4823,#4824,#4825,#4826));
#4823 = ORIENTED_EDGE('',*,*,#3394,.T.);
#4824 = ORIENTED_EDGE('',*,*,#3549,.T.);
#4825 = ORIENTED_EDGE('',*,*,#3686,.T.);
#4826 = ORIENTED_EDGE('',*,*,#4827,.F.);
#4827 = EDGE_CURVE('',#3215,#2193,#4828,.T.);
#4828 = LINE('',#4829,#4830);
#4829 = CARTESIAN_POINT('',(-0.8382,6.096,12.7));
#4830 = VECTOR('',#4831,1.);
#4831 = DIRECTION('',(0.,0.,-1.));
#4832 = PLANE('',#4833);
#4833 = AXIS2_PLACEMENT_3D('',#4834,#4835,#4836);
#4834 = CARTESIAN_POINT('',(-0.706217728463,6.3246,12.7));
#4835 = DIRECTION('',(0.866025403784,-0.5,0.));
#4836 = DIRECTION('',(0.5,0.866025403784,0.));
#4837 = ADVANCED_FACE('',(#4838),#4845,.F.);
#4838 = FACE_BOUND('',#4839,.T.);
#4839 = EDGE_LOOP('',(#4840,#4841,#4842,#4843,#4844));
#4840 = ORIENTED_EDGE('',*,*,#2192,.T.);
#4841 = ORIENTED_EDGE('',*,*,#3831,.T.);
#4842 = ORIENTED_EDGE('',*,*,#4291,.F.);
#4843 = ORIENTED_EDGE('',*,*,#3212,.T.);
#4844 = ORIENTED_EDGE('',*,*,#4827,.T.);
#4845 = PLANE('',#4846);
#4846 = AXIS2_PLACEMENT_3D('',#4847,#4848,#4849);
#4847 = CARTESIAN_POINT('',(-0.8382,6.096,12.7));
#4848 = DIRECTION('',(1.,0.,0.));
#4849 = DIRECTION('',(0.,0.,-1.));
#4850 = ADVANCED_FACE('',(#4851),#4858,.F.);
#4851 = FACE_BOUND('',#4852,.T.);
#4852 = EDGE_LOOP('',(#4853,#4854,#4855,#4856,#4857));
#4853 = ORIENTED_EDGE('',*,*,#2170,.T.);
#4854 = ORIENTED_EDGE('',*,*,#4808,.F.);
#4855 = ORIENTED_EDGE('',*,*,#3190,.T.);
#4856 = ORIENTED_EDGE('',*,*,#4298,.T.);
#4857 = ORIENTED_EDGE('',*,*,#3815,.T.);
#4858 = PLANE('',#4859);
#4859 = AXIS2_PLACEMENT_3D('',#4860,#4861,#4862);
#4860 = CARTESIAN_POINT('',(-1.7018,2.2606,12.7));
#4861 = DIRECTION('',(-1.,0.,0.));
#4862 = DIRECTION('',(0.,0.,1.));
#4863 = ADVANCED_FACE('',(#4864),#4875,.F.);
#4864 = FACE_BOUND('',#4865,.T.);
#4865 = EDGE_LOOP('',(#4866,#4867,#4873,#4874));
#4866 = ORIENTED_EDGE('',*,*,#3341,.T.);
#4867 = ORIENTED_EDGE('',*,*,#4868,.T.);
#4868 = EDGE_CURVE('',#3133,#2115,#4869,.T.);
#4869 = LINE('',#4870,#4871);
#4870 = CARTESIAN_POINT('',(-2.9718,6.096,12.7));
#4871 = VECTOR('',#4872,1.);
#4872 = DIRECTION('',(0.,0.,-1.));
#4873 = ORIENTED_EDGE('',*,*,#3649,.T.);
#4874 = ORIENTED_EDGE('',*,*,#3496,.F.);
#4875 = PLANE('',#4876);
#4876 = AXIS2_PLACEMENT_3D('',#4877,#4878,#4879);
#4877 = CARTESIAN_POINT('',(-2.9718,6.096,12.7));
#4878 = DIRECTION('',(-0.866025403784,-0.5,0.));
#4879 = DIRECTION('',(0.5,-0.866025403784,0.));
#4880 = ADVANCED_FACE('',(#4881),#4892,.F.);
#4881 = FACE_BOUND('',#4882,.T.);
#4882 = EDGE_LOOP('',(#4883,#4884,#4885,#4886));
#4883 = ORIENTED_EDGE('',*,*,#3363,.T.);
#4884 = ORIENTED_EDGE('',*,*,#3518,.T.);
#4885 = ORIENTED_EDGE('',*,*,#3664,.T.);
#4886 = ORIENTED_EDGE('',*,*,#4887,.F.);
#4887 = EDGE_CURVE('',#3175,#2153,#4888,.T.);
#4888 = LINE('',#4889,#4890);
#4889 = CARTESIAN_POINT('',(-2.1082,6.096,12.7));
#4890 = VECTOR('',#4891,1.);
#4891 = DIRECTION('',(0.,0.,-1.));
#4892 = PLANE('',#4893);
#4893 = AXIS2_PLACEMENT_3D('',#4894,#4895,#4896);
#4894 = CARTESIAN_POINT('',(-1.976217728463,6.3246,12.7));
#4895 = DIRECTION('',(0.866025403784,-0.5,0.));
#4896 = DIRECTION('',(0.5,0.866025403784,0.));
#4897 = ADVANCED_FACE('',(#4898),#4905,.F.);
#4898 = FACE_BOUND('',#4899,.T.);
#4899 = EDGE_LOOP('',(#4900,#4901,#4902,#4903,#4904));
#4900 = ORIENTED_EDGE('',*,*,#2152,.T.);
#4901 = ORIENTED_EDGE('',*,*,#3808,.T.);
#4902 = ORIENTED_EDGE('',*,*,#4305,.F.);
#4903 = ORIENTED_EDGE('',*,*,#3172,.T.);
#4904 = ORIENTED_EDGE('',*,*,#4887,.T.);
#4905 = PLANE('',#4906);
#4906 = AXIS2_PLACEMENT_3D('',#4907,#4908,#4909);
#4907 = CARTESIAN_POINT('',(-2.1082,6.096,12.7));
#4908 = DIRECTION('',(1.,0.,0.));
#4909 = DIRECTION('',(0.,0.,-1.));
#4910 = ADVANCED_FACE('',(#4911),#4918,.F.);
#4911 = FACE_BOUND('',#4912,.T.);
#4912 = EDGE_LOOP('',(#4913,#4914,#4915,#4916,#4917));
#4913 = ORIENTED_EDGE('',*,*,#2112,.T.);
#4914 = ORIENTED_EDGE('',*,*,#4868,.F.);
#4915 = ORIENTED_EDGE('',*,*,#3132,.T.);
#4916 = ORIENTED_EDGE('',*,*,#4312,.T.);
#4917 = ORIENTED_EDGE('',*,*,#3792,.T.);
#4918 = PLANE('',#4919);
#4919 = AXIS2_PLACEMENT_3D('',#4920,#4921,#4922);
#4920 = CARTESIAN_POINT('',(-2.9718,2.2606,12.7));
#4921 = DIRECTION('',(-1.,0.,0.));
#4922 = DIRECTION('',(0.,0.,1.));
#4923 = ADVANCED_FACE('',(#4924),#4936,.F.);
#4924 = FACE_BOUND('',#4925,.T.);
#4925 = EDGE_LOOP('',(#4926,#4927,#4928,#4934,#4935));
#4926 = ORIENTED_EDGE('',*,*,#3970,.T.);
#4927 = ORIENTED_EDGE('',*,*,#4084,.T.);
#4928 = ORIENTED_EDGE('',*,*,#4929,.T.);
#4929 = EDGE_CURVE('',#4085,#4178,#4930,.T.);
#4930 = LINE('',#4931,#4932);
#4931 = CARTESIAN_POINT('',(2.9718,6.096,12.7));
#4932 = VECTOR('',#4933,1.);
#4933 = DIRECTION('',(0.,0.,-1.));
#4934 = ORIENTED_EDGE('',*,*,#4208,.T.);
#4935 = ORIENTED_EDGE('',*,*,#4389,.F.);
#4936 = PLANE('',#4937);
#4937 = AXIS2_PLACEMENT_3D('',#4938,#4939,#4940);
#4938 = CARTESIAN_POINT('',(2.9718,6.096,12.7));
#4939 = DIRECTION('',(1.,0.,0.));
#4940 = DIRECTION('',(0.,0.,-1.));
#4941 = ADVANCED_FACE('',(#4942),#4954,.F.);
#4942 = FACE_BOUND('',#4943,.T.);
#4943 = EDGE_LOOP('',(#4944,#4945,#4946,#4947,#4953));
#4944 = ORIENTED_EDGE('',*,*,#3986,.T.);
#4945 = ORIENTED_EDGE('',*,*,#4382,.T.);
#4946 = ORIENTED_EDGE('',*,*,#3110,.T.);
#4947 = ORIENTED_EDGE('',*,*,#4948,.F.);
#4948 = EDGE_CURVE('',#2491,#2956,#4949,.T.);
#4949 = LINE('',#4950,#4951);
#4950 = CARTESIAN_POINT('',(2.1082,6.096,12.7));
#4951 = VECTOR('',#4952,1.);
#4952 = DIRECTION('',(0.,0.,-1.));
#4953 = ORIENTED_EDGE('',*,*,#2490,.T.);
#4954 = PLANE('',#4955);
#4955 = AXIS2_PLACEMENT_3D('',#4956,#4957,#4958);
#4956 = CARTESIAN_POINT('',(2.1082,2.2606,12.7));
#4957 = DIRECTION('',(-1.,0.,0.));
#4958 = DIRECTION('',(0.,0.,1.));
#4959 = ADVANCED_FACE('',(#4960),#4966,.F.);
#4960 = FACE_BOUND('',#4961,.T.);
#4961 = EDGE_LOOP('',(#4962,#4963,#4964,#4965));
#4962 = ORIENTED_EDGE('',*,*,#4115,.T.);
#4963 = ORIENTED_EDGE('',*,*,#4146,.T.);
#4964 = ORIENTED_EDGE('',*,*,#4177,.T.);
#4965 = ORIENTED_EDGE('',*,*,#4929,.F.);
#4966 = PLANE('',#4967);
#4967 = AXIS2_PLACEMENT_3D('',#4968,#4969,#4970);
#4968 = CARTESIAN_POINT('',(3.103782271537,6.3246,12.7));
#4969 = DIRECTION('',(0.866025403784,-0.5,0.));
#4970 = DIRECTION('',(0.5,0.866025403784,0.));
#4971 = ADVANCED_FACE('',(#4972),#4978,.F.);
#4972 = FACE_BOUND('',#4973,.T.);
#4973 = EDGE_LOOP('',(#4974,#4975,#4976,#4977));
#4974 = ORIENTED_EDGE('',*,*,#2645,.T.);
#4975 = ORIENTED_EDGE('',*,*,#4948,.T.);
#4976 = ORIENTED_EDGE('',*,*,#2955,.T.);
#4977 = ORIENTED_EDGE('',*,*,#2800,.F.);
#4978 = PLANE('',#4979);
#4979 = AXIS2_PLACEMENT_3D('',#4980,#4981,#4982);
#4980 = CARTESIAN_POINT('',(2.1082,6.096,12.7));
#4981 = DIRECTION('',(-0.866025403784,-0.5,0.));
#4982 = DIRECTION('',(0.5,-0.866025403784,0.));
#4983 = ADVANCED_FACE('',(#4984),#4996,.F.);
#4984 = FACE_BOUND('',#4985,.T.);
#4985 = EDGE_LOOP('',(#4986,#4987,#4988,#4994,#4995));
#4986 = ORIENTED_EDGE('',*,*,#3993,.T.);
#4987 = ORIENTED_EDGE('',*,*,#2472,.T.);
#4988 = ORIENTED_EDGE('',*,*,#4989,.T.);
#4989 = EDGE_CURVE('',#2475,#2947,#4990,.T.);
#4990 = LINE('',#4991,#4992);
#4991 = CARTESIAN_POINT('',(1.7018,6.096,12.7));
#4992 = VECTOR('',#4993,1.);
#4993 = DIRECTION('',(0.,0.,-1.));
#4994 = ORIENTED_EDGE('',*,*,#3101,.T.);
#4995 = ORIENTED_EDGE('',*,*,#4375,.F.);
#4996 = PLANE('',#4997);
#4997 = AXIS2_PLACEMENT_3D('',#4998,#4999,#5000);
#4998 = CARTESIAN_POINT('',(1.7018,6.096,12.7));
#4999 = DIRECTION('',(1.,0.,0.));
#5000 = DIRECTION('',(0.,0.,-1.));
#5001 = ADVANCED_FACE('',(#5002),#5014,.F.);
#5002 = FACE_BOUND('',#5003,.T.);
#5003 = EDGE_LOOP('',(#5004,#5005,#5006,#5007,#5013));
#5004 = ORIENTED_EDGE('',*,*,#4009,.T.);
#5005 = ORIENTED_EDGE('',*,*,#4368,.T.);
#5006 = ORIENTED_EDGE('',*,*,#3079,.T.);
#5007 = ORIENTED_EDGE('',*,*,#5008,.F.);
#5008 = EDGE_CURVE('',#2451,#2925,#5009,.T.);
#5009 = LINE('',#5010,#5011);
#5010 = CARTESIAN_POINT('',(0.8382,6.096,12.7));
#5011 = VECTOR('',#5012,1.);
#5012 = DIRECTION('',(0.,0.,-1.));
#5013 = ORIENTED_EDGE('',*,*,#2450,.T.);
#5014 = PLANE('',#5015);
#5015 = AXIS2_PLACEMENT_3D('',#5016,#5017,#5018);
#5016 = CARTESIAN_POINT('',(0.8382,2.2606,12.7));
#5017 = DIRECTION('',(-1.,0.,0.));
#5018 = DIRECTION('',(0.,0.,1.));
#5019 = ADVANCED_FACE('',(#5020),#5026,.F.);
#5020 = FACE_BOUND('',#5021,.T.);
#5021 = EDGE_LOOP('',(#5022,#5023,#5024,#5025));
#5022 = ORIENTED_EDGE('',*,*,#2636,.T.);
#5023 = ORIENTED_EDGE('',*,*,#2791,.T.);
#5024 = ORIENTED_EDGE('',*,*,#2946,.T.);
#5025 = ORIENTED_EDGE('',*,*,#4989,.F.);
#5026 = PLANE('',#5027);
#5027 = AXIS2_PLACEMENT_3D('',#5028,#5029,#5030);
#5028 = CARTESIAN_POINT('',(1.833782271537,6.3246,12.7));
#5029 = DIRECTION('',(0.866025403784,-0.5,0.));
#5030 = DIRECTION('',(0.5,0.866025403784,0.));
#5031 = ADVANCED_FACE('',(#5032),#5038,.F.);
#5032 = FACE_BOUND('',#5033,.T.);
#5033 = EDGE_LOOP('',(#5034,#5035,#5036,#5037));
#5034 = ORIENTED_EDGE('',*,*,#2614,.T.);
#5035 = ORIENTED_EDGE('',*,*,#5008,.T.);
#5036 = ORIENTED_EDGE('',*,*,#2924,.T.);
#5037 = ORIENTED_EDGE('',*,*,#2769,.F.);
#5038 = PLANE('',#5039);
#5039 = AXIS2_PLACEMENT_3D('',#5040,#5041,#5042);
#5040 = CARTESIAN_POINT('',(0.8382,6.096,12.7));
#5041 = DIRECTION('',(-0.866025403784,-0.5,0.));
#5042 = DIRECTION('',(0.5,-0.866025403784,0.));
#5043 = ADVANCED_FACE('',(#5044),#5056,.F.);
#5044 = FACE_BOUND('',#5045,.T.);
#5045 = EDGE_LOOP('',(#5046,#5047,#5048,#5054,#5055));
#5046 = ORIENTED_EDGE('',*,*,#4016,.T.);
#5047 = ORIENTED_EDGE('',*,*,#2432,.T.);
#5048 = ORIENTED_EDGE('',*,*,#5049,.T.);
#5049 = EDGE_CURVE('',#2435,#2916,#5050,.T.);
#5050 = LINE('',#5051,#5052);
#5051 = CARTESIAN_POINT('',(0.4318,6.096,12.7));
#5052 = VECTOR('',#5053,1.);
#5053 = DIRECTION('',(0.,0.,-1.));
#5054 = ORIENTED_EDGE('',*,*,#3070,.T.);
#5055 = ORIENTED_EDGE('',*,*,#4361,.F.);
#5056 = PLANE('',#5057);
#5057 = AXIS2_PLACEMENT_3D('',#5058,#5059,#5060);
#5058 = CARTESIAN_POINT('',(0.4318,6.096,12.7));
#5059 = DIRECTION('',(1.,0.,0.));
#5060 = DIRECTION('',(0.,0.,-1.));
#5061 = ADVANCED_FACE('',(#5062),#5074,.F.);
#5062 = FACE_BOUND('',#5063,.T.);
#5063 = EDGE_LOOP('',(#5064,#5065,#5066,#5067,#5073));
#5064 = ORIENTED_EDGE('',*,*,#4032,.T.);
#5065 = ORIENTED_EDGE('',*,*,#4354,.T.);
#5066 = ORIENTED_EDGE('',*,*,#3048,.T.);
#5067 = ORIENTED_EDGE('',*,*,#5068,.F.);
#5068 = EDGE_CURVE('',#2411,#2894,#5069,.T.);
#5069 = LINE('',#5070,#5071);
#5070 = CARTESIAN_POINT('',(-0.4318,6.096,12.7));
#5071 = VECTOR('',#5072,1.);
#5072 = DIRECTION('',(0.,0.,-1.));
#5073 = ORIENTED_EDGE('',*,*,#2410,.T.);
#5074 = PLANE('',#5075);
#5075 = AXIS2_PLACEMENT_3D('',#5076,#5077,#5078);
#5076 = CARTESIAN_POINT('',(-0.4318,2.2606,12.7));
#5077 = DIRECTION('',(-1.,0.,0.));
#5078 = DIRECTION('',(0.,0.,1.));
#5079 = ADVANCED_FACE('',(#5080),#5086,.F.);
#5080 = FACE_BOUND('',#5081,.T.);
#5081 = EDGE_LOOP('',(#5082,#5083,#5084,#5085));
#5082 = ORIENTED_EDGE('',*,*,#2605,.T.);
#5083 = ORIENTED_EDGE('',*,*,#2760,.T.);
#5084 = ORIENTED_EDGE('',*,*,#2915,.T.);
#5085 = ORIENTED_EDGE('',*,*,#5049,.F.);
#5086 = PLANE('',#5087);
#5087 = AXIS2_PLACEMENT_3D('',#5088,#5089,#5090);
#5088 = CARTESIAN_POINT('',(0.563782271537,6.3246,12.7));
#5089 = DIRECTION('',(0.866025403784,-0.5,0.));
#5090 = DIRECTION('',(0.5,0.866025403784,0.));
#5091 = ADVANCED_FACE('',(#5092),#5098,.F.);
#5092 = FACE_BOUND('',#5093,.T.);
#5093 = EDGE_LOOP('',(#5094,#5095,#5096,#5097));
#5094 = ORIENTED_EDGE('',*,*,#2583,.T.);
#5095 = ORIENTED_EDGE('',*,*,#5068,.T.);
#5096 = ORIENTED_EDGE('',*,*,#2893,.T.);
#5097 = ORIENTED_EDGE('',*,*,#2738,.F.);
#5098 = PLANE('',#5099);
#5099 = AXIS2_PLACEMENT_3D('',#5100,#5101,#5102);
#5100 = CARTESIAN_POINT('',(-0.4318,6.096,12.7));
#5101 = DIRECTION('',(-0.866025403784,-0.5,0.));
#5102 = DIRECTION('',(0.5,-0.866025403784,0.));
#5103 = ADVANCED_FACE('',(#5104),#5116,.F.);
#5104 = FACE_BOUND('',#5105,.T.);
#5105 = EDGE_LOOP('',(#5106,#5107,#5108,#5114,#5115));
#5106 = ORIENTED_EDGE('',*,*,#4039,.T.);
#5107 = ORIENTED_EDGE('',*,*,#2392,.T.);
#5108 = ORIENTED_EDGE('',*,*,#5109,.T.);
#5109 = EDGE_CURVE('',#2395,#2885,#5110,.T.);
#5110 = LINE('',#5111,#5112);
#5111 = CARTESIAN_POINT('',(-0.8382,6.096,12.7));
#5112 = VECTOR('',#5113,1.);
#5113 = DIRECTION('',(0.,0.,-1.));
#5114 = ORIENTED_EDGE('',*,*,#3039,.T.);
#5115 = ORIENTED_EDGE('',*,*,#4347,.F.);
#5116 = PLANE('',#5117);
#5117 = AXIS2_PLACEMENT_3D('',#5118,#5119,#5120);
#5118 = CARTESIAN_POINT('',(-0.8382,6.096,12.7));
#5119 = DIRECTION('',(1.,0.,0.));
#5120 = DIRECTION('',(0.,0.,-1.));
#5121 = ADVANCED_FACE('',(#5122),#5134,.F.);
#5122 = FACE_BOUND('',#5123,.T.);
#5123 = EDGE_LOOP('',(#5124,#5125,#5126,#5127,#5133));
#5124 = ORIENTED_EDGE('',*,*,#4055,.T.);
#5125 = ORIENTED_EDGE('',*,*,#4340,.T.);
#5126 = ORIENTED_EDGE('',*,*,#3017,.T.);
#5127 = ORIENTED_EDGE('',*,*,#5128,.F.);
#5128 = EDGE_CURVE('',#2371,#2863,#5129,.T.);
#5129 = LINE('',#5130,#5131);
#5130 = CARTESIAN_POINT('',(-1.7018,6.096,12.7));
#5131 = VECTOR('',#5132,1.);
#5132 = DIRECTION('',(0.,0.,-1.));
#5133 = ORIENTED_EDGE('',*,*,#2370,.T.);
#5134 = PLANE('',#5135);
#5135 = AXIS2_PLACEMENT_3D('',#5136,#5137,#5138);
#5136 = CARTESIAN_POINT('',(-1.7018,2.2606,12.7));
#5137 = DIRECTION('',(-1.,0.,0.));
#5138 = DIRECTION('',(0.,0.,1.));
#5139 = ADVANCED_FACE('',(#5140),#5146,.F.);
#5140 = FACE_BOUND('',#5141,.T.);
#5141 = EDGE_LOOP('',(#5142,#5143,#5144,#5145));
#5142 = ORIENTED_EDGE('',*,*,#2574,.T.);
#5143 = ORIENTED_EDGE('',*,*,#2729,.T.);
#5144 = ORIENTED_EDGE('',*,*,#2884,.T.);
#5145 = ORIENTED_EDGE('',*,*,#5109,.F.);
#5146 = PLANE('',#5147);
#5147 = AXIS2_PLACEMENT_3D('',#5148,#5149,#5150);
#5148 = CARTESIAN_POINT('',(-0.706217728463,6.3246,12.7));
#5149 = DIRECTION('',(0.866025403784,-0.5,0.));
#5150 = DIRECTION('',(0.5,0.866025403784,0.));
#5151 = ADVANCED_FACE('',(#5152),#5158,.F.);
#5152 = FACE_BOUND('',#5153,.T.);
#5153 = EDGE_LOOP('',(#5154,#5155,#5156,#5157));
#5154 = ORIENTED_EDGE('',*,*,#2552,.T.);
#5155 = ORIENTED_EDGE('',*,*,#5128,.T.);
#5156 = ORIENTED_EDGE('',*,*,#2862,.T.);
#5157 = ORIENTED_EDGE('',*,*,#2707,.F.);
#5158 = PLANE('',#5159);
#5159 = AXIS2_PLACEMENT_3D('',#5160,#5161,#5162);
#5160 = CARTESIAN_POINT('',(-1.7018,6.096,12.7));
#5161 = DIRECTION('',(-0.866025403784,-0.5,0.));
#5162 = DIRECTION('',(0.5,-0.866025403784,0.));
#5163 = ADVANCED_FACE('',(#5164),#5176,.F.);
#5164 = FACE_BOUND('',#5165,.T.);
#5165 = EDGE_LOOP('',(#5166,#5167,#5168,#5169,#5175));
#5166 = ORIENTED_EDGE('',*,*,#3938,.T.);
#5167 = ORIENTED_EDGE('',*,*,#4326,.T.);
#5168 = ORIENTED_EDGE('',*,*,#2977,.T.);
#5169 = ORIENTED_EDGE('',*,*,#5170,.F.);
#5170 = EDGE_CURVE('',#2313,#2832,#5171,.T.);
#5171 = LINE('',#5172,#5173);
#5172 = CARTESIAN_POINT('',(-2.9718,6.096,12.7));
#5173 = VECTOR('',#5174,1.);
#5174 = DIRECTION('',(0.,0.,-1.));
#5175 = ORIENTED_EDGE('',*,*,#2312,.T.);
#5176 = PLANE('',#5177);
#5177 = AXIS2_PLACEMENT_3D('',#5178,#5179,#5180);
#5178 = CARTESIAN_POINT('',(-2.9718,2.2606,12.7));
#5179 = DIRECTION('',(-1.,0.,0.));
#5180 = DIRECTION('',(0.,0.,1.));
#5181 = ADVANCED_FACE('',(#5182),#5194,.F.);
#5182 = FACE_BOUND('',#5183,.T.);
#5183 = EDGE_LOOP('',(#5184,#5185,#5186,#5192,#5193));
#5184 = ORIENTED_EDGE('',*,*,#4062,.T.);
#5185 = ORIENTED_EDGE('',*,*,#2352,.T.);
#5186 = ORIENTED_EDGE('',*,*,#5187,.T.);
#5187 = EDGE_CURVE('',#2355,#2854,#5188,.T.);
#5188 = LINE('',#5189,#5190);
#5189 = CARTESIAN_POINT('',(-2.1082,6.096,12.7));
#5190 = VECTOR('',#5191,1.);
#5191 = DIRECTION('',(0.,0.,-1.));
#5192 = ORIENTED_EDGE('',*,*,#3008,.T.);
#5193 = ORIENTED_EDGE('',*,*,#4333,.F.);
#5194 = PLANE('',#5195);
#5195 = AXIS2_PLACEMENT_3D('',#5196,#5197,#5198);
#5196 = CARTESIAN_POINT('',(-2.1082,6.096,12.7));
#5197 = DIRECTION('',(1.,0.,0.));
#5198 = DIRECTION('',(0.,0.,-1.));
#5199 = ADVANCED_FACE('',(#5200),#5206,.F.);
#5200 = FACE_BOUND('',#5201,.T.);
#5201 = EDGE_LOOP('',(#5202,#5203,#5204,#5205));
#5202 = ORIENTED_EDGE('',*,*,#2521,.T.);
#5203 = ORIENTED_EDGE('',*,*,#5170,.T.);
#5204 = ORIENTED_EDGE('',*,*,#2831,.T.);
#5205 = ORIENTED_EDGE('',*,*,#2676,.F.);
#5206 = PLANE('',#5207);
#5207 = AXIS2_PLACEMENT_3D('',#5208,#5209,#5210);
#5208 = CARTESIAN_POINT('',(-2.9718,6.096,12.7));
#5209 = DIRECTION('',(-0.866025403784,-0.5,0.));
#5210 = DIRECTION('',(0.5,-0.866025403784,0.));
#5211 = ADVANCED_FACE('',(#5212),#5218,.F.);
#5212 = FACE_BOUND('',#5213,.T.);
#5213 = EDGE_LOOP('',(#5214,#5215,#5216,#5217));
#5214 = ORIENTED_EDGE('',*,*,#2543,.T.);
#5215 = ORIENTED_EDGE('',*,*,#2698,.T.);
#5216 = ORIENTED_EDGE('',*,*,#2853,.T.);
#5217 = ORIENTED_EDGE('',*,*,#5187,.F.);
#5218 = PLANE('',#5219);
#5219 = AXIS2_PLACEMENT_3D('',#5220,#5221,#5222);
#5220 = CARTESIAN_POINT('',(-1.976217728463,6.3246,12.7));
#5221 = DIRECTION('',(0.866025403784,-0.5,0.));
#5222 = DIRECTION('',(0.5,0.866025403784,0.));
#5223 = ( GEOMETRIC_REPRESENTATION_CONTEXT(3) 
GLOBAL_UNCERTAINTY_ASSIGNED_CONTEXT((#5227)) 
GLOBAL_UNIT_ASSIGNED_CONTEXT((#5224,#5225,#5226)) REPRESENTATION_CONTEXT
('Context #1','3D Context with UNIT and UNCERTAINTY') );
#5224 = ( LENGTH_UNIT() NAMED_UNIT(*) SI_UNIT(.MILLI.,.METRE.) );
#5225 = ( NAMED_UNIT(*) PLANE_ANGLE_UNIT() SI_UNIT($,.RADIAN.) );
#5226 = ( NAMED_UNIT(*) SI_UNIT($,.STERADIAN.) SOLID_ANGLE_UNIT() );
#5227 = UNCERTAINTY_MEASURE_WITH_UNIT(LENGTH_MEASURE(1.E-07),#5224,
  'distance_accuracy_value','confusion accuracy');
#5228 = CONTEXT_DEPENDENT_SHAPE_REPRESENTATION(#5229,#5231);
#5229 = ( REPRESENTATION_RELATIONSHIP('','',#2105,#10) 
REPRESENTATION_RELATIONSHIP_WITH_TRANSFORMATION(#5230) 
SHAPE_REPRESENTATION_RELATIONSHIP() );
#5230 = ITEM_DEFINED_TRANSFORMATION('','',#11,#19);
#5231 = PRODUCT_DEFINITION_SHAPE('Placement','Placement of an item',
  #5232);
#5232 = NEXT_ASSEMBLY_USAGE_OCCURRENCE('89','=>[0:1:1:2]','',#5,#2100,$
  );
#5233 = PRODUCT_RELATED_PRODUCT_CATEGORY('part',$,(#2102));
#5234 = SHAPE_DEFINITION_REPRESENTATION(#5235,#5241);
#5235 = PRODUCT_DEFINITION_SHAPE('','',#5236);
#5236 = PRODUCT_DEFINITION('design','',#5237,#5240);
#5237 = PRODUCT_DEFINITION_FORMATION('','',#5238);
#5238 = PRODUCT('FTSH-106-04-L-DH_pins2','FTSH-106-04-L-DH_pins2','',(
    #5239));
#5239 = PRODUCT_CONTEXT('',#2,'mechanical');
#5240 = PRODUCT_DEFINITION_CONTEXT('part definition',#2,'design');
#5241 = ADVANCED_BREP_SHAPE_REPRESENTATION('',(#11,#5242),#10075);
#5242 = MANIFOLD_SOLID_BREP('',#5243);
#5243 = CLOSED_SHELL('',(#5244,#5284,#5324,#5364,#5404,#5444,#5477,#5510
    ,#5543,#5576,#5609,#5640,#5671,#5702,#5733,#5764,#5797,#5830,#5863,
    #5896,#5929,#5960,#5991,#6022,#6053,#6084,#6115,#6146,#6177,#6208,
    #6239,#6270,#6301,#6332,#6363,#6394,#6427,#6460,#6493,#6526,#6559,
    #6590,#6621,#6652,#6683,#6714,#6747,#6780,#6813,#6846,#6879,#6910,
    #6941,#6972,#7003,#7034,#7074,#7114,#7154,#7194,#7234,#7267,#7300,
    #7333,#7366,#7399,#7432,#7465,#7498,#7531,#7564,#7595,#7626,#7657,
    #7688,#7719,#7750,#7781,#7812,#7843,#7874,#7905,#7936,#7967,#7998,
    #8029,#8062,#8095,#8128,#8161,#8194,#8227,#8260,#8293,#8326,#8359,
    #8390,#8421,#8452,#8483,#8514,#8669,#8700,#8733,#8764,#8797,#8828,
    #8859,#8890,#8923,#8954,#8987,#9018,#9234,#9265,#9298,#9331,#9362,
    #9393,#9424,#9457,#9490,#9521,#9613,#9644,#9675,#9694,#9713,#9732,
    #9751,#9770,#9789,#9808,#9827,#9846,#9865,#9886,#9907,#9928,#9949,
    #9970,#9991,#10012,#10033,#10054));
#5244 = ADVANCED_FACE('',(#5245),#5279,.T.);
#5245 = FACE_BOUND('',#5246,.T.);
#5246 = EDGE_LOOP('',(#5247,#5257,#5265,#5273));
#5247 = ORIENTED_EDGE('',*,*,#5248,.F.);
#5248 = EDGE_CURVE('',#5249,#5251,#5253,.T.);
#5249 = VERTEX_POINT('',#5250);
#5250 = CARTESIAN_POINT('',(2.9718,0.,-0.8382));
#5251 = VERTEX_POINT('',#5252);
#5252 = CARTESIAN_POINT('',(2.9718,-2.54,-0.8382));
#5253 = LINE('',#5254,#5255);
#5254 = CARTESIAN_POINT('',(2.9718,0.,-0.8382));
#5255 = VECTOR('',#5256,1.);
#5256 = DIRECTION('',(0.,-1.,0.));
#5257 = ORIENTED_EDGE('',*,*,#5258,.F.);
#5258 = EDGE_CURVE('',#5259,#5249,#5261,.T.);
#5259 = VERTEX_POINT('',#5260);
#5260 = CARTESIAN_POINT('',(3.3782,0.,-0.8382));
#5261 = LINE('',#5262,#5263);
#5262 = CARTESIAN_POINT('',(3.3782,0.,-0.8382));
#5263 = VECTOR('',#5264,1.);
#5264 = DIRECTION('',(-1.,0.,0.));
#5265 = ORIENTED_EDGE('',*,*,#5266,.T.);
#5266 = EDGE_CURVE('',#5259,#5267,#5269,.T.);
#5267 = VERTEX_POINT('',#5268);
#5268 = CARTESIAN_POINT('',(3.3782,-2.54,-0.8382));
#5269 = LINE('',#5270,#5271);
#5270 = CARTESIAN_POINT('',(3.3782,0.,-0.8382));
#5271 = VECTOR('',#5272,1.);
#5272 = DIRECTION('',(0.,-1.,0.));
#5273 = ORIENTED_EDGE('',*,*,#5274,.T.);
#5274 = EDGE_CURVE('',#5267,#5251,#5275,.T.);
#5275 = LINE('',#5276,#5277);
#5276 = CARTESIAN_POINT('',(3.3782,-2.54,-0.8382));
#5277 = VECTOR('',#5278,1.);
#5278 = DIRECTION('',(-1.,0.,0.));
#5279 = PLANE('',#5280);
#5280 = AXIS2_PLACEMENT_3D('',#5281,#5282,#5283);
#5281 = CARTESIAN_POINT('',(3.3782,0.,-0.8382));
#5282 = DIRECTION('',(0.,0.,-1.));
#5283 = DIRECTION('',(-1.,0.,0.));
#5284 = ADVANCED_FACE('',(#5285),#5319,.T.);
#5285 = FACE_BOUND('',#5286,.T.);
#5286 = EDGE_LOOP('',(#5287,#5297,#5305,#5313));
#5287 = ORIENTED_EDGE('',*,*,#5288,.F.);
#5288 = EDGE_CURVE('',#5289,#5291,#5293,.T.);
#5289 = VERTEX_POINT('',#5290);
#5290 = CARTESIAN_POINT('',(2.1082,-2.54,-0.8382));
#5291 = VERTEX_POINT('',#5292);
#5292 = CARTESIAN_POINT('',(2.1082,0.,-0.8382));
#5293 = LINE('',#5294,#5295);
#5294 = CARTESIAN_POINT('',(2.1082,0.,-0.8382));
#5295 = VECTOR('',#5296,1.);
#5296 = DIRECTION('',(0.,1.,0.));
#5297 = ORIENTED_EDGE('',*,*,#5298,.T.);
#5298 = EDGE_CURVE('',#5289,#5299,#5301,.T.);
#5299 = VERTEX_POINT('',#5300);
#5300 = CARTESIAN_POINT('',(1.7018,-2.54,-0.8382));
#5301 = LINE('',#5302,#5303);
#5302 = CARTESIAN_POINT('',(3.3782,-2.54,-0.8382));
#5303 = VECTOR('',#5304,1.);
#5304 = DIRECTION('',(-1.,0.,0.));
#5305 = ORIENTED_EDGE('',*,*,#5306,.F.);
#5306 = EDGE_CURVE('',#5307,#5299,#5309,.T.);
#5307 = VERTEX_POINT('',#5308);
#5308 = CARTESIAN_POINT('',(1.7018,0.,-0.8382));
#5309 = LINE('',#5310,#5311);
#5310 = CARTESIAN_POINT('',(1.7018,0.,-0.8382));
#5311 = VECTOR('',#5312,1.);
#5312 = DIRECTION('',(0.,-1.,0.));
#5313 = ORIENTED_EDGE('',*,*,#5314,.F.);
#5314 = EDGE_CURVE('',#5291,#5307,#5315,.T.);
#5315 = LINE('',#5316,#5317);
#5316 = CARTESIAN_POINT('',(3.3782,0.,-0.8382));
#5317 = VECTOR('',#5318,1.);
#5318 = DIRECTION('',(-1.,0.,0.));
#5319 = PLANE('',#5320);
#5320 = AXIS2_PLACEMENT_3D('',#5321,#5322,#5323);
#5321 = CARTESIAN_POINT('',(3.3782,0.,-0.8382));
#5322 = DIRECTION('',(0.,0.,-1.));
#5323 = DIRECTION('',(-1.,0.,0.));
#5324 = ADVANCED_FACE('',(#5325),#5359,.T.);
#5325 = FACE_BOUND('',#5326,.T.);
#5326 = EDGE_LOOP('',(#5327,#5337,#5345,#5353));
#5327 = ORIENTED_EDGE('',*,*,#5328,.F.);
#5328 = EDGE_CURVE('',#5329,#5331,#5333,.T.);
#5329 = VERTEX_POINT('',#5330);
#5330 = CARTESIAN_POINT('',(0.8382,-2.54,-0.8382));
#5331 = VERTEX_POINT('',#5332);
#5332 = CARTESIAN_POINT('',(0.8382,0.,-0.8382));
#5333 = LINE('',#5334,#5335);
#5334 = CARTESIAN_POINT('',(0.8382,0.,-0.8382));
#5335 = VECTOR('',#5336,1.);
#5336 = DIRECTION('',(0.,1.,0.));
#5337 = ORIENTED_EDGE('',*,*,#5338,.T.);
#5338 = EDGE_CURVE('',#5329,#5339,#5341,.T.);
#5339 = VERTEX_POINT('',#5340);
#5340 = CARTESIAN_POINT('',(0.4318,-2.54,-0.8382));
#5341 = LINE('',#5342,#5343);
#5342 = CARTESIAN_POINT('',(3.3782,-2.54,-0.8382));
#5343 = VECTOR('',#5344,1.);
#5344 = DIRECTION('',(-1.,0.,0.));
#5345 = ORIENTED_EDGE('',*,*,#5346,.F.);
#5346 = EDGE_CURVE('',#5347,#5339,#5349,.T.);
#5347 = VERTEX_POINT('',#5348);
#5348 = CARTESIAN_POINT('',(0.4318,0.,-0.8382));
#5349 = LINE('',#5350,#5351);
#5350 = CARTESIAN_POINT('',(0.4318,0.,-0.8382));
#5351 = VECTOR('',#5352,1.);
#5352 = DIRECTION('',(0.,-1.,0.));
#5353 = ORIENTED_EDGE('',*,*,#5354,.F.);
#5354 = EDGE_CURVE('',#5331,#5347,#5355,.T.);
#5355 = LINE('',#5356,#5357);
#5356 = CARTESIAN_POINT('',(3.3782,0.,-0.8382));
#5357 = VECTOR('',#5358,1.);
#5358 = DIRECTION('',(-1.,0.,0.));
#5359 = PLANE('',#5360);
#5360 = AXIS2_PLACEMENT_3D('',#5361,#5362,#5363);
#5361 = CARTESIAN_POINT('',(3.3782,0.,-0.8382));
#5362 = DIRECTION('',(0.,0.,-1.));
#5363 = DIRECTION('',(-1.,0.,0.));
#5364 = ADVANCED_FACE('',(#5365),#5399,.T.);
#5365 = FACE_BOUND('',#5366,.T.);
#5366 = EDGE_LOOP('',(#5367,#5377,#5385,#5393));
#5367 = ORIENTED_EDGE('',*,*,#5368,.F.);
#5368 = EDGE_CURVE('',#5369,#5371,#5373,.T.);
#5369 = VERTEX_POINT('',#5370);
#5370 = CARTESIAN_POINT('',(-0.4318,-2.54,-0.8382));
#5371 = VERTEX_POINT('',#5372);
#5372 = CARTESIAN_POINT('',(-0.4318,0.,-0.8382));
#5373 = LINE('',#5374,#5375);
#5374 = CARTESIAN_POINT('',(-0.4318,0.,-0.8382));
#5375 = VECTOR('',#5376,1.);
#5376 = DIRECTION('',(0.,1.,0.));
#5377 = ORIENTED_EDGE('',*,*,#5378,.T.);
#5378 = EDGE_CURVE('',#5369,#5379,#5381,.T.);
#5379 = VERTEX_POINT('',#5380);
#5380 = CARTESIAN_POINT('',(-0.8382,-2.54,-0.8382));
#5381 = LINE('',#5382,#5383);
#5382 = CARTESIAN_POINT('',(3.3782,-2.54,-0.8382));
#5383 = VECTOR('',#5384,1.);
#5384 = DIRECTION('',(-1.,0.,0.));
#5385 = ORIENTED_EDGE('',*,*,#5386,.F.);
#5386 = EDGE_CURVE('',#5387,#5379,#5389,.T.);
#5387 = VERTEX_POINT('',#5388);
#5388 = CARTESIAN_POINT('',(-0.8382,0.,-0.8382));
#5389 = LINE('',#5390,#5391);
#5390 = CARTESIAN_POINT('',(-0.8382,0.,-0.8382));
#5391 = VECTOR('',#5392,1.);
#5392 = DIRECTION('',(0.,-1.,0.));
#5393 = ORIENTED_EDGE('',*,*,#5394,.F.);
#5394 = EDGE_CURVE('',#5371,#5387,#5395,.T.);
#5395 = LINE('',#5396,#5397);
#5396 = CARTESIAN_POINT('',(3.3782,0.,-0.8382));
#5397 = VECTOR('',#5398,1.);
#5398 = DIRECTION('',(-1.,0.,0.));
#5399 = PLANE('',#5400);
#5400 = AXIS2_PLACEMENT_3D('',#5401,#5402,#5403);
#5401 = CARTESIAN_POINT('',(3.3782,0.,-0.8382));
#5402 = DIRECTION('',(0.,0.,-1.));
#5403 = DIRECTION('',(-1.,0.,0.));
#5404 = ADVANCED_FACE('',(#5405),#5439,.T.);
#5405 = FACE_BOUND('',#5406,.T.);
#5406 = EDGE_LOOP('',(#5407,#5417,#5425,#5433));
#5407 = ORIENTED_EDGE('',*,*,#5408,.F.);
#5408 = EDGE_CURVE('',#5409,#5411,#5413,.T.);
#5409 = VERTEX_POINT('',#5410);
#5410 = CARTESIAN_POINT('',(-1.7018,-2.54,-0.8382));
#5411 = VERTEX_POINT('',#5412);
#5412 = CARTESIAN_POINT('',(-1.7018,0.,-0.8382));
#5413 = LINE('',#5414,#5415);
#5414 = CARTESIAN_POINT('',(-1.7018,0.,-0.8382));
#5415 = VECTOR('',#5416,1.);
#5416 = DIRECTION('',(0.,1.,0.));
#5417 = ORIENTED_EDGE('',*,*,#5418,.T.);
#5418 = EDGE_CURVE('',#5409,#5419,#5421,.T.);
#5419 = VERTEX_POINT('',#5420);
#5420 = CARTESIAN_POINT('',(-2.1082,-2.54,-0.8382));
#5421 = LINE('',#5422,#5423);
#5422 = CARTESIAN_POINT('',(3.3782,-2.54,-0.8382));
#5423 = VECTOR('',#5424,1.);
#5424 = DIRECTION('',(-1.,0.,0.));
#5425 = ORIENTED_EDGE('',*,*,#5426,.F.);
#5426 = EDGE_CURVE('',#5427,#5419,#5429,.T.);
#5427 = VERTEX_POINT('',#5428);
#5428 = CARTESIAN_POINT('',(-2.1082,0.,-0.8382));
#5429 = LINE('',#5430,#5431);
#5430 = CARTESIAN_POINT('',(-2.1082,0.,-0.8382));
#5431 = VECTOR('',#5432,1.);
#5432 = DIRECTION('',(0.,-1.,0.));
#5433 = ORIENTED_EDGE('',*,*,#5434,.F.);
#5434 = EDGE_CURVE('',#5411,#5427,#5435,.T.);
#5435 = LINE('',#5436,#5437);
#5436 = CARTESIAN_POINT('',(3.3782,0.,-0.8382));
#5437 = VECTOR('',#5438,1.);
#5438 = DIRECTION('',(-1.,0.,0.));
#5439 = PLANE('',#5440);
#5440 = AXIS2_PLACEMENT_3D('',#5441,#5442,#5443);
#5441 = CARTESIAN_POINT('',(3.3782,0.,-0.8382));
#5442 = DIRECTION('',(0.,0.,-1.));
#5443 = DIRECTION('',(-1.,0.,0.));
#5444 = ADVANCED_FACE('',(#5445),#5472,.T.);
#5445 = FACE_BOUND('',#5446,.T.);
#5446 = EDGE_LOOP('',(#5447,#5456,#5457,#5466));
#5447 = ORIENTED_EDGE('',*,*,#5448,.T.);
#5448 = EDGE_CURVE('',#5449,#5251,#5451,.T.);
#5449 = VERTEX_POINT('',#5450);
#5450 = CARTESIAN_POINT('',(2.9718,-3.236353008596,-0.444609169054));
#5451 = CIRCLE('',#5452,0.8128);
#5452 = AXIS2_PLACEMENT_3D('',#5453,#5454,#5455);
#5453 = CARTESIAN_POINT('',(2.9718,-2.54,-2.53999999997E-02));
#5454 = DIRECTION('',(1.,0.,0.));
#5455 = DIRECTION('',(0.,0.,-1.));
#5456 = ORIENTED_EDGE('',*,*,#5274,.F.);
#5457 = ORIENTED_EDGE('',*,*,#5458,.T.);
#5458 = EDGE_CURVE('',#5267,#5459,#5461,.T.);
#5459 = VERTEX_POINT('',#5460);
#5460 = CARTESIAN_POINT('',(3.3782,-3.236353008596,-0.444609169054));
#5461 = CIRCLE('',#5462,0.8128);
#5462 = AXIS2_PLACEMENT_3D('',#5463,#5464,#5465);
#5463 = CARTESIAN_POINT('',(3.3782,-2.54,-2.53999999997E-02));
#5464 = DIRECTION('',(-1.,0.,0.));
#5465 = DIRECTION('',(0.,0.,1.));
#5466 = ORIENTED_EDGE('',*,*,#5467,.T.);
#5467 = EDGE_CURVE('',#5459,#5449,#5468,.T.);
#5468 = LINE('',#5469,#5470);
#5469 = CARTESIAN_POINT('',(3.3782,-3.236353008596,-0.444609169054));
#5470 = VECTOR('',#5471,1.);
#5471 = DIRECTION('',(-1.,0.,0.));
#5472 = CYLINDRICAL_SURFACE('',#5473,0.8128);
#5473 = AXIS2_PLACEMENT_3D('',#5474,#5475,#5476);
#5474 = CARTESIAN_POINT('',(3.3782,-2.54,-2.53999999997E-02));
#5475 = DIRECTION('',(-1.,0.,0.));
#5476 = DIRECTION('',(0.,0.,1.));
#5477 = ADVANCED_FACE('',(#5478),#5505,.T.);
#5478 = FACE_BOUND('',#5479,.T.);
#5479 = EDGE_LOOP('',(#5480,#5489,#5497,#5504));
#5480 = ORIENTED_EDGE('',*,*,#5481,.T.);
#5481 = EDGE_CURVE('',#5289,#5482,#5484,.T.);
#5482 = VERTEX_POINT('',#5483);
#5483 = CARTESIAN_POINT('',(2.1082,-3.236353008596,-0.444609169054));
#5484 = CIRCLE('',#5485,0.8128);
#5485 = AXIS2_PLACEMENT_3D('',#5486,#5487,#5488);
#5486 = CARTESIAN_POINT('',(2.1082,-2.54,-2.53999999997E-02));
#5487 = DIRECTION('',(-1.,0.,0.));
#5488 = DIRECTION('',(0.,0.,1.));
#5489 = ORIENTED_EDGE('',*,*,#5490,.T.);
#5490 = EDGE_CURVE('',#5482,#5491,#5493,.T.);
#5491 = VERTEX_POINT('',#5492);
#5492 = CARTESIAN_POINT('',(1.7018,-3.236353008596,-0.444609169054));
#5493 = LINE('',#5494,#5495);
#5494 = CARTESIAN_POINT('',(3.3782,-3.236353008596,-0.444609169054));
#5495 = VECTOR('',#5496,1.);
#5496 = DIRECTION('',(-1.,0.,0.));
#5497 = ORIENTED_EDGE('',*,*,#5498,.T.);
#5498 = EDGE_CURVE('',#5491,#5299,#5499,.T.);
#5499 = CIRCLE('',#5500,0.8128);
#5500 = AXIS2_PLACEMENT_3D('',#5501,#5502,#5503);
#5501 = CARTESIAN_POINT('',(1.7018,-2.54,-2.53999999997E-02));
#5502 = DIRECTION('',(1.,0.,0.));
#5503 = DIRECTION('',(0.,0.,-1.));
#5504 = ORIENTED_EDGE('',*,*,#5298,.F.);
#5505 = CYLINDRICAL_SURFACE('',#5506,0.8128);
#5506 = AXIS2_PLACEMENT_3D('',#5507,#5508,#5509);
#5507 = CARTESIAN_POINT('',(3.3782,-2.54,-2.53999999997E-02));
#5508 = DIRECTION('',(-1.,0.,0.));
#5509 = DIRECTION('',(0.,0.,1.));
#5510 = ADVANCED_FACE('',(#5511),#5538,.T.);
#5511 = FACE_BOUND('',#5512,.T.);
#5512 = EDGE_LOOP('',(#5513,#5522,#5530,#5537));
#5513 = ORIENTED_EDGE('',*,*,#5514,.T.);
#5514 = EDGE_CURVE('',#5329,#5515,#5517,.T.);
#5515 = VERTEX_POINT('',#5516);
#5516 = CARTESIAN_POINT('',(0.8382,-3.236353008596,-0.444609169054));
#5517 = CIRCLE('',#5518,0.8128);
#5518 = AXIS2_PLACEMENT_3D('',#5519,#5520,#5521);
#5519 = CARTESIAN_POINT('',(0.8382,-2.54,-2.53999999997E-02));
#5520 = DIRECTION('',(-1.,0.,0.));
#5521 = DIRECTION('',(0.,0.,1.));
#5522 = ORIENTED_EDGE('',*,*,#5523,.T.);
#5523 = EDGE_CURVE('',#5515,#5524,#5526,.T.);
#5524 = VERTEX_POINT('',#5525);
#5525 = CARTESIAN_POINT('',(0.4318,-3.236353008596,-0.444609169054));
#5526 = LINE('',#5527,#5528);
#5527 = CARTESIAN_POINT('',(3.3782,-3.236353008596,-0.444609169054));
#5528 = VECTOR('',#5529,1.);
#5529 = DIRECTION('',(-1.,0.,0.));
#5530 = ORIENTED_EDGE('',*,*,#5531,.T.);
#5531 = EDGE_CURVE('',#5524,#5339,#5532,.T.);
#5532 = CIRCLE('',#5533,0.8128);
#5533 = AXIS2_PLACEMENT_3D('',#5534,#5535,#5536);
#5534 = CARTESIAN_POINT('',(0.4318,-2.54,-2.53999999997E-02));
#5535 = DIRECTION('',(1.,0.,0.));
#5536 = DIRECTION('',(0.,0.,-1.));
#5537 = ORIENTED_EDGE('',*,*,#5338,.F.);
#5538 = CYLINDRICAL_SURFACE('',#5539,0.8128);
#5539 = AXIS2_PLACEMENT_3D('',#5540,#5541,#5542);
#5540 = CARTESIAN_POINT('',(3.3782,-2.54,-2.53999999997E-02));
#5541 = DIRECTION('',(-1.,0.,0.));
#5542 = DIRECTION('',(0.,0.,1.));
#5543 = ADVANCED_FACE('',(#5544),#5571,.T.);
#5544 = FACE_BOUND('',#5545,.T.);
#5545 = EDGE_LOOP('',(#5546,#5555,#5563,#5570));
#5546 = ORIENTED_EDGE('',*,*,#5547,.T.);
#5547 = EDGE_CURVE('',#5369,#5548,#5550,.T.);
#5548 = VERTEX_POINT('',#5549);
#5549 = CARTESIAN_POINT('',(-0.4318,-3.236353008596,-0.444609169054));
#5550 = CIRCLE('',#5551,0.8128);
#5551 = AXIS2_PLACEMENT_3D('',#5552,#5553,#5554);
#5552 = CARTESIAN_POINT('',(-0.4318,-2.54,-2.53999999997E-02));
#5553 = DIRECTION('',(-1.,0.,0.));
#5554 = DIRECTION('',(0.,0.,1.));
#5555 = ORIENTED_EDGE('',*,*,#5556,.T.);
#5556 = EDGE_CURVE('',#5548,#5557,#5559,.T.);
#5557 = VERTEX_POINT('',#5558);
#5558 = CARTESIAN_POINT('',(-0.8382,-3.236353008596,-0.444609169054));
#5559 = LINE('',#5560,#5561);
#5560 = CARTESIAN_POINT('',(3.3782,-3.236353008596,-0.444609169054));
#5561 = VECTOR('',#5562,1.);
#5562 = DIRECTION('',(-1.,0.,0.));
#5563 = ORIENTED_EDGE('',*,*,#5564,.T.);
#5564 = EDGE_CURVE('',#5557,#5379,#5565,.T.);
#5565 = CIRCLE('',#5566,0.8128);
#5566 = AXIS2_PLACEMENT_3D('',#5567,#5568,#5569);
#5567 = CARTESIAN_POINT('',(-0.8382,-2.54,-2.53999999997E-02));
#5568 = DIRECTION('',(1.,0.,0.));
#5569 = DIRECTION('',(0.,0.,-1.));
#5570 = ORIENTED_EDGE('',*,*,#5378,.F.);
#5571 = CYLINDRICAL_SURFACE('',#5572,0.8128);
#5572 = AXIS2_PLACEMENT_3D('',#5573,#5574,#5575);
#5573 = CARTESIAN_POINT('',(3.3782,-2.54,-2.53999999997E-02));
#5574 = DIRECTION('',(-1.,0.,0.));
#5575 = DIRECTION('',(0.,0.,1.));
#5576 = ADVANCED_FACE('',(#5577),#5604,.T.);
#5577 = FACE_BOUND('',#5578,.T.);
#5578 = EDGE_LOOP('',(#5579,#5588,#5596,#5603));
#5579 = ORIENTED_EDGE('',*,*,#5580,.T.);
#5580 = EDGE_CURVE('',#5409,#5581,#5583,.T.);
#5581 = VERTEX_POINT('',#5582);
#5582 = CARTESIAN_POINT('',(-1.7018,-3.236353008596,-0.444609169054));
#5583 = CIRCLE('',#5584,0.8128);
#5584 = AXIS2_PLACEMENT_3D('',#5585,#5586,#5587);
#5585 = CARTESIAN_POINT('',(-1.7018,-2.54,-2.53999999997E-02));
#5586 = DIRECTION('',(-1.,0.,0.));
#5587 = DIRECTION('',(0.,0.,1.));
#5588 = ORIENTED_EDGE('',*,*,#5589,.T.);
#5589 = EDGE_CURVE('',#5581,#5590,#5592,.T.);
#5590 = VERTEX_POINT('',#5591);
#5591 = CARTESIAN_POINT('',(-2.1082,-3.236353008596,-0.444609169054));
#5592 = LINE('',#5593,#5594);
#5593 = CARTESIAN_POINT('',(3.3782,-3.236353008596,-0.444609169054));
#5594 = VECTOR('',#5595,1.);
#5595 = DIRECTION('',(-1.,0.,0.));
#5596 = ORIENTED_EDGE('',*,*,#5597,.T.);
#5597 = EDGE_CURVE('',#5590,#5419,#5598,.T.);
#5598 = CIRCLE('',#5599,0.8128);
#5599 = AXIS2_PLACEMENT_3D('',#5600,#5601,#5602);
#5600 = CARTESIAN_POINT('',(-2.1082,-2.54,-2.53999999997E-02));
#5601 = DIRECTION('',(1.,0.,0.));
#5602 = DIRECTION('',(0.,0.,-1.));
#5603 = ORIENTED_EDGE('',*,*,#5418,.F.);
#5604 = CYLINDRICAL_SURFACE('',#5605,0.8128);
#5605 = AXIS2_PLACEMENT_3D('',#5606,#5607,#5608);
#5606 = CARTESIAN_POINT('',(3.3782,-2.54,-2.53999999997E-02));
#5607 = DIRECTION('',(-1.,0.,0.));
#5608 = DIRECTION('',(0.,0.,1.));
#5609 = ADVANCED_FACE('',(#5610),#5635,.T.);
#5610 = FACE_BOUND('',#5611,.T.);
#5611 = EDGE_LOOP('',(#5612,#5620,#5621,#5629));
#5612 = ORIENTED_EDGE('',*,*,#5613,.F.);
#5613 = EDGE_CURVE('',#5449,#5614,#5616,.T.);
#5614 = VERTEX_POINT('',#5615);
#5615 = CARTESIAN_POINT('',(2.9718,-4.173023495702,1.111304584528));
#5616 = LINE('',#5617,#5618);
#5617 = CARTESIAN_POINT('',(2.9718,-3.236353008596,-0.444609169054));
#5618 = VECTOR('',#5619,1.);
#5619 = DIRECTION('',(0.,-0.515759312321,0.856733524355));
#5620 = ORIENTED_EDGE('',*,*,#5467,.F.);
#5621 = ORIENTED_EDGE('',*,*,#5622,.T.);
#5622 = EDGE_CURVE('',#5459,#5623,#5625,.T.);
#5623 = VERTEX_POINT('',#5624);
#5624 = CARTESIAN_POINT('',(3.3782,-4.173023495702,1.111304584528));
#5625 = LINE('',#5626,#5627);
#5626 = CARTESIAN_POINT('',(3.3782,-3.236353008596,-0.444609169054));
#5627 = VECTOR('',#5628,1.);
#5628 = DIRECTION('',(0.,-0.515759312321,0.856733524355));
#5629 = ORIENTED_EDGE('',*,*,#5630,.T.);
#5630 = EDGE_CURVE('',#5623,#5614,#5631,.T.);
#5631 = LINE('',#5632,#5633);
#5632 = CARTESIAN_POINT('',(3.3782,-4.173023495702,1.111304584528));
#5633 = VECTOR('',#5634,1.);
#5634 = DIRECTION('',(-1.,0.,0.));
#5635 = PLANE('',#5636);
#5636 = AXIS2_PLACEMENT_3D('',#5637,#5638,#5639);
#5637 = CARTESIAN_POINT('',(3.3782,-3.236353008596,-0.444609169054));
#5638 = DIRECTION('',(0.,-0.856733524355,-0.515759312321));
#5639 = DIRECTION('',(0.,0.515759312321,-0.856733524355));
#5640 = ADVANCED_FACE('',(#5641),#5666,.T.);
#5641 = FACE_BOUND('',#5642,.T.);
#5642 = EDGE_LOOP('',(#5643,#5651,#5659,#5665));
#5643 = ORIENTED_EDGE('',*,*,#5644,.F.);
#5644 = EDGE_CURVE('',#5645,#5482,#5647,.T.);
#5645 = VERTEX_POINT('',#5646);
#5646 = CARTESIAN_POINT('',(2.1082,-4.173023495702,1.111304584528));
#5647 = LINE('',#5648,#5649);
#5648 = CARTESIAN_POINT('',(2.1082,-3.236353008596,-0.444609169054));
#5649 = VECTOR('',#5650,1.);
#5650 = DIRECTION('',(0.,0.515759312321,-0.856733524355));
#5651 = ORIENTED_EDGE('',*,*,#5652,.T.);
#5652 = EDGE_CURVE('',#5645,#5653,#5655,.T.);
#5653 = VERTEX_POINT('',#5654);
#5654 = CARTESIAN_POINT('',(1.7018,-4.173023495702,1.111304584528));
#5655 = LINE('',#5656,#5657);
#5656 = CARTESIAN_POINT('',(3.3782,-4.173023495702,1.111304584528));
#5657 = VECTOR('',#5658,1.);
#5658 = DIRECTION('',(-1.,0.,0.));
#5659 = ORIENTED_EDGE('',*,*,#5660,.F.);
#5660 = EDGE_CURVE('',#5491,#5653,#5661,.T.);
#5661 = LINE('',#5662,#5663);
#5662 = CARTESIAN_POINT('',(1.7018,-3.236353008596,-0.444609169054));
#5663 = VECTOR('',#5664,1.);
#5664 = DIRECTION('',(0.,-0.515759312321,0.856733524355));
#5665 = ORIENTED_EDGE('',*,*,#5490,.F.);
#5666 = PLANE('',#5667);
#5667 = AXIS2_PLACEMENT_3D('',#5668,#5669,#5670);
#5668 = CARTESIAN_POINT('',(3.3782,-3.236353008596,-0.444609169054));
#5669 = DIRECTION('',(0.,-0.856733524355,-0.515759312321));
#5670 = DIRECTION('',(0.,0.515759312321,-0.856733524355));
#5671 = ADVANCED_FACE('',(#5672),#5697,.T.);
#5672 = FACE_BOUND('',#5673,.T.);
#5673 = EDGE_LOOP('',(#5674,#5682,#5690,#5696));
#5674 = ORIENTED_EDGE('',*,*,#5675,.F.);
#5675 = EDGE_CURVE('',#5676,#5515,#5678,.T.);
#5676 = VERTEX_POINT('',#5677);
#5677 = CARTESIAN_POINT('',(0.8382,-4.173023495702,1.111304584528));
#5678 = LINE('',#5679,#5680);
#5679 = CARTESIAN_POINT('',(0.8382,-3.236353008596,-0.444609169054));
#5680 = VECTOR('',#5681,1.);
#5681 = DIRECTION('',(0.,0.515759312321,-0.856733524355));
#5682 = ORIENTED_EDGE('',*,*,#5683,.T.);
#5683 = EDGE_CURVE('',#5676,#5684,#5686,.T.);
#5684 = VERTEX_POINT('',#5685);
#5685 = CARTESIAN_POINT('',(0.4318,-4.173023495702,1.111304584528));
#5686 = LINE('',#5687,#5688);
#5687 = CARTESIAN_POINT('',(3.3782,-4.173023495702,1.111304584528));
#5688 = VECTOR('',#5689,1.);
#5689 = DIRECTION('',(-1.,0.,0.));
#5690 = ORIENTED_EDGE('',*,*,#5691,.F.);
#5691 = EDGE_CURVE('',#5524,#5684,#5692,.T.);
#5692 = LINE('',#5693,#5694);
#5693 = CARTESIAN_POINT('',(0.4318,-3.236353008596,-0.444609169054));
#5694 = VECTOR('',#5695,1.);
#5695 = DIRECTION('',(0.,-0.515759312321,0.856733524355));
#5696 = ORIENTED_EDGE('',*,*,#5523,.F.);
#5697 = PLANE('',#5698);
#5698 = AXIS2_PLACEMENT_3D('',#5699,#5700,#5701);
#5699 = CARTESIAN_POINT('',(3.3782,-3.236353008596,-0.444609169054));
#5700 = DIRECTION('',(0.,-0.856733524355,-0.515759312321));
#5701 = DIRECTION('',(0.,0.515759312321,-0.856733524355));
#5702 = ADVANCED_FACE('',(#5703),#5728,.T.);
#5703 = FACE_BOUND('',#5704,.T.);
#5704 = EDGE_LOOP('',(#5705,#5713,#5721,#5727));
#5705 = ORIENTED_EDGE('',*,*,#5706,.F.);
#5706 = EDGE_CURVE('',#5707,#5548,#5709,.T.);
#5707 = VERTEX_POINT('',#5708);
#5708 = CARTESIAN_POINT('',(-0.4318,-4.173023495702,1.111304584528));
#5709 = LINE('',#5710,#5711);
#5710 = CARTESIAN_POINT('',(-0.4318,-3.236353008596,-0.444609169054));
#5711 = VECTOR('',#5712,1.);
#5712 = DIRECTION('',(0.,0.515759312321,-0.856733524355));
#5713 = ORIENTED_EDGE('',*,*,#5714,.T.);
#5714 = EDGE_CURVE('',#5707,#5715,#5717,.T.);
#5715 = VERTEX_POINT('',#5716);
#5716 = CARTESIAN_POINT('',(-0.8382,-4.173023495702,1.111304584528));
#5717 = LINE('',#5718,#5719);
#5718 = CARTESIAN_POINT('',(3.3782,-4.173023495702,1.111304584528));
#5719 = VECTOR('',#5720,1.);
#5720 = DIRECTION('',(-1.,0.,0.));
#5721 = ORIENTED_EDGE('',*,*,#5722,.F.);
#5722 = EDGE_CURVE('',#5557,#5715,#5723,.T.);
#5723 = LINE('',#5724,#5725);
#5724 = CARTESIAN_POINT('',(-0.8382,-3.236353008596,-0.444609169054));
#5725 = VECTOR('',#5726,1.);
#5726 = DIRECTION('',(0.,-0.515759312321,0.856733524355));
#5727 = ORIENTED_EDGE('',*,*,#5556,.F.);
#5728 = PLANE('',#5729);
#5729 = AXIS2_PLACEMENT_3D('',#5730,#5731,#5732);
#5730 = CARTESIAN_POINT('',(3.3782,-3.236353008596,-0.444609169054));
#5731 = DIRECTION('',(0.,-0.856733524355,-0.515759312321));
#5732 = DIRECTION('',(0.,0.515759312321,-0.856733524355));
#5733 = ADVANCED_FACE('',(#5734),#5759,.T.);
#5734 = FACE_BOUND('',#5735,.T.);
#5735 = EDGE_LOOP('',(#5736,#5744,#5752,#5758));
#5736 = ORIENTED_EDGE('',*,*,#5737,.F.);
#5737 = EDGE_CURVE('',#5738,#5581,#5740,.T.);
#5738 = VERTEX_POINT('',#5739);
#5739 = CARTESIAN_POINT('',(-1.7018,-4.173023495702,1.111304584528));
#5740 = LINE('',#5741,#5742);
#5741 = CARTESIAN_POINT('',(-1.7018,-3.236353008596,-0.444609169054));
#5742 = VECTOR('',#5743,1.);
#5743 = DIRECTION('',(0.,0.515759312321,-0.856733524355));
#5744 = ORIENTED_EDGE('',*,*,#5745,.T.);
#5745 = EDGE_CURVE('',#5738,#5746,#5748,.T.);
#5746 = VERTEX_POINT('',#5747);
#5747 = CARTESIAN_POINT('',(-2.1082,-4.173023495702,1.111304584528));
#5748 = LINE('',#5749,#5750);
#5749 = CARTESIAN_POINT('',(3.3782,-4.173023495702,1.111304584528));
#5750 = VECTOR('',#5751,1.);
#5751 = DIRECTION('',(-1.,0.,0.));
#5752 = ORIENTED_EDGE('',*,*,#5753,.F.);
#5753 = EDGE_CURVE('',#5590,#5746,#5754,.T.);
#5754 = LINE('',#5755,#5756);
#5755 = CARTESIAN_POINT('',(-2.1082,-3.236353008596,-0.444609169054));
#5756 = VECTOR('',#5757,1.);
#5757 = DIRECTION('',(0.,-0.515759312321,0.856733524355));
#5758 = ORIENTED_EDGE('',*,*,#5589,.F.);
#5759 = PLANE('',#5760);
#5760 = AXIS2_PLACEMENT_3D('',#5761,#5762,#5763);
#5761 = CARTESIAN_POINT('',(3.3782,-3.236353008596,-0.444609169054));
#5762 = DIRECTION('',(0.,-0.856733524355,-0.515759312321));
#5763 = DIRECTION('',(0.,0.515759312321,-0.856733524355));
#5764 = ADVANCED_FACE('',(#5765),#5792,.F.);
#5765 = FACE_BOUND('',#5766,.F.);
#5766 = EDGE_LOOP('',(#5767,#5776,#5777,#5786));
#5767 = ORIENTED_EDGE('',*,*,#5768,.T.);
#5768 = EDGE_CURVE('',#5769,#5623,#5771,.T.);
#5769 = VERTEX_POINT('',#5770);
#5770 = CARTESIAN_POINT('',(3.3782,-4.5212,1.3081));
#5771 = CIRCLE('',#5772,0.406399999999);
#5772 = AXIS2_PLACEMENT_3D('',#5773,#5774,#5775);
#5773 = CARTESIAN_POINT('',(3.3782,-4.5212,0.901700000001));
#5774 = DIRECTION('',(-1.,0.,0.));
#5775 = DIRECTION('',(0.,0.,1.));
#5776 = ORIENTED_EDGE('',*,*,#5630,.T.);
#5777 = ORIENTED_EDGE('',*,*,#5778,.T.);
#5778 = EDGE_CURVE('',#5614,#5779,#5781,.T.);
#5779 = VERTEX_POINT('',#5780);
#5780 = CARTESIAN_POINT('',(2.9718,-4.5212,1.3081));
#5781 = CIRCLE('',#5782,0.406399999999);
#5782 = AXIS2_PLACEMENT_3D('',#5783,#5784,#5785);
#5783 = CARTESIAN_POINT('',(2.9718,-4.5212,0.901700000001));
#5784 = DIRECTION('',(1.,0.,0.));
#5785 = DIRECTION('',(0.,0.,-1.));
#5786 = ORIENTED_EDGE('',*,*,#5787,.F.);
#5787 = EDGE_CURVE('',#5769,#5779,#5788,.T.);
#5788 = LINE('',#5789,#5790);
#5789 = CARTESIAN_POINT('',(3.3782,-4.5212,1.3081));
#5790 = VECTOR('',#5791,1.);
#5791 = DIRECTION('',(-1.,0.,0.));
#5792 = CYLINDRICAL_SURFACE('',#5793,0.406399999999);
#5793 = AXIS2_PLACEMENT_3D('',#5794,#5795,#5796);
#5794 = CARTESIAN_POINT('',(3.3782,-4.5212,0.901700000001));
#5795 = DIRECTION('',(-1.,0.,0.));
#5796 = DIRECTION('',(0.,0.,1.));
#5797 = ADVANCED_FACE('',(#5798),#5825,.F.);
#5798 = FACE_BOUND('',#5799,.F.);
#5799 = EDGE_LOOP('',(#5800,#5809,#5817,#5824));
#5800 = ORIENTED_EDGE('',*,*,#5801,.T.);
#5801 = EDGE_CURVE('',#5653,#5802,#5804,.T.);
#5802 = VERTEX_POINT('',#5803);
#5803 = CARTESIAN_POINT('',(1.7018,-4.5212,1.3081));
#5804 = CIRCLE('',#5805,0.406399999999);
#5805 = AXIS2_PLACEMENT_3D('',#5806,#5807,#5808);
#5806 = CARTESIAN_POINT('',(1.7018,-4.5212,0.901700000001));
#5807 = DIRECTION('',(1.,0.,0.));
#5808 = DIRECTION('',(0.,0.,-1.));
#5809 = ORIENTED_EDGE('',*,*,#5810,.F.);
#5810 = EDGE_CURVE('',#5811,#5802,#5813,.T.);
#5811 = VERTEX_POINT('',#5812);
#5812 = CARTESIAN_POINT('',(2.1082,-4.5212,1.3081));
#5813 = LINE('',#5814,#5815);
#5814 = CARTESIAN_POINT('',(3.3782,-4.5212,1.3081));
#5815 = VECTOR('',#5816,1.);
#5816 = DIRECTION('',(-1.,0.,0.));
#5817 = ORIENTED_EDGE('',*,*,#5818,.T.);
#5818 = EDGE_CURVE('',#5811,#5645,#5819,.T.);
#5819 = CIRCLE('',#5820,0.406399999999);
#5820 = AXIS2_PLACEMENT_3D('',#5821,#5822,#5823);
#5821 = CARTESIAN_POINT('',(2.1082,-4.5212,0.901700000001));
#5822 = DIRECTION('',(-1.,0.,0.));
#5823 = DIRECTION('',(0.,0.,1.));
#5824 = ORIENTED_EDGE('',*,*,#5652,.T.);
#5825 = CYLINDRICAL_SURFACE('',#5826,0.406399999999);
#5826 = AXIS2_PLACEMENT_3D('',#5827,#5828,#5829);
#5827 = CARTESIAN_POINT('',(3.3782,-4.5212,0.901700000001));
#5828 = DIRECTION('',(-1.,0.,0.));
#5829 = DIRECTION('',(0.,0.,1.));
#5830 = ADVANCED_FACE('',(#5831),#5858,.F.);
#5831 = FACE_BOUND('',#5832,.F.);
#5832 = EDGE_LOOP('',(#5833,#5842,#5850,#5857));
#5833 = ORIENTED_EDGE('',*,*,#5834,.T.);
#5834 = EDGE_CURVE('',#5684,#5835,#5837,.T.);
#5835 = VERTEX_POINT('',#5836);
#5836 = CARTESIAN_POINT('',(0.4318,-4.5212,1.3081));
#5837 = CIRCLE('',#5838,0.406399999999);
#5838 = AXIS2_PLACEMENT_3D('',#5839,#5840,#5841);
#5839 = CARTESIAN_POINT('',(0.4318,-4.5212,0.901700000001));
#5840 = DIRECTION('',(1.,0.,0.));
#5841 = DIRECTION('',(0.,0.,-1.));
#5842 = ORIENTED_EDGE('',*,*,#5843,.F.);
#5843 = EDGE_CURVE('',#5844,#5835,#5846,.T.);
#5844 = VERTEX_POINT('',#5845);
#5845 = CARTESIAN_POINT('',(0.8382,-4.5212,1.3081));
#5846 = LINE('',#5847,#5848);
#5847 = CARTESIAN_POINT('',(3.3782,-4.5212,1.3081));
#5848 = VECTOR('',#5849,1.);
#5849 = DIRECTION('',(-1.,0.,0.));
#5850 = ORIENTED_EDGE('',*,*,#5851,.T.);
#5851 = EDGE_CURVE('',#5844,#5676,#5852,.T.);
#5852 = CIRCLE('',#5853,0.406399999999);
#5853 = AXIS2_PLACEMENT_3D('',#5854,#5855,#5856);
#5854 = CARTESIAN_POINT('',(0.8382,-4.5212,0.901700000001));
#5855 = DIRECTION('',(-1.,0.,0.));
#5856 = DIRECTION('',(0.,0.,1.));
#5857 = ORIENTED_EDGE('',*,*,#5683,.T.);
#5858 = CYLINDRICAL_SURFACE('',#5859,0.406399999999);
#5859 = AXIS2_PLACEMENT_3D('',#5860,#5861,#5862);
#5860 = CARTESIAN_POINT('',(3.3782,-4.5212,0.901700000001));
#5861 = DIRECTION('',(-1.,0.,0.));
#5862 = DIRECTION('',(0.,0.,1.));
#5863 = ADVANCED_FACE('',(#5864),#5891,.F.);
#5864 = FACE_BOUND('',#5865,.F.);
#5865 = EDGE_LOOP('',(#5866,#5875,#5883,#5890));
#5866 = ORIENTED_EDGE('',*,*,#5867,.T.);
#5867 = EDGE_CURVE('',#5715,#5868,#5870,.T.);
#5868 = VERTEX_POINT('',#5869);
#5869 = CARTESIAN_POINT('',(-0.8382,-4.5212,1.3081));
#5870 = CIRCLE('',#5871,0.406399999999);
#5871 = AXIS2_PLACEMENT_3D('',#5872,#5873,#5874);
#5872 = CARTESIAN_POINT('',(-0.8382,-4.5212,0.901700000001));
#5873 = DIRECTION('',(1.,0.,0.));
#5874 = DIRECTION('',(0.,0.,-1.));
#5875 = ORIENTED_EDGE('',*,*,#5876,.F.);
#5876 = EDGE_CURVE('',#5877,#5868,#5879,.T.);
#5877 = VERTEX_POINT('',#5878);
#5878 = CARTESIAN_POINT('',(-0.4318,-4.5212,1.3081));
#5879 = LINE('',#5880,#5881);
#5880 = CARTESIAN_POINT('',(3.3782,-4.5212,1.3081));
#5881 = VECTOR('',#5882,1.);
#5882 = DIRECTION('',(-1.,0.,0.));
#5883 = ORIENTED_EDGE('',*,*,#5884,.T.);
#5884 = EDGE_CURVE('',#5877,#5707,#5885,.T.);
#5885 = CIRCLE('',#5886,0.406399999999);
#5886 = AXIS2_PLACEMENT_3D('',#5887,#5888,#5889);
#5887 = CARTESIAN_POINT('',(-0.4318,-4.5212,0.901700000001));
#5888 = DIRECTION('',(-1.,0.,0.));
#5889 = DIRECTION('',(0.,0.,1.));
#5890 = ORIENTED_EDGE('',*,*,#5714,.T.);
#5891 = CYLINDRICAL_SURFACE('',#5892,0.406399999999);
#5892 = AXIS2_PLACEMENT_3D('',#5893,#5894,#5895);
#5893 = CARTESIAN_POINT('',(3.3782,-4.5212,0.901700000001));
#5894 = DIRECTION('',(-1.,0.,0.));
#5895 = DIRECTION('',(0.,0.,1.));
#5896 = ADVANCED_FACE('',(#5897),#5924,.F.);
#5897 = FACE_BOUND('',#5898,.F.);
#5898 = EDGE_LOOP('',(#5899,#5908,#5916,#5923));
#5899 = ORIENTED_EDGE('',*,*,#5900,.T.);
#5900 = EDGE_CURVE('',#5746,#5901,#5903,.T.);
#5901 = VERTEX_POINT('',#5902);
#5902 = CARTESIAN_POINT('',(-2.1082,-4.5212,1.3081));
#5903 = CIRCLE('',#5904,0.406399999999);
#5904 = AXIS2_PLACEMENT_3D('',#5905,#5906,#5907);
#5905 = CARTESIAN_POINT('',(-2.1082,-4.5212,0.901700000001));
#5906 = DIRECTION('',(1.,0.,0.));
#5907 = DIRECTION('',(0.,0.,-1.));
#5908 = ORIENTED_EDGE('',*,*,#5909,.F.);
#5909 = EDGE_CURVE('',#5910,#5901,#5912,.T.);
#5910 = VERTEX_POINT('',#5911);
#5911 = CARTESIAN_POINT('',(-1.7018,-4.5212,1.3081));
#5912 = LINE('',#5913,#5914);
#5913 = CARTESIAN_POINT('',(3.3782,-4.5212,1.3081));
#5914 = VECTOR('',#5915,1.);
#5915 = DIRECTION('',(-1.,0.,0.));
#5916 = ORIENTED_EDGE('',*,*,#5917,.T.);
#5917 = EDGE_CURVE('',#5910,#5738,#5918,.T.);
#5918 = CIRCLE('',#5919,0.406399999999);
#5919 = AXIS2_PLACEMENT_3D('',#5920,#5921,#5922);
#5920 = CARTESIAN_POINT('',(-1.7018,-4.5212,0.901700000001));
#5921 = DIRECTION('',(-1.,0.,0.));
#5922 = DIRECTION('',(0.,0.,1.));
#5923 = ORIENTED_EDGE('',*,*,#5745,.T.);
#5924 = CYLINDRICAL_SURFACE('',#5925,0.406399999999);
#5925 = AXIS2_PLACEMENT_3D('',#5926,#5927,#5928);
#5926 = CARTESIAN_POINT('',(3.3782,-4.5212,0.901700000001));
#5927 = DIRECTION('',(-1.,0.,0.));
#5928 = DIRECTION('',(0.,0.,1.));
#5929 = ADVANCED_FACE('',(#5930),#5955,.T.);
#5930 = FACE_BOUND('',#5931,.T.);
#5931 = EDGE_LOOP('',(#5932,#5940,#5941,#5949));
#5932 = ORIENTED_EDGE('',*,*,#5933,.F.);
#5933 = EDGE_CURVE('',#5779,#5934,#5936,.T.);
#5934 = VERTEX_POINT('',#5935);
#5935 = CARTESIAN_POINT('',(2.9718,-5.334,1.3081));
#5936 = LINE('',#5937,#5938);
#5937 = CARTESIAN_POINT('',(2.9718,-4.5212,1.3081));
#5938 = VECTOR('',#5939,1.);
#5939 = DIRECTION('',(0.,-1.,0.));
#5940 = ORIENTED_EDGE('',*,*,#5787,.F.);
#5941 = ORIENTED_EDGE('',*,*,#5942,.T.);
#5942 = EDGE_CURVE('',#5769,#5943,#5945,.T.);
#5943 = VERTEX_POINT('',#5944);
#5944 = CARTESIAN_POINT('',(3.3782,-5.334,1.3081));
#5945 = LINE('',#5946,#5947);
#5946 = CARTESIAN_POINT('',(3.3782,-4.5212,1.3081));
#5947 = VECTOR('',#5948,1.);
#5948 = DIRECTION('',(0.,-1.,0.));
#5949 = ORIENTED_EDGE('',*,*,#5950,.T.);
#5950 = EDGE_CURVE('',#5943,#5934,#5951,.T.);
#5951 = LINE('',#5952,#5953);
#5952 = CARTESIAN_POINT('',(3.3782,-5.334,1.3081));
#5953 = VECTOR('',#5954,1.);
#5954 = DIRECTION('',(-1.,0.,0.));
#5955 = PLANE('',#5956);
#5956 = AXIS2_PLACEMENT_3D('',#5957,#5958,#5959);
#5957 = CARTESIAN_POINT('',(3.3782,-4.5212,1.3081));
#5958 = DIRECTION('',(0.,0.,-1.));
#5959 = DIRECTION('',(-1.,0.,0.));
#5960 = ADVANCED_FACE('',(#5961),#5986,.T.);
#5961 = FACE_BOUND('',#5962,.T.);
#5962 = EDGE_LOOP('',(#5963,#5971,#5979,#5985));
#5963 = ORIENTED_EDGE('',*,*,#5964,.F.);
#5964 = EDGE_CURVE('',#5965,#5811,#5967,.T.);
#5965 = VERTEX_POINT('',#5966);
#5966 = CARTESIAN_POINT('',(2.1082,-5.334,1.3081));
#5967 = LINE('',#5968,#5969);
#5968 = CARTESIAN_POINT('',(2.1082,-4.5212,1.3081));
#5969 = VECTOR('',#5970,1.);
#5970 = DIRECTION('',(0.,1.,0.));
#5971 = ORIENTED_EDGE('',*,*,#5972,.T.);
#5972 = EDGE_CURVE('',#5965,#5973,#5975,.T.);
#5973 = VERTEX_POINT('',#5974);
#5974 = CARTESIAN_POINT('',(1.7018,-5.334,1.3081));
#5975 = LINE('',#5976,#5977);
#5976 = CARTESIAN_POINT('',(3.3782,-5.334,1.3081));
#5977 = VECTOR('',#5978,1.);
#5978 = DIRECTION('',(-1.,0.,0.));
#5979 = ORIENTED_EDGE('',*,*,#5980,.F.);
#5980 = EDGE_CURVE('',#5802,#5973,#5981,.T.);
#5981 = LINE('',#5982,#5983);
#5982 = CARTESIAN_POINT('',(1.7018,-4.5212,1.3081));
#5983 = VECTOR('',#5984,1.);
#5984 = DIRECTION('',(0.,-1.,0.));
#5985 = ORIENTED_EDGE('',*,*,#5810,.F.);
#5986 = PLANE('',#5987);
#5987 = AXIS2_PLACEMENT_3D('',#5988,#5989,#5990);
#5988 = CARTESIAN_POINT('',(3.3782,-4.5212,1.3081));
#5989 = DIRECTION('',(0.,0.,-1.));
#5990 = DIRECTION('',(-1.,0.,0.));
#5991 = ADVANCED_FACE('',(#5992),#6017,.T.);
#5992 = FACE_BOUND('',#5993,.T.);
#5993 = EDGE_LOOP('',(#5994,#6002,#6010,#6016));
#5994 = ORIENTED_EDGE('',*,*,#5995,.F.);
#5995 = EDGE_CURVE('',#5996,#5844,#5998,.T.);
#5996 = VERTEX_POINT('',#5997);
#5997 = CARTESIAN_POINT('',(0.8382,-5.334,1.3081));
#5998 = LINE('',#5999,#6000);
#5999 = CARTESIAN_POINT('',(0.8382,-4.5212,1.3081));
#6000 = VECTOR('',#6001,1.);
#6001 = DIRECTION('',(0.,1.,0.));
#6002 = ORIENTED_EDGE('',*,*,#6003,.T.);
#6003 = EDGE_CURVE('',#5996,#6004,#6006,.T.);
#6004 = VERTEX_POINT('',#6005);
#6005 = CARTESIAN_POINT('',(0.4318,-5.334,1.3081));
#6006 = LINE('',#6007,#6008);
#6007 = CARTESIAN_POINT('',(3.3782,-5.334,1.3081));
#6008 = VECTOR('',#6009,1.);
#6009 = DIRECTION('',(-1.,0.,0.));
#6010 = ORIENTED_EDGE('',*,*,#6011,.F.);
#6011 = EDGE_CURVE('',#5835,#6004,#6012,.T.);
#6012 = LINE('',#6013,#6014);
#6013 = CARTESIAN_POINT('',(0.4318,-4.5212,1.3081));
#6014 = VECTOR('',#6015,1.);
#6015 = DIRECTION('',(0.,-1.,0.));
#6016 = ORIENTED_EDGE('',*,*,#5843,.F.);
#6017 = PLANE('',#6018);
#6018 = AXIS2_PLACEMENT_3D('',#6019,#6020,#6021);
#6019 = CARTESIAN_POINT('',(3.3782,-4.5212,1.3081));
#6020 = DIRECTION('',(0.,0.,-1.));
#6021 = DIRECTION('',(-1.,0.,0.));
#6022 = ADVANCED_FACE('',(#6023),#6048,.T.);
#6023 = FACE_BOUND('',#6024,.T.);
#6024 = EDGE_LOOP('',(#6025,#6033,#6041,#6047));
#6025 = ORIENTED_EDGE('',*,*,#6026,.F.);
#6026 = EDGE_CURVE('',#6027,#5877,#6029,.T.);
#6027 = VERTEX_POINT('',#6028);
#6028 = CARTESIAN_POINT('',(-0.4318,-5.334,1.3081));
#6029 = LINE('',#6030,#6031);
#6030 = CARTESIAN_POINT('',(-0.4318,-4.5212,1.3081));
#6031 = VECTOR('',#6032,1.);
#6032 = DIRECTION('',(0.,1.,0.));
#6033 = ORIENTED_EDGE('',*,*,#6034,.T.);
#6034 = EDGE_CURVE('',#6027,#6035,#6037,.T.);
#6035 = VERTEX_POINT('',#6036);
#6036 = CARTESIAN_POINT('',(-0.8382,-5.334,1.3081));
#6037 = LINE('',#6038,#6039);
#6038 = CARTESIAN_POINT('',(3.3782,-5.334,1.3081));
#6039 = VECTOR('',#6040,1.);
#6040 = DIRECTION('',(-1.,0.,0.));
#6041 = ORIENTED_EDGE('',*,*,#6042,.F.);
#6042 = EDGE_CURVE('',#5868,#6035,#6043,.T.);
#6043 = LINE('',#6044,#6045);
#6044 = CARTESIAN_POINT('',(-0.8382,-4.5212,1.3081));
#6045 = VECTOR('',#6046,1.);
#6046 = DIRECTION('',(0.,-1.,0.));
#6047 = ORIENTED_EDGE('',*,*,#5876,.F.);
#6048 = PLANE('',#6049);
#6049 = AXIS2_PLACEMENT_3D('',#6050,#6051,#6052);
#6050 = CARTESIAN_POINT('',(3.3782,-4.5212,1.3081));
#6051 = DIRECTION('',(0.,0.,-1.));
#6052 = DIRECTION('',(-1.,0.,0.));
#6053 = ADVANCED_FACE('',(#6054),#6079,.T.);
#6054 = FACE_BOUND('',#6055,.T.);
#6055 = EDGE_LOOP('',(#6056,#6064,#6072,#6078));
#6056 = ORIENTED_EDGE('',*,*,#6057,.F.);
#6057 = EDGE_CURVE('',#6058,#5910,#6060,.T.);
#6058 = VERTEX_POINT('',#6059);
#6059 = CARTESIAN_POINT('',(-1.7018,-5.334,1.3081));
#6060 = LINE('',#6061,#6062);
#6061 = CARTESIAN_POINT('',(-1.7018,-4.5212,1.3081));
#6062 = VECTOR('',#6063,1.);
#6063 = DIRECTION('',(0.,1.,0.));
#6064 = ORIENTED_EDGE('',*,*,#6065,.T.);
#6065 = EDGE_CURVE('',#6058,#6066,#6068,.T.);
#6066 = VERTEX_POINT('',#6067);
#6067 = CARTESIAN_POINT('',(-2.1082,-5.334,1.3081));
#6068 = LINE('',#6069,#6070);
#6069 = CARTESIAN_POINT('',(3.3782,-5.334,1.3081));
#6070 = VECTOR('',#6071,1.);
#6071 = DIRECTION('',(-1.,0.,0.));
#6072 = ORIENTED_EDGE('',*,*,#6073,.F.);
#6073 = EDGE_CURVE('',#5901,#6066,#6074,.T.);
#6074 = LINE('',#6075,#6076);
#6075 = CARTESIAN_POINT('',(-2.1082,-4.5212,1.3081));
#6076 = VECTOR('',#6077,1.);
#6077 = DIRECTION('',(0.,-1.,0.));
#6078 = ORIENTED_EDGE('',*,*,#5909,.F.);
#6079 = PLANE('',#6080);
#6080 = AXIS2_PLACEMENT_3D('',#6081,#6082,#6083);
#6081 = CARTESIAN_POINT('',(3.3782,-4.5212,1.3081));
#6082 = DIRECTION('',(0.,0.,-1.));
#6083 = DIRECTION('',(-1.,0.,0.));
#6084 = ADVANCED_FACE('',(#6085),#6110,.T.);
#6085 = FACE_BOUND('',#6086,.T.);
#6086 = EDGE_LOOP('',(#6087,#6095,#6096,#6104));
#6087 = ORIENTED_EDGE('',*,*,#6088,.F.);
#6088 = EDGE_CURVE('',#5934,#6089,#6091,.T.);
#6089 = VERTEX_POINT('',#6090);
#6090 = CARTESIAN_POINT('',(2.9718,-5.334,1.7145));
#6091 = LINE('',#6092,#6093);
#6092 = CARTESIAN_POINT('',(2.9718,-5.334,1.3081));
#6093 = VECTOR('',#6094,1.);
#6094 = DIRECTION('',(0.,0.,1.));
#6095 = ORIENTED_EDGE('',*,*,#5950,.F.);
#6096 = ORIENTED_EDGE('',*,*,#6097,.T.);
#6097 = EDGE_CURVE('',#5943,#6098,#6100,.T.);
#6098 = VERTEX_POINT('',#6099);
#6099 = CARTESIAN_POINT('',(3.3782,-5.334,1.7145));
#6100 = LINE('',#6101,#6102);
#6101 = CARTESIAN_POINT('',(3.3782,-5.334,1.3081));
#6102 = VECTOR('',#6103,1.);
#6103 = DIRECTION('',(0.,0.,1.));
#6104 = ORIENTED_EDGE('',*,*,#6105,.T.);
#6105 = EDGE_CURVE('',#6098,#6089,#6106,.T.);
#6106 = LINE('',#6107,#6108);
#6107 = CARTESIAN_POINT('',(3.3782,-5.334,1.7145));
#6108 = VECTOR('',#6109,1.);
#6109 = DIRECTION('',(-1.,0.,0.));
#6110 = PLANE('',#6111);
#6111 = AXIS2_PLACEMENT_3D('',#6112,#6113,#6114);
#6112 = CARTESIAN_POINT('',(3.3782,-5.334,1.3081));
#6113 = DIRECTION('',(0.,-1.,0.));
#6114 = DIRECTION('',(0.,0.,-1.));
#6115 = ADVANCED_FACE('',(#6116),#6141,.T.);
#6116 = FACE_BOUND('',#6117,.T.);
#6117 = EDGE_LOOP('',(#6118,#6126,#6134,#6140));
#6118 = ORIENTED_EDGE('',*,*,#6119,.F.);
#6119 = EDGE_CURVE('',#6120,#5965,#6122,.T.);
#6120 = VERTEX_POINT('',#6121);
#6121 = CARTESIAN_POINT('',(2.1082,-5.334,1.7145));
#6122 = LINE('',#6123,#6124);
#6123 = CARTESIAN_POINT('',(2.1082,-5.334,1.3081));
#6124 = VECTOR('',#6125,1.);
#6125 = DIRECTION('',(0.,0.,-1.));
#6126 = ORIENTED_EDGE('',*,*,#6127,.T.);
#6127 = EDGE_CURVE('',#6120,#6128,#6130,.T.);
#6128 = VERTEX_POINT('',#6129);
#6129 = CARTESIAN_POINT('',(1.7018,-5.334,1.7145));
#6130 = LINE('',#6131,#6132);
#6131 = CARTESIAN_POINT('',(3.3782,-5.334,1.7145));
#6132 = VECTOR('',#6133,1.);
#6133 = DIRECTION('',(-1.,0.,0.));
#6134 = ORIENTED_EDGE('',*,*,#6135,.F.);
#6135 = EDGE_CURVE('',#5973,#6128,#6136,.T.);
#6136 = LINE('',#6137,#6138);
#6137 = CARTESIAN_POINT('',(1.7018,-5.334,1.3081));
#6138 = VECTOR('',#6139,1.);
#6139 = DIRECTION('',(0.,0.,1.));
#6140 = ORIENTED_EDGE('',*,*,#5972,.F.);
#6141 = PLANE('',#6142);
#6142 = AXIS2_PLACEMENT_3D('',#6143,#6144,#6145);
#6143 = CARTESIAN_POINT('',(3.3782,-5.334,1.3081));
#6144 = DIRECTION('',(0.,-1.,0.));
#6145 = DIRECTION('',(0.,0.,-1.));
#6146 = ADVANCED_FACE('',(#6147),#6172,.T.);
#6147 = FACE_BOUND('',#6148,.T.);
#6148 = EDGE_LOOP('',(#6149,#6157,#6165,#6171));
#6149 = ORIENTED_EDGE('',*,*,#6150,.F.);
#6150 = EDGE_CURVE('',#6151,#5996,#6153,.T.);
#6151 = VERTEX_POINT('',#6152);
#6152 = CARTESIAN_POINT('',(0.8382,-5.334,1.7145));
#6153 = LINE('',#6154,#6155);
#6154 = CARTESIAN_POINT('',(0.8382,-5.334,1.3081));
#6155 = VECTOR('',#6156,1.);
#6156 = DIRECTION('',(0.,0.,-1.));
#6157 = ORIENTED_EDGE('',*,*,#6158,.T.);
#6158 = EDGE_CURVE('',#6151,#6159,#6161,.T.);
#6159 = VERTEX_POINT('',#6160);
#6160 = CARTESIAN_POINT('',(0.4318,-5.334,1.7145));
#6161 = LINE('',#6162,#6163);
#6162 = CARTESIAN_POINT('',(3.3782,-5.334,1.7145));
#6163 = VECTOR('',#6164,1.);
#6164 = DIRECTION('',(-1.,0.,0.));
#6165 = ORIENTED_EDGE('',*,*,#6166,.F.);
#6166 = EDGE_CURVE('',#6004,#6159,#6167,.T.);
#6167 = LINE('',#6168,#6169);
#6168 = CARTESIAN_POINT('',(0.4318,-5.334,1.3081));
#6169 = VECTOR('',#6170,1.);
#6170 = DIRECTION('',(0.,0.,1.));
#6171 = ORIENTED_EDGE('',*,*,#6003,.F.);
#6172 = PLANE('',#6173);
#6173 = AXIS2_PLACEMENT_3D('',#6174,#6175,#6176);
#6174 = CARTESIAN_POINT('',(3.3782,-5.334,1.3081));
#6175 = DIRECTION('',(0.,-1.,0.));
#6176 = DIRECTION('',(0.,0.,-1.));
#6177 = ADVANCED_FACE('',(#6178),#6203,.T.);
#6178 = FACE_BOUND('',#6179,.T.);
#6179 = EDGE_LOOP('',(#6180,#6188,#6196,#6202));
#6180 = ORIENTED_EDGE('',*,*,#6181,.F.);
#6181 = EDGE_CURVE('',#6182,#6027,#6184,.T.);
#6182 = VERTEX_POINT('',#6183);
#6183 = CARTESIAN_POINT('',(-0.4318,-5.334,1.7145));
#6184 = LINE('',#6185,#6186);
#6185 = CARTESIAN_POINT('',(-0.4318,-5.334,1.3081));
#6186 = VECTOR('',#6187,1.);
#6187 = DIRECTION('',(0.,0.,-1.));
#6188 = ORIENTED_EDGE('',*,*,#6189,.T.);
#6189 = EDGE_CURVE('',#6182,#6190,#6192,.T.);
#6190 = VERTEX_POINT('',#6191);
#6191 = CARTESIAN_POINT('',(-0.8382,-5.334,1.7145));
#6192 = LINE('',#6193,#6194);
#6193 = CARTESIAN_POINT('',(3.3782,-5.334,1.7145));
#6194 = VECTOR('',#6195,1.);
#6195 = DIRECTION('',(-1.,0.,0.));
#6196 = ORIENTED_EDGE('',*,*,#6197,.F.);
#6197 = EDGE_CURVE('',#6035,#6190,#6198,.T.);
#6198 = LINE('',#6199,#6200);
#6199 = CARTESIAN_POINT('',(-0.8382,-5.334,1.3081));
#6200 = VECTOR('',#6201,1.);
#6201 = DIRECTION('',(0.,0.,1.));
#6202 = ORIENTED_EDGE('',*,*,#6034,.F.);
#6203 = PLANE('',#6204);
#6204 = AXIS2_PLACEMENT_3D('',#6205,#6206,#6207);
#6205 = CARTESIAN_POINT('',(3.3782,-5.334,1.3081));
#6206 = DIRECTION('',(0.,-1.,0.));
#6207 = DIRECTION('',(0.,0.,-1.));
#6208 = ADVANCED_FACE('',(#6209),#6234,.T.);
#6209 = FACE_BOUND('',#6210,.T.);
#6210 = EDGE_LOOP('',(#6211,#6219,#6227,#6233));
#6211 = ORIENTED_EDGE('',*,*,#6212,.F.);
#6212 = EDGE_CURVE('',#6213,#6058,#6215,.T.);
#6213 = VERTEX_POINT('',#6214);
#6214 = CARTESIAN_POINT('',(-1.7018,-5.334,1.7145));
#6215 = LINE('',#6216,#6217);
#6216 = CARTESIAN_POINT('',(-1.7018,-5.334,1.3081));
#6217 = VECTOR('',#6218,1.);
#6218 = DIRECTION('',(0.,0.,-1.));
#6219 = ORIENTED_EDGE('',*,*,#6220,.T.);
#6220 = EDGE_CURVE('',#6213,#6221,#6223,.T.);
#6221 = VERTEX_POINT('',#6222);
#6222 = CARTESIAN_POINT('',(-2.1082,-5.334,1.7145));
#6223 = LINE('',#6224,#6225);
#6224 = CARTESIAN_POINT('',(3.3782,-5.334,1.7145));
#6225 = VECTOR('',#6226,1.);
#6226 = DIRECTION('',(-1.,0.,0.));
#6227 = ORIENTED_EDGE('',*,*,#6228,.F.);
#6228 = EDGE_CURVE('',#6066,#6221,#6229,.T.);
#6229 = LINE('',#6230,#6231);
#6230 = CARTESIAN_POINT('',(-2.1082,-5.334,1.3081));
#6231 = VECTOR('',#6232,1.);
#6232 = DIRECTION('',(0.,0.,1.));
#6233 = ORIENTED_EDGE('',*,*,#6065,.F.);
#6234 = PLANE('',#6235);
#6235 = AXIS2_PLACEMENT_3D('',#6236,#6237,#6238);
#6236 = CARTESIAN_POINT('',(3.3782,-5.334,1.3081));
#6237 = DIRECTION('',(0.,-1.,0.));
#6238 = DIRECTION('',(0.,0.,-1.));
#6239 = ADVANCED_FACE('',(#6240),#6265,.T.);
#6240 = FACE_BOUND('',#6241,.T.);
#6241 = EDGE_LOOP('',(#6242,#6250,#6251,#6259));
#6242 = ORIENTED_EDGE('',*,*,#6243,.F.);
#6243 = EDGE_CURVE('',#6089,#6244,#6246,.T.);
#6244 = VERTEX_POINT('',#6245);
#6245 = CARTESIAN_POINT('',(2.9718,-4.5212,1.7145));
#6246 = LINE('',#6247,#6248);
#6247 = CARTESIAN_POINT('',(2.9718,-5.334,1.7145));
#6248 = VECTOR('',#6249,1.);
#6249 = DIRECTION('',(0.,1.,0.));
#6250 = ORIENTED_EDGE('',*,*,#6105,.F.);
#6251 = ORIENTED_EDGE('',*,*,#6252,.T.);
#6252 = EDGE_CURVE('',#6098,#6253,#6255,.T.);
#6253 = VERTEX_POINT('',#6254);
#6254 = CARTESIAN_POINT('',(3.3782,-4.5212,1.7145));
#6255 = LINE('',#6256,#6257);
#6256 = CARTESIAN_POINT('',(3.3782,-5.334,1.7145));
#6257 = VECTOR('',#6258,1.);
#6258 = DIRECTION('',(0.,1.,0.));
#6259 = ORIENTED_EDGE('',*,*,#6260,.T.);
#6260 = EDGE_CURVE('',#6253,#6244,#6261,.T.);
#6261 = LINE('',#6262,#6263);
#6262 = CARTESIAN_POINT('',(3.3782,-4.5212,1.7145));
#6263 = VECTOR('',#6264,1.);
#6264 = DIRECTION('',(-1.,0.,0.));
#6265 = PLANE('',#6266);
#6266 = AXIS2_PLACEMENT_3D('',#6267,#6268,#6269);
#6267 = CARTESIAN_POINT('',(3.3782,-5.334,1.7145));
#6268 = DIRECTION('',(0.,0.,1.));
#6269 = DIRECTION('',(1.,0.,-0.));
#6270 = ADVANCED_FACE('',(#6271),#6296,.T.);
#6271 = FACE_BOUND('',#6272,.T.);
#6272 = EDGE_LOOP('',(#6273,#6281,#6289,#6295));
#6273 = ORIENTED_EDGE('',*,*,#6274,.F.);
#6274 = EDGE_CURVE('',#6275,#6120,#6277,.T.);
#6275 = VERTEX_POINT('',#6276);
#6276 = CARTESIAN_POINT('',(2.1082,-4.5212,1.7145));
#6277 = LINE('',#6278,#6279);
#6278 = CARTESIAN_POINT('',(2.1082,-5.334,1.7145));
#6279 = VECTOR('',#6280,1.);
#6280 = DIRECTION('',(0.,-1.,0.));
#6281 = ORIENTED_EDGE('',*,*,#6282,.T.);
#6282 = EDGE_CURVE('',#6275,#6283,#6285,.T.);
#6283 = VERTEX_POINT('',#6284);
#6284 = CARTESIAN_POINT('',(1.7018,-4.5212,1.7145));
#6285 = LINE('',#6286,#6287);
#6286 = CARTESIAN_POINT('',(3.3782,-4.5212,1.7145));
#6287 = VECTOR('',#6288,1.);
#6288 = DIRECTION('',(-1.,0.,0.));
#6289 = ORIENTED_EDGE('',*,*,#6290,.F.);
#6290 = EDGE_CURVE('',#6128,#6283,#6291,.T.);
#6291 = LINE('',#6292,#6293);
#6292 = CARTESIAN_POINT('',(1.7018,-5.334,1.7145));
#6293 = VECTOR('',#6294,1.);
#6294 = DIRECTION('',(0.,1.,0.));
#6295 = ORIENTED_EDGE('',*,*,#6127,.F.);
#6296 = PLANE('',#6297);
#6297 = AXIS2_PLACEMENT_3D('',#6298,#6299,#6300);
#6298 = CARTESIAN_POINT('',(3.3782,-5.334,1.7145));
#6299 = DIRECTION('',(0.,0.,1.));
#6300 = DIRECTION('',(1.,0.,-0.));
#6301 = ADVANCED_FACE('',(#6302),#6327,.T.);
#6302 = FACE_BOUND('',#6303,.T.);
#6303 = EDGE_LOOP('',(#6304,#6312,#6320,#6326));
#6304 = ORIENTED_EDGE('',*,*,#6305,.F.);
#6305 = EDGE_CURVE('',#6306,#6151,#6308,.T.);
#6306 = VERTEX_POINT('',#6307);
#6307 = CARTESIAN_POINT('',(0.8382,-4.5212,1.7145));
#6308 = LINE('',#6309,#6310);
#6309 = CARTESIAN_POINT('',(0.8382,-5.334,1.7145));
#6310 = VECTOR('',#6311,1.);
#6311 = DIRECTION('',(0.,-1.,0.));
#6312 = ORIENTED_EDGE('',*,*,#6313,.T.);
#6313 = EDGE_CURVE('',#6306,#6314,#6316,.T.);
#6314 = VERTEX_POINT('',#6315);
#6315 = CARTESIAN_POINT('',(0.4318,-4.5212,1.7145));
#6316 = LINE('',#6317,#6318);
#6317 = CARTESIAN_POINT('',(3.3782,-4.5212,1.7145));
#6318 = VECTOR('',#6319,1.);
#6319 = DIRECTION('',(-1.,0.,0.));
#6320 = ORIENTED_EDGE('',*,*,#6321,.F.);
#6321 = EDGE_CURVE('',#6159,#6314,#6322,.T.);
#6322 = LINE('',#6323,#6324);
#6323 = CARTESIAN_POINT('',(0.4318,-5.334,1.7145));
#6324 = VECTOR('',#6325,1.);
#6325 = DIRECTION('',(0.,1.,0.));
#6326 = ORIENTED_EDGE('',*,*,#6158,.F.);
#6327 = PLANE('',#6328);
#6328 = AXIS2_PLACEMENT_3D('',#6329,#6330,#6331);
#6329 = CARTESIAN_POINT('',(3.3782,-5.334,1.7145));
#6330 = DIRECTION('',(0.,0.,1.));
#6331 = DIRECTION('',(1.,0.,-0.));
#6332 = ADVANCED_FACE('',(#6333),#6358,.T.);
#6333 = FACE_BOUND('',#6334,.T.);
#6334 = EDGE_LOOP('',(#6335,#6343,#6351,#6357));
#6335 = ORIENTED_EDGE('',*,*,#6336,.F.);
#6336 = EDGE_CURVE('',#6337,#6182,#6339,.T.);
#6337 = VERTEX_POINT('',#6338);
#6338 = CARTESIAN_POINT('',(-0.4318,-4.5212,1.7145));
#6339 = LINE('',#6340,#6341);
#6340 = CARTESIAN_POINT('',(-0.4318,-5.334,1.7145));
#6341 = VECTOR('',#6342,1.);
#6342 = DIRECTION('',(0.,-1.,0.));
#6343 = ORIENTED_EDGE('',*,*,#6344,.T.);
#6344 = EDGE_CURVE('',#6337,#6345,#6347,.T.);
#6345 = VERTEX_POINT('',#6346);
#6346 = CARTESIAN_POINT('',(-0.8382,-4.5212,1.7145));
#6347 = LINE('',#6348,#6349);
#6348 = CARTESIAN_POINT('',(3.3782,-4.5212,1.7145));
#6349 = VECTOR('',#6350,1.);
#6350 = DIRECTION('',(-1.,0.,0.));
#6351 = ORIENTED_EDGE('',*,*,#6352,.F.);
#6352 = EDGE_CURVE('',#6190,#6345,#6353,.T.);
#6353 = LINE('',#6354,#6355);
#6354 = CARTESIAN_POINT('',(-0.8382,-5.334,1.7145));
#6355 = VECTOR('',#6356,1.);
#6356 = DIRECTION('',(0.,1.,0.));
#6357 = ORIENTED_EDGE('',*,*,#6189,.F.);
#6358 = PLANE('',#6359);
#6359 = AXIS2_PLACEMENT_3D('',#6360,#6361,#6362);
#6360 = CARTESIAN_POINT('',(3.3782,-5.334,1.7145));
#6361 = DIRECTION('',(0.,0.,1.));
#6362 = DIRECTION('',(1.,0.,-0.));
#6363 = ADVANCED_FACE('',(#6364),#6389,.T.);
#6364 = FACE_BOUND('',#6365,.T.);
#6365 = EDGE_LOOP('',(#6366,#6374,#6382,#6388));
#6366 = ORIENTED_EDGE('',*,*,#6367,.F.);
#6367 = EDGE_CURVE('',#6368,#6213,#6370,.T.);
#6368 = VERTEX_POINT('',#6369);
#6369 = CARTESIAN_POINT('',(-1.7018,-4.5212,1.7145));
#6370 = LINE('',#6371,#6372);
#6371 = CARTESIAN_POINT('',(-1.7018,-5.334,1.7145));
#6372 = VECTOR('',#6373,1.);
#6373 = DIRECTION('',(0.,-1.,0.));
#6374 = ORIENTED_EDGE('',*,*,#6375,.T.);
#6375 = EDGE_CURVE('',#6368,#6376,#6378,.T.);
#6376 = VERTEX_POINT('',#6377);
#6377 = CARTESIAN_POINT('',(-2.1082,-4.5212,1.7145));
#6378 = LINE('',#6379,#6380);
#6379 = CARTESIAN_POINT('',(3.3782,-4.5212,1.7145));
#6380 = VECTOR('',#6381,1.);
#6381 = DIRECTION('',(-1.,0.,0.));
#6382 = ORIENTED_EDGE('',*,*,#6383,.F.);
#6383 = EDGE_CURVE('',#6221,#6376,#6384,.T.);
#6384 = LINE('',#6385,#6386);
#6385 = CARTESIAN_POINT('',(-2.1082,-5.334,1.7145));
#6386 = VECTOR('',#6387,1.);
#6387 = DIRECTION('',(0.,1.,0.));
#6388 = ORIENTED_EDGE('',*,*,#6220,.F.);
#6389 = PLANE('',#6390);
#6390 = AXIS2_PLACEMENT_3D('',#6391,#6392,#6393);
#6391 = CARTESIAN_POINT('',(3.3782,-5.334,1.7145));
#6392 = DIRECTION('',(0.,0.,1.));
#6393 = DIRECTION('',(1.,0.,-0.));
#6394 = ADVANCED_FACE('',(#6395),#6422,.T.);
#6395 = FACE_BOUND('',#6396,.T.);
#6396 = EDGE_LOOP('',(#6397,#6406,#6407,#6416));
#6397 = ORIENTED_EDGE('',*,*,#6398,.T.);
#6398 = EDGE_CURVE('',#6399,#6244,#6401,.T.);
#6399 = VERTEX_POINT('',#6400);
#6400 = CARTESIAN_POINT('',(2.9718,-3.824846991404,1.320909169054));
#6401 = CIRCLE('',#6402,0.8128);
#6402 = AXIS2_PLACEMENT_3D('',#6403,#6404,#6405);
#6403 = CARTESIAN_POINT('',(2.9718,-4.5212,0.9017));
#6404 = DIRECTION('',(1.,0.,0.));
#6405 = DIRECTION('',(0.,0.,-1.));
#6406 = ORIENTED_EDGE('',*,*,#6260,.F.);
#6407 = ORIENTED_EDGE('',*,*,#6408,.T.);
#6408 = EDGE_CURVE('',#6253,#6409,#6411,.T.);
#6409 = VERTEX_POINT('',#6410);
#6410 = CARTESIAN_POINT('',(3.3782,-3.824846991404,1.320909169054));
#6411 = CIRCLE('',#6412,0.8128);
#6412 = AXIS2_PLACEMENT_3D('',#6413,#6414,#6415);
#6413 = CARTESIAN_POINT('',(3.3782,-4.5212,0.9017));
#6414 = DIRECTION('',(-1.,0.,0.));
#6415 = DIRECTION('',(0.,0.,1.));
#6416 = ORIENTED_EDGE('',*,*,#6417,.T.);
#6417 = EDGE_CURVE('',#6409,#6399,#6418,.T.);
#6418 = LINE('',#6419,#6420);
#6419 = CARTESIAN_POINT('',(3.3782,-3.824846991404,1.320909169054));
#6420 = VECTOR('',#6421,1.);
#6421 = DIRECTION('',(-1.,0.,0.));
#6422 = CYLINDRICAL_SURFACE('',#6423,0.8128);
#6423 = AXIS2_PLACEMENT_3D('',#6424,#6425,#6426);
#6424 = CARTESIAN_POINT('',(3.3782,-4.5212,0.9017));
#6425 = DIRECTION('',(-1.,0.,0.));
#6426 = DIRECTION('',(0.,0.,1.));
#6427 = ADVANCED_FACE('',(#6428),#6455,.T.);
#6428 = FACE_BOUND('',#6429,.T.);
#6429 = EDGE_LOOP('',(#6430,#6439,#6447,#6454));
#6430 = ORIENTED_EDGE('',*,*,#6431,.T.);
#6431 = EDGE_CURVE('',#6275,#6432,#6434,.T.);
#6432 = VERTEX_POINT('',#6433);
#6433 = CARTESIAN_POINT('',(2.1082,-3.824846991404,1.320909169054));
#6434 = CIRCLE('',#6435,0.8128);
#6435 = AXIS2_PLACEMENT_3D('',#6436,#6437,#6438);
#6436 = CARTESIAN_POINT('',(2.1082,-4.5212,0.9017));
#6437 = DIRECTION('',(-1.,0.,0.));
#6438 = DIRECTION('',(0.,0.,1.));
#6439 = ORIENTED_EDGE('',*,*,#6440,.T.);
#6440 = EDGE_CURVE('',#6432,#6441,#6443,.T.);
#6441 = VERTEX_POINT('',#6442);
#6442 = CARTESIAN_POINT('',(1.7018,-3.824846991404,1.320909169054));
#6443 = LINE('',#6444,#6445);
#6444 = CARTESIAN_POINT('',(3.3782,-3.824846991404,1.320909169054));
#6445 = VECTOR('',#6446,1.);
#6446 = DIRECTION('',(-1.,0.,0.));
#6447 = ORIENTED_EDGE('',*,*,#6448,.T.);
#6448 = EDGE_CURVE('',#6441,#6283,#6449,.T.);
#6449 = CIRCLE('',#6450,0.8128);
#6450 = AXIS2_PLACEMENT_3D('',#6451,#6452,#6453);
#6451 = CARTESIAN_POINT('',(1.7018,-4.5212,0.9017));
#6452 = DIRECTION('',(1.,0.,0.));
#6453 = DIRECTION('',(0.,0.,-1.));
#6454 = ORIENTED_EDGE('',*,*,#6282,.F.);
#6455 = CYLINDRICAL_SURFACE('',#6456,0.8128);
#6456 = AXIS2_PLACEMENT_3D('',#6457,#6458,#6459);
#6457 = CARTESIAN_POINT('',(3.3782,-4.5212,0.9017));
#6458 = DIRECTION('',(-1.,0.,0.));
#6459 = DIRECTION('',(0.,0.,1.));
#6460 = ADVANCED_FACE('',(#6461),#6488,.T.);
#6461 = FACE_BOUND('',#6462,.T.);
#6462 = EDGE_LOOP('',(#6463,#6472,#6480,#6487));
#6463 = ORIENTED_EDGE('',*,*,#6464,.T.);
#6464 = EDGE_CURVE('',#6306,#6465,#6467,.T.);
#6465 = VERTEX_POINT('',#6466);
#6466 = CARTESIAN_POINT('',(0.8382,-3.824846991404,1.320909169054));
#6467 = CIRCLE('',#6468,0.8128);
#6468 = AXIS2_PLACEMENT_3D('',#6469,#6470,#6471);
#6469 = CARTESIAN_POINT('',(0.8382,-4.5212,0.9017));
#6470 = DIRECTION('',(-1.,0.,0.));
#6471 = DIRECTION('',(0.,0.,1.));
#6472 = ORIENTED_EDGE('',*,*,#6473,.T.);
#6473 = EDGE_CURVE('',#6465,#6474,#6476,.T.);
#6474 = VERTEX_POINT('',#6475);
#6475 = CARTESIAN_POINT('',(0.4318,-3.824846991404,1.320909169054));
#6476 = LINE('',#6477,#6478);
#6477 = CARTESIAN_POINT('',(3.3782,-3.824846991404,1.320909169054));
#6478 = VECTOR('',#6479,1.);
#6479 = DIRECTION('',(-1.,0.,0.));
#6480 = ORIENTED_EDGE('',*,*,#6481,.T.);
#6481 = EDGE_CURVE('',#6474,#6314,#6482,.T.);
#6482 = CIRCLE('',#6483,0.8128);
#6483 = AXIS2_PLACEMENT_3D('',#6484,#6485,#6486);
#6484 = CARTESIAN_POINT('',(0.4318,-4.5212,0.9017));
#6485 = DIRECTION('',(1.,0.,0.));
#6486 = DIRECTION('',(0.,0.,-1.));
#6487 = ORIENTED_EDGE('',*,*,#6313,.F.);
#6488 = CYLINDRICAL_SURFACE('',#6489,0.8128);
#6489 = AXIS2_PLACEMENT_3D('',#6490,#6491,#6492);
#6490 = CARTESIAN_POINT('',(3.3782,-4.5212,0.9017));
#6491 = DIRECTION('',(-1.,0.,0.));
#6492 = DIRECTION('',(0.,0.,1.));
#6493 = ADVANCED_FACE('',(#6494),#6521,.T.);
#6494 = FACE_BOUND('',#6495,.T.);
#6495 = EDGE_LOOP('',(#6496,#6505,#6513,#6520));
#6496 = ORIENTED_EDGE('',*,*,#6497,.T.);
#6497 = EDGE_CURVE('',#6337,#6498,#6500,.T.);
#6498 = VERTEX_POINT('',#6499);
#6499 = CARTESIAN_POINT('',(-0.4318,-3.824846991404,1.320909169054));
#6500 = CIRCLE('',#6501,0.8128);
#6501 = AXIS2_PLACEMENT_3D('',#6502,#6503,#6504);
#6502 = CARTESIAN_POINT('',(-0.4318,-4.5212,0.9017));
#6503 = DIRECTION('',(-1.,0.,0.));
#6504 = DIRECTION('',(0.,0.,1.));
#6505 = ORIENTED_EDGE('',*,*,#6506,.T.);
#6506 = EDGE_CURVE('',#6498,#6507,#6509,.T.);
#6507 = VERTEX_POINT('',#6508);
#6508 = CARTESIAN_POINT('',(-0.8382,-3.824846991404,1.320909169054));
#6509 = LINE('',#6510,#6511);
#6510 = CARTESIAN_POINT('',(3.3782,-3.824846991404,1.320909169054));
#6511 = VECTOR('',#6512,1.);
#6512 = DIRECTION('',(-1.,0.,0.));
#6513 = ORIENTED_EDGE('',*,*,#6514,.T.);
#6514 = EDGE_CURVE('',#6507,#6345,#6515,.T.);
#6515 = CIRCLE('',#6516,0.8128);
#6516 = AXIS2_PLACEMENT_3D('',#6517,#6518,#6519);
#6517 = CARTESIAN_POINT('',(-0.8382,-4.5212,0.9017));
#6518 = DIRECTION('',(1.,0.,0.));
#6519 = DIRECTION('',(0.,0.,-1.));
#6520 = ORIENTED_EDGE('',*,*,#6344,.F.);
#6521 = CYLINDRICAL_SURFACE('',#6522,0.8128);
#6522 = AXIS2_PLACEMENT_3D('',#6523,#6524,#6525);
#6523 = CARTESIAN_POINT('',(3.3782,-4.5212,0.9017));
#6524 = DIRECTION('',(-1.,0.,0.));
#6525 = DIRECTION('',(0.,0.,1.));
#6526 = ADVANCED_FACE('',(#6527),#6554,.T.);
#6527 = FACE_BOUND('',#6528,.T.);
#6528 = EDGE_LOOP('',(#6529,#6538,#6546,#6553));
#6529 = ORIENTED_EDGE('',*,*,#6530,.T.);
#6530 = EDGE_CURVE('',#6368,#6531,#6533,.T.);
#6531 = VERTEX_POINT('',#6532);
#6532 = CARTESIAN_POINT('',(-1.7018,-3.824846991404,1.320909169054));
#6533 = CIRCLE('',#6534,0.8128);
#6534 = AXIS2_PLACEMENT_3D('',#6535,#6536,#6537);
#6535 = CARTESIAN_POINT('',(-1.7018,-4.5212,0.9017));
#6536 = DIRECTION('',(-1.,0.,0.));
#6537 = DIRECTION('',(0.,0.,1.));
#6538 = ORIENTED_EDGE('',*,*,#6539,.T.);
#6539 = EDGE_CURVE('',#6531,#6540,#6542,.T.);
#6540 = VERTEX_POINT('',#6541);
#6541 = CARTESIAN_POINT('',(-2.1082,-3.824846991404,1.320909169054));
#6542 = LINE('',#6543,#6544);
#6543 = CARTESIAN_POINT('',(3.3782,-3.824846991404,1.320909169054));
#6544 = VECTOR('',#6545,1.);
#6545 = DIRECTION('',(-1.,0.,0.));
#6546 = ORIENTED_EDGE('',*,*,#6547,.T.);
#6547 = EDGE_CURVE('',#6540,#6376,#6548,.T.);
#6548 = CIRCLE('',#6549,0.8128);
#6549 = AXIS2_PLACEMENT_3D('',#6550,#6551,#6552);
#6550 = CARTESIAN_POINT('',(-2.1082,-4.5212,0.9017));
#6551 = DIRECTION('',(1.,0.,0.));
#6552 = DIRECTION('',(0.,0.,-1.));
#6553 = ORIENTED_EDGE('',*,*,#6375,.F.);
#6554 = CYLINDRICAL_SURFACE('',#6555,0.8128);
#6555 = AXIS2_PLACEMENT_3D('',#6556,#6557,#6558);
#6556 = CARTESIAN_POINT('',(3.3782,-4.5212,0.9017));
#6557 = DIRECTION('',(-1.,0.,0.));
#6558 = DIRECTION('',(0.,0.,1.));
#6559 = ADVANCED_FACE('',(#6560),#6585,.T.);
#6560 = FACE_BOUND('',#6561,.T.);
#6561 = EDGE_LOOP('',(#6562,#6570,#6571,#6579));
#6562 = ORIENTED_EDGE('',*,*,#6563,.F.);
#6563 = EDGE_CURVE('',#6399,#6564,#6566,.T.);
#6564 = VERTEX_POINT('',#6565);
#6565 = CARTESIAN_POINT('',(2.9718,-2.888176504298,-0.235004584528));
#6566 = LINE('',#6567,#6568);
#6567 = CARTESIAN_POINT('',(2.9718,-3.824846991404,1.320909169054));
#6568 = VECTOR('',#6569,1.);
#6569 = DIRECTION('',(0.,0.515759312321,-0.856733524355));
#6570 = ORIENTED_EDGE('',*,*,#6417,.F.);
#6571 = ORIENTED_EDGE('',*,*,#6572,.T.);
#6572 = EDGE_CURVE('',#6409,#6573,#6575,.T.);
#6573 = VERTEX_POINT('',#6574);
#6574 = CARTESIAN_POINT('',(3.3782,-2.888176504298,-0.235004584528));
#6575 = LINE('',#6576,#6577);
#6576 = CARTESIAN_POINT('',(3.3782,-3.824846991404,1.320909169054));
#6577 = VECTOR('',#6578,1.);
#6578 = DIRECTION('',(0.,0.515759312321,-0.856733524355));
#6579 = ORIENTED_EDGE('',*,*,#6580,.T.);
#6580 = EDGE_CURVE('',#6573,#6564,#6581,.T.);
#6581 = LINE('',#6582,#6583);
#6582 = CARTESIAN_POINT('',(3.3782,-2.888176504298,-0.235004584528));
#6583 = VECTOR('',#6584,1.);
#6584 = DIRECTION('',(-1.,0.,0.));
#6585 = PLANE('',#6586);
#6586 = AXIS2_PLACEMENT_3D('',#6587,#6588,#6589);
#6587 = CARTESIAN_POINT('',(3.3782,-3.824846991404,1.320909169054));
#6588 = DIRECTION('',(0.,0.856733524355,0.515759312321));
#6589 = DIRECTION('',(0.,-0.515759312321,0.856733524355));
#6590 = ADVANCED_FACE('',(#6591),#6616,.T.);
#6591 = FACE_BOUND('',#6592,.T.);
#6592 = EDGE_LOOP('',(#6593,#6601,#6609,#6615));
#6593 = ORIENTED_EDGE('',*,*,#6594,.F.);
#6594 = EDGE_CURVE('',#6595,#6432,#6597,.T.);
#6595 = VERTEX_POINT('',#6596);
#6596 = CARTESIAN_POINT('',(2.1082,-2.888176504298,-0.235004584528));
#6597 = LINE('',#6598,#6599);
#6598 = CARTESIAN_POINT('',(2.1082,-3.824846991404,1.320909169054));
#6599 = VECTOR('',#6600,1.);
#6600 = DIRECTION('',(0.,-0.515759312321,0.856733524355));
#6601 = ORIENTED_EDGE('',*,*,#6602,.T.);
#6602 = EDGE_CURVE('',#6595,#6603,#6605,.T.);
#6603 = VERTEX_POINT('',#6604);
#6604 = CARTESIAN_POINT('',(1.7018,-2.888176504298,-0.235004584528));
#6605 = LINE('',#6606,#6607);
#6606 = CARTESIAN_POINT('',(3.3782,-2.888176504298,-0.235004584528));
#6607 = VECTOR('',#6608,1.);
#6608 = DIRECTION('',(-1.,0.,0.));
#6609 = ORIENTED_EDGE('',*,*,#6610,.F.);
#6610 = EDGE_CURVE('',#6441,#6603,#6611,.T.);
#6611 = LINE('',#6612,#6613);
#6612 = CARTESIAN_POINT('',(1.7018,-3.824846991404,1.320909169054));
#6613 = VECTOR('',#6614,1.);
#6614 = DIRECTION('',(0.,0.515759312321,-0.856733524355));
#6615 = ORIENTED_EDGE('',*,*,#6440,.F.);
#6616 = PLANE('',#6617);
#6617 = AXIS2_PLACEMENT_3D('',#6618,#6619,#6620);
#6618 = CARTESIAN_POINT('',(3.3782,-3.824846991404,1.320909169054));
#6619 = DIRECTION('',(0.,0.856733524355,0.515759312321));
#6620 = DIRECTION('',(0.,-0.515759312321,0.856733524355));
#6621 = ADVANCED_FACE('',(#6622),#6647,.T.);
#6622 = FACE_BOUND('',#6623,.T.);
#6623 = EDGE_LOOP('',(#6624,#6632,#6640,#6646));
#6624 = ORIENTED_EDGE('',*,*,#6625,.F.);
#6625 = EDGE_CURVE('',#6626,#6465,#6628,.T.);
#6626 = VERTEX_POINT('',#6627);
#6627 = CARTESIAN_POINT('',(0.8382,-2.888176504298,-0.235004584528));
#6628 = LINE('',#6629,#6630);
#6629 = CARTESIAN_POINT('',(0.8382,-3.824846991404,1.320909169054));
#6630 = VECTOR('',#6631,1.);
#6631 = DIRECTION('',(0.,-0.515759312321,0.856733524355));
#6632 = ORIENTED_EDGE('',*,*,#6633,.T.);
#6633 = EDGE_CURVE('',#6626,#6634,#6636,.T.);
#6634 = VERTEX_POINT('',#6635);
#6635 = CARTESIAN_POINT('',(0.4318,-2.888176504298,-0.235004584528));
#6636 = LINE('',#6637,#6638);
#6637 = CARTESIAN_POINT('',(3.3782,-2.888176504298,-0.235004584528));
#6638 = VECTOR('',#6639,1.);
#6639 = DIRECTION('',(-1.,0.,0.));
#6640 = ORIENTED_EDGE('',*,*,#6641,.F.);
#6641 = EDGE_CURVE('',#6474,#6634,#6642,.T.);
#6642 = LINE('',#6643,#6644);
#6643 = CARTESIAN_POINT('',(0.4318,-3.824846991404,1.320909169054));
#6644 = VECTOR('',#6645,1.);
#6645 = DIRECTION('',(0.,0.515759312321,-0.856733524355));
#6646 = ORIENTED_EDGE('',*,*,#6473,.F.);
#6647 = PLANE('',#6648);
#6648 = AXIS2_PLACEMENT_3D('',#6649,#6650,#6651);
#6649 = CARTESIAN_POINT('',(3.3782,-3.824846991404,1.320909169054));
#6650 = DIRECTION('',(0.,0.856733524355,0.515759312321));
#6651 = DIRECTION('',(0.,-0.515759312321,0.856733524355));
#6652 = ADVANCED_FACE('',(#6653),#6678,.T.);
#6653 = FACE_BOUND('',#6654,.T.);
#6654 = EDGE_LOOP('',(#6655,#6663,#6671,#6677));
#6655 = ORIENTED_EDGE('',*,*,#6656,.F.);
#6656 = EDGE_CURVE('',#6657,#6498,#6659,.T.);
#6657 = VERTEX_POINT('',#6658);
#6658 = CARTESIAN_POINT('',(-0.4318,-2.888176504298,-0.235004584528));
#6659 = LINE('',#6660,#6661);
#6660 = CARTESIAN_POINT('',(-0.4318,-3.824846991404,1.320909169054));
#6661 = VECTOR('',#6662,1.);
#6662 = DIRECTION('',(0.,-0.515759312321,0.856733524355));
#6663 = ORIENTED_EDGE('',*,*,#6664,.T.);
#6664 = EDGE_CURVE('',#6657,#6665,#6667,.T.);
#6665 = VERTEX_POINT('',#6666);
#6666 = CARTESIAN_POINT('',(-0.8382,-2.888176504298,-0.235004584528));
#6667 = LINE('',#6668,#6669);
#6668 = CARTESIAN_POINT('',(3.3782,-2.888176504298,-0.235004584528));
#6669 = VECTOR('',#6670,1.);
#6670 = DIRECTION('',(-1.,0.,0.));
#6671 = ORIENTED_EDGE('',*,*,#6672,.F.);
#6672 = EDGE_CURVE('',#6507,#6665,#6673,.T.);
#6673 = LINE('',#6674,#6675);
#6674 = CARTESIAN_POINT('',(-0.8382,-3.824846991404,1.320909169054));
#6675 = VECTOR('',#6676,1.);
#6676 = DIRECTION('',(0.,0.515759312321,-0.856733524355));
#6677 = ORIENTED_EDGE('',*,*,#6506,.F.);
#6678 = PLANE('',#6679);
#6679 = AXIS2_PLACEMENT_3D('',#6680,#6681,#6682);
#6680 = CARTESIAN_POINT('',(3.3782,-3.824846991404,1.320909169054));
#6681 = DIRECTION('',(0.,0.856733524355,0.515759312321));
#6682 = DIRECTION('',(0.,-0.515759312321,0.856733524355));
#6683 = ADVANCED_FACE('',(#6684),#6709,.T.);
#6684 = FACE_BOUND('',#6685,.T.);
#6685 = EDGE_LOOP('',(#6686,#6694,#6702,#6708));
#6686 = ORIENTED_EDGE('',*,*,#6687,.F.);
#6687 = EDGE_CURVE('',#6688,#6531,#6690,.T.);
#6688 = VERTEX_POINT('',#6689);
#6689 = CARTESIAN_POINT('',(-1.7018,-2.888176504298,-0.235004584528));
#6690 = LINE('',#6691,#6692);
#6691 = CARTESIAN_POINT('',(-1.7018,-3.824846991404,1.320909169054));
#6692 = VECTOR('',#6693,1.);
#6693 = DIRECTION('',(0.,-0.515759312321,0.856733524355));
#6694 = ORIENTED_EDGE('',*,*,#6695,.T.);
#6695 = EDGE_CURVE('',#6688,#6696,#6698,.T.);
#6696 = VERTEX_POINT('',#6697);
#6697 = CARTESIAN_POINT('',(-2.1082,-2.888176504298,-0.235004584528));
#6698 = LINE('',#6699,#6700);
#6699 = CARTESIAN_POINT('',(3.3782,-2.888176504298,-0.235004584528));
#6700 = VECTOR('',#6701,1.);
#6701 = DIRECTION('',(-1.,0.,0.));
#6702 = ORIENTED_EDGE('',*,*,#6703,.F.);
#6703 = EDGE_CURVE('',#6540,#6696,#6704,.T.);
#6704 = LINE('',#6705,#6706);
#6705 = CARTESIAN_POINT('',(-2.1082,-3.824846991404,1.320909169054));
#6706 = VECTOR('',#6707,1.);
#6707 = DIRECTION('',(0.,0.515759312321,-0.856733524355));
#6708 = ORIENTED_EDGE('',*,*,#6539,.F.);
#6709 = PLANE('',#6710);
#6710 = AXIS2_PLACEMENT_3D('',#6711,#6712,#6713);
#6711 = CARTESIAN_POINT('',(3.3782,-3.824846991404,1.320909169054));
#6712 = DIRECTION('',(0.,0.856733524355,0.515759312321));
#6713 = DIRECTION('',(0.,-0.515759312321,0.856733524355));
#6714 = ADVANCED_FACE('',(#6715),#6742,.F.);
#6715 = FACE_BOUND('',#6716,.F.);
#6716 = EDGE_LOOP('',(#6717,#6726,#6727,#6736));
#6717 = ORIENTED_EDGE('',*,*,#6718,.T.);
#6718 = EDGE_CURVE('',#6719,#6573,#6721,.T.);
#6719 = VERTEX_POINT('',#6720);
#6720 = CARTESIAN_POINT('',(3.3782,-2.54,-0.4318));
#6721 = CIRCLE('',#6722,0.406399999999);
#6722 = AXIS2_PLACEMENT_3D('',#6723,#6724,#6725);
#6723 = CARTESIAN_POINT('',(3.3782,-2.54,-2.540000000068E-02));
#6724 = DIRECTION('',(-1.,0.,0.));
#6725 = DIRECTION('',(0.,0.,1.));
#6726 = ORIENTED_EDGE('',*,*,#6580,.T.);
#6727 = ORIENTED_EDGE('',*,*,#6728,.T.);
#6728 = EDGE_CURVE('',#6564,#6729,#6731,.T.);
#6729 = VERTEX_POINT('',#6730);
#6730 = CARTESIAN_POINT('',(2.9718,-2.54,-0.4318));
#6731 = CIRCLE('',#6732,0.406399999999);
#6732 = AXIS2_PLACEMENT_3D('',#6733,#6734,#6735);
#6733 = CARTESIAN_POINT('',(2.9718,-2.54,-2.540000000068E-02));
#6734 = DIRECTION('',(1.,0.,0.));
#6735 = DIRECTION('',(0.,0.,-1.));
#6736 = ORIENTED_EDGE('',*,*,#6737,.F.);
#6737 = EDGE_CURVE('',#6719,#6729,#6738,.T.);
#6738 = LINE('',#6739,#6740);
#6739 = CARTESIAN_POINT('',(3.3782,-2.54,-0.4318));
#6740 = VECTOR('',#6741,1.);
#6741 = DIRECTION('',(-1.,0.,0.));
#6742 = CYLINDRICAL_SURFACE('',#6743,0.406399999999);
#6743 = AXIS2_PLACEMENT_3D('',#6744,#6745,#6746);
#6744 = CARTESIAN_POINT('',(3.3782,-2.54,-2.540000000068E-02));
#6745 = DIRECTION('',(-1.,0.,0.));
#6746 = DIRECTION('',(0.,0.,1.));
#6747 = ADVANCED_FACE('',(#6748),#6775,.F.);
#6748 = FACE_BOUND('',#6749,.F.);
#6749 = EDGE_LOOP('',(#6750,#6759,#6767,#6774));
#6750 = ORIENTED_EDGE('',*,*,#6751,.T.);
#6751 = EDGE_CURVE('',#6603,#6752,#6754,.T.);
#6752 = VERTEX_POINT('',#6753);
#6753 = CARTESIAN_POINT('',(1.7018,-2.54,-0.4318));
#6754 = CIRCLE('',#6755,0.406399999999);
#6755 = AXIS2_PLACEMENT_3D('',#6756,#6757,#6758);
#6756 = CARTESIAN_POINT('',(1.7018,-2.54,-2.540000000068E-02));
#6757 = DIRECTION('',(1.,0.,0.));
#6758 = DIRECTION('',(0.,0.,-1.));
#6759 = ORIENTED_EDGE('',*,*,#6760,.F.);
#6760 = EDGE_CURVE('',#6761,#6752,#6763,.T.);
#6761 = VERTEX_POINT('',#6762);
#6762 = CARTESIAN_POINT('',(2.1082,-2.54,-0.4318));
#6763 = LINE('',#6764,#6765);
#6764 = CARTESIAN_POINT('',(3.3782,-2.54,-0.4318));
#6765 = VECTOR('',#6766,1.);
#6766 = DIRECTION('',(-1.,0.,0.));
#6767 = ORIENTED_EDGE('',*,*,#6768,.T.);
#6768 = EDGE_CURVE('',#6761,#6595,#6769,.T.);
#6769 = CIRCLE('',#6770,0.406399999999);
#6770 = AXIS2_PLACEMENT_3D('',#6771,#6772,#6773);
#6771 = CARTESIAN_POINT('',(2.1082,-2.54,-2.540000000068E-02));
#6772 = DIRECTION('',(-1.,0.,0.));
#6773 = DIRECTION('',(0.,0.,1.));
#6774 = ORIENTED_EDGE('',*,*,#6602,.T.);
#6775 = CYLINDRICAL_SURFACE('',#6776,0.406399999999);
#6776 = AXIS2_PLACEMENT_3D('',#6777,#6778,#6779);
#6777 = CARTESIAN_POINT('',(3.3782,-2.54,-2.540000000068E-02));
#6778 = DIRECTION('',(-1.,0.,0.));
#6779 = DIRECTION('',(0.,0.,1.));
#6780 = ADVANCED_FACE('',(#6781),#6808,.F.);
#6781 = FACE_BOUND('',#6782,.F.);
#6782 = EDGE_LOOP('',(#6783,#6792,#6800,#6807));
#6783 = ORIENTED_EDGE('',*,*,#6784,.T.);
#6784 = EDGE_CURVE('',#6634,#6785,#6787,.T.);
#6785 = VERTEX_POINT('',#6786);
#6786 = CARTESIAN_POINT('',(0.4318,-2.54,-0.4318));
#6787 = CIRCLE('',#6788,0.406399999999);
#6788 = AXIS2_PLACEMENT_3D('',#6789,#6790,#6791);
#6789 = CARTESIAN_POINT('',(0.4318,-2.54,-2.540000000068E-02));
#6790 = DIRECTION('',(1.,0.,0.));
#6791 = DIRECTION('',(0.,0.,-1.));
#6792 = ORIENTED_EDGE('',*,*,#6793,.F.);
#6793 = EDGE_CURVE('',#6794,#6785,#6796,.T.);
#6794 = VERTEX_POINT('',#6795);
#6795 = CARTESIAN_POINT('',(0.8382,-2.54,-0.4318));
#6796 = LINE('',#6797,#6798);
#6797 = CARTESIAN_POINT('',(3.3782,-2.54,-0.4318));
#6798 = VECTOR('',#6799,1.);
#6799 = DIRECTION('',(-1.,0.,0.));
#6800 = ORIENTED_EDGE('',*,*,#6801,.T.);
#6801 = EDGE_CURVE('',#6794,#6626,#6802,.T.);
#6802 = CIRCLE('',#6803,0.406399999999);
#6803 = AXIS2_PLACEMENT_3D('',#6804,#6805,#6806);
#6804 = CARTESIAN_POINT('',(0.8382,-2.54,-2.540000000068E-02));
#6805 = DIRECTION('',(-1.,0.,0.));
#6806 = DIRECTION('',(0.,0.,1.));
#6807 = ORIENTED_EDGE('',*,*,#6633,.T.);
#6808 = CYLINDRICAL_SURFACE('',#6809,0.406399999999);
#6809 = AXIS2_PLACEMENT_3D('',#6810,#6811,#6812);
#6810 = CARTESIAN_POINT('',(3.3782,-2.54,-2.540000000068E-02));
#6811 = DIRECTION('',(-1.,0.,0.));
#6812 = DIRECTION('',(0.,0.,1.));
#6813 = ADVANCED_FACE('',(#6814),#6841,.F.);
#6814 = FACE_BOUND('',#6815,.F.);
#6815 = EDGE_LOOP('',(#6816,#6825,#6833,#6840));
#6816 = ORIENTED_EDGE('',*,*,#6817,.T.);
#6817 = EDGE_CURVE('',#6665,#6818,#6820,.T.);
#6818 = VERTEX_POINT('',#6819);
#6819 = CARTESIAN_POINT('',(-0.8382,-2.54,-0.4318));
#6820 = CIRCLE('',#6821,0.406399999999);
#6821 = AXIS2_PLACEMENT_3D('',#6822,#6823,#6824);
#6822 = CARTESIAN_POINT('',(-0.8382,-2.54,-2.540000000068E-02));
#6823 = DIRECTION('',(1.,0.,0.));
#6824 = DIRECTION('',(0.,0.,-1.));
#6825 = ORIENTED_EDGE('',*,*,#6826,.F.);
#6826 = EDGE_CURVE('',#6827,#6818,#6829,.T.);
#6827 = VERTEX_POINT('',#6828);
#6828 = CARTESIAN_POINT('',(-0.4318,-2.54,-0.4318));
#6829 = LINE('',#6830,#6831);
#6830 = CARTESIAN_POINT('',(3.3782,-2.54,-0.4318));
#6831 = VECTOR('',#6832,1.);
#6832 = DIRECTION('',(-1.,0.,0.));
#6833 = ORIENTED_EDGE('',*,*,#6834,.T.);
#6834 = EDGE_CURVE('',#6827,#6657,#6835,.T.);
#6835 = CIRCLE('',#6836,0.406399999999);
#6836 = AXIS2_PLACEMENT_3D('',#6837,#6838,#6839);
#6837 = CARTESIAN_POINT('',(-0.4318,-2.54,-2.540000000068E-02));
#6838 = DIRECTION('',(-1.,0.,0.));
#6839 = DIRECTION('',(0.,0.,1.));
#6840 = ORIENTED_EDGE('',*,*,#6664,.T.);
#6841 = CYLINDRICAL_SURFACE('',#6842,0.406399999999);
#6842 = AXIS2_PLACEMENT_3D('',#6843,#6844,#6845);
#6843 = CARTESIAN_POINT('',(3.3782,-2.54,-2.540000000068E-02));
#6844 = DIRECTION('',(-1.,0.,0.));
#6845 = DIRECTION('',(0.,0.,1.));
#6846 = ADVANCED_FACE('',(#6847),#6874,.F.);
#6847 = FACE_BOUND('',#6848,.F.);
#6848 = EDGE_LOOP('',(#6849,#6858,#6866,#6873));
#6849 = ORIENTED_EDGE('',*,*,#6850,.T.);
#6850 = EDGE_CURVE('',#6696,#6851,#6853,.T.);
#6851 = VERTEX_POINT('',#6852);
#6852 = CARTESIAN_POINT('',(-2.1082,-2.54,-0.4318));
#6853 = CIRCLE('',#6854,0.406399999999);
#6854 = AXIS2_PLACEMENT_3D('',#6855,#6856,#6857);
#6855 = CARTESIAN_POINT('',(-2.1082,-2.54,-2.540000000068E-02));
#6856 = DIRECTION('',(1.,0.,0.));
#6857 = DIRECTION('',(0.,0.,-1.));
#6858 = ORIENTED_EDGE('',*,*,#6859,.F.);
#6859 = EDGE_CURVE('',#6860,#6851,#6862,.T.);
#6860 = VERTEX_POINT('',#6861);
#6861 = CARTESIAN_POINT('',(-1.7018,-2.54,-0.4318));
#6862 = LINE('',#6863,#6864);
#6863 = CARTESIAN_POINT('',(3.3782,-2.54,-0.4318));
#6864 = VECTOR('',#6865,1.);
#6865 = DIRECTION('',(-1.,0.,0.));
#6866 = ORIENTED_EDGE('',*,*,#6867,.T.);
#6867 = EDGE_CURVE('',#6860,#6688,#6868,.T.);
#6868 = CIRCLE('',#6869,0.406399999999);
#6869 = AXIS2_PLACEMENT_3D('',#6870,#6871,#6872);
#6870 = CARTESIAN_POINT('',(-1.7018,-2.54,-2.540000000068E-02));
#6871 = DIRECTION('',(-1.,0.,0.));
#6872 = DIRECTION('',(0.,0.,1.));
#6873 = ORIENTED_EDGE('',*,*,#6695,.T.);
#6874 = CYLINDRICAL_SURFACE('',#6875,0.406399999999);
#6875 = AXIS2_PLACEMENT_3D('',#6876,#6877,#6878);
#6876 = CARTESIAN_POINT('',(3.3782,-2.54,-2.540000000068E-02));
#6877 = DIRECTION('',(-1.,0.,0.));
#6878 = DIRECTION('',(0.,0.,1.));
#6879 = ADVANCED_FACE('',(#6880),#6905,.T.);
#6880 = FACE_BOUND('',#6881,.T.);
#6881 = EDGE_LOOP('',(#6882,#6890,#6891,#6899));
#6882 = ORIENTED_EDGE('',*,*,#6883,.F.);
#6883 = EDGE_CURVE('',#6729,#6884,#6886,.T.);
#6884 = VERTEX_POINT('',#6885);
#6885 = CARTESIAN_POINT('',(2.9718,0.254,-0.4318));
#6886 = LINE('',#6887,#6888);
#6887 = CARTESIAN_POINT('',(2.9718,-2.54,-0.4318));
#6888 = VECTOR('',#6889,1.);
#6889 = DIRECTION('',(0.,1.,0.));
#6890 = ORIENTED_EDGE('',*,*,#6737,.F.);
#6891 = ORIENTED_EDGE('',*,*,#6892,.T.);
#6892 = EDGE_CURVE('',#6719,#6893,#6895,.T.);
#6893 = VERTEX_POINT('',#6894);
#6894 = CARTESIAN_POINT('',(3.3782,0.254,-0.4318));
#6895 = LINE('',#6896,#6897);
#6896 = CARTESIAN_POINT('',(3.3782,-2.54,-0.4318));
#6897 = VECTOR('',#6898,1.);
#6898 = DIRECTION('',(0.,1.,0.));
#6899 = ORIENTED_EDGE('',*,*,#6900,.T.);
#6900 = EDGE_CURVE('',#6893,#6884,#6901,.T.);
#6901 = LINE('',#6902,#6903);
#6902 = CARTESIAN_POINT('',(3.3782,0.254,-0.4318));
#6903 = VECTOR('',#6904,1.);
#6904 = DIRECTION('',(-1.,0.,0.));
#6905 = PLANE('',#6906);
#6906 = AXIS2_PLACEMENT_3D('',#6907,#6908,#6909);
#6907 = CARTESIAN_POINT('',(3.3782,-2.54,-0.4318));
#6908 = DIRECTION('',(0.,0.,1.));
#6909 = DIRECTION('',(1.,0.,-0.));
#6910 = ADVANCED_FACE('',(#6911),#6936,.T.);
#6911 = FACE_BOUND('',#6912,.T.);
#6912 = EDGE_LOOP('',(#6913,#6921,#6929,#6935));
#6913 = ORIENTED_EDGE('',*,*,#6914,.F.);
#6914 = EDGE_CURVE('',#6915,#6761,#6917,.T.);
#6915 = VERTEX_POINT('',#6916);
#6916 = CARTESIAN_POINT('',(2.1082,0.254,-0.4318));
#6917 = LINE('',#6918,#6919);
#6918 = CARTESIAN_POINT('',(2.1082,-2.54,-0.4318));
#6919 = VECTOR('',#6920,1.);
#6920 = DIRECTION('',(0.,-1.,0.));
#6921 = ORIENTED_EDGE('',*,*,#6922,.T.);
#6922 = EDGE_CURVE('',#6915,#6923,#6925,.T.);
#6923 = VERTEX_POINT('',#6924);
#6924 = CARTESIAN_POINT('',(1.7018,0.254,-0.4318));
#6925 = LINE('',#6926,#6927);
#6926 = CARTESIAN_POINT('',(3.3782,0.254,-0.4318));
#6927 = VECTOR('',#6928,1.);
#6928 = DIRECTION('',(-1.,0.,0.));
#6929 = ORIENTED_EDGE('',*,*,#6930,.F.);
#6930 = EDGE_CURVE('',#6752,#6923,#6931,.T.);
#6931 = LINE('',#6932,#6933);
#6932 = CARTESIAN_POINT('',(1.7018,-2.54,-0.4318));
#6933 = VECTOR('',#6934,1.);
#6934 = DIRECTION('',(0.,1.,0.));
#6935 = ORIENTED_EDGE('',*,*,#6760,.F.);
#6936 = PLANE('',#6937);
#6937 = AXIS2_PLACEMENT_3D('',#6938,#6939,#6940);
#6938 = CARTESIAN_POINT('',(3.3782,-2.54,-0.4318));
#6939 = DIRECTION('',(0.,0.,1.));
#6940 = DIRECTION('',(1.,0.,-0.));
#6941 = ADVANCED_FACE('',(#6942),#6967,.T.);
#6942 = FACE_BOUND('',#6943,.T.);
#6943 = EDGE_LOOP('',(#6944,#6952,#6960,#6966));
#6944 = ORIENTED_EDGE('',*,*,#6945,.F.);
#6945 = EDGE_CURVE('',#6946,#6794,#6948,.T.);
#6946 = VERTEX_POINT('',#6947);
#6947 = CARTESIAN_POINT('',(0.8382,0.254,-0.4318));
#6948 = LINE('',#6949,#6950);
#6949 = CARTESIAN_POINT('',(0.8382,-2.54,-0.4318));
#6950 = VECTOR('',#6951,1.);
#6951 = DIRECTION('',(0.,-1.,0.));
#6952 = ORIENTED_EDGE('',*,*,#6953,.T.);
#6953 = EDGE_CURVE('',#6946,#6954,#6956,.T.);
#6954 = VERTEX_POINT('',#6955);
#6955 = CARTESIAN_POINT('',(0.4318,0.254,-0.4318));
#6956 = LINE('',#6957,#6958);
#6957 = CARTESIAN_POINT('',(3.3782,0.254,-0.4318));
#6958 = VECTOR('',#6959,1.);
#6959 = DIRECTION('',(-1.,0.,0.));
#6960 = ORIENTED_EDGE('',*,*,#6961,.F.);
#6961 = EDGE_CURVE('',#6785,#6954,#6962,.T.);
#6962 = LINE('',#6963,#6964);
#6963 = CARTESIAN_POINT('',(0.4318,-2.54,-0.4318));
#6964 = VECTOR('',#6965,1.);
#6965 = DIRECTION('',(0.,1.,0.));
#6966 = ORIENTED_EDGE('',*,*,#6793,.F.);
#6967 = PLANE('',#6968);
#6968 = AXIS2_PLACEMENT_3D('',#6969,#6970,#6971);
#6969 = CARTESIAN_POINT('',(3.3782,-2.54,-0.4318));
#6970 = DIRECTION('',(0.,0.,1.));
#6971 = DIRECTION('',(1.,0.,-0.));
#6972 = ADVANCED_FACE('',(#6973),#6998,.T.);
#6973 = FACE_BOUND('',#6974,.T.);
#6974 = EDGE_LOOP('',(#6975,#6983,#6991,#6997));
#6975 = ORIENTED_EDGE('',*,*,#6976,.F.);
#6976 = EDGE_CURVE('',#6977,#6827,#6979,.T.);
#6977 = VERTEX_POINT('',#6978);
#6978 = CARTESIAN_POINT('',(-0.4318,0.254,-0.4318));
#6979 = LINE('',#6980,#6981);
#6980 = CARTESIAN_POINT('',(-0.4318,-2.54,-0.4318));
#6981 = VECTOR('',#6982,1.);
#6982 = DIRECTION('',(0.,-1.,0.));
#6983 = ORIENTED_EDGE('',*,*,#6984,.T.);
#6984 = EDGE_CURVE('',#6977,#6985,#6987,.T.);
#6985 = VERTEX_POINT('',#6986);
#6986 = CARTESIAN_POINT('',(-0.8382,0.254,-0.4318));
#6987 = LINE('',#6988,#6989);
#6988 = CARTESIAN_POINT('',(3.3782,0.254,-0.4318));
#6989 = VECTOR('',#6990,1.);
#6990 = DIRECTION('',(-1.,0.,0.));
#6991 = ORIENTED_EDGE('',*,*,#6992,.F.);
#6992 = EDGE_CURVE('',#6818,#6985,#6993,.T.);
#6993 = LINE('',#6994,#6995);
#6994 = CARTESIAN_POINT('',(-0.8382,-2.54,-0.4318));
#6995 = VECTOR('',#6996,1.);
#6996 = DIRECTION('',(0.,1.,0.));
#6997 = ORIENTED_EDGE('',*,*,#6826,.F.);
#6998 = PLANE('',#6999);
#6999 = AXIS2_PLACEMENT_3D('',#7000,#7001,#7002);
#7000 = CARTESIAN_POINT('',(3.3782,-2.54,-0.4318));
#7001 = DIRECTION('',(0.,0.,1.));
#7002 = DIRECTION('',(1.,0.,-0.));
#7003 = ADVANCED_FACE('',(#7004),#7029,.T.);
#7004 = FACE_BOUND('',#7005,.T.);
#7005 = EDGE_LOOP('',(#7006,#7014,#7022,#7028));
#7006 = ORIENTED_EDGE('',*,*,#7007,.F.);
#7007 = EDGE_CURVE('',#7008,#6860,#7010,.T.);
#7008 = VERTEX_POINT('',#7009);
#7009 = CARTESIAN_POINT('',(-1.7018,0.254,-0.4318));
#7010 = LINE('',#7011,#7012);
#7011 = CARTESIAN_POINT('',(-1.7018,-2.54,-0.4318));
#7012 = VECTOR('',#7013,1.);
#7013 = DIRECTION('',(0.,-1.,0.));
#7014 = ORIENTED_EDGE('',*,*,#7015,.T.);
#7015 = EDGE_CURVE('',#7008,#7016,#7018,.T.);
#7016 = VERTEX_POINT('',#7017);
#7017 = CARTESIAN_POINT('',(-2.1082,0.254,-0.4318));
#7018 = LINE('',#7019,#7020);
#7019 = CARTESIAN_POINT('',(3.3782,0.254,-0.4318));
#7020 = VECTOR('',#7021,1.);
#7021 = DIRECTION('',(-1.,0.,0.));
#7022 = ORIENTED_EDGE('',*,*,#7023,.F.);
#7023 = EDGE_CURVE('',#6851,#7016,#7024,.T.);
#7024 = LINE('',#7025,#7026);
#7025 = CARTESIAN_POINT('',(-2.1082,-2.54,-0.4318));
#7026 = VECTOR('',#7027,1.);
#7027 = DIRECTION('',(0.,1.,0.));
#7028 = ORIENTED_EDGE('',*,*,#6859,.F.);
#7029 = PLANE('',#7030);
#7030 = AXIS2_PLACEMENT_3D('',#7031,#7032,#7033);
#7031 = CARTESIAN_POINT('',(3.3782,-2.54,-0.4318));
#7032 = DIRECTION('',(0.,0.,1.));
#7033 = DIRECTION('',(1.,0.,-0.));
#7034 = ADVANCED_FACE('',(#7035),#7069,.T.);
#7035 = FACE_BOUND('',#7036,.T.);
#7036 = EDGE_LOOP('',(#7037,#7047,#7055,#7063));
#7037 = ORIENTED_EDGE('',*,*,#7038,.F.);
#7038 = EDGE_CURVE('',#7039,#7041,#7043,.T.);
#7039 = VERTEX_POINT('',#7040);
#7040 = CARTESIAN_POINT('',(2.9718,0.254,0.4318));
#7041 = VERTEX_POINT('',#7042);
#7042 = CARTESIAN_POINT('',(2.9718,-0.608013577002,0.4318));
#7043 = LINE('',#7044,#7045);
#7044 = CARTESIAN_POINT('',(2.9718,0.254,0.4318));
#7045 = VECTOR('',#7046,1.);
#7046 = DIRECTION('',(0.,-1.,0.));
#7047 = ORIENTED_EDGE('',*,*,#7048,.F.);
#7048 = EDGE_CURVE('',#7049,#7039,#7051,.T.);
#7049 = VERTEX_POINT('',#7050);
#7050 = CARTESIAN_POINT('',(3.3782,0.254,0.4318));
#7051 = LINE('',#7052,#7053);
#7052 = CARTESIAN_POINT('',(3.3782,0.254,0.4318));
#7053 = VECTOR('',#7054,1.);
#7054 = DIRECTION('',(-1.,0.,0.));
#7055 = ORIENTED_EDGE('',*,*,#7056,.T.);
#7056 = EDGE_CURVE('',#7049,#7057,#7059,.T.);
#7057 = VERTEX_POINT('',#7058);
#7058 = CARTESIAN_POINT('',(3.3782,-0.608013577002,0.4318));
#7059 = LINE('',#7060,#7061);
#7060 = CARTESIAN_POINT('',(3.3782,0.254,0.4318));
#7061 = VECTOR('',#7062,1.);
#7062 = DIRECTION('',(0.,-1.,0.));
#7063 = ORIENTED_EDGE('',*,*,#7064,.T.);
#7064 = EDGE_CURVE('',#7057,#7041,#7065,.T.);
#7065 = LINE('',#7066,#7067);
#7066 = CARTESIAN_POINT('',(3.3782,-0.608013577002,0.4318));
#7067 = VECTOR('',#7068,1.);
#7068 = DIRECTION('',(-1.,0.,0.));
#7069 = PLANE('',#7070);
#7070 = AXIS2_PLACEMENT_3D('',#7071,#7072,#7073);
#7071 = CARTESIAN_POINT('',(3.3782,0.254,0.4318));
#7072 = DIRECTION('',(0.,0.,-1.));
#7073 = DIRECTION('',(-1.,0.,0.));
#7074 = ADVANCED_FACE('',(#7075),#7109,.T.);
#7075 = FACE_BOUND('',#7076,.T.);
#7076 = EDGE_LOOP('',(#7077,#7087,#7095,#7103));
#7077 = ORIENTED_EDGE('',*,*,#7078,.F.);
#7078 = EDGE_CURVE('',#7079,#7081,#7083,.T.);
#7079 = VERTEX_POINT('',#7080);
#7080 = CARTESIAN_POINT('',(2.1082,-0.608013577002,0.4318));
#7081 = VERTEX_POINT('',#7082);
#7082 = CARTESIAN_POINT('',(2.1082,0.254,0.4318));
#7083 = LINE('',#7084,#7085);
#7084 = CARTESIAN_POINT('',(2.1082,0.254,0.4318));
#7085 = VECTOR('',#7086,1.);
#7086 = DIRECTION('',(0.,1.,0.));
#7087 = ORIENTED_EDGE('',*,*,#7088,.T.);
#7088 = EDGE_CURVE('',#7079,#7089,#7091,.T.);
#7089 = VERTEX_POINT('',#7090);
#7090 = CARTESIAN_POINT('',(1.7018,-0.608013577002,0.4318));
#7091 = LINE('',#7092,#7093);
#7092 = CARTESIAN_POINT('',(3.3782,-0.608013577002,0.4318));
#7093 = VECTOR('',#7094,1.);
#7094 = DIRECTION('',(-1.,0.,0.));
#7095 = ORIENTED_EDGE('',*,*,#7096,.F.);
#7096 = EDGE_CURVE('',#7097,#7089,#7099,.T.);
#7097 = VERTEX_POINT('',#7098);
#7098 = CARTESIAN_POINT('',(1.7018,0.254,0.4318));
#7099 = LINE('',#7100,#7101);
#7100 = CARTESIAN_POINT('',(1.7018,0.254,0.4318));
#7101 = VECTOR('',#7102,1.);
#7102 = DIRECTION('',(0.,-1.,0.));
#7103 = ORIENTED_EDGE('',*,*,#7104,.F.);
#7104 = EDGE_CURVE('',#7081,#7097,#7105,.T.);
#7105 = LINE('',#7106,#7107);
#7106 = CARTESIAN_POINT('',(3.3782,0.254,0.4318));
#7107 = VECTOR('',#7108,1.);
#7108 = DIRECTION('',(-1.,0.,0.));
#7109 = PLANE('',#7110);
#7110 = AXIS2_PLACEMENT_3D('',#7111,#7112,#7113);
#7111 = CARTESIAN_POINT('',(3.3782,0.254,0.4318));
#7112 = DIRECTION('',(0.,0.,-1.));
#7113 = DIRECTION('',(-1.,0.,0.));
#7114 = ADVANCED_FACE('',(#7115),#7149,.T.);
#7115 = FACE_BOUND('',#7116,.T.);
#7116 = EDGE_LOOP('',(#7117,#7127,#7135,#7143));
#7117 = ORIENTED_EDGE('',*,*,#7118,.F.);
#7118 = EDGE_CURVE('',#7119,#7121,#7123,.T.);
#7119 = VERTEX_POINT('',#7120);
#7120 = CARTESIAN_POINT('',(0.8382,-0.608013577002,0.4318));
#7121 = VERTEX_POINT('',#7122);
#7122 = CARTESIAN_POINT('',(0.8382,0.254,0.4318));
#7123 = LINE('',#7124,#7125);
#7124 = CARTESIAN_POINT('',(0.8382,0.254,0.4318));
#7125 = VECTOR('',#7126,1.);
#7126 = DIRECTION('',(0.,1.,0.));
#7127 = ORIENTED_EDGE('',*,*,#7128,.T.);
#7128 = EDGE_CURVE('',#7119,#7129,#7131,.T.);
#7129 = VERTEX_POINT('',#7130);
#7130 = CARTESIAN_POINT('',(0.4318,-0.608013577002,0.4318));
#7131 = LINE('',#7132,#7133);
#7132 = CARTESIAN_POINT('',(3.3782,-0.608013577002,0.4318));
#7133 = VECTOR('',#7134,1.);
#7134 = DIRECTION('',(-1.,0.,0.));
#7135 = ORIENTED_EDGE('',*,*,#7136,.F.);
#7136 = EDGE_CURVE('',#7137,#7129,#7139,.T.);
#7137 = VERTEX_POINT('',#7138);
#7138 = CARTESIAN_POINT('',(0.4318,0.254,0.4318));
#7139 = LINE('',#7140,#7141);
#7140 = CARTESIAN_POINT('',(0.4318,0.254,0.4318));
#7141 = VECTOR('',#7142,1.);
#7142 = DIRECTION('',(0.,-1.,0.));
#7143 = ORIENTED_EDGE('',*,*,#7144,.F.);
#7144 = EDGE_CURVE('',#7121,#7137,#7145,.T.);
#7145 = LINE('',#7146,#7147);
#7146 = CARTESIAN_POINT('',(3.3782,0.254,0.4318));
#7147 = VECTOR('',#7148,1.);
#7148 = DIRECTION('',(-1.,0.,0.));
#7149 = PLANE('',#7150);
#7150 = AXIS2_PLACEMENT_3D('',#7151,#7152,#7153);
#7151 = CARTESIAN_POINT('',(3.3782,0.254,0.4318));
#7152 = DIRECTION('',(0.,0.,-1.));
#7153 = DIRECTION('',(-1.,0.,0.));
#7154 = ADVANCED_FACE('',(#7155),#7189,.T.);
#7155 = FACE_BOUND('',#7156,.T.);
#7156 = EDGE_LOOP('',(#7157,#7167,#7175,#7183));
#7157 = ORIENTED_EDGE('',*,*,#7158,.F.);
#7158 = EDGE_CURVE('',#7159,#7161,#7163,.T.);
#7159 = VERTEX_POINT('',#7160);
#7160 = CARTESIAN_POINT('',(-0.4318,-0.608013577002,0.4318));
#7161 = VERTEX_POINT('',#7162);
#7162 = CARTESIAN_POINT('',(-0.4318,0.254,0.4318));
#7163 = LINE('',#7164,#7165);
#7164 = CARTESIAN_POINT('',(-0.4318,0.254,0.4318));
#7165 = VECTOR('',#7166,1.);
#7166 = DIRECTION('',(0.,1.,0.));
#7167 = ORIENTED_EDGE('',*,*,#7168,.T.);
#7168 = EDGE_CURVE('',#7159,#7169,#7171,.T.);
#7169 = VERTEX_POINT('',#7170);
#7170 = CARTESIAN_POINT('',(-0.8382,-0.608013577002,0.4318));
#7171 = LINE('',#7172,#7173);
#7172 = CARTESIAN_POINT('',(3.3782,-0.608013577002,0.4318));
#7173 = VECTOR('',#7174,1.);
#7174 = DIRECTION('',(-1.,0.,0.));
#7175 = ORIENTED_EDGE('',*,*,#7176,.F.);
#7176 = EDGE_CURVE('',#7177,#7169,#7179,.T.);
#7177 = VERTEX_POINT('',#7178);
#7178 = CARTESIAN_POINT('',(-0.8382,0.254,0.4318));
#7179 = LINE('',#7180,#7181);
#7180 = CARTESIAN_POINT('',(-0.8382,0.254,0.4318));
#7181 = VECTOR('',#7182,1.);
#7182 = DIRECTION('',(0.,-1.,0.));
#7183 = ORIENTED_EDGE('',*,*,#7184,.F.);
#7184 = EDGE_CURVE('',#7161,#7177,#7185,.T.);
#7185 = LINE('',#7186,#7187);
#7186 = CARTESIAN_POINT('',(3.3782,0.254,0.4318));
#7187 = VECTOR('',#7188,1.);
#7188 = DIRECTION('',(-1.,0.,0.));
#7189 = PLANE('',#7190);
#7190 = AXIS2_PLACEMENT_3D('',#7191,#7192,#7193);
#7191 = CARTESIAN_POINT('',(3.3782,0.254,0.4318));
#7192 = DIRECTION('',(0.,0.,-1.));
#7193 = DIRECTION('',(-1.,0.,0.));
#7194 = ADVANCED_FACE('',(#7195),#7229,.T.);
#7195 = FACE_BOUND('',#7196,.T.);
#7196 = EDGE_LOOP('',(#7197,#7207,#7215,#7223));
#7197 = ORIENTED_EDGE('',*,*,#7198,.F.);
#7198 = EDGE_CURVE('',#7199,#7201,#7203,.T.);
#7199 = VERTEX_POINT('',#7200);
#7200 = CARTESIAN_POINT('',(-1.7018,-0.608013577002,0.4318));
#7201 = VERTEX_POINT('',#7202);
#7202 = CARTESIAN_POINT('',(-1.7018,0.254,0.4318));
#7203 = LINE('',#7204,#7205);
#7204 = CARTESIAN_POINT('',(-1.7018,0.254,0.4318));
#7205 = VECTOR('',#7206,1.);
#7206 = DIRECTION('',(0.,1.,0.));
#7207 = ORIENTED_EDGE('',*,*,#7208,.T.);
#7208 = EDGE_CURVE('',#7199,#7209,#7211,.T.);
#7209 = VERTEX_POINT('',#7210);
#7210 = CARTESIAN_POINT('',(-2.1082,-0.608013577002,0.4318));
#7211 = LINE('',#7212,#7213);
#7212 = CARTESIAN_POINT('',(3.3782,-0.608013577002,0.4318));
#7213 = VECTOR('',#7214,1.);
#7214 = DIRECTION('',(-1.,0.,0.));
#7215 = ORIENTED_EDGE('',*,*,#7216,.F.);
#7216 = EDGE_CURVE('',#7217,#7209,#7219,.T.);
#7217 = VERTEX_POINT('',#7218);
#7218 = CARTESIAN_POINT('',(-2.1082,0.254,0.4318));
#7219 = LINE('',#7220,#7221);
#7220 = CARTESIAN_POINT('',(-2.1082,0.254,0.4318));
#7221 = VECTOR('',#7222,1.);
#7222 = DIRECTION('',(0.,-1.,0.));
#7223 = ORIENTED_EDGE('',*,*,#7224,.F.);
#7224 = EDGE_CURVE('',#7201,#7217,#7225,.T.);
#7225 = LINE('',#7226,#7227);
#7226 = CARTESIAN_POINT('',(3.3782,0.254,0.4318));
#7227 = VECTOR('',#7228,1.);
#7228 = DIRECTION('',(-1.,0.,0.));
#7229 = PLANE('',#7230);
#7230 = AXIS2_PLACEMENT_3D('',#7231,#7232,#7233);
#7231 = CARTESIAN_POINT('',(3.3782,0.254,0.4318));
#7232 = DIRECTION('',(0.,0.,-1.));
#7233 = DIRECTION('',(-1.,0.,0.));
#7234 = ADVANCED_FACE('',(#7235),#7262,.T.);
#7235 = FACE_BOUND('',#7236,.T.);
#7236 = EDGE_LOOP('',(#7237,#7246,#7247,#7256));
#7237 = ORIENTED_EDGE('',*,*,#7238,.T.);
#7238 = EDGE_CURVE('',#7239,#7041,#7241,.T.);
#7239 = VERTEX_POINT('',#7240);
#7240 = CARTESIAN_POINT('',(2.9718,-1.388004525667,1.016));
#7241 = CIRCLE('',#7242,0.8128);
#7242 = AXIS2_PLACEMENT_3D('',#7243,#7244,#7245);
#7243 = CARTESIAN_POINT('',(2.9718,-0.608013577002,1.2446));
#7244 = DIRECTION('',(1.,0.,0.));
#7245 = DIRECTION('',(0.,0.,-1.));
#7246 = ORIENTED_EDGE('',*,*,#7064,.F.);
#7247 = ORIENTED_EDGE('',*,*,#7248,.T.);
#7248 = EDGE_CURVE('',#7057,#7249,#7251,.T.);
#7249 = VERTEX_POINT('',#7250);
#7250 = CARTESIAN_POINT('',(3.3782,-1.388004525667,1.016));
#7251 = CIRCLE('',#7252,0.8128);
#7252 = AXIS2_PLACEMENT_3D('',#7253,#7254,#7255);
#7253 = CARTESIAN_POINT('',(3.3782,-0.608013577002,1.2446));
#7254 = DIRECTION('',(-1.,0.,0.));
#7255 = DIRECTION('',(0.,0.,1.));
#7256 = ORIENTED_EDGE('',*,*,#7257,.T.);
#7257 = EDGE_CURVE('',#7249,#7239,#7258,.T.);
#7258 = LINE('',#7259,#7260);
#7259 = CARTESIAN_POINT('',(3.3782,-1.388004525667,1.016));
#7260 = VECTOR('',#7261,1.);
#7261 = DIRECTION('',(-1.,0.,0.));
#7262 = CYLINDRICAL_SURFACE('',#7263,0.8128);
#7263 = AXIS2_PLACEMENT_3D('',#7264,#7265,#7266);
#7264 = CARTESIAN_POINT('',(3.3782,-0.608013577002,1.2446));
#7265 = DIRECTION('',(-1.,0.,0.));
#7266 = DIRECTION('',(0.,0.,1.));
#7267 = ADVANCED_FACE('',(#7268),#7295,.T.);
#7268 = FACE_BOUND('',#7269,.T.);
#7269 = EDGE_LOOP('',(#7270,#7279,#7287,#7294));
#7270 = ORIENTED_EDGE('',*,*,#7271,.T.);
#7271 = EDGE_CURVE('',#7079,#7272,#7274,.T.);
#7272 = VERTEX_POINT('',#7273);
#7273 = CARTESIAN_POINT('',(2.1082,-1.388004525667,1.016));
#7274 = CIRCLE('',#7275,0.8128);
#7275 = AXIS2_PLACEMENT_3D('',#7276,#7277,#7278);
#7276 = CARTESIAN_POINT('',(2.1082,-0.608013577002,1.2446));
#7277 = DIRECTION('',(-1.,0.,0.));
#7278 = DIRECTION('',(0.,0.,1.));
#7279 = ORIENTED_EDGE('',*,*,#7280,.T.);
#7280 = EDGE_CURVE('',#7272,#7281,#7283,.T.);
#7281 = VERTEX_POINT('',#7282);
#7282 = CARTESIAN_POINT('',(1.7018,-1.388004525667,1.016));
#7283 = LINE('',#7284,#7285);
#7284 = CARTESIAN_POINT('',(3.3782,-1.388004525667,1.016));
#7285 = VECTOR('',#7286,1.);
#7286 = DIRECTION('',(-1.,0.,0.));
#7287 = ORIENTED_EDGE('',*,*,#7288,.T.);
#7288 = EDGE_CURVE('',#7281,#7089,#7289,.T.);
#7289 = CIRCLE('',#7290,0.8128);
#7290 = AXIS2_PLACEMENT_3D('',#7291,#7292,#7293);
#7291 = CARTESIAN_POINT('',(1.7018,-0.608013577002,1.2446));
#7292 = DIRECTION('',(1.,0.,0.));
#7293 = DIRECTION('',(0.,0.,-1.));
#7294 = ORIENTED_EDGE('',*,*,#7088,.F.);
#7295 = CYLINDRICAL_SURFACE('',#7296,0.8128);
#7296 = AXIS2_PLACEMENT_3D('',#7297,#7298,#7299);
#7297 = CARTESIAN_POINT('',(3.3782,-0.608013577002,1.2446));
#7298 = DIRECTION('',(-1.,0.,0.));
#7299 = DIRECTION('',(0.,0.,1.));
#7300 = ADVANCED_FACE('',(#7301),#7328,.T.);
#7301 = FACE_BOUND('',#7302,.T.);
#7302 = EDGE_LOOP('',(#7303,#7312,#7320,#7327));
#7303 = ORIENTED_EDGE('',*,*,#7304,.T.);
#7304 = EDGE_CURVE('',#7119,#7305,#7307,.T.);
#7305 = VERTEX_POINT('',#7306);
#7306 = CARTESIAN_POINT('',(0.8382,-1.388004525667,1.016));
#7307 = CIRCLE('',#7308,0.8128);
#7308 = AXIS2_PLACEMENT_3D('',#7309,#7310,#7311);
#7309 = CARTESIAN_POINT('',(0.8382,-0.608013577002,1.2446));
#7310 = DIRECTION('',(-1.,0.,0.));
#7311 = DIRECTION('',(0.,0.,1.));
#7312 = ORIENTED_EDGE('',*,*,#7313,.T.);
#7313 = EDGE_CURVE('',#7305,#7314,#7316,.T.);
#7314 = VERTEX_POINT('',#7315);
#7315 = CARTESIAN_POINT('',(0.4318,-1.388004525667,1.016));
#7316 = LINE('',#7317,#7318);
#7317 = CARTESIAN_POINT('',(3.3782,-1.388004525667,1.016));
#7318 = VECTOR('',#7319,1.);
#7319 = DIRECTION('',(-1.,0.,0.));
#7320 = ORIENTED_EDGE('',*,*,#7321,.T.);
#7321 = EDGE_CURVE('',#7314,#7129,#7322,.T.);
#7322 = CIRCLE('',#7323,0.8128);
#7323 = AXIS2_PLACEMENT_3D('',#7324,#7325,#7326);
#7324 = CARTESIAN_POINT('',(0.4318,-0.608013577002,1.2446));
#7325 = DIRECTION('',(1.,0.,0.));
#7326 = DIRECTION('',(0.,0.,-1.));
#7327 = ORIENTED_EDGE('',*,*,#7128,.F.);
#7328 = CYLINDRICAL_SURFACE('',#7329,0.8128);
#7329 = AXIS2_PLACEMENT_3D('',#7330,#7331,#7332);
#7330 = CARTESIAN_POINT('',(3.3782,-0.608013577002,1.2446));
#7331 = DIRECTION('',(-1.,0.,0.));
#7332 = DIRECTION('',(0.,0.,1.));
#7333 = ADVANCED_FACE('',(#7334),#7361,.T.);
#7334 = FACE_BOUND('',#7335,.T.);
#7335 = EDGE_LOOP('',(#7336,#7345,#7353,#7360));
#7336 = ORIENTED_EDGE('',*,*,#7337,.T.);
#7337 = EDGE_CURVE('',#7159,#7338,#7340,.T.);
#7338 = VERTEX_POINT('',#7339);
#7339 = CARTESIAN_POINT('',(-0.4318,-1.388004525667,1.016));
#7340 = CIRCLE('',#7341,0.8128);
#7341 = AXIS2_PLACEMENT_3D('',#7342,#7343,#7344);
#7342 = CARTESIAN_POINT('',(-0.4318,-0.608013577002,1.2446));
#7343 = DIRECTION('',(-1.,0.,0.));
#7344 = DIRECTION('',(0.,0.,1.));
#7345 = ORIENTED_EDGE('',*,*,#7346,.T.);
#7346 = EDGE_CURVE('',#7338,#7347,#7349,.T.);
#7347 = VERTEX_POINT('',#7348);
#7348 = CARTESIAN_POINT('',(-0.8382,-1.388004525667,1.016));
#7349 = LINE('',#7350,#7351);
#7350 = CARTESIAN_POINT('',(3.3782,-1.388004525667,1.016));
#7351 = VECTOR('',#7352,1.);
#7352 = DIRECTION('',(-1.,0.,0.));
#7353 = ORIENTED_EDGE('',*,*,#7354,.T.);
#7354 = EDGE_CURVE('',#7347,#7169,#7355,.T.);
#7355 = CIRCLE('',#7356,0.8128);
#7356 = AXIS2_PLACEMENT_3D('',#7357,#7358,#7359);
#7357 = CARTESIAN_POINT('',(-0.8382,-0.608013577002,1.2446));
#7358 = DIRECTION('',(1.,0.,0.));
#7359 = DIRECTION('',(0.,0.,-1.));
#7360 = ORIENTED_EDGE('',*,*,#7168,.F.);
#7361 = CYLINDRICAL_SURFACE('',#7362,0.8128);
#7362 = AXIS2_PLACEMENT_3D('',#7363,#7364,#7365);
#7363 = CARTESIAN_POINT('',(3.3782,-0.608013577002,1.2446));
#7364 = DIRECTION('',(-1.,0.,0.));
#7365 = DIRECTION('',(0.,0.,1.));
#7366 = ADVANCED_FACE('',(#7367),#7394,.T.);
#7367 = FACE_BOUND('',#7368,.T.);
#7368 = EDGE_LOOP('',(#7369,#7378,#7386,#7393));
#7369 = ORIENTED_EDGE('',*,*,#7370,.T.);
#7370 = EDGE_CURVE('',#7199,#7371,#7373,.T.);
#7371 = VERTEX_POINT('',#7372);
#7372 = CARTESIAN_POINT('',(-1.7018,-1.388004525667,1.016));
#7373 = CIRCLE('',#7374,0.8128);
#7374 = AXIS2_PLACEMENT_3D('',#7375,#7376,#7377);
#7375 = CARTESIAN_POINT('',(-1.7018,-0.608013577002,1.2446));
#7376 = DIRECTION('',(-1.,0.,0.));
#7377 = DIRECTION('',(0.,0.,1.));
#7378 = ORIENTED_EDGE('',*,*,#7379,.T.);
#7379 = EDGE_CURVE('',#7371,#7380,#7382,.T.);
#7380 = VERTEX_POINT('',#7381);
#7381 = CARTESIAN_POINT('',(-2.1082,-1.388004525667,1.016));
#7382 = LINE('',#7383,#7384);
#7383 = CARTESIAN_POINT('',(3.3782,-1.388004525667,1.016));
#7384 = VECTOR('',#7385,1.);
#7385 = DIRECTION('',(-1.,0.,0.));
#7386 = ORIENTED_EDGE('',*,*,#7387,.T.);
#7387 = EDGE_CURVE('',#7380,#7209,#7388,.T.);
#7388 = CIRCLE('',#7389,0.8128);
#7389 = AXIS2_PLACEMENT_3D('',#7390,#7391,#7392);
#7390 = CARTESIAN_POINT('',(-2.1082,-0.608013577002,1.2446));
#7391 = DIRECTION('',(1.,0.,0.));
#7392 = DIRECTION('',(0.,0.,-1.));
#7393 = ORIENTED_EDGE('',*,*,#7208,.F.);
#7394 = CYLINDRICAL_SURFACE('',#7395,0.8128);
#7395 = AXIS2_PLACEMENT_3D('',#7396,#7397,#7398);
#7396 = CARTESIAN_POINT('',(3.3782,-0.608013577002,1.2446));
#7397 = DIRECTION('',(-1.,0.,0.));
#7398 = DIRECTION('',(0.,0.,1.));
#7399 = ADVANCED_FACE('',(#7400),#7427,.F.);
#7400 = FACE_BOUND('',#7401,.F.);
#7401 = EDGE_LOOP('',(#7402,#7411,#7412,#7421));
#7402 = ORIENTED_EDGE('',*,*,#7403,.T.);
#7403 = EDGE_CURVE('',#7404,#7249,#7406,.T.);
#7404 = VERTEX_POINT('',#7405);
#7405 = CARTESIAN_POINT('',(3.3782,-1.778,1.3081));
#7406 = CIRCLE('',#7407,0.4064);
#7407 = AXIS2_PLACEMENT_3D('',#7408,#7409,#7410);
#7408 = CARTESIAN_POINT('',(3.3782,-1.778,0.9017));
#7409 = DIRECTION('',(-1.,0.,0.));
#7410 = DIRECTION('',(0.,0.,1.));
#7411 = ORIENTED_EDGE('',*,*,#7257,.T.);
#7412 = ORIENTED_EDGE('',*,*,#7413,.T.);
#7413 = EDGE_CURVE('',#7239,#7414,#7416,.T.);
#7414 = VERTEX_POINT('',#7415);
#7415 = CARTESIAN_POINT('',(2.9718,-1.778,1.3081));
#7416 = CIRCLE('',#7417,0.4064);
#7417 = AXIS2_PLACEMENT_3D('',#7418,#7419,#7420);
#7418 = CARTESIAN_POINT('',(2.9718,-1.778,0.9017));
#7419 = DIRECTION('',(1.,0.,0.));
#7420 = DIRECTION('',(0.,0.,-1.));
#7421 = ORIENTED_EDGE('',*,*,#7422,.F.);
#7422 = EDGE_CURVE('',#7404,#7414,#7423,.T.);
#7423 = LINE('',#7424,#7425);
#7424 = CARTESIAN_POINT('',(3.3782,-1.778,1.3081));
#7425 = VECTOR('',#7426,1.);
#7426 = DIRECTION('',(-1.,0.,0.));
#7427 = CYLINDRICAL_SURFACE('',#7428,0.4064);
#7428 = AXIS2_PLACEMENT_3D('',#7429,#7430,#7431);
#7429 = CARTESIAN_POINT('',(3.3782,-1.778,0.9017));
#7430 = DIRECTION('',(-1.,0.,0.));
#7431 = DIRECTION('',(0.,0.,1.));
#7432 = ADVANCED_FACE('',(#7433),#7460,.F.);
#7433 = FACE_BOUND('',#7434,.F.);
#7434 = EDGE_LOOP('',(#7435,#7444,#7452,#7459));
#7435 = ORIENTED_EDGE('',*,*,#7436,.T.);
#7436 = EDGE_CURVE('',#7281,#7437,#7439,.T.);
#7437 = VERTEX_POINT('',#7438);
#7438 = CARTESIAN_POINT('',(1.7018,-1.778,1.3081));
#7439 = CIRCLE('',#7440,0.4064);
#7440 = AXIS2_PLACEMENT_3D('',#7441,#7442,#7443);
#7441 = CARTESIAN_POINT('',(1.7018,-1.778,0.9017));
#7442 = DIRECTION('',(1.,0.,0.));
#7443 = DIRECTION('',(0.,0.,-1.));
#7444 = ORIENTED_EDGE('',*,*,#7445,.F.);
#7445 = EDGE_CURVE('',#7446,#7437,#7448,.T.);
#7446 = VERTEX_POINT('',#7447);
#7447 = CARTESIAN_POINT('',(2.1082,-1.778,1.3081));
#7448 = LINE('',#7449,#7450);
#7449 = CARTESIAN_POINT('',(3.3782,-1.778,1.3081));
#7450 = VECTOR('',#7451,1.);
#7451 = DIRECTION('',(-1.,0.,0.));
#7452 = ORIENTED_EDGE('',*,*,#7453,.T.);
#7453 = EDGE_CURVE('',#7446,#7272,#7454,.T.);
#7454 = CIRCLE('',#7455,0.4064);
#7455 = AXIS2_PLACEMENT_3D('',#7456,#7457,#7458);
#7456 = CARTESIAN_POINT('',(2.1082,-1.778,0.9017));
#7457 = DIRECTION('',(-1.,0.,0.));
#7458 = DIRECTION('',(0.,0.,1.));
#7459 = ORIENTED_EDGE('',*,*,#7280,.T.);
#7460 = CYLINDRICAL_SURFACE('',#7461,0.4064);
#7461 = AXIS2_PLACEMENT_3D('',#7462,#7463,#7464);
#7462 = CARTESIAN_POINT('',(3.3782,-1.778,0.9017));
#7463 = DIRECTION('',(-1.,0.,0.));
#7464 = DIRECTION('',(0.,0.,1.));
#7465 = ADVANCED_FACE('',(#7466),#7493,.F.);
#7466 = FACE_BOUND('',#7467,.F.);
#7467 = EDGE_LOOP('',(#7468,#7477,#7485,#7492));
#7468 = ORIENTED_EDGE('',*,*,#7469,.T.);
#7469 = EDGE_CURVE('',#7314,#7470,#7472,.T.);
#7470 = VERTEX_POINT('',#7471);
#7471 = CARTESIAN_POINT('',(0.4318,-1.778,1.3081));
#7472 = CIRCLE('',#7473,0.4064);
#7473 = AXIS2_PLACEMENT_3D('',#7474,#7475,#7476);
#7474 = CARTESIAN_POINT('',(0.4318,-1.778,0.9017));
#7475 = DIRECTION('',(1.,0.,0.));
#7476 = DIRECTION('',(0.,0.,-1.));
#7477 = ORIENTED_EDGE('',*,*,#7478,.F.);
#7478 = EDGE_CURVE('',#7479,#7470,#7481,.T.);
#7479 = VERTEX_POINT('',#7480);
#7480 = CARTESIAN_POINT('',(0.8382,-1.778,1.3081));
#7481 = LINE('',#7482,#7483);
#7482 = CARTESIAN_POINT('',(3.3782,-1.778,1.3081));
#7483 = VECTOR('',#7484,1.);
#7484 = DIRECTION('',(-1.,0.,0.));
#7485 = ORIENTED_EDGE('',*,*,#7486,.T.);
#7486 = EDGE_CURVE('',#7479,#7305,#7487,.T.);
#7487 = CIRCLE('',#7488,0.4064);
#7488 = AXIS2_PLACEMENT_3D('',#7489,#7490,#7491);
#7489 = CARTESIAN_POINT('',(0.8382,-1.778,0.9017));
#7490 = DIRECTION('',(-1.,0.,0.));
#7491 = DIRECTION('',(0.,0.,1.));
#7492 = ORIENTED_EDGE('',*,*,#7313,.T.);
#7493 = CYLINDRICAL_SURFACE('',#7494,0.4064);
#7494 = AXIS2_PLACEMENT_3D('',#7495,#7496,#7497);
#7495 = CARTESIAN_POINT('',(3.3782,-1.778,0.9017));
#7496 = DIRECTION('',(-1.,0.,0.));
#7497 = DIRECTION('',(0.,0.,1.));
#7498 = ADVANCED_FACE('',(#7499),#7526,.F.);
#7499 = FACE_BOUND('',#7500,.F.);
#7500 = EDGE_LOOP('',(#7501,#7510,#7518,#7525));
#7501 = ORIENTED_EDGE('',*,*,#7502,.T.);
#7502 = EDGE_CURVE('',#7347,#7503,#7505,.T.);
#7503 = VERTEX_POINT('',#7504);
#7504 = CARTESIAN_POINT('',(-0.8382,-1.778,1.3081));
#7505 = CIRCLE('',#7506,0.4064);
#7506 = AXIS2_PLACEMENT_3D('',#7507,#7508,#7509);
#7507 = CARTESIAN_POINT('',(-0.8382,-1.778,0.9017));
#7508 = DIRECTION('',(1.,0.,0.));
#7509 = DIRECTION('',(0.,0.,-1.));
#7510 = ORIENTED_EDGE('',*,*,#7511,.F.);
#7511 = EDGE_CURVE('',#7512,#7503,#7514,.T.);
#7512 = VERTEX_POINT('',#7513);
#7513 = CARTESIAN_POINT('',(-0.4318,-1.778,1.3081));
#7514 = LINE('',#7515,#7516);
#7515 = CARTESIAN_POINT('',(3.3782,-1.778,1.3081));
#7516 = VECTOR('',#7517,1.);
#7517 = DIRECTION('',(-1.,0.,0.));
#7518 = ORIENTED_EDGE('',*,*,#7519,.T.);
#7519 = EDGE_CURVE('',#7512,#7338,#7520,.T.);
#7520 = CIRCLE('',#7521,0.4064);
#7521 = AXIS2_PLACEMENT_3D('',#7522,#7523,#7524);
#7522 = CARTESIAN_POINT('',(-0.4318,-1.778,0.9017));
#7523 = DIRECTION('',(-1.,0.,0.));
#7524 = DIRECTION('',(0.,0.,1.));
#7525 = ORIENTED_EDGE('',*,*,#7346,.T.);
#7526 = CYLINDRICAL_SURFACE('',#7527,0.4064);
#7527 = AXIS2_PLACEMENT_3D('',#7528,#7529,#7530);
#7528 = CARTESIAN_POINT('',(3.3782,-1.778,0.9017));
#7529 = DIRECTION('',(-1.,0.,0.));
#7530 = DIRECTION('',(0.,0.,1.));
#7531 = ADVANCED_FACE('',(#7532),#7559,.F.);
#7532 = FACE_BOUND('',#7533,.F.);
#7533 = EDGE_LOOP('',(#7534,#7543,#7551,#7558));
#7534 = ORIENTED_EDGE('',*,*,#7535,.T.);
#7535 = EDGE_CURVE('',#7380,#7536,#7538,.T.);
#7536 = VERTEX_POINT('',#7537);
#7537 = CARTESIAN_POINT('',(-2.1082,-1.778,1.3081));
#7538 = CIRCLE('',#7539,0.4064);
#7539 = AXIS2_PLACEMENT_3D('',#7540,#7541,#7542);
#7540 = CARTESIAN_POINT('',(-2.1082,-1.778,0.9017));
#7541 = DIRECTION('',(1.,0.,0.));
#7542 = DIRECTION('',(0.,0.,-1.));
#7543 = ORIENTED_EDGE('',*,*,#7544,.F.);
#7544 = EDGE_CURVE('',#7545,#7536,#7547,.T.);
#7545 = VERTEX_POINT('',#7546);
#7546 = CARTESIAN_POINT('',(-1.7018,-1.778,1.3081));
#7547 = LINE('',#7548,#7549);
#7548 = CARTESIAN_POINT('',(3.3782,-1.778,1.3081));
#7549 = VECTOR('',#7550,1.);
#7550 = DIRECTION('',(-1.,0.,0.));
#7551 = ORIENTED_EDGE('',*,*,#7552,.T.);
#7552 = EDGE_CURVE('',#7545,#7371,#7553,.T.);
#7553 = CIRCLE('',#7554,0.4064);
#7554 = AXIS2_PLACEMENT_3D('',#7555,#7556,#7557);
#7555 = CARTESIAN_POINT('',(-1.7018,-1.778,0.9017));
#7556 = DIRECTION('',(-1.,0.,0.));
#7557 = DIRECTION('',(0.,0.,1.));
#7558 = ORIENTED_EDGE('',*,*,#7379,.T.);
#7559 = CYLINDRICAL_SURFACE('',#7560,0.4064);
#7560 = AXIS2_PLACEMENT_3D('',#7561,#7562,#7563);
#7561 = CARTESIAN_POINT('',(3.3782,-1.778,0.9017));
#7562 = DIRECTION('',(-1.,0.,0.));
#7563 = DIRECTION('',(0.,0.,1.));
#7564 = ADVANCED_FACE('',(#7565),#7590,.T.);
#7565 = FACE_BOUND('',#7566,.T.);
#7566 = EDGE_LOOP('',(#7567,#7575,#7576,#7584));
#7567 = ORIENTED_EDGE('',*,*,#7568,.F.);
#7568 = EDGE_CURVE('',#7414,#7569,#7571,.T.);
#7569 = VERTEX_POINT('',#7570);
#7570 = CARTESIAN_POINT('',(2.9718,-2.286,1.3081));
#7571 = LINE('',#7572,#7573);
#7572 = CARTESIAN_POINT('',(2.9718,-1.778,1.3081));
#7573 = VECTOR('',#7574,1.);
#7574 = DIRECTION('',(0.,-1.,0.));
#7575 = ORIENTED_EDGE('',*,*,#7422,.F.);
#7576 = ORIENTED_EDGE('',*,*,#7577,.T.);
#7577 = EDGE_CURVE('',#7404,#7578,#7580,.T.);
#7578 = VERTEX_POINT('',#7579);
#7579 = CARTESIAN_POINT('',(3.3782,-2.286,1.3081));
#7580 = LINE('',#7581,#7582);
#7581 = CARTESIAN_POINT('',(3.3782,-1.778,1.3081));
#7582 = VECTOR('',#7583,1.);
#7583 = DIRECTION('',(0.,-1.,0.));
#7584 = ORIENTED_EDGE('',*,*,#7585,.T.);
#7585 = EDGE_CURVE('',#7578,#7569,#7586,.T.);
#7586 = LINE('',#7587,#7588);
#7587 = CARTESIAN_POINT('',(3.3782,-2.286,1.3081));
#7588 = VECTOR('',#7589,1.);
#7589 = DIRECTION('',(-1.,0.,0.));
#7590 = PLANE('',#7591);
#7591 = AXIS2_PLACEMENT_3D('',#7592,#7593,#7594);
#7592 = CARTESIAN_POINT('',(3.3782,-1.778,1.3081));
#7593 = DIRECTION('',(0.,0.,-1.));
#7594 = DIRECTION('',(-1.,0.,0.));
#7595 = ADVANCED_FACE('',(#7596),#7621,.T.);
#7596 = FACE_BOUND('',#7597,.T.);
#7597 = EDGE_LOOP('',(#7598,#7606,#7614,#7620));
#7598 = ORIENTED_EDGE('',*,*,#7599,.F.);
#7599 = EDGE_CURVE('',#7600,#7446,#7602,.T.);
#7600 = VERTEX_POINT('',#7601);
#7601 = CARTESIAN_POINT('',(2.1082,-2.286,1.3081));
#7602 = LINE('',#7603,#7604);
#7603 = CARTESIAN_POINT('',(2.1082,-1.778,1.3081));
#7604 = VECTOR('',#7605,1.);
#7605 = DIRECTION('',(0.,1.,0.));
#7606 = ORIENTED_EDGE('',*,*,#7607,.T.);
#7607 = EDGE_CURVE('',#7600,#7608,#7610,.T.);
#7608 = VERTEX_POINT('',#7609);
#7609 = CARTESIAN_POINT('',(1.7018,-2.286,1.3081));
#7610 = LINE('',#7611,#7612);
#7611 = CARTESIAN_POINT('',(3.3782,-2.286,1.3081));
#7612 = VECTOR('',#7613,1.);
#7613 = DIRECTION('',(-1.,0.,0.));
#7614 = ORIENTED_EDGE('',*,*,#7615,.F.);
#7615 = EDGE_CURVE('',#7437,#7608,#7616,.T.);
#7616 = LINE('',#7617,#7618);
#7617 = CARTESIAN_POINT('',(1.7018,-1.778,1.3081));
#7618 = VECTOR('',#7619,1.);
#7619 = DIRECTION('',(0.,-1.,0.));
#7620 = ORIENTED_EDGE('',*,*,#7445,.F.);
#7621 = PLANE('',#7622);
#7622 = AXIS2_PLACEMENT_3D('',#7623,#7624,#7625);
#7623 = CARTESIAN_POINT('',(3.3782,-1.778,1.3081));
#7624 = DIRECTION('',(0.,0.,-1.));
#7625 = DIRECTION('',(-1.,0.,0.));
#7626 = ADVANCED_FACE('',(#7627),#7652,.T.);
#7627 = FACE_BOUND('',#7628,.T.);
#7628 = EDGE_LOOP('',(#7629,#7637,#7645,#7651));
#7629 = ORIENTED_EDGE('',*,*,#7630,.F.);
#7630 = EDGE_CURVE('',#7631,#7479,#7633,.T.);
#7631 = VERTEX_POINT('',#7632);
#7632 = CARTESIAN_POINT('',(0.8382,-2.286,1.3081));
#7633 = LINE('',#7634,#7635);
#7634 = CARTESIAN_POINT('',(0.8382,-1.778,1.3081));
#7635 = VECTOR('',#7636,1.);
#7636 = DIRECTION('',(0.,1.,0.));
#7637 = ORIENTED_EDGE('',*,*,#7638,.T.);
#7638 = EDGE_CURVE('',#7631,#7639,#7641,.T.);
#7639 = VERTEX_POINT('',#7640);
#7640 = CARTESIAN_POINT('',(0.4318,-2.286,1.3081));
#7641 = LINE('',#7642,#7643);
#7642 = CARTESIAN_POINT('',(3.3782,-2.286,1.3081));
#7643 = VECTOR('',#7644,1.);
#7644 = DIRECTION('',(-1.,0.,0.));
#7645 = ORIENTED_EDGE('',*,*,#7646,.F.);
#7646 = EDGE_CURVE('',#7470,#7639,#7647,.T.);
#7647 = LINE('',#7648,#7649);
#7648 = CARTESIAN_POINT('',(0.4318,-1.778,1.3081));
#7649 = VECTOR('',#7650,1.);
#7650 = DIRECTION('',(0.,-1.,0.));
#7651 = ORIENTED_EDGE('',*,*,#7478,.F.);
#7652 = PLANE('',#7653);
#7653 = AXIS2_PLACEMENT_3D('',#7654,#7655,#7656);
#7654 = CARTESIAN_POINT('',(3.3782,-1.778,1.3081));
#7655 = DIRECTION('',(0.,0.,-1.));
#7656 = DIRECTION('',(-1.,0.,0.));
#7657 = ADVANCED_FACE('',(#7658),#7683,.T.);
#7658 = FACE_BOUND('',#7659,.T.);
#7659 = EDGE_LOOP('',(#7660,#7668,#7676,#7682));
#7660 = ORIENTED_EDGE('',*,*,#7661,.F.);
#7661 = EDGE_CURVE('',#7662,#7512,#7664,.T.);
#7662 = VERTEX_POINT('',#7663);
#7663 = CARTESIAN_POINT('',(-0.4318,-2.286,1.3081));
#7664 = LINE('',#7665,#7666);
#7665 = CARTESIAN_POINT('',(-0.4318,-1.778,1.3081));
#7666 = VECTOR('',#7667,1.);
#7667 = DIRECTION('',(0.,1.,0.));
#7668 = ORIENTED_EDGE('',*,*,#7669,.T.);
#7669 = EDGE_CURVE('',#7662,#7670,#7672,.T.);
#7670 = VERTEX_POINT('',#7671);
#7671 = CARTESIAN_POINT('',(-0.8382,-2.286,1.3081));
#7672 = LINE('',#7673,#7674);
#7673 = CARTESIAN_POINT('',(3.3782,-2.286,1.3081));
#7674 = VECTOR('',#7675,1.);
#7675 = DIRECTION('',(-1.,0.,0.));
#7676 = ORIENTED_EDGE('',*,*,#7677,.F.);
#7677 = EDGE_CURVE('',#7503,#7670,#7678,.T.);
#7678 = LINE('',#7679,#7680);
#7679 = CARTESIAN_POINT('',(-0.8382,-1.778,1.3081));
#7680 = VECTOR('',#7681,1.);
#7681 = DIRECTION('',(0.,-1.,0.));
#7682 = ORIENTED_EDGE('',*,*,#7511,.F.);
#7683 = PLANE('',#7684);
#7684 = AXIS2_PLACEMENT_3D('',#7685,#7686,#7687);
#7685 = CARTESIAN_POINT('',(3.3782,-1.778,1.3081));
#7686 = DIRECTION('',(0.,0.,-1.));
#7687 = DIRECTION('',(-1.,0.,0.));
#7688 = ADVANCED_FACE('',(#7689),#7714,.T.);
#7689 = FACE_BOUND('',#7690,.T.);
#7690 = EDGE_LOOP('',(#7691,#7699,#7707,#7713));
#7691 = ORIENTED_EDGE('',*,*,#7692,.F.);
#7692 = EDGE_CURVE('',#7693,#7545,#7695,.T.);
#7693 = VERTEX_POINT('',#7694);
#7694 = CARTESIAN_POINT('',(-1.7018,-2.286,1.3081));
#7695 = LINE('',#7696,#7697);
#7696 = CARTESIAN_POINT('',(-1.7018,-1.778,1.3081));
#7697 = VECTOR('',#7698,1.);
#7698 = DIRECTION('',(0.,1.,0.));
#7699 = ORIENTED_EDGE('',*,*,#7700,.T.);
#7700 = EDGE_CURVE('',#7693,#7701,#7703,.T.);
#7701 = VERTEX_POINT('',#7702);
#7702 = CARTESIAN_POINT('',(-2.1082,-2.286,1.3081));
#7703 = LINE('',#7704,#7705);
#7704 = CARTESIAN_POINT('',(3.3782,-2.286,1.3081));
#7705 = VECTOR('',#7706,1.);
#7706 = DIRECTION('',(-1.,0.,0.));
#7707 = ORIENTED_EDGE('',*,*,#7708,.F.);
#7708 = EDGE_CURVE('',#7536,#7701,#7709,.T.);
#7709 = LINE('',#7710,#7711);
#7710 = CARTESIAN_POINT('',(-2.1082,-1.778,1.3081));
#7711 = VECTOR('',#7712,1.);
#7712 = DIRECTION('',(0.,-1.,0.));
#7713 = ORIENTED_EDGE('',*,*,#7544,.F.);
#7714 = PLANE('',#7715);
#7715 = AXIS2_PLACEMENT_3D('',#7716,#7717,#7718);
#7716 = CARTESIAN_POINT('',(3.3782,-1.778,1.3081));
#7717 = DIRECTION('',(0.,0.,-1.));
#7718 = DIRECTION('',(-1.,0.,0.));
#7719 = ADVANCED_FACE('',(#7720),#7745,.T.);
#7720 = FACE_BOUND('',#7721,.T.);
#7721 = EDGE_LOOP('',(#7722,#7730,#7731,#7739));
#7722 = ORIENTED_EDGE('',*,*,#7723,.F.);
#7723 = EDGE_CURVE('',#7569,#7724,#7726,.T.);
#7724 = VERTEX_POINT('',#7725);
#7725 = CARTESIAN_POINT('',(2.9718,-2.286,1.7145));
#7726 = LINE('',#7727,#7728);
#7727 = CARTESIAN_POINT('',(2.9718,-2.286,1.3081));
#7728 = VECTOR('',#7729,1.);
#7729 = DIRECTION('',(0.,0.,1.));
#7730 = ORIENTED_EDGE('',*,*,#7585,.F.);
#7731 = ORIENTED_EDGE('',*,*,#7732,.T.);
#7732 = EDGE_CURVE('',#7578,#7733,#7735,.T.);
#7733 = VERTEX_POINT('',#7734);
#7734 = CARTESIAN_POINT('',(3.3782,-2.286,1.7145));
#7735 = LINE('',#7736,#7737);
#7736 = CARTESIAN_POINT('',(3.3782,-2.286,1.3081));
#7737 = VECTOR('',#7738,1.);
#7738 = DIRECTION('',(0.,0.,1.));
#7739 = ORIENTED_EDGE('',*,*,#7740,.T.);
#7740 = EDGE_CURVE('',#7733,#7724,#7741,.T.);
#7741 = LINE('',#7742,#7743);
#7742 = CARTESIAN_POINT('',(3.3782,-2.286,1.7145));
#7743 = VECTOR('',#7744,1.);
#7744 = DIRECTION('',(-1.,0.,0.));
#7745 = PLANE('',#7746);
#7746 = AXIS2_PLACEMENT_3D('',#7747,#7748,#7749);
#7747 = CARTESIAN_POINT('',(3.3782,-2.286,1.3081));
#7748 = DIRECTION('',(0.,-1.,0.));
#7749 = DIRECTION('',(0.,0.,-1.));
#7750 = ADVANCED_FACE('',(#7751),#7776,.T.);
#7751 = FACE_BOUND('',#7752,.T.);
#7752 = EDGE_LOOP('',(#7753,#7761,#7769,#7775));
#7753 = ORIENTED_EDGE('',*,*,#7754,.F.);
#7754 = EDGE_CURVE('',#7755,#7600,#7757,.T.);
#7755 = VERTEX_POINT('',#7756);
#7756 = CARTESIAN_POINT('',(2.1082,-2.286,1.7145));
#7757 = LINE('',#7758,#7759);
#7758 = CARTESIAN_POINT('',(2.1082,-2.286,1.3081));
#7759 = VECTOR('',#7760,1.);
#7760 = DIRECTION('',(0.,0.,-1.));
#7761 = ORIENTED_EDGE('',*,*,#7762,.T.);
#7762 = EDGE_CURVE('',#7755,#7763,#7765,.T.);
#7763 = VERTEX_POINT('',#7764);
#7764 = CARTESIAN_POINT('',(1.7018,-2.286,1.7145));
#7765 = LINE('',#7766,#7767);
#7766 = CARTESIAN_POINT('',(3.3782,-2.286,1.7145));
#7767 = VECTOR('',#7768,1.);
#7768 = DIRECTION('',(-1.,0.,0.));
#7769 = ORIENTED_EDGE('',*,*,#7770,.F.);
#7770 = EDGE_CURVE('',#7608,#7763,#7771,.T.);
#7771 = LINE('',#7772,#7773);
#7772 = CARTESIAN_POINT('',(1.7018,-2.286,1.3081));
#7773 = VECTOR('',#7774,1.);
#7774 = DIRECTION('',(0.,0.,1.));
#7775 = ORIENTED_EDGE('',*,*,#7607,.F.);
#7776 = PLANE('',#7777);
#7777 = AXIS2_PLACEMENT_3D('',#7778,#7779,#7780);
#7778 = CARTESIAN_POINT('',(3.3782,-2.286,1.3081));
#7779 = DIRECTION('',(0.,-1.,0.));
#7780 = DIRECTION('',(0.,0.,-1.));
#7781 = ADVANCED_FACE('',(#7782),#7807,.T.);
#7782 = FACE_BOUND('',#7783,.T.);
#7783 = EDGE_LOOP('',(#7784,#7792,#7800,#7806));
#7784 = ORIENTED_EDGE('',*,*,#7785,.F.);
#7785 = EDGE_CURVE('',#7786,#7631,#7788,.T.);
#7786 = VERTEX_POINT('',#7787);
#7787 = CARTESIAN_POINT('',(0.8382,-2.286,1.7145));
#7788 = LINE('',#7789,#7790);
#7789 = CARTESIAN_POINT('',(0.8382,-2.286,1.3081));
#7790 = VECTOR('',#7791,1.);
#7791 = DIRECTION('',(0.,0.,-1.));
#7792 = ORIENTED_EDGE('',*,*,#7793,.T.);
#7793 = EDGE_CURVE('',#7786,#7794,#7796,.T.);
#7794 = VERTEX_POINT('',#7795);
#7795 = CARTESIAN_POINT('',(0.4318,-2.286,1.7145));
#7796 = LINE('',#7797,#7798);
#7797 = CARTESIAN_POINT('',(3.3782,-2.286,1.7145));
#7798 = VECTOR('',#7799,1.);
#7799 = DIRECTION('',(-1.,0.,0.));
#7800 = ORIENTED_EDGE('',*,*,#7801,.F.);
#7801 = EDGE_CURVE('',#7639,#7794,#7802,.T.);
#7802 = LINE('',#7803,#7804);
#7803 = CARTESIAN_POINT('',(0.4318,-2.286,1.3081));
#7804 = VECTOR('',#7805,1.);
#7805 = DIRECTION('',(0.,0.,1.));
#7806 = ORIENTED_EDGE('',*,*,#7638,.F.);
#7807 = PLANE('',#7808);
#7808 = AXIS2_PLACEMENT_3D('',#7809,#7810,#7811);
#7809 = CARTESIAN_POINT('',(3.3782,-2.286,1.3081));
#7810 = DIRECTION('',(0.,-1.,0.));
#7811 = DIRECTION('',(0.,0.,-1.));
#7812 = ADVANCED_FACE('',(#7813),#7838,.T.);
#7813 = FACE_BOUND('',#7814,.T.);
#7814 = EDGE_LOOP('',(#7815,#7823,#7831,#7837));
#7815 = ORIENTED_EDGE('',*,*,#7816,.F.);
#7816 = EDGE_CURVE('',#7817,#7662,#7819,.T.);
#7817 = VERTEX_POINT('',#7818);
#7818 = CARTESIAN_POINT('',(-0.4318,-2.286,1.7145));
#7819 = LINE('',#7820,#7821);
#7820 = CARTESIAN_POINT('',(-0.4318,-2.286,1.3081));
#7821 = VECTOR('',#7822,1.);
#7822 = DIRECTION('',(0.,0.,-1.));
#7823 = ORIENTED_EDGE('',*,*,#7824,.T.);
#7824 = EDGE_CURVE('',#7817,#7825,#7827,.T.);
#7825 = VERTEX_POINT('',#7826);
#7826 = CARTESIAN_POINT('',(-0.8382,-2.286,1.7145));
#7827 = LINE('',#7828,#7829);
#7828 = CARTESIAN_POINT('',(3.3782,-2.286,1.7145));
#7829 = VECTOR('',#7830,1.);
#7830 = DIRECTION('',(-1.,0.,0.));
#7831 = ORIENTED_EDGE('',*,*,#7832,.F.);
#7832 = EDGE_CURVE('',#7670,#7825,#7833,.T.);
#7833 = LINE('',#7834,#7835);
#7834 = CARTESIAN_POINT('',(-0.8382,-2.286,1.3081));
#7835 = VECTOR('',#7836,1.);
#7836 = DIRECTION('',(0.,0.,1.));
#7837 = ORIENTED_EDGE('',*,*,#7669,.F.);
#7838 = PLANE('',#7839);
#7839 = AXIS2_PLACEMENT_3D('',#7840,#7841,#7842);
#7840 = CARTESIAN_POINT('',(3.3782,-2.286,1.3081));
#7841 = DIRECTION('',(0.,-1.,0.));
#7842 = DIRECTION('',(0.,0.,-1.));
#7843 = ADVANCED_FACE('',(#7844),#7869,.T.);
#7844 = FACE_BOUND('',#7845,.T.);
#7845 = EDGE_LOOP('',(#7846,#7854,#7862,#7868));
#7846 = ORIENTED_EDGE('',*,*,#7847,.F.);
#7847 = EDGE_CURVE('',#7848,#7693,#7850,.T.);
#7848 = VERTEX_POINT('',#7849);
#7849 = CARTESIAN_POINT('',(-1.7018,-2.286,1.7145));
#7850 = LINE('',#7851,#7852);
#7851 = CARTESIAN_POINT('',(-1.7018,-2.286,1.3081));
#7852 = VECTOR('',#7853,1.);
#7853 = DIRECTION('',(0.,0.,-1.));
#7854 = ORIENTED_EDGE('',*,*,#7855,.T.);
#7855 = EDGE_CURVE('',#7848,#7856,#7858,.T.);
#7856 = VERTEX_POINT('',#7857);
#7857 = CARTESIAN_POINT('',(-2.1082,-2.286,1.7145));
#7858 = LINE('',#7859,#7860);
#7859 = CARTESIAN_POINT('',(3.3782,-2.286,1.7145));
#7860 = VECTOR('',#7861,1.);
#7861 = DIRECTION('',(-1.,0.,0.));
#7862 = ORIENTED_EDGE('',*,*,#7863,.F.);
#7863 = EDGE_CURVE('',#7701,#7856,#7864,.T.);
#7864 = LINE('',#7865,#7866);
#7865 = CARTESIAN_POINT('',(-2.1082,-2.286,1.3081));
#7866 = VECTOR('',#7867,1.);
#7867 = DIRECTION('',(0.,0.,1.));
#7868 = ORIENTED_EDGE('',*,*,#7700,.F.);
#7869 = PLANE('',#7870);
#7870 = AXIS2_PLACEMENT_3D('',#7871,#7872,#7873);
#7871 = CARTESIAN_POINT('',(3.3782,-2.286,1.3081));
#7872 = DIRECTION('',(0.,-1.,0.));
#7873 = DIRECTION('',(0.,0.,-1.));
#7874 = ADVANCED_FACE('',(#7875),#7900,.T.);
#7875 = FACE_BOUND('',#7876,.T.);
#7876 = EDGE_LOOP('',(#7877,#7885,#7886,#7894));
#7877 = ORIENTED_EDGE('',*,*,#7878,.F.);
#7878 = EDGE_CURVE('',#7724,#7879,#7881,.T.);
#7879 = VERTEX_POINT('',#7880);
#7880 = CARTESIAN_POINT('',(2.9718,-1.778,1.7145));
#7881 = LINE('',#7882,#7883);
#7882 = CARTESIAN_POINT('',(2.9718,-2.286,1.7145));
#7883 = VECTOR('',#7884,1.);
#7884 = DIRECTION('',(0.,1.,0.));
#7885 = ORIENTED_EDGE('',*,*,#7740,.F.);
#7886 = ORIENTED_EDGE('',*,*,#7887,.T.);
#7887 = EDGE_CURVE('',#7733,#7888,#7890,.T.);
#7888 = VERTEX_POINT('',#7889);
#7889 = CARTESIAN_POINT('',(3.3782,-1.778,1.7145));
#7890 = LINE('',#7891,#7892);
#7891 = CARTESIAN_POINT('',(3.3782,-2.286,1.7145));
#7892 = VECTOR('',#7893,1.);
#7893 = DIRECTION('',(0.,1.,0.));
#7894 = ORIENTED_EDGE('',*,*,#7895,.T.);
#7895 = EDGE_CURVE('',#7888,#7879,#7896,.T.);
#7896 = LINE('',#7897,#7898);
#7897 = CARTESIAN_POINT('',(3.3782,-1.778,1.7145));
#7898 = VECTOR('',#7899,1.);
#7899 = DIRECTION('',(-1.,0.,0.));
#7900 = PLANE('',#7901);
#7901 = AXIS2_PLACEMENT_3D('',#7902,#7903,#7904);
#7902 = CARTESIAN_POINT('',(3.3782,-2.286,1.7145));
#7903 = DIRECTION('',(0.,0.,1.));
#7904 = DIRECTION('',(1.,0.,-0.));
#7905 = ADVANCED_FACE('',(#7906),#7931,.T.);
#7906 = FACE_BOUND('',#7907,.T.);
#7907 = EDGE_LOOP('',(#7908,#7916,#7924,#7930));
#7908 = ORIENTED_EDGE('',*,*,#7909,.F.);
#7909 = EDGE_CURVE('',#7910,#7755,#7912,.T.);
#7910 = VERTEX_POINT('',#7911);
#7911 = CARTESIAN_POINT('',(2.1082,-1.778,1.7145));
#7912 = LINE('',#7913,#7914);
#7913 = CARTESIAN_POINT('',(2.1082,-2.286,1.7145));
#7914 = VECTOR('',#7915,1.);
#7915 = DIRECTION('',(0.,-1.,0.));
#7916 = ORIENTED_EDGE('',*,*,#7917,.T.);
#7917 = EDGE_CURVE('',#7910,#7918,#7920,.T.);
#7918 = VERTEX_POINT('',#7919);
#7919 = CARTESIAN_POINT('',(1.7018,-1.778,1.7145));
#7920 = LINE('',#7921,#7922);
#7921 = CARTESIAN_POINT('',(3.3782,-1.778,1.7145));
#7922 = VECTOR('',#7923,1.);
#7923 = DIRECTION('',(-1.,0.,0.));
#7924 = ORIENTED_EDGE('',*,*,#7925,.F.);
#7925 = EDGE_CURVE('',#7763,#7918,#7926,.T.);
#7926 = LINE('',#7927,#7928);
#7927 = CARTESIAN_POINT('',(1.7018,-2.286,1.7145));
#7928 = VECTOR('',#7929,1.);
#7929 = DIRECTION('',(0.,1.,0.));
#7930 = ORIENTED_EDGE('',*,*,#7762,.F.);
#7931 = PLANE('',#7932);
#7932 = AXIS2_PLACEMENT_3D('',#7933,#7934,#7935);
#7933 = CARTESIAN_POINT('',(3.3782,-2.286,1.7145));
#7934 = DIRECTION('',(0.,0.,1.));
#7935 = DIRECTION('',(1.,0.,-0.));
#7936 = ADVANCED_FACE('',(#7937),#7962,.T.);
#7937 = FACE_BOUND('',#7938,.T.);
#7938 = EDGE_LOOP('',(#7939,#7947,#7955,#7961));
#7939 = ORIENTED_EDGE('',*,*,#7940,.F.);
#7940 = EDGE_CURVE('',#7941,#7786,#7943,.T.);
#7941 = VERTEX_POINT('',#7942);
#7942 = CARTESIAN_POINT('',(0.8382,-1.778,1.7145));
#7943 = LINE('',#7944,#7945);
#7944 = CARTESIAN_POINT('',(0.8382,-2.286,1.7145));
#7945 = VECTOR('',#7946,1.);
#7946 = DIRECTION('',(0.,-1.,0.));
#7947 = ORIENTED_EDGE('',*,*,#7948,.T.);
#7948 = EDGE_CURVE('',#7941,#7949,#7951,.T.);
#7949 = VERTEX_POINT('',#7950);
#7950 = CARTESIAN_POINT('',(0.4318,-1.778,1.7145));
#7951 = LINE('',#7952,#7953);
#7952 = CARTESIAN_POINT('',(3.3782,-1.778,1.7145));
#7953 = VECTOR('',#7954,1.);
#7954 = DIRECTION('',(-1.,0.,0.));
#7955 = ORIENTED_EDGE('',*,*,#7956,.F.);
#7956 = EDGE_CURVE('',#7794,#7949,#7957,.T.);
#7957 = LINE('',#7958,#7959);
#7958 = CARTESIAN_POINT('',(0.4318,-2.286,1.7145));
#7959 = VECTOR('',#7960,1.);
#7960 = DIRECTION('',(0.,1.,0.));
#7961 = ORIENTED_EDGE('',*,*,#7793,.F.);
#7962 = PLANE('',#7963);
#7963 = AXIS2_PLACEMENT_3D('',#7964,#7965,#7966);
#7964 = CARTESIAN_POINT('',(3.3782,-2.286,1.7145));
#7965 = DIRECTION('',(0.,0.,1.));
#7966 = DIRECTION('',(1.,0.,-0.));
#7967 = ADVANCED_FACE('',(#7968),#7993,.T.);
#7968 = FACE_BOUND('',#7969,.T.);
#7969 = EDGE_LOOP('',(#7970,#7978,#7986,#7992));
#7970 = ORIENTED_EDGE('',*,*,#7971,.F.);
#7971 = EDGE_CURVE('',#7972,#7817,#7974,.T.);
#7972 = VERTEX_POINT('',#7973);
#7973 = CARTESIAN_POINT('',(-0.4318,-1.778,1.7145));
#7974 = LINE('',#7975,#7976);
#7975 = CARTESIAN_POINT('',(-0.4318,-2.286,1.7145));
#7976 = VECTOR('',#7977,1.);
#7977 = DIRECTION('',(0.,-1.,0.));
#7978 = ORIENTED_EDGE('',*,*,#7979,.T.);
#7979 = EDGE_CURVE('',#7972,#7980,#7982,.T.);
#7980 = VERTEX_POINT('',#7981);
#7981 = CARTESIAN_POINT('',(-0.8382,-1.778,1.7145));
#7982 = LINE('',#7983,#7984);
#7983 = CARTESIAN_POINT('',(3.3782,-1.778,1.7145));
#7984 = VECTOR('',#7985,1.);
#7985 = DIRECTION('',(-1.,0.,0.));
#7986 = ORIENTED_EDGE('',*,*,#7987,.F.);
#7987 = EDGE_CURVE('',#7825,#7980,#7988,.T.);
#7988 = LINE('',#7989,#7990);
#7989 = CARTESIAN_POINT('',(-0.8382,-2.286,1.7145));
#7990 = VECTOR('',#7991,1.);
#7991 = DIRECTION('',(0.,1.,0.));
#7992 = ORIENTED_EDGE('',*,*,#7824,.F.);
#7993 = PLANE('',#7994);
#7994 = AXIS2_PLACEMENT_3D('',#7995,#7996,#7997);
#7995 = CARTESIAN_POINT('',(3.3782,-2.286,1.7145));
#7996 = DIRECTION('',(0.,0.,1.));
#7997 = DIRECTION('',(1.,0.,-0.));
#7998 = ADVANCED_FACE('',(#7999),#8024,.T.);
#7999 = FACE_BOUND('',#8000,.T.);
#8000 = EDGE_LOOP('',(#8001,#8009,#8017,#8023));
#8001 = ORIENTED_EDGE('',*,*,#8002,.F.);
#8002 = EDGE_CURVE('',#8003,#7848,#8005,.T.);
#8003 = VERTEX_POINT('',#8004);
#8004 = CARTESIAN_POINT('',(-1.7018,-1.778,1.7145));
#8005 = LINE('',#8006,#8007);
#8006 = CARTESIAN_POINT('',(-1.7018,-2.286,1.7145));
#8007 = VECTOR('',#8008,1.);
#8008 = DIRECTION('',(0.,-1.,0.));
#8009 = ORIENTED_EDGE('',*,*,#8010,.T.);
#8010 = EDGE_CURVE('',#8003,#8011,#8013,.T.);
#8011 = VERTEX_POINT('',#8012);
#8012 = CARTESIAN_POINT('',(-2.1082,-1.778,1.7145));
#8013 = LINE('',#8014,#8015);
#8014 = CARTESIAN_POINT('',(3.3782,-1.778,1.7145));
#8015 = VECTOR('',#8016,1.);
#8016 = DIRECTION('',(-1.,0.,0.));
#8017 = ORIENTED_EDGE('',*,*,#8018,.F.);
#8018 = EDGE_CURVE('',#7856,#8011,#8019,.T.);
#8019 = LINE('',#8020,#8021);
#8020 = CARTESIAN_POINT('',(-2.1082,-2.286,1.7145));
#8021 = VECTOR('',#8022,1.);
#8022 = DIRECTION('',(0.,1.,0.));
#8023 = ORIENTED_EDGE('',*,*,#7855,.F.);
#8024 = PLANE('',#8025);
#8025 = AXIS2_PLACEMENT_3D('',#8026,#8027,#8028);
#8026 = CARTESIAN_POINT('',(3.3782,-2.286,1.7145));
#8027 = DIRECTION('',(0.,0.,1.));
#8028 = DIRECTION('',(1.,0.,-0.));
#8029 = ADVANCED_FACE('',(#8030),#8057,.T.);
#8030 = FACE_BOUND('',#8031,.T.);
#8031 = EDGE_LOOP('',(#8032,#8041,#8042,#8051));
#8032 = ORIENTED_EDGE('',*,*,#8033,.T.);
#8033 = EDGE_CURVE('',#8034,#7879,#8036,.T.);
#8034 = VERTEX_POINT('',#8035);
#8035 = CARTESIAN_POINT('',(2.9718,-0.998009051335,1.1303));
#8036 = CIRCLE('',#8037,0.8128);
#8037 = AXIS2_PLACEMENT_3D('',#8038,#8039,#8040);
#8038 = CARTESIAN_POINT('',(2.9718,-1.778,0.9017));
#8039 = DIRECTION('',(1.,0.,0.));
#8040 = DIRECTION('',(0.,0.,-1.));
#8041 = ORIENTED_EDGE('',*,*,#7895,.F.);
#8042 = ORIENTED_EDGE('',*,*,#8043,.T.);
#8043 = EDGE_CURVE('',#7888,#8044,#8046,.T.);
#8044 = VERTEX_POINT('',#8045);
#8045 = CARTESIAN_POINT('',(3.3782,-0.998009051335,1.1303));
#8046 = CIRCLE('',#8047,0.8128);
#8047 = AXIS2_PLACEMENT_3D('',#8048,#8049,#8050);
#8048 = CARTESIAN_POINT('',(3.3782,-1.778,0.9017));
#8049 = DIRECTION('',(-1.,0.,0.));
#8050 = DIRECTION('',(0.,0.,1.));
#8051 = ORIENTED_EDGE('',*,*,#8052,.T.);
#8052 = EDGE_CURVE('',#8044,#8034,#8053,.T.);
#8053 = LINE('',#8054,#8055);
#8054 = CARTESIAN_POINT('',(3.3782,-0.998009051335,1.1303));
#8055 = VECTOR('',#8056,1.);
#8056 = DIRECTION('',(-1.,0.,0.));
#8057 = CYLINDRICAL_SURFACE('',#8058,0.8128);
#8058 = AXIS2_PLACEMENT_3D('',#8059,#8060,#8061);
#8059 = CARTESIAN_POINT('',(3.3782,-1.778,0.9017));
#8060 = DIRECTION('',(-1.,0.,0.));
#8061 = DIRECTION('',(0.,0.,1.));
#8062 = ADVANCED_FACE('',(#8063),#8090,.T.);
#8063 = FACE_BOUND('',#8064,.T.);
#8064 = EDGE_LOOP('',(#8065,#8074,#8082,#8089));
#8065 = ORIENTED_EDGE('',*,*,#8066,.T.);
#8066 = EDGE_CURVE('',#7910,#8067,#8069,.T.);
#8067 = VERTEX_POINT('',#8068);
#8068 = CARTESIAN_POINT('',(2.1082,-0.998009051335,1.1303));
#8069 = CIRCLE('',#8070,0.8128);
#8070 = AXIS2_PLACEMENT_3D('',#8071,#8072,#8073);
#8071 = CARTESIAN_POINT('',(2.1082,-1.778,0.9017));
#8072 = DIRECTION('',(-1.,0.,0.));
#8073 = DIRECTION('',(0.,0.,1.));
#8074 = ORIENTED_EDGE('',*,*,#8075,.T.);
#8075 = EDGE_CURVE('',#8067,#8076,#8078,.T.);
#8076 = VERTEX_POINT('',#8077);
#8077 = CARTESIAN_POINT('',(1.7018,-0.998009051335,1.1303));
#8078 = LINE('',#8079,#8080);
#8079 = CARTESIAN_POINT('',(3.3782,-0.998009051335,1.1303));
#8080 = VECTOR('',#8081,1.);
#8081 = DIRECTION('',(-1.,0.,0.));
#8082 = ORIENTED_EDGE('',*,*,#8083,.T.);
#8083 = EDGE_CURVE('',#8076,#7918,#8084,.T.);
#8084 = CIRCLE('',#8085,0.8128);
#8085 = AXIS2_PLACEMENT_3D('',#8086,#8087,#8088);
#8086 = CARTESIAN_POINT('',(1.7018,-1.778,0.9017));
#8087 = DIRECTION('',(1.,0.,0.));
#8088 = DIRECTION('',(0.,0.,-1.));
#8089 = ORIENTED_EDGE('',*,*,#7917,.F.);
#8090 = CYLINDRICAL_SURFACE('',#8091,0.8128);
#8091 = AXIS2_PLACEMENT_3D('',#8092,#8093,#8094);
#8092 = CARTESIAN_POINT('',(3.3782,-1.778,0.9017));
#8093 = DIRECTION('',(-1.,0.,0.));
#8094 = DIRECTION('',(0.,0.,1.));
#8095 = ADVANCED_FACE('',(#8096),#8123,.T.);
#8096 = FACE_BOUND('',#8097,.T.);
#8097 = EDGE_LOOP('',(#8098,#8107,#8115,#8122));
#8098 = ORIENTED_EDGE('',*,*,#8099,.T.);
#8099 = EDGE_CURVE('',#7941,#8100,#8102,.T.);
#8100 = VERTEX_POINT('',#8101);
#8101 = CARTESIAN_POINT('',(0.8382,-0.998009051335,1.1303));
#8102 = CIRCLE('',#8103,0.8128);
#8103 = AXIS2_PLACEMENT_3D('',#8104,#8105,#8106);
#8104 = CARTESIAN_POINT('',(0.8382,-1.778,0.9017));
#8105 = DIRECTION('',(-1.,0.,0.));
#8106 = DIRECTION('',(0.,0.,1.));
#8107 = ORIENTED_EDGE('',*,*,#8108,.T.);
#8108 = EDGE_CURVE('',#8100,#8109,#8111,.T.);
#8109 = VERTEX_POINT('',#8110);
#8110 = CARTESIAN_POINT('',(0.4318,-0.998009051335,1.1303));
#8111 = LINE('',#8112,#8113);
#8112 = CARTESIAN_POINT('',(3.3782,-0.998009051335,1.1303));
#8113 = VECTOR('',#8114,1.);
#8114 = DIRECTION('',(-1.,0.,0.));
#8115 = ORIENTED_EDGE('',*,*,#8116,.T.);
#8116 = EDGE_CURVE('',#8109,#7949,#8117,.T.);
#8117 = CIRCLE('',#8118,0.8128);
#8118 = AXIS2_PLACEMENT_3D('',#8119,#8120,#8121);
#8119 = CARTESIAN_POINT('',(0.4318,-1.778,0.9017));
#8120 = DIRECTION('',(1.,0.,0.));
#8121 = DIRECTION('',(0.,0.,-1.));
#8122 = ORIENTED_EDGE('',*,*,#7948,.F.);
#8123 = CYLINDRICAL_SURFACE('',#8124,0.8128);
#8124 = AXIS2_PLACEMENT_3D('',#8125,#8126,#8127);
#8125 = CARTESIAN_POINT('',(3.3782,-1.778,0.9017));
#8126 = DIRECTION('',(-1.,0.,0.));
#8127 = DIRECTION('',(0.,0.,1.));
#8128 = ADVANCED_FACE('',(#8129),#8156,.T.);
#8129 = FACE_BOUND('',#8130,.T.);
#8130 = EDGE_LOOP('',(#8131,#8140,#8148,#8155));
#8131 = ORIENTED_EDGE('',*,*,#8132,.T.);
#8132 = EDGE_CURVE('',#7972,#8133,#8135,.T.);
#8133 = VERTEX_POINT('',#8134);
#8134 = CARTESIAN_POINT('',(-0.4318,-0.998009051335,1.1303));
#8135 = CIRCLE('',#8136,0.8128);
#8136 = AXIS2_PLACEMENT_3D('',#8137,#8138,#8139);
#8137 = CARTESIAN_POINT('',(-0.4318,-1.778,0.9017));
#8138 = DIRECTION('',(-1.,0.,0.));
#8139 = DIRECTION('',(0.,0.,1.));
#8140 = ORIENTED_EDGE('',*,*,#8141,.T.);
#8141 = EDGE_CURVE('',#8133,#8142,#8144,.T.);
#8142 = VERTEX_POINT('',#8143);
#8143 = CARTESIAN_POINT('',(-0.8382,-0.998009051335,1.1303));
#8144 = LINE('',#8145,#8146);
#8145 = CARTESIAN_POINT('',(3.3782,-0.998009051335,1.1303));
#8146 = VECTOR('',#8147,1.);
#8147 = DIRECTION('',(-1.,0.,0.));
#8148 = ORIENTED_EDGE('',*,*,#8149,.T.);
#8149 = EDGE_CURVE('',#8142,#7980,#8150,.T.);
#8150 = CIRCLE('',#8151,0.8128);
#8151 = AXIS2_PLACEMENT_3D('',#8152,#8153,#8154);
#8152 = CARTESIAN_POINT('',(-0.8382,-1.778,0.9017));
#8153 = DIRECTION('',(1.,0.,0.));
#8154 = DIRECTION('',(0.,0.,-1.));
#8155 = ORIENTED_EDGE('',*,*,#7979,.F.);
#8156 = CYLINDRICAL_SURFACE('',#8157,0.8128);
#8157 = AXIS2_PLACEMENT_3D('',#8158,#8159,#8160);
#8158 = CARTESIAN_POINT('',(3.3782,-1.778,0.9017));
#8159 = DIRECTION('',(-1.,0.,0.));
#8160 = DIRECTION('',(0.,0.,1.));
#8161 = ADVANCED_FACE('',(#8162),#8189,.T.);
#8162 = FACE_BOUND('',#8163,.T.);
#8163 = EDGE_LOOP('',(#8164,#8173,#8181,#8188));
#8164 = ORIENTED_EDGE('',*,*,#8165,.T.);
#8165 = EDGE_CURVE('',#8003,#8166,#8168,.T.);
#8166 = VERTEX_POINT('',#8167);
#8167 = CARTESIAN_POINT('',(-1.7018,-0.998009051335,1.1303));
#8168 = CIRCLE('',#8169,0.8128);
#8169 = AXIS2_PLACEMENT_3D('',#8170,#8171,#8172);
#8170 = CARTESIAN_POINT('',(-1.7018,-1.778,0.9017));
#8171 = DIRECTION('',(-1.,0.,0.));
#8172 = DIRECTION('',(0.,0.,1.));
#8173 = ORIENTED_EDGE('',*,*,#8174,.T.);
#8174 = EDGE_CURVE('',#8166,#8175,#8177,.T.);
#8175 = VERTEX_POINT('',#8176);
#8176 = CARTESIAN_POINT('',(-2.1082,-0.998009051335,1.1303));
#8177 = LINE('',#8178,#8179);
#8178 = CARTESIAN_POINT('',(3.3782,-0.998009051335,1.1303));
#8179 = VECTOR('',#8180,1.);
#8180 = DIRECTION('',(-1.,0.,0.));
#8181 = ORIENTED_EDGE('',*,*,#8182,.T.);
#8182 = EDGE_CURVE('',#8175,#8011,#8183,.T.);
#8183 = CIRCLE('',#8184,0.8128);
#8184 = AXIS2_PLACEMENT_3D('',#8185,#8186,#8187);
#8185 = CARTESIAN_POINT('',(-2.1082,-1.778,0.9017));
#8186 = DIRECTION('',(1.,0.,0.));
#8187 = DIRECTION('',(0.,0.,-1.));
#8188 = ORIENTED_EDGE('',*,*,#8010,.F.);
#8189 = CYLINDRICAL_SURFACE('',#8190,0.8128);
#8190 = AXIS2_PLACEMENT_3D('',#8191,#8192,#8193);
#8191 = CARTESIAN_POINT('',(3.3782,-1.778,0.9017));
#8192 = DIRECTION('',(-1.,0.,0.));
#8193 = DIRECTION('',(0.,0.,1.));
#8194 = ADVANCED_FACE('',(#8195),#8222,.F.);
#8195 = FACE_BOUND('',#8196,.F.);
#8196 = EDGE_LOOP('',(#8197,#8206,#8207,#8216));
#8197 = ORIENTED_EDGE('',*,*,#8198,.T.);
#8198 = EDGE_CURVE('',#8199,#8044,#8201,.T.);
#8199 = VERTEX_POINT('',#8200);
#8200 = CARTESIAN_POINT('',(3.3782,-0.608013577002,0.8382));
#8201 = CIRCLE('',#8202,0.4064);
#8202 = AXIS2_PLACEMENT_3D('',#8203,#8204,#8205);
#8203 = CARTESIAN_POINT('',(3.3782,-0.608013577002,1.2446));
#8204 = DIRECTION('',(-1.,0.,0.));
#8205 = DIRECTION('',(0.,0.,1.));
#8206 = ORIENTED_EDGE('',*,*,#8052,.T.);
#8207 = ORIENTED_EDGE('',*,*,#8208,.T.);
#8208 = EDGE_CURVE('',#8034,#8209,#8211,.T.);
#8209 = VERTEX_POINT('',#8210);
#8210 = CARTESIAN_POINT('',(2.9718,-0.608013577002,0.8382));
#8211 = CIRCLE('',#8212,0.4064);
#8212 = AXIS2_PLACEMENT_3D('',#8213,#8214,#8215);
#8213 = CARTESIAN_POINT('',(2.9718,-0.608013577002,1.2446));
#8214 = DIRECTION('',(1.,0.,0.));
#8215 = DIRECTION('',(0.,0.,-1.));
#8216 = ORIENTED_EDGE('',*,*,#8217,.F.);
#8217 = EDGE_CURVE('',#8199,#8209,#8218,.T.);
#8218 = LINE('',#8219,#8220);
#8219 = CARTESIAN_POINT('',(3.3782,-0.608013577002,0.8382));
#8220 = VECTOR('',#8221,1.);
#8221 = DIRECTION('',(-1.,0.,0.));
#8222 = CYLINDRICAL_SURFACE('',#8223,0.4064);
#8223 = AXIS2_PLACEMENT_3D('',#8224,#8225,#8226);
#8224 = CARTESIAN_POINT('',(3.3782,-0.608013577002,1.2446));
#8225 = DIRECTION('',(-1.,0.,0.));
#8226 = DIRECTION('',(0.,0.,1.));
#8227 = ADVANCED_FACE('',(#8228),#8255,.F.);
#8228 = FACE_BOUND('',#8229,.F.);
#8229 = EDGE_LOOP('',(#8230,#8239,#8247,#8254));
#8230 = ORIENTED_EDGE('',*,*,#8231,.T.);
#8231 = EDGE_CURVE('',#8076,#8232,#8234,.T.);
#8232 = VERTEX_POINT('',#8233);
#8233 = CARTESIAN_POINT('',(1.7018,-0.608013577002,0.8382));
#8234 = CIRCLE('',#8235,0.4064);
#8235 = AXIS2_PLACEMENT_3D('',#8236,#8237,#8238);
#8236 = CARTESIAN_POINT('',(1.7018,-0.608013577002,1.2446));
#8237 = DIRECTION('',(1.,0.,0.));
#8238 = DIRECTION('',(0.,0.,-1.));
#8239 = ORIENTED_EDGE('',*,*,#8240,.F.);
#8240 = EDGE_CURVE('',#8241,#8232,#8243,.T.);
#8241 = VERTEX_POINT('',#8242);
#8242 = CARTESIAN_POINT('',(2.1082,-0.608013577002,0.8382));
#8243 = LINE('',#8244,#8245);
#8244 = CARTESIAN_POINT('',(3.3782,-0.608013577002,0.8382));
#8245 = VECTOR('',#8246,1.);
#8246 = DIRECTION('',(-1.,0.,0.));
#8247 = ORIENTED_EDGE('',*,*,#8248,.T.);
#8248 = EDGE_CURVE('',#8241,#8067,#8249,.T.);
#8249 = CIRCLE('',#8250,0.4064);
#8250 = AXIS2_PLACEMENT_3D('',#8251,#8252,#8253);
#8251 = CARTESIAN_POINT('',(2.1082,-0.608013577002,1.2446));
#8252 = DIRECTION('',(-1.,0.,0.));
#8253 = DIRECTION('',(0.,0.,1.));
#8254 = ORIENTED_EDGE('',*,*,#8075,.T.);
#8255 = CYLINDRICAL_SURFACE('',#8256,0.4064);
#8256 = AXIS2_PLACEMENT_3D('',#8257,#8258,#8259);
#8257 = CARTESIAN_POINT('',(3.3782,-0.608013577002,1.2446));
#8258 = DIRECTION('',(-1.,0.,0.));
#8259 = DIRECTION('',(0.,0.,1.));
#8260 = ADVANCED_FACE('',(#8261),#8288,.F.);
#8261 = FACE_BOUND('',#8262,.F.);
#8262 = EDGE_LOOP('',(#8263,#8272,#8280,#8287));
#8263 = ORIENTED_EDGE('',*,*,#8264,.T.);
#8264 = EDGE_CURVE('',#8109,#8265,#8267,.T.);
#8265 = VERTEX_POINT('',#8266);
#8266 = CARTESIAN_POINT('',(0.4318,-0.608013577002,0.8382));
#8267 = CIRCLE('',#8268,0.4064);
#8268 = AXIS2_PLACEMENT_3D('',#8269,#8270,#8271);
#8269 = CARTESIAN_POINT('',(0.4318,-0.608013577002,1.2446));
#8270 = DIRECTION('',(1.,0.,0.));
#8271 = DIRECTION('',(0.,0.,-1.));
#8272 = ORIENTED_EDGE('',*,*,#8273,.F.);
#8273 = EDGE_CURVE('',#8274,#8265,#8276,.T.);
#8274 = VERTEX_POINT('',#8275);
#8275 = CARTESIAN_POINT('',(0.8382,-0.608013577002,0.8382));
#8276 = LINE('',#8277,#8278);
#8277 = CARTESIAN_POINT('',(3.3782,-0.608013577002,0.8382));
#8278 = VECTOR('',#8279,1.);
#8279 = DIRECTION('',(-1.,0.,0.));
#8280 = ORIENTED_EDGE('',*,*,#8281,.T.);
#8281 = EDGE_CURVE('',#8274,#8100,#8282,.T.);
#8282 = CIRCLE('',#8283,0.4064);
#8283 = AXIS2_PLACEMENT_3D('',#8284,#8285,#8286);
#8284 = CARTESIAN_POINT('',(0.8382,-0.608013577002,1.2446));
#8285 = DIRECTION('',(-1.,0.,0.));
#8286 = DIRECTION('',(0.,0.,1.));
#8287 = ORIENTED_EDGE('',*,*,#8108,.T.);
#8288 = CYLINDRICAL_SURFACE('',#8289,0.4064);
#8289 = AXIS2_PLACEMENT_3D('',#8290,#8291,#8292);
#8290 = CARTESIAN_POINT('',(3.3782,-0.608013577002,1.2446));
#8291 = DIRECTION('',(-1.,0.,0.));
#8292 = DIRECTION('',(0.,0.,1.));
#8293 = ADVANCED_FACE('',(#8294),#8321,.F.);
#8294 = FACE_BOUND('',#8295,.F.);
#8295 = EDGE_LOOP('',(#8296,#8305,#8313,#8320));
#8296 = ORIENTED_EDGE('',*,*,#8297,.T.);
#8297 = EDGE_CURVE('',#8142,#8298,#8300,.T.);
#8298 = VERTEX_POINT('',#8299);
#8299 = CARTESIAN_POINT('',(-0.8382,-0.608013577002,0.8382));
#8300 = CIRCLE('',#8301,0.4064);
#8301 = AXIS2_PLACEMENT_3D('',#8302,#8303,#8304);
#8302 = CARTESIAN_POINT('',(-0.8382,-0.608013577002,1.2446));
#8303 = DIRECTION('',(1.,0.,0.));
#8304 = DIRECTION('',(0.,0.,-1.));
#8305 = ORIENTED_EDGE('',*,*,#8306,.F.);
#8306 = EDGE_CURVE('',#8307,#8298,#8309,.T.);
#8307 = VERTEX_POINT('',#8308);
#8308 = CARTESIAN_POINT('',(-0.4318,-0.608013577002,0.8382));
#8309 = LINE('',#8310,#8311);
#8310 = CARTESIAN_POINT('',(3.3782,-0.608013577002,0.8382));
#8311 = VECTOR('',#8312,1.);
#8312 = DIRECTION('',(-1.,0.,0.));
#8313 = ORIENTED_EDGE('',*,*,#8314,.T.);
#8314 = EDGE_CURVE('',#8307,#8133,#8315,.T.);
#8315 = CIRCLE('',#8316,0.4064);
#8316 = AXIS2_PLACEMENT_3D('',#8317,#8318,#8319);
#8317 = CARTESIAN_POINT('',(-0.4318,-0.608013577002,1.2446));
#8318 = DIRECTION('',(-1.,0.,0.));
#8319 = DIRECTION('',(0.,0.,1.));
#8320 = ORIENTED_EDGE('',*,*,#8141,.T.);
#8321 = CYLINDRICAL_SURFACE('',#8322,0.4064);
#8322 = AXIS2_PLACEMENT_3D('',#8323,#8324,#8325);
#8323 = CARTESIAN_POINT('',(3.3782,-0.608013577002,1.2446));
#8324 = DIRECTION('',(-1.,0.,0.));
#8325 = DIRECTION('',(0.,0.,1.));
#8326 = ADVANCED_FACE('',(#8327),#8354,.F.);
#8327 = FACE_BOUND('',#8328,.F.);
#8328 = EDGE_LOOP('',(#8329,#8338,#8346,#8353));
#8329 = ORIENTED_EDGE('',*,*,#8330,.T.);
#8330 = EDGE_CURVE('',#8175,#8331,#8333,.T.);
#8331 = VERTEX_POINT('',#8332);
#8332 = CARTESIAN_POINT('',(-2.1082,-0.608013577002,0.8382));
#8333 = CIRCLE('',#8334,0.4064);
#8334 = AXIS2_PLACEMENT_3D('',#8335,#8336,#8337);
#8335 = CARTESIAN_POINT('',(-2.1082,-0.608013577002,1.2446));
#8336 = DIRECTION('',(1.,0.,0.));
#8337 = DIRECTION('',(0.,0.,-1.));
#8338 = ORIENTED_EDGE('',*,*,#8339,.F.);
#8339 = EDGE_CURVE('',#8340,#8331,#8342,.T.);
#8340 = VERTEX_POINT('',#8341);
#8341 = CARTESIAN_POINT('',(-1.7018,-0.608013577002,0.8382));
#8342 = LINE('',#8343,#8344);
#8343 = CARTESIAN_POINT('',(3.3782,-0.608013577002,0.8382));
#8344 = VECTOR('',#8345,1.);
#8345 = DIRECTION('',(-1.,0.,0.));
#8346 = ORIENTED_EDGE('',*,*,#8347,.T.);
#8347 = EDGE_CURVE('',#8340,#8166,#8348,.T.);
#8348 = CIRCLE('',#8349,0.4064);
#8349 = AXIS2_PLACEMENT_3D('',#8350,#8351,#8352);
#8350 = CARTESIAN_POINT('',(-1.7018,-0.608013577002,1.2446));
#8351 = DIRECTION('',(-1.,0.,0.));
#8352 = DIRECTION('',(0.,0.,1.));
#8353 = ORIENTED_EDGE('',*,*,#8174,.T.);
#8354 = CYLINDRICAL_SURFACE('',#8355,0.4064);
#8355 = AXIS2_PLACEMENT_3D('',#8356,#8357,#8358);
#8356 = CARTESIAN_POINT('',(3.3782,-0.608013577002,1.2446));
#8357 = DIRECTION('',(-1.,0.,0.));
#8358 = DIRECTION('',(0.,0.,1.));
#8359 = ADVANCED_FACE('',(#8360),#8385,.T.);
#8360 = FACE_BOUND('',#8361,.T.);
#8361 = EDGE_LOOP('',(#8362,#8370,#8371,#8379));
#8362 = ORIENTED_EDGE('',*,*,#8363,.F.);
#8363 = EDGE_CURVE('',#8209,#8364,#8366,.T.);
#8364 = VERTEX_POINT('',#8365);
#8365 = CARTESIAN_POINT('',(2.9718,-2.075045879438E-17,0.8382));
#8366 = LINE('',#8367,#8368);
#8367 = CARTESIAN_POINT('',(2.9718,-0.608013577002,0.8382));
#8368 = VECTOR('',#8369,1.);
#8369 = DIRECTION('',(0.,1.,0.));
#8370 = ORIENTED_EDGE('',*,*,#8217,.F.);
#8371 = ORIENTED_EDGE('',*,*,#8372,.T.);
#8372 = EDGE_CURVE('',#8199,#8373,#8375,.T.);
#8373 = VERTEX_POINT('',#8374);
#8374 = CARTESIAN_POINT('',(3.3782,0.,0.8382));
#8375 = LINE('',#8376,#8377);
#8376 = CARTESIAN_POINT('',(3.3782,-0.608013577002,0.8382));
#8377 = VECTOR('',#8378,1.);
#8378 = DIRECTION('',(0.,1.,0.));
#8379 = ORIENTED_EDGE('',*,*,#8380,.T.);
#8380 = EDGE_CURVE('',#8373,#8364,#8381,.T.);
#8381 = LINE('',#8382,#8383);
#8382 = CARTESIAN_POINT('',(3.3782,0.,0.8382));
#8383 = VECTOR('',#8384,1.);
#8384 = DIRECTION('',(-1.,0.,0.));
#8385 = PLANE('',#8386);
#8386 = AXIS2_PLACEMENT_3D('',#8387,#8388,#8389);
#8387 = CARTESIAN_POINT('',(3.3782,-0.608013577002,0.8382));
#8388 = DIRECTION('',(0.,0.,1.));
#8389 = DIRECTION('',(1.,0.,-0.));
#8390 = ADVANCED_FACE('',(#8391),#8416,.T.);
#8391 = FACE_BOUND('',#8392,.T.);
#8392 = EDGE_LOOP('',(#8393,#8401,#8409,#8415));
#8393 = ORIENTED_EDGE('',*,*,#8394,.F.);
#8394 = EDGE_CURVE('',#8395,#8241,#8397,.T.);
#8395 = VERTEX_POINT('',#8396);
#8396 = CARTESIAN_POINT('',(2.1082,-2.075045879438E-17,0.8382));
#8397 = LINE('',#8398,#8399);
#8398 = CARTESIAN_POINT('',(2.1082,-0.608013577002,0.8382));
#8399 = VECTOR('',#8400,1.);
#8400 = DIRECTION('',(0.,-1.,0.));
#8401 = ORIENTED_EDGE('',*,*,#8402,.T.);
#8402 = EDGE_CURVE('',#8395,#8403,#8405,.T.);
#8403 = VERTEX_POINT('',#8404);
#8404 = CARTESIAN_POINT('',(1.7018,-2.075045879438E-17,0.8382));
#8405 = LINE('',#8406,#8407);
#8406 = CARTESIAN_POINT('',(3.3782,0.,0.8382));
#8407 = VECTOR('',#8408,1.);
#8408 = DIRECTION('',(-1.,0.,0.));
#8409 = ORIENTED_EDGE('',*,*,#8410,.F.);
#8410 = EDGE_CURVE('',#8232,#8403,#8411,.T.);
#8411 = LINE('',#8412,#8413);
#8412 = CARTESIAN_POINT('',(1.7018,-0.608013577002,0.8382));
#8413 = VECTOR('',#8414,1.);
#8414 = DIRECTION('',(0.,1.,0.));
#8415 = ORIENTED_EDGE('',*,*,#8240,.F.);
#8416 = PLANE('',#8417);
#8417 = AXIS2_PLACEMENT_3D('',#8418,#8419,#8420);
#8418 = CARTESIAN_POINT('',(3.3782,-0.608013577002,0.8382));
#8419 = DIRECTION('',(0.,0.,1.));
#8420 = DIRECTION('',(1.,0.,-0.));
#8421 = ADVANCED_FACE('',(#8422),#8447,.T.);
#8422 = FACE_BOUND('',#8423,.T.);
#8423 = EDGE_LOOP('',(#8424,#8432,#8440,#8446));
#8424 = ORIENTED_EDGE('',*,*,#8425,.F.);
#8425 = EDGE_CURVE('',#8426,#8274,#8428,.T.);
#8426 = VERTEX_POINT('',#8427);
#8427 = CARTESIAN_POINT('',(0.8382,-2.075045879438E-17,0.8382));
#8428 = LINE('',#8429,#8430);
#8429 = CARTESIAN_POINT('',(0.8382,-0.608013577002,0.8382));
#8430 = VECTOR('',#8431,1.);
#8431 = DIRECTION('',(0.,-1.,0.));
#8432 = ORIENTED_EDGE('',*,*,#8433,.T.);
#8433 = EDGE_CURVE('',#8426,#8434,#8436,.T.);
#8434 = VERTEX_POINT('',#8435);
#8435 = CARTESIAN_POINT('',(0.4318,-2.075045879438E-17,0.8382));
#8436 = LINE('',#8437,#8438);
#8437 = CARTESIAN_POINT('',(3.3782,0.,0.8382));
#8438 = VECTOR('',#8439,1.);
#8439 = DIRECTION('',(-1.,0.,0.));
#8440 = ORIENTED_EDGE('',*,*,#8441,.F.);
#8441 = EDGE_CURVE('',#8265,#8434,#8442,.T.);
#8442 = LINE('',#8443,#8444);
#8443 = CARTESIAN_POINT('',(0.4318,-0.608013577002,0.8382));
#8444 = VECTOR('',#8445,1.);
#8445 = DIRECTION('',(0.,1.,0.));
#8446 = ORIENTED_EDGE('',*,*,#8273,.F.);
#8447 = PLANE('',#8448);
#8448 = AXIS2_PLACEMENT_3D('',#8449,#8450,#8451);
#8449 = CARTESIAN_POINT('',(3.3782,-0.608013577002,0.8382));
#8450 = DIRECTION('',(0.,0.,1.));
#8451 = DIRECTION('',(1.,0.,-0.));
#8452 = ADVANCED_FACE('',(#8453),#8478,.T.);
#8453 = FACE_BOUND('',#8454,.T.);
#8454 = EDGE_LOOP('',(#8455,#8463,#8471,#8477));
#8455 = ORIENTED_EDGE('',*,*,#8456,.F.);
#8456 = EDGE_CURVE('',#8457,#8307,#8459,.T.);
#8457 = VERTEX_POINT('',#8458);
#8458 = CARTESIAN_POINT('',(-0.4318,-2.075045879438E-17,0.8382));
#8459 = LINE('',#8460,#8461);
#8460 = CARTESIAN_POINT('',(-0.4318,-0.608013577002,0.8382));
#8461 = VECTOR('',#8462,1.);
#8462 = DIRECTION('',(0.,-1.,0.));
#8463 = ORIENTED_EDGE('',*,*,#8464,.T.);
#8464 = EDGE_CURVE('',#8457,#8465,#8467,.T.);
#8465 = VERTEX_POINT('',#8466);
#8466 = CARTESIAN_POINT('',(-0.8382,-2.075045879438E-17,0.8382));
#8467 = LINE('',#8468,#8469);
#8468 = CARTESIAN_POINT('',(3.3782,0.,0.8382));
#8469 = VECTOR('',#8470,1.);
#8470 = DIRECTION('',(-1.,0.,0.));
#8471 = ORIENTED_EDGE('',*,*,#8472,.F.);
#8472 = EDGE_CURVE('',#8298,#8465,#8473,.T.);
#8473 = LINE('',#8474,#8475);
#8474 = CARTESIAN_POINT('',(-0.8382,-0.608013577002,0.8382));
#8475 = VECTOR('',#8476,1.);
#8476 = DIRECTION('',(0.,1.,0.));
#8477 = ORIENTED_EDGE('',*,*,#8306,.F.);
#8478 = PLANE('',#8479);
#8479 = AXIS2_PLACEMENT_3D('',#8480,#8481,#8482);
#8480 = CARTESIAN_POINT('',(3.3782,-0.608013577002,0.8382));
#8481 = DIRECTION('',(0.,0.,1.));
#8482 = DIRECTION('',(1.,0.,-0.));
#8483 = ADVANCED_FACE('',(#8484),#8509,.T.);
#8484 = FACE_BOUND('',#8485,.T.);
#8485 = EDGE_LOOP('',(#8486,#8494,#8502,#8508));
#8486 = ORIENTED_EDGE('',*,*,#8487,.F.);
#8487 = EDGE_CURVE('',#8488,#8340,#8490,.T.);
#8488 = VERTEX_POINT('',#8489);
#8489 = CARTESIAN_POINT('',(-1.7018,-2.075045879438E-17,0.8382));
#8490 = LINE('',#8491,#8492);
#8491 = CARTESIAN_POINT('',(-1.7018,-0.608013577002,0.8382));
#8492 = VECTOR('',#8493,1.);
#8493 = DIRECTION('',(0.,-1.,0.));
#8494 = ORIENTED_EDGE('',*,*,#8495,.T.);
#8495 = EDGE_CURVE('',#8488,#8496,#8498,.T.);
#8496 = VERTEX_POINT('',#8497);
#8497 = CARTESIAN_POINT('',(-2.1082,-2.075045879438E-17,0.8382));
#8498 = LINE('',#8499,#8500);
#8499 = CARTESIAN_POINT('',(3.3782,0.,0.8382));
#8500 = VECTOR('',#8501,1.);
#8501 = DIRECTION('',(-1.,0.,0.));
#8502 = ORIENTED_EDGE('',*,*,#8503,.F.);
#8503 = EDGE_CURVE('',#8331,#8496,#8504,.T.);
#8504 = LINE('',#8505,#8506);
#8505 = CARTESIAN_POINT('',(-2.1082,-0.608013577002,0.8382));
#8506 = VECTOR('',#8507,1.);
#8507 = DIRECTION('',(0.,1.,0.));
#8508 = ORIENTED_EDGE('',*,*,#8339,.F.);
#8509 = PLANE('',#8510);
#8510 = AXIS2_PLACEMENT_3D('',#8511,#8512,#8513);
#8511 = CARTESIAN_POINT('',(3.3782,-0.608013577002,0.8382));
#8512 = DIRECTION('',(0.,0.,1.));
#8513 = DIRECTION('',(1.,0.,-0.));
#8514 = ADVANCED_FACE('',(#8515),#8664,.T.);
#8515 = FACE_BOUND('',#8516,.T.);
#8516 = EDGE_LOOP('',(#8517,#8525,#8533,#8539,#8540,#8548,#8556,#8562,
    #8563,#8571,#8579,#8585,#8586,#8594,#8602,#8608,#8609,#8617,#8625,
    #8633,#8641,#8649,#8657,#8663));
#8517 = ORIENTED_EDGE('',*,*,#8518,.F.);
#8518 = EDGE_CURVE('',#8519,#5249,#8521,.T.);
#8519 = VERTEX_POINT('',#8520);
#8520 = CARTESIAN_POINT('',(2.9718,0.254,-0.491487377873));
#8521 = LINE('',#8522,#8523);
#8522 = CARTESIAN_POINT('',(2.9718,0.614061289992,0.));
#8523 = VECTOR('',#8524,1.);
#8524 = DIRECTION('',(0.,-0.590976380639,-0.806688860421));
#8525 = ORIENTED_EDGE('',*,*,#8526,.F.);
#8526 = EDGE_CURVE('',#8527,#8519,#8529,.T.);
#8527 = VERTEX_POINT('',#8528);
#8528 = CARTESIAN_POINT('',(2.1082,0.254,-0.491487377873));
#8529 = LINE('',#8530,#8531);
#8530 = CARTESIAN_POINT('',(3.3782,0.254,-0.491487377873));
#8531 = VECTOR('',#8532,1.);
#8532 = DIRECTION('',(1.,-2.510889700059E-16,-3.42739036134E-16));
#8533 = ORIENTED_EDGE('',*,*,#8534,.F.);
#8534 = EDGE_CURVE('',#5291,#8527,#8535,.T.);
#8535 = LINE('',#8536,#8537);
#8536 = CARTESIAN_POINT('',(2.1082,0.614061289992,0.));
#8537 = VECTOR('',#8538,1.);
#8538 = DIRECTION('',(0.,0.590976380639,0.806688860421));
#8539 = ORIENTED_EDGE('',*,*,#5314,.T.);
#8540 = ORIENTED_EDGE('',*,*,#8541,.F.);
#8541 = EDGE_CURVE('',#8542,#5307,#8544,.T.);
#8542 = VERTEX_POINT('',#8543);
#8543 = CARTESIAN_POINT('',(1.7018,0.254,-0.491487377873));
#8544 = LINE('',#8545,#8546);
#8545 = CARTESIAN_POINT('',(1.7018,0.614061289992,0.));
#8546 = VECTOR('',#8547,1.);
#8547 = DIRECTION('',(0.,-0.590976380639,-0.806688860421));
#8548 = ORIENTED_EDGE('',*,*,#8549,.F.);
#8549 = EDGE_CURVE('',#8550,#8542,#8552,.T.);
#8550 = VERTEX_POINT('',#8551);
#8551 = CARTESIAN_POINT('',(0.8382,0.254,-0.491487377873));
#8552 = LINE('',#8553,#8554);
#8553 = CARTESIAN_POINT('',(3.3782,0.254,-0.491487377873));
#8554 = VECTOR('',#8555,1.);
#8555 = DIRECTION('',(1.,-2.510889700059E-16,-3.42739036134E-16));
#8556 = ORIENTED_EDGE('',*,*,#8557,.F.);
#8557 = EDGE_CURVE('',#5331,#8550,#8558,.T.);
#8558 = LINE('',#8559,#8560);
#8559 = CARTESIAN_POINT('',(0.8382,0.614061289992,0.));
#8560 = VECTOR('',#8561,1.);
#8561 = DIRECTION('',(0.,0.590976380639,0.806688860421));
#8562 = ORIENTED_EDGE('',*,*,#5354,.T.);
#8563 = ORIENTED_EDGE('',*,*,#8564,.F.);
#8564 = EDGE_CURVE('',#8565,#5347,#8567,.T.);
#8565 = VERTEX_POINT('',#8566);
#8566 = CARTESIAN_POINT('',(0.4318,0.254,-0.491487377873));
#8567 = LINE('',#8568,#8569);
#8568 = CARTESIAN_POINT('',(0.4318,0.614061289992,0.));
#8569 = VECTOR('',#8570,1.);
#8570 = DIRECTION('',(0.,-0.590976380639,-0.806688860421));
#8571 = ORIENTED_EDGE('',*,*,#8572,.F.);
#8572 = EDGE_CURVE('',#8573,#8565,#8575,.T.);
#8573 = VERTEX_POINT('',#8574);
#8574 = CARTESIAN_POINT('',(-0.4318,0.254,-0.491487377873));
#8575 = LINE('',#8576,#8577);
#8576 = CARTESIAN_POINT('',(3.3782,0.254,-0.491487377873));
#8577 = VECTOR('',#8578,1.);
#8578 = DIRECTION('',(1.,-2.510889700059E-16,-3.42739036134E-16));
#8579 = ORIENTED_EDGE('',*,*,#8580,.F.);
#8580 = EDGE_CURVE('',#5371,#8573,#8581,.T.);
#8581 = LINE('',#8582,#8583);
#8582 = CARTESIAN_POINT('',(-0.4318,0.614061289992,0.));
#8583 = VECTOR('',#8584,1.);
#8584 = DIRECTION('',(0.,0.590976380639,0.806688860421));
#8585 = ORIENTED_EDGE('',*,*,#5394,.T.);
#8586 = ORIENTED_EDGE('',*,*,#8587,.F.);
#8587 = EDGE_CURVE('',#8588,#5387,#8590,.T.);
#8588 = VERTEX_POINT('',#8589);
#8589 = CARTESIAN_POINT('',(-0.8382,0.254,-0.491487377873));
#8590 = LINE('',#8591,#8592);
#8591 = CARTESIAN_POINT('',(-0.8382,0.614061289992,0.));
#8592 = VECTOR('',#8593,1.);
#8593 = DIRECTION('',(0.,-0.590976380639,-0.806688860421));
#8594 = ORIENTED_EDGE('',*,*,#8595,.F.);
#8595 = EDGE_CURVE('',#8596,#8588,#8598,.T.);
#8596 = VERTEX_POINT('',#8597);
#8597 = CARTESIAN_POINT('',(-1.7018,0.254,-0.491487377873));
#8598 = LINE('',#8599,#8600);
#8599 = CARTESIAN_POINT('',(3.3782,0.254,-0.491487377873));
#8600 = VECTOR('',#8601,1.);
#8601 = DIRECTION('',(1.,-2.510889700059E-16,-3.42739036134E-16));
#8602 = ORIENTED_EDGE('',*,*,#8603,.F.);
#8603 = EDGE_CURVE('',#5411,#8596,#8604,.T.);
#8604 = LINE('',#8605,#8606);
#8605 = CARTESIAN_POINT('',(-1.7018,0.614061289992,0.));
#8606 = VECTOR('',#8607,1.);
#8607 = DIRECTION('',(0.,0.590976380639,0.806688860421));
#8608 = ORIENTED_EDGE('',*,*,#5434,.T.);
#8609 = ORIENTED_EDGE('',*,*,#8610,.F.);
#8610 = EDGE_CURVE('',#8611,#5427,#8613,.T.);
#8611 = VERTEX_POINT('',#8612);
#8612 = CARTESIAN_POINT('',(-2.1082,0.254,-0.491487377873));
#8613 = LINE('',#8614,#8615);
#8614 = CARTESIAN_POINT('',(-2.1082,0.614061289992,0.));
#8615 = VECTOR('',#8616,1.);
#8616 = DIRECTION('',(0.,-0.590976380639,-0.806688860421));
#8617 = ORIENTED_EDGE('',*,*,#8618,.F.);
#8618 = EDGE_CURVE('',#8619,#8611,#8621,.T.);
#8619 = VERTEX_POINT('',#8620);
#8620 = CARTESIAN_POINT('',(-2.9718,0.254,-0.491487377873));
#8621 = LINE('',#8622,#8623);
#8622 = CARTESIAN_POINT('',(3.3782,0.254,-0.491487377873));
#8623 = VECTOR('',#8624,1.);
#8624 = DIRECTION('',(1.,-2.510889700059E-16,-3.42739036134E-16));
#8625 = ORIENTED_EDGE('',*,*,#8626,.F.);
#8626 = EDGE_CURVE('',#8627,#8619,#8629,.T.);
#8627 = VERTEX_POINT('',#8628);
#8628 = CARTESIAN_POINT('',(-2.9718,0.,-0.8382));
#8629 = LINE('',#8630,#8631);
#8630 = CARTESIAN_POINT('',(-2.9718,0.614061289992,0.));
#8631 = VECTOR('',#8632,1.);
#8632 = DIRECTION('',(0.,0.590976380639,0.806688860421));
#8633 = ORIENTED_EDGE('',*,*,#8634,.T.);
#8634 = EDGE_CURVE('',#8627,#8635,#8637,.T.);
#8635 = VERTEX_POINT('',#8636);
#8636 = CARTESIAN_POINT('',(-3.3782,0.,-0.8382));
#8637 = LINE('',#8638,#8639);
#8638 = CARTESIAN_POINT('',(3.3782,0.,-0.8382));
#8639 = VECTOR('',#8640,1.);
#8640 = DIRECTION('',(-1.,0.,0.));
#8641 = ORIENTED_EDGE('',*,*,#8642,.F.);
#8642 = EDGE_CURVE('',#8643,#8635,#8645,.T.);
#8643 = VERTEX_POINT('',#8644);
#8644 = CARTESIAN_POINT('',(-3.3782,0.614061289992,1.084202172486E-16));
#8645 = LINE('',#8646,#8647);
#8646 = CARTESIAN_POINT('',(-3.3782,0.614061289992,0.));
#8647 = VECTOR('',#8648,1.);
#8648 = DIRECTION('',(0.,-0.590976380639,-0.806688860421));
#8649 = ORIENTED_EDGE('',*,*,#8650,.F.);
#8650 = EDGE_CURVE('',#8651,#8643,#8653,.T.);
#8651 = VERTEX_POINT('',#8652);
#8652 = CARTESIAN_POINT('',(3.3782,0.614061289992,1.084202172486E-16));
#8653 = LINE('',#8654,#8655);
#8654 = CARTESIAN_POINT('',(3.3782,0.614061289992,1.084202172486E-16));
#8655 = VECTOR('',#8656,1.);
#8656 = DIRECTION('',(-1.,0.,0.));
#8657 = ORIENTED_EDGE('',*,*,#8658,.T.);
#8658 = EDGE_CURVE('',#8651,#5259,#8659,.T.);
#8659 = LINE('',#8660,#8661);
#8660 = CARTESIAN_POINT('',(3.3782,0.614061289992,0.));
#8661 = VECTOR('',#8662,1.);
#8662 = DIRECTION('',(0.,-0.590976380639,-0.806688860421));
#8663 = ORIENTED_EDGE('',*,*,#5258,.T.);
#8664 = PLANE('',#8665);
#8665 = AXIS2_PLACEMENT_3D('',#8666,#8667,#8668);
#8666 = CARTESIAN_POINT('',(3.3782,0.614061289992,0.));
#8667 = DIRECTION('',(0.,0.806688860421,-0.590976380639));
#8668 = DIRECTION('',(0.,0.590976380639,0.806688860421));
#8669 = ADVANCED_FACE('',(#8670),#8695,.T.);
#8670 = FACE_BOUND('',#8671,.T.);
#8671 = EDGE_LOOP('',(#8672,#8680,#8688,#8694));
#8672 = ORIENTED_EDGE('',*,*,#8673,.F.);
#8673 = EDGE_CURVE('',#8674,#8627,#8676,.T.);
#8674 = VERTEX_POINT('',#8675);
#8675 = CARTESIAN_POINT('',(-2.9718,-2.54,-0.8382));
#8676 = LINE('',#8677,#8678);
#8677 = CARTESIAN_POINT('',(-2.9718,0.,-0.8382));
#8678 = VECTOR('',#8679,1.);
#8679 = DIRECTION('',(0.,1.,0.));
#8680 = ORIENTED_EDGE('',*,*,#8681,.T.);
#8681 = EDGE_CURVE('',#8674,#8682,#8684,.T.);
#8682 = VERTEX_POINT('',#8683);
#8683 = CARTESIAN_POINT('',(-3.3782,-2.54,-0.8382));
#8684 = LINE('',#8685,#8686);
#8685 = CARTESIAN_POINT('',(3.3782,-2.54,-0.8382));
#8686 = VECTOR('',#8687,1.);
#8687 = DIRECTION('',(-1.,0.,0.));
#8688 = ORIENTED_EDGE('',*,*,#8689,.F.);
#8689 = EDGE_CURVE('',#8635,#8682,#8690,.T.);
#8690 = LINE('',#8691,#8692);
#8691 = CARTESIAN_POINT('',(-3.3782,0.,-0.8382));
#8692 = VECTOR('',#8693,1.);
#8693 = DIRECTION('',(0.,-1.,0.));
#8694 = ORIENTED_EDGE('',*,*,#8634,.F.);
#8695 = PLANE('',#8696);
#8696 = AXIS2_PLACEMENT_3D('',#8697,#8698,#8699);
#8697 = CARTESIAN_POINT('',(3.3782,0.,-0.8382));
#8698 = DIRECTION('',(0.,0.,-1.));
#8699 = DIRECTION('',(-1.,0.,0.));
#8700 = ADVANCED_FACE('',(#8701),#8728,.T.);
#8701 = FACE_BOUND('',#8702,.T.);
#8702 = EDGE_LOOP('',(#8703,#8712,#8720,#8727));
#8703 = ORIENTED_EDGE('',*,*,#8704,.T.);
#8704 = EDGE_CURVE('',#8674,#8705,#8707,.T.);
#8705 = VERTEX_POINT('',#8706);
#8706 = CARTESIAN_POINT('',(-2.9718,-3.236353008596,-0.444609169054));
#8707 = CIRCLE('',#8708,0.8128);
#8708 = AXIS2_PLACEMENT_3D('',#8709,#8710,#8711);
#8709 = CARTESIAN_POINT('',(-2.9718,-2.54,-2.53999999997E-02));
#8710 = DIRECTION('',(-1.,0.,0.));
#8711 = DIRECTION('',(0.,0.,1.));
#8712 = ORIENTED_EDGE('',*,*,#8713,.T.);
#8713 = EDGE_CURVE('',#8705,#8714,#8716,.T.);
#8714 = VERTEX_POINT('',#8715);
#8715 = CARTESIAN_POINT('',(-3.3782,-3.236353008596,-0.444609169054));
#8716 = LINE('',#8717,#8718);
#8717 = CARTESIAN_POINT('',(3.3782,-3.236353008596,-0.444609169054));
#8718 = VECTOR('',#8719,1.);
#8719 = DIRECTION('',(-1.,0.,0.));
#8720 = ORIENTED_EDGE('',*,*,#8721,.F.);
#8721 = EDGE_CURVE('',#8682,#8714,#8722,.T.);
#8722 = CIRCLE('',#8723,0.8128);
#8723 = AXIS2_PLACEMENT_3D('',#8724,#8725,#8726);
#8724 = CARTESIAN_POINT('',(-3.3782,-2.54,-2.53999999997E-02));
#8725 = DIRECTION('',(-1.,0.,0.));
#8726 = DIRECTION('',(0.,0.,1.));
#8727 = ORIENTED_EDGE('',*,*,#8681,.F.);
#8728 = CYLINDRICAL_SURFACE('',#8729,0.8128);
#8729 = AXIS2_PLACEMENT_3D('',#8730,#8731,#8732);
#8730 = CARTESIAN_POINT('',(3.3782,-2.54,-2.53999999997E-02));
#8731 = DIRECTION('',(-1.,0.,0.));
#8732 = DIRECTION('',(0.,0.,1.));
#8733 = ADVANCED_FACE('',(#8734),#8759,.T.);
#8734 = FACE_BOUND('',#8735,.T.);
#8735 = EDGE_LOOP('',(#8736,#8744,#8752,#8758));
#8736 = ORIENTED_EDGE('',*,*,#8737,.F.);
#8737 = EDGE_CURVE('',#8738,#8705,#8740,.T.);
#8738 = VERTEX_POINT('',#8739);
#8739 = CARTESIAN_POINT('',(-2.9718,-4.173023495702,1.111304584528));
#8740 = LINE('',#8741,#8742);
#8741 = CARTESIAN_POINT('',(-2.9718,-3.236353008596,-0.444609169054));
#8742 = VECTOR('',#8743,1.);
#8743 = DIRECTION('',(0.,0.515759312321,-0.856733524355));
#8744 = ORIENTED_EDGE('',*,*,#8745,.T.);
#8745 = EDGE_CURVE('',#8738,#8746,#8748,.T.);
#8746 = VERTEX_POINT('',#8747);
#8747 = CARTESIAN_POINT('',(-3.3782,-4.173023495702,1.111304584528));
#8748 = LINE('',#8749,#8750);
#8749 = CARTESIAN_POINT('',(3.3782,-4.173023495702,1.111304584528));
#8750 = VECTOR('',#8751,1.);
#8751 = DIRECTION('',(-1.,0.,0.));
#8752 = ORIENTED_EDGE('',*,*,#8753,.F.);
#8753 = EDGE_CURVE('',#8714,#8746,#8754,.T.);
#8754 = LINE('',#8755,#8756);
#8755 = CARTESIAN_POINT('',(-3.3782,-3.236353008596,-0.444609169054));
#8756 = VECTOR('',#8757,1.);
#8757 = DIRECTION('',(0.,-0.515759312321,0.856733524355));
#8758 = ORIENTED_EDGE('',*,*,#8713,.F.);
#8759 = PLANE('',#8760);
#8760 = AXIS2_PLACEMENT_3D('',#8761,#8762,#8763);
#8761 = CARTESIAN_POINT('',(3.3782,-3.236353008596,-0.444609169054));
#8762 = DIRECTION('',(0.,-0.856733524355,-0.515759312321));
#8763 = DIRECTION('',(0.,0.515759312321,-0.856733524355));
#8764 = ADVANCED_FACE('',(#8765),#8792,.F.);
#8765 = FACE_BOUND('',#8766,.F.);
#8766 = EDGE_LOOP('',(#8767,#8776,#8784,#8791));
#8767 = ORIENTED_EDGE('',*,*,#8768,.F.);
#8768 = EDGE_CURVE('',#8769,#8746,#8771,.T.);
#8769 = VERTEX_POINT('',#8770);
#8770 = CARTESIAN_POINT('',(-3.3782,-4.5212,1.3081));
#8771 = CIRCLE('',#8772,0.406399999999);
#8772 = AXIS2_PLACEMENT_3D('',#8773,#8774,#8775);
#8773 = CARTESIAN_POINT('',(-3.3782,-4.5212,0.901700000001));
#8774 = DIRECTION('',(-1.,0.,0.));
#8775 = DIRECTION('',(0.,0.,1.));
#8776 = ORIENTED_EDGE('',*,*,#8777,.F.);
#8777 = EDGE_CURVE('',#8778,#8769,#8780,.T.);
#8778 = VERTEX_POINT('',#8779);
#8779 = CARTESIAN_POINT('',(-2.9718,-4.5212,1.3081));
#8780 = LINE('',#8781,#8782);
#8781 = CARTESIAN_POINT('',(3.3782,-4.5212,1.3081));
#8782 = VECTOR('',#8783,1.);
#8783 = DIRECTION('',(-1.,0.,0.));
#8784 = ORIENTED_EDGE('',*,*,#8785,.T.);
#8785 = EDGE_CURVE('',#8778,#8738,#8786,.T.);
#8786 = CIRCLE('',#8787,0.406399999999);
#8787 = AXIS2_PLACEMENT_3D('',#8788,#8789,#8790);
#8788 = CARTESIAN_POINT('',(-2.9718,-4.5212,0.901700000001));
#8789 = DIRECTION('',(-1.,0.,0.));
#8790 = DIRECTION('',(0.,0.,1.));
#8791 = ORIENTED_EDGE('',*,*,#8745,.T.);
#8792 = CYLINDRICAL_SURFACE('',#8793,0.406399999999);
#8793 = AXIS2_PLACEMENT_3D('',#8794,#8795,#8796);
#8794 = CARTESIAN_POINT('',(3.3782,-4.5212,0.901700000001));
#8795 = DIRECTION('',(-1.,0.,0.));
#8796 = DIRECTION('',(0.,0.,1.));
#8797 = ADVANCED_FACE('',(#8798),#8823,.T.);
#8798 = FACE_BOUND('',#8799,.T.);
#8799 = EDGE_LOOP('',(#8800,#8808,#8816,#8822));
#8800 = ORIENTED_EDGE('',*,*,#8801,.F.);
#8801 = EDGE_CURVE('',#8802,#8778,#8804,.T.);
#8802 = VERTEX_POINT('',#8803);
#8803 = CARTESIAN_POINT('',(-2.9718,-5.334,1.3081));
#8804 = LINE('',#8805,#8806);
#8805 = CARTESIAN_POINT('',(-2.9718,-4.5212,1.3081));
#8806 = VECTOR('',#8807,1.);
#8807 = DIRECTION('',(0.,1.,0.));
#8808 = ORIENTED_EDGE('',*,*,#8809,.T.);
#8809 = EDGE_CURVE('',#8802,#8810,#8812,.T.);
#8810 = VERTEX_POINT('',#8811);
#8811 = CARTESIAN_POINT('',(-3.3782,-5.334,1.3081));
#8812 = LINE('',#8813,#8814);
#8813 = CARTESIAN_POINT('',(3.3782,-5.334,1.3081));
#8814 = VECTOR('',#8815,1.);
#8815 = DIRECTION('',(-1.,0.,0.));
#8816 = ORIENTED_EDGE('',*,*,#8817,.F.);
#8817 = EDGE_CURVE('',#8769,#8810,#8818,.T.);
#8818 = LINE('',#8819,#8820);
#8819 = CARTESIAN_POINT('',(-3.3782,-4.5212,1.3081));
#8820 = VECTOR('',#8821,1.);
#8821 = DIRECTION('',(0.,-1.,0.));
#8822 = ORIENTED_EDGE('',*,*,#8777,.F.);
#8823 = PLANE('',#8824);
#8824 = AXIS2_PLACEMENT_3D('',#8825,#8826,#8827);
#8825 = CARTESIAN_POINT('',(3.3782,-4.5212,1.3081));
#8826 = DIRECTION('',(0.,0.,-1.));
#8827 = DIRECTION('',(-1.,0.,0.));
#8828 = ADVANCED_FACE('',(#8829),#8854,.T.);
#8829 = FACE_BOUND('',#8830,.T.);
#8830 = EDGE_LOOP('',(#8831,#8839,#8847,#8853));
#8831 = ORIENTED_EDGE('',*,*,#8832,.F.);
#8832 = EDGE_CURVE('',#8833,#8802,#8835,.T.);
#8833 = VERTEX_POINT('',#8834);
#8834 = CARTESIAN_POINT('',(-2.9718,-5.334,1.7145));
#8835 = LINE('',#8836,#8837);
#8836 = CARTESIAN_POINT('',(-2.9718,-5.334,1.3081));
#8837 = VECTOR('',#8838,1.);
#8838 = DIRECTION('',(0.,0.,-1.));
#8839 = ORIENTED_EDGE('',*,*,#8840,.T.);
#8840 = EDGE_CURVE('',#8833,#8841,#8843,.T.);
#8841 = VERTEX_POINT('',#8842);
#8842 = CARTESIAN_POINT('',(-3.3782,-5.334,1.7145));
#8843 = LINE('',#8844,#8845);
#8844 = CARTESIAN_POINT('',(3.3782,-5.334,1.7145));
#8845 = VECTOR('',#8846,1.);
#8846 = DIRECTION('',(-1.,0.,0.));
#8847 = ORIENTED_EDGE('',*,*,#8848,.F.);
#8848 = EDGE_CURVE('',#8810,#8841,#8849,.T.);
#8849 = LINE('',#8850,#8851);
#8850 = CARTESIAN_POINT('',(-3.3782,-5.334,1.3081));
#8851 = VECTOR('',#8852,1.);
#8852 = DIRECTION('',(0.,0.,1.));
#8853 = ORIENTED_EDGE('',*,*,#8809,.F.);
#8854 = PLANE('',#8855);
#8855 = AXIS2_PLACEMENT_3D('',#8856,#8857,#8858);
#8856 = CARTESIAN_POINT('',(3.3782,-5.334,1.3081));
#8857 = DIRECTION('',(0.,-1.,0.));
#8858 = DIRECTION('',(0.,0.,-1.));
#8859 = ADVANCED_FACE('',(#8860),#8885,.T.);
#8860 = FACE_BOUND('',#8861,.T.);
#8861 = EDGE_LOOP('',(#8862,#8870,#8878,#8884));
#8862 = ORIENTED_EDGE('',*,*,#8863,.F.);
#8863 = EDGE_CURVE('',#8864,#8833,#8866,.T.);
#8864 = VERTEX_POINT('',#8865);
#8865 = CARTESIAN_POINT('',(-2.9718,-4.5212,1.7145));
#8866 = LINE('',#8867,#8868);
#8867 = CARTESIAN_POINT('',(-2.9718,-5.334,1.7145));
#8868 = VECTOR('',#8869,1.);
#8869 = DIRECTION('',(0.,-1.,0.));
#8870 = ORIENTED_EDGE('',*,*,#8871,.T.);
#8871 = EDGE_CURVE('',#8864,#8872,#8874,.T.);
#8872 = VERTEX_POINT('',#8873);
#8873 = CARTESIAN_POINT('',(-3.3782,-4.5212,1.7145));
#8874 = LINE('',#8875,#8876);
#8875 = CARTESIAN_POINT('',(3.3782,-4.5212,1.7145));
#8876 = VECTOR('',#8877,1.);
#8877 = DIRECTION('',(-1.,0.,0.));
#8878 = ORIENTED_EDGE('',*,*,#8879,.F.);
#8879 = EDGE_CURVE('',#8841,#8872,#8880,.T.);
#8880 = LINE('',#8881,#8882);
#8881 = CARTESIAN_POINT('',(-3.3782,-5.334,1.7145));
#8882 = VECTOR('',#8883,1.);
#8883 = DIRECTION('',(0.,1.,0.));
#8884 = ORIENTED_EDGE('',*,*,#8840,.F.);
#8885 = PLANE('',#8886);
#8886 = AXIS2_PLACEMENT_3D('',#8887,#8888,#8889);
#8887 = CARTESIAN_POINT('',(3.3782,-5.334,1.7145));
#8888 = DIRECTION('',(0.,0.,1.));
#8889 = DIRECTION('',(1.,0.,-0.));
#8890 = ADVANCED_FACE('',(#8891),#8918,.T.);
#8891 = FACE_BOUND('',#8892,.T.);
#8892 = EDGE_LOOP('',(#8893,#8902,#8910,#8917));
#8893 = ORIENTED_EDGE('',*,*,#8894,.T.);
#8894 = EDGE_CURVE('',#8864,#8895,#8897,.T.);
#8895 = VERTEX_POINT('',#8896);
#8896 = CARTESIAN_POINT('',(-2.9718,-3.824846991404,1.320909169054));
#8897 = CIRCLE('',#8898,0.8128);
#8898 = AXIS2_PLACEMENT_3D('',#8899,#8900,#8901);
#8899 = CARTESIAN_POINT('',(-2.9718,-4.5212,0.9017));
#8900 = DIRECTION('',(-1.,0.,0.));
#8901 = DIRECTION('',(0.,0.,1.));
#8902 = ORIENTED_EDGE('',*,*,#8903,.T.);
#8903 = EDGE_CURVE('',#8895,#8904,#8906,.T.);
#8904 = VERTEX_POINT('',#8905);
#8905 = CARTESIAN_POINT('',(-3.3782,-3.824846991404,1.320909169054));
#8906 = LINE('',#8907,#8908);
#8907 = CARTESIAN_POINT('',(3.3782,-3.824846991404,1.320909169054));
#8908 = VECTOR('',#8909,1.);
#8909 = DIRECTION('',(-1.,0.,0.));
#8910 = ORIENTED_EDGE('',*,*,#8911,.F.);
#8911 = EDGE_CURVE('',#8872,#8904,#8912,.T.);
#8912 = CIRCLE('',#8913,0.8128);
#8913 = AXIS2_PLACEMENT_3D('',#8914,#8915,#8916);
#8914 = CARTESIAN_POINT('',(-3.3782,-4.5212,0.9017));
#8915 = DIRECTION('',(-1.,0.,0.));
#8916 = DIRECTION('',(0.,0.,1.));
#8917 = ORIENTED_EDGE('',*,*,#8871,.F.);
#8918 = CYLINDRICAL_SURFACE('',#8919,0.8128);
#8919 = AXIS2_PLACEMENT_3D('',#8920,#8921,#8922);
#8920 = CARTESIAN_POINT('',(3.3782,-4.5212,0.9017));
#8921 = DIRECTION('',(-1.,0.,0.));
#8922 = DIRECTION('',(0.,0.,1.));
#8923 = ADVANCED_FACE('',(#8924),#8949,.T.);
#8924 = FACE_BOUND('',#8925,.T.);
#8925 = EDGE_LOOP('',(#8926,#8934,#8942,#8948));
#8926 = ORIENTED_EDGE('',*,*,#8927,.F.);
#8927 = EDGE_CURVE('',#8928,#8895,#8930,.T.);
#8928 = VERTEX_POINT('',#8929);
#8929 = CARTESIAN_POINT('',(-2.9718,-2.888176504298,-0.235004584528));
#8930 = LINE('',#8931,#8932);
#8931 = CARTESIAN_POINT('',(-2.9718,-3.824846991404,1.320909169054));
#8932 = VECTOR('',#8933,1.);
#8933 = DIRECTION('',(0.,-0.515759312321,0.856733524355));
#8934 = ORIENTED_EDGE('',*,*,#8935,.T.);
#8935 = EDGE_CURVE('',#8928,#8936,#8938,.T.);
#8936 = VERTEX_POINT('',#8937);
#8937 = CARTESIAN_POINT('',(-3.3782,-2.888176504298,-0.235004584528));
#8938 = LINE('',#8939,#8940);
#8939 = CARTESIAN_POINT('',(3.3782,-2.888176504298,-0.235004584528));
#8940 = VECTOR('',#8941,1.);
#8941 = DIRECTION('',(-1.,0.,0.));
#8942 = ORIENTED_EDGE('',*,*,#8943,.F.);
#8943 = EDGE_CURVE('',#8904,#8936,#8944,.T.);
#8944 = LINE('',#8945,#8946);
#8945 = CARTESIAN_POINT('',(-3.3782,-3.824846991404,1.320909169054));
#8946 = VECTOR('',#8947,1.);
#8947 = DIRECTION('',(0.,0.515759312321,-0.856733524355));
#8948 = ORIENTED_EDGE('',*,*,#8903,.F.);
#8949 = PLANE('',#8950);
#8950 = AXIS2_PLACEMENT_3D('',#8951,#8952,#8953);
#8951 = CARTESIAN_POINT('',(3.3782,-3.824846991404,1.320909169054));
#8952 = DIRECTION('',(0.,0.856733524355,0.515759312321));
#8953 = DIRECTION('',(0.,-0.515759312321,0.856733524355));
#8954 = ADVANCED_FACE('',(#8955),#8982,.F.);
#8955 = FACE_BOUND('',#8956,.F.);
#8956 = EDGE_LOOP('',(#8957,#8966,#8974,#8981));
#8957 = ORIENTED_EDGE('',*,*,#8958,.F.);
#8958 = EDGE_CURVE('',#8959,#8936,#8961,.T.);
#8959 = VERTEX_POINT('',#8960);
#8960 = CARTESIAN_POINT('',(-3.3782,-2.54,-0.4318));
#8961 = CIRCLE('',#8962,0.406399999999);
#8962 = AXIS2_PLACEMENT_3D('',#8963,#8964,#8965);
#8963 = CARTESIAN_POINT('',(-3.3782,-2.54,-2.540000000068E-02));
#8964 = DIRECTION('',(-1.,0.,0.));
#8965 = DIRECTION('',(0.,0.,1.));
#8966 = ORIENTED_EDGE('',*,*,#8967,.F.);
#8967 = EDGE_CURVE('',#8968,#8959,#8970,.T.);
#8968 = VERTEX_POINT('',#8969);
#8969 = CARTESIAN_POINT('',(-2.9718,-2.54,-0.4318));
#8970 = LINE('',#8971,#8972);
#8971 = CARTESIAN_POINT('',(3.3782,-2.54,-0.4318));
#8972 = VECTOR('',#8973,1.);
#8973 = DIRECTION('',(-1.,0.,0.));
#8974 = ORIENTED_EDGE('',*,*,#8975,.T.);
#8975 = EDGE_CURVE('',#8968,#8928,#8976,.T.);
#8976 = CIRCLE('',#8977,0.406399999999);
#8977 = AXIS2_PLACEMENT_3D('',#8978,#8979,#8980);
#8978 = CARTESIAN_POINT('',(-2.9718,-2.54,-2.540000000068E-02));
#8979 = DIRECTION('',(-1.,0.,0.));
#8980 = DIRECTION('',(0.,0.,1.));
#8981 = ORIENTED_EDGE('',*,*,#8935,.T.);
#8982 = CYLINDRICAL_SURFACE('',#8983,0.406399999999);
#8983 = AXIS2_PLACEMENT_3D('',#8984,#8985,#8986);
#8984 = CARTESIAN_POINT('',(3.3782,-2.54,-2.540000000068E-02));
#8985 = DIRECTION('',(-1.,0.,0.));
#8986 = DIRECTION('',(0.,0.,1.));
#8987 = ADVANCED_FACE('',(#8988),#9013,.T.);
#8988 = FACE_BOUND('',#8989,.T.);
#8989 = EDGE_LOOP('',(#8990,#8998,#9006,#9012));
#8990 = ORIENTED_EDGE('',*,*,#8991,.F.);
#8991 = EDGE_CURVE('',#8992,#8968,#8994,.T.);
#8992 = VERTEX_POINT('',#8993);
#8993 = CARTESIAN_POINT('',(-2.9718,0.254,-0.4318));
#8994 = LINE('',#8995,#8996);
#8995 = CARTESIAN_POINT('',(-2.9718,-2.54,-0.4318));
#8996 = VECTOR('',#8997,1.);
#8997 = DIRECTION('',(0.,-1.,0.));
#8998 = ORIENTED_EDGE('',*,*,#8999,.T.);
#8999 = EDGE_CURVE('',#8992,#9000,#9002,.T.);
#9000 = VERTEX_POINT('',#9001);
#9001 = CARTESIAN_POINT('',(-3.3782,0.254,-0.4318));
#9002 = LINE('',#9003,#9004);
#9003 = CARTESIAN_POINT('',(3.3782,0.254,-0.4318));
#9004 = VECTOR('',#9005,1.);
#9005 = DIRECTION('',(-1.,0.,0.));
#9006 = ORIENTED_EDGE('',*,*,#9007,.F.);
#9007 = EDGE_CURVE('',#8959,#9000,#9008,.T.);
#9008 = LINE('',#9009,#9010);
#9009 = CARTESIAN_POINT('',(-3.3782,-2.54,-0.4318));
#9010 = VECTOR('',#9011,1.);
#9011 = DIRECTION('',(0.,1.,0.));
#9012 = ORIENTED_EDGE('',*,*,#8967,.F.);
#9013 = PLANE('',#9014);
#9014 = AXIS2_PLACEMENT_3D('',#9015,#9016,#9017);
#9015 = CARTESIAN_POINT('',(3.3782,-2.54,-0.4318));
#9016 = DIRECTION('',(0.,0.,1.));
#9017 = DIRECTION('',(1.,0.,-0.));
#9018 = ADVANCED_FACE('',(#9019),#9229,.T.);
#9019 = FACE_BOUND('',#9020,.T.);
#9020 = EDGE_LOOP('',(#9021,#9022,#9028,#9029,#9035,#9036,#9042,#9043,
    #9049,#9050,#9056,#9057,#9063,#9064,#9070,#9071,#9077,#9078,#9084,
    #9085,#9091,#9092,#9098,#9099,#9107,#9115,#9121,#9122,#9130,#9138,
    #9144,#9145,#9153,#9161,#9167,#9168,#9176,#9184,#9190,#9191,#9199,
    #9207,#9215,#9223));
#9021 = ORIENTED_EDGE('',*,*,#8999,.F.);
#9022 = ORIENTED_EDGE('',*,*,#9023,.T.);
#9023 = EDGE_CURVE('',#8992,#8619,#9024,.T.);
#9024 = LINE('',#9025,#9026);
#9025 = CARTESIAN_POINT('',(-2.9718,0.254,12.7));
#9026 = VECTOR('',#9027,1.);
#9027 = DIRECTION('',(0.,0.,-1.));
#9028 = ORIENTED_EDGE('',*,*,#8618,.T.);
#9029 = ORIENTED_EDGE('',*,*,#9030,.F.);
#9030 = EDGE_CURVE('',#7016,#8611,#9031,.T.);
#9031 = LINE('',#9032,#9033);
#9032 = CARTESIAN_POINT('',(-2.1082,0.254,12.7));
#9033 = VECTOR('',#9034,1.);
#9034 = DIRECTION('',(0.,0.,-1.));
#9035 = ORIENTED_EDGE('',*,*,#7015,.F.);
#9036 = ORIENTED_EDGE('',*,*,#9037,.T.);
#9037 = EDGE_CURVE('',#7008,#8596,#9038,.T.);
#9038 = LINE('',#9039,#9040);
#9039 = CARTESIAN_POINT('',(-1.7018,0.254,12.7));
#9040 = VECTOR('',#9041,1.);
#9041 = DIRECTION('',(0.,0.,-1.));
#9042 = ORIENTED_EDGE('',*,*,#8595,.T.);
#9043 = ORIENTED_EDGE('',*,*,#9044,.F.);
#9044 = EDGE_CURVE('',#6985,#8588,#9045,.T.);
#9045 = LINE('',#9046,#9047);
#9046 = CARTESIAN_POINT('',(-0.8382,0.254,12.7));
#9047 = VECTOR('',#9048,1.);
#9048 = DIRECTION('',(0.,0.,-1.));
#9049 = ORIENTED_EDGE('',*,*,#6984,.F.);
#9050 = ORIENTED_EDGE('',*,*,#9051,.T.);
#9051 = EDGE_CURVE('',#6977,#8573,#9052,.T.);
#9052 = LINE('',#9053,#9054);
#9053 = CARTESIAN_POINT('',(-0.4318,0.254,12.7));
#9054 = VECTOR('',#9055,1.);
#9055 = DIRECTION('',(0.,0.,-1.));
#9056 = ORIENTED_EDGE('',*,*,#8572,.T.);
#9057 = ORIENTED_EDGE('',*,*,#9058,.F.);
#9058 = EDGE_CURVE('',#6954,#8565,#9059,.T.);
#9059 = LINE('',#9060,#9061);
#9060 = CARTESIAN_POINT('',(0.4318,0.254,12.7));
#9061 = VECTOR('',#9062,1.);
#9062 = DIRECTION('',(0.,0.,-1.));
#9063 = ORIENTED_EDGE('',*,*,#6953,.F.);
#9064 = ORIENTED_EDGE('',*,*,#9065,.T.);
#9065 = EDGE_CURVE('',#6946,#8550,#9066,.T.);
#9066 = LINE('',#9067,#9068);
#9067 = CARTESIAN_POINT('',(0.8382,0.254,12.7));
#9068 = VECTOR('',#9069,1.);
#9069 = DIRECTION('',(0.,0.,-1.));
#9070 = ORIENTED_EDGE('',*,*,#8549,.T.);
#9071 = ORIENTED_EDGE('',*,*,#9072,.F.);
#9072 = EDGE_CURVE('',#6923,#8542,#9073,.T.);
#9073 = LINE('',#9074,#9075);
#9074 = CARTESIAN_POINT('',(1.7018,0.254,12.7));
#9075 = VECTOR('',#9076,1.);
#9076 = DIRECTION('',(0.,0.,-1.));
#9077 = ORIENTED_EDGE('',*,*,#6922,.F.);
#9078 = ORIENTED_EDGE('',*,*,#9079,.T.);
#9079 = EDGE_CURVE('',#6915,#8527,#9080,.T.);
#9080 = LINE('',#9081,#9082);
#9081 = CARTESIAN_POINT('',(2.1082,0.254,12.7));
#9082 = VECTOR('',#9083,1.);
#9083 = DIRECTION('',(0.,0.,-1.));
#9084 = ORIENTED_EDGE('',*,*,#8526,.T.);
#9085 = ORIENTED_EDGE('',*,*,#9086,.F.);
#9086 = EDGE_CURVE('',#6884,#8519,#9087,.T.);
#9087 = LINE('',#9088,#9089);
#9088 = CARTESIAN_POINT('',(2.9718,0.254,12.7));
#9089 = VECTOR('',#9090,1.);
#9090 = DIRECTION('',(0.,0.,-1.));
#9091 = ORIENTED_EDGE('',*,*,#6900,.F.);
#9092 = ORIENTED_EDGE('',*,*,#9093,.T.);
#9093 = EDGE_CURVE('',#6893,#7049,#9094,.T.);
#9094 = LINE('',#9095,#9096);
#9095 = CARTESIAN_POINT('',(3.3782,0.254,-0.4318));
#9096 = VECTOR('',#9097,1.);
#9097 = DIRECTION('',(0.,-2.510889700059E-16,1.));
#9098 = ORIENTED_EDGE('',*,*,#7048,.T.);
#9099 = ORIENTED_EDGE('',*,*,#9100,.F.);
#9100 = EDGE_CURVE('',#9101,#7039,#9103,.T.);
#9101 = VERTEX_POINT('',#9102);
#9102 = CARTESIAN_POINT('',(2.9718,0.254,0.491487377873));
#9103 = LINE('',#9104,#9105);
#9104 = CARTESIAN_POINT('',(2.9718,0.254,12.7));
#9105 = VECTOR('',#9106,1.);
#9106 = DIRECTION('',(0.,0.,-1.));
#9107 = ORIENTED_EDGE('',*,*,#9108,.T.);
#9108 = EDGE_CURVE('',#9101,#9109,#9111,.T.);
#9109 = VERTEX_POINT('',#9110);
#9110 = CARTESIAN_POINT('',(2.1082,0.254,0.491487377873));
#9111 = LINE('',#9112,#9113);
#9112 = CARTESIAN_POINT('',(3.3782,0.254,0.491487377873));
#9113 = VECTOR('',#9114,1.);
#9114 = DIRECTION('',(-1.,2.510889700059E-16,-3.42739036134E-16));
#9115 = ORIENTED_EDGE('',*,*,#9116,.T.);
#9116 = EDGE_CURVE('',#9109,#7081,#9117,.T.);
#9117 = LINE('',#9118,#9119);
#9118 = CARTESIAN_POINT('',(2.1082,0.254,12.7));
#9119 = VECTOR('',#9120,1.);
#9120 = DIRECTION('',(0.,0.,-1.));
#9121 = ORIENTED_EDGE('',*,*,#7104,.T.);
#9122 = ORIENTED_EDGE('',*,*,#9123,.F.);
#9123 = EDGE_CURVE('',#9124,#7097,#9126,.T.);
#9124 = VERTEX_POINT('',#9125);
#9125 = CARTESIAN_POINT('',(1.7018,0.254,0.491487377873));
#9126 = LINE('',#9127,#9128);
#9127 = CARTESIAN_POINT('',(1.7018,0.254,12.7));
#9128 = VECTOR('',#9129,1.);
#9129 = DIRECTION('',(0.,0.,-1.));
#9130 = ORIENTED_EDGE('',*,*,#9131,.T.);
#9131 = EDGE_CURVE('',#9124,#9132,#9134,.T.);
#9132 = VERTEX_POINT('',#9133);
#9133 = CARTESIAN_POINT('',(0.8382,0.254,0.491487377873));
#9134 = LINE('',#9135,#9136);
#9135 = CARTESIAN_POINT('',(3.3782,0.254,0.491487377873));
#9136 = VECTOR('',#9137,1.);
#9137 = DIRECTION('',(-1.,2.510889700059E-16,-3.42739036134E-16));
#9138 = ORIENTED_EDGE('',*,*,#9139,.T.);
#9139 = EDGE_CURVE('',#9132,#7121,#9140,.T.);
#9140 = LINE('',#9141,#9142);
#9141 = CARTESIAN_POINT('',(0.8382,0.254,12.7));
#9142 = VECTOR('',#9143,1.);
#9143 = DIRECTION('',(0.,0.,-1.));
#9144 = ORIENTED_EDGE('',*,*,#7144,.T.);
#9145 = ORIENTED_EDGE('',*,*,#9146,.F.);
#9146 = EDGE_CURVE('',#9147,#7137,#9149,.T.);
#9147 = VERTEX_POINT('',#9148);
#9148 = CARTESIAN_POINT('',(0.4318,0.254,0.491487377873));
#9149 = LINE('',#9150,#9151);
#9150 = CARTESIAN_POINT('',(0.4318,0.254,12.7));
#9151 = VECTOR('',#9152,1.);
#9152 = DIRECTION('',(0.,0.,-1.));
#9153 = ORIENTED_EDGE('',*,*,#9154,.T.);
#9154 = EDGE_CURVE('',#9147,#9155,#9157,.T.);
#9155 = VERTEX_POINT('',#9156);
#9156 = CARTESIAN_POINT('',(-0.4318,0.254,0.491487377873));
#9157 = LINE('',#9158,#9159);
#9158 = CARTESIAN_POINT('',(3.3782,0.254,0.491487377873));
#9159 = VECTOR('',#9160,1.);
#9160 = DIRECTION('',(-1.,2.510889700059E-16,-3.42739036134E-16));
#9161 = ORIENTED_EDGE('',*,*,#9162,.T.);
#9162 = EDGE_CURVE('',#9155,#7161,#9163,.T.);
#9163 = LINE('',#9164,#9165);
#9164 = CARTESIAN_POINT('',(-0.4318,0.254,12.7));
#9165 = VECTOR('',#9166,1.);
#9166 = DIRECTION('',(0.,0.,-1.));
#9167 = ORIENTED_EDGE('',*,*,#7184,.T.);
#9168 = ORIENTED_EDGE('',*,*,#9169,.F.);
#9169 = EDGE_CURVE('',#9170,#7177,#9172,.T.);
#9170 = VERTEX_POINT('',#9171);
#9171 = CARTESIAN_POINT('',(-0.8382,0.254,0.491487377873));
#9172 = LINE('',#9173,#9174);
#9173 = CARTESIAN_POINT('',(-0.8382,0.254,12.7));
#9174 = VECTOR('',#9175,1.);
#9175 = DIRECTION('',(0.,0.,-1.));
#9176 = ORIENTED_EDGE('',*,*,#9177,.T.);
#9177 = EDGE_CURVE('',#9170,#9178,#9180,.T.);
#9178 = VERTEX_POINT('',#9179);
#9179 = CARTESIAN_POINT('',(-1.7018,0.254,0.491487377873));
#9180 = LINE('',#9181,#9182);
#9181 = CARTESIAN_POINT('',(3.3782,0.254,0.491487377873));
#9182 = VECTOR('',#9183,1.);
#9183 = DIRECTION('',(-1.,2.510889700059E-16,-3.42739036134E-16));
#9184 = ORIENTED_EDGE('',*,*,#9185,.T.);
#9185 = EDGE_CURVE('',#9178,#7201,#9186,.T.);
#9186 = LINE('',#9187,#9188);
#9187 = CARTESIAN_POINT('',(-1.7018,0.254,12.7));
#9188 = VECTOR('',#9189,1.);
#9189 = DIRECTION('',(0.,0.,-1.));
#9190 = ORIENTED_EDGE('',*,*,#7224,.T.);
#9191 = ORIENTED_EDGE('',*,*,#9192,.F.);
#9192 = EDGE_CURVE('',#9193,#7217,#9195,.T.);
#9193 = VERTEX_POINT('',#9194);
#9194 = CARTESIAN_POINT('',(-2.1082,0.254,0.491487377873));
#9195 = LINE('',#9196,#9197);
#9196 = CARTESIAN_POINT('',(-2.1082,0.254,12.7));
#9197 = VECTOR('',#9198,1.);
#9198 = DIRECTION('',(0.,0.,-1.));
#9199 = ORIENTED_EDGE('',*,*,#9200,.T.);
#9200 = EDGE_CURVE('',#9193,#9201,#9203,.T.);
#9201 = VERTEX_POINT('',#9202);
#9202 = CARTESIAN_POINT('',(-2.9718,0.254,0.491487377873));
#9203 = LINE('',#9204,#9205);
#9204 = CARTESIAN_POINT('',(3.3782,0.254,0.491487377873));
#9205 = VECTOR('',#9206,1.);
#9206 = DIRECTION('',(-1.,2.510889700059E-16,-3.42739036134E-16));
#9207 = ORIENTED_EDGE('',*,*,#9208,.T.);
#9208 = EDGE_CURVE('',#9201,#9209,#9211,.T.);
#9209 = VERTEX_POINT('',#9210);
#9210 = CARTESIAN_POINT('',(-2.9718,0.254,0.4318));
#9211 = LINE('',#9212,#9213);
#9212 = CARTESIAN_POINT('',(-2.9718,0.254,12.7));
#9213 = VECTOR('',#9214,1.);
#9214 = DIRECTION('',(0.,0.,-1.));
#9215 = ORIENTED_EDGE('',*,*,#9216,.T.);
#9216 = EDGE_CURVE('',#9209,#9217,#9219,.T.);
#9217 = VERTEX_POINT('',#9218);
#9218 = CARTESIAN_POINT('',(-3.3782,0.254,0.4318));
#9219 = LINE('',#9220,#9221);
#9220 = CARTESIAN_POINT('',(3.3782,0.254,0.4318));
#9221 = VECTOR('',#9222,1.);
#9222 = DIRECTION('',(-1.,0.,0.));
#9223 = ORIENTED_EDGE('',*,*,#9224,.F.);
#9224 = EDGE_CURVE('',#9000,#9217,#9225,.T.);
#9225 = LINE('',#9226,#9227);
#9226 = CARTESIAN_POINT('',(-3.3782,0.254,-0.4318));
#9227 = VECTOR('',#9228,1.);
#9228 = DIRECTION('',(0.,-2.510889700059E-16,1.));
#9229 = PLANE('',#9230);
#9230 = AXIS2_PLACEMENT_3D('',#9231,#9232,#9233);
#9231 = CARTESIAN_POINT('',(3.3782,0.254,-0.4318));
#9232 = DIRECTION('',(0.,-1.,-2.510889700059E-16));
#9233 = DIRECTION('',(0.,2.510889700059E-16,-1.));
#9234 = ADVANCED_FACE('',(#9235),#9260,.T.);
#9235 = FACE_BOUND('',#9236,.T.);
#9236 = EDGE_LOOP('',(#9237,#9245,#9253,#9259));
#9237 = ORIENTED_EDGE('',*,*,#9238,.F.);
#9238 = EDGE_CURVE('',#9239,#9209,#9241,.T.);
#9239 = VERTEX_POINT('',#9240);
#9240 = CARTESIAN_POINT('',(-2.9718,-0.608013577002,0.4318));
#9241 = LINE('',#9242,#9243);
#9242 = CARTESIAN_POINT('',(-2.9718,0.254,0.4318));
#9243 = VECTOR('',#9244,1.);
#9244 = DIRECTION('',(0.,1.,0.));
#9245 = ORIENTED_EDGE('',*,*,#9246,.T.);
#9246 = EDGE_CURVE('',#9239,#9247,#9249,.T.);
#9247 = VERTEX_POINT('',#9248);
#9248 = CARTESIAN_POINT('',(-3.3782,-0.608013577002,0.4318));
#9249 = LINE('',#9250,#9251);
#9250 = CARTESIAN_POINT('',(3.3782,-0.608013577002,0.4318));
#9251 = VECTOR('',#9252,1.);
#9252 = DIRECTION('',(-1.,0.,0.));
#9253 = ORIENTED_EDGE('',*,*,#9254,.F.);
#9254 = EDGE_CURVE('',#9217,#9247,#9255,.T.);
#9255 = LINE('',#9256,#9257);
#9256 = CARTESIAN_POINT('',(-3.3782,0.254,0.4318));
#9257 = VECTOR('',#9258,1.);
#9258 = DIRECTION('',(0.,-1.,0.));
#9259 = ORIENTED_EDGE('',*,*,#9216,.F.);
#9260 = PLANE('',#9261);
#9261 = AXIS2_PLACEMENT_3D('',#9262,#9263,#9264);
#9262 = CARTESIAN_POINT('',(3.3782,0.254,0.4318));
#9263 = DIRECTION('',(0.,0.,-1.));
#9264 = DIRECTION('',(-1.,0.,0.));
#9265 = ADVANCED_FACE('',(#9266),#9293,.T.);
#9266 = FACE_BOUND('',#9267,.T.);
#9267 = EDGE_LOOP('',(#9268,#9277,#9285,#9292));
#9268 = ORIENTED_EDGE('',*,*,#9269,.T.);
#9269 = EDGE_CURVE('',#9239,#9270,#9272,.T.);
#9270 = VERTEX_POINT('',#9271);
#9271 = CARTESIAN_POINT('',(-2.9718,-1.388004525667,1.016));
#9272 = CIRCLE('',#9273,0.8128);
#9273 = AXIS2_PLACEMENT_3D('',#9274,#9275,#9276);
#9274 = CARTESIAN_POINT('',(-2.9718,-0.608013577002,1.2446));
#9275 = DIRECTION('',(-1.,0.,0.));
#9276 = DIRECTION('',(0.,0.,1.));
#9277 = ORIENTED_EDGE('',*,*,#9278,.T.);
#9278 = EDGE_CURVE('',#9270,#9279,#9281,.T.);
#9279 = VERTEX_POINT('',#9280);
#9280 = CARTESIAN_POINT('',(-3.3782,-1.388004525667,1.016));
#9281 = LINE('',#9282,#9283);
#9282 = CARTESIAN_POINT('',(3.3782,-1.388004525667,1.016));
#9283 = VECTOR('',#9284,1.);
#9284 = DIRECTION('',(-1.,0.,0.));
#9285 = ORIENTED_EDGE('',*,*,#9286,.F.);
#9286 = EDGE_CURVE('',#9247,#9279,#9287,.T.);
#9287 = CIRCLE('',#9288,0.8128);
#9288 = AXIS2_PLACEMENT_3D('',#9289,#9290,#9291);
#9289 = CARTESIAN_POINT('',(-3.3782,-0.608013577002,1.2446));
#9290 = DIRECTION('',(-1.,0.,0.));
#9291 = DIRECTION('',(0.,0.,1.));
#9292 = ORIENTED_EDGE('',*,*,#9246,.F.);
#9293 = CYLINDRICAL_SURFACE('',#9294,0.8128);
#9294 = AXIS2_PLACEMENT_3D('',#9295,#9296,#9297);
#9295 = CARTESIAN_POINT('',(3.3782,-0.608013577002,1.2446));
#9296 = DIRECTION('',(-1.,0.,0.));
#9297 = DIRECTION('',(0.,0.,1.));
#9298 = ADVANCED_FACE('',(#9299),#9326,.F.);
#9299 = FACE_BOUND('',#9300,.F.);
#9300 = EDGE_LOOP('',(#9301,#9310,#9318,#9325));
#9301 = ORIENTED_EDGE('',*,*,#9302,.F.);
#9302 = EDGE_CURVE('',#9303,#9279,#9305,.T.);
#9303 = VERTEX_POINT('',#9304);
#9304 = CARTESIAN_POINT('',(-3.3782,-1.778,1.3081));
#9305 = CIRCLE('',#9306,0.4064);
#9306 = AXIS2_PLACEMENT_3D('',#9307,#9308,#9309);
#9307 = CARTESIAN_POINT('',(-3.3782,-1.778,0.9017));
#9308 = DIRECTION('',(-1.,0.,0.));
#9309 = DIRECTION('',(0.,0.,1.));
#9310 = ORIENTED_EDGE('',*,*,#9311,.F.);
#9311 = EDGE_CURVE('',#9312,#9303,#9314,.T.);
#9312 = VERTEX_POINT('',#9313);
#9313 = CARTESIAN_POINT('',(-2.9718,-1.778,1.3081));
#9314 = LINE('',#9315,#9316);
#9315 = CARTESIAN_POINT('',(3.3782,-1.778,1.3081));
#9316 = VECTOR('',#9317,1.);
#9317 = DIRECTION('',(-1.,0.,0.));
#9318 = ORIENTED_EDGE('',*,*,#9319,.T.);
#9319 = EDGE_CURVE('',#9312,#9270,#9320,.T.);
#9320 = CIRCLE('',#9321,0.4064);
#9321 = AXIS2_PLACEMENT_3D('',#9322,#9323,#9324);
#9322 = CARTESIAN_POINT('',(-2.9718,-1.778,0.9017));
#9323 = DIRECTION('',(-1.,0.,0.));
#9324 = DIRECTION('',(0.,0.,1.));
#9325 = ORIENTED_EDGE('',*,*,#9278,.T.);
#9326 = CYLINDRICAL_SURFACE('',#9327,0.4064);
#9327 = AXIS2_PLACEMENT_3D('',#9328,#9329,#9330);
#9328 = CARTESIAN_POINT('',(3.3782,-1.778,0.9017));
#9329 = DIRECTION('',(-1.,0.,0.));
#9330 = DIRECTION('',(0.,0.,1.));
#9331 = ADVANCED_FACE('',(#9332),#9357,.T.);
#9332 = FACE_BOUND('',#9333,.T.);
#9333 = EDGE_LOOP('',(#9334,#9342,#9350,#9356));
#9334 = ORIENTED_EDGE('',*,*,#9335,.F.);
#9335 = EDGE_CURVE('',#9336,#9312,#9338,.T.);
#9336 = VERTEX_POINT('',#9337);
#9337 = CARTESIAN_POINT('',(-2.9718,-2.286,1.3081));
#9338 = LINE('',#9339,#9340);
#9339 = CARTESIAN_POINT('',(-2.9718,-1.778,1.3081));
#9340 = VECTOR('',#9341,1.);
#9341 = DIRECTION('',(0.,1.,0.));
#9342 = ORIENTED_EDGE('',*,*,#9343,.T.);
#9343 = EDGE_CURVE('',#9336,#9344,#9346,.T.);
#9344 = VERTEX_POINT('',#9345);
#9345 = CARTESIAN_POINT('',(-3.3782,-2.286,1.3081));
#9346 = LINE('',#9347,#9348);
#9347 = CARTESIAN_POINT('',(3.3782,-2.286,1.3081));
#9348 = VECTOR('',#9349,1.);
#9349 = DIRECTION('',(-1.,0.,0.));
#9350 = ORIENTED_EDGE('',*,*,#9351,.F.);
#9351 = EDGE_CURVE('',#9303,#9344,#9352,.T.);
#9352 = LINE('',#9353,#9354);
#9353 = CARTESIAN_POINT('',(-3.3782,-1.778,1.3081));
#9354 = VECTOR('',#9355,1.);
#9355 = DIRECTION('',(0.,-1.,0.));
#9356 = ORIENTED_EDGE('',*,*,#9311,.F.);
#9357 = PLANE('',#9358);
#9358 = AXIS2_PLACEMENT_3D('',#9359,#9360,#9361);
#9359 = CARTESIAN_POINT('',(3.3782,-1.778,1.3081));
#9360 = DIRECTION('',(0.,0.,-1.));
#9361 = DIRECTION('',(-1.,0.,0.));
#9362 = ADVANCED_FACE('',(#9363),#9388,.T.);
#9363 = FACE_BOUND('',#9364,.T.);
#9364 = EDGE_LOOP('',(#9365,#9373,#9381,#9387));
#9365 = ORIENTED_EDGE('',*,*,#9366,.F.);
#9366 = EDGE_CURVE('',#9367,#9336,#9369,.T.);
#9367 = VERTEX_POINT('',#9368);
#9368 = CARTESIAN_POINT('',(-2.9718,-2.286,1.7145));
#9369 = LINE('',#9370,#9371);
#9370 = CARTESIAN_POINT('',(-2.9718,-2.286,1.3081));
#9371 = VECTOR('',#9372,1.);
#9372 = DIRECTION('',(0.,0.,-1.));
#9373 = ORIENTED_EDGE('',*,*,#9374,.T.);
#9374 = EDGE_CURVE('',#9367,#9375,#9377,.T.);
#9375 = VERTEX_POINT('',#9376);
#9376 = CARTESIAN_POINT('',(-3.3782,-2.286,1.7145));
#9377 = LINE('',#9378,#9379);
#9378 = CARTESIAN_POINT('',(3.3782,-2.286,1.7145));
#9379 = VECTOR('',#9380,1.);
#9380 = DIRECTION('',(-1.,0.,0.));
#9381 = ORIENTED_EDGE('',*,*,#9382,.F.);
#9382 = EDGE_CURVE('',#9344,#9375,#9383,.T.);
#9383 = LINE('',#9384,#9385);
#9384 = CARTESIAN_POINT('',(-3.3782,-2.286,1.3081));
#9385 = VECTOR('',#9386,1.);
#9386 = DIRECTION('',(0.,0.,1.));
#9387 = ORIENTED_EDGE('',*,*,#9343,.F.);
#9388 = PLANE('',#9389);
#9389 = AXIS2_PLACEMENT_3D('',#9390,#9391,#9392);
#9390 = CARTESIAN_POINT('',(3.3782,-2.286,1.3081));
#9391 = DIRECTION('',(0.,-1.,0.));
#9392 = DIRECTION('',(0.,0.,-1.));
#9393 = ADVANCED_FACE('',(#9394),#9419,.T.);
#9394 = FACE_BOUND('',#9395,.T.);
#9395 = EDGE_LOOP('',(#9396,#9404,#9412,#9418));
#9396 = ORIENTED_EDGE('',*,*,#9397,.F.);
#9397 = EDGE_CURVE('',#9398,#9367,#9400,.T.);
#9398 = VERTEX_POINT('',#9399);
#9399 = CARTESIAN_POINT('',(-2.9718,-1.778,1.7145));
#9400 = LINE('',#9401,#9402);
#9401 = CARTESIAN_POINT('',(-2.9718,-2.286,1.7145));
#9402 = VECTOR('',#9403,1.);
#9403 = DIRECTION('',(0.,-1.,0.));
#9404 = ORIENTED_EDGE('',*,*,#9405,.T.);
#9405 = EDGE_CURVE('',#9398,#9406,#9408,.T.);
#9406 = VERTEX_POINT('',#9407);
#9407 = CARTESIAN_POINT('',(-3.3782,-1.778,1.7145));
#9408 = LINE('',#9409,#9410);
#9409 = CARTESIAN_POINT('',(3.3782,-1.778,1.7145));
#9410 = VECTOR('',#9411,1.);
#9411 = DIRECTION('',(-1.,0.,0.));
#9412 = ORIENTED_EDGE('',*,*,#9413,.F.);
#9413 = EDGE_CURVE('',#9375,#9406,#9414,.T.);
#9414 = LINE('',#9415,#9416);
#9415 = CARTESIAN_POINT('',(-3.3782,-2.286,1.7145));
#9416 = VECTOR('',#9417,1.);
#9417 = DIRECTION('',(0.,1.,0.));
#9418 = ORIENTED_EDGE('',*,*,#9374,.F.);
#9419 = PLANE('',#9420);
#9420 = AXIS2_PLACEMENT_3D('',#9421,#9422,#9423);
#9421 = CARTESIAN_POINT('',(3.3782,-2.286,1.7145));
#9422 = DIRECTION('',(0.,0.,1.));
#9423 = DIRECTION('',(1.,0.,-0.));
#9424 = ADVANCED_FACE('',(#9425),#9452,.T.);
#9425 = FACE_BOUND('',#9426,.T.);
#9426 = EDGE_LOOP('',(#9427,#9436,#9444,#9451));
#9427 = ORIENTED_EDGE('',*,*,#9428,.T.);
#9428 = EDGE_CURVE('',#9398,#9429,#9431,.T.);
#9429 = VERTEX_POINT('',#9430);
#9430 = CARTESIAN_POINT('',(-2.9718,-0.998009051335,1.1303));
#9431 = CIRCLE('',#9432,0.8128);
#9432 = AXIS2_PLACEMENT_3D('',#9433,#9434,#9435);
#9433 = CARTESIAN_POINT('',(-2.9718,-1.778,0.9017));
#9434 = DIRECTION('',(-1.,0.,0.));
#9435 = DIRECTION('',(0.,0.,1.));
#9436 = ORIENTED_EDGE('',*,*,#9437,.T.);
#9437 = EDGE_CURVE('',#9429,#9438,#9440,.T.);
#9438 = VERTEX_POINT('',#9439);
#9439 = CARTESIAN_POINT('',(-3.3782,-0.998009051335,1.1303));
#9440 = LINE('',#9441,#9442);
#9441 = CARTESIAN_POINT('',(3.3782,-0.998009051335,1.1303));
#9442 = VECTOR('',#9443,1.);
#9443 = DIRECTION('',(-1.,0.,0.));
#9444 = ORIENTED_EDGE('',*,*,#9445,.F.);
#9445 = EDGE_CURVE('',#9406,#9438,#9446,.T.);
#9446 = CIRCLE('',#9447,0.8128);
#9447 = AXIS2_PLACEMENT_3D('',#9448,#9449,#9450);
#9448 = CARTESIAN_POINT('',(-3.3782,-1.778,0.9017));
#9449 = DIRECTION('',(-1.,0.,0.));
#9450 = DIRECTION('',(0.,0.,1.));
#9451 = ORIENTED_EDGE('',*,*,#9405,.F.);
#9452 = CYLINDRICAL_SURFACE('',#9453,0.8128);
#9453 = AXIS2_PLACEMENT_3D('',#9454,#9455,#9456);
#9454 = CARTESIAN_POINT('',(3.3782,-1.778,0.9017));
#9455 = DIRECTION('',(-1.,0.,0.));
#9456 = DIRECTION('',(0.,0.,1.));
#9457 = ADVANCED_FACE('',(#9458),#9485,.F.);
#9458 = FACE_BOUND('',#9459,.F.);
#9459 = EDGE_LOOP('',(#9460,#9469,#9477,#9484));
#9460 = ORIENTED_EDGE('',*,*,#9461,.F.);
#9461 = EDGE_CURVE('',#9462,#9438,#9464,.T.);
#9462 = VERTEX_POINT('',#9463);
#9463 = CARTESIAN_POINT('',(-3.3782,-0.608013577002,0.8382));
#9464 = CIRCLE('',#9465,0.4064);
#9465 = AXIS2_PLACEMENT_3D('',#9466,#9467,#9468);
#9466 = CARTESIAN_POINT('',(-3.3782,-0.608013577002,1.2446));
#9467 = DIRECTION('',(-1.,0.,0.));
#9468 = DIRECTION('',(0.,0.,1.));
#9469 = ORIENTED_EDGE('',*,*,#9470,.F.);
#9470 = EDGE_CURVE('',#9471,#9462,#9473,.T.);
#9471 = VERTEX_POINT('',#9472);
#9472 = CARTESIAN_POINT('',(-2.9718,-0.608013577002,0.8382));
#9473 = LINE('',#9474,#9475);
#9474 = CARTESIAN_POINT('',(3.3782,-0.608013577002,0.8382));
#9475 = VECTOR('',#9476,1.);
#9476 = DIRECTION('',(-1.,0.,0.));
#9477 = ORIENTED_EDGE('',*,*,#9478,.T.);
#9478 = EDGE_CURVE('',#9471,#9429,#9479,.T.);
#9479 = CIRCLE('',#9480,0.4064);
#9480 = AXIS2_PLACEMENT_3D('',#9481,#9482,#9483);
#9481 = CARTESIAN_POINT('',(-2.9718,-0.608013577002,1.2446));
#9482 = DIRECTION('',(-1.,0.,0.));
#9483 = DIRECTION('',(0.,0.,1.));
#9484 = ORIENTED_EDGE('',*,*,#9437,.T.);
#9485 = CYLINDRICAL_SURFACE('',#9486,0.4064);
#9486 = AXIS2_PLACEMENT_3D('',#9487,#9488,#9489);
#9487 = CARTESIAN_POINT('',(3.3782,-0.608013577002,1.2446));
#9488 = DIRECTION('',(-1.,0.,0.));
#9489 = DIRECTION('',(0.,0.,1.));
#9490 = ADVANCED_FACE('',(#9491),#9516,.T.);
#9491 = FACE_BOUND('',#9492,.T.);
#9492 = EDGE_LOOP('',(#9493,#9501,#9509,#9515));
#9493 = ORIENTED_EDGE('',*,*,#9494,.F.);
#9494 = EDGE_CURVE('',#9495,#9471,#9497,.T.);
#9495 = VERTEX_POINT('',#9496);
#9496 = CARTESIAN_POINT('',(-2.9718,-2.075045879438E-17,0.8382));
#9497 = LINE('',#9498,#9499);
#9498 = CARTESIAN_POINT('',(-2.9718,-0.608013577002,0.8382));
#9499 = VECTOR('',#9500,1.);
#9500 = DIRECTION('',(0.,-1.,0.));
#9501 = ORIENTED_EDGE('',*,*,#9502,.T.);
#9502 = EDGE_CURVE('',#9495,#9503,#9505,.T.);
#9503 = VERTEX_POINT('',#9504);
#9504 = CARTESIAN_POINT('',(-3.3782,0.,0.8382));
#9505 = LINE('',#9506,#9507);
#9506 = CARTESIAN_POINT('',(3.3782,0.,0.8382));
#9507 = VECTOR('',#9508,1.);
#9508 = DIRECTION('',(-1.,0.,0.));
#9509 = ORIENTED_EDGE('',*,*,#9510,.F.);
#9510 = EDGE_CURVE('',#9462,#9503,#9511,.T.);
#9511 = LINE('',#9512,#9513);
#9512 = CARTESIAN_POINT('',(-3.3782,-0.608013577002,0.8382));
#9513 = VECTOR('',#9514,1.);
#9514 = DIRECTION('',(0.,1.,0.));
#9515 = ORIENTED_EDGE('',*,*,#9470,.F.);
#9516 = PLANE('',#9517);
#9517 = AXIS2_PLACEMENT_3D('',#9518,#9519,#9520);
#9518 = CARTESIAN_POINT('',(3.3782,-0.608013577002,0.8382));
#9519 = DIRECTION('',(0.,0.,1.));
#9520 = DIRECTION('',(1.,0.,-0.));
#9521 = ADVANCED_FACE('',(#9522),#9608,.T.);
#9522 = FACE_BOUND('',#9523,.T.);
#9523 = EDGE_LOOP('',(#9524,#9530,#9531,#9537,#9538,#9544,#9545,#9551,
    #9552,#9558,#9559,#9565,#9566,#9572,#9573,#9579,#9580,#9586,#9587,
    #9593,#9594,#9600,#9601,#9607));
#9524 = ORIENTED_EDGE('',*,*,#9525,.F.);
#9525 = EDGE_CURVE('',#8364,#9101,#9526,.T.);
#9526 = LINE('',#9527,#9528);
#9527 = CARTESIAN_POINT('',(2.9718,0.,0.8382));
#9528 = VECTOR('',#9529,1.);
#9529 = DIRECTION('',(0.,0.590976380639,-0.806688860421));
#9530 = ORIENTED_EDGE('',*,*,#8380,.F.);
#9531 = ORIENTED_EDGE('',*,*,#9532,.T.);
#9532 = EDGE_CURVE('',#8373,#8651,#9533,.T.);
#9533 = LINE('',#9534,#9535);
#9534 = CARTESIAN_POINT('',(3.3782,0.,0.8382));
#9535 = VECTOR('',#9536,1.);
#9536 = DIRECTION('',(0.,0.590976380639,-0.806688860421));
#9537 = ORIENTED_EDGE('',*,*,#8650,.T.);
#9538 = ORIENTED_EDGE('',*,*,#9539,.F.);
#9539 = EDGE_CURVE('',#9503,#8643,#9540,.T.);
#9540 = LINE('',#9541,#9542);
#9541 = CARTESIAN_POINT('',(-3.3782,0.,0.8382));
#9542 = VECTOR('',#9543,1.);
#9543 = DIRECTION('',(0.,0.590976380639,-0.806688860421));
#9544 = ORIENTED_EDGE('',*,*,#9502,.F.);
#9545 = ORIENTED_EDGE('',*,*,#9546,.F.);
#9546 = EDGE_CURVE('',#9201,#9495,#9547,.T.);
#9547 = LINE('',#9548,#9549);
#9548 = CARTESIAN_POINT('',(-2.9718,0.,0.8382));
#9549 = VECTOR('',#9550,1.);
#9550 = DIRECTION('',(0.,-0.590976380639,0.806688860421));
#9551 = ORIENTED_EDGE('',*,*,#9200,.F.);
#9552 = ORIENTED_EDGE('',*,*,#9553,.F.);
#9553 = EDGE_CURVE('',#8496,#9193,#9554,.T.);
#9554 = LINE('',#9555,#9556);
#9555 = CARTESIAN_POINT('',(-2.1082,0.,0.8382));
#9556 = VECTOR('',#9557,1.);
#9557 = DIRECTION('',(0.,0.590976380639,-0.806688860421));
#9558 = ORIENTED_EDGE('',*,*,#8495,.F.);
#9559 = ORIENTED_EDGE('',*,*,#9560,.F.);
#9560 = EDGE_CURVE('',#9178,#8488,#9561,.T.);
#9561 = LINE('',#9562,#9563);
#9562 = CARTESIAN_POINT('',(-1.7018,0.,0.8382));
#9563 = VECTOR('',#9564,1.);
#9564 = DIRECTION('',(0.,-0.590976380639,0.806688860421));
#9565 = ORIENTED_EDGE('',*,*,#9177,.F.);
#9566 = ORIENTED_EDGE('',*,*,#9567,.F.);
#9567 = EDGE_CURVE('',#8465,#9170,#9568,.T.);
#9568 = LINE('',#9569,#9570);
#9569 = CARTESIAN_POINT('',(-0.8382,0.,0.8382));
#9570 = VECTOR('',#9571,1.);
#9571 = DIRECTION('',(0.,0.590976380639,-0.806688860421));
#9572 = ORIENTED_EDGE('',*,*,#8464,.F.);
#9573 = ORIENTED_EDGE('',*,*,#9574,.F.);
#9574 = EDGE_CURVE('',#9155,#8457,#9575,.T.);
#9575 = LINE('',#9576,#9577);
#9576 = CARTESIAN_POINT('',(-0.4318,0.,0.8382));
#9577 = VECTOR('',#9578,1.);
#9578 = DIRECTION('',(0.,-0.590976380639,0.806688860421));
#9579 = ORIENTED_EDGE('',*,*,#9154,.F.);
#9580 = ORIENTED_EDGE('',*,*,#9581,.F.);
#9581 = EDGE_CURVE('',#8434,#9147,#9582,.T.);
#9582 = LINE('',#9583,#9584);
#9583 = CARTESIAN_POINT('',(0.4318,0.,0.8382));
#9584 = VECTOR('',#9585,1.);
#9585 = DIRECTION('',(0.,0.590976380639,-0.806688860421));
#9586 = ORIENTED_EDGE('',*,*,#8433,.F.);
#9587 = ORIENTED_EDGE('',*,*,#9588,.F.);
#9588 = EDGE_CURVE('',#9132,#8426,#9589,.T.);
#9589 = LINE('',#9590,#9591);
#9590 = CARTESIAN_POINT('',(0.8382,0.,0.8382));
#9591 = VECTOR('',#9592,1.);
#9592 = DIRECTION('',(0.,-0.590976380639,0.806688860421));
#9593 = ORIENTED_EDGE('',*,*,#9131,.F.);
#9594 = ORIENTED_EDGE('',*,*,#9595,.F.);
#9595 = EDGE_CURVE('',#8403,#9124,#9596,.T.);
#9596 = LINE('',#9597,#9598);
#9597 = CARTESIAN_POINT('',(1.7018,0.,0.8382));
#9598 = VECTOR('',#9599,1.);
#9599 = DIRECTION('',(0.,0.590976380639,-0.806688860421));
#9600 = ORIENTED_EDGE('',*,*,#8402,.F.);
#9601 = ORIENTED_EDGE('',*,*,#9602,.F.);
#9602 = EDGE_CURVE('',#9109,#8395,#9603,.T.);
#9603 = LINE('',#9604,#9605);
#9604 = CARTESIAN_POINT('',(2.1082,0.,0.8382));
#9605 = VECTOR('',#9606,1.);
#9606 = DIRECTION('',(0.,-0.590976380639,0.806688860421));
#9607 = ORIENTED_EDGE('',*,*,#9108,.F.);
#9608 = PLANE('',#9609);
#9609 = AXIS2_PLACEMENT_3D('',#9610,#9611,#9612);
#9610 = CARTESIAN_POINT('',(3.3782,0.,0.8382));
#9611 = DIRECTION('',(0.,0.806688860421,0.590976380639));
#9612 = DIRECTION('',(0.,-0.590976380639,0.806688860421));
#9613 = ADVANCED_FACE('',(#9614),#9639,.F.);
#9614 = FACE_BOUND('',#9615,.T.);
#9615 = EDGE_LOOP('',(#9616,#9617,#9618,#9619,#9620,#9621,#9622,#9623,
    #9624,#9625,#9626,#9627,#9628,#9629,#9630,#9631,#9632,#9633,#9634,
    #9635,#9636,#9637,#9638));
#9616 = ORIENTED_EDGE('',*,*,#8658,.F.);
#9617 = ORIENTED_EDGE('',*,*,#9532,.F.);
#9618 = ORIENTED_EDGE('',*,*,#8372,.F.);
#9619 = ORIENTED_EDGE('',*,*,#8198,.T.);
#9620 = ORIENTED_EDGE('',*,*,#8043,.F.);
#9621 = ORIENTED_EDGE('',*,*,#7887,.F.);
#9622 = ORIENTED_EDGE('',*,*,#7732,.F.);
#9623 = ORIENTED_EDGE('',*,*,#7577,.F.);
#9624 = ORIENTED_EDGE('',*,*,#7403,.T.);
#9625 = ORIENTED_EDGE('',*,*,#7248,.F.);
#9626 = ORIENTED_EDGE('',*,*,#7056,.F.);
#9627 = ORIENTED_EDGE('',*,*,#9093,.F.);
#9628 = ORIENTED_EDGE('',*,*,#6892,.F.);
#9629 = ORIENTED_EDGE('',*,*,#6718,.T.);
#9630 = ORIENTED_EDGE('',*,*,#6572,.F.);
#9631 = ORIENTED_EDGE('',*,*,#6408,.F.);
#9632 = ORIENTED_EDGE('',*,*,#6252,.F.);
#9633 = ORIENTED_EDGE('',*,*,#6097,.F.);
#9634 = ORIENTED_EDGE('',*,*,#5942,.F.);
#9635 = ORIENTED_EDGE('',*,*,#5768,.T.);
#9636 = ORIENTED_EDGE('',*,*,#5622,.F.);
#9637 = ORIENTED_EDGE('',*,*,#5458,.F.);
#9638 = ORIENTED_EDGE('',*,*,#5266,.F.);
#9639 = PLANE('',#9640);
#9640 = AXIS2_PLACEMENT_3D('',#9641,#9642,#9643);
#9641 = CARTESIAN_POINT('',(3.3782,-2.54,-2.53999999997E-02));
#9642 = DIRECTION('',(-1.,0.,0.));
#9643 = DIRECTION('',(0.,0.,1.));
#9644 = ADVANCED_FACE('',(#9645),#9670,.T.);
#9645 = FACE_BOUND('',#9646,.T.);
#9646 = EDGE_LOOP('',(#9647,#9648,#9649,#9650,#9651,#9652,#9653,#9654,
    #9655,#9656,#9657,#9658,#9659,#9660,#9661,#9662,#9663,#9664,#9665,
    #9666,#9667,#9668,#9669));
#9647 = ORIENTED_EDGE('',*,*,#9224,.T.);
#9648 = ORIENTED_EDGE('',*,*,#9254,.T.);
#9649 = ORIENTED_EDGE('',*,*,#9286,.T.);
#9650 = ORIENTED_EDGE('',*,*,#9302,.F.);
#9651 = ORIENTED_EDGE('',*,*,#9351,.T.);
#9652 = ORIENTED_EDGE('',*,*,#9382,.T.);
#9653 = ORIENTED_EDGE('',*,*,#9413,.T.);
#9654 = ORIENTED_EDGE('',*,*,#9445,.T.);
#9655 = ORIENTED_EDGE('',*,*,#9461,.F.);
#9656 = ORIENTED_EDGE('',*,*,#9510,.T.);
#9657 = ORIENTED_EDGE('',*,*,#9539,.T.);
#9658 = ORIENTED_EDGE('',*,*,#8642,.T.);
#9659 = ORIENTED_EDGE('',*,*,#8689,.T.);
#9660 = ORIENTED_EDGE('',*,*,#8721,.T.);
#9661 = ORIENTED_EDGE('',*,*,#8753,.T.);
#9662 = ORIENTED_EDGE('',*,*,#8768,.F.);
#9663 = ORIENTED_EDGE('',*,*,#8817,.T.);
#9664 = ORIENTED_EDGE('',*,*,#8848,.T.);
#9665 = ORIENTED_EDGE('',*,*,#8879,.T.);
#9666 = ORIENTED_EDGE('',*,*,#8911,.T.);
#9667 = ORIENTED_EDGE('',*,*,#8943,.T.);
#9668 = ORIENTED_EDGE('',*,*,#8958,.F.);
#9669 = ORIENTED_EDGE('',*,*,#9007,.T.);
#9670 = PLANE('',#9671);
#9671 = AXIS2_PLACEMENT_3D('',#9672,#9673,#9674);
#9672 = CARTESIAN_POINT('',(-3.3782,-2.54,-2.53999999997E-02));
#9673 = DIRECTION('',(-1.,0.,0.));
#9674 = DIRECTION('',(0.,0.,1.));
#9675 = ADVANCED_FACE('',(#9676),#9689,.F.);
#9676 = FACE_BOUND('',#9677,.T.);
#9677 = EDGE_LOOP('',(#9678,#9679,#9680,#9681,#9682,#9683,#9684,#9685,
    #9686,#9687,#9688));
#9678 = ORIENTED_EDGE('',*,*,#9238,.T.);
#9679 = ORIENTED_EDGE('',*,*,#9208,.F.);
#9680 = ORIENTED_EDGE('',*,*,#9546,.T.);
#9681 = ORIENTED_EDGE('',*,*,#9494,.T.);
#9682 = ORIENTED_EDGE('',*,*,#9478,.T.);
#9683 = ORIENTED_EDGE('',*,*,#9428,.F.);
#9684 = ORIENTED_EDGE('',*,*,#9397,.T.);
#9685 = ORIENTED_EDGE('',*,*,#9366,.T.);
#9686 = ORIENTED_EDGE('',*,*,#9335,.T.);
#9687 = ORIENTED_EDGE('',*,*,#9319,.T.);
#9688 = ORIENTED_EDGE('',*,*,#9269,.F.);
#9689 = PLANE('',#9690);
#9690 = AXIS2_PLACEMENT_3D('',#9691,#9692,#9693);
#9691 = CARTESIAN_POINT('',(-2.9718,-11.33079538475,12.7));
#9692 = DIRECTION('',(-1.,0.,0.));
#9693 = DIRECTION('',(0.,0.,1.));
#9694 = ADVANCED_FACE('',(#9695),#9708,.F.);
#9695 = FACE_BOUND('',#9696,.T.);
#9696 = EDGE_LOOP('',(#9697,#9698,#9699,#9700,#9701,#9702,#9703,#9704,
    #9705,#9706,#9707));
#9697 = ORIENTED_EDGE('',*,*,#7216,.T.);
#9698 = ORIENTED_EDGE('',*,*,#7387,.F.);
#9699 = ORIENTED_EDGE('',*,*,#7535,.T.);
#9700 = ORIENTED_EDGE('',*,*,#7708,.T.);
#9701 = ORIENTED_EDGE('',*,*,#7863,.T.);
#9702 = ORIENTED_EDGE('',*,*,#8018,.T.);
#9703 = ORIENTED_EDGE('',*,*,#8182,.F.);
#9704 = ORIENTED_EDGE('',*,*,#8330,.T.);
#9705 = ORIENTED_EDGE('',*,*,#8503,.T.);
#9706 = ORIENTED_EDGE('',*,*,#9553,.T.);
#9707 = ORIENTED_EDGE('',*,*,#9192,.T.);
#9708 = PLANE('',#9709);
#9709 = AXIS2_PLACEMENT_3D('',#9710,#9711,#9712);
#9710 = CARTESIAN_POINT('',(-2.1082,0.254,12.7));
#9711 = DIRECTION('',(1.,0.,0.));
#9712 = DIRECTION('',(0.,0.,-1.));
#9713 = ADVANCED_FACE('',(#9714),#9727,.F.);
#9714 = FACE_BOUND('',#9715,.T.);
#9715 = EDGE_LOOP('',(#9716,#9717,#9718,#9719,#9720,#9721,#9722,#9723,
    #9724,#9725,#9726));
#9716 = ORIENTED_EDGE('',*,*,#7198,.T.);
#9717 = ORIENTED_EDGE('',*,*,#9185,.F.);
#9718 = ORIENTED_EDGE('',*,*,#9560,.T.);
#9719 = ORIENTED_EDGE('',*,*,#8487,.T.);
#9720 = ORIENTED_EDGE('',*,*,#8347,.T.);
#9721 = ORIENTED_EDGE('',*,*,#8165,.F.);
#9722 = ORIENTED_EDGE('',*,*,#8002,.T.);
#9723 = ORIENTED_EDGE('',*,*,#7847,.T.);
#9724 = ORIENTED_EDGE('',*,*,#7692,.T.);
#9725 = ORIENTED_EDGE('',*,*,#7552,.T.);
#9726 = ORIENTED_EDGE('',*,*,#7370,.F.);
#9727 = PLANE('',#9728);
#9728 = AXIS2_PLACEMENT_3D('',#9729,#9730,#9731);
#9729 = CARTESIAN_POINT('',(-1.7018,-11.28918379916,12.7));
#9730 = DIRECTION('',(-1.,0.,0.));
#9731 = DIRECTION('',(0.,0.,1.));
#9732 = ADVANCED_FACE('',(#9733),#9746,.F.);
#9733 = FACE_BOUND('',#9734,.T.);
#9734 = EDGE_LOOP('',(#9735,#9736,#9737,#9738,#9739,#9740,#9741,#9742,
    #9743,#9744,#9745));
#9735 = ORIENTED_EDGE('',*,*,#7176,.T.);
#9736 = ORIENTED_EDGE('',*,*,#7354,.F.);
#9737 = ORIENTED_EDGE('',*,*,#7502,.T.);
#9738 = ORIENTED_EDGE('',*,*,#7677,.T.);
#9739 = ORIENTED_EDGE('',*,*,#7832,.T.);
#9740 = ORIENTED_EDGE('',*,*,#7987,.T.);
#9741 = ORIENTED_EDGE('',*,*,#8149,.F.);
#9742 = ORIENTED_EDGE('',*,*,#8297,.T.);
#9743 = ORIENTED_EDGE('',*,*,#8472,.T.);
#9744 = ORIENTED_EDGE('',*,*,#9567,.T.);
#9745 = ORIENTED_EDGE('',*,*,#9169,.T.);
#9746 = PLANE('',#9747);
#9747 = AXIS2_PLACEMENT_3D('',#9748,#9749,#9750);
#9748 = CARTESIAN_POINT('',(-0.8382,0.254,12.7));
#9749 = DIRECTION('',(1.,0.,0.));
#9750 = DIRECTION('',(0.,0.,-1.));
#9751 = ADVANCED_FACE('',(#9752),#9765,.F.);
#9752 = FACE_BOUND('',#9753,.T.);
#9753 = EDGE_LOOP('',(#9754,#9755,#9756,#9757,#9758,#9759,#9760,#9761,
    #9762,#9763,#9764));
#9754 = ORIENTED_EDGE('',*,*,#7158,.T.);
#9755 = ORIENTED_EDGE('',*,*,#9162,.F.);
#9756 = ORIENTED_EDGE('',*,*,#9574,.T.);
#9757 = ORIENTED_EDGE('',*,*,#8456,.T.);
#9758 = ORIENTED_EDGE('',*,*,#8314,.T.);
#9759 = ORIENTED_EDGE('',*,*,#8132,.F.);
#9760 = ORIENTED_EDGE('',*,*,#7971,.T.);
#9761 = ORIENTED_EDGE('',*,*,#7816,.T.);
#9762 = ORIENTED_EDGE('',*,*,#7661,.T.);
#9763 = ORIENTED_EDGE('',*,*,#7519,.T.);
#9764 = ORIENTED_EDGE('',*,*,#7337,.F.);
#9765 = PLANE('',#9766);
#9766 = AXIS2_PLACEMENT_3D('',#9767,#9768,#9769);
#9767 = CARTESIAN_POINT('',(-0.4318,-11.28918379916,12.7));
#9768 = DIRECTION('',(-1.,0.,0.));
#9769 = DIRECTION('',(0.,0.,1.));
#9770 = ADVANCED_FACE('',(#9771),#9784,.F.);
#9771 = FACE_BOUND('',#9772,.T.);
#9772 = EDGE_LOOP('',(#9773,#9774,#9775,#9776,#9777,#9778,#9779,#9780,
    #9781,#9782,#9783));
#9773 = ORIENTED_EDGE('',*,*,#7136,.T.);
#9774 = ORIENTED_EDGE('',*,*,#7321,.F.);
#9775 = ORIENTED_EDGE('',*,*,#7469,.T.);
#9776 = ORIENTED_EDGE('',*,*,#7646,.T.);
#9777 = ORIENTED_EDGE('',*,*,#7801,.T.);
#9778 = ORIENTED_EDGE('',*,*,#7956,.T.);
#9779 = ORIENTED_EDGE('',*,*,#8116,.F.);
#9780 = ORIENTED_EDGE('',*,*,#8264,.T.);
#9781 = ORIENTED_EDGE('',*,*,#8441,.T.);
#9782 = ORIENTED_EDGE('',*,*,#9581,.T.);
#9783 = ORIENTED_EDGE('',*,*,#9146,.T.);
#9784 = PLANE('',#9785);
#9785 = AXIS2_PLACEMENT_3D('',#9786,#9787,#9788);
#9786 = CARTESIAN_POINT('',(0.4318,0.254,12.7));
#9787 = DIRECTION('',(1.,0.,0.));
#9788 = DIRECTION('',(0.,0.,-1.));
#9789 = ADVANCED_FACE('',(#9790),#9803,.F.);
#9790 = FACE_BOUND('',#9791,.T.);
#9791 = EDGE_LOOP('',(#9792,#9793,#9794,#9795,#9796,#9797,#9798,#9799,
    #9800,#9801,#9802));
#9792 = ORIENTED_EDGE('',*,*,#7118,.T.);
#9793 = ORIENTED_EDGE('',*,*,#9139,.F.);
#9794 = ORIENTED_EDGE('',*,*,#9588,.T.);
#9795 = ORIENTED_EDGE('',*,*,#8425,.T.);
#9796 = ORIENTED_EDGE('',*,*,#8281,.T.);
#9797 = ORIENTED_EDGE('',*,*,#8099,.F.);
#9798 = ORIENTED_EDGE('',*,*,#7940,.T.);
#9799 = ORIENTED_EDGE('',*,*,#7785,.T.);
#9800 = ORIENTED_EDGE('',*,*,#7630,.T.);
#9801 = ORIENTED_EDGE('',*,*,#7486,.T.);
#9802 = ORIENTED_EDGE('',*,*,#7304,.F.);
#9803 = PLANE('',#9804);
#9804 = AXIS2_PLACEMENT_3D('',#9805,#9806,#9807);
#9805 = CARTESIAN_POINT('',(0.8382,-11.28918379916,12.7));
#9806 = DIRECTION('',(-1.,0.,0.));
#9807 = DIRECTION('',(0.,0.,1.));
#9808 = ADVANCED_FACE('',(#9809),#9822,.F.);
#9809 = FACE_BOUND('',#9810,.T.);
#9810 = EDGE_LOOP('',(#9811,#9812,#9813,#9814,#9815,#9816,#9817,#9818,
    #9819,#9820,#9821));
#9811 = ORIENTED_EDGE('',*,*,#7096,.T.);
#9812 = ORIENTED_EDGE('',*,*,#7288,.F.);
#9813 = ORIENTED_EDGE('',*,*,#7436,.T.);
#9814 = ORIENTED_EDGE('',*,*,#7615,.T.);
#9815 = ORIENTED_EDGE('',*,*,#7770,.T.);
#9816 = ORIENTED_EDGE('',*,*,#7925,.T.);
#9817 = ORIENTED_EDGE('',*,*,#8083,.F.);
#9818 = ORIENTED_EDGE('',*,*,#8231,.T.);
#9819 = ORIENTED_EDGE('',*,*,#8410,.T.);
#9820 = ORIENTED_EDGE('',*,*,#9595,.T.);
#9821 = ORIENTED_EDGE('',*,*,#9123,.T.);
#9822 = PLANE('',#9823);
#9823 = AXIS2_PLACEMENT_3D('',#9824,#9825,#9826);
#9824 = CARTESIAN_POINT('',(1.7018,0.254,12.7));
#9825 = DIRECTION('',(1.,0.,0.));
#9826 = DIRECTION('',(0.,0.,-1.));
#9827 = ADVANCED_FACE('',(#9828),#9841,.F.);
#9828 = FACE_BOUND('',#9829,.T.);
#9829 = EDGE_LOOP('',(#9830,#9831,#9832,#9833,#9834,#9835,#9836,#9837,
    #9838,#9839,#9840));
#9830 = ORIENTED_EDGE('',*,*,#7078,.T.);
#9831 = ORIENTED_EDGE('',*,*,#9116,.F.);
#9832 = ORIENTED_EDGE('',*,*,#9602,.T.);
#9833 = ORIENTED_EDGE('',*,*,#8394,.T.);
#9834 = ORIENTED_EDGE('',*,*,#8248,.T.);
#9835 = ORIENTED_EDGE('',*,*,#8066,.F.);
#9836 = ORIENTED_EDGE('',*,*,#7909,.T.);
#9837 = ORIENTED_EDGE('',*,*,#7754,.T.);
#9838 = ORIENTED_EDGE('',*,*,#7599,.T.);
#9839 = ORIENTED_EDGE('',*,*,#7453,.T.);
#9840 = ORIENTED_EDGE('',*,*,#7271,.F.);
#9841 = PLANE('',#9842);
#9842 = AXIS2_PLACEMENT_3D('',#9843,#9844,#9845);
#9843 = CARTESIAN_POINT('',(2.1082,-11.28918379916,12.7));
#9844 = DIRECTION('',(-1.,0.,0.));
#9845 = DIRECTION('',(0.,0.,1.));
#9846 = ADVANCED_FACE('',(#9847),#9860,.F.);
#9847 = FACE_BOUND('',#9848,.T.);
#9848 = EDGE_LOOP('',(#9849,#9850,#9851,#9852,#9853,#9854,#9855,#9856,
    #9857,#9858,#9859));
#9849 = ORIENTED_EDGE('',*,*,#7038,.T.);
#9850 = ORIENTED_EDGE('',*,*,#7238,.F.);
#9851 = ORIENTED_EDGE('',*,*,#7413,.T.);
#9852 = ORIENTED_EDGE('',*,*,#7568,.T.);
#9853 = ORIENTED_EDGE('',*,*,#7723,.T.);
#9854 = ORIENTED_EDGE('',*,*,#7878,.T.);
#9855 = ORIENTED_EDGE('',*,*,#8033,.F.);
#9856 = ORIENTED_EDGE('',*,*,#8208,.T.);
#9857 = ORIENTED_EDGE('',*,*,#8363,.T.);
#9858 = ORIENTED_EDGE('',*,*,#9525,.T.);
#9859 = ORIENTED_EDGE('',*,*,#9100,.T.);
#9860 = PLANE('',#9861);
#9861 = AXIS2_PLACEMENT_3D('',#9862,#9863,#9864);
#9862 = CARTESIAN_POINT('',(2.9718,0.254,12.7));
#9863 = DIRECTION('',(1.,0.,0.));
#9864 = DIRECTION('',(0.,0.,-1.));
#9865 = ADVANCED_FACE('',(#9866),#9881,.F.);
#9866 = FACE_BOUND('',#9867,.T.);
#9867 = EDGE_LOOP('',(#9868,#9869,#9870,#9871,#9872,#9873,#9874,#9875,
    #9876,#9877,#9878,#9879,#9880));
#9868 = ORIENTED_EDGE('',*,*,#8626,.T.);
#9869 = ORIENTED_EDGE('',*,*,#9023,.F.);
#9870 = ORIENTED_EDGE('',*,*,#8991,.T.);
#9871 = ORIENTED_EDGE('',*,*,#8975,.T.);
#9872 = ORIENTED_EDGE('',*,*,#8927,.T.);
#9873 = ORIENTED_EDGE('',*,*,#8894,.F.);
#9874 = ORIENTED_EDGE('',*,*,#8863,.T.);
#9875 = ORIENTED_EDGE('',*,*,#8832,.T.);
#9876 = ORIENTED_EDGE('',*,*,#8801,.T.);
#9877 = ORIENTED_EDGE('',*,*,#8785,.T.);
#9878 = ORIENTED_EDGE('',*,*,#8737,.T.);
#9879 = ORIENTED_EDGE('',*,*,#8704,.F.);
#9880 = ORIENTED_EDGE('',*,*,#8673,.T.);
#9881 = PLANE('',#9882);
#9882 = AXIS2_PLACEMENT_3D('',#9883,#9884,#9885);
#9883 = CARTESIAN_POINT('',(-2.9718,-11.33079538475,12.7));
#9884 = DIRECTION('',(-1.,0.,0.));
#9885 = DIRECTION('',(0.,0.,1.));
#9886 = ADVANCED_FACE('',(#9887),#9902,.F.);
#9887 = FACE_BOUND('',#9888,.T.);
#9888 = EDGE_LOOP('',(#9889,#9890,#9891,#9892,#9893,#9894,#9895,#9896,
    #9897,#9898,#9899,#9900,#9901));
#9889 = ORIENTED_EDGE('',*,*,#8610,.T.);
#9890 = ORIENTED_EDGE('',*,*,#5426,.T.);
#9891 = ORIENTED_EDGE('',*,*,#5597,.F.);
#9892 = ORIENTED_EDGE('',*,*,#5753,.T.);
#9893 = ORIENTED_EDGE('',*,*,#5900,.T.);
#9894 = ORIENTED_EDGE('',*,*,#6073,.T.);
#9895 = ORIENTED_EDGE('',*,*,#6228,.T.);
#9896 = ORIENTED_EDGE('',*,*,#6383,.T.);
#9897 = ORIENTED_EDGE('',*,*,#6547,.F.);
#9898 = ORIENTED_EDGE('',*,*,#6703,.T.);
#9899 = ORIENTED_EDGE('',*,*,#6850,.T.);
#9900 = ORIENTED_EDGE('',*,*,#7023,.T.);
#9901 = ORIENTED_EDGE('',*,*,#9030,.T.);
#9902 = PLANE('',#9903);
#9903 = AXIS2_PLACEMENT_3D('',#9904,#9905,#9906);
#9904 = CARTESIAN_POINT('',(-2.1082,0.254,12.7));
#9905 = DIRECTION('',(1.,0.,0.));
#9906 = DIRECTION('',(0.,0.,-1.));
#9907 = ADVANCED_FACE('',(#9908),#9923,.F.);
#9908 = FACE_BOUND('',#9909,.T.);
#9909 = EDGE_LOOP('',(#9910,#9911,#9912,#9913,#9914,#9915,#9916,#9917,
    #9918,#9919,#9920,#9921,#9922));
#9910 = ORIENTED_EDGE('',*,*,#8603,.T.);
#9911 = ORIENTED_EDGE('',*,*,#9037,.F.);
#9912 = ORIENTED_EDGE('',*,*,#7007,.T.);
#9913 = ORIENTED_EDGE('',*,*,#6867,.T.);
#9914 = ORIENTED_EDGE('',*,*,#6687,.T.);
#9915 = ORIENTED_EDGE('',*,*,#6530,.F.);
#9916 = ORIENTED_EDGE('',*,*,#6367,.T.);
#9917 = ORIENTED_EDGE('',*,*,#6212,.T.);
#9918 = ORIENTED_EDGE('',*,*,#6057,.T.);
#9919 = ORIENTED_EDGE('',*,*,#5917,.T.);
#9920 = ORIENTED_EDGE('',*,*,#5737,.T.);
#9921 = ORIENTED_EDGE('',*,*,#5580,.F.);
#9922 = ORIENTED_EDGE('',*,*,#5408,.T.);
#9923 = PLANE('',#9924);
#9924 = AXIS2_PLACEMENT_3D('',#9925,#9926,#9927);
#9925 = CARTESIAN_POINT('',(-1.7018,-11.28918379916,12.7));
#9926 = DIRECTION('',(-1.,0.,0.));
#9927 = DIRECTION('',(0.,0.,1.));
#9928 = ADVANCED_FACE('',(#9929),#9944,.F.);
#9929 = FACE_BOUND('',#9930,.T.);
#9930 = EDGE_LOOP('',(#9931,#9932,#9933,#9934,#9935,#9936,#9937,#9938,
    #9939,#9940,#9941,#9942,#9943));
#9931 = ORIENTED_EDGE('',*,*,#8587,.T.);
#9932 = ORIENTED_EDGE('',*,*,#5386,.T.);
#9933 = ORIENTED_EDGE('',*,*,#5564,.F.);
#9934 = ORIENTED_EDGE('',*,*,#5722,.T.);
#9935 = ORIENTED_EDGE('',*,*,#5867,.T.);
#9936 = ORIENTED_EDGE('',*,*,#6042,.T.);
#9937 = ORIENTED_EDGE('',*,*,#6197,.T.);
#9938 = ORIENTED_EDGE('',*,*,#6352,.T.);
#9939 = ORIENTED_EDGE('',*,*,#6514,.F.);
#9940 = ORIENTED_EDGE('',*,*,#6672,.T.);
#9941 = ORIENTED_EDGE('',*,*,#6817,.T.);
#9942 = ORIENTED_EDGE('',*,*,#6992,.T.);
#9943 = ORIENTED_EDGE('',*,*,#9044,.T.);
#9944 = PLANE('',#9945);
#9945 = AXIS2_PLACEMENT_3D('',#9946,#9947,#9948);
#9946 = CARTESIAN_POINT('',(-0.8382,0.254,12.7));
#9947 = DIRECTION('',(1.,0.,0.));
#9948 = DIRECTION('',(0.,0.,-1.));
#9949 = ADVANCED_FACE('',(#9950),#9965,.F.);
#9950 = FACE_BOUND('',#9951,.T.);
#9951 = EDGE_LOOP('',(#9952,#9953,#9954,#9955,#9956,#9957,#9958,#9959,
    #9960,#9961,#9962,#9963,#9964));
#9952 = ORIENTED_EDGE('',*,*,#8580,.T.);
#9953 = ORIENTED_EDGE('',*,*,#9051,.F.);
#9954 = ORIENTED_EDGE('',*,*,#6976,.T.);
#9955 = ORIENTED_EDGE('',*,*,#6834,.T.);
#9956 = ORIENTED_EDGE('',*,*,#6656,.T.);
#9957 = ORIENTED_EDGE('',*,*,#6497,.F.);
#9958 = ORIENTED_EDGE('',*,*,#6336,.T.);
#9959 = ORIENTED_EDGE('',*,*,#6181,.T.);
#9960 = ORIENTED_EDGE('',*,*,#6026,.T.);
#9961 = ORIENTED_EDGE('',*,*,#5884,.T.);
#9962 = ORIENTED_EDGE('',*,*,#5706,.T.);
#9963 = ORIENTED_EDGE('',*,*,#5547,.F.);
#9964 = ORIENTED_EDGE('',*,*,#5368,.T.);
#9965 = PLANE('',#9966);
#9966 = AXIS2_PLACEMENT_3D('',#9967,#9968,#9969);
#9967 = CARTESIAN_POINT('',(-0.4318,-11.28918379916,12.7));
#9968 = DIRECTION('',(-1.,0.,0.));
#9969 = DIRECTION('',(0.,0.,1.));
#9970 = ADVANCED_FACE('',(#9971),#9986,.F.);
#9971 = FACE_BOUND('',#9972,.T.);
#9972 = EDGE_LOOP('',(#9973,#9974,#9975,#9976,#9977,#9978,#9979,#9980,
    #9981,#9982,#9983,#9984,#9985));
#9973 = ORIENTED_EDGE('',*,*,#8564,.T.);
#9974 = ORIENTED_EDGE('',*,*,#5346,.T.);
#9975 = ORIENTED_EDGE('',*,*,#5531,.F.);
#9976 = ORIENTED_EDGE('',*,*,#5691,.T.);
#9977 = ORIENTED_EDGE('',*,*,#5834,.T.);
#9978 = ORIENTED_EDGE('',*,*,#6011,.T.);
#9979 = ORIENTED_EDGE('',*,*,#6166,.T.);
#9980 = ORIENTED_EDGE('',*,*,#6321,.T.);
#9981 = ORIENTED_EDGE('',*,*,#6481,.F.);
#9982 = ORIENTED_EDGE('',*,*,#6641,.T.);
#9983 = ORIENTED_EDGE('',*,*,#6784,.T.);
#9984 = ORIENTED_EDGE('',*,*,#6961,.T.);
#9985 = ORIENTED_EDGE('',*,*,#9058,.T.);
#9986 = PLANE('',#9987);
#9987 = AXIS2_PLACEMENT_3D('',#9988,#9989,#9990);
#9988 = CARTESIAN_POINT('',(0.4318,0.254,12.7));
#9989 = DIRECTION('',(1.,0.,0.));
#9990 = DIRECTION('',(0.,0.,-1.));
#9991 = ADVANCED_FACE('',(#9992),#10007,.F.);
#9992 = FACE_BOUND('',#9993,.T.);
#9993 = EDGE_LOOP('',(#9994,#9995,#9996,#9997,#9998,#9999,#10000,#10001,
    #10002,#10003,#10004,#10005,#10006));
#9994 = ORIENTED_EDGE('',*,*,#8557,.T.);
#9995 = ORIENTED_EDGE('',*,*,#9065,.F.);
#9996 = ORIENTED_EDGE('',*,*,#6945,.T.);
#9997 = ORIENTED_EDGE('',*,*,#6801,.T.);
#9998 = ORIENTED_EDGE('',*,*,#6625,.T.);
#9999 = ORIENTED_EDGE('',*,*,#6464,.F.);
#10000 = ORIENTED_EDGE('',*,*,#6305,.T.);
#10001 = ORIENTED_EDGE('',*,*,#6150,.T.);
#10002 = ORIENTED_EDGE('',*,*,#5995,.T.);
#10003 = ORIENTED_EDGE('',*,*,#5851,.T.);
#10004 = ORIENTED_EDGE('',*,*,#5675,.T.);
#10005 = ORIENTED_EDGE('',*,*,#5514,.F.);
#10006 = ORIENTED_EDGE('',*,*,#5328,.T.);
#10007 = PLANE('',#10008);
#10008 = AXIS2_PLACEMENT_3D('',#10009,#10010,#10011);
#10009 = CARTESIAN_POINT('',(0.8382,-11.28918379916,12.7));
#10010 = DIRECTION('',(-1.,0.,0.));
#10011 = DIRECTION('',(0.,0.,1.));
#10012 = ADVANCED_FACE('',(#10013),#10028,.F.);
#10013 = FACE_BOUND('',#10014,.T.);
#10014 = EDGE_LOOP('',(#10015,#10016,#10017,#10018,#10019,#10020,#10021,
    #10022,#10023,#10024,#10025,#10026,#10027));
#10015 = ORIENTED_EDGE('',*,*,#8541,.T.);
#10016 = ORIENTED_EDGE('',*,*,#5306,.T.);
#10017 = ORIENTED_EDGE('',*,*,#5498,.F.);
#10018 = ORIENTED_EDGE('',*,*,#5660,.T.);
#10019 = ORIENTED_EDGE('',*,*,#5801,.T.);
#10020 = ORIENTED_EDGE('',*,*,#5980,.T.);
#10021 = ORIENTED_EDGE('',*,*,#6135,.T.);
#10022 = ORIENTED_EDGE('',*,*,#6290,.T.);
#10023 = ORIENTED_EDGE('',*,*,#6448,.F.);
#10024 = ORIENTED_EDGE('',*,*,#6610,.T.);
#10025 = ORIENTED_EDGE('',*,*,#6751,.T.);
#10026 = ORIENTED_EDGE('',*,*,#6930,.T.);
#10027 = ORIENTED_EDGE('',*,*,#9072,.T.);
#10028 = PLANE('',#10029);
#10029 = AXIS2_PLACEMENT_3D('',#10030,#10031,#10032);
#10030 = CARTESIAN_POINT('',(1.7018,0.254,12.7));
#10031 = DIRECTION('',(1.,0.,0.));
#10032 = DIRECTION('',(0.,0.,-1.));
#10033 = ADVANCED_FACE('',(#10034),#10049,.F.);
#10034 = FACE_BOUND('',#10035,.T.);
#10035 = EDGE_LOOP('',(#10036,#10037,#10038,#10039,#10040,#10041,#10042,
    #10043,#10044,#10045,#10046,#10047,#10048));
#10036 = ORIENTED_EDGE('',*,*,#8518,.T.);
#10037 = ORIENTED_EDGE('',*,*,#5248,.T.);
#10038 = ORIENTED_EDGE('',*,*,#5448,.F.);
#10039 = ORIENTED_EDGE('',*,*,#5613,.T.);
#10040 = ORIENTED_EDGE('',*,*,#5778,.T.);
#10041 = ORIENTED_EDGE('',*,*,#5933,.T.);
#10042 = ORIENTED_EDGE('',*,*,#6088,.T.);
#10043 = ORIENTED_EDGE('',*,*,#6243,.T.);
#10044 = ORIENTED_EDGE('',*,*,#6398,.F.);
#10045 = ORIENTED_EDGE('',*,*,#6563,.T.);
#10046 = ORIENTED_EDGE('',*,*,#6728,.T.);
#10047 = ORIENTED_EDGE('',*,*,#6883,.T.);
#10048 = ORIENTED_EDGE('',*,*,#9086,.T.);
#10049 = PLANE('',#10050);
#10050 = AXIS2_PLACEMENT_3D('',#10051,#10052,#10053);
#10051 = CARTESIAN_POINT('',(2.9718,0.254,12.7));
#10052 = DIRECTION('',(1.,0.,0.));
#10053 = DIRECTION('',(0.,0.,-1.));
#10054 = ADVANCED_FACE('',(#10055),#10070,.F.);
#10055 = FACE_BOUND('',#10056,.T.);
#10056 = EDGE_LOOP('',(#10057,#10058,#10059,#10060,#10061,#10062,#10063,
    #10064,#10065,#10066,#10067,#10068,#10069));
#10057 = ORIENTED_EDGE('',*,*,#8534,.T.);
#10058 = ORIENTED_EDGE('',*,*,#9079,.F.);
#10059 = ORIENTED_EDGE('',*,*,#6914,.T.);
#10060 = ORIENTED_EDGE('',*,*,#6768,.T.);
#10061 = ORIENTED_EDGE('',*,*,#6594,.T.);
#10062 = ORIENTED_EDGE('',*,*,#6431,.F.);
#10063 = ORIENTED_EDGE('',*,*,#6274,.T.);
#10064 = ORIENTED_EDGE('',*,*,#6119,.T.);
#10065 = ORIENTED_EDGE('',*,*,#5964,.T.);
#10066 = ORIENTED_EDGE('',*,*,#5818,.T.);
#10067 = ORIENTED_EDGE('',*,*,#5644,.T.);
#10068 = ORIENTED_EDGE('',*,*,#5481,.F.);
#10069 = ORIENTED_EDGE('',*,*,#5288,.T.);
#10070 = PLANE('',#10071);
#10071 = AXIS2_PLACEMENT_3D('',#10072,#10073,#10074);
#10072 = CARTESIAN_POINT('',(2.1082,-11.28918379916,12.7));
#10073 = DIRECTION('',(-1.,0.,0.));
#10074 = DIRECTION('',(0.,0.,1.));
#10075 = ( GEOMETRIC_REPRESENTATION_CONTEXT(3) 
GLOBAL_UNCERTAINTY_ASSIGNED_CONTEXT((#10079)) 
GLOBAL_UNIT_ASSIGNED_CONTEXT((#10076,#10077,#10078)) 
REPRESENTATION_CONTEXT('Context #1',
  '3D Context with UNIT and UNCERTAINTY') );
#10076 = ( LENGTH_UNIT() NAMED_UNIT(*) SI_UNIT(.MILLI.,.METRE.) );
#10077 = ( NAMED_UNIT(*) PLANE_ANGLE_UNIT() SI_UNIT($,.RADIAN.) );
#10078 = ( NAMED_UNIT(*) SI_UNIT($,.STERADIAN.) SOLID_ANGLE_UNIT() );
#10079 = UNCERTAINTY_MEASURE_WITH_UNIT(LENGTH_MEASURE(1.E-07),#10076,
  'distance_accuracy_value','confusion accuracy');
#10080 = CONTEXT_DEPENDENT_SHAPE_REPRESENTATION(#10081,#10083);
#10081 = ( REPRESENTATION_RELATIONSHIP('','',#5241,#10) 
REPRESENTATION_RELATIONSHIP_WITH_TRANSFORMATION(#10082) 
SHAPE_REPRESENTATION_RELATIONSHIP() );
#10082 = ITEM_DEFINED_TRANSFORMATION('','',#11,#23);
#10083 = PRODUCT_DEFINITION_SHAPE('Placement','Placement of an item',
  #10084);
#10084 = NEXT_ASSEMBLY_USAGE_OCCURRENCE('90','=>[0:1:1:3]','',#5,#5236,$
  );
#10085 = PRODUCT_RELATED_PRODUCT_CATEGORY('part',$,(#5238));
#10086 = MECHANICAL_DESIGN_GEOMETRIC_PRESENTATION_REPRESENTATION('',(
    #10087),#10075);
#10087 = STYLED_ITEM('color',(#10088),#5242);
#10088 = PRESENTATION_STYLE_ASSIGNMENT((#10089,#10095));
#10089 = SURFACE_STYLE_USAGE(.BOTH.,#10090);
#10090 = SURFACE_SIDE_STYLE('',(#10091));
#10091 = SURFACE_STYLE_FILL_AREA(#10092);
#10092 = FILL_AREA_STYLE('',(#10093));
#10093 = FILL_AREA_STYLE_COLOUR('',#10094);
#10094 = COLOUR_RGB('',0.670588257465,0.670588257465,0.670588257465);
#10095 = CURVE_STYLE('',#10096,POSITIVE_LENGTH_MEASURE(0.1),#10094);
#10096 = DRAUGHTING_PRE_DEFINED_CURVE_FONT('continuous');
#10097 = MECHANICAL_DESIGN_GEOMETRIC_PRESENTATION_REPRESENTATION('',(
    #10098),#2087);
#10098 = STYLED_ITEM('color',(#10099),#41);
#10099 = PRESENTATION_STYLE_ASSIGNMENT((#10100,#10106));
#10100 = SURFACE_STYLE_USAGE(.BOTH.,#10101);
#10101 = SURFACE_SIDE_STYLE('',(#10102));
#10102 = SURFACE_STYLE_FILL_AREA(#10103);
#10103 = FILL_AREA_STYLE('',(#10104));
#10104 = FILL_AREA_STYLE_COLOUR('',#10105);
#10105 = COLOUR_RGB('',0.109800004037,0.109800004037,0.109800004037);
#10106 = CURVE_STYLE('',#10107,POSITIVE_LENGTH_MEASURE(0.1),#10105);
#10107 = DRAUGHTING_PRE_DEFINED_CURVE_FONT('continuous');
#10108 = MECHANICAL_DESIGN_GEOMETRIC_PRESENTATION_REPRESENTATION('',(
    #10109),#5223);
#10109 = STYLED_ITEM('color',(#10110),#2106);
#10110 = PRESENTATION_STYLE_ASSIGNMENT((#10111,#10117));
#10111 = SURFACE_STYLE_USAGE(.BOTH.,#10112);
#10112 = SURFACE_SIDE_STYLE('',(#10113));
#10113 = SURFACE_STYLE_FILL_AREA(#10114);
#10114 = FILL_AREA_STYLE('',(#10115));
#10115 = FILL_AREA_STYLE_COLOUR('',#10116);
#10116 = COLOUR_RGB('',0.83137256512,0.701960807317,0.176470590079);
#10117 = CURVE_STYLE('',#10118,POSITIVE_LENGTH_MEASURE(0.1),#10116);
#10118 = DRAUGHTING_PRE_DEFINED_CURVE_FONT('continuous');
ENDSEC;
END-ISO-10303-21;
