ISO-10303-21;
HEADER;
FILE_DESCRIPTION(('FreeCAD Model'),'2;1');
FILE_NAME('Open CASCADE Shape Model','2025-10-06T18:49:59',(''),(''),
  'Open CASCADE STEP processor 7.8','FreeCAD','Unknown');
FILE_SCHEMA(('AUTOMOTIVE_DESIGN { 1 0 10303 214 1 1 1 1 }'));
ENDSEC;
DATA;
#1 = APPLICATION_PROTOCOL_DEFINITION('international standard',
  'automotive_design',2000,#2);
#2 = APPLICATION_CONTEXT(
  'core data for automotive mechanical design processes');
#3 = SHAPE_DEFINITION_REPRESENTATION(#4,#10);
#4 = PRODUCT_DEFINITION_SHAPE('','',#5);
#5 = PRODUCT_DEFINITION('design','',#6,#9);
#6 = PRODUCT_DEFINITION_FORMATION('','',#7);
#7 = PRODUCT('FW-05-05-G-D-470-160','FW-05-05-G-D-470-160','',(#8));
#8 = PRODUCT_CONTEXT('',#2,'mechanical');
#9 = PRODUCT_DEFINITION_CONTEXT('part definition',#2,'design');
#10 = SHAPE_REPRESENTATION('',(#11,#15,#19,#23,#27),#31);
#11 = AXIS2_PLACEMENT_3D('',#12,#13,#14);
#12 = CARTESIAN_POINT('',(0.,0.,0.));
#13 = DIRECTION('',(0.,0.,1.));
#14 = DIRECTION('',(1.,0.,-0.));
#15 = AXIS2_PLACEMENT_3D('',#16,#17,#18);
#16 = CARTESIAN_POINT('',(0.,0.,0.44));
#17 = DIRECTION('',(0.,-1.,1.110223024625E-16));
#18 = DIRECTION('',(1.,0.,0.));
#19 = AXIS2_PLACEMENT_3D('',#20,#21,#22);
#20 = CARTESIAN_POINT('',(0.,0.,0.44));
#21 = DIRECTION('',(0.,-1.,1.110223024625E-16));
#22 = DIRECTION('',(1.,0.,0.));
#23 = AXIS2_PLACEMENT_3D('',#24,#25,#26);
#24 = CARTESIAN_POINT('',(0.,0.,0.44));
#25 = DIRECTION('',(0.,-1.,1.110223024625E-16));
#26 = DIRECTION('',(1.,0.,0.));
#27 = AXIS2_PLACEMENT_3D('',#28,#29,#30);
#28 = CARTESIAN_POINT('',(0.,0.,0.44));
#29 = DIRECTION('',(0.,-1.,1.110223024625E-16));
#30 = DIRECTION('',(1.,0.,0.));
#31 = ( GEOMETRIC_REPRESENTATION_CONTEXT(3) 
GLOBAL_UNCERTAINTY_ASSIGNED_CONTEXT((#35)) GLOBAL_UNIT_ASSIGNED_CONTEXT(
(#32,#33,#34)) REPRESENTATION_CONTEXT('Context #1',
  '3D Context with UNIT and UNCERTAINTY') );
#32 = ( LENGTH_UNIT() NAMED_UNIT(*) SI_UNIT(.MILLI.,.METRE.) );
#33 = ( NAMED_UNIT(*) PLANE_ANGLE_UNIT() SI_UNIT($,.RADIAN.) );
#34 = ( NAMED_UNIT(*) SI_UNIT($,.STERADIAN.) SOLID_ANGLE_UNIT() );
#35 = UNCERTAINTY_MEASURE_WITH_UNIT(LENGTH_MEASURE(1.E-07),#32,
  'distance_accuracy_value','confusion accuracy');
#36 = PRODUCT_RELATED_PRODUCT_CATEGORY('part',$,(#7));
#37 = SHAPE_DEFINITION_REPRESENTATION(#38,#44);
#38 = PRODUCT_DEFINITION_SHAPE('','',#39);
#39 = PRODUCT_DEFINITION('design','',#40,#43);
#40 = PRODUCT_DEFINITION_FORMATION('','',#41);
#41 = PRODUCT('FW-05-05-G-D-470-160_bottom_body',
  'FW-05-05-G-D-470-160_bottom_body','',(#42));
#42 = PRODUCT_CONTEXT('',#2,'mechanical');
#43 = PRODUCT_DEFINITION_CONTEXT('part definition',#2,'design');
#44 = ADVANCED_BREP_SHAPE_REPRESENTATION('',(#11,#45),#459);
#45 = MANIFOLD_SOLID_BREP('',#46);
#46 = CLOSED_SHELL('',(#47,#87,#127,#213,#244,#321,#343,#355,#367,#389,
    #401,#413,#430,#447));
#47 = ADVANCED_FACE('',(#48),#82,.F.);
#48 = FACE_BOUND('',#49,.T.);
#49 = EDGE_LOOP('',(#50,#60,#68,#76));
#50 = ORIENTED_EDGE('',*,*,#51,.F.);
#51 = EDGE_CURVE('',#52,#54,#56,.T.);
#52 = VERTEX_POINT('',#53);
#53 = CARTESIAN_POINT('',(-3.175,0.6223,-1.7145));
#54 = VERTEX_POINT('',#55);
#55 = CARTESIAN_POINT('',(-3.175,0.,-1.7145));
#56 = LINE('',#57,#58);
#57 = CARTESIAN_POINT('',(-3.175,2.5146,-1.7145));
#58 = VECTOR('',#59,1.);
#59 = DIRECTION('',(0.,-1.,0.));
#60 = ORIENTED_EDGE('',*,*,#61,.F.);
#61 = EDGE_CURVE('',#62,#52,#64,.T.);
#62 = VERTEX_POINT('',#63);
#63 = CARTESIAN_POINT('',(3.175,0.6223,-1.7145));
#64 = LINE('',#65,#66);
#65 = CARTESIAN_POINT('',(3.175,0.6223,-1.7145));
#66 = VECTOR('',#67,1.);
#67 = DIRECTION('',(-1.,0.,0.));
#68 = ORIENTED_EDGE('',*,*,#69,.T.);
#69 = EDGE_CURVE('',#62,#70,#72,.T.);
#70 = VERTEX_POINT('',#71);
#71 = CARTESIAN_POINT('',(3.175,0.,-1.7145));
#72 = LINE('',#73,#74);
#73 = CARTESIAN_POINT('',(3.175,2.5146,-1.7145));
#74 = VECTOR('',#75,1.);
#75 = DIRECTION('',(0.,-1.,0.));
#76 = ORIENTED_EDGE('',*,*,#77,.T.);
#77 = EDGE_CURVE('',#70,#54,#78,.T.);
#78 = LINE('',#79,#80);
#79 = CARTESIAN_POINT('',(3.175,0.,-1.7145));
#80 = VECTOR('',#81,1.);
#81 = DIRECTION('',(-1.,0.,0.));
#82 = PLANE('',#83);
#83 = AXIS2_PLACEMENT_3D('',#84,#85,#86);
#84 = CARTESIAN_POINT('',(3.175,2.5146,-1.7145));
#85 = DIRECTION('',(0.,0.,1.));
#86 = DIRECTION('',(1.,0.,-0.));
#87 = ADVANCED_FACE('',(#88),#122,.F.);
#88 = FACE_BOUND('',#89,.T.);
#89 = EDGE_LOOP('',(#90,#100,#108,#116));
#90 = ORIENTED_EDGE('',*,*,#91,.F.);
#91 = EDGE_CURVE('',#92,#94,#96,.T.);
#92 = VERTEX_POINT('',#93);
#93 = CARTESIAN_POINT('',(3.175,0.6223,1.7145));
#94 = VERTEX_POINT('',#95);
#95 = CARTESIAN_POINT('',(3.175,0.,1.7145));
#96 = LINE('',#97,#98);
#97 = CARTESIAN_POINT('',(3.175,2.5146,1.7145));
#98 = VECTOR('',#99,1.);
#99 = DIRECTION('',(0.,-1.,0.));
#100 = ORIENTED_EDGE('',*,*,#101,.T.);
#101 = EDGE_CURVE('',#92,#102,#104,.T.);
#102 = VERTEX_POINT('',#103);
#103 = CARTESIAN_POINT('',(-3.175,0.6223,1.7145));
#104 = LINE('',#105,#106);
#105 = CARTESIAN_POINT('',(3.175,0.6223,1.7145));
#106 = VECTOR('',#107,1.);
#107 = DIRECTION('',(-1.,0.,0.));
#108 = ORIENTED_EDGE('',*,*,#109,.T.);
#109 = EDGE_CURVE('',#102,#110,#112,.T.);
#110 = VERTEX_POINT('',#111);
#111 = CARTESIAN_POINT('',(-3.175,0.,1.7145));
#112 = LINE('',#113,#114);
#113 = CARTESIAN_POINT('',(-3.175,2.5146,1.7145));
#114 = VECTOR('',#115,1.);
#115 = DIRECTION('',(0.,-1.,0.));
#116 = ORIENTED_EDGE('',*,*,#117,.T.);
#117 = EDGE_CURVE('',#110,#94,#118,.T.);
#118 = LINE('',#119,#120);
#119 = CARTESIAN_POINT('',(-3.175,0.,1.7145));
#120 = VECTOR('',#121,1.);
#121 = DIRECTION('',(1.,0.,0.));
#122 = PLANE('',#123);
#123 = AXIS2_PLACEMENT_3D('',#124,#125,#126);
#124 = CARTESIAN_POINT('',(-3.175,2.5146,1.7145));
#125 = DIRECTION('',(0.,0.,-1.));
#126 = DIRECTION('',(-1.,0.,0.));
#127 = ADVANCED_FACE('',(#128),#208,.F.);
#128 = FACE_BOUND('',#129,.T.);
#129 = EDGE_LOOP('',(#130,#140,#146,#147,#153,#154,#162,#170,#178,#186,
    #194,#202));
#130 = ORIENTED_EDGE('',*,*,#131,.F.);
#131 = EDGE_CURVE('',#132,#134,#136,.T.);
#132 = VERTEX_POINT('',#133);
#133 = CARTESIAN_POINT('',(-3.175,0.6223,-1.4605));
#134 = VERTEX_POINT('',#135);
#135 = CARTESIAN_POINT('',(-3.175,1.8923,-1.4605));
#136 = LINE('',#137,#138);
#137 = CARTESIAN_POINT('',(-3.175,0.6223,-1.4605));
#138 = VECTOR('',#139,1.);
#139 = DIRECTION('',(0.,1.,0.));
#140 = ORIENTED_EDGE('',*,*,#141,.F.);
#141 = EDGE_CURVE('',#52,#132,#142,.T.);
#142 = LINE('',#143,#144);
#143 = CARTESIAN_POINT('',(-3.175,0.6223,-1.7145));
#144 = VECTOR('',#145,1.);
#145 = DIRECTION('',(0.,0.,1.));
#146 = ORIENTED_EDGE('',*,*,#51,.T.);
#147 = ORIENTED_EDGE('',*,*,#148,.T.);
#148 = EDGE_CURVE('',#54,#110,#149,.T.);
#149 = LINE('',#150,#151);
#150 = CARTESIAN_POINT('',(-3.175,0.,-1.7145));
#151 = VECTOR('',#152,1.);
#152 = DIRECTION('',(0.,0.,1.));
#153 = ORIENTED_EDGE('',*,*,#109,.F.);
#154 = ORIENTED_EDGE('',*,*,#155,.F.);
#155 = EDGE_CURVE('',#156,#102,#158,.T.);
#156 = VERTEX_POINT('',#157);
#157 = CARTESIAN_POINT('',(-3.175,0.6223,1.4605));
#158 = LINE('',#159,#160);
#159 = CARTESIAN_POINT('',(-3.175,0.6223,1.4605));
#160 = VECTOR('',#161,1.);
#161 = DIRECTION('',(0.,0.,1.));
#162 = ORIENTED_EDGE('',*,*,#163,.F.);
#163 = EDGE_CURVE('',#164,#156,#166,.T.);
#164 = VERTEX_POINT('',#165);
#165 = CARTESIAN_POINT('',(-3.175,1.8923,1.4605));
#166 = LINE('',#167,#168);
#167 = CARTESIAN_POINT('',(-3.175,1.8923,1.4605));
#168 = VECTOR('',#169,1.);
#169 = DIRECTION('',(0.,-1.,0.));
#170 = ORIENTED_EDGE('',*,*,#171,.F.);
#171 = EDGE_CURVE('',#172,#164,#174,.T.);
#172 = VERTEX_POINT('',#173);
#173 = CARTESIAN_POINT('',(-3.175,1.8923,1.7145));
#174 = LINE('',#175,#176);
#175 = CARTESIAN_POINT('',(-3.175,1.8923,1.7145));
#176 = VECTOR('',#177,1.);
#177 = DIRECTION('',(0.,0.,-1.));
#178 = ORIENTED_EDGE('',*,*,#179,.F.);
#179 = EDGE_CURVE('',#180,#172,#182,.T.);
#180 = VERTEX_POINT('',#181);
#181 = CARTESIAN_POINT('',(-3.175,2.5146,1.7145));
#182 = LINE('',#183,#184);
#183 = CARTESIAN_POINT('',(-3.175,2.5146,1.7145));
#184 = VECTOR('',#185,1.);
#185 = DIRECTION('',(0.,-1.,0.));
#186 = ORIENTED_EDGE('',*,*,#187,.F.);
#187 = EDGE_CURVE('',#188,#180,#190,.T.);
#188 = VERTEX_POINT('',#189);
#189 = CARTESIAN_POINT('',(-3.175,2.5146,-1.7145));
#190 = LINE('',#191,#192);
#191 = CARTESIAN_POINT('',(-3.175,2.5146,-1.7145));
#192 = VECTOR('',#193,1.);
#193 = DIRECTION('',(0.,0.,1.));
#194 = ORIENTED_EDGE('',*,*,#195,.T.);
#195 = EDGE_CURVE('',#188,#196,#198,.T.);
#196 = VERTEX_POINT('',#197);
#197 = CARTESIAN_POINT('',(-3.175,1.8923,-1.7145));
#198 = LINE('',#199,#200);
#199 = CARTESIAN_POINT('',(-3.175,2.5146,-1.7145));
#200 = VECTOR('',#201,1.);
#201 = DIRECTION('',(0.,-1.,0.));
#202 = ORIENTED_EDGE('',*,*,#203,.F.);
#203 = EDGE_CURVE('',#134,#196,#204,.T.);
#204 = LINE('',#205,#206);
#205 = CARTESIAN_POINT('',(-3.175,1.8923,-1.4605));
#206 = VECTOR('',#207,1.);
#207 = DIRECTION('',(0.,0.,-1.));
#208 = PLANE('',#209);
#209 = AXIS2_PLACEMENT_3D('',#210,#211,#212);
#210 = CARTESIAN_POINT('',(-3.175,2.5146,-1.7145));
#211 = DIRECTION('',(1.,0.,0.));
#212 = DIRECTION('',(0.,0.,-1.));
#213 = ADVANCED_FACE('',(#214),#239,.F.);
#214 = FACE_BOUND('',#215,.T.);
#215 = EDGE_LOOP('',(#216,#217,#225,#233));
#216 = ORIENTED_EDGE('',*,*,#179,.T.);
#217 = ORIENTED_EDGE('',*,*,#218,.F.);
#218 = EDGE_CURVE('',#219,#172,#221,.T.);
#219 = VERTEX_POINT('',#220);
#220 = CARTESIAN_POINT('',(3.175,1.8923,1.7145));
#221 = LINE('',#222,#223);
#222 = CARTESIAN_POINT('',(3.175,1.8923,1.7145));
#223 = VECTOR('',#224,1.);
#224 = DIRECTION('',(-1.,0.,0.));
#225 = ORIENTED_EDGE('',*,*,#226,.F.);
#226 = EDGE_CURVE('',#227,#219,#229,.T.);
#227 = VERTEX_POINT('',#228);
#228 = CARTESIAN_POINT('',(3.175,2.5146,1.7145));
#229 = LINE('',#230,#231);
#230 = CARTESIAN_POINT('',(3.175,2.5146,1.7145));
#231 = VECTOR('',#232,1.);
#232 = DIRECTION('',(0.,-1.,0.));
#233 = ORIENTED_EDGE('',*,*,#234,.F.);
#234 = EDGE_CURVE('',#180,#227,#235,.T.);
#235 = LINE('',#236,#237);
#236 = CARTESIAN_POINT('',(-3.175,2.5146,1.7145));
#237 = VECTOR('',#238,1.);
#238 = DIRECTION('',(1.,0.,0.));
#239 = PLANE('',#240);
#240 = AXIS2_PLACEMENT_3D('',#241,#242,#243);
#241 = CARTESIAN_POINT('',(-3.175,2.5146,1.7145));
#242 = DIRECTION('',(0.,0.,-1.));
#243 = DIRECTION('',(-1.,0.,0.));
#244 = ADVANCED_FACE('',(#245),#316,.F.);
#245 = FACE_BOUND('',#246,.T.);
#246 = EDGE_LOOP('',(#247,#248,#256,#264,#272,#280,#286,#287,#295,#303,
    #309,#310));
#247 = ORIENTED_EDGE('',*,*,#69,.F.);
#248 = ORIENTED_EDGE('',*,*,#249,.T.);
#249 = EDGE_CURVE('',#62,#250,#252,.T.);
#250 = VERTEX_POINT('',#251);
#251 = CARTESIAN_POINT('',(3.175,0.6223,-1.4605));
#252 = LINE('',#253,#254);
#253 = CARTESIAN_POINT('',(3.175,0.6223,-1.7145));
#254 = VECTOR('',#255,1.);
#255 = DIRECTION('',(0.,0.,1.));
#256 = ORIENTED_EDGE('',*,*,#257,.T.);
#257 = EDGE_CURVE('',#250,#258,#260,.T.);
#258 = VERTEX_POINT('',#259);
#259 = CARTESIAN_POINT('',(3.175,1.8923,-1.4605));
#260 = LINE('',#261,#262);
#261 = CARTESIAN_POINT('',(3.175,0.6223,-1.4605));
#262 = VECTOR('',#263,1.);
#263 = DIRECTION('',(0.,1.,0.));
#264 = ORIENTED_EDGE('',*,*,#265,.T.);
#265 = EDGE_CURVE('',#258,#266,#268,.T.);
#266 = VERTEX_POINT('',#267);
#267 = CARTESIAN_POINT('',(3.175,1.8923,-1.7145));
#268 = LINE('',#269,#270);
#269 = CARTESIAN_POINT('',(3.175,1.8923,-1.4605));
#270 = VECTOR('',#271,1.);
#271 = DIRECTION('',(0.,0.,-1.));
#272 = ORIENTED_EDGE('',*,*,#273,.F.);
#273 = EDGE_CURVE('',#274,#266,#276,.T.);
#274 = VERTEX_POINT('',#275);
#275 = CARTESIAN_POINT('',(3.175,2.5146,-1.7145));
#276 = LINE('',#277,#278);
#277 = CARTESIAN_POINT('',(3.175,2.5146,-1.7145));
#278 = VECTOR('',#279,1.);
#279 = DIRECTION('',(0.,-1.,0.));
#280 = ORIENTED_EDGE('',*,*,#281,.F.);
#281 = EDGE_CURVE('',#227,#274,#282,.T.);
#282 = LINE('',#283,#284);
#283 = CARTESIAN_POINT('',(3.175,2.5146,1.7145));
#284 = VECTOR('',#285,1.);
#285 = DIRECTION('',(0.,0.,-1.));
#286 = ORIENTED_EDGE('',*,*,#226,.T.);
#287 = ORIENTED_EDGE('',*,*,#288,.T.);
#288 = EDGE_CURVE('',#219,#289,#291,.T.);
#289 = VERTEX_POINT('',#290);
#290 = CARTESIAN_POINT('',(3.175,1.8923,1.4605));
#291 = LINE('',#292,#293);
#292 = CARTESIAN_POINT('',(3.175,1.8923,1.7145));
#293 = VECTOR('',#294,1.);
#294 = DIRECTION('',(0.,0.,-1.));
#295 = ORIENTED_EDGE('',*,*,#296,.T.);
#296 = EDGE_CURVE('',#289,#297,#299,.T.);
#297 = VERTEX_POINT('',#298);
#298 = CARTESIAN_POINT('',(3.175,0.6223,1.4605));
#299 = LINE('',#300,#301);
#300 = CARTESIAN_POINT('',(3.175,1.8923,1.4605));
#301 = VECTOR('',#302,1.);
#302 = DIRECTION('',(0.,-1.,0.));
#303 = ORIENTED_EDGE('',*,*,#304,.T.);
#304 = EDGE_CURVE('',#297,#92,#305,.T.);
#305 = LINE('',#306,#307);
#306 = CARTESIAN_POINT('',(3.175,0.6223,1.4605));
#307 = VECTOR('',#308,1.);
#308 = DIRECTION('',(0.,0.,1.));
#309 = ORIENTED_EDGE('',*,*,#91,.T.);
#310 = ORIENTED_EDGE('',*,*,#311,.T.);
#311 = EDGE_CURVE('',#94,#70,#312,.T.);
#312 = LINE('',#313,#314);
#313 = CARTESIAN_POINT('',(3.175,0.,1.7145));
#314 = VECTOR('',#315,1.);
#315 = DIRECTION('',(0.,0.,-1.));
#316 = PLANE('',#317);
#317 = AXIS2_PLACEMENT_3D('',#318,#319,#320);
#318 = CARTESIAN_POINT('',(3.175,2.5146,1.7145));
#319 = DIRECTION('',(-1.,0.,0.));
#320 = DIRECTION('',(0.,0.,1.));
#321 = ADVANCED_FACE('',(#322),#338,.F.);
#322 = FACE_BOUND('',#323,.T.);
#323 = EDGE_LOOP('',(#324,#325,#331,#332));
#324 = ORIENTED_EDGE('',*,*,#273,.T.);
#325 = ORIENTED_EDGE('',*,*,#326,.T.);
#326 = EDGE_CURVE('',#266,#196,#327,.T.);
#327 = LINE('',#328,#329);
#328 = CARTESIAN_POINT('',(3.175,1.8923,-1.7145));
#329 = VECTOR('',#330,1.);
#330 = DIRECTION('',(-1.,0.,0.));
#331 = ORIENTED_EDGE('',*,*,#195,.F.);
#332 = ORIENTED_EDGE('',*,*,#333,.F.);
#333 = EDGE_CURVE('',#274,#188,#334,.T.);
#334 = LINE('',#335,#336);
#335 = CARTESIAN_POINT('',(3.175,2.5146,-1.7145));
#336 = VECTOR('',#337,1.);
#337 = DIRECTION('',(-1.,0.,0.));
#338 = PLANE('',#339);
#339 = AXIS2_PLACEMENT_3D('',#340,#341,#342);
#340 = CARTESIAN_POINT('',(3.175,2.5146,-1.7145));
#341 = DIRECTION('',(0.,0.,1.));
#342 = DIRECTION('',(1.,0.,-0.));
#343 = ADVANCED_FACE('',(#344),#350,.T.);
#344 = FACE_BOUND('',#345,.T.);
#345 = EDGE_LOOP('',(#346,#347,#348,#349));
#346 = ORIENTED_EDGE('',*,*,#187,.T.);
#347 = ORIENTED_EDGE('',*,*,#234,.T.);
#348 = ORIENTED_EDGE('',*,*,#281,.T.);
#349 = ORIENTED_EDGE('',*,*,#333,.T.);
#350 = PLANE('',#351);
#351 = AXIS2_PLACEMENT_3D('',#352,#353,#354);
#352 = CARTESIAN_POINT('',(0.,2.5146,0.));
#353 = DIRECTION('',(0.,1.,0.));
#354 = DIRECTION('',(0.,-0.,1.));
#355 = ADVANCED_FACE('',(#356),#362,.F.);
#356 = FACE_BOUND('',#357,.T.);
#357 = EDGE_LOOP('',(#358,#359,#360,#361));
#358 = ORIENTED_EDGE('',*,*,#148,.F.);
#359 = ORIENTED_EDGE('',*,*,#77,.F.);
#360 = ORIENTED_EDGE('',*,*,#311,.F.);
#361 = ORIENTED_EDGE('',*,*,#117,.F.);
#362 = PLANE('',#363);
#363 = AXIS2_PLACEMENT_3D('',#364,#365,#366);
#364 = CARTESIAN_POINT('',(0.,0.,0.));
#365 = DIRECTION('',(0.,1.,0.));
#366 = DIRECTION('',(0.,-0.,1.));
#367 = ADVANCED_FACE('',(#368),#384,.F.);
#368 = FACE_BOUND('',#369,.T.);
#369 = EDGE_LOOP('',(#370,#371,#377,#378));
#370 = ORIENTED_EDGE('',*,*,#163,.T.);
#371 = ORIENTED_EDGE('',*,*,#372,.F.);
#372 = EDGE_CURVE('',#297,#156,#373,.T.);
#373 = LINE('',#374,#375);
#374 = CARTESIAN_POINT('',(3.175,0.6223,1.4605));
#375 = VECTOR('',#376,1.);
#376 = DIRECTION('',(-1.,0.,0.));
#377 = ORIENTED_EDGE('',*,*,#296,.F.);
#378 = ORIENTED_EDGE('',*,*,#379,.T.);
#379 = EDGE_CURVE('',#289,#164,#380,.T.);
#380 = LINE('',#381,#382);
#381 = CARTESIAN_POINT('',(3.175,1.8923,1.4605));
#382 = VECTOR('',#383,1.);
#383 = DIRECTION('',(-1.,0.,0.));
#384 = PLANE('',#385);
#385 = AXIS2_PLACEMENT_3D('',#386,#387,#388);
#386 = CARTESIAN_POINT('',(3.175,1.8923,1.4605));
#387 = DIRECTION('',(0.,0.,-1.));
#388 = DIRECTION('',(-1.,0.,0.));
#389 = ADVANCED_FACE('',(#390),#396,.F.);
#390 = FACE_BOUND('',#391,.T.);
#391 = EDGE_LOOP('',(#392,#393,#394,#395));
#392 = ORIENTED_EDGE('',*,*,#155,.T.);
#393 = ORIENTED_EDGE('',*,*,#101,.F.);
#394 = ORIENTED_EDGE('',*,*,#304,.F.);
#395 = ORIENTED_EDGE('',*,*,#372,.T.);
#396 = PLANE('',#397);
#397 = AXIS2_PLACEMENT_3D('',#398,#399,#400);
#398 = CARTESIAN_POINT('',(3.175,0.6223,1.4605));
#399 = DIRECTION('',(0.,-1.,0.));
#400 = DIRECTION('',(0.,0.,-1.));
#401 = ADVANCED_FACE('',(#402),#408,.F.);
#402 = FACE_BOUND('',#403,.T.);
#403 = EDGE_LOOP('',(#404,#405,#406,#407));
#404 = ORIENTED_EDGE('',*,*,#171,.T.);
#405 = ORIENTED_EDGE('',*,*,#379,.F.);
#406 = ORIENTED_EDGE('',*,*,#288,.F.);
#407 = ORIENTED_EDGE('',*,*,#218,.T.);
#408 = PLANE('',#409);
#409 = AXIS2_PLACEMENT_3D('',#410,#411,#412);
#410 = CARTESIAN_POINT('',(3.175,1.8923,1.7145));
#411 = DIRECTION('',(0.,1.,0.));
#412 = DIRECTION('',(0.,-0.,1.));
#413 = ADVANCED_FACE('',(#414),#425,.F.);
#414 = FACE_BOUND('',#415,.T.);
#415 = EDGE_LOOP('',(#416,#417,#423,#424));
#416 = ORIENTED_EDGE('',*,*,#141,.T.);
#417 = ORIENTED_EDGE('',*,*,#418,.F.);
#418 = EDGE_CURVE('',#250,#132,#419,.T.);
#419 = LINE('',#420,#421);
#420 = CARTESIAN_POINT('',(3.175,0.6223,-1.4605));
#421 = VECTOR('',#422,1.);
#422 = DIRECTION('',(-1.,0.,0.));
#423 = ORIENTED_EDGE('',*,*,#249,.F.);
#424 = ORIENTED_EDGE('',*,*,#61,.T.);
#425 = PLANE('',#426);
#426 = AXIS2_PLACEMENT_3D('',#427,#428,#429);
#427 = CARTESIAN_POINT('',(3.175,0.6223,-1.7145));
#428 = DIRECTION('',(0.,-1.,0.));
#429 = DIRECTION('',(0.,0.,-1.));
#430 = ADVANCED_FACE('',(#431),#442,.F.);
#431 = FACE_BOUND('',#432,.T.);
#432 = EDGE_LOOP('',(#433,#434,#440,#441));
#433 = ORIENTED_EDGE('',*,*,#131,.T.);
#434 = ORIENTED_EDGE('',*,*,#435,.F.);
#435 = EDGE_CURVE('',#258,#134,#436,.T.);
#436 = LINE('',#437,#438);
#437 = CARTESIAN_POINT('',(3.175,1.8923,-1.4605));
#438 = VECTOR('',#439,1.);
#439 = DIRECTION('',(-1.,0.,0.));
#440 = ORIENTED_EDGE('',*,*,#257,.F.);
#441 = ORIENTED_EDGE('',*,*,#418,.T.);
#442 = PLANE('',#443);
#443 = AXIS2_PLACEMENT_3D('',#444,#445,#446);
#444 = CARTESIAN_POINT('',(3.175,0.6223,-1.4605));
#445 = DIRECTION('',(0.,0.,1.));
#446 = DIRECTION('',(1.,0.,-0.));
#447 = ADVANCED_FACE('',(#448),#454,.F.);
#448 = FACE_BOUND('',#449,.T.);
#449 = EDGE_LOOP('',(#450,#451,#452,#453));
#450 = ORIENTED_EDGE('',*,*,#203,.T.);
#451 = ORIENTED_EDGE('',*,*,#326,.F.);
#452 = ORIENTED_EDGE('',*,*,#265,.F.);
#453 = ORIENTED_EDGE('',*,*,#435,.T.);
#454 = PLANE('',#455);
#455 = AXIS2_PLACEMENT_3D('',#456,#457,#458);
#456 = CARTESIAN_POINT('',(3.175,1.8923,-1.4605));
#457 = DIRECTION('',(0.,1.,0.));
#458 = DIRECTION('',(0.,-0.,1.));
#459 = ( GEOMETRIC_REPRESENTATION_CONTEXT(3) 
GLOBAL_UNCERTAINTY_ASSIGNED_CONTEXT((#463)) GLOBAL_UNIT_ASSIGNED_CONTEXT
((#460,#461,#462)) REPRESENTATION_CONTEXT('Context #1',
  '3D Context with UNIT and UNCERTAINTY') );
#460 = ( LENGTH_UNIT() NAMED_UNIT(*) SI_UNIT(.MILLI.,.METRE.) );
#461 = ( NAMED_UNIT(*) PLANE_ANGLE_UNIT() SI_UNIT($,.RADIAN.) );
#462 = ( NAMED_UNIT(*) SI_UNIT($,.STERADIAN.) SOLID_ANGLE_UNIT() );
#463 = UNCERTAINTY_MEASURE_WITH_UNIT(LENGTH_MEASURE(1.E-07),#460,
  'distance_accuracy_value','confusion accuracy');
#464 = CONTEXT_DEPENDENT_SHAPE_REPRESENTATION(#465,#467);
#465 = ( REPRESENTATION_RELATIONSHIP('','',#44,#10) 
REPRESENTATION_RELATIONSHIP_WITH_TRANSFORMATION(#466) 
SHAPE_REPRESENTATION_RELATIONSHIP() );
#466 = ITEM_DEFINED_TRANSFORMATION('','',#11,#15);
#467 = PRODUCT_DEFINITION_SHAPE('Placement','Placement of an item',#468
  );
#468 = NEXT_ASSEMBLY_USAGE_OCCURRENCE('13','=>[0:1:1:1]','',#5,#39,$);
#469 = PRODUCT_RELATED_PRODUCT_CATEGORY('part',$,(#41));
#470 = SHAPE_DEFINITION_REPRESENTATION(#471,#477);
#471 = PRODUCT_DEFINITION_SHAPE('','',#472);
#472 = PRODUCT_DEFINITION('design','',#473,#476);
#473 = PRODUCT_DEFINITION_FORMATION('','',#474);
#474 = PRODUCT('FW-05-05-G-D-470-160_pins1','FW-05-05-G-D-470-160_pins1'
  ,'',(#475));
#475 = PRODUCT_CONTEXT('',#2,'mechanical');
#476 = PRODUCT_DEFINITION_CONTEXT('part definition',#2,'design');
#477 = ADVANCED_BREP_SHAPE_REPRESENTATION('',(#11,#478),#2776);
#478 = MANIFOLD_SOLID_BREP('',#479);
#479 = CLOSED_SHELL('',(#480,#520,#560,#600,#640,#680,#720,#760,#800,
    #831,#862,#893,#924,#955,#986,#1017,#1048,#1088,#1128,#1168,#1208,
    #1230,#1252,#1274,#1296,#1336,#1459,#1490,#1613,#1644,#1675,#1706,
    #1829,#1860,#1983,#2014,#2036,#2062,#2088,#2100,#2112,#2124,#2136,
    #2153,#2170,#2187,#2204,#2216,#2233,#2250,#2267,#2284,#2296,#2313,
    #2330,#2347,#2364,#2376,#2393,#2410,#2427,#2444,#2456,#2478,#2495,
    #2512,#2524,#2536,#2558,#2575,#2592,#2604,#2616,#2638,#2655,#2672,
    #2684,#2696,#2718,#2735,#2752,#2764));
#480 = ADVANCED_FACE('',(#481),#515,.T.);
#481 = FACE_BOUND('',#482,.T.);
#482 = EDGE_LOOP('',(#483,#493,#501,#509));
#483 = ORIENTED_EDGE('',*,*,#484,.F.);
#484 = EDGE_CURVE('',#485,#487,#489,.T.);
#485 = VERTEX_POINT('',#486);
#486 = CARTESIAN_POINT('',(-2.743200000001,15.367,0.8382));
#487 = VERTEX_POINT('',#488);
#488 = CARTESIAN_POINT('',(-2.611217728464,15.5956,0.706217728463));
#489 = LINE('',#490,#491);
#490 = CARTESIAN_POINT('',(-2.637614182771,15.54988,0.73261418277));
#491 = VECTOR('',#492,1.);
#492 = DIRECTION('',(0.4472135955,0.774596669241,-0.4472135955));
#493 = ORIENTED_EDGE('',*,*,#494,.T.);
#494 = EDGE_CURVE('',#485,#495,#497,.T.);
#495 = VERTEX_POINT('',#496);
#496 = CARTESIAN_POINT('',(-2.3368,15.366999999998,0.8382));
#497 = LINE('',#498,#499);
#498 = CARTESIAN_POINT('',(-2.7432,15.367,0.8382));
#499 = VECTOR('',#500,1.);
#500 = DIRECTION('',(1.,0.,0.));
#501 = ORIENTED_EDGE('',*,*,#502,.F.);
#502 = EDGE_CURVE('',#503,#495,#505,.T.);
#503 = VERTEX_POINT('',#504);
#504 = CARTESIAN_POINT('',(-2.468782271537,15.5956,0.706217728463));
#505 = LINE('',#506,#507);
#506 = CARTESIAN_POINT('',(-2.52366581723,15.690661089639,0.651334182771
    ));
#507 = VECTOR('',#508,1.);
#508 = DIRECTION('',(0.447213595499,-0.774596669242,0.4472135955));
#509 = ORIENTED_EDGE('',*,*,#510,.F.);
#510 = EDGE_CURVE('',#487,#503,#511,.T.);
#511 = LINE('',#512,#513);
#512 = CARTESIAN_POINT('',(-2.7432,15.5956,0.706217728463));
#513 = VECTOR('',#514,1.);
#514 = DIRECTION('',(1.,0.,0.));
#515 = PLANE('',#516);
#516 = AXIS2_PLACEMENT_3D('',#517,#518,#519);
#517 = CARTESIAN_POINT('',(-2.7432,15.5956,0.706217728463));
#518 = DIRECTION('',(0.,0.5,0.866025403784));
#519 = DIRECTION('',(0.,-0.866025403784,0.5));
#520 = ADVANCED_FACE('',(#521),#555,.T.);
#521 = FACE_BOUND('',#522,.T.);
#522 = EDGE_LOOP('',(#523,#533,#541,#549));
#523 = ORIENTED_EDGE('',*,*,#524,.F.);
#524 = EDGE_CURVE('',#525,#527,#529,.T.);
#525 = VERTEX_POINT('',#526);
#526 = CARTESIAN_POINT('',(-1.473200000001,15.367,0.8382));
#527 = VERTEX_POINT('',#528);
#528 = CARTESIAN_POINT('',(-1.341217728464,15.5956,0.706217728463));
#529 = LINE('',#530,#531);
#530 = CARTESIAN_POINT('',(-1.621614182771,15.109939094878,0.98661418277
    ));
#531 = VECTOR('',#532,1.);
#532 = DIRECTION('',(0.4472135955,0.774596669242,-0.4472135955));
#533 = ORIENTED_EDGE('',*,*,#534,.T.);
#534 = EDGE_CURVE('',#525,#535,#537,.T.);
#535 = VERTEX_POINT('',#536);
#536 = CARTESIAN_POINT('',(-1.066800000001,15.367,0.8382));
#537 = LINE('',#538,#539);
#538 = CARTESIAN_POINT('',(-2.7432,15.367,0.8382));
#539 = VECTOR('',#540,1.);
#540 = DIRECTION('',(1.,0.,0.));
#541 = ORIENTED_EDGE('',*,*,#542,.F.);
#542 = EDGE_CURVE('',#543,#535,#545,.T.);
#543 = VERTEX_POINT('',#544);
#544 = CARTESIAN_POINT('',(-1.198782271537,15.5956,0.706217728463));
#545 = LINE('',#546,#547);
#546 = CARTESIAN_POINT('',(-1.507665817231,16.130601994762,0.39733418277
    ));
#547 = VECTOR('',#548,1.);
#548 = DIRECTION('',(0.447213595501,-0.774596669241,0.4472135955));
#549 = ORIENTED_EDGE('',*,*,#550,.F.);
#550 = EDGE_CURVE('',#527,#543,#551,.T.);
#551 = LINE('',#552,#553);
#552 = CARTESIAN_POINT('',(-2.7432,15.5956,0.706217728463));
#553 = VECTOR('',#554,1.);
#554 = DIRECTION('',(1.,0.,0.));
#555 = PLANE('',#556);
#556 = AXIS2_PLACEMENT_3D('',#557,#558,#559);
#557 = CARTESIAN_POINT('',(-2.7432,15.5956,0.706217728463));
#558 = DIRECTION('',(0.,0.5,0.866025403784));
#559 = DIRECTION('',(0.,-0.866025403784,0.5));
#560 = ADVANCED_FACE('',(#561),#595,.T.);
#561 = FACE_BOUND('',#562,.T.);
#562 = EDGE_LOOP('',(#563,#573,#581,#589));
#563 = ORIENTED_EDGE('',*,*,#564,.F.);
#564 = EDGE_CURVE('',#565,#567,#569,.T.);
#565 = VERTEX_POINT('',#566);
#566 = CARTESIAN_POINT('',(-0.2032,15.367,0.8382));
#567 = VERTEX_POINT('',#568);
#568 = CARTESIAN_POINT('',(-7.121772846349E-02,15.5956,0.706217728463));
#569 = LINE('',#570,#571);
#570 = CARTESIAN_POINT('',(-0.605614182771,14.669998189755,1.24061418277
    ));
#571 = VECTOR('',#572,1.);
#572 = DIRECTION('',(0.4472135955,0.774596669242,-0.4472135955));
#573 = ORIENTED_EDGE('',*,*,#574,.T.);
#574 = EDGE_CURVE('',#565,#575,#577,.T.);
#575 = VERTEX_POINT('',#576);
#576 = CARTESIAN_POINT('',(0.2032,15.367,0.8382));
#577 = LINE('',#578,#579);
#578 = CARTESIAN_POINT('',(-2.7432,15.367,0.8382));
#579 = VECTOR('',#580,1.);
#580 = DIRECTION('',(1.,0.,0.));
#581 = ORIENTED_EDGE('',*,*,#582,.F.);
#582 = EDGE_CURVE('',#583,#575,#585,.T.);
#583 = VERTEX_POINT('',#584);
#584 = CARTESIAN_POINT('',(7.121772846317E-02,15.5956,0.706217728463));
#585 = LINE('',#586,#587);
#586 = CARTESIAN_POINT('',(-0.491665817231,16.570542899885,0.14333418277
    ));
#587 = VECTOR('',#588,1.);
#588 = DIRECTION('',(0.447213595501,-0.774596669241,0.4472135955));
#589 = ORIENTED_EDGE('',*,*,#590,.F.);
#590 = EDGE_CURVE('',#567,#583,#591,.T.);
#591 = LINE('',#592,#593);
#592 = CARTESIAN_POINT('',(-2.7432,15.5956,0.706217728463));
#593 = VECTOR('',#594,1.);
#594 = DIRECTION('',(1.,0.,0.));
#595 = PLANE('',#596);
#596 = AXIS2_PLACEMENT_3D('',#597,#598,#599);
#597 = CARTESIAN_POINT('',(-2.7432,15.5956,0.706217728463));
#598 = DIRECTION('',(0.,0.5,0.866025403784));
#599 = DIRECTION('',(0.,-0.866025403784,0.5));
#600 = ADVANCED_FACE('',(#601),#635,.T.);
#601 = FACE_BOUND('',#602,.T.);
#602 = EDGE_LOOP('',(#603,#613,#621,#629));
#603 = ORIENTED_EDGE('',*,*,#604,.F.);
#604 = EDGE_CURVE('',#605,#607,#609,.T.);
#605 = VERTEX_POINT('',#606);
#606 = CARTESIAN_POINT('',(1.066800000001,15.367,0.8382));
#607 = VERTEX_POINT('',#608);
#608 = CARTESIAN_POINT('',(1.198782271537,15.5956,0.706217728463));
#609 = LINE('',#610,#611);
#610 = CARTESIAN_POINT('',(0.41038581723,14.230057284633,1.494614182771)
  );
#611 = VECTOR('',#612,1.);
#612 = DIRECTION('',(0.4472135955,0.774596669242,-0.4472135955));
#613 = ORIENTED_EDGE('',*,*,#614,.T.);
#614 = EDGE_CURVE('',#605,#615,#617,.T.);
#615 = VERTEX_POINT('',#616);
#616 = CARTESIAN_POINT('',(1.473200000001,15.367,0.8382));
#617 = LINE('',#618,#619);
#618 = CARTESIAN_POINT('',(-2.7432,15.367,0.8382));
#619 = VECTOR('',#620,1.);
#620 = DIRECTION('',(1.,0.,0.));
#621 = ORIENTED_EDGE('',*,*,#622,.F.);
#622 = EDGE_CURVE('',#623,#615,#625,.T.);
#623 = VERTEX_POINT('',#624);
#624 = CARTESIAN_POINT('',(1.341217728464,15.5956,0.706217728463));
#625 = LINE('',#626,#627);
#626 = CARTESIAN_POINT('',(0.524334182769,17.010483805008,-0.11066581723
    ));
#627 = VECTOR('',#628,1.);
#628 = DIRECTION('',(0.447213595501,-0.774596669241,0.4472135955));
#629 = ORIENTED_EDGE('',*,*,#630,.F.);
#630 = EDGE_CURVE('',#607,#623,#631,.T.);
#631 = LINE('',#632,#633);
#632 = CARTESIAN_POINT('',(-2.7432,15.5956,0.706217728463));
#633 = VECTOR('',#634,1.);
#634 = DIRECTION('',(1.,0.,0.));
#635 = PLANE('',#636);
#636 = AXIS2_PLACEMENT_3D('',#637,#638,#639);
#637 = CARTESIAN_POINT('',(-2.7432,15.5956,0.706217728463));
#638 = DIRECTION('',(0.,0.5,0.866025403784));
#639 = DIRECTION('',(0.,-0.866025403784,0.5));
#640 = ADVANCED_FACE('',(#641),#675,.T.);
#641 = FACE_BOUND('',#642,.T.);
#642 = EDGE_LOOP('',(#643,#653,#661,#669));
#643 = ORIENTED_EDGE('',*,*,#644,.F.);
#644 = EDGE_CURVE('',#645,#647,#649,.T.);
#645 = VERTEX_POINT('',#646);
#646 = CARTESIAN_POINT('',(-2.611217728464,15.5956,-0.706217728463));
#647 = VERTEX_POINT('',#648);
#648 = CARTESIAN_POINT('',(-2.7432,15.367,-0.8382));
#649 = LINE('',#650,#651);
#650 = CARTESIAN_POINT('',(-2.743200000001,15.367,-0.8382));
#651 = VECTOR('',#652,1.);
#652 = DIRECTION('',(-0.4472135955,-0.774596669241,-0.4472135955));
#653 = ORIENTED_EDGE('',*,*,#654,.T.);
#654 = EDGE_CURVE('',#645,#655,#657,.T.);
#655 = VERTEX_POINT('',#656);
#656 = CARTESIAN_POINT('',(-2.468782271537,15.5956,-0.706217728463));
#657 = LINE('',#658,#659);
#658 = CARTESIAN_POINT('',(-2.7432,15.5956,-0.706217728463));
#659 = VECTOR('',#660,1.);
#660 = DIRECTION('',(1.,0.,0.));
#661 = ORIENTED_EDGE('',*,*,#662,.F.);
#662 = EDGE_CURVE('',#663,#655,#665,.T.);
#663 = VERTEX_POINT('',#664);
#664 = CARTESIAN_POINT('',(-2.3368,15.366999999998,-0.838200000001));
#665 = LINE('',#666,#667);
#666 = CARTESIAN_POINT('',(-2.41808,15.507781089639,-0.75692));
#667 = VECTOR('',#668,1.);
#668 = DIRECTION('',(-0.447213595499,0.774596669242,0.4472135955));
#669 = ORIENTED_EDGE('',*,*,#670,.F.);
#670 = EDGE_CURVE('',#647,#663,#671,.T.);
#671 = LINE('',#672,#673);
#672 = CARTESIAN_POINT('',(-2.7432,15.367,-0.8382));
#673 = VECTOR('',#674,1.);
#674 = DIRECTION('',(1.,0.,0.));
#675 = PLANE('',#676);
#676 = AXIS2_PLACEMENT_3D('',#677,#678,#679);
#677 = CARTESIAN_POINT('',(-2.7432,15.367,-0.8382));
#678 = DIRECTION('',(0.,0.5,-0.866025403784));
#679 = DIRECTION('',(0.,0.866025403784,0.5));
#680 = ADVANCED_FACE('',(#681),#715,.T.);
#681 = FACE_BOUND('',#682,.T.);
#682 = EDGE_LOOP('',(#683,#693,#701,#709));
#683 = ORIENTED_EDGE('',*,*,#684,.F.);
#684 = EDGE_CURVE('',#685,#687,#689,.T.);
#685 = VERTEX_POINT('',#686);
#686 = CARTESIAN_POINT('',(-1.341217728464,15.5956,-0.706217728463));
#687 = VERTEX_POINT('',#688);
#688 = CARTESIAN_POINT('',(-1.473200000001,15.367,-0.8382));
#689 = LINE('',#690,#691);
#690 = CARTESIAN_POINT('',(-1.727200000001,14.927059094878,-1.0922));
#691 = VECTOR('',#692,1.);
#692 = DIRECTION('',(-0.4472135955,-0.774596669241,-0.4472135955));
#693 = ORIENTED_EDGE('',*,*,#694,.T.);
#694 = EDGE_CURVE('',#685,#695,#697,.T.);
#695 = VERTEX_POINT('',#696);
#696 = CARTESIAN_POINT('',(-1.198782271537,15.5956,-0.706217728463));
#697 = LINE('',#698,#699);
#698 = CARTESIAN_POINT('',(-2.7432,15.5956,-0.706217728463));
#699 = VECTOR('',#700,1.);
#700 = DIRECTION('',(1.,0.,0.));
#701 = ORIENTED_EDGE('',*,*,#702,.F.);
#702 = EDGE_CURVE('',#703,#695,#705,.T.);
#703 = VERTEX_POINT('',#704);
#704 = CARTESIAN_POINT('',(-1.066800000001,15.367,-0.8382));
#705 = LINE('',#706,#707);
#706 = CARTESIAN_POINT('',(-1.402080000001,15.947721994762,-0.50292));
#707 = VECTOR('',#708,1.);
#708 = DIRECTION('',(-0.447213595501,0.774596669241,0.4472135955));
#709 = ORIENTED_EDGE('',*,*,#710,.F.);
#710 = EDGE_CURVE('',#687,#703,#711,.T.);
#711 = LINE('',#712,#713);
#712 = CARTESIAN_POINT('',(-2.7432,15.367,-0.8382));
#713 = VECTOR('',#714,1.);
#714 = DIRECTION('',(1.,0.,0.));
#715 = PLANE('',#716);
#716 = AXIS2_PLACEMENT_3D('',#717,#718,#719);
#717 = CARTESIAN_POINT('',(-2.7432,15.367,-0.8382));
#718 = DIRECTION('',(0.,0.5,-0.866025403784));
#719 = DIRECTION('',(0.,0.866025403784,0.5));
#720 = ADVANCED_FACE('',(#721),#755,.T.);
#721 = FACE_BOUND('',#722,.T.);
#722 = EDGE_LOOP('',(#723,#733,#741,#749));
#723 = ORIENTED_EDGE('',*,*,#724,.F.);
#724 = EDGE_CURVE('',#725,#727,#729,.T.);
#725 = VERTEX_POINT('',#726);
#726 = CARTESIAN_POINT('',(-7.121772846342E-02,15.5956,-0.706217728463)
  );
#727 = VERTEX_POINT('',#728);
#728 = CARTESIAN_POINT('',(-0.2032,15.367,-0.8382));
#729 = LINE('',#730,#731);
#730 = CARTESIAN_POINT('',(-0.7112,14.487118189755,-1.3462));
#731 = VECTOR('',#732,1.);
#732 = DIRECTION('',(-0.4472135955,-0.774596669241,-0.4472135955));
#733 = ORIENTED_EDGE('',*,*,#734,.T.);
#734 = EDGE_CURVE('',#725,#735,#737,.T.);
#735 = VERTEX_POINT('',#736);
#736 = CARTESIAN_POINT('',(7.121772846317E-02,15.5956,-0.706217728463));
#737 = LINE('',#738,#739);
#738 = CARTESIAN_POINT('',(-2.7432,15.5956,-0.706217728463));
#739 = VECTOR('',#740,1.);
#740 = DIRECTION('',(1.,0.,0.));
#741 = ORIENTED_EDGE('',*,*,#742,.F.);
#742 = EDGE_CURVE('',#743,#735,#745,.T.);
#743 = VERTEX_POINT('',#744);
#744 = CARTESIAN_POINT('',(0.2032,15.367,-0.8382));
#745 = LINE('',#746,#747);
#746 = CARTESIAN_POINT('',(-0.386080000001,16.387662899885,
    -0.248919999999));
#747 = VECTOR('',#748,1.);
#748 = DIRECTION('',(-0.447213595501,0.774596669241,0.4472135955));
#749 = ORIENTED_EDGE('',*,*,#750,.F.);
#750 = EDGE_CURVE('',#727,#743,#751,.T.);
#751 = LINE('',#752,#753);
#752 = CARTESIAN_POINT('',(-2.7432,15.367,-0.8382));
#753 = VECTOR('',#754,1.);
#754 = DIRECTION('',(1.,0.,0.));
#755 = PLANE('',#756);
#756 = AXIS2_PLACEMENT_3D('',#757,#758,#759);
#757 = CARTESIAN_POINT('',(-2.7432,15.367,-0.8382));
#758 = DIRECTION('',(0.,0.5,-0.866025403784));
#759 = DIRECTION('',(0.,0.866025403784,0.5));
#760 = ADVANCED_FACE('',(#761),#795,.T.);
#761 = FACE_BOUND('',#762,.T.);
#762 = EDGE_LOOP('',(#763,#773,#781,#789));
#763 = ORIENTED_EDGE('',*,*,#764,.F.);
#764 = EDGE_CURVE('',#765,#767,#769,.T.);
#765 = VERTEX_POINT('',#766);
#766 = CARTESIAN_POINT('',(1.198782271537,15.5956,-0.706217728463));
#767 = VERTEX_POINT('',#768);
#768 = CARTESIAN_POINT('',(1.066800000001,15.367,-0.8382));
#769 = LINE('',#770,#771);
#770 = CARTESIAN_POINT('',(0.3048,14.047177284633,-1.6002));
#771 = VECTOR('',#772,1.);
#772 = DIRECTION('',(-0.4472135955,-0.774596669241,-0.4472135955));
#773 = ORIENTED_EDGE('',*,*,#774,.T.);
#774 = EDGE_CURVE('',#765,#775,#777,.T.);
#775 = VERTEX_POINT('',#776);
#776 = CARTESIAN_POINT('',(1.341217728464,15.5956,-0.706217728463));
#777 = LINE('',#778,#779);
#778 = CARTESIAN_POINT('',(-2.7432,15.5956,-0.706217728463));
#779 = VECTOR('',#780,1.);
#780 = DIRECTION('',(1.,0.,0.));
#781 = ORIENTED_EDGE('',*,*,#782,.F.);
#782 = EDGE_CURVE('',#783,#775,#785,.T.);
#783 = VERTEX_POINT('',#784);
#784 = CARTESIAN_POINT('',(1.473200000001,15.367,-0.8382));
#785 = LINE('',#786,#787);
#786 = CARTESIAN_POINT('',(0.629919999998,16.827603805008,
    5.080000001093E-03));
#787 = VECTOR('',#788,1.);
#788 = DIRECTION('',(-0.447213595501,0.774596669241,0.4472135955));
#789 = ORIENTED_EDGE('',*,*,#790,.F.);
#790 = EDGE_CURVE('',#767,#783,#791,.T.);
#791 = LINE('',#792,#793);
#792 = CARTESIAN_POINT('',(-2.7432,15.367,-0.8382));
#793 = VECTOR('',#794,1.);
#794 = DIRECTION('',(1.,0.,0.));
#795 = PLANE('',#796);
#796 = AXIS2_PLACEMENT_3D('',#797,#798,#799);
#797 = CARTESIAN_POINT('',(-2.7432,15.367,-0.8382));
#798 = DIRECTION('',(0.,0.5,-0.866025403784));
#799 = DIRECTION('',(0.,0.866025403784,0.5));
#800 = ADVANCED_FACE('',(#801),#826,.T.);
#801 = FACE_BOUND('',#802,.T.);
#802 = EDGE_LOOP('',(#803,#811,#819,#825));
#803 = ORIENTED_EDGE('',*,*,#804,.F.);
#804 = EDGE_CURVE('',#805,#645,#807,.T.);
#805 = VERTEX_POINT('',#806);
#806 = CARTESIAN_POINT('',(-2.611217728464,15.5956,-0.563782271537));
#807 = LINE('',#808,#809);
#808 = CARTESIAN_POINT('',(-2.611217728464,15.5956,12.7));
#809 = VECTOR('',#810,1.);
#810 = DIRECTION('',(0.,0.,-1.));
#811 = ORIENTED_EDGE('',*,*,#812,.T.);
#812 = EDGE_CURVE('',#805,#813,#815,.T.);
#813 = VERTEX_POINT('',#814);
#814 = CARTESIAN_POINT('',(-2.468782271537,15.5956,-0.563782271537));
#815 = LINE('',#816,#817);
#816 = CARTESIAN_POINT('',(-2.7432,15.5956,-0.563782271537));
#817 = VECTOR('',#818,1.);
#818 = DIRECTION('',(1.,0.,0.));
#819 = ORIENTED_EDGE('',*,*,#820,.T.);
#820 = EDGE_CURVE('',#813,#655,#821,.T.);
#821 = LINE('',#822,#823);
#822 = CARTESIAN_POINT('',(-2.468782271537,15.5956,12.7));
#823 = VECTOR('',#824,1.);
#824 = DIRECTION('',(0.,0.,-1.));
#825 = ORIENTED_EDGE('',*,*,#654,.F.);
#826 = PLANE('',#827);
#827 = AXIS2_PLACEMENT_3D('',#828,#829,#830);
#828 = CARTESIAN_POINT('',(-2.7432,15.5956,-0.706217728463));
#829 = DIRECTION('',(0.,1.,0.));
#830 = DIRECTION('',(0.,-0.,1.));
#831 = ADVANCED_FACE('',(#832),#857,.T.);
#832 = FACE_BOUND('',#833,.T.);
#833 = EDGE_LOOP('',(#834,#842,#850,#856));
#834 = ORIENTED_EDGE('',*,*,#835,.F.);
#835 = EDGE_CURVE('',#836,#685,#838,.T.);
#836 = VERTEX_POINT('',#837);
#837 = CARTESIAN_POINT('',(-1.341217728464,15.5956,-0.563782271537));
#838 = LINE('',#839,#840);
#839 = CARTESIAN_POINT('',(-1.341217728464,15.5956,12.7));
#840 = VECTOR('',#841,1.);
#841 = DIRECTION('',(0.,0.,-1.));
#842 = ORIENTED_EDGE('',*,*,#843,.T.);
#843 = EDGE_CURVE('',#836,#844,#846,.T.);
#844 = VERTEX_POINT('',#845);
#845 = CARTESIAN_POINT('',(-1.198782271537,15.5956,-0.563782271537));
#846 = LINE('',#847,#848);
#847 = CARTESIAN_POINT('',(-2.7432,15.5956,-0.563782271537));
#848 = VECTOR('',#849,1.);
#849 = DIRECTION('',(1.,0.,0.));
#850 = ORIENTED_EDGE('',*,*,#851,.T.);
#851 = EDGE_CURVE('',#844,#695,#852,.T.);
#852 = LINE('',#853,#854);
#853 = CARTESIAN_POINT('',(-1.198782271537,15.5956,12.7));
#854 = VECTOR('',#855,1.);
#855 = DIRECTION('',(0.,0.,-1.));
#856 = ORIENTED_EDGE('',*,*,#694,.F.);
#857 = PLANE('',#858);
#858 = AXIS2_PLACEMENT_3D('',#859,#860,#861);
#859 = CARTESIAN_POINT('',(-2.7432,15.5956,-0.706217728463));
#860 = DIRECTION('',(0.,1.,0.));
#861 = DIRECTION('',(0.,-0.,1.));
#862 = ADVANCED_FACE('',(#863),#888,.T.);
#863 = FACE_BOUND('',#864,.T.);
#864 = EDGE_LOOP('',(#865,#873,#881,#887));
#865 = ORIENTED_EDGE('',*,*,#866,.F.);
#866 = EDGE_CURVE('',#867,#725,#869,.T.);
#867 = VERTEX_POINT('',#868);
#868 = CARTESIAN_POINT('',(-7.121772846342E-02,15.5956,-0.563782271537)
  );
#869 = LINE('',#870,#871);
#870 = CARTESIAN_POINT('',(-7.121772846342E-02,15.5956,12.7));
#871 = VECTOR('',#872,1.);
#872 = DIRECTION('',(0.,0.,-1.));
#873 = ORIENTED_EDGE('',*,*,#874,.T.);
#874 = EDGE_CURVE('',#867,#875,#877,.T.);
#875 = VERTEX_POINT('',#876);
#876 = CARTESIAN_POINT('',(7.121772846317E-02,15.5956,-0.563782271537));
#877 = LINE('',#878,#879);
#878 = CARTESIAN_POINT('',(-2.7432,15.5956,-0.563782271537));
#879 = VECTOR('',#880,1.);
#880 = DIRECTION('',(1.,0.,0.));
#881 = ORIENTED_EDGE('',*,*,#882,.T.);
#882 = EDGE_CURVE('',#875,#735,#883,.T.);
#883 = LINE('',#884,#885);
#884 = CARTESIAN_POINT('',(7.121772846317E-02,15.5956,12.7));
#885 = VECTOR('',#886,1.);
#886 = DIRECTION('',(0.,0.,-1.));
#887 = ORIENTED_EDGE('',*,*,#734,.F.);
#888 = PLANE('',#889);
#889 = AXIS2_PLACEMENT_3D('',#890,#891,#892);
#890 = CARTESIAN_POINT('',(-2.7432,15.5956,-0.706217728463));
#891 = DIRECTION('',(0.,1.,0.));
#892 = DIRECTION('',(0.,-0.,1.));
#893 = ADVANCED_FACE('',(#894),#919,.T.);
#894 = FACE_BOUND('',#895,.T.);
#895 = EDGE_LOOP('',(#896,#904,#912,#918));
#896 = ORIENTED_EDGE('',*,*,#897,.F.);
#897 = EDGE_CURVE('',#898,#765,#900,.T.);
#898 = VERTEX_POINT('',#899);
#899 = CARTESIAN_POINT('',(1.198782271537,15.5956,-0.563782271537));
#900 = LINE('',#901,#902);
#901 = CARTESIAN_POINT('',(1.198782271537,15.5956,12.7));
#902 = VECTOR('',#903,1.);
#903 = DIRECTION('',(0.,0.,-1.));
#904 = ORIENTED_EDGE('',*,*,#905,.T.);
#905 = EDGE_CURVE('',#898,#906,#908,.T.);
#906 = VERTEX_POINT('',#907);
#907 = CARTESIAN_POINT('',(1.341217728464,15.5956,-0.563782271537));
#908 = LINE('',#909,#910);
#909 = CARTESIAN_POINT('',(-2.7432,15.5956,-0.563782271537));
#910 = VECTOR('',#911,1.);
#911 = DIRECTION('',(1.,0.,0.));
#912 = ORIENTED_EDGE('',*,*,#913,.T.);
#913 = EDGE_CURVE('',#906,#775,#914,.T.);
#914 = LINE('',#915,#916);
#915 = CARTESIAN_POINT('',(1.341217728464,15.5956,12.7));
#916 = VECTOR('',#917,1.);
#917 = DIRECTION('',(0.,0.,-1.));
#918 = ORIENTED_EDGE('',*,*,#774,.F.);
#919 = PLANE('',#920);
#920 = AXIS2_PLACEMENT_3D('',#921,#922,#923);
#921 = CARTESIAN_POINT('',(-2.7432,15.5956,-0.706217728463));
#922 = DIRECTION('',(0.,1.,0.));
#923 = DIRECTION('',(0.,-0.,1.));
#924 = ADVANCED_FACE('',(#925),#950,.T.);
#925 = FACE_BOUND('',#926,.T.);
#926 = EDGE_LOOP('',(#927,#935,#943,#949));
#927 = ORIENTED_EDGE('',*,*,#928,.F.);
#928 = EDGE_CURVE('',#929,#805,#931,.T.);
#929 = VERTEX_POINT('',#930);
#930 = CARTESIAN_POINT('',(-2.743200000001,15.367,-0.4318));
#931 = LINE('',#932,#933);
#932 = CARTESIAN_POINT('',(-2.637614182771,15.54988,-0.53738581723));
#933 = VECTOR('',#934,1.);
#934 = DIRECTION('',(0.4472135955,0.774596669241,-0.4472135955));
#935 = ORIENTED_EDGE('',*,*,#936,.T.);
#936 = EDGE_CURVE('',#929,#937,#939,.T.);
#937 = VERTEX_POINT('',#938);
#938 = CARTESIAN_POINT('',(-2.3368,15.366999999998,-0.4318));
#939 = LINE('',#940,#941);
#940 = CARTESIAN_POINT('',(-2.7432,15.367,-0.4318));
#941 = VECTOR('',#942,1.);
#942 = DIRECTION('',(1.,0.,0.));
#943 = ORIENTED_EDGE('',*,*,#944,.F.);
#944 = EDGE_CURVE('',#813,#937,#945,.T.);
#945 = LINE('',#946,#947);
#946 = CARTESIAN_POINT('',(-2.52366581723,15.690661089639,
    -0.618665817229));
#947 = VECTOR('',#948,1.);
#948 = DIRECTION('',(0.447213595499,-0.774596669242,0.4472135955));
#949 = ORIENTED_EDGE('',*,*,#812,.F.);
#950 = PLANE('',#951);
#951 = AXIS2_PLACEMENT_3D('',#952,#953,#954);
#952 = CARTESIAN_POINT('',(-2.7432,15.5956,-0.563782271537));
#953 = DIRECTION('',(0.,0.5,0.866025403784));
#954 = DIRECTION('',(0.,-0.866025403784,0.5));
#955 = ADVANCED_FACE('',(#956),#981,.T.);
#956 = FACE_BOUND('',#957,.T.);
#957 = EDGE_LOOP('',(#958,#966,#974,#980));
#958 = ORIENTED_EDGE('',*,*,#959,.F.);
#959 = EDGE_CURVE('',#960,#836,#962,.T.);
#960 = VERTEX_POINT('',#961);
#961 = CARTESIAN_POINT('',(-1.473200000001,15.367,-0.4318));
#962 = LINE('',#963,#964);
#963 = CARTESIAN_POINT('',(-1.621614182771,15.109939094878,
    -0.28338581723));
#964 = VECTOR('',#965,1.);
#965 = DIRECTION('',(0.4472135955,0.774596669242,-0.4472135955));
#966 = ORIENTED_EDGE('',*,*,#967,.T.);
#967 = EDGE_CURVE('',#960,#968,#970,.T.);
#968 = VERTEX_POINT('',#969);
#969 = CARTESIAN_POINT('',(-1.066800000001,15.367,-0.4318));
#970 = LINE('',#971,#972);
#971 = CARTESIAN_POINT('',(-2.7432,15.367,-0.4318));
#972 = VECTOR('',#973,1.);
#973 = DIRECTION('',(1.,0.,0.));
#974 = ORIENTED_EDGE('',*,*,#975,.F.);
#975 = EDGE_CURVE('',#844,#968,#976,.T.);
#976 = LINE('',#977,#978);
#977 = CARTESIAN_POINT('',(-1.507665817231,16.130601994762,
    -0.87266581723));
#978 = VECTOR('',#979,1.);
#979 = DIRECTION('',(0.447213595501,-0.774596669241,0.4472135955));
#980 = ORIENTED_EDGE('',*,*,#843,.F.);
#981 = PLANE('',#982);
#982 = AXIS2_PLACEMENT_3D('',#983,#984,#985);
#983 = CARTESIAN_POINT('',(-2.7432,15.5956,-0.563782271537));
#984 = DIRECTION('',(0.,0.5,0.866025403784));
#985 = DIRECTION('',(0.,-0.866025403784,0.5));
#986 = ADVANCED_FACE('',(#987),#1012,.T.);
#987 = FACE_BOUND('',#988,.T.);
#988 = EDGE_LOOP('',(#989,#997,#1005,#1011));
#989 = ORIENTED_EDGE('',*,*,#990,.F.);
#990 = EDGE_CURVE('',#991,#867,#993,.T.);
#991 = VERTEX_POINT('',#992);
#992 = CARTESIAN_POINT('',(-0.2032,15.367,-0.4318));
#993 = LINE('',#994,#995);
#994 = CARTESIAN_POINT('',(-0.605614182771,14.669998189755,
    -2.93858172295E-02));
#995 = VECTOR('',#996,1.);
#996 = DIRECTION('',(0.4472135955,0.774596669242,-0.4472135955));
#997 = ORIENTED_EDGE('',*,*,#998,.T.);
#998 = EDGE_CURVE('',#991,#999,#1001,.T.);
#999 = VERTEX_POINT('',#1000);
#1000 = CARTESIAN_POINT('',(0.2032,15.367,-0.4318));
#1001 = LINE('',#1002,#1003);
#1002 = CARTESIAN_POINT('',(-2.7432,15.367,-0.4318));
#1003 = VECTOR('',#1004,1.);
#1004 = DIRECTION('',(1.,0.,0.));
#1005 = ORIENTED_EDGE('',*,*,#1006,.F.);
#1006 = EDGE_CURVE('',#875,#999,#1007,.T.);
#1007 = LINE('',#1008,#1009);
#1008 = CARTESIAN_POINT('',(-0.491665817231,16.570542899885,
    -1.12666581723));
#1009 = VECTOR('',#1010,1.);
#1010 = DIRECTION('',(0.447213595501,-0.774596669241,0.4472135955));
#1011 = ORIENTED_EDGE('',*,*,#874,.F.);
#1012 = PLANE('',#1013);
#1013 = AXIS2_PLACEMENT_3D('',#1014,#1015,#1016);
#1014 = CARTESIAN_POINT('',(-2.7432,15.5956,-0.563782271537));
#1015 = DIRECTION('',(0.,0.5,0.866025403784));
#1016 = DIRECTION('',(0.,-0.866025403784,0.5));
#1017 = ADVANCED_FACE('',(#1018),#1043,.T.);
#1018 = FACE_BOUND('',#1019,.T.);
#1019 = EDGE_LOOP('',(#1020,#1028,#1036,#1042));
#1020 = ORIENTED_EDGE('',*,*,#1021,.F.);
#1021 = EDGE_CURVE('',#1022,#898,#1024,.T.);
#1022 = VERTEX_POINT('',#1023);
#1023 = CARTESIAN_POINT('',(1.066800000001,15.367,-0.4318));
#1024 = LINE('',#1025,#1026);
#1025 = CARTESIAN_POINT('',(0.41038581723,14.230057284633,0.224614182771
    ));
#1026 = VECTOR('',#1027,1.);
#1027 = DIRECTION('',(0.4472135955,0.774596669242,-0.4472135955));
#1028 = ORIENTED_EDGE('',*,*,#1029,.T.);
#1029 = EDGE_CURVE('',#1022,#1030,#1032,.T.);
#1030 = VERTEX_POINT('',#1031);
#1031 = CARTESIAN_POINT('',(1.473200000001,15.367,-0.4318));
#1032 = LINE('',#1033,#1034);
#1033 = CARTESIAN_POINT('',(-2.7432,15.367,-0.4318));
#1034 = VECTOR('',#1035,1.);
#1035 = DIRECTION('',(1.,0.,0.));
#1036 = ORIENTED_EDGE('',*,*,#1037,.F.);
#1037 = EDGE_CURVE('',#906,#1030,#1038,.T.);
#1038 = LINE('',#1039,#1040);
#1039 = CARTESIAN_POINT('',(0.524334182769,17.010483805008,
    -1.38066581723));
#1040 = VECTOR('',#1041,1.);
#1041 = DIRECTION('',(0.447213595501,-0.774596669241,0.4472135955));
#1042 = ORIENTED_EDGE('',*,*,#905,.F.);
#1043 = PLANE('',#1044);
#1044 = AXIS2_PLACEMENT_3D('',#1045,#1046,#1047);
#1045 = CARTESIAN_POINT('',(-2.7432,15.5956,-0.563782271537));
#1046 = DIRECTION('',(0.,0.5,0.866025403784));
#1047 = DIRECTION('',(0.,-0.866025403784,0.5));
#1048 = ADVANCED_FACE('',(#1049),#1083,.T.);
#1049 = FACE_BOUND('',#1050,.T.);
#1050 = EDGE_LOOP('',(#1051,#1061,#1069,#1077));
#1051 = ORIENTED_EDGE('',*,*,#1052,.F.);
#1052 = EDGE_CURVE('',#1053,#1055,#1057,.T.);
#1053 = VERTEX_POINT('',#1054);
#1054 = CARTESIAN_POINT('',(-2.611217728464,15.5956,0.563782271537));
#1055 = VERTEX_POINT('',#1056);
#1056 = CARTESIAN_POINT('',(-2.7432,15.367,0.4318));
#1057 = LINE('',#1058,#1059);
#1058 = CARTESIAN_POINT('',(-2.743200000001,15.367,0.4318));
#1059 = VECTOR('',#1060,1.);
#1060 = DIRECTION('',(-0.4472135955,-0.774596669241,-0.4472135955));
#1061 = ORIENTED_EDGE('',*,*,#1062,.T.);
#1062 = EDGE_CURVE('',#1053,#1063,#1065,.T.);
#1063 = VERTEX_POINT('',#1064);
#1064 = CARTESIAN_POINT('',(-2.468782271537,15.5956,0.563782271537));
#1065 = LINE('',#1066,#1067);
#1066 = CARTESIAN_POINT('',(-2.7432,15.5956,0.563782271537));
#1067 = VECTOR('',#1068,1.);
#1068 = DIRECTION('',(1.,0.,0.));
#1069 = ORIENTED_EDGE('',*,*,#1070,.F.);
#1070 = EDGE_CURVE('',#1071,#1063,#1073,.T.);
#1071 = VERTEX_POINT('',#1072);
#1072 = CARTESIAN_POINT('',(-2.3368,15.366999999998,0.431799999999));
#1073 = LINE('',#1074,#1075);
#1074 = CARTESIAN_POINT('',(-2.41808,15.507781089639,0.51308));
#1075 = VECTOR('',#1076,1.);
#1076 = DIRECTION('',(-0.447213595499,0.774596669242,0.4472135955));
#1077 = ORIENTED_EDGE('',*,*,#1078,.F.);
#1078 = EDGE_CURVE('',#1055,#1071,#1079,.T.);
#1079 = LINE('',#1080,#1081);
#1080 = CARTESIAN_POINT('',(-2.7432,15.367,0.4318));
#1081 = VECTOR('',#1082,1.);
#1082 = DIRECTION('',(1.,0.,0.));
#1083 = PLANE('',#1084);
#1084 = AXIS2_PLACEMENT_3D('',#1085,#1086,#1087);
#1085 = CARTESIAN_POINT('',(-2.7432,15.367,0.4318));
#1086 = DIRECTION('',(0.,0.5,-0.866025403784));
#1087 = DIRECTION('',(0.,0.866025403784,0.5));
#1088 = ADVANCED_FACE('',(#1089),#1123,.T.);
#1089 = FACE_BOUND('',#1090,.T.);
#1090 = EDGE_LOOP('',(#1091,#1101,#1109,#1117));
#1091 = ORIENTED_EDGE('',*,*,#1092,.F.);
#1092 = EDGE_CURVE('',#1093,#1095,#1097,.T.);
#1093 = VERTEX_POINT('',#1094);
#1094 = CARTESIAN_POINT('',(-1.341217728464,15.5956,0.563782271537));
#1095 = VERTEX_POINT('',#1096);
#1096 = CARTESIAN_POINT('',(-1.473200000001,15.367,0.4318));
#1097 = LINE('',#1098,#1099);
#1098 = CARTESIAN_POINT('',(-1.727200000001,14.927059094878,0.1778));
#1099 = VECTOR('',#1100,1.);
#1100 = DIRECTION('',(-0.4472135955,-0.774596669241,-0.4472135955));
#1101 = ORIENTED_EDGE('',*,*,#1102,.T.);
#1102 = EDGE_CURVE('',#1093,#1103,#1105,.T.);
#1103 = VERTEX_POINT('',#1104);
#1104 = CARTESIAN_POINT('',(-1.198782271537,15.5956,0.563782271537));
#1105 = LINE('',#1106,#1107);
#1106 = CARTESIAN_POINT('',(-2.7432,15.5956,0.563782271537));
#1107 = VECTOR('',#1108,1.);
#1108 = DIRECTION('',(1.,0.,0.));
#1109 = ORIENTED_EDGE('',*,*,#1110,.F.);
#1110 = EDGE_CURVE('',#1111,#1103,#1113,.T.);
#1111 = VERTEX_POINT('',#1112);
#1112 = CARTESIAN_POINT('',(-1.066800000001,15.367,0.4318));
#1113 = LINE('',#1114,#1115);
#1114 = CARTESIAN_POINT('',(-1.402080000001,15.947721994762,0.76708));
#1115 = VECTOR('',#1116,1.);
#1116 = DIRECTION('',(-0.447213595501,0.774596669241,0.4472135955));
#1117 = ORIENTED_EDGE('',*,*,#1118,.F.);
#1118 = EDGE_CURVE('',#1095,#1111,#1119,.T.);
#1119 = LINE('',#1120,#1121);
#1120 = CARTESIAN_POINT('',(-2.7432,15.367,0.4318));
#1121 = VECTOR('',#1122,1.);
#1122 = DIRECTION('',(1.,0.,0.));
#1123 = PLANE('',#1124);
#1124 = AXIS2_PLACEMENT_3D('',#1125,#1126,#1127);
#1125 = CARTESIAN_POINT('',(-2.7432,15.367,0.4318));
#1126 = DIRECTION('',(0.,0.5,-0.866025403784));
#1127 = DIRECTION('',(0.,0.866025403784,0.5));
#1128 = ADVANCED_FACE('',(#1129),#1163,.T.);
#1129 = FACE_BOUND('',#1130,.T.);
#1130 = EDGE_LOOP('',(#1131,#1141,#1149,#1157));
#1131 = ORIENTED_EDGE('',*,*,#1132,.F.);
#1132 = EDGE_CURVE('',#1133,#1135,#1137,.T.);
#1133 = VERTEX_POINT('',#1134);
#1134 = CARTESIAN_POINT('',(-7.121772846342E-02,15.5956,0.563782271537)
  );
#1135 = VERTEX_POINT('',#1136);
#1136 = CARTESIAN_POINT('',(-0.2032,15.367,0.4318));
#1137 = LINE('',#1138,#1139);
#1138 = CARTESIAN_POINT('',(-0.7112,14.487118189755,-7.619999999996E-02)
  );
#1139 = VECTOR('',#1140,1.);
#1140 = DIRECTION('',(-0.4472135955,-0.774596669241,-0.4472135955));
#1141 = ORIENTED_EDGE('',*,*,#1142,.T.);
#1142 = EDGE_CURVE('',#1133,#1143,#1145,.T.);
#1143 = VERTEX_POINT('',#1144);
#1144 = CARTESIAN_POINT('',(7.121772846317E-02,15.5956,0.563782271537));
#1145 = LINE('',#1146,#1147);
#1146 = CARTESIAN_POINT('',(-2.7432,15.5956,0.563782271537));
#1147 = VECTOR('',#1148,1.);
#1148 = DIRECTION('',(1.,0.,0.));
#1149 = ORIENTED_EDGE('',*,*,#1150,.F.);
#1150 = EDGE_CURVE('',#1151,#1143,#1153,.T.);
#1151 = VERTEX_POINT('',#1152);
#1152 = CARTESIAN_POINT('',(0.2032,15.367,0.4318));
#1153 = LINE('',#1154,#1155);
#1154 = CARTESIAN_POINT('',(-0.386080000001,16.387662899885,
    1.021080000001));
#1155 = VECTOR('',#1156,1.);
#1156 = DIRECTION('',(-0.447213595501,0.774596669241,0.4472135955));
#1157 = ORIENTED_EDGE('',*,*,#1158,.F.);
#1158 = EDGE_CURVE('',#1135,#1151,#1159,.T.);
#1159 = LINE('',#1160,#1161);
#1160 = CARTESIAN_POINT('',(-2.7432,15.367,0.4318));
#1161 = VECTOR('',#1162,1.);
#1162 = DIRECTION('',(1.,0.,0.));
#1163 = PLANE('',#1164);
#1164 = AXIS2_PLACEMENT_3D('',#1165,#1166,#1167);
#1165 = CARTESIAN_POINT('',(-2.7432,15.367,0.4318));
#1166 = DIRECTION('',(0.,0.5,-0.866025403784));
#1167 = DIRECTION('',(0.,0.866025403784,0.5));
#1168 = ADVANCED_FACE('',(#1169),#1203,.T.);
#1169 = FACE_BOUND('',#1170,.T.);
#1170 = EDGE_LOOP('',(#1171,#1181,#1189,#1197));
#1171 = ORIENTED_EDGE('',*,*,#1172,.F.);
#1172 = EDGE_CURVE('',#1173,#1175,#1177,.T.);
#1173 = VERTEX_POINT('',#1174);
#1174 = CARTESIAN_POINT('',(1.198782271537,15.5956,0.563782271537));
#1175 = VERTEX_POINT('',#1176);
#1176 = CARTESIAN_POINT('',(1.066800000001,15.367,0.4318));
#1177 = LINE('',#1178,#1179);
#1178 = CARTESIAN_POINT('',(0.3048,14.047177284633,-0.3302));
#1179 = VECTOR('',#1180,1.);
#1180 = DIRECTION('',(-0.4472135955,-0.774596669241,-0.4472135955));
#1181 = ORIENTED_EDGE('',*,*,#1182,.T.);
#1182 = EDGE_CURVE('',#1173,#1183,#1185,.T.);
#1183 = VERTEX_POINT('',#1184);
#1184 = CARTESIAN_POINT('',(1.341217728464,15.5956,0.563782271537));
#1185 = LINE('',#1186,#1187);
#1186 = CARTESIAN_POINT('',(-2.7432,15.5956,0.563782271537));
#1187 = VECTOR('',#1188,1.);
#1188 = DIRECTION('',(1.,0.,0.));
#1189 = ORIENTED_EDGE('',*,*,#1190,.F.);
#1190 = EDGE_CURVE('',#1191,#1183,#1193,.T.);
#1191 = VERTEX_POINT('',#1192);
#1192 = CARTESIAN_POINT('',(1.473200000001,15.367,0.4318));
#1193 = LINE('',#1194,#1195);
#1194 = CARTESIAN_POINT('',(0.629919999998,16.827603805008,
    1.275080000001));
#1195 = VECTOR('',#1196,1.);
#1196 = DIRECTION('',(-0.447213595501,0.774596669241,0.4472135955));
#1197 = ORIENTED_EDGE('',*,*,#1198,.F.);
#1198 = EDGE_CURVE('',#1175,#1191,#1199,.T.);
#1199 = LINE('',#1200,#1201);
#1200 = CARTESIAN_POINT('',(-2.7432,15.367,0.4318));
#1201 = VECTOR('',#1202,1.);
#1202 = DIRECTION('',(1.,0.,0.));
#1203 = PLANE('',#1204);
#1204 = AXIS2_PLACEMENT_3D('',#1205,#1206,#1207);
#1205 = CARTESIAN_POINT('',(-2.7432,15.367,0.4318));
#1206 = DIRECTION('',(0.,0.5,-0.866025403784));
#1207 = DIRECTION('',(0.,0.866025403784,0.5));
#1208 = ADVANCED_FACE('',(#1209),#1225,.T.);
#1209 = FACE_BOUND('',#1210,.T.);
#1210 = EDGE_LOOP('',(#1211,#1217,#1218,#1224));
#1211 = ORIENTED_EDGE('',*,*,#1212,.F.);
#1212 = EDGE_CURVE('',#487,#1053,#1213,.T.);
#1213 = LINE('',#1214,#1215);
#1214 = CARTESIAN_POINT('',(-2.611217728464,15.5956,12.7));
#1215 = VECTOR('',#1216,1.);
#1216 = DIRECTION('',(0.,0.,-1.));
#1217 = ORIENTED_EDGE('',*,*,#510,.T.);
#1218 = ORIENTED_EDGE('',*,*,#1219,.F.);
#1219 = EDGE_CURVE('',#1063,#503,#1220,.T.);
#1220 = LINE('',#1221,#1222);
#1221 = CARTESIAN_POINT('',(-2.468782271537,15.5956,0.563782271537));
#1222 = VECTOR('',#1223,1.);
#1223 = DIRECTION('',(0.,0.,1.));
#1224 = ORIENTED_EDGE('',*,*,#1062,.F.);
#1225 = PLANE('',#1226);
#1226 = AXIS2_PLACEMENT_3D('',#1227,#1228,#1229);
#1227 = CARTESIAN_POINT('',(-2.7432,15.5956,0.563782271537));
#1228 = DIRECTION('',(0.,1.,0.));
#1229 = DIRECTION('',(0.,-0.,1.));
#1230 = ADVANCED_FACE('',(#1231),#1247,.T.);
#1231 = FACE_BOUND('',#1232,.T.);
#1232 = EDGE_LOOP('',(#1233,#1239,#1240,#1246));
#1233 = ORIENTED_EDGE('',*,*,#1234,.F.);
#1234 = EDGE_CURVE('',#527,#1093,#1235,.T.);
#1235 = LINE('',#1236,#1237);
#1236 = CARTESIAN_POINT('',(-1.341217728464,15.5956,0.563782271537));
#1237 = VECTOR('',#1238,1.);
#1238 = DIRECTION('',(0.,0.,-1.));
#1239 = ORIENTED_EDGE('',*,*,#550,.T.);
#1240 = ORIENTED_EDGE('',*,*,#1241,.F.);
#1241 = EDGE_CURVE('',#1103,#543,#1242,.T.);
#1242 = LINE('',#1243,#1244);
#1243 = CARTESIAN_POINT('',(-1.198782271537,15.5956,0.563782271537));
#1244 = VECTOR('',#1245,1.);
#1245 = DIRECTION('',(0.,0.,1.));
#1246 = ORIENTED_EDGE('',*,*,#1102,.F.);
#1247 = PLANE('',#1248);
#1248 = AXIS2_PLACEMENT_3D('',#1249,#1250,#1251);
#1249 = CARTESIAN_POINT('',(-2.7432,15.5956,0.563782271537));
#1250 = DIRECTION('',(0.,1.,0.));
#1251 = DIRECTION('',(0.,-0.,1.));
#1252 = ADVANCED_FACE('',(#1253),#1269,.T.);
#1253 = FACE_BOUND('',#1254,.T.);
#1254 = EDGE_LOOP('',(#1255,#1261,#1262,#1268));
#1255 = ORIENTED_EDGE('',*,*,#1256,.F.);
#1256 = EDGE_CURVE('',#567,#1133,#1257,.T.);
#1257 = LINE('',#1258,#1259);
#1258 = CARTESIAN_POINT('',(-7.121772846349E-02,15.5956,0.563782271537)
  );
#1259 = VECTOR('',#1260,1.);
#1260 = DIRECTION('',(0.,0.,-1.));
#1261 = ORIENTED_EDGE('',*,*,#590,.T.);
#1262 = ORIENTED_EDGE('',*,*,#1263,.F.);
#1263 = EDGE_CURVE('',#1143,#583,#1264,.T.);
#1264 = LINE('',#1265,#1266);
#1265 = CARTESIAN_POINT('',(7.121772846324E-02,15.5956,0.563782271537));
#1266 = VECTOR('',#1267,1.);
#1267 = DIRECTION('',(0.,0.,1.));
#1268 = ORIENTED_EDGE('',*,*,#1142,.F.);
#1269 = PLANE('',#1270);
#1270 = AXIS2_PLACEMENT_3D('',#1271,#1272,#1273);
#1271 = CARTESIAN_POINT('',(-2.7432,15.5956,0.563782271537));
#1272 = DIRECTION('',(0.,1.,0.));
#1273 = DIRECTION('',(0.,-0.,1.));
#1274 = ADVANCED_FACE('',(#1275),#1291,.T.);
#1275 = FACE_BOUND('',#1276,.T.);
#1276 = EDGE_LOOP('',(#1277,#1283,#1284,#1290));
#1277 = ORIENTED_EDGE('',*,*,#1278,.F.);
#1278 = EDGE_CURVE('',#607,#1173,#1279,.T.);
#1279 = LINE('',#1280,#1281);
#1280 = CARTESIAN_POINT('',(1.198782271537,15.5956,0.563782271537));
#1281 = VECTOR('',#1282,1.);
#1282 = DIRECTION('',(0.,0.,-1.));
#1283 = ORIENTED_EDGE('',*,*,#630,.T.);
#1284 = ORIENTED_EDGE('',*,*,#1285,.F.);
#1285 = EDGE_CURVE('',#1183,#623,#1286,.T.);
#1286 = LINE('',#1287,#1288);
#1287 = CARTESIAN_POINT('',(1.341217728464,15.5956,0.563782271537));
#1288 = VECTOR('',#1289,1.);
#1289 = DIRECTION('',(0.,0.,1.));
#1290 = ORIENTED_EDGE('',*,*,#1182,.F.);
#1291 = PLANE('',#1292);
#1292 = AXIS2_PLACEMENT_3D('',#1293,#1294,#1295);
#1293 = CARTESIAN_POINT('',(-2.7432,15.5956,0.563782271537));
#1294 = DIRECTION('',(0.,1.,0.));
#1295 = DIRECTION('',(0.,-0.,1.));
#1296 = ADVANCED_FACE('',(#1297),#1331,.T.);
#1297 = FACE_BOUND('',#1298,.T.);
#1298 = EDGE_LOOP('',(#1299,#1309,#1317,#1325));
#1299 = ORIENTED_EDGE('',*,*,#1300,.F.);
#1300 = EDGE_CURVE('',#1301,#1303,#1305,.T.);
#1301 = VERTEX_POINT('',#1302);
#1302 = CARTESIAN_POINT('',(2.336800000001,15.367,0.8382));
#1303 = VERTEX_POINT('',#1304);
#1304 = CARTESIAN_POINT('',(2.468782271538,15.5956,0.706217728463));
#1305 = LINE('',#1306,#1307);
#1306 = CARTESIAN_POINT('',(1.42638581723,13.79011637951,1.748614182771)
  );
#1307 = VECTOR('',#1308,1.);
#1308 = DIRECTION('',(0.4472135955,0.774596669242,-0.4472135955));
#1309 = ORIENTED_EDGE('',*,*,#1310,.T.);
#1310 = EDGE_CURVE('',#1301,#1311,#1313,.T.);
#1311 = VERTEX_POINT('',#1312);
#1312 = CARTESIAN_POINT('',(2.7432,15.367,0.8382));
#1313 = LINE('',#1314,#1315);
#1314 = CARTESIAN_POINT('',(-2.7432,15.367,0.8382));
#1315 = VECTOR('',#1316,1.);
#1316 = DIRECTION('',(1.,0.,0.));
#1317 = ORIENTED_EDGE('',*,*,#1318,.F.);
#1318 = EDGE_CURVE('',#1319,#1311,#1321,.T.);
#1319 = VERTEX_POINT('',#1320);
#1320 = CARTESIAN_POINT('',(2.611217728464,15.5956,0.706217728463));
#1321 = LINE('',#1322,#1323);
#1322 = CARTESIAN_POINT('',(1.540334182768,17.450424710132,
    -0.364665817231));
#1323 = VECTOR('',#1324,1.);
#1324 = DIRECTION('',(0.447213595501,-0.774596669241,0.4472135955));
#1325 = ORIENTED_EDGE('',*,*,#1326,.F.);
#1326 = EDGE_CURVE('',#1303,#1319,#1327,.T.);
#1327 = LINE('',#1328,#1329);
#1328 = CARTESIAN_POINT('',(-2.7432,15.5956,0.706217728463));
#1329 = VECTOR('',#1330,1.);
#1330 = DIRECTION('',(1.,0.,0.));
#1331 = PLANE('',#1332);
#1332 = AXIS2_PLACEMENT_3D('',#1333,#1334,#1335);
#1333 = CARTESIAN_POINT('',(-2.7432,15.5956,0.706217728463));
#1334 = DIRECTION('',(0.,0.5,0.866025403784));
#1335 = DIRECTION('',(0.,-0.866025403784,0.5));
#1336 = ADVANCED_FACE('',(#1337),#1454,.T.);
#1337 = FACE_BOUND('',#1338,.T.);
#1338 = EDGE_LOOP('',(#1339,#1347,#1348,#1356,#1364,#1370,#1371,#1379,
    #1387,#1393,#1394,#1402,#1410,#1416,#1417,#1425,#1433,#1439,#1440,
    #1448));
#1339 = ORIENTED_EDGE('',*,*,#1340,.F.);
#1340 = EDGE_CURVE('',#495,#1341,#1343,.T.);
#1341 = VERTEX_POINT('',#1342);
#1342 = CARTESIAN_POINT('',(-2.336800000001,0.762,0.8382));
#1343 = LINE('',#1344,#1345);
#1344 = CARTESIAN_POINT('',(-2.3368,15.367,0.8382));
#1345 = VECTOR('',#1346,1.);
#1346 = DIRECTION('',(-8.688464379851E-14,-1.,0.));
#1347 = ORIENTED_EDGE('',*,*,#494,.F.);
#1348 = ORIENTED_EDGE('',*,*,#1349,.T.);
#1349 = EDGE_CURVE('',#485,#1350,#1352,.T.);
#1350 = VERTEX_POINT('',#1351);
#1351 = CARTESIAN_POINT('',(-2.7432,0.30066462727,0.8382));
#1352 = LINE('',#1353,#1354);
#1353 = CARTESIAN_POINT('',(-2.7432,15.367,0.8382));
#1354 = VECTOR('',#1355,1.);
#1355 = DIRECTION('',(0.,-1.,0.));
#1356 = ORIENTED_EDGE('',*,*,#1357,.T.);
#1357 = EDGE_CURVE('',#1350,#1358,#1360,.T.);
#1358 = VERTEX_POINT('',#1359);
#1359 = CARTESIAN_POINT('',(2.7432,0.30066462727,0.8382));
#1360 = LINE('',#1361,#1362);
#1361 = CARTESIAN_POINT('',(-2.7432,0.30066462727,0.8382));
#1362 = VECTOR('',#1363,1.);
#1363 = DIRECTION('',(1.,0.,0.));
#1364 = ORIENTED_EDGE('',*,*,#1365,.F.);
#1365 = EDGE_CURVE('',#1311,#1358,#1366,.T.);
#1366 = LINE('',#1367,#1368);
#1367 = CARTESIAN_POINT('',(2.7432,15.367,0.8382));
#1368 = VECTOR('',#1369,1.);
#1369 = DIRECTION('',(0.,-1.,0.));
#1370 = ORIENTED_EDGE('',*,*,#1310,.F.);
#1371 = ORIENTED_EDGE('',*,*,#1372,.F.);
#1372 = EDGE_CURVE('',#1373,#1301,#1375,.T.);
#1373 = VERTEX_POINT('',#1374);
#1374 = CARTESIAN_POINT('',(2.336800000001,0.762,0.8382));
#1375 = LINE('',#1376,#1377);
#1376 = CARTESIAN_POINT('',(2.336800000001,15.367,0.8382));
#1377 = VECTOR('',#1378,1.);
#1378 = DIRECTION('',(0.,1.,0.));
#1379 = ORIENTED_EDGE('',*,*,#1380,.F.);
#1380 = EDGE_CURVE('',#1381,#1373,#1383,.T.);
#1381 = VERTEX_POINT('',#1382);
#1382 = CARTESIAN_POINT('',(1.473200000001,0.762,0.8382));
#1383 = LINE('',#1384,#1385);
#1384 = CARTESIAN_POINT('',(-2.7432,0.762,0.8382));
#1385 = VECTOR('',#1386,1.);
#1386 = DIRECTION('',(1.,7.532669100173E-16,0.));
#1387 = ORIENTED_EDGE('',*,*,#1388,.F.);
#1388 = EDGE_CURVE('',#615,#1381,#1389,.T.);
#1389 = LINE('',#1390,#1391);
#1390 = CARTESIAN_POINT('',(1.473200000001,15.367,0.8382));
#1391 = VECTOR('',#1392,1.);
#1392 = DIRECTION('',(0.,-1.,0.));
#1393 = ORIENTED_EDGE('',*,*,#614,.F.);
#1394 = ORIENTED_EDGE('',*,*,#1395,.F.);
#1395 = EDGE_CURVE('',#1396,#605,#1398,.T.);
#1396 = VERTEX_POINT('',#1397);
#1397 = CARTESIAN_POINT('',(1.066800000001,0.762,0.8382));
#1398 = LINE('',#1399,#1400);
#1399 = CARTESIAN_POINT('',(1.066800000001,15.367,0.8382));
#1400 = VECTOR('',#1401,1.);
#1401 = DIRECTION('',(0.,1.,0.));
#1402 = ORIENTED_EDGE('',*,*,#1403,.F.);
#1403 = EDGE_CURVE('',#1404,#1396,#1406,.T.);
#1404 = VERTEX_POINT('',#1405);
#1405 = CARTESIAN_POINT('',(0.2032,0.762,0.8382));
#1406 = LINE('',#1407,#1408);
#1407 = CARTESIAN_POINT('',(-2.7432,0.762,0.8382));
#1408 = VECTOR('',#1409,1.);
#1409 = DIRECTION('',(1.,7.532669100173E-16,0.));
#1410 = ORIENTED_EDGE('',*,*,#1411,.F.);
#1411 = EDGE_CURVE('',#575,#1404,#1412,.T.);
#1412 = LINE('',#1413,#1414);
#1413 = CARTESIAN_POINT('',(0.2032,15.367,0.8382));
#1414 = VECTOR('',#1415,1.);
#1415 = DIRECTION('',(0.,-1.,0.));
#1416 = ORIENTED_EDGE('',*,*,#574,.F.);
#1417 = ORIENTED_EDGE('',*,*,#1418,.F.);
#1418 = EDGE_CURVE('',#1419,#565,#1421,.T.);
#1419 = VERTEX_POINT('',#1420);
#1420 = CARTESIAN_POINT('',(-0.2032,0.762,0.8382));
#1421 = LINE('',#1422,#1423);
#1422 = CARTESIAN_POINT('',(-0.2032,15.367,0.8382));
#1423 = VECTOR('',#1424,1.);
#1424 = DIRECTION('',(0.,1.,0.));
#1425 = ORIENTED_EDGE('',*,*,#1426,.F.);
#1426 = EDGE_CURVE('',#1427,#1419,#1429,.T.);
#1427 = VERTEX_POINT('',#1428);
#1428 = CARTESIAN_POINT('',(-1.066800000001,0.762,0.8382));
#1429 = LINE('',#1430,#1431);
#1430 = CARTESIAN_POINT('',(-2.7432,0.762,0.8382));
#1431 = VECTOR('',#1432,1.);
#1432 = DIRECTION('',(1.,7.532669100173E-16,0.));
#1433 = ORIENTED_EDGE('',*,*,#1434,.F.);
#1434 = EDGE_CURVE('',#535,#1427,#1435,.T.);
#1435 = LINE('',#1436,#1437);
#1436 = CARTESIAN_POINT('',(-1.066800000001,15.367,0.8382));
#1437 = VECTOR('',#1438,1.);
#1438 = DIRECTION('',(0.,-1.,0.));
#1439 = ORIENTED_EDGE('',*,*,#534,.F.);
#1440 = ORIENTED_EDGE('',*,*,#1441,.F.);
#1441 = EDGE_CURVE('',#1442,#525,#1444,.T.);
#1442 = VERTEX_POINT('',#1443);
#1443 = CARTESIAN_POINT('',(-1.473200000001,0.762,0.8382));
#1444 = LINE('',#1445,#1446);
#1445 = CARTESIAN_POINT('',(-1.473200000001,15.367,0.8382));
#1446 = VECTOR('',#1447,1.);
#1447 = DIRECTION('',(0.,1.,0.));
#1448 = ORIENTED_EDGE('',*,*,#1449,.F.);
#1449 = EDGE_CURVE('',#1341,#1442,#1450,.T.);
#1450 = LINE('',#1451,#1452);
#1451 = CARTESIAN_POINT('',(-2.7432,0.762,0.8382));
#1452 = VECTOR('',#1453,1.);
#1453 = DIRECTION('',(1.,7.532669100173E-16,0.));
#1454 = PLANE('',#1455);
#1455 = AXIS2_PLACEMENT_3D('',#1456,#1457,#1458);
#1456 = CARTESIAN_POINT('',(-2.7432,15.367,0.8382));
#1457 = DIRECTION('',(0.,0.,1.));
#1458 = DIRECTION('',(1.,0.,-0.));
#1459 = ADVANCED_FACE('',(#1460),#1485,.T.);
#1460 = FACE_BOUND('',#1461,.T.);
#1461 = EDGE_LOOP('',(#1462,#1470,#1471,#1479));
#1462 = ORIENTED_EDGE('',*,*,#1463,.F.);
#1463 = EDGE_CURVE('',#1358,#1464,#1466,.T.);
#1464 = VERTEX_POINT('',#1465);
#1465 = CARTESIAN_POINT('',(2.7432,0.30066462727,-0.8382));
#1466 = LINE('',#1467,#1468);
#1467 = CARTESIAN_POINT('',(2.7432,0.30066462727,0.8382));
#1468 = VECTOR('',#1469,1.);
#1469 = DIRECTION('',(0.,-6.467443166819E-16,-1.));
#1470 = ORIENTED_EDGE('',*,*,#1357,.F.);
#1471 = ORIENTED_EDGE('',*,*,#1472,.T.);
#1472 = EDGE_CURVE('',#1350,#1473,#1475,.T.);
#1473 = VERTEX_POINT('',#1474);
#1474 = CARTESIAN_POINT('',(-2.7432,0.30066462727,-0.8382));
#1475 = LINE('',#1476,#1477);
#1476 = CARTESIAN_POINT('',(-2.7432,0.30066462727,0.8382));
#1477 = VECTOR('',#1478,1.);
#1478 = DIRECTION('',(0.,-6.467443166819E-16,-1.));
#1479 = ORIENTED_EDGE('',*,*,#1480,.T.);
#1480 = EDGE_CURVE('',#1473,#1464,#1481,.T.);
#1481 = LINE('',#1482,#1483);
#1482 = CARTESIAN_POINT('',(-2.7432,0.30066462727,-0.8382));
#1483 = VECTOR('',#1484,1.);
#1484 = DIRECTION('',(1.,0.,0.));
#1485 = PLANE('',#1486);
#1486 = AXIS2_PLACEMENT_3D('',#1487,#1488,#1489);
#1487 = CARTESIAN_POINT('',(-2.7432,0.30066462727,0.8382));
#1488 = DIRECTION('',(0.,-1.,6.467443166819E-16));
#1489 = DIRECTION('',(0.,-6.467443166819E-16,-1.));
#1490 = ADVANCED_FACE('',(#1491),#1608,.T.);
#1491 = FACE_BOUND('',#1492,.T.);
#1492 = EDGE_LOOP('',(#1493,#1501,#1509,#1515,#1516,#1524,#1532,#1538,
    #1539,#1547,#1555,#1561,#1562,#1570,#1578,#1586,#1594,#1600,#1601,
    #1607));
#1493 = ORIENTED_EDGE('',*,*,#1494,.F.);
#1494 = EDGE_CURVE('',#1495,#663,#1497,.T.);
#1495 = VERTEX_POINT('',#1496);
#1496 = CARTESIAN_POINT('',(-2.336800000001,0.762,-0.8382));
#1497 = LINE('',#1498,#1499);
#1498 = CARTESIAN_POINT('',(-2.336800000001,0.30066462727,-0.8382));
#1499 = VECTOR('',#1500,1.);
#1500 = DIRECTION('',(8.688464379851E-14,1.,0.));
#1501 = ORIENTED_EDGE('',*,*,#1502,.F.);
#1502 = EDGE_CURVE('',#1503,#1495,#1505,.T.);
#1503 = VERTEX_POINT('',#1504);
#1504 = CARTESIAN_POINT('',(-1.473200000001,0.762,-0.8382));
#1505 = LINE('',#1506,#1507);
#1506 = CARTESIAN_POINT('',(-2.7432,0.762,-0.8382));
#1507 = VECTOR('',#1508,1.);
#1508 = DIRECTION('',(-1.,-7.532669100173E-16,0.));
#1509 = ORIENTED_EDGE('',*,*,#1510,.F.);
#1510 = EDGE_CURVE('',#687,#1503,#1511,.T.);
#1511 = LINE('',#1512,#1513);
#1512 = CARTESIAN_POINT('',(-1.473200000001,0.30066462727,-0.8382));
#1513 = VECTOR('',#1514,1.);
#1514 = DIRECTION('',(0.,-1.,0.));
#1515 = ORIENTED_EDGE('',*,*,#710,.T.);
#1516 = ORIENTED_EDGE('',*,*,#1517,.F.);
#1517 = EDGE_CURVE('',#1518,#703,#1520,.T.);
#1518 = VERTEX_POINT('',#1519);
#1519 = CARTESIAN_POINT('',(-1.066800000001,0.762,-0.8382));
#1520 = LINE('',#1521,#1522);
#1521 = CARTESIAN_POINT('',(-1.066800000001,0.30066462727,-0.8382));
#1522 = VECTOR('',#1523,1.);
#1523 = DIRECTION('',(0.,1.,0.));
#1524 = ORIENTED_EDGE('',*,*,#1525,.F.);
#1525 = EDGE_CURVE('',#1526,#1518,#1528,.T.);
#1526 = VERTEX_POINT('',#1527);
#1527 = CARTESIAN_POINT('',(-0.2032,0.762,-0.8382));
#1528 = LINE('',#1529,#1530);
#1529 = CARTESIAN_POINT('',(-2.7432,0.762,-0.8382));
#1530 = VECTOR('',#1531,1.);
#1531 = DIRECTION('',(-1.,-7.532669100173E-16,0.));
#1532 = ORIENTED_EDGE('',*,*,#1533,.F.);
#1533 = EDGE_CURVE('',#727,#1526,#1534,.T.);
#1534 = LINE('',#1535,#1536);
#1535 = CARTESIAN_POINT('',(-0.2032,0.30066462727,-0.8382));
#1536 = VECTOR('',#1537,1.);
#1537 = DIRECTION('',(0.,-1.,0.));
#1538 = ORIENTED_EDGE('',*,*,#750,.T.);
#1539 = ORIENTED_EDGE('',*,*,#1540,.F.);
#1540 = EDGE_CURVE('',#1541,#743,#1543,.T.);
#1541 = VERTEX_POINT('',#1542);
#1542 = CARTESIAN_POINT('',(0.2032,0.762,-0.8382));
#1543 = LINE('',#1544,#1545);
#1544 = CARTESIAN_POINT('',(0.2032,0.30066462727,-0.8382));
#1545 = VECTOR('',#1546,1.);
#1546 = DIRECTION('',(0.,1.,0.));
#1547 = ORIENTED_EDGE('',*,*,#1548,.F.);
#1548 = EDGE_CURVE('',#1549,#1541,#1551,.T.);
#1549 = VERTEX_POINT('',#1550);
#1550 = CARTESIAN_POINT('',(1.066800000001,0.762,-0.8382));
#1551 = LINE('',#1552,#1553);
#1552 = CARTESIAN_POINT('',(-2.7432,0.762,-0.8382));
#1553 = VECTOR('',#1554,1.);
#1554 = DIRECTION('',(-1.,-7.532669100173E-16,0.));
#1555 = ORIENTED_EDGE('',*,*,#1556,.F.);
#1556 = EDGE_CURVE('',#767,#1549,#1557,.T.);
#1557 = LINE('',#1558,#1559);
#1558 = CARTESIAN_POINT('',(1.066800000001,0.30066462727,-0.8382));
#1559 = VECTOR('',#1560,1.);
#1560 = DIRECTION('',(0.,-1.,0.));
#1561 = ORIENTED_EDGE('',*,*,#790,.T.);
#1562 = ORIENTED_EDGE('',*,*,#1563,.F.);
#1563 = EDGE_CURVE('',#1564,#783,#1566,.T.);
#1564 = VERTEX_POINT('',#1565);
#1565 = CARTESIAN_POINT('',(1.473200000001,0.762,-0.8382));
#1566 = LINE('',#1567,#1568);
#1567 = CARTESIAN_POINT('',(1.473200000001,0.30066462727,-0.8382));
#1568 = VECTOR('',#1569,1.);
#1569 = DIRECTION('',(0.,1.,0.));
#1570 = ORIENTED_EDGE('',*,*,#1571,.F.);
#1571 = EDGE_CURVE('',#1572,#1564,#1574,.T.);
#1572 = VERTEX_POINT('',#1573);
#1573 = CARTESIAN_POINT('',(2.336800000001,0.762,-0.8382));
#1574 = LINE('',#1575,#1576);
#1575 = CARTESIAN_POINT('',(-2.7432,0.762,-0.8382));
#1576 = VECTOR('',#1577,1.);
#1577 = DIRECTION('',(-1.,-7.532669100173E-16,0.));
#1578 = ORIENTED_EDGE('',*,*,#1579,.F.);
#1579 = EDGE_CURVE('',#1580,#1572,#1582,.T.);
#1580 = VERTEX_POINT('',#1581);
#1581 = CARTESIAN_POINT('',(2.336800000001,15.367,-0.8382));
#1582 = LINE('',#1583,#1584);
#1583 = CARTESIAN_POINT('',(2.336800000001,0.30066462727,-0.8382));
#1584 = VECTOR('',#1585,1.);
#1585 = DIRECTION('',(0.,-1.,0.));
#1586 = ORIENTED_EDGE('',*,*,#1587,.T.);
#1587 = EDGE_CURVE('',#1580,#1588,#1590,.T.);
#1588 = VERTEX_POINT('',#1589);
#1589 = CARTESIAN_POINT('',(2.743200000001,15.367,-0.8382));
#1590 = LINE('',#1591,#1592);
#1591 = CARTESIAN_POINT('',(-2.7432,15.367,-0.8382));
#1592 = VECTOR('',#1593,1.);
#1593 = DIRECTION('',(1.,0.,0.));
#1594 = ORIENTED_EDGE('',*,*,#1595,.F.);
#1595 = EDGE_CURVE('',#1464,#1588,#1596,.T.);
#1596 = LINE('',#1597,#1598);
#1597 = CARTESIAN_POINT('',(2.7432,0.30066462727,-0.8382));
#1598 = VECTOR('',#1599,1.);
#1599 = DIRECTION('',(0.,1.,0.));
#1600 = ORIENTED_EDGE('',*,*,#1480,.F.);
#1601 = ORIENTED_EDGE('',*,*,#1602,.T.);
#1602 = EDGE_CURVE('',#1473,#647,#1603,.T.);
#1603 = LINE('',#1604,#1605);
#1604 = CARTESIAN_POINT('',(-2.7432,0.30066462727,-0.8382));
#1605 = VECTOR('',#1606,1.);
#1606 = DIRECTION('',(0.,1.,0.));
#1607 = ORIENTED_EDGE('',*,*,#670,.T.);
#1608 = PLANE('',#1609);
#1609 = AXIS2_PLACEMENT_3D('',#1610,#1611,#1612);
#1610 = CARTESIAN_POINT('',(-2.7432,0.30066462727,-0.8382));
#1611 = DIRECTION('',(0.,0.,-1.));
#1612 = DIRECTION('',(-1.,0.,0.));
#1613 = ADVANCED_FACE('',(#1614),#1639,.T.);
#1614 = FACE_BOUND('',#1615,.T.);
#1615 = EDGE_LOOP('',(#1616,#1624,#1632,#1638));
#1616 = ORIENTED_EDGE('',*,*,#1617,.F.);
#1617 = EDGE_CURVE('',#1618,#1580,#1620,.T.);
#1618 = VERTEX_POINT('',#1619);
#1619 = CARTESIAN_POINT('',(2.468782271538,15.5956,-0.706217728463));
#1620 = LINE('',#1621,#1622);
#1621 = CARTESIAN_POINT('',(1.320800000001,13.60723637951,-1.8542));
#1622 = VECTOR('',#1623,1.);
#1623 = DIRECTION('',(-0.4472135955,-0.774596669241,-0.4472135955));
#1624 = ORIENTED_EDGE('',*,*,#1625,.T.);
#1625 = EDGE_CURVE('',#1618,#1626,#1628,.T.);
#1626 = VERTEX_POINT('',#1627);
#1627 = CARTESIAN_POINT('',(2.611217728464,15.5956,-0.706217728463));
#1628 = LINE('',#1629,#1630);
#1629 = CARTESIAN_POINT('',(-2.7432,15.5956,-0.706217728463));
#1630 = VECTOR('',#1631,1.);
#1631 = DIRECTION('',(1.,0.,0.));
#1632 = ORIENTED_EDGE('',*,*,#1633,.F.);
#1633 = EDGE_CURVE('',#1588,#1626,#1634,.T.);
#1634 = LINE('',#1635,#1636);
#1635 = CARTESIAN_POINT('',(1.645919999998,17.267544710132,
    0.259080000001));
#1636 = VECTOR('',#1637,1.);
#1637 = DIRECTION('',(-0.447213595501,0.774596669241,0.4472135955));
#1638 = ORIENTED_EDGE('',*,*,#1587,.F.);
#1639 = PLANE('',#1640);
#1640 = AXIS2_PLACEMENT_3D('',#1641,#1642,#1643);
#1641 = CARTESIAN_POINT('',(-2.7432,15.367,-0.8382));
#1642 = DIRECTION('',(0.,0.5,-0.866025403784));
#1643 = DIRECTION('',(0.,0.866025403784,0.5));
#1644 = ADVANCED_FACE('',(#1645),#1670,.T.);
#1645 = FACE_BOUND('',#1646,.T.);
#1646 = EDGE_LOOP('',(#1647,#1655,#1663,#1669));
#1647 = ORIENTED_EDGE('',*,*,#1648,.F.);
#1648 = EDGE_CURVE('',#1649,#1618,#1651,.T.);
#1649 = VERTEX_POINT('',#1650);
#1650 = CARTESIAN_POINT('',(2.468782271538,15.5956,-0.563782271537));
#1651 = LINE('',#1652,#1653);
#1652 = CARTESIAN_POINT('',(2.468782271538,15.5956,12.7));
#1653 = VECTOR('',#1654,1.);
#1654 = DIRECTION('',(0.,0.,-1.));
#1655 = ORIENTED_EDGE('',*,*,#1656,.T.);
#1656 = EDGE_CURVE('',#1649,#1657,#1659,.T.);
#1657 = VERTEX_POINT('',#1658);
#1658 = CARTESIAN_POINT('',(2.611217728464,15.5956,-0.563782271537));
#1659 = LINE('',#1660,#1661);
#1660 = CARTESIAN_POINT('',(-2.7432,15.5956,-0.563782271537));
#1661 = VECTOR('',#1662,1.);
#1662 = DIRECTION('',(1.,0.,0.));
#1663 = ORIENTED_EDGE('',*,*,#1664,.T.);
#1664 = EDGE_CURVE('',#1657,#1626,#1665,.T.);
#1665 = LINE('',#1666,#1667);
#1666 = CARTESIAN_POINT('',(2.611217728464,15.5956,12.7));
#1667 = VECTOR('',#1668,1.);
#1668 = DIRECTION('',(0.,0.,-1.));
#1669 = ORIENTED_EDGE('',*,*,#1625,.F.);
#1670 = PLANE('',#1671);
#1671 = AXIS2_PLACEMENT_3D('',#1672,#1673,#1674);
#1672 = CARTESIAN_POINT('',(-2.7432,15.5956,-0.706217728463));
#1673 = DIRECTION('',(0.,1.,0.));
#1674 = DIRECTION('',(0.,-0.,1.));
#1675 = ADVANCED_FACE('',(#1676),#1701,.T.);
#1676 = FACE_BOUND('',#1677,.T.);
#1677 = EDGE_LOOP('',(#1678,#1686,#1694,#1700));
#1678 = ORIENTED_EDGE('',*,*,#1679,.F.);
#1679 = EDGE_CURVE('',#1680,#1649,#1682,.T.);
#1680 = VERTEX_POINT('',#1681);
#1681 = CARTESIAN_POINT('',(2.336800000001,15.367,-0.4318));
#1682 = LINE('',#1683,#1684);
#1683 = CARTESIAN_POINT('',(1.42638581723,13.79011637951,0.478614182771)
  );
#1684 = VECTOR('',#1685,1.);
#1685 = DIRECTION('',(0.4472135955,0.774596669242,-0.4472135955));
#1686 = ORIENTED_EDGE('',*,*,#1687,.T.);
#1687 = EDGE_CURVE('',#1680,#1688,#1690,.T.);
#1688 = VERTEX_POINT('',#1689);
#1689 = CARTESIAN_POINT('',(2.7432,15.367,-0.4318));
#1690 = LINE('',#1691,#1692);
#1691 = CARTESIAN_POINT('',(-2.7432,15.367,-0.4318));
#1692 = VECTOR('',#1693,1.);
#1693 = DIRECTION('',(1.,0.,0.));
#1694 = ORIENTED_EDGE('',*,*,#1695,.F.);
#1695 = EDGE_CURVE('',#1657,#1688,#1696,.T.);
#1696 = LINE('',#1697,#1698);
#1697 = CARTESIAN_POINT('',(1.540334182768,17.450424710132,
    -1.634665817231));
#1698 = VECTOR('',#1699,1.);
#1699 = DIRECTION('',(0.447213595501,-0.774596669241,0.4472135955));
#1700 = ORIENTED_EDGE('',*,*,#1656,.F.);
#1701 = PLANE('',#1702);
#1702 = AXIS2_PLACEMENT_3D('',#1703,#1704,#1705);
#1703 = CARTESIAN_POINT('',(-2.7432,15.5956,-0.563782271537));
#1704 = DIRECTION('',(0.,0.5,0.866025403784));
#1705 = DIRECTION('',(0.,-0.866025403784,0.5));
#1706 = ADVANCED_FACE('',(#1707),#1824,.T.);
#1707 = FACE_BOUND('',#1708,.T.);
#1708 = EDGE_LOOP('',(#1709,#1717,#1718,#1726,#1734,#1740,#1741,#1749,
    #1757,#1763,#1764,#1772,#1780,#1786,#1787,#1795,#1803,#1809,#1810,
    #1818));
#1709 = ORIENTED_EDGE('',*,*,#1710,.F.);
#1710 = EDGE_CURVE('',#937,#1711,#1713,.T.);
#1711 = VERTEX_POINT('',#1712);
#1712 = CARTESIAN_POINT('',(-2.336800000001,0.762,-0.4318));
#1713 = LINE('',#1714,#1715);
#1714 = CARTESIAN_POINT('',(-2.3368,15.367,-0.4318));
#1715 = VECTOR('',#1716,1.);
#1716 = DIRECTION('',(-8.688464379851E-14,-1.,0.));
#1717 = ORIENTED_EDGE('',*,*,#936,.F.);
#1718 = ORIENTED_EDGE('',*,*,#1719,.T.);
#1719 = EDGE_CURVE('',#929,#1720,#1722,.T.);
#1720 = VERTEX_POINT('',#1721);
#1721 = CARTESIAN_POINT('',(-2.7432,0.55466462727,-0.4318));
#1722 = LINE('',#1723,#1724);
#1723 = CARTESIAN_POINT('',(-2.7432,15.367,-0.4318));
#1724 = VECTOR('',#1725,1.);
#1725 = DIRECTION('',(0.,-1.,0.));
#1726 = ORIENTED_EDGE('',*,*,#1727,.T.);
#1727 = EDGE_CURVE('',#1720,#1728,#1730,.T.);
#1728 = VERTEX_POINT('',#1729);
#1729 = CARTESIAN_POINT('',(2.7432,0.55466462727,-0.4318));
#1730 = LINE('',#1731,#1732);
#1731 = CARTESIAN_POINT('',(-2.7432,0.55466462727,-0.4318));
#1732 = VECTOR('',#1733,1.);
#1733 = DIRECTION('',(1.,0.,0.));
#1734 = ORIENTED_EDGE('',*,*,#1735,.F.);
#1735 = EDGE_CURVE('',#1688,#1728,#1736,.T.);
#1736 = LINE('',#1737,#1738);
#1737 = CARTESIAN_POINT('',(2.7432,15.367,-0.4318));
#1738 = VECTOR('',#1739,1.);
#1739 = DIRECTION('',(0.,-1.,0.));
#1740 = ORIENTED_EDGE('',*,*,#1687,.F.);
#1741 = ORIENTED_EDGE('',*,*,#1742,.F.);
#1742 = EDGE_CURVE('',#1743,#1680,#1745,.T.);
#1743 = VERTEX_POINT('',#1744);
#1744 = CARTESIAN_POINT('',(2.336800000001,0.762,-0.4318));
#1745 = LINE('',#1746,#1747);
#1746 = CARTESIAN_POINT('',(2.336800000001,15.367,-0.4318));
#1747 = VECTOR('',#1748,1.);
#1748 = DIRECTION('',(0.,1.,0.));
#1749 = ORIENTED_EDGE('',*,*,#1750,.F.);
#1750 = EDGE_CURVE('',#1751,#1743,#1753,.T.);
#1751 = VERTEX_POINT('',#1752);
#1752 = CARTESIAN_POINT('',(1.473200000001,0.762,-0.4318));
#1753 = LINE('',#1754,#1755);
#1754 = CARTESIAN_POINT('',(-2.7432,0.762,-0.4318));
#1755 = VECTOR('',#1756,1.);
#1756 = DIRECTION('',(1.,7.532669100173E-16,0.));
#1757 = ORIENTED_EDGE('',*,*,#1758,.F.);
#1758 = EDGE_CURVE('',#1030,#1751,#1759,.T.);
#1759 = LINE('',#1760,#1761);
#1760 = CARTESIAN_POINT('',(1.473200000001,15.367,-0.4318));
#1761 = VECTOR('',#1762,1.);
#1762 = DIRECTION('',(0.,-1.,0.));
#1763 = ORIENTED_EDGE('',*,*,#1029,.F.);
#1764 = ORIENTED_EDGE('',*,*,#1765,.F.);
#1765 = EDGE_CURVE('',#1766,#1022,#1768,.T.);
#1766 = VERTEX_POINT('',#1767);
#1767 = CARTESIAN_POINT('',(1.066800000001,0.762,-0.4318));
#1768 = LINE('',#1769,#1770);
#1769 = CARTESIAN_POINT('',(1.066800000001,15.367,-0.4318));
#1770 = VECTOR('',#1771,1.);
#1771 = DIRECTION('',(0.,1.,0.));
#1772 = ORIENTED_EDGE('',*,*,#1773,.F.);
#1773 = EDGE_CURVE('',#1774,#1766,#1776,.T.);
#1774 = VERTEX_POINT('',#1775);
#1775 = CARTESIAN_POINT('',(0.2032,0.762,-0.4318));
#1776 = LINE('',#1777,#1778);
#1777 = CARTESIAN_POINT('',(-2.7432,0.762,-0.4318));
#1778 = VECTOR('',#1779,1.);
#1779 = DIRECTION('',(1.,7.532669100173E-16,0.));
#1780 = ORIENTED_EDGE('',*,*,#1781,.F.);
#1781 = EDGE_CURVE('',#999,#1774,#1782,.T.);
#1782 = LINE('',#1783,#1784);
#1783 = CARTESIAN_POINT('',(0.2032,15.367,-0.4318));
#1784 = VECTOR('',#1785,1.);
#1785 = DIRECTION('',(0.,-1.,0.));
#1786 = ORIENTED_EDGE('',*,*,#998,.F.);
#1787 = ORIENTED_EDGE('',*,*,#1788,.F.);
#1788 = EDGE_CURVE('',#1789,#991,#1791,.T.);
#1789 = VERTEX_POINT('',#1790);
#1790 = CARTESIAN_POINT('',(-0.2032,0.762,-0.4318));
#1791 = LINE('',#1792,#1793);
#1792 = CARTESIAN_POINT('',(-0.2032,15.367,-0.4318));
#1793 = VECTOR('',#1794,1.);
#1794 = DIRECTION('',(0.,1.,0.));
#1795 = ORIENTED_EDGE('',*,*,#1796,.F.);
#1796 = EDGE_CURVE('',#1797,#1789,#1799,.T.);
#1797 = VERTEX_POINT('',#1798);
#1798 = CARTESIAN_POINT('',(-1.066800000001,0.762,-0.4318));
#1799 = LINE('',#1800,#1801);
#1800 = CARTESIAN_POINT('',(-2.7432,0.762,-0.4318));
#1801 = VECTOR('',#1802,1.);
#1802 = DIRECTION('',(1.,7.532669100173E-16,0.));
#1803 = ORIENTED_EDGE('',*,*,#1804,.F.);
#1804 = EDGE_CURVE('',#968,#1797,#1805,.T.);
#1805 = LINE('',#1806,#1807);
#1806 = CARTESIAN_POINT('',(-1.066800000001,15.367,-0.4318));
#1807 = VECTOR('',#1808,1.);
#1808 = DIRECTION('',(0.,-1.,0.));
#1809 = ORIENTED_EDGE('',*,*,#967,.F.);
#1810 = ORIENTED_EDGE('',*,*,#1811,.F.);
#1811 = EDGE_CURVE('',#1812,#960,#1814,.T.);
#1812 = VERTEX_POINT('',#1813);
#1813 = CARTESIAN_POINT('',(-1.473200000001,0.762,-0.4318));
#1814 = LINE('',#1815,#1816);
#1815 = CARTESIAN_POINT('',(-1.473200000001,15.367,-0.4318));
#1816 = VECTOR('',#1817,1.);
#1817 = DIRECTION('',(0.,1.,0.));
#1818 = ORIENTED_EDGE('',*,*,#1819,.F.);
#1819 = EDGE_CURVE('',#1711,#1812,#1820,.T.);
#1820 = LINE('',#1821,#1822);
#1821 = CARTESIAN_POINT('',(-2.7432,0.762,-0.4318));
#1822 = VECTOR('',#1823,1.);
#1823 = DIRECTION('',(1.,7.532669100173E-16,0.));
#1824 = PLANE('',#1825);
#1825 = AXIS2_PLACEMENT_3D('',#1826,#1827,#1828);
#1826 = CARTESIAN_POINT('',(-2.7432,15.367,-0.4318));
#1827 = DIRECTION('',(0.,0.,1.));
#1828 = DIRECTION('',(1.,0.,-0.));
#1829 = ADVANCED_FACE('',(#1830),#1855,.T.);
#1830 = FACE_BOUND('',#1831,.T.);
#1831 = EDGE_LOOP('',(#1832,#1840,#1841,#1849));
#1832 = ORIENTED_EDGE('',*,*,#1833,.F.);
#1833 = EDGE_CURVE('',#1728,#1834,#1836,.T.);
#1834 = VERTEX_POINT('',#1835);
#1835 = CARTESIAN_POINT('',(2.7432,0.55466462727,0.4318));
#1836 = LINE('',#1837,#1838);
#1837 = CARTESIAN_POINT('',(2.7432,0.55466462727,-0.4318));
#1838 = VECTOR('',#1839,1.);
#1839 = DIRECTION('',(0.,-1.632078305038E-15,1.));
#1840 = ORIENTED_EDGE('',*,*,#1727,.F.);
#1841 = ORIENTED_EDGE('',*,*,#1842,.T.);
#1842 = EDGE_CURVE('',#1720,#1843,#1845,.T.);
#1843 = VERTEX_POINT('',#1844);
#1844 = CARTESIAN_POINT('',(-2.7432,0.55466462727,0.4318));
#1845 = LINE('',#1846,#1847);
#1846 = CARTESIAN_POINT('',(-2.7432,0.55466462727,-0.4318));
#1847 = VECTOR('',#1848,1.);
#1848 = DIRECTION('',(0.,-1.632078305038E-15,1.));
#1849 = ORIENTED_EDGE('',*,*,#1850,.T.);
#1850 = EDGE_CURVE('',#1843,#1834,#1851,.T.);
#1851 = LINE('',#1852,#1853);
#1852 = CARTESIAN_POINT('',(-2.7432,0.55466462727,0.4318));
#1853 = VECTOR('',#1854,1.);
#1854 = DIRECTION('',(1.,0.,0.));
#1855 = PLANE('',#1856);
#1856 = AXIS2_PLACEMENT_3D('',#1857,#1858,#1859);
#1857 = CARTESIAN_POINT('',(-2.7432,0.55466462727,-0.4318));
#1858 = DIRECTION('',(0.,1.,1.632078305038E-15));
#1859 = DIRECTION('',(0.,-1.632078305038E-15,1.));
#1860 = ADVANCED_FACE('',(#1861),#1978,.T.);
#1861 = FACE_BOUND('',#1862,.T.);
#1862 = EDGE_LOOP('',(#1863,#1871,#1879,#1885,#1886,#1894,#1902,#1908,
    #1909,#1917,#1925,#1931,#1932,#1940,#1948,#1956,#1964,#1970,#1971,
    #1977));
#1863 = ORIENTED_EDGE('',*,*,#1864,.F.);
#1864 = EDGE_CURVE('',#1865,#1071,#1867,.T.);
#1865 = VERTEX_POINT('',#1866);
#1866 = CARTESIAN_POINT('',(-2.336800000001,0.762,0.4318));
#1867 = LINE('',#1868,#1869);
#1868 = CARTESIAN_POINT('',(-2.336800000001,0.55466462727,0.4318));
#1869 = VECTOR('',#1870,1.);
#1870 = DIRECTION('',(8.688464379851E-14,1.,0.));
#1871 = ORIENTED_EDGE('',*,*,#1872,.F.);
#1872 = EDGE_CURVE('',#1873,#1865,#1875,.T.);
#1873 = VERTEX_POINT('',#1874);
#1874 = CARTESIAN_POINT('',(-1.473200000001,0.762,0.4318));
#1875 = LINE('',#1876,#1877);
#1876 = CARTESIAN_POINT('',(-2.7432,0.762,0.4318));
#1877 = VECTOR('',#1878,1.);
#1878 = DIRECTION('',(-1.,-7.532669100173E-16,0.));
#1879 = ORIENTED_EDGE('',*,*,#1880,.F.);
#1880 = EDGE_CURVE('',#1095,#1873,#1881,.T.);
#1881 = LINE('',#1882,#1883);
#1882 = CARTESIAN_POINT('',(-1.473200000001,0.55466462727,0.4318));
#1883 = VECTOR('',#1884,1.);
#1884 = DIRECTION('',(0.,-1.,0.));
#1885 = ORIENTED_EDGE('',*,*,#1118,.T.);
#1886 = ORIENTED_EDGE('',*,*,#1887,.F.);
#1887 = EDGE_CURVE('',#1888,#1111,#1890,.T.);
#1888 = VERTEX_POINT('',#1889);
#1889 = CARTESIAN_POINT('',(-1.066800000001,0.762,0.4318));
#1890 = LINE('',#1891,#1892);
#1891 = CARTESIAN_POINT('',(-1.066800000001,0.55466462727,0.4318));
#1892 = VECTOR('',#1893,1.);
#1893 = DIRECTION('',(0.,1.,0.));
#1894 = ORIENTED_EDGE('',*,*,#1895,.F.);
#1895 = EDGE_CURVE('',#1896,#1888,#1898,.T.);
#1896 = VERTEX_POINT('',#1897);
#1897 = CARTESIAN_POINT('',(-0.2032,0.762,0.4318));
#1898 = LINE('',#1899,#1900);
#1899 = CARTESIAN_POINT('',(-2.7432,0.762,0.4318));
#1900 = VECTOR('',#1901,1.);
#1901 = DIRECTION('',(-1.,-7.532669100173E-16,0.));
#1902 = ORIENTED_EDGE('',*,*,#1903,.F.);
#1903 = EDGE_CURVE('',#1135,#1896,#1904,.T.);
#1904 = LINE('',#1905,#1906);
#1905 = CARTESIAN_POINT('',(-0.2032,0.55466462727,0.4318));
#1906 = VECTOR('',#1907,1.);
#1907 = DIRECTION('',(0.,-1.,0.));
#1908 = ORIENTED_EDGE('',*,*,#1158,.T.);
#1909 = ORIENTED_EDGE('',*,*,#1910,.F.);
#1910 = EDGE_CURVE('',#1911,#1151,#1913,.T.);
#1911 = VERTEX_POINT('',#1912);
#1912 = CARTESIAN_POINT('',(0.2032,0.762,0.4318));
#1913 = LINE('',#1914,#1915);
#1914 = CARTESIAN_POINT('',(0.2032,0.55466462727,0.4318));
#1915 = VECTOR('',#1916,1.);
#1916 = DIRECTION('',(0.,1.,0.));
#1917 = ORIENTED_EDGE('',*,*,#1918,.F.);
#1918 = EDGE_CURVE('',#1919,#1911,#1921,.T.);
#1919 = VERTEX_POINT('',#1920);
#1920 = CARTESIAN_POINT('',(1.066800000001,0.762,0.4318));
#1921 = LINE('',#1922,#1923);
#1922 = CARTESIAN_POINT('',(-2.7432,0.762,0.4318));
#1923 = VECTOR('',#1924,1.);
#1924 = DIRECTION('',(-1.,-7.532669100173E-16,0.));
#1925 = ORIENTED_EDGE('',*,*,#1926,.F.);
#1926 = EDGE_CURVE('',#1175,#1919,#1927,.T.);
#1927 = LINE('',#1928,#1929);
#1928 = CARTESIAN_POINT('',(1.066800000001,0.55466462727,0.4318));
#1929 = VECTOR('',#1930,1.);
#1930 = DIRECTION('',(0.,-1.,0.));
#1931 = ORIENTED_EDGE('',*,*,#1198,.T.);
#1932 = ORIENTED_EDGE('',*,*,#1933,.F.);
#1933 = EDGE_CURVE('',#1934,#1191,#1936,.T.);
#1934 = VERTEX_POINT('',#1935);
#1935 = CARTESIAN_POINT('',(1.473200000001,0.762,0.4318));
#1936 = LINE('',#1937,#1938);
#1937 = CARTESIAN_POINT('',(1.473200000001,0.55466462727,0.4318));
#1938 = VECTOR('',#1939,1.);
#1939 = DIRECTION('',(0.,1.,0.));
#1940 = ORIENTED_EDGE('',*,*,#1941,.F.);
#1941 = EDGE_CURVE('',#1942,#1934,#1944,.T.);
#1942 = VERTEX_POINT('',#1943);
#1943 = CARTESIAN_POINT('',(2.336800000001,0.762,0.4318));
#1944 = LINE('',#1945,#1946);
#1945 = CARTESIAN_POINT('',(-2.7432,0.762,0.4318));
#1946 = VECTOR('',#1947,1.);
#1947 = DIRECTION('',(-1.,-7.532669100173E-16,0.));
#1948 = ORIENTED_EDGE('',*,*,#1949,.F.);
#1949 = EDGE_CURVE('',#1950,#1942,#1952,.T.);
#1950 = VERTEX_POINT('',#1951);
#1951 = CARTESIAN_POINT('',(2.336800000001,15.367,0.4318));
#1952 = LINE('',#1953,#1954);
#1953 = CARTESIAN_POINT('',(2.336800000001,0.55466462727,0.4318));
#1954 = VECTOR('',#1955,1.);
#1955 = DIRECTION('',(0.,-1.,0.));
#1956 = ORIENTED_EDGE('',*,*,#1957,.T.);
#1957 = EDGE_CURVE('',#1950,#1958,#1960,.T.);
#1958 = VERTEX_POINT('',#1959);
#1959 = CARTESIAN_POINT('',(2.743200000001,15.367,0.431800000001));
#1960 = LINE('',#1961,#1962);
#1961 = CARTESIAN_POINT('',(-2.7432,15.367,0.4318));
#1962 = VECTOR('',#1963,1.);
#1963 = DIRECTION('',(1.,0.,0.));
#1964 = ORIENTED_EDGE('',*,*,#1965,.F.);
#1965 = EDGE_CURVE('',#1834,#1958,#1966,.T.);
#1966 = LINE('',#1967,#1968);
#1967 = CARTESIAN_POINT('',(2.7432,0.55466462727,0.4318));
#1968 = VECTOR('',#1969,1.);
#1969 = DIRECTION('',(0.,1.,0.));
#1970 = ORIENTED_EDGE('',*,*,#1850,.F.);
#1971 = ORIENTED_EDGE('',*,*,#1972,.T.);
#1972 = EDGE_CURVE('',#1843,#1055,#1973,.T.);
#1973 = LINE('',#1974,#1975);
#1974 = CARTESIAN_POINT('',(-2.7432,0.55466462727,0.4318));
#1975 = VECTOR('',#1976,1.);
#1976 = DIRECTION('',(0.,1.,0.));
#1977 = ORIENTED_EDGE('',*,*,#1078,.T.);
#1978 = PLANE('',#1979);
#1979 = AXIS2_PLACEMENT_3D('',#1980,#1981,#1982);
#1980 = CARTESIAN_POINT('',(-2.7432,0.55466462727,0.4318));
#1981 = DIRECTION('',(0.,0.,-1.));
#1982 = DIRECTION('',(-1.,0.,0.));
#1983 = ADVANCED_FACE('',(#1984),#2009,.T.);
#1984 = FACE_BOUND('',#1985,.T.);
#1985 = EDGE_LOOP('',(#1986,#1994,#2002,#2008));
#1986 = ORIENTED_EDGE('',*,*,#1987,.F.);
#1987 = EDGE_CURVE('',#1988,#1950,#1990,.T.);
#1988 = VERTEX_POINT('',#1989);
#1989 = CARTESIAN_POINT('',(2.468782271538,15.5956,0.563782271537));
#1990 = LINE('',#1991,#1992);
#1991 = CARTESIAN_POINT('',(1.320800000001,13.60723637951,-0.5842));
#1992 = VECTOR('',#1993,1.);
#1993 = DIRECTION('',(-0.4472135955,-0.774596669241,-0.4472135955));
#1994 = ORIENTED_EDGE('',*,*,#1995,.T.);
#1995 = EDGE_CURVE('',#1988,#1996,#1998,.T.);
#1996 = VERTEX_POINT('',#1997);
#1997 = CARTESIAN_POINT('',(2.611217728464,15.5956,0.563782271537));
#1998 = LINE('',#1999,#2000);
#1999 = CARTESIAN_POINT('',(-2.7432,15.5956,0.563782271537));
#2000 = VECTOR('',#2001,1.);
#2001 = DIRECTION('',(1.,0.,0.));
#2002 = ORIENTED_EDGE('',*,*,#2003,.F.);
#2003 = EDGE_CURVE('',#1958,#1996,#2004,.T.);
#2004 = LINE('',#2005,#2006);
#2005 = CARTESIAN_POINT('',(1.645919999998,17.267544710132,
    1.529080000001));
#2006 = VECTOR('',#2007,1.);
#2007 = DIRECTION('',(-0.447213595501,0.774596669241,0.4472135955));
#2008 = ORIENTED_EDGE('',*,*,#1957,.F.);
#2009 = PLANE('',#2010);
#2010 = AXIS2_PLACEMENT_3D('',#2011,#2012,#2013);
#2011 = CARTESIAN_POINT('',(-2.7432,15.367,0.4318));
#2012 = DIRECTION('',(0.,0.5,-0.866025403784));
#2013 = DIRECTION('',(0.,0.866025403784,0.5));
#2014 = ADVANCED_FACE('',(#2015),#2031,.T.);
#2015 = FACE_BOUND('',#2016,.T.);
#2016 = EDGE_LOOP('',(#2017,#2023,#2024,#2030));
#2017 = ORIENTED_EDGE('',*,*,#2018,.F.);
#2018 = EDGE_CURVE('',#1303,#1988,#2019,.T.);
#2019 = LINE('',#2020,#2021);
#2020 = CARTESIAN_POINT('',(2.468782271538,15.5956,0.563782271537));
#2021 = VECTOR('',#2022,1.);
#2022 = DIRECTION('',(0.,0.,-1.));
#2023 = ORIENTED_EDGE('',*,*,#1326,.T.);
#2024 = ORIENTED_EDGE('',*,*,#2025,.T.);
#2025 = EDGE_CURVE('',#1319,#1996,#2026,.T.);
#2026 = LINE('',#2027,#2028);
#2027 = CARTESIAN_POINT('',(2.611217728464,15.5956,12.7));
#2028 = VECTOR('',#2029,1.);
#2029 = DIRECTION('',(0.,0.,-1.));
#2030 = ORIENTED_EDGE('',*,*,#1995,.F.);
#2031 = PLANE('',#2032);
#2032 = AXIS2_PLACEMENT_3D('',#2033,#2034,#2035);
#2033 = CARTESIAN_POINT('',(-2.7432,15.5956,0.563782271537));
#2034 = DIRECTION('',(0.,1.,0.));
#2035 = DIRECTION('',(0.,-0.,1.));
#2036 = ADVANCED_FACE('',(#2037),#2057,.F.);
#2037 = FACE_BOUND('',#2038,.T.);
#2038 = EDGE_LOOP('',(#2039,#2040,#2041,#2047,#2048,#2049,#2050,#2056));
#2039 = ORIENTED_EDGE('',*,*,#1472,.F.);
#2040 = ORIENTED_EDGE('',*,*,#1349,.F.);
#2041 = ORIENTED_EDGE('',*,*,#2042,.T.);
#2042 = EDGE_CURVE('',#485,#1055,#2043,.T.);
#2043 = LINE('',#2044,#2045);
#2044 = CARTESIAN_POINT('',(-2.7432,15.367000000001,0.));
#2045 = VECTOR('',#2046,1.);
#2046 = DIRECTION('',(0.,0.,-1.));
#2047 = ORIENTED_EDGE('',*,*,#1972,.F.);
#2048 = ORIENTED_EDGE('',*,*,#1842,.F.);
#2049 = ORIENTED_EDGE('',*,*,#1719,.F.);
#2050 = ORIENTED_EDGE('',*,*,#2051,.T.);
#2051 = EDGE_CURVE('',#929,#647,#2052,.T.);
#2052 = LINE('',#2053,#2054);
#2053 = CARTESIAN_POINT('',(-2.7432,15.367000000001,0.));
#2054 = VECTOR('',#2055,1.);
#2055 = DIRECTION('',(0.,0.,-1.));
#2056 = ORIENTED_EDGE('',*,*,#1602,.F.);
#2057 = PLANE('',#2058);
#2058 = AXIS2_PLACEMENT_3D('',#2059,#2060,#2061);
#2059 = CARTESIAN_POINT('',(-2.7432,0.,0.));
#2060 = DIRECTION('',(1.,0.,0.));
#2061 = DIRECTION('',(0.,0.,-1.));
#2062 = ADVANCED_FACE('',(#2063),#2083,.T.);
#2063 = FACE_BOUND('',#2064,.T.);
#2064 = EDGE_LOOP('',(#2065,#2066,#2072,#2073,#2074,#2075,#2081,#2082));
#2065 = ORIENTED_EDGE('',*,*,#1965,.T.);
#2066 = ORIENTED_EDGE('',*,*,#2067,.F.);
#2067 = EDGE_CURVE('',#1311,#1958,#2068,.T.);
#2068 = LINE('',#2069,#2070);
#2069 = CARTESIAN_POINT('',(2.7432,15.367000000002,0.));
#2070 = VECTOR('',#2071,1.);
#2071 = DIRECTION('',(0.,0.,-1.));
#2072 = ORIENTED_EDGE('',*,*,#1365,.T.);
#2073 = ORIENTED_EDGE('',*,*,#1463,.T.);
#2074 = ORIENTED_EDGE('',*,*,#1595,.T.);
#2075 = ORIENTED_EDGE('',*,*,#2076,.F.);
#2076 = EDGE_CURVE('',#1688,#1588,#2077,.T.);
#2077 = LINE('',#2078,#2079);
#2078 = CARTESIAN_POINT('',(2.7432,15.367000000002,0.));
#2079 = VECTOR('',#2080,1.);
#2080 = DIRECTION('',(0.,0.,-1.));
#2081 = ORIENTED_EDGE('',*,*,#1735,.T.);
#2082 = ORIENTED_EDGE('',*,*,#1833,.T.);
#2083 = PLANE('',#2084);
#2084 = AXIS2_PLACEMENT_3D('',#2085,#2086,#2087);
#2085 = CARTESIAN_POINT('',(2.7432,0.,0.));
#2086 = DIRECTION('',(1.,0.,0.));
#2087 = DIRECTION('',(0.,0.,-1.));
#2088 = ADVANCED_FACE('',(#2089),#2095,.F.);
#2089 = FACE_BOUND('',#2090,.T.);
#2090 = EDGE_LOOP('',(#2091,#2092,#2093,#2094));
#2091 = ORIENTED_EDGE('',*,*,#1633,.T.);
#2092 = ORIENTED_EDGE('',*,*,#1664,.F.);
#2093 = ORIENTED_EDGE('',*,*,#1695,.T.);
#2094 = ORIENTED_EDGE('',*,*,#2076,.T.);
#2095 = PLANE('',#2096);
#2096 = AXIS2_PLACEMENT_3D('',#2097,#2098,#2099);
#2097 = CARTESIAN_POINT('',(2.743200000001,15.367,12.7));
#2098 = DIRECTION('',(-0.866025403784,-0.500000000001,0.));
#2099 = DIRECTION('',(0.500000000001,-0.866025403784,0.));
#2100 = ADVANCED_FACE('',(#2101),#2107,.F.);
#2101 = FACE_BOUND('',#2102,.T.);
#2102 = EDGE_LOOP('',(#2103,#2104,#2105,#2106));
#2103 = ORIENTED_EDGE('',*,*,#1318,.T.);
#2104 = ORIENTED_EDGE('',*,*,#2067,.T.);
#2105 = ORIENTED_EDGE('',*,*,#2003,.T.);
#2106 = ORIENTED_EDGE('',*,*,#2025,.F.);
#2107 = PLANE('',#2108);
#2108 = AXIS2_PLACEMENT_3D('',#2109,#2110,#2111);
#2109 = CARTESIAN_POINT('',(2.743200000001,15.367,12.7));
#2110 = DIRECTION('',(-0.866025403784,-0.500000000001,0.));
#2111 = DIRECTION('',(0.500000000001,-0.866025403784,0.));
#2112 = ADVANCED_FACE('',(#2113),#2119,.F.);
#2113 = FACE_BOUND('',#2114,.T.);
#2114 = EDGE_LOOP('',(#2115,#2116,#2117,#2118));
#2115 = ORIENTED_EDGE('',*,*,#644,.T.);
#2116 = ORIENTED_EDGE('',*,*,#2051,.F.);
#2117 = ORIENTED_EDGE('',*,*,#928,.T.);
#2118 = ORIENTED_EDGE('',*,*,#804,.T.);
#2119 = PLANE('',#2120);
#2120 = AXIS2_PLACEMENT_3D('',#2121,#2122,#2123);
#2121 = CARTESIAN_POINT('',(-2.611217728464,15.5956,12.7));
#2122 = DIRECTION('',(0.866025403784,-0.5,0.));
#2123 = DIRECTION('',(0.5,0.866025403784,0.));
#2124 = ADVANCED_FACE('',(#2125),#2131,.F.);
#2125 = FACE_BOUND('',#2126,.T.);
#2126 = EDGE_LOOP('',(#2127,#2128,#2129,#2130));
#2127 = ORIENTED_EDGE('',*,*,#484,.T.);
#2128 = ORIENTED_EDGE('',*,*,#1212,.T.);
#2129 = ORIENTED_EDGE('',*,*,#1052,.T.);
#2130 = ORIENTED_EDGE('',*,*,#2042,.F.);
#2131 = PLANE('',#2132);
#2132 = AXIS2_PLACEMENT_3D('',#2133,#2134,#2135);
#2133 = CARTESIAN_POINT('',(-2.611217728464,15.5956,12.7));
#2134 = DIRECTION('',(0.866025403784,-0.5,0.));
#2135 = DIRECTION('',(0.5,0.866025403784,0.));
#2136 = ADVANCED_FACE('',(#2137),#2148,.F.);
#2137 = FACE_BOUND('',#2138,.T.);
#2138 = EDGE_LOOP('',(#2139,#2140,#2141,#2142));
#2139 = ORIENTED_EDGE('',*,*,#1300,.T.);
#2140 = ORIENTED_EDGE('',*,*,#2018,.T.);
#2141 = ORIENTED_EDGE('',*,*,#1987,.T.);
#2142 = ORIENTED_EDGE('',*,*,#2143,.F.);
#2143 = EDGE_CURVE('',#1301,#1950,#2144,.T.);
#2144 = LINE('',#2145,#2146);
#2145 = CARTESIAN_POINT('',(2.336800000001,15.367,12.7));
#2146 = VECTOR('',#2147,1.);
#2147 = DIRECTION('',(0.,0.,-1.));
#2148 = PLANE('',#2149);
#2149 = AXIS2_PLACEMENT_3D('',#2150,#2151,#2152);
#2150 = CARTESIAN_POINT('',(2.468782271538,15.5956,12.7));
#2151 = DIRECTION('',(0.866025403784,-0.5,0.));
#2152 = DIRECTION('',(0.5,0.866025403784,0.));
#2153 = ADVANCED_FACE('',(#2154),#2165,.F.);
#2154 = FACE_BOUND('',#2155,.T.);
#2155 = EDGE_LOOP('',(#2156,#2157,#2158,#2159));
#2156 = ORIENTED_EDGE('',*,*,#1372,.T.);
#2157 = ORIENTED_EDGE('',*,*,#2143,.T.);
#2158 = ORIENTED_EDGE('',*,*,#1949,.T.);
#2159 = ORIENTED_EDGE('',*,*,#2160,.F.);
#2160 = EDGE_CURVE('',#1373,#1942,#2161,.T.);
#2161 = LINE('',#2162,#2163);
#2162 = CARTESIAN_POINT('',(2.336800000001,0.762,12.7));
#2163 = VECTOR('',#2164,1.);
#2164 = DIRECTION('',(0.,0.,-1.));
#2165 = PLANE('',#2166);
#2166 = AXIS2_PLACEMENT_3D('',#2167,#2168,#2169);
#2167 = CARTESIAN_POINT('',(2.336800000001,15.367,12.7));
#2168 = DIRECTION('',(1.,0.,0.));
#2169 = DIRECTION('',(0.,0.,-1.));
#2170 = ADVANCED_FACE('',(#2171),#2182,.F.);
#2171 = FACE_BOUND('',#2172,.T.);
#2172 = EDGE_LOOP('',(#2173,#2174,#2175,#2176));
#2173 = ORIENTED_EDGE('',*,*,#1380,.T.);
#2174 = ORIENTED_EDGE('',*,*,#2160,.T.);
#2175 = ORIENTED_EDGE('',*,*,#1941,.T.);
#2176 = ORIENTED_EDGE('',*,*,#2177,.F.);
#2177 = EDGE_CURVE('',#1381,#1934,#2178,.T.);
#2178 = LINE('',#2179,#2180);
#2179 = CARTESIAN_POINT('',(1.473200000001,0.762,12.7));
#2180 = VECTOR('',#2181,1.);
#2181 = DIRECTION('',(0.,0.,-1.));
#2182 = PLANE('',#2183);
#2183 = AXIS2_PLACEMENT_3D('',#2184,#2185,#2186);
#2184 = CARTESIAN_POINT('',(2.336800000001,0.762,12.7));
#2185 = DIRECTION('',(7.532669100173E-16,-1.,0.));
#2186 = DIRECTION('',(1.,7.532669100173E-16,0.));
#2187 = ADVANCED_FACE('',(#2188),#2199,.F.);
#2188 = FACE_BOUND('',#2189,.T.);
#2189 = EDGE_LOOP('',(#2190,#2191,#2197,#2198));
#2190 = ORIENTED_EDGE('',*,*,#622,.T.);
#2191 = ORIENTED_EDGE('',*,*,#2192,.T.);
#2192 = EDGE_CURVE('',#615,#1191,#2193,.T.);
#2193 = LINE('',#2194,#2195);
#2194 = CARTESIAN_POINT('',(1.473200000001,15.367,12.7));
#2195 = VECTOR('',#2196,1.);
#2196 = DIRECTION('',(0.,0.,-1.));
#2197 = ORIENTED_EDGE('',*,*,#1190,.T.);
#2198 = ORIENTED_EDGE('',*,*,#1285,.T.);
#2199 = PLANE('',#2200);
#2200 = AXIS2_PLACEMENT_3D('',#2201,#2202,#2203);
#2201 = CARTESIAN_POINT('',(1.473200000001,15.367,12.7));
#2202 = DIRECTION('',(-0.866025403784,-0.500000000001,0.));
#2203 = DIRECTION('',(0.500000000001,-0.866025403784,0.));
#2204 = ADVANCED_FACE('',(#2205),#2211,.F.);
#2205 = FACE_BOUND('',#2206,.T.);
#2206 = EDGE_LOOP('',(#2207,#2208,#2209,#2210));
#2207 = ORIENTED_EDGE('',*,*,#1388,.T.);
#2208 = ORIENTED_EDGE('',*,*,#2177,.T.);
#2209 = ORIENTED_EDGE('',*,*,#1933,.T.);
#2210 = ORIENTED_EDGE('',*,*,#2192,.F.);
#2211 = PLANE('',#2212);
#2212 = AXIS2_PLACEMENT_3D('',#2213,#2214,#2215);
#2213 = CARTESIAN_POINT('',(1.473200000001,0.762,12.7));
#2214 = DIRECTION('',(-1.,0.,0.));
#2215 = DIRECTION('',(0.,0.,1.));
#2216 = ADVANCED_FACE('',(#2217),#2228,.F.);
#2217 = FACE_BOUND('',#2218,.T.);
#2218 = EDGE_LOOP('',(#2219,#2220,#2221,#2222));
#2219 = ORIENTED_EDGE('',*,*,#604,.T.);
#2220 = ORIENTED_EDGE('',*,*,#1278,.T.);
#2221 = ORIENTED_EDGE('',*,*,#1172,.T.);
#2222 = ORIENTED_EDGE('',*,*,#2223,.F.);
#2223 = EDGE_CURVE('',#605,#1175,#2224,.T.);
#2224 = LINE('',#2225,#2226);
#2225 = CARTESIAN_POINT('',(1.066800000001,15.367,12.7));
#2226 = VECTOR('',#2227,1.);
#2227 = DIRECTION('',(0.,0.,-1.));
#2228 = PLANE('',#2229);
#2229 = AXIS2_PLACEMENT_3D('',#2230,#2231,#2232);
#2230 = CARTESIAN_POINT('',(1.198782271537,15.5956,12.7));
#2231 = DIRECTION('',(0.866025403784,-0.5,0.));
#2232 = DIRECTION('',(0.5,0.866025403784,0.));
#2233 = ADVANCED_FACE('',(#2234),#2245,.F.);
#2234 = FACE_BOUND('',#2235,.T.);
#2235 = EDGE_LOOP('',(#2236,#2237,#2238,#2239));
#2236 = ORIENTED_EDGE('',*,*,#1395,.T.);
#2237 = ORIENTED_EDGE('',*,*,#2223,.T.);
#2238 = ORIENTED_EDGE('',*,*,#1926,.T.);
#2239 = ORIENTED_EDGE('',*,*,#2240,.F.);
#2240 = EDGE_CURVE('',#1396,#1919,#2241,.T.);
#2241 = LINE('',#2242,#2243);
#2242 = CARTESIAN_POINT('',(1.066800000001,0.762,12.7));
#2243 = VECTOR('',#2244,1.);
#2244 = DIRECTION('',(0.,0.,-1.));
#2245 = PLANE('',#2246);
#2246 = AXIS2_PLACEMENT_3D('',#2247,#2248,#2249);
#2247 = CARTESIAN_POINT('',(1.066800000001,15.367,12.7));
#2248 = DIRECTION('',(1.,0.,0.));
#2249 = DIRECTION('',(0.,0.,-1.));
#2250 = ADVANCED_FACE('',(#2251),#2262,.F.);
#2251 = FACE_BOUND('',#2252,.T.);
#2252 = EDGE_LOOP('',(#2253,#2254,#2255,#2256));
#2253 = ORIENTED_EDGE('',*,*,#1403,.T.);
#2254 = ORIENTED_EDGE('',*,*,#2240,.T.);
#2255 = ORIENTED_EDGE('',*,*,#1918,.T.);
#2256 = ORIENTED_EDGE('',*,*,#2257,.F.);
#2257 = EDGE_CURVE('',#1404,#1911,#2258,.T.);
#2258 = LINE('',#2259,#2260);
#2259 = CARTESIAN_POINT('',(0.2032,0.762,12.7));
#2260 = VECTOR('',#2261,1.);
#2261 = DIRECTION('',(0.,0.,-1.));
#2262 = PLANE('',#2263);
#2263 = AXIS2_PLACEMENT_3D('',#2264,#2265,#2266);
#2264 = CARTESIAN_POINT('',(1.066800000001,0.762,12.7));
#2265 = DIRECTION('',(7.532669100173E-16,-1.,0.));
#2266 = DIRECTION('',(1.,7.532669100173E-16,0.));
#2267 = ADVANCED_FACE('',(#2268),#2279,.F.);
#2268 = FACE_BOUND('',#2269,.T.);
#2269 = EDGE_LOOP('',(#2270,#2271,#2277,#2278));
#2270 = ORIENTED_EDGE('',*,*,#582,.T.);
#2271 = ORIENTED_EDGE('',*,*,#2272,.T.);
#2272 = EDGE_CURVE('',#575,#1151,#2273,.T.);
#2273 = LINE('',#2274,#2275);
#2274 = CARTESIAN_POINT('',(0.2032,15.367,12.7));
#2275 = VECTOR('',#2276,1.);
#2276 = DIRECTION('',(0.,0.,-1.));
#2277 = ORIENTED_EDGE('',*,*,#1150,.T.);
#2278 = ORIENTED_EDGE('',*,*,#1263,.T.);
#2279 = PLANE('',#2280);
#2280 = AXIS2_PLACEMENT_3D('',#2281,#2282,#2283);
#2281 = CARTESIAN_POINT('',(0.2032,15.367,12.7));
#2282 = DIRECTION('',(-0.866025403784,-0.500000000001,0.));
#2283 = DIRECTION('',(0.500000000001,-0.866025403784,0.));
#2284 = ADVANCED_FACE('',(#2285),#2291,.F.);
#2285 = FACE_BOUND('',#2286,.T.);
#2286 = EDGE_LOOP('',(#2287,#2288,#2289,#2290));
#2287 = ORIENTED_EDGE('',*,*,#1411,.T.);
#2288 = ORIENTED_EDGE('',*,*,#2257,.T.);
#2289 = ORIENTED_EDGE('',*,*,#1910,.T.);
#2290 = ORIENTED_EDGE('',*,*,#2272,.F.);
#2291 = PLANE('',#2292);
#2292 = AXIS2_PLACEMENT_3D('',#2293,#2294,#2295);
#2293 = CARTESIAN_POINT('',(0.2032,0.762,12.7));
#2294 = DIRECTION('',(-1.,0.,0.));
#2295 = DIRECTION('',(0.,0.,1.));
#2296 = ADVANCED_FACE('',(#2297),#2308,.F.);
#2297 = FACE_BOUND('',#2298,.T.);
#2298 = EDGE_LOOP('',(#2299,#2300,#2301,#2302));
#2299 = ORIENTED_EDGE('',*,*,#564,.T.);
#2300 = ORIENTED_EDGE('',*,*,#1256,.T.);
#2301 = ORIENTED_EDGE('',*,*,#1132,.T.);
#2302 = ORIENTED_EDGE('',*,*,#2303,.F.);
#2303 = EDGE_CURVE('',#565,#1135,#2304,.T.);
#2304 = LINE('',#2305,#2306);
#2305 = CARTESIAN_POINT('',(-0.2032,15.367,12.7));
#2306 = VECTOR('',#2307,1.);
#2307 = DIRECTION('',(0.,0.,-1.));
#2308 = PLANE('',#2309);
#2309 = AXIS2_PLACEMENT_3D('',#2310,#2311,#2312);
#2310 = CARTESIAN_POINT('',(-7.121772846342E-02,15.5956,12.7));
#2311 = DIRECTION('',(0.866025403784,-0.5,0.));
#2312 = DIRECTION('',(0.5,0.866025403784,0.));
#2313 = ADVANCED_FACE('',(#2314),#2325,.F.);
#2314 = FACE_BOUND('',#2315,.T.);
#2315 = EDGE_LOOP('',(#2316,#2317,#2318,#2319));
#2316 = ORIENTED_EDGE('',*,*,#1418,.T.);
#2317 = ORIENTED_EDGE('',*,*,#2303,.T.);
#2318 = ORIENTED_EDGE('',*,*,#1903,.T.);
#2319 = ORIENTED_EDGE('',*,*,#2320,.F.);
#2320 = EDGE_CURVE('',#1419,#1896,#2321,.T.);
#2321 = LINE('',#2322,#2323);
#2322 = CARTESIAN_POINT('',(-0.2032,0.762,12.7));
#2323 = VECTOR('',#2324,1.);
#2324 = DIRECTION('',(0.,0.,-1.));
#2325 = PLANE('',#2326);
#2326 = AXIS2_PLACEMENT_3D('',#2327,#2328,#2329);
#2327 = CARTESIAN_POINT('',(-0.2032,15.367,12.7));
#2328 = DIRECTION('',(1.,0.,0.));
#2329 = DIRECTION('',(0.,0.,-1.));
#2330 = ADVANCED_FACE('',(#2331),#2342,.F.);
#2331 = FACE_BOUND('',#2332,.T.);
#2332 = EDGE_LOOP('',(#2333,#2334,#2335,#2336));
#2333 = ORIENTED_EDGE('',*,*,#1426,.T.);
#2334 = ORIENTED_EDGE('',*,*,#2320,.T.);
#2335 = ORIENTED_EDGE('',*,*,#1895,.T.);
#2336 = ORIENTED_EDGE('',*,*,#2337,.F.);
#2337 = EDGE_CURVE('',#1427,#1888,#2338,.T.);
#2338 = LINE('',#2339,#2340);
#2339 = CARTESIAN_POINT('',(-1.066800000001,0.762,12.7));
#2340 = VECTOR('',#2341,1.);
#2341 = DIRECTION('',(0.,0.,-1.));
#2342 = PLANE('',#2343);
#2343 = AXIS2_PLACEMENT_3D('',#2344,#2345,#2346);
#2344 = CARTESIAN_POINT('',(-0.2032,0.762,12.7));
#2345 = DIRECTION('',(7.532669100173E-16,-1.,0.));
#2346 = DIRECTION('',(1.,7.532669100173E-16,0.));
#2347 = ADVANCED_FACE('',(#2348),#2359,.F.);
#2348 = FACE_BOUND('',#2349,.T.);
#2349 = EDGE_LOOP('',(#2350,#2351,#2357,#2358));
#2350 = ORIENTED_EDGE('',*,*,#542,.T.);
#2351 = ORIENTED_EDGE('',*,*,#2352,.T.);
#2352 = EDGE_CURVE('',#535,#1111,#2353,.T.);
#2353 = LINE('',#2354,#2355);
#2354 = CARTESIAN_POINT('',(-1.066800000001,15.367,12.7));
#2355 = VECTOR('',#2356,1.);
#2356 = DIRECTION('',(0.,0.,-1.));
#2357 = ORIENTED_EDGE('',*,*,#1110,.T.);
#2358 = ORIENTED_EDGE('',*,*,#1241,.T.);
#2359 = PLANE('',#2360);
#2360 = AXIS2_PLACEMENT_3D('',#2361,#2362,#2363);
#2361 = CARTESIAN_POINT('',(-1.066800000001,15.367,12.7));
#2362 = DIRECTION('',(-0.866025403784,-0.500000000001,0.));
#2363 = DIRECTION('',(0.500000000001,-0.866025403784,0.));
#2364 = ADVANCED_FACE('',(#2365),#2371,.F.);
#2365 = FACE_BOUND('',#2366,.T.);
#2366 = EDGE_LOOP('',(#2367,#2368,#2369,#2370));
#2367 = ORIENTED_EDGE('',*,*,#1434,.T.);
#2368 = ORIENTED_EDGE('',*,*,#2337,.T.);
#2369 = ORIENTED_EDGE('',*,*,#1887,.T.);
#2370 = ORIENTED_EDGE('',*,*,#2352,.F.);
#2371 = PLANE('',#2372);
#2372 = AXIS2_PLACEMENT_3D('',#2373,#2374,#2375);
#2373 = CARTESIAN_POINT('',(-1.066800000001,0.762,12.7));
#2374 = DIRECTION('',(-1.,0.,0.));
#2375 = DIRECTION('',(0.,0.,1.));
#2376 = ADVANCED_FACE('',(#2377),#2388,.F.);
#2377 = FACE_BOUND('',#2378,.T.);
#2378 = EDGE_LOOP('',(#2379,#2380,#2381,#2382));
#2379 = ORIENTED_EDGE('',*,*,#524,.T.);
#2380 = ORIENTED_EDGE('',*,*,#1234,.T.);
#2381 = ORIENTED_EDGE('',*,*,#1092,.T.);
#2382 = ORIENTED_EDGE('',*,*,#2383,.F.);
#2383 = EDGE_CURVE('',#525,#1095,#2384,.T.);
#2384 = LINE('',#2385,#2386);
#2385 = CARTESIAN_POINT('',(-1.473200000001,15.367,12.7));
#2386 = VECTOR('',#2387,1.);
#2387 = DIRECTION('',(0.,0.,-1.));
#2388 = PLANE('',#2389);
#2389 = AXIS2_PLACEMENT_3D('',#2390,#2391,#2392);
#2390 = CARTESIAN_POINT('',(-1.341217728464,15.5956,12.7));
#2391 = DIRECTION('',(0.866025403784,-0.5,0.));
#2392 = DIRECTION('',(0.5,0.866025403784,0.));
#2393 = ADVANCED_FACE('',(#2394),#2405,.F.);
#2394 = FACE_BOUND('',#2395,.T.);
#2395 = EDGE_LOOP('',(#2396,#2397,#2398,#2399));
#2396 = ORIENTED_EDGE('',*,*,#1441,.T.);
#2397 = ORIENTED_EDGE('',*,*,#2383,.T.);
#2398 = ORIENTED_EDGE('',*,*,#1880,.T.);
#2399 = ORIENTED_EDGE('',*,*,#2400,.F.);
#2400 = EDGE_CURVE('',#1442,#1873,#2401,.T.);
#2401 = LINE('',#2402,#2403);
#2402 = CARTESIAN_POINT('',(-1.473200000001,0.762,12.7));
#2403 = VECTOR('',#2404,1.);
#2404 = DIRECTION('',(0.,0.,-1.));
#2405 = PLANE('',#2406);
#2406 = AXIS2_PLACEMENT_3D('',#2407,#2408,#2409);
#2407 = CARTESIAN_POINT('',(-1.473200000001,15.367,12.7));
#2408 = DIRECTION('',(1.,0.,0.));
#2409 = DIRECTION('',(0.,0.,-1.));
#2410 = ADVANCED_FACE('',(#2411),#2422,.F.);
#2411 = FACE_BOUND('',#2412,.T.);
#2412 = EDGE_LOOP('',(#2413,#2414,#2415,#2416));
#2413 = ORIENTED_EDGE('',*,*,#1449,.T.);
#2414 = ORIENTED_EDGE('',*,*,#2400,.T.);
#2415 = ORIENTED_EDGE('',*,*,#1872,.T.);
#2416 = ORIENTED_EDGE('',*,*,#2417,.F.);
#2417 = EDGE_CURVE('',#1341,#1865,#2418,.T.);
#2418 = LINE('',#2419,#2420);
#2419 = CARTESIAN_POINT('',(-2.336800000001,0.762,12.7));
#2420 = VECTOR('',#2421,1.);
#2421 = DIRECTION('',(0.,0.,-1.));
#2422 = PLANE('',#2423);
#2423 = AXIS2_PLACEMENT_3D('',#2424,#2425,#2426);
#2424 = CARTESIAN_POINT('',(-1.473200000001,0.762,12.7));
#2425 = DIRECTION('',(7.532669100173E-16,-1.,0.));
#2426 = DIRECTION('',(1.,7.532669100173E-16,0.));
#2427 = ADVANCED_FACE('',(#2428),#2439,.F.);
#2428 = FACE_BOUND('',#2429,.T.);
#2429 = EDGE_LOOP('',(#2430,#2431,#2437,#2438));
#2430 = ORIENTED_EDGE('',*,*,#502,.T.);
#2431 = ORIENTED_EDGE('',*,*,#2432,.T.);
#2432 = EDGE_CURVE('',#495,#1071,#2433,.T.);
#2433 = LINE('',#2434,#2435);
#2434 = CARTESIAN_POINT('',(-2.3368,15.366999999998,12.7));
#2435 = VECTOR('',#2436,1.);
#2436 = DIRECTION('',(0.,0.,-1.));
#2437 = ORIENTED_EDGE('',*,*,#1070,.T.);
#2438 = ORIENTED_EDGE('',*,*,#1219,.T.);
#2439 = PLANE('',#2440);
#2440 = AXIS2_PLACEMENT_3D('',#2441,#2442,#2443);
#2441 = CARTESIAN_POINT('',(-2.3368,15.366999999998,12.7));
#2442 = DIRECTION('',(-0.866025403785,-0.499999999999,0.));
#2443 = DIRECTION('',(0.499999999999,-0.866025403785,0.));
#2444 = ADVANCED_FACE('',(#2445),#2451,.F.);
#2445 = FACE_BOUND('',#2446,.T.);
#2446 = EDGE_LOOP('',(#2447,#2448,#2449,#2450));
#2447 = ORIENTED_EDGE('',*,*,#1340,.T.);
#2448 = ORIENTED_EDGE('',*,*,#2417,.T.);
#2449 = ORIENTED_EDGE('',*,*,#1864,.T.);
#2450 = ORIENTED_EDGE('',*,*,#2432,.F.);
#2451 = PLANE('',#2452);
#2452 = AXIS2_PLACEMENT_3D('',#2453,#2454,#2455);
#2453 = CARTESIAN_POINT('',(-2.336800000001,0.762,12.7));
#2454 = DIRECTION('',(-1.,8.688464379851E-14,0.));
#2455 = DIRECTION('',(-8.688464379851E-14,-1.,0.));
#2456 = ADVANCED_FACE('',(#2457),#2473,.F.);
#2457 = FACE_BOUND('',#2458,.T.);
#2458 = EDGE_LOOP('',(#2459,#2460,#2466,#2467));
#2459 = ORIENTED_EDGE('',*,*,#1579,.T.);
#2460 = ORIENTED_EDGE('',*,*,#2461,.F.);
#2461 = EDGE_CURVE('',#1743,#1572,#2462,.T.);
#2462 = LINE('',#2463,#2464);
#2463 = CARTESIAN_POINT('',(2.336800000001,0.762,12.7));
#2464 = VECTOR('',#2465,1.);
#2465 = DIRECTION('',(0.,0.,-1.));
#2466 = ORIENTED_EDGE('',*,*,#1742,.T.);
#2467 = ORIENTED_EDGE('',*,*,#2468,.T.);
#2468 = EDGE_CURVE('',#1680,#1580,#2469,.T.);
#2469 = LINE('',#2470,#2471);
#2470 = CARTESIAN_POINT('',(2.336800000001,15.367,12.7));
#2471 = VECTOR('',#2472,1.);
#2472 = DIRECTION('',(0.,0.,-1.));
#2473 = PLANE('',#2474);
#2474 = AXIS2_PLACEMENT_3D('',#2475,#2476,#2477);
#2475 = CARTESIAN_POINT('',(2.336800000001,15.367,12.7));
#2476 = DIRECTION('',(1.,0.,0.));
#2477 = DIRECTION('',(0.,0.,-1.));
#2478 = ADVANCED_FACE('',(#2479),#2490,.F.);
#2479 = FACE_BOUND('',#2480,.T.);
#2480 = EDGE_LOOP('',(#2481,#2482,#2488,#2489));
#2481 = ORIENTED_EDGE('',*,*,#1571,.T.);
#2482 = ORIENTED_EDGE('',*,*,#2483,.F.);
#2483 = EDGE_CURVE('',#1751,#1564,#2484,.T.);
#2484 = LINE('',#2485,#2486);
#2485 = CARTESIAN_POINT('',(1.473200000001,0.762,12.7));
#2486 = VECTOR('',#2487,1.);
#2487 = DIRECTION('',(0.,0.,-1.));
#2488 = ORIENTED_EDGE('',*,*,#1750,.T.);
#2489 = ORIENTED_EDGE('',*,*,#2461,.T.);
#2490 = PLANE('',#2491);
#2491 = AXIS2_PLACEMENT_3D('',#2492,#2493,#2494);
#2492 = CARTESIAN_POINT('',(2.336800000001,0.762,12.7));
#2493 = DIRECTION('',(7.532669100173E-16,-1.,0.));
#2494 = DIRECTION('',(1.,7.532669100173E-16,0.));
#2495 = ADVANCED_FACE('',(#2496),#2507,.F.);
#2496 = FACE_BOUND('',#2497,.T.);
#2497 = EDGE_LOOP('',(#2498,#2499,#2505,#2506));
#2498 = ORIENTED_EDGE('',*,*,#1563,.T.);
#2499 = ORIENTED_EDGE('',*,*,#2500,.F.);
#2500 = EDGE_CURVE('',#1030,#783,#2501,.T.);
#2501 = LINE('',#2502,#2503);
#2502 = CARTESIAN_POINT('',(1.473200000001,15.367,12.7));
#2503 = VECTOR('',#2504,1.);
#2504 = DIRECTION('',(0.,0.,-1.));
#2505 = ORIENTED_EDGE('',*,*,#1758,.T.);
#2506 = ORIENTED_EDGE('',*,*,#2483,.T.);
#2507 = PLANE('',#2508);
#2508 = AXIS2_PLACEMENT_3D('',#2509,#2510,#2511);
#2509 = CARTESIAN_POINT('',(1.473200000001,0.762,12.7));
#2510 = DIRECTION('',(-1.,0.,0.));
#2511 = DIRECTION('',(0.,0.,1.));
#2512 = ADVANCED_FACE('',(#2513),#2519,.F.);
#2513 = FACE_BOUND('',#2514,.T.);
#2514 = EDGE_LOOP('',(#2515,#2516,#2517,#2518));
#2515 = ORIENTED_EDGE('',*,*,#1617,.T.);
#2516 = ORIENTED_EDGE('',*,*,#2468,.F.);
#2517 = ORIENTED_EDGE('',*,*,#1679,.T.);
#2518 = ORIENTED_EDGE('',*,*,#1648,.T.);
#2519 = PLANE('',#2520);
#2520 = AXIS2_PLACEMENT_3D('',#2521,#2522,#2523);
#2521 = CARTESIAN_POINT('',(2.468782271538,15.5956,12.7));
#2522 = DIRECTION('',(0.866025403784,-0.5,0.));
#2523 = DIRECTION('',(0.5,0.866025403784,0.));
#2524 = ADVANCED_FACE('',(#2525),#2531,.F.);
#2525 = FACE_BOUND('',#2526,.T.);
#2526 = EDGE_LOOP('',(#2527,#2528,#2529,#2530));
#2527 = ORIENTED_EDGE('',*,*,#782,.T.);
#2528 = ORIENTED_EDGE('',*,*,#913,.F.);
#2529 = ORIENTED_EDGE('',*,*,#1037,.T.);
#2530 = ORIENTED_EDGE('',*,*,#2500,.T.);
#2531 = PLANE('',#2532);
#2532 = AXIS2_PLACEMENT_3D('',#2533,#2534,#2535);
#2533 = CARTESIAN_POINT('',(1.473200000001,15.367,12.7));
#2534 = DIRECTION('',(-0.866025403784,-0.500000000001,0.));
#2535 = DIRECTION('',(0.500000000001,-0.866025403784,0.));
#2536 = ADVANCED_FACE('',(#2537),#2553,.F.);
#2537 = FACE_BOUND('',#2538,.T.);
#2538 = EDGE_LOOP('',(#2539,#2540,#2546,#2547));
#2539 = ORIENTED_EDGE('',*,*,#1556,.T.);
#2540 = ORIENTED_EDGE('',*,*,#2541,.F.);
#2541 = EDGE_CURVE('',#1766,#1549,#2542,.T.);
#2542 = LINE('',#2543,#2544);
#2543 = CARTESIAN_POINT('',(1.066800000001,0.762,12.7));
#2544 = VECTOR('',#2545,1.);
#2545 = DIRECTION('',(0.,0.,-1.));
#2546 = ORIENTED_EDGE('',*,*,#1765,.T.);
#2547 = ORIENTED_EDGE('',*,*,#2548,.T.);
#2548 = EDGE_CURVE('',#1022,#767,#2549,.T.);
#2549 = LINE('',#2550,#2551);
#2550 = CARTESIAN_POINT('',(1.066800000001,15.367,12.7));
#2551 = VECTOR('',#2552,1.);
#2552 = DIRECTION('',(0.,0.,-1.));
#2553 = PLANE('',#2554);
#2554 = AXIS2_PLACEMENT_3D('',#2555,#2556,#2557);
#2555 = CARTESIAN_POINT('',(1.066800000001,15.367,12.7));
#2556 = DIRECTION('',(1.,0.,0.));
#2557 = DIRECTION('',(0.,0.,-1.));
#2558 = ADVANCED_FACE('',(#2559),#2570,.F.);
#2559 = FACE_BOUND('',#2560,.T.);
#2560 = EDGE_LOOP('',(#2561,#2562,#2568,#2569));
#2561 = ORIENTED_EDGE('',*,*,#1548,.T.);
#2562 = ORIENTED_EDGE('',*,*,#2563,.F.);
#2563 = EDGE_CURVE('',#1774,#1541,#2564,.T.);
#2564 = LINE('',#2565,#2566);
#2565 = CARTESIAN_POINT('',(0.2032,0.762,12.7));
#2566 = VECTOR('',#2567,1.);
#2567 = DIRECTION('',(0.,0.,-1.));
#2568 = ORIENTED_EDGE('',*,*,#1773,.T.);
#2569 = ORIENTED_EDGE('',*,*,#2541,.T.);
#2570 = PLANE('',#2571);
#2571 = AXIS2_PLACEMENT_3D('',#2572,#2573,#2574);
#2572 = CARTESIAN_POINT('',(1.066800000001,0.762,12.7));
#2573 = DIRECTION('',(7.532669100173E-16,-1.,0.));
#2574 = DIRECTION('',(1.,7.532669100173E-16,0.));
#2575 = ADVANCED_FACE('',(#2576),#2587,.F.);
#2576 = FACE_BOUND('',#2577,.T.);
#2577 = EDGE_LOOP('',(#2578,#2579,#2585,#2586));
#2578 = ORIENTED_EDGE('',*,*,#1540,.T.);
#2579 = ORIENTED_EDGE('',*,*,#2580,.F.);
#2580 = EDGE_CURVE('',#999,#743,#2581,.T.);
#2581 = LINE('',#2582,#2583);
#2582 = CARTESIAN_POINT('',(0.2032,15.367,12.7));
#2583 = VECTOR('',#2584,1.);
#2584 = DIRECTION('',(0.,0.,-1.));
#2585 = ORIENTED_EDGE('',*,*,#1781,.T.);
#2586 = ORIENTED_EDGE('',*,*,#2563,.T.);
#2587 = PLANE('',#2588);
#2588 = AXIS2_PLACEMENT_3D('',#2589,#2590,#2591);
#2589 = CARTESIAN_POINT('',(0.2032,0.762,12.7));
#2590 = DIRECTION('',(-1.,0.,0.));
#2591 = DIRECTION('',(0.,0.,1.));
#2592 = ADVANCED_FACE('',(#2593),#2599,.F.);
#2593 = FACE_BOUND('',#2594,.T.);
#2594 = EDGE_LOOP('',(#2595,#2596,#2597,#2598));
#2595 = ORIENTED_EDGE('',*,*,#764,.T.);
#2596 = ORIENTED_EDGE('',*,*,#2548,.F.);
#2597 = ORIENTED_EDGE('',*,*,#1021,.T.);
#2598 = ORIENTED_EDGE('',*,*,#897,.T.);
#2599 = PLANE('',#2600);
#2600 = AXIS2_PLACEMENT_3D('',#2601,#2602,#2603);
#2601 = CARTESIAN_POINT('',(1.198782271537,15.5956,12.7));
#2602 = DIRECTION('',(0.866025403784,-0.5,0.));
#2603 = DIRECTION('',(0.5,0.866025403784,0.));
#2604 = ADVANCED_FACE('',(#2605),#2611,.F.);
#2605 = FACE_BOUND('',#2606,.T.);
#2606 = EDGE_LOOP('',(#2607,#2608,#2609,#2610));
#2607 = ORIENTED_EDGE('',*,*,#742,.T.);
#2608 = ORIENTED_EDGE('',*,*,#882,.F.);
#2609 = ORIENTED_EDGE('',*,*,#1006,.T.);
#2610 = ORIENTED_EDGE('',*,*,#2580,.T.);
#2611 = PLANE('',#2612);
#2612 = AXIS2_PLACEMENT_3D('',#2613,#2614,#2615);
#2613 = CARTESIAN_POINT('',(0.2032,15.367,12.7));
#2614 = DIRECTION('',(-0.866025403784,-0.500000000001,0.));
#2615 = DIRECTION('',(0.500000000001,-0.866025403784,0.));
#2616 = ADVANCED_FACE('',(#2617),#2633,.F.);
#2617 = FACE_BOUND('',#2618,.T.);
#2618 = EDGE_LOOP('',(#2619,#2620,#2626,#2627));
#2619 = ORIENTED_EDGE('',*,*,#1533,.T.);
#2620 = ORIENTED_EDGE('',*,*,#2621,.F.);
#2621 = EDGE_CURVE('',#1789,#1526,#2622,.T.);
#2622 = LINE('',#2623,#2624);
#2623 = CARTESIAN_POINT('',(-0.2032,0.762,12.7));
#2624 = VECTOR('',#2625,1.);
#2625 = DIRECTION('',(0.,0.,-1.));
#2626 = ORIENTED_EDGE('',*,*,#1788,.T.);
#2627 = ORIENTED_EDGE('',*,*,#2628,.T.);
#2628 = EDGE_CURVE('',#991,#727,#2629,.T.);
#2629 = LINE('',#2630,#2631);
#2630 = CARTESIAN_POINT('',(-0.2032,15.367,12.7));
#2631 = VECTOR('',#2632,1.);
#2632 = DIRECTION('',(0.,0.,-1.));
#2633 = PLANE('',#2634);
#2634 = AXIS2_PLACEMENT_3D('',#2635,#2636,#2637);
#2635 = CARTESIAN_POINT('',(-0.2032,15.367,12.7));
#2636 = DIRECTION('',(1.,0.,0.));
#2637 = DIRECTION('',(0.,0.,-1.));
#2638 = ADVANCED_FACE('',(#2639),#2650,.F.);
#2639 = FACE_BOUND('',#2640,.T.);
#2640 = EDGE_LOOP('',(#2641,#2642,#2648,#2649));
#2641 = ORIENTED_EDGE('',*,*,#1525,.T.);
#2642 = ORIENTED_EDGE('',*,*,#2643,.F.);
#2643 = EDGE_CURVE('',#1797,#1518,#2644,.T.);
#2644 = LINE('',#2645,#2646);
#2645 = CARTESIAN_POINT('',(-1.066800000001,0.762,12.7));
#2646 = VECTOR('',#2647,1.);
#2647 = DIRECTION('',(0.,0.,-1.));
#2648 = ORIENTED_EDGE('',*,*,#1796,.T.);
#2649 = ORIENTED_EDGE('',*,*,#2621,.T.);
#2650 = PLANE('',#2651);
#2651 = AXIS2_PLACEMENT_3D('',#2652,#2653,#2654);
#2652 = CARTESIAN_POINT('',(-0.2032,0.762,12.7));
#2653 = DIRECTION('',(7.532669100173E-16,-1.,0.));
#2654 = DIRECTION('',(1.,7.532669100173E-16,0.));
#2655 = ADVANCED_FACE('',(#2656),#2667,.F.);
#2656 = FACE_BOUND('',#2657,.T.);
#2657 = EDGE_LOOP('',(#2658,#2659,#2665,#2666));
#2658 = ORIENTED_EDGE('',*,*,#1517,.T.);
#2659 = ORIENTED_EDGE('',*,*,#2660,.F.);
#2660 = EDGE_CURVE('',#968,#703,#2661,.T.);
#2661 = LINE('',#2662,#2663);
#2662 = CARTESIAN_POINT('',(-1.066800000001,15.367,12.7));
#2663 = VECTOR('',#2664,1.);
#2664 = DIRECTION('',(0.,0.,-1.));
#2665 = ORIENTED_EDGE('',*,*,#1804,.T.);
#2666 = ORIENTED_EDGE('',*,*,#2643,.T.);
#2667 = PLANE('',#2668);
#2668 = AXIS2_PLACEMENT_3D('',#2669,#2670,#2671);
#2669 = CARTESIAN_POINT('',(-1.066800000001,0.762,12.7));
#2670 = DIRECTION('',(-1.,0.,0.));
#2671 = DIRECTION('',(0.,0.,1.));
#2672 = ADVANCED_FACE('',(#2673),#2679,.F.);
#2673 = FACE_BOUND('',#2674,.T.);
#2674 = EDGE_LOOP('',(#2675,#2676,#2677,#2678));
#2675 = ORIENTED_EDGE('',*,*,#724,.T.);
#2676 = ORIENTED_EDGE('',*,*,#2628,.F.);
#2677 = ORIENTED_EDGE('',*,*,#990,.T.);
#2678 = ORIENTED_EDGE('',*,*,#866,.T.);
#2679 = PLANE('',#2680);
#2680 = AXIS2_PLACEMENT_3D('',#2681,#2682,#2683);
#2681 = CARTESIAN_POINT('',(-7.121772846342E-02,15.5956,12.7));
#2682 = DIRECTION('',(0.866025403784,-0.5,0.));
#2683 = DIRECTION('',(0.5,0.866025403784,0.));
#2684 = ADVANCED_FACE('',(#2685),#2691,.F.);
#2685 = FACE_BOUND('',#2686,.T.);
#2686 = EDGE_LOOP('',(#2687,#2688,#2689,#2690));
#2687 = ORIENTED_EDGE('',*,*,#702,.T.);
#2688 = ORIENTED_EDGE('',*,*,#851,.F.);
#2689 = ORIENTED_EDGE('',*,*,#975,.T.);
#2690 = ORIENTED_EDGE('',*,*,#2660,.T.);
#2691 = PLANE('',#2692);
#2692 = AXIS2_PLACEMENT_3D('',#2693,#2694,#2695);
#2693 = CARTESIAN_POINT('',(-1.066800000001,15.367,12.7));
#2694 = DIRECTION('',(-0.866025403784,-0.500000000001,0.));
#2695 = DIRECTION('',(0.500000000001,-0.866025403784,0.));
#2696 = ADVANCED_FACE('',(#2697),#2713,.F.);
#2697 = FACE_BOUND('',#2698,.T.);
#2698 = EDGE_LOOP('',(#2699,#2700,#2706,#2707));
#2699 = ORIENTED_EDGE('',*,*,#1494,.T.);
#2700 = ORIENTED_EDGE('',*,*,#2701,.F.);
#2701 = EDGE_CURVE('',#937,#663,#2702,.T.);
#2702 = LINE('',#2703,#2704);
#2703 = CARTESIAN_POINT('',(-2.3368,15.366999999998,12.7));
#2704 = VECTOR('',#2705,1.);
#2705 = DIRECTION('',(0.,0.,-1.));
#2706 = ORIENTED_EDGE('',*,*,#1710,.T.);
#2707 = ORIENTED_EDGE('',*,*,#2708,.T.);
#2708 = EDGE_CURVE('',#1711,#1495,#2709,.T.);
#2709 = LINE('',#2710,#2711);
#2710 = CARTESIAN_POINT('',(-2.336800000001,0.762,12.7));
#2711 = VECTOR('',#2712,1.);
#2712 = DIRECTION('',(0.,0.,-1.));
#2713 = PLANE('',#2714);
#2714 = AXIS2_PLACEMENT_3D('',#2715,#2716,#2717);
#2715 = CARTESIAN_POINT('',(-2.336800000001,0.762,12.7));
#2716 = DIRECTION('',(-1.,8.688464379851E-14,0.));
#2717 = DIRECTION('',(-8.688464379851E-14,-1.,0.));
#2718 = ADVANCED_FACE('',(#2719),#2730,.F.);
#2719 = FACE_BOUND('',#2720,.T.);
#2720 = EDGE_LOOP('',(#2721,#2722,#2723,#2724));
#2721 = ORIENTED_EDGE('',*,*,#1502,.T.);
#2722 = ORIENTED_EDGE('',*,*,#2708,.F.);
#2723 = ORIENTED_EDGE('',*,*,#1819,.T.);
#2724 = ORIENTED_EDGE('',*,*,#2725,.T.);
#2725 = EDGE_CURVE('',#1812,#1503,#2726,.T.);
#2726 = LINE('',#2727,#2728);
#2727 = CARTESIAN_POINT('',(-1.473200000001,0.762,12.7));
#2728 = VECTOR('',#2729,1.);
#2729 = DIRECTION('',(0.,0.,-1.));
#2730 = PLANE('',#2731);
#2731 = AXIS2_PLACEMENT_3D('',#2732,#2733,#2734);
#2732 = CARTESIAN_POINT('',(-1.473200000001,0.762,12.7));
#2733 = DIRECTION('',(7.532669100173E-16,-1.,0.));
#2734 = DIRECTION('',(1.,7.532669100173E-16,0.));
#2735 = ADVANCED_FACE('',(#2736),#2747,.F.);
#2736 = FACE_BOUND('',#2737,.T.);
#2737 = EDGE_LOOP('',(#2738,#2739,#2740,#2741));
#2738 = ORIENTED_EDGE('',*,*,#1510,.T.);
#2739 = ORIENTED_EDGE('',*,*,#2725,.F.);
#2740 = ORIENTED_EDGE('',*,*,#1811,.T.);
#2741 = ORIENTED_EDGE('',*,*,#2742,.T.);
#2742 = EDGE_CURVE('',#960,#687,#2743,.T.);
#2743 = LINE('',#2744,#2745);
#2744 = CARTESIAN_POINT('',(-1.473200000001,15.367,12.7));
#2745 = VECTOR('',#2746,1.);
#2746 = DIRECTION('',(0.,0.,-1.));
#2747 = PLANE('',#2748);
#2748 = AXIS2_PLACEMENT_3D('',#2749,#2750,#2751);
#2749 = CARTESIAN_POINT('',(-1.473200000001,15.367,12.7));
#2750 = DIRECTION('',(1.,0.,0.));
#2751 = DIRECTION('',(0.,0.,-1.));
#2752 = ADVANCED_FACE('',(#2753),#2759,.F.);
#2753 = FACE_BOUND('',#2754,.T.);
#2754 = EDGE_LOOP('',(#2755,#2756,#2757,#2758));
#2755 = ORIENTED_EDGE('',*,*,#662,.T.);
#2756 = ORIENTED_EDGE('',*,*,#820,.F.);
#2757 = ORIENTED_EDGE('',*,*,#944,.T.);
#2758 = ORIENTED_EDGE('',*,*,#2701,.T.);
#2759 = PLANE('',#2760);
#2760 = AXIS2_PLACEMENT_3D('',#2761,#2762,#2763);
#2761 = CARTESIAN_POINT('',(-2.3368,15.366999999998,12.7));
#2762 = DIRECTION('',(-0.866025403785,-0.499999999999,0.));
#2763 = DIRECTION('',(0.499999999999,-0.866025403785,0.));
#2764 = ADVANCED_FACE('',(#2765),#2771,.F.);
#2765 = FACE_BOUND('',#2766,.T.);
#2766 = EDGE_LOOP('',(#2767,#2768,#2769,#2770));
#2767 = ORIENTED_EDGE('',*,*,#684,.T.);
#2768 = ORIENTED_EDGE('',*,*,#2742,.F.);
#2769 = ORIENTED_EDGE('',*,*,#959,.T.);
#2770 = ORIENTED_EDGE('',*,*,#835,.T.);
#2771 = PLANE('',#2772);
#2772 = AXIS2_PLACEMENT_3D('',#2773,#2774,#2775);
#2773 = CARTESIAN_POINT('',(-1.341217728464,15.5956,12.7));
#2774 = DIRECTION('',(0.866025403784,-0.5,0.));
#2775 = DIRECTION('',(0.5,0.866025403784,0.));
#2776 = ( GEOMETRIC_REPRESENTATION_CONTEXT(3) 
GLOBAL_UNCERTAINTY_ASSIGNED_CONTEXT((#2780)) 
GLOBAL_UNIT_ASSIGNED_CONTEXT((#2777,#2778,#2779)) REPRESENTATION_CONTEXT
('Context #1','3D Context with UNIT and UNCERTAINTY') );
#2777 = ( LENGTH_UNIT() NAMED_UNIT(*) SI_UNIT(.MILLI.,.METRE.) );
#2778 = ( NAMED_UNIT(*) PLANE_ANGLE_UNIT() SI_UNIT($,.RADIAN.) );
#2779 = ( NAMED_UNIT(*) SI_UNIT($,.STERADIAN.) SOLID_ANGLE_UNIT() );
#2780 = UNCERTAINTY_MEASURE_WITH_UNIT(LENGTH_MEASURE(1.E-07),#2777,
  'distance_accuracy_value','confusion accuracy');
#2781 = CONTEXT_DEPENDENT_SHAPE_REPRESENTATION(#2782,#2784);
#2782 = ( REPRESENTATION_RELATIONSHIP('','',#477,#10) 
REPRESENTATION_RELATIONSHIP_WITH_TRANSFORMATION(#2783) 
SHAPE_REPRESENTATION_RELATIONSHIP() );
#2783 = ITEM_DEFINED_TRANSFORMATION('','',#11,#19);
#2784 = PRODUCT_DEFINITION_SHAPE('Placement','Placement of an item',
  #2785);
#2785 = NEXT_ASSEMBLY_USAGE_OCCURRENCE('14','=>[0:1:1:2]','',#5,#472,$);
#2786 = PRODUCT_RELATED_PRODUCT_CATEGORY('part',$,(#474));
#2787 = SHAPE_DEFINITION_REPRESENTATION(#2788,#2794);
#2788 = PRODUCT_DEFINITION_SHAPE('','',#2789);
#2789 = PRODUCT_DEFINITION('design','',#2790,#2793);
#2790 = PRODUCT_DEFINITION_FORMATION('','',#2791);
#2791 = PRODUCT('FW-05-05-G-D-470-160_pins2',
  'FW-05-05-G-D-470-160_pins2','',(#2792));
#2792 = PRODUCT_CONTEXT('',#2,'mechanical');
#2793 = PRODUCT_DEFINITION_CONTEXT('part definition',#2,'design');
#2794 = ADVANCED_BREP_SHAPE_REPRESENTATION('',(#11,#2795),#4899);
#2795 = MANIFOLD_SOLID_BREP('',#2796);
#2796 = CLOSED_SHELL('',(#2797,#2837,#2877,#2917,#2957,#2988,#3019,#3050
    ,#3081,#3121,#3161,#3201,#3241,#3272,#3303,#3334,#3365,#3396,#3427,
    #3458,#3489,#3520,#3551,#3582,#3613,#3653,#3684,#3817,#3848,#3981,
    #4012,#4043,#4074,#4207,#4238,#4269,#4300,#4433,#4455,#4477,#4499,
    #4518,#4537,#4549,#4568,#4587,#4599,#4618,#4637,#4649,#4668,#4687,
    #4699,#4718,#4735,#4749,#4768,#4785,#4799,#4818,#4835,#4849,#4871,
    #4885));
#2797 = ADVANCED_FACE('',(#2798),#2832,.T.);
#2798 = FACE_BOUND('',#2799,.T.);
#2799 = EDGE_LOOP('',(#2800,#2810,#2818,#2826));
#2800 = ORIENTED_EDGE('',*,*,#2801,.F.);
#2801 = EDGE_CURVE('',#2802,#2804,#2806,.T.);
#2802 = VERTEX_POINT('',#2803);
#2803 = CARTESIAN_POINT('',(2.336800000001,-0.4064,2.921));
#2804 = VERTEX_POINT('',#2805);
#2805 = CARTESIAN_POINT('',(2.336800000001,0.,2.921));
#2806 = LINE('',#2807,#2808);
#2807 = CARTESIAN_POINT('',(2.336800000001,5.341122281298E-13,2.921));
#2808 = VECTOR('',#2809,1.);
#2809 = DIRECTION('',(-1.051402023877E-13,1.,0.));
#2810 = ORIENTED_EDGE('',*,*,#2811,.T.);
#2811 = EDGE_CURVE('',#2802,#2812,#2814,.T.);
#2812 = VERTEX_POINT('',#2813);
#2813 = CARTESIAN_POINT('',(2.7432,-0.4064,2.921));
#2814 = LINE('',#2815,#2816);
#2815 = CARTESIAN_POINT('',(-2.7432,-0.4064,2.921));
#2816 = VECTOR('',#2817,1.);
#2817 = DIRECTION('',(1.,0.,0.));
#2818 = ORIENTED_EDGE('',*,*,#2819,.F.);
#2819 = EDGE_CURVE('',#2820,#2812,#2822,.T.);
#2820 = VERTEX_POINT('',#2821);
#2821 = CARTESIAN_POINT('',(2.7432,0.,2.921));
#2822 = LINE('',#2823,#2824);
#2823 = CARTESIAN_POINT('',(2.7432,0.,2.921));
#2824 = VECTOR('',#2825,1.);
#2825 = DIRECTION('',(0.,-1.,0.));
#2826 = ORIENTED_EDGE('',*,*,#2827,.F.);
#2827 = EDGE_CURVE('',#2804,#2820,#2828,.T.);
#2828 = LINE('',#2829,#2830);
#2829 = CARTESIAN_POINT('',(-2.7432,0.,2.921));
#2830 = VECTOR('',#2831,1.);
#2831 = DIRECTION('',(1.,0.,0.));
#2832 = PLANE('',#2833);
#2833 = AXIS2_PLACEMENT_3D('',#2834,#2835,#2836);
#2834 = CARTESIAN_POINT('',(-2.7432,0.,2.921));
#2835 = DIRECTION('',(0.,0.,1.));
#2836 = DIRECTION('',(1.,0.,-0.));
#2837 = ADVANCED_FACE('',(#2838),#2872,.T.);
#2838 = FACE_BOUND('',#2839,.T.);
#2839 = EDGE_LOOP('',(#2840,#2850,#2858,#2866));
#2840 = ORIENTED_EDGE('',*,*,#2841,.F.);
#2841 = EDGE_CURVE('',#2842,#2844,#2846,.T.);
#2842 = VERTEX_POINT('',#2843);
#2843 = CARTESIAN_POINT('',(1.4732,0.,2.921));
#2844 = VERTEX_POINT('',#2845);
#2845 = CARTESIAN_POINT('',(1.4732,-0.4064,2.921));
#2846 = LINE('',#2847,#2848);
#2847 = CARTESIAN_POINT('',(1.4732,-4.444498497307E-13,2.921));
#2848 = VECTOR('',#2849,1.);
#2849 = DIRECTION('',(-1.054097926503E-13,-1.,0.));
#2850 = ORIENTED_EDGE('',*,*,#2851,.F.);
#2851 = EDGE_CURVE('',#2852,#2842,#2854,.T.);
#2852 = VERTEX_POINT('',#2853);
#2853 = CARTESIAN_POINT('',(1.066800000001,0.,2.921));
#2854 = LINE('',#2855,#2856);
#2855 = CARTESIAN_POINT('',(-2.7432,0.,2.921));
#2856 = VECTOR('',#2857,1.);
#2857 = DIRECTION('',(1.,0.,0.));
#2858 = ORIENTED_EDGE('',*,*,#2859,.F.);
#2859 = EDGE_CURVE('',#2860,#2852,#2862,.T.);
#2860 = VERTEX_POINT('',#2861);
#2861 = CARTESIAN_POINT('',(1.066800000001,-0.4064,2.921));
#2862 = LINE('',#2863,#2864);
#2863 = CARTESIAN_POINT('',(1.066800000001,4.009265507308E-13,2.921));
#2864 = VECTOR('',#2865,1.);
#2865 = DIRECTION('',(-1.052300658086E-13,1.,0.));
#2866 = ORIENTED_EDGE('',*,*,#2867,.T.);
#2867 = EDGE_CURVE('',#2860,#2844,#2868,.T.);
#2868 = LINE('',#2869,#2870);
#2869 = CARTESIAN_POINT('',(-2.7432,-0.4064,2.921));
#2870 = VECTOR('',#2871,1.);
#2871 = DIRECTION('',(1.,0.,0.));
#2872 = PLANE('',#2873);
#2873 = AXIS2_PLACEMENT_3D('',#2874,#2875,#2876);
#2874 = CARTESIAN_POINT('',(-2.7432,0.,2.921));
#2875 = DIRECTION('',(0.,0.,1.));
#2876 = DIRECTION('',(1.,0.,-0.));
#2877 = ADVANCED_FACE('',(#2878),#2912,.T.);
#2878 = FACE_BOUND('',#2879,.T.);
#2879 = EDGE_LOOP('',(#2880,#2890,#2898,#2906));
#2880 = ORIENTED_EDGE('',*,*,#2881,.F.);
#2881 = EDGE_CURVE('',#2882,#2884,#2886,.T.);
#2882 = VERTEX_POINT('',#2883);
#2883 = CARTESIAN_POINT('',(0.2032,0.,2.921));
#2884 = VERTEX_POINT('',#2885);
#2885 = CARTESIAN_POINT('',(0.2032,-0.4064,2.921));
#2886 = LINE('',#2887,#2888);
#2887 = CARTESIAN_POINT('',(0.2032,-3.107448965543E-13,2.921));
#2888 = VECTOR('',#2889,1.);
#2889 = DIRECTION('',(-1.054659572883E-13,-1.,0.));
#2890 = ORIENTED_EDGE('',*,*,#2891,.F.);
#2891 = EDGE_CURVE('',#2892,#2882,#2894,.T.);
#2892 = VERTEX_POINT('',#2893);
#2893 = CARTESIAN_POINT('',(-0.2032,0.,2.921));
#2894 = LINE('',#2895,#2896);
#2895 = CARTESIAN_POINT('',(-2.7432,0.,2.921));
#2896 = VECTOR('',#2897,1.);
#2897 = DIRECTION('',(1.,0.,0.));
#2898 = ORIENTED_EDGE('',*,*,#2899,.F.);
#2899 = EDGE_CURVE('',#2900,#2892,#2902,.T.);
#2900 = VERTEX_POINT('',#2901);
#2901 = CARTESIAN_POINT('',(-0.2032,-0.4064,2.921));
#2902 = LINE('',#2903,#2904);
#2903 = CARTESIAN_POINT('',(-0.2032,2.671417089732E-13,2.921));
#2904 = VECTOR('',#2905,1.);
#2905 = DIRECTION('',(-1.051739011706E-13,1.,0.));
#2906 = ORIENTED_EDGE('',*,*,#2907,.T.);
#2907 = EDGE_CURVE('',#2900,#2884,#2908,.T.);
#2908 = LINE('',#2909,#2910);
#2909 = CARTESIAN_POINT('',(-2.7432,-0.4064,2.921));
#2910 = VECTOR('',#2911,1.);
#2911 = DIRECTION('',(1.,0.,0.));
#2912 = PLANE('',#2913);
#2913 = AXIS2_PLACEMENT_3D('',#2914,#2915,#2916);
#2914 = CARTESIAN_POINT('',(-2.7432,0.,2.921));
#2915 = DIRECTION('',(0.,0.,1.));
#2916 = DIRECTION('',(1.,0.,-0.));
#2917 = ADVANCED_FACE('',(#2918),#2952,.T.);
#2918 = FACE_BOUND('',#2919,.T.);
#2919 = EDGE_LOOP('',(#2920,#2930,#2938,#2946));
#2920 = ORIENTED_EDGE('',*,*,#2921,.F.);
#2921 = EDGE_CURVE('',#2922,#2924,#2926,.T.);
#2922 = VERTEX_POINT('',#2923);
#2923 = CARTESIAN_POINT('',(-1.066800000001,0.,2.921));
#2924 = VERTEX_POINT('',#2925);
#2925 = CARTESIAN_POINT('',(-1.066800000001,-0.4064,2.921));
#2926 = LINE('',#2927,#2928);
#2927 = CARTESIAN_POINT('',(-1.066800000001,-1.768596234376E-13,2.921));
#2928 = VECTOR('',#2929,1.);
#2929 = DIRECTION('',(-1.054996560711E-13,-1.,0.));
#2930 = ORIENTED_EDGE('',*,*,#2931,.F.);
#2931 = EDGE_CURVE('',#2932,#2922,#2934,.T.);
#2932 = VERTEX_POINT('',#2933);
#2933 = CARTESIAN_POINT('',(-1.4732,0.,2.921));
#2934 = LINE('',#2935,#2936);
#2935 = CARTESIAN_POINT('',(-2.7432,0.,2.921));
#2936 = VECTOR('',#2937,1.);
#2937 = DIRECTION('',(1.,0.,0.));
#2938 = ORIENTED_EDGE('',*,*,#2939,.F.);
#2939 = EDGE_CURVE('',#2940,#2932,#2942,.T.);
#2940 = VERTEX_POINT('',#2941);
#2941 = CARTESIAN_POINT('',(-1.4732,-0.4064,2.921));
#2942 = LINE('',#2943,#2944);
#2943 = CARTESIAN_POINT('',(-1.4732,1.335280570324E-13,2.921));
#2944 = VECTOR('',#2945,1.);
#2945 = DIRECTION('',(-1.051402023877E-13,1.,0.));
#2946 = ORIENTED_EDGE('',*,*,#2947,.T.);
#2947 = EDGE_CURVE('',#2940,#2924,#2948,.T.);
#2948 = LINE('',#2949,#2950);
#2949 = CARTESIAN_POINT('',(-2.7432,-0.4064,2.921));
#2950 = VECTOR('',#2951,1.);
#2951 = DIRECTION('',(1.,0.,0.));
#2952 = PLANE('',#2953);
#2953 = AXIS2_PLACEMENT_3D('',#2954,#2955,#2956);
#2954 = CARTESIAN_POINT('',(-2.7432,0.,2.921));
#2955 = DIRECTION('',(0.,0.,1.));
#2956 = DIRECTION('',(1.,0.,-0.));
#2957 = ADVANCED_FACE('',(#2958),#2983,.T.);
#2958 = FACE_BOUND('',#2959,.T.);
#2959 = EDGE_LOOP('',(#2960,#2968,#2976,#2982));
#2960 = ORIENTED_EDGE('',*,*,#2961,.F.);
#2961 = EDGE_CURVE('',#2962,#2802,#2964,.T.);
#2962 = VERTEX_POINT('',#2963);
#2963 = CARTESIAN_POINT('',(2.336800000001,-0.4064,1.1938));
#2964 = LINE('',#2965,#2966);
#2965 = CARTESIAN_POINT('',(2.336800000001,-0.4064,2.921));
#2966 = VECTOR('',#2967,1.);
#2967 = DIRECTION('',(0.,0.,1.));
#2968 = ORIENTED_EDGE('',*,*,#2969,.T.);
#2969 = EDGE_CURVE('',#2962,#2970,#2972,.T.);
#2970 = VERTEX_POINT('',#2971);
#2971 = CARTESIAN_POINT('',(2.7432,-0.4064,1.1938));
#2972 = LINE('',#2973,#2974);
#2973 = CARTESIAN_POINT('',(-2.7432,-0.4064,1.1938));
#2974 = VECTOR('',#2975,1.);
#2975 = DIRECTION('',(1.,0.,0.));
#2976 = ORIENTED_EDGE('',*,*,#2977,.F.);
#2977 = EDGE_CURVE('',#2812,#2970,#2978,.T.);
#2978 = LINE('',#2979,#2980);
#2979 = CARTESIAN_POINT('',(2.7432,-0.4064,2.921));
#2980 = VECTOR('',#2981,1.);
#2981 = DIRECTION('',(0.,0.,-1.));
#2982 = ORIENTED_EDGE('',*,*,#2811,.F.);
#2983 = PLANE('',#2984);
#2984 = AXIS2_PLACEMENT_3D('',#2985,#2986,#2987);
#2985 = CARTESIAN_POINT('',(-2.7432,-0.4064,2.921));
#2986 = DIRECTION('',(0.,-1.,0.));
#2987 = DIRECTION('',(0.,0.,-1.));
#2988 = ADVANCED_FACE('',(#2989),#3014,.T.);
#2989 = FACE_BOUND('',#2990,.T.);
#2990 = EDGE_LOOP('',(#2991,#2999,#3000,#3008));
#2991 = ORIENTED_EDGE('',*,*,#2992,.F.);
#2992 = EDGE_CURVE('',#2844,#2993,#2995,.T.);
#2993 = VERTEX_POINT('',#2994);
#2994 = CARTESIAN_POINT('',(1.4732,-0.4064,1.1938));
#2995 = LINE('',#2996,#2997);
#2996 = CARTESIAN_POINT('',(1.4732,-0.4064,2.921));
#2997 = VECTOR('',#2998,1.);
#2998 = DIRECTION('',(0.,0.,-1.));
#2999 = ORIENTED_EDGE('',*,*,#2867,.F.);
#3000 = ORIENTED_EDGE('',*,*,#3001,.F.);
#3001 = EDGE_CURVE('',#3002,#2860,#3004,.T.);
#3002 = VERTEX_POINT('',#3003);
#3003 = CARTESIAN_POINT('',(1.066800000001,-0.4064,1.1938));
#3004 = LINE('',#3005,#3006);
#3005 = CARTESIAN_POINT('',(1.066800000001,-0.4064,2.921));
#3006 = VECTOR('',#3007,1.);
#3007 = DIRECTION('',(0.,0.,1.));
#3008 = ORIENTED_EDGE('',*,*,#3009,.T.);
#3009 = EDGE_CURVE('',#3002,#2993,#3010,.T.);
#3010 = LINE('',#3011,#3012);
#3011 = CARTESIAN_POINT('',(-2.7432,-0.4064,1.1938));
#3012 = VECTOR('',#3013,1.);
#3013 = DIRECTION('',(1.,0.,0.));
#3014 = PLANE('',#3015);
#3015 = AXIS2_PLACEMENT_3D('',#3016,#3017,#3018);
#3016 = CARTESIAN_POINT('',(-2.7432,-0.4064,2.921));
#3017 = DIRECTION('',(0.,-1.,0.));
#3018 = DIRECTION('',(0.,0.,-1.));
#3019 = ADVANCED_FACE('',(#3020),#3045,.T.);
#3020 = FACE_BOUND('',#3021,.T.);
#3021 = EDGE_LOOP('',(#3022,#3030,#3031,#3039));
#3022 = ORIENTED_EDGE('',*,*,#3023,.F.);
#3023 = EDGE_CURVE('',#2884,#3024,#3026,.T.);
#3024 = VERTEX_POINT('',#3025);
#3025 = CARTESIAN_POINT('',(0.2032,-0.4064,1.1938));
#3026 = LINE('',#3027,#3028);
#3027 = CARTESIAN_POINT('',(0.2032,-0.4064,2.921));
#3028 = VECTOR('',#3029,1.);
#3029 = DIRECTION('',(0.,0.,-1.));
#3030 = ORIENTED_EDGE('',*,*,#2907,.F.);
#3031 = ORIENTED_EDGE('',*,*,#3032,.F.);
#3032 = EDGE_CURVE('',#3033,#2900,#3035,.T.);
#3033 = VERTEX_POINT('',#3034);
#3034 = CARTESIAN_POINT('',(-0.2032,-0.4064,1.1938));
#3035 = LINE('',#3036,#3037);
#3036 = CARTESIAN_POINT('',(-0.2032,-0.4064,2.921));
#3037 = VECTOR('',#3038,1.);
#3038 = DIRECTION('',(0.,0.,1.));
#3039 = ORIENTED_EDGE('',*,*,#3040,.T.);
#3040 = EDGE_CURVE('',#3033,#3024,#3041,.T.);
#3041 = LINE('',#3042,#3043);
#3042 = CARTESIAN_POINT('',(-2.7432,-0.4064,1.1938));
#3043 = VECTOR('',#3044,1.);
#3044 = DIRECTION('',(1.,0.,0.));
#3045 = PLANE('',#3046);
#3046 = AXIS2_PLACEMENT_3D('',#3047,#3048,#3049);
#3047 = CARTESIAN_POINT('',(-2.7432,-0.4064,2.921));
#3048 = DIRECTION('',(0.,-1.,0.));
#3049 = DIRECTION('',(0.,0.,-1.));
#3050 = ADVANCED_FACE('',(#3051),#3076,.T.);
#3051 = FACE_BOUND('',#3052,.T.);
#3052 = EDGE_LOOP('',(#3053,#3061,#3062,#3070));
#3053 = ORIENTED_EDGE('',*,*,#3054,.F.);
#3054 = EDGE_CURVE('',#2924,#3055,#3057,.T.);
#3055 = VERTEX_POINT('',#3056);
#3056 = CARTESIAN_POINT('',(-1.066800000001,-0.4064,1.1938));
#3057 = LINE('',#3058,#3059);
#3058 = CARTESIAN_POINT('',(-1.066800000001,-0.4064,2.921));
#3059 = VECTOR('',#3060,1.);
#3060 = DIRECTION('',(0.,0.,-1.));
#3061 = ORIENTED_EDGE('',*,*,#2947,.F.);
#3062 = ORIENTED_EDGE('',*,*,#3063,.F.);
#3063 = EDGE_CURVE('',#3064,#2940,#3066,.T.);
#3064 = VERTEX_POINT('',#3065);
#3065 = CARTESIAN_POINT('',(-1.4732,-0.4064,1.1938));
#3066 = LINE('',#3067,#3068);
#3067 = CARTESIAN_POINT('',(-1.4732,-0.4064,2.921));
#3068 = VECTOR('',#3069,1.);
#3069 = DIRECTION('',(0.,0.,1.));
#3070 = ORIENTED_EDGE('',*,*,#3071,.T.);
#3071 = EDGE_CURVE('',#3064,#3055,#3072,.T.);
#3072 = LINE('',#3073,#3074);
#3073 = CARTESIAN_POINT('',(-2.7432,-0.4064,1.1938));
#3074 = VECTOR('',#3075,1.);
#3075 = DIRECTION('',(1.,0.,0.));
#3076 = PLANE('',#3077);
#3077 = AXIS2_PLACEMENT_3D('',#3078,#3079,#3080);
#3078 = CARTESIAN_POINT('',(-2.7432,-0.4064,2.921));
#3079 = DIRECTION('',(0.,-1.,0.));
#3080 = DIRECTION('',(0.,0.,-1.));
#3081 = ADVANCED_FACE('',(#3082),#3116,.T.);
#3082 = FACE_BOUND('',#3083,.T.);
#3083 = EDGE_LOOP('',(#3084,#3094,#3102,#3110));
#3084 = ORIENTED_EDGE('',*,*,#3085,.F.);
#3085 = EDGE_CURVE('',#3086,#3088,#3090,.T.);
#3086 = VERTEX_POINT('',#3087);
#3087 = CARTESIAN_POINT('',(2.336800000001,-0.4064,-2.921));
#3088 = VERTEX_POINT('',#3089);
#3089 = CARTESIAN_POINT('',(2.336800000001,-0.4064,-1.1938));
#3090 = LINE('',#3091,#3092);
#3091 = CARTESIAN_POINT('',(2.336800000001,-0.4064,-1.1938));
#3092 = VECTOR('',#3093,1.);
#3093 = DIRECTION('',(0.,0.,1.));
#3094 = ORIENTED_EDGE('',*,*,#3095,.T.);
#3095 = EDGE_CURVE('',#3086,#3096,#3098,.T.);
#3096 = VERTEX_POINT('',#3097);
#3097 = CARTESIAN_POINT('',(2.7432,-0.4064,-2.921));
#3098 = LINE('',#3099,#3100);
#3099 = CARTESIAN_POINT('',(-2.7432,-0.4064,-2.921));
#3100 = VECTOR('',#3101,1.);
#3101 = DIRECTION('',(1.,0.,0.));
#3102 = ORIENTED_EDGE('',*,*,#3103,.F.);
#3103 = EDGE_CURVE('',#3104,#3096,#3106,.T.);
#3104 = VERTEX_POINT('',#3105);
#3105 = CARTESIAN_POINT('',(2.7432,-0.4064,-1.1938));
#3106 = LINE('',#3107,#3108);
#3107 = CARTESIAN_POINT('',(2.7432,-0.4064,-1.1938));
#3108 = VECTOR('',#3109,1.);
#3109 = DIRECTION('',(0.,0.,-1.));
#3110 = ORIENTED_EDGE('',*,*,#3111,.F.);
#3111 = EDGE_CURVE('',#3088,#3104,#3112,.T.);
#3112 = LINE('',#3113,#3114);
#3113 = CARTESIAN_POINT('',(-2.7432,-0.4064,-1.1938));
#3114 = VECTOR('',#3115,1.);
#3115 = DIRECTION('',(1.,0.,0.));
#3116 = PLANE('',#3117);
#3117 = AXIS2_PLACEMENT_3D('',#3118,#3119,#3120);
#3118 = CARTESIAN_POINT('',(-2.7432,-0.4064,-1.1938));
#3119 = DIRECTION('',(0.,-1.,0.));
#3120 = DIRECTION('',(0.,0.,-1.));
#3121 = ADVANCED_FACE('',(#3122),#3156,.T.);
#3122 = FACE_BOUND('',#3123,.T.);
#3123 = EDGE_LOOP('',(#3124,#3134,#3142,#3150));
#3124 = ORIENTED_EDGE('',*,*,#3125,.F.);
#3125 = EDGE_CURVE('',#3126,#3128,#3130,.T.);
#3126 = VERTEX_POINT('',#3127);
#3127 = CARTESIAN_POINT('',(1.4732,-0.4064,-1.1938));
#3128 = VERTEX_POINT('',#3129);
#3129 = CARTESIAN_POINT('',(1.4732,-0.4064,-2.921));
#3130 = LINE('',#3131,#3132);
#3131 = CARTESIAN_POINT('',(1.4732,-0.4064,-1.1938));
#3132 = VECTOR('',#3133,1.);
#3133 = DIRECTION('',(0.,0.,-1.));
#3134 = ORIENTED_EDGE('',*,*,#3135,.F.);
#3135 = EDGE_CURVE('',#3136,#3126,#3138,.T.);
#3136 = VERTEX_POINT('',#3137);
#3137 = CARTESIAN_POINT('',(1.066800000001,-0.4064,-1.1938));
#3138 = LINE('',#3139,#3140);
#3139 = CARTESIAN_POINT('',(-2.7432,-0.4064,-1.1938));
#3140 = VECTOR('',#3141,1.);
#3141 = DIRECTION('',(1.,0.,0.));
#3142 = ORIENTED_EDGE('',*,*,#3143,.F.);
#3143 = EDGE_CURVE('',#3144,#3136,#3146,.T.);
#3144 = VERTEX_POINT('',#3145);
#3145 = CARTESIAN_POINT('',(1.066800000001,-0.4064,-2.921));
#3146 = LINE('',#3147,#3148);
#3147 = CARTESIAN_POINT('',(1.066800000001,-0.4064,-1.1938));
#3148 = VECTOR('',#3149,1.);
#3149 = DIRECTION('',(0.,0.,1.));
#3150 = ORIENTED_EDGE('',*,*,#3151,.T.);
#3151 = EDGE_CURVE('',#3144,#3128,#3152,.T.);
#3152 = LINE('',#3153,#3154);
#3153 = CARTESIAN_POINT('',(-2.7432,-0.4064,-2.921));
#3154 = VECTOR('',#3155,1.);
#3155 = DIRECTION('',(1.,0.,0.));
#3156 = PLANE('',#3157);
#3157 = AXIS2_PLACEMENT_3D('',#3158,#3159,#3160);
#3158 = CARTESIAN_POINT('',(-2.7432,-0.4064,-1.1938));
#3159 = DIRECTION('',(0.,-1.,0.));
#3160 = DIRECTION('',(0.,0.,-1.));
#3161 = ADVANCED_FACE('',(#3162),#3196,.T.);
#3162 = FACE_BOUND('',#3163,.T.);
#3163 = EDGE_LOOP('',(#3164,#3174,#3182,#3190));
#3164 = ORIENTED_EDGE('',*,*,#3165,.F.);
#3165 = EDGE_CURVE('',#3166,#3168,#3170,.T.);
#3166 = VERTEX_POINT('',#3167);
#3167 = CARTESIAN_POINT('',(0.2032,-0.4064,-1.1938));
#3168 = VERTEX_POINT('',#3169);
#3169 = CARTESIAN_POINT('',(0.2032,-0.4064,-2.921));
#3170 = LINE('',#3171,#3172);
#3171 = CARTESIAN_POINT('',(0.2032,-0.4064,-1.1938));
#3172 = VECTOR('',#3173,1.);
#3173 = DIRECTION('',(0.,0.,-1.));
#3174 = ORIENTED_EDGE('',*,*,#3175,.F.);
#3175 = EDGE_CURVE('',#3176,#3166,#3178,.T.);
#3176 = VERTEX_POINT('',#3177);
#3177 = CARTESIAN_POINT('',(-0.2032,-0.4064,-1.1938));
#3178 = LINE('',#3179,#3180);
#3179 = CARTESIAN_POINT('',(-2.7432,-0.4064,-1.1938));
#3180 = VECTOR('',#3181,1.);
#3181 = DIRECTION('',(1.,0.,0.));
#3182 = ORIENTED_EDGE('',*,*,#3183,.F.);
#3183 = EDGE_CURVE('',#3184,#3176,#3186,.T.);
#3184 = VERTEX_POINT('',#3185);
#3185 = CARTESIAN_POINT('',(-0.2032,-0.4064,-2.921));
#3186 = LINE('',#3187,#3188);
#3187 = CARTESIAN_POINT('',(-0.2032,-0.4064,-1.1938));
#3188 = VECTOR('',#3189,1.);
#3189 = DIRECTION('',(0.,0.,1.));
#3190 = ORIENTED_EDGE('',*,*,#3191,.T.);
#3191 = EDGE_CURVE('',#3184,#3168,#3192,.T.);
#3192 = LINE('',#3193,#3194);
#3193 = CARTESIAN_POINT('',(-2.7432,-0.4064,-2.921));
#3194 = VECTOR('',#3195,1.);
#3195 = DIRECTION('',(1.,0.,0.));
#3196 = PLANE('',#3197);
#3197 = AXIS2_PLACEMENT_3D('',#3198,#3199,#3200);
#3198 = CARTESIAN_POINT('',(-2.7432,-0.4064,-1.1938));
#3199 = DIRECTION('',(0.,-1.,0.));
#3200 = DIRECTION('',(0.,0.,-1.));
#3201 = ADVANCED_FACE('',(#3202),#3236,.T.);
#3202 = FACE_BOUND('',#3203,.T.);
#3203 = EDGE_LOOP('',(#3204,#3214,#3222,#3230));
#3204 = ORIENTED_EDGE('',*,*,#3205,.F.);
#3205 = EDGE_CURVE('',#3206,#3208,#3210,.T.);
#3206 = VERTEX_POINT('',#3207);
#3207 = CARTESIAN_POINT('',(-1.066800000001,-0.4064,-1.1938));
#3208 = VERTEX_POINT('',#3209);
#3209 = CARTESIAN_POINT('',(-1.066800000001,-0.4064,-2.921));
#3210 = LINE('',#3211,#3212);
#3211 = CARTESIAN_POINT('',(-1.066800000001,-0.4064,-1.1938));
#3212 = VECTOR('',#3213,1.);
#3213 = DIRECTION('',(0.,0.,-1.));
#3214 = ORIENTED_EDGE('',*,*,#3215,.F.);
#3215 = EDGE_CURVE('',#3216,#3206,#3218,.T.);
#3216 = VERTEX_POINT('',#3217);
#3217 = CARTESIAN_POINT('',(-1.4732,-0.4064,-1.1938));
#3218 = LINE('',#3219,#3220);
#3219 = CARTESIAN_POINT('',(-2.7432,-0.4064,-1.1938));
#3220 = VECTOR('',#3221,1.);
#3221 = DIRECTION('',(1.,0.,0.));
#3222 = ORIENTED_EDGE('',*,*,#3223,.F.);
#3223 = EDGE_CURVE('',#3224,#3216,#3226,.T.);
#3224 = VERTEX_POINT('',#3225);
#3225 = CARTESIAN_POINT('',(-1.4732,-0.4064,-2.921));
#3226 = LINE('',#3227,#3228);
#3227 = CARTESIAN_POINT('',(-1.4732,-0.4064,-1.1938));
#3228 = VECTOR('',#3229,1.);
#3229 = DIRECTION('',(0.,0.,1.));
#3230 = ORIENTED_EDGE('',*,*,#3231,.T.);
#3231 = EDGE_CURVE('',#3224,#3208,#3232,.T.);
#3232 = LINE('',#3233,#3234);
#3233 = CARTESIAN_POINT('',(-2.7432,-0.4064,-2.921));
#3234 = VECTOR('',#3235,1.);
#3235 = DIRECTION('',(1.,0.,0.));
#3236 = PLANE('',#3237);
#3237 = AXIS2_PLACEMENT_3D('',#3238,#3239,#3240);
#3238 = CARTESIAN_POINT('',(-2.7432,-0.4064,-1.1938));
#3239 = DIRECTION('',(0.,-1.,0.));
#3240 = DIRECTION('',(0.,0.,-1.));
#3241 = ADVANCED_FACE('',(#3242),#3267,.T.);
#3242 = FACE_BOUND('',#3243,.T.);
#3243 = EDGE_LOOP('',(#3244,#3252,#3260,#3266));
#3244 = ORIENTED_EDGE('',*,*,#3245,.F.);
#3245 = EDGE_CURVE('',#3246,#3086,#3248,.T.);
#3246 = VERTEX_POINT('',#3247);
#3247 = CARTESIAN_POINT('',(2.336800000001,0.,-2.921));
#3248 = LINE('',#3249,#3250);
#3249 = CARTESIAN_POINT('',(2.336800000001,-0.406399999999,-2.921));
#3250 = VECTOR('',#3251,1.);
#3251 = DIRECTION('',(1.051402023877E-13,-1.,0.));
#3252 = ORIENTED_EDGE('',*,*,#3253,.T.);
#3253 = EDGE_CURVE('',#3246,#3254,#3256,.T.);
#3254 = VERTEX_POINT('',#3255);
#3255 = CARTESIAN_POINT('',(2.7432,0.,-2.921));
#3256 = LINE('',#3257,#3258);
#3257 = CARTESIAN_POINT('',(-2.7432,0.,-2.921));
#3258 = VECTOR('',#3259,1.);
#3259 = DIRECTION('',(1.,0.,0.));
#3260 = ORIENTED_EDGE('',*,*,#3261,.F.);
#3261 = EDGE_CURVE('',#3096,#3254,#3262,.T.);
#3262 = LINE('',#3263,#3264);
#3263 = CARTESIAN_POINT('',(2.7432,-0.4064,-2.921));
#3264 = VECTOR('',#3265,1.);
#3265 = DIRECTION('',(0.,1.,0.));
#3266 = ORIENTED_EDGE('',*,*,#3095,.F.);
#3267 = PLANE('',#3268);
#3268 = AXIS2_PLACEMENT_3D('',#3269,#3270,#3271);
#3269 = CARTESIAN_POINT('',(-2.7432,-0.4064,-2.921));
#3270 = DIRECTION('',(0.,0.,-1.));
#3271 = DIRECTION('',(-1.,0.,0.));
#3272 = ADVANCED_FACE('',(#3273),#3298,.T.);
#3273 = FACE_BOUND('',#3274,.T.);
#3274 = EDGE_LOOP('',(#3275,#3283,#3284,#3292));
#3275 = ORIENTED_EDGE('',*,*,#3276,.F.);
#3276 = EDGE_CURVE('',#3128,#3277,#3279,.T.);
#3277 = VERTEX_POINT('',#3278);
#3278 = CARTESIAN_POINT('',(1.4732,0.,-2.921));
#3279 = LINE('',#3280,#3281);
#3280 = CARTESIAN_POINT('',(1.4732,-0.4064,-2.921));
#3281 = VECTOR('',#3282,1.);
#3282 = DIRECTION('',(1.054097926503E-13,1.,0.));
#3283 = ORIENTED_EDGE('',*,*,#3151,.F.);
#3284 = ORIENTED_EDGE('',*,*,#3285,.F.);
#3285 = EDGE_CURVE('',#3286,#3144,#3288,.T.);
#3286 = VERTEX_POINT('',#3287);
#3287 = CARTESIAN_POINT('',(1.066800000001,0.,-2.921));
#3288 = LINE('',#3289,#3290);
#3289 = CARTESIAN_POINT('',(1.066800000001,-0.4064,-2.921));
#3290 = VECTOR('',#3291,1.);
#3291 = DIRECTION('',(1.052300658086E-13,-1.,0.));
#3292 = ORIENTED_EDGE('',*,*,#3293,.T.);
#3293 = EDGE_CURVE('',#3286,#3277,#3294,.T.);
#3294 = LINE('',#3295,#3296);
#3295 = CARTESIAN_POINT('',(-2.7432,0.,-2.921));
#3296 = VECTOR('',#3297,1.);
#3297 = DIRECTION('',(1.,0.,0.));
#3298 = PLANE('',#3299);
#3299 = AXIS2_PLACEMENT_3D('',#3300,#3301,#3302);
#3300 = CARTESIAN_POINT('',(-2.7432,-0.4064,-2.921));
#3301 = DIRECTION('',(0.,0.,-1.));
#3302 = DIRECTION('',(-1.,0.,0.));
#3303 = ADVANCED_FACE('',(#3304),#3329,.T.);
#3304 = FACE_BOUND('',#3305,.T.);
#3305 = EDGE_LOOP('',(#3306,#3314,#3315,#3323));
#3306 = ORIENTED_EDGE('',*,*,#3307,.F.);
#3307 = EDGE_CURVE('',#3168,#3308,#3310,.T.);
#3308 = VERTEX_POINT('',#3309);
#3309 = CARTESIAN_POINT('',(0.2032,0.,-2.921));
#3310 = LINE('',#3311,#3312);
#3311 = CARTESIAN_POINT('',(0.2032,-0.4064,-2.921));
#3312 = VECTOR('',#3313,1.);
#3313 = DIRECTION('',(1.054659572883E-13,1.,0.));
#3314 = ORIENTED_EDGE('',*,*,#3191,.F.);
#3315 = ORIENTED_EDGE('',*,*,#3316,.F.);
#3316 = EDGE_CURVE('',#3317,#3184,#3319,.T.);
#3317 = VERTEX_POINT('',#3318);
#3318 = CARTESIAN_POINT('',(-0.2032,0.,-2.921));
#3319 = LINE('',#3320,#3321);
#3320 = CARTESIAN_POINT('',(-0.2032,-0.4064,-2.921));
#3321 = VECTOR('',#3322,1.);
#3322 = DIRECTION('',(1.051739011706E-13,-1.,0.));
#3323 = ORIENTED_EDGE('',*,*,#3324,.T.);
#3324 = EDGE_CURVE('',#3317,#3308,#3325,.T.);
#3325 = LINE('',#3326,#3327);
#3326 = CARTESIAN_POINT('',(-2.7432,0.,-2.921));
#3327 = VECTOR('',#3328,1.);
#3328 = DIRECTION('',(1.,0.,0.));
#3329 = PLANE('',#3330);
#3330 = AXIS2_PLACEMENT_3D('',#3331,#3332,#3333);
#3331 = CARTESIAN_POINT('',(-2.7432,-0.4064,-2.921));
#3332 = DIRECTION('',(0.,0.,-1.));
#3333 = DIRECTION('',(-1.,0.,0.));
#3334 = ADVANCED_FACE('',(#3335),#3360,.T.);
#3335 = FACE_BOUND('',#3336,.T.);
#3336 = EDGE_LOOP('',(#3337,#3345,#3346,#3354));
#3337 = ORIENTED_EDGE('',*,*,#3338,.F.);
#3338 = EDGE_CURVE('',#3208,#3339,#3341,.T.);
#3339 = VERTEX_POINT('',#3340);
#3340 = CARTESIAN_POINT('',(-1.066800000001,0.,-2.921));
#3341 = LINE('',#3342,#3343);
#3342 = CARTESIAN_POINT('',(-1.066800000001,-0.4064,-2.921));
#3343 = VECTOR('',#3344,1.);
#3344 = DIRECTION('',(1.054996560711E-13,1.,0.));
#3345 = ORIENTED_EDGE('',*,*,#3231,.F.);
#3346 = ORIENTED_EDGE('',*,*,#3347,.F.);
#3347 = EDGE_CURVE('',#3348,#3224,#3350,.T.);
#3348 = VERTEX_POINT('',#3349);
#3349 = CARTESIAN_POINT('',(-1.4732,0.,-2.921));
#3350 = LINE('',#3351,#3352);
#3351 = CARTESIAN_POINT('',(-1.4732,-0.4064,-2.921));
#3352 = VECTOR('',#3353,1.);
#3353 = DIRECTION('',(1.051402023877E-13,-1.,0.));
#3354 = ORIENTED_EDGE('',*,*,#3355,.T.);
#3355 = EDGE_CURVE('',#3348,#3339,#3356,.T.);
#3356 = LINE('',#3357,#3358);
#3357 = CARTESIAN_POINT('',(-2.7432,0.,-2.921));
#3358 = VECTOR('',#3359,1.);
#3359 = DIRECTION('',(1.,0.,0.));
#3360 = PLANE('',#3361);
#3361 = AXIS2_PLACEMENT_3D('',#3362,#3363,#3364);
#3362 = CARTESIAN_POINT('',(-2.7432,-0.4064,-2.921));
#3363 = DIRECTION('',(0.,0.,-1.));
#3364 = DIRECTION('',(-1.,0.,0.));
#3365 = ADVANCED_FACE('',(#3366),#3391,.T.);
#3366 = FACE_BOUND('',#3367,.T.);
#3367 = EDGE_LOOP('',(#3368,#3376,#3384,#3390));
#3368 = ORIENTED_EDGE('',*,*,#3369,.F.);
#3369 = EDGE_CURVE('',#3370,#3246,#3372,.T.);
#3370 = VERTEX_POINT('',#3371);
#3371 = CARTESIAN_POINT('',(2.336800000001,0.,-1.1938));
#3372 = LINE('',#3373,#3374);
#3373 = CARTESIAN_POINT('',(2.336800000001,0.,-2.921));
#3374 = VECTOR('',#3375,1.);
#3375 = DIRECTION('',(0.,0.,-1.));
#3376 = ORIENTED_EDGE('',*,*,#3377,.T.);
#3377 = EDGE_CURVE('',#3370,#3378,#3380,.T.);
#3378 = VERTEX_POINT('',#3379);
#3379 = CARTESIAN_POINT('',(2.7432,0.,-1.1938));
#3380 = LINE('',#3381,#3382);
#3381 = CARTESIAN_POINT('',(-2.7432,0.,-1.1938));
#3382 = VECTOR('',#3383,1.);
#3383 = DIRECTION('',(1.,0.,0.));
#3384 = ORIENTED_EDGE('',*,*,#3385,.F.);
#3385 = EDGE_CURVE('',#3254,#3378,#3386,.T.);
#3386 = LINE('',#3387,#3388);
#3387 = CARTESIAN_POINT('',(2.7432,0.,-2.921));
#3388 = VECTOR('',#3389,1.);
#3389 = DIRECTION('',(0.,0.,1.));
#3390 = ORIENTED_EDGE('',*,*,#3253,.F.);
#3391 = PLANE('',#3392);
#3392 = AXIS2_PLACEMENT_3D('',#3393,#3394,#3395);
#3393 = CARTESIAN_POINT('',(-2.7432,0.,-2.921));
#3394 = DIRECTION('',(0.,1.,0.));
#3395 = DIRECTION('',(0.,-0.,1.));
#3396 = ADVANCED_FACE('',(#3397),#3422,.T.);
#3397 = FACE_BOUND('',#3398,.T.);
#3398 = EDGE_LOOP('',(#3399,#3407,#3408,#3416));
#3399 = ORIENTED_EDGE('',*,*,#3400,.F.);
#3400 = EDGE_CURVE('',#3277,#3401,#3403,.T.);
#3401 = VERTEX_POINT('',#3402);
#3402 = CARTESIAN_POINT('',(1.4732,0.,-1.1938));
#3403 = LINE('',#3404,#3405);
#3404 = CARTESIAN_POINT('',(1.4732,0.,-2.921));
#3405 = VECTOR('',#3406,1.);
#3406 = DIRECTION('',(0.,0.,1.));
#3407 = ORIENTED_EDGE('',*,*,#3293,.F.);
#3408 = ORIENTED_EDGE('',*,*,#3409,.F.);
#3409 = EDGE_CURVE('',#3410,#3286,#3412,.T.);
#3410 = VERTEX_POINT('',#3411);
#3411 = CARTESIAN_POINT('',(1.066800000001,0.,-1.1938));
#3412 = LINE('',#3413,#3414);
#3413 = CARTESIAN_POINT('',(1.066800000001,0.,-2.921));
#3414 = VECTOR('',#3415,1.);
#3415 = DIRECTION('',(0.,0.,-1.));
#3416 = ORIENTED_EDGE('',*,*,#3417,.T.);
#3417 = EDGE_CURVE('',#3410,#3401,#3418,.T.);
#3418 = LINE('',#3419,#3420);
#3419 = CARTESIAN_POINT('',(-2.7432,0.,-1.1938));
#3420 = VECTOR('',#3421,1.);
#3421 = DIRECTION('',(1.,0.,0.));
#3422 = PLANE('',#3423);
#3423 = AXIS2_PLACEMENT_3D('',#3424,#3425,#3426);
#3424 = CARTESIAN_POINT('',(-2.7432,0.,-2.921));
#3425 = DIRECTION('',(0.,1.,0.));
#3426 = DIRECTION('',(0.,-0.,1.));
#3427 = ADVANCED_FACE('',(#3428),#3453,.T.);
#3428 = FACE_BOUND('',#3429,.T.);
#3429 = EDGE_LOOP('',(#3430,#3438,#3439,#3447));
#3430 = ORIENTED_EDGE('',*,*,#3431,.F.);
#3431 = EDGE_CURVE('',#3308,#3432,#3434,.T.);
#3432 = VERTEX_POINT('',#3433);
#3433 = CARTESIAN_POINT('',(0.2032,0.,-1.1938));
#3434 = LINE('',#3435,#3436);
#3435 = CARTESIAN_POINT('',(0.2032,0.,-2.921));
#3436 = VECTOR('',#3437,1.);
#3437 = DIRECTION('',(0.,0.,1.));
#3438 = ORIENTED_EDGE('',*,*,#3324,.F.);
#3439 = ORIENTED_EDGE('',*,*,#3440,.F.);
#3440 = EDGE_CURVE('',#3441,#3317,#3443,.T.);
#3441 = VERTEX_POINT('',#3442);
#3442 = CARTESIAN_POINT('',(-0.2032,0.,-1.1938));
#3443 = LINE('',#3444,#3445);
#3444 = CARTESIAN_POINT('',(-0.2032,0.,-2.921));
#3445 = VECTOR('',#3446,1.);
#3446 = DIRECTION('',(0.,0.,-1.));
#3447 = ORIENTED_EDGE('',*,*,#3448,.T.);
#3448 = EDGE_CURVE('',#3441,#3432,#3449,.T.);
#3449 = LINE('',#3450,#3451);
#3450 = CARTESIAN_POINT('',(-2.7432,0.,-1.1938));
#3451 = VECTOR('',#3452,1.);
#3452 = DIRECTION('',(1.,0.,0.));
#3453 = PLANE('',#3454);
#3454 = AXIS2_PLACEMENT_3D('',#3455,#3456,#3457);
#3455 = CARTESIAN_POINT('',(-2.7432,0.,-2.921));
#3456 = DIRECTION('',(0.,1.,0.));
#3457 = DIRECTION('',(0.,-0.,1.));
#3458 = ADVANCED_FACE('',(#3459),#3484,.T.);
#3459 = FACE_BOUND('',#3460,.T.);
#3460 = EDGE_LOOP('',(#3461,#3469,#3470,#3478));
#3461 = ORIENTED_EDGE('',*,*,#3462,.F.);
#3462 = EDGE_CURVE('',#3339,#3463,#3465,.T.);
#3463 = VERTEX_POINT('',#3464);
#3464 = CARTESIAN_POINT('',(-1.066800000001,0.,-1.1938));
#3465 = LINE('',#3466,#3467);
#3466 = CARTESIAN_POINT('',(-1.066800000001,0.,-2.921));
#3467 = VECTOR('',#3468,1.);
#3468 = DIRECTION('',(0.,0.,1.));
#3469 = ORIENTED_EDGE('',*,*,#3355,.F.);
#3470 = ORIENTED_EDGE('',*,*,#3471,.F.);
#3471 = EDGE_CURVE('',#3472,#3348,#3474,.T.);
#3472 = VERTEX_POINT('',#3473);
#3473 = CARTESIAN_POINT('',(-1.4732,0.,-1.1938));
#3474 = LINE('',#3475,#3476);
#3475 = CARTESIAN_POINT('',(-1.4732,0.,-2.921));
#3476 = VECTOR('',#3477,1.);
#3477 = DIRECTION('',(0.,0.,-1.));
#3478 = ORIENTED_EDGE('',*,*,#3479,.T.);
#3479 = EDGE_CURVE('',#3472,#3463,#3480,.T.);
#3480 = LINE('',#3481,#3482);
#3481 = CARTESIAN_POINT('',(-2.7432,0.,-1.1938));
#3482 = VECTOR('',#3483,1.);
#3483 = DIRECTION('',(1.,0.,0.));
#3484 = PLANE('',#3485);
#3485 = AXIS2_PLACEMENT_3D('',#3486,#3487,#3488);
#3486 = CARTESIAN_POINT('',(-2.7432,0.,-2.921));
#3487 = DIRECTION('',(0.,1.,0.));
#3488 = DIRECTION('',(0.,-0.,1.));
#3489 = ADVANCED_FACE('',(#3490),#3515,.T.);
#3490 = FACE_BOUND('',#3491,.T.);
#3491 = EDGE_LOOP('',(#3492,#3500,#3501,#3509));
#3492 = ORIENTED_EDGE('',*,*,#3493,.F.);
#3493 = EDGE_CURVE('',#2804,#3494,#3496,.T.);
#3494 = VERTEX_POINT('',#3495);
#3495 = CARTESIAN_POINT('',(2.336800000001,0.,1.1938));
#3496 = LINE('',#3497,#3498);
#3497 = CARTESIAN_POINT('',(2.336800000001,0.,1.1938));
#3498 = VECTOR('',#3499,1.);
#3499 = DIRECTION('',(0.,0.,-1.));
#3500 = ORIENTED_EDGE('',*,*,#2827,.T.);
#3501 = ORIENTED_EDGE('',*,*,#3502,.F.);
#3502 = EDGE_CURVE('',#3503,#2820,#3505,.T.);
#3503 = VERTEX_POINT('',#3504);
#3504 = CARTESIAN_POINT('',(2.7432,1.89735380185E-15,1.1938));
#3505 = LINE('',#3506,#3507);
#3506 = CARTESIAN_POINT('',(2.7432,0.,1.1938));
#3507 = VECTOR('',#3508,1.);
#3508 = DIRECTION('',(0.,0.,1.));
#3509 = ORIENTED_EDGE('',*,*,#3510,.F.);
#3510 = EDGE_CURVE('',#3494,#3503,#3511,.T.);
#3511 = LINE('',#3512,#3513);
#3512 = CARTESIAN_POINT('',(-2.7432,1.89735380185E-15,1.1938));
#3513 = VECTOR('',#3514,1.);
#3514 = DIRECTION('',(1.,0.,0.));
#3515 = PLANE('',#3516);
#3516 = AXIS2_PLACEMENT_3D('',#3517,#3518,#3519);
#3517 = CARTESIAN_POINT('',(-2.7432,0.,1.1938));
#3518 = DIRECTION('',(0.,1.,0.));
#3519 = DIRECTION('',(0.,-0.,1.));
#3520 = ADVANCED_FACE('',(#3521),#3546,.T.);
#3521 = FACE_BOUND('',#3522,.T.);
#3522 = EDGE_LOOP('',(#3523,#3531,#3539,#3545));
#3523 = ORIENTED_EDGE('',*,*,#3524,.F.);
#3524 = EDGE_CURVE('',#3525,#2842,#3527,.T.);
#3525 = VERTEX_POINT('',#3526);
#3526 = CARTESIAN_POINT('',(1.4732,1.89735380185E-15,1.1938));
#3527 = LINE('',#3528,#3529);
#3528 = CARTESIAN_POINT('',(1.4732,0.,1.1938));
#3529 = VECTOR('',#3530,1.);
#3530 = DIRECTION('',(0.,0.,1.));
#3531 = ORIENTED_EDGE('',*,*,#3532,.F.);
#3532 = EDGE_CURVE('',#3533,#3525,#3535,.T.);
#3533 = VERTEX_POINT('',#3534);
#3534 = CARTESIAN_POINT('',(1.066800000001,0.,1.1938));
#3535 = LINE('',#3536,#3537);
#3536 = CARTESIAN_POINT('',(-2.7432,1.89735380185E-15,1.1938));
#3537 = VECTOR('',#3538,1.);
#3538 = DIRECTION('',(1.,0.,0.));
#3539 = ORIENTED_EDGE('',*,*,#3540,.F.);
#3540 = EDGE_CURVE('',#2852,#3533,#3541,.T.);
#3541 = LINE('',#3542,#3543);
#3542 = CARTESIAN_POINT('',(1.066800000001,0.,1.1938));
#3543 = VECTOR('',#3544,1.);
#3544 = DIRECTION('',(0.,0.,-1.));
#3545 = ORIENTED_EDGE('',*,*,#2851,.T.);
#3546 = PLANE('',#3547);
#3547 = AXIS2_PLACEMENT_3D('',#3548,#3549,#3550);
#3548 = CARTESIAN_POINT('',(-2.7432,0.,1.1938));
#3549 = DIRECTION('',(0.,1.,0.));
#3550 = DIRECTION('',(0.,-0.,1.));
#3551 = ADVANCED_FACE('',(#3552),#3577,.T.);
#3552 = FACE_BOUND('',#3553,.T.);
#3553 = EDGE_LOOP('',(#3554,#3562,#3570,#3576));
#3554 = ORIENTED_EDGE('',*,*,#3555,.F.);
#3555 = EDGE_CURVE('',#3556,#2882,#3558,.T.);
#3556 = VERTEX_POINT('',#3557);
#3557 = CARTESIAN_POINT('',(0.2032,1.89735380185E-15,1.1938));
#3558 = LINE('',#3559,#3560);
#3559 = CARTESIAN_POINT('',(0.2032,0.,1.1938));
#3560 = VECTOR('',#3561,1.);
#3561 = DIRECTION('',(0.,0.,1.));
#3562 = ORIENTED_EDGE('',*,*,#3563,.F.);
#3563 = EDGE_CURVE('',#3564,#3556,#3566,.T.);
#3564 = VERTEX_POINT('',#3565);
#3565 = CARTESIAN_POINT('',(-0.2032,0.,1.1938));
#3566 = LINE('',#3567,#3568);
#3567 = CARTESIAN_POINT('',(-2.7432,1.89735380185E-15,1.1938));
#3568 = VECTOR('',#3569,1.);
#3569 = DIRECTION('',(1.,0.,0.));
#3570 = ORIENTED_EDGE('',*,*,#3571,.F.);
#3571 = EDGE_CURVE('',#2892,#3564,#3572,.T.);
#3572 = LINE('',#3573,#3574);
#3573 = CARTESIAN_POINT('',(-0.2032,0.,1.1938));
#3574 = VECTOR('',#3575,1.);
#3575 = DIRECTION('',(0.,0.,-1.));
#3576 = ORIENTED_EDGE('',*,*,#2891,.T.);
#3577 = PLANE('',#3578);
#3578 = AXIS2_PLACEMENT_3D('',#3579,#3580,#3581);
#3579 = CARTESIAN_POINT('',(-2.7432,0.,1.1938));
#3580 = DIRECTION('',(0.,1.,0.));
#3581 = DIRECTION('',(0.,-0.,1.));
#3582 = ADVANCED_FACE('',(#3583),#3608,.T.);
#3583 = FACE_BOUND('',#3584,.T.);
#3584 = EDGE_LOOP('',(#3585,#3593,#3601,#3607));
#3585 = ORIENTED_EDGE('',*,*,#3586,.F.);
#3586 = EDGE_CURVE('',#3587,#2922,#3589,.T.);
#3587 = VERTEX_POINT('',#3588);
#3588 = CARTESIAN_POINT('',(-1.066800000001,1.89735380185E-15,1.1938));
#3589 = LINE('',#3590,#3591);
#3590 = CARTESIAN_POINT('',(-1.066800000001,0.,1.1938));
#3591 = VECTOR('',#3592,1.);
#3592 = DIRECTION('',(0.,0.,1.));
#3593 = ORIENTED_EDGE('',*,*,#3594,.F.);
#3594 = EDGE_CURVE('',#3595,#3587,#3597,.T.);
#3595 = VERTEX_POINT('',#3596);
#3596 = CARTESIAN_POINT('',(-1.4732,0.,1.1938));
#3597 = LINE('',#3598,#3599);
#3598 = CARTESIAN_POINT('',(-2.7432,1.89735380185E-15,1.1938));
#3599 = VECTOR('',#3600,1.);
#3600 = DIRECTION('',(1.,0.,0.));
#3601 = ORIENTED_EDGE('',*,*,#3602,.F.);
#3602 = EDGE_CURVE('',#2932,#3595,#3603,.T.);
#3603 = LINE('',#3604,#3605);
#3604 = CARTESIAN_POINT('',(-1.4732,0.,1.1938));
#3605 = VECTOR('',#3606,1.);
#3606 = DIRECTION('',(0.,0.,-1.));
#3607 = ORIENTED_EDGE('',*,*,#2931,.T.);
#3608 = PLANE('',#3609);
#3609 = AXIS2_PLACEMENT_3D('',#3610,#3611,#3612);
#3610 = CARTESIAN_POINT('',(-2.7432,0.,1.1938));
#3611 = DIRECTION('',(0.,1.,0.));
#3612 = DIRECTION('',(0.,-0.,1.));
#3613 = ADVANCED_FACE('',(#3614),#3648,.T.);
#3614 = FACE_BOUND('',#3615,.T.);
#3615 = EDGE_LOOP('',(#3616,#3626,#3634,#3642));
#3616 = ORIENTED_EDGE('',*,*,#3617,.F.);
#3617 = EDGE_CURVE('',#3618,#3620,#3622,.T.);
#3618 = VERTEX_POINT('',#3619);
#3619 = CARTESIAN_POINT('',(-2.336800000001,0.,2.921));
#3620 = VERTEX_POINT('',#3621);
#3621 = CARTESIAN_POINT('',(-2.336800000001,-0.4064,2.921));
#3622 = LINE('',#3623,#3624);
#3623 = CARTESIAN_POINT('',(-2.336800000001,0.,2.921));
#3624 = VECTOR('',#3625,1.);
#3625 = DIRECTION('',(0.,-1.,0.));
#3626 = ORIENTED_EDGE('',*,*,#3627,.F.);
#3627 = EDGE_CURVE('',#3628,#3618,#3630,.T.);
#3628 = VERTEX_POINT('',#3629);
#3629 = CARTESIAN_POINT('',(-2.7432,0.,2.921));
#3630 = LINE('',#3631,#3632);
#3631 = CARTESIAN_POINT('',(-2.7432,0.,2.921));
#3632 = VECTOR('',#3633,1.);
#3633 = DIRECTION('',(1.,0.,0.));
#3634 = ORIENTED_EDGE('',*,*,#3635,.T.);
#3635 = EDGE_CURVE('',#3628,#3636,#3638,.T.);
#3636 = VERTEX_POINT('',#3637);
#3637 = CARTESIAN_POINT('',(-2.7432,-0.4064,2.921));
#3638 = LINE('',#3639,#3640);
#3639 = CARTESIAN_POINT('',(-2.7432,0.,2.921));
#3640 = VECTOR('',#3641,1.);
#3641 = DIRECTION('',(0.,-1.,0.));
#3642 = ORIENTED_EDGE('',*,*,#3643,.T.);
#3643 = EDGE_CURVE('',#3636,#3620,#3644,.T.);
#3644 = LINE('',#3645,#3646);
#3645 = CARTESIAN_POINT('',(-2.7432,-0.4064,2.921));
#3646 = VECTOR('',#3647,1.);
#3647 = DIRECTION('',(1.,0.,0.));
#3648 = PLANE('',#3649);
#3649 = AXIS2_PLACEMENT_3D('',#3650,#3651,#3652);
#3650 = CARTESIAN_POINT('',(-2.7432,0.,2.921));
#3651 = DIRECTION('',(0.,0.,1.));
#3652 = DIRECTION('',(1.,0.,-0.));
#3653 = ADVANCED_FACE('',(#3654),#3679,.T.);
#3654 = FACE_BOUND('',#3655,.T.);
#3655 = EDGE_LOOP('',(#3656,#3664,#3665,#3673));
#3656 = ORIENTED_EDGE('',*,*,#3657,.F.);
#3657 = EDGE_CURVE('',#3620,#3658,#3660,.T.);
#3658 = VERTEX_POINT('',#3659);
#3659 = CARTESIAN_POINT('',(-2.336800000001,-0.4064,1.1938));
#3660 = LINE('',#3661,#3662);
#3661 = CARTESIAN_POINT('',(-2.336800000001,-0.4064,2.921));
#3662 = VECTOR('',#3663,1.);
#3663 = DIRECTION('',(0.,0.,-1.));
#3664 = ORIENTED_EDGE('',*,*,#3643,.F.);
#3665 = ORIENTED_EDGE('',*,*,#3666,.T.);
#3666 = EDGE_CURVE('',#3636,#3667,#3669,.T.);
#3667 = VERTEX_POINT('',#3668);
#3668 = CARTESIAN_POINT('',(-2.7432,-0.4064,1.1938));
#3669 = LINE('',#3670,#3671);
#3670 = CARTESIAN_POINT('',(-2.7432,-0.4064,2.921));
#3671 = VECTOR('',#3672,1.);
#3672 = DIRECTION('',(0.,0.,-1.));
#3673 = ORIENTED_EDGE('',*,*,#3674,.T.);
#3674 = EDGE_CURVE('',#3667,#3658,#3675,.T.);
#3675 = LINE('',#3676,#3677);
#3676 = CARTESIAN_POINT('',(-2.7432,-0.4064,1.1938));
#3677 = VECTOR('',#3678,1.);
#3678 = DIRECTION('',(1.,0.,0.));
#3679 = PLANE('',#3680);
#3680 = AXIS2_PLACEMENT_3D('',#3681,#3682,#3683);
#3681 = CARTESIAN_POINT('',(-2.7432,-0.4064,2.921));
#3682 = DIRECTION('',(0.,-1.,0.));
#3683 = DIRECTION('',(0.,0.,-1.));
#3684 = ADVANCED_FACE('',(#3685),#3812,.T.);
#3685 = FACE_BOUND('',#3686,.T.);
#3686 = EDGE_LOOP('',(#3687,#3696,#3704,#3711,#3712,#3721,#3729,#3736,
    #3737,#3746,#3754,#3761,#3762,#3771,#3779,#3786,#3787,#3796,#3804,
    #3811));
#3687 = ORIENTED_EDGE('',*,*,#3688,.T.);
#3688 = EDGE_CURVE('',#2962,#3689,#3691,.T.);
#3689 = VERTEX_POINT('',#3690);
#3690 = CARTESIAN_POINT('',(2.336800000001,0.127,0.46689832852));
#3691 = CIRCLE('',#3692,0.762);
#3692 = AXIS2_PLACEMENT_3D('',#3693,#3694,#3695);
#3693 = CARTESIAN_POINT('',(2.336800000001,0.3556,1.1938));
#3694 = DIRECTION('',(1.,1.051402023877E-13,0.));
#3695 = DIRECTION('',(-1.051402023877E-13,1.,0.));
#3696 = ORIENTED_EDGE('',*,*,#3697,.F.);
#3697 = EDGE_CURVE('',#3698,#3689,#3700,.T.);
#3698 = VERTEX_POINT('',#3699);
#3699 = CARTESIAN_POINT('',(1.473200000001,0.127,0.46689832852));
#3700 = LINE('',#3701,#3702);
#3701 = CARTESIAN_POINT('',(-2.7432,0.127,0.46689832852));
#3702 = VECTOR('',#3703,1.);
#3703 = DIRECTION('',(1.,0.,0.));
#3704 = ORIENTED_EDGE('',*,*,#3705,.T.);
#3705 = EDGE_CURVE('',#3698,#2993,#3706,.T.);
#3706 = CIRCLE('',#3707,0.762);
#3707 = AXIS2_PLACEMENT_3D('',#3708,#3709,#3710);
#3708 = CARTESIAN_POINT('',(1.473200000001,0.3556,1.1938));
#3709 = DIRECTION('',(-1.,1.054097926503E-13,0.));
#3710 = DIRECTION('',(-1.054097926503E-13,-1.,0.));
#3711 = ORIENTED_EDGE('',*,*,#3009,.F.);
#3712 = ORIENTED_EDGE('',*,*,#3713,.T.);
#3713 = EDGE_CURVE('',#3002,#3714,#3716,.T.);
#3714 = VERTEX_POINT('',#3715);
#3715 = CARTESIAN_POINT('',(1.066800000001,0.127,0.46689832852));
#3716 = CIRCLE('',#3717,0.762);
#3717 = AXIS2_PLACEMENT_3D('',#3718,#3719,#3720);
#3718 = CARTESIAN_POINT('',(1.0668,0.3556,1.1938));
#3719 = DIRECTION('',(1.,1.052300658086E-13,0.));
#3720 = DIRECTION('',(-1.052300658086E-13,1.,0.));
#3721 = ORIENTED_EDGE('',*,*,#3722,.F.);
#3722 = EDGE_CURVE('',#3723,#3714,#3725,.T.);
#3723 = VERTEX_POINT('',#3724);
#3724 = CARTESIAN_POINT('',(0.2032,0.127,0.46689832852));
#3725 = LINE('',#3726,#3727);
#3726 = CARTESIAN_POINT('',(-2.7432,0.127,0.46689832852));
#3727 = VECTOR('',#3728,1.);
#3728 = DIRECTION('',(1.,0.,0.));
#3729 = ORIENTED_EDGE('',*,*,#3730,.T.);
#3730 = EDGE_CURVE('',#3723,#3024,#3731,.T.);
#3731 = CIRCLE('',#3732,0.762);
#3732 = AXIS2_PLACEMENT_3D('',#3733,#3734,#3735);
#3733 = CARTESIAN_POINT('',(0.2032,0.3556,1.1938));
#3734 = DIRECTION('',(-1.,1.054659572883E-13,0.));
#3735 = DIRECTION('',(-1.054659572883E-13,-1.,0.));
#3736 = ORIENTED_EDGE('',*,*,#3040,.F.);
#3737 = ORIENTED_EDGE('',*,*,#3738,.T.);
#3738 = EDGE_CURVE('',#3033,#3739,#3741,.T.);
#3739 = VERTEX_POINT('',#3740);
#3740 = CARTESIAN_POINT('',(-0.2032,0.127,0.46689832852));
#3741 = CIRCLE('',#3742,0.762);
#3742 = AXIS2_PLACEMENT_3D('',#3743,#3744,#3745);
#3743 = CARTESIAN_POINT('',(-0.2032,0.3556,1.1938));
#3744 = DIRECTION('',(1.,1.051739011706E-13,0.));
#3745 = DIRECTION('',(-1.051739011706E-13,1.,0.));
#3746 = ORIENTED_EDGE('',*,*,#3747,.F.);
#3747 = EDGE_CURVE('',#3748,#3739,#3750,.T.);
#3748 = VERTEX_POINT('',#3749);
#3749 = CARTESIAN_POINT('',(-1.066800000001,0.127,0.46689832852));
#3750 = LINE('',#3751,#3752);
#3751 = CARTESIAN_POINT('',(-2.7432,0.127,0.46689832852));
#3752 = VECTOR('',#3753,1.);
#3753 = DIRECTION('',(1.,0.,0.));
#3754 = ORIENTED_EDGE('',*,*,#3755,.T.);
#3755 = EDGE_CURVE('',#3748,#3055,#3756,.T.);
#3756 = CIRCLE('',#3757,0.762);
#3757 = AXIS2_PLACEMENT_3D('',#3758,#3759,#3760);
#3758 = CARTESIAN_POINT('',(-1.0668,0.3556,1.1938));
#3759 = DIRECTION('',(-1.,1.054996560711E-13,0.));
#3760 = DIRECTION('',(-1.054996560711E-13,-1.,0.));
#3761 = ORIENTED_EDGE('',*,*,#3071,.F.);
#3762 = ORIENTED_EDGE('',*,*,#3763,.T.);
#3763 = EDGE_CURVE('',#3064,#3764,#3766,.T.);
#3764 = VERTEX_POINT('',#3765);
#3765 = CARTESIAN_POINT('',(-1.473200000001,0.127,0.46689832852));
#3766 = CIRCLE('',#3767,0.762);
#3767 = AXIS2_PLACEMENT_3D('',#3768,#3769,#3770);
#3768 = CARTESIAN_POINT('',(-1.473200000001,0.3556,1.1938));
#3769 = DIRECTION('',(1.,1.051402023877E-13,0.));
#3770 = DIRECTION('',(-1.051402023877E-13,1.,0.));
#3771 = ORIENTED_EDGE('',*,*,#3772,.F.);
#3772 = EDGE_CURVE('',#3773,#3764,#3775,.T.);
#3773 = VERTEX_POINT('',#3774);
#3774 = CARTESIAN_POINT('',(-2.336800000001,0.127,0.46689832852));
#3775 = LINE('',#3776,#3777);
#3776 = CARTESIAN_POINT('',(-2.7432,0.127,0.46689832852));
#3777 = VECTOR('',#3778,1.);
#3778 = DIRECTION('',(1.,0.,0.));
#3779 = ORIENTED_EDGE('',*,*,#3780,.T.);
#3780 = EDGE_CURVE('',#3773,#3658,#3781,.T.);
#3781 = CIRCLE('',#3782,0.762);
#3782 = AXIS2_PLACEMENT_3D('',#3783,#3784,#3785);
#3783 = CARTESIAN_POINT('',(-2.336800000001,0.3556,1.1938));
#3784 = DIRECTION('',(-1.,0.,0.));
#3785 = DIRECTION('',(0.,0.,1.));
#3786 = ORIENTED_EDGE('',*,*,#3674,.F.);
#3787 = ORIENTED_EDGE('',*,*,#3788,.T.);
#3788 = EDGE_CURVE('',#3667,#3789,#3791,.T.);
#3789 = VERTEX_POINT('',#3790);
#3790 = CARTESIAN_POINT('',(-2.7432,0.3048,0.433495219008));
#3791 = CIRCLE('',#3792,0.762);
#3792 = AXIS2_PLACEMENT_3D('',#3793,#3794,#3795);
#3793 = CARTESIAN_POINT('',(-2.7432,0.3556,1.1938));
#3794 = DIRECTION('',(1.,0.,0.));
#3795 = DIRECTION('',(0.,0.,-1.));
#3796 = ORIENTED_EDGE('',*,*,#3797,.T.);
#3797 = EDGE_CURVE('',#3789,#3798,#3800,.T.);
#3798 = VERTEX_POINT('',#3799);
#3799 = CARTESIAN_POINT('',(2.7432,0.3048,0.433495219008));
#3800 = LINE('',#3801,#3802);
#3801 = CARTESIAN_POINT('',(-2.7432,0.3048,0.433495219008));
#3802 = VECTOR('',#3803,1.);
#3803 = DIRECTION('',(1.,0.,0.));
#3804 = ORIENTED_EDGE('',*,*,#3805,.F.);
#3805 = EDGE_CURVE('',#2970,#3798,#3806,.T.);
#3806 = CIRCLE('',#3807,0.762);
#3807 = AXIS2_PLACEMENT_3D('',#3808,#3809,#3810);
#3808 = CARTESIAN_POINT('',(2.7432,0.3556,1.1938));
#3809 = DIRECTION('',(1.,0.,0.));
#3810 = DIRECTION('',(0.,0.,-1.));
#3811 = ORIENTED_EDGE('',*,*,#2969,.F.);
#3812 = CYLINDRICAL_SURFACE('',#3813,0.762);
#3813 = AXIS2_PLACEMENT_3D('',#3814,#3815,#3816);
#3814 = CARTESIAN_POINT('',(-2.7432,0.3556,1.1938));
#3815 = DIRECTION('',(1.,0.,0.));
#3816 = DIRECTION('',(0.,0.,-1.));
#3817 = ADVANCED_FACE('',(#3818),#3843,.T.);
#3818 = FACE_BOUND('',#3819,.T.);
#3819 = EDGE_LOOP('',(#3820,#3828,#3829,#3837));
#3820 = ORIENTED_EDGE('',*,*,#3821,.F.);
#3821 = EDGE_CURVE('',#3798,#3822,#3824,.T.);
#3822 = VERTEX_POINT('',#3823);
#3823 = CARTESIAN_POINT('',(2.7432,0.3048,-0.433495219008));
#3824 = LINE('',#3825,#3826);
#3825 = CARTESIAN_POINT('',(2.7432,0.3048,0.433495219008));
#3826 = VECTOR('',#3827,1.);
#3827 = DIRECTION('',(0.,0.,-1.));
#3828 = ORIENTED_EDGE('',*,*,#3797,.F.);
#3829 = ORIENTED_EDGE('',*,*,#3830,.T.);
#3830 = EDGE_CURVE('',#3789,#3831,#3833,.T.);
#3831 = VERTEX_POINT('',#3832);
#3832 = CARTESIAN_POINT('',(-2.7432,0.3048,-0.433495219008));
#3833 = LINE('',#3834,#3835);
#3834 = CARTESIAN_POINT('',(-2.7432,0.3048,0.433495219008));
#3835 = VECTOR('',#3836,1.);
#3836 = DIRECTION('',(0.,0.,-1.));
#3837 = ORIENTED_EDGE('',*,*,#3838,.T.);
#3838 = EDGE_CURVE('',#3831,#3822,#3839,.T.);
#3839 = LINE('',#3840,#3841);
#3840 = CARTESIAN_POINT('',(-2.7432,0.3048,-0.433495219008));
#3841 = VECTOR('',#3842,1.);
#3842 = DIRECTION('',(1.,0.,0.));
#3843 = PLANE('',#3844);
#3844 = AXIS2_PLACEMENT_3D('',#3845,#3846,#3847);
#3845 = CARTESIAN_POINT('',(-2.7432,0.3048,0.433495219008));
#3846 = DIRECTION('',(0.,-1.,0.));
#3847 = DIRECTION('',(0.,0.,-1.));
#3848 = ADVANCED_FACE('',(#3849),#3976,.T.);
#3849 = FACE_BOUND('',#3850,.T.);
#3850 = EDGE_LOOP('',(#3851,#3860,#3861,#3868,#3869,#3878,#3886,#3895,
    #3903,#3910,#3911,#3920,#3928,#3935,#3936,#3945,#3953,#3960,#3961,
    #3970));
#3851 = ORIENTED_EDGE('',*,*,#3852,.T.);
#3852 = EDGE_CURVE('',#3853,#3088,#3855,.T.);
#3853 = VERTEX_POINT('',#3854);
#3854 = CARTESIAN_POINT('',(2.336800000001,0.127,-0.46689832852));
#3855 = CIRCLE('',#3856,0.762);
#3856 = AXIS2_PLACEMENT_3D('',#3857,#3858,#3859);
#3857 = CARTESIAN_POINT('',(2.336800000001,0.3556,-1.1938));
#3858 = DIRECTION('',(1.,1.051402023877E-13,0.));
#3859 = DIRECTION('',(-1.051402023877E-13,1.,0.));
#3860 = ORIENTED_EDGE('',*,*,#3111,.T.);
#3861 = ORIENTED_EDGE('',*,*,#3862,.F.);
#3862 = EDGE_CURVE('',#3822,#3104,#3863,.T.);
#3863 = CIRCLE('',#3864,0.762);
#3864 = AXIS2_PLACEMENT_3D('',#3865,#3866,#3867);
#3865 = CARTESIAN_POINT('',(2.7432,0.3556,-1.1938));
#3866 = DIRECTION('',(1.,0.,0.));
#3867 = DIRECTION('',(0.,0.,-1.));
#3868 = ORIENTED_EDGE('',*,*,#3838,.F.);
#3869 = ORIENTED_EDGE('',*,*,#3870,.T.);
#3870 = EDGE_CURVE('',#3831,#3871,#3873,.T.);
#3871 = VERTEX_POINT('',#3872);
#3872 = CARTESIAN_POINT('',(-2.7432,-0.4064,-1.1938));
#3873 = CIRCLE('',#3874,0.762);
#3874 = AXIS2_PLACEMENT_3D('',#3875,#3876,#3877);
#3875 = CARTESIAN_POINT('',(-2.7432,0.3556,-1.1938));
#3876 = DIRECTION('',(1.,0.,0.));
#3877 = DIRECTION('',(0.,0.,-1.));
#3878 = ORIENTED_EDGE('',*,*,#3879,.T.);
#3879 = EDGE_CURVE('',#3871,#3880,#3882,.T.);
#3880 = VERTEX_POINT('',#3881);
#3881 = CARTESIAN_POINT('',(-2.336800000001,-0.4064,-1.1938));
#3882 = LINE('',#3883,#3884);
#3883 = CARTESIAN_POINT('',(-2.7432,-0.4064,-1.1938));
#3884 = VECTOR('',#3885,1.);
#3885 = DIRECTION('',(1.,0.,0.));
#3886 = ORIENTED_EDGE('',*,*,#3887,.T.);
#3887 = EDGE_CURVE('',#3880,#3888,#3890,.T.);
#3888 = VERTEX_POINT('',#3889);
#3889 = CARTESIAN_POINT('',(-2.336800000001,0.127,-0.46689832852));
#3890 = CIRCLE('',#3891,0.762);
#3891 = AXIS2_PLACEMENT_3D('',#3892,#3893,#3894);
#3892 = CARTESIAN_POINT('',(-2.336800000001,0.3556,-1.1938));
#3893 = DIRECTION('',(-1.,0.,0.));
#3894 = DIRECTION('',(0.,0.,1.));
#3895 = ORIENTED_EDGE('',*,*,#3896,.T.);
#3896 = EDGE_CURVE('',#3888,#3897,#3899,.T.);
#3897 = VERTEX_POINT('',#3898);
#3898 = CARTESIAN_POINT('',(-1.473200000001,0.127,-0.46689832852));
#3899 = LINE('',#3900,#3901);
#3900 = CARTESIAN_POINT('',(-2.7432,0.127,-0.46689832852));
#3901 = VECTOR('',#3902,1.);
#3902 = DIRECTION('',(1.,0.,0.));
#3903 = ORIENTED_EDGE('',*,*,#3904,.T.);
#3904 = EDGE_CURVE('',#3897,#3216,#3905,.T.);
#3905 = CIRCLE('',#3906,0.762);
#3906 = AXIS2_PLACEMENT_3D('',#3907,#3908,#3909);
#3907 = CARTESIAN_POINT('',(-1.473200000001,0.3556,-1.1938));
#3908 = DIRECTION('',(1.,1.051402023877E-13,0.));
#3909 = DIRECTION('',(-1.051402023877E-13,1.,0.));
#3910 = ORIENTED_EDGE('',*,*,#3215,.T.);
#3911 = ORIENTED_EDGE('',*,*,#3912,.T.);
#3912 = EDGE_CURVE('',#3206,#3913,#3915,.T.);
#3913 = VERTEX_POINT('',#3914);
#3914 = CARTESIAN_POINT('',(-1.066800000001,0.127,-0.46689832852));
#3915 = CIRCLE('',#3916,0.762);
#3916 = AXIS2_PLACEMENT_3D('',#3917,#3918,#3919);
#3917 = CARTESIAN_POINT('',(-1.0668,0.3556,-1.1938));
#3918 = DIRECTION('',(-1.,1.054996560711E-13,0.));
#3919 = DIRECTION('',(-1.054996560711E-13,-1.,0.));
#3920 = ORIENTED_EDGE('',*,*,#3921,.T.);
#3921 = EDGE_CURVE('',#3913,#3922,#3924,.T.);
#3922 = VERTEX_POINT('',#3923);
#3923 = CARTESIAN_POINT('',(-0.2032,0.127,-0.46689832852));
#3924 = LINE('',#3925,#3926);
#3925 = CARTESIAN_POINT('',(-2.7432,0.127,-0.46689832852));
#3926 = VECTOR('',#3927,1.);
#3927 = DIRECTION('',(1.,0.,0.));
#3928 = ORIENTED_EDGE('',*,*,#3929,.T.);
#3929 = EDGE_CURVE('',#3922,#3176,#3930,.T.);
#3930 = CIRCLE('',#3931,0.762);
#3931 = AXIS2_PLACEMENT_3D('',#3932,#3933,#3934);
#3932 = CARTESIAN_POINT('',(-0.2032,0.3556,-1.1938));
#3933 = DIRECTION('',(1.,1.051739011706E-13,0.));
#3934 = DIRECTION('',(-1.051739011706E-13,1.,0.));
#3935 = ORIENTED_EDGE('',*,*,#3175,.T.);
#3936 = ORIENTED_EDGE('',*,*,#3937,.T.);
#3937 = EDGE_CURVE('',#3166,#3938,#3940,.T.);
#3938 = VERTEX_POINT('',#3939);
#3939 = CARTESIAN_POINT('',(0.2032,0.127,-0.46689832852));
#3940 = CIRCLE('',#3941,0.762);
#3941 = AXIS2_PLACEMENT_3D('',#3942,#3943,#3944);
#3942 = CARTESIAN_POINT('',(0.2032,0.3556,-1.1938));
#3943 = DIRECTION('',(-1.,1.054659572883E-13,0.));
#3944 = DIRECTION('',(-1.054659572883E-13,-1.,0.));
#3945 = ORIENTED_EDGE('',*,*,#3946,.T.);
#3946 = EDGE_CURVE('',#3938,#3947,#3949,.T.);
#3947 = VERTEX_POINT('',#3948);
#3948 = CARTESIAN_POINT('',(1.066800000001,0.127,-0.46689832852));
#3949 = LINE('',#3950,#3951);
#3950 = CARTESIAN_POINT('',(-2.7432,0.127,-0.46689832852));
#3951 = VECTOR('',#3952,1.);
#3952 = DIRECTION('',(1.,0.,0.));
#3953 = ORIENTED_EDGE('',*,*,#3954,.T.);
#3954 = EDGE_CURVE('',#3947,#3136,#3955,.T.);
#3955 = CIRCLE('',#3956,0.762);
#3956 = AXIS2_PLACEMENT_3D('',#3957,#3958,#3959);
#3957 = CARTESIAN_POINT('',(1.0668,0.3556,-1.1938));
#3958 = DIRECTION('',(1.,1.052300658086E-13,0.));
#3959 = DIRECTION('',(-1.052300658086E-13,1.,0.));
#3960 = ORIENTED_EDGE('',*,*,#3135,.T.);
#3961 = ORIENTED_EDGE('',*,*,#3962,.T.);
#3962 = EDGE_CURVE('',#3126,#3963,#3965,.T.);
#3963 = VERTEX_POINT('',#3964);
#3964 = CARTESIAN_POINT('',(1.473200000001,0.127,-0.46689832852));
#3965 = CIRCLE('',#3966,0.762);
#3966 = AXIS2_PLACEMENT_3D('',#3967,#3968,#3969);
#3967 = CARTESIAN_POINT('',(1.473200000001,0.3556,-1.1938));
#3968 = DIRECTION('',(-1.,1.054097926503E-13,0.));
#3969 = DIRECTION('',(-1.054097926503E-13,-1.,0.));
#3970 = ORIENTED_EDGE('',*,*,#3971,.T.);
#3971 = EDGE_CURVE('',#3963,#3853,#3972,.T.);
#3972 = LINE('',#3973,#3974);
#3973 = CARTESIAN_POINT('',(-2.7432,0.127,-0.46689832852));
#3974 = VECTOR('',#3975,1.);
#3975 = DIRECTION('',(1.,0.,0.));
#3976 = CYLINDRICAL_SURFACE('',#3977,0.762);
#3977 = AXIS2_PLACEMENT_3D('',#3978,#3979,#3980);
#3978 = CARTESIAN_POINT('',(-2.7432,0.3556,-1.1938));
#3979 = DIRECTION('',(1.,0.,0.));
#3980 = DIRECTION('',(0.,0.,-1.));
#3981 = ADVANCED_FACE('',(#3982),#4007,.T.);
#3982 = FACE_BOUND('',#3983,.T.);
#3983 = EDGE_LOOP('',(#3984,#3992,#3993,#4001));
#3984 = ORIENTED_EDGE('',*,*,#3985,.F.);
#3985 = EDGE_CURVE('',#3880,#3986,#3988,.T.);
#3986 = VERTEX_POINT('',#3987);
#3987 = CARTESIAN_POINT('',(-2.336800000001,-0.4064,-2.921));
#3988 = LINE('',#3989,#3990);
#3989 = CARTESIAN_POINT('',(-2.336800000001,-0.4064,-1.1938));
#3990 = VECTOR('',#3991,1.);
#3991 = DIRECTION('',(0.,0.,-1.));
#3992 = ORIENTED_EDGE('',*,*,#3879,.F.);
#3993 = ORIENTED_EDGE('',*,*,#3994,.T.);
#3994 = EDGE_CURVE('',#3871,#3995,#3997,.T.);
#3995 = VERTEX_POINT('',#3996);
#3996 = CARTESIAN_POINT('',(-2.7432,-0.4064,-2.921));
#3997 = LINE('',#3998,#3999);
#3998 = CARTESIAN_POINT('',(-2.7432,-0.4064,-1.1938));
#3999 = VECTOR('',#4000,1.);
#4000 = DIRECTION('',(0.,0.,-1.));
#4001 = ORIENTED_EDGE('',*,*,#4002,.T.);
#4002 = EDGE_CURVE('',#3995,#3986,#4003,.T.);
#4003 = LINE('',#4004,#4005);
#4004 = CARTESIAN_POINT('',(-2.7432,-0.4064,-2.921));
#4005 = VECTOR('',#4006,1.);
#4006 = DIRECTION('',(1.,0.,0.));
#4007 = PLANE('',#4008);
#4008 = AXIS2_PLACEMENT_3D('',#4009,#4010,#4011);
#4009 = CARTESIAN_POINT('',(-2.7432,-0.4064,-1.1938));
#4010 = DIRECTION('',(0.,-1.,0.));
#4011 = DIRECTION('',(0.,0.,-1.));
#4012 = ADVANCED_FACE('',(#4013),#4038,.T.);
#4013 = FACE_BOUND('',#4014,.T.);
#4014 = EDGE_LOOP('',(#4015,#4023,#4024,#4032));
#4015 = ORIENTED_EDGE('',*,*,#4016,.F.);
#4016 = EDGE_CURVE('',#3986,#4017,#4019,.T.);
#4017 = VERTEX_POINT('',#4018);
#4018 = CARTESIAN_POINT('',(-2.336800000001,0.,-2.921));
#4019 = LINE('',#4020,#4021);
#4020 = CARTESIAN_POINT('',(-2.336800000001,-0.4064,-2.921));
#4021 = VECTOR('',#4022,1.);
#4022 = DIRECTION('',(0.,1.,0.));
#4023 = ORIENTED_EDGE('',*,*,#4002,.F.);
#4024 = ORIENTED_EDGE('',*,*,#4025,.T.);
#4025 = EDGE_CURVE('',#3995,#4026,#4028,.T.);
#4026 = VERTEX_POINT('',#4027);
#4027 = CARTESIAN_POINT('',(-2.7432,0.,-2.921));
#4028 = LINE('',#4029,#4030);
#4029 = CARTESIAN_POINT('',(-2.7432,-0.4064,-2.921));
#4030 = VECTOR('',#4031,1.);
#4031 = DIRECTION('',(0.,1.,0.));
#4032 = ORIENTED_EDGE('',*,*,#4033,.T.);
#4033 = EDGE_CURVE('',#4026,#4017,#4034,.T.);
#4034 = LINE('',#4035,#4036);
#4035 = CARTESIAN_POINT('',(-2.7432,0.,-2.921));
#4036 = VECTOR('',#4037,1.);
#4037 = DIRECTION('',(1.,0.,0.));
#4038 = PLANE('',#4039);
#4039 = AXIS2_PLACEMENT_3D('',#4040,#4041,#4042);
#4040 = CARTESIAN_POINT('',(-2.7432,-0.4064,-2.921));
#4041 = DIRECTION('',(0.,0.,-1.));
#4042 = DIRECTION('',(-1.,0.,0.));
#4043 = ADVANCED_FACE('',(#4044),#4069,.T.);
#4044 = FACE_BOUND('',#4045,.T.);
#4045 = EDGE_LOOP('',(#4046,#4054,#4055,#4063));
#4046 = ORIENTED_EDGE('',*,*,#4047,.F.);
#4047 = EDGE_CURVE('',#4017,#4048,#4050,.T.);
#4048 = VERTEX_POINT('',#4049);
#4049 = CARTESIAN_POINT('',(-2.336800000001,0.,-1.1938));
#4050 = LINE('',#4051,#4052);
#4051 = CARTESIAN_POINT('',(-2.336800000001,0.,-2.921));
#4052 = VECTOR('',#4053,1.);
#4053 = DIRECTION('',(0.,0.,1.));
#4054 = ORIENTED_EDGE('',*,*,#4033,.F.);
#4055 = ORIENTED_EDGE('',*,*,#4056,.T.);
#4056 = EDGE_CURVE('',#4026,#4057,#4059,.T.);
#4057 = VERTEX_POINT('',#4058);
#4058 = CARTESIAN_POINT('',(-2.7432,0.,-1.1938));
#4059 = LINE('',#4060,#4061);
#4060 = CARTESIAN_POINT('',(-2.7432,0.,-2.921));
#4061 = VECTOR('',#4062,1.);
#4062 = DIRECTION('',(0.,0.,1.));
#4063 = ORIENTED_EDGE('',*,*,#4064,.T.);
#4064 = EDGE_CURVE('',#4057,#4048,#4065,.T.);
#4065 = LINE('',#4066,#4067);
#4066 = CARTESIAN_POINT('',(-2.7432,0.,-1.1938));
#4067 = VECTOR('',#4068,1.);
#4068 = DIRECTION('',(1.,0.,0.));
#4069 = PLANE('',#4070);
#4070 = AXIS2_PLACEMENT_3D('',#4071,#4072,#4073);
#4071 = CARTESIAN_POINT('',(-2.7432,0.,-2.921));
#4072 = DIRECTION('',(0.,1.,0.));
#4073 = DIRECTION('',(0.,-0.,1.));
#4074 = ADVANCED_FACE('',(#4075),#4202,.F.);
#4075 = FACE_BOUND('',#4076,.F.);
#4076 = EDGE_LOOP('',(#4077,#4086,#4094,#4101,#4102,#4111,#4119,#4126,
    #4127,#4136,#4144,#4151,#4152,#4161,#4169,#4176,#4177,#4186,#4194,
    #4201));
#4077 = ORIENTED_EDGE('',*,*,#4078,.F.);
#4078 = EDGE_CURVE('',#4079,#3378,#4081,.T.);
#4079 = VERTEX_POINT('',#4080);
#4080 = CARTESIAN_POINT('',(2.7432,0.3048,-0.841847275902));
#4081 = CIRCLE('',#4082,0.3556);
#4082 = AXIS2_PLACEMENT_3D('',#4083,#4084,#4085);
#4083 = CARTESIAN_POINT('',(2.7432,0.3556,-1.1938));
#4084 = DIRECTION('',(1.,0.,0.));
#4085 = DIRECTION('',(0.,0.,-1.));
#4086 = ORIENTED_EDGE('',*,*,#4087,.F.);
#4087 = EDGE_CURVE('',#4088,#4079,#4090,.T.);
#4088 = VERTEX_POINT('',#4089);
#4089 = CARTESIAN_POINT('',(-2.7432,0.3048,-0.841847275902));
#4090 = LINE('',#4091,#4092);
#4091 = CARTESIAN_POINT('',(-2.7432,0.3048,-0.841847275902));
#4092 = VECTOR('',#4093,1.);
#4093 = DIRECTION('',(1.,0.,0.));
#4094 = ORIENTED_EDGE('',*,*,#4095,.T.);
#4095 = EDGE_CURVE('',#4088,#4057,#4096,.T.);
#4096 = CIRCLE('',#4097,0.3556);
#4097 = AXIS2_PLACEMENT_3D('',#4098,#4099,#4100);
#4098 = CARTESIAN_POINT('',(-2.7432,0.3556,-1.1938));
#4099 = DIRECTION('',(1.,0.,0.));
#4100 = DIRECTION('',(0.,0.,-1.));
#4101 = ORIENTED_EDGE('',*,*,#4064,.T.);
#4102 = ORIENTED_EDGE('',*,*,#4103,.T.);
#4103 = EDGE_CURVE('',#4048,#4104,#4106,.T.);
#4104 = VERTEX_POINT('',#4105);
#4105 = CARTESIAN_POINT('',(-2.336800000001,0.127,-0.921415345513));
#4106 = CIRCLE('',#4107,0.3556);
#4107 = AXIS2_PLACEMENT_3D('',#4108,#4109,#4110);
#4108 = CARTESIAN_POINT('',(-2.336800000001,0.3556,-1.1938));
#4109 = DIRECTION('',(-1.,0.,0.));
#4110 = DIRECTION('',(0.,0.,1.));
#4111 = ORIENTED_EDGE('',*,*,#4112,.T.);
#4112 = EDGE_CURVE('',#4104,#4113,#4115,.T.);
#4113 = VERTEX_POINT('',#4114);
#4114 = CARTESIAN_POINT('',(-1.473200000001,0.127,-0.921415345513));
#4115 = LINE('',#4116,#4117);
#4116 = CARTESIAN_POINT('',(-2.7432,0.127,-0.921415345513));
#4117 = VECTOR('',#4118,1.);
#4118 = DIRECTION('',(1.,0.,0.));
#4119 = ORIENTED_EDGE('',*,*,#4120,.T.);
#4120 = EDGE_CURVE('',#4113,#3472,#4121,.T.);
#4121 = CIRCLE('',#4122,0.3556);
#4122 = AXIS2_PLACEMENT_3D('',#4123,#4124,#4125);
#4123 = CARTESIAN_POINT('',(-1.473200000001,0.3556,-1.1938));
#4124 = DIRECTION('',(1.,1.051402023877E-13,0.));
#4125 = DIRECTION('',(-1.051402023877E-13,1.,0.));
#4126 = ORIENTED_EDGE('',*,*,#3479,.T.);
#4127 = ORIENTED_EDGE('',*,*,#4128,.T.);
#4128 = EDGE_CURVE('',#3463,#4129,#4131,.T.);
#4129 = VERTEX_POINT('',#4130);
#4130 = CARTESIAN_POINT('',(-1.066800000001,0.127,-0.921415345513));
#4131 = CIRCLE('',#4132,0.3556);
#4132 = AXIS2_PLACEMENT_3D('',#4133,#4134,#4135);
#4133 = CARTESIAN_POINT('',(-1.0668,0.3556,-1.1938));
#4134 = DIRECTION('',(-1.,1.054996560711E-13,0.));
#4135 = DIRECTION('',(-1.054996560711E-13,-1.,0.));
#4136 = ORIENTED_EDGE('',*,*,#4137,.T.);
#4137 = EDGE_CURVE('',#4129,#4138,#4140,.T.);
#4138 = VERTEX_POINT('',#4139);
#4139 = CARTESIAN_POINT('',(-0.2032,0.127,-0.921415345513));
#4140 = LINE('',#4141,#4142);
#4141 = CARTESIAN_POINT('',(-2.7432,0.127,-0.921415345513));
#4142 = VECTOR('',#4143,1.);
#4143 = DIRECTION('',(1.,0.,0.));
#4144 = ORIENTED_EDGE('',*,*,#4145,.T.);
#4145 = EDGE_CURVE('',#4138,#3441,#4146,.T.);
#4146 = CIRCLE('',#4147,0.3556);
#4147 = AXIS2_PLACEMENT_3D('',#4148,#4149,#4150);
#4148 = CARTESIAN_POINT('',(-0.2032,0.3556,-1.1938));
#4149 = DIRECTION('',(1.,1.051739011706E-13,0.));
#4150 = DIRECTION('',(-1.051739011706E-13,1.,0.));
#4151 = ORIENTED_EDGE('',*,*,#3448,.T.);
#4152 = ORIENTED_EDGE('',*,*,#4153,.T.);
#4153 = EDGE_CURVE('',#3432,#4154,#4156,.T.);
#4154 = VERTEX_POINT('',#4155);
#4155 = CARTESIAN_POINT('',(0.2032,0.127,-0.921415345513));
#4156 = CIRCLE('',#4157,0.3556);
#4157 = AXIS2_PLACEMENT_3D('',#4158,#4159,#4160);
#4158 = CARTESIAN_POINT('',(0.2032,0.3556,-1.1938));
#4159 = DIRECTION('',(-1.,1.054659572883E-13,0.));
#4160 = DIRECTION('',(-1.054659572883E-13,-1.,0.));
#4161 = ORIENTED_EDGE('',*,*,#4162,.T.);
#4162 = EDGE_CURVE('',#4154,#4163,#4165,.T.);
#4163 = VERTEX_POINT('',#4164);
#4164 = CARTESIAN_POINT('',(1.066800000001,0.127,-0.921415345513));
#4165 = LINE('',#4166,#4167);
#4166 = CARTESIAN_POINT('',(-2.7432,0.127,-0.921415345513));
#4167 = VECTOR('',#4168,1.);
#4168 = DIRECTION('',(1.,0.,0.));
#4169 = ORIENTED_EDGE('',*,*,#4170,.T.);
#4170 = EDGE_CURVE('',#4163,#3410,#4171,.T.);
#4171 = CIRCLE('',#4172,0.3556);
#4172 = AXIS2_PLACEMENT_3D('',#4173,#4174,#4175);
#4173 = CARTESIAN_POINT('',(1.0668,0.3556,-1.1938));
#4174 = DIRECTION('',(1.,1.052300658086E-13,0.));
#4175 = DIRECTION('',(-1.052300658086E-13,1.,0.));
#4176 = ORIENTED_EDGE('',*,*,#3417,.T.);
#4177 = ORIENTED_EDGE('',*,*,#4178,.T.);
#4178 = EDGE_CURVE('',#3401,#4179,#4181,.T.);
#4179 = VERTEX_POINT('',#4180);
#4180 = CARTESIAN_POINT('',(1.473200000001,0.127,-0.921415345513));
#4181 = CIRCLE('',#4182,0.3556);
#4182 = AXIS2_PLACEMENT_3D('',#4183,#4184,#4185);
#4183 = CARTESIAN_POINT('',(1.473200000001,0.3556,-1.1938));
#4184 = DIRECTION('',(-1.,1.054097926503E-13,0.));
#4185 = DIRECTION('',(-1.054097926503E-13,-1.,0.));
#4186 = ORIENTED_EDGE('',*,*,#4187,.T.);
#4187 = EDGE_CURVE('',#4179,#4188,#4190,.T.);
#4188 = VERTEX_POINT('',#4189);
#4189 = CARTESIAN_POINT('',(2.336800000001,0.127,-0.921415345513));
#4190 = LINE('',#4191,#4192);
#4191 = CARTESIAN_POINT('',(-2.7432,0.127,-0.921415345513));
#4192 = VECTOR('',#4193,1.);
#4193 = DIRECTION('',(1.,0.,0.));
#4194 = ORIENTED_EDGE('',*,*,#4195,.T.);
#4195 = EDGE_CURVE('',#4188,#3370,#4196,.T.);
#4196 = CIRCLE('',#4197,0.3556);
#4197 = AXIS2_PLACEMENT_3D('',#4198,#4199,#4200);
#4198 = CARTESIAN_POINT('',(2.336800000001,0.3556,-1.1938));
#4199 = DIRECTION('',(1.,1.051402023877E-13,0.));
#4200 = DIRECTION('',(-1.051402023877E-13,1.,0.));
#4201 = ORIENTED_EDGE('',*,*,#3377,.T.);
#4202 = CYLINDRICAL_SURFACE('',#4203,0.3556);
#4203 = AXIS2_PLACEMENT_3D('',#4204,#4205,#4206);
#4204 = CARTESIAN_POINT('',(-2.7432,0.3556,-1.1938));
#4205 = DIRECTION('',(1.,0.,0.));
#4206 = DIRECTION('',(0.,0.,-1.));
#4207 = ADVANCED_FACE('',(#4208),#4233,.T.);
#4208 = FACE_BOUND('',#4209,.T.);
#4209 = EDGE_LOOP('',(#4210,#4218,#4219,#4227));
#4210 = ORIENTED_EDGE('',*,*,#4211,.F.);
#4211 = EDGE_CURVE('',#4079,#4212,#4214,.T.);
#4212 = VERTEX_POINT('',#4213);
#4213 = CARTESIAN_POINT('',(2.7432,0.5588,-0.841847275902));
#4214 = LINE('',#4215,#4216);
#4215 = CARTESIAN_POINT('',(2.7432,0.3048,-0.841847275902));
#4216 = VECTOR('',#4217,1.);
#4217 = DIRECTION('',(0.,1.,0.));
#4218 = ORIENTED_EDGE('',*,*,#4087,.F.);
#4219 = ORIENTED_EDGE('',*,*,#4220,.T.);
#4220 = EDGE_CURVE('',#4088,#4221,#4223,.T.);
#4221 = VERTEX_POINT('',#4222);
#4222 = CARTESIAN_POINT('',(-2.7432,0.5588,-0.841847275902));
#4223 = LINE('',#4224,#4225);
#4224 = CARTESIAN_POINT('',(-2.7432,0.3048,-0.841847275902));
#4225 = VECTOR('',#4226,1.);
#4226 = DIRECTION('',(0.,1.,0.));
#4227 = ORIENTED_EDGE('',*,*,#4228,.T.);
#4228 = EDGE_CURVE('',#4221,#4212,#4229,.T.);
#4229 = LINE('',#4230,#4231);
#4230 = CARTESIAN_POINT('',(-2.7432,0.5588,-0.841847275902));
#4231 = VECTOR('',#4232,1.);
#4232 = DIRECTION('',(1.,0.,0.));
#4233 = PLANE('',#4234);
#4234 = AXIS2_PLACEMENT_3D('',#4235,#4236,#4237);
#4235 = CARTESIAN_POINT('',(-2.7432,0.3048,-0.841847275902));
#4236 = DIRECTION('',(0.,0.,-1.));
#4237 = DIRECTION('',(-1.,0.,0.));
#4238 = ADVANCED_FACE('',(#4239),#4264,.T.);
#4239 = FACE_BOUND('',#4240,.T.);
#4240 = EDGE_LOOP('',(#4241,#4249,#4250,#4258));
#4241 = ORIENTED_EDGE('',*,*,#4242,.F.);
#4242 = EDGE_CURVE('',#4212,#4243,#4245,.T.);
#4243 = VERTEX_POINT('',#4244);
#4244 = CARTESIAN_POINT('',(2.7432,0.5588,0.841847275902));
#4245 = LINE('',#4246,#4247);
#4246 = CARTESIAN_POINT('',(2.7432,0.5588,-0.841847275902));
#4247 = VECTOR('',#4248,1.);
#4248 = DIRECTION('',(0.,0.,1.));
#4249 = ORIENTED_EDGE('',*,*,#4228,.F.);
#4250 = ORIENTED_EDGE('',*,*,#4251,.T.);
#4251 = EDGE_CURVE('',#4221,#4252,#4254,.T.);
#4252 = VERTEX_POINT('',#4253);
#4253 = CARTESIAN_POINT('',(-2.7432,0.5588,0.841847275902));
#4254 = LINE('',#4255,#4256);
#4255 = CARTESIAN_POINT('',(-2.7432,0.5588,-0.841847275902));
#4256 = VECTOR('',#4257,1.);
#4257 = DIRECTION('',(0.,0.,1.));
#4258 = ORIENTED_EDGE('',*,*,#4259,.T.);
#4259 = EDGE_CURVE('',#4252,#4243,#4260,.T.);
#4260 = LINE('',#4261,#4262);
#4261 = CARTESIAN_POINT('',(-2.7432,0.5588,0.841847275902));
#4262 = VECTOR('',#4263,1.);
#4263 = DIRECTION('',(1.,0.,0.));
#4264 = PLANE('',#4265);
#4265 = AXIS2_PLACEMENT_3D('',#4266,#4267,#4268);
#4266 = CARTESIAN_POINT('',(-2.7432,0.5588,-0.841847275902));
#4267 = DIRECTION('',(0.,1.,0.));
#4268 = DIRECTION('',(0.,-0.,1.));
#4269 = ADVANCED_FACE('',(#4270),#4295,.T.);
#4270 = FACE_BOUND('',#4271,.T.);
#4271 = EDGE_LOOP('',(#4272,#4280,#4281,#4289));
#4272 = ORIENTED_EDGE('',*,*,#4273,.F.);
#4273 = EDGE_CURVE('',#4243,#4274,#4276,.T.);
#4274 = VERTEX_POINT('',#4275);
#4275 = CARTESIAN_POINT('',(2.7432,0.3048,0.841847275902));
#4276 = LINE('',#4277,#4278);
#4277 = CARTESIAN_POINT('',(2.7432,0.5588,0.841847275902));
#4278 = VECTOR('',#4279,1.);
#4279 = DIRECTION('',(0.,-1.,0.));
#4280 = ORIENTED_EDGE('',*,*,#4259,.F.);
#4281 = ORIENTED_EDGE('',*,*,#4282,.T.);
#4282 = EDGE_CURVE('',#4252,#4283,#4285,.T.);
#4283 = VERTEX_POINT('',#4284);
#4284 = CARTESIAN_POINT('',(-2.7432,0.3048,0.841847275902));
#4285 = LINE('',#4286,#4287);
#4286 = CARTESIAN_POINT('',(-2.7432,0.5588,0.841847275902));
#4287 = VECTOR('',#4288,1.);
#4288 = DIRECTION('',(0.,-1.,0.));
#4289 = ORIENTED_EDGE('',*,*,#4290,.T.);
#4290 = EDGE_CURVE('',#4283,#4274,#4291,.T.);
#4291 = LINE('',#4292,#4293);
#4292 = CARTESIAN_POINT('',(-2.7432,0.3048,0.841847275902));
#4293 = VECTOR('',#4294,1.);
#4294 = DIRECTION('',(1.,0.,0.));
#4295 = PLANE('',#4296);
#4296 = AXIS2_PLACEMENT_3D('',#4297,#4298,#4299);
#4297 = CARTESIAN_POINT('',(-2.7432,0.5588,0.841847275902));
#4298 = DIRECTION('',(0.,0.,1.));
#4299 = DIRECTION('',(1.,0.,-0.));
#4300 = ADVANCED_FACE('',(#4301),#4428,.F.);
#4301 = FACE_BOUND('',#4302,.F.);
#4302 = EDGE_LOOP('',(#4303,#4312,#4313,#4322,#4330,#4337,#4338,#4347,
    #4355,#4362,#4363,#4372,#4380,#4389,#4397,#4404,#4405,#4412,#4413,
    #4422));
#4303 = ORIENTED_EDGE('',*,*,#4304,.T.);
#4304 = EDGE_CURVE('',#4305,#3525,#4307,.T.);
#4305 = VERTEX_POINT('',#4306);
#4306 = CARTESIAN_POINT('',(1.473200000001,0.127,0.921415345513));
#4307 = CIRCLE('',#4308,0.3556);
#4308 = AXIS2_PLACEMENT_3D('',#4309,#4310,#4311);
#4309 = CARTESIAN_POINT('',(1.473200000001,0.3556,1.1938));
#4310 = DIRECTION('',(-1.,1.054097926503E-13,0.));
#4311 = DIRECTION('',(-1.054097926503E-13,-1.,0.));
#4312 = ORIENTED_EDGE('',*,*,#3532,.F.);
#4313 = ORIENTED_EDGE('',*,*,#4314,.T.);
#4314 = EDGE_CURVE('',#3533,#4315,#4317,.T.);
#4315 = VERTEX_POINT('',#4316);
#4316 = CARTESIAN_POINT('',(1.066800000001,0.127,0.921415345513));
#4317 = CIRCLE('',#4318,0.3556);
#4318 = AXIS2_PLACEMENT_3D('',#4319,#4320,#4321);
#4319 = CARTESIAN_POINT('',(1.0668,0.3556,1.1938));
#4320 = DIRECTION('',(1.,1.052300658086E-13,0.));
#4321 = DIRECTION('',(-1.052300658086E-13,1.,0.));
#4322 = ORIENTED_EDGE('',*,*,#4323,.F.);
#4323 = EDGE_CURVE('',#4324,#4315,#4326,.T.);
#4324 = VERTEX_POINT('',#4325);
#4325 = CARTESIAN_POINT('',(0.2032,0.127,0.921415345513));
#4326 = LINE('',#4327,#4328);
#4327 = CARTESIAN_POINT('',(-2.7432,0.127,0.921415345513));
#4328 = VECTOR('',#4329,1.);
#4329 = DIRECTION('',(1.,0.,0.));
#4330 = ORIENTED_EDGE('',*,*,#4331,.T.);
#4331 = EDGE_CURVE('',#4324,#3556,#4332,.T.);
#4332 = CIRCLE('',#4333,0.3556);
#4333 = AXIS2_PLACEMENT_3D('',#4334,#4335,#4336);
#4334 = CARTESIAN_POINT('',(0.2032,0.3556,1.1938));
#4335 = DIRECTION('',(-1.,1.054659572883E-13,0.));
#4336 = DIRECTION('',(-1.054659572883E-13,-1.,0.));
#4337 = ORIENTED_EDGE('',*,*,#3563,.F.);
#4338 = ORIENTED_EDGE('',*,*,#4339,.T.);
#4339 = EDGE_CURVE('',#3564,#4340,#4342,.T.);
#4340 = VERTEX_POINT('',#4341);
#4341 = CARTESIAN_POINT('',(-0.2032,0.127,0.921415345513));
#4342 = CIRCLE('',#4343,0.3556);
#4343 = AXIS2_PLACEMENT_3D('',#4344,#4345,#4346);
#4344 = CARTESIAN_POINT('',(-0.2032,0.3556,1.1938));
#4345 = DIRECTION('',(1.,1.051739011706E-13,0.));
#4346 = DIRECTION('',(-1.051739011706E-13,1.,0.));
#4347 = ORIENTED_EDGE('',*,*,#4348,.F.);
#4348 = EDGE_CURVE('',#4349,#4340,#4351,.T.);
#4349 = VERTEX_POINT('',#4350);
#4350 = CARTESIAN_POINT('',(-1.066800000001,0.127,0.921415345513));
#4351 = LINE('',#4352,#4353);
#4352 = CARTESIAN_POINT('',(-2.7432,0.127,0.921415345513));
#4353 = VECTOR('',#4354,1.);
#4354 = DIRECTION('',(1.,0.,0.));
#4355 = ORIENTED_EDGE('',*,*,#4356,.T.);
#4356 = EDGE_CURVE('',#4349,#3587,#4357,.T.);
#4357 = CIRCLE('',#4358,0.3556);
#4358 = AXIS2_PLACEMENT_3D('',#4359,#4360,#4361);
#4359 = CARTESIAN_POINT('',(-1.0668,0.3556,1.1938));
#4360 = DIRECTION('',(-1.,1.054996560711E-13,0.));
#4361 = DIRECTION('',(-1.054996560711E-13,-1.,0.));
#4362 = ORIENTED_EDGE('',*,*,#3594,.F.);
#4363 = ORIENTED_EDGE('',*,*,#4364,.T.);
#4364 = EDGE_CURVE('',#3595,#4365,#4367,.T.);
#4365 = VERTEX_POINT('',#4366);
#4366 = CARTESIAN_POINT('',(-1.473200000001,0.127,0.921415345513));
#4367 = CIRCLE('',#4368,0.3556);
#4368 = AXIS2_PLACEMENT_3D('',#4369,#4370,#4371);
#4369 = CARTESIAN_POINT('',(-1.473200000001,0.3556,1.1938));
#4370 = DIRECTION('',(1.,1.051402023877E-13,0.));
#4371 = DIRECTION('',(-1.051402023877E-13,1.,0.));
#4372 = ORIENTED_EDGE('',*,*,#4373,.F.);
#4373 = EDGE_CURVE('',#4374,#4365,#4376,.T.);
#4374 = VERTEX_POINT('',#4375);
#4375 = CARTESIAN_POINT('',(-2.336800000001,0.127,0.921415345513));
#4376 = LINE('',#4377,#4378);
#4377 = CARTESIAN_POINT('',(-2.7432,0.127,0.921415345513));
#4378 = VECTOR('',#4379,1.);
#4379 = DIRECTION('',(1.,0.,0.));
#4380 = ORIENTED_EDGE('',*,*,#4381,.T.);
#4381 = EDGE_CURVE('',#4374,#4382,#4384,.T.);
#4382 = VERTEX_POINT('',#4383);
#4383 = CARTESIAN_POINT('',(-2.336800000001,1.89735380185E-15,1.1938));
#4384 = CIRCLE('',#4385,0.3556);
#4385 = AXIS2_PLACEMENT_3D('',#4386,#4387,#4388);
#4386 = CARTESIAN_POINT('',(-2.336800000001,0.3556,1.1938));
#4387 = DIRECTION('',(-1.,0.,0.));
#4388 = DIRECTION('',(0.,0.,1.));
#4389 = ORIENTED_EDGE('',*,*,#4390,.F.);
#4390 = EDGE_CURVE('',#4391,#4382,#4393,.T.);
#4391 = VERTEX_POINT('',#4392);
#4392 = CARTESIAN_POINT('',(-2.7432,1.89735380185E-15,1.1938));
#4393 = LINE('',#4394,#4395);
#4394 = CARTESIAN_POINT('',(-2.7432,1.89735380185E-15,1.1938));
#4395 = VECTOR('',#4396,1.);
#4396 = DIRECTION('',(1.,0.,0.));
#4397 = ORIENTED_EDGE('',*,*,#4398,.T.);
#4398 = EDGE_CURVE('',#4391,#4283,#4399,.T.);
#4399 = CIRCLE('',#4400,0.3556);
#4400 = AXIS2_PLACEMENT_3D('',#4401,#4402,#4403);
#4401 = CARTESIAN_POINT('',(-2.7432,0.3556,1.1938));
#4402 = DIRECTION('',(1.,0.,0.));
#4403 = DIRECTION('',(0.,0.,-1.));
#4404 = ORIENTED_EDGE('',*,*,#4290,.T.);
#4405 = ORIENTED_EDGE('',*,*,#4406,.F.);
#4406 = EDGE_CURVE('',#3503,#4274,#4407,.T.);
#4407 = CIRCLE('',#4408,0.3556);
#4408 = AXIS2_PLACEMENT_3D('',#4409,#4410,#4411);
#4409 = CARTESIAN_POINT('',(2.7432,0.3556,1.1938));
#4410 = DIRECTION('',(1.,0.,0.));
#4411 = DIRECTION('',(0.,0.,-1.));
#4412 = ORIENTED_EDGE('',*,*,#3510,.F.);
#4413 = ORIENTED_EDGE('',*,*,#4414,.T.);
#4414 = EDGE_CURVE('',#3494,#4415,#4417,.T.);
#4415 = VERTEX_POINT('',#4416);
#4416 = CARTESIAN_POINT('',(2.336800000001,0.127,0.921415345513));
#4417 = CIRCLE('',#4418,0.3556);
#4418 = AXIS2_PLACEMENT_3D('',#4419,#4420,#4421);
#4419 = CARTESIAN_POINT('',(2.336800000001,0.3556,1.1938));
#4420 = DIRECTION('',(1.,1.051402023877E-13,0.));
#4421 = DIRECTION('',(-1.051402023877E-13,1.,0.));
#4422 = ORIENTED_EDGE('',*,*,#4423,.F.);
#4423 = EDGE_CURVE('',#4305,#4415,#4424,.T.);
#4424 = LINE('',#4425,#4426);
#4425 = CARTESIAN_POINT('',(-2.7432,0.127,0.921415345513));
#4426 = VECTOR('',#4427,1.);
#4427 = DIRECTION('',(1.,0.,0.));
#4428 = CYLINDRICAL_SURFACE('',#4429,0.3556);
#4429 = AXIS2_PLACEMENT_3D('',#4430,#4431,#4432);
#4430 = CARTESIAN_POINT('',(-2.7432,0.3556,1.1938));
#4431 = DIRECTION('',(1.,0.,0.));
#4432 = DIRECTION('',(0.,0.,-1.));
#4433 = ADVANCED_FACE('',(#4434),#4450,.T.);
#4434 = FACE_BOUND('',#4435,.T.);
#4435 = EDGE_LOOP('',(#4436,#4442,#4443,#4449));
#4436 = ORIENTED_EDGE('',*,*,#4437,.F.);
#4437 = EDGE_CURVE('',#4382,#3618,#4438,.T.);
#4438 = LINE('',#4439,#4440);
#4439 = CARTESIAN_POINT('',(-2.336800000001,0.,1.1938));
#4440 = VECTOR('',#4441,1.);
#4441 = DIRECTION('',(0.,0.,1.));
#4442 = ORIENTED_EDGE('',*,*,#4390,.F.);
#4443 = ORIENTED_EDGE('',*,*,#4444,.T.);
#4444 = EDGE_CURVE('',#4391,#3628,#4445,.T.);
#4445 = LINE('',#4446,#4447);
#4446 = CARTESIAN_POINT('',(-2.7432,0.,1.1938));
#4447 = VECTOR('',#4448,1.);
#4448 = DIRECTION('',(0.,0.,1.));
#4449 = ORIENTED_EDGE('',*,*,#3627,.T.);
#4450 = PLANE('',#4451);
#4451 = AXIS2_PLACEMENT_3D('',#4452,#4453,#4454);
#4452 = CARTESIAN_POINT('',(-2.7432,0.,1.1938));
#4453 = DIRECTION('',(0.,1.,0.));
#4454 = DIRECTION('',(0.,-0.,1.));
#4455 = ADVANCED_FACE('',(#4456),#4472,.F.);
#4456 = FACE_BOUND('',#4457,.T.);
#4457 = EDGE_LOOP('',(#4458,#4459,#4460,#4461,#4462,#4463,#4464,#4465,
    #4466,#4467,#4468,#4469,#4470,#4471));
#4458 = ORIENTED_EDGE('',*,*,#4095,.T.);
#4459 = ORIENTED_EDGE('',*,*,#4056,.F.);
#4460 = ORIENTED_EDGE('',*,*,#4025,.F.);
#4461 = ORIENTED_EDGE('',*,*,#3994,.F.);
#4462 = ORIENTED_EDGE('',*,*,#3870,.F.);
#4463 = ORIENTED_EDGE('',*,*,#3830,.F.);
#4464 = ORIENTED_EDGE('',*,*,#3788,.F.);
#4465 = ORIENTED_EDGE('',*,*,#3666,.F.);
#4466 = ORIENTED_EDGE('',*,*,#3635,.F.);
#4467 = ORIENTED_EDGE('',*,*,#4444,.F.);
#4468 = ORIENTED_EDGE('',*,*,#4398,.T.);
#4469 = ORIENTED_EDGE('',*,*,#4282,.F.);
#4470 = ORIENTED_EDGE('',*,*,#4251,.F.);
#4471 = ORIENTED_EDGE('',*,*,#4220,.F.);
#4472 = PLANE('',#4473);
#4473 = AXIS2_PLACEMENT_3D('',#4474,#4475,#4476);
#4474 = CARTESIAN_POINT('',(-2.7432,0.3556,1.1938));
#4475 = DIRECTION('',(1.,0.,0.));
#4476 = DIRECTION('',(0.,0.,-1.));
#4477 = ADVANCED_FACE('',(#4478),#4494,.T.);
#4478 = FACE_BOUND('',#4479,.T.);
#4479 = EDGE_LOOP('',(#4480,#4481,#4482,#4483,#4484,#4485,#4486,#4487,
    #4488,#4489,#4490,#4491,#4492,#4493));
#4480 = ORIENTED_EDGE('',*,*,#3862,.T.);
#4481 = ORIENTED_EDGE('',*,*,#3103,.T.);
#4482 = ORIENTED_EDGE('',*,*,#3261,.T.);
#4483 = ORIENTED_EDGE('',*,*,#3385,.T.);
#4484 = ORIENTED_EDGE('',*,*,#4078,.F.);
#4485 = ORIENTED_EDGE('',*,*,#4211,.T.);
#4486 = ORIENTED_EDGE('',*,*,#4242,.T.);
#4487 = ORIENTED_EDGE('',*,*,#4273,.T.);
#4488 = ORIENTED_EDGE('',*,*,#4406,.F.);
#4489 = ORIENTED_EDGE('',*,*,#3502,.T.);
#4490 = ORIENTED_EDGE('',*,*,#2819,.T.);
#4491 = ORIENTED_EDGE('',*,*,#2977,.T.);
#4492 = ORIENTED_EDGE('',*,*,#3805,.T.);
#4493 = ORIENTED_EDGE('',*,*,#3821,.T.);
#4494 = PLANE('',#4495);
#4495 = AXIS2_PLACEMENT_3D('',#4496,#4497,#4498);
#4496 = CARTESIAN_POINT('',(2.7432,0.3556,1.1938));
#4497 = DIRECTION('',(1.,0.,0.));
#4498 = DIRECTION('',(0.,0.,-1.));
#4499 = ADVANCED_FACE('',(#4500),#4513,.F.);
#4500 = FACE_BOUND('',#4501,.T.);
#4501 = EDGE_LOOP('',(#4502,#4503,#4504,#4505,#4506,#4507));
#4502 = ORIENTED_EDGE('',*,*,#3763,.F.);
#4503 = ORIENTED_EDGE('',*,*,#3063,.T.);
#4504 = ORIENTED_EDGE('',*,*,#2939,.T.);
#4505 = ORIENTED_EDGE('',*,*,#3602,.T.);
#4506 = ORIENTED_EDGE('',*,*,#4364,.T.);
#4507 = ORIENTED_EDGE('',*,*,#4508,.T.);
#4508 = EDGE_CURVE('',#4365,#3764,#4509,.T.);
#4509 = LINE('',#4510,#4511);
#4510 = CARTESIAN_POINT('',(-1.473200000001,0.127,12.7));
#4511 = VECTOR('',#4512,1.);
#4512 = DIRECTION('',(0.,0.,-1.));
#4513 = PLANE('',#4514);
#4514 = AXIS2_PLACEMENT_3D('',#4515,#4516,#4517);
#4515 = CARTESIAN_POINT('',(-1.473200000001,0.127,12.7));
#4516 = DIRECTION('',(1.,1.051402023877E-13,0.));
#4517 = DIRECTION('',(-1.051402023877E-13,1.,0.));
#4518 = ADVANCED_FACE('',(#4519),#4532,.F.);
#4519 = FACE_BOUND('',#4520,.T.);
#4520 = EDGE_LOOP('',(#4521,#4522,#4528,#4529,#4530,#4531));
#4521 = ORIENTED_EDGE('',*,*,#3780,.F.);
#4522 = ORIENTED_EDGE('',*,*,#4523,.F.);
#4523 = EDGE_CURVE('',#4374,#3773,#4524,.T.);
#4524 = LINE('',#4525,#4526);
#4525 = CARTESIAN_POINT('',(-2.336800000001,0.127,12.7));
#4526 = VECTOR('',#4527,1.);
#4527 = DIRECTION('',(0.,0.,-1.));
#4528 = ORIENTED_EDGE('',*,*,#4381,.T.);
#4529 = ORIENTED_EDGE('',*,*,#4437,.T.);
#4530 = ORIENTED_EDGE('',*,*,#3617,.T.);
#4531 = ORIENTED_EDGE('',*,*,#3657,.T.);
#4532 = PLANE('',#4533);
#4533 = AXIS2_PLACEMENT_3D('',#4534,#4535,#4536);
#4534 = CARTESIAN_POINT('',(-2.336800000001,-2.286,12.7));
#4535 = DIRECTION('',(-1.,0.,0.));
#4536 = DIRECTION('',(0.,0.,1.));
#4537 = ADVANCED_FACE('',(#4538),#4544,.F.);
#4538 = FACE_BOUND('',#4539,.T.);
#4539 = EDGE_LOOP('',(#4540,#4541,#4542,#4543));
#4540 = ORIENTED_EDGE('',*,*,#3772,.T.);
#4541 = ORIENTED_EDGE('',*,*,#4508,.F.);
#4542 = ORIENTED_EDGE('',*,*,#4373,.F.);
#4543 = ORIENTED_EDGE('',*,*,#4523,.T.);
#4544 = PLANE('',#4545);
#4545 = AXIS2_PLACEMENT_3D('',#4546,#4547,#4548);
#4546 = CARTESIAN_POINT('',(-2.336800000001,0.127,12.7));
#4547 = DIRECTION('',(1.255444850029E-16,1.,0.));
#4548 = DIRECTION('',(-1.,1.255444850029E-16,0.));
#4549 = ADVANCED_FACE('',(#4550),#4563,.F.);
#4550 = FACE_BOUND('',#4551,.T.);
#4551 = EDGE_LOOP('',(#4552,#4553,#4554,#4555,#4556,#4557));
#4552 = ORIENTED_EDGE('',*,*,#3738,.F.);
#4553 = ORIENTED_EDGE('',*,*,#3032,.T.);
#4554 = ORIENTED_EDGE('',*,*,#2899,.T.);
#4555 = ORIENTED_EDGE('',*,*,#3571,.T.);
#4556 = ORIENTED_EDGE('',*,*,#4339,.T.);
#4557 = ORIENTED_EDGE('',*,*,#4558,.T.);
#4558 = EDGE_CURVE('',#4340,#3739,#4559,.T.);
#4559 = LINE('',#4560,#4561);
#4560 = CARTESIAN_POINT('',(-0.2032,0.127,12.7));
#4561 = VECTOR('',#4562,1.);
#4562 = DIRECTION('',(0.,0.,-1.));
#4563 = PLANE('',#4564);
#4564 = AXIS2_PLACEMENT_3D('',#4565,#4566,#4567);
#4565 = CARTESIAN_POINT('',(-0.2032,0.127,12.7));
#4566 = DIRECTION('',(1.,1.051739011706E-13,0.));
#4567 = DIRECTION('',(-1.051739011706E-13,1.,0.));
#4568 = ADVANCED_FACE('',(#4569),#4582,.F.);
#4569 = FACE_BOUND('',#4570,.T.);
#4570 = EDGE_LOOP('',(#4571,#4572,#4578,#4579,#4580,#4581));
#4571 = ORIENTED_EDGE('',*,*,#3755,.F.);
#4572 = ORIENTED_EDGE('',*,*,#4573,.F.);
#4573 = EDGE_CURVE('',#4349,#3748,#4574,.T.);
#4574 = LINE('',#4575,#4576);
#4575 = CARTESIAN_POINT('',(-1.066800000001,0.127,12.7));
#4576 = VECTOR('',#4577,1.);
#4577 = DIRECTION('',(0.,0.,-1.));
#4578 = ORIENTED_EDGE('',*,*,#4356,.T.);
#4579 = ORIENTED_EDGE('',*,*,#3586,.T.);
#4580 = ORIENTED_EDGE('',*,*,#2921,.T.);
#4581 = ORIENTED_EDGE('',*,*,#3054,.T.);
#4582 = PLANE('',#4583);
#4583 = AXIS2_PLACEMENT_3D('',#4584,#4585,#4586);
#4584 = CARTESIAN_POINT('',(-1.066800000001,-2.286,12.7));
#4585 = DIRECTION('',(-1.,1.054996560711E-13,0.));
#4586 = DIRECTION('',(-1.054996560711E-13,-1.,0.));
#4587 = ADVANCED_FACE('',(#4588),#4594,.F.);
#4588 = FACE_BOUND('',#4589,.T.);
#4589 = EDGE_LOOP('',(#4590,#4591,#4592,#4593));
#4590 = ORIENTED_EDGE('',*,*,#3747,.T.);
#4591 = ORIENTED_EDGE('',*,*,#4558,.F.);
#4592 = ORIENTED_EDGE('',*,*,#4348,.F.);
#4593 = ORIENTED_EDGE('',*,*,#4573,.T.);
#4594 = PLANE('',#4595);
#4595 = AXIS2_PLACEMENT_3D('',#4596,#4597,#4598);
#4596 = CARTESIAN_POINT('',(-1.066800000001,0.127,12.7));
#4597 = DIRECTION('',(1.255444850029E-16,1.,0.));
#4598 = DIRECTION('',(-1.,1.255444850029E-16,0.));
#4599 = ADVANCED_FACE('',(#4600),#4613,.F.);
#4600 = FACE_BOUND('',#4601,.T.);
#4601 = EDGE_LOOP('',(#4602,#4603,#4604,#4605,#4606,#4607));
#4602 = ORIENTED_EDGE('',*,*,#3713,.F.);
#4603 = ORIENTED_EDGE('',*,*,#3001,.T.);
#4604 = ORIENTED_EDGE('',*,*,#2859,.T.);
#4605 = ORIENTED_EDGE('',*,*,#3540,.T.);
#4606 = ORIENTED_EDGE('',*,*,#4314,.T.);
#4607 = ORIENTED_EDGE('',*,*,#4608,.T.);
#4608 = EDGE_CURVE('',#4315,#3714,#4609,.T.);
#4609 = LINE('',#4610,#4611);
#4610 = CARTESIAN_POINT('',(1.066800000001,0.127,12.7));
#4611 = VECTOR('',#4612,1.);
#4612 = DIRECTION('',(0.,0.,-1.));
#4613 = PLANE('',#4614);
#4614 = AXIS2_PLACEMENT_3D('',#4615,#4616,#4617);
#4615 = CARTESIAN_POINT('',(1.066800000001,0.127,12.7));
#4616 = DIRECTION('',(1.,1.052300658086E-13,0.));
#4617 = DIRECTION('',(-1.052300658086E-13,1.,0.));
#4618 = ADVANCED_FACE('',(#4619),#4632,.F.);
#4619 = FACE_BOUND('',#4620,.T.);
#4620 = EDGE_LOOP('',(#4621,#4622,#4628,#4629,#4630,#4631));
#4621 = ORIENTED_EDGE('',*,*,#3730,.F.);
#4622 = ORIENTED_EDGE('',*,*,#4623,.F.);
#4623 = EDGE_CURVE('',#4324,#3723,#4624,.T.);
#4624 = LINE('',#4625,#4626);
#4625 = CARTESIAN_POINT('',(0.2032,0.127,12.7));
#4626 = VECTOR('',#4627,1.);
#4627 = DIRECTION('',(0.,0.,-1.));
#4628 = ORIENTED_EDGE('',*,*,#4331,.T.);
#4629 = ORIENTED_EDGE('',*,*,#3555,.T.);
#4630 = ORIENTED_EDGE('',*,*,#2881,.T.);
#4631 = ORIENTED_EDGE('',*,*,#3023,.T.);
#4632 = PLANE('',#4633);
#4633 = AXIS2_PLACEMENT_3D('',#4634,#4635,#4636);
#4634 = CARTESIAN_POINT('',(0.2032,-2.286,12.7));
#4635 = DIRECTION('',(-1.,1.054659572883E-13,0.));
#4636 = DIRECTION('',(-1.054659572883E-13,-1.,0.));
#4637 = ADVANCED_FACE('',(#4638),#4644,.F.);
#4638 = FACE_BOUND('',#4639,.T.);
#4639 = EDGE_LOOP('',(#4640,#4641,#4642,#4643));
#4640 = ORIENTED_EDGE('',*,*,#3722,.T.);
#4641 = ORIENTED_EDGE('',*,*,#4608,.F.);
#4642 = ORIENTED_EDGE('',*,*,#4323,.F.);
#4643 = ORIENTED_EDGE('',*,*,#4623,.T.);
#4644 = PLANE('',#4645);
#4645 = AXIS2_PLACEMENT_3D('',#4646,#4647,#4648);
#4646 = CARTESIAN_POINT('',(0.2032,0.127,12.7));
#4647 = DIRECTION('',(1.255444850029E-16,1.,0.));
#4648 = DIRECTION('',(-1.,1.255444850029E-16,0.));
#4649 = ADVANCED_FACE('',(#4650),#4663,.F.);
#4650 = FACE_BOUND('',#4651,.T.);
#4651 = EDGE_LOOP('',(#4652,#4653,#4654,#4655,#4656,#4657));
#4652 = ORIENTED_EDGE('',*,*,#3688,.F.);
#4653 = ORIENTED_EDGE('',*,*,#2961,.T.);
#4654 = ORIENTED_EDGE('',*,*,#2801,.T.);
#4655 = ORIENTED_EDGE('',*,*,#3493,.T.);
#4656 = ORIENTED_EDGE('',*,*,#4414,.T.);
#4657 = ORIENTED_EDGE('',*,*,#4658,.T.);
#4658 = EDGE_CURVE('',#4415,#3689,#4659,.T.);
#4659 = LINE('',#4660,#4661);
#4660 = CARTESIAN_POINT('',(2.336800000001,0.127,12.7));
#4661 = VECTOR('',#4662,1.);
#4662 = DIRECTION('',(0.,0.,-1.));
#4663 = PLANE('',#4664);
#4664 = AXIS2_PLACEMENT_3D('',#4665,#4666,#4667);
#4665 = CARTESIAN_POINT('',(2.336800000001,0.127,12.7));
#4666 = DIRECTION('',(1.,1.051402023877E-13,0.));
#4667 = DIRECTION('',(-1.051402023877E-13,1.,0.));
#4668 = ADVANCED_FACE('',(#4669),#4682,.F.);
#4669 = FACE_BOUND('',#4670,.T.);
#4670 = EDGE_LOOP('',(#4671,#4672,#4678,#4679,#4680,#4681));
#4671 = ORIENTED_EDGE('',*,*,#3705,.F.);
#4672 = ORIENTED_EDGE('',*,*,#4673,.F.);
#4673 = EDGE_CURVE('',#4305,#3698,#4674,.T.);
#4674 = LINE('',#4675,#4676);
#4675 = CARTESIAN_POINT('',(1.473200000001,0.127,12.7));
#4676 = VECTOR('',#4677,1.);
#4677 = DIRECTION('',(0.,0.,-1.));
#4678 = ORIENTED_EDGE('',*,*,#4304,.T.);
#4679 = ORIENTED_EDGE('',*,*,#3524,.T.);
#4680 = ORIENTED_EDGE('',*,*,#2841,.T.);
#4681 = ORIENTED_EDGE('',*,*,#2992,.T.);
#4682 = PLANE('',#4683);
#4683 = AXIS2_PLACEMENT_3D('',#4684,#4685,#4686);
#4684 = CARTESIAN_POINT('',(1.4732,-2.286,12.7));
#4685 = DIRECTION('',(-1.,1.054097926503E-13,0.));
#4686 = DIRECTION('',(-1.054097926503E-13,-1.,0.));
#4687 = ADVANCED_FACE('',(#4688),#4694,.F.);
#4688 = FACE_BOUND('',#4689,.T.);
#4689 = EDGE_LOOP('',(#4690,#4691,#4692,#4693));
#4690 = ORIENTED_EDGE('',*,*,#3697,.T.);
#4691 = ORIENTED_EDGE('',*,*,#4658,.F.);
#4692 = ORIENTED_EDGE('',*,*,#4423,.F.);
#4693 = ORIENTED_EDGE('',*,*,#4673,.T.);
#4694 = PLANE('',#4695);
#4695 = AXIS2_PLACEMENT_3D('',#4696,#4697,#4698);
#4696 = CARTESIAN_POINT('',(1.473200000001,0.127,12.7));
#4697 = DIRECTION('',(1.255444850029E-16,1.,0.));
#4698 = DIRECTION('',(-1.,1.255444850029E-16,0.));
#4699 = ADVANCED_FACE('',(#4700),#4713,.F.);
#4700 = FACE_BOUND('',#4701,.T.);
#4701 = EDGE_LOOP('',(#4702,#4703,#4704,#4705,#4706,#4707));
#4702 = ORIENTED_EDGE('',*,*,#3887,.F.);
#4703 = ORIENTED_EDGE('',*,*,#3985,.T.);
#4704 = ORIENTED_EDGE('',*,*,#4016,.T.);
#4705 = ORIENTED_EDGE('',*,*,#4047,.T.);
#4706 = ORIENTED_EDGE('',*,*,#4103,.T.);
#4707 = ORIENTED_EDGE('',*,*,#4708,.F.);
#4708 = EDGE_CURVE('',#3888,#4104,#4709,.T.);
#4709 = LINE('',#4710,#4711);
#4710 = CARTESIAN_POINT('',(-2.336800000001,0.127,12.7));
#4711 = VECTOR('',#4712,1.);
#4712 = DIRECTION('',(0.,0.,-1.));
#4713 = PLANE('',#4714);
#4714 = AXIS2_PLACEMENT_3D('',#4715,#4716,#4717);
#4715 = CARTESIAN_POINT('',(-2.336800000001,-2.286,12.7));
#4716 = DIRECTION('',(-1.,0.,0.));
#4717 = DIRECTION('',(0.,0.,1.));
#4718 = ADVANCED_FACE('',(#4719),#4730,.F.);
#4719 = FACE_BOUND('',#4720,.T.);
#4720 = EDGE_LOOP('',(#4721,#4722,#4723,#4724));
#4721 = ORIENTED_EDGE('',*,*,#3896,.F.);
#4722 = ORIENTED_EDGE('',*,*,#4708,.T.);
#4723 = ORIENTED_EDGE('',*,*,#4112,.T.);
#4724 = ORIENTED_EDGE('',*,*,#4725,.F.);
#4725 = EDGE_CURVE('',#3897,#4113,#4726,.T.);
#4726 = LINE('',#4727,#4728);
#4727 = CARTESIAN_POINT('',(-1.473200000001,0.127,12.7));
#4728 = VECTOR('',#4729,1.);
#4729 = DIRECTION('',(0.,0.,-1.));
#4730 = PLANE('',#4731);
#4731 = AXIS2_PLACEMENT_3D('',#4732,#4733,#4734);
#4732 = CARTESIAN_POINT('',(-2.336800000001,0.127,12.7));
#4733 = DIRECTION('',(1.255444850029E-16,1.,0.));
#4734 = DIRECTION('',(-1.,1.255444850029E-16,0.));
#4735 = ADVANCED_FACE('',(#4736),#4744,.F.);
#4736 = FACE_BOUND('',#4737,.T.);
#4737 = EDGE_LOOP('',(#4738,#4739,#4740,#4741,#4742,#4743));
#4738 = ORIENTED_EDGE('',*,*,#3904,.F.);
#4739 = ORIENTED_EDGE('',*,*,#4725,.T.);
#4740 = ORIENTED_EDGE('',*,*,#4120,.T.);
#4741 = ORIENTED_EDGE('',*,*,#3471,.T.);
#4742 = ORIENTED_EDGE('',*,*,#3347,.T.);
#4743 = ORIENTED_EDGE('',*,*,#3223,.T.);
#4744 = PLANE('',#4745);
#4745 = AXIS2_PLACEMENT_3D('',#4746,#4747,#4748);
#4746 = CARTESIAN_POINT('',(-1.473200000001,0.127,12.7));
#4747 = DIRECTION('',(1.,1.051402023877E-13,0.));
#4748 = DIRECTION('',(-1.051402023877E-13,1.,0.));
#4749 = ADVANCED_FACE('',(#4750),#4763,.F.);
#4750 = FACE_BOUND('',#4751,.T.);
#4751 = EDGE_LOOP('',(#4752,#4753,#4754,#4755,#4756,#4757));
#4752 = ORIENTED_EDGE('',*,*,#3912,.F.);
#4753 = ORIENTED_EDGE('',*,*,#3205,.T.);
#4754 = ORIENTED_EDGE('',*,*,#3338,.T.);
#4755 = ORIENTED_EDGE('',*,*,#3462,.T.);
#4756 = ORIENTED_EDGE('',*,*,#4128,.T.);
#4757 = ORIENTED_EDGE('',*,*,#4758,.F.);
#4758 = EDGE_CURVE('',#3913,#4129,#4759,.T.);
#4759 = LINE('',#4760,#4761);
#4760 = CARTESIAN_POINT('',(-1.066800000001,0.127,12.7));
#4761 = VECTOR('',#4762,1.);
#4762 = DIRECTION('',(0.,0.,-1.));
#4763 = PLANE('',#4764);
#4764 = AXIS2_PLACEMENT_3D('',#4765,#4766,#4767);
#4765 = CARTESIAN_POINT('',(-1.066800000001,-2.286,12.7));
#4766 = DIRECTION('',(-1.,1.054996560711E-13,0.));
#4767 = DIRECTION('',(-1.054996560711E-13,-1.,0.));
#4768 = ADVANCED_FACE('',(#4769),#4780,.F.);
#4769 = FACE_BOUND('',#4770,.T.);
#4770 = EDGE_LOOP('',(#4771,#4772,#4773,#4774));
#4771 = ORIENTED_EDGE('',*,*,#3921,.F.);
#4772 = ORIENTED_EDGE('',*,*,#4758,.T.);
#4773 = ORIENTED_EDGE('',*,*,#4137,.T.);
#4774 = ORIENTED_EDGE('',*,*,#4775,.F.);
#4775 = EDGE_CURVE('',#3922,#4138,#4776,.T.);
#4776 = LINE('',#4777,#4778);
#4777 = CARTESIAN_POINT('',(-0.2032,0.127,12.7));
#4778 = VECTOR('',#4779,1.);
#4779 = DIRECTION('',(0.,0.,-1.));
#4780 = PLANE('',#4781);
#4781 = AXIS2_PLACEMENT_3D('',#4782,#4783,#4784);
#4782 = CARTESIAN_POINT('',(-1.066800000001,0.127,12.7));
#4783 = DIRECTION('',(1.255444850029E-16,1.,0.));
#4784 = DIRECTION('',(-1.,1.255444850029E-16,0.));
#4785 = ADVANCED_FACE('',(#4786),#4794,.F.);
#4786 = FACE_BOUND('',#4787,.T.);
#4787 = EDGE_LOOP('',(#4788,#4789,#4790,#4791,#4792,#4793));
#4788 = ORIENTED_EDGE('',*,*,#3929,.F.);
#4789 = ORIENTED_EDGE('',*,*,#4775,.T.);
#4790 = ORIENTED_EDGE('',*,*,#4145,.T.);
#4791 = ORIENTED_EDGE('',*,*,#3440,.T.);
#4792 = ORIENTED_EDGE('',*,*,#3316,.T.);
#4793 = ORIENTED_EDGE('',*,*,#3183,.T.);
#4794 = PLANE('',#4795);
#4795 = AXIS2_PLACEMENT_3D('',#4796,#4797,#4798);
#4796 = CARTESIAN_POINT('',(-0.2032,0.127,12.7));
#4797 = DIRECTION('',(1.,1.051739011706E-13,0.));
#4798 = DIRECTION('',(-1.051739011706E-13,1.,0.));
#4799 = ADVANCED_FACE('',(#4800),#4813,.F.);
#4800 = FACE_BOUND('',#4801,.T.);
#4801 = EDGE_LOOP('',(#4802,#4803,#4804,#4805,#4806,#4807));
#4802 = ORIENTED_EDGE('',*,*,#3937,.F.);
#4803 = ORIENTED_EDGE('',*,*,#3165,.T.);
#4804 = ORIENTED_EDGE('',*,*,#3307,.T.);
#4805 = ORIENTED_EDGE('',*,*,#3431,.T.);
#4806 = ORIENTED_EDGE('',*,*,#4153,.T.);
#4807 = ORIENTED_EDGE('',*,*,#4808,.F.);
#4808 = EDGE_CURVE('',#3938,#4154,#4809,.T.);
#4809 = LINE('',#4810,#4811);
#4810 = CARTESIAN_POINT('',(0.2032,0.127,12.7));
#4811 = VECTOR('',#4812,1.);
#4812 = DIRECTION('',(0.,0.,-1.));
#4813 = PLANE('',#4814);
#4814 = AXIS2_PLACEMENT_3D('',#4815,#4816,#4817);
#4815 = CARTESIAN_POINT('',(0.2032,-2.286,12.7));
#4816 = DIRECTION('',(-1.,1.054659572883E-13,0.));
#4817 = DIRECTION('',(-1.054659572883E-13,-1.,0.));
#4818 = ADVANCED_FACE('',(#4819),#4830,.F.);
#4819 = FACE_BOUND('',#4820,.T.);
#4820 = EDGE_LOOP('',(#4821,#4822,#4823,#4824));
#4821 = ORIENTED_EDGE('',*,*,#3946,.F.);
#4822 = ORIENTED_EDGE('',*,*,#4808,.T.);
#4823 = ORIENTED_EDGE('',*,*,#4162,.T.);
#4824 = ORIENTED_EDGE('',*,*,#4825,.F.);
#4825 = EDGE_CURVE('',#3947,#4163,#4826,.T.);
#4826 = LINE('',#4827,#4828);
#4827 = CARTESIAN_POINT('',(1.066800000001,0.127,12.7));
#4828 = VECTOR('',#4829,1.);
#4829 = DIRECTION('',(0.,0.,-1.));
#4830 = PLANE('',#4831);
#4831 = AXIS2_PLACEMENT_3D('',#4832,#4833,#4834);
#4832 = CARTESIAN_POINT('',(0.2032,0.127,12.7));
#4833 = DIRECTION('',(1.255444850029E-16,1.,0.));
#4834 = DIRECTION('',(-1.,1.255444850029E-16,0.));
#4835 = ADVANCED_FACE('',(#4836),#4844,.F.);
#4836 = FACE_BOUND('',#4837,.T.);
#4837 = EDGE_LOOP('',(#4838,#4839,#4840,#4841,#4842,#4843));
#4838 = ORIENTED_EDGE('',*,*,#3954,.F.);
#4839 = ORIENTED_EDGE('',*,*,#4825,.T.);
#4840 = ORIENTED_EDGE('',*,*,#4170,.T.);
#4841 = ORIENTED_EDGE('',*,*,#3409,.T.);
#4842 = ORIENTED_EDGE('',*,*,#3285,.T.);
#4843 = ORIENTED_EDGE('',*,*,#3143,.T.);
#4844 = PLANE('',#4845);
#4845 = AXIS2_PLACEMENT_3D('',#4846,#4847,#4848);
#4846 = CARTESIAN_POINT('',(1.066800000001,0.127,12.7));
#4847 = DIRECTION('',(1.,1.052300658086E-13,0.));
#4848 = DIRECTION('',(-1.052300658086E-13,1.,0.));
#4849 = ADVANCED_FACE('',(#4850),#4866,.F.);
#4850 = FACE_BOUND('',#4851,.T.);
#4851 = EDGE_LOOP('',(#4852,#4853,#4859,#4860));
#4852 = ORIENTED_EDGE('',*,*,#3971,.F.);
#4853 = ORIENTED_EDGE('',*,*,#4854,.T.);
#4854 = EDGE_CURVE('',#3963,#4179,#4855,.T.);
#4855 = LINE('',#4856,#4857);
#4856 = CARTESIAN_POINT('',(1.473200000001,0.127,12.7));
#4857 = VECTOR('',#4858,1.);
#4858 = DIRECTION('',(0.,0.,-1.));
#4859 = ORIENTED_EDGE('',*,*,#4187,.T.);
#4860 = ORIENTED_EDGE('',*,*,#4861,.F.);
#4861 = EDGE_CURVE('',#3853,#4188,#4862,.T.);
#4862 = LINE('',#4863,#4864);
#4863 = CARTESIAN_POINT('',(2.336800000001,0.127,12.7));
#4864 = VECTOR('',#4865,1.);
#4865 = DIRECTION('',(0.,0.,-1.));
#4866 = PLANE('',#4867);
#4867 = AXIS2_PLACEMENT_3D('',#4868,#4869,#4870);
#4868 = CARTESIAN_POINT('',(1.473200000001,0.127,12.7));
#4869 = DIRECTION('',(1.255444850029E-16,1.,0.));
#4870 = DIRECTION('',(-1.,1.255444850029E-16,0.));
#4871 = ADVANCED_FACE('',(#4872),#4880,.F.);
#4872 = FACE_BOUND('',#4873,.T.);
#4873 = EDGE_LOOP('',(#4874,#4875,#4876,#4877,#4878,#4879));
#4874 = ORIENTED_EDGE('',*,*,#3852,.F.);
#4875 = ORIENTED_EDGE('',*,*,#4861,.T.);
#4876 = ORIENTED_EDGE('',*,*,#4195,.T.);
#4877 = ORIENTED_EDGE('',*,*,#3369,.T.);
#4878 = ORIENTED_EDGE('',*,*,#3245,.T.);
#4879 = ORIENTED_EDGE('',*,*,#3085,.T.);
#4880 = PLANE('',#4881);
#4881 = AXIS2_PLACEMENT_3D('',#4882,#4883,#4884);
#4882 = CARTESIAN_POINT('',(2.336800000001,0.127,12.7));
#4883 = DIRECTION('',(1.,1.051402023877E-13,0.));
#4884 = DIRECTION('',(-1.051402023877E-13,1.,0.));
#4885 = ADVANCED_FACE('',(#4886),#4894,.F.);
#4886 = FACE_BOUND('',#4887,.T.);
#4887 = EDGE_LOOP('',(#4888,#4889,#4890,#4891,#4892,#4893));
#4888 = ORIENTED_EDGE('',*,*,#3962,.F.);
#4889 = ORIENTED_EDGE('',*,*,#3125,.T.);
#4890 = ORIENTED_EDGE('',*,*,#3276,.T.);
#4891 = ORIENTED_EDGE('',*,*,#3400,.T.);
#4892 = ORIENTED_EDGE('',*,*,#4178,.T.);
#4893 = ORIENTED_EDGE('',*,*,#4854,.F.);
#4894 = PLANE('',#4895);
#4895 = AXIS2_PLACEMENT_3D('',#4896,#4897,#4898);
#4896 = CARTESIAN_POINT('',(1.4732,-2.286,12.7));
#4897 = DIRECTION('',(-1.,1.054097926503E-13,0.));
#4898 = DIRECTION('',(-1.054097926503E-13,-1.,0.));
#4899 = ( GEOMETRIC_REPRESENTATION_CONTEXT(3) 
GLOBAL_UNCERTAINTY_ASSIGNED_CONTEXT((#4903)) 
GLOBAL_UNIT_ASSIGNED_CONTEXT((#4900,#4901,#4902)) REPRESENTATION_CONTEXT
('Context #1','3D Context with UNIT and UNCERTAINTY') );
#4900 = ( LENGTH_UNIT() NAMED_UNIT(*) SI_UNIT(.MILLI.,.METRE.) );
#4901 = ( NAMED_UNIT(*) PLANE_ANGLE_UNIT() SI_UNIT($,.RADIAN.) );
#4902 = ( NAMED_UNIT(*) SI_UNIT($,.STERADIAN.) SOLID_ANGLE_UNIT() );
#4903 = UNCERTAINTY_MEASURE_WITH_UNIT(LENGTH_MEASURE(1.E-07),#4900,
  'distance_accuracy_value','confusion accuracy');
#4904 = CONTEXT_DEPENDENT_SHAPE_REPRESENTATION(#4905,#4907);
#4905 = ( REPRESENTATION_RELATIONSHIP('','',#2794,#10) 
REPRESENTATION_RELATIONSHIP_WITH_TRANSFORMATION(#4906) 
SHAPE_REPRESENTATION_RELATIONSHIP() );
#4906 = ITEM_DEFINED_TRANSFORMATION('','',#11,#23);
#4907 = PRODUCT_DEFINITION_SHAPE('Placement','Placement of an item',
  #4908);
#4908 = NEXT_ASSEMBLY_USAGE_OCCURRENCE('15','=>[0:1:1:3]','',#5,#2789,$
  );
#4909 = PRODUCT_RELATED_PRODUCT_CATEGORY('part',$,(#2791));
#4910 = SHAPE_DEFINITION_REPRESENTATION(#4911,#4917);
#4911 = PRODUCT_DEFINITION_SHAPE('','',#4912);
#4912 = PRODUCT_DEFINITION('design','',#4913,#4916);
#4913 = PRODUCT_DEFINITION_FORMATION('','',#4914);
#4914 = PRODUCT('FW-05-05-G-D-470-160_top_body',
  'FW-05-05-G-D-470-160_top_body','',(#4915));
#4915 = PRODUCT_CONTEXT('',#2,'mechanical');
#4916 = PRODUCT_DEFINITION_CONTEXT('part definition',#2,'design');
#4917 = ADVANCED_BREP_SHAPE_REPRESENTATION('',(#11,#4918),#5332);
#4918 = MANIFOLD_SOLID_BREP('',#4919);
#4919 = CLOSED_SHELL('',(#4920,#4960,#5000,#5086,#5117,#5194,#5216,#5228
    ,#5240,#5262,#5274,#5286,#5303,#5320));
#4920 = ADVANCED_FACE('',(#4921),#4955,.T.);
#4921 = FACE_BOUND('',#4922,.T.);
#4922 = EDGE_LOOP('',(#4923,#4933,#4941,#4949));
#4923 = ORIENTED_EDGE('',*,*,#4924,.F.);
#4924 = EDGE_CURVE('',#4925,#4927,#4929,.T.);
#4925 = VERTEX_POINT('',#4926);
#4926 = CARTESIAN_POINT('',(3.175,9.652,-1.7145));
#4927 = VERTEX_POINT('',#4928);
#4928 = CARTESIAN_POINT('',(-3.175,9.652,-1.7145));
#4929 = LINE('',#4930,#4931);
#4930 = CARTESIAN_POINT('',(3.175,9.652,-1.7145));
#4931 = VECTOR('',#4932,1.);
#4932 = DIRECTION('',(-1.,0.,0.));
#4933 = ORIENTED_EDGE('',*,*,#4934,.F.);
#4934 = EDGE_CURVE('',#4935,#4925,#4937,.T.);
#4935 = VERTEX_POINT('',#4936);
#4936 = CARTESIAN_POINT('',(3.175,9.017,-1.7145));
#4937 = LINE('',#4938,#4939);
#4938 = CARTESIAN_POINT('',(3.175,9.017,-1.7145));
#4939 = VECTOR('',#4940,1.);
#4940 = DIRECTION('',(0.,1.,0.));
#4941 = ORIENTED_EDGE('',*,*,#4942,.T.);
#4942 = EDGE_CURVE('',#4935,#4943,#4945,.T.);
#4943 = VERTEX_POINT('',#4944);
#4944 = CARTESIAN_POINT('',(-3.175,9.017,-1.7145));
#4945 = LINE('',#4946,#4947);
#4946 = CARTESIAN_POINT('',(3.175,9.017,-1.7145));
#4947 = VECTOR('',#4948,1.);
#4948 = DIRECTION('',(-1.,0.,0.));
#4949 = ORIENTED_EDGE('',*,*,#4950,.T.);
#4950 = EDGE_CURVE('',#4943,#4927,#4951,.T.);
#4951 = LINE('',#4952,#4953);
#4952 = CARTESIAN_POINT('',(-3.175,9.017,-1.7145));
#4953 = VECTOR('',#4954,1.);
#4954 = DIRECTION('',(0.,1.,0.));
#4955 = PLANE('',#4956);
#4956 = AXIS2_PLACEMENT_3D('',#4957,#4958,#4959);
#4957 = CARTESIAN_POINT('',(3.175,9.017,-1.7145));
#4958 = DIRECTION('',(0.,0.,-1.));
#4959 = DIRECTION('',(-1.,0.,0.));
#4960 = ADVANCED_FACE('',(#4961),#4995,.T.);
#4961 = FACE_BOUND('',#4962,.T.);
#4962 = EDGE_LOOP('',(#4963,#4973,#4981,#4989));
#4963 = ORIENTED_EDGE('',*,*,#4964,.T.);
#4964 = EDGE_CURVE('',#4965,#4967,#4969,.T.);
#4965 = VERTEX_POINT('',#4966);
#4966 = CARTESIAN_POINT('',(3.175,9.652,1.7145));
#4967 = VERTEX_POINT('',#4968);
#4968 = CARTESIAN_POINT('',(-3.175,9.652,1.7145));
#4969 = LINE('',#4970,#4971);
#4970 = CARTESIAN_POINT('',(3.175,9.652,1.7145));
#4971 = VECTOR('',#4972,1.);
#4972 = DIRECTION('',(-1.,0.,0.));
#4973 = ORIENTED_EDGE('',*,*,#4974,.F.);
#4974 = EDGE_CURVE('',#4975,#4967,#4977,.T.);
#4975 = VERTEX_POINT('',#4976);
#4976 = CARTESIAN_POINT('',(-3.175,9.017,1.7145));
#4977 = LINE('',#4978,#4979);
#4978 = CARTESIAN_POINT('',(-3.175,9.017,1.7145));
#4979 = VECTOR('',#4980,1.);
#4980 = DIRECTION('',(0.,1.,0.));
#4981 = ORIENTED_EDGE('',*,*,#4982,.T.);
#4982 = EDGE_CURVE('',#4975,#4983,#4985,.T.);
#4983 = VERTEX_POINT('',#4984);
#4984 = CARTESIAN_POINT('',(3.175,9.017,1.7145));
#4985 = LINE('',#4986,#4987);
#4986 = CARTESIAN_POINT('',(-3.175,9.017,1.7145));
#4987 = VECTOR('',#4988,1.);
#4988 = DIRECTION('',(1.,0.,0.));
#4989 = ORIENTED_EDGE('',*,*,#4990,.T.);
#4990 = EDGE_CURVE('',#4983,#4965,#4991,.T.);
#4991 = LINE('',#4992,#4993);
#4992 = CARTESIAN_POINT('',(3.175,9.017,1.7145));
#4993 = VECTOR('',#4994,1.);
#4994 = DIRECTION('',(0.,1.,0.));
#4995 = PLANE('',#4996);
#4996 = AXIS2_PLACEMENT_3D('',#4997,#4998,#4999);
#4997 = CARTESIAN_POINT('',(-3.175,9.017,1.7145));
#4998 = DIRECTION('',(0.,0.,1.));
#4999 = DIRECTION('',(1.,0.,-0.));
#5000 = ADVANCED_FACE('',(#5001),#5081,.T.);
#5001 = FACE_BOUND('',#5002,.T.);
#5002 = EDGE_LOOP('',(#5003,#5011,#5012,#5018,#5019,#5027,#5035,#5043,
    #5051,#5059,#5067,#5075));
#5003 = ORIENTED_EDGE('',*,*,#5004,.F.);
#5004 = EDGE_CURVE('',#4927,#5005,#5007,.T.);
#5005 = VERTEX_POINT('',#5006);
#5006 = CARTESIAN_POINT('',(-3.175,9.652,-1.4605));
#5007 = LINE('',#5008,#5009);
#5008 = CARTESIAN_POINT('',(-3.175,9.652,-1.7145));
#5009 = VECTOR('',#5010,1.);
#5010 = DIRECTION('',(0.,0.,1.));
#5011 = ORIENTED_EDGE('',*,*,#4950,.F.);
#5012 = ORIENTED_EDGE('',*,*,#5013,.T.);
#5013 = EDGE_CURVE('',#4943,#4975,#5014,.T.);
#5014 = LINE('',#5015,#5016);
#5015 = CARTESIAN_POINT('',(-3.175,9.017,-1.7145));
#5016 = VECTOR('',#5017,1.);
#5017 = DIRECTION('',(0.,0.,1.));
#5018 = ORIENTED_EDGE('',*,*,#4974,.T.);
#5019 = ORIENTED_EDGE('',*,*,#5020,.F.);
#5020 = EDGE_CURVE('',#5021,#4967,#5023,.T.);
#5021 = VERTEX_POINT('',#5022);
#5022 = CARTESIAN_POINT('',(-3.175,9.652,1.4605));
#5023 = LINE('',#5024,#5025);
#5024 = CARTESIAN_POINT('',(-3.175,9.652,1.4605));
#5025 = VECTOR('',#5026,1.);
#5026 = DIRECTION('',(0.,0.,1.));
#5027 = ORIENTED_EDGE('',*,*,#5028,.F.);
#5028 = EDGE_CURVE('',#5029,#5021,#5031,.T.);
#5029 = VERTEX_POINT('',#5030);
#5030 = CARTESIAN_POINT('',(-3.175,10.922,1.4605));
#5031 = LINE('',#5032,#5033);
#5032 = CARTESIAN_POINT('',(-3.175,10.922,1.4605));
#5033 = VECTOR('',#5034,1.);
#5034 = DIRECTION('',(0.,-1.,0.));
#5035 = ORIENTED_EDGE('',*,*,#5036,.F.);
#5036 = EDGE_CURVE('',#5037,#5029,#5039,.T.);
#5037 = VERTEX_POINT('',#5038);
#5038 = CARTESIAN_POINT('',(-3.175,10.922,1.7145));
#5039 = LINE('',#5040,#5041);
#5040 = CARTESIAN_POINT('',(-3.175,10.922,1.7145));
#5041 = VECTOR('',#5042,1.);
#5042 = DIRECTION('',(0.,0.,-1.));
#5043 = ORIENTED_EDGE('',*,*,#5044,.T.);
#5044 = EDGE_CURVE('',#5037,#5045,#5047,.T.);
#5045 = VERTEX_POINT('',#5046);
#5046 = CARTESIAN_POINT('',(-3.175,11.5316,1.7145));
#5047 = LINE('',#5048,#5049);
#5048 = CARTESIAN_POINT('',(-3.175,9.017,1.7145));
#5049 = VECTOR('',#5050,1.);
#5050 = DIRECTION('',(0.,1.,0.));
#5051 = ORIENTED_EDGE('',*,*,#5052,.F.);
#5052 = EDGE_CURVE('',#5053,#5045,#5055,.T.);
#5053 = VERTEX_POINT('',#5054);
#5054 = CARTESIAN_POINT('',(-3.175,11.5316,-1.7145));
#5055 = LINE('',#5056,#5057);
#5056 = CARTESIAN_POINT('',(-3.175,11.5316,-1.7145));
#5057 = VECTOR('',#5058,1.);
#5058 = DIRECTION('',(0.,0.,1.));
#5059 = ORIENTED_EDGE('',*,*,#5060,.F.);
#5060 = EDGE_CURVE('',#5061,#5053,#5063,.T.);
#5061 = VERTEX_POINT('',#5062);
#5062 = CARTESIAN_POINT('',(-3.175,10.922,-1.7145));
#5063 = LINE('',#5064,#5065);
#5064 = CARTESIAN_POINT('',(-3.175,9.017,-1.7145));
#5065 = VECTOR('',#5066,1.);
#5066 = DIRECTION('',(0.,1.,0.));
#5067 = ORIENTED_EDGE('',*,*,#5068,.F.);
#5068 = EDGE_CURVE('',#5069,#5061,#5071,.T.);
#5069 = VERTEX_POINT('',#5070);
#5070 = CARTESIAN_POINT('',(-3.175,10.922,-1.4605));
#5071 = LINE('',#5072,#5073);
#5072 = CARTESIAN_POINT('',(-3.175,10.922,-1.4605));
#5073 = VECTOR('',#5074,1.);
#5074 = DIRECTION('',(0.,0.,-1.));
#5075 = ORIENTED_EDGE('',*,*,#5076,.F.);
#5076 = EDGE_CURVE('',#5005,#5069,#5077,.T.);
#5077 = LINE('',#5078,#5079);
#5078 = CARTESIAN_POINT('',(-3.175,9.652,-1.4605));
#5079 = VECTOR('',#5080,1.);
#5080 = DIRECTION('',(0.,1.,0.));
#5081 = PLANE('',#5082);
#5082 = AXIS2_PLACEMENT_3D('',#5083,#5084,#5085);
#5083 = CARTESIAN_POINT('',(-3.175,9.017,-1.7145));
#5084 = DIRECTION('',(-1.,0.,0.));
#5085 = DIRECTION('',(0.,0.,1.));
#5086 = ADVANCED_FACE('',(#5087),#5112,.T.);
#5087 = FACE_BOUND('',#5088,.T.);
#5088 = EDGE_LOOP('',(#5089,#5097,#5105,#5111));
#5089 = ORIENTED_EDGE('',*,*,#5090,.F.);
#5090 = EDGE_CURVE('',#5091,#5037,#5093,.T.);
#5091 = VERTEX_POINT('',#5092);
#5092 = CARTESIAN_POINT('',(3.175,10.922,1.7145));
#5093 = LINE('',#5094,#5095);
#5094 = CARTESIAN_POINT('',(3.175,10.922,1.7145));
#5095 = VECTOR('',#5096,1.);
#5096 = DIRECTION('',(-1.,0.,0.));
#5097 = ORIENTED_EDGE('',*,*,#5098,.T.);
#5098 = EDGE_CURVE('',#5091,#5099,#5101,.T.);
#5099 = VERTEX_POINT('',#5100);
#5100 = CARTESIAN_POINT('',(3.175,11.5316,1.7145));
#5101 = LINE('',#5102,#5103);
#5102 = CARTESIAN_POINT('',(3.175,9.017,1.7145));
#5103 = VECTOR('',#5104,1.);
#5104 = DIRECTION('',(0.,1.,0.));
#5105 = ORIENTED_EDGE('',*,*,#5106,.F.);
#5106 = EDGE_CURVE('',#5045,#5099,#5107,.T.);
#5107 = LINE('',#5108,#5109);
#5108 = CARTESIAN_POINT('',(-3.175,11.5316,1.7145));
#5109 = VECTOR('',#5110,1.);
#5110 = DIRECTION('',(1.,0.,0.));
#5111 = ORIENTED_EDGE('',*,*,#5044,.F.);
#5112 = PLANE('',#5113);
#5113 = AXIS2_PLACEMENT_3D('',#5114,#5115,#5116);
#5114 = CARTESIAN_POINT('',(-3.175,9.017,1.7145));
#5115 = DIRECTION('',(0.,0.,1.));
#5116 = DIRECTION('',(1.,0.,-0.));
#5117 = ADVANCED_FACE('',(#5118),#5189,.T.);
#5118 = FACE_BOUND('',#5119,.T.);
#5119 = EDGE_LOOP('',(#5120,#5128,#5136,#5144,#5152,#5158,#5159,#5167,
    #5175,#5181,#5182,#5188));
#5120 = ORIENTED_EDGE('',*,*,#5121,.T.);
#5121 = EDGE_CURVE('',#4925,#5122,#5124,.T.);
#5122 = VERTEX_POINT('',#5123);
#5123 = CARTESIAN_POINT('',(3.175,9.652,-1.4605));
#5124 = LINE('',#5125,#5126);
#5125 = CARTESIAN_POINT('',(3.175,9.652,-1.7145));
#5126 = VECTOR('',#5127,1.);
#5127 = DIRECTION('',(0.,0.,1.));
#5128 = ORIENTED_EDGE('',*,*,#5129,.T.);
#5129 = EDGE_CURVE('',#5122,#5130,#5132,.T.);
#5130 = VERTEX_POINT('',#5131);
#5131 = CARTESIAN_POINT('',(3.175,10.922,-1.4605));
#5132 = LINE('',#5133,#5134);
#5133 = CARTESIAN_POINT('',(3.175,9.652,-1.4605));
#5134 = VECTOR('',#5135,1.);
#5135 = DIRECTION('',(0.,1.,0.));
#5136 = ORIENTED_EDGE('',*,*,#5137,.T.);
#5137 = EDGE_CURVE('',#5130,#5138,#5140,.T.);
#5138 = VERTEX_POINT('',#5139);
#5139 = CARTESIAN_POINT('',(3.175,10.922,-1.7145));
#5140 = LINE('',#5141,#5142);
#5141 = CARTESIAN_POINT('',(3.175,10.922,-1.4605));
#5142 = VECTOR('',#5143,1.);
#5143 = DIRECTION('',(0.,0.,-1.));
#5144 = ORIENTED_EDGE('',*,*,#5145,.T.);
#5145 = EDGE_CURVE('',#5138,#5146,#5148,.T.);
#5146 = VERTEX_POINT('',#5147);
#5147 = CARTESIAN_POINT('',(3.175,11.5316,-1.7145));
#5148 = LINE('',#5149,#5150);
#5149 = CARTESIAN_POINT('',(3.175,9.017,-1.7145));
#5150 = VECTOR('',#5151,1.);
#5151 = DIRECTION('',(0.,1.,0.));
#5152 = ORIENTED_EDGE('',*,*,#5153,.F.);
#5153 = EDGE_CURVE('',#5099,#5146,#5154,.T.);
#5154 = LINE('',#5155,#5156);
#5155 = CARTESIAN_POINT('',(3.175,11.5316,1.7145));
#5156 = VECTOR('',#5157,1.);
#5157 = DIRECTION('',(0.,0.,-1.));
#5158 = ORIENTED_EDGE('',*,*,#5098,.F.);
#5159 = ORIENTED_EDGE('',*,*,#5160,.T.);
#5160 = EDGE_CURVE('',#5091,#5161,#5163,.T.);
#5161 = VERTEX_POINT('',#5162);
#5162 = CARTESIAN_POINT('',(3.175,10.922,1.4605));
#5163 = LINE('',#5164,#5165);
#5164 = CARTESIAN_POINT('',(3.175,10.922,1.7145));
#5165 = VECTOR('',#5166,1.);
#5166 = DIRECTION('',(0.,0.,-1.));
#5167 = ORIENTED_EDGE('',*,*,#5168,.T.);
#5168 = EDGE_CURVE('',#5161,#5169,#5171,.T.);
#5169 = VERTEX_POINT('',#5170);
#5170 = CARTESIAN_POINT('',(3.175,9.652,1.4605));
#5171 = LINE('',#5172,#5173);
#5172 = CARTESIAN_POINT('',(3.175,10.922,1.4605));
#5173 = VECTOR('',#5174,1.);
#5174 = DIRECTION('',(0.,-1.,0.));
#5175 = ORIENTED_EDGE('',*,*,#5176,.T.);
#5176 = EDGE_CURVE('',#5169,#4965,#5177,.T.);
#5177 = LINE('',#5178,#5179);
#5178 = CARTESIAN_POINT('',(3.175,9.652,1.4605));
#5179 = VECTOR('',#5180,1.);
#5180 = DIRECTION('',(0.,0.,1.));
#5181 = ORIENTED_EDGE('',*,*,#4990,.F.);
#5182 = ORIENTED_EDGE('',*,*,#5183,.T.);
#5183 = EDGE_CURVE('',#4983,#4935,#5184,.T.);
#5184 = LINE('',#5185,#5186);
#5185 = CARTESIAN_POINT('',(3.175,9.017,1.7145));
#5186 = VECTOR('',#5187,1.);
#5187 = DIRECTION('',(0.,0.,-1.));
#5188 = ORIENTED_EDGE('',*,*,#4934,.T.);
#5189 = PLANE('',#5190);
#5190 = AXIS2_PLACEMENT_3D('',#5191,#5192,#5193);
#5191 = CARTESIAN_POINT('',(3.175,9.017,1.7145));
#5192 = DIRECTION('',(1.,0.,0.));
#5193 = DIRECTION('',(0.,0.,-1.));
#5194 = ADVANCED_FACE('',(#5195),#5211,.T.);
#5195 = FACE_BOUND('',#5196,.T.);
#5196 = EDGE_LOOP('',(#5197,#5203,#5204,#5210));
#5197 = ORIENTED_EDGE('',*,*,#5198,.T.);
#5198 = EDGE_CURVE('',#5138,#5061,#5199,.T.);
#5199 = LINE('',#5200,#5201);
#5200 = CARTESIAN_POINT('',(3.175,10.922,-1.7145));
#5201 = VECTOR('',#5202,1.);
#5202 = DIRECTION('',(-1.,0.,0.));
#5203 = ORIENTED_EDGE('',*,*,#5060,.T.);
#5204 = ORIENTED_EDGE('',*,*,#5205,.F.);
#5205 = EDGE_CURVE('',#5146,#5053,#5206,.T.);
#5206 = LINE('',#5207,#5208);
#5207 = CARTESIAN_POINT('',(3.175,11.5316,-1.7145));
#5208 = VECTOR('',#5209,1.);
#5209 = DIRECTION('',(-1.,0.,0.));
#5210 = ORIENTED_EDGE('',*,*,#5145,.F.);
#5211 = PLANE('',#5212);
#5212 = AXIS2_PLACEMENT_3D('',#5213,#5214,#5215);
#5213 = CARTESIAN_POINT('',(3.175,9.017,-1.7145));
#5214 = DIRECTION('',(0.,0.,-1.));
#5215 = DIRECTION('',(-1.,0.,0.));
#5216 = ADVANCED_FACE('',(#5217),#5223,.F.);
#5217 = FACE_BOUND('',#5218,.T.);
#5218 = EDGE_LOOP('',(#5219,#5220,#5221,#5222));
#5219 = ORIENTED_EDGE('',*,*,#5013,.F.);
#5220 = ORIENTED_EDGE('',*,*,#4942,.F.);
#5221 = ORIENTED_EDGE('',*,*,#5183,.F.);
#5222 = ORIENTED_EDGE('',*,*,#4982,.F.);
#5223 = PLANE('',#5224);
#5224 = AXIS2_PLACEMENT_3D('',#5225,#5226,#5227);
#5225 = CARTESIAN_POINT('',(0.,9.017,0.));
#5226 = DIRECTION('',(0.,1.,0.));
#5227 = DIRECTION('',(0.,-0.,1.));
#5228 = ADVANCED_FACE('',(#5229),#5235,.T.);
#5229 = FACE_BOUND('',#5230,.T.);
#5230 = EDGE_LOOP('',(#5231,#5232,#5233,#5234));
#5231 = ORIENTED_EDGE('',*,*,#5052,.T.);
#5232 = ORIENTED_EDGE('',*,*,#5106,.T.);
#5233 = ORIENTED_EDGE('',*,*,#5153,.T.);
#5234 = ORIENTED_EDGE('',*,*,#5205,.T.);
#5235 = PLANE('',#5236);
#5236 = AXIS2_PLACEMENT_3D('',#5237,#5238,#5239);
#5237 = CARTESIAN_POINT('',(0.,11.5316,0.));
#5238 = DIRECTION('',(0.,1.,0.));
#5239 = DIRECTION('',(0.,-0.,1.));
#5240 = ADVANCED_FACE('',(#5241),#5257,.F.);
#5241 = FACE_BOUND('',#5242,.T.);
#5242 = EDGE_LOOP('',(#5243,#5244,#5250,#5251));
#5243 = ORIENTED_EDGE('',*,*,#5028,.T.);
#5244 = ORIENTED_EDGE('',*,*,#5245,.F.);
#5245 = EDGE_CURVE('',#5169,#5021,#5246,.T.);
#5246 = LINE('',#5247,#5248);
#5247 = CARTESIAN_POINT('',(3.175,9.652,1.4605));
#5248 = VECTOR('',#5249,1.);
#5249 = DIRECTION('',(-1.,0.,0.));
#5250 = ORIENTED_EDGE('',*,*,#5168,.F.);
#5251 = ORIENTED_EDGE('',*,*,#5252,.T.);
#5252 = EDGE_CURVE('',#5161,#5029,#5253,.T.);
#5253 = LINE('',#5254,#5255);
#5254 = CARTESIAN_POINT('',(3.175,10.922,1.4605));
#5255 = VECTOR('',#5256,1.);
#5256 = DIRECTION('',(-1.,0.,0.));
#5257 = PLANE('',#5258);
#5258 = AXIS2_PLACEMENT_3D('',#5259,#5260,#5261);
#5259 = CARTESIAN_POINT('',(3.175,10.922,1.4605));
#5260 = DIRECTION('',(0.,0.,-1.));
#5261 = DIRECTION('',(-1.,0.,0.));
#5262 = ADVANCED_FACE('',(#5263),#5269,.F.);
#5263 = FACE_BOUND('',#5264,.T.);
#5264 = EDGE_LOOP('',(#5265,#5266,#5267,#5268));
#5265 = ORIENTED_EDGE('',*,*,#5020,.T.);
#5266 = ORIENTED_EDGE('',*,*,#4964,.F.);
#5267 = ORIENTED_EDGE('',*,*,#5176,.F.);
#5268 = ORIENTED_EDGE('',*,*,#5245,.T.);
#5269 = PLANE('',#5270);
#5270 = AXIS2_PLACEMENT_3D('',#5271,#5272,#5273);
#5271 = CARTESIAN_POINT('',(3.175,9.652,1.4605));
#5272 = DIRECTION('',(0.,-1.,0.));
#5273 = DIRECTION('',(0.,0.,-1.));
#5274 = ADVANCED_FACE('',(#5275),#5281,.F.);
#5275 = FACE_BOUND('',#5276,.T.);
#5276 = EDGE_LOOP('',(#5277,#5278,#5279,#5280));
#5277 = ORIENTED_EDGE('',*,*,#5036,.T.);
#5278 = ORIENTED_EDGE('',*,*,#5252,.F.);
#5279 = ORIENTED_EDGE('',*,*,#5160,.F.);
#5280 = ORIENTED_EDGE('',*,*,#5090,.T.);
#5281 = PLANE('',#5282);
#5282 = AXIS2_PLACEMENT_3D('',#5283,#5284,#5285);
#5283 = CARTESIAN_POINT('',(3.175,10.922,1.7145));
#5284 = DIRECTION('',(0.,1.,0.));
#5285 = DIRECTION('',(0.,-0.,1.));
#5286 = ADVANCED_FACE('',(#5287),#5298,.F.);
#5287 = FACE_BOUND('',#5288,.T.);
#5288 = EDGE_LOOP('',(#5289,#5290,#5296,#5297));
#5289 = ORIENTED_EDGE('',*,*,#5004,.T.);
#5290 = ORIENTED_EDGE('',*,*,#5291,.F.);
#5291 = EDGE_CURVE('',#5122,#5005,#5292,.T.);
#5292 = LINE('',#5293,#5294);
#5293 = CARTESIAN_POINT('',(3.175,9.652,-1.4605));
#5294 = VECTOR('',#5295,1.);
#5295 = DIRECTION('',(-1.,0.,0.));
#5296 = ORIENTED_EDGE('',*,*,#5121,.F.);
#5297 = ORIENTED_EDGE('',*,*,#4924,.T.);
#5298 = PLANE('',#5299);
#5299 = AXIS2_PLACEMENT_3D('',#5300,#5301,#5302);
#5300 = CARTESIAN_POINT('',(3.175,9.652,-1.7145));
#5301 = DIRECTION('',(0.,-1.,0.));
#5302 = DIRECTION('',(0.,0.,-1.));
#5303 = ADVANCED_FACE('',(#5304),#5315,.F.);
#5304 = FACE_BOUND('',#5305,.T.);
#5305 = EDGE_LOOP('',(#5306,#5307,#5313,#5314));
#5306 = ORIENTED_EDGE('',*,*,#5076,.T.);
#5307 = ORIENTED_EDGE('',*,*,#5308,.F.);
#5308 = EDGE_CURVE('',#5130,#5069,#5309,.T.);
#5309 = LINE('',#5310,#5311);
#5310 = CARTESIAN_POINT('',(3.175,10.922,-1.4605));
#5311 = VECTOR('',#5312,1.);
#5312 = DIRECTION('',(-1.,0.,0.));
#5313 = ORIENTED_EDGE('',*,*,#5129,.F.);
#5314 = ORIENTED_EDGE('',*,*,#5291,.T.);
#5315 = PLANE('',#5316);
#5316 = AXIS2_PLACEMENT_3D('',#5317,#5318,#5319);
#5317 = CARTESIAN_POINT('',(3.175,9.652,-1.4605));
#5318 = DIRECTION('',(0.,0.,1.));
#5319 = DIRECTION('',(1.,0.,-0.));
#5320 = ADVANCED_FACE('',(#5321),#5327,.F.);
#5321 = FACE_BOUND('',#5322,.T.);
#5322 = EDGE_LOOP('',(#5323,#5324,#5325,#5326));
#5323 = ORIENTED_EDGE('',*,*,#5068,.T.);
#5324 = ORIENTED_EDGE('',*,*,#5198,.F.);
#5325 = ORIENTED_EDGE('',*,*,#5137,.F.);
#5326 = ORIENTED_EDGE('',*,*,#5308,.T.);
#5327 = PLANE('',#5328);
#5328 = AXIS2_PLACEMENT_3D('',#5329,#5330,#5331);
#5329 = CARTESIAN_POINT('',(3.175,10.922,-1.4605));
#5330 = DIRECTION('',(0.,1.,0.));
#5331 = DIRECTION('',(0.,-0.,1.));
#5332 = ( GEOMETRIC_REPRESENTATION_CONTEXT(3) 
GLOBAL_UNCERTAINTY_ASSIGNED_CONTEXT((#5336)) 
GLOBAL_UNIT_ASSIGNED_CONTEXT((#5333,#5334,#5335)) REPRESENTATION_CONTEXT
('Context #1','3D Context with UNIT and UNCERTAINTY') );
#5333 = ( LENGTH_UNIT() NAMED_UNIT(*) SI_UNIT(.MILLI.,.METRE.) );
#5334 = ( NAMED_UNIT(*) PLANE_ANGLE_UNIT() SI_UNIT($,.RADIAN.) );
#5335 = ( NAMED_UNIT(*) SI_UNIT($,.STERADIAN.) SOLID_ANGLE_UNIT() );
#5336 = UNCERTAINTY_MEASURE_WITH_UNIT(LENGTH_MEASURE(1.E-07),#5333,
  'distance_accuracy_value','confusion accuracy');
#5337 = CONTEXT_DEPENDENT_SHAPE_REPRESENTATION(#5338,#5340);
#5338 = ( REPRESENTATION_RELATIONSHIP('','',#4917,#10) 
REPRESENTATION_RELATIONSHIP_WITH_TRANSFORMATION(#5339) 
SHAPE_REPRESENTATION_RELATIONSHIP() );
#5339 = ITEM_DEFINED_TRANSFORMATION('','',#11,#27);
#5340 = PRODUCT_DEFINITION_SHAPE('Placement','Placement of an item',
  #5341);
#5341 = NEXT_ASSEMBLY_USAGE_OCCURRENCE('16','=>[0:1:1:4]','',#5,#4912,$
  );
#5342 = PRODUCT_RELATED_PRODUCT_CATEGORY('part',$,(#4914));
#5343 = MECHANICAL_DESIGN_GEOMETRIC_PRESENTATION_REPRESENTATION('',(
    #5344),#459);
#5344 = STYLED_ITEM('color',(#5345),#45);
#5345 = PRESENTATION_STYLE_ASSIGNMENT((#5346,#5352));
#5346 = SURFACE_STYLE_USAGE(.BOTH.,#5347);
#5347 = SURFACE_SIDE_STYLE('',(#5348));
#5348 = SURFACE_STYLE_FILL_AREA(#5349);
#5349 = FILL_AREA_STYLE('',(#5350));
#5350 = FILL_AREA_STYLE_COLOUR('',#5351);
#5351 = COLOUR_RGB('',0.109800004037,0.109800004037,0.109800004037);
#5352 = CURVE_STYLE('',#5353,POSITIVE_LENGTH_MEASURE(0.1),#5351);
#5353 = DRAUGHTING_PRE_DEFINED_CURVE_FONT('continuous');
#5354 = MECHANICAL_DESIGN_GEOMETRIC_PRESENTATION_REPRESENTATION('',(
    #5355),#2776);
#5355 = STYLED_ITEM('color',(#5356),#478);
#5356 = PRESENTATION_STYLE_ASSIGNMENT((#5357,#5363));
#5357 = SURFACE_STYLE_USAGE(.BOTH.,#5358);
#5358 = SURFACE_SIDE_STYLE('',(#5359));
#5359 = SURFACE_STYLE_FILL_AREA(#5360);
#5360 = FILL_AREA_STYLE('',(#5361));
#5361 = FILL_AREA_STYLE_COLOUR('',#5362);
#5362 = COLOUR_RGB('',0.83137256512,0.701960807317,0.176470590079);
#5363 = CURVE_STYLE('',#5364,POSITIVE_LENGTH_MEASURE(0.1),#5362);
#5364 = DRAUGHTING_PRE_DEFINED_CURVE_FONT('continuous');
#5365 = MECHANICAL_DESIGN_GEOMETRIC_PRESENTATION_REPRESENTATION('',(
    #5366),#5332);
#5366 = STYLED_ITEM('color',(#5367),#4918);
#5367 = PRESENTATION_STYLE_ASSIGNMENT((#5368,#5373));
#5368 = SURFACE_STYLE_USAGE(.BOTH.,#5369);
#5369 = SURFACE_SIDE_STYLE('',(#5370));
#5370 = SURFACE_STYLE_FILL_AREA(#5371);
#5371 = FILL_AREA_STYLE('',(#5372));
#5372 = FILL_AREA_STYLE_COLOUR('',#5351);
#5373 = CURVE_STYLE('',#5374,POSITIVE_LENGTH_MEASURE(0.1),#5351);
#5374 = DRAUGHTING_PRE_DEFINED_CURVE_FONT('continuous');
#5375 = MECHANICAL_DESIGN_GEOMETRIC_PRESENTATION_REPRESENTATION('',(
    #5376),#4899);
#5376 = STYLED_ITEM('color',(#5377),#2795);
#5377 = PRESENTATION_STYLE_ASSIGNMENT((#5378,#5383));
#5378 = SURFACE_STYLE_USAGE(.BOTH.,#5379);
#5379 = SURFACE_SIDE_STYLE('',(#5380));
#5380 = SURFACE_STYLE_FILL_AREA(#5381);
#5381 = FILL_AREA_STYLE('',(#5382));
#5382 = FILL_AREA_STYLE_COLOUR('',#5362);
#5383 = CURVE_STYLE('',#5384,POSITIVE_LENGTH_MEASURE(0.1),#5362);
#5384 = DRAUGHTING_PRE_DEFINED_CURVE_FONT('continuous');
ENDSEC;
END-ISO-10303-21;
