ISO-10303-21;
HEADER;
FILE_DESCRIPTION(('FreeCAD Model'),'2;1');
FILE_NAME('Open CASCADE Shape Model','2025-09-10T18:27:56',(''),(''),
  'Open CASCADE STEP processor 7.8','FreeCAD','Unknown');
FILE_SCHEMA(('AUTOMOTIVE_DESIGN { 1 0 10303 214 1 1 1 1 }'));
ENDSEC;
DATA;
#1 = APPLICATION_PROTOCOL_DEFINITION('international standard',
  'automotive_design',2000,#2);
#2 = APPLICATION_CONTEXT(
  'core data for automotive mechanical design processes');
#3 = SHAPE_DEFINITION_REPRESENTATION(#4,#10);
#4 = PRODUCT_DEFINITION_SHAPE('','',#5);
#5 = PRODUCT_DEFINITION('design','',#6,#9);
#6 = PRODUCT_DEFINITION_FORMATION('','',#7);
#7 = PRODUCT('FW-04-04-G-D-370-160','FW-04-04-G-D-370-160','',(#8));
#8 = PRODUCT_CONTEXT('',#2,'mechanical');
#9 = PRODUCT_DEFINITION_CONTEXT('part definition',#2,'design');
#10 = SHAPE_REPRESENTATION('',(#11,#15,#19,#23,#27),#31);
#11 = AXIS2_PLACEMENT_3D('',#12,#13,#14);
#12 = CARTESIAN_POINT('',(0.,0.,0.));
#13 = DIRECTION('',(0.,0.,1.));
#14 = DIRECTION('',(1.,0.,-0.));
#15 = AXIS2_PLACEMENT_3D('',#16,#17,#18);
#16 = CARTESIAN_POINT('',(0.,0.,0.1));
#17 = DIRECTION('',(0.,-1.,1.110223024625E-16));
#18 = DIRECTION('',(1.,0.,0.));
#19 = AXIS2_PLACEMENT_3D('',#20,#21,#22);
#20 = CARTESIAN_POINT('',(0.,0.,0.1));
#21 = DIRECTION('',(0.,-1.,1.110223024625E-16));
#22 = DIRECTION('',(1.,0.,0.));
#23 = AXIS2_PLACEMENT_3D('',#24,#25,#26);
#24 = CARTESIAN_POINT('',(0.,0.,0.1));
#25 = DIRECTION('',(0.,-1.,1.110223024625E-16));
#26 = DIRECTION('',(1.,0.,0.));
#27 = AXIS2_PLACEMENT_3D('',#28,#29,#30);
#28 = CARTESIAN_POINT('',(0.,0.,0.1));
#29 = DIRECTION('',(0.,-1.,1.110223024625E-16));
#30 = DIRECTION('',(1.,0.,0.));
#31 = ( GEOMETRIC_REPRESENTATION_CONTEXT(3) 
GLOBAL_UNCERTAINTY_ASSIGNED_CONTEXT((#35)) GLOBAL_UNIT_ASSIGNED_CONTEXT(
(#32,#33,#34)) REPRESENTATION_CONTEXT('Context #1',
  '3D Context with UNIT and UNCERTAINTY') );
#32 = ( LENGTH_UNIT() NAMED_UNIT(*) SI_UNIT(.MILLI.,.METRE.) );
#33 = ( NAMED_UNIT(*) PLANE_ANGLE_UNIT() SI_UNIT($,.RADIAN.) );
#34 = ( NAMED_UNIT(*) SI_UNIT($,.STERADIAN.) SOLID_ANGLE_UNIT() );
#35 = UNCERTAINTY_MEASURE_WITH_UNIT(LENGTH_MEASURE(1.E-07),#32,
  'distance_accuracy_value','confusion accuracy');
#36 = PRODUCT_RELATED_PRODUCT_CATEGORY('part',$,(#7));
#37 = SHAPE_DEFINITION_REPRESENTATION(#38,#44);
#38 = PRODUCT_DEFINITION_SHAPE('','',#39);
#39 = PRODUCT_DEFINITION('design','',#40,#43);
#40 = PRODUCT_DEFINITION_FORMATION('','',#41);
#41 = PRODUCT('FW-04-04-G-D-370-160_bottom_body',
  'FW-04-04-G-D-370-160_bottom_body','',(#42));
#42 = PRODUCT_CONTEXT('',#2,'mechanical');
#43 = PRODUCT_DEFINITION_CONTEXT('part definition',#2,'design');
#44 = ADVANCED_BREP_SHAPE_REPRESENTATION('',(#11,#45),#459);
#45 = MANIFOLD_SOLID_BREP('',#46);
#46 = CLOSED_SHELL('',(#47,#87,#127,#213,#244,#321,#343,#355,#367,#389,
    #401,#413,#430,#447));
#47 = ADVANCED_FACE('',(#48),#82,.F.);
#48 = FACE_BOUND('',#49,.T.);
#49 = EDGE_LOOP('',(#50,#60,#68,#76));
#50 = ORIENTED_EDGE('',*,*,#51,.F.);
#51 = EDGE_CURVE('',#52,#54,#56,.T.);
#52 = VERTEX_POINT('',#53);
#53 = CARTESIAN_POINT('',(-2.54,0.6223,-1.7145));
#54 = VERTEX_POINT('',#55);
#55 = CARTESIAN_POINT('',(-2.54,0.,-1.7145));
#56 = LINE('',#57,#58);
#57 = CARTESIAN_POINT('',(-2.54,2.5146,-1.7145));
#58 = VECTOR('',#59,1.);
#59 = DIRECTION('',(0.,-1.,0.));
#60 = ORIENTED_EDGE('',*,*,#61,.F.);
#61 = EDGE_CURVE('',#62,#52,#64,.T.);
#62 = VERTEX_POINT('',#63);
#63 = CARTESIAN_POINT('',(2.54,0.6223,-1.7145));
#64 = LINE('',#65,#66);
#65 = CARTESIAN_POINT('',(2.54,0.6223,-1.7145));
#66 = VECTOR('',#67,1.);
#67 = DIRECTION('',(-1.,0.,0.));
#68 = ORIENTED_EDGE('',*,*,#69,.T.);
#69 = EDGE_CURVE('',#62,#70,#72,.T.);
#70 = VERTEX_POINT('',#71);
#71 = CARTESIAN_POINT('',(2.54,0.,-1.7145));
#72 = LINE('',#73,#74);
#73 = CARTESIAN_POINT('',(2.54,2.5146,-1.7145));
#74 = VECTOR('',#75,1.);
#75 = DIRECTION('',(0.,-1.,0.));
#76 = ORIENTED_EDGE('',*,*,#77,.T.);
#77 = EDGE_CURVE('',#70,#54,#78,.T.);
#78 = LINE('',#79,#80);
#79 = CARTESIAN_POINT('',(2.54,0.,-1.7145));
#80 = VECTOR('',#81,1.);
#81 = DIRECTION('',(-1.,0.,0.));
#82 = PLANE('',#83);
#83 = AXIS2_PLACEMENT_3D('',#84,#85,#86);
#84 = CARTESIAN_POINT('',(2.54,2.5146,-1.7145));
#85 = DIRECTION('',(0.,0.,1.));
#86 = DIRECTION('',(1.,0.,-0.));
#87 = ADVANCED_FACE('',(#88),#122,.F.);
#88 = FACE_BOUND('',#89,.T.);
#89 = EDGE_LOOP('',(#90,#100,#108,#116));
#90 = ORIENTED_EDGE('',*,*,#91,.F.);
#91 = EDGE_CURVE('',#92,#94,#96,.T.);
#92 = VERTEX_POINT('',#93);
#93 = CARTESIAN_POINT('',(2.54,0.6223,1.7145));
#94 = VERTEX_POINT('',#95);
#95 = CARTESIAN_POINT('',(2.54,0.,1.7145));
#96 = LINE('',#97,#98);
#97 = CARTESIAN_POINT('',(2.54,2.5146,1.7145));
#98 = VECTOR('',#99,1.);
#99 = DIRECTION('',(0.,-1.,0.));
#100 = ORIENTED_EDGE('',*,*,#101,.T.);
#101 = EDGE_CURVE('',#92,#102,#104,.T.);
#102 = VERTEX_POINT('',#103);
#103 = CARTESIAN_POINT('',(-2.54,0.6223,1.7145));
#104 = LINE('',#105,#106);
#105 = CARTESIAN_POINT('',(2.54,0.6223,1.7145));
#106 = VECTOR('',#107,1.);
#107 = DIRECTION('',(-1.,0.,0.));
#108 = ORIENTED_EDGE('',*,*,#109,.T.);
#109 = EDGE_CURVE('',#102,#110,#112,.T.);
#110 = VERTEX_POINT('',#111);
#111 = CARTESIAN_POINT('',(-2.54,0.,1.7145));
#112 = LINE('',#113,#114);
#113 = CARTESIAN_POINT('',(-2.54,2.5146,1.7145));
#114 = VECTOR('',#115,1.);
#115 = DIRECTION('',(0.,-1.,0.));
#116 = ORIENTED_EDGE('',*,*,#117,.T.);
#117 = EDGE_CURVE('',#110,#94,#118,.T.);
#118 = LINE('',#119,#120);
#119 = CARTESIAN_POINT('',(-2.54,0.,1.7145));
#120 = VECTOR('',#121,1.);
#121 = DIRECTION('',(1.,0.,0.));
#122 = PLANE('',#123);
#123 = AXIS2_PLACEMENT_3D('',#124,#125,#126);
#124 = CARTESIAN_POINT('',(-2.54,2.5146,1.7145));
#125 = DIRECTION('',(0.,0.,-1.));
#126 = DIRECTION('',(-1.,0.,0.));
#127 = ADVANCED_FACE('',(#128),#208,.F.);
#128 = FACE_BOUND('',#129,.T.);
#129 = EDGE_LOOP('',(#130,#140,#146,#147,#153,#154,#162,#170,#178,#186,
    #194,#202));
#130 = ORIENTED_EDGE('',*,*,#131,.F.);
#131 = EDGE_CURVE('',#132,#134,#136,.T.);
#132 = VERTEX_POINT('',#133);
#133 = CARTESIAN_POINT('',(-2.54,0.6223,-1.4605));
#134 = VERTEX_POINT('',#135);
#135 = CARTESIAN_POINT('',(-2.54,1.8923,-1.4605));
#136 = LINE('',#137,#138);
#137 = CARTESIAN_POINT('',(-2.54,0.6223,-1.4605));
#138 = VECTOR('',#139,1.);
#139 = DIRECTION('',(0.,1.,0.));
#140 = ORIENTED_EDGE('',*,*,#141,.F.);
#141 = EDGE_CURVE('',#52,#132,#142,.T.);
#142 = LINE('',#143,#144);
#143 = CARTESIAN_POINT('',(-2.54,0.6223,-1.7145));
#144 = VECTOR('',#145,1.);
#145 = DIRECTION('',(0.,0.,1.));
#146 = ORIENTED_EDGE('',*,*,#51,.T.);
#147 = ORIENTED_EDGE('',*,*,#148,.T.);
#148 = EDGE_CURVE('',#54,#110,#149,.T.);
#149 = LINE('',#150,#151);
#150 = CARTESIAN_POINT('',(-2.54,0.,-1.7145));
#151 = VECTOR('',#152,1.);
#152 = DIRECTION('',(0.,0.,1.));
#153 = ORIENTED_EDGE('',*,*,#109,.F.);
#154 = ORIENTED_EDGE('',*,*,#155,.F.);
#155 = EDGE_CURVE('',#156,#102,#158,.T.);
#156 = VERTEX_POINT('',#157);
#157 = CARTESIAN_POINT('',(-2.54,0.6223,1.4605));
#158 = LINE('',#159,#160);
#159 = CARTESIAN_POINT('',(-2.54,0.6223,1.4605));
#160 = VECTOR('',#161,1.);
#161 = DIRECTION('',(0.,0.,1.));
#162 = ORIENTED_EDGE('',*,*,#163,.F.);
#163 = EDGE_CURVE('',#164,#156,#166,.T.);
#164 = VERTEX_POINT('',#165);
#165 = CARTESIAN_POINT('',(-2.54,1.8923,1.4605));
#166 = LINE('',#167,#168);
#167 = CARTESIAN_POINT('',(-2.54,1.8923,1.4605));
#168 = VECTOR('',#169,1.);
#169 = DIRECTION('',(0.,-1.,0.));
#170 = ORIENTED_EDGE('',*,*,#171,.F.);
#171 = EDGE_CURVE('',#172,#164,#174,.T.);
#172 = VERTEX_POINT('',#173);
#173 = CARTESIAN_POINT('',(-2.54,1.8923,1.7145));
#174 = LINE('',#175,#176);
#175 = CARTESIAN_POINT('',(-2.54,1.8923,1.7145));
#176 = VECTOR('',#177,1.);
#177 = DIRECTION('',(0.,0.,-1.));
#178 = ORIENTED_EDGE('',*,*,#179,.F.);
#179 = EDGE_CURVE('',#180,#172,#182,.T.);
#180 = VERTEX_POINT('',#181);
#181 = CARTESIAN_POINT('',(-2.54,2.5146,1.7145));
#182 = LINE('',#183,#184);
#183 = CARTESIAN_POINT('',(-2.54,2.5146,1.7145));
#184 = VECTOR('',#185,1.);
#185 = DIRECTION('',(0.,-1.,0.));
#186 = ORIENTED_EDGE('',*,*,#187,.F.);
#187 = EDGE_CURVE('',#188,#180,#190,.T.);
#188 = VERTEX_POINT('',#189);
#189 = CARTESIAN_POINT('',(-2.54,2.5146,-1.7145));
#190 = LINE('',#191,#192);
#191 = CARTESIAN_POINT('',(-2.54,2.5146,-1.7145));
#192 = VECTOR('',#193,1.);
#193 = DIRECTION('',(0.,0.,1.));
#194 = ORIENTED_EDGE('',*,*,#195,.T.);
#195 = EDGE_CURVE('',#188,#196,#198,.T.);
#196 = VERTEX_POINT('',#197);
#197 = CARTESIAN_POINT('',(-2.54,1.8923,-1.7145));
#198 = LINE('',#199,#200);
#199 = CARTESIAN_POINT('',(-2.54,2.5146,-1.7145));
#200 = VECTOR('',#201,1.);
#201 = DIRECTION('',(0.,-1.,0.));
#202 = ORIENTED_EDGE('',*,*,#203,.F.);
#203 = EDGE_CURVE('',#134,#196,#204,.T.);
#204 = LINE('',#205,#206);
#205 = CARTESIAN_POINT('',(-2.54,1.8923,-1.4605));
#206 = VECTOR('',#207,1.);
#207 = DIRECTION('',(0.,0.,-1.));
#208 = PLANE('',#209);
#209 = AXIS2_PLACEMENT_3D('',#210,#211,#212);
#210 = CARTESIAN_POINT('',(-2.54,2.5146,-1.7145));
#211 = DIRECTION('',(1.,0.,0.));
#212 = DIRECTION('',(0.,0.,-1.));
#213 = ADVANCED_FACE('',(#214),#239,.F.);
#214 = FACE_BOUND('',#215,.T.);
#215 = EDGE_LOOP('',(#216,#217,#225,#233));
#216 = ORIENTED_EDGE('',*,*,#179,.T.);
#217 = ORIENTED_EDGE('',*,*,#218,.F.);
#218 = EDGE_CURVE('',#219,#172,#221,.T.);
#219 = VERTEX_POINT('',#220);
#220 = CARTESIAN_POINT('',(2.54,1.8923,1.7145));
#221 = LINE('',#222,#223);
#222 = CARTESIAN_POINT('',(2.54,1.8923,1.7145));
#223 = VECTOR('',#224,1.);
#224 = DIRECTION('',(-1.,0.,0.));
#225 = ORIENTED_EDGE('',*,*,#226,.F.);
#226 = EDGE_CURVE('',#227,#219,#229,.T.);
#227 = VERTEX_POINT('',#228);
#228 = CARTESIAN_POINT('',(2.54,2.5146,1.7145));
#229 = LINE('',#230,#231);
#230 = CARTESIAN_POINT('',(2.54,2.5146,1.7145));
#231 = VECTOR('',#232,1.);
#232 = DIRECTION('',(0.,-1.,0.));
#233 = ORIENTED_EDGE('',*,*,#234,.F.);
#234 = EDGE_CURVE('',#180,#227,#235,.T.);
#235 = LINE('',#236,#237);
#236 = CARTESIAN_POINT('',(-2.54,2.5146,1.7145));
#237 = VECTOR('',#238,1.);
#238 = DIRECTION('',(1.,0.,0.));
#239 = PLANE('',#240);
#240 = AXIS2_PLACEMENT_3D('',#241,#242,#243);
#241 = CARTESIAN_POINT('',(-2.54,2.5146,1.7145));
#242 = DIRECTION('',(0.,0.,-1.));
#243 = DIRECTION('',(-1.,0.,0.));
#244 = ADVANCED_FACE('',(#245),#316,.F.);
#245 = FACE_BOUND('',#246,.T.);
#246 = EDGE_LOOP('',(#247,#248,#256,#264,#272,#280,#286,#287,#295,#303,
    #309,#310));
#247 = ORIENTED_EDGE('',*,*,#69,.F.);
#248 = ORIENTED_EDGE('',*,*,#249,.T.);
#249 = EDGE_CURVE('',#62,#250,#252,.T.);
#250 = VERTEX_POINT('',#251);
#251 = CARTESIAN_POINT('',(2.54,0.6223,-1.4605));
#252 = LINE('',#253,#254);
#253 = CARTESIAN_POINT('',(2.54,0.6223,-1.7145));
#254 = VECTOR('',#255,1.);
#255 = DIRECTION('',(0.,0.,1.));
#256 = ORIENTED_EDGE('',*,*,#257,.T.);
#257 = EDGE_CURVE('',#250,#258,#260,.T.);
#258 = VERTEX_POINT('',#259);
#259 = CARTESIAN_POINT('',(2.54,1.8923,-1.4605));
#260 = LINE('',#261,#262);
#261 = CARTESIAN_POINT('',(2.54,0.6223,-1.4605));
#262 = VECTOR('',#263,1.);
#263 = DIRECTION('',(0.,1.,0.));
#264 = ORIENTED_EDGE('',*,*,#265,.T.);
#265 = EDGE_CURVE('',#258,#266,#268,.T.);
#266 = VERTEX_POINT('',#267);
#267 = CARTESIAN_POINT('',(2.54,1.8923,-1.7145));
#268 = LINE('',#269,#270);
#269 = CARTESIAN_POINT('',(2.54,1.8923,-1.4605));
#270 = VECTOR('',#271,1.);
#271 = DIRECTION('',(0.,0.,-1.));
#272 = ORIENTED_EDGE('',*,*,#273,.F.);
#273 = EDGE_CURVE('',#274,#266,#276,.T.);
#274 = VERTEX_POINT('',#275);
#275 = CARTESIAN_POINT('',(2.54,2.5146,-1.7145));
#276 = LINE('',#277,#278);
#277 = CARTESIAN_POINT('',(2.54,2.5146,-1.7145));
#278 = VECTOR('',#279,1.);
#279 = DIRECTION('',(0.,-1.,0.));
#280 = ORIENTED_EDGE('',*,*,#281,.F.);
#281 = EDGE_CURVE('',#227,#274,#282,.T.);
#282 = LINE('',#283,#284);
#283 = CARTESIAN_POINT('',(2.54,2.5146,1.7145));
#284 = VECTOR('',#285,1.);
#285 = DIRECTION('',(0.,0.,-1.));
#286 = ORIENTED_EDGE('',*,*,#226,.T.);
#287 = ORIENTED_EDGE('',*,*,#288,.T.);
#288 = EDGE_CURVE('',#219,#289,#291,.T.);
#289 = VERTEX_POINT('',#290);
#290 = CARTESIAN_POINT('',(2.54,1.8923,1.4605));
#291 = LINE('',#292,#293);
#292 = CARTESIAN_POINT('',(2.54,1.8923,1.7145));
#293 = VECTOR('',#294,1.);
#294 = DIRECTION('',(0.,0.,-1.));
#295 = ORIENTED_EDGE('',*,*,#296,.T.);
#296 = EDGE_CURVE('',#289,#297,#299,.T.);
#297 = VERTEX_POINT('',#298);
#298 = CARTESIAN_POINT('',(2.54,0.6223,1.4605));
#299 = LINE('',#300,#301);
#300 = CARTESIAN_POINT('',(2.54,1.8923,1.4605));
#301 = VECTOR('',#302,1.);
#302 = DIRECTION('',(0.,-1.,0.));
#303 = ORIENTED_EDGE('',*,*,#304,.T.);
#304 = EDGE_CURVE('',#297,#92,#305,.T.);
#305 = LINE('',#306,#307);
#306 = CARTESIAN_POINT('',(2.54,0.6223,1.4605));
#307 = VECTOR('',#308,1.);
#308 = DIRECTION('',(0.,0.,1.));
#309 = ORIENTED_EDGE('',*,*,#91,.T.);
#310 = ORIENTED_EDGE('',*,*,#311,.T.);
#311 = EDGE_CURVE('',#94,#70,#312,.T.);
#312 = LINE('',#313,#314);
#313 = CARTESIAN_POINT('',(2.54,0.,1.7145));
#314 = VECTOR('',#315,1.);
#315 = DIRECTION('',(0.,0.,-1.));
#316 = PLANE('',#317);
#317 = AXIS2_PLACEMENT_3D('',#318,#319,#320);
#318 = CARTESIAN_POINT('',(2.54,2.5146,1.7145));
#319 = DIRECTION('',(-1.,0.,0.));
#320 = DIRECTION('',(0.,0.,1.));
#321 = ADVANCED_FACE('',(#322),#338,.F.);
#322 = FACE_BOUND('',#323,.T.);
#323 = EDGE_LOOP('',(#324,#325,#331,#332));
#324 = ORIENTED_EDGE('',*,*,#273,.T.);
#325 = ORIENTED_EDGE('',*,*,#326,.T.);
#326 = EDGE_CURVE('',#266,#196,#327,.T.);
#327 = LINE('',#328,#329);
#328 = CARTESIAN_POINT('',(2.54,1.8923,-1.7145));
#329 = VECTOR('',#330,1.);
#330 = DIRECTION('',(-1.,0.,0.));
#331 = ORIENTED_EDGE('',*,*,#195,.F.);
#332 = ORIENTED_EDGE('',*,*,#333,.F.);
#333 = EDGE_CURVE('',#274,#188,#334,.T.);
#334 = LINE('',#335,#336);
#335 = CARTESIAN_POINT('',(2.54,2.5146,-1.7145));
#336 = VECTOR('',#337,1.);
#337 = DIRECTION('',(-1.,0.,0.));
#338 = PLANE('',#339);
#339 = AXIS2_PLACEMENT_3D('',#340,#341,#342);
#340 = CARTESIAN_POINT('',(2.54,2.5146,-1.7145));
#341 = DIRECTION('',(0.,0.,1.));
#342 = DIRECTION('',(1.,0.,-0.));
#343 = ADVANCED_FACE('',(#344),#350,.T.);
#344 = FACE_BOUND('',#345,.T.);
#345 = EDGE_LOOP('',(#346,#347,#348,#349));
#346 = ORIENTED_EDGE('',*,*,#187,.T.);
#347 = ORIENTED_EDGE('',*,*,#234,.T.);
#348 = ORIENTED_EDGE('',*,*,#281,.T.);
#349 = ORIENTED_EDGE('',*,*,#333,.T.);
#350 = PLANE('',#351);
#351 = AXIS2_PLACEMENT_3D('',#352,#353,#354);
#352 = CARTESIAN_POINT('',(0.,2.5146,0.));
#353 = DIRECTION('',(0.,1.,0.));
#354 = DIRECTION('',(0.,-0.,1.));
#355 = ADVANCED_FACE('',(#356),#362,.F.);
#356 = FACE_BOUND('',#357,.T.);
#357 = EDGE_LOOP('',(#358,#359,#360,#361));
#358 = ORIENTED_EDGE('',*,*,#148,.F.);
#359 = ORIENTED_EDGE('',*,*,#77,.F.);
#360 = ORIENTED_EDGE('',*,*,#311,.F.);
#361 = ORIENTED_EDGE('',*,*,#117,.F.);
#362 = PLANE('',#363);
#363 = AXIS2_PLACEMENT_3D('',#364,#365,#366);
#364 = CARTESIAN_POINT('',(0.,0.,0.));
#365 = DIRECTION('',(0.,1.,0.));
#366 = DIRECTION('',(0.,-0.,1.));
#367 = ADVANCED_FACE('',(#368),#384,.F.);
#368 = FACE_BOUND('',#369,.T.);
#369 = EDGE_LOOP('',(#370,#371,#377,#378));
#370 = ORIENTED_EDGE('',*,*,#163,.T.);
#371 = ORIENTED_EDGE('',*,*,#372,.F.);
#372 = EDGE_CURVE('',#297,#156,#373,.T.);
#373 = LINE('',#374,#375);
#374 = CARTESIAN_POINT('',(2.54,0.6223,1.4605));
#375 = VECTOR('',#376,1.);
#376 = DIRECTION('',(-1.,0.,0.));
#377 = ORIENTED_EDGE('',*,*,#296,.F.);
#378 = ORIENTED_EDGE('',*,*,#379,.T.);
#379 = EDGE_CURVE('',#289,#164,#380,.T.);
#380 = LINE('',#381,#382);
#381 = CARTESIAN_POINT('',(2.54,1.8923,1.4605));
#382 = VECTOR('',#383,1.);
#383 = DIRECTION('',(-1.,0.,0.));
#384 = PLANE('',#385);
#385 = AXIS2_PLACEMENT_3D('',#386,#387,#388);
#386 = CARTESIAN_POINT('',(2.54,1.8923,1.4605));
#387 = DIRECTION('',(0.,0.,-1.));
#388 = DIRECTION('',(-1.,0.,0.));
#389 = ADVANCED_FACE('',(#390),#396,.F.);
#390 = FACE_BOUND('',#391,.T.);
#391 = EDGE_LOOP('',(#392,#393,#394,#395));
#392 = ORIENTED_EDGE('',*,*,#155,.T.);
#393 = ORIENTED_EDGE('',*,*,#101,.F.);
#394 = ORIENTED_EDGE('',*,*,#304,.F.);
#395 = ORIENTED_EDGE('',*,*,#372,.T.);
#396 = PLANE('',#397);
#397 = AXIS2_PLACEMENT_3D('',#398,#399,#400);
#398 = CARTESIAN_POINT('',(2.54,0.6223,1.4605));
#399 = DIRECTION('',(0.,-1.,0.));
#400 = DIRECTION('',(0.,0.,-1.));
#401 = ADVANCED_FACE('',(#402),#408,.F.);
#402 = FACE_BOUND('',#403,.T.);
#403 = EDGE_LOOP('',(#404,#405,#406,#407));
#404 = ORIENTED_EDGE('',*,*,#171,.T.);
#405 = ORIENTED_EDGE('',*,*,#379,.F.);
#406 = ORIENTED_EDGE('',*,*,#288,.F.);
#407 = ORIENTED_EDGE('',*,*,#218,.T.);
#408 = PLANE('',#409);
#409 = AXIS2_PLACEMENT_3D('',#410,#411,#412);
#410 = CARTESIAN_POINT('',(2.54,1.8923,1.7145));
#411 = DIRECTION('',(0.,1.,0.));
#412 = DIRECTION('',(0.,-0.,1.));
#413 = ADVANCED_FACE('',(#414),#425,.F.);
#414 = FACE_BOUND('',#415,.T.);
#415 = EDGE_LOOP('',(#416,#417,#423,#424));
#416 = ORIENTED_EDGE('',*,*,#141,.T.);
#417 = ORIENTED_EDGE('',*,*,#418,.F.);
#418 = EDGE_CURVE('',#250,#132,#419,.T.);
#419 = LINE('',#420,#421);
#420 = CARTESIAN_POINT('',(2.54,0.6223,-1.4605));
#421 = VECTOR('',#422,1.);
#422 = DIRECTION('',(-1.,0.,0.));
#423 = ORIENTED_EDGE('',*,*,#249,.F.);
#424 = ORIENTED_EDGE('',*,*,#61,.T.);
#425 = PLANE('',#426);
#426 = AXIS2_PLACEMENT_3D('',#427,#428,#429);
#427 = CARTESIAN_POINT('',(2.54,0.6223,-1.7145));
#428 = DIRECTION('',(0.,-1.,0.));
#429 = DIRECTION('',(0.,0.,-1.));
#430 = ADVANCED_FACE('',(#431),#442,.F.);
#431 = FACE_BOUND('',#432,.T.);
#432 = EDGE_LOOP('',(#433,#434,#440,#441));
#433 = ORIENTED_EDGE('',*,*,#131,.T.);
#434 = ORIENTED_EDGE('',*,*,#435,.F.);
#435 = EDGE_CURVE('',#258,#134,#436,.T.);
#436 = LINE('',#437,#438);
#437 = CARTESIAN_POINT('',(2.54,1.8923,-1.4605));
#438 = VECTOR('',#439,1.);
#439 = DIRECTION('',(-1.,0.,0.));
#440 = ORIENTED_EDGE('',*,*,#257,.F.);
#441 = ORIENTED_EDGE('',*,*,#418,.T.);
#442 = PLANE('',#443);
#443 = AXIS2_PLACEMENT_3D('',#444,#445,#446);
#444 = CARTESIAN_POINT('',(2.54,0.6223,-1.4605));
#445 = DIRECTION('',(0.,0.,1.));
#446 = DIRECTION('',(1.,0.,-0.));
#447 = ADVANCED_FACE('',(#448),#454,.F.);
#448 = FACE_BOUND('',#449,.T.);
#449 = EDGE_LOOP('',(#450,#451,#452,#453));
#450 = ORIENTED_EDGE('',*,*,#203,.T.);
#451 = ORIENTED_EDGE('',*,*,#326,.F.);
#452 = ORIENTED_EDGE('',*,*,#265,.F.);
#453 = ORIENTED_EDGE('',*,*,#435,.T.);
#454 = PLANE('',#455);
#455 = AXIS2_PLACEMENT_3D('',#456,#457,#458);
#456 = CARTESIAN_POINT('',(2.54,1.8923,-1.4605));
#457 = DIRECTION('',(0.,1.,0.));
#458 = DIRECTION('',(0.,-0.,1.));
#459 = ( GEOMETRIC_REPRESENTATION_CONTEXT(3) 
GLOBAL_UNCERTAINTY_ASSIGNED_CONTEXT((#463)) GLOBAL_UNIT_ASSIGNED_CONTEXT
((#460,#461,#462)) REPRESENTATION_CONTEXT('Context #1',
  '3D Context with UNIT and UNCERTAINTY') );
#460 = ( LENGTH_UNIT() NAMED_UNIT(*) SI_UNIT(.MILLI.,.METRE.) );
#461 = ( NAMED_UNIT(*) PLANE_ANGLE_UNIT() SI_UNIT($,.RADIAN.) );
#462 = ( NAMED_UNIT(*) SI_UNIT($,.STERADIAN.) SOLID_ANGLE_UNIT() );
#463 = UNCERTAINTY_MEASURE_WITH_UNIT(LENGTH_MEASURE(1.E-07),#460,
  'distance_accuracy_value','confusion accuracy');
#464 = CONTEXT_DEPENDENT_SHAPE_REPRESENTATION(#465,#467);
#465 = ( REPRESENTATION_RELATIONSHIP('','',#44,#10) 
REPRESENTATION_RELATIONSHIP_WITH_TRANSFORMATION(#466) 
SHAPE_REPRESENTATION_RELATIONSHIP() );
#466 = ITEM_DEFINED_TRANSFORMATION('','',#11,#15);
#467 = PRODUCT_DEFINITION_SHAPE('Placement','Placement of an item',#468
  );
#468 = NEXT_ASSEMBLY_USAGE_OCCURRENCE('9','=>[0:1:1:1]','',#5,#39,$);
#469 = PRODUCT_RELATED_PRODUCT_CATEGORY('part',$,(#41));
#470 = SHAPE_DEFINITION_REPRESENTATION(#471,#477);
#471 = PRODUCT_DEFINITION_SHAPE('','',#472);
#472 = PRODUCT_DEFINITION('design','',#473,#476);
#473 = PRODUCT_DEFINITION_FORMATION('','',#474);
#474 = PRODUCT('FW-04-04-G-D-370-160_pins1','FW-04-04-G-D-370-160_pins1'
  ,'',(#475));
#475 = PRODUCT_CONTEXT('',#2,'mechanical');
#476 = PRODUCT_DEFINITION_CONTEXT('part definition',#2,'design');
#477 = ADVANCED_BREP_SHAPE_REPRESENTATION('',(#11,#478),#2320);
#478 = MANIFOLD_SOLID_BREP('',#479);
#479 = CLOSED_SHELL('',(#480,#520,#560,#600,#640,#680,#720,#751,#782,
    #813,#844,#875,#906,#946,#986,#1026,#1048,#1070,#1092,#1132,#1232,
    #1263,#1363,#1394,#1425,#1456,#1556,#1587,#1687,#1718,#1740,#1766,
    #1792,#1804,#1816,#1828,#1840,#1857,#1874,#1891,#1908,#1920,#1937,
    #1954,#1971,#1988,#2000,#2017,#2034,#2051,#2068,#2080,#2102,#2119,
    #2136,#2148,#2160,#2182,#2199,#2216,#2228,#2240,#2262,#2279,#2296,
    #2308));
#480 = ADVANCED_FACE('',(#481),#515,.T.);
#481 = FACE_BOUND('',#482,.T.);
#482 = EDGE_LOOP('',(#483,#493,#501,#509));
#483 = ORIENTED_EDGE('',*,*,#484,.F.);
#484 = EDGE_CURVE('',#485,#487,#489,.T.);
#485 = VERTEX_POINT('',#486);
#486 = CARTESIAN_POINT('',(-2.108200000001,13.2334,0.8382));
#487 = VERTEX_POINT('',#488);
#488 = CARTESIAN_POINT('',(-1.976217728464,13.462,0.706217728463));
#489 = LINE('',#490,#491);
#490 = CARTESIAN_POINT('',(-2.002614182771,13.41628,0.73261418277));
#491 = VECTOR('',#492,1.);
#492 = DIRECTION('',(0.4472135955,0.774596669241,-0.4472135955));
#493 = ORIENTED_EDGE('',*,*,#494,.T.);
#494 = EDGE_CURVE('',#485,#495,#497,.T.);
#495 = VERTEX_POINT('',#496);
#496 = CARTESIAN_POINT('',(-1.7018,13.233399999998,0.8382));
#497 = LINE('',#498,#499);
#498 = CARTESIAN_POINT('',(-2.1082,13.2334,0.8382));
#499 = VECTOR('',#500,1.);
#500 = DIRECTION('',(1.,0.,0.));
#501 = ORIENTED_EDGE('',*,*,#502,.F.);
#502 = EDGE_CURVE('',#503,#495,#505,.T.);
#503 = VERTEX_POINT('',#504);
#504 = CARTESIAN_POINT('',(-1.833782271537,13.462,0.706217728463));
#505 = LINE('',#506,#507);
#506 = CARTESIAN_POINT('',(-1.88866581723,13.557061089639,0.651334182771
    ));
#507 = VECTOR('',#508,1.);
#508 = DIRECTION('',(0.447213595499,-0.774596669242,0.4472135955));
#509 = ORIENTED_EDGE('',*,*,#510,.F.);
#510 = EDGE_CURVE('',#487,#503,#511,.T.);
#511 = LINE('',#512,#513);
#512 = CARTESIAN_POINT('',(-2.1082,13.462,0.706217728463));
#513 = VECTOR('',#514,1.);
#514 = DIRECTION('',(1.,0.,0.));
#515 = PLANE('',#516);
#516 = AXIS2_PLACEMENT_3D('',#517,#518,#519);
#517 = CARTESIAN_POINT('',(-2.1082,13.462,0.706217728463));
#518 = DIRECTION('',(0.,0.5,0.866025403784));
#519 = DIRECTION('',(0.,-0.866025403784,0.5));
#520 = ADVANCED_FACE('',(#521),#555,.T.);
#521 = FACE_BOUND('',#522,.T.);
#522 = EDGE_LOOP('',(#523,#533,#541,#549));
#523 = ORIENTED_EDGE('',*,*,#524,.F.);
#524 = EDGE_CURVE('',#525,#527,#529,.T.);
#525 = VERTEX_POINT('',#526);
#526 = CARTESIAN_POINT('',(-0.838200000001,13.2334,0.8382));
#527 = VERTEX_POINT('',#528);
#528 = CARTESIAN_POINT('',(-0.706217728464,13.462,0.706217728463));
#529 = LINE('',#530,#531);
#530 = CARTESIAN_POINT('',(-0.986614182771,12.976339094878,0.98661418277
    ));
#531 = VECTOR('',#532,1.);
#532 = DIRECTION('',(0.4472135955,0.774596669242,-0.4472135955));
#533 = ORIENTED_EDGE('',*,*,#534,.T.);
#534 = EDGE_CURVE('',#525,#535,#537,.T.);
#535 = VERTEX_POINT('',#536);
#536 = CARTESIAN_POINT('',(-0.431800000001,13.2334,0.8382));
#537 = LINE('',#538,#539);
#538 = CARTESIAN_POINT('',(-2.1082,13.2334,0.8382));
#539 = VECTOR('',#540,1.);
#540 = DIRECTION('',(1.,0.,0.));
#541 = ORIENTED_EDGE('',*,*,#542,.F.);
#542 = EDGE_CURVE('',#543,#535,#545,.T.);
#543 = VERTEX_POINT('',#544);
#544 = CARTESIAN_POINT('',(-0.563782271537,13.462,0.706217728463));
#545 = LINE('',#546,#547);
#546 = CARTESIAN_POINT('',(-0.872665817231,13.997001994762,0.39733418277
    ));
#547 = VECTOR('',#548,1.);
#548 = DIRECTION('',(0.447213595501,-0.774596669241,0.4472135955));
#549 = ORIENTED_EDGE('',*,*,#550,.F.);
#550 = EDGE_CURVE('',#527,#543,#551,.T.);
#551 = LINE('',#552,#553);
#552 = CARTESIAN_POINT('',(-2.1082,13.462,0.706217728463));
#553 = VECTOR('',#554,1.);
#554 = DIRECTION('',(1.,0.,0.));
#555 = PLANE('',#556);
#556 = AXIS2_PLACEMENT_3D('',#557,#558,#559);
#557 = CARTESIAN_POINT('',(-2.1082,13.462,0.706217728463));
#558 = DIRECTION('',(0.,0.5,0.866025403784));
#559 = DIRECTION('',(0.,-0.866025403784,0.5));
#560 = ADVANCED_FACE('',(#561),#595,.T.);
#561 = FACE_BOUND('',#562,.T.);
#562 = EDGE_LOOP('',(#563,#573,#581,#589));
#563 = ORIENTED_EDGE('',*,*,#564,.F.);
#564 = EDGE_CURVE('',#565,#567,#569,.T.);
#565 = VERTEX_POINT('',#566);
#566 = CARTESIAN_POINT('',(0.4318,13.2334,0.8382));
#567 = VERTEX_POINT('',#568);
#568 = CARTESIAN_POINT('',(0.563782271537,13.462,0.706217728463));
#569 = LINE('',#570,#571);
#570 = CARTESIAN_POINT('',(2.938581722935E-02,12.536398189755,
    1.24061418277));
#571 = VECTOR('',#572,1.);
#572 = DIRECTION('',(0.4472135955,0.774596669242,-0.4472135955));
#573 = ORIENTED_EDGE('',*,*,#574,.T.);
#574 = EDGE_CURVE('',#565,#575,#577,.T.);
#575 = VERTEX_POINT('',#576);
#576 = CARTESIAN_POINT('',(0.8382,13.2334,0.8382));
#577 = LINE('',#578,#579);
#578 = CARTESIAN_POINT('',(-2.1082,13.2334,0.8382));
#579 = VECTOR('',#580,1.);
#580 = DIRECTION('',(1.,0.,0.));
#581 = ORIENTED_EDGE('',*,*,#582,.F.);
#582 = EDGE_CURVE('',#583,#575,#585,.T.);
#583 = VERTEX_POINT('',#584);
#584 = CARTESIAN_POINT('',(0.706217728463,13.462,0.706217728463));
#585 = LINE('',#586,#587);
#586 = CARTESIAN_POINT('',(0.143334182769,14.436942899885,0.14333418277)
  );
#587 = VECTOR('',#588,1.);
#588 = DIRECTION('',(0.447213595501,-0.774596669241,0.4472135955));
#589 = ORIENTED_EDGE('',*,*,#590,.F.);
#590 = EDGE_CURVE('',#567,#583,#591,.T.);
#591 = LINE('',#592,#593);
#592 = CARTESIAN_POINT('',(-2.1082,13.462,0.706217728463));
#593 = VECTOR('',#594,1.);
#594 = DIRECTION('',(1.,0.,0.));
#595 = PLANE('',#596);
#596 = AXIS2_PLACEMENT_3D('',#597,#598,#599);
#597 = CARTESIAN_POINT('',(-2.1082,13.462,0.706217728463));
#598 = DIRECTION('',(0.,0.5,0.866025403784));
#599 = DIRECTION('',(0.,-0.866025403784,0.5));
#600 = ADVANCED_FACE('',(#601),#635,.T.);
#601 = FACE_BOUND('',#602,.T.);
#602 = EDGE_LOOP('',(#603,#613,#621,#629));
#603 = ORIENTED_EDGE('',*,*,#604,.F.);
#604 = EDGE_CURVE('',#605,#607,#609,.T.);
#605 = VERTEX_POINT('',#606);
#606 = CARTESIAN_POINT('',(-1.976217728464,13.462,-0.706217728463));
#607 = VERTEX_POINT('',#608);
#608 = CARTESIAN_POINT('',(-2.1082,13.2334,-0.8382));
#609 = LINE('',#610,#611);
#610 = CARTESIAN_POINT('',(-2.108200000001,13.2334,-0.8382));
#611 = VECTOR('',#612,1.);
#612 = DIRECTION('',(-0.4472135955,-0.774596669241,-0.4472135955));
#613 = ORIENTED_EDGE('',*,*,#614,.T.);
#614 = EDGE_CURVE('',#605,#615,#617,.T.);
#615 = VERTEX_POINT('',#616);
#616 = CARTESIAN_POINT('',(-1.833782271537,13.462,-0.706217728463));
#617 = LINE('',#618,#619);
#618 = CARTESIAN_POINT('',(-2.1082,13.462,-0.706217728463));
#619 = VECTOR('',#620,1.);
#620 = DIRECTION('',(1.,0.,0.));
#621 = ORIENTED_EDGE('',*,*,#622,.F.);
#622 = EDGE_CURVE('',#623,#615,#625,.T.);
#623 = VERTEX_POINT('',#624);
#624 = CARTESIAN_POINT('',(-1.7018,13.233399999998,-0.838200000001));
#625 = LINE('',#626,#627);
#626 = CARTESIAN_POINT('',(-1.78308,13.374181089639,-0.75692));
#627 = VECTOR('',#628,1.);
#628 = DIRECTION('',(-0.447213595499,0.774596669242,0.4472135955));
#629 = ORIENTED_EDGE('',*,*,#630,.F.);
#630 = EDGE_CURVE('',#607,#623,#631,.T.);
#631 = LINE('',#632,#633);
#632 = CARTESIAN_POINT('',(-2.1082,13.2334,-0.8382));
#633 = VECTOR('',#634,1.);
#634 = DIRECTION('',(1.,0.,0.));
#635 = PLANE('',#636);
#636 = AXIS2_PLACEMENT_3D('',#637,#638,#639);
#637 = CARTESIAN_POINT('',(-2.1082,13.2334,-0.8382));
#638 = DIRECTION('',(0.,0.5,-0.866025403784));
#639 = DIRECTION('',(0.,0.866025403784,0.5));
#640 = ADVANCED_FACE('',(#641),#675,.T.);
#641 = FACE_BOUND('',#642,.T.);
#642 = EDGE_LOOP('',(#643,#653,#661,#669));
#643 = ORIENTED_EDGE('',*,*,#644,.F.);
#644 = EDGE_CURVE('',#645,#647,#649,.T.);
#645 = VERTEX_POINT('',#646);
#646 = CARTESIAN_POINT('',(-0.706217728464,13.462,-0.706217728463));
#647 = VERTEX_POINT('',#648);
#648 = CARTESIAN_POINT('',(-0.838200000001,13.2334,-0.8382));
#649 = LINE('',#650,#651);
#650 = CARTESIAN_POINT('',(-1.092200000001,12.793459094878,-1.0922));
#651 = VECTOR('',#652,1.);
#652 = DIRECTION('',(-0.4472135955,-0.774596669241,-0.4472135955));
#653 = ORIENTED_EDGE('',*,*,#654,.T.);
#654 = EDGE_CURVE('',#645,#655,#657,.T.);
#655 = VERTEX_POINT('',#656);
#656 = CARTESIAN_POINT('',(-0.563782271537,13.462,-0.706217728463));
#657 = LINE('',#658,#659);
#658 = CARTESIAN_POINT('',(-2.1082,13.462,-0.706217728463));
#659 = VECTOR('',#660,1.);
#660 = DIRECTION('',(1.,0.,0.));
#661 = ORIENTED_EDGE('',*,*,#662,.F.);
#662 = EDGE_CURVE('',#663,#655,#665,.T.);
#663 = VERTEX_POINT('',#664);
#664 = CARTESIAN_POINT('',(-0.431800000001,13.2334,-0.8382));
#665 = LINE('',#666,#667);
#666 = CARTESIAN_POINT('',(-0.767080000001,13.814121994762,-0.50292));
#667 = VECTOR('',#668,1.);
#668 = DIRECTION('',(-0.447213595501,0.774596669241,0.4472135955));
#669 = ORIENTED_EDGE('',*,*,#670,.F.);
#670 = EDGE_CURVE('',#647,#663,#671,.T.);
#671 = LINE('',#672,#673);
#672 = CARTESIAN_POINT('',(-2.1082,13.2334,-0.8382));
#673 = VECTOR('',#674,1.);
#674 = DIRECTION('',(1.,0.,0.));
#675 = PLANE('',#676);
#676 = AXIS2_PLACEMENT_3D('',#677,#678,#679);
#677 = CARTESIAN_POINT('',(-2.1082,13.2334,-0.8382));
#678 = DIRECTION('',(0.,0.5,-0.866025403784));
#679 = DIRECTION('',(0.,0.866025403784,0.5));
#680 = ADVANCED_FACE('',(#681),#715,.T.);
#681 = FACE_BOUND('',#682,.T.);
#682 = EDGE_LOOP('',(#683,#693,#701,#709));
#683 = ORIENTED_EDGE('',*,*,#684,.F.);
#684 = EDGE_CURVE('',#685,#687,#689,.T.);
#685 = VERTEX_POINT('',#686);
#686 = CARTESIAN_POINT('',(0.563782271537,13.462,-0.706217728463));
#687 = VERTEX_POINT('',#688);
#688 = CARTESIAN_POINT('',(0.4318,13.2334,-0.8382));
#689 = LINE('',#690,#691);
#690 = CARTESIAN_POINT('',(-7.620000000003E-02,12.353518189755,-1.3462)
  );
#691 = VECTOR('',#692,1.);
#692 = DIRECTION('',(-0.4472135955,-0.774596669241,-0.4472135955));
#693 = ORIENTED_EDGE('',*,*,#694,.T.);
#694 = EDGE_CURVE('',#685,#695,#697,.T.);
#695 = VERTEX_POINT('',#696);
#696 = CARTESIAN_POINT('',(0.706217728463,13.462,-0.706217728463));
#697 = LINE('',#698,#699);
#698 = CARTESIAN_POINT('',(-2.1082,13.462,-0.706217728463));
#699 = VECTOR('',#700,1.);
#700 = DIRECTION('',(1.,0.,0.));
#701 = ORIENTED_EDGE('',*,*,#702,.F.);
#702 = EDGE_CURVE('',#703,#695,#705,.T.);
#703 = VERTEX_POINT('',#704);
#704 = CARTESIAN_POINT('',(0.8382,13.2334,-0.8382));
#705 = LINE('',#706,#707);
#706 = CARTESIAN_POINT('',(0.248919999999,14.254062899885,
    -0.248919999999));
#707 = VECTOR('',#708,1.);
#708 = DIRECTION('',(-0.447213595501,0.774596669241,0.4472135955));
#709 = ORIENTED_EDGE('',*,*,#710,.F.);
#710 = EDGE_CURVE('',#687,#703,#711,.T.);
#711 = LINE('',#712,#713);
#712 = CARTESIAN_POINT('',(-2.1082,13.2334,-0.8382));
#713 = VECTOR('',#714,1.);
#714 = DIRECTION('',(1.,0.,0.));
#715 = PLANE('',#716);
#716 = AXIS2_PLACEMENT_3D('',#717,#718,#719);
#717 = CARTESIAN_POINT('',(-2.1082,13.2334,-0.8382));
#718 = DIRECTION('',(0.,0.5,-0.866025403784));
#719 = DIRECTION('',(0.,0.866025403784,0.5));
#720 = ADVANCED_FACE('',(#721),#746,.T.);
#721 = FACE_BOUND('',#722,.T.);
#722 = EDGE_LOOP('',(#723,#731,#739,#745));
#723 = ORIENTED_EDGE('',*,*,#724,.F.);
#724 = EDGE_CURVE('',#725,#605,#727,.T.);
#725 = VERTEX_POINT('',#726);
#726 = CARTESIAN_POINT('',(-1.976217728464,13.462,-0.563782271537));
#727 = LINE('',#728,#729);
#728 = CARTESIAN_POINT('',(-1.976217728464,13.462,12.7));
#729 = VECTOR('',#730,1.);
#730 = DIRECTION('',(0.,0.,-1.));
#731 = ORIENTED_EDGE('',*,*,#732,.T.);
#732 = EDGE_CURVE('',#725,#733,#735,.T.);
#733 = VERTEX_POINT('',#734);
#734 = CARTESIAN_POINT('',(-1.833782271537,13.462,-0.563782271537));
#735 = LINE('',#736,#737);
#736 = CARTESIAN_POINT('',(-2.1082,13.462,-0.563782271537));
#737 = VECTOR('',#738,1.);
#738 = DIRECTION('',(1.,0.,0.));
#739 = ORIENTED_EDGE('',*,*,#740,.T.);
#740 = EDGE_CURVE('',#733,#615,#741,.T.);
#741 = LINE('',#742,#743);
#742 = CARTESIAN_POINT('',(-1.833782271537,13.462,12.7));
#743 = VECTOR('',#744,1.);
#744 = DIRECTION('',(0.,0.,-1.));
#745 = ORIENTED_EDGE('',*,*,#614,.F.);
#746 = PLANE('',#747);
#747 = AXIS2_PLACEMENT_3D('',#748,#749,#750);
#748 = CARTESIAN_POINT('',(-2.1082,13.462,-0.706217728463));
#749 = DIRECTION('',(0.,1.,0.));
#750 = DIRECTION('',(0.,-0.,1.));
#751 = ADVANCED_FACE('',(#752),#777,.T.);
#752 = FACE_BOUND('',#753,.T.);
#753 = EDGE_LOOP('',(#754,#762,#770,#776));
#754 = ORIENTED_EDGE('',*,*,#755,.F.);
#755 = EDGE_CURVE('',#756,#645,#758,.T.);
#756 = VERTEX_POINT('',#757);
#757 = CARTESIAN_POINT('',(-0.706217728464,13.462,-0.563782271537));
#758 = LINE('',#759,#760);
#759 = CARTESIAN_POINT('',(-0.706217728464,13.462,12.7));
#760 = VECTOR('',#761,1.);
#761 = DIRECTION('',(0.,0.,-1.));
#762 = ORIENTED_EDGE('',*,*,#763,.T.);
#763 = EDGE_CURVE('',#756,#764,#766,.T.);
#764 = VERTEX_POINT('',#765);
#765 = CARTESIAN_POINT('',(-0.563782271537,13.462,-0.563782271537));
#766 = LINE('',#767,#768);
#767 = CARTESIAN_POINT('',(-2.1082,13.462,-0.563782271537));
#768 = VECTOR('',#769,1.);
#769 = DIRECTION('',(1.,0.,0.));
#770 = ORIENTED_EDGE('',*,*,#771,.T.);
#771 = EDGE_CURVE('',#764,#655,#772,.T.);
#772 = LINE('',#773,#774);
#773 = CARTESIAN_POINT('',(-0.563782271537,13.462,12.7));
#774 = VECTOR('',#775,1.);
#775 = DIRECTION('',(0.,0.,-1.));
#776 = ORIENTED_EDGE('',*,*,#654,.F.);
#777 = PLANE('',#778);
#778 = AXIS2_PLACEMENT_3D('',#779,#780,#781);
#779 = CARTESIAN_POINT('',(-2.1082,13.462,-0.706217728463));
#780 = DIRECTION('',(0.,1.,0.));
#781 = DIRECTION('',(0.,-0.,1.));
#782 = ADVANCED_FACE('',(#783),#808,.T.);
#783 = FACE_BOUND('',#784,.T.);
#784 = EDGE_LOOP('',(#785,#793,#801,#807));
#785 = ORIENTED_EDGE('',*,*,#786,.F.);
#786 = EDGE_CURVE('',#787,#685,#789,.T.);
#787 = VERTEX_POINT('',#788);
#788 = CARTESIAN_POINT('',(0.563782271537,13.462,-0.563782271537));
#789 = LINE('',#790,#791);
#790 = CARTESIAN_POINT('',(0.563782271537,13.462,12.7));
#791 = VECTOR('',#792,1.);
#792 = DIRECTION('',(0.,0.,-1.));
#793 = ORIENTED_EDGE('',*,*,#794,.T.);
#794 = EDGE_CURVE('',#787,#795,#797,.T.);
#795 = VERTEX_POINT('',#796);
#796 = CARTESIAN_POINT('',(0.706217728463,13.462,-0.563782271537));
#797 = LINE('',#798,#799);
#798 = CARTESIAN_POINT('',(-2.1082,13.462,-0.563782271537));
#799 = VECTOR('',#800,1.);
#800 = DIRECTION('',(1.,0.,0.));
#801 = ORIENTED_EDGE('',*,*,#802,.T.);
#802 = EDGE_CURVE('',#795,#695,#803,.T.);
#803 = LINE('',#804,#805);
#804 = CARTESIAN_POINT('',(0.706217728463,13.462,12.7));
#805 = VECTOR('',#806,1.);
#806 = DIRECTION('',(0.,0.,-1.));
#807 = ORIENTED_EDGE('',*,*,#694,.F.);
#808 = PLANE('',#809);
#809 = AXIS2_PLACEMENT_3D('',#810,#811,#812);
#810 = CARTESIAN_POINT('',(-2.1082,13.462,-0.706217728463));
#811 = DIRECTION('',(0.,1.,0.));
#812 = DIRECTION('',(0.,-0.,1.));
#813 = ADVANCED_FACE('',(#814),#839,.T.);
#814 = FACE_BOUND('',#815,.T.);
#815 = EDGE_LOOP('',(#816,#824,#832,#838));
#816 = ORIENTED_EDGE('',*,*,#817,.F.);
#817 = EDGE_CURVE('',#818,#725,#820,.T.);
#818 = VERTEX_POINT('',#819);
#819 = CARTESIAN_POINT('',(-2.108200000001,13.2334,-0.4318));
#820 = LINE('',#821,#822);
#821 = CARTESIAN_POINT('',(-2.002614182771,13.41628,-0.53738581723));
#822 = VECTOR('',#823,1.);
#823 = DIRECTION('',(0.4472135955,0.774596669241,-0.4472135955));
#824 = ORIENTED_EDGE('',*,*,#825,.T.);
#825 = EDGE_CURVE('',#818,#826,#828,.T.);
#826 = VERTEX_POINT('',#827);
#827 = CARTESIAN_POINT('',(-1.7018,13.233399999998,-0.4318));
#828 = LINE('',#829,#830);
#829 = CARTESIAN_POINT('',(-2.1082,13.2334,-0.4318));
#830 = VECTOR('',#831,1.);
#831 = DIRECTION('',(1.,0.,0.));
#832 = ORIENTED_EDGE('',*,*,#833,.F.);
#833 = EDGE_CURVE('',#733,#826,#834,.T.);
#834 = LINE('',#835,#836);
#835 = CARTESIAN_POINT('',(-1.88866581723,13.557061089639,
    -0.618665817229));
#836 = VECTOR('',#837,1.);
#837 = DIRECTION('',(0.447213595499,-0.774596669242,0.4472135955));
#838 = ORIENTED_EDGE('',*,*,#732,.F.);
#839 = PLANE('',#840);
#840 = AXIS2_PLACEMENT_3D('',#841,#842,#843);
#841 = CARTESIAN_POINT('',(-2.1082,13.462,-0.563782271537));
#842 = DIRECTION('',(0.,0.5,0.866025403784));
#843 = DIRECTION('',(0.,-0.866025403784,0.5));
#844 = ADVANCED_FACE('',(#845),#870,.T.);
#845 = FACE_BOUND('',#846,.T.);
#846 = EDGE_LOOP('',(#847,#855,#863,#869));
#847 = ORIENTED_EDGE('',*,*,#848,.F.);
#848 = EDGE_CURVE('',#849,#756,#851,.T.);
#849 = VERTEX_POINT('',#850);
#850 = CARTESIAN_POINT('',(-0.838200000001,13.2334,-0.4318));
#851 = LINE('',#852,#853);
#852 = CARTESIAN_POINT('',(-0.986614182771,12.976339094878,
    -0.28338581723));
#853 = VECTOR('',#854,1.);
#854 = DIRECTION('',(0.4472135955,0.774596669242,-0.4472135955));
#855 = ORIENTED_EDGE('',*,*,#856,.T.);
#856 = EDGE_CURVE('',#849,#857,#859,.T.);
#857 = VERTEX_POINT('',#858);
#858 = CARTESIAN_POINT('',(-0.431800000001,13.2334,-0.4318));
#859 = LINE('',#860,#861);
#860 = CARTESIAN_POINT('',(-2.1082,13.2334,-0.4318));
#861 = VECTOR('',#862,1.);
#862 = DIRECTION('',(1.,0.,0.));
#863 = ORIENTED_EDGE('',*,*,#864,.F.);
#864 = EDGE_CURVE('',#764,#857,#865,.T.);
#865 = LINE('',#866,#867);
#866 = CARTESIAN_POINT('',(-0.872665817231,13.997001994762,
    -0.87266581723));
#867 = VECTOR('',#868,1.);
#868 = DIRECTION('',(0.447213595501,-0.774596669241,0.4472135955));
#869 = ORIENTED_EDGE('',*,*,#763,.F.);
#870 = PLANE('',#871);
#871 = AXIS2_PLACEMENT_3D('',#872,#873,#874);
#872 = CARTESIAN_POINT('',(-2.1082,13.462,-0.563782271537));
#873 = DIRECTION('',(0.,0.5,0.866025403784));
#874 = DIRECTION('',(0.,-0.866025403784,0.5));
#875 = ADVANCED_FACE('',(#876),#901,.T.);
#876 = FACE_BOUND('',#877,.T.);
#877 = EDGE_LOOP('',(#878,#886,#894,#900));
#878 = ORIENTED_EDGE('',*,*,#879,.F.);
#879 = EDGE_CURVE('',#880,#787,#882,.T.);
#880 = VERTEX_POINT('',#881);
#881 = CARTESIAN_POINT('',(0.4318,13.2334,-0.4318));
#882 = LINE('',#883,#884);
#883 = CARTESIAN_POINT('',(2.938581722935E-02,12.536398189755,
    -2.938581722951E-02));
#884 = VECTOR('',#885,1.);
#885 = DIRECTION('',(0.4472135955,0.774596669242,-0.4472135955));
#886 = ORIENTED_EDGE('',*,*,#887,.T.);
#887 = EDGE_CURVE('',#880,#888,#890,.T.);
#888 = VERTEX_POINT('',#889);
#889 = CARTESIAN_POINT('',(0.8382,13.2334,-0.4318));
#890 = LINE('',#891,#892);
#891 = CARTESIAN_POINT('',(-2.1082,13.2334,-0.4318));
#892 = VECTOR('',#893,1.);
#893 = DIRECTION('',(1.,0.,0.));
#894 = ORIENTED_EDGE('',*,*,#895,.F.);
#895 = EDGE_CURVE('',#795,#888,#896,.T.);
#896 = LINE('',#897,#898);
#897 = CARTESIAN_POINT('',(0.143334182769,14.436942899885,-1.12666581723
    ));
#898 = VECTOR('',#899,1.);
#899 = DIRECTION('',(0.447213595501,-0.774596669241,0.4472135955));
#900 = ORIENTED_EDGE('',*,*,#794,.F.);
#901 = PLANE('',#902);
#902 = AXIS2_PLACEMENT_3D('',#903,#904,#905);
#903 = CARTESIAN_POINT('',(-2.1082,13.462,-0.563782271537));
#904 = DIRECTION('',(0.,0.5,0.866025403784));
#905 = DIRECTION('',(0.,-0.866025403784,0.5));
#906 = ADVANCED_FACE('',(#907),#941,.T.);
#907 = FACE_BOUND('',#908,.T.);
#908 = EDGE_LOOP('',(#909,#919,#927,#935));
#909 = ORIENTED_EDGE('',*,*,#910,.F.);
#910 = EDGE_CURVE('',#911,#913,#915,.T.);
#911 = VERTEX_POINT('',#912);
#912 = CARTESIAN_POINT('',(-1.976217728464,13.462,0.563782271537));
#913 = VERTEX_POINT('',#914);
#914 = CARTESIAN_POINT('',(-2.1082,13.2334,0.4318));
#915 = LINE('',#916,#917);
#916 = CARTESIAN_POINT('',(-2.108200000001,13.2334,0.4318));
#917 = VECTOR('',#918,1.);
#918 = DIRECTION('',(-0.4472135955,-0.774596669241,-0.4472135955));
#919 = ORIENTED_EDGE('',*,*,#920,.T.);
#920 = EDGE_CURVE('',#911,#921,#923,.T.);
#921 = VERTEX_POINT('',#922);
#922 = CARTESIAN_POINT('',(-1.833782271537,13.462,0.563782271537));
#923 = LINE('',#924,#925);
#924 = CARTESIAN_POINT('',(-2.1082,13.462,0.563782271537));
#925 = VECTOR('',#926,1.);
#926 = DIRECTION('',(1.,0.,0.));
#927 = ORIENTED_EDGE('',*,*,#928,.F.);
#928 = EDGE_CURVE('',#929,#921,#931,.T.);
#929 = VERTEX_POINT('',#930);
#930 = CARTESIAN_POINT('',(-1.7018,13.233399999998,0.431799999999));
#931 = LINE('',#932,#933);
#932 = CARTESIAN_POINT('',(-1.78308,13.374181089639,0.51308));
#933 = VECTOR('',#934,1.);
#934 = DIRECTION('',(-0.447213595499,0.774596669242,0.4472135955));
#935 = ORIENTED_EDGE('',*,*,#936,.F.);
#936 = EDGE_CURVE('',#913,#929,#937,.T.);
#937 = LINE('',#938,#939);
#938 = CARTESIAN_POINT('',(-2.1082,13.2334,0.4318));
#939 = VECTOR('',#940,1.);
#940 = DIRECTION('',(1.,0.,0.));
#941 = PLANE('',#942);
#942 = AXIS2_PLACEMENT_3D('',#943,#944,#945);
#943 = CARTESIAN_POINT('',(-2.1082,13.2334,0.4318));
#944 = DIRECTION('',(0.,0.5,-0.866025403784));
#945 = DIRECTION('',(0.,0.866025403784,0.5));
#946 = ADVANCED_FACE('',(#947),#981,.T.);
#947 = FACE_BOUND('',#948,.T.);
#948 = EDGE_LOOP('',(#949,#959,#967,#975));
#949 = ORIENTED_EDGE('',*,*,#950,.F.);
#950 = EDGE_CURVE('',#951,#953,#955,.T.);
#951 = VERTEX_POINT('',#952);
#952 = CARTESIAN_POINT('',(-0.706217728464,13.462,0.563782271537));
#953 = VERTEX_POINT('',#954);
#954 = CARTESIAN_POINT('',(-0.838200000001,13.2334,0.4318));
#955 = LINE('',#956,#957);
#956 = CARTESIAN_POINT('',(-1.092200000001,12.793459094878,0.1778));
#957 = VECTOR('',#958,1.);
#958 = DIRECTION('',(-0.4472135955,-0.774596669241,-0.4472135955));
#959 = ORIENTED_EDGE('',*,*,#960,.T.);
#960 = EDGE_CURVE('',#951,#961,#963,.T.);
#961 = VERTEX_POINT('',#962);
#962 = CARTESIAN_POINT('',(-0.563782271537,13.462,0.563782271537));
#963 = LINE('',#964,#965);
#964 = CARTESIAN_POINT('',(-2.1082,13.462,0.563782271537));
#965 = VECTOR('',#966,1.);
#966 = DIRECTION('',(1.,0.,0.));
#967 = ORIENTED_EDGE('',*,*,#968,.F.);
#968 = EDGE_CURVE('',#969,#961,#971,.T.);
#969 = VERTEX_POINT('',#970);
#970 = CARTESIAN_POINT('',(-0.431800000001,13.2334,0.4318));
#971 = LINE('',#972,#973);
#972 = CARTESIAN_POINT('',(-0.767080000001,13.814121994762,0.76708));
#973 = VECTOR('',#974,1.);
#974 = DIRECTION('',(-0.447213595501,0.774596669241,0.4472135955));
#975 = ORIENTED_EDGE('',*,*,#976,.F.);
#976 = EDGE_CURVE('',#953,#969,#977,.T.);
#977 = LINE('',#978,#979);
#978 = CARTESIAN_POINT('',(-2.1082,13.2334,0.4318));
#979 = VECTOR('',#980,1.);
#980 = DIRECTION('',(1.,0.,0.));
#981 = PLANE('',#982);
#982 = AXIS2_PLACEMENT_3D('',#983,#984,#985);
#983 = CARTESIAN_POINT('',(-2.1082,13.2334,0.4318));
#984 = DIRECTION('',(0.,0.5,-0.866025403784));
#985 = DIRECTION('',(0.,0.866025403784,0.5));
#986 = ADVANCED_FACE('',(#987),#1021,.T.);
#987 = FACE_BOUND('',#988,.T.);
#988 = EDGE_LOOP('',(#989,#999,#1007,#1015));
#989 = ORIENTED_EDGE('',*,*,#990,.F.);
#990 = EDGE_CURVE('',#991,#993,#995,.T.);
#991 = VERTEX_POINT('',#992);
#992 = CARTESIAN_POINT('',(0.563782271537,13.462,0.563782271537));
#993 = VERTEX_POINT('',#994);
#994 = CARTESIAN_POINT('',(0.4318,13.2334,0.4318));
#995 = LINE('',#996,#997);
#996 = CARTESIAN_POINT('',(-7.620000000003E-02,12.353518189755,
    -7.619999999995E-02));
#997 = VECTOR('',#998,1.);
#998 = DIRECTION('',(-0.4472135955,-0.774596669241,-0.4472135955));
#999 = ORIENTED_EDGE('',*,*,#1000,.T.);
#1000 = EDGE_CURVE('',#991,#1001,#1003,.T.);
#1001 = VERTEX_POINT('',#1002);
#1002 = CARTESIAN_POINT('',(0.706217728463,13.462,0.563782271537));
#1003 = LINE('',#1004,#1005);
#1004 = CARTESIAN_POINT('',(-2.1082,13.462,0.563782271537));
#1005 = VECTOR('',#1006,1.);
#1006 = DIRECTION('',(1.,0.,0.));
#1007 = ORIENTED_EDGE('',*,*,#1008,.F.);
#1008 = EDGE_CURVE('',#1009,#1001,#1011,.T.);
#1009 = VERTEX_POINT('',#1010);
#1010 = CARTESIAN_POINT('',(0.8382,13.2334,0.4318));
#1011 = LINE('',#1012,#1013);
#1012 = CARTESIAN_POINT('',(0.248919999999,14.254062899885,
    1.021080000001));
#1013 = VECTOR('',#1014,1.);
#1014 = DIRECTION('',(-0.447213595501,0.774596669241,0.4472135955));
#1015 = ORIENTED_EDGE('',*,*,#1016,.F.);
#1016 = EDGE_CURVE('',#993,#1009,#1017,.T.);
#1017 = LINE('',#1018,#1019);
#1018 = CARTESIAN_POINT('',(-2.1082,13.2334,0.4318));
#1019 = VECTOR('',#1020,1.);
#1020 = DIRECTION('',(1.,0.,0.));
#1021 = PLANE('',#1022);
#1022 = AXIS2_PLACEMENT_3D('',#1023,#1024,#1025);
#1023 = CARTESIAN_POINT('',(-2.1082,13.2334,0.4318));
#1024 = DIRECTION('',(0.,0.5,-0.866025403784));
#1025 = DIRECTION('',(0.,0.866025403784,0.5));
#1026 = ADVANCED_FACE('',(#1027),#1043,.T.);
#1027 = FACE_BOUND('',#1028,.T.);
#1028 = EDGE_LOOP('',(#1029,#1035,#1036,#1042));
#1029 = ORIENTED_EDGE('',*,*,#1030,.F.);
#1030 = EDGE_CURVE('',#487,#911,#1031,.T.);
#1031 = LINE('',#1032,#1033);
#1032 = CARTESIAN_POINT('',(-1.976217728464,13.462,12.7));
#1033 = VECTOR('',#1034,1.);
#1034 = DIRECTION('',(0.,0.,-1.));
#1035 = ORIENTED_EDGE('',*,*,#510,.T.);
#1036 = ORIENTED_EDGE('',*,*,#1037,.F.);
#1037 = EDGE_CURVE('',#921,#503,#1038,.T.);
#1038 = LINE('',#1039,#1040);
#1039 = CARTESIAN_POINT('',(-1.833782271537,13.462,0.563782271537));
#1040 = VECTOR('',#1041,1.);
#1041 = DIRECTION('',(0.,0.,1.));
#1042 = ORIENTED_EDGE('',*,*,#920,.F.);
#1043 = PLANE('',#1044);
#1044 = AXIS2_PLACEMENT_3D('',#1045,#1046,#1047);
#1045 = CARTESIAN_POINT('',(-2.1082,13.462,0.563782271537));
#1046 = DIRECTION('',(0.,1.,0.));
#1047 = DIRECTION('',(0.,-0.,1.));
#1048 = ADVANCED_FACE('',(#1049),#1065,.T.);
#1049 = FACE_BOUND('',#1050,.T.);
#1050 = EDGE_LOOP('',(#1051,#1057,#1058,#1064));
#1051 = ORIENTED_EDGE('',*,*,#1052,.F.);
#1052 = EDGE_CURVE('',#527,#951,#1053,.T.);
#1053 = LINE('',#1054,#1055);
#1054 = CARTESIAN_POINT('',(-0.706217728464,13.462,0.563782271537));
#1055 = VECTOR('',#1056,1.);
#1056 = DIRECTION('',(0.,0.,-1.));
#1057 = ORIENTED_EDGE('',*,*,#550,.T.);
#1058 = ORIENTED_EDGE('',*,*,#1059,.F.);
#1059 = EDGE_CURVE('',#961,#543,#1060,.T.);
#1060 = LINE('',#1061,#1062);
#1061 = CARTESIAN_POINT('',(-0.563782271537,13.462,0.563782271537));
#1062 = VECTOR('',#1063,1.);
#1063 = DIRECTION('',(0.,0.,1.));
#1064 = ORIENTED_EDGE('',*,*,#960,.F.);
#1065 = PLANE('',#1066);
#1066 = AXIS2_PLACEMENT_3D('',#1067,#1068,#1069);
#1067 = CARTESIAN_POINT('',(-2.1082,13.462,0.563782271537));
#1068 = DIRECTION('',(0.,1.,0.));
#1069 = DIRECTION('',(0.,-0.,1.));
#1070 = ADVANCED_FACE('',(#1071),#1087,.T.);
#1071 = FACE_BOUND('',#1072,.T.);
#1072 = EDGE_LOOP('',(#1073,#1079,#1080,#1086));
#1073 = ORIENTED_EDGE('',*,*,#1074,.F.);
#1074 = EDGE_CURVE('',#567,#991,#1075,.T.);
#1075 = LINE('',#1076,#1077);
#1076 = CARTESIAN_POINT('',(0.563782271537,13.462,0.563782271537));
#1077 = VECTOR('',#1078,1.);
#1078 = DIRECTION('',(0.,0.,-1.));
#1079 = ORIENTED_EDGE('',*,*,#590,.T.);
#1080 = ORIENTED_EDGE('',*,*,#1081,.F.);
#1081 = EDGE_CURVE('',#1001,#583,#1082,.T.);
#1082 = LINE('',#1083,#1084);
#1083 = CARTESIAN_POINT('',(0.706217728463,13.462,0.563782271537));
#1084 = VECTOR('',#1085,1.);
#1085 = DIRECTION('',(0.,0.,1.));
#1086 = ORIENTED_EDGE('',*,*,#1000,.F.);
#1087 = PLANE('',#1088);
#1088 = AXIS2_PLACEMENT_3D('',#1089,#1090,#1091);
#1089 = CARTESIAN_POINT('',(-2.1082,13.462,0.563782271537));
#1090 = DIRECTION('',(0.,1.,0.));
#1091 = DIRECTION('',(0.,-0.,1.));
#1092 = ADVANCED_FACE('',(#1093),#1127,.T.);
#1093 = FACE_BOUND('',#1094,.T.);
#1094 = EDGE_LOOP('',(#1095,#1105,#1113,#1121));
#1095 = ORIENTED_EDGE('',*,*,#1096,.F.);
#1096 = EDGE_CURVE('',#1097,#1099,#1101,.T.);
#1097 = VERTEX_POINT('',#1098);
#1098 = CARTESIAN_POINT('',(1.701800000001,13.2334,0.8382));
#1099 = VERTEX_POINT('',#1100);
#1100 = CARTESIAN_POINT('',(1.833782271537,13.462,0.706217728463));
#1101 = LINE('',#1102,#1103);
#1102 = CARTESIAN_POINT('',(1.04538581723,12.096457284633,1.494614182771
    ));
#1103 = VECTOR('',#1104,1.);
#1104 = DIRECTION('',(0.4472135955,0.774596669242,-0.4472135955));
#1105 = ORIENTED_EDGE('',*,*,#1106,.T.);
#1106 = EDGE_CURVE('',#1097,#1107,#1109,.T.);
#1107 = VERTEX_POINT('',#1108);
#1108 = CARTESIAN_POINT('',(2.1082,13.2334,0.8382));
#1109 = LINE('',#1110,#1111);
#1110 = CARTESIAN_POINT('',(-2.1082,13.2334,0.8382));
#1111 = VECTOR('',#1112,1.);
#1112 = DIRECTION('',(1.,0.,0.));
#1113 = ORIENTED_EDGE('',*,*,#1114,.F.);
#1114 = EDGE_CURVE('',#1115,#1107,#1117,.T.);
#1115 = VERTEX_POINT('',#1116);
#1116 = CARTESIAN_POINT('',(1.976217728464,13.462,0.706217728463));
#1117 = LINE('',#1118,#1119);
#1118 = CARTESIAN_POINT('',(1.159334182769,14.876883805008,
    -0.11066581723));
#1119 = VECTOR('',#1120,1.);
#1120 = DIRECTION('',(0.447213595501,-0.774596669241,0.4472135955));
#1121 = ORIENTED_EDGE('',*,*,#1122,.F.);
#1122 = EDGE_CURVE('',#1099,#1115,#1123,.T.);
#1123 = LINE('',#1124,#1125);
#1124 = CARTESIAN_POINT('',(-2.1082,13.462,0.706217728463));
#1125 = VECTOR('',#1126,1.);
#1126 = DIRECTION('',(1.,0.,0.));
#1127 = PLANE('',#1128);
#1128 = AXIS2_PLACEMENT_3D('',#1129,#1130,#1131);
#1129 = CARTESIAN_POINT('',(-2.1082,13.462,0.706217728463));
#1130 = DIRECTION('',(0.,0.5,0.866025403784));
#1131 = DIRECTION('',(0.,-0.866025403784,0.5));
#1132 = ADVANCED_FACE('',(#1133),#1227,.T.);
#1133 = FACE_BOUND('',#1134,.T.);
#1134 = EDGE_LOOP('',(#1135,#1143,#1144,#1152,#1160,#1166,#1167,#1175,
    #1183,#1189,#1190,#1198,#1206,#1212,#1213,#1221));
#1135 = ORIENTED_EDGE('',*,*,#1136,.F.);
#1136 = EDGE_CURVE('',#495,#1137,#1139,.T.);
#1137 = VERTEX_POINT('',#1138);
#1138 = CARTESIAN_POINT('',(-1.701800000001,0.762,0.8382));
#1139 = LINE('',#1140,#1141);
#1140 = CARTESIAN_POINT('',(-1.7018,13.2334,0.8382));
#1141 = VECTOR('',#1142,1.);
#1142 = DIRECTION('',(-8.688292021603E-14,-1.,0.));
#1143 = ORIENTED_EDGE('',*,*,#494,.F.);
#1144 = ORIENTED_EDGE('',*,*,#1145,.T.);
#1145 = EDGE_CURVE('',#485,#1146,#1148,.T.);
#1146 = VERTEX_POINT('',#1147);
#1147 = CARTESIAN_POINT('',(-2.1082,0.30066462727,0.8382));
#1148 = LINE('',#1149,#1150);
#1149 = CARTESIAN_POINT('',(-2.1082,13.2334,0.8382));
#1150 = VECTOR('',#1151,1.);
#1151 = DIRECTION('',(0.,-1.,0.));
#1152 = ORIENTED_EDGE('',*,*,#1153,.T.);
#1153 = EDGE_CURVE('',#1146,#1154,#1156,.T.);
#1154 = VERTEX_POINT('',#1155);
#1155 = CARTESIAN_POINT('',(2.1082,0.30066462727,0.8382));
#1156 = LINE('',#1157,#1158);
#1157 = CARTESIAN_POINT('',(-2.1082,0.30066462727,0.8382));
#1158 = VECTOR('',#1159,1.);
#1159 = DIRECTION('',(1.,0.,0.));
#1160 = ORIENTED_EDGE('',*,*,#1161,.F.);
#1161 = EDGE_CURVE('',#1107,#1154,#1162,.T.);
#1162 = LINE('',#1163,#1164);
#1163 = CARTESIAN_POINT('',(2.1082,13.2334,0.8382));
#1164 = VECTOR('',#1165,1.);
#1165 = DIRECTION('',(0.,-1.,0.));
#1166 = ORIENTED_EDGE('',*,*,#1106,.F.);
#1167 = ORIENTED_EDGE('',*,*,#1168,.F.);
#1168 = EDGE_CURVE('',#1169,#1097,#1171,.T.);
#1169 = VERTEX_POINT('',#1170);
#1170 = CARTESIAN_POINT('',(1.701800000001,0.762,0.8382));
#1171 = LINE('',#1172,#1173);
#1172 = CARTESIAN_POINT('',(1.701800000001,13.2334,0.8382));
#1173 = VECTOR('',#1174,1.);
#1174 = DIRECTION('',(0.,1.,0.));
#1175 = ORIENTED_EDGE('',*,*,#1176,.F.);
#1176 = EDGE_CURVE('',#1177,#1169,#1179,.T.);
#1177 = VERTEX_POINT('',#1178);
#1178 = CARTESIAN_POINT('',(0.8382,0.762,0.8382));
#1179 = LINE('',#1180,#1181);
#1180 = CARTESIAN_POINT('',(-2.1082,0.762,0.8382));
#1181 = VECTOR('',#1182,1.);
#1182 = DIRECTION('',(1.,7.532669100173E-16,0.));
#1183 = ORIENTED_EDGE('',*,*,#1184,.F.);
#1184 = EDGE_CURVE('',#575,#1177,#1185,.T.);
#1185 = LINE('',#1186,#1187);
#1186 = CARTESIAN_POINT('',(0.8382,13.2334,0.8382));
#1187 = VECTOR('',#1188,1.);
#1188 = DIRECTION('',(0.,-1.,0.));
#1189 = ORIENTED_EDGE('',*,*,#574,.F.);
#1190 = ORIENTED_EDGE('',*,*,#1191,.F.);
#1191 = EDGE_CURVE('',#1192,#565,#1194,.T.);
#1192 = VERTEX_POINT('',#1193);
#1193 = CARTESIAN_POINT('',(0.4318,0.762,0.8382));
#1194 = LINE('',#1195,#1196);
#1195 = CARTESIAN_POINT('',(0.4318,13.2334,0.8382));
#1196 = VECTOR('',#1197,1.);
#1197 = DIRECTION('',(0.,1.,0.));
#1198 = ORIENTED_EDGE('',*,*,#1199,.F.);
#1199 = EDGE_CURVE('',#1200,#1192,#1202,.T.);
#1200 = VERTEX_POINT('',#1201);
#1201 = CARTESIAN_POINT('',(-0.431800000001,0.762,0.8382));
#1202 = LINE('',#1203,#1204);
#1203 = CARTESIAN_POINT('',(-2.1082,0.762,0.8382));
#1204 = VECTOR('',#1205,1.);
#1205 = DIRECTION('',(1.,7.532669100173E-16,0.));
#1206 = ORIENTED_EDGE('',*,*,#1207,.F.);
#1207 = EDGE_CURVE('',#535,#1200,#1208,.T.);
#1208 = LINE('',#1209,#1210);
#1209 = CARTESIAN_POINT('',(-0.431800000001,13.2334,0.8382));
#1210 = VECTOR('',#1211,1.);
#1211 = DIRECTION('',(0.,-1.,0.));
#1212 = ORIENTED_EDGE('',*,*,#534,.F.);
#1213 = ORIENTED_EDGE('',*,*,#1214,.F.);
#1214 = EDGE_CURVE('',#1215,#525,#1217,.T.);
#1215 = VERTEX_POINT('',#1216);
#1216 = CARTESIAN_POINT('',(-0.838200000001,0.762,0.8382));
#1217 = LINE('',#1218,#1219);
#1218 = CARTESIAN_POINT('',(-0.838200000001,13.2334,0.8382));
#1219 = VECTOR('',#1220,1.);
#1220 = DIRECTION('',(0.,1.,0.));
#1221 = ORIENTED_EDGE('',*,*,#1222,.F.);
#1222 = EDGE_CURVE('',#1137,#1215,#1223,.T.);
#1223 = LINE('',#1224,#1225);
#1224 = CARTESIAN_POINT('',(-2.1082,0.762,0.8382));
#1225 = VECTOR('',#1226,1.);
#1226 = DIRECTION('',(1.,7.532669100173E-16,0.));
#1227 = PLANE('',#1228);
#1228 = AXIS2_PLACEMENT_3D('',#1229,#1230,#1231);
#1229 = CARTESIAN_POINT('',(-2.1082,13.2334,0.8382));
#1230 = DIRECTION('',(0.,0.,1.));
#1231 = DIRECTION('',(1.,0.,-0.));
#1232 = ADVANCED_FACE('',(#1233),#1258,.T.);
#1233 = FACE_BOUND('',#1234,.T.);
#1234 = EDGE_LOOP('',(#1235,#1243,#1244,#1252));
#1235 = ORIENTED_EDGE('',*,*,#1236,.F.);
#1236 = EDGE_CURVE('',#1154,#1237,#1239,.T.);
#1237 = VERTEX_POINT('',#1238);
#1238 = CARTESIAN_POINT('',(2.1082,0.30066462727,-0.8382));
#1239 = LINE('',#1240,#1241);
#1240 = CARTESIAN_POINT('',(2.1082,0.30066462727,0.8382));
#1241 = VECTOR('',#1242,1.);
#1242 = DIRECTION('',(0.,-6.467443166819E-16,-1.));
#1243 = ORIENTED_EDGE('',*,*,#1153,.F.);
#1244 = ORIENTED_EDGE('',*,*,#1245,.T.);
#1245 = EDGE_CURVE('',#1146,#1246,#1248,.T.);
#1246 = VERTEX_POINT('',#1247);
#1247 = CARTESIAN_POINT('',(-2.1082,0.30066462727,-0.8382));
#1248 = LINE('',#1249,#1250);
#1249 = CARTESIAN_POINT('',(-2.1082,0.30066462727,0.8382));
#1250 = VECTOR('',#1251,1.);
#1251 = DIRECTION('',(0.,-6.467443166819E-16,-1.));
#1252 = ORIENTED_EDGE('',*,*,#1253,.T.);
#1253 = EDGE_CURVE('',#1246,#1237,#1254,.T.);
#1254 = LINE('',#1255,#1256);
#1255 = CARTESIAN_POINT('',(-2.1082,0.30066462727,-0.8382));
#1256 = VECTOR('',#1257,1.);
#1257 = DIRECTION('',(1.,0.,0.));
#1258 = PLANE('',#1259);
#1259 = AXIS2_PLACEMENT_3D('',#1260,#1261,#1262);
#1260 = CARTESIAN_POINT('',(-2.1082,0.30066462727,0.8382));
#1261 = DIRECTION('',(0.,-1.,6.467443166819E-16));
#1262 = DIRECTION('',(0.,-6.467443166819E-16,-1.));
#1263 = ADVANCED_FACE('',(#1264),#1358,.T.);
#1264 = FACE_BOUND('',#1265,.T.);
#1265 = EDGE_LOOP('',(#1266,#1274,#1282,#1288,#1289,#1297,#1305,#1311,
    #1312,#1320,#1328,#1336,#1344,#1350,#1351,#1357));
#1266 = ORIENTED_EDGE('',*,*,#1267,.F.);
#1267 = EDGE_CURVE('',#1268,#623,#1270,.T.);
#1268 = VERTEX_POINT('',#1269);
#1269 = CARTESIAN_POINT('',(-1.701800000001,0.762,-0.8382));
#1270 = LINE('',#1271,#1272);
#1271 = CARTESIAN_POINT('',(-1.701800000001,0.30066462727,-0.8382));
#1272 = VECTOR('',#1273,1.);
#1273 = DIRECTION('',(8.688292021603E-14,1.,0.));
#1274 = ORIENTED_EDGE('',*,*,#1275,.F.);
#1275 = EDGE_CURVE('',#1276,#1268,#1278,.T.);
#1276 = VERTEX_POINT('',#1277);
#1277 = CARTESIAN_POINT('',(-0.838200000001,0.762,-0.8382));
#1278 = LINE('',#1279,#1280);
#1279 = CARTESIAN_POINT('',(-2.1082,0.762,-0.8382));
#1280 = VECTOR('',#1281,1.);
#1281 = DIRECTION('',(-1.,-7.532669100173E-16,0.));
#1282 = ORIENTED_EDGE('',*,*,#1283,.F.);
#1283 = EDGE_CURVE('',#647,#1276,#1284,.T.);
#1284 = LINE('',#1285,#1286);
#1285 = CARTESIAN_POINT('',(-0.838200000001,0.30066462727,-0.8382));
#1286 = VECTOR('',#1287,1.);
#1287 = DIRECTION('',(0.,-1.,0.));
#1288 = ORIENTED_EDGE('',*,*,#670,.T.);
#1289 = ORIENTED_EDGE('',*,*,#1290,.F.);
#1290 = EDGE_CURVE('',#1291,#663,#1293,.T.);
#1291 = VERTEX_POINT('',#1292);
#1292 = CARTESIAN_POINT('',(-0.431800000001,0.762,-0.8382));
#1293 = LINE('',#1294,#1295);
#1294 = CARTESIAN_POINT('',(-0.431800000001,0.30066462727,-0.8382));
#1295 = VECTOR('',#1296,1.);
#1296 = DIRECTION('',(0.,1.,0.));
#1297 = ORIENTED_EDGE('',*,*,#1298,.F.);
#1298 = EDGE_CURVE('',#1299,#1291,#1301,.T.);
#1299 = VERTEX_POINT('',#1300);
#1300 = CARTESIAN_POINT('',(0.4318,0.762,-0.8382));
#1301 = LINE('',#1302,#1303);
#1302 = CARTESIAN_POINT('',(-2.1082,0.762,-0.8382));
#1303 = VECTOR('',#1304,1.);
#1304 = DIRECTION('',(-1.,-7.532669100173E-16,0.));
#1305 = ORIENTED_EDGE('',*,*,#1306,.F.);
#1306 = EDGE_CURVE('',#687,#1299,#1307,.T.);
#1307 = LINE('',#1308,#1309);
#1308 = CARTESIAN_POINT('',(0.4318,0.30066462727,-0.8382));
#1309 = VECTOR('',#1310,1.);
#1310 = DIRECTION('',(0.,-1.,0.));
#1311 = ORIENTED_EDGE('',*,*,#710,.T.);
#1312 = ORIENTED_EDGE('',*,*,#1313,.F.);
#1313 = EDGE_CURVE('',#1314,#703,#1316,.T.);
#1314 = VERTEX_POINT('',#1315);
#1315 = CARTESIAN_POINT('',(0.8382,0.762,-0.8382));
#1316 = LINE('',#1317,#1318);
#1317 = CARTESIAN_POINT('',(0.8382,0.30066462727,-0.8382));
#1318 = VECTOR('',#1319,1.);
#1319 = DIRECTION('',(0.,1.,0.));
#1320 = ORIENTED_EDGE('',*,*,#1321,.F.);
#1321 = EDGE_CURVE('',#1322,#1314,#1324,.T.);
#1322 = VERTEX_POINT('',#1323);
#1323 = CARTESIAN_POINT('',(1.701800000001,0.762,-0.8382));
#1324 = LINE('',#1325,#1326);
#1325 = CARTESIAN_POINT('',(-2.1082,0.762,-0.8382));
#1326 = VECTOR('',#1327,1.);
#1327 = DIRECTION('',(-1.,-7.532669100173E-16,0.));
#1328 = ORIENTED_EDGE('',*,*,#1329,.F.);
#1329 = EDGE_CURVE('',#1330,#1322,#1332,.T.);
#1330 = VERTEX_POINT('',#1331);
#1331 = CARTESIAN_POINT('',(1.701800000001,13.2334,-0.8382));
#1332 = LINE('',#1333,#1334);
#1333 = CARTESIAN_POINT('',(1.701800000001,0.30066462727,-0.8382));
#1334 = VECTOR('',#1335,1.);
#1335 = DIRECTION('',(0.,-1.,0.));
#1336 = ORIENTED_EDGE('',*,*,#1337,.T.);
#1337 = EDGE_CURVE('',#1330,#1338,#1340,.T.);
#1338 = VERTEX_POINT('',#1339);
#1339 = CARTESIAN_POINT('',(2.108200000001,13.2334,-0.8382));
#1340 = LINE('',#1341,#1342);
#1341 = CARTESIAN_POINT('',(-2.1082,13.2334,-0.8382));
#1342 = VECTOR('',#1343,1.);
#1343 = DIRECTION('',(1.,0.,0.));
#1344 = ORIENTED_EDGE('',*,*,#1345,.F.);
#1345 = EDGE_CURVE('',#1237,#1338,#1346,.T.);
#1346 = LINE('',#1347,#1348);
#1347 = CARTESIAN_POINT('',(2.1082,0.30066462727,-0.8382));
#1348 = VECTOR('',#1349,1.);
#1349 = DIRECTION('',(0.,1.,0.));
#1350 = ORIENTED_EDGE('',*,*,#1253,.F.);
#1351 = ORIENTED_EDGE('',*,*,#1352,.T.);
#1352 = EDGE_CURVE('',#1246,#607,#1353,.T.);
#1353 = LINE('',#1354,#1355);
#1354 = CARTESIAN_POINT('',(-2.1082,0.30066462727,-0.8382));
#1355 = VECTOR('',#1356,1.);
#1356 = DIRECTION('',(0.,1.,0.));
#1357 = ORIENTED_EDGE('',*,*,#630,.T.);
#1358 = PLANE('',#1359);
#1359 = AXIS2_PLACEMENT_3D('',#1360,#1361,#1362);
#1360 = CARTESIAN_POINT('',(-2.1082,0.30066462727,-0.8382));
#1361 = DIRECTION('',(0.,0.,-1.));
#1362 = DIRECTION('',(-1.,0.,0.));
#1363 = ADVANCED_FACE('',(#1364),#1389,.T.);
#1364 = FACE_BOUND('',#1365,.T.);
#1365 = EDGE_LOOP('',(#1366,#1374,#1382,#1388));
#1366 = ORIENTED_EDGE('',*,*,#1367,.F.);
#1367 = EDGE_CURVE('',#1368,#1330,#1370,.T.);
#1368 = VERTEX_POINT('',#1369);
#1369 = CARTESIAN_POINT('',(1.833782271537,13.462,-0.706217728463));
#1370 = LINE('',#1371,#1372);
#1371 = CARTESIAN_POINT('',(0.9398,11.913577284633,-1.6002));
#1372 = VECTOR('',#1373,1.);
#1373 = DIRECTION('',(-0.4472135955,-0.774596669241,-0.4472135955));
#1374 = ORIENTED_EDGE('',*,*,#1375,.T.);
#1375 = EDGE_CURVE('',#1368,#1376,#1378,.T.);
#1376 = VERTEX_POINT('',#1377);
#1377 = CARTESIAN_POINT('',(1.976217728464,13.462,-0.706217728463));
#1378 = LINE('',#1379,#1380);
#1379 = CARTESIAN_POINT('',(-2.1082,13.462,-0.706217728463));
#1380 = VECTOR('',#1381,1.);
#1381 = DIRECTION('',(1.,0.,0.));
#1382 = ORIENTED_EDGE('',*,*,#1383,.F.);
#1383 = EDGE_CURVE('',#1338,#1376,#1384,.T.);
#1384 = LINE('',#1385,#1386);
#1385 = CARTESIAN_POINT('',(1.264919999998,14.694003805008,
    5.080000001079E-03));
#1386 = VECTOR('',#1387,1.);
#1387 = DIRECTION('',(-0.447213595501,0.774596669241,0.4472135955));
#1388 = ORIENTED_EDGE('',*,*,#1337,.F.);
#1389 = PLANE('',#1390);
#1390 = AXIS2_PLACEMENT_3D('',#1391,#1392,#1393);
#1391 = CARTESIAN_POINT('',(-2.1082,13.2334,-0.8382));
#1392 = DIRECTION('',(0.,0.5,-0.866025403784));
#1393 = DIRECTION('',(0.,0.866025403784,0.5));
#1394 = ADVANCED_FACE('',(#1395),#1420,.T.);
#1395 = FACE_BOUND('',#1396,.T.);
#1396 = EDGE_LOOP('',(#1397,#1405,#1413,#1419));
#1397 = ORIENTED_EDGE('',*,*,#1398,.F.);
#1398 = EDGE_CURVE('',#1399,#1368,#1401,.T.);
#1399 = VERTEX_POINT('',#1400);
#1400 = CARTESIAN_POINT('',(1.833782271537,13.462,-0.563782271537));
#1401 = LINE('',#1402,#1403);
#1402 = CARTESIAN_POINT('',(1.833782271537,13.462,12.7));
#1403 = VECTOR('',#1404,1.);
#1404 = DIRECTION('',(0.,0.,-1.));
#1405 = ORIENTED_EDGE('',*,*,#1406,.T.);
#1406 = EDGE_CURVE('',#1399,#1407,#1409,.T.);
#1407 = VERTEX_POINT('',#1408);
#1408 = CARTESIAN_POINT('',(1.976217728464,13.462,-0.563782271537));
#1409 = LINE('',#1410,#1411);
#1410 = CARTESIAN_POINT('',(-2.1082,13.462,-0.563782271537));
#1411 = VECTOR('',#1412,1.);
#1412 = DIRECTION('',(1.,0.,0.));
#1413 = ORIENTED_EDGE('',*,*,#1414,.T.);
#1414 = EDGE_CURVE('',#1407,#1376,#1415,.T.);
#1415 = LINE('',#1416,#1417);
#1416 = CARTESIAN_POINT('',(1.976217728464,13.462,12.7));
#1417 = VECTOR('',#1418,1.);
#1418 = DIRECTION('',(0.,0.,-1.));
#1419 = ORIENTED_EDGE('',*,*,#1375,.F.);
#1420 = PLANE('',#1421);
#1421 = AXIS2_PLACEMENT_3D('',#1422,#1423,#1424);
#1422 = CARTESIAN_POINT('',(-2.1082,13.462,-0.706217728463));
#1423 = DIRECTION('',(0.,1.,0.));
#1424 = DIRECTION('',(0.,-0.,1.));
#1425 = ADVANCED_FACE('',(#1426),#1451,.T.);
#1426 = FACE_BOUND('',#1427,.T.);
#1427 = EDGE_LOOP('',(#1428,#1436,#1444,#1450));
#1428 = ORIENTED_EDGE('',*,*,#1429,.F.);
#1429 = EDGE_CURVE('',#1430,#1399,#1432,.T.);
#1430 = VERTEX_POINT('',#1431);
#1431 = CARTESIAN_POINT('',(1.701800000001,13.2334,-0.4318));
#1432 = LINE('',#1433,#1434);
#1433 = CARTESIAN_POINT('',(1.04538581723,12.096457284633,0.224614182771
    ));
#1434 = VECTOR('',#1435,1.);
#1435 = DIRECTION('',(0.4472135955,0.774596669242,-0.4472135955));
#1436 = ORIENTED_EDGE('',*,*,#1437,.T.);
#1437 = EDGE_CURVE('',#1430,#1438,#1440,.T.);
#1438 = VERTEX_POINT('',#1439);
#1439 = CARTESIAN_POINT('',(2.1082,13.2334,-0.4318));
#1440 = LINE('',#1441,#1442);
#1441 = CARTESIAN_POINT('',(-2.1082,13.2334,-0.4318));
#1442 = VECTOR('',#1443,1.);
#1443 = DIRECTION('',(1.,0.,0.));
#1444 = ORIENTED_EDGE('',*,*,#1445,.F.);
#1445 = EDGE_CURVE('',#1407,#1438,#1446,.T.);
#1446 = LINE('',#1447,#1448);
#1447 = CARTESIAN_POINT('',(1.159334182769,14.876883805008,
    -1.38066581723));
#1448 = VECTOR('',#1449,1.);
#1449 = DIRECTION('',(0.447213595501,-0.774596669241,0.4472135955));
#1450 = ORIENTED_EDGE('',*,*,#1406,.F.);
#1451 = PLANE('',#1452);
#1452 = AXIS2_PLACEMENT_3D('',#1453,#1454,#1455);
#1453 = CARTESIAN_POINT('',(-2.1082,13.462,-0.563782271537));
#1454 = DIRECTION('',(0.,0.5,0.866025403784));
#1455 = DIRECTION('',(0.,-0.866025403784,0.5));
#1456 = ADVANCED_FACE('',(#1457),#1551,.T.);
#1457 = FACE_BOUND('',#1458,.T.);
#1458 = EDGE_LOOP('',(#1459,#1467,#1468,#1476,#1484,#1490,#1491,#1499,
    #1507,#1513,#1514,#1522,#1530,#1536,#1537,#1545));
#1459 = ORIENTED_EDGE('',*,*,#1460,.F.);
#1460 = EDGE_CURVE('',#826,#1461,#1463,.T.);
#1461 = VERTEX_POINT('',#1462);
#1462 = CARTESIAN_POINT('',(-1.701800000001,0.762,-0.4318));
#1463 = LINE('',#1464,#1465);
#1464 = CARTESIAN_POINT('',(-1.7018,13.2334,-0.4318));
#1465 = VECTOR('',#1466,1.);
#1466 = DIRECTION('',(-8.688292021603E-14,-1.,0.));
#1467 = ORIENTED_EDGE('',*,*,#825,.F.);
#1468 = ORIENTED_EDGE('',*,*,#1469,.T.);
#1469 = EDGE_CURVE('',#818,#1470,#1472,.T.);
#1470 = VERTEX_POINT('',#1471);
#1471 = CARTESIAN_POINT('',(-2.1082,0.55466462727,-0.4318));
#1472 = LINE('',#1473,#1474);
#1473 = CARTESIAN_POINT('',(-2.1082,13.2334,-0.4318));
#1474 = VECTOR('',#1475,1.);
#1475 = DIRECTION('',(0.,-1.,0.));
#1476 = ORIENTED_EDGE('',*,*,#1477,.T.);
#1477 = EDGE_CURVE('',#1470,#1478,#1480,.T.);
#1478 = VERTEX_POINT('',#1479);
#1479 = CARTESIAN_POINT('',(2.1082,0.55466462727,-0.4318));
#1480 = LINE('',#1481,#1482);
#1481 = CARTESIAN_POINT('',(-2.1082,0.55466462727,-0.4318));
#1482 = VECTOR('',#1483,1.);
#1483 = DIRECTION('',(1.,0.,0.));
#1484 = ORIENTED_EDGE('',*,*,#1485,.F.);
#1485 = EDGE_CURVE('',#1438,#1478,#1486,.T.);
#1486 = LINE('',#1487,#1488);
#1487 = CARTESIAN_POINT('',(2.1082,13.2334,-0.4318));
#1488 = VECTOR('',#1489,1.);
#1489 = DIRECTION('',(0.,-1.,0.));
#1490 = ORIENTED_EDGE('',*,*,#1437,.F.);
#1491 = ORIENTED_EDGE('',*,*,#1492,.F.);
#1492 = EDGE_CURVE('',#1493,#1430,#1495,.T.);
#1493 = VERTEX_POINT('',#1494);
#1494 = CARTESIAN_POINT('',(1.701800000001,0.762,-0.4318));
#1495 = LINE('',#1496,#1497);
#1496 = CARTESIAN_POINT('',(1.701800000001,13.2334,-0.4318));
#1497 = VECTOR('',#1498,1.);
#1498 = DIRECTION('',(0.,1.,0.));
#1499 = ORIENTED_EDGE('',*,*,#1500,.F.);
#1500 = EDGE_CURVE('',#1501,#1493,#1503,.T.);
#1501 = VERTEX_POINT('',#1502);
#1502 = CARTESIAN_POINT('',(0.8382,0.762,-0.4318));
#1503 = LINE('',#1504,#1505);
#1504 = CARTESIAN_POINT('',(-2.1082,0.762,-0.4318));
#1505 = VECTOR('',#1506,1.);
#1506 = DIRECTION('',(1.,7.532669100173E-16,0.));
#1507 = ORIENTED_EDGE('',*,*,#1508,.F.);
#1508 = EDGE_CURVE('',#888,#1501,#1509,.T.);
#1509 = LINE('',#1510,#1511);
#1510 = CARTESIAN_POINT('',(0.8382,13.2334,-0.4318));
#1511 = VECTOR('',#1512,1.);
#1512 = DIRECTION('',(0.,-1.,0.));
#1513 = ORIENTED_EDGE('',*,*,#887,.F.);
#1514 = ORIENTED_EDGE('',*,*,#1515,.F.);
#1515 = EDGE_CURVE('',#1516,#880,#1518,.T.);
#1516 = VERTEX_POINT('',#1517);
#1517 = CARTESIAN_POINT('',(0.4318,0.762,-0.4318));
#1518 = LINE('',#1519,#1520);
#1519 = CARTESIAN_POINT('',(0.4318,13.2334,-0.4318));
#1520 = VECTOR('',#1521,1.);
#1521 = DIRECTION('',(0.,1.,0.));
#1522 = ORIENTED_EDGE('',*,*,#1523,.F.);
#1523 = EDGE_CURVE('',#1524,#1516,#1526,.T.);
#1524 = VERTEX_POINT('',#1525);
#1525 = CARTESIAN_POINT('',(-0.431800000001,0.762,-0.4318));
#1526 = LINE('',#1527,#1528);
#1527 = CARTESIAN_POINT('',(-2.1082,0.762,-0.4318));
#1528 = VECTOR('',#1529,1.);
#1529 = DIRECTION('',(1.,7.532669100173E-16,0.));
#1530 = ORIENTED_EDGE('',*,*,#1531,.F.);
#1531 = EDGE_CURVE('',#857,#1524,#1532,.T.);
#1532 = LINE('',#1533,#1534);
#1533 = CARTESIAN_POINT('',(-0.431800000001,13.2334,-0.4318));
#1534 = VECTOR('',#1535,1.);
#1535 = DIRECTION('',(0.,-1.,0.));
#1536 = ORIENTED_EDGE('',*,*,#856,.F.);
#1537 = ORIENTED_EDGE('',*,*,#1538,.F.);
#1538 = EDGE_CURVE('',#1539,#849,#1541,.T.);
#1539 = VERTEX_POINT('',#1540);
#1540 = CARTESIAN_POINT('',(-0.838200000001,0.762,-0.4318));
#1541 = LINE('',#1542,#1543);
#1542 = CARTESIAN_POINT('',(-0.838200000001,13.2334,-0.4318));
#1543 = VECTOR('',#1544,1.);
#1544 = DIRECTION('',(0.,1.,0.));
#1545 = ORIENTED_EDGE('',*,*,#1546,.F.);
#1546 = EDGE_CURVE('',#1461,#1539,#1547,.T.);
#1547 = LINE('',#1548,#1549);
#1548 = CARTESIAN_POINT('',(-2.1082,0.762,-0.4318));
#1549 = VECTOR('',#1550,1.);
#1550 = DIRECTION('',(1.,7.532669100173E-16,0.));
#1551 = PLANE('',#1552);
#1552 = AXIS2_PLACEMENT_3D('',#1553,#1554,#1555);
#1553 = CARTESIAN_POINT('',(-2.1082,13.2334,-0.4318));
#1554 = DIRECTION('',(0.,0.,1.));
#1555 = DIRECTION('',(1.,0.,-0.));
#1556 = ADVANCED_FACE('',(#1557),#1582,.T.);
#1557 = FACE_BOUND('',#1558,.T.);
#1558 = EDGE_LOOP('',(#1559,#1567,#1568,#1576));
#1559 = ORIENTED_EDGE('',*,*,#1560,.F.);
#1560 = EDGE_CURVE('',#1478,#1561,#1563,.T.);
#1561 = VERTEX_POINT('',#1562);
#1562 = CARTESIAN_POINT('',(2.1082,0.55466462727,0.4318));
#1563 = LINE('',#1564,#1565);
#1564 = CARTESIAN_POINT('',(2.1082,0.55466462727,-0.4318));
#1565 = VECTOR('',#1566,1.);
#1566 = DIRECTION('',(0.,0.,1.));
#1567 = ORIENTED_EDGE('',*,*,#1477,.F.);
#1568 = ORIENTED_EDGE('',*,*,#1569,.T.);
#1569 = EDGE_CURVE('',#1470,#1570,#1572,.T.);
#1570 = VERTEX_POINT('',#1571);
#1571 = CARTESIAN_POINT('',(-2.1082,0.55466462727,0.4318));
#1572 = LINE('',#1573,#1574);
#1573 = CARTESIAN_POINT('',(-2.1082,0.55466462727,-0.4318));
#1574 = VECTOR('',#1575,1.);
#1575 = DIRECTION('',(0.,0.,1.));
#1576 = ORIENTED_EDGE('',*,*,#1577,.T.);
#1577 = EDGE_CURVE('',#1570,#1561,#1578,.T.);
#1578 = LINE('',#1579,#1580);
#1579 = CARTESIAN_POINT('',(-2.1082,0.55466462727,0.4318));
#1580 = VECTOR('',#1581,1.);
#1581 = DIRECTION('',(1.,0.,0.));
#1582 = PLANE('',#1583);
#1583 = AXIS2_PLACEMENT_3D('',#1584,#1585,#1586);
#1584 = CARTESIAN_POINT('',(-2.1082,0.55466462727,-0.4318));
#1585 = DIRECTION('',(0.,1.,0.));
#1586 = DIRECTION('',(0.,-0.,1.));
#1587 = ADVANCED_FACE('',(#1588),#1682,.T.);
#1588 = FACE_BOUND('',#1589,.T.);
#1589 = EDGE_LOOP('',(#1590,#1598,#1606,#1612,#1613,#1621,#1629,#1635,
    #1636,#1644,#1652,#1660,#1668,#1674,#1675,#1681));
#1590 = ORIENTED_EDGE('',*,*,#1591,.F.);
#1591 = EDGE_CURVE('',#1592,#929,#1594,.T.);
#1592 = VERTEX_POINT('',#1593);
#1593 = CARTESIAN_POINT('',(-1.701800000001,0.762,0.4318));
#1594 = LINE('',#1595,#1596);
#1595 = CARTESIAN_POINT('',(-1.701800000001,0.55466462727,0.4318));
#1596 = VECTOR('',#1597,1.);
#1597 = DIRECTION('',(8.688292021603E-14,1.,0.));
#1598 = ORIENTED_EDGE('',*,*,#1599,.F.);
#1599 = EDGE_CURVE('',#1600,#1592,#1602,.T.);
#1600 = VERTEX_POINT('',#1601);
#1601 = CARTESIAN_POINT('',(-0.838200000001,0.762,0.4318));
#1602 = LINE('',#1603,#1604);
#1603 = CARTESIAN_POINT('',(-2.1082,0.762,0.4318));
#1604 = VECTOR('',#1605,1.);
#1605 = DIRECTION('',(-1.,-7.532669100173E-16,0.));
#1606 = ORIENTED_EDGE('',*,*,#1607,.F.);
#1607 = EDGE_CURVE('',#953,#1600,#1608,.T.);
#1608 = LINE('',#1609,#1610);
#1609 = CARTESIAN_POINT('',(-0.838200000001,0.55466462727,0.4318));
#1610 = VECTOR('',#1611,1.);
#1611 = DIRECTION('',(0.,-1.,0.));
#1612 = ORIENTED_EDGE('',*,*,#976,.T.);
#1613 = ORIENTED_EDGE('',*,*,#1614,.F.);
#1614 = EDGE_CURVE('',#1615,#969,#1617,.T.);
#1615 = VERTEX_POINT('',#1616);
#1616 = CARTESIAN_POINT('',(-0.431800000001,0.762,0.4318));
#1617 = LINE('',#1618,#1619);
#1618 = CARTESIAN_POINT('',(-0.431800000001,0.55466462727,0.4318));
#1619 = VECTOR('',#1620,1.);
#1620 = DIRECTION('',(0.,1.,0.));
#1621 = ORIENTED_EDGE('',*,*,#1622,.F.);
#1622 = EDGE_CURVE('',#1623,#1615,#1625,.T.);
#1623 = VERTEX_POINT('',#1624);
#1624 = CARTESIAN_POINT('',(0.4318,0.762,0.4318));
#1625 = LINE('',#1626,#1627);
#1626 = CARTESIAN_POINT('',(-2.1082,0.762,0.4318));
#1627 = VECTOR('',#1628,1.);
#1628 = DIRECTION('',(-1.,-7.532669100173E-16,0.));
#1629 = ORIENTED_EDGE('',*,*,#1630,.F.);
#1630 = EDGE_CURVE('',#993,#1623,#1631,.T.);
#1631 = LINE('',#1632,#1633);
#1632 = CARTESIAN_POINT('',(0.4318,0.55466462727,0.4318));
#1633 = VECTOR('',#1634,1.);
#1634 = DIRECTION('',(0.,-1.,0.));
#1635 = ORIENTED_EDGE('',*,*,#1016,.T.);
#1636 = ORIENTED_EDGE('',*,*,#1637,.F.);
#1637 = EDGE_CURVE('',#1638,#1009,#1640,.T.);
#1638 = VERTEX_POINT('',#1639);
#1639 = CARTESIAN_POINT('',(0.8382,0.762,0.4318));
#1640 = LINE('',#1641,#1642);
#1641 = CARTESIAN_POINT('',(0.8382,0.55466462727,0.4318));
#1642 = VECTOR('',#1643,1.);
#1643 = DIRECTION('',(0.,1.,0.));
#1644 = ORIENTED_EDGE('',*,*,#1645,.F.);
#1645 = EDGE_CURVE('',#1646,#1638,#1648,.T.);
#1646 = VERTEX_POINT('',#1647);
#1647 = CARTESIAN_POINT('',(1.701800000001,0.762,0.4318));
#1648 = LINE('',#1649,#1650);
#1649 = CARTESIAN_POINT('',(-2.1082,0.762,0.4318));
#1650 = VECTOR('',#1651,1.);
#1651 = DIRECTION('',(-1.,-7.532669100173E-16,0.));
#1652 = ORIENTED_EDGE('',*,*,#1653,.F.);
#1653 = EDGE_CURVE('',#1654,#1646,#1656,.T.);
#1654 = VERTEX_POINT('',#1655);
#1655 = CARTESIAN_POINT('',(1.701800000001,13.2334,0.4318));
#1656 = LINE('',#1657,#1658);
#1657 = CARTESIAN_POINT('',(1.701800000001,0.55466462727,0.4318));
#1658 = VECTOR('',#1659,1.);
#1659 = DIRECTION('',(0.,-1.,0.));
#1660 = ORIENTED_EDGE('',*,*,#1661,.T.);
#1661 = EDGE_CURVE('',#1654,#1662,#1664,.T.);
#1662 = VERTEX_POINT('',#1663);
#1663 = CARTESIAN_POINT('',(2.108200000001,13.2334,0.431800000001));
#1664 = LINE('',#1665,#1666);
#1665 = CARTESIAN_POINT('',(-2.1082,13.2334,0.4318));
#1666 = VECTOR('',#1667,1.);
#1667 = DIRECTION('',(1.,0.,0.));
#1668 = ORIENTED_EDGE('',*,*,#1669,.F.);
#1669 = EDGE_CURVE('',#1561,#1662,#1670,.T.);
#1670 = LINE('',#1671,#1672);
#1671 = CARTESIAN_POINT('',(2.1082,0.55466462727,0.4318));
#1672 = VECTOR('',#1673,1.);
#1673 = DIRECTION('',(0.,1.,0.));
#1674 = ORIENTED_EDGE('',*,*,#1577,.F.);
#1675 = ORIENTED_EDGE('',*,*,#1676,.T.);
#1676 = EDGE_CURVE('',#1570,#913,#1677,.T.);
#1677 = LINE('',#1678,#1679);
#1678 = CARTESIAN_POINT('',(-2.1082,0.55466462727,0.4318));
#1679 = VECTOR('',#1680,1.);
#1680 = DIRECTION('',(0.,1.,0.));
#1681 = ORIENTED_EDGE('',*,*,#936,.T.);
#1682 = PLANE('',#1683);
#1683 = AXIS2_PLACEMENT_3D('',#1684,#1685,#1686);
#1684 = CARTESIAN_POINT('',(-2.1082,0.55466462727,0.4318));
#1685 = DIRECTION('',(0.,0.,-1.));
#1686 = DIRECTION('',(-1.,0.,0.));
#1687 = ADVANCED_FACE('',(#1688),#1713,.T.);
#1688 = FACE_BOUND('',#1689,.T.);
#1689 = EDGE_LOOP('',(#1690,#1698,#1706,#1712));
#1690 = ORIENTED_EDGE('',*,*,#1691,.F.);
#1691 = EDGE_CURVE('',#1692,#1654,#1694,.T.);
#1692 = VERTEX_POINT('',#1693);
#1693 = CARTESIAN_POINT('',(1.833782271537,13.462,0.563782271537));
#1694 = LINE('',#1695,#1696);
#1695 = CARTESIAN_POINT('',(0.9398,11.913577284633,-0.3302));
#1696 = VECTOR('',#1697,1.);
#1697 = DIRECTION('',(-0.4472135955,-0.774596669241,-0.4472135955));
#1698 = ORIENTED_EDGE('',*,*,#1699,.T.);
#1699 = EDGE_CURVE('',#1692,#1700,#1702,.T.);
#1700 = VERTEX_POINT('',#1701);
#1701 = CARTESIAN_POINT('',(1.976217728464,13.462,0.563782271537));
#1702 = LINE('',#1703,#1704);
#1703 = CARTESIAN_POINT('',(-2.1082,13.462,0.563782271537));
#1704 = VECTOR('',#1705,1.);
#1705 = DIRECTION('',(1.,0.,0.));
#1706 = ORIENTED_EDGE('',*,*,#1707,.F.);
#1707 = EDGE_CURVE('',#1662,#1700,#1708,.T.);
#1708 = LINE('',#1709,#1710);
#1709 = CARTESIAN_POINT('',(1.264919999998,14.694003805008,
    1.275080000001));
#1710 = VECTOR('',#1711,1.);
#1711 = DIRECTION('',(-0.447213595501,0.774596669241,0.4472135955));
#1712 = ORIENTED_EDGE('',*,*,#1661,.F.);
#1713 = PLANE('',#1714);
#1714 = AXIS2_PLACEMENT_3D('',#1715,#1716,#1717);
#1715 = CARTESIAN_POINT('',(-2.1082,13.2334,0.4318));
#1716 = DIRECTION('',(0.,0.5,-0.866025403784));
#1717 = DIRECTION('',(0.,0.866025403784,0.5));
#1718 = ADVANCED_FACE('',(#1719),#1735,.T.);
#1719 = FACE_BOUND('',#1720,.T.);
#1720 = EDGE_LOOP('',(#1721,#1727,#1728,#1734));
#1721 = ORIENTED_EDGE('',*,*,#1722,.F.);
#1722 = EDGE_CURVE('',#1099,#1692,#1723,.T.);
#1723 = LINE('',#1724,#1725);
#1724 = CARTESIAN_POINT('',(1.833782271537,13.462,0.563782271537));
#1725 = VECTOR('',#1726,1.);
#1726 = DIRECTION('',(0.,0.,-1.));
#1727 = ORIENTED_EDGE('',*,*,#1122,.T.);
#1728 = ORIENTED_EDGE('',*,*,#1729,.T.);
#1729 = EDGE_CURVE('',#1115,#1700,#1730,.T.);
#1730 = LINE('',#1731,#1732);
#1731 = CARTESIAN_POINT('',(1.976217728464,13.462,12.7));
#1732 = VECTOR('',#1733,1.);
#1733 = DIRECTION('',(0.,0.,-1.));
#1734 = ORIENTED_EDGE('',*,*,#1699,.F.);
#1735 = PLANE('',#1736);
#1736 = AXIS2_PLACEMENT_3D('',#1737,#1738,#1739);
#1737 = CARTESIAN_POINT('',(-2.1082,13.462,0.563782271537));
#1738 = DIRECTION('',(0.,1.,0.));
#1739 = DIRECTION('',(0.,-0.,1.));
#1740 = ADVANCED_FACE('',(#1741),#1761,.F.);
#1741 = FACE_BOUND('',#1742,.T.);
#1742 = EDGE_LOOP('',(#1743,#1744,#1745,#1751,#1752,#1753,#1754,#1760));
#1743 = ORIENTED_EDGE('',*,*,#1245,.F.);
#1744 = ORIENTED_EDGE('',*,*,#1145,.F.);
#1745 = ORIENTED_EDGE('',*,*,#1746,.T.);
#1746 = EDGE_CURVE('',#485,#913,#1747,.T.);
#1747 = LINE('',#1748,#1749);
#1748 = CARTESIAN_POINT('',(-2.1082,13.233400000001,0.));
#1749 = VECTOR('',#1750,1.);
#1750 = DIRECTION('',(0.,0.,-1.));
#1751 = ORIENTED_EDGE('',*,*,#1676,.F.);
#1752 = ORIENTED_EDGE('',*,*,#1569,.F.);
#1753 = ORIENTED_EDGE('',*,*,#1469,.F.);
#1754 = ORIENTED_EDGE('',*,*,#1755,.T.);
#1755 = EDGE_CURVE('',#818,#607,#1756,.T.);
#1756 = LINE('',#1757,#1758);
#1757 = CARTESIAN_POINT('',(-2.1082,13.233400000001,0.));
#1758 = VECTOR('',#1759,1.);
#1759 = DIRECTION('',(0.,0.,-1.));
#1760 = ORIENTED_EDGE('',*,*,#1352,.F.);
#1761 = PLANE('',#1762);
#1762 = AXIS2_PLACEMENT_3D('',#1763,#1764,#1765);
#1763 = CARTESIAN_POINT('',(-2.1082,0.,0.));
#1764 = DIRECTION('',(1.,0.,0.));
#1765 = DIRECTION('',(0.,0.,-1.));
#1766 = ADVANCED_FACE('',(#1767),#1787,.T.);
#1767 = FACE_BOUND('',#1768,.T.);
#1768 = EDGE_LOOP('',(#1769,#1770,#1776,#1777,#1778,#1779,#1785,#1786));
#1769 = ORIENTED_EDGE('',*,*,#1669,.T.);
#1770 = ORIENTED_EDGE('',*,*,#1771,.F.);
#1771 = EDGE_CURVE('',#1107,#1662,#1772,.T.);
#1772 = LINE('',#1773,#1774);
#1773 = CARTESIAN_POINT('',(2.1082,13.233400000001,0.));
#1774 = VECTOR('',#1775,1.);
#1775 = DIRECTION('',(0.,0.,-1.));
#1776 = ORIENTED_EDGE('',*,*,#1161,.T.);
#1777 = ORIENTED_EDGE('',*,*,#1236,.T.);
#1778 = ORIENTED_EDGE('',*,*,#1345,.T.);
#1779 = ORIENTED_EDGE('',*,*,#1780,.F.);
#1780 = EDGE_CURVE('',#1438,#1338,#1781,.T.);
#1781 = LINE('',#1782,#1783);
#1782 = CARTESIAN_POINT('',(2.1082,13.233400000001,0.));
#1783 = VECTOR('',#1784,1.);
#1784 = DIRECTION('',(0.,0.,-1.));
#1785 = ORIENTED_EDGE('',*,*,#1485,.T.);
#1786 = ORIENTED_EDGE('',*,*,#1560,.T.);
#1787 = PLANE('',#1788);
#1788 = AXIS2_PLACEMENT_3D('',#1789,#1790,#1791);
#1789 = CARTESIAN_POINT('',(2.1082,0.,0.));
#1790 = DIRECTION('',(1.,0.,0.));
#1791 = DIRECTION('',(0.,0.,-1.));
#1792 = ADVANCED_FACE('',(#1793),#1799,.F.);
#1793 = FACE_BOUND('',#1794,.T.);
#1794 = EDGE_LOOP('',(#1795,#1796,#1797,#1798));
#1795 = ORIENTED_EDGE('',*,*,#1383,.T.);
#1796 = ORIENTED_EDGE('',*,*,#1414,.F.);
#1797 = ORIENTED_EDGE('',*,*,#1445,.T.);
#1798 = ORIENTED_EDGE('',*,*,#1780,.T.);
#1799 = PLANE('',#1800);
#1800 = AXIS2_PLACEMENT_3D('',#1801,#1802,#1803);
#1801 = CARTESIAN_POINT('',(2.108200000001,13.2334,12.7));
#1802 = DIRECTION('',(-0.866025403784,-0.500000000001,0.));
#1803 = DIRECTION('',(0.500000000001,-0.866025403784,0.));
#1804 = ADVANCED_FACE('',(#1805),#1811,.F.);
#1805 = FACE_BOUND('',#1806,.T.);
#1806 = EDGE_LOOP('',(#1807,#1808,#1809,#1810));
#1807 = ORIENTED_EDGE('',*,*,#1114,.T.);
#1808 = ORIENTED_EDGE('',*,*,#1771,.T.);
#1809 = ORIENTED_EDGE('',*,*,#1707,.T.);
#1810 = ORIENTED_EDGE('',*,*,#1729,.F.);
#1811 = PLANE('',#1812);
#1812 = AXIS2_PLACEMENT_3D('',#1813,#1814,#1815);
#1813 = CARTESIAN_POINT('',(2.108200000001,13.2334,12.7));
#1814 = DIRECTION('',(-0.866025403784,-0.500000000001,0.));
#1815 = DIRECTION('',(0.500000000001,-0.866025403784,0.));
#1816 = ADVANCED_FACE('',(#1817),#1823,.F.);
#1817 = FACE_BOUND('',#1818,.T.);
#1818 = EDGE_LOOP('',(#1819,#1820,#1821,#1822));
#1819 = ORIENTED_EDGE('',*,*,#604,.T.);
#1820 = ORIENTED_EDGE('',*,*,#1755,.F.);
#1821 = ORIENTED_EDGE('',*,*,#817,.T.);
#1822 = ORIENTED_EDGE('',*,*,#724,.T.);
#1823 = PLANE('',#1824);
#1824 = AXIS2_PLACEMENT_3D('',#1825,#1826,#1827);
#1825 = CARTESIAN_POINT('',(-1.976217728464,13.462,12.7));
#1826 = DIRECTION('',(0.866025403784,-0.5,0.));
#1827 = DIRECTION('',(0.5,0.866025403784,0.));
#1828 = ADVANCED_FACE('',(#1829),#1835,.F.);
#1829 = FACE_BOUND('',#1830,.T.);
#1830 = EDGE_LOOP('',(#1831,#1832,#1833,#1834));
#1831 = ORIENTED_EDGE('',*,*,#484,.T.);
#1832 = ORIENTED_EDGE('',*,*,#1030,.T.);
#1833 = ORIENTED_EDGE('',*,*,#910,.T.);
#1834 = ORIENTED_EDGE('',*,*,#1746,.F.);
#1835 = PLANE('',#1836);
#1836 = AXIS2_PLACEMENT_3D('',#1837,#1838,#1839);
#1837 = CARTESIAN_POINT('',(-1.976217728464,13.462,12.7));
#1838 = DIRECTION('',(0.866025403784,-0.5,0.));
#1839 = DIRECTION('',(0.5,0.866025403784,0.));
#1840 = ADVANCED_FACE('',(#1841),#1852,.F.);
#1841 = FACE_BOUND('',#1842,.T.);
#1842 = EDGE_LOOP('',(#1843,#1844,#1845,#1846));
#1843 = ORIENTED_EDGE('',*,*,#1096,.T.);
#1844 = ORIENTED_EDGE('',*,*,#1722,.T.);
#1845 = ORIENTED_EDGE('',*,*,#1691,.T.);
#1846 = ORIENTED_EDGE('',*,*,#1847,.F.);
#1847 = EDGE_CURVE('',#1097,#1654,#1848,.T.);
#1848 = LINE('',#1849,#1850);
#1849 = CARTESIAN_POINT('',(1.701800000001,13.2334,12.7));
#1850 = VECTOR('',#1851,1.);
#1851 = DIRECTION('',(0.,0.,-1.));
#1852 = PLANE('',#1853);
#1853 = AXIS2_PLACEMENT_3D('',#1854,#1855,#1856);
#1854 = CARTESIAN_POINT('',(1.833782271537,13.462,12.7));
#1855 = DIRECTION('',(0.866025403784,-0.5,0.));
#1856 = DIRECTION('',(0.5,0.866025403784,0.));
#1857 = ADVANCED_FACE('',(#1858),#1869,.F.);
#1858 = FACE_BOUND('',#1859,.T.);
#1859 = EDGE_LOOP('',(#1860,#1861,#1862,#1863));
#1860 = ORIENTED_EDGE('',*,*,#1168,.T.);
#1861 = ORIENTED_EDGE('',*,*,#1847,.T.);
#1862 = ORIENTED_EDGE('',*,*,#1653,.T.);
#1863 = ORIENTED_EDGE('',*,*,#1864,.F.);
#1864 = EDGE_CURVE('',#1169,#1646,#1865,.T.);
#1865 = LINE('',#1866,#1867);
#1866 = CARTESIAN_POINT('',(1.701800000001,0.762,12.7));
#1867 = VECTOR('',#1868,1.);
#1868 = DIRECTION('',(0.,0.,-1.));
#1869 = PLANE('',#1870);
#1870 = AXIS2_PLACEMENT_3D('',#1871,#1872,#1873);
#1871 = CARTESIAN_POINT('',(1.701800000001,13.2334,12.7));
#1872 = DIRECTION('',(1.,0.,0.));
#1873 = DIRECTION('',(0.,0.,-1.));
#1874 = ADVANCED_FACE('',(#1875),#1886,.F.);
#1875 = FACE_BOUND('',#1876,.T.);
#1876 = EDGE_LOOP('',(#1877,#1878,#1879,#1880));
#1877 = ORIENTED_EDGE('',*,*,#1176,.T.);
#1878 = ORIENTED_EDGE('',*,*,#1864,.T.);
#1879 = ORIENTED_EDGE('',*,*,#1645,.T.);
#1880 = ORIENTED_EDGE('',*,*,#1881,.F.);
#1881 = EDGE_CURVE('',#1177,#1638,#1882,.T.);
#1882 = LINE('',#1883,#1884);
#1883 = CARTESIAN_POINT('',(0.8382,0.762,12.7));
#1884 = VECTOR('',#1885,1.);
#1885 = DIRECTION('',(0.,0.,-1.));
#1886 = PLANE('',#1887);
#1887 = AXIS2_PLACEMENT_3D('',#1888,#1889,#1890);
#1888 = CARTESIAN_POINT('',(1.701800000001,0.762,12.7));
#1889 = DIRECTION('',(7.532669100173E-16,-1.,0.));
#1890 = DIRECTION('',(1.,7.532669100173E-16,0.));
#1891 = ADVANCED_FACE('',(#1892),#1903,.F.);
#1892 = FACE_BOUND('',#1893,.T.);
#1893 = EDGE_LOOP('',(#1894,#1895,#1901,#1902));
#1894 = ORIENTED_EDGE('',*,*,#582,.T.);
#1895 = ORIENTED_EDGE('',*,*,#1896,.T.);
#1896 = EDGE_CURVE('',#575,#1009,#1897,.T.);
#1897 = LINE('',#1898,#1899);
#1898 = CARTESIAN_POINT('',(0.8382,13.2334,12.7));
#1899 = VECTOR('',#1900,1.);
#1900 = DIRECTION('',(0.,0.,-1.));
#1901 = ORIENTED_EDGE('',*,*,#1008,.T.);
#1902 = ORIENTED_EDGE('',*,*,#1081,.T.);
#1903 = PLANE('',#1904);
#1904 = AXIS2_PLACEMENT_3D('',#1905,#1906,#1907);
#1905 = CARTESIAN_POINT('',(0.8382,13.2334,12.7));
#1906 = DIRECTION('',(-0.866025403784,-0.500000000001,0.));
#1907 = DIRECTION('',(0.500000000001,-0.866025403784,0.));
#1908 = ADVANCED_FACE('',(#1909),#1915,.F.);
#1909 = FACE_BOUND('',#1910,.T.);
#1910 = EDGE_LOOP('',(#1911,#1912,#1913,#1914));
#1911 = ORIENTED_EDGE('',*,*,#1184,.T.);
#1912 = ORIENTED_EDGE('',*,*,#1881,.T.);
#1913 = ORIENTED_EDGE('',*,*,#1637,.T.);
#1914 = ORIENTED_EDGE('',*,*,#1896,.F.);
#1915 = PLANE('',#1916);
#1916 = AXIS2_PLACEMENT_3D('',#1917,#1918,#1919);
#1917 = CARTESIAN_POINT('',(0.8382,0.762,12.7));
#1918 = DIRECTION('',(-1.,0.,0.));
#1919 = DIRECTION('',(0.,0.,1.));
#1920 = ADVANCED_FACE('',(#1921),#1932,.F.);
#1921 = FACE_BOUND('',#1922,.T.);
#1922 = EDGE_LOOP('',(#1923,#1924,#1925,#1926));
#1923 = ORIENTED_EDGE('',*,*,#564,.T.);
#1924 = ORIENTED_EDGE('',*,*,#1074,.T.);
#1925 = ORIENTED_EDGE('',*,*,#990,.T.);
#1926 = ORIENTED_EDGE('',*,*,#1927,.F.);
#1927 = EDGE_CURVE('',#565,#993,#1928,.T.);
#1928 = LINE('',#1929,#1930);
#1929 = CARTESIAN_POINT('',(0.4318,13.2334,12.7));
#1930 = VECTOR('',#1931,1.);
#1931 = DIRECTION('',(0.,0.,-1.));
#1932 = PLANE('',#1933);
#1933 = AXIS2_PLACEMENT_3D('',#1934,#1935,#1936);
#1934 = CARTESIAN_POINT('',(0.563782271537,13.462,12.7));
#1935 = DIRECTION('',(0.866025403784,-0.5,0.));
#1936 = DIRECTION('',(0.5,0.866025403784,0.));
#1937 = ADVANCED_FACE('',(#1938),#1949,.F.);
#1938 = FACE_BOUND('',#1939,.T.);
#1939 = EDGE_LOOP('',(#1940,#1941,#1942,#1943));
#1940 = ORIENTED_EDGE('',*,*,#1191,.T.);
#1941 = ORIENTED_EDGE('',*,*,#1927,.T.);
#1942 = ORIENTED_EDGE('',*,*,#1630,.T.);
#1943 = ORIENTED_EDGE('',*,*,#1944,.F.);
#1944 = EDGE_CURVE('',#1192,#1623,#1945,.T.);
#1945 = LINE('',#1946,#1947);
#1946 = CARTESIAN_POINT('',(0.4318,0.762,12.7));
#1947 = VECTOR('',#1948,1.);
#1948 = DIRECTION('',(0.,0.,-1.));
#1949 = PLANE('',#1950);
#1950 = AXIS2_PLACEMENT_3D('',#1951,#1952,#1953);
#1951 = CARTESIAN_POINT('',(0.4318,13.2334,12.7));
#1952 = DIRECTION('',(1.,0.,0.));
#1953 = DIRECTION('',(0.,0.,-1.));
#1954 = ADVANCED_FACE('',(#1955),#1966,.F.);
#1955 = FACE_BOUND('',#1956,.T.);
#1956 = EDGE_LOOP('',(#1957,#1958,#1959,#1960));
#1957 = ORIENTED_EDGE('',*,*,#1199,.T.);
#1958 = ORIENTED_EDGE('',*,*,#1944,.T.);
#1959 = ORIENTED_EDGE('',*,*,#1622,.T.);
#1960 = ORIENTED_EDGE('',*,*,#1961,.F.);
#1961 = EDGE_CURVE('',#1200,#1615,#1962,.T.);
#1962 = LINE('',#1963,#1964);
#1963 = CARTESIAN_POINT('',(-0.431800000001,0.762,12.7));
#1964 = VECTOR('',#1965,1.);
#1965 = DIRECTION('',(0.,0.,-1.));
#1966 = PLANE('',#1967);
#1967 = AXIS2_PLACEMENT_3D('',#1968,#1969,#1970);
#1968 = CARTESIAN_POINT('',(0.4318,0.762,12.7));
#1969 = DIRECTION('',(7.532669100173E-16,-1.,0.));
#1970 = DIRECTION('',(1.,7.532669100173E-16,0.));
#1971 = ADVANCED_FACE('',(#1972),#1983,.F.);
#1972 = FACE_BOUND('',#1973,.T.);
#1973 = EDGE_LOOP('',(#1974,#1975,#1981,#1982));
#1974 = ORIENTED_EDGE('',*,*,#542,.T.);
#1975 = ORIENTED_EDGE('',*,*,#1976,.T.);
#1976 = EDGE_CURVE('',#535,#969,#1977,.T.);
#1977 = LINE('',#1978,#1979);
#1978 = CARTESIAN_POINT('',(-0.431800000001,13.2334,12.7));
#1979 = VECTOR('',#1980,1.);
#1980 = DIRECTION('',(0.,0.,-1.));
#1981 = ORIENTED_EDGE('',*,*,#968,.T.);
#1982 = ORIENTED_EDGE('',*,*,#1059,.T.);
#1983 = PLANE('',#1984);
#1984 = AXIS2_PLACEMENT_3D('',#1985,#1986,#1987);
#1985 = CARTESIAN_POINT('',(-0.431800000001,13.2334,12.7));
#1986 = DIRECTION('',(-0.866025403784,-0.500000000001,0.));
#1987 = DIRECTION('',(0.500000000001,-0.866025403784,0.));
#1988 = ADVANCED_FACE('',(#1989),#1995,.F.);
#1989 = FACE_BOUND('',#1990,.T.);
#1990 = EDGE_LOOP('',(#1991,#1992,#1993,#1994));
#1991 = ORIENTED_EDGE('',*,*,#1207,.T.);
#1992 = ORIENTED_EDGE('',*,*,#1961,.T.);
#1993 = ORIENTED_EDGE('',*,*,#1614,.T.);
#1994 = ORIENTED_EDGE('',*,*,#1976,.F.);
#1995 = PLANE('',#1996);
#1996 = AXIS2_PLACEMENT_3D('',#1997,#1998,#1999);
#1997 = CARTESIAN_POINT('',(-0.431800000001,0.762,12.7));
#1998 = DIRECTION('',(-1.,0.,0.));
#1999 = DIRECTION('',(0.,0.,1.));
#2000 = ADVANCED_FACE('',(#2001),#2012,.F.);
#2001 = FACE_BOUND('',#2002,.T.);
#2002 = EDGE_LOOP('',(#2003,#2004,#2005,#2006));
#2003 = ORIENTED_EDGE('',*,*,#524,.T.);
#2004 = ORIENTED_EDGE('',*,*,#1052,.T.);
#2005 = ORIENTED_EDGE('',*,*,#950,.T.);
#2006 = ORIENTED_EDGE('',*,*,#2007,.F.);
#2007 = EDGE_CURVE('',#525,#953,#2008,.T.);
#2008 = LINE('',#2009,#2010);
#2009 = CARTESIAN_POINT('',(-0.838200000001,13.2334,12.7));
#2010 = VECTOR('',#2011,1.);
#2011 = DIRECTION('',(0.,0.,-1.));
#2012 = PLANE('',#2013);
#2013 = AXIS2_PLACEMENT_3D('',#2014,#2015,#2016);
#2014 = CARTESIAN_POINT('',(-0.706217728464,13.462,12.7));
#2015 = DIRECTION('',(0.866025403784,-0.5,0.));
#2016 = DIRECTION('',(0.5,0.866025403784,0.));
#2017 = ADVANCED_FACE('',(#2018),#2029,.F.);
#2018 = FACE_BOUND('',#2019,.T.);
#2019 = EDGE_LOOP('',(#2020,#2021,#2022,#2023));
#2020 = ORIENTED_EDGE('',*,*,#1214,.T.);
#2021 = ORIENTED_EDGE('',*,*,#2007,.T.);
#2022 = ORIENTED_EDGE('',*,*,#1607,.T.);
#2023 = ORIENTED_EDGE('',*,*,#2024,.F.);
#2024 = EDGE_CURVE('',#1215,#1600,#2025,.T.);
#2025 = LINE('',#2026,#2027);
#2026 = CARTESIAN_POINT('',(-0.838200000001,0.762,12.7));
#2027 = VECTOR('',#2028,1.);
#2028 = DIRECTION('',(0.,0.,-1.));
#2029 = PLANE('',#2030);
#2030 = AXIS2_PLACEMENT_3D('',#2031,#2032,#2033);
#2031 = CARTESIAN_POINT('',(-0.838200000001,13.2334,12.7));
#2032 = DIRECTION('',(1.,0.,0.));
#2033 = DIRECTION('',(0.,0.,-1.));
#2034 = ADVANCED_FACE('',(#2035),#2046,.F.);
#2035 = FACE_BOUND('',#2036,.T.);
#2036 = EDGE_LOOP('',(#2037,#2038,#2039,#2040));
#2037 = ORIENTED_EDGE('',*,*,#1222,.T.);
#2038 = ORIENTED_EDGE('',*,*,#2024,.T.);
#2039 = ORIENTED_EDGE('',*,*,#1599,.T.);
#2040 = ORIENTED_EDGE('',*,*,#2041,.F.);
#2041 = EDGE_CURVE('',#1137,#1592,#2042,.T.);
#2042 = LINE('',#2043,#2044);
#2043 = CARTESIAN_POINT('',(-1.701800000001,0.762,12.7));
#2044 = VECTOR('',#2045,1.);
#2045 = DIRECTION('',(0.,0.,-1.));
#2046 = PLANE('',#2047);
#2047 = AXIS2_PLACEMENT_3D('',#2048,#2049,#2050);
#2048 = CARTESIAN_POINT('',(-0.838200000001,0.762,12.7));
#2049 = DIRECTION('',(7.532669100173E-16,-1.,0.));
#2050 = DIRECTION('',(1.,7.532669100173E-16,0.));
#2051 = ADVANCED_FACE('',(#2052),#2063,.F.);
#2052 = FACE_BOUND('',#2053,.T.);
#2053 = EDGE_LOOP('',(#2054,#2055,#2061,#2062));
#2054 = ORIENTED_EDGE('',*,*,#502,.T.);
#2055 = ORIENTED_EDGE('',*,*,#2056,.T.);
#2056 = EDGE_CURVE('',#495,#929,#2057,.T.);
#2057 = LINE('',#2058,#2059);
#2058 = CARTESIAN_POINT('',(-1.7018,13.233399999998,12.7));
#2059 = VECTOR('',#2060,1.);
#2060 = DIRECTION('',(0.,0.,-1.));
#2061 = ORIENTED_EDGE('',*,*,#928,.T.);
#2062 = ORIENTED_EDGE('',*,*,#1037,.T.);
#2063 = PLANE('',#2064);
#2064 = AXIS2_PLACEMENT_3D('',#2065,#2066,#2067);
#2065 = CARTESIAN_POINT('',(-1.7018,13.233399999998,12.7));
#2066 = DIRECTION('',(-0.866025403785,-0.499999999999,0.));
#2067 = DIRECTION('',(0.499999999999,-0.866025403785,0.));
#2068 = ADVANCED_FACE('',(#2069),#2075,.F.);
#2069 = FACE_BOUND('',#2070,.T.);
#2070 = EDGE_LOOP('',(#2071,#2072,#2073,#2074));
#2071 = ORIENTED_EDGE('',*,*,#1136,.T.);
#2072 = ORIENTED_EDGE('',*,*,#2041,.T.);
#2073 = ORIENTED_EDGE('',*,*,#1591,.T.);
#2074 = ORIENTED_EDGE('',*,*,#2056,.F.);
#2075 = PLANE('',#2076);
#2076 = AXIS2_PLACEMENT_3D('',#2077,#2078,#2079);
#2077 = CARTESIAN_POINT('',(-1.701800000001,0.762,12.7));
#2078 = DIRECTION('',(-1.,8.688292021603E-14,0.));
#2079 = DIRECTION('',(-8.688292021603E-14,-1.,0.));
#2080 = ADVANCED_FACE('',(#2081),#2097,.F.);
#2081 = FACE_BOUND('',#2082,.T.);
#2082 = EDGE_LOOP('',(#2083,#2084,#2090,#2091));
#2083 = ORIENTED_EDGE('',*,*,#1329,.T.);
#2084 = ORIENTED_EDGE('',*,*,#2085,.F.);
#2085 = EDGE_CURVE('',#1493,#1322,#2086,.T.);
#2086 = LINE('',#2087,#2088);
#2087 = CARTESIAN_POINT('',(1.701800000001,0.762,12.7));
#2088 = VECTOR('',#2089,1.);
#2089 = DIRECTION('',(0.,0.,-1.));
#2090 = ORIENTED_EDGE('',*,*,#1492,.T.);
#2091 = ORIENTED_EDGE('',*,*,#2092,.T.);
#2092 = EDGE_CURVE('',#1430,#1330,#2093,.T.);
#2093 = LINE('',#2094,#2095);
#2094 = CARTESIAN_POINT('',(1.701800000001,13.2334,12.7));
#2095 = VECTOR('',#2096,1.);
#2096 = DIRECTION('',(0.,0.,-1.));
#2097 = PLANE('',#2098);
#2098 = AXIS2_PLACEMENT_3D('',#2099,#2100,#2101);
#2099 = CARTESIAN_POINT('',(1.701800000001,13.2334,12.7));
#2100 = DIRECTION('',(1.,0.,0.));
#2101 = DIRECTION('',(0.,0.,-1.));
#2102 = ADVANCED_FACE('',(#2103),#2114,.F.);
#2103 = FACE_BOUND('',#2104,.T.);
#2104 = EDGE_LOOP('',(#2105,#2106,#2112,#2113));
#2105 = ORIENTED_EDGE('',*,*,#1321,.T.);
#2106 = ORIENTED_EDGE('',*,*,#2107,.F.);
#2107 = EDGE_CURVE('',#1501,#1314,#2108,.T.);
#2108 = LINE('',#2109,#2110);
#2109 = CARTESIAN_POINT('',(0.8382,0.762,12.7));
#2110 = VECTOR('',#2111,1.);
#2111 = DIRECTION('',(0.,0.,-1.));
#2112 = ORIENTED_EDGE('',*,*,#1500,.T.);
#2113 = ORIENTED_EDGE('',*,*,#2085,.T.);
#2114 = PLANE('',#2115);
#2115 = AXIS2_PLACEMENT_3D('',#2116,#2117,#2118);
#2116 = CARTESIAN_POINT('',(1.701800000001,0.762,12.7));
#2117 = DIRECTION('',(7.532669100173E-16,-1.,0.));
#2118 = DIRECTION('',(1.,7.532669100173E-16,0.));
#2119 = ADVANCED_FACE('',(#2120),#2131,.F.);
#2120 = FACE_BOUND('',#2121,.T.);
#2121 = EDGE_LOOP('',(#2122,#2123,#2129,#2130));
#2122 = ORIENTED_EDGE('',*,*,#1313,.T.);
#2123 = ORIENTED_EDGE('',*,*,#2124,.F.);
#2124 = EDGE_CURVE('',#888,#703,#2125,.T.);
#2125 = LINE('',#2126,#2127);
#2126 = CARTESIAN_POINT('',(0.8382,13.2334,12.7));
#2127 = VECTOR('',#2128,1.);
#2128 = DIRECTION('',(0.,0.,-1.));
#2129 = ORIENTED_EDGE('',*,*,#1508,.T.);
#2130 = ORIENTED_EDGE('',*,*,#2107,.T.);
#2131 = PLANE('',#2132);
#2132 = AXIS2_PLACEMENT_3D('',#2133,#2134,#2135);
#2133 = CARTESIAN_POINT('',(0.8382,0.762,12.7));
#2134 = DIRECTION('',(-1.,0.,0.));
#2135 = DIRECTION('',(0.,0.,1.));
#2136 = ADVANCED_FACE('',(#2137),#2143,.F.);
#2137 = FACE_BOUND('',#2138,.T.);
#2138 = EDGE_LOOP('',(#2139,#2140,#2141,#2142));
#2139 = ORIENTED_EDGE('',*,*,#1367,.T.);
#2140 = ORIENTED_EDGE('',*,*,#2092,.F.);
#2141 = ORIENTED_EDGE('',*,*,#1429,.T.);
#2142 = ORIENTED_EDGE('',*,*,#1398,.T.);
#2143 = PLANE('',#2144);
#2144 = AXIS2_PLACEMENT_3D('',#2145,#2146,#2147);
#2145 = CARTESIAN_POINT('',(1.833782271537,13.462,12.7));
#2146 = DIRECTION('',(0.866025403784,-0.5,0.));
#2147 = DIRECTION('',(0.5,0.866025403784,0.));
#2148 = ADVANCED_FACE('',(#2149),#2155,.F.);
#2149 = FACE_BOUND('',#2150,.T.);
#2150 = EDGE_LOOP('',(#2151,#2152,#2153,#2154));
#2151 = ORIENTED_EDGE('',*,*,#702,.T.);
#2152 = ORIENTED_EDGE('',*,*,#802,.F.);
#2153 = ORIENTED_EDGE('',*,*,#895,.T.);
#2154 = ORIENTED_EDGE('',*,*,#2124,.T.);
#2155 = PLANE('',#2156);
#2156 = AXIS2_PLACEMENT_3D('',#2157,#2158,#2159);
#2157 = CARTESIAN_POINT('',(0.8382,13.2334,12.7));
#2158 = DIRECTION('',(-0.866025403784,-0.500000000001,0.));
#2159 = DIRECTION('',(0.500000000001,-0.866025403784,0.));
#2160 = ADVANCED_FACE('',(#2161),#2177,.F.);
#2161 = FACE_BOUND('',#2162,.T.);
#2162 = EDGE_LOOP('',(#2163,#2164,#2170,#2171));
#2163 = ORIENTED_EDGE('',*,*,#1306,.T.);
#2164 = ORIENTED_EDGE('',*,*,#2165,.F.);
#2165 = EDGE_CURVE('',#1516,#1299,#2166,.T.);
#2166 = LINE('',#2167,#2168);
#2167 = CARTESIAN_POINT('',(0.4318,0.762,12.7));
#2168 = VECTOR('',#2169,1.);
#2169 = DIRECTION('',(0.,0.,-1.));
#2170 = ORIENTED_EDGE('',*,*,#1515,.T.);
#2171 = ORIENTED_EDGE('',*,*,#2172,.T.);
#2172 = EDGE_CURVE('',#880,#687,#2173,.T.);
#2173 = LINE('',#2174,#2175);
#2174 = CARTESIAN_POINT('',(0.4318,13.2334,12.7));
#2175 = VECTOR('',#2176,1.);
#2176 = DIRECTION('',(0.,0.,-1.));
#2177 = PLANE('',#2178);
#2178 = AXIS2_PLACEMENT_3D('',#2179,#2180,#2181);
#2179 = CARTESIAN_POINT('',(0.4318,13.2334,12.7));
#2180 = DIRECTION('',(1.,0.,0.));
#2181 = DIRECTION('',(0.,0.,-1.));
#2182 = ADVANCED_FACE('',(#2183),#2194,.F.);
#2183 = FACE_BOUND('',#2184,.T.);
#2184 = EDGE_LOOP('',(#2185,#2186,#2192,#2193));
#2185 = ORIENTED_EDGE('',*,*,#1298,.T.);
#2186 = ORIENTED_EDGE('',*,*,#2187,.F.);
#2187 = EDGE_CURVE('',#1524,#1291,#2188,.T.);
#2188 = LINE('',#2189,#2190);
#2189 = CARTESIAN_POINT('',(-0.431800000001,0.762,12.7));
#2190 = VECTOR('',#2191,1.);
#2191 = DIRECTION('',(0.,0.,-1.));
#2192 = ORIENTED_EDGE('',*,*,#1523,.T.);
#2193 = ORIENTED_EDGE('',*,*,#2165,.T.);
#2194 = PLANE('',#2195);
#2195 = AXIS2_PLACEMENT_3D('',#2196,#2197,#2198);
#2196 = CARTESIAN_POINT('',(0.4318,0.762,12.7));
#2197 = DIRECTION('',(7.532669100173E-16,-1.,0.));
#2198 = DIRECTION('',(1.,7.532669100173E-16,0.));
#2199 = ADVANCED_FACE('',(#2200),#2211,.F.);
#2200 = FACE_BOUND('',#2201,.T.);
#2201 = EDGE_LOOP('',(#2202,#2203,#2209,#2210));
#2202 = ORIENTED_EDGE('',*,*,#1290,.T.);
#2203 = ORIENTED_EDGE('',*,*,#2204,.F.);
#2204 = EDGE_CURVE('',#857,#663,#2205,.T.);
#2205 = LINE('',#2206,#2207);
#2206 = CARTESIAN_POINT('',(-0.431800000001,13.2334,12.7));
#2207 = VECTOR('',#2208,1.);
#2208 = DIRECTION('',(0.,0.,-1.));
#2209 = ORIENTED_EDGE('',*,*,#1531,.T.);
#2210 = ORIENTED_EDGE('',*,*,#2187,.T.);
#2211 = PLANE('',#2212);
#2212 = AXIS2_PLACEMENT_3D('',#2213,#2214,#2215);
#2213 = CARTESIAN_POINT('',(-0.431800000001,0.762,12.7));
#2214 = DIRECTION('',(-1.,0.,0.));
#2215 = DIRECTION('',(0.,0.,1.));
#2216 = ADVANCED_FACE('',(#2217),#2223,.F.);
#2217 = FACE_BOUND('',#2218,.T.);
#2218 = EDGE_LOOP('',(#2219,#2220,#2221,#2222));
#2219 = ORIENTED_EDGE('',*,*,#684,.T.);
#2220 = ORIENTED_EDGE('',*,*,#2172,.F.);
#2221 = ORIENTED_EDGE('',*,*,#879,.T.);
#2222 = ORIENTED_EDGE('',*,*,#786,.T.);
#2223 = PLANE('',#2224);
#2224 = AXIS2_PLACEMENT_3D('',#2225,#2226,#2227);
#2225 = CARTESIAN_POINT('',(0.563782271537,13.462,12.7));
#2226 = DIRECTION('',(0.866025403784,-0.5,0.));
#2227 = DIRECTION('',(0.5,0.866025403784,0.));
#2228 = ADVANCED_FACE('',(#2229),#2235,.F.);
#2229 = FACE_BOUND('',#2230,.T.);
#2230 = EDGE_LOOP('',(#2231,#2232,#2233,#2234));
#2231 = ORIENTED_EDGE('',*,*,#662,.T.);
#2232 = ORIENTED_EDGE('',*,*,#771,.F.);
#2233 = ORIENTED_EDGE('',*,*,#864,.T.);
#2234 = ORIENTED_EDGE('',*,*,#2204,.T.);
#2235 = PLANE('',#2236);
#2236 = AXIS2_PLACEMENT_3D('',#2237,#2238,#2239);
#2237 = CARTESIAN_POINT('',(-0.431800000001,13.2334,12.7));
#2238 = DIRECTION('',(-0.866025403784,-0.500000000001,0.));
#2239 = DIRECTION('',(0.500000000001,-0.866025403784,0.));
#2240 = ADVANCED_FACE('',(#2241),#2257,.F.);
#2241 = FACE_BOUND('',#2242,.T.);
#2242 = EDGE_LOOP('',(#2243,#2244,#2250,#2251));
#2243 = ORIENTED_EDGE('',*,*,#1267,.T.);
#2244 = ORIENTED_EDGE('',*,*,#2245,.F.);
#2245 = EDGE_CURVE('',#826,#623,#2246,.T.);
#2246 = LINE('',#2247,#2248);
#2247 = CARTESIAN_POINT('',(-1.7018,13.233399999998,12.7));
#2248 = VECTOR('',#2249,1.);
#2249 = DIRECTION('',(0.,0.,-1.));
#2250 = ORIENTED_EDGE('',*,*,#1460,.T.);
#2251 = ORIENTED_EDGE('',*,*,#2252,.T.);
#2252 = EDGE_CURVE('',#1461,#1268,#2253,.T.);
#2253 = LINE('',#2254,#2255);
#2254 = CARTESIAN_POINT('',(-1.701800000001,0.762,12.7));
#2255 = VECTOR('',#2256,1.);
#2256 = DIRECTION('',(0.,0.,-1.));
#2257 = PLANE('',#2258);
#2258 = AXIS2_PLACEMENT_3D('',#2259,#2260,#2261);
#2259 = CARTESIAN_POINT('',(-1.701800000001,0.762,12.7));
#2260 = DIRECTION('',(-1.,8.688292021603E-14,0.));
#2261 = DIRECTION('',(-8.688292021603E-14,-1.,0.));
#2262 = ADVANCED_FACE('',(#2263),#2274,.F.);
#2263 = FACE_BOUND('',#2264,.T.);
#2264 = EDGE_LOOP('',(#2265,#2266,#2267,#2268));
#2265 = ORIENTED_EDGE('',*,*,#1275,.T.);
#2266 = ORIENTED_EDGE('',*,*,#2252,.F.);
#2267 = ORIENTED_EDGE('',*,*,#1546,.T.);
#2268 = ORIENTED_EDGE('',*,*,#2269,.T.);
#2269 = EDGE_CURVE('',#1539,#1276,#2270,.T.);
#2270 = LINE('',#2271,#2272);
#2271 = CARTESIAN_POINT('',(-0.838200000001,0.762,12.7));
#2272 = VECTOR('',#2273,1.);
#2273 = DIRECTION('',(0.,0.,-1.));
#2274 = PLANE('',#2275);
#2275 = AXIS2_PLACEMENT_3D('',#2276,#2277,#2278);
#2276 = CARTESIAN_POINT('',(-0.838200000001,0.762,12.7));
#2277 = DIRECTION('',(7.532669100173E-16,-1.,0.));
#2278 = DIRECTION('',(1.,7.532669100173E-16,0.));
#2279 = ADVANCED_FACE('',(#2280),#2291,.F.);
#2280 = FACE_BOUND('',#2281,.T.);
#2281 = EDGE_LOOP('',(#2282,#2283,#2284,#2285));
#2282 = ORIENTED_EDGE('',*,*,#1283,.T.);
#2283 = ORIENTED_EDGE('',*,*,#2269,.F.);
#2284 = ORIENTED_EDGE('',*,*,#1538,.T.);
#2285 = ORIENTED_EDGE('',*,*,#2286,.T.);
#2286 = EDGE_CURVE('',#849,#647,#2287,.T.);
#2287 = LINE('',#2288,#2289);
#2288 = CARTESIAN_POINT('',(-0.838200000001,13.2334,12.7));
#2289 = VECTOR('',#2290,1.);
#2290 = DIRECTION('',(0.,0.,-1.));
#2291 = PLANE('',#2292);
#2292 = AXIS2_PLACEMENT_3D('',#2293,#2294,#2295);
#2293 = CARTESIAN_POINT('',(-0.838200000001,13.2334,12.7));
#2294 = DIRECTION('',(1.,0.,0.));
#2295 = DIRECTION('',(0.,0.,-1.));
#2296 = ADVANCED_FACE('',(#2297),#2303,.F.);
#2297 = FACE_BOUND('',#2298,.T.);
#2298 = EDGE_LOOP('',(#2299,#2300,#2301,#2302));
#2299 = ORIENTED_EDGE('',*,*,#622,.T.);
#2300 = ORIENTED_EDGE('',*,*,#740,.F.);
#2301 = ORIENTED_EDGE('',*,*,#833,.T.);
#2302 = ORIENTED_EDGE('',*,*,#2245,.T.);
#2303 = PLANE('',#2304);
#2304 = AXIS2_PLACEMENT_3D('',#2305,#2306,#2307);
#2305 = CARTESIAN_POINT('',(-1.7018,13.233399999998,12.7));
#2306 = DIRECTION('',(-0.866025403785,-0.499999999999,0.));
#2307 = DIRECTION('',(0.499999999999,-0.866025403785,0.));
#2308 = ADVANCED_FACE('',(#2309),#2315,.F.);
#2309 = FACE_BOUND('',#2310,.T.);
#2310 = EDGE_LOOP('',(#2311,#2312,#2313,#2314));
#2311 = ORIENTED_EDGE('',*,*,#644,.T.);
#2312 = ORIENTED_EDGE('',*,*,#2286,.F.);
#2313 = ORIENTED_EDGE('',*,*,#848,.T.);
#2314 = ORIENTED_EDGE('',*,*,#755,.T.);
#2315 = PLANE('',#2316);
#2316 = AXIS2_PLACEMENT_3D('',#2317,#2318,#2319);
#2317 = CARTESIAN_POINT('',(-0.706217728464,13.462,12.7));
#2318 = DIRECTION('',(0.866025403784,-0.5,0.));
#2319 = DIRECTION('',(0.5,0.866025403784,0.));
#2320 = ( GEOMETRIC_REPRESENTATION_CONTEXT(3) 
GLOBAL_UNCERTAINTY_ASSIGNED_CONTEXT((#2324)) 
GLOBAL_UNIT_ASSIGNED_CONTEXT((#2321,#2322,#2323)) REPRESENTATION_CONTEXT
('Context #1','3D Context with UNIT and UNCERTAINTY') );
#2321 = ( LENGTH_UNIT() NAMED_UNIT(*) SI_UNIT(.MILLI.,.METRE.) );
#2322 = ( NAMED_UNIT(*) PLANE_ANGLE_UNIT() SI_UNIT($,.RADIAN.) );
#2323 = ( NAMED_UNIT(*) SI_UNIT($,.STERADIAN.) SOLID_ANGLE_UNIT() );
#2324 = UNCERTAINTY_MEASURE_WITH_UNIT(LENGTH_MEASURE(1.E-07),#2321,
  'distance_accuracy_value','confusion accuracy');
#2325 = CONTEXT_DEPENDENT_SHAPE_REPRESENTATION(#2326,#2328);
#2326 = ( REPRESENTATION_RELATIONSHIP('','',#477,#10) 
REPRESENTATION_RELATIONSHIP_WITH_TRANSFORMATION(#2327) 
SHAPE_REPRESENTATION_RELATIONSHIP() );
#2327 = ITEM_DEFINED_TRANSFORMATION('','',#11,#19);
#2328 = PRODUCT_DEFINITION_SHAPE('Placement','Placement of an item',
  #2329);
#2329 = NEXT_ASSEMBLY_USAGE_OCCURRENCE('10','=>[0:1:1:2]','',#5,#472,$);
#2330 = PRODUCT_RELATED_PRODUCT_CATEGORY('part',$,(#474));
#2331 = SHAPE_DEFINITION_REPRESENTATION(#2332,#2338);
#2332 = PRODUCT_DEFINITION_SHAPE('','',#2333);
#2333 = PRODUCT_DEFINITION('design','',#2334,#2337);
#2334 = PRODUCT_DEFINITION_FORMATION('','',#2335);
#2335 = PRODUCT('FW-04-04-G-D-370-065_pins2',
  'FW-04-04-G-D-370-065_pins2','',(#2336));
#2336 = PRODUCT_CONTEXT('',#2,'mechanical');
#2337 = PRODUCT_DEFINITION_CONTEXT('part definition',#2,'design');
#2338 = ADVANCED_BREP_SHAPE_REPRESENTATION('',(#11,#2339),#3413);
#2339 = MANIFOLD_SOLID_BREP('',#2340);
#2340 = CLOSED_SHELL('',(#2341,#2381,#2421,#2461,#2492,#2523,#2554,#2585
    ,#2616,#2647,#2678,#2709,#2740,#2771,#2802,#2833,#2942,#2973,#3004,
    #3035,#3066,#3097,#3197,#3219,#3235,#3251,#3272,#3289,#3305,#3326,
    #3343,#3359,#3380,#3397));
#2341 = ADVANCED_FACE('',(#2342),#2376,.T.);
#2342 = FACE_BOUND('',#2343,.T.);
#2343 = EDGE_LOOP('',(#2344,#2354,#2362,#2370));
#2344 = ORIENTED_EDGE('',*,*,#2345,.T.);
#2345 = EDGE_CURVE('',#2346,#2348,#2350,.T.);
#2346 = VERTEX_POINT('',#2347);
#2347 = CARTESIAN_POINT('',(1.701800000001,-2.286,0.8382));
#2348 = VERTEX_POINT('',#2349);
#2349 = CARTESIAN_POINT('',(1.701800000001,-2.286,0.4318));
#2350 = LINE('',#2351,#2352);
#2351 = CARTESIAN_POINT('',(1.701800000001,-2.286,12.7));
#2352 = VECTOR('',#2353,1.);
#2353 = DIRECTION('',(0.,0.,-1.));
#2354 = ORIENTED_EDGE('',*,*,#2355,.T.);
#2355 = EDGE_CURVE('',#2348,#2356,#2358,.T.);
#2356 = VERTEX_POINT('',#2357);
#2357 = CARTESIAN_POINT('',(2.1082,-2.286,0.4318));
#2358 = LINE('',#2359,#2360);
#2359 = CARTESIAN_POINT('',(-2.1082,-2.286,0.4318));
#2360 = VECTOR('',#2361,1.);
#2361 = DIRECTION('',(1.,0.,0.));
#2362 = ORIENTED_EDGE('',*,*,#2363,.F.);
#2363 = EDGE_CURVE('',#2364,#2356,#2366,.T.);
#2364 = VERTEX_POINT('',#2365);
#2365 = CARTESIAN_POINT('',(2.1082,-2.286,0.8382));
#2366 = LINE('',#2367,#2368);
#2367 = CARTESIAN_POINT('',(2.1082,-2.286,0.8382));
#2368 = VECTOR('',#2369,1.);
#2369 = DIRECTION('',(0.,0.,-1.));
#2370 = ORIENTED_EDGE('',*,*,#2371,.F.);
#2371 = EDGE_CURVE('',#2346,#2364,#2372,.T.);
#2372 = LINE('',#2373,#2374);
#2373 = CARTESIAN_POINT('',(-2.1082,-2.286,0.8382));
#2374 = VECTOR('',#2375,1.);
#2375 = DIRECTION('',(1.,0.,0.));
#2376 = PLANE('',#2377);
#2377 = AXIS2_PLACEMENT_3D('',#2378,#2379,#2380);
#2378 = CARTESIAN_POINT('',(-2.1082,-2.286,0.8382));
#2379 = DIRECTION('',(0.,-1.,0.));
#2380 = DIRECTION('',(0.,0.,-1.));
#2381 = ADVANCED_FACE('',(#2382),#2416,.T.);
#2382 = FACE_BOUND('',#2383,.T.);
#2383 = EDGE_LOOP('',(#2384,#2394,#2402,#2410));
#2384 = ORIENTED_EDGE('',*,*,#2385,.F.);
#2385 = EDGE_CURVE('',#2386,#2388,#2390,.T.);
#2386 = VERTEX_POINT('',#2387);
#2387 = CARTESIAN_POINT('',(0.8382,-2.286,0.8382));
#2388 = VERTEX_POINT('',#2389);
#2389 = CARTESIAN_POINT('',(0.8382,-2.286,0.4318));
#2390 = LINE('',#2391,#2392);
#2391 = CARTESIAN_POINT('',(0.8382,-2.286,12.7));
#2392 = VECTOR('',#2393,1.);
#2393 = DIRECTION('',(0.,0.,-1.));
#2394 = ORIENTED_EDGE('',*,*,#2395,.F.);
#2395 = EDGE_CURVE('',#2396,#2386,#2398,.T.);
#2396 = VERTEX_POINT('',#2397);
#2397 = CARTESIAN_POINT('',(0.4318,-2.286,0.8382));
#2398 = LINE('',#2399,#2400);
#2399 = CARTESIAN_POINT('',(-2.1082,-2.286,0.8382));
#2400 = VECTOR('',#2401,1.);
#2401 = DIRECTION('',(1.,0.,0.));
#2402 = ORIENTED_EDGE('',*,*,#2403,.T.);
#2403 = EDGE_CURVE('',#2396,#2404,#2406,.T.);
#2404 = VERTEX_POINT('',#2405);
#2405 = CARTESIAN_POINT('',(0.4318,-2.286,0.4318));
#2406 = LINE('',#2407,#2408);
#2407 = CARTESIAN_POINT('',(0.4318,-2.286,12.7));
#2408 = VECTOR('',#2409,1.);
#2409 = DIRECTION('',(0.,0.,-1.));
#2410 = ORIENTED_EDGE('',*,*,#2411,.T.);
#2411 = EDGE_CURVE('',#2404,#2388,#2412,.T.);
#2412 = LINE('',#2413,#2414);
#2413 = CARTESIAN_POINT('',(-2.1082,-2.286,0.4318));
#2414 = VECTOR('',#2415,1.);
#2415 = DIRECTION('',(1.,0.,0.));
#2416 = PLANE('',#2417);
#2417 = AXIS2_PLACEMENT_3D('',#2418,#2419,#2420);
#2418 = CARTESIAN_POINT('',(-2.1082,-2.286,0.8382));
#2419 = DIRECTION('',(0.,-1.,0.));
#2420 = DIRECTION('',(0.,0.,-1.));
#2421 = ADVANCED_FACE('',(#2422),#2456,.T.);
#2422 = FACE_BOUND('',#2423,.T.);
#2423 = EDGE_LOOP('',(#2424,#2434,#2442,#2450));
#2424 = ORIENTED_EDGE('',*,*,#2425,.F.);
#2425 = EDGE_CURVE('',#2426,#2428,#2430,.T.);
#2426 = VERTEX_POINT('',#2427);
#2427 = CARTESIAN_POINT('',(-0.431800000001,-2.286,0.8382));
#2428 = VERTEX_POINT('',#2429);
#2429 = CARTESIAN_POINT('',(-0.431800000001,-2.286,0.4318));
#2430 = LINE('',#2431,#2432);
#2431 = CARTESIAN_POINT('',(-0.431800000001,-2.286,12.7));
#2432 = VECTOR('',#2433,1.);
#2433 = DIRECTION('',(0.,0.,-1.));
#2434 = ORIENTED_EDGE('',*,*,#2435,.F.);
#2435 = EDGE_CURVE('',#2436,#2426,#2438,.T.);
#2436 = VERTEX_POINT('',#2437);
#2437 = CARTESIAN_POINT('',(-0.8382,-2.286,0.8382));
#2438 = LINE('',#2439,#2440);
#2439 = CARTESIAN_POINT('',(-2.1082,-2.286,0.8382));
#2440 = VECTOR('',#2441,1.);
#2441 = DIRECTION('',(1.,0.,0.));
#2442 = ORIENTED_EDGE('',*,*,#2443,.T.);
#2443 = EDGE_CURVE('',#2436,#2444,#2446,.T.);
#2444 = VERTEX_POINT('',#2445);
#2445 = CARTESIAN_POINT('',(-0.8382,-2.286,0.4318));
#2446 = LINE('',#2447,#2448);
#2447 = CARTESIAN_POINT('',(-0.8382,-2.286,12.7));
#2448 = VECTOR('',#2449,1.);
#2449 = DIRECTION('',(0.,0.,-1.));
#2450 = ORIENTED_EDGE('',*,*,#2451,.T.);
#2451 = EDGE_CURVE('',#2444,#2428,#2452,.T.);
#2452 = LINE('',#2453,#2454);
#2453 = CARTESIAN_POINT('',(-2.1082,-2.286,0.4318));
#2454 = VECTOR('',#2455,1.);
#2455 = DIRECTION('',(1.,0.,0.));
#2456 = PLANE('',#2457);
#2457 = AXIS2_PLACEMENT_3D('',#2458,#2459,#2460);
#2458 = CARTESIAN_POINT('',(-2.1082,-2.286,0.8382));
#2459 = DIRECTION('',(0.,-1.,0.));
#2460 = DIRECTION('',(0.,0.,-1.));
#2461 = ADVANCED_FACE('',(#2462),#2487,.T.);
#2462 = FACE_BOUND('',#2463,.T.);
#2463 = EDGE_LOOP('',(#2464,#2472,#2480,#2486));
#2464 = ORIENTED_EDGE('',*,*,#2465,.F.);
#2465 = EDGE_CURVE('',#2466,#2348,#2468,.T.);
#2466 = VERTEX_POINT('',#2467);
#2467 = CARTESIAN_POINT('',(1.701800000001,5.08E-02,0.4318));
#2468 = LINE('',#2469,#2470);
#2469 = CARTESIAN_POINT('',(1.701800000001,-2.286,0.4318));
#2470 = VECTOR('',#2471,1.);
#2471 = DIRECTION('',(1.051402023877E-13,-1.,0.));
#2472 = ORIENTED_EDGE('',*,*,#2473,.T.);
#2473 = EDGE_CURVE('',#2466,#2474,#2476,.T.);
#2474 = VERTEX_POINT('',#2475);
#2475 = CARTESIAN_POINT('',(2.1082,5.08E-02,0.4318));
#2476 = LINE('',#2477,#2478);
#2477 = CARTESIAN_POINT('',(-2.1082,5.08E-02,0.4318));
#2478 = VECTOR('',#2479,1.);
#2479 = DIRECTION('',(1.,0.,0.));
#2480 = ORIENTED_EDGE('',*,*,#2481,.F.);
#2481 = EDGE_CURVE('',#2356,#2474,#2482,.T.);
#2482 = LINE('',#2483,#2484);
#2483 = CARTESIAN_POINT('',(2.1082,-2.286,0.4318));
#2484 = VECTOR('',#2485,1.);
#2485 = DIRECTION('',(0.,1.,0.));
#2486 = ORIENTED_EDGE('',*,*,#2355,.F.);
#2487 = PLANE('',#2488);
#2488 = AXIS2_PLACEMENT_3D('',#2489,#2490,#2491);
#2489 = CARTESIAN_POINT('',(-2.1082,-2.286,0.4318));
#2490 = DIRECTION('',(0.,0.,-1.));
#2491 = DIRECTION('',(-1.,0.,0.));
#2492 = ADVANCED_FACE('',(#2493),#2518,.T.);
#2493 = FACE_BOUND('',#2494,.T.);
#2494 = EDGE_LOOP('',(#2495,#2503,#2504,#2512));
#2495 = ORIENTED_EDGE('',*,*,#2496,.F.);
#2496 = EDGE_CURVE('',#2388,#2497,#2499,.T.);
#2497 = VERTEX_POINT('',#2498);
#2498 = CARTESIAN_POINT('',(0.8382,5.08E-02,0.4318));
#2499 = LINE('',#2500,#2501);
#2500 = CARTESIAN_POINT('',(0.8382,-2.286,0.4318));
#2501 = VECTOR('',#2502,1.);
#2502 = DIRECTION('',(1.054996560711E-13,1.,0.));
#2503 = ORIENTED_EDGE('',*,*,#2411,.F.);
#2504 = ORIENTED_EDGE('',*,*,#2505,.F.);
#2505 = EDGE_CURVE('',#2506,#2404,#2508,.T.);
#2506 = VERTEX_POINT('',#2507);
#2507 = CARTESIAN_POINT('',(0.4318,5.08E-02,0.4318));
#2508 = LINE('',#2509,#2510);
#2509 = CARTESIAN_POINT('',(0.4318,-2.286,0.4318));
#2510 = VECTOR('',#2511,1.);
#2511 = DIRECTION('',(1.051851340982E-13,-1.,0.));
#2512 = ORIENTED_EDGE('',*,*,#2513,.T.);
#2513 = EDGE_CURVE('',#2506,#2497,#2514,.T.);
#2514 = LINE('',#2515,#2516);
#2515 = CARTESIAN_POINT('',(-2.1082,5.08E-02,0.4318));
#2516 = VECTOR('',#2517,1.);
#2517 = DIRECTION('',(1.,0.,0.));
#2518 = PLANE('',#2519);
#2519 = AXIS2_PLACEMENT_3D('',#2520,#2521,#2522);
#2520 = CARTESIAN_POINT('',(-2.1082,-2.286,0.4318));
#2521 = DIRECTION('',(0.,0.,-1.));
#2522 = DIRECTION('',(-1.,0.,0.));
#2523 = ADVANCED_FACE('',(#2524),#2549,.T.);
#2524 = FACE_BOUND('',#2525,.T.);
#2525 = EDGE_LOOP('',(#2526,#2534,#2535,#2543));
#2526 = ORIENTED_EDGE('',*,*,#2527,.F.);
#2527 = EDGE_CURVE('',#2428,#2528,#2530,.T.);
#2528 = VERTEX_POINT('',#2529);
#2529 = CARTESIAN_POINT('',(-0.431800000001,5.08E-02,0.4318));
#2530 = LINE('',#2531,#2532);
#2531 = CARTESIAN_POINT('',(-0.431800000001,-2.286,0.4318));
#2532 = VECTOR('',#2533,1.);
#2533 = DIRECTION('',(1.054547243607E-13,1.,0.));
#2534 = ORIENTED_EDGE('',*,*,#2451,.F.);
#2535 = ORIENTED_EDGE('',*,*,#2536,.F.);
#2536 = EDGE_CURVE('',#2537,#2444,#2539,.T.);
#2537 = VERTEX_POINT('',#2538);
#2538 = CARTESIAN_POINT('',(-0.838200000001,5.08E-02,0.4318));
#2539 = LINE('',#2540,#2541);
#2540 = CARTESIAN_POINT('',(-0.8382,-2.286,0.4318));
#2541 = VECTOR('',#2542,1.);
#2542 = DIRECTION('',(1.051851340982E-13,-1.,0.));
#2543 = ORIENTED_EDGE('',*,*,#2544,.T.);
#2544 = EDGE_CURVE('',#2537,#2528,#2545,.T.);
#2545 = LINE('',#2546,#2547);
#2546 = CARTESIAN_POINT('',(-2.1082,5.08E-02,0.4318));
#2547 = VECTOR('',#2548,1.);
#2548 = DIRECTION('',(1.,0.,0.));
#2549 = PLANE('',#2550);
#2550 = AXIS2_PLACEMENT_3D('',#2551,#2552,#2553);
#2551 = CARTESIAN_POINT('',(-2.1082,-2.286,0.4318));
#2552 = DIRECTION('',(0.,0.,-1.));
#2553 = DIRECTION('',(-1.,0.,0.));
#2554 = ADVANCED_FACE('',(#2555),#2580,.T.);
#2555 = FACE_BOUND('',#2556,.T.);
#2556 = EDGE_LOOP('',(#2557,#2565,#2573,#2579));
#2557 = ORIENTED_EDGE('',*,*,#2558,.F.);
#2558 = EDGE_CURVE('',#2559,#2466,#2561,.T.);
#2559 = VERTEX_POINT('',#2560);
#2560 = CARTESIAN_POINT('',(1.701800000001,5.08E-02,-0.4318));
#2561 = LINE('',#2562,#2563);
#2562 = CARTESIAN_POINT('',(1.701800000001,5.08E-02,0.4318));
#2563 = VECTOR('',#2564,1.);
#2564 = DIRECTION('',(0.,0.,1.));
#2565 = ORIENTED_EDGE('',*,*,#2566,.T.);
#2566 = EDGE_CURVE('',#2559,#2567,#2569,.T.);
#2567 = VERTEX_POINT('',#2568);
#2568 = CARTESIAN_POINT('',(2.1082,5.08E-02,-0.4318));
#2569 = LINE('',#2570,#2571);
#2570 = CARTESIAN_POINT('',(-2.1082,5.08E-02,-0.4318));
#2571 = VECTOR('',#2572,1.);
#2572 = DIRECTION('',(1.,0.,0.));
#2573 = ORIENTED_EDGE('',*,*,#2574,.F.);
#2574 = EDGE_CURVE('',#2474,#2567,#2575,.T.);
#2575 = LINE('',#2576,#2577);
#2576 = CARTESIAN_POINT('',(2.1082,5.08E-02,0.4318));
#2577 = VECTOR('',#2578,1.);
#2578 = DIRECTION('',(0.,0.,-1.));
#2579 = ORIENTED_EDGE('',*,*,#2473,.F.);
#2580 = PLANE('',#2581);
#2581 = AXIS2_PLACEMENT_3D('',#2582,#2583,#2584);
#2582 = CARTESIAN_POINT('',(-2.1082,5.08E-02,0.4318));
#2583 = DIRECTION('',(0.,-1.,0.));
#2584 = DIRECTION('',(0.,0.,-1.));
#2585 = ADVANCED_FACE('',(#2586),#2611,.T.);
#2586 = FACE_BOUND('',#2587,.T.);
#2587 = EDGE_LOOP('',(#2588,#2596,#2597,#2605));
#2588 = ORIENTED_EDGE('',*,*,#2589,.F.);
#2589 = EDGE_CURVE('',#2497,#2590,#2592,.T.);
#2590 = VERTEX_POINT('',#2591);
#2591 = CARTESIAN_POINT('',(0.8382,5.08E-02,-0.4318));
#2592 = LINE('',#2593,#2594);
#2593 = CARTESIAN_POINT('',(0.8382,5.08E-02,0.4318));
#2594 = VECTOR('',#2595,1.);
#2595 = DIRECTION('',(0.,0.,-1.));
#2596 = ORIENTED_EDGE('',*,*,#2513,.F.);
#2597 = ORIENTED_EDGE('',*,*,#2598,.F.);
#2598 = EDGE_CURVE('',#2599,#2506,#2601,.T.);
#2599 = VERTEX_POINT('',#2600);
#2600 = CARTESIAN_POINT('',(0.4318,5.08E-02,-0.4318));
#2601 = LINE('',#2602,#2603);
#2602 = CARTESIAN_POINT('',(0.4318,5.08E-02,0.4318));
#2603 = VECTOR('',#2604,1.);
#2604 = DIRECTION('',(0.,0.,1.));
#2605 = ORIENTED_EDGE('',*,*,#2606,.T.);
#2606 = EDGE_CURVE('',#2599,#2590,#2607,.T.);
#2607 = LINE('',#2608,#2609);
#2608 = CARTESIAN_POINT('',(-2.1082,5.08E-02,-0.4318));
#2609 = VECTOR('',#2610,1.);
#2610 = DIRECTION('',(1.,0.,0.));
#2611 = PLANE('',#2612);
#2612 = AXIS2_PLACEMENT_3D('',#2613,#2614,#2615);
#2613 = CARTESIAN_POINT('',(-2.1082,5.08E-02,0.4318));
#2614 = DIRECTION('',(0.,-1.,0.));
#2615 = DIRECTION('',(0.,0.,-1.));
#2616 = ADVANCED_FACE('',(#2617),#2642,.T.);
#2617 = FACE_BOUND('',#2618,.T.);
#2618 = EDGE_LOOP('',(#2619,#2627,#2628,#2636));
#2619 = ORIENTED_EDGE('',*,*,#2620,.F.);
#2620 = EDGE_CURVE('',#2528,#2621,#2623,.T.);
#2621 = VERTEX_POINT('',#2622);
#2622 = CARTESIAN_POINT('',(-0.431800000001,5.08E-02,-0.4318));
#2623 = LINE('',#2624,#2625);
#2624 = CARTESIAN_POINT('',(-0.431800000001,5.08E-02,0.4318));
#2625 = VECTOR('',#2626,1.);
#2626 = DIRECTION('',(0.,0.,-1.));
#2627 = ORIENTED_EDGE('',*,*,#2544,.F.);
#2628 = ORIENTED_EDGE('',*,*,#2629,.F.);
#2629 = EDGE_CURVE('',#2630,#2537,#2632,.T.);
#2630 = VERTEX_POINT('',#2631);
#2631 = CARTESIAN_POINT('',(-0.838200000001,5.08E-02,-0.4318));
#2632 = LINE('',#2633,#2634);
#2633 = CARTESIAN_POINT('',(-0.838200000001,5.08E-02,0.4318));
#2634 = VECTOR('',#2635,1.);
#2635 = DIRECTION('',(0.,0.,1.));
#2636 = ORIENTED_EDGE('',*,*,#2637,.T.);
#2637 = EDGE_CURVE('',#2630,#2621,#2638,.T.);
#2638 = LINE('',#2639,#2640);
#2639 = CARTESIAN_POINT('',(-2.1082,5.08E-02,-0.4318));
#2640 = VECTOR('',#2641,1.);
#2641 = DIRECTION('',(1.,0.,0.));
#2642 = PLANE('',#2643);
#2643 = AXIS2_PLACEMENT_3D('',#2644,#2645,#2646);
#2644 = CARTESIAN_POINT('',(-2.1082,5.08E-02,0.4318));
#2645 = DIRECTION('',(0.,-1.,0.));
#2646 = DIRECTION('',(0.,0.,-1.));
#2647 = ADVANCED_FACE('',(#2648),#2673,.T.);
#2648 = FACE_BOUND('',#2649,.T.);
#2649 = EDGE_LOOP('',(#2650,#2658,#2666,#2672));
#2650 = ORIENTED_EDGE('',*,*,#2651,.F.);
#2651 = EDGE_CURVE('',#2652,#2559,#2654,.T.);
#2652 = VERTEX_POINT('',#2653);
#2653 = CARTESIAN_POINT('',(1.701800000001,-2.286,-0.4318));
#2654 = LINE('',#2655,#2656);
#2655 = CARTESIAN_POINT('',(1.701800000001,5.08000000004E-02,-0.4318));
#2656 = VECTOR('',#2657,1.);
#2657 = DIRECTION('',(-1.051402023877E-13,1.,0.));
#2658 = ORIENTED_EDGE('',*,*,#2659,.T.);
#2659 = EDGE_CURVE('',#2652,#2660,#2662,.T.);
#2660 = VERTEX_POINT('',#2661);
#2661 = CARTESIAN_POINT('',(2.1082,-2.286,-0.4318));
#2662 = LINE('',#2663,#2664);
#2663 = CARTESIAN_POINT('',(-2.1082,-2.286,-0.4318));
#2664 = VECTOR('',#2665,1.);
#2665 = DIRECTION('',(1.,0.,0.));
#2666 = ORIENTED_EDGE('',*,*,#2667,.F.);
#2667 = EDGE_CURVE('',#2567,#2660,#2668,.T.);
#2668 = LINE('',#2669,#2670);
#2669 = CARTESIAN_POINT('',(2.1082,5.08E-02,-0.4318));
#2670 = VECTOR('',#2671,1.);
#2671 = DIRECTION('',(0.,-1.,0.));
#2672 = ORIENTED_EDGE('',*,*,#2566,.F.);
#2673 = PLANE('',#2674);
#2674 = AXIS2_PLACEMENT_3D('',#2675,#2676,#2677);
#2675 = CARTESIAN_POINT('',(-2.1082,5.08E-02,-0.4318));
#2676 = DIRECTION('',(0.,0.,1.));
#2677 = DIRECTION('',(1.,0.,-0.));
#2678 = ADVANCED_FACE('',(#2679),#2704,.T.);
#2679 = FACE_BOUND('',#2680,.T.);
#2680 = EDGE_LOOP('',(#2681,#2689,#2690,#2698));
#2681 = ORIENTED_EDGE('',*,*,#2682,.F.);
#2682 = EDGE_CURVE('',#2590,#2683,#2685,.T.);
#2683 = VERTEX_POINT('',#2684);
#2684 = CARTESIAN_POINT('',(0.8382,-2.286,-0.4318));
#2685 = LINE('',#2686,#2687);
#2686 = CARTESIAN_POINT('',(0.8382,5.079999999969E-02,-0.4318));
#2687 = VECTOR('',#2688,1.);
#2688 = DIRECTION('',(-1.054996560711E-13,-1.,0.));
#2689 = ORIENTED_EDGE('',*,*,#2606,.F.);
#2690 = ORIENTED_EDGE('',*,*,#2691,.F.);
#2691 = EDGE_CURVE('',#2692,#2599,#2694,.T.);
#2692 = VERTEX_POINT('',#2693);
#2693 = CARTESIAN_POINT('',(0.4318,-2.286,-0.4318));
#2694 = LINE('',#2695,#2696);
#2695 = CARTESIAN_POINT('',(0.4318,5.080000000027E-02,-0.4318));
#2696 = VECTOR('',#2697,1.);
#2697 = DIRECTION('',(-1.051851340982E-13,1.,0.));
#2698 = ORIENTED_EDGE('',*,*,#2699,.T.);
#2699 = EDGE_CURVE('',#2692,#2683,#2700,.T.);
#2700 = LINE('',#2701,#2702);
#2701 = CARTESIAN_POINT('',(-2.1082,-2.286,-0.4318));
#2702 = VECTOR('',#2703,1.);
#2703 = DIRECTION('',(1.,0.,0.));
#2704 = PLANE('',#2705);
#2705 = AXIS2_PLACEMENT_3D('',#2706,#2707,#2708);
#2706 = CARTESIAN_POINT('',(-2.1082,5.08E-02,-0.4318));
#2707 = DIRECTION('',(0.,0.,1.));
#2708 = DIRECTION('',(1.,0.,-0.));
#2709 = ADVANCED_FACE('',(#2710),#2735,.T.);
#2710 = FACE_BOUND('',#2711,.T.);
#2711 = EDGE_LOOP('',(#2712,#2720,#2721,#2729));
#2712 = ORIENTED_EDGE('',*,*,#2713,.F.);
#2713 = EDGE_CURVE('',#2621,#2714,#2716,.T.);
#2714 = VERTEX_POINT('',#2715);
#2715 = CARTESIAN_POINT('',(-0.431800000001,-2.286,-0.4318));
#2716 = LINE('',#2717,#2718);
#2717 = CARTESIAN_POINT('',(-0.431800000001,5.079999999982E-02,-0.4318)
  );
#2718 = VECTOR('',#2719,1.);
#2719 = DIRECTION('',(-1.054547243607E-13,-1.,0.));
#2720 = ORIENTED_EDGE('',*,*,#2637,.F.);
#2721 = ORIENTED_EDGE('',*,*,#2722,.F.);
#2722 = EDGE_CURVE('',#2723,#2630,#2725,.T.);
#2723 = VERTEX_POINT('',#2724);
#2724 = CARTESIAN_POINT('',(-0.8382,-2.286,-0.4318));
#2725 = LINE('',#2726,#2727);
#2726 = CARTESIAN_POINT('',(-0.838200000001,5.080000000013E-02,-0.4318)
  );
#2727 = VECTOR('',#2728,1.);
#2728 = DIRECTION('',(-1.051851340982E-13,1.,0.));
#2729 = ORIENTED_EDGE('',*,*,#2730,.T.);
#2730 = EDGE_CURVE('',#2723,#2714,#2731,.T.);
#2731 = LINE('',#2732,#2733);
#2732 = CARTESIAN_POINT('',(-2.1082,-2.286,-0.4318));
#2733 = VECTOR('',#2734,1.);
#2734 = DIRECTION('',(1.,0.,0.));
#2735 = PLANE('',#2736);
#2736 = AXIS2_PLACEMENT_3D('',#2737,#2738,#2739);
#2737 = CARTESIAN_POINT('',(-2.1082,5.08E-02,-0.4318));
#2738 = DIRECTION('',(0.,0.,1.));
#2739 = DIRECTION('',(1.,0.,-0.));
#2740 = ADVANCED_FACE('',(#2741),#2766,.T.);
#2741 = FACE_BOUND('',#2742,.T.);
#2742 = EDGE_LOOP('',(#2743,#2751,#2759,#2765));
#2743 = ORIENTED_EDGE('',*,*,#2744,.T.);
#2744 = EDGE_CURVE('',#2652,#2745,#2747,.T.);
#2745 = VERTEX_POINT('',#2746);
#2746 = CARTESIAN_POINT('',(1.701800000001,-2.286,-0.8382));
#2747 = LINE('',#2748,#2749);
#2748 = CARTESIAN_POINT('',(1.701800000001,-2.286,12.7));
#2749 = VECTOR('',#2750,1.);
#2750 = DIRECTION('',(0.,0.,-1.));
#2751 = ORIENTED_EDGE('',*,*,#2752,.T.);
#2752 = EDGE_CURVE('',#2745,#2753,#2755,.T.);
#2753 = VERTEX_POINT('',#2754);
#2754 = CARTESIAN_POINT('',(2.1082,-2.286,-0.8382));
#2755 = LINE('',#2756,#2757);
#2756 = CARTESIAN_POINT('',(-2.1082,-2.286,-0.8382));
#2757 = VECTOR('',#2758,1.);
#2758 = DIRECTION('',(1.,0.,0.));
#2759 = ORIENTED_EDGE('',*,*,#2760,.F.);
#2760 = EDGE_CURVE('',#2660,#2753,#2761,.T.);
#2761 = LINE('',#2762,#2763);
#2762 = CARTESIAN_POINT('',(2.1082,-2.286,-0.4318));
#2763 = VECTOR('',#2764,1.);
#2764 = DIRECTION('',(0.,0.,-1.));
#2765 = ORIENTED_EDGE('',*,*,#2659,.F.);
#2766 = PLANE('',#2767);
#2767 = AXIS2_PLACEMENT_3D('',#2768,#2769,#2770);
#2768 = CARTESIAN_POINT('',(-2.1082,-2.286,-0.4318));
#2769 = DIRECTION('',(0.,-1.,0.));
#2770 = DIRECTION('',(0.,0.,-1.));
#2771 = ADVANCED_FACE('',(#2772),#2797,.T.);
#2772 = FACE_BOUND('',#2773,.T.);
#2773 = EDGE_LOOP('',(#2774,#2782,#2783,#2791));
#2774 = ORIENTED_EDGE('',*,*,#2775,.F.);
#2775 = EDGE_CURVE('',#2683,#2776,#2778,.T.);
#2776 = VERTEX_POINT('',#2777);
#2777 = CARTESIAN_POINT('',(0.8382,-2.286,-0.8382));
#2778 = LINE('',#2779,#2780);
#2779 = CARTESIAN_POINT('',(0.8382,-2.286,12.7));
#2780 = VECTOR('',#2781,1.);
#2781 = DIRECTION('',(0.,0.,-1.));
#2782 = ORIENTED_EDGE('',*,*,#2699,.F.);
#2783 = ORIENTED_EDGE('',*,*,#2784,.T.);
#2784 = EDGE_CURVE('',#2692,#2785,#2787,.T.);
#2785 = VERTEX_POINT('',#2786);
#2786 = CARTESIAN_POINT('',(0.4318,-2.286,-0.8382));
#2787 = LINE('',#2788,#2789);
#2788 = CARTESIAN_POINT('',(0.4318,-2.286,12.7));
#2789 = VECTOR('',#2790,1.);
#2790 = DIRECTION('',(0.,0.,-1.));
#2791 = ORIENTED_EDGE('',*,*,#2792,.T.);
#2792 = EDGE_CURVE('',#2785,#2776,#2793,.T.);
#2793 = LINE('',#2794,#2795);
#2794 = CARTESIAN_POINT('',(-2.1082,-2.286,-0.8382));
#2795 = VECTOR('',#2796,1.);
#2796 = DIRECTION('',(1.,0.,0.));
#2797 = PLANE('',#2798);
#2798 = AXIS2_PLACEMENT_3D('',#2799,#2800,#2801);
#2799 = CARTESIAN_POINT('',(-2.1082,-2.286,-0.4318));
#2800 = DIRECTION('',(0.,-1.,0.));
#2801 = DIRECTION('',(0.,0.,-1.));
#2802 = ADVANCED_FACE('',(#2803),#2828,.T.);
#2803 = FACE_BOUND('',#2804,.T.);
#2804 = EDGE_LOOP('',(#2805,#2813,#2814,#2822));
#2805 = ORIENTED_EDGE('',*,*,#2806,.F.);
#2806 = EDGE_CURVE('',#2714,#2807,#2809,.T.);
#2807 = VERTEX_POINT('',#2808);
#2808 = CARTESIAN_POINT('',(-0.431800000001,-2.286,-0.8382));
#2809 = LINE('',#2810,#2811);
#2810 = CARTESIAN_POINT('',(-0.431800000001,-2.286,12.7));
#2811 = VECTOR('',#2812,1.);
#2812 = DIRECTION('',(0.,0.,-1.));
#2813 = ORIENTED_EDGE('',*,*,#2730,.F.);
#2814 = ORIENTED_EDGE('',*,*,#2815,.T.);
#2815 = EDGE_CURVE('',#2723,#2816,#2818,.T.);
#2816 = VERTEX_POINT('',#2817);
#2817 = CARTESIAN_POINT('',(-0.8382,-2.286,-0.8382));
#2818 = LINE('',#2819,#2820);
#2819 = CARTESIAN_POINT('',(-0.8382,-2.286,12.7));
#2820 = VECTOR('',#2821,1.);
#2821 = DIRECTION('',(0.,0.,-1.));
#2822 = ORIENTED_EDGE('',*,*,#2823,.T.);
#2823 = EDGE_CURVE('',#2816,#2807,#2824,.T.);
#2824 = LINE('',#2825,#2826);
#2825 = CARTESIAN_POINT('',(-2.1082,-2.286,-0.8382));
#2826 = VECTOR('',#2827,1.);
#2827 = DIRECTION('',(1.,0.,0.));
#2828 = PLANE('',#2829);
#2829 = AXIS2_PLACEMENT_3D('',#2830,#2831,#2832);
#2830 = CARTESIAN_POINT('',(-2.1082,-2.286,-0.4318));
#2831 = DIRECTION('',(0.,-1.,0.));
#2832 = DIRECTION('',(0.,0.,-1.));
#2833 = ADVANCED_FACE('',(#2834),#2937,.T.);
#2834 = FACE_BOUND('',#2835,.T.);
#2835 = EDGE_LOOP('',(#2836,#2844,#2845,#2853,#2861,#2869,#2877,#2885,
    #2893,#2899,#2900,#2908,#2916,#2922,#2923,#2931));
#2836 = ORIENTED_EDGE('',*,*,#2837,.F.);
#2837 = EDGE_CURVE('',#2346,#2838,#2840,.T.);
#2838 = VERTEX_POINT('',#2839);
#2839 = CARTESIAN_POINT('',(1.701800000001,0.127,0.8382));
#2840 = LINE('',#2841,#2842);
#2841 = CARTESIAN_POINT('',(1.7018,0.3048,0.8382));
#2842 = VECTOR('',#2843,1.);
#2843 = DIRECTION('',(-1.051402023877E-13,1.,0.));
#2844 = ORIENTED_EDGE('',*,*,#2371,.T.);
#2845 = ORIENTED_EDGE('',*,*,#2846,.F.);
#2846 = EDGE_CURVE('',#2847,#2364,#2849,.T.);
#2847 = VERTEX_POINT('',#2848);
#2848 = CARTESIAN_POINT('',(2.1082,0.3048,0.8382));
#2849 = LINE('',#2850,#2851);
#2850 = CARTESIAN_POINT('',(2.1082,0.3048,0.8382));
#2851 = VECTOR('',#2852,1.);
#2852 = DIRECTION('',(0.,-1.,0.));
#2853 = ORIENTED_EDGE('',*,*,#2854,.F.);
#2854 = EDGE_CURVE('',#2855,#2847,#2857,.T.);
#2855 = VERTEX_POINT('',#2856);
#2856 = CARTESIAN_POINT('',(-2.1082,0.3048,0.8382));
#2857 = LINE('',#2858,#2859);
#2858 = CARTESIAN_POINT('',(-2.1082,0.3048,0.8382));
#2859 = VECTOR('',#2860,1.);
#2860 = DIRECTION('',(1.,0.,0.));
#2861 = ORIENTED_EDGE('',*,*,#2862,.T.);
#2862 = EDGE_CURVE('',#2855,#2863,#2865,.T.);
#2863 = VERTEX_POINT('',#2864);
#2864 = CARTESIAN_POINT('',(-2.1082,-2.286,0.8382));
#2865 = LINE('',#2866,#2867);
#2866 = CARTESIAN_POINT('',(-2.1082,0.3048,0.8382));
#2867 = VECTOR('',#2868,1.);
#2868 = DIRECTION('',(0.,-1.,0.));
#2869 = ORIENTED_EDGE('',*,*,#2870,.T.);
#2870 = EDGE_CURVE('',#2863,#2871,#2873,.T.);
#2871 = VERTEX_POINT('',#2872);
#2872 = CARTESIAN_POINT('',(-1.701800000001,-2.286,0.8382));
#2873 = LINE('',#2874,#2875);
#2874 = CARTESIAN_POINT('',(-2.1082,-2.286,0.8382));
#2875 = VECTOR('',#2876,1.);
#2876 = DIRECTION('',(1.,0.,0.));
#2877 = ORIENTED_EDGE('',*,*,#2878,.F.);
#2878 = EDGE_CURVE('',#2879,#2871,#2881,.T.);
#2879 = VERTEX_POINT('',#2880);
#2880 = CARTESIAN_POINT('',(-1.701800000001,0.127,0.8382));
#2881 = LINE('',#2882,#2883);
#2882 = CARTESIAN_POINT('',(-1.701800000001,0.3048,0.8382));
#2883 = VECTOR('',#2884,1.);
#2884 = DIRECTION('',(0.,-1.,0.));
#2885 = ORIENTED_EDGE('',*,*,#2886,.F.);
#2886 = EDGE_CURVE('',#2887,#2879,#2889,.T.);
#2887 = VERTEX_POINT('',#2888);
#2888 = CARTESIAN_POINT('',(-0.838200000001,0.127,0.8382));
#2889 = LINE('',#2890,#2891);
#2890 = CARTESIAN_POINT('',(-2.1082,0.127,0.8382));
#2891 = VECTOR('',#2892,1.);
#2892 = DIRECTION('',(-1.,1.255444850029E-16,0.));
#2893 = ORIENTED_EDGE('',*,*,#2894,.F.);
#2894 = EDGE_CURVE('',#2436,#2887,#2895,.T.);
#2895 = LINE('',#2896,#2897);
#2896 = CARTESIAN_POINT('',(-0.838200000001,0.3048,0.8382));
#2897 = VECTOR('',#2898,1.);
#2898 = DIRECTION('',(-1.051851340982E-13,1.,0.));
#2899 = ORIENTED_EDGE('',*,*,#2435,.T.);
#2900 = ORIENTED_EDGE('',*,*,#2901,.F.);
#2901 = EDGE_CURVE('',#2902,#2426,#2904,.T.);
#2902 = VERTEX_POINT('',#2903);
#2903 = CARTESIAN_POINT('',(-0.431800000001,0.127,0.8382));
#2904 = LINE('',#2905,#2906);
#2905 = CARTESIAN_POINT('',(-0.4318,0.3048,0.8382));
#2906 = VECTOR('',#2907,1.);
#2907 = DIRECTION('',(-1.054547243607E-13,-1.,0.));
#2908 = ORIENTED_EDGE('',*,*,#2909,.F.);
#2909 = EDGE_CURVE('',#2910,#2902,#2912,.T.);
#2910 = VERTEX_POINT('',#2911);
#2911 = CARTESIAN_POINT('',(0.4318,0.127,0.8382));
#2912 = LINE('',#2913,#2914);
#2913 = CARTESIAN_POINT('',(-2.1082,0.127,0.8382));
#2914 = VECTOR('',#2915,1.);
#2915 = DIRECTION('',(-1.,1.255444850029E-16,0.));
#2916 = ORIENTED_EDGE('',*,*,#2917,.F.);
#2917 = EDGE_CURVE('',#2396,#2910,#2918,.T.);
#2918 = LINE('',#2919,#2920);
#2919 = CARTESIAN_POINT('',(0.4318,0.3048,0.8382));
#2920 = VECTOR('',#2921,1.);
#2921 = DIRECTION('',(-1.051851340982E-13,1.,0.));
#2922 = ORIENTED_EDGE('',*,*,#2395,.T.);
#2923 = ORIENTED_EDGE('',*,*,#2924,.F.);
#2924 = EDGE_CURVE('',#2925,#2386,#2927,.T.);
#2925 = VERTEX_POINT('',#2926);
#2926 = CARTESIAN_POINT('',(0.8382,0.127,0.8382));
#2927 = LINE('',#2928,#2929);
#2928 = CARTESIAN_POINT('',(0.8382,0.3048,0.8382));
#2929 = VECTOR('',#2930,1.);
#2930 = DIRECTION('',(-1.054996560711E-13,-1.,0.));
#2931 = ORIENTED_EDGE('',*,*,#2932,.F.);
#2932 = EDGE_CURVE('',#2838,#2925,#2933,.T.);
#2933 = LINE('',#2934,#2935);
#2934 = CARTESIAN_POINT('',(-2.1082,0.127,0.8382));
#2935 = VECTOR('',#2936,1.);
#2936 = DIRECTION('',(-1.,1.255444850029E-16,0.));
#2937 = PLANE('',#2938);
#2938 = AXIS2_PLACEMENT_3D('',#2939,#2940,#2941);
#2939 = CARTESIAN_POINT('',(-2.1082,0.3048,0.8382));
#2940 = DIRECTION('',(0.,0.,1.));
#2941 = DIRECTION('',(1.,0.,-0.));
#2942 = ADVANCED_FACE('',(#2943),#2968,.T.);
#2943 = FACE_BOUND('',#2944,.T.);
#2944 = EDGE_LOOP('',(#2945,#2953,#2954,#2962));
#2945 = ORIENTED_EDGE('',*,*,#2946,.F.);
#2946 = EDGE_CURVE('',#2871,#2947,#2949,.T.);
#2947 = VERTEX_POINT('',#2948);
#2948 = CARTESIAN_POINT('',(-1.701800000001,-2.286,0.4318));
#2949 = LINE('',#2950,#2951);
#2950 = CARTESIAN_POINT('',(-1.701800000001,-2.286,12.7));
#2951 = VECTOR('',#2952,1.);
#2952 = DIRECTION('',(0.,0.,-1.));
#2953 = ORIENTED_EDGE('',*,*,#2870,.F.);
#2954 = ORIENTED_EDGE('',*,*,#2955,.T.);
#2955 = EDGE_CURVE('',#2863,#2956,#2958,.T.);
#2956 = VERTEX_POINT('',#2957);
#2957 = CARTESIAN_POINT('',(-2.1082,-2.286,0.4318));
#2958 = LINE('',#2959,#2960);
#2959 = CARTESIAN_POINT('',(-2.1082,-2.286,0.8382));
#2960 = VECTOR('',#2961,1.);
#2961 = DIRECTION('',(0.,0.,-1.));
#2962 = ORIENTED_EDGE('',*,*,#2963,.T.);
#2963 = EDGE_CURVE('',#2956,#2947,#2964,.T.);
#2964 = LINE('',#2965,#2966);
#2965 = CARTESIAN_POINT('',(-2.1082,-2.286,0.4318));
#2966 = VECTOR('',#2967,1.);
#2967 = DIRECTION('',(1.,0.,0.));
#2968 = PLANE('',#2969);
#2969 = AXIS2_PLACEMENT_3D('',#2970,#2971,#2972);
#2970 = CARTESIAN_POINT('',(-2.1082,-2.286,0.8382));
#2971 = DIRECTION('',(0.,-1.,0.));
#2972 = DIRECTION('',(0.,0.,-1.));
#2973 = ADVANCED_FACE('',(#2974),#2999,.T.);
#2974 = FACE_BOUND('',#2975,.T.);
#2975 = EDGE_LOOP('',(#2976,#2984,#2985,#2993));
#2976 = ORIENTED_EDGE('',*,*,#2977,.F.);
#2977 = EDGE_CURVE('',#2947,#2978,#2980,.T.);
#2978 = VERTEX_POINT('',#2979);
#2979 = CARTESIAN_POINT('',(-1.701800000001,5.08E-02,0.4318));
#2980 = LINE('',#2981,#2982);
#2981 = CARTESIAN_POINT('',(-1.701800000001,-2.286,0.4318));
#2982 = VECTOR('',#2983,1.);
#2983 = DIRECTION('',(0.,1.,0.));
#2984 = ORIENTED_EDGE('',*,*,#2963,.F.);
#2985 = ORIENTED_EDGE('',*,*,#2986,.T.);
#2986 = EDGE_CURVE('',#2956,#2987,#2989,.T.);
#2987 = VERTEX_POINT('',#2988);
#2988 = CARTESIAN_POINT('',(-2.1082,5.08E-02,0.4318));
#2989 = LINE('',#2990,#2991);
#2990 = CARTESIAN_POINT('',(-2.1082,-2.286,0.4318));
#2991 = VECTOR('',#2992,1.);
#2992 = DIRECTION('',(0.,1.,0.));
#2993 = ORIENTED_EDGE('',*,*,#2994,.T.);
#2994 = EDGE_CURVE('',#2987,#2978,#2995,.T.);
#2995 = LINE('',#2996,#2997);
#2996 = CARTESIAN_POINT('',(-2.1082,5.08E-02,0.4318));
#2997 = VECTOR('',#2998,1.);
#2998 = DIRECTION('',(1.,0.,0.));
#2999 = PLANE('',#3000);
#3000 = AXIS2_PLACEMENT_3D('',#3001,#3002,#3003);
#3001 = CARTESIAN_POINT('',(-2.1082,-2.286,0.4318));
#3002 = DIRECTION('',(0.,0.,-1.));
#3003 = DIRECTION('',(-1.,0.,0.));
#3004 = ADVANCED_FACE('',(#3005),#3030,.T.);
#3005 = FACE_BOUND('',#3006,.T.);
#3006 = EDGE_LOOP('',(#3007,#3015,#3016,#3024));
#3007 = ORIENTED_EDGE('',*,*,#3008,.F.);
#3008 = EDGE_CURVE('',#2978,#3009,#3011,.T.);
#3009 = VERTEX_POINT('',#3010);
#3010 = CARTESIAN_POINT('',(-1.701800000001,5.08E-02,-0.4318));
#3011 = LINE('',#3012,#3013);
#3012 = CARTESIAN_POINT('',(-1.701800000001,5.08E-02,0.4318));
#3013 = VECTOR('',#3014,1.);
#3014 = DIRECTION('',(0.,0.,-1.));
#3015 = ORIENTED_EDGE('',*,*,#2994,.F.);
#3016 = ORIENTED_EDGE('',*,*,#3017,.T.);
#3017 = EDGE_CURVE('',#2987,#3018,#3020,.T.);
#3018 = VERTEX_POINT('',#3019);
#3019 = CARTESIAN_POINT('',(-2.1082,5.08E-02,-0.4318));
#3020 = LINE('',#3021,#3022);
#3021 = CARTESIAN_POINT('',(-2.1082,5.08E-02,0.4318));
#3022 = VECTOR('',#3023,1.);
#3023 = DIRECTION('',(0.,0.,-1.));
#3024 = ORIENTED_EDGE('',*,*,#3025,.T.);
#3025 = EDGE_CURVE('',#3018,#3009,#3026,.T.);
#3026 = LINE('',#3027,#3028);
#3027 = CARTESIAN_POINT('',(-2.1082,5.08E-02,-0.4318));
#3028 = VECTOR('',#3029,1.);
#3029 = DIRECTION('',(1.,0.,0.));
#3030 = PLANE('',#3031);
#3031 = AXIS2_PLACEMENT_3D('',#3032,#3033,#3034);
#3032 = CARTESIAN_POINT('',(-2.1082,5.08E-02,0.4318));
#3033 = DIRECTION('',(0.,-1.,0.));
#3034 = DIRECTION('',(0.,0.,-1.));
#3035 = ADVANCED_FACE('',(#3036),#3061,.T.);
#3036 = FACE_BOUND('',#3037,.T.);
#3037 = EDGE_LOOP('',(#3038,#3046,#3047,#3055));
#3038 = ORIENTED_EDGE('',*,*,#3039,.F.);
#3039 = EDGE_CURVE('',#3009,#3040,#3042,.T.);
#3040 = VERTEX_POINT('',#3041);
#3041 = CARTESIAN_POINT('',(-1.701800000001,-2.286,-0.4318));
#3042 = LINE('',#3043,#3044);
#3043 = CARTESIAN_POINT('',(-1.701800000001,5.08E-02,-0.4318));
#3044 = VECTOR('',#3045,1.);
#3045 = DIRECTION('',(0.,-1.,0.));
#3046 = ORIENTED_EDGE('',*,*,#3025,.F.);
#3047 = ORIENTED_EDGE('',*,*,#3048,.T.);
#3048 = EDGE_CURVE('',#3018,#3049,#3051,.T.);
#3049 = VERTEX_POINT('',#3050);
#3050 = CARTESIAN_POINT('',(-2.1082,-2.286,-0.4318));
#3051 = LINE('',#3052,#3053);
#3052 = CARTESIAN_POINT('',(-2.1082,5.08E-02,-0.4318));
#3053 = VECTOR('',#3054,1.);
#3054 = DIRECTION('',(0.,-1.,0.));
#3055 = ORIENTED_EDGE('',*,*,#3056,.T.);
#3056 = EDGE_CURVE('',#3049,#3040,#3057,.T.);
#3057 = LINE('',#3058,#3059);
#3058 = CARTESIAN_POINT('',(-2.1082,-2.286,-0.4318));
#3059 = VECTOR('',#3060,1.);
#3060 = DIRECTION('',(1.,0.,0.));
#3061 = PLANE('',#3062);
#3062 = AXIS2_PLACEMENT_3D('',#3063,#3064,#3065);
#3063 = CARTESIAN_POINT('',(-2.1082,5.08E-02,-0.4318));
#3064 = DIRECTION('',(0.,0.,1.));
#3065 = DIRECTION('',(1.,0.,-0.));
#3066 = ADVANCED_FACE('',(#3067),#3092,.T.);
#3067 = FACE_BOUND('',#3068,.T.);
#3068 = EDGE_LOOP('',(#3069,#3077,#3078,#3086));
#3069 = ORIENTED_EDGE('',*,*,#3070,.F.);
#3070 = EDGE_CURVE('',#3040,#3071,#3073,.T.);
#3071 = VERTEX_POINT('',#3072);
#3072 = CARTESIAN_POINT('',(-1.701800000001,-2.286,-0.8382));
#3073 = LINE('',#3074,#3075);
#3074 = CARTESIAN_POINT('',(-1.701800000001,-2.286,12.7));
#3075 = VECTOR('',#3076,1.);
#3076 = DIRECTION('',(0.,0.,-1.));
#3077 = ORIENTED_EDGE('',*,*,#3056,.F.);
#3078 = ORIENTED_EDGE('',*,*,#3079,.T.);
#3079 = EDGE_CURVE('',#3049,#3080,#3082,.T.);
#3080 = VERTEX_POINT('',#3081);
#3081 = CARTESIAN_POINT('',(-2.1082,-2.286,-0.8382));
#3082 = LINE('',#3083,#3084);
#3083 = CARTESIAN_POINT('',(-2.1082,-2.286,-0.4318));
#3084 = VECTOR('',#3085,1.);
#3085 = DIRECTION('',(0.,0.,-1.));
#3086 = ORIENTED_EDGE('',*,*,#3087,.T.);
#3087 = EDGE_CURVE('',#3080,#3071,#3088,.T.);
#3088 = LINE('',#3089,#3090);
#3089 = CARTESIAN_POINT('',(-2.1082,-2.286,-0.8382));
#3090 = VECTOR('',#3091,1.);
#3091 = DIRECTION('',(1.,0.,0.));
#3092 = PLANE('',#3093);
#3093 = AXIS2_PLACEMENT_3D('',#3094,#3095,#3096);
#3094 = CARTESIAN_POINT('',(-2.1082,-2.286,-0.4318));
#3095 = DIRECTION('',(0.,-1.,0.));
#3096 = DIRECTION('',(0.,0.,-1.));
#3097 = ADVANCED_FACE('',(#3098),#3192,.T.);
#3098 = FACE_BOUND('',#3099,.T.);
#3099 = EDGE_LOOP('',(#3100,#3108,#3116,#3122,#3123,#3131,#3139,#3145,
    #3146,#3154,#3162,#3168,#3169,#3177,#3185,#3191));
#3100 = ORIENTED_EDGE('',*,*,#3101,.F.);
#3101 = EDGE_CURVE('',#3102,#2745,#3104,.T.);
#3102 = VERTEX_POINT('',#3103);
#3103 = CARTESIAN_POINT('',(1.701800000001,0.127,-0.8382));
#3104 = LINE('',#3105,#3106);
#3105 = CARTESIAN_POINT('',(1.701800000001,-2.286,-0.8382));
#3106 = VECTOR('',#3107,1.);
#3107 = DIRECTION('',(1.051402023877E-13,-1.,0.));
#3108 = ORIENTED_EDGE('',*,*,#3109,.F.);
#3109 = EDGE_CURVE('',#3110,#3102,#3112,.T.);
#3110 = VERTEX_POINT('',#3111);
#3111 = CARTESIAN_POINT('',(0.8382,0.127,-0.8382));
#3112 = LINE('',#3113,#3114);
#3113 = CARTESIAN_POINT('',(-2.1082,0.127,-0.8382));
#3114 = VECTOR('',#3115,1.);
#3115 = DIRECTION('',(1.,-1.255444850029E-16,0.));
#3116 = ORIENTED_EDGE('',*,*,#3117,.F.);
#3117 = EDGE_CURVE('',#2776,#3110,#3118,.T.);
#3118 = LINE('',#3119,#3120);
#3119 = CARTESIAN_POINT('',(0.8382,-2.286,-0.8382));
#3120 = VECTOR('',#3121,1.);
#3121 = DIRECTION('',(1.054996560711E-13,1.,0.));
#3122 = ORIENTED_EDGE('',*,*,#2792,.F.);
#3123 = ORIENTED_EDGE('',*,*,#3124,.F.);
#3124 = EDGE_CURVE('',#3125,#2785,#3127,.T.);
#3125 = VERTEX_POINT('',#3126);
#3126 = CARTESIAN_POINT('',(0.4318,0.127,-0.8382));
#3127 = LINE('',#3128,#3129);
#3128 = CARTESIAN_POINT('',(0.4318,-2.286,-0.8382));
#3129 = VECTOR('',#3130,1.);
#3130 = DIRECTION('',(1.051851340982E-13,-1.,0.));
#3131 = ORIENTED_EDGE('',*,*,#3132,.F.);
#3132 = EDGE_CURVE('',#3133,#3125,#3135,.T.);
#3133 = VERTEX_POINT('',#3134);
#3134 = CARTESIAN_POINT('',(-0.431800000001,0.127,-0.8382));
#3135 = LINE('',#3136,#3137);
#3136 = CARTESIAN_POINT('',(-2.1082,0.127,-0.8382));
#3137 = VECTOR('',#3138,1.);
#3138 = DIRECTION('',(1.,-1.255444850029E-16,0.));
#3139 = ORIENTED_EDGE('',*,*,#3140,.F.);
#3140 = EDGE_CURVE('',#2807,#3133,#3141,.T.);
#3141 = LINE('',#3142,#3143);
#3142 = CARTESIAN_POINT('',(-0.431800000001,-2.286,-0.8382));
#3143 = VECTOR('',#3144,1.);
#3144 = DIRECTION('',(1.054547243607E-13,1.,0.));
#3145 = ORIENTED_EDGE('',*,*,#2823,.F.);
#3146 = ORIENTED_EDGE('',*,*,#3147,.F.);
#3147 = EDGE_CURVE('',#3148,#2816,#3150,.T.);
#3148 = VERTEX_POINT('',#3149);
#3149 = CARTESIAN_POINT('',(-0.838200000001,0.127,-0.8382));
#3150 = LINE('',#3151,#3152);
#3151 = CARTESIAN_POINT('',(-0.8382,-2.286,-0.8382));
#3152 = VECTOR('',#3153,1.);
#3153 = DIRECTION('',(1.051851340982E-13,-1.,0.));
#3154 = ORIENTED_EDGE('',*,*,#3155,.F.);
#3155 = EDGE_CURVE('',#3156,#3148,#3158,.T.);
#3156 = VERTEX_POINT('',#3157);
#3157 = CARTESIAN_POINT('',(-1.701800000001,0.127,-0.8382));
#3158 = LINE('',#3159,#3160);
#3159 = CARTESIAN_POINT('',(-2.1082,0.127,-0.8382));
#3160 = VECTOR('',#3161,1.);
#3161 = DIRECTION('',(1.,-1.255444850029E-16,0.));
#3162 = ORIENTED_EDGE('',*,*,#3163,.F.);
#3163 = EDGE_CURVE('',#3071,#3156,#3164,.T.);
#3164 = LINE('',#3165,#3166);
#3165 = CARTESIAN_POINT('',(-1.701800000001,-2.286,-0.8382));
#3166 = VECTOR('',#3167,1.);
#3167 = DIRECTION('',(0.,1.,0.));
#3168 = ORIENTED_EDGE('',*,*,#3087,.F.);
#3169 = ORIENTED_EDGE('',*,*,#3170,.T.);
#3170 = EDGE_CURVE('',#3080,#3171,#3173,.T.);
#3171 = VERTEX_POINT('',#3172);
#3172 = CARTESIAN_POINT('',(-2.1082,0.3048,-0.8382));
#3173 = LINE('',#3174,#3175);
#3174 = CARTESIAN_POINT('',(-2.1082,-2.286,-0.8382));
#3175 = VECTOR('',#3176,1.);
#3176 = DIRECTION('',(0.,1.,0.));
#3177 = ORIENTED_EDGE('',*,*,#3178,.T.);
#3178 = EDGE_CURVE('',#3171,#3179,#3181,.T.);
#3179 = VERTEX_POINT('',#3180);
#3180 = CARTESIAN_POINT('',(2.1082,0.3048,-0.8382));
#3181 = LINE('',#3182,#3183);
#3182 = CARTESIAN_POINT('',(-2.1082,0.3048,-0.8382));
#3183 = VECTOR('',#3184,1.);
#3184 = DIRECTION('',(1.,0.,0.));
#3185 = ORIENTED_EDGE('',*,*,#3186,.F.);
#3186 = EDGE_CURVE('',#2753,#3179,#3187,.T.);
#3187 = LINE('',#3188,#3189);
#3188 = CARTESIAN_POINT('',(2.1082,-2.286,-0.8382));
#3189 = VECTOR('',#3190,1.);
#3190 = DIRECTION('',(0.,1.,0.));
#3191 = ORIENTED_EDGE('',*,*,#2752,.F.);
#3192 = PLANE('',#3193);
#3193 = AXIS2_PLACEMENT_3D('',#3194,#3195,#3196);
#3194 = CARTESIAN_POINT('',(-2.1082,-2.286,-0.8382));
#3195 = DIRECTION('',(0.,0.,-1.));
#3196 = DIRECTION('',(-1.,0.,0.));
#3197 = ADVANCED_FACE('',(#3198),#3214,.T.);
#3198 = FACE_BOUND('',#3199,.T.);
#3199 = EDGE_LOOP('',(#3200,#3206,#3207,#3213));
#3200 = ORIENTED_EDGE('',*,*,#3201,.F.);
#3201 = EDGE_CURVE('',#3179,#2847,#3202,.T.);
#3202 = LINE('',#3203,#3204);
#3203 = CARTESIAN_POINT('',(2.1082,0.3048,-0.8382));
#3204 = VECTOR('',#3205,1.);
#3205 = DIRECTION('',(0.,3.233721583409E-17,1.));
#3206 = ORIENTED_EDGE('',*,*,#3178,.F.);
#3207 = ORIENTED_EDGE('',*,*,#3208,.T.);
#3208 = EDGE_CURVE('',#3171,#2855,#3209,.T.);
#3209 = LINE('',#3210,#3211);
#3210 = CARTESIAN_POINT('',(-2.1082,0.3048,-0.8382));
#3211 = VECTOR('',#3212,1.);
#3212 = DIRECTION('',(0.,3.233721583409E-17,1.));
#3213 = ORIENTED_EDGE('',*,*,#2854,.T.);
#3214 = PLANE('',#3215);
#3215 = AXIS2_PLACEMENT_3D('',#3216,#3217,#3218);
#3216 = CARTESIAN_POINT('',(-2.1082,0.3048,-0.8382));
#3217 = DIRECTION('',(0.,1.,-3.233721583409E-17));
#3218 = DIRECTION('',(0.,3.233721583409E-17,1.));
#3219 = ADVANCED_FACE('',(#3220),#3230,.F.);
#3220 = FACE_BOUND('',#3221,.T.);
#3221 = EDGE_LOOP('',(#3222,#3223,#3224,#3225,#3226,#3227,#3228,#3229));
#3222 = ORIENTED_EDGE('',*,*,#3208,.F.);
#3223 = ORIENTED_EDGE('',*,*,#3170,.F.);
#3224 = ORIENTED_EDGE('',*,*,#3079,.F.);
#3225 = ORIENTED_EDGE('',*,*,#3048,.F.);
#3226 = ORIENTED_EDGE('',*,*,#3017,.F.);
#3227 = ORIENTED_EDGE('',*,*,#2986,.F.);
#3228 = ORIENTED_EDGE('',*,*,#2955,.F.);
#3229 = ORIENTED_EDGE('',*,*,#2862,.F.);
#3230 = PLANE('',#3231);
#3231 = AXIS2_PLACEMENT_3D('',#3232,#3233,#3234);
#3232 = CARTESIAN_POINT('',(-2.1082,0.,0.));
#3233 = DIRECTION('',(1.,0.,0.));
#3234 = DIRECTION('',(0.,0.,-1.));
#3235 = ADVANCED_FACE('',(#3236),#3246,.T.);
#3236 = FACE_BOUND('',#3237,.T.);
#3237 = EDGE_LOOP('',(#3238,#3239,#3240,#3241,#3242,#3243,#3244,#3245));
#3238 = ORIENTED_EDGE('',*,*,#2846,.T.);
#3239 = ORIENTED_EDGE('',*,*,#2363,.T.);
#3240 = ORIENTED_EDGE('',*,*,#2481,.T.);
#3241 = ORIENTED_EDGE('',*,*,#2574,.T.);
#3242 = ORIENTED_EDGE('',*,*,#2667,.T.);
#3243 = ORIENTED_EDGE('',*,*,#2760,.T.);
#3244 = ORIENTED_EDGE('',*,*,#3186,.T.);
#3245 = ORIENTED_EDGE('',*,*,#3201,.T.);
#3246 = PLANE('',#3247);
#3247 = AXIS2_PLACEMENT_3D('',#3248,#3249,#3250);
#3248 = CARTESIAN_POINT('',(2.1082,0.,0.));
#3249 = DIRECTION('',(1.,0.,0.));
#3250 = DIRECTION('',(0.,0.,-1.));
#3251 = ADVANCED_FACE('',(#3252),#3267,.F.);
#3252 = FACE_BOUND('',#3253,.T.);
#3253 = EDGE_LOOP('',(#3254,#3255,#3256,#3257,#3258,#3259,#3260,#3261));
#3254 = ORIENTED_EDGE('',*,*,#2878,.T.);
#3255 = ORIENTED_EDGE('',*,*,#2946,.T.);
#3256 = ORIENTED_EDGE('',*,*,#2977,.T.);
#3257 = ORIENTED_EDGE('',*,*,#3008,.T.);
#3258 = ORIENTED_EDGE('',*,*,#3039,.T.);
#3259 = ORIENTED_EDGE('',*,*,#3070,.T.);
#3260 = ORIENTED_EDGE('',*,*,#3163,.T.);
#3261 = ORIENTED_EDGE('',*,*,#3262,.F.);
#3262 = EDGE_CURVE('',#2879,#3156,#3263,.T.);
#3263 = LINE('',#3264,#3265);
#3264 = CARTESIAN_POINT('',(-1.701800000001,0.127,12.7));
#3265 = VECTOR('',#3266,1.);
#3266 = DIRECTION('',(0.,0.,-1.));
#3267 = PLANE('',#3268);
#3268 = AXIS2_PLACEMENT_3D('',#3269,#3270,#3271);
#3269 = CARTESIAN_POINT('',(-1.701800000001,-2.286,12.7));
#3270 = DIRECTION('',(-1.,0.,0.));
#3271 = DIRECTION('',(0.,0.,1.));
#3272 = ADVANCED_FACE('',(#3273),#3284,.F.);
#3273 = FACE_BOUND('',#3274,.T.);
#3274 = EDGE_LOOP('',(#3275,#3276,#3277,#3278));
#3275 = ORIENTED_EDGE('',*,*,#2886,.T.);
#3276 = ORIENTED_EDGE('',*,*,#3262,.T.);
#3277 = ORIENTED_EDGE('',*,*,#3155,.T.);
#3278 = ORIENTED_EDGE('',*,*,#3279,.F.);
#3279 = EDGE_CURVE('',#2887,#3148,#3280,.T.);
#3280 = LINE('',#3281,#3282);
#3281 = CARTESIAN_POINT('',(-0.838200000001,0.127,12.7));
#3282 = VECTOR('',#3283,1.);
#3283 = DIRECTION('',(0.,0.,-1.));
#3284 = PLANE('',#3285);
#3285 = AXIS2_PLACEMENT_3D('',#3286,#3287,#3288);
#3286 = CARTESIAN_POINT('',(-1.701800000001,0.127,12.7));
#3287 = DIRECTION('',(1.255444850029E-16,1.,0.));
#3288 = DIRECTION('',(-1.,1.255444850029E-16,0.));
#3289 = ADVANCED_FACE('',(#3290),#3300,.F.);
#3290 = FACE_BOUND('',#3291,.T.);
#3291 = EDGE_LOOP('',(#3292,#3293,#3294,#3295,#3296,#3297,#3298,#3299));
#3292 = ORIENTED_EDGE('',*,*,#2894,.T.);
#3293 = ORIENTED_EDGE('',*,*,#3279,.T.);
#3294 = ORIENTED_EDGE('',*,*,#3147,.T.);
#3295 = ORIENTED_EDGE('',*,*,#2815,.F.);
#3296 = ORIENTED_EDGE('',*,*,#2722,.T.);
#3297 = ORIENTED_EDGE('',*,*,#2629,.T.);
#3298 = ORIENTED_EDGE('',*,*,#2536,.T.);
#3299 = ORIENTED_EDGE('',*,*,#2443,.F.);
#3300 = PLANE('',#3301);
#3301 = AXIS2_PLACEMENT_3D('',#3302,#3303,#3304);
#3302 = CARTESIAN_POINT('',(-0.838200000001,0.127,12.7));
#3303 = DIRECTION('',(1.,1.051851340982E-13,0.));
#3304 = DIRECTION('',(-1.051851340982E-13,1.,0.));
#3305 = ADVANCED_FACE('',(#3306),#3321,.F.);
#3306 = FACE_BOUND('',#3307,.T.);
#3307 = EDGE_LOOP('',(#3308,#3309,#3310,#3311,#3312,#3313,#3314,#3315));
#3308 = ORIENTED_EDGE('',*,*,#2901,.T.);
#3309 = ORIENTED_EDGE('',*,*,#2425,.T.);
#3310 = ORIENTED_EDGE('',*,*,#2527,.T.);
#3311 = ORIENTED_EDGE('',*,*,#2620,.T.);
#3312 = ORIENTED_EDGE('',*,*,#2713,.T.);
#3313 = ORIENTED_EDGE('',*,*,#2806,.T.);
#3314 = ORIENTED_EDGE('',*,*,#3140,.T.);
#3315 = ORIENTED_EDGE('',*,*,#3316,.F.);
#3316 = EDGE_CURVE('',#2902,#3133,#3317,.T.);
#3317 = LINE('',#3318,#3319);
#3318 = CARTESIAN_POINT('',(-0.431800000001,0.127,12.7));
#3319 = VECTOR('',#3320,1.);
#3320 = DIRECTION('',(0.,0.,-1.));
#3321 = PLANE('',#3322);
#3322 = AXIS2_PLACEMENT_3D('',#3323,#3324,#3325);
#3323 = CARTESIAN_POINT('',(-0.431800000001,-2.286,12.7));
#3324 = DIRECTION('',(-1.,1.054547243607E-13,0.));
#3325 = DIRECTION('',(-1.054547243607E-13,-1.,0.));
#3326 = ADVANCED_FACE('',(#3327),#3338,.F.);
#3327 = FACE_BOUND('',#3328,.T.);
#3328 = EDGE_LOOP('',(#3329,#3330,#3331,#3332));
#3329 = ORIENTED_EDGE('',*,*,#2909,.T.);
#3330 = ORIENTED_EDGE('',*,*,#3316,.T.);
#3331 = ORIENTED_EDGE('',*,*,#3132,.T.);
#3332 = ORIENTED_EDGE('',*,*,#3333,.F.);
#3333 = EDGE_CURVE('',#2910,#3125,#3334,.T.);
#3334 = LINE('',#3335,#3336);
#3335 = CARTESIAN_POINT('',(0.4318,0.127,12.7));
#3336 = VECTOR('',#3337,1.);
#3337 = DIRECTION('',(0.,0.,-1.));
#3338 = PLANE('',#3339);
#3339 = AXIS2_PLACEMENT_3D('',#3340,#3341,#3342);
#3340 = CARTESIAN_POINT('',(-0.431800000001,0.127,12.7));
#3341 = DIRECTION('',(1.255444850029E-16,1.,0.));
#3342 = DIRECTION('',(-1.,1.255444850029E-16,0.));
#3343 = ADVANCED_FACE('',(#3344),#3354,.F.);
#3344 = FACE_BOUND('',#3345,.T.);
#3345 = EDGE_LOOP('',(#3346,#3347,#3348,#3349,#3350,#3351,#3352,#3353));
#3346 = ORIENTED_EDGE('',*,*,#2917,.T.);
#3347 = ORIENTED_EDGE('',*,*,#3333,.T.);
#3348 = ORIENTED_EDGE('',*,*,#3124,.T.);
#3349 = ORIENTED_EDGE('',*,*,#2784,.F.);
#3350 = ORIENTED_EDGE('',*,*,#2691,.T.);
#3351 = ORIENTED_EDGE('',*,*,#2598,.T.);
#3352 = ORIENTED_EDGE('',*,*,#2505,.T.);
#3353 = ORIENTED_EDGE('',*,*,#2403,.F.);
#3354 = PLANE('',#3355);
#3355 = AXIS2_PLACEMENT_3D('',#3356,#3357,#3358);
#3356 = CARTESIAN_POINT('',(0.4318,0.127,12.7));
#3357 = DIRECTION('',(1.,1.051851340982E-13,0.));
#3358 = DIRECTION('',(-1.051851340982E-13,1.,0.));
#3359 = ADVANCED_FACE('',(#3360),#3375,.F.);
#3360 = FACE_BOUND('',#3361,.T.);
#3361 = EDGE_LOOP('',(#3362,#3363,#3369,#3370,#3371,#3372,#3373,#3374));
#3362 = ORIENTED_EDGE('',*,*,#2837,.T.);
#3363 = ORIENTED_EDGE('',*,*,#3364,.T.);
#3364 = EDGE_CURVE('',#2838,#3102,#3365,.T.);
#3365 = LINE('',#3366,#3367);
#3366 = CARTESIAN_POINT('',(1.701800000001,0.127,12.7));
#3367 = VECTOR('',#3368,1.);
#3368 = DIRECTION('',(0.,0.,-1.));
#3369 = ORIENTED_EDGE('',*,*,#3101,.T.);
#3370 = ORIENTED_EDGE('',*,*,#2744,.F.);
#3371 = ORIENTED_EDGE('',*,*,#2651,.T.);
#3372 = ORIENTED_EDGE('',*,*,#2558,.T.);
#3373 = ORIENTED_EDGE('',*,*,#2465,.T.);
#3374 = ORIENTED_EDGE('',*,*,#2345,.F.);
#3375 = PLANE('',#3376);
#3376 = AXIS2_PLACEMENT_3D('',#3377,#3378,#3379);
#3377 = CARTESIAN_POINT('',(1.701800000001,0.127,12.7));
#3378 = DIRECTION('',(1.,1.051402023877E-13,0.));
#3379 = DIRECTION('',(-1.051402023877E-13,1.,0.));
#3380 = ADVANCED_FACE('',(#3381),#3392,.F.);
#3381 = FACE_BOUND('',#3382,.T.);
#3382 = EDGE_LOOP('',(#3383,#3384,#3390,#3391));
#3383 = ORIENTED_EDGE('',*,*,#2932,.T.);
#3384 = ORIENTED_EDGE('',*,*,#3385,.T.);
#3385 = EDGE_CURVE('',#2925,#3110,#3386,.T.);
#3386 = LINE('',#3387,#3388);
#3387 = CARTESIAN_POINT('',(0.8382,0.127,12.7));
#3388 = VECTOR('',#3389,1.);
#3389 = DIRECTION('',(0.,0.,-1.));
#3390 = ORIENTED_EDGE('',*,*,#3109,.T.);
#3391 = ORIENTED_EDGE('',*,*,#3364,.F.);
#3392 = PLANE('',#3393);
#3393 = AXIS2_PLACEMENT_3D('',#3394,#3395,#3396);
#3394 = CARTESIAN_POINT('',(0.8382,0.127,12.7));
#3395 = DIRECTION('',(1.255444850029E-16,1.,0.));
#3396 = DIRECTION('',(-1.,1.255444850029E-16,0.));
#3397 = ADVANCED_FACE('',(#3398),#3408,.F.);
#3398 = FACE_BOUND('',#3399,.T.);
#3399 = EDGE_LOOP('',(#3400,#3401,#3402,#3403,#3404,#3405,#3406,#3407));
#3400 = ORIENTED_EDGE('',*,*,#2924,.T.);
#3401 = ORIENTED_EDGE('',*,*,#2385,.T.);
#3402 = ORIENTED_EDGE('',*,*,#2496,.T.);
#3403 = ORIENTED_EDGE('',*,*,#2589,.T.);
#3404 = ORIENTED_EDGE('',*,*,#2682,.T.);
#3405 = ORIENTED_EDGE('',*,*,#2775,.T.);
#3406 = ORIENTED_EDGE('',*,*,#3117,.T.);
#3407 = ORIENTED_EDGE('',*,*,#3385,.F.);
#3408 = PLANE('',#3409);
#3409 = AXIS2_PLACEMENT_3D('',#3410,#3411,#3412);
#3410 = CARTESIAN_POINT('',(0.8382,-2.286,12.7));
#3411 = DIRECTION('',(-1.,1.054996560711E-13,0.));
#3412 = DIRECTION('',(-1.054996560711E-13,-1.,0.));
#3413 = ( GEOMETRIC_REPRESENTATION_CONTEXT(3) 
GLOBAL_UNCERTAINTY_ASSIGNED_CONTEXT((#3417)) 
GLOBAL_UNIT_ASSIGNED_CONTEXT((#3414,#3415,#3416)) REPRESENTATION_CONTEXT
('Context #1','3D Context with UNIT and UNCERTAINTY') );
#3414 = ( LENGTH_UNIT() NAMED_UNIT(*) SI_UNIT(.MILLI.,.METRE.) );
#3415 = ( NAMED_UNIT(*) PLANE_ANGLE_UNIT() SI_UNIT($,.RADIAN.) );
#3416 = ( NAMED_UNIT(*) SI_UNIT($,.STERADIAN.) SOLID_ANGLE_UNIT() );
#3417 = UNCERTAINTY_MEASURE_WITH_UNIT(LENGTH_MEASURE(1.E-07),#3414,
  'distance_accuracy_value','confusion accuracy');
#3418 = CONTEXT_DEPENDENT_SHAPE_REPRESENTATION(#3419,#3421);
#3419 = ( REPRESENTATION_RELATIONSHIP('','',#2338,#10) 
REPRESENTATION_RELATIONSHIP_WITH_TRANSFORMATION(#3420) 
SHAPE_REPRESENTATION_RELATIONSHIP() );
#3420 = ITEM_DEFINED_TRANSFORMATION('','',#11,#23);
#3421 = PRODUCT_DEFINITION_SHAPE('Placement','Placement of an item',
  #3422);
#3422 = NEXT_ASSEMBLY_USAGE_OCCURRENCE('11','=>[0:1:1:3]','',#5,#2333,$
  );
#3423 = PRODUCT_RELATED_PRODUCT_CATEGORY('part',$,(#2335));
#3424 = SHAPE_DEFINITION_REPRESENTATION(#3425,#3431);
#3425 = PRODUCT_DEFINITION_SHAPE('','',#3426);
#3426 = PRODUCT_DEFINITION('design','',#3427,#3430);
#3427 = PRODUCT_DEFINITION_FORMATION('','',#3428);
#3428 = PRODUCT('FW-04-04-G-D-370-160_top_body',
  'FW-04-04-G-D-370-160_top_body','',(#3429));
#3429 = PRODUCT_CONTEXT('',#2,'mechanical');
#3430 = PRODUCT_DEFINITION_CONTEXT('part definition',#2,'design');
#3431 = ADVANCED_BREP_SHAPE_REPRESENTATION('',(#11,#3432),#3846);
#3432 = MANIFOLD_SOLID_BREP('',#3433);
#3433 = CLOSED_SHELL('',(#3434,#3474,#3514,#3600,#3631,#3708,#3730,#3742
    ,#3754,#3776,#3788,#3800,#3817,#3834));
#3434 = ADVANCED_FACE('',(#3435),#3469,.T.);
#3435 = FACE_BOUND('',#3436,.T.);
#3436 = EDGE_LOOP('',(#3437,#3447,#3455,#3463));
#3437 = ORIENTED_EDGE('',*,*,#3438,.F.);
#3438 = EDGE_CURVE('',#3439,#3441,#3443,.T.);
#3439 = VERTEX_POINT('',#3440);
#3440 = CARTESIAN_POINT('',(2.54,7.5184,-1.7145));
#3441 = VERTEX_POINT('',#3442);
#3442 = CARTESIAN_POINT('',(-2.54,7.5184,-1.7145));
#3443 = LINE('',#3444,#3445);
#3444 = CARTESIAN_POINT('',(2.54,7.5184,-1.7145));
#3445 = VECTOR('',#3446,1.);
#3446 = DIRECTION('',(-1.,0.,0.));
#3447 = ORIENTED_EDGE('',*,*,#3448,.F.);
#3448 = EDGE_CURVE('',#3449,#3439,#3451,.T.);
#3449 = VERTEX_POINT('',#3450);
#3450 = CARTESIAN_POINT('',(2.54,6.8834,-1.7145));
#3451 = LINE('',#3452,#3453);
#3452 = CARTESIAN_POINT('',(2.54,6.8834,-1.7145));
#3453 = VECTOR('',#3454,1.);
#3454 = DIRECTION('',(0.,1.,0.));
#3455 = ORIENTED_EDGE('',*,*,#3456,.T.);
#3456 = EDGE_CURVE('',#3449,#3457,#3459,.T.);
#3457 = VERTEX_POINT('',#3458);
#3458 = CARTESIAN_POINT('',(-2.54,6.8834,-1.7145));
#3459 = LINE('',#3460,#3461);
#3460 = CARTESIAN_POINT('',(2.54,6.8834,-1.7145));
#3461 = VECTOR('',#3462,1.);
#3462 = DIRECTION('',(-1.,0.,0.));
#3463 = ORIENTED_EDGE('',*,*,#3464,.T.);
#3464 = EDGE_CURVE('',#3457,#3441,#3465,.T.);
#3465 = LINE('',#3466,#3467);
#3466 = CARTESIAN_POINT('',(-2.54,6.8834,-1.7145));
#3467 = VECTOR('',#3468,1.);
#3468 = DIRECTION('',(0.,1.,0.));
#3469 = PLANE('',#3470);
#3470 = AXIS2_PLACEMENT_3D('',#3471,#3472,#3473);
#3471 = CARTESIAN_POINT('',(2.54,6.8834,-1.7145));
#3472 = DIRECTION('',(0.,0.,-1.));
#3473 = DIRECTION('',(-1.,0.,0.));
#3474 = ADVANCED_FACE('',(#3475),#3509,.T.);
#3475 = FACE_BOUND('',#3476,.T.);
#3476 = EDGE_LOOP('',(#3477,#3487,#3495,#3503));
#3477 = ORIENTED_EDGE('',*,*,#3478,.T.);
#3478 = EDGE_CURVE('',#3479,#3481,#3483,.T.);
#3479 = VERTEX_POINT('',#3480);
#3480 = CARTESIAN_POINT('',(2.54,7.5184,1.7145));
#3481 = VERTEX_POINT('',#3482);
#3482 = CARTESIAN_POINT('',(-2.54,7.5184,1.7145));
#3483 = LINE('',#3484,#3485);
#3484 = CARTESIAN_POINT('',(2.54,7.5184,1.7145));
#3485 = VECTOR('',#3486,1.);
#3486 = DIRECTION('',(-1.,0.,0.));
#3487 = ORIENTED_EDGE('',*,*,#3488,.F.);
#3488 = EDGE_CURVE('',#3489,#3481,#3491,.T.);
#3489 = VERTEX_POINT('',#3490);
#3490 = CARTESIAN_POINT('',(-2.54,6.8834,1.7145));
#3491 = LINE('',#3492,#3493);
#3492 = CARTESIAN_POINT('',(-2.54,6.8834,1.7145));
#3493 = VECTOR('',#3494,1.);
#3494 = DIRECTION('',(0.,1.,0.));
#3495 = ORIENTED_EDGE('',*,*,#3496,.T.);
#3496 = EDGE_CURVE('',#3489,#3497,#3499,.T.);
#3497 = VERTEX_POINT('',#3498);
#3498 = CARTESIAN_POINT('',(2.54,6.8834,1.7145));
#3499 = LINE('',#3500,#3501);
#3500 = CARTESIAN_POINT('',(-2.54,6.8834,1.7145));
#3501 = VECTOR('',#3502,1.);
#3502 = DIRECTION('',(1.,0.,0.));
#3503 = ORIENTED_EDGE('',*,*,#3504,.T.);
#3504 = EDGE_CURVE('',#3497,#3479,#3505,.T.);
#3505 = LINE('',#3506,#3507);
#3506 = CARTESIAN_POINT('',(2.54,6.8834,1.7145));
#3507 = VECTOR('',#3508,1.);
#3508 = DIRECTION('',(0.,1.,0.));
#3509 = PLANE('',#3510);
#3510 = AXIS2_PLACEMENT_3D('',#3511,#3512,#3513);
#3511 = CARTESIAN_POINT('',(-2.54,6.8834,1.7145));
#3512 = DIRECTION('',(0.,0.,1.));
#3513 = DIRECTION('',(1.,0.,-0.));
#3514 = ADVANCED_FACE('',(#3515),#3595,.T.);
#3515 = FACE_BOUND('',#3516,.T.);
#3516 = EDGE_LOOP('',(#3517,#3525,#3526,#3532,#3533,#3541,#3549,#3557,
    #3565,#3573,#3581,#3589));
#3517 = ORIENTED_EDGE('',*,*,#3518,.F.);
#3518 = EDGE_CURVE('',#3441,#3519,#3521,.T.);
#3519 = VERTEX_POINT('',#3520);
#3520 = CARTESIAN_POINT('',(-2.54,7.5184,-1.4605));
#3521 = LINE('',#3522,#3523);
#3522 = CARTESIAN_POINT('',(-2.54,7.5184,-1.7145));
#3523 = VECTOR('',#3524,1.);
#3524 = DIRECTION('',(0.,0.,1.));
#3525 = ORIENTED_EDGE('',*,*,#3464,.F.);
#3526 = ORIENTED_EDGE('',*,*,#3527,.T.);
#3527 = EDGE_CURVE('',#3457,#3489,#3528,.T.);
#3528 = LINE('',#3529,#3530);
#3529 = CARTESIAN_POINT('',(-2.54,6.8834,-1.7145));
#3530 = VECTOR('',#3531,1.);
#3531 = DIRECTION('',(0.,0.,1.));
#3532 = ORIENTED_EDGE('',*,*,#3488,.T.);
#3533 = ORIENTED_EDGE('',*,*,#3534,.F.);
#3534 = EDGE_CURVE('',#3535,#3481,#3537,.T.);
#3535 = VERTEX_POINT('',#3536);
#3536 = CARTESIAN_POINT('',(-2.54,7.5184,1.4605));
#3537 = LINE('',#3538,#3539);
#3538 = CARTESIAN_POINT('',(-2.54,7.5184,1.4605));
#3539 = VECTOR('',#3540,1.);
#3540 = DIRECTION('',(0.,0.,1.));
#3541 = ORIENTED_EDGE('',*,*,#3542,.F.);
#3542 = EDGE_CURVE('',#3543,#3535,#3545,.T.);
#3543 = VERTEX_POINT('',#3544);
#3544 = CARTESIAN_POINT('',(-2.54,8.7884,1.4605));
#3545 = LINE('',#3546,#3547);
#3546 = CARTESIAN_POINT('',(-2.54,8.7884,1.4605));
#3547 = VECTOR('',#3548,1.);
#3548 = DIRECTION('',(0.,-1.,0.));
#3549 = ORIENTED_EDGE('',*,*,#3550,.F.);
#3550 = EDGE_CURVE('',#3551,#3543,#3553,.T.);
#3551 = VERTEX_POINT('',#3552);
#3552 = CARTESIAN_POINT('',(-2.54,8.7884,1.7145));
#3553 = LINE('',#3554,#3555);
#3554 = CARTESIAN_POINT('',(-2.54,8.7884,1.7145));
#3555 = VECTOR('',#3556,1.);
#3556 = DIRECTION('',(0.,0.,-1.));
#3557 = ORIENTED_EDGE('',*,*,#3558,.T.);
#3558 = EDGE_CURVE('',#3551,#3559,#3561,.T.);
#3559 = VERTEX_POINT('',#3560);
#3560 = CARTESIAN_POINT('',(-2.54,9.398,1.7145));
#3561 = LINE('',#3562,#3563);
#3562 = CARTESIAN_POINT('',(-2.54,6.8834,1.7145));
#3563 = VECTOR('',#3564,1.);
#3564 = DIRECTION('',(0.,1.,0.));
#3565 = ORIENTED_EDGE('',*,*,#3566,.F.);
#3566 = EDGE_CURVE('',#3567,#3559,#3569,.T.);
#3567 = VERTEX_POINT('',#3568);
#3568 = CARTESIAN_POINT('',(-2.54,9.398,-1.7145));
#3569 = LINE('',#3570,#3571);
#3570 = CARTESIAN_POINT('',(-2.54,9.398,-1.7145));
#3571 = VECTOR('',#3572,1.);
#3572 = DIRECTION('',(0.,0.,1.));
#3573 = ORIENTED_EDGE('',*,*,#3574,.F.);
#3574 = EDGE_CURVE('',#3575,#3567,#3577,.T.);
#3575 = VERTEX_POINT('',#3576);
#3576 = CARTESIAN_POINT('',(-2.54,8.7884,-1.7145));
#3577 = LINE('',#3578,#3579);
#3578 = CARTESIAN_POINT('',(-2.54,6.8834,-1.7145));
#3579 = VECTOR('',#3580,1.);
#3580 = DIRECTION('',(0.,1.,0.));
#3581 = ORIENTED_EDGE('',*,*,#3582,.F.);
#3582 = EDGE_CURVE('',#3583,#3575,#3585,.T.);
#3583 = VERTEX_POINT('',#3584);
#3584 = CARTESIAN_POINT('',(-2.54,8.7884,-1.4605));
#3585 = LINE('',#3586,#3587);
#3586 = CARTESIAN_POINT('',(-2.54,8.7884,-1.4605));
#3587 = VECTOR('',#3588,1.);
#3588 = DIRECTION('',(0.,0.,-1.));
#3589 = ORIENTED_EDGE('',*,*,#3590,.F.);
#3590 = EDGE_CURVE('',#3519,#3583,#3591,.T.);
#3591 = LINE('',#3592,#3593);
#3592 = CARTESIAN_POINT('',(-2.54,7.5184,-1.4605));
#3593 = VECTOR('',#3594,1.);
#3594 = DIRECTION('',(0.,1.,0.));
#3595 = PLANE('',#3596);
#3596 = AXIS2_PLACEMENT_3D('',#3597,#3598,#3599);
#3597 = CARTESIAN_POINT('',(-2.54,6.8834,-1.7145));
#3598 = DIRECTION('',(-1.,0.,0.));
#3599 = DIRECTION('',(0.,0.,1.));
#3600 = ADVANCED_FACE('',(#3601),#3626,.T.);
#3601 = FACE_BOUND('',#3602,.T.);
#3602 = EDGE_LOOP('',(#3603,#3611,#3619,#3625));
#3603 = ORIENTED_EDGE('',*,*,#3604,.F.);
#3604 = EDGE_CURVE('',#3605,#3551,#3607,.T.);
#3605 = VERTEX_POINT('',#3606);
#3606 = CARTESIAN_POINT('',(2.54,8.7884,1.7145));
#3607 = LINE('',#3608,#3609);
#3608 = CARTESIAN_POINT('',(2.54,8.7884,1.7145));
#3609 = VECTOR('',#3610,1.);
#3610 = DIRECTION('',(-1.,0.,0.));
#3611 = ORIENTED_EDGE('',*,*,#3612,.T.);
#3612 = EDGE_CURVE('',#3605,#3613,#3615,.T.);
#3613 = VERTEX_POINT('',#3614);
#3614 = CARTESIAN_POINT('',(2.54,9.398,1.7145));
#3615 = LINE('',#3616,#3617);
#3616 = CARTESIAN_POINT('',(2.54,6.8834,1.7145));
#3617 = VECTOR('',#3618,1.);
#3618 = DIRECTION('',(0.,1.,0.));
#3619 = ORIENTED_EDGE('',*,*,#3620,.F.);
#3620 = EDGE_CURVE('',#3559,#3613,#3621,.T.);
#3621 = LINE('',#3622,#3623);
#3622 = CARTESIAN_POINT('',(-2.54,9.398,1.7145));
#3623 = VECTOR('',#3624,1.);
#3624 = DIRECTION('',(1.,0.,0.));
#3625 = ORIENTED_EDGE('',*,*,#3558,.F.);
#3626 = PLANE('',#3627);
#3627 = AXIS2_PLACEMENT_3D('',#3628,#3629,#3630);
#3628 = CARTESIAN_POINT('',(-2.54,6.8834,1.7145));
#3629 = DIRECTION('',(0.,0.,1.));
#3630 = DIRECTION('',(1.,0.,-0.));
#3631 = ADVANCED_FACE('',(#3632),#3703,.T.);
#3632 = FACE_BOUND('',#3633,.T.);
#3633 = EDGE_LOOP('',(#3634,#3642,#3650,#3658,#3666,#3672,#3673,#3681,
    #3689,#3695,#3696,#3702));
#3634 = ORIENTED_EDGE('',*,*,#3635,.T.);
#3635 = EDGE_CURVE('',#3439,#3636,#3638,.T.);
#3636 = VERTEX_POINT('',#3637);
#3637 = CARTESIAN_POINT('',(2.54,7.5184,-1.4605));
#3638 = LINE('',#3639,#3640);
#3639 = CARTESIAN_POINT('',(2.54,7.5184,-1.7145));
#3640 = VECTOR('',#3641,1.);
#3641 = DIRECTION('',(0.,0.,1.));
#3642 = ORIENTED_EDGE('',*,*,#3643,.T.);
#3643 = EDGE_CURVE('',#3636,#3644,#3646,.T.);
#3644 = VERTEX_POINT('',#3645);
#3645 = CARTESIAN_POINT('',(2.54,8.7884,-1.4605));
#3646 = LINE('',#3647,#3648);
#3647 = CARTESIAN_POINT('',(2.54,7.5184,-1.4605));
#3648 = VECTOR('',#3649,1.);
#3649 = DIRECTION('',(0.,1.,0.));
#3650 = ORIENTED_EDGE('',*,*,#3651,.T.);
#3651 = EDGE_CURVE('',#3644,#3652,#3654,.T.);
#3652 = VERTEX_POINT('',#3653);
#3653 = CARTESIAN_POINT('',(2.54,8.7884,-1.7145));
#3654 = LINE('',#3655,#3656);
#3655 = CARTESIAN_POINT('',(2.54,8.7884,-1.4605));
#3656 = VECTOR('',#3657,1.);
#3657 = DIRECTION('',(0.,0.,-1.));
#3658 = ORIENTED_EDGE('',*,*,#3659,.T.);
#3659 = EDGE_CURVE('',#3652,#3660,#3662,.T.);
#3660 = VERTEX_POINT('',#3661);
#3661 = CARTESIAN_POINT('',(2.54,9.398,-1.7145));
#3662 = LINE('',#3663,#3664);
#3663 = CARTESIAN_POINT('',(2.54,6.8834,-1.7145));
#3664 = VECTOR('',#3665,1.);
#3665 = DIRECTION('',(0.,1.,0.));
#3666 = ORIENTED_EDGE('',*,*,#3667,.F.);
#3667 = EDGE_CURVE('',#3613,#3660,#3668,.T.);
#3668 = LINE('',#3669,#3670);
#3669 = CARTESIAN_POINT('',(2.54,9.398,1.7145));
#3670 = VECTOR('',#3671,1.);
#3671 = DIRECTION('',(0.,0.,-1.));
#3672 = ORIENTED_EDGE('',*,*,#3612,.F.);
#3673 = ORIENTED_EDGE('',*,*,#3674,.T.);
#3674 = EDGE_CURVE('',#3605,#3675,#3677,.T.);
#3675 = VERTEX_POINT('',#3676);
#3676 = CARTESIAN_POINT('',(2.54,8.7884,1.4605));
#3677 = LINE('',#3678,#3679);
#3678 = CARTESIAN_POINT('',(2.54,8.7884,1.7145));
#3679 = VECTOR('',#3680,1.);
#3680 = DIRECTION('',(0.,0.,-1.));
#3681 = ORIENTED_EDGE('',*,*,#3682,.T.);
#3682 = EDGE_CURVE('',#3675,#3683,#3685,.T.);
#3683 = VERTEX_POINT('',#3684);
#3684 = CARTESIAN_POINT('',(2.54,7.5184,1.4605));
#3685 = LINE('',#3686,#3687);
#3686 = CARTESIAN_POINT('',(2.54,8.7884,1.4605));
#3687 = VECTOR('',#3688,1.);
#3688 = DIRECTION('',(0.,-1.,0.));
#3689 = ORIENTED_EDGE('',*,*,#3690,.T.);
#3690 = EDGE_CURVE('',#3683,#3479,#3691,.T.);
#3691 = LINE('',#3692,#3693);
#3692 = CARTESIAN_POINT('',(2.54,7.5184,1.4605));
#3693 = VECTOR('',#3694,1.);
#3694 = DIRECTION('',(0.,0.,1.));
#3695 = ORIENTED_EDGE('',*,*,#3504,.F.);
#3696 = ORIENTED_EDGE('',*,*,#3697,.T.);
#3697 = EDGE_CURVE('',#3497,#3449,#3698,.T.);
#3698 = LINE('',#3699,#3700);
#3699 = CARTESIAN_POINT('',(2.54,6.8834,1.7145));
#3700 = VECTOR('',#3701,1.);
#3701 = DIRECTION('',(0.,0.,-1.));
#3702 = ORIENTED_EDGE('',*,*,#3448,.T.);
#3703 = PLANE('',#3704);
#3704 = AXIS2_PLACEMENT_3D('',#3705,#3706,#3707);
#3705 = CARTESIAN_POINT('',(2.54,6.8834,1.7145));
#3706 = DIRECTION('',(1.,0.,0.));
#3707 = DIRECTION('',(0.,0.,-1.));
#3708 = ADVANCED_FACE('',(#3709),#3725,.T.);
#3709 = FACE_BOUND('',#3710,.T.);
#3710 = EDGE_LOOP('',(#3711,#3717,#3718,#3724));
#3711 = ORIENTED_EDGE('',*,*,#3712,.T.);
#3712 = EDGE_CURVE('',#3652,#3575,#3713,.T.);
#3713 = LINE('',#3714,#3715);
#3714 = CARTESIAN_POINT('',(2.54,8.7884,-1.7145));
#3715 = VECTOR('',#3716,1.);
#3716 = DIRECTION('',(-1.,0.,0.));
#3717 = ORIENTED_EDGE('',*,*,#3574,.T.);
#3718 = ORIENTED_EDGE('',*,*,#3719,.F.);
#3719 = EDGE_CURVE('',#3660,#3567,#3720,.T.);
#3720 = LINE('',#3721,#3722);
#3721 = CARTESIAN_POINT('',(2.54,9.398,-1.7145));
#3722 = VECTOR('',#3723,1.);
#3723 = DIRECTION('',(-1.,0.,0.));
#3724 = ORIENTED_EDGE('',*,*,#3659,.F.);
#3725 = PLANE('',#3726);
#3726 = AXIS2_PLACEMENT_3D('',#3727,#3728,#3729);
#3727 = CARTESIAN_POINT('',(2.54,6.8834,-1.7145));
#3728 = DIRECTION('',(0.,0.,-1.));
#3729 = DIRECTION('',(-1.,0.,0.));
#3730 = ADVANCED_FACE('',(#3731),#3737,.F.);
#3731 = FACE_BOUND('',#3732,.T.);
#3732 = EDGE_LOOP('',(#3733,#3734,#3735,#3736));
#3733 = ORIENTED_EDGE('',*,*,#3527,.F.);
#3734 = ORIENTED_EDGE('',*,*,#3456,.F.);
#3735 = ORIENTED_EDGE('',*,*,#3697,.F.);
#3736 = ORIENTED_EDGE('',*,*,#3496,.F.);
#3737 = PLANE('',#3738);
#3738 = AXIS2_PLACEMENT_3D('',#3739,#3740,#3741);
#3739 = CARTESIAN_POINT('',(0.,6.8834,0.));
#3740 = DIRECTION('',(0.,1.,0.));
#3741 = DIRECTION('',(0.,-0.,1.));
#3742 = ADVANCED_FACE('',(#3743),#3749,.T.);
#3743 = FACE_BOUND('',#3744,.T.);
#3744 = EDGE_LOOP('',(#3745,#3746,#3747,#3748));
#3745 = ORIENTED_EDGE('',*,*,#3566,.T.);
#3746 = ORIENTED_EDGE('',*,*,#3620,.T.);
#3747 = ORIENTED_EDGE('',*,*,#3667,.T.);
#3748 = ORIENTED_EDGE('',*,*,#3719,.T.);
#3749 = PLANE('',#3750);
#3750 = AXIS2_PLACEMENT_3D('',#3751,#3752,#3753);
#3751 = CARTESIAN_POINT('',(0.,9.398,0.));
#3752 = DIRECTION('',(0.,1.,0.));
#3753 = DIRECTION('',(0.,-0.,1.));
#3754 = ADVANCED_FACE('',(#3755),#3771,.F.);
#3755 = FACE_BOUND('',#3756,.T.);
#3756 = EDGE_LOOP('',(#3757,#3758,#3764,#3765));
#3757 = ORIENTED_EDGE('',*,*,#3542,.T.);
#3758 = ORIENTED_EDGE('',*,*,#3759,.F.);
#3759 = EDGE_CURVE('',#3683,#3535,#3760,.T.);
#3760 = LINE('',#3761,#3762);
#3761 = CARTESIAN_POINT('',(2.54,7.5184,1.4605));
#3762 = VECTOR('',#3763,1.);
#3763 = DIRECTION('',(-1.,0.,0.));
#3764 = ORIENTED_EDGE('',*,*,#3682,.F.);
#3765 = ORIENTED_EDGE('',*,*,#3766,.T.);
#3766 = EDGE_CURVE('',#3675,#3543,#3767,.T.);
#3767 = LINE('',#3768,#3769);
#3768 = CARTESIAN_POINT('',(2.54,8.7884,1.4605));
#3769 = VECTOR('',#3770,1.);
#3770 = DIRECTION('',(-1.,0.,0.));
#3771 = PLANE('',#3772);
#3772 = AXIS2_PLACEMENT_3D('',#3773,#3774,#3775);
#3773 = CARTESIAN_POINT('',(2.54,8.7884,1.4605));
#3774 = DIRECTION('',(0.,0.,-1.));
#3775 = DIRECTION('',(-1.,0.,0.));
#3776 = ADVANCED_FACE('',(#3777),#3783,.F.);
#3777 = FACE_BOUND('',#3778,.T.);
#3778 = EDGE_LOOP('',(#3779,#3780,#3781,#3782));
#3779 = ORIENTED_EDGE('',*,*,#3534,.T.);
#3780 = ORIENTED_EDGE('',*,*,#3478,.F.);
#3781 = ORIENTED_EDGE('',*,*,#3690,.F.);
#3782 = ORIENTED_EDGE('',*,*,#3759,.T.);
#3783 = PLANE('',#3784);
#3784 = AXIS2_PLACEMENT_3D('',#3785,#3786,#3787);
#3785 = CARTESIAN_POINT('',(2.54,7.5184,1.4605));
#3786 = DIRECTION('',(0.,-1.,0.));
#3787 = DIRECTION('',(0.,0.,-1.));
#3788 = ADVANCED_FACE('',(#3789),#3795,.F.);
#3789 = FACE_BOUND('',#3790,.T.);
#3790 = EDGE_LOOP('',(#3791,#3792,#3793,#3794));
#3791 = ORIENTED_EDGE('',*,*,#3550,.T.);
#3792 = ORIENTED_EDGE('',*,*,#3766,.F.);
#3793 = ORIENTED_EDGE('',*,*,#3674,.F.);
#3794 = ORIENTED_EDGE('',*,*,#3604,.T.);
#3795 = PLANE('',#3796);
#3796 = AXIS2_PLACEMENT_3D('',#3797,#3798,#3799);
#3797 = CARTESIAN_POINT('',(2.54,8.7884,1.7145));
#3798 = DIRECTION('',(0.,1.,0.));
#3799 = DIRECTION('',(0.,-0.,1.));
#3800 = ADVANCED_FACE('',(#3801),#3812,.F.);
#3801 = FACE_BOUND('',#3802,.T.);
#3802 = EDGE_LOOP('',(#3803,#3804,#3810,#3811));
#3803 = ORIENTED_EDGE('',*,*,#3518,.T.);
#3804 = ORIENTED_EDGE('',*,*,#3805,.F.);
#3805 = EDGE_CURVE('',#3636,#3519,#3806,.T.);
#3806 = LINE('',#3807,#3808);
#3807 = CARTESIAN_POINT('',(2.54,7.5184,-1.4605));
#3808 = VECTOR('',#3809,1.);
#3809 = DIRECTION('',(-1.,0.,0.));
#3810 = ORIENTED_EDGE('',*,*,#3635,.F.);
#3811 = ORIENTED_EDGE('',*,*,#3438,.T.);
#3812 = PLANE('',#3813);
#3813 = AXIS2_PLACEMENT_3D('',#3814,#3815,#3816);
#3814 = CARTESIAN_POINT('',(2.54,7.5184,-1.7145));
#3815 = DIRECTION('',(0.,-1.,0.));
#3816 = DIRECTION('',(0.,0.,-1.));
#3817 = ADVANCED_FACE('',(#3818),#3829,.F.);
#3818 = FACE_BOUND('',#3819,.T.);
#3819 = EDGE_LOOP('',(#3820,#3821,#3827,#3828));
#3820 = ORIENTED_EDGE('',*,*,#3590,.T.);
#3821 = ORIENTED_EDGE('',*,*,#3822,.F.);
#3822 = EDGE_CURVE('',#3644,#3583,#3823,.T.);
#3823 = LINE('',#3824,#3825);
#3824 = CARTESIAN_POINT('',(2.54,8.7884,-1.4605));
#3825 = VECTOR('',#3826,1.);
#3826 = DIRECTION('',(-1.,0.,0.));
#3827 = ORIENTED_EDGE('',*,*,#3643,.F.);
#3828 = ORIENTED_EDGE('',*,*,#3805,.T.);
#3829 = PLANE('',#3830);
#3830 = AXIS2_PLACEMENT_3D('',#3831,#3832,#3833);
#3831 = CARTESIAN_POINT('',(2.54,7.5184,-1.4605));
#3832 = DIRECTION('',(0.,0.,1.));
#3833 = DIRECTION('',(1.,0.,-0.));
#3834 = ADVANCED_FACE('',(#3835),#3841,.F.);
#3835 = FACE_BOUND('',#3836,.T.);
#3836 = EDGE_LOOP('',(#3837,#3838,#3839,#3840));
#3837 = ORIENTED_EDGE('',*,*,#3582,.T.);
#3838 = ORIENTED_EDGE('',*,*,#3712,.F.);
#3839 = ORIENTED_EDGE('',*,*,#3651,.F.);
#3840 = ORIENTED_EDGE('',*,*,#3822,.T.);
#3841 = PLANE('',#3842);
#3842 = AXIS2_PLACEMENT_3D('',#3843,#3844,#3845);
#3843 = CARTESIAN_POINT('',(2.54,8.7884,-1.4605));
#3844 = DIRECTION('',(0.,1.,0.));
#3845 = DIRECTION('',(0.,-0.,1.));
#3846 = ( GEOMETRIC_REPRESENTATION_CONTEXT(3) 
GLOBAL_UNCERTAINTY_ASSIGNED_CONTEXT((#3850)) 
GLOBAL_UNIT_ASSIGNED_CONTEXT((#3847,#3848,#3849)) REPRESENTATION_CONTEXT
('Context #1','3D Context with UNIT and UNCERTAINTY') );
#3847 = ( LENGTH_UNIT() NAMED_UNIT(*) SI_UNIT(.MILLI.,.METRE.) );
#3848 = ( NAMED_UNIT(*) PLANE_ANGLE_UNIT() SI_UNIT($,.RADIAN.) );
#3849 = ( NAMED_UNIT(*) SI_UNIT($,.STERADIAN.) SOLID_ANGLE_UNIT() );
#3850 = UNCERTAINTY_MEASURE_WITH_UNIT(LENGTH_MEASURE(1.E-07),#3847,
  'distance_accuracy_value','confusion accuracy');
#3851 = CONTEXT_DEPENDENT_SHAPE_REPRESENTATION(#3852,#3854);
#3852 = ( REPRESENTATION_RELATIONSHIP('','',#3431,#10) 
REPRESENTATION_RELATIONSHIP_WITH_TRANSFORMATION(#3853) 
SHAPE_REPRESENTATION_RELATIONSHIP() );
#3853 = ITEM_DEFINED_TRANSFORMATION('','',#11,#27);
#3854 = PRODUCT_DEFINITION_SHAPE('Placement','Placement of an item',
  #3855);
#3855 = NEXT_ASSEMBLY_USAGE_OCCURRENCE('12','=>[0:1:1:4]','',#5,#3426,$
  );
#3856 = PRODUCT_RELATED_PRODUCT_CATEGORY('part',$,(#3428));
#3857 = MECHANICAL_DESIGN_GEOMETRIC_PRESENTATION_REPRESENTATION('',(
    #3858),#3413);
#3858 = STYLED_ITEM('color',(#3859),#2339);
#3859 = PRESENTATION_STYLE_ASSIGNMENT((#3860,#3866));
#3860 = SURFACE_STYLE_USAGE(.BOTH.,#3861);
#3861 = SURFACE_SIDE_STYLE('',(#3862));
#3862 = SURFACE_STYLE_FILL_AREA(#3863);
#3863 = FILL_AREA_STYLE('',(#3864));
#3864 = FILL_AREA_STYLE_COLOUR('',#3865);
#3865 = DRAUGHTING_PRE_DEFINED_COLOUR('yellow');
#3866 = CURVE_STYLE('',#3867,POSITIVE_LENGTH_MEASURE(0.1),#3865);
#3867 = DRAUGHTING_PRE_DEFINED_CURVE_FONT('continuous');
#3868 = MECHANICAL_DESIGN_GEOMETRIC_PRESENTATION_REPRESENTATION('',(
    #3869),#3846);
#3869 = STYLED_ITEM('color',(#3870),#3432);
#3870 = PRESENTATION_STYLE_ASSIGNMENT((#3871,#3877));
#3871 = SURFACE_STYLE_USAGE(.BOTH.,#3872);
#3872 = SURFACE_SIDE_STYLE('',(#3873));
#3873 = SURFACE_STYLE_FILL_AREA(#3874);
#3874 = FILL_AREA_STYLE('',(#3875));
#3875 = FILL_AREA_STYLE_COLOUR('',#3876);
#3876 = COLOUR_RGB('',0.109800004037,0.109800004037,0.109800004037);
#3877 = CURVE_STYLE('',#3878,POSITIVE_LENGTH_MEASURE(0.1),#3876);
#3878 = DRAUGHTING_PRE_DEFINED_CURVE_FONT('continuous');
#3879 = MECHANICAL_DESIGN_GEOMETRIC_PRESENTATION_REPRESENTATION('',(
    #3880),#2320);
#3880 = STYLED_ITEM('color',(#3881),#478);
#3881 = PRESENTATION_STYLE_ASSIGNMENT((#3882,#3887));
#3882 = SURFACE_STYLE_USAGE(.BOTH.,#3883);
#3883 = SURFACE_SIDE_STYLE('',(#3884));
#3884 = SURFACE_STYLE_FILL_AREA(#3885);
#3885 = FILL_AREA_STYLE('',(#3886));
#3886 = FILL_AREA_STYLE_COLOUR('',#3865);
#3887 = CURVE_STYLE('',#3888,POSITIVE_LENGTH_MEASURE(0.1),#3865);
#3888 = DRAUGHTING_PRE_DEFINED_CURVE_FONT('continuous');
#3889 = MECHANICAL_DESIGN_GEOMETRIC_PRESENTATION_REPRESENTATION('',(
    #3890),#459);
#3890 = STYLED_ITEM('color',(#3891),#45);
#3891 = PRESENTATION_STYLE_ASSIGNMENT((#3892,#3897));
#3892 = SURFACE_STYLE_USAGE(.BOTH.,#3893);
#3893 = SURFACE_SIDE_STYLE('',(#3894));
#3894 = SURFACE_STYLE_FILL_AREA(#3895);
#3895 = FILL_AREA_STYLE('',(#3896));
#3896 = FILL_AREA_STYLE_COLOUR('',#3876);
#3897 = CURVE_STYLE('',#3898,POSITIVE_LENGTH_MEASURE(0.1),#3876);
#3898 = DRAUGHTING_PRE_DEFINED_CURVE_FONT('continuous');
ENDSEC;
END-ISO-10303-21;
