ISO-10303-21;
HEADER;
FILE_DESCRIPTION(('FreeCAD Model'),'2;1');
FILE_NAME('Open CASCADE Shape Model','2025-11-20T20:26:29',(''),(''),
  'Open CASCADE STEP processor 7.8','FreeCAD','Unknown');
FILE_SCHEMA(('AUTOMOTIVE_DESIGN { 1 0 10303 214 1 1 1 1 }'));
ENDSEC;
DATA;
#1 = APPLICATION_PROTOCOL_DEFINITION('international standard',
  'automotive_design',2000,#2);
#2 = APPLICATION_CONTEXT(
  'core data for automotive mechanical design processes');
#3 = SHAPE_DEFINITION_REPRESENTATION(#4,#10);
#4 = PRODUCT_DEFINITION_SHAPE('','',#5);
#5 = PRODUCT_DEFINITION('design','',#6,#9);
#6 = PRODUCT_DEFINITION_FORMATION('','',#7);
#7 = PRODUCT('_SL11STEP022','_SL11STEP022','',(#8));
#8 = PRODUCT_CONTEXT('',#2,'mechanical');
#9 = PRODUCT_DEFINITION_CONTEXT('part definition',#2,'design');
#10 = SHAPE_REPRESENTATION('',(#11,#15),#19);
#11 = AXIS2_PLACEMENT_3D('',#12,#13,#14);
#12 = CARTESIAN_POINT('',(0.,0.,0.));
#13 = DIRECTION('',(0.,0.,1.));
#14 = DIRECTION('',(1.,0.,-0.));
#15 = AXIS2_PLACEMENT_3D('',#16,#17,#18);
#16 = CARTESIAN_POINT('',(1.798195427464,-1.546205742812,4.583255966524)
  );
#17 = DIRECTION('',(0.,0.,1.));
#18 = DIRECTION('',(1.,0.,0.));
#19 = ( GEOMETRIC_REPRESENTATION_CONTEXT(3) 
GLOBAL_UNCERTAINTY_ASSIGNED_CONTEXT((#23)) GLOBAL_UNIT_ASSIGNED_CONTEXT(
(#20,#21,#22)) REPRESENTATION_CONTEXT('Context #1',
  '3D Context with UNIT and UNCERTAINTY') );
#20 = ( LENGTH_UNIT() NAMED_UNIT(*) SI_UNIT(.MILLI.,.METRE.) );
#21 = ( NAMED_UNIT(*) PLANE_ANGLE_UNIT() SI_UNIT($,.RADIAN.) );
#22 = ( NAMED_UNIT(*) SI_UNIT($,.STERADIAN.) SOLID_ANGLE_UNIT() );
#23 = UNCERTAINTY_MEASURE_WITH_UNIT(LENGTH_MEASURE(1.E-07),#20,
  'distance_accuracy_value','confusion accuracy');
#24 = PRODUCT_RELATED_PRODUCT_CATEGORY('part',$,(#7));
#25 = SHAPE_DEFINITION_REPRESENTATION(#26,#32);
#26 = PRODUCT_DEFINITION_SHAPE('','',#27);
#27 = PRODUCT_DEFINITION('design','',#28,#31);
#28 = PRODUCT_DEFINITION_FORMATION('','',#29);
#29 = PRODUCT('001017565022','001017565022','',(#30));
#30 = PRODUCT_CONTEXT('',#2,'mechanical');
#31 = PRODUCT_DEFINITION_CONTEXT('part definition',#2,'design');
#32 = SHAPE_REPRESENTATION('',(#11,#33,#37,#41,#45,#49,#53,#57,#61,#65,
    #69,#73,#77,#81,#85,#89,#93,#97,#101,#105,#109,#113,#117,#121,#125,
    #129,#133,#137,#141,#145,#149,#153,#157,#161,#165,#169,#173,#177,
    #181,#185,#189,#193,#197,#201,#205,#209,#213,#217,#221),#225);
#33 = AXIS2_PLACEMENT_3D('',#34,#35,#36);
#34 = CARTESIAN_POINT('',(-0.528195427464,1.546205742812,-4.333255966524
    ));
#35 = DIRECTION('',(0.,0.,1.));
#36 = DIRECTION('',(1.,0.,0.));
#37 = AXIS2_PLACEMENT_3D('',#38,#39,#40);
#38 = CARTESIAN_POINT('',(-0.520616062385,1.268943831911,1.416744033476)
  );
#39 = DIRECTION('',(0.,0.,1.));
#40 = DIRECTION('',(1.,0.,0.));
#41 = AXIS2_PLACEMENT_3D('',#42,#43,#44);
#42 = CARTESIAN_POINT('',(-3.068195427464,1.546205742812,-4.333255966524
    ));
#43 = DIRECTION('',(0.,0.,1.));
#44 = DIRECTION('',(1.,0.,0.));
#45 = AXIS2_PLACEMENT_3D('',#46,#47,#48);
#46 = CARTESIAN_POINT('',(-3.060616062385,1.268943831911,1.416744033476)
  );
#47 = DIRECTION('',(0.,0.,1.));
#48 = DIRECTION('',(1.,0.,0.));
#49 = AXIS2_PLACEMENT_3D('',#50,#51,#52);
#50 = CARTESIAN_POINT('',(2.011804572536,1.546205742812,-4.333255966524)
  );
#51 = DIRECTION('',(0.,0.,1.));
#52 = DIRECTION('',(1.,0.,0.));
#53 = AXIS2_PLACEMENT_3D('',#54,#55,#56);
#54 = CARTESIAN_POINT('',(2.019383937615,1.268943831911,1.416744033476)
  );
#55 = DIRECTION('',(0.,0.,1.));
#56 = DIRECTION('',(1.,0.,0.));
#57 = AXIS2_PLACEMENT_3D('',#58,#59,#60);
#58 = CARTESIAN_POINT('',(-5.608195427464,1.546205742812,-4.333255966524
    ));
#59 = DIRECTION('',(0.,0.,1.));
#60 = DIRECTION('',(1.,0.,0.));
#61 = AXIS2_PLACEMENT_3D('',#62,#63,#64);
#62 = CARTESIAN_POINT('',(-5.600616062385,1.268943831911,1.416744033476)
  );
#63 = DIRECTION('',(0.,0.,1.));
#64 = DIRECTION('',(1.,0.,0.));
#65 = AXIS2_PLACEMENT_3D('',#66,#67,#68);
#66 = CARTESIAN_POINT('',(4.551804572536,1.546205742812,-4.333255966524)
  );
#67 = DIRECTION('',(0.,0.,1.));
#68 = DIRECTION('',(1.,0.,0.));
#69 = AXIS2_PLACEMENT_3D('',#70,#71,#72);
#70 = CARTESIAN_POINT('',(4.559383937615,1.268943831911,1.416744033476)
  );
#71 = DIRECTION('',(0.,0.,1.));
#72 = DIRECTION('',(1.,0.,0.));
#73 = AXIS2_PLACEMENT_3D('',#74,#75,#76);
#74 = CARTESIAN_POINT('',(-8.148195427464,1.546205742812,-4.333255966524
    ));
#75 = DIRECTION('',(0.,0.,1.));
#76 = DIRECTION('',(1.,0.,0.));
#77 = AXIS2_PLACEMENT_3D('',#78,#79,#80);
#78 = CARTESIAN_POINT('',(-8.140616062385,1.268943831911,1.416744033476)
  );
#79 = DIRECTION('',(0.,0.,1.));
#80 = DIRECTION('',(1.,0.,0.));
#81 = AXIS2_PLACEMENT_3D('',#82,#83,#84);
#82 = CARTESIAN_POINT('',(7.091804572536,1.546205742812,-4.333255966524)
  );
#83 = DIRECTION('',(0.,0.,1.));
#84 = DIRECTION('',(1.,0.,0.));
#85 = AXIS2_PLACEMENT_3D('',#86,#87,#88);
#86 = CARTESIAN_POINT('',(7.099383937615,1.268943831911,1.416744033476)
  );
#87 = DIRECTION('',(0.,0.,1.));
#88 = DIRECTION('',(1.,0.,0.));
#89 = AXIS2_PLACEMENT_3D('',#90,#91,#92);
#90 = CARTESIAN_POINT('',(-10.68819542746,1.546205742812,-4.333255966524
    ));
#91 = DIRECTION('',(0.,0.,1.));
#92 = DIRECTION('',(1.,0.,0.));
#93 = AXIS2_PLACEMENT_3D('',#94,#95,#96);
#94 = CARTESIAN_POINT('',(-10.68061606238,1.268943831911,1.416744033476)
  );
#95 = DIRECTION('',(0.,0.,1.));
#96 = DIRECTION('',(1.,0.,0.));
#97 = AXIS2_PLACEMENT_3D('',#98,#99,#100);
#98 = CARTESIAN_POINT('',(9.631804572536,1.546205742812,-4.333255966524)
  );
#99 = DIRECTION('',(0.,0.,1.));
#100 = DIRECTION('',(1.,0.,0.));
#101 = AXIS2_PLACEMENT_3D('',#102,#103,#104);
#102 = CARTESIAN_POINT('',(9.639383937615,1.268943831911,1.416744033476)
  );
#103 = DIRECTION('',(0.,0.,1.));
#104 = DIRECTION('',(1.,0.,0.));
#105 = AXIS2_PLACEMENT_3D('',#106,#107,#108);
#106 = CARTESIAN_POINT('',(-13.22819542746,1.546205742812,
    -4.333255966524));
#107 = DIRECTION('',(0.,0.,1.));
#108 = DIRECTION('',(1.,0.,0.));
#109 = AXIS2_PLACEMENT_3D('',#110,#111,#112);
#110 = CARTESIAN_POINT('',(-13.22061606238,1.268943831911,1.416744033476
    ));
#111 = DIRECTION('',(0.,0.,1.));
#112 = DIRECTION('',(1.,0.,0.));
#113 = AXIS2_PLACEMENT_3D('',#114,#115,#116);
#114 = CARTESIAN_POINT('',(12.171804572536,1.546205742812,
    -4.333255966524));
#115 = DIRECTION('',(0.,0.,1.));
#116 = DIRECTION('',(1.,0.,0.));
#117 = AXIS2_PLACEMENT_3D('',#118,#119,#120);
#118 = CARTESIAN_POINT('',(12.179383937615,1.268943831911,1.416744033476
    ));
#119 = DIRECTION('',(0.,0.,1.));
#120 = DIRECTION('',(1.,0.,0.));
#121 = AXIS2_PLACEMENT_3D('',#122,#123,#124);
#122 = CARTESIAN_POINT('',(-15.76819542746,1.546205742812,
    -4.333255966524));
#123 = DIRECTION('',(0.,0.,1.));
#124 = DIRECTION('',(1.,0.,0.));
#125 = AXIS2_PLACEMENT_3D('',#126,#127,#128);
#126 = CARTESIAN_POINT('',(-15.76061606238,1.268943831911,1.416744033476
    ));
#127 = DIRECTION('',(0.,0.,1.));
#128 = DIRECTION('',(1.,0.,0.));
#129 = AXIS2_PLACEMENT_3D('',#130,#131,#132);
#130 = CARTESIAN_POINT('',(14.711804572536,1.546205742812,
    -4.333255966524));
#131 = DIRECTION('',(0.,0.,1.));
#132 = DIRECTION('',(1.,0.,0.));
#133 = AXIS2_PLACEMENT_3D('',#134,#135,#136);
#134 = CARTESIAN_POINT('',(14.719383937615,1.268943831911,1.416744033476
    ));
#135 = DIRECTION('',(0.,0.,1.));
#136 = DIRECTION('',(1.,0.,0.));
#137 = AXIS2_PLACEMENT_3D('',#138,#139,#140);
#138 = CARTESIAN_POINT('',(-18.30819542746,1.546205742812,
    -4.333255966524));
#139 = DIRECTION('',(0.,0.,1.));
#140 = DIRECTION('',(1.,0.,0.));
#141 = AXIS2_PLACEMENT_3D('',#142,#143,#144);
#142 = CARTESIAN_POINT('',(-18.30061606238,1.268943831911,1.416744033476
    ));
#143 = DIRECTION('',(0.,0.,1.));
#144 = DIRECTION('',(1.,0.,0.));
#145 = AXIS2_PLACEMENT_3D('',#146,#147,#148);
#146 = CARTESIAN_POINT('',(17.251804572536,1.546205742812,
    -4.333255966524));
#147 = DIRECTION('',(0.,0.,1.));
#148 = DIRECTION('',(1.,0.,0.));
#149 = AXIS2_PLACEMENT_3D('',#150,#151,#152);
#150 = CARTESIAN_POINT('',(17.259383937615,1.268943831911,1.416744033476
    ));
#151 = DIRECTION('',(0.,0.,1.));
#152 = DIRECTION('',(1.,0.,0.));
#153 = AXIS2_PLACEMENT_3D('',#154,#155,#156);
#154 = CARTESIAN_POINT('',(-20.84819542746,1.546205742812,
    -4.333255966524));
#155 = DIRECTION('',(0.,0.,1.));
#156 = DIRECTION('',(1.,0.,0.));
#157 = AXIS2_PLACEMENT_3D('',#158,#159,#160);
#158 = CARTESIAN_POINT('',(-20.84061606238,1.268943831911,1.416744033476
    ));
#159 = DIRECTION('',(0.,0.,1.));
#160 = DIRECTION('',(1.,0.,0.));
#161 = AXIS2_PLACEMENT_3D('',#162,#163,#164);
#162 = CARTESIAN_POINT('',(19.791804572536,1.546205742812,
    -4.333255966524));
#163 = DIRECTION('',(0.,0.,1.));
#164 = DIRECTION('',(1.,0.,0.));
#165 = AXIS2_PLACEMENT_3D('',#166,#167,#168);
#166 = CARTESIAN_POINT('',(19.799383937615,1.268943831911,1.416744033476
    ));
#167 = DIRECTION('',(0.,0.,1.));
#168 = DIRECTION('',(1.,0.,0.));
#169 = AXIS2_PLACEMENT_3D('',#170,#171,#172);
#170 = CARTESIAN_POINT('',(-23.38819542746,1.546205742812,
    -4.333255966524));
#171 = DIRECTION('',(0.,0.,1.));
#172 = DIRECTION('',(1.,0.,0.));
#173 = AXIS2_PLACEMENT_3D('',#174,#175,#176);
#174 = CARTESIAN_POINT('',(-23.38061606238,1.268943831911,1.416744033476
    ));
#175 = DIRECTION('',(0.,0.,1.));
#176 = DIRECTION('',(1.,0.,0.));
#177 = AXIS2_PLACEMENT_3D('',#178,#179,#180);
#178 = CARTESIAN_POINT('',(22.331804572536,1.546205742812,
    -4.333255966524));
#179 = DIRECTION('',(0.,0.,1.));
#180 = DIRECTION('',(1.,0.,0.));
#181 = AXIS2_PLACEMENT_3D('',#182,#183,#184);
#182 = CARTESIAN_POINT('',(22.339383937615,1.268943831911,1.416744033476
    ));
#183 = DIRECTION('',(0.,0.,1.));
#184 = DIRECTION('',(1.,0.,0.));
#185 = AXIS2_PLACEMENT_3D('',#186,#187,#188);
#186 = CARTESIAN_POINT('',(-25.92819542746,1.546205742812,
    -4.333255966524));
#187 = DIRECTION('',(0.,0.,1.));
#188 = DIRECTION('',(1.,0.,0.));
#189 = AXIS2_PLACEMENT_3D('',#190,#191,#192);
#190 = CARTESIAN_POINT('',(-25.92061606238,1.268943831911,1.416744033476
    ));
#191 = DIRECTION('',(0.,0.,1.));
#192 = DIRECTION('',(1.,0.,0.));
#193 = AXIS2_PLACEMENT_3D('',#194,#195,#196);
#194 = CARTESIAN_POINT('',(24.871804572536,1.546205742812,
    -4.333255966524));
#195 = DIRECTION('',(0.,0.,1.));
#196 = DIRECTION('',(1.,0.,0.));
#197 = AXIS2_PLACEMENT_3D('',#198,#199,#200);
#198 = CARTESIAN_POINT('',(24.879383937615,1.268943831911,1.416744033476
    ));
#199 = DIRECTION('',(0.,0.,1.));
#200 = DIRECTION('',(1.,0.,0.));
#201 = AXIS2_PLACEMENT_3D('',#202,#203,#204);
#202 = CARTESIAN_POINT('',(-28.46819542746,1.546205742812,
    -4.333255966524));
#203 = DIRECTION('',(0.,0.,1.));
#204 = DIRECTION('',(1.,0.,0.));
#205 = AXIS2_PLACEMENT_3D('',#206,#207,#208);
#206 = CARTESIAN_POINT('',(-28.46061606238,1.268943831911,1.416744033476
    ));
#207 = DIRECTION('',(0.,0.,1.));
#208 = DIRECTION('',(1.,0.,0.));
#209 = AXIS2_PLACEMENT_3D('',#210,#211,#212);
#210 = CARTESIAN_POINT('',(27.411804572536,1.546205742812,
    -4.333255966524));
#211 = DIRECTION('',(0.,0.,1.));
#212 = DIRECTION('',(1.,0.,0.));
#213 = AXIS2_PLACEMENT_3D('',#214,#215,#216);
#214 = CARTESIAN_POINT('',(27.419383937615,1.268943831911,1.416744033476
    ));
#215 = DIRECTION('',(0.,0.,1.));
#216 = DIRECTION('',(1.,0.,0.));
#217 = AXIS2_PLACEMENT_3D('',#218,#219,#220);
#218 = CARTESIAN_POINT('',(-31.00819542746,1.546205742812,
    -4.333255966524));
#219 = DIRECTION('',(0.,0.,1.));
#220 = DIRECTION('',(1.,0.,0.));
#221 = AXIS2_PLACEMENT_3D('',#222,#223,#224);
#222 = CARTESIAN_POINT('',(-31.00061606238,1.268943831911,1.416744033476
    ));
#223 = DIRECTION('',(0.,0.,1.));
#224 = DIRECTION('',(1.,0.,0.));
#225 = ( GEOMETRIC_REPRESENTATION_CONTEXT(3) 
GLOBAL_UNCERTAINTY_ASSIGNED_CONTEXT((#229)) GLOBAL_UNIT_ASSIGNED_CONTEXT
((#226,#227,#228)) REPRESENTATION_CONTEXT('Context #1',
  '3D Context with UNIT and UNCERTAINTY') );
#226 = ( LENGTH_UNIT() NAMED_UNIT(*) SI_UNIT(.MILLI.,.METRE.) );
#227 = ( NAMED_UNIT(*) PLANE_ANGLE_UNIT() SI_UNIT($,.RADIAN.) );
#228 = ( NAMED_UNIT(*) SI_UNIT($,.STERADIAN.) SOLID_ANGLE_UNIT() );
#229 = UNCERTAINTY_MEASURE_WITH_UNIT(LENGTH_MEASURE(1.E-07),#226,
  'distance_accuracy_value','confusion accuracy');
#230 = CONTEXT_DEPENDENT_SHAPE_REPRESENTATION(#231,#233);
#231 = ( REPRESENTATION_RELATIONSHIP('','',#32,#10) 
REPRESENTATION_RELATIONSHIP_WITH_TRANSFORMATION(#232) 
SHAPE_REPRESENTATION_RELATIONSHIP() );
#232 = ITEM_DEFINED_TRANSFORMATION('','',#11,#15);
#233 = PRODUCT_DEFINITION_SHAPE('Placement','Placement of an item',#234
  );
#234 = NEXT_ASSEMBLY_USAGE_OCCURRENCE('1207','001017565022','',#5,#27,$
  );
#235 = PRODUCT_RELATED_PRODUCT_CATEGORY('part',$,(#29));
#236 = SHAPE_DEFINITION_REPRESENTATION(#237,#243);
#237 = PRODUCT_DEFINITION_SHAPE('','',#238);
#238 = PRODUCT_DEFINITION('design','',#239,#242);
#239 = PRODUCT_DEFINITION_FORMATION('','',#240);
#240 = PRODUCT('F1000S1120M007B272','F1000S1120M007B272','',(#241));
#241 = PRODUCT_CONTEXT('',#2,'mechanical');
#242 = PRODUCT_DEFINITION_CONTEXT('part definition',#2,'design');
#243 = ADVANCED_BREP_SHAPE_REPRESENTATION('',(#11,#244),#1250);
#244 = MANIFOLD_SOLID_BREP('',#245);
#245 = CLOSED_SHELL('',(#246,#286,#326,#357,#397,#428,#468,#499,#530,
    #586,#642,#673,#697,#728,#761,#796,#813,#834,#869,#915,#955,#986,
    #1017,#1039,#1070,#1094,#1112,#1141,#1163,#1180,#1197,#1209,#1221,
    #1238));
#246 = ADVANCED_FACE('',(#247),#281,.T.);
#247 = FACE_BOUND('',#248,.T.);
#248 = EDGE_LOOP('',(#249,#259,#267,#275));
#249 = ORIENTED_EDGE('',*,*,#250,.T.);
#250 = EDGE_CURVE('',#251,#253,#255,.T.);
#251 = VERTEX_POINT('',#252);
#252 = CARTESIAN_POINT('',(-0.814865100164,1.25,2.65));
#253 = VERTEX_POINT('',#254);
#254 = CARTESIAN_POINT('',(-0.814865100164,0.85,2.65));
#255 = LINE('',#256,#257);
#256 = CARTESIAN_POINT('',(-0.814865100164,-0.1,2.65));
#257 = VECTOR('',#258,1.);
#258 = DIRECTION('',(0.,-1.,0.));
#259 = ORIENTED_EDGE('',*,*,#260,.F.);
#260 = EDGE_CURVE('',#261,#253,#263,.T.);
#261 = VERTEX_POINT('',#262);
#262 = CARTESIAN_POINT('',(0.814865100164,0.85,2.65));
#263 = LINE('',#264,#265);
#264 = CARTESIAN_POINT('',(-0.919896230895,0.85,2.65));
#265 = VECTOR('',#266,1.);
#266 = DIRECTION('',(-1.,-3.01725071627E-16,0.));
#267 = ORIENTED_EDGE('',*,*,#268,.T.);
#268 = EDGE_CURVE('',#261,#269,#271,.T.);
#269 = VERTEX_POINT('',#270);
#270 = CARTESIAN_POINT('',(0.814865100164,1.25,2.65));
#271 = LINE('',#272,#273);
#272 = CARTESIAN_POINT('',(0.814865100164,-0.1,2.65));
#273 = VECTOR('',#274,1.);
#274 = DIRECTION('',(0.,1.,0.));
#275 = ORIENTED_EDGE('',*,*,#276,.F.);
#276 = EDGE_CURVE('',#251,#269,#277,.T.);
#277 = LINE('',#278,#279);
#278 = CARTESIAN_POINT('',(0.919896230895,1.25,2.65));
#279 = VECTOR('',#280,1.);
#280 = DIRECTION('',(1.,0.,0.));
#281 = PLANE('',#282);
#282 = AXIS2_PLACEMENT_3D('',#283,#284,#285);
#283 = CARTESIAN_POINT('',(-1.561251128379E-16,1.05,2.65));
#284 = DIRECTION('',(0.,0.,1.));
#285 = DIRECTION('',(1.,0.,-0.));
#286 = ADVANCED_FACE('',(#287),#321,.T.);
#287 = FACE_BOUND('',#288,.T.);
#288 = EDGE_LOOP('',(#289,#299,#307,#315));
#289 = ORIENTED_EDGE('',*,*,#290,.T.);
#290 = EDGE_CURVE('',#291,#293,#295,.T.);
#291 = VERTEX_POINT('',#292);
#292 = CARTESIAN_POINT('',(-0.814865100164,-0.85,2.65));
#293 = VERTEX_POINT('',#294);
#294 = CARTESIAN_POINT('',(-0.814865100164,-1.25,2.65));
#295 = LINE('',#296,#297);
#296 = CARTESIAN_POINT('',(-0.814865100164,-1.15,2.65));
#297 = VECTOR('',#298,1.);
#298 = DIRECTION('',(0.,-1.,0.));
#299 = ORIENTED_EDGE('',*,*,#300,.F.);
#300 = EDGE_CURVE('',#301,#293,#303,.T.);
#301 = VERTEX_POINT('',#302);
#302 = CARTESIAN_POINT('',(0.814865100164,-1.25,2.65));
#303 = LINE('',#304,#305);
#304 = CARTESIAN_POINT('',(0.919896230895,-1.25,2.65));
#305 = VECTOR('',#306,1.);
#306 = DIRECTION('',(-1.,0.,0.));
#307 = ORIENTED_EDGE('',*,*,#308,.T.);
#308 = EDGE_CURVE('',#301,#309,#311,.T.);
#309 = VERTEX_POINT('',#310);
#310 = CARTESIAN_POINT('',(0.814865100164,-0.85,2.65));
#311 = LINE('',#312,#313);
#312 = CARTESIAN_POINT('',(0.814865100164,-1.15,2.65));
#313 = VECTOR('',#314,1.);
#314 = DIRECTION('',(0.,1.,0.));
#315 = ORIENTED_EDGE('',*,*,#316,.F.);
#316 = EDGE_CURVE('',#291,#309,#317,.T.);
#317 = LINE('',#318,#319);
#318 = CARTESIAN_POINT('',(-0.919896230895,-0.85,2.65));
#319 = VECTOR('',#320,1.);
#320 = DIRECTION('',(1.,3.01725071627E-16,0.));
#321 = PLANE('',#322);
#322 = AXIS2_PLACEMENT_3D('',#323,#324,#325);
#323 = CARTESIAN_POINT('',(1.214306433184E-16,-1.05,2.65));
#324 = DIRECTION('',(0.,0.,1.));
#325 = DIRECTION('',(1.,0.,-0.));
#326 = ADVANCED_FACE('',(#327),#352,.T.);
#327 = FACE_BOUND('',#328,.T.);
#328 = EDGE_LOOP('',(#329,#337,#345,#351));
#329 = ORIENTED_EDGE('',*,*,#330,.T.);
#330 = EDGE_CURVE('',#253,#331,#333,.T.);
#331 = VERTEX_POINT('',#332);
#332 = CARTESIAN_POINT('',(-0.919896230895,0.85,2.5));
#333 = LINE('',#334,#335);
#334 = CARTESIAN_POINT('',(-0.617259635815,0.85,2.93220985003));
#335 = VECTOR('',#336,1.);
#336 = DIRECTION('',(-0.573576436351,-1.730623913416E-16,-0.819152044289
    ));
#337 = ORIENTED_EDGE('',*,*,#338,.F.);
#338 = EDGE_CURVE('',#339,#331,#341,.T.);
#339 = VERTEX_POINT('',#340);
#340 = CARTESIAN_POINT('',(0.919896230895,0.85,2.5));
#341 = LINE('',#342,#343);
#342 = CARTESIAN_POINT('',(0.459948115448,0.85,2.5));
#343 = VECTOR('',#344,1.);
#344 = DIRECTION('',(-1.,-3.01725071627E-16,0.));
#345 = ORIENTED_EDGE('',*,*,#346,.T.);
#346 = EDGE_CURVE('',#339,#261,#347,.T.);
#347 = LINE('',#348,#349);
#348 = CARTESIAN_POINT('',(0.867380665529,0.85,2.575));
#349 = VECTOR('',#350,1.);
#350 = DIRECTION('',(-0.573576436351,-1.730623913416E-16,0.819152044289)
  );
#351 = ORIENTED_EDGE('',*,*,#260,.T.);
#352 = PLANE('',#353);
#353 = AXIS2_PLACEMENT_3D('',#354,#355,#356);
#354 = CARTESIAN_POINT('',(0.919896230895,0.85,2.5));
#355 = DIRECTION('',(3.01725071627E-16,-1.,0.));
#356 = DIRECTION('',(0.,0.,-1.));
#357 = ADVANCED_FACE('',(#358),#392,.T.);
#358 = FACE_BOUND('',#359,.T.);
#359 = EDGE_LOOP('',(#360,#370,#378,#386));
#360 = ORIENTED_EDGE('',*,*,#361,.T.);
#361 = EDGE_CURVE('',#362,#364,#366,.T.);
#362 = VERTEX_POINT('',#363);
#363 = CARTESIAN_POINT('',(-0.814865100164,-0.85,-0.15));
#364 = VERTEX_POINT('',#365);
#365 = CARTESIAN_POINT('',(-0.919896230895,-0.85,0.));
#366 = LINE('',#367,#368);
#367 = CARTESIAN_POINT('',(-0.56474407045,-0.85,-0.50720985003));
#368 = VECTOR('',#369,1.);
#369 = DIRECTION('',(-0.573576436351,1.730623913416E-16,0.819152044289)
  );
#370 = ORIENTED_EDGE('',*,*,#371,.F.);
#371 = EDGE_CURVE('',#372,#364,#374,.T.);
#372 = VERTEX_POINT('',#373);
#373 = CARTESIAN_POINT('',(0.919896230895,-0.85,0.));
#374 = LINE('',#375,#376);
#375 = CARTESIAN_POINT('',(0.459948115448,-0.85,0.));
#376 = VECTOR('',#377,1.);
#377 = DIRECTION('',(-1.,3.01725071627E-16,0.));
#378 = ORIENTED_EDGE('',*,*,#379,.T.);
#379 = EDGE_CURVE('',#372,#380,#382,.T.);
#380 = VERTEX_POINT('',#381);
#381 = CARTESIAN_POINT('',(0.814865100164,-0.85,-0.15));
#382 = LINE('',#383,#384);
#383 = CARTESIAN_POINT('',(0.919896230895,-0.85,-5.233716864941E-17));
#384 = VECTOR('',#385,1.);
#385 = DIRECTION('',(-0.573576436351,1.730623913416E-16,-0.819152044289)
  );
#386 = ORIENTED_EDGE('',*,*,#387,.T.);
#387 = EDGE_CURVE('',#380,#362,#388,.T.);
#388 = LINE('',#389,#390);
#389 = CARTESIAN_POINT('',(0.919896230895,-0.85,-0.15));
#390 = VECTOR('',#391,1.);
#391 = DIRECTION('',(-1.,3.01725071627E-16,0.));
#392 = PLANE('',#393);
#393 = AXIS2_PLACEMENT_3D('',#394,#395,#396);
#394 = CARTESIAN_POINT('',(0.919896230895,-0.85,0.));
#395 = DIRECTION('',(3.01725071627E-16,1.,0.));
#396 = DIRECTION('',(0.,-0.,1.));
#397 = ADVANCED_FACE('',(#398),#423,.F.);
#398 = FACE_BOUND('',#399,.T.);
#399 = EDGE_LOOP('',(#400,#408,#409,#417));
#400 = ORIENTED_EDGE('',*,*,#401,.T.);
#401 = EDGE_CURVE('',#402,#362,#404,.T.);
#402 = VERTEX_POINT('',#403);
#403 = CARTESIAN_POINT('',(-0.814865100164,-1.25,-0.15));
#404 = LINE('',#405,#406);
#405 = CARTESIAN_POINT('',(-0.814865100164,-1.15,-0.15));
#406 = VECTOR('',#407,1.);
#407 = DIRECTION('',(0.,1.,0.));
#408 = ORIENTED_EDGE('',*,*,#387,.F.);
#409 = ORIENTED_EDGE('',*,*,#410,.T.);
#410 = EDGE_CURVE('',#380,#411,#413,.T.);
#411 = VERTEX_POINT('',#412);
#412 = CARTESIAN_POINT('',(0.814865100164,-1.25,-0.15));
#413 = LINE('',#414,#415);
#414 = CARTESIAN_POINT('',(0.814865100164,-1.15,-0.15));
#415 = VECTOR('',#416,1.);
#416 = DIRECTION('',(0.,-1.,0.));
#417 = ORIENTED_EDGE('',*,*,#418,.F.);
#418 = EDGE_CURVE('',#402,#411,#419,.T.);
#419 = LINE('',#420,#421);
#420 = CARTESIAN_POINT('',(-0.919896230895,-1.25,-0.15));
#421 = VECTOR('',#422,1.);
#422 = DIRECTION('',(1.,0.,0.));
#423 = PLANE('',#424);
#424 = AXIS2_PLACEMENT_3D('',#425,#426,#427);
#425 = CARTESIAN_POINT('',(4.336808689942E-16,-1.05,-0.15));
#426 = DIRECTION('',(0.,0.,1.));
#427 = DIRECTION('',(1.,0.,-0.));
#428 = ADVANCED_FACE('',(#429),#463,.T.);
#429 = FACE_BOUND('',#430,.T.);
#430 = EDGE_LOOP('',(#431,#441,#449,#457));
#431 = ORIENTED_EDGE('',*,*,#432,.T.);
#432 = EDGE_CURVE('',#433,#435,#437,.T.);
#433 = VERTEX_POINT('',#434);
#434 = CARTESIAN_POINT('',(-0.919896230895,0.85,0.));
#435 = VERTEX_POINT('',#436);
#436 = CARTESIAN_POINT('',(-0.814865100164,0.85,-0.15));
#437 = LINE('',#438,#439);
#438 = CARTESIAN_POINT('',(-0.867380665529,0.85,-7.5E-02));
#439 = VECTOR('',#440,1.);
#440 = DIRECTION('',(0.573576436351,-1.730623913416E-16,-0.819152044289)
  );
#441 = ORIENTED_EDGE('',*,*,#442,.T.);
#442 = EDGE_CURVE('',#435,#443,#445,.T.);
#443 = VERTEX_POINT('',#444);
#444 = CARTESIAN_POINT('',(0.814865100164,0.85,-0.15));
#445 = LINE('',#446,#447);
#446 = CARTESIAN_POINT('',(0.919896230895,0.85,-0.15));
#447 = VECTOR('',#448,1.);
#448 = DIRECTION('',(1.,-3.01725071627E-16,0.));
#449 = ORIENTED_EDGE('',*,*,#450,.T.);
#450 = EDGE_CURVE('',#443,#451,#453,.T.);
#451 = VERTEX_POINT('',#452);
#452 = CARTESIAN_POINT('',(0.919896230895,0.85,0.));
#453 = LINE('',#454,#455);
#454 = CARTESIAN_POINT('',(0.617259635815,0.85,-0.43220985003));
#455 = VECTOR('',#456,1.);
#456 = DIRECTION('',(0.573576436351,-1.730623913416E-16,0.819152044289)
  );
#457 = ORIENTED_EDGE('',*,*,#458,.F.);
#458 = EDGE_CURVE('',#433,#451,#459,.T.);
#459 = LINE('',#460,#461);
#460 = CARTESIAN_POINT('',(-0.459948115448,0.85,0.));
#461 = VECTOR('',#462,1.);
#462 = DIRECTION('',(1.,-3.01725071627E-16,0.));
#463 = PLANE('',#464);
#464 = AXIS2_PLACEMENT_3D('',#465,#466,#467);
#465 = CARTESIAN_POINT('',(-0.919896230895,0.85,0.));
#466 = DIRECTION('',(-3.01725071627E-16,-1.,0.));
#467 = DIRECTION('',(-0.,0.,-1.));
#468 = ADVANCED_FACE('',(#469),#494,.F.);
#469 = FACE_BOUND('',#470,.T.);
#470 = EDGE_LOOP('',(#471,#479,#487,#493));
#471 = ORIENTED_EDGE('',*,*,#472,.T.);
#472 = EDGE_CURVE('',#435,#473,#475,.T.);
#473 = VERTEX_POINT('',#474);
#474 = CARTESIAN_POINT('',(-0.814865100164,1.25,-0.15));
#475 = LINE('',#476,#477);
#476 = CARTESIAN_POINT('',(-0.814865100164,-0.1,-0.15));
#477 = VECTOR('',#478,1.);
#478 = DIRECTION('',(0.,1.,0.));
#479 = ORIENTED_EDGE('',*,*,#480,.F.);
#480 = EDGE_CURVE('',#481,#473,#483,.T.);
#481 = VERTEX_POINT('',#482);
#482 = CARTESIAN_POINT('',(0.814865100164,1.25,-0.15));
#483 = LINE('',#484,#485);
#484 = CARTESIAN_POINT('',(-0.919896230895,1.25,-0.15));
#485 = VECTOR('',#486,1.);
#486 = DIRECTION('',(-1.,0.,0.));
#487 = ORIENTED_EDGE('',*,*,#488,.T.);
#488 = EDGE_CURVE('',#481,#443,#489,.T.);
#489 = LINE('',#490,#491);
#490 = CARTESIAN_POINT('',(0.814865100164,-0.1,-0.15));
#491 = VECTOR('',#492,1.);
#492 = DIRECTION('',(0.,-1.,0.));
#493 = ORIENTED_EDGE('',*,*,#442,.F.);
#494 = PLANE('',#495);
#495 = AXIS2_PLACEMENT_3D('',#496,#497,#498);
#496 = CARTESIAN_POINT('',(6.071532165919E-16,1.05,-0.15));
#497 = DIRECTION('',(0.,0.,1.));
#498 = DIRECTION('',(1.,0.,-0.));
#499 = ADVANCED_FACE('',(#500),#525,.T.);
#500 = FACE_BOUND('',#501,.T.);
#501 = EDGE_LOOP('',(#502,#510,#511,#519));
#502 = ORIENTED_EDGE('',*,*,#503,.T.);
#503 = EDGE_CURVE('',#504,#291,#506,.T.);
#504 = VERTEX_POINT('',#505);
#505 = CARTESIAN_POINT('',(-0.919896230895,-0.85,2.5));
#506 = LINE('',#507,#508);
#507 = CARTESIAN_POINT('',(-0.919896230895,-0.85,2.5));
#508 = VECTOR('',#509,1.);
#509 = DIRECTION('',(0.573576436351,1.730623913416E-16,0.819152044289));
#510 = ORIENTED_EDGE('',*,*,#316,.T.);
#511 = ORIENTED_EDGE('',*,*,#512,.T.);
#512 = EDGE_CURVE('',#309,#513,#515,.T.);
#513 = VERTEX_POINT('',#514);
#514 = CARTESIAN_POINT('',(0.919896230895,-0.85,2.5));
#515 = LINE('',#516,#517);
#516 = CARTESIAN_POINT('',(0.56474407045,-0.85,3.00720985003));
#517 = VECTOR('',#518,1.);
#518 = DIRECTION('',(0.573576436351,1.730623913416E-16,-0.819152044289)
  );
#519 = ORIENTED_EDGE('',*,*,#520,.F.);
#520 = EDGE_CURVE('',#504,#513,#521,.T.);
#521 = LINE('',#522,#523);
#522 = CARTESIAN_POINT('',(-0.459948115448,-0.85,2.5));
#523 = VECTOR('',#524,1.);
#524 = DIRECTION('',(1.,3.01725071627E-16,0.));
#525 = PLANE('',#526);
#526 = AXIS2_PLACEMENT_3D('',#527,#528,#529);
#527 = CARTESIAN_POINT('',(-0.919896230895,-0.85,2.5));
#528 = DIRECTION('',(-3.01725071627E-16,1.,0.));
#529 = DIRECTION('',(0.,0.,1.));
#530 = ADVANCED_FACE('',(#531),#581,.F.);
#531 = FACE_BOUND('',#532,.T.);
#532 = EDGE_LOOP('',(#533,#543,#549,#550,#551,#557,#558,#559,#567,#575)
  );
#533 = ORIENTED_EDGE('',*,*,#534,.F.);
#534 = EDGE_CURVE('',#535,#537,#539,.T.);
#535 = VERTEX_POINT('',#536);
#536 = CARTESIAN_POINT('',(0.989916984716,-1.25,1.E-01));
#537 = VERTEX_POINT('',#538);
#538 = CARTESIAN_POINT('',(1.27,-0.85,0.5));
#539 = LINE('',#540,#541);
#540 = CARTESIAN_POINT('',(1.49494002561,-0.528752350789,0.821247649211)
  );
#541 = VECTOR('',#542,1.);
#542 = DIRECTION('',(0.44371260628,0.633687274225,0.633687274225));
#543 = ORIENTED_EDGE('',*,*,#544,.F.);
#544 = EDGE_CURVE('',#411,#535,#545,.T.);
#545 = LINE('',#546,#547);
#546 = CARTESIAN_POINT('',(0.977486537849,-1.25,8.224748208429E-02));
#547 = VECTOR('',#548,1.);
#548 = DIRECTION('',(0.573576436351,0.,0.819152044289));
#549 = ORIENTED_EDGE('',*,*,#410,.F.);
#550 = ORIENTED_EDGE('',*,*,#379,.F.);
#551 = ORIENTED_EDGE('',*,*,#552,.F.);
#552 = EDGE_CURVE('',#451,#372,#553,.T.);
#553 = LINE('',#554,#555);
#554 = CARTESIAN_POINT('',(0.919896230895,-0.625,4.336808689942E-18));
#555 = VECTOR('',#556,1.);
#556 = DIRECTION('',(0.,-1.,0.));
#557 = ORIENTED_EDGE('',*,*,#450,.F.);
#558 = ORIENTED_EDGE('',*,*,#488,.F.);
#559 = ORIENTED_EDGE('',*,*,#560,.F.);
#560 = EDGE_CURVE('',#561,#481,#563,.T.);
#561 = VERTEX_POINT('',#562);
#562 = CARTESIAN_POINT('',(0.989916984716,1.25,1.E-01));
#563 = LINE('',#564,#565);
#564 = CARTESIAN_POINT('',(0.559669328861,1.25,-0.514457332115));
#565 = VECTOR('',#566,1.);
#566 = DIRECTION('',(-0.573576436351,0.,-0.819152044289));
#567 = ORIENTED_EDGE('',*,*,#568,.F.);
#568 = EDGE_CURVE('',#569,#561,#571,.T.);
#569 = VERTEX_POINT('',#570);
#570 = CARTESIAN_POINT('',(1.27,0.85,0.5));
#571 = LINE('',#572,#573);
#572 = CARTESIAN_POINT('',(1.762602314386,0.146490986593,1.203509013407)
  );
#573 = VECTOR('',#574,1.);
#574 = DIRECTION('',(-0.44371260628,0.633687274225,-0.633687274225));
#575 = ORIENTED_EDGE('',*,*,#576,.F.);
#576 = EDGE_CURVE('',#537,#569,#577,.T.);
#577 = LINE('',#578,#579);
#578 = CARTESIAN_POINT('',(1.27,-3.963906999144E-17,0.5));
#579 = VECTOR('',#580,1.);
#580 = DIRECTION('',(1.110223024625E-16,1.,1.585562799658E-16));
#581 = PLANE('',#582);
#582 = AXIS2_PLACEMENT_3D('',#583,#584,#585);
#583 = CARTESIAN_POINT('',(1.27,-1.25,0.5));
#584 = DIRECTION('',(-0.819152044289,0.,0.573576436351));
#585 = DIRECTION('',(0.573576436351,0.,0.819152044289));
#586 = ADVANCED_FACE('',(#587),#637,.F.);
#587 = FACE_BOUND('',#588,.T.);
#588 = EDGE_LOOP('',(#589,#599,#607,#615,#621,#622,#623,#629,#630,#631)
  );
#589 = ORIENTED_EDGE('',*,*,#590,.F.);
#590 = EDGE_CURVE('',#591,#593,#595,.T.);
#591 = VERTEX_POINT('',#592);
#592 = CARTESIAN_POINT('',(-1.27,-0.85,0.5));
#593 = VERTEX_POINT('',#594);
#594 = CARTESIAN_POINT('',(-0.989916984716,-1.25,0.1));
#595 = LINE('',#596,#597);
#596 = CARTESIAN_POINT('',(-1.306375397821,-0.798050548107,
    0.551949451893));
#597 = VECTOR('',#598,1.);
#598 = DIRECTION('',(0.44371260628,-0.633687274225,-0.633687274225));
#599 = ORIENTED_EDGE('',*,*,#600,.F.);
#600 = EDGE_CURVE('',#601,#591,#603,.T.);
#601 = VERTEX_POINT('',#602);
#602 = CARTESIAN_POINT('',(-1.27,0.85,0.5));
#603 = LINE('',#604,#605);
#604 = CARTESIAN_POINT('',(-1.27,-1.25,0.5));
#605 = VECTOR('',#606,1.);
#606 = DIRECTION('',(1.110223024625E-16,-1.,-1.585562799658E-16));
#607 = ORIENTED_EDGE('',*,*,#608,.F.);
#608 = EDGE_CURVE('',#609,#601,#611,.T.);
#609 = VERTEX_POINT('',#610);
#610 = CARTESIAN_POINT('',(-0.989916984716,1.25,1.E-01));
#611 = LINE('',#612,#613);
#612 = CARTESIAN_POINT('',(-1.741650689076,0.176413008517,1.173586991483
    ));
#613 = VECTOR('',#614,1.);
#614 = DIRECTION('',(-0.44371260628,-0.633687274225,0.633687274225));
#615 = ORIENTED_EDGE('',*,*,#616,.F.);
#616 = EDGE_CURVE('',#473,#609,#617,.T.);
#617 = LINE('',#618,#619);
#618 = CARTESIAN_POINT('',(-0.977486537849,1.25,8.224748208429E-02));
#619 = VECTOR('',#620,1.);
#620 = DIRECTION('',(-0.573576436351,0.,0.819152044289));
#621 = ORIENTED_EDGE('',*,*,#472,.F.);
#622 = ORIENTED_EDGE('',*,*,#432,.F.);
#623 = ORIENTED_EDGE('',*,*,#624,.F.);
#624 = EDGE_CURVE('',#364,#433,#625,.T.);
#625 = LINE('',#626,#627);
#626 = CARTESIAN_POINT('',(-0.919896230895,-0.625,-3.469446951954E-17));
#627 = VECTOR('',#628,1.);
#628 = DIRECTION('',(0.,1.,0.));
#629 = ORIENTED_EDGE('',*,*,#361,.F.);
#630 = ORIENTED_EDGE('',*,*,#401,.F.);
#631 = ORIENTED_EDGE('',*,*,#632,.F.);
#632 = EDGE_CURVE('',#593,#402,#633,.T.);
#633 = LINE('',#634,#635);
#634 = CARTESIAN_POINT('',(-0.507153763495,-1.25,-0.589457332115));
#635 = VECTOR('',#636,1.);
#636 = DIRECTION('',(0.573576436351,0.,-0.819152044289));
#637 = PLANE('',#638);
#638 = AXIS2_PLACEMENT_3D('',#639,#640,#641);
#639 = CARTESIAN_POINT('',(-0.919896230895,-1.25,8.574786002859E-17));
#640 = DIRECTION('',(0.819152044289,0.,0.573576436351));
#641 = DIRECTION('',(0.573576436351,0.,-0.819152044289));
#642 = ADVANCED_FACE('',(#643),#668,.T.);
#643 = FACE_BOUND('',#644,.T.);
#644 = EDGE_LOOP('',(#645,#646,#654,#662));
#645 = ORIENTED_EDGE('',*,*,#576,.T.);
#646 = ORIENTED_EDGE('',*,*,#647,.T.);
#647 = EDGE_CURVE('',#569,#648,#650,.T.);
#648 = VERTEX_POINT('',#649);
#649 = CARTESIAN_POINT('',(1.27,0.85,2.));
#650 = LINE('',#651,#652);
#651 = CARTESIAN_POINT('',(1.27,0.85,1.25));
#652 = VECTOR('',#653,1.);
#653 = DIRECTION('',(0.,0.,1.));
#654 = ORIENTED_EDGE('',*,*,#655,.T.);
#655 = EDGE_CURVE('',#648,#656,#658,.T.);
#656 = VERTEX_POINT('',#657);
#657 = CARTESIAN_POINT('',(1.27,-0.85,2.));
#658 = LINE('',#659,#660);
#659 = CARTESIAN_POINT('',(1.27,9.948254670091E-17,2.));
#660 = VECTOR('',#661,1.);
#661 = DIRECTION('',(-1.110223024625E-16,-1.,1.585562799658E-16));
#662 = ORIENTED_EDGE('',*,*,#663,.T.);
#663 = EDGE_CURVE('',#656,#537,#664,.T.);
#664 = LINE('',#665,#666);
#665 = CARTESIAN_POINT('',(1.27,-0.85,1.25));
#666 = VECTOR('',#667,1.);
#667 = DIRECTION('',(0.,0.,-1.));
#668 = PLANE('',#669);
#669 = AXIS2_PLACEMENT_3D('',#670,#671,#672);
#670 = CARTESIAN_POINT('',(1.27,1.25,0.));
#671 = DIRECTION('',(1.,-1.110223024625E-16,0.));
#672 = DIRECTION('',(0.,0.,-1.));
#673 = ADVANCED_FACE('',(#674),#692,.F.);
#674 = FACE_BOUND('',#675,.T.);
#675 = EDGE_LOOP('',(#676,#677,#685,#691));
#676 = ORIENTED_EDGE('',*,*,#568,.T.);
#677 = ORIENTED_EDGE('',*,*,#678,.F.);
#678 = EDGE_CURVE('',#679,#561,#681,.T.);
#679 = VERTEX_POINT('',#680);
#680 = CARTESIAN_POINT('',(0.989916984716,1.25,2.4));
#681 = LINE('',#682,#683);
#682 = CARTESIAN_POINT('',(0.989916984716,1.25,1.25));
#683 = VECTOR('',#684,1.);
#684 = DIRECTION('',(0.,0.,-1.));
#685 = ORIENTED_EDGE('',*,*,#686,.T.);
#686 = EDGE_CURVE('',#679,#648,#687,.T.);
#687 = LINE('',#688,#689);
#688 = CARTESIAN_POINT('',(1.306375397821,0.798050548107,1.948050548107)
  );
#689 = VECTOR('',#690,1.);
#690 = DIRECTION('',(0.44371260628,-0.633687274225,-0.633687274225));
#691 = ORIENTED_EDGE('',*,*,#647,.F.);
#692 = PLANE('',#693);
#693 = AXIS2_PLACEMENT_3D('',#694,#695,#696);
#694 = CARTESIAN_POINT('',(0.989916984716,1.25,2.5));
#695 = DIRECTION('',(-0.819152044289,-0.573576436351,0.));
#696 = DIRECTION('',(0.,0.,1.));
#697 = ADVANCED_FACE('',(#698),#723,.F.);
#698 = FACE_BOUND('',#699,.T.);
#699 = EDGE_LOOP('',(#700,#701,#709,#717));
#700 = ORIENTED_EDGE('',*,*,#590,.T.);
#701 = ORIENTED_EDGE('',*,*,#702,.F.);
#702 = EDGE_CURVE('',#703,#593,#705,.T.);
#703 = VERTEX_POINT('',#704);
#704 = CARTESIAN_POINT('',(-0.989916984716,-1.25,2.4));
#705 = LINE('',#706,#707);
#706 = CARTESIAN_POINT('',(-0.989916984716,-1.25,1.25));
#707 = VECTOR('',#708,1.);
#708 = DIRECTION('',(0.,0.,-1.));
#709 = ORIENTED_EDGE('',*,*,#710,.T.);
#710 = EDGE_CURVE('',#703,#711,#713,.T.);
#711 = VERTEX_POINT('',#712);
#712 = CARTESIAN_POINT('',(-1.27,-0.85,2.));
#713 = LINE('',#714,#715);
#714 = CARTESIAN_POINT('',(-1.059664734355,-1.150389890379,
    2.300389890379));
#715 = VECTOR('',#716,1.);
#716 = DIRECTION('',(-0.44371260628,0.633687274225,-0.633687274225));
#717 = ORIENTED_EDGE('',*,*,#718,.F.);
#718 = EDGE_CURVE('',#591,#711,#719,.T.);
#719 = LINE('',#720,#721);
#720 = CARTESIAN_POINT('',(-1.27,-0.85,1.25));
#721 = VECTOR('',#722,1.);
#722 = DIRECTION('',(0.,0.,1.));
#723 = PLANE('',#724);
#724 = AXIS2_PLACEMENT_3D('',#725,#726,#727);
#725 = CARTESIAN_POINT('',(-0.989916984716,-1.25,2.5));
#726 = DIRECTION('',(0.819152044289,0.573576436351,0.));
#727 = DIRECTION('',(0.,0.,-1.));
#728 = ADVANCED_FACE('',(#729),#756,.T.);
#729 = FACE_BOUND('',#730,.T.);
#730 = EDGE_LOOP('',(#731,#739,#740,#746,#747,#748,#749,#750));
#731 = ORIENTED_EDGE('',*,*,#732,.T.);
#732 = EDGE_CURVE('',#733,#251,#735,.T.);
#733 = VERTEX_POINT('',#734);
#734 = CARTESIAN_POINT('',(-0.989916984716,1.25,2.4));
#735 = LINE('',#736,#737);
#736 = CARTESIAN_POINT('',(-1.564794425841,1.25,1.578989928337));
#737 = VECTOR('',#738,1.);
#738 = DIRECTION('',(0.573576436351,0.,0.819152044289));
#739 = ORIENTED_EDGE('',*,*,#276,.T.);
#740 = ORIENTED_EDGE('',*,*,#741,.T.);
#741 = EDGE_CURVE('',#269,#679,#742,.T.);
#742 = LINE('',#743,#744);
#743 = CARTESIAN_POINT('',(1.094461651487,1.25,2.250694742536));
#744 = VECTOR('',#745,1.);
#745 = DIRECTION('',(0.573576436351,0.,-0.819152044289));
#746 = ORIENTED_EDGE('',*,*,#678,.T.);
#747 = ORIENTED_EDGE('',*,*,#560,.T.);
#748 = ORIENTED_EDGE('',*,*,#480,.T.);
#749 = ORIENTED_EDGE('',*,*,#616,.T.);
#750 = ORIENTED_EDGE('',*,*,#751,.T.);
#751 = EDGE_CURVE('',#609,#733,#752,.T.);
#752 = LINE('',#753,#754);
#753 = CARTESIAN_POINT('',(-0.989916984716,1.25,1.25));
#754 = VECTOR('',#755,1.);
#755 = DIRECTION('',(0.,0.,1.));
#756 = PLANE('',#757);
#757 = AXIS2_PLACEMENT_3D('',#758,#759,#760);
#758 = CARTESIAN_POINT('',(-1.27,1.25,0.));
#759 = DIRECTION('',(0.,1.,0.));
#760 = DIRECTION('',(0.,-0.,1.));
#761 = ADVANCED_FACE('',(#762),#791,.F.);
#762 = FACE_BOUND('',#763,.T.);
#763 = EDGE_LOOP('',(#764,#765,#766,#767,#768,#774,#775,#776,#784,#790)
  );
#764 = ORIENTED_EDGE('',*,*,#686,.F.);
#765 = ORIENTED_EDGE('',*,*,#741,.F.);
#766 = ORIENTED_EDGE('',*,*,#268,.F.);
#767 = ORIENTED_EDGE('',*,*,#346,.F.);
#768 = ORIENTED_EDGE('',*,*,#769,.F.);
#769 = EDGE_CURVE('',#513,#339,#770,.T.);
#770 = LINE('',#771,#772);
#771 = CARTESIAN_POINT('',(0.919896230895,-0.625,2.5));
#772 = VECTOR('',#773,1.);
#773 = DIRECTION('',(0.,1.,0.));
#774 = ORIENTED_EDGE('',*,*,#512,.F.);
#775 = ORIENTED_EDGE('',*,*,#308,.F.);
#776 = ORIENTED_EDGE('',*,*,#777,.F.);
#777 = EDGE_CURVE('',#778,#301,#780,.T.);
#778 = VERTEX_POINT('',#779);
#779 = CARTESIAN_POINT('',(0.989916984716,-1.25,2.4));
#780 = LINE('',#781,#782);
#781 = CARTESIAN_POINT('',(1.512278860475,-1.25,1.653989928337));
#782 = VECTOR('',#783,1.);
#783 = DIRECTION('',(-0.573576436351,0.,0.819152044289));
#784 = ORIENTED_EDGE('',*,*,#785,.F.);
#785 = EDGE_CURVE('',#656,#778,#786,.T.);
#786 = LINE('',#787,#788);
#787 = CARTESIAN_POINT('',(1.038713109045,-1.180311912303,2.330311912303
    ));
#788 = VECTOR('',#789,1.);
#789 = DIRECTION('',(-0.44371260628,-0.633687274225,0.633687274225));
#790 = ORIENTED_EDGE('',*,*,#655,.F.);
#791 = PLANE('',#792);
#792 = AXIS2_PLACEMENT_3D('',#793,#794,#795);
#793 = CARTESIAN_POINT('',(0.919896230895,-1.25,2.5));
#794 = DIRECTION('',(-0.819152044289,0.,-0.573576436351));
#795 = DIRECTION('',(-0.573576436351,0.,0.819152044289));
#796 = ADVANCED_FACE('',(#797),#808,.F.);
#797 = FACE_BOUND('',#798,.T.);
#798 = EDGE_LOOP('',(#799,#800,#801,#802));
#799 = ORIENTED_EDGE('',*,*,#534,.T.);
#800 = ORIENTED_EDGE('',*,*,#663,.F.);
#801 = ORIENTED_EDGE('',*,*,#785,.T.);
#802 = ORIENTED_EDGE('',*,*,#803,.F.);
#803 = EDGE_CURVE('',#535,#778,#804,.T.);
#804 = LINE('',#805,#806);
#805 = CARTESIAN_POINT('',(0.989916984716,-1.25,1.25));
#806 = VECTOR('',#807,1.);
#807 = DIRECTION('',(0.,0.,1.));
#808 = PLANE('',#809);
#809 = AXIS2_PLACEMENT_3D('',#810,#811,#812);
#810 = CARTESIAN_POINT('',(1.27,-0.85,2.5));
#811 = DIRECTION('',(-0.819152044289,0.573576436351,0.));
#812 = DIRECTION('',(0.,0.,1.));
#813 = ADVANCED_FACE('',(#814),#829,.T.);
#814 = FACE_BOUND('',#815,.T.);
#815 = EDGE_LOOP('',(#816,#822,#823,#824,#825,#826,#827,#828));
#816 = ORIENTED_EDGE('',*,*,#817,.T.);
#817 = EDGE_CURVE('',#293,#703,#818,.T.);
#818 = LINE('',#819,#820);
#819 = CARTESIAN_POINT('',(-1.322029101405,-1.25,1.925694742536));
#820 = VECTOR('',#821,1.);
#821 = DIRECTION('',(-0.573576436351,0.,-0.819152044289));
#822 = ORIENTED_EDGE('',*,*,#702,.T.);
#823 = ORIENTED_EDGE('',*,*,#632,.T.);
#824 = ORIENTED_EDGE('',*,*,#418,.T.);
#825 = ORIENTED_EDGE('',*,*,#544,.T.);
#826 = ORIENTED_EDGE('',*,*,#803,.T.);
#827 = ORIENTED_EDGE('',*,*,#777,.T.);
#828 = ORIENTED_EDGE('',*,*,#300,.T.);
#829 = PLANE('',#830);
#830 = AXIS2_PLACEMENT_3D('',#831,#832,#833);
#831 = CARTESIAN_POINT('',(1.27,-1.25,0.));
#832 = DIRECTION('',(0.,-1.,0.));
#833 = DIRECTION('',(0.,0.,-1.));
#834 = ADVANCED_FACE('',(#835),#864,.F.);
#835 = FACE_BOUND('',#836,.T.);
#836 = EDGE_LOOP('',(#837,#838,#846,#852,#853,#854,#855,#856,#862,#863)
  );
#837 = ORIENTED_EDGE('',*,*,#732,.F.);
#838 = ORIENTED_EDGE('',*,*,#839,.F.);
#839 = EDGE_CURVE('',#840,#733,#842,.T.);
#840 = VERTEX_POINT('',#841);
#841 = CARTESIAN_POINT('',(-1.27,0.85,2.));
#842 = LINE('',#843,#844);
#843 = CARTESIAN_POINT('',(-1.49494002561,0.528752350789,1.678752350789)
  );
#844 = VECTOR('',#845,1.);
#845 = DIRECTION('',(0.44371260628,0.633687274225,0.633687274225));
#846 = ORIENTED_EDGE('',*,*,#847,.F.);
#847 = EDGE_CURVE('',#711,#840,#848,.T.);
#848 = LINE('',#849,#850);
#849 = CARTESIAN_POINT('',(-1.27,-1.25,2.));
#850 = VECTOR('',#851,1.);
#851 = DIRECTION('',(-1.110223024625E-16,1.,-1.585562799658E-16));
#852 = ORIENTED_EDGE('',*,*,#710,.F.);
#853 = ORIENTED_EDGE('',*,*,#817,.F.);
#854 = ORIENTED_EDGE('',*,*,#290,.F.);
#855 = ORIENTED_EDGE('',*,*,#503,.F.);
#856 = ORIENTED_EDGE('',*,*,#857,.F.);
#857 = EDGE_CURVE('',#331,#504,#858,.T.);
#858 = LINE('',#859,#860);
#859 = CARTESIAN_POINT('',(-0.919896230895,-0.625,2.5));
#860 = VECTOR('',#861,1.);
#861 = DIRECTION('',(0.,-1.,0.));
#862 = ORIENTED_EDGE('',*,*,#330,.F.);
#863 = ORIENTED_EDGE('',*,*,#250,.F.);
#864 = PLANE('',#865);
#865 = AXIS2_PLACEMENT_3D('',#866,#867,#868);
#866 = CARTESIAN_POINT('',(-1.27,-1.25,2.));
#867 = DIRECTION('',(0.819152044289,0.,-0.573576436351));
#868 = DIRECTION('',(-0.573576436351,0.,-0.819152044289));
#869 = ADVANCED_FACE('',(#870,#876),#910,.T.);
#870 = FACE_BOUND('',#871,.T.);
#871 = EDGE_LOOP('',(#872,#873,#874,#875));
#872 = ORIENTED_EDGE('',*,*,#338,.T.);
#873 = ORIENTED_EDGE('',*,*,#857,.T.);
#874 = ORIENTED_EDGE('',*,*,#520,.T.);
#875 = ORIENTED_EDGE('',*,*,#769,.T.);
#876 = FACE_BOUND('',#877,.T.);
#877 = EDGE_LOOP('',(#878,#888,#896,#904));
#878 = ORIENTED_EDGE('',*,*,#879,.F.);
#879 = EDGE_CURVE('',#880,#882,#884,.T.);
#880 = VERTEX_POINT('',#881);
#881 = CARTESIAN_POINT('',(-0.515,0.5075,2.5));
#882 = VERTEX_POINT('',#883);
#883 = CARTESIAN_POINT('',(-0.515,-0.5075,2.5));
#884 = LINE('',#885,#886);
#885 = CARTESIAN_POINT('',(-0.515,7.6875E-02,2.5));
#886 = VECTOR('',#887,1.);
#887 = DIRECTION('',(0.,-1.,0.));
#888 = ORIENTED_EDGE('',*,*,#889,.F.);
#889 = EDGE_CURVE('',#890,#880,#892,.T.);
#890 = VERTEX_POINT('',#891);
#891 = CARTESIAN_POINT('',(0.515,0.5075,2.5));
#892 = LINE('',#893,#894);
#893 = CARTESIAN_POINT('',(0.1575,0.5075,2.5));
#894 = VECTOR('',#895,1.);
#895 = DIRECTION('',(-1.,7.159176250063E-16,0.));
#896 = ORIENTED_EDGE('',*,*,#897,.F.);
#897 = EDGE_CURVE('',#898,#890,#900,.T.);
#898 = VERTEX_POINT('',#899);
#899 = CARTESIAN_POINT('',(0.515,-0.5075,2.5));
#900 = LINE('',#901,#902);
#901 = CARTESIAN_POINT('',(0.515,-0.15375,2.5));
#902 = VECTOR('',#903,1.);
#903 = DIRECTION('',(-2.256550863059E-16,1.,0.));
#904 = ORIENTED_EDGE('',*,*,#905,.F.);
#905 = EDGE_CURVE('',#882,#898,#906,.T.);
#906 = LINE('',#907,#908);
#907 = CARTESIAN_POINT('',(-0.1575,-0.5075,2.5));
#908 = VECTOR('',#909,1.);
#909 = DIRECTION('',(1.,-7.709882115452E-16,0.));
#910 = PLANE('',#911);
#911 = AXIS2_PLACEMENT_3D('',#912,#913,#914);
#912 = CARTESIAN_POINT('',(0.,5.061487544625E-17,2.5));
#913 = DIRECTION('',(0.,0.,1.));
#914 = DIRECTION('',(1.,0.,-0.));
#915 = ADVANCED_FACE('',(#916),#950,.T.);
#916 = FACE_BOUND('',#917,.T.);
#917 = EDGE_LOOP('',(#918,#928,#936,#944));
#918 = ORIENTED_EDGE('',*,*,#919,.T.);
#919 = EDGE_CURVE('',#920,#922,#924,.T.);
#920 = VERTEX_POINT('',#921);
#921 = CARTESIAN_POINT('',(0.315,0.3075,0.2));
#922 = VERTEX_POINT('',#923);
#923 = CARTESIAN_POINT('',(-0.315,0.3075,0.2));
#924 = LINE('',#925,#926);
#925 = CARTESIAN_POINT('',(0.1575,0.3075,0.2));
#926 = VECTOR('',#927,1.);
#927 = DIRECTION('',(-1.,7.159176250063E-16,0.));
#928 = ORIENTED_EDGE('',*,*,#929,.T.);
#929 = EDGE_CURVE('',#922,#930,#932,.T.);
#930 = VERTEX_POINT('',#931);
#931 = CARTESIAN_POINT('',(-0.515,0.5075,0.));
#932 = LINE('',#933,#934);
#933 = CARTESIAN_POINT('',(-0.315,0.3075,0.2));
#934 = VECTOR('',#935,1.);
#935 = DIRECTION('',(-0.57735026919,0.57735026919,-0.57735026919));
#936 = ORIENTED_EDGE('',*,*,#937,.T.);
#937 = EDGE_CURVE('',#930,#938,#940,.T.);
#938 = VERTEX_POINT('',#939);
#939 = CARTESIAN_POINT('',(0.515,0.5075,0.));
#940 = LINE('',#941,#942);
#941 = CARTESIAN_POINT('',(0.1575,0.5075,0.));
#942 = VECTOR('',#943,1.);
#943 = DIRECTION('',(1.,-7.159176250063E-16,0.));
#944 = ORIENTED_EDGE('',*,*,#945,.T.);
#945 = EDGE_CURVE('',#938,#920,#946,.T.);
#946 = LINE('',#947,#948);
#947 = CARTESIAN_POINT('',(0.515,0.5075,0.));
#948 = VECTOR('',#949,1.);
#949 = DIRECTION('',(-0.57735026919,-0.57735026919,0.57735026919));
#950 = PLANE('',#951);
#951 = AXIS2_PLACEMENT_3D('',#952,#953,#954);
#952 = CARTESIAN_POINT('',(0.1575,0.4075,0.1));
#953 = DIRECTION('',(-5.062302074129E-16,-0.707106781187,-0.707106781187
    ));
#954 = DIRECTION('',(-1.,-2.958228394579E-31,7.159176250063E-16));
#955 = ADVANCED_FACE('',(#956),#981,.T.);
#956 = FACE_BOUND('',#957,.T.);
#957 = EDGE_LOOP('',(#958,#966,#967,#975));
#958 = ORIENTED_EDGE('',*,*,#959,.T.);
#959 = EDGE_CURVE('',#960,#920,#962,.T.);
#960 = VERTEX_POINT('',#961);
#961 = CARTESIAN_POINT('',(0.315,-0.3075,0.2));
#962 = LINE('',#963,#964);
#963 = CARTESIAN_POINT('',(0.315,-0.15375,0.2));
#964 = VECTOR('',#965,1.);
#965 = DIRECTION('',(-2.256550863059E-16,1.,0.));
#966 = ORIENTED_EDGE('',*,*,#945,.F.);
#967 = ORIENTED_EDGE('',*,*,#968,.T.);
#968 = EDGE_CURVE('',#938,#969,#971,.T.);
#969 = VERTEX_POINT('',#970);
#970 = CARTESIAN_POINT('',(0.515,-0.5075,0.));
#971 = LINE('',#972,#973);
#972 = CARTESIAN_POINT('',(0.515,-0.15375,0.));
#973 = VECTOR('',#974,1.);
#974 = DIRECTION('',(2.256550863059E-16,-1.,0.));
#975 = ORIENTED_EDGE('',*,*,#976,.F.);
#976 = EDGE_CURVE('',#960,#969,#977,.T.);
#977 = LINE('',#978,#979);
#978 = CARTESIAN_POINT('',(0.315,-0.3075,0.2));
#979 = VECTOR('',#980,1.);
#980 = DIRECTION('',(0.57735026919,-0.57735026919,-0.57735026919));
#981 = PLANE('',#982);
#982 = AXIS2_PLACEMENT_3D('',#983,#984,#985);
#983 = CARTESIAN_POINT('',(0.415,-0.15375,0.1));
#984 = DIRECTION('',(-0.707106781187,-1.595622417362E-16,-0.707106781187
    ));
#985 = DIRECTION('',(-0.707106781187,-1.232595164408E-32,0.707106781187)
  );
#986 = ADVANCED_FACE('',(#987),#1012,.T.);
#987 = FACE_BOUND('',#988,.T.);
#988 = EDGE_LOOP('',(#989,#997,#1005,#1011));
#989 = ORIENTED_EDGE('',*,*,#990,.T.);
#990 = EDGE_CURVE('',#922,#991,#993,.T.);
#991 = VERTEX_POINT('',#992);
#992 = CARTESIAN_POINT('',(-0.315,-0.3075,0.2));
#993 = LINE('',#994,#995);
#994 = CARTESIAN_POINT('',(-0.315,0.15375,0.2));
#995 = VECTOR('',#996,1.);
#996 = DIRECTION('',(0.,-1.,0.));
#997 = ORIENTED_EDGE('',*,*,#998,.T.);
#998 = EDGE_CURVE('',#991,#999,#1001,.T.);
#999 = VERTEX_POINT('',#1000);
#1000 = CARTESIAN_POINT('',(-0.515,-0.5075,0.));
#1001 = LINE('',#1002,#1003);
#1002 = CARTESIAN_POINT('',(-0.315,-0.3075,0.2));
#1003 = VECTOR('',#1004,1.);
#1004 = DIRECTION('',(-0.57735026919,-0.57735026919,-0.57735026919));
#1005 = ORIENTED_EDGE('',*,*,#1006,.T.);
#1006 = EDGE_CURVE('',#999,#930,#1007,.T.);
#1007 = LINE('',#1008,#1009);
#1008 = CARTESIAN_POINT('',(-0.515,0.15375,0.));
#1009 = VECTOR('',#1010,1.);
#1010 = DIRECTION('',(0.,1.,0.));
#1011 = ORIENTED_EDGE('',*,*,#929,.F.);
#1012 = PLANE('',#1013);
#1013 = AXIS2_PLACEMENT_3D('',#1014,#1015,#1016);
#1014 = CARTESIAN_POINT('',(-0.415,0.15375,0.1));
#1015 = DIRECTION('',(0.707106781187,0.,-0.707106781187));
#1016 = DIRECTION('',(-0.707106781187,0.,-0.707106781187));
#1017 = ADVANCED_FACE('',(#1018),#1034,.T.);
#1018 = FACE_BOUND('',#1019,.T.);
#1019 = EDGE_LOOP('',(#1020,#1026,#1027,#1033));
#1020 = ORIENTED_EDGE('',*,*,#1021,.T.);
#1021 = EDGE_CURVE('',#991,#960,#1022,.T.);
#1022 = LINE('',#1023,#1024);
#1023 = CARTESIAN_POINT('',(-0.1575,-0.3075,0.2));
#1024 = VECTOR('',#1025,1.);
#1025 = DIRECTION('',(1.,-7.709882115452E-16,0.));
#1026 = ORIENTED_EDGE('',*,*,#976,.T.);
#1027 = ORIENTED_EDGE('',*,*,#1028,.T.);
#1028 = EDGE_CURVE('',#969,#999,#1029,.T.);
#1029 = LINE('',#1030,#1031);
#1030 = CARTESIAN_POINT('',(-0.1575,-0.5075,0.));
#1031 = VECTOR('',#1032,1.);
#1032 = DIRECTION('',(-1.,7.709882115452E-16,0.));
#1033 = ORIENTED_EDGE('',*,*,#998,.F.);
#1034 = PLANE('',#1035);
#1035 = AXIS2_PLACEMENT_3D('',#1036,#1037,#1038);
#1036 = CARTESIAN_POINT('',(-0.1575,-0.4075,0.1));
#1037 = DIRECTION('',(5.451709925985E-16,0.707106781187,-0.707106781187)
  );
#1038 = DIRECTION('',(-1.,1.479114197289E-31,-7.709882115452E-16));
#1039 = ADVANCED_FACE('',(#1040),#1065,.F.);
#1040 = FACE_BOUND('',#1041,.T.);
#1041 = EDGE_LOOP('',(#1042,#1043,#1051,#1059));
#1042 = ORIENTED_EDGE('',*,*,#990,.F.);
#1043 = ORIENTED_EDGE('',*,*,#1044,.F.);
#1044 = EDGE_CURVE('',#1045,#922,#1047,.T.);
#1045 = VERTEX_POINT('',#1046);
#1046 = CARTESIAN_POINT('',(-0.315,0.3075,2.3));
#1047 = LINE('',#1048,#1049);
#1048 = CARTESIAN_POINT('',(-0.315,0.3075,2.5));
#1049 = VECTOR('',#1050,1.);
#1050 = DIRECTION('',(0.,0.,-1.));
#1051 = ORIENTED_EDGE('',*,*,#1052,.F.);
#1052 = EDGE_CURVE('',#1053,#1045,#1055,.T.);
#1053 = VERTEX_POINT('',#1054);
#1054 = CARTESIAN_POINT('',(-0.315,-0.3075,2.3));
#1055 = LINE('',#1056,#1057);
#1056 = CARTESIAN_POINT('',(-0.315,0.15375,2.3));
#1057 = VECTOR('',#1058,1.);
#1058 = DIRECTION('',(0.,1.,0.));
#1059 = ORIENTED_EDGE('',*,*,#1060,.T.);
#1060 = EDGE_CURVE('',#1053,#991,#1061,.T.);
#1061 = LINE('',#1062,#1063);
#1062 = CARTESIAN_POINT('',(-0.315,-0.3075,2.5));
#1063 = VECTOR('',#1064,1.);
#1064 = DIRECTION('',(0.,0.,-1.));
#1065 = PLANE('',#1066);
#1066 = AXIS2_PLACEMENT_3D('',#1067,#1068,#1069);
#1067 = CARTESIAN_POINT('',(-0.315,0.3075,2.5));
#1068 = DIRECTION('',(-1.,0.,0.));
#1069 = DIRECTION('',(0.,0.,1.));
#1070 = ADVANCED_FACE('',(#1071),#1089,.F.);
#1071 = FACE_BOUND('',#1072,.T.);
#1072 = EDGE_LOOP('',(#1073,#1074,#1082,#1088));
#1073 = ORIENTED_EDGE('',*,*,#919,.F.);
#1074 = ORIENTED_EDGE('',*,*,#1075,.F.);
#1075 = EDGE_CURVE('',#1076,#920,#1078,.T.);
#1076 = VERTEX_POINT('',#1077);
#1077 = CARTESIAN_POINT('',(0.315,0.3075,2.3));
#1078 = LINE('',#1079,#1080);
#1079 = CARTESIAN_POINT('',(0.315,0.3075,2.5));
#1080 = VECTOR('',#1081,1.);
#1081 = DIRECTION('',(0.,0.,-1.));
#1082 = ORIENTED_EDGE('',*,*,#1083,.F.);
#1083 = EDGE_CURVE('',#1045,#1076,#1084,.T.);
#1084 = LINE('',#1085,#1086);
#1085 = CARTESIAN_POINT('',(0.1575,0.3075,2.3));
#1086 = VECTOR('',#1087,1.);
#1087 = DIRECTION('',(1.,-7.159176250063E-16,0.));
#1088 = ORIENTED_EDGE('',*,*,#1044,.T.);
#1089 = PLANE('',#1090);
#1090 = AXIS2_PLACEMENT_3D('',#1091,#1092,#1093);
#1091 = CARTESIAN_POINT('',(0.315,0.3075,2.5));
#1092 = DIRECTION('',(7.159176250063E-16,1.,0.));
#1093 = DIRECTION('',(0.,-0.,1.));
#1094 = ADVANCED_FACE('',(#1095,#1101),#1107,.F.);
#1095 = FACE_BOUND('',#1096,.T.);
#1096 = EDGE_LOOP('',(#1097,#1098,#1099,#1100));
#1097 = ORIENTED_EDGE('',*,*,#458,.T.);
#1098 = ORIENTED_EDGE('',*,*,#552,.T.);
#1099 = ORIENTED_EDGE('',*,*,#371,.T.);
#1100 = ORIENTED_EDGE('',*,*,#624,.T.);
#1101 = FACE_BOUND('',#1102,.T.);
#1102 = EDGE_LOOP('',(#1103,#1104,#1105,#1106));
#1103 = ORIENTED_EDGE('',*,*,#937,.F.);
#1104 = ORIENTED_EDGE('',*,*,#1006,.F.);
#1105 = ORIENTED_EDGE('',*,*,#1028,.F.);
#1106 = ORIENTED_EDGE('',*,*,#968,.F.);
#1107 = PLANE('',#1108);
#1108 = AXIS2_PLACEMENT_3D('',#1109,#1110,#1111);
#1109 = CARTESIAN_POINT('',(0.,8.816300263189E-17,0.));
#1110 = DIRECTION('',(0.,0.,1.));
#1111 = DIRECTION('',(1.,0.,-0.));
#1112 = ADVANCED_FACE('',(#1113),#1136,.T.);
#1113 = FACE_BOUND('',#1114,.T.);
#1114 = EDGE_LOOP('',(#1115,#1121,#1122,#1130));
#1115 = ORIENTED_EDGE('',*,*,#1116,.F.);
#1116 = EDGE_CURVE('',#882,#1053,#1117,.T.);
#1117 = LINE('',#1118,#1119);
#1118 = CARTESIAN_POINT('',(-0.278541666667,-0.271041666667,
    2.263541666667));
#1119 = VECTOR('',#1120,1.);
#1120 = DIRECTION('',(0.57735026919,0.57735026919,-0.57735026919));
#1121 = ORIENTED_EDGE('',*,*,#905,.T.);
#1122 = ORIENTED_EDGE('',*,*,#1123,.T.);
#1123 = EDGE_CURVE('',#898,#1124,#1126,.T.);
#1124 = VERTEX_POINT('',#1125);
#1125 = CARTESIAN_POINT('',(0.315,-0.3075,2.3));
#1126 = LINE('',#1127,#1128);
#1127 = CARTESIAN_POINT('',(0.515,-0.5075,2.5));
#1128 = VECTOR('',#1129,1.);
#1129 = DIRECTION('',(-0.57735026919,0.57735026919,-0.57735026919));
#1130 = ORIENTED_EDGE('',*,*,#1131,.T.);
#1131 = EDGE_CURVE('',#1124,#1053,#1132,.T.);
#1132 = LINE('',#1133,#1134);
#1133 = CARTESIAN_POINT('',(-0.1575,-0.3075,2.3));
#1134 = VECTOR('',#1135,1.);
#1135 = DIRECTION('',(-1.,7.709882115452E-16,0.));
#1136 = PLANE('',#1137);
#1137 = AXIS2_PLACEMENT_3D('',#1138,#1139,#1140);
#1138 = CARTESIAN_POINT('',(-0.1575,-0.4075,2.4));
#1139 = DIRECTION('',(5.451709925985E-16,0.707106781187,0.707106781187)
  );
#1140 = DIRECTION('',(1.,-1.479114197289E-31,-7.709882115452E-16));
#1141 = ADVANCED_FACE('',(#1142),#1158,.T.);
#1142 = FACE_BOUND('',#1143,.T.);
#1143 = EDGE_LOOP('',(#1144,#1150,#1151,#1157));
#1144 = ORIENTED_EDGE('',*,*,#1145,.F.);
#1145 = EDGE_CURVE('',#1045,#880,#1146,.T.);
#1146 = LINE('',#1147,#1148);
#1147 = CARTESIAN_POINT('',(-0.277291666667,0.269791666667,
    2.262291666667));
#1148 = VECTOR('',#1149,1.);
#1149 = DIRECTION('',(-0.57735026919,0.57735026919,0.57735026919));
#1150 = ORIENTED_EDGE('',*,*,#1083,.T.);
#1151 = ORIENTED_EDGE('',*,*,#1152,.T.);
#1152 = EDGE_CURVE('',#1076,#890,#1153,.T.);
#1153 = LINE('',#1154,#1155);
#1154 = CARTESIAN_POINT('',(0.315,0.3075,2.3));
#1155 = VECTOR('',#1156,1.);
#1156 = DIRECTION('',(0.57735026919,0.57735026919,0.57735026919));
#1157 = ORIENTED_EDGE('',*,*,#889,.T.);
#1158 = PLANE('',#1159);
#1159 = AXIS2_PLACEMENT_3D('',#1160,#1161,#1162);
#1160 = CARTESIAN_POINT('',(0.1575,0.4075,2.4));
#1161 = DIRECTION('',(-5.062302074129E-16,-0.707106781187,0.707106781187
    ));
#1162 = DIRECTION('',(1.,-2.958228394579E-31,7.159176250063E-16));
#1163 = ADVANCED_FACE('',(#1164),#1175,.T.);
#1164 = FACE_BOUND('',#1165,.T.);
#1165 = EDGE_LOOP('',(#1166,#1172,#1173,#1174));
#1166 = ORIENTED_EDGE('',*,*,#1167,.T.);
#1167 = EDGE_CURVE('',#1076,#1124,#1168,.T.);
#1168 = LINE('',#1169,#1170);
#1169 = CARTESIAN_POINT('',(0.315,-0.15375,2.3));
#1170 = VECTOR('',#1171,1.);
#1171 = DIRECTION('',(2.256550863059E-16,-1.,0.));
#1172 = ORIENTED_EDGE('',*,*,#1123,.F.);
#1173 = ORIENTED_EDGE('',*,*,#897,.T.);
#1174 = ORIENTED_EDGE('',*,*,#1152,.F.);
#1175 = PLANE('',#1176);
#1176 = AXIS2_PLACEMENT_3D('',#1177,#1178,#1179);
#1177 = CARTESIAN_POINT('',(0.415,-0.15375,2.4));
#1178 = DIRECTION('',(-0.707106781187,-1.595622417362E-16,0.707106781187
    ));
#1179 = DIRECTION('',(0.707106781187,1.232595164408E-32,0.707106781187)
  );
#1180 = ADVANCED_FACE('',(#1181),#1192,.F.);
#1181 = FACE_BOUND('',#1182,.T.);
#1182 = EDGE_LOOP('',(#1183,#1184,#1185,#1186));
#1183 = ORIENTED_EDGE('',*,*,#1021,.F.);
#1184 = ORIENTED_EDGE('',*,*,#1060,.F.);
#1185 = ORIENTED_EDGE('',*,*,#1131,.F.);
#1186 = ORIENTED_EDGE('',*,*,#1187,.T.);
#1187 = EDGE_CURVE('',#1124,#960,#1188,.T.);
#1188 = LINE('',#1189,#1190);
#1189 = CARTESIAN_POINT('',(0.315,-0.3075,2.5));
#1190 = VECTOR('',#1191,1.);
#1191 = DIRECTION('',(0.,0.,-1.));
#1192 = PLANE('',#1193);
#1193 = AXIS2_PLACEMENT_3D('',#1194,#1195,#1196);
#1194 = CARTESIAN_POINT('',(-0.315,-0.3075,2.5));
#1195 = DIRECTION('',(-7.709882115452E-16,-1.,0.));
#1196 = DIRECTION('',(-0.,0.,-1.));
#1197 = ADVANCED_FACE('',(#1198),#1204,.F.);
#1198 = FACE_BOUND('',#1199,.T.);
#1199 = EDGE_LOOP('',(#1200,#1201,#1202,#1203));
#1200 = ORIENTED_EDGE('',*,*,#959,.F.);
#1201 = ORIENTED_EDGE('',*,*,#1187,.F.);
#1202 = ORIENTED_EDGE('',*,*,#1167,.F.);
#1203 = ORIENTED_EDGE('',*,*,#1075,.T.);
#1204 = PLANE('',#1205);
#1205 = AXIS2_PLACEMENT_3D('',#1206,#1207,#1208);
#1206 = CARTESIAN_POINT('',(0.315,-0.3075,2.5));
#1207 = DIRECTION('',(1.,2.256550863059E-16,0.));
#1208 = DIRECTION('',(0.,0.,-1.));
#1209 = ADVANCED_FACE('',(#1210),#1216,.T.);
#1210 = FACE_BOUND('',#1211,.T.);
#1211 = EDGE_LOOP('',(#1212,#1213,#1214,#1215));
#1212 = ORIENTED_EDGE('',*,*,#1052,.T.);
#1213 = ORIENTED_EDGE('',*,*,#1145,.T.);
#1214 = ORIENTED_EDGE('',*,*,#879,.T.);
#1215 = ORIENTED_EDGE('',*,*,#1116,.T.);
#1216 = PLANE('',#1217);
#1217 = AXIS2_PLACEMENT_3D('',#1218,#1219,#1220);
#1218 = CARTESIAN_POINT('',(-0.415,0.15375,2.4));
#1219 = DIRECTION('',(0.707106781187,0.,0.707106781187));
#1220 = DIRECTION('',(0.707106781187,0.,-0.707106781187));
#1221 = ADVANCED_FACE('',(#1222),#1233,.F.);
#1222 = FACE_BOUND('',#1223,.T.);
#1223 = EDGE_LOOP('',(#1224,#1225,#1231,#1232));
#1224 = ORIENTED_EDGE('',*,*,#608,.T.);
#1225 = ORIENTED_EDGE('',*,*,#1226,.F.);
#1226 = EDGE_CURVE('',#840,#601,#1227,.T.);
#1227 = LINE('',#1228,#1229);
#1228 = CARTESIAN_POINT('',(-1.27,0.85,1.25));
#1229 = VECTOR('',#1230,1.);
#1230 = DIRECTION('',(0.,0.,-1.));
#1231 = ORIENTED_EDGE('',*,*,#839,.T.);
#1232 = ORIENTED_EDGE('',*,*,#751,.F.);
#1233 = PLANE('',#1234);
#1234 = AXIS2_PLACEMENT_3D('',#1235,#1236,#1237);
#1235 = CARTESIAN_POINT('',(-1.27,0.85,2.5));
#1236 = DIRECTION('',(0.819152044289,-0.573576436351,0.));
#1237 = DIRECTION('',(0.,0.,-1.));
#1238 = ADVANCED_FACE('',(#1239),#1245,.T.);
#1239 = FACE_BOUND('',#1240,.T.);
#1240 = EDGE_LOOP('',(#1241,#1242,#1243,#1244));
#1241 = ORIENTED_EDGE('',*,*,#600,.T.);
#1242 = ORIENTED_EDGE('',*,*,#718,.T.);
#1243 = ORIENTED_EDGE('',*,*,#847,.T.);
#1244 = ORIENTED_EDGE('',*,*,#1226,.T.);
#1245 = PLANE('',#1246);
#1246 = AXIS2_PLACEMENT_3D('',#1247,#1248,#1249);
#1247 = CARTESIAN_POINT('',(-1.27,-1.25,0.));
#1248 = DIRECTION('',(-1.,-1.110223024625E-16,0.));
#1249 = DIRECTION('',(0.,0.,1.));
#1250 = ( GEOMETRIC_REPRESENTATION_CONTEXT(3) 
GLOBAL_UNCERTAINTY_ASSIGNED_CONTEXT((#1254)) 
GLOBAL_UNIT_ASSIGNED_CONTEXT((#1251,#1252,#1253)) REPRESENTATION_CONTEXT
('Context #1','3D Context with UNIT and UNCERTAINTY') );
#1251 = ( LENGTH_UNIT() NAMED_UNIT(*) SI_UNIT(.MILLI.,.METRE.) );
#1252 = ( NAMED_UNIT(*) PLANE_ANGLE_UNIT() SI_UNIT($,.RADIAN.) );
#1253 = ( NAMED_UNIT(*) SI_UNIT($,.STERADIAN.) SOLID_ANGLE_UNIT() );
#1254 = UNCERTAINTY_MEASURE_WITH_UNIT(LENGTH_MEASURE(1.E-07),#1251,
  'distance_accuracy_value','confusion accuracy');
#1255 = CONTEXT_DEPENDENT_SHAPE_REPRESENTATION(#1256,#1258);
#1256 = ( REPRESENTATION_RELATIONSHIP('','',#243,#32) 
REPRESENTATION_RELATIONSHIP_WITH_TRANSFORMATION(#1257) 
SHAPE_REPRESENTATION_RELATIONSHIP() );
#1257 = ITEM_DEFINED_TRANSFORMATION('','',#11,#33);
#1258 = PRODUCT_DEFINITION_SHAPE('Placement','Placement of an item',
  #1259);
#1259 = NEXT_ASSEMBLY_USAGE_OCCURRENCE('1111','F1000S1120M007B272','',
  #27,#238,$);
#1260 = PRODUCT_RELATED_PRODUCT_CATEGORY('part',$,(#240));
#1261 = SHAPE_DEFINITION_REPRESENTATION(#1262,#1268);
#1262 = PRODUCT_DEFINITION_SHAPE('','',#1263);
#1263 = PRODUCT_DEFINITION('design','',#1264,#1267);
#1264 = PRODUCT_DEFINITION_FORMATION('','',#1265);
#1265 = PRODUCT('1039931_IAM_272','1039931_IAM_272','',(#1266));
#1266 = PRODUCT_CONTEXT('',#2,'mechanical');
#1267 = PRODUCT_DEFINITION_CONTEXT('part definition',#2,'design');
#1268 = SHAPE_REPRESENTATION('',(#11,#1269,#1273),#1277);
#1269 = AXIS2_PLACEMENT_3D('',#1270,#1271,#1272);
#1270 = CARTESIAN_POINT('',(0.,0.,0.));
#1271 = DIRECTION('',(0.,0.,1.));
#1272 = DIRECTION('',(1.,0.,0.));
#1273 = AXIS2_PLACEMENT_3D('',#1274,#1275,#1276);
#1274 = CARTESIAN_POINT('',(-4.51028103754E-16,0.574523821802,0.));
#1275 = DIRECTION('',(0.,0.,-1.));
#1276 = DIRECTION('',(1.,0.,0.));
#1277 = ( GEOMETRIC_REPRESENTATION_CONTEXT(3) 
GLOBAL_UNCERTAINTY_ASSIGNED_CONTEXT((#1281)) 
GLOBAL_UNIT_ASSIGNED_CONTEXT((#1278,#1279,#1280)) REPRESENTATION_CONTEXT
('Context #1','3D Context with UNIT and UNCERTAINTY') );
#1278 = ( LENGTH_UNIT() NAMED_UNIT(*) SI_UNIT(.MILLI.,.METRE.) );
#1279 = ( NAMED_UNIT(*) PLANE_ANGLE_UNIT() SI_UNIT($,.RADIAN.) );
#1280 = ( NAMED_UNIT(*) SI_UNIT($,.STERADIAN.) SOLID_ANGLE_UNIT() );
#1281 = UNCERTAINTY_MEASURE_WITH_UNIT(LENGTH_MEASURE(1.E-07),#1278,
  'distance_accuracy_value','confusion accuracy');
#1282 = CONTEXT_DEPENDENT_SHAPE_REPRESENTATION(#1283,#1285);
#1283 = ( REPRESENTATION_RELATIONSHIP('','',#1268,#32) 
REPRESENTATION_RELATIONSHIP_WITH_TRANSFORMATION(#1284) 
SHAPE_REPRESENTATION_RELATIONSHIP() );
#1284 = ITEM_DEFINED_TRANSFORMATION('','',#11,#37);
#1285 = PRODUCT_DEFINITION_SHAPE('Placement','Placement of an item',
  #1286);
#1286 = NEXT_ASSEMBLY_USAGE_OCCURRENCE('1114','1039931_IAM_272','',#27,
  #1263,$);
#1287 = PRODUCT_RELATED_PRODUCT_CATEGORY('part',$,(#1265));
#1288 = SHAPE_DEFINITION_REPRESENTATION(#1289,#1295);
#1289 = PRODUCT_DEFINITION_SHAPE('','',#1290);
#1290 = PRODUCT_DEFINITION('design','',#1291,#1294);
#1291 = PRODUCT_DEFINITION_FORMATION('','',#1292);
#1292 = PRODUCT('1039929_IPT_272','1039929_IPT_272','',(#1293));
#1293 = PRODUCT_CONTEXT('',#2,'mechanical');
#1294 = PRODUCT_DEFINITION_CONTEXT('part definition',#2,'design');
#1295 = ADVANCED_BREP_SHAPE_REPRESENTATION('',(#11,#1296),#1710);
#1296 = MANIFOLD_SOLID_BREP('',#1297);
#1297 = CLOSED_SHELL('',(#1298,#1346,#1377,#1417,#1457,#1496,#1536,#1560
    ,#1592,#1623,#1648,#1665,#1686,#1698));
#1298 = ADVANCED_FACE('',(#1299),#1341,.T.);
#1299 = FACE_BOUND('',#1300,.T.);
#1300 = EDGE_LOOP('',(#1301,#1311,#1319,#1327,#1335));
#1301 = ORIENTED_EDGE('',*,*,#1302,.T.);
#1302 = EDGE_CURVE('',#1303,#1305,#1307,.T.);
#1303 = VERTEX_POINT('',#1304);
#1304 = CARTESIAN_POINT('',(-0.327579365079,0.604761910901,
    4.366657687084));
#1305 = VERTEX_POINT('',#1306);
#1306 = CARTESIAN_POINT('',(-0.327579365079,0.498088060568,4.5));
#1307 = LINE('',#1308,#1309);
#1308 = CARTESIAN_POINT('',(-0.327579365079,1.535570538747,
    3.203146902277));
#1309 = VECTOR('',#1310,1.);
#1310 = DIRECTION('',(6.826287649254E-17,-0.624695047554,0.780868809443)
  );
#1311 = ORIENTED_EDGE('',*,*,#1312,.T.);
#1312 = EDGE_CURVE('',#1305,#1313,#1315,.T.);
#1313 = VERTEX_POINT('',#1314);
#1314 = CARTESIAN_POINT('',(-0.127579365079,0.298088060568,5.));
#1315 = LINE('',#1316,#1317);
#1316 = CARTESIAN_POINT('',(-0.214145892392,0.384654587881,
    4.783583681717));
#1317 = VECTOR('',#1318,1.);
#1318 = DIRECTION('',(0.348155311911,-0.348155311911,0.870388279778));
#1319 = ORIENTED_EDGE('',*,*,#1320,.T.);
#1320 = EDGE_CURVE('',#1313,#1321,#1323,.T.);
#1321 = VERTEX_POINT('',#1322);
#1322 = CARTESIAN_POINT('',(-2.090551474655E-02,0.404761910901,5.));
#1323 = LINE('',#1324,#1325);
#1324 = CARTESIAN_POINT('',(-7.424243991296E-02,0.351424985735,5.));
#1325 = VECTOR('',#1326,1.);
#1326 = DIRECTION('',(0.707106781187,0.707106781187,0.));
#1327 = ORIENTED_EDGE('',*,*,#1328,.T.);
#1328 = EDGE_CURVE('',#1321,#1329,#1331,.T.);
#1329 = VERTEX_POINT('',#1330);
#1330 = CARTESIAN_POINT('',(-0.220905514747,0.604761910901,4.5));
#1331 = LINE('',#1332,#1333);
#1332 = CARTESIAN_POINT('',(-0.10747204206,0.491328438214,4.783583681717
    ));
#1333 = VECTOR('',#1334,1.);
#1334 = DIRECTION('',(-0.348155311911,0.348155311911,-0.870388279778));
#1335 = ORIENTED_EDGE('',*,*,#1336,.T.);
#1336 = EDGE_CURVE('',#1329,#1303,#1337,.T.);
#1337 = LINE('',#1338,#1339);
#1338 = CARTESIAN_POINT('',(-1.134485553901,0.604761910901,
    3.358024951057));
#1339 = VECTOR('',#1340,1.);
#1340 = DIRECTION('',(-0.624695047554,0.,-0.780868809443));
#1341 = PLANE('',#1342);
#1342 = AXIS2_PLACEMENT_3D('',#1343,#1344,#1345);
#1343 = CARTESIAN_POINT('',(-0.160808967226,0.437991513048,
    4.783583681717));
#1344 = DIRECTION('',(-0.615457454897,0.615457454897,0.492365963917));
#1345 = DIRECTION('',(0.624695047554,4.163336342344E-16,0.780868809443)
  );
#1346 = ADVANCED_FACE('',(#1347),#1372,.T.);
#1347 = FACE_BOUND('',#1348,.T.);
#1348 = EDGE_LOOP('',(#1349,#1350,#1358,#1366));
#1349 = ORIENTED_EDGE('',*,*,#1312,.F.);
#1350 = ORIENTED_EDGE('',*,*,#1351,.T.);
#1351 = EDGE_CURVE('',#1305,#1352,#1354,.T.);
#1352 = VERTEX_POINT('',#1353);
#1353 = CARTESIAN_POINT('',(-0.327579365079,7.643576123391E-02,4.5));
#1354 = LINE('',#1355,#1356);
#1355 = CARTESIAN_POINT('',(-0.327579365079,0.446011910901,4.5));
#1356 = VECTOR('',#1357,1.);
#1357 = DIRECTION('',(1.092739197466E-16,-1.,0.));
#1358 = ORIENTED_EDGE('',*,*,#1359,.F.);
#1359 = EDGE_CURVE('',#1360,#1352,#1362,.T.);
#1360 = VERTEX_POINT('',#1361);
#1361 = CARTESIAN_POINT('',(-0.127579365079,0.276435761234,5.));
#1362 = LINE('',#1363,#1364);
#1363 = CARTESIAN_POINT('',(-0.214145892392,0.189869233921,
    4.783583681717));
#1364 = VECTOR('',#1365,1.);
#1365 = DIRECTION('',(-0.348155311911,-0.348155311911,-0.870388279778));
#1366 = ORIENTED_EDGE('',*,*,#1367,.T.);
#1367 = EDGE_CURVE('',#1360,#1313,#1368,.T.);
#1368 = LINE('',#1369,#1370);
#1369 = CARTESIAN_POINT('',(-0.127579365079,0.446011910901,5.));
#1370 = VECTOR('',#1371,1.);
#1371 = DIRECTION('',(-1.092739197466E-16,1.,0.));
#1372 = PLANE('',#1373);
#1373 = AXIS2_PLACEMENT_3D('',#1374,#1375,#1376);
#1374 = CARTESIAN_POINT('',(-0.227579365079,0.446011910901,4.75));
#1375 = DIRECTION('',(-0.928476690885,-1.014582874064E-16,0.371390676354
    ));
#1376 = DIRECTION('',(0.371390676354,-6.162975822039E-33,0.928476690885)
  );
#1377 = ADVANCED_FACE('',(#1378),#1412,.T.);
#1378 = FACE_BOUND('',#1379,.T.);
#1379 = EDGE_LOOP('',(#1380,#1381,#1389,#1397,#1405,#1411));
#1380 = ORIENTED_EDGE('',*,*,#1302,.F.);
#1381 = ORIENTED_EDGE('',*,*,#1382,.F.);
#1382 = EDGE_CURVE('',#1383,#1303,#1385,.T.);
#1383 = VERTEX_POINT('',#1384);
#1384 = CARTESIAN_POINT('',(-0.327579365079,0.604761910901,0.));
#1385 = LINE('',#1386,#1387);
#1386 = CARTESIAN_POINT('',(-0.327579365079,0.604761910901,0.));
#1387 = VECTOR('',#1388,1.);
#1388 = DIRECTION('',(0.,0.,1.));
#1389 = ORIENTED_EDGE('',*,*,#1390,.T.);
#1390 = EDGE_CURVE('',#1383,#1391,#1393,.T.);
#1391 = VERTEX_POINT('',#1392);
#1392 = CARTESIAN_POINT('',(-0.327579365079,-3.023808909891E-02,0.));
#1393 = LINE('',#1394,#1395);
#1394 = CARTESIAN_POINT('',(-0.327579365079,0.604761910901,0.));
#1395 = VECTOR('',#1396,1.);
#1396 = DIRECTION('',(1.092739197466E-16,-1.,0.));
#1397 = ORIENTED_EDGE('',*,*,#1398,.T.);
#1398 = EDGE_CURVE('',#1391,#1399,#1401,.T.);
#1399 = VERTEX_POINT('',#1400);
#1400 = CARTESIAN_POINT('',(-0.327579365079,-3.023808909891E-02,
    4.366657687084));
#1401 = LINE('',#1402,#1403);
#1402 = CARTESIAN_POINT('',(-0.327579365079,-3.023808909891E-02,0.));
#1403 = VECTOR('',#1404,1.);
#1404 = DIRECTION('',(0.,0.,1.));
#1405 = ORIENTED_EDGE('',*,*,#1406,.F.);
#1406 = EDGE_CURVE('',#1352,#1399,#1407,.T.);
#1407 = LINE('',#1408,#1409);
#1408 = CARTESIAN_POINT('',(-0.327579365079,-0.83714427792,
    3.358024951057));
#1409 = VECTOR('',#1410,1.);
#1410 = DIRECTION('',(6.826287649254E-17,-0.624695047554,-0.780868809443
    ));
#1411 = ORIENTED_EDGE('',*,*,#1351,.F.);
#1412 = PLANE('',#1413);
#1413 = AXIS2_PLACEMENT_3D('',#1414,#1415,#1416);
#1414 = CARTESIAN_POINT('',(-0.327579365079,0.604761910901,0.));
#1415 = DIRECTION('',(-1.,-1.092739197466E-16,0.));
#1416 = DIRECTION('',(1.092739197466E-16,-1.,0.));
#1417 = ADVANCED_FACE('',(#1418),#1452,.T.);
#1418 = FACE_BOUND('',#1419,.T.);
#1419 = EDGE_LOOP('',(#1420,#1421,#1429,#1437,#1445,#1451));
#1420 = ORIENTED_EDGE('',*,*,#1336,.F.);
#1421 = ORIENTED_EDGE('',*,*,#1422,.F.);
#1422 = EDGE_CURVE('',#1423,#1329,#1425,.T.);
#1423 = VERTEX_POINT('',#1424);
#1424 = CARTESIAN_POINT('',(0.200746784588,0.604761910901,4.5));
#1425 = LINE('',#1426,#1427);
#1426 = CARTESIAN_POINT('',(0.148670634921,0.604761910901,4.5));
#1427 = VECTOR('',#1428,1.);
#1428 = DIRECTION('',(-1.,0.,0.));
#1429 = ORIENTED_EDGE('',*,*,#1430,.F.);
#1430 = EDGE_CURVE('',#1431,#1423,#1433,.T.);
#1431 = VERTEX_POINT('',#1432);
#1432 = CARTESIAN_POINT('',(0.307420634921,0.604761910901,4.366657687084
    ));
#1433 = LINE('',#1434,#1435);
#1434 = CARTESIAN_POINT('',(1.238229262766,0.604761910901,3.203146902277
    ));
#1435 = VECTOR('',#1436,1.);
#1436 = DIRECTION('',(-0.624695047554,0.,0.780868809443));
#1437 = ORIENTED_EDGE('',*,*,#1438,.F.);
#1438 = EDGE_CURVE('',#1439,#1431,#1441,.T.);
#1439 = VERTEX_POINT('',#1440);
#1440 = CARTESIAN_POINT('',(0.307420634921,0.604761910901,0.));
#1441 = LINE('',#1442,#1443);
#1442 = CARTESIAN_POINT('',(0.307420634921,0.604761910901,0.));
#1443 = VECTOR('',#1444,1.);
#1444 = DIRECTION('',(0.,0.,1.));
#1445 = ORIENTED_EDGE('',*,*,#1446,.T.);
#1446 = EDGE_CURVE('',#1439,#1383,#1447,.T.);
#1447 = LINE('',#1448,#1449);
#1448 = CARTESIAN_POINT('',(0.307420634921,0.604761910901,0.));
#1449 = VECTOR('',#1450,1.);
#1450 = DIRECTION('',(-1.,0.,0.));
#1451 = ORIENTED_EDGE('',*,*,#1382,.T.);
#1452 = PLANE('',#1453);
#1453 = AXIS2_PLACEMENT_3D('',#1454,#1455,#1456);
#1454 = CARTESIAN_POINT('',(0.307420634921,0.604761910901,0.));
#1455 = DIRECTION('',(0.,1.,0.));
#1456 = DIRECTION('',(-1.,0.,0.));
#1457 = ADVANCED_FACE('',(#1458),#1491,.T.);
#1458 = FACE_BOUND('',#1459,.T.);
#1459 = EDGE_LOOP('',(#1460,#1461,#1469,#1477,#1485));
#1460 = ORIENTED_EDGE('',*,*,#1430,.T.);
#1461 = ORIENTED_EDGE('',*,*,#1462,.T.);
#1462 = EDGE_CURVE('',#1423,#1463,#1465,.T.);
#1463 = VERTEX_POINT('',#1464);
#1464 = CARTESIAN_POINT('',(7.467845878209E-04,0.404761910901,5.));
#1465 = LINE('',#1466,#1467);
#1466 = CARTESIAN_POINT('',(8.731331190089E-02,0.491328438214,
    4.783583681717));
#1467 = VECTOR('',#1468,1.);
#1468 = DIRECTION('',(-0.348155311911,-0.348155311911,0.870388279778));
#1469 = ORIENTED_EDGE('',*,*,#1470,.T.);
#1470 = EDGE_CURVE('',#1463,#1471,#1473,.T.);
#1471 = VERTEX_POINT('',#1472);
#1472 = CARTESIAN_POINT('',(0.107420634921,0.298088060568,5.));
#1473 = LINE('',#1474,#1475);
#1474 = CARTESIAN_POINT('',(5.408370975423E-02,0.351424985735,5.));
#1475 = VECTOR('',#1476,1.);
#1476 = DIRECTION('',(0.707106781187,-0.707106781187,0.));
#1477 = ORIENTED_EDGE('',*,*,#1478,.T.);
#1478 = EDGE_CURVE('',#1471,#1479,#1481,.T.);
#1479 = VERTEX_POINT('',#1480);
#1480 = CARTESIAN_POINT('',(0.307420634921,0.498088060568,4.5));
#1481 = LINE('',#1482,#1483);
#1482 = CARTESIAN_POINT('',(0.193987162234,0.384654587881,4.783583681717
    ));
#1483 = VECTOR('',#1484,1.);
#1484 = DIRECTION('',(0.348155311911,0.348155311911,-0.870388279778));
#1485 = ORIENTED_EDGE('',*,*,#1486,.T.);
#1486 = EDGE_CURVE('',#1479,#1431,#1487,.T.);
#1487 = LINE('',#1488,#1489);
#1488 = CARTESIAN_POINT('',(0.307420634921,1.411668099723,3.358024951057
    ));
#1489 = VECTOR('',#1490,1.);
#1490 = DIRECTION('',(-4.778401354478E-16,0.624695047554,-0.780868809443
    ));
#1491 = PLANE('',#1492);
#1492 = AXIS2_PLACEMENT_3D('',#1493,#1494,#1495);
#1493 = CARTESIAN_POINT('',(0.140650237067,0.437991513048,4.783583681717
    ));
#1494 = DIRECTION('',(0.615457454897,0.615457454897,0.492365963917));
#1495 = DIRECTION('',(0.624695047554,-8.326672684689E-17,-0.780868809443
    ));
#1496 = ADVANCED_FACE('',(#1497),#1531,.T.);
#1497 = FACE_BOUND('',#1498,.T.);
#1498 = EDGE_LOOP('',(#1499,#1500,#1508,#1516,#1524,#1530));
#1499 = ORIENTED_EDGE('',*,*,#1486,.F.);
#1500 = ORIENTED_EDGE('',*,*,#1501,.F.);
#1501 = EDGE_CURVE('',#1502,#1479,#1504,.T.);
#1502 = VERTEX_POINT('',#1503);
#1503 = CARTESIAN_POINT('',(0.307420634921,7.643576123391E-02,4.5));
#1504 = LINE('',#1505,#1506);
#1505 = CARTESIAN_POINT('',(0.307420634921,0.128511910901,4.5));
#1506 = VECTOR('',#1507,1.);
#1507 = DIRECTION('',(-7.64917438226E-16,1.,0.));
#1508 = ORIENTED_EDGE('',*,*,#1509,.F.);
#1509 = EDGE_CURVE('',#1510,#1502,#1512,.T.);
#1510 = VERTEX_POINT('',#1511);
#1511 = CARTESIAN_POINT('',(0.307420634921,-3.023808909891E-02,
    4.366657687084));
#1512 = LINE('',#1513,#1514);
#1513 = CARTESIAN_POINT('',(0.307420634921,-0.961046716945,
    3.203146902277));
#1514 = VECTOR('',#1515,1.);
#1515 = DIRECTION('',(-4.778401354478E-16,0.624695047554,0.780868809443)
  );
#1516 = ORIENTED_EDGE('',*,*,#1517,.F.);
#1517 = EDGE_CURVE('',#1518,#1510,#1520,.T.);
#1518 = VERTEX_POINT('',#1519);
#1519 = CARTESIAN_POINT('',(0.307420634921,-3.023808909891E-02,0.));
#1520 = LINE('',#1521,#1522);
#1521 = CARTESIAN_POINT('',(0.307420634921,-3.023808909891E-02,0.));
#1522 = VECTOR('',#1523,1.);
#1523 = DIRECTION('',(0.,0.,1.));
#1524 = ORIENTED_EDGE('',*,*,#1525,.T.);
#1525 = EDGE_CURVE('',#1518,#1439,#1526,.T.);
#1526 = LINE('',#1527,#1528);
#1527 = CARTESIAN_POINT('',(0.307420634921,-3.023808909891E-02,0.));
#1528 = VECTOR('',#1529,1.);
#1529 = DIRECTION('',(-7.64917438226E-16,1.,0.));
#1530 = ORIENTED_EDGE('',*,*,#1438,.T.);
#1531 = PLANE('',#1532);
#1532 = AXIS2_PLACEMENT_3D('',#1533,#1534,#1535);
#1533 = CARTESIAN_POINT('',(0.307420634921,-3.023808909891E-02,0.));
#1534 = DIRECTION('',(1.,7.64917438226E-16,0.));
#1535 = DIRECTION('',(-7.64917438226E-16,1.,0.));
#1536 = ADVANCED_FACE('',(#1537),#1555,.T.);
#1537 = FACE_BOUND('',#1538,.T.);
#1538 = EDGE_LOOP('',(#1539,#1540,#1548,#1554));
#1539 = ORIENTED_EDGE('',*,*,#1478,.F.);
#1540 = ORIENTED_EDGE('',*,*,#1541,.T.);
#1541 = EDGE_CURVE('',#1471,#1542,#1544,.T.);
#1542 = VERTEX_POINT('',#1543);
#1543 = CARTESIAN_POINT('',(0.107420634921,0.276435761234,5.));
#1544 = LINE('',#1545,#1546);
#1545 = CARTESIAN_POINT('',(0.107420634921,0.128511910901,5.));
#1546 = VECTOR('',#1547,1.);
#1547 = DIRECTION('',(7.64917438226E-16,-1.,0.));
#1548 = ORIENTED_EDGE('',*,*,#1549,.F.);
#1549 = EDGE_CURVE('',#1502,#1542,#1550,.T.);
#1550 = LINE('',#1551,#1552);
#1551 = CARTESIAN_POINT('',(0.193987162234,0.189869233921,4.783583681717
    ));
#1552 = VECTOR('',#1553,1.);
#1553 = DIRECTION('',(-0.348155311911,0.348155311911,0.870388279778));
#1554 = ORIENTED_EDGE('',*,*,#1501,.T.);
#1555 = PLANE('',#1556);
#1556 = AXIS2_PLACEMENT_3D('',#1557,#1558,#1559);
#1557 = CARTESIAN_POINT('',(0.207420634921,0.128511910901,4.75));
#1558 = DIRECTION('',(0.928476690885,7.102080118445E-16,0.371390676354)
  );
#1559 = DIRECTION('',(0.371390676354,0.,-0.928476690885));
#1560 = ADVANCED_FACE('',(#1561),#1587,.T.);
#1561 = FACE_BOUND('',#1562,.T.);
#1562 = EDGE_LOOP('',(#1563,#1571,#1579,#1585,#1586));
#1563 = ORIENTED_EDGE('',*,*,#1564,.T.);
#1564 = EDGE_CURVE('',#1542,#1565,#1567,.T.);
#1565 = VERTEX_POINT('',#1566);
#1566 = CARTESIAN_POINT('',(7.46784587821E-04,0.169761910901,5.));
#1567 = LINE('',#1568,#1569);
#1568 = CARTESIAN_POINT('',(5.408370975423E-02,0.223098836068,5.));
#1569 = VECTOR('',#1570,1.);
#1570 = DIRECTION('',(-0.707106781187,-0.707106781187,0.));
#1571 = ORIENTED_EDGE('',*,*,#1572,.T.);
#1572 = EDGE_CURVE('',#1565,#1573,#1575,.T.);
#1573 = VERTEX_POINT('',#1574);
#1574 = CARTESIAN_POINT('',(0.200746784588,-3.023808909891E-02,4.5));
#1575 = LINE('',#1576,#1577);
#1576 = CARTESIAN_POINT('',(8.731331190089E-02,8.319538358803E-02,
    4.783583681717));
#1577 = VECTOR('',#1578,1.);
#1578 = DIRECTION('',(0.348155311911,-0.348155311911,-0.870388279778));
#1579 = ORIENTED_EDGE('',*,*,#1580,.T.);
#1580 = EDGE_CURVE('',#1573,#1510,#1581,.T.);
#1581 = LINE('',#1582,#1583);
#1582 = CARTESIAN_POINT('',(1.114326823742,-3.023808909891E-02,
    3.358024951057));
#1583 = VECTOR('',#1584,1.);
#1584 = DIRECTION('',(0.624695047554,0.,-0.780868809443));
#1585 = ORIENTED_EDGE('',*,*,#1509,.T.);
#1586 = ORIENTED_EDGE('',*,*,#1549,.T.);
#1587 = PLANE('',#1588);
#1588 = AXIS2_PLACEMENT_3D('',#1589,#1590,#1591);
#1589 = CARTESIAN_POINT('',(0.140650237067,0.136532308754,4.783583681717
    ));
#1590 = DIRECTION('',(0.615457454897,-0.615457454897,0.492365963917));
#1591 = DIRECTION('',(0.624695047554,1.110223024625E-16,-0.780868809443)
  );
#1592 = ADVANCED_FACE('',(#1593),#1618,.T.);
#1593 = FACE_BOUND('',#1594,.T.);
#1594 = EDGE_LOOP('',(#1595,#1596,#1604,#1610,#1611,#1617));
#1595 = ORIENTED_EDGE('',*,*,#1580,.F.);
#1596 = ORIENTED_EDGE('',*,*,#1597,.F.);
#1597 = EDGE_CURVE('',#1598,#1573,#1600,.T.);
#1598 = VERTEX_POINT('',#1599);
#1599 = CARTESIAN_POINT('',(-0.220905514747,-3.023808909891E-02,4.5));
#1600 = LINE('',#1601,#1602);
#1601 = CARTESIAN_POINT('',(-0.168829365079,-3.023808909891E-02,4.5));
#1602 = VECTOR('',#1603,1.);
#1603 = DIRECTION('',(1.,0.,0.));
#1604 = ORIENTED_EDGE('',*,*,#1605,.F.);
#1605 = EDGE_CURVE('',#1399,#1598,#1606,.T.);
#1606 = LINE('',#1607,#1608);
#1607 = CARTESIAN_POINT('',(-1.258387992925,-3.023808909891E-02,
    3.203146902277));
#1608 = VECTOR('',#1609,1.);
#1609 = DIRECTION('',(0.624695047554,0.,0.780868809443));
#1610 = ORIENTED_EDGE('',*,*,#1398,.F.);
#1611 = ORIENTED_EDGE('',*,*,#1612,.T.);
#1612 = EDGE_CURVE('',#1391,#1518,#1613,.T.);
#1613 = LINE('',#1614,#1615);
#1614 = CARTESIAN_POINT('',(-0.327579365079,-3.023808909891E-02,0.));
#1615 = VECTOR('',#1616,1.);
#1616 = DIRECTION('',(1.,0.,0.));
#1617 = ORIENTED_EDGE('',*,*,#1517,.T.);
#1618 = PLANE('',#1619);
#1619 = AXIS2_PLACEMENT_3D('',#1620,#1621,#1622);
#1620 = CARTESIAN_POINT('',(-0.327579365079,-3.023808909891E-02,0.));
#1621 = DIRECTION('',(0.,-1.,0.));
#1622 = DIRECTION('',(1.,0.,0.));
#1623 = ADVANCED_FACE('',(#1624),#1643,.T.);
#1624 = FACE_BOUND('',#1625,.T.);
#1625 = EDGE_LOOP('',(#1626,#1627,#1635,#1641,#1642));
#1626 = ORIENTED_EDGE('',*,*,#1605,.T.);
#1627 = ORIENTED_EDGE('',*,*,#1628,.T.);
#1628 = EDGE_CURVE('',#1598,#1629,#1631,.T.);
#1629 = VERTEX_POINT('',#1630);
#1630 = CARTESIAN_POINT('',(-2.090551474655E-02,0.169761910901,5.));
#1631 = LINE('',#1632,#1633);
#1632 = CARTESIAN_POINT('',(-0.10747204206,8.319538358803E-02,
    4.783583681717));
#1633 = VECTOR('',#1634,1.);
#1634 = DIRECTION('',(0.348155311911,0.348155311911,0.870388279778));
#1635 = ORIENTED_EDGE('',*,*,#1636,.T.);
#1636 = EDGE_CURVE('',#1629,#1360,#1637,.T.);
#1637 = LINE('',#1638,#1639);
#1638 = CARTESIAN_POINT('',(-7.424243991296E-02,0.223098836068,5.));
#1639 = VECTOR('',#1640,1.);
#1640 = DIRECTION('',(-0.707106781187,0.707106781187,0.));
#1641 = ORIENTED_EDGE('',*,*,#1359,.T.);
#1642 = ORIENTED_EDGE('',*,*,#1406,.T.);
#1643 = PLANE('',#1644);
#1644 = AXIS2_PLACEMENT_3D('',#1645,#1646,#1647);
#1645 = CARTESIAN_POINT('',(-0.160808967226,0.136532308754,
    4.783583681717));
#1646 = DIRECTION('',(-0.615457454897,-0.615457454897,0.492365963917));
#1647 = DIRECTION('',(0.624695047554,-8.326672684689E-17,0.780868809443)
  );
#1648 = ADVANCED_FACE('',(#1649),#1660,.T.);
#1649 = FACE_BOUND('',#1650,.T.);
#1650 = EDGE_LOOP('',(#1651,#1652,#1658,#1659));
#1651 = ORIENTED_EDGE('',*,*,#1572,.F.);
#1652 = ORIENTED_EDGE('',*,*,#1653,.T.);
#1653 = EDGE_CURVE('',#1565,#1629,#1654,.T.);
#1654 = LINE('',#1655,#1656);
#1655 = CARTESIAN_POINT('',(-0.168829365079,0.169761910901,5.));
#1656 = VECTOR('',#1657,1.);
#1657 = DIRECTION('',(-1.,0.,0.));
#1658 = ORIENTED_EDGE('',*,*,#1628,.F.);
#1659 = ORIENTED_EDGE('',*,*,#1597,.T.);
#1660 = PLANE('',#1661);
#1661 = AXIS2_PLACEMENT_3D('',#1662,#1663,#1664);
#1662 = CARTESIAN_POINT('',(-0.168829365079,6.976191090109E-02,4.75));
#1663 = DIRECTION('',(0.,-0.928476690885,0.371390676354));
#1664 = DIRECTION('',(0.,-0.371390676354,-0.928476690885));
#1665 = ADVANCED_FACE('',(#1666),#1681,.T.);
#1666 = FACE_BOUND('',#1667,.T.);
#1667 = EDGE_LOOP('',(#1668,#1669,#1670,#1671,#1672,#1673,#1674,#1675));
#1668 = ORIENTED_EDGE('',*,*,#1320,.F.);
#1669 = ORIENTED_EDGE('',*,*,#1367,.F.);
#1670 = ORIENTED_EDGE('',*,*,#1636,.F.);
#1671 = ORIENTED_EDGE('',*,*,#1653,.F.);
#1672 = ORIENTED_EDGE('',*,*,#1564,.F.);
#1673 = ORIENTED_EDGE('',*,*,#1541,.F.);
#1674 = ORIENTED_EDGE('',*,*,#1470,.F.);
#1675 = ORIENTED_EDGE('',*,*,#1676,.F.);
#1676 = EDGE_CURVE('',#1321,#1463,#1677,.T.);
#1677 = LINE('',#1678,#1679);
#1678 = CARTESIAN_POINT('',(0.148670634921,0.404761910901,5.));
#1679 = VECTOR('',#1680,1.);
#1680 = DIRECTION('',(1.,0.,0.));
#1681 = PLANE('',#1682);
#1682 = AXIS2_PLACEMENT_3D('',#1683,#1684,#1685);
#1683 = CARTESIAN_POINT('',(-1.007936507936E-02,0.287261910901,5.));
#1684 = DIRECTION('',(0.,0.,1.));
#1685 = DIRECTION('',(1.,0.,-0.));
#1686 = ADVANCED_FACE('',(#1687),#1693,.T.);
#1687 = FACE_BOUND('',#1688,.T.);
#1688 = EDGE_LOOP('',(#1689,#1690,#1691,#1692));
#1689 = ORIENTED_EDGE('',*,*,#1328,.F.);
#1690 = ORIENTED_EDGE('',*,*,#1676,.T.);
#1691 = ORIENTED_EDGE('',*,*,#1462,.F.);
#1692 = ORIENTED_EDGE('',*,*,#1422,.T.);
#1693 = PLANE('',#1694);
#1694 = AXIS2_PLACEMENT_3D('',#1695,#1696,#1697);
#1695 = CARTESIAN_POINT('',(0.148670634921,0.504761910901,4.75));
#1696 = DIRECTION('',(0.,0.928476690885,0.371390676354));
#1697 = DIRECTION('',(0.,-0.371390676354,0.928476690885));
#1698 = ADVANCED_FACE('',(#1699),#1705,.F.);
#1699 = FACE_BOUND('',#1700,.T.);
#1700 = EDGE_LOOP('',(#1701,#1702,#1703,#1704));
#1701 = ORIENTED_EDGE('',*,*,#1446,.F.);
#1702 = ORIENTED_EDGE('',*,*,#1525,.F.);
#1703 = ORIENTED_EDGE('',*,*,#1612,.F.);
#1704 = ORIENTED_EDGE('',*,*,#1390,.F.);
#1705 = PLANE('',#1706);
#1706 = AXIS2_PLACEMENT_3D('',#1707,#1708,#1709);
#1707 = CARTESIAN_POINT('',(-1.007936507936E-02,0.287261910901,0.));
#1708 = DIRECTION('',(0.,0.,1.));
#1709 = DIRECTION('',(1.,0.,-0.));
#1710 = ( GEOMETRIC_REPRESENTATION_CONTEXT(3) 
GLOBAL_UNCERTAINTY_ASSIGNED_CONTEXT((#1714)) 
GLOBAL_UNIT_ASSIGNED_CONTEXT((#1711,#1712,#1713)) REPRESENTATION_CONTEXT
('Context #1','3D Context with UNIT and UNCERTAINTY') );
#1711 = ( LENGTH_UNIT() NAMED_UNIT(*) SI_UNIT(.MILLI.,.METRE.) );
#1712 = ( NAMED_UNIT(*) PLANE_ANGLE_UNIT() SI_UNIT($,.RADIAN.) );
#1713 = ( NAMED_UNIT(*) SI_UNIT($,.STERADIAN.) SOLID_ANGLE_UNIT() );
#1714 = UNCERTAINTY_MEASURE_WITH_UNIT(LENGTH_MEASURE(1.E-07),#1711,
  'distance_accuracy_value','confusion accuracy');
#1715 = CONTEXT_DEPENDENT_SHAPE_REPRESENTATION(#1716,#1718);
#1716 = ( REPRESENTATION_RELATIONSHIP('','',#1295,#1268) 
REPRESENTATION_RELATIONSHIP_WITH_TRANSFORMATION(#1717) 
SHAPE_REPRESENTATION_RELATIONSHIP() );
#1717 = ITEM_DEFINED_TRANSFORMATION('','',#11,#1269);
#1718 = PRODUCT_DEFINITION_SHAPE('Placement','Placement of an item',
  #1719);
#1719 = NEXT_ASSEMBLY_USAGE_OCCURRENCE('1112','1039929_IPT_272','',#1263
  ,#1290,$);
#1720 = PRODUCT_RELATED_PRODUCT_CATEGORY('part',$,(#1292));
#1721 = SHAPE_DEFINITION_REPRESENTATION(#1722,#1728);
#1722 = PRODUCT_DEFINITION_SHAPE('','',#1723);
#1723 = PRODUCT_DEFINITION('design','',#1724,#1727);
#1724 = PRODUCT_DEFINITION_FORMATION('','',#1725);
#1725 = PRODUCT('1039930_IPT_272','1039930_IPT_272','',(#1726));
#1726 = PRODUCT_CONTEXT('',#2,'mechanical');
#1727 = PRODUCT_DEFINITION_CONTEXT('part definition',#2,'design');
#1728 = ADVANCED_BREP_SHAPE_REPRESENTATION('',(#11,#1729),#2143);
#1729 = MANIFOLD_SOLID_BREP('',#1730);
#1730 = CLOSED_SHELL('',(#1731,#1779,#1810,#1850,#1890,#1929,#1969,#1993
    ,#2025,#2056,#2081,#2098,#2119,#2131));
#1731 = ADVANCED_FACE('',(#1732),#1774,.T.);
#1732 = FACE_BOUND('',#1733,.T.);
#1733 = EDGE_LOOP('',(#1734,#1744,#1752,#1760,#1768));
#1734 = ORIENTED_EDGE('',*,*,#1735,.T.);
#1735 = EDGE_CURVE('',#1736,#1738,#1740,.T.);
#1736 = VERTEX_POINT('',#1737);
#1737 = CARTESIAN_POINT('',(-0.327579365079,0.604761910901,
    8.266657687084));
#1738 = VERTEX_POINT('',#1739);
#1739 = CARTESIAN_POINT('',(-0.327579365079,0.498088060568,8.4));
#1740 = LINE('',#1741,#1742);
#1741 = CARTESIAN_POINT('',(-0.327579365079,2.486790050942,
    5.914122512033));
#1742 = VECTOR('',#1743,1.);
#1743 = DIRECTION('',(6.826287649254E-17,-0.624695047554,0.780868809443)
  );
#1744 = ORIENTED_EDGE('',*,*,#1745,.T.);
#1745 = EDGE_CURVE('',#1738,#1746,#1748,.T.);
#1746 = VERTEX_POINT('',#1747);
#1747 = CARTESIAN_POINT('',(-0.127579365079,0.298088060568,8.9));
#1748 = LINE('',#1749,#1750);
#1749 = CARTESIAN_POINT('',(-0.214145892392,0.384654587881,
    8.683583681717));
#1750 = VECTOR('',#1751,1.);
#1751 = DIRECTION('',(0.348155311911,-0.348155311911,0.870388279778));
#1752 = ORIENTED_EDGE('',*,*,#1753,.T.);
#1753 = EDGE_CURVE('',#1746,#1754,#1756,.T.);
#1754 = VERTEX_POINT('',#1755);
#1755 = CARTESIAN_POINT('',(-2.090551474655E-02,0.404761910901,8.9));
#1756 = LINE('',#1757,#1758);
#1757 = CARTESIAN_POINT('',(-7.424243991296E-02,0.351424985735,8.9));
#1758 = VECTOR('',#1759,1.);
#1759 = DIRECTION('',(0.707106781187,0.707106781187,0.));
#1760 = ORIENTED_EDGE('',*,*,#1761,.T.);
#1761 = EDGE_CURVE('',#1754,#1762,#1764,.T.);
#1762 = VERTEX_POINT('',#1763);
#1763 = CARTESIAN_POINT('',(-0.220905514747,0.604761910901,8.4));
#1764 = LINE('',#1765,#1766);
#1765 = CARTESIAN_POINT('',(-0.10747204206,0.491328438214,8.683583681717
    ));
#1766 = VECTOR('',#1767,1.);
#1767 = DIRECTION('',(-0.348155311911,0.348155311911,-0.870388279778));
#1768 = ORIENTED_EDGE('',*,*,#1769,.T.);
#1769 = EDGE_CURVE('',#1762,#1736,#1770,.T.);
#1770 = LINE('',#1771,#1772);
#1771 = CARTESIAN_POINT('',(-2.085705066096,0.604761910901,
    6.069000560813));
#1772 = VECTOR('',#1773,1.);
#1773 = DIRECTION('',(-0.624695047554,0.,-0.780868809443));
#1774 = PLANE('',#1775);
#1775 = AXIS2_PLACEMENT_3D('',#1776,#1777,#1778);
#1776 = CARTESIAN_POINT('',(-0.160808967226,0.437991513048,
    8.683583681717));
#1777 = DIRECTION('',(-0.615457454897,0.615457454897,0.492365963917));
#1778 = DIRECTION('',(0.624695047554,-2.775557561563E-16,0.780868809443)
  );
#1779 = ADVANCED_FACE('',(#1780),#1805,.T.);
#1780 = FACE_BOUND('',#1781,.T.);
#1781 = EDGE_LOOP('',(#1782,#1783,#1791,#1799));
#1782 = ORIENTED_EDGE('',*,*,#1745,.F.);
#1783 = ORIENTED_EDGE('',*,*,#1784,.T.);
#1784 = EDGE_CURVE('',#1738,#1785,#1787,.T.);
#1785 = VERTEX_POINT('',#1786);
#1786 = CARTESIAN_POINT('',(-0.327579365079,7.643576123391E-02,8.4));
#1787 = LINE('',#1788,#1789);
#1788 = CARTESIAN_POINT('',(-0.327579365079,0.446011910901,8.4));
#1789 = VECTOR('',#1790,1.);
#1790 = DIRECTION('',(1.092739197466E-16,-1.,0.));
#1791 = ORIENTED_EDGE('',*,*,#1792,.F.);
#1792 = EDGE_CURVE('',#1793,#1785,#1795,.T.);
#1793 = VERTEX_POINT('',#1794);
#1794 = CARTESIAN_POINT('',(-0.127579365079,0.276435761234,8.9));
#1795 = LINE('',#1796,#1797);
#1796 = CARTESIAN_POINT('',(-0.214145892392,0.189869233921,
    8.683583681717));
#1797 = VECTOR('',#1798,1.);
#1798 = DIRECTION('',(-0.348155311911,-0.348155311911,-0.870388279778));
#1799 = ORIENTED_EDGE('',*,*,#1800,.T.);
#1800 = EDGE_CURVE('',#1793,#1746,#1801,.T.);
#1801 = LINE('',#1802,#1803);
#1802 = CARTESIAN_POINT('',(-0.127579365079,0.446011910901,8.9));
#1803 = VECTOR('',#1804,1.);
#1804 = DIRECTION('',(-1.092739197466E-16,1.,0.));
#1805 = PLANE('',#1806);
#1806 = AXIS2_PLACEMENT_3D('',#1807,#1808,#1809);
#1807 = CARTESIAN_POINT('',(-0.227579365079,0.446011910901,8.65));
#1808 = DIRECTION('',(-0.928476690885,-1.014582874064E-16,0.371390676354
    ));
#1809 = DIRECTION('',(0.371390676354,6.162975822039E-33,0.928476690885)
  );
#1810 = ADVANCED_FACE('',(#1811),#1845,.T.);
#1811 = FACE_BOUND('',#1812,.T.);
#1812 = EDGE_LOOP('',(#1813,#1814,#1822,#1830,#1838,#1844));
#1813 = ORIENTED_EDGE('',*,*,#1735,.F.);
#1814 = ORIENTED_EDGE('',*,*,#1815,.F.);
#1815 = EDGE_CURVE('',#1816,#1736,#1818,.T.);
#1816 = VERTEX_POINT('',#1817);
#1817 = CARTESIAN_POINT('',(-0.327579365079,0.604761910901,0.));
#1818 = LINE('',#1819,#1820);
#1819 = CARTESIAN_POINT('',(-0.327579365079,0.604761910901,0.));
#1820 = VECTOR('',#1821,1.);
#1821 = DIRECTION('',(0.,0.,1.));
#1822 = ORIENTED_EDGE('',*,*,#1823,.T.);
#1823 = EDGE_CURVE('',#1816,#1824,#1826,.T.);
#1824 = VERTEX_POINT('',#1825);
#1825 = CARTESIAN_POINT('',(-0.327579365079,-3.023808909891E-02,0.));
#1826 = LINE('',#1827,#1828);
#1827 = CARTESIAN_POINT('',(-0.327579365079,0.604761910901,0.));
#1828 = VECTOR('',#1829,1.);
#1829 = DIRECTION('',(1.092739197466E-16,-1.,0.));
#1830 = ORIENTED_EDGE('',*,*,#1831,.T.);
#1831 = EDGE_CURVE('',#1824,#1832,#1834,.T.);
#1832 = VERTEX_POINT('',#1833);
#1833 = CARTESIAN_POINT('',(-0.327579365079,-3.023808909891E-02,
    8.266657687084));
#1834 = LINE('',#1835,#1836);
#1835 = CARTESIAN_POINT('',(-0.327579365079,-3.023808909891E-02,0.));
#1836 = VECTOR('',#1837,1.);
#1837 = DIRECTION('',(0.,0.,1.));
#1838 = ORIENTED_EDGE('',*,*,#1839,.F.);
#1839 = EDGE_CURVE('',#1785,#1832,#1840,.T.);
#1840 = LINE('',#1841,#1842);
#1841 = CARTESIAN_POINT('',(-0.327579365079,-1.788363790115,
    6.069000560813));
#1842 = VECTOR('',#1843,1.);
#1843 = DIRECTION('',(6.826287649254E-17,-0.624695047554,-0.780868809443
    ));
#1844 = ORIENTED_EDGE('',*,*,#1784,.F.);
#1845 = PLANE('',#1846);
#1846 = AXIS2_PLACEMENT_3D('',#1847,#1848,#1849);
#1847 = CARTESIAN_POINT('',(-0.327579365079,0.604761910901,0.));
#1848 = DIRECTION('',(-1.,-1.092739197466E-16,0.));
#1849 = DIRECTION('',(1.092739197466E-16,-1.,0.));
#1850 = ADVANCED_FACE('',(#1851),#1885,.T.);
#1851 = FACE_BOUND('',#1852,.T.);
#1852 = EDGE_LOOP('',(#1853,#1854,#1862,#1870,#1878,#1884));
#1853 = ORIENTED_EDGE('',*,*,#1769,.F.);
#1854 = ORIENTED_EDGE('',*,*,#1855,.F.);
#1855 = EDGE_CURVE('',#1856,#1762,#1858,.T.);
#1856 = VERTEX_POINT('',#1857);
#1857 = CARTESIAN_POINT('',(0.200746784588,0.604761910901,8.4));
#1858 = LINE('',#1859,#1860);
#1859 = CARTESIAN_POINT('',(0.148670634921,0.604761910901,8.4));
#1860 = VECTOR('',#1861,1.);
#1861 = DIRECTION('',(-1.,0.,0.));
#1862 = ORIENTED_EDGE('',*,*,#1863,.F.);
#1863 = EDGE_CURVE('',#1864,#1856,#1866,.T.);
#1864 = VERTEX_POINT('',#1865);
#1865 = CARTESIAN_POINT('',(0.307420634921,0.604761910901,8.266657687084
    ));
#1866 = LINE('',#1867,#1868);
#1867 = CARTESIAN_POINT('',(2.189448774962,0.604761910901,5.914122512033
    ));
#1868 = VECTOR('',#1869,1.);
#1869 = DIRECTION('',(-0.624695047554,0.,0.780868809443));
#1870 = ORIENTED_EDGE('',*,*,#1871,.F.);
#1871 = EDGE_CURVE('',#1872,#1864,#1874,.T.);
#1872 = VERTEX_POINT('',#1873);
#1873 = CARTESIAN_POINT('',(0.307420634921,0.604761910901,0.));
#1874 = LINE('',#1875,#1876);
#1875 = CARTESIAN_POINT('',(0.307420634921,0.604761910901,0.));
#1876 = VECTOR('',#1877,1.);
#1877 = DIRECTION('',(0.,0.,1.));
#1878 = ORIENTED_EDGE('',*,*,#1879,.T.);
#1879 = EDGE_CURVE('',#1872,#1816,#1880,.T.);
#1880 = LINE('',#1881,#1882);
#1881 = CARTESIAN_POINT('',(0.307420634921,0.604761910901,0.));
#1882 = VECTOR('',#1883,1.);
#1883 = DIRECTION('',(-1.,0.,0.));
#1884 = ORIENTED_EDGE('',*,*,#1815,.T.);
#1885 = PLANE('',#1886);
#1886 = AXIS2_PLACEMENT_3D('',#1887,#1888,#1889);
#1887 = CARTESIAN_POINT('',(0.307420634921,0.604761910901,0.));
#1888 = DIRECTION('',(0.,1.,0.));
#1889 = DIRECTION('',(-1.,0.,0.));
#1890 = ADVANCED_FACE('',(#1891),#1924,.T.);
#1891 = FACE_BOUND('',#1892,.T.);
#1892 = EDGE_LOOP('',(#1893,#1894,#1902,#1910,#1918));
#1893 = ORIENTED_EDGE('',*,*,#1863,.T.);
#1894 = ORIENTED_EDGE('',*,*,#1895,.T.);
#1895 = EDGE_CURVE('',#1856,#1896,#1898,.T.);
#1896 = VERTEX_POINT('',#1897);
#1897 = CARTESIAN_POINT('',(7.467845878211E-04,0.404761910901,8.9));
#1898 = LINE('',#1899,#1900);
#1899 = CARTESIAN_POINT('',(8.731331190089E-02,0.491328438214,
    8.683583681717));
#1900 = VECTOR('',#1901,1.);
#1901 = DIRECTION('',(-0.348155311911,-0.348155311911,0.870388279778));
#1902 = ORIENTED_EDGE('',*,*,#1903,.T.);
#1903 = EDGE_CURVE('',#1896,#1904,#1906,.T.);
#1904 = VERTEX_POINT('',#1905);
#1905 = CARTESIAN_POINT('',(0.107420634921,0.298088060568,8.9));
#1906 = LINE('',#1907,#1908);
#1907 = CARTESIAN_POINT('',(5.408370975423E-02,0.351424985735,8.9));
#1908 = VECTOR('',#1909,1.);
#1909 = DIRECTION('',(0.707106781187,-0.707106781187,0.));
#1910 = ORIENTED_EDGE('',*,*,#1911,.T.);
#1911 = EDGE_CURVE('',#1904,#1912,#1914,.T.);
#1912 = VERTEX_POINT('',#1913);
#1913 = CARTESIAN_POINT('',(0.307420634921,0.498088060568,8.4));
#1914 = LINE('',#1915,#1916);
#1915 = CARTESIAN_POINT('',(0.193987162234,0.384654587881,8.683583681717
    ));
#1916 = VECTOR('',#1917,1.);
#1917 = DIRECTION('',(0.348155311911,0.348155311911,-0.870388279778));
#1918 = ORIENTED_EDGE('',*,*,#1919,.T.);
#1919 = EDGE_CURVE('',#1912,#1864,#1920,.T.);
#1920 = LINE('',#1921,#1922);
#1921 = CARTESIAN_POINT('',(0.307420634921,2.362887611918,6.069000560813
    ));
#1922 = VECTOR('',#1923,1.);
#1923 = DIRECTION('',(-4.778401354478E-16,0.624695047554,-0.780868809443
    ));
#1924 = PLANE('',#1925);
#1925 = AXIS2_PLACEMENT_3D('',#1926,#1927,#1928);
#1926 = CARTESIAN_POINT('',(0.140650237067,0.437991513048,8.683583681717
    ));
#1927 = DIRECTION('',(0.615457454897,0.615457454897,0.492365963917));
#1928 = DIRECTION('',(0.624695047554,1.942890293094E-16,-0.780868809443)
  );
#1929 = ADVANCED_FACE('',(#1930),#1964,.T.);
#1930 = FACE_BOUND('',#1931,.T.);
#1931 = EDGE_LOOP('',(#1932,#1933,#1941,#1949,#1957,#1963));
#1932 = ORIENTED_EDGE('',*,*,#1919,.F.);
#1933 = ORIENTED_EDGE('',*,*,#1934,.F.);
#1934 = EDGE_CURVE('',#1935,#1912,#1937,.T.);
#1935 = VERTEX_POINT('',#1936);
#1936 = CARTESIAN_POINT('',(0.307420634921,7.643576123391E-02,8.4));
#1937 = LINE('',#1938,#1939);
#1938 = CARTESIAN_POINT('',(0.307420634921,0.128511910901,8.4));
#1939 = VECTOR('',#1940,1.);
#1940 = DIRECTION('',(-7.64917438226E-16,1.,0.));
#1941 = ORIENTED_EDGE('',*,*,#1942,.F.);
#1942 = EDGE_CURVE('',#1943,#1935,#1945,.T.);
#1943 = VERTEX_POINT('',#1944);
#1944 = CARTESIAN_POINT('',(0.307420634921,-3.023808909891E-02,
    8.266657687084));
#1945 = LINE('',#1946,#1947);
#1946 = CARTESIAN_POINT('',(0.307420634921,-1.91226622914,5.914122512033
    ));
#1947 = VECTOR('',#1948,1.);
#1948 = DIRECTION('',(-4.778401354478E-16,0.624695047554,0.780868809443)
  );
#1949 = ORIENTED_EDGE('',*,*,#1950,.F.);
#1950 = EDGE_CURVE('',#1951,#1943,#1953,.T.);
#1951 = VERTEX_POINT('',#1952);
#1952 = CARTESIAN_POINT('',(0.307420634921,-3.023808909891E-02,0.));
#1953 = LINE('',#1954,#1955);
#1954 = CARTESIAN_POINT('',(0.307420634921,-3.023808909891E-02,0.));
#1955 = VECTOR('',#1956,1.);
#1956 = DIRECTION('',(0.,0.,1.));
#1957 = ORIENTED_EDGE('',*,*,#1958,.T.);
#1958 = EDGE_CURVE('',#1951,#1872,#1959,.T.);
#1959 = LINE('',#1960,#1961);
#1960 = CARTESIAN_POINT('',(0.307420634921,-3.023808909891E-02,0.));
#1961 = VECTOR('',#1962,1.);
#1962 = DIRECTION('',(-7.64917438226E-16,1.,0.));
#1963 = ORIENTED_EDGE('',*,*,#1871,.T.);
#1964 = PLANE('',#1965);
#1965 = AXIS2_PLACEMENT_3D('',#1966,#1967,#1968);
#1966 = CARTESIAN_POINT('',(0.307420634921,-3.023808909891E-02,0.));
#1967 = DIRECTION('',(1.,7.64917438226E-16,0.));
#1968 = DIRECTION('',(-7.64917438226E-16,1.,0.));
#1969 = ADVANCED_FACE('',(#1970),#1988,.T.);
#1970 = FACE_BOUND('',#1971,.T.);
#1971 = EDGE_LOOP('',(#1972,#1973,#1981,#1987));
#1972 = ORIENTED_EDGE('',*,*,#1911,.F.);
#1973 = ORIENTED_EDGE('',*,*,#1974,.T.);
#1974 = EDGE_CURVE('',#1904,#1975,#1977,.T.);
#1975 = VERTEX_POINT('',#1976);
#1976 = CARTESIAN_POINT('',(0.107420634921,0.276435761234,8.9));
#1977 = LINE('',#1978,#1979);
#1978 = CARTESIAN_POINT('',(0.107420634921,0.128511910901,8.9));
#1979 = VECTOR('',#1980,1.);
#1980 = DIRECTION('',(7.64917438226E-16,-1.,0.));
#1981 = ORIENTED_EDGE('',*,*,#1982,.F.);
#1982 = EDGE_CURVE('',#1935,#1975,#1983,.T.);
#1983 = LINE('',#1984,#1985);
#1984 = CARTESIAN_POINT('',(0.193987162234,0.189869233921,8.683583681717
    ));
#1985 = VECTOR('',#1986,1.);
#1986 = DIRECTION('',(-0.348155311911,0.348155311911,0.870388279778));
#1987 = ORIENTED_EDGE('',*,*,#1934,.T.);
#1988 = PLANE('',#1989);
#1989 = AXIS2_PLACEMENT_3D('',#1990,#1991,#1992);
#1990 = CARTESIAN_POINT('',(0.207420634921,0.128511910901,8.65));
#1991 = DIRECTION('',(0.928476690885,7.102080118445E-16,0.371390676354)
  );
#1992 = DIRECTION('',(0.371390676354,0.,-0.928476690885));
#1993 = ADVANCED_FACE('',(#1994),#2020,.T.);
#1994 = FACE_BOUND('',#1995,.T.);
#1995 = EDGE_LOOP('',(#1996,#2004,#2012,#2018,#2019));
#1996 = ORIENTED_EDGE('',*,*,#1997,.T.);
#1997 = EDGE_CURVE('',#1975,#1998,#2000,.T.);
#1998 = VERTEX_POINT('',#1999);
#1999 = CARTESIAN_POINT('',(7.467845878215E-04,0.169761910901,8.9));
#2000 = LINE('',#2001,#2002);
#2001 = CARTESIAN_POINT('',(5.408370975423E-02,0.223098836068,8.9));
#2002 = VECTOR('',#2003,1.);
#2003 = DIRECTION('',(-0.707106781187,-0.707106781187,0.));
#2004 = ORIENTED_EDGE('',*,*,#2005,.T.);
#2005 = EDGE_CURVE('',#1998,#2006,#2008,.T.);
#2006 = VERTEX_POINT('',#2007);
#2007 = CARTESIAN_POINT('',(0.200746784588,-3.023808909891E-02,8.4));
#2008 = LINE('',#2009,#2010);
#2009 = CARTESIAN_POINT('',(8.731331190089E-02,8.319538358803E-02,
    8.683583681717));
#2010 = VECTOR('',#2011,1.);
#2011 = DIRECTION('',(0.348155311911,-0.348155311911,-0.870388279778));
#2012 = ORIENTED_EDGE('',*,*,#2013,.T.);
#2013 = EDGE_CURVE('',#2006,#1943,#2014,.T.);
#2014 = LINE('',#2015,#2016);
#2015 = CARTESIAN_POINT('',(2.065546335937,-3.023808909891E-02,
    6.069000560813));
#2016 = VECTOR('',#2017,1.);
#2017 = DIRECTION('',(0.624695047554,0.,-0.780868809443));
#2018 = ORIENTED_EDGE('',*,*,#1942,.T.);
#2019 = ORIENTED_EDGE('',*,*,#1982,.T.);
#2020 = PLANE('',#2021);
#2021 = AXIS2_PLACEMENT_3D('',#2022,#2023,#2024);
#2022 = CARTESIAN_POINT('',(0.140650237067,0.136532308754,8.683583681717
    ));
#2023 = DIRECTION('',(0.615457454897,-0.615457454897,0.492365963917));
#2024 = DIRECTION('',(0.624695047554,-1.665334536938E-16,-0.780868809443
    ));
#2025 = ADVANCED_FACE('',(#2026),#2051,.T.);
#2026 = FACE_BOUND('',#2027,.T.);
#2027 = EDGE_LOOP('',(#2028,#2029,#2037,#2043,#2044,#2050));
#2028 = ORIENTED_EDGE('',*,*,#2013,.F.);
#2029 = ORIENTED_EDGE('',*,*,#2030,.F.);
#2030 = EDGE_CURVE('',#2031,#2006,#2033,.T.);
#2031 = VERTEX_POINT('',#2032);
#2032 = CARTESIAN_POINT('',(-0.220905514747,-3.023808909891E-02,8.4));
#2033 = LINE('',#2034,#2035);
#2034 = CARTESIAN_POINT('',(-0.168829365079,-3.023808909891E-02,8.4));
#2035 = VECTOR('',#2036,1.);
#2036 = DIRECTION('',(1.,0.,0.));
#2037 = ORIENTED_EDGE('',*,*,#2038,.F.);
#2038 = EDGE_CURVE('',#1832,#2031,#2039,.T.);
#2039 = LINE('',#2040,#2041);
#2040 = CARTESIAN_POINT('',(-2.20960750512,-3.023808909891E-02,
    5.914122512033));
#2041 = VECTOR('',#2042,1.);
#2042 = DIRECTION('',(0.624695047554,0.,0.780868809443));
#2043 = ORIENTED_EDGE('',*,*,#1831,.F.);
#2044 = ORIENTED_EDGE('',*,*,#2045,.T.);
#2045 = EDGE_CURVE('',#1824,#1951,#2046,.T.);
#2046 = LINE('',#2047,#2048);
#2047 = CARTESIAN_POINT('',(-0.327579365079,-3.023808909891E-02,0.));
#2048 = VECTOR('',#2049,1.);
#2049 = DIRECTION('',(1.,0.,0.));
#2050 = ORIENTED_EDGE('',*,*,#1950,.T.);
#2051 = PLANE('',#2052);
#2052 = AXIS2_PLACEMENT_3D('',#2053,#2054,#2055);
#2053 = CARTESIAN_POINT('',(-0.327579365079,-3.023808909891E-02,0.));
#2054 = DIRECTION('',(0.,-1.,0.));
#2055 = DIRECTION('',(1.,0.,0.));
#2056 = ADVANCED_FACE('',(#2057),#2076,.T.);
#2057 = FACE_BOUND('',#2058,.T.);
#2058 = EDGE_LOOP('',(#2059,#2060,#2068,#2074,#2075));
#2059 = ORIENTED_EDGE('',*,*,#2038,.T.);
#2060 = ORIENTED_EDGE('',*,*,#2061,.T.);
#2061 = EDGE_CURVE('',#2031,#2062,#2064,.T.);
#2062 = VERTEX_POINT('',#2063);
#2063 = CARTESIAN_POINT('',(-2.090551474655E-02,0.169761910901,8.9));
#2064 = LINE('',#2065,#2066);
#2065 = CARTESIAN_POINT('',(-0.10747204206,8.319538358803E-02,
    8.683583681717));
#2066 = VECTOR('',#2067,1.);
#2067 = DIRECTION('',(0.348155311911,0.348155311911,0.870388279778));
#2068 = ORIENTED_EDGE('',*,*,#2069,.T.);
#2069 = EDGE_CURVE('',#2062,#1793,#2070,.T.);
#2070 = LINE('',#2071,#2072);
#2071 = CARTESIAN_POINT('',(-7.424243991296E-02,0.223098836068,8.9));
#2072 = VECTOR('',#2073,1.);
#2073 = DIRECTION('',(-0.707106781187,0.707106781187,0.));
#2074 = ORIENTED_EDGE('',*,*,#1792,.T.);
#2075 = ORIENTED_EDGE('',*,*,#1839,.T.);
#2076 = PLANE('',#2077);
#2077 = AXIS2_PLACEMENT_3D('',#2078,#2079,#2080);
#2078 = CARTESIAN_POINT('',(-0.160808967226,0.136532308754,
    8.683583681717));
#2079 = DIRECTION('',(-0.615457454897,-0.615457454897,0.492365963917));
#2080 = DIRECTION('',(0.624695047554,1.942890293094E-16,0.780868809443)
  );
#2081 = ADVANCED_FACE('',(#2082),#2093,.T.);
#2082 = FACE_BOUND('',#2083,.T.);
#2083 = EDGE_LOOP('',(#2084,#2085,#2091,#2092));
#2084 = ORIENTED_EDGE('',*,*,#2005,.F.);
#2085 = ORIENTED_EDGE('',*,*,#2086,.T.);
#2086 = EDGE_CURVE('',#1998,#2062,#2087,.T.);
#2087 = LINE('',#2088,#2089);
#2088 = CARTESIAN_POINT('',(-0.168829365079,0.169761910901,8.9));
#2089 = VECTOR('',#2090,1.);
#2090 = DIRECTION('',(-1.,0.,0.));
#2091 = ORIENTED_EDGE('',*,*,#2061,.F.);
#2092 = ORIENTED_EDGE('',*,*,#2030,.T.);
#2093 = PLANE('',#2094);
#2094 = AXIS2_PLACEMENT_3D('',#2095,#2096,#2097);
#2095 = CARTESIAN_POINT('',(-0.168829365079,6.976191090109E-02,8.65));
#2096 = DIRECTION('',(0.,-0.928476690885,0.371390676354));
#2097 = DIRECTION('',(0.,-0.371390676354,-0.928476690885));
#2098 = ADVANCED_FACE('',(#2099),#2114,.T.);
#2099 = FACE_BOUND('',#2100,.T.);
#2100 = EDGE_LOOP('',(#2101,#2102,#2103,#2104,#2105,#2106,#2107,#2108));
#2101 = ORIENTED_EDGE('',*,*,#1753,.F.);
#2102 = ORIENTED_EDGE('',*,*,#1800,.F.);
#2103 = ORIENTED_EDGE('',*,*,#2069,.F.);
#2104 = ORIENTED_EDGE('',*,*,#2086,.F.);
#2105 = ORIENTED_EDGE('',*,*,#1997,.F.);
#2106 = ORIENTED_EDGE('',*,*,#1974,.F.);
#2107 = ORIENTED_EDGE('',*,*,#1903,.F.);
#2108 = ORIENTED_EDGE('',*,*,#2109,.F.);
#2109 = EDGE_CURVE('',#1754,#1896,#2110,.T.);
#2110 = LINE('',#2111,#2112);
#2111 = CARTESIAN_POINT('',(0.148670634921,0.404761910901,8.9));
#2112 = VECTOR('',#2113,1.);
#2113 = DIRECTION('',(1.,0.,0.));
#2114 = PLANE('',#2115);
#2115 = AXIS2_PLACEMENT_3D('',#2116,#2117,#2118);
#2116 = CARTESIAN_POINT('',(-1.007936507936E-02,0.287261910901,8.9));
#2117 = DIRECTION('',(0.,0.,1.));
#2118 = DIRECTION('',(1.,0.,-0.));
#2119 = ADVANCED_FACE('',(#2120),#2126,.T.);
#2120 = FACE_BOUND('',#2121,.T.);
#2121 = EDGE_LOOP('',(#2122,#2123,#2124,#2125));
#2122 = ORIENTED_EDGE('',*,*,#1761,.F.);
#2123 = ORIENTED_EDGE('',*,*,#2109,.T.);
#2124 = ORIENTED_EDGE('',*,*,#1895,.F.);
#2125 = ORIENTED_EDGE('',*,*,#1855,.T.);
#2126 = PLANE('',#2127);
#2127 = AXIS2_PLACEMENT_3D('',#2128,#2129,#2130);
#2128 = CARTESIAN_POINT('',(0.148670634921,0.504761910901,8.65));
#2129 = DIRECTION('',(0.,0.928476690885,0.371390676354));
#2130 = DIRECTION('',(0.,-0.371390676354,0.928476690885));
#2131 = ADVANCED_FACE('',(#2132),#2138,.F.);
#2132 = FACE_BOUND('',#2133,.T.);
#2133 = EDGE_LOOP('',(#2134,#2135,#2136,#2137));
#2134 = ORIENTED_EDGE('',*,*,#1879,.F.);
#2135 = ORIENTED_EDGE('',*,*,#1958,.F.);
#2136 = ORIENTED_EDGE('',*,*,#2045,.F.);
#2137 = ORIENTED_EDGE('',*,*,#1823,.F.);
#2138 = PLANE('',#2139);
#2139 = AXIS2_PLACEMENT_3D('',#2140,#2141,#2142);
#2140 = CARTESIAN_POINT('',(-1.007936507936E-02,0.287261910901,0.));
#2141 = DIRECTION('',(0.,0.,1.));
#2142 = DIRECTION('',(1.,0.,-0.));
#2143 = ( GEOMETRIC_REPRESENTATION_CONTEXT(3) 
GLOBAL_UNCERTAINTY_ASSIGNED_CONTEXT((#2147)) 
GLOBAL_UNIT_ASSIGNED_CONTEXT((#2144,#2145,#2146)) REPRESENTATION_CONTEXT
('Context #1','3D Context with UNIT and UNCERTAINTY') );
#2144 = ( LENGTH_UNIT() NAMED_UNIT(*) SI_UNIT(.MILLI.,.METRE.) );
#2145 = ( NAMED_UNIT(*) PLANE_ANGLE_UNIT() SI_UNIT($,.RADIAN.) );
#2146 = ( NAMED_UNIT(*) SI_UNIT($,.STERADIAN.) SOLID_ANGLE_UNIT() );
#2147 = UNCERTAINTY_MEASURE_WITH_UNIT(LENGTH_MEASURE(1.E-07),#2144,
  'distance_accuracy_value','confusion accuracy');
#2148 = CONTEXT_DEPENDENT_SHAPE_REPRESENTATION(#2149,#2151);
#2149 = ( REPRESENTATION_RELATIONSHIP('','',#1728,#1268) 
REPRESENTATION_RELATIONSHIP_WITH_TRANSFORMATION(#2150) 
SHAPE_REPRESENTATION_RELATIONSHIP() );
#2150 = ITEM_DEFINED_TRANSFORMATION('','',#11,#1273);
#2151 = PRODUCT_DEFINITION_SHAPE('Placement','Placement of an item',
  #2152);
#2152 = NEXT_ASSEMBLY_USAGE_OCCURRENCE('1113','1039930_IPT_272','',#1263
  ,#1723,$);
#2153 = PRODUCT_RELATED_PRODUCT_CATEGORY('part',$,(#1725));
#2154 = CONTEXT_DEPENDENT_SHAPE_REPRESENTATION(#2155,#2157);
#2155 = ( REPRESENTATION_RELATIONSHIP('','',#243,#32) 
REPRESENTATION_RELATIONSHIP_WITH_TRANSFORMATION(#2156) 
SHAPE_REPRESENTATION_RELATIONSHIP() );
#2156 = ITEM_DEFINED_TRANSFORMATION('','',#11,#41);
#2157 = PRODUCT_DEFINITION_SHAPE('Placement','Placement of an item',
  #2158);
#2158 = NEXT_ASSEMBLY_USAGE_OCCURRENCE('1115','F1000S1120M007B273','',
  #27,#238,$);
#2159 = SHAPE_DEFINITION_REPRESENTATION(#2160,#2166);
#2160 = PRODUCT_DEFINITION_SHAPE('','',#2161);
#2161 = PRODUCT_DEFINITION('design','',#2162,#2165);
#2162 = PRODUCT_DEFINITION_FORMATION('','',#2163);
#2163 = PRODUCT('1039931_IAM_273','1039931_IAM_273','',(#2164));
#2164 = PRODUCT_CONTEXT('',#2,'mechanical');
#2165 = PRODUCT_DEFINITION_CONTEXT('part definition',#2,'design');
#2166 = SHAPE_REPRESENTATION('',(#11,#2167,#2171),#2175);
#2167 = AXIS2_PLACEMENT_3D('',#2168,#2169,#2170);
#2168 = CARTESIAN_POINT('',(0.,0.,0.));
#2169 = DIRECTION('',(0.,0.,1.));
#2170 = DIRECTION('',(1.,0.,0.));
#2171 = AXIS2_PLACEMENT_3D('',#2172,#2173,#2174);
#2172 = CARTESIAN_POINT('',(-4.51028103754E-16,0.574523821802,0.));
#2173 = DIRECTION('',(0.,0.,-1.));
#2174 = DIRECTION('',(1.,0.,0.));
#2175 = ( GEOMETRIC_REPRESENTATION_CONTEXT(3) 
GLOBAL_UNCERTAINTY_ASSIGNED_CONTEXT((#2179)) 
GLOBAL_UNIT_ASSIGNED_CONTEXT((#2176,#2177,#2178)) REPRESENTATION_CONTEXT
('Context #1','3D Context with UNIT and UNCERTAINTY') );
#2176 = ( LENGTH_UNIT() NAMED_UNIT(*) SI_UNIT(.MILLI.,.METRE.) );
#2177 = ( NAMED_UNIT(*) PLANE_ANGLE_UNIT() SI_UNIT($,.RADIAN.) );
#2178 = ( NAMED_UNIT(*) SI_UNIT($,.STERADIAN.) SOLID_ANGLE_UNIT() );
#2179 = UNCERTAINTY_MEASURE_WITH_UNIT(LENGTH_MEASURE(1.E-07),#2176,
  'distance_accuracy_value','confusion accuracy');
#2180 = CONTEXT_DEPENDENT_SHAPE_REPRESENTATION(#2181,#2183);
#2181 = ( REPRESENTATION_RELATIONSHIP('','',#2166,#32) 
REPRESENTATION_RELATIONSHIP_WITH_TRANSFORMATION(#2182) 
SHAPE_REPRESENTATION_RELATIONSHIP() );
#2182 = ITEM_DEFINED_TRANSFORMATION('','',#11,#45);
#2183 = PRODUCT_DEFINITION_SHAPE('Placement','Placement of an item',
  #2184);
#2184 = NEXT_ASSEMBLY_USAGE_OCCURRENCE('1118','1039931_IAM_273','',#27,
  #2161,$);
#2185 = PRODUCT_RELATED_PRODUCT_CATEGORY('part',$,(#2163));
#2186 = CONTEXT_DEPENDENT_SHAPE_REPRESENTATION(#2187,#2189);
#2187 = ( REPRESENTATION_RELATIONSHIP('','',#1295,#2166) 
REPRESENTATION_RELATIONSHIP_WITH_TRANSFORMATION(#2188) 
SHAPE_REPRESENTATION_RELATIONSHIP() );
#2188 = ITEM_DEFINED_TRANSFORMATION('','',#11,#2167);
#2189 = PRODUCT_DEFINITION_SHAPE('Placement','Placement of an item',
  #2190);
#2190 = NEXT_ASSEMBLY_USAGE_OCCURRENCE('1116','1039929_IPT_273','',#2161
  ,#1290,$);
#2191 = CONTEXT_DEPENDENT_SHAPE_REPRESENTATION(#2192,#2194);
#2192 = ( REPRESENTATION_RELATIONSHIP('','',#1728,#2166) 
REPRESENTATION_RELATIONSHIP_WITH_TRANSFORMATION(#2193) 
SHAPE_REPRESENTATION_RELATIONSHIP() );
#2193 = ITEM_DEFINED_TRANSFORMATION('','',#11,#2171);
#2194 = PRODUCT_DEFINITION_SHAPE('Placement','Placement of an item',
  #2195);
#2195 = NEXT_ASSEMBLY_USAGE_OCCURRENCE('1117','1039930_IPT_273','',#2161
  ,#1723,$);
#2196 = CONTEXT_DEPENDENT_SHAPE_REPRESENTATION(#2197,#2199);
#2197 = ( REPRESENTATION_RELATIONSHIP('','',#243,#32) 
REPRESENTATION_RELATIONSHIP_WITH_TRANSFORMATION(#2198) 
SHAPE_REPRESENTATION_RELATIONSHIP() );
#2198 = ITEM_DEFINED_TRANSFORMATION('','',#11,#49);
#2199 = PRODUCT_DEFINITION_SHAPE('Placement','Placement of an item',
  #2200);
#2200 = NEXT_ASSEMBLY_USAGE_OCCURRENCE('1119','F1000S1120M007B274','',
  #27,#238,$);
#2201 = SHAPE_DEFINITION_REPRESENTATION(#2202,#2208);
#2202 = PRODUCT_DEFINITION_SHAPE('','',#2203);
#2203 = PRODUCT_DEFINITION('design','',#2204,#2207);
#2204 = PRODUCT_DEFINITION_FORMATION('','',#2205);
#2205 = PRODUCT('1039931_IAM_274','1039931_IAM_274','',(#2206));
#2206 = PRODUCT_CONTEXT('',#2,'mechanical');
#2207 = PRODUCT_DEFINITION_CONTEXT('part definition',#2,'design');
#2208 = SHAPE_REPRESENTATION('',(#11,#2209,#2213),#2217);
#2209 = AXIS2_PLACEMENT_3D('',#2210,#2211,#2212);
#2210 = CARTESIAN_POINT('',(0.,0.,0.));
#2211 = DIRECTION('',(0.,0.,1.));
#2212 = DIRECTION('',(1.,0.,0.));
#2213 = AXIS2_PLACEMENT_3D('',#2214,#2215,#2216);
#2214 = CARTESIAN_POINT('',(-4.51028103754E-16,0.574523821802,0.));
#2215 = DIRECTION('',(0.,0.,-1.));
#2216 = DIRECTION('',(1.,0.,0.));
#2217 = ( GEOMETRIC_REPRESENTATION_CONTEXT(3) 
GLOBAL_UNCERTAINTY_ASSIGNED_CONTEXT((#2221)) 
GLOBAL_UNIT_ASSIGNED_CONTEXT((#2218,#2219,#2220)) REPRESENTATION_CONTEXT
('Context #1','3D Context with UNIT and UNCERTAINTY') );
#2218 = ( LENGTH_UNIT() NAMED_UNIT(*) SI_UNIT(.MILLI.,.METRE.) );
#2219 = ( NAMED_UNIT(*) PLANE_ANGLE_UNIT() SI_UNIT($,.RADIAN.) );
#2220 = ( NAMED_UNIT(*) SI_UNIT($,.STERADIAN.) SOLID_ANGLE_UNIT() );
#2221 = UNCERTAINTY_MEASURE_WITH_UNIT(LENGTH_MEASURE(1.E-07),#2218,
  'distance_accuracy_value','confusion accuracy');
#2222 = CONTEXT_DEPENDENT_SHAPE_REPRESENTATION(#2223,#2225);
#2223 = ( REPRESENTATION_RELATIONSHIP('','',#2208,#32) 
REPRESENTATION_RELATIONSHIP_WITH_TRANSFORMATION(#2224) 
SHAPE_REPRESENTATION_RELATIONSHIP() );
#2224 = ITEM_DEFINED_TRANSFORMATION('','',#11,#53);
#2225 = PRODUCT_DEFINITION_SHAPE('Placement','Placement of an item',
  #2226);
#2226 = NEXT_ASSEMBLY_USAGE_OCCURRENCE('1122','1039931_IAM_274','',#27,
  #2203,$);
#2227 = PRODUCT_RELATED_PRODUCT_CATEGORY('part',$,(#2205));
#2228 = CONTEXT_DEPENDENT_SHAPE_REPRESENTATION(#2229,#2231);
#2229 = ( REPRESENTATION_RELATIONSHIP('','',#1295,#2208) 
REPRESENTATION_RELATIONSHIP_WITH_TRANSFORMATION(#2230) 
SHAPE_REPRESENTATION_RELATIONSHIP() );
#2230 = ITEM_DEFINED_TRANSFORMATION('','',#11,#2209);
#2231 = PRODUCT_DEFINITION_SHAPE('Placement','Placement of an item',
  #2232);
#2232 = NEXT_ASSEMBLY_USAGE_OCCURRENCE('1120','1039929_IPT_274','',#2203
  ,#1290,$);
#2233 = CONTEXT_DEPENDENT_SHAPE_REPRESENTATION(#2234,#2236);
#2234 = ( REPRESENTATION_RELATIONSHIP('','',#1728,#2208) 
REPRESENTATION_RELATIONSHIP_WITH_TRANSFORMATION(#2235) 
SHAPE_REPRESENTATION_RELATIONSHIP() );
#2235 = ITEM_DEFINED_TRANSFORMATION('','',#11,#2213);
#2236 = PRODUCT_DEFINITION_SHAPE('Placement','Placement of an item',
  #2237);
#2237 = NEXT_ASSEMBLY_USAGE_OCCURRENCE('1121','1039930_IPT_274','',#2203
  ,#1723,$);
#2238 = CONTEXT_DEPENDENT_SHAPE_REPRESENTATION(#2239,#2241);
#2239 = ( REPRESENTATION_RELATIONSHIP('','',#243,#32) 
REPRESENTATION_RELATIONSHIP_WITH_TRANSFORMATION(#2240) 
SHAPE_REPRESENTATION_RELATIONSHIP() );
#2240 = ITEM_DEFINED_TRANSFORMATION('','',#11,#57);
#2241 = PRODUCT_DEFINITION_SHAPE('Placement','Placement of an item',
  #2242);
#2242 = NEXT_ASSEMBLY_USAGE_OCCURRENCE('1123','F1000S1120M007B275','',
  #27,#238,$);
#2243 = SHAPE_DEFINITION_REPRESENTATION(#2244,#2250);
#2244 = PRODUCT_DEFINITION_SHAPE('','',#2245);
#2245 = PRODUCT_DEFINITION('design','',#2246,#2249);
#2246 = PRODUCT_DEFINITION_FORMATION('','',#2247);
#2247 = PRODUCT('1039931_IAM_275','1039931_IAM_275','',(#2248));
#2248 = PRODUCT_CONTEXT('',#2,'mechanical');
#2249 = PRODUCT_DEFINITION_CONTEXT('part definition',#2,'design');
#2250 = SHAPE_REPRESENTATION('',(#11,#2251,#2255),#2259);
#2251 = AXIS2_PLACEMENT_3D('',#2252,#2253,#2254);
#2252 = CARTESIAN_POINT('',(0.,0.,0.));
#2253 = DIRECTION('',(0.,0.,1.));
#2254 = DIRECTION('',(1.,0.,0.));
#2255 = AXIS2_PLACEMENT_3D('',#2256,#2257,#2258);
#2256 = CARTESIAN_POINT('',(-4.51028103754E-16,0.574523821802,0.));
#2257 = DIRECTION('',(0.,0.,-1.));
#2258 = DIRECTION('',(1.,0.,0.));
#2259 = ( GEOMETRIC_REPRESENTATION_CONTEXT(3) 
GLOBAL_UNCERTAINTY_ASSIGNED_CONTEXT((#2263)) 
GLOBAL_UNIT_ASSIGNED_CONTEXT((#2260,#2261,#2262)) REPRESENTATION_CONTEXT
('Context #1','3D Context with UNIT and UNCERTAINTY') );
#2260 = ( LENGTH_UNIT() NAMED_UNIT(*) SI_UNIT(.MILLI.,.METRE.) );
#2261 = ( NAMED_UNIT(*) PLANE_ANGLE_UNIT() SI_UNIT($,.RADIAN.) );
#2262 = ( NAMED_UNIT(*) SI_UNIT($,.STERADIAN.) SOLID_ANGLE_UNIT() );
#2263 = UNCERTAINTY_MEASURE_WITH_UNIT(LENGTH_MEASURE(1.E-07),#2260,
  'distance_accuracy_value','confusion accuracy');
#2264 = CONTEXT_DEPENDENT_SHAPE_REPRESENTATION(#2265,#2267);
#2265 = ( REPRESENTATION_RELATIONSHIP('','',#2250,#32) 
REPRESENTATION_RELATIONSHIP_WITH_TRANSFORMATION(#2266) 
SHAPE_REPRESENTATION_RELATIONSHIP() );
#2266 = ITEM_DEFINED_TRANSFORMATION('','',#11,#61);
#2267 = PRODUCT_DEFINITION_SHAPE('Placement','Placement of an item',
  #2268);
#2268 = NEXT_ASSEMBLY_USAGE_OCCURRENCE('1126','1039931_IAM_275','',#27,
  #2245,$);
#2269 = PRODUCT_RELATED_PRODUCT_CATEGORY('part',$,(#2247));
#2270 = CONTEXT_DEPENDENT_SHAPE_REPRESENTATION(#2271,#2273);
#2271 = ( REPRESENTATION_RELATIONSHIP('','',#1295,#2250) 
REPRESENTATION_RELATIONSHIP_WITH_TRANSFORMATION(#2272) 
SHAPE_REPRESENTATION_RELATIONSHIP() );
#2272 = ITEM_DEFINED_TRANSFORMATION('','',#11,#2251);
#2273 = PRODUCT_DEFINITION_SHAPE('Placement','Placement of an item',
  #2274);
#2274 = NEXT_ASSEMBLY_USAGE_OCCURRENCE('1124','1039929_IPT_275','',#2245
  ,#1290,$);
#2275 = CONTEXT_DEPENDENT_SHAPE_REPRESENTATION(#2276,#2278);
#2276 = ( REPRESENTATION_RELATIONSHIP('','',#1728,#2250) 
REPRESENTATION_RELATIONSHIP_WITH_TRANSFORMATION(#2277) 
SHAPE_REPRESENTATION_RELATIONSHIP() );
#2277 = ITEM_DEFINED_TRANSFORMATION('','',#11,#2255);
#2278 = PRODUCT_DEFINITION_SHAPE('Placement','Placement of an item',
  #2279);
#2279 = NEXT_ASSEMBLY_USAGE_OCCURRENCE('1125','1039930_IPT_275','',#2245
  ,#1723,$);
#2280 = CONTEXT_DEPENDENT_SHAPE_REPRESENTATION(#2281,#2283);
#2281 = ( REPRESENTATION_RELATIONSHIP('','',#243,#32) 
REPRESENTATION_RELATIONSHIP_WITH_TRANSFORMATION(#2282) 
SHAPE_REPRESENTATION_RELATIONSHIP() );
#2282 = ITEM_DEFINED_TRANSFORMATION('','',#11,#65);
#2283 = PRODUCT_DEFINITION_SHAPE('Placement','Placement of an item',
  #2284);
#2284 = NEXT_ASSEMBLY_USAGE_OCCURRENCE('1127','F1000S1120M007B276','',
  #27,#238,$);
#2285 = SHAPE_DEFINITION_REPRESENTATION(#2286,#2292);
#2286 = PRODUCT_DEFINITION_SHAPE('','',#2287);
#2287 = PRODUCT_DEFINITION('design','',#2288,#2291);
#2288 = PRODUCT_DEFINITION_FORMATION('','',#2289);
#2289 = PRODUCT('1039931_IAM_276','1039931_IAM_276','',(#2290));
#2290 = PRODUCT_CONTEXT('',#2,'mechanical');
#2291 = PRODUCT_DEFINITION_CONTEXT('part definition',#2,'design');
#2292 = SHAPE_REPRESENTATION('',(#11,#2293,#2297),#2301);
#2293 = AXIS2_PLACEMENT_3D('',#2294,#2295,#2296);
#2294 = CARTESIAN_POINT('',(0.,0.,0.));
#2295 = DIRECTION('',(0.,0.,1.));
#2296 = DIRECTION('',(1.,0.,0.));
#2297 = AXIS2_PLACEMENT_3D('',#2298,#2299,#2300);
#2298 = CARTESIAN_POINT('',(-4.51028103754E-16,0.574523821802,0.));
#2299 = DIRECTION('',(0.,0.,-1.));
#2300 = DIRECTION('',(1.,0.,0.));
#2301 = ( GEOMETRIC_REPRESENTATION_CONTEXT(3) 
GLOBAL_UNCERTAINTY_ASSIGNED_CONTEXT((#2305)) 
GLOBAL_UNIT_ASSIGNED_CONTEXT((#2302,#2303,#2304)) REPRESENTATION_CONTEXT
('Context #1','3D Context with UNIT and UNCERTAINTY') );
#2302 = ( LENGTH_UNIT() NAMED_UNIT(*) SI_UNIT(.MILLI.,.METRE.) );
#2303 = ( NAMED_UNIT(*) PLANE_ANGLE_UNIT() SI_UNIT($,.RADIAN.) );
#2304 = ( NAMED_UNIT(*) SI_UNIT($,.STERADIAN.) SOLID_ANGLE_UNIT() );
#2305 = UNCERTAINTY_MEASURE_WITH_UNIT(LENGTH_MEASURE(1.E-07),#2302,
  'distance_accuracy_value','confusion accuracy');
#2306 = CONTEXT_DEPENDENT_SHAPE_REPRESENTATION(#2307,#2309);
#2307 = ( REPRESENTATION_RELATIONSHIP('','',#2292,#32) 
REPRESENTATION_RELATIONSHIP_WITH_TRANSFORMATION(#2308) 
SHAPE_REPRESENTATION_RELATIONSHIP() );
#2308 = ITEM_DEFINED_TRANSFORMATION('','',#11,#69);
#2309 = PRODUCT_DEFINITION_SHAPE('Placement','Placement of an item',
  #2310);
#2310 = NEXT_ASSEMBLY_USAGE_OCCURRENCE('1130','1039931_IAM_276','',#27,
  #2287,$);
#2311 = PRODUCT_RELATED_PRODUCT_CATEGORY('part',$,(#2289));
#2312 = CONTEXT_DEPENDENT_SHAPE_REPRESENTATION(#2313,#2315);
#2313 = ( REPRESENTATION_RELATIONSHIP('','',#1295,#2292) 
REPRESENTATION_RELATIONSHIP_WITH_TRANSFORMATION(#2314) 
SHAPE_REPRESENTATION_RELATIONSHIP() );
#2314 = ITEM_DEFINED_TRANSFORMATION('','',#11,#2293);
#2315 = PRODUCT_DEFINITION_SHAPE('Placement','Placement of an item',
  #2316);
#2316 = NEXT_ASSEMBLY_USAGE_OCCURRENCE('1128','1039929_IPT_276','',#2287
  ,#1290,$);
#2317 = CONTEXT_DEPENDENT_SHAPE_REPRESENTATION(#2318,#2320);
#2318 = ( REPRESENTATION_RELATIONSHIP('','',#1728,#2292) 
REPRESENTATION_RELATIONSHIP_WITH_TRANSFORMATION(#2319) 
SHAPE_REPRESENTATION_RELATIONSHIP() );
#2319 = ITEM_DEFINED_TRANSFORMATION('','',#11,#2297);
#2320 = PRODUCT_DEFINITION_SHAPE('Placement','Placement of an item',
  #2321);
#2321 = NEXT_ASSEMBLY_USAGE_OCCURRENCE('1129','1039930_IPT_276','',#2287
  ,#1723,$);
#2322 = CONTEXT_DEPENDENT_SHAPE_REPRESENTATION(#2323,#2325);
#2323 = ( REPRESENTATION_RELATIONSHIP('','',#243,#32) 
REPRESENTATION_RELATIONSHIP_WITH_TRANSFORMATION(#2324) 
SHAPE_REPRESENTATION_RELATIONSHIP() );
#2324 = ITEM_DEFINED_TRANSFORMATION('','',#11,#73);
#2325 = PRODUCT_DEFINITION_SHAPE('Placement','Placement of an item',
  #2326);
#2326 = NEXT_ASSEMBLY_USAGE_OCCURRENCE('1131','F1000S1120M007B277','',
  #27,#238,$);
#2327 = SHAPE_DEFINITION_REPRESENTATION(#2328,#2334);
#2328 = PRODUCT_DEFINITION_SHAPE('','',#2329);
#2329 = PRODUCT_DEFINITION('design','',#2330,#2333);
#2330 = PRODUCT_DEFINITION_FORMATION('','',#2331);
#2331 = PRODUCT('1039931_IAM_277','1039931_IAM_277','',(#2332));
#2332 = PRODUCT_CONTEXT('',#2,'mechanical');
#2333 = PRODUCT_DEFINITION_CONTEXT('part definition',#2,'design');
#2334 = SHAPE_REPRESENTATION('',(#11,#2335,#2339),#2343);
#2335 = AXIS2_PLACEMENT_3D('',#2336,#2337,#2338);
#2336 = CARTESIAN_POINT('',(0.,0.,0.));
#2337 = DIRECTION('',(0.,0.,1.));
#2338 = DIRECTION('',(1.,0.,0.));
#2339 = AXIS2_PLACEMENT_3D('',#2340,#2341,#2342);
#2340 = CARTESIAN_POINT('',(-4.51028103754E-16,0.574523821802,0.));
#2341 = DIRECTION('',(0.,0.,-1.));
#2342 = DIRECTION('',(1.,0.,0.));
#2343 = ( GEOMETRIC_REPRESENTATION_CONTEXT(3) 
GLOBAL_UNCERTAINTY_ASSIGNED_CONTEXT((#2347)) 
GLOBAL_UNIT_ASSIGNED_CONTEXT((#2344,#2345,#2346)) REPRESENTATION_CONTEXT
('Context #1','3D Context with UNIT and UNCERTAINTY') );
#2344 = ( LENGTH_UNIT() NAMED_UNIT(*) SI_UNIT(.MILLI.,.METRE.) );
#2345 = ( NAMED_UNIT(*) PLANE_ANGLE_UNIT() SI_UNIT($,.RADIAN.) );
#2346 = ( NAMED_UNIT(*) SI_UNIT($,.STERADIAN.) SOLID_ANGLE_UNIT() );
#2347 = UNCERTAINTY_MEASURE_WITH_UNIT(LENGTH_MEASURE(1.E-07),#2344,
  'distance_accuracy_value','confusion accuracy');
#2348 = CONTEXT_DEPENDENT_SHAPE_REPRESENTATION(#2349,#2351);
#2349 = ( REPRESENTATION_RELATIONSHIP('','',#2334,#32) 
REPRESENTATION_RELATIONSHIP_WITH_TRANSFORMATION(#2350) 
SHAPE_REPRESENTATION_RELATIONSHIP() );
#2350 = ITEM_DEFINED_TRANSFORMATION('','',#11,#77);
#2351 = PRODUCT_DEFINITION_SHAPE('Placement','Placement of an item',
  #2352);
#2352 = NEXT_ASSEMBLY_USAGE_OCCURRENCE('1134','1039931_IAM_277','',#27,
  #2329,$);
#2353 = PRODUCT_RELATED_PRODUCT_CATEGORY('part',$,(#2331));
#2354 = CONTEXT_DEPENDENT_SHAPE_REPRESENTATION(#2355,#2357);
#2355 = ( REPRESENTATION_RELATIONSHIP('','',#1295,#2334) 
REPRESENTATION_RELATIONSHIP_WITH_TRANSFORMATION(#2356) 
SHAPE_REPRESENTATION_RELATIONSHIP() );
#2356 = ITEM_DEFINED_TRANSFORMATION('','',#11,#2335);
#2357 = PRODUCT_DEFINITION_SHAPE('Placement','Placement of an item',
  #2358);
#2358 = NEXT_ASSEMBLY_USAGE_OCCURRENCE('1132','1039929_IPT_277','',#2329
  ,#1290,$);
#2359 = CONTEXT_DEPENDENT_SHAPE_REPRESENTATION(#2360,#2362);
#2360 = ( REPRESENTATION_RELATIONSHIP('','',#1728,#2334) 
REPRESENTATION_RELATIONSHIP_WITH_TRANSFORMATION(#2361) 
SHAPE_REPRESENTATION_RELATIONSHIP() );
#2361 = ITEM_DEFINED_TRANSFORMATION('','',#11,#2339);
#2362 = PRODUCT_DEFINITION_SHAPE('Placement','Placement of an item',
  #2363);
#2363 = NEXT_ASSEMBLY_USAGE_OCCURRENCE('1133','1039930_IPT_277','',#2329
  ,#1723,$);
#2364 = CONTEXT_DEPENDENT_SHAPE_REPRESENTATION(#2365,#2367);
#2365 = ( REPRESENTATION_RELATIONSHIP('','',#243,#32) 
REPRESENTATION_RELATIONSHIP_WITH_TRANSFORMATION(#2366) 
SHAPE_REPRESENTATION_RELATIONSHIP() );
#2366 = ITEM_DEFINED_TRANSFORMATION('','',#11,#81);
#2367 = PRODUCT_DEFINITION_SHAPE('Placement','Placement of an item',
  #2368);
#2368 = NEXT_ASSEMBLY_USAGE_OCCURRENCE('1135','F1000S1120M007B278','',
  #27,#238,$);
#2369 = SHAPE_DEFINITION_REPRESENTATION(#2370,#2376);
#2370 = PRODUCT_DEFINITION_SHAPE('','',#2371);
#2371 = PRODUCT_DEFINITION('design','',#2372,#2375);
#2372 = PRODUCT_DEFINITION_FORMATION('','',#2373);
#2373 = PRODUCT('1039931_IAM_278','1039931_IAM_278','',(#2374));
#2374 = PRODUCT_CONTEXT('',#2,'mechanical');
#2375 = PRODUCT_DEFINITION_CONTEXT('part definition',#2,'design');
#2376 = SHAPE_REPRESENTATION('',(#11,#2377,#2381),#2385);
#2377 = AXIS2_PLACEMENT_3D('',#2378,#2379,#2380);
#2378 = CARTESIAN_POINT('',(0.,0.,0.));
#2379 = DIRECTION('',(0.,0.,1.));
#2380 = DIRECTION('',(1.,0.,0.));
#2381 = AXIS2_PLACEMENT_3D('',#2382,#2383,#2384);
#2382 = CARTESIAN_POINT('',(-4.51028103754E-16,0.574523821802,0.));
#2383 = DIRECTION('',(0.,0.,-1.));
#2384 = DIRECTION('',(1.,0.,0.));
#2385 = ( GEOMETRIC_REPRESENTATION_CONTEXT(3) 
GLOBAL_UNCERTAINTY_ASSIGNED_CONTEXT((#2389)) 
GLOBAL_UNIT_ASSIGNED_CONTEXT((#2386,#2387,#2388)) REPRESENTATION_CONTEXT
('Context #1','3D Context with UNIT and UNCERTAINTY') );
#2386 = ( LENGTH_UNIT() NAMED_UNIT(*) SI_UNIT(.MILLI.,.METRE.) );
#2387 = ( NAMED_UNIT(*) PLANE_ANGLE_UNIT() SI_UNIT($,.RADIAN.) );
#2388 = ( NAMED_UNIT(*) SI_UNIT($,.STERADIAN.) SOLID_ANGLE_UNIT() );
#2389 = UNCERTAINTY_MEASURE_WITH_UNIT(LENGTH_MEASURE(1.E-07),#2386,
  'distance_accuracy_value','confusion accuracy');
#2390 = CONTEXT_DEPENDENT_SHAPE_REPRESENTATION(#2391,#2393);
#2391 = ( REPRESENTATION_RELATIONSHIP('','',#2376,#32) 
REPRESENTATION_RELATIONSHIP_WITH_TRANSFORMATION(#2392) 
SHAPE_REPRESENTATION_RELATIONSHIP() );
#2392 = ITEM_DEFINED_TRANSFORMATION('','',#11,#85);
#2393 = PRODUCT_DEFINITION_SHAPE('Placement','Placement of an item',
  #2394);
#2394 = NEXT_ASSEMBLY_USAGE_OCCURRENCE('1138','1039931_IAM_278','',#27,
  #2371,$);
#2395 = PRODUCT_RELATED_PRODUCT_CATEGORY('part',$,(#2373));
#2396 = CONTEXT_DEPENDENT_SHAPE_REPRESENTATION(#2397,#2399);
#2397 = ( REPRESENTATION_RELATIONSHIP('','',#1295,#2376) 
REPRESENTATION_RELATIONSHIP_WITH_TRANSFORMATION(#2398) 
SHAPE_REPRESENTATION_RELATIONSHIP() );
#2398 = ITEM_DEFINED_TRANSFORMATION('','',#11,#2377);
#2399 = PRODUCT_DEFINITION_SHAPE('Placement','Placement of an item',
  #2400);
#2400 = NEXT_ASSEMBLY_USAGE_OCCURRENCE('1136','1039929_IPT_278','',#2371
  ,#1290,$);
#2401 = CONTEXT_DEPENDENT_SHAPE_REPRESENTATION(#2402,#2404);
#2402 = ( REPRESENTATION_RELATIONSHIP('','',#1728,#2376) 
REPRESENTATION_RELATIONSHIP_WITH_TRANSFORMATION(#2403) 
SHAPE_REPRESENTATION_RELATIONSHIP() );
#2403 = ITEM_DEFINED_TRANSFORMATION('','',#11,#2381);
#2404 = PRODUCT_DEFINITION_SHAPE('Placement','Placement of an item',
  #2405);
#2405 = NEXT_ASSEMBLY_USAGE_OCCURRENCE('1137','1039930_IPT_278','',#2371
  ,#1723,$);
#2406 = CONTEXT_DEPENDENT_SHAPE_REPRESENTATION(#2407,#2409);
#2407 = ( REPRESENTATION_RELATIONSHIP('','',#243,#32) 
REPRESENTATION_RELATIONSHIP_WITH_TRANSFORMATION(#2408) 
SHAPE_REPRESENTATION_RELATIONSHIP() );
#2408 = ITEM_DEFINED_TRANSFORMATION('','',#11,#89);
#2409 = PRODUCT_DEFINITION_SHAPE('Placement','Placement of an item',
  #2410);
#2410 = NEXT_ASSEMBLY_USAGE_OCCURRENCE('1139','F1000S1120M007B279','',
  #27,#238,$);
#2411 = SHAPE_DEFINITION_REPRESENTATION(#2412,#2418);
#2412 = PRODUCT_DEFINITION_SHAPE('','',#2413);
#2413 = PRODUCT_DEFINITION('design','',#2414,#2417);
#2414 = PRODUCT_DEFINITION_FORMATION('','',#2415);
#2415 = PRODUCT('1039931_IAM_279','1039931_IAM_279','',(#2416));
#2416 = PRODUCT_CONTEXT('',#2,'mechanical');
#2417 = PRODUCT_DEFINITION_CONTEXT('part definition',#2,'design');
#2418 = SHAPE_REPRESENTATION('',(#11,#2419,#2423),#2427);
#2419 = AXIS2_PLACEMENT_3D('',#2420,#2421,#2422);
#2420 = CARTESIAN_POINT('',(0.,0.,0.));
#2421 = DIRECTION('',(0.,0.,1.));
#2422 = DIRECTION('',(1.,0.,0.));
#2423 = AXIS2_PLACEMENT_3D('',#2424,#2425,#2426);
#2424 = CARTESIAN_POINT('',(-4.51028103754E-16,0.574523821802,0.));
#2425 = DIRECTION('',(0.,0.,-1.));
#2426 = DIRECTION('',(1.,0.,0.));
#2427 = ( GEOMETRIC_REPRESENTATION_CONTEXT(3) 
GLOBAL_UNCERTAINTY_ASSIGNED_CONTEXT((#2431)) 
GLOBAL_UNIT_ASSIGNED_CONTEXT((#2428,#2429,#2430)) REPRESENTATION_CONTEXT
('Context #1','3D Context with UNIT and UNCERTAINTY') );
#2428 = ( LENGTH_UNIT() NAMED_UNIT(*) SI_UNIT(.MILLI.,.METRE.) );
#2429 = ( NAMED_UNIT(*) PLANE_ANGLE_UNIT() SI_UNIT($,.RADIAN.) );
#2430 = ( NAMED_UNIT(*) SI_UNIT($,.STERADIAN.) SOLID_ANGLE_UNIT() );
#2431 = UNCERTAINTY_MEASURE_WITH_UNIT(LENGTH_MEASURE(1.E-07),#2428,
  'distance_accuracy_value','confusion accuracy');
#2432 = CONTEXT_DEPENDENT_SHAPE_REPRESENTATION(#2433,#2435);
#2433 = ( REPRESENTATION_RELATIONSHIP('','',#2418,#32) 
REPRESENTATION_RELATIONSHIP_WITH_TRANSFORMATION(#2434) 
SHAPE_REPRESENTATION_RELATIONSHIP() );
#2434 = ITEM_DEFINED_TRANSFORMATION('','',#11,#93);
#2435 = PRODUCT_DEFINITION_SHAPE('Placement','Placement of an item',
  #2436);
#2436 = NEXT_ASSEMBLY_USAGE_OCCURRENCE('1142','1039931_IAM_279','',#27,
  #2413,$);
#2437 = PRODUCT_RELATED_PRODUCT_CATEGORY('part',$,(#2415));
#2438 = CONTEXT_DEPENDENT_SHAPE_REPRESENTATION(#2439,#2441);
#2439 = ( REPRESENTATION_RELATIONSHIP('','',#1295,#2418) 
REPRESENTATION_RELATIONSHIP_WITH_TRANSFORMATION(#2440) 
SHAPE_REPRESENTATION_RELATIONSHIP() );
#2440 = ITEM_DEFINED_TRANSFORMATION('','',#11,#2419);
#2441 = PRODUCT_DEFINITION_SHAPE('Placement','Placement of an item',
  #2442);
#2442 = NEXT_ASSEMBLY_USAGE_OCCURRENCE('1140','1039929_IPT_279','',#2413
  ,#1290,$);
#2443 = CONTEXT_DEPENDENT_SHAPE_REPRESENTATION(#2444,#2446);
#2444 = ( REPRESENTATION_RELATIONSHIP('','',#1728,#2418) 
REPRESENTATION_RELATIONSHIP_WITH_TRANSFORMATION(#2445) 
SHAPE_REPRESENTATION_RELATIONSHIP() );
#2445 = ITEM_DEFINED_TRANSFORMATION('','',#11,#2423);
#2446 = PRODUCT_DEFINITION_SHAPE('Placement','Placement of an item',
  #2447);
#2447 = NEXT_ASSEMBLY_USAGE_OCCURRENCE('1141','1039930_IPT_279','',#2413
  ,#1723,$);
#2448 = CONTEXT_DEPENDENT_SHAPE_REPRESENTATION(#2449,#2451);
#2449 = ( REPRESENTATION_RELATIONSHIP('','',#243,#32) 
REPRESENTATION_RELATIONSHIP_WITH_TRANSFORMATION(#2450) 
SHAPE_REPRESENTATION_RELATIONSHIP() );
#2450 = ITEM_DEFINED_TRANSFORMATION('','',#11,#97);
#2451 = PRODUCT_DEFINITION_SHAPE('Placement','Placement of an item',
  #2452);
#2452 = NEXT_ASSEMBLY_USAGE_OCCURRENCE('1143','F1000S1120M007B280','',
  #27,#238,$);
#2453 = SHAPE_DEFINITION_REPRESENTATION(#2454,#2460);
#2454 = PRODUCT_DEFINITION_SHAPE('','',#2455);
#2455 = PRODUCT_DEFINITION('design','',#2456,#2459);
#2456 = PRODUCT_DEFINITION_FORMATION('','',#2457);
#2457 = PRODUCT('1039931_IAM_280','1039931_IAM_280','',(#2458));
#2458 = PRODUCT_CONTEXT('',#2,'mechanical');
#2459 = PRODUCT_DEFINITION_CONTEXT('part definition',#2,'design');
#2460 = SHAPE_REPRESENTATION('',(#11,#2461,#2465),#2469);
#2461 = AXIS2_PLACEMENT_3D('',#2462,#2463,#2464);
#2462 = CARTESIAN_POINT('',(0.,0.,0.));
#2463 = DIRECTION('',(0.,0.,1.));
#2464 = DIRECTION('',(1.,0.,0.));
#2465 = AXIS2_PLACEMENT_3D('',#2466,#2467,#2468);
#2466 = CARTESIAN_POINT('',(-4.51028103754E-16,0.574523821802,0.));
#2467 = DIRECTION('',(0.,0.,-1.));
#2468 = DIRECTION('',(1.,0.,0.));
#2469 = ( GEOMETRIC_REPRESENTATION_CONTEXT(3) 
GLOBAL_UNCERTAINTY_ASSIGNED_CONTEXT((#2473)) 
GLOBAL_UNIT_ASSIGNED_CONTEXT((#2470,#2471,#2472)) REPRESENTATION_CONTEXT
('Context #1','3D Context with UNIT and UNCERTAINTY') );
#2470 = ( LENGTH_UNIT() NAMED_UNIT(*) SI_UNIT(.MILLI.,.METRE.) );
#2471 = ( NAMED_UNIT(*) PLANE_ANGLE_UNIT() SI_UNIT($,.RADIAN.) );
#2472 = ( NAMED_UNIT(*) SI_UNIT($,.STERADIAN.) SOLID_ANGLE_UNIT() );
#2473 = UNCERTAINTY_MEASURE_WITH_UNIT(LENGTH_MEASURE(1.E-07),#2470,
  'distance_accuracy_value','confusion accuracy');
#2474 = CONTEXT_DEPENDENT_SHAPE_REPRESENTATION(#2475,#2477);
#2475 = ( REPRESENTATION_RELATIONSHIP('','',#2460,#32) 
REPRESENTATION_RELATIONSHIP_WITH_TRANSFORMATION(#2476) 
SHAPE_REPRESENTATION_RELATIONSHIP() );
#2476 = ITEM_DEFINED_TRANSFORMATION('','',#11,#101);
#2477 = PRODUCT_DEFINITION_SHAPE('Placement','Placement of an item',
  #2478);
#2478 = NEXT_ASSEMBLY_USAGE_OCCURRENCE('1146','1039931_IAM_280','',#27,
  #2455,$);
#2479 = PRODUCT_RELATED_PRODUCT_CATEGORY('part',$,(#2457));
#2480 = CONTEXT_DEPENDENT_SHAPE_REPRESENTATION(#2481,#2483);
#2481 = ( REPRESENTATION_RELATIONSHIP('','',#1295,#2460) 
REPRESENTATION_RELATIONSHIP_WITH_TRANSFORMATION(#2482) 
SHAPE_REPRESENTATION_RELATIONSHIP() );
#2482 = ITEM_DEFINED_TRANSFORMATION('','',#11,#2461);
#2483 = PRODUCT_DEFINITION_SHAPE('Placement','Placement of an item',
  #2484);
#2484 = NEXT_ASSEMBLY_USAGE_OCCURRENCE('1144','1039929_IPT_280','',#2455
  ,#1290,$);
#2485 = CONTEXT_DEPENDENT_SHAPE_REPRESENTATION(#2486,#2488);
#2486 = ( REPRESENTATION_RELATIONSHIP('','',#1728,#2460) 
REPRESENTATION_RELATIONSHIP_WITH_TRANSFORMATION(#2487) 
SHAPE_REPRESENTATION_RELATIONSHIP() );
#2487 = ITEM_DEFINED_TRANSFORMATION('','',#11,#2465);
#2488 = PRODUCT_DEFINITION_SHAPE('Placement','Placement of an item',
  #2489);
#2489 = NEXT_ASSEMBLY_USAGE_OCCURRENCE('1145','1039930_IPT_280','',#2455
  ,#1723,$);
#2490 = CONTEXT_DEPENDENT_SHAPE_REPRESENTATION(#2491,#2493);
#2491 = ( REPRESENTATION_RELATIONSHIP('','',#243,#32) 
REPRESENTATION_RELATIONSHIP_WITH_TRANSFORMATION(#2492) 
SHAPE_REPRESENTATION_RELATIONSHIP() );
#2492 = ITEM_DEFINED_TRANSFORMATION('','',#11,#105);
#2493 = PRODUCT_DEFINITION_SHAPE('Placement','Placement of an item',
  #2494);
#2494 = NEXT_ASSEMBLY_USAGE_OCCURRENCE('1147','F1000S1120M007B281','',
  #27,#238,$);
#2495 = SHAPE_DEFINITION_REPRESENTATION(#2496,#2502);
#2496 = PRODUCT_DEFINITION_SHAPE('','',#2497);
#2497 = PRODUCT_DEFINITION('design','',#2498,#2501);
#2498 = PRODUCT_DEFINITION_FORMATION('','',#2499);
#2499 = PRODUCT('1039931_IAM_281','1039931_IAM_281','',(#2500));
#2500 = PRODUCT_CONTEXT('',#2,'mechanical');
#2501 = PRODUCT_DEFINITION_CONTEXT('part definition',#2,'design');
#2502 = SHAPE_REPRESENTATION('',(#11,#2503,#2507),#2511);
#2503 = AXIS2_PLACEMENT_3D('',#2504,#2505,#2506);
#2504 = CARTESIAN_POINT('',(0.,0.,0.));
#2505 = DIRECTION('',(0.,0.,1.));
#2506 = DIRECTION('',(1.,0.,0.));
#2507 = AXIS2_PLACEMENT_3D('',#2508,#2509,#2510);
#2508 = CARTESIAN_POINT('',(-4.51028103754E-16,0.574523821802,0.));
#2509 = DIRECTION('',(0.,0.,-1.));
#2510 = DIRECTION('',(1.,0.,0.));
#2511 = ( GEOMETRIC_REPRESENTATION_CONTEXT(3) 
GLOBAL_UNCERTAINTY_ASSIGNED_CONTEXT((#2515)) 
GLOBAL_UNIT_ASSIGNED_CONTEXT((#2512,#2513,#2514)) REPRESENTATION_CONTEXT
('Context #1','3D Context with UNIT and UNCERTAINTY') );
#2512 = ( LENGTH_UNIT() NAMED_UNIT(*) SI_UNIT(.MILLI.,.METRE.) );
#2513 = ( NAMED_UNIT(*) PLANE_ANGLE_UNIT() SI_UNIT($,.RADIAN.) );
#2514 = ( NAMED_UNIT(*) SI_UNIT($,.STERADIAN.) SOLID_ANGLE_UNIT() );
#2515 = UNCERTAINTY_MEASURE_WITH_UNIT(LENGTH_MEASURE(1.E-07),#2512,
  'distance_accuracy_value','confusion accuracy');
#2516 = CONTEXT_DEPENDENT_SHAPE_REPRESENTATION(#2517,#2519);
#2517 = ( REPRESENTATION_RELATIONSHIP('','',#2502,#32) 
REPRESENTATION_RELATIONSHIP_WITH_TRANSFORMATION(#2518) 
SHAPE_REPRESENTATION_RELATIONSHIP() );
#2518 = ITEM_DEFINED_TRANSFORMATION('','',#11,#109);
#2519 = PRODUCT_DEFINITION_SHAPE('Placement','Placement of an item',
  #2520);
#2520 = NEXT_ASSEMBLY_USAGE_OCCURRENCE('1150','1039931_IAM_281','',#27,
  #2497,$);
#2521 = PRODUCT_RELATED_PRODUCT_CATEGORY('part',$,(#2499));
#2522 = CONTEXT_DEPENDENT_SHAPE_REPRESENTATION(#2523,#2525);
#2523 = ( REPRESENTATION_RELATIONSHIP('','',#1295,#2502) 
REPRESENTATION_RELATIONSHIP_WITH_TRANSFORMATION(#2524) 
SHAPE_REPRESENTATION_RELATIONSHIP() );
#2524 = ITEM_DEFINED_TRANSFORMATION('','',#11,#2503);
#2525 = PRODUCT_DEFINITION_SHAPE('Placement','Placement of an item',
  #2526);
#2526 = NEXT_ASSEMBLY_USAGE_OCCURRENCE('1148','1039929_IPT_281','',#2497
  ,#1290,$);
#2527 = CONTEXT_DEPENDENT_SHAPE_REPRESENTATION(#2528,#2530);
#2528 = ( REPRESENTATION_RELATIONSHIP('','',#1728,#2502) 
REPRESENTATION_RELATIONSHIP_WITH_TRANSFORMATION(#2529) 
SHAPE_REPRESENTATION_RELATIONSHIP() );
#2529 = ITEM_DEFINED_TRANSFORMATION('','',#11,#2507);
#2530 = PRODUCT_DEFINITION_SHAPE('Placement','Placement of an item',
  #2531);
#2531 = NEXT_ASSEMBLY_USAGE_OCCURRENCE('1149','1039930_IPT_281','',#2497
  ,#1723,$);
#2532 = CONTEXT_DEPENDENT_SHAPE_REPRESENTATION(#2533,#2535);
#2533 = ( REPRESENTATION_RELATIONSHIP('','',#243,#32) 
REPRESENTATION_RELATIONSHIP_WITH_TRANSFORMATION(#2534) 
SHAPE_REPRESENTATION_RELATIONSHIP() );
#2534 = ITEM_DEFINED_TRANSFORMATION('','',#11,#113);
#2535 = PRODUCT_DEFINITION_SHAPE('Placement','Placement of an item',
  #2536);
#2536 = NEXT_ASSEMBLY_USAGE_OCCURRENCE('1151','F1000S1120M007B282','',
  #27,#238,$);
#2537 = SHAPE_DEFINITION_REPRESENTATION(#2538,#2544);
#2538 = PRODUCT_DEFINITION_SHAPE('','',#2539);
#2539 = PRODUCT_DEFINITION('design','',#2540,#2543);
#2540 = PRODUCT_DEFINITION_FORMATION('','',#2541);
#2541 = PRODUCT('1039931_IAM_282','1039931_IAM_282','',(#2542));
#2542 = PRODUCT_CONTEXT('',#2,'mechanical');
#2543 = PRODUCT_DEFINITION_CONTEXT('part definition',#2,'design');
#2544 = SHAPE_REPRESENTATION('',(#11,#2545,#2549),#2553);
#2545 = AXIS2_PLACEMENT_3D('',#2546,#2547,#2548);
#2546 = CARTESIAN_POINT('',(0.,0.,0.));
#2547 = DIRECTION('',(0.,0.,1.));
#2548 = DIRECTION('',(1.,0.,0.));
#2549 = AXIS2_PLACEMENT_3D('',#2550,#2551,#2552);
#2550 = CARTESIAN_POINT('',(-4.51028103754E-16,0.574523821802,0.));
#2551 = DIRECTION('',(0.,0.,-1.));
#2552 = DIRECTION('',(1.,0.,0.));
#2553 = ( GEOMETRIC_REPRESENTATION_CONTEXT(3) 
GLOBAL_UNCERTAINTY_ASSIGNED_CONTEXT((#2557)) 
GLOBAL_UNIT_ASSIGNED_CONTEXT((#2554,#2555,#2556)) REPRESENTATION_CONTEXT
('Context #1','3D Context with UNIT and UNCERTAINTY') );
#2554 = ( LENGTH_UNIT() NAMED_UNIT(*) SI_UNIT(.MILLI.,.METRE.) );
#2555 = ( NAMED_UNIT(*) PLANE_ANGLE_UNIT() SI_UNIT($,.RADIAN.) );
#2556 = ( NAMED_UNIT(*) SI_UNIT($,.STERADIAN.) SOLID_ANGLE_UNIT() );
#2557 = UNCERTAINTY_MEASURE_WITH_UNIT(LENGTH_MEASURE(1.E-07),#2554,
  'distance_accuracy_value','confusion accuracy');
#2558 = CONTEXT_DEPENDENT_SHAPE_REPRESENTATION(#2559,#2561);
#2559 = ( REPRESENTATION_RELATIONSHIP('','',#2544,#32) 
REPRESENTATION_RELATIONSHIP_WITH_TRANSFORMATION(#2560) 
SHAPE_REPRESENTATION_RELATIONSHIP() );
#2560 = ITEM_DEFINED_TRANSFORMATION('','',#11,#117);
#2561 = PRODUCT_DEFINITION_SHAPE('Placement','Placement of an item',
  #2562);
#2562 = NEXT_ASSEMBLY_USAGE_OCCURRENCE('1154','1039931_IAM_282','',#27,
  #2539,$);
#2563 = PRODUCT_RELATED_PRODUCT_CATEGORY('part',$,(#2541));
#2564 = CONTEXT_DEPENDENT_SHAPE_REPRESENTATION(#2565,#2567);
#2565 = ( REPRESENTATION_RELATIONSHIP('','',#1295,#2544) 
REPRESENTATION_RELATIONSHIP_WITH_TRANSFORMATION(#2566) 
SHAPE_REPRESENTATION_RELATIONSHIP() );
#2566 = ITEM_DEFINED_TRANSFORMATION('','',#11,#2545);
#2567 = PRODUCT_DEFINITION_SHAPE('Placement','Placement of an item',
  #2568);
#2568 = NEXT_ASSEMBLY_USAGE_OCCURRENCE('1152','1039929_IPT_282','',#2539
  ,#1290,$);
#2569 = CONTEXT_DEPENDENT_SHAPE_REPRESENTATION(#2570,#2572);
#2570 = ( REPRESENTATION_RELATIONSHIP('','',#1728,#2544) 
REPRESENTATION_RELATIONSHIP_WITH_TRANSFORMATION(#2571) 
SHAPE_REPRESENTATION_RELATIONSHIP() );
#2571 = ITEM_DEFINED_TRANSFORMATION('','',#11,#2549);
#2572 = PRODUCT_DEFINITION_SHAPE('Placement','Placement of an item',
  #2573);
#2573 = NEXT_ASSEMBLY_USAGE_OCCURRENCE('1153','1039930_IPT_282','',#2539
  ,#1723,$);
#2574 = CONTEXT_DEPENDENT_SHAPE_REPRESENTATION(#2575,#2577);
#2575 = ( REPRESENTATION_RELATIONSHIP('','',#243,#32) 
REPRESENTATION_RELATIONSHIP_WITH_TRANSFORMATION(#2576) 
SHAPE_REPRESENTATION_RELATIONSHIP() );
#2576 = ITEM_DEFINED_TRANSFORMATION('','',#11,#121);
#2577 = PRODUCT_DEFINITION_SHAPE('Placement','Placement of an item',
  #2578);
#2578 = NEXT_ASSEMBLY_USAGE_OCCURRENCE('1155','F1000S1120M007B283','',
  #27,#238,$);
#2579 = SHAPE_DEFINITION_REPRESENTATION(#2580,#2586);
#2580 = PRODUCT_DEFINITION_SHAPE('','',#2581);
#2581 = PRODUCT_DEFINITION('design','',#2582,#2585);
#2582 = PRODUCT_DEFINITION_FORMATION('','',#2583);
#2583 = PRODUCT('1039931_IAM_283','1039931_IAM_283','',(#2584));
#2584 = PRODUCT_CONTEXT('',#2,'mechanical');
#2585 = PRODUCT_DEFINITION_CONTEXT('part definition',#2,'design');
#2586 = SHAPE_REPRESENTATION('',(#11,#2587,#2591),#2595);
#2587 = AXIS2_PLACEMENT_3D('',#2588,#2589,#2590);
#2588 = CARTESIAN_POINT('',(0.,0.,0.));
#2589 = DIRECTION('',(0.,0.,1.));
#2590 = DIRECTION('',(1.,0.,0.));
#2591 = AXIS2_PLACEMENT_3D('',#2592,#2593,#2594);
#2592 = CARTESIAN_POINT('',(-4.51028103754E-16,0.574523821802,0.));
#2593 = DIRECTION('',(0.,0.,-1.));
#2594 = DIRECTION('',(1.,0.,0.));
#2595 = ( GEOMETRIC_REPRESENTATION_CONTEXT(3) 
GLOBAL_UNCERTAINTY_ASSIGNED_CONTEXT((#2599)) 
GLOBAL_UNIT_ASSIGNED_CONTEXT((#2596,#2597,#2598)) REPRESENTATION_CONTEXT
('Context #1','3D Context with UNIT and UNCERTAINTY') );
#2596 = ( LENGTH_UNIT() NAMED_UNIT(*) SI_UNIT(.MILLI.,.METRE.) );
#2597 = ( NAMED_UNIT(*) PLANE_ANGLE_UNIT() SI_UNIT($,.RADIAN.) );
#2598 = ( NAMED_UNIT(*) SI_UNIT($,.STERADIAN.) SOLID_ANGLE_UNIT() );
#2599 = UNCERTAINTY_MEASURE_WITH_UNIT(LENGTH_MEASURE(1.E-07),#2596,
  'distance_accuracy_value','confusion accuracy');
#2600 = CONTEXT_DEPENDENT_SHAPE_REPRESENTATION(#2601,#2603);
#2601 = ( REPRESENTATION_RELATIONSHIP('','',#2586,#32) 
REPRESENTATION_RELATIONSHIP_WITH_TRANSFORMATION(#2602) 
SHAPE_REPRESENTATION_RELATIONSHIP() );
#2602 = ITEM_DEFINED_TRANSFORMATION('','',#11,#125);
#2603 = PRODUCT_DEFINITION_SHAPE('Placement','Placement of an item',
  #2604);
#2604 = NEXT_ASSEMBLY_USAGE_OCCURRENCE('1158','1039931_IAM_283','',#27,
  #2581,$);
#2605 = PRODUCT_RELATED_PRODUCT_CATEGORY('part',$,(#2583));
#2606 = CONTEXT_DEPENDENT_SHAPE_REPRESENTATION(#2607,#2609);
#2607 = ( REPRESENTATION_RELATIONSHIP('','',#1295,#2586) 
REPRESENTATION_RELATIONSHIP_WITH_TRANSFORMATION(#2608) 
SHAPE_REPRESENTATION_RELATIONSHIP() );
#2608 = ITEM_DEFINED_TRANSFORMATION('','',#11,#2587);
#2609 = PRODUCT_DEFINITION_SHAPE('Placement','Placement of an item',
  #2610);
#2610 = NEXT_ASSEMBLY_USAGE_OCCURRENCE('1156','1039929_IPT_283','',#2581
  ,#1290,$);
#2611 = CONTEXT_DEPENDENT_SHAPE_REPRESENTATION(#2612,#2614);
#2612 = ( REPRESENTATION_RELATIONSHIP('','',#1728,#2586) 
REPRESENTATION_RELATIONSHIP_WITH_TRANSFORMATION(#2613) 
SHAPE_REPRESENTATION_RELATIONSHIP() );
#2613 = ITEM_DEFINED_TRANSFORMATION('','',#11,#2591);
#2614 = PRODUCT_DEFINITION_SHAPE('Placement','Placement of an item',
  #2615);
#2615 = NEXT_ASSEMBLY_USAGE_OCCURRENCE('1157','1039930_IPT_283','',#2581
  ,#1723,$);
#2616 = CONTEXT_DEPENDENT_SHAPE_REPRESENTATION(#2617,#2619);
#2617 = ( REPRESENTATION_RELATIONSHIP('','',#243,#32) 
REPRESENTATION_RELATIONSHIP_WITH_TRANSFORMATION(#2618) 
SHAPE_REPRESENTATION_RELATIONSHIP() );
#2618 = ITEM_DEFINED_TRANSFORMATION('','',#11,#129);
#2619 = PRODUCT_DEFINITION_SHAPE('Placement','Placement of an item',
  #2620);
#2620 = NEXT_ASSEMBLY_USAGE_OCCURRENCE('1159','F1000S1120M007B284','',
  #27,#238,$);
#2621 = SHAPE_DEFINITION_REPRESENTATION(#2622,#2628);
#2622 = PRODUCT_DEFINITION_SHAPE('','',#2623);
#2623 = PRODUCT_DEFINITION('design','',#2624,#2627);
#2624 = PRODUCT_DEFINITION_FORMATION('','',#2625);
#2625 = PRODUCT('1039931_IAM_284','1039931_IAM_284','',(#2626));
#2626 = PRODUCT_CONTEXT('',#2,'mechanical');
#2627 = PRODUCT_DEFINITION_CONTEXT('part definition',#2,'design');
#2628 = SHAPE_REPRESENTATION('',(#11,#2629,#2633),#2637);
#2629 = AXIS2_PLACEMENT_3D('',#2630,#2631,#2632);
#2630 = CARTESIAN_POINT('',(0.,0.,0.));
#2631 = DIRECTION('',(0.,0.,1.));
#2632 = DIRECTION('',(1.,0.,0.));
#2633 = AXIS2_PLACEMENT_3D('',#2634,#2635,#2636);
#2634 = CARTESIAN_POINT('',(-4.51028103754E-16,0.574523821802,0.));
#2635 = DIRECTION('',(0.,0.,-1.));
#2636 = DIRECTION('',(1.,0.,0.));
#2637 = ( GEOMETRIC_REPRESENTATION_CONTEXT(3) 
GLOBAL_UNCERTAINTY_ASSIGNED_CONTEXT((#2641)) 
GLOBAL_UNIT_ASSIGNED_CONTEXT((#2638,#2639,#2640)) REPRESENTATION_CONTEXT
('Context #1','3D Context with UNIT and UNCERTAINTY') );
#2638 = ( LENGTH_UNIT() NAMED_UNIT(*) SI_UNIT(.MILLI.,.METRE.) );
#2639 = ( NAMED_UNIT(*) PLANE_ANGLE_UNIT() SI_UNIT($,.RADIAN.) );
#2640 = ( NAMED_UNIT(*) SI_UNIT($,.STERADIAN.) SOLID_ANGLE_UNIT() );
#2641 = UNCERTAINTY_MEASURE_WITH_UNIT(LENGTH_MEASURE(1.E-07),#2638,
  'distance_accuracy_value','confusion accuracy');
#2642 = CONTEXT_DEPENDENT_SHAPE_REPRESENTATION(#2643,#2645);
#2643 = ( REPRESENTATION_RELATIONSHIP('','',#2628,#32) 
REPRESENTATION_RELATIONSHIP_WITH_TRANSFORMATION(#2644) 
SHAPE_REPRESENTATION_RELATIONSHIP() );
#2644 = ITEM_DEFINED_TRANSFORMATION('','',#11,#133);
#2645 = PRODUCT_DEFINITION_SHAPE('Placement','Placement of an item',
  #2646);
#2646 = NEXT_ASSEMBLY_USAGE_OCCURRENCE('1162','1039931_IAM_284','',#27,
  #2623,$);
#2647 = PRODUCT_RELATED_PRODUCT_CATEGORY('part',$,(#2625));
#2648 = CONTEXT_DEPENDENT_SHAPE_REPRESENTATION(#2649,#2651);
#2649 = ( REPRESENTATION_RELATIONSHIP('','',#1295,#2628) 
REPRESENTATION_RELATIONSHIP_WITH_TRANSFORMATION(#2650) 
SHAPE_REPRESENTATION_RELATIONSHIP() );
#2650 = ITEM_DEFINED_TRANSFORMATION('','',#11,#2629);
#2651 = PRODUCT_DEFINITION_SHAPE('Placement','Placement of an item',
  #2652);
#2652 = NEXT_ASSEMBLY_USAGE_OCCURRENCE('1160','1039929_IPT_284','',#2623
  ,#1290,$);
#2653 = CONTEXT_DEPENDENT_SHAPE_REPRESENTATION(#2654,#2656);
#2654 = ( REPRESENTATION_RELATIONSHIP('','',#1728,#2628) 
REPRESENTATION_RELATIONSHIP_WITH_TRANSFORMATION(#2655) 
SHAPE_REPRESENTATION_RELATIONSHIP() );
#2655 = ITEM_DEFINED_TRANSFORMATION('','',#11,#2633);
#2656 = PRODUCT_DEFINITION_SHAPE('Placement','Placement of an item',
  #2657);
#2657 = NEXT_ASSEMBLY_USAGE_OCCURRENCE('1161','1039930_IPT_284','',#2623
  ,#1723,$);
#2658 = CONTEXT_DEPENDENT_SHAPE_REPRESENTATION(#2659,#2661);
#2659 = ( REPRESENTATION_RELATIONSHIP('','',#243,#32) 
REPRESENTATION_RELATIONSHIP_WITH_TRANSFORMATION(#2660) 
SHAPE_REPRESENTATION_RELATIONSHIP() );
#2660 = ITEM_DEFINED_TRANSFORMATION('','',#11,#137);
#2661 = PRODUCT_DEFINITION_SHAPE('Placement','Placement of an item',
  #2662);
#2662 = NEXT_ASSEMBLY_USAGE_OCCURRENCE('1163','F1000S1120M007B285','',
  #27,#238,$);
#2663 = SHAPE_DEFINITION_REPRESENTATION(#2664,#2670);
#2664 = PRODUCT_DEFINITION_SHAPE('','',#2665);
#2665 = PRODUCT_DEFINITION('design','',#2666,#2669);
#2666 = PRODUCT_DEFINITION_FORMATION('','',#2667);
#2667 = PRODUCT('1039931_IAM_285','1039931_IAM_285','',(#2668));
#2668 = PRODUCT_CONTEXT('',#2,'mechanical');
#2669 = PRODUCT_DEFINITION_CONTEXT('part definition',#2,'design');
#2670 = SHAPE_REPRESENTATION('',(#11,#2671,#2675),#2679);
#2671 = AXIS2_PLACEMENT_3D('',#2672,#2673,#2674);
#2672 = CARTESIAN_POINT('',(0.,0.,0.));
#2673 = DIRECTION('',(0.,0.,1.));
#2674 = DIRECTION('',(1.,0.,0.));
#2675 = AXIS2_PLACEMENT_3D('',#2676,#2677,#2678);
#2676 = CARTESIAN_POINT('',(-4.51028103754E-16,0.574523821802,0.));
#2677 = DIRECTION('',(0.,0.,-1.));
#2678 = DIRECTION('',(1.,0.,0.));
#2679 = ( GEOMETRIC_REPRESENTATION_CONTEXT(3) 
GLOBAL_UNCERTAINTY_ASSIGNED_CONTEXT((#2683)) 
GLOBAL_UNIT_ASSIGNED_CONTEXT((#2680,#2681,#2682)) REPRESENTATION_CONTEXT
('Context #1','3D Context with UNIT and UNCERTAINTY') );
#2680 = ( LENGTH_UNIT() NAMED_UNIT(*) SI_UNIT(.MILLI.,.METRE.) );
#2681 = ( NAMED_UNIT(*) PLANE_ANGLE_UNIT() SI_UNIT($,.RADIAN.) );
#2682 = ( NAMED_UNIT(*) SI_UNIT($,.STERADIAN.) SOLID_ANGLE_UNIT() );
#2683 = UNCERTAINTY_MEASURE_WITH_UNIT(LENGTH_MEASURE(1.E-07),#2680,
  'distance_accuracy_value','confusion accuracy');
#2684 = CONTEXT_DEPENDENT_SHAPE_REPRESENTATION(#2685,#2687);
#2685 = ( REPRESENTATION_RELATIONSHIP('','',#2670,#32) 
REPRESENTATION_RELATIONSHIP_WITH_TRANSFORMATION(#2686) 
SHAPE_REPRESENTATION_RELATIONSHIP() );
#2686 = ITEM_DEFINED_TRANSFORMATION('','',#11,#141);
#2687 = PRODUCT_DEFINITION_SHAPE('Placement','Placement of an item',
  #2688);
#2688 = NEXT_ASSEMBLY_USAGE_OCCURRENCE('1166','1039931_IAM_285','',#27,
  #2665,$);
#2689 = PRODUCT_RELATED_PRODUCT_CATEGORY('part',$,(#2667));
#2690 = CONTEXT_DEPENDENT_SHAPE_REPRESENTATION(#2691,#2693);
#2691 = ( REPRESENTATION_RELATIONSHIP('','',#1295,#2670) 
REPRESENTATION_RELATIONSHIP_WITH_TRANSFORMATION(#2692) 
SHAPE_REPRESENTATION_RELATIONSHIP() );
#2692 = ITEM_DEFINED_TRANSFORMATION('','',#11,#2671);
#2693 = PRODUCT_DEFINITION_SHAPE('Placement','Placement of an item',
  #2694);
#2694 = NEXT_ASSEMBLY_USAGE_OCCURRENCE('1164','1039929_IPT_285','',#2665
  ,#1290,$);
#2695 = CONTEXT_DEPENDENT_SHAPE_REPRESENTATION(#2696,#2698);
#2696 = ( REPRESENTATION_RELATIONSHIP('','',#1728,#2670) 
REPRESENTATION_RELATIONSHIP_WITH_TRANSFORMATION(#2697) 
SHAPE_REPRESENTATION_RELATIONSHIP() );
#2697 = ITEM_DEFINED_TRANSFORMATION('','',#11,#2675);
#2698 = PRODUCT_DEFINITION_SHAPE('Placement','Placement of an item',
  #2699);
#2699 = NEXT_ASSEMBLY_USAGE_OCCURRENCE('1165','1039930_IPT_285','',#2665
  ,#1723,$);
#2700 = CONTEXT_DEPENDENT_SHAPE_REPRESENTATION(#2701,#2703);
#2701 = ( REPRESENTATION_RELATIONSHIP('','',#243,#32) 
REPRESENTATION_RELATIONSHIP_WITH_TRANSFORMATION(#2702) 
SHAPE_REPRESENTATION_RELATIONSHIP() );
#2702 = ITEM_DEFINED_TRANSFORMATION('','',#11,#145);
#2703 = PRODUCT_DEFINITION_SHAPE('Placement','Placement of an item',
  #2704);
#2704 = NEXT_ASSEMBLY_USAGE_OCCURRENCE('1167','F1000S1120M007B286','',
  #27,#238,$);
#2705 = SHAPE_DEFINITION_REPRESENTATION(#2706,#2712);
#2706 = PRODUCT_DEFINITION_SHAPE('','',#2707);
#2707 = PRODUCT_DEFINITION('design','',#2708,#2711);
#2708 = PRODUCT_DEFINITION_FORMATION('','',#2709);
#2709 = PRODUCT('1039931_IAM_286','1039931_IAM_286','',(#2710));
#2710 = PRODUCT_CONTEXT('',#2,'mechanical');
#2711 = PRODUCT_DEFINITION_CONTEXT('part definition',#2,'design');
#2712 = SHAPE_REPRESENTATION('',(#11,#2713,#2717),#2721);
#2713 = AXIS2_PLACEMENT_3D('',#2714,#2715,#2716);
#2714 = CARTESIAN_POINT('',(0.,0.,0.));
#2715 = DIRECTION('',(0.,0.,1.));
#2716 = DIRECTION('',(1.,0.,0.));
#2717 = AXIS2_PLACEMENT_3D('',#2718,#2719,#2720);
#2718 = CARTESIAN_POINT('',(-4.51028103754E-16,0.574523821802,0.));
#2719 = DIRECTION('',(0.,0.,-1.));
#2720 = DIRECTION('',(1.,0.,0.));
#2721 = ( GEOMETRIC_REPRESENTATION_CONTEXT(3) 
GLOBAL_UNCERTAINTY_ASSIGNED_CONTEXT((#2725)) 
GLOBAL_UNIT_ASSIGNED_CONTEXT((#2722,#2723,#2724)) REPRESENTATION_CONTEXT
('Context #1','3D Context with UNIT and UNCERTAINTY') );
#2722 = ( LENGTH_UNIT() NAMED_UNIT(*) SI_UNIT(.MILLI.,.METRE.) );
#2723 = ( NAMED_UNIT(*) PLANE_ANGLE_UNIT() SI_UNIT($,.RADIAN.) );
#2724 = ( NAMED_UNIT(*) SI_UNIT($,.STERADIAN.) SOLID_ANGLE_UNIT() );
#2725 = UNCERTAINTY_MEASURE_WITH_UNIT(LENGTH_MEASURE(1.E-07),#2722,
  'distance_accuracy_value','confusion accuracy');
#2726 = CONTEXT_DEPENDENT_SHAPE_REPRESENTATION(#2727,#2729);
#2727 = ( REPRESENTATION_RELATIONSHIP('','',#2712,#32) 
REPRESENTATION_RELATIONSHIP_WITH_TRANSFORMATION(#2728) 
SHAPE_REPRESENTATION_RELATIONSHIP() );
#2728 = ITEM_DEFINED_TRANSFORMATION('','',#11,#149);
#2729 = PRODUCT_DEFINITION_SHAPE('Placement','Placement of an item',
  #2730);
#2730 = NEXT_ASSEMBLY_USAGE_OCCURRENCE('1170','1039931_IAM_286','',#27,
  #2707,$);
#2731 = PRODUCT_RELATED_PRODUCT_CATEGORY('part',$,(#2709));
#2732 = CONTEXT_DEPENDENT_SHAPE_REPRESENTATION(#2733,#2735);
#2733 = ( REPRESENTATION_RELATIONSHIP('','',#1295,#2712) 
REPRESENTATION_RELATIONSHIP_WITH_TRANSFORMATION(#2734) 
SHAPE_REPRESENTATION_RELATIONSHIP() );
#2734 = ITEM_DEFINED_TRANSFORMATION('','',#11,#2713);
#2735 = PRODUCT_DEFINITION_SHAPE('Placement','Placement of an item',
  #2736);
#2736 = NEXT_ASSEMBLY_USAGE_OCCURRENCE('1168','1039929_IPT_286','',#2707
  ,#1290,$);
#2737 = CONTEXT_DEPENDENT_SHAPE_REPRESENTATION(#2738,#2740);
#2738 = ( REPRESENTATION_RELATIONSHIP('','',#1728,#2712) 
REPRESENTATION_RELATIONSHIP_WITH_TRANSFORMATION(#2739) 
SHAPE_REPRESENTATION_RELATIONSHIP() );
#2739 = ITEM_DEFINED_TRANSFORMATION('','',#11,#2717);
#2740 = PRODUCT_DEFINITION_SHAPE('Placement','Placement of an item',
  #2741);
#2741 = NEXT_ASSEMBLY_USAGE_OCCURRENCE('1169','1039930_IPT_286','',#2707
  ,#1723,$);
#2742 = CONTEXT_DEPENDENT_SHAPE_REPRESENTATION(#2743,#2745);
#2743 = ( REPRESENTATION_RELATIONSHIP('','',#243,#32) 
REPRESENTATION_RELATIONSHIP_WITH_TRANSFORMATION(#2744) 
SHAPE_REPRESENTATION_RELATIONSHIP() );
#2744 = ITEM_DEFINED_TRANSFORMATION('','',#11,#153);
#2745 = PRODUCT_DEFINITION_SHAPE('Placement','Placement of an item',
  #2746);
#2746 = NEXT_ASSEMBLY_USAGE_OCCURRENCE('1171','F1000S1120M007B287','',
  #27,#238,$);
#2747 = SHAPE_DEFINITION_REPRESENTATION(#2748,#2754);
#2748 = PRODUCT_DEFINITION_SHAPE('','',#2749);
#2749 = PRODUCT_DEFINITION('design','',#2750,#2753);
#2750 = PRODUCT_DEFINITION_FORMATION('','',#2751);
#2751 = PRODUCT('1039931_IAM_287','1039931_IAM_287','',(#2752));
#2752 = PRODUCT_CONTEXT('',#2,'mechanical');
#2753 = PRODUCT_DEFINITION_CONTEXT('part definition',#2,'design');
#2754 = SHAPE_REPRESENTATION('',(#11,#2755,#2759),#2763);
#2755 = AXIS2_PLACEMENT_3D('',#2756,#2757,#2758);
#2756 = CARTESIAN_POINT('',(0.,0.,0.));
#2757 = DIRECTION('',(0.,0.,1.));
#2758 = DIRECTION('',(1.,0.,0.));
#2759 = AXIS2_PLACEMENT_3D('',#2760,#2761,#2762);
#2760 = CARTESIAN_POINT('',(-4.51028103754E-16,0.574523821802,0.));
#2761 = DIRECTION('',(0.,0.,-1.));
#2762 = DIRECTION('',(1.,0.,0.));
#2763 = ( GEOMETRIC_REPRESENTATION_CONTEXT(3) 
GLOBAL_UNCERTAINTY_ASSIGNED_CONTEXT((#2767)) 
GLOBAL_UNIT_ASSIGNED_CONTEXT((#2764,#2765,#2766)) REPRESENTATION_CONTEXT
('Context #1','3D Context with UNIT and UNCERTAINTY') );
#2764 = ( LENGTH_UNIT() NAMED_UNIT(*) SI_UNIT(.MILLI.,.METRE.) );
#2765 = ( NAMED_UNIT(*) PLANE_ANGLE_UNIT() SI_UNIT($,.RADIAN.) );
#2766 = ( NAMED_UNIT(*) SI_UNIT($,.STERADIAN.) SOLID_ANGLE_UNIT() );
#2767 = UNCERTAINTY_MEASURE_WITH_UNIT(LENGTH_MEASURE(1.E-07),#2764,
  'distance_accuracy_value','confusion accuracy');
#2768 = CONTEXT_DEPENDENT_SHAPE_REPRESENTATION(#2769,#2771);
#2769 = ( REPRESENTATION_RELATIONSHIP('','',#2754,#32) 
REPRESENTATION_RELATIONSHIP_WITH_TRANSFORMATION(#2770) 
SHAPE_REPRESENTATION_RELATIONSHIP() );
#2770 = ITEM_DEFINED_TRANSFORMATION('','',#11,#157);
#2771 = PRODUCT_DEFINITION_SHAPE('Placement','Placement of an item',
  #2772);
#2772 = NEXT_ASSEMBLY_USAGE_OCCURRENCE('1174','1039931_IAM_287','',#27,
  #2749,$);
#2773 = PRODUCT_RELATED_PRODUCT_CATEGORY('part',$,(#2751));
#2774 = CONTEXT_DEPENDENT_SHAPE_REPRESENTATION(#2775,#2777);
#2775 = ( REPRESENTATION_RELATIONSHIP('','',#1295,#2754) 
REPRESENTATION_RELATIONSHIP_WITH_TRANSFORMATION(#2776) 
SHAPE_REPRESENTATION_RELATIONSHIP() );
#2776 = ITEM_DEFINED_TRANSFORMATION('','',#11,#2755);
#2777 = PRODUCT_DEFINITION_SHAPE('Placement','Placement of an item',
  #2778);
#2778 = NEXT_ASSEMBLY_USAGE_OCCURRENCE('1172','1039929_IPT_287','',#2749
  ,#1290,$);
#2779 = CONTEXT_DEPENDENT_SHAPE_REPRESENTATION(#2780,#2782);
#2780 = ( REPRESENTATION_RELATIONSHIP('','',#1728,#2754) 
REPRESENTATION_RELATIONSHIP_WITH_TRANSFORMATION(#2781) 
SHAPE_REPRESENTATION_RELATIONSHIP() );
#2781 = ITEM_DEFINED_TRANSFORMATION('','',#11,#2759);
#2782 = PRODUCT_DEFINITION_SHAPE('Placement','Placement of an item',
  #2783);
#2783 = NEXT_ASSEMBLY_USAGE_OCCURRENCE('1173','1039930_IPT_287','',#2749
  ,#1723,$);
#2784 = CONTEXT_DEPENDENT_SHAPE_REPRESENTATION(#2785,#2787);
#2785 = ( REPRESENTATION_RELATIONSHIP('','',#243,#32) 
REPRESENTATION_RELATIONSHIP_WITH_TRANSFORMATION(#2786) 
SHAPE_REPRESENTATION_RELATIONSHIP() );
#2786 = ITEM_DEFINED_TRANSFORMATION('','',#11,#161);
#2787 = PRODUCT_DEFINITION_SHAPE('Placement','Placement of an item',
  #2788);
#2788 = NEXT_ASSEMBLY_USAGE_OCCURRENCE('1175','F1000S1120M007B288','',
  #27,#238,$);
#2789 = SHAPE_DEFINITION_REPRESENTATION(#2790,#2796);
#2790 = PRODUCT_DEFINITION_SHAPE('','',#2791);
#2791 = PRODUCT_DEFINITION('design','',#2792,#2795);
#2792 = PRODUCT_DEFINITION_FORMATION('','',#2793);
#2793 = PRODUCT('1039931_IAM_288','1039931_IAM_288','',(#2794));
#2794 = PRODUCT_CONTEXT('',#2,'mechanical');
#2795 = PRODUCT_DEFINITION_CONTEXT('part definition',#2,'design');
#2796 = SHAPE_REPRESENTATION('',(#11,#2797,#2801),#2805);
#2797 = AXIS2_PLACEMENT_3D('',#2798,#2799,#2800);
#2798 = CARTESIAN_POINT('',(0.,0.,0.));
#2799 = DIRECTION('',(0.,0.,1.));
#2800 = DIRECTION('',(1.,0.,0.));
#2801 = AXIS2_PLACEMENT_3D('',#2802,#2803,#2804);
#2802 = CARTESIAN_POINT('',(-4.51028103754E-16,0.574523821802,0.));
#2803 = DIRECTION('',(0.,0.,-1.));
#2804 = DIRECTION('',(1.,0.,0.));
#2805 = ( GEOMETRIC_REPRESENTATION_CONTEXT(3) 
GLOBAL_UNCERTAINTY_ASSIGNED_CONTEXT((#2809)) 
GLOBAL_UNIT_ASSIGNED_CONTEXT((#2806,#2807,#2808)) REPRESENTATION_CONTEXT
('Context #1','3D Context with UNIT and UNCERTAINTY') );
#2806 = ( LENGTH_UNIT() NAMED_UNIT(*) SI_UNIT(.MILLI.,.METRE.) );
#2807 = ( NAMED_UNIT(*) PLANE_ANGLE_UNIT() SI_UNIT($,.RADIAN.) );
#2808 = ( NAMED_UNIT(*) SI_UNIT($,.STERADIAN.) SOLID_ANGLE_UNIT() );
#2809 = UNCERTAINTY_MEASURE_WITH_UNIT(LENGTH_MEASURE(1.E-07),#2806,
  'distance_accuracy_value','confusion accuracy');
#2810 = CONTEXT_DEPENDENT_SHAPE_REPRESENTATION(#2811,#2813);
#2811 = ( REPRESENTATION_RELATIONSHIP('','',#2796,#32) 
REPRESENTATION_RELATIONSHIP_WITH_TRANSFORMATION(#2812) 
SHAPE_REPRESENTATION_RELATIONSHIP() );
#2812 = ITEM_DEFINED_TRANSFORMATION('','',#11,#165);
#2813 = PRODUCT_DEFINITION_SHAPE('Placement','Placement of an item',
  #2814);
#2814 = NEXT_ASSEMBLY_USAGE_OCCURRENCE('1178','1039931_IAM_288','',#27,
  #2791,$);
#2815 = PRODUCT_RELATED_PRODUCT_CATEGORY('part',$,(#2793));
#2816 = CONTEXT_DEPENDENT_SHAPE_REPRESENTATION(#2817,#2819);
#2817 = ( REPRESENTATION_RELATIONSHIP('','',#1295,#2796) 
REPRESENTATION_RELATIONSHIP_WITH_TRANSFORMATION(#2818) 
SHAPE_REPRESENTATION_RELATIONSHIP() );
#2818 = ITEM_DEFINED_TRANSFORMATION('','',#11,#2797);
#2819 = PRODUCT_DEFINITION_SHAPE('Placement','Placement of an item',
  #2820);
#2820 = NEXT_ASSEMBLY_USAGE_OCCURRENCE('1176','1039929_IPT_288','',#2791
  ,#1290,$);
#2821 = CONTEXT_DEPENDENT_SHAPE_REPRESENTATION(#2822,#2824);
#2822 = ( REPRESENTATION_RELATIONSHIP('','',#1728,#2796) 
REPRESENTATION_RELATIONSHIP_WITH_TRANSFORMATION(#2823) 
SHAPE_REPRESENTATION_RELATIONSHIP() );
#2823 = ITEM_DEFINED_TRANSFORMATION('','',#11,#2801);
#2824 = PRODUCT_DEFINITION_SHAPE('Placement','Placement of an item',
  #2825);
#2825 = NEXT_ASSEMBLY_USAGE_OCCURRENCE('1177','1039930_IPT_288','',#2791
  ,#1723,$);
#2826 = CONTEXT_DEPENDENT_SHAPE_REPRESENTATION(#2827,#2829);
#2827 = ( REPRESENTATION_RELATIONSHIP('','',#243,#32) 
REPRESENTATION_RELATIONSHIP_WITH_TRANSFORMATION(#2828) 
SHAPE_REPRESENTATION_RELATIONSHIP() );
#2828 = ITEM_DEFINED_TRANSFORMATION('','',#11,#169);
#2829 = PRODUCT_DEFINITION_SHAPE('Placement','Placement of an item',
  #2830);
#2830 = NEXT_ASSEMBLY_USAGE_OCCURRENCE('1179','F1000S1120M007B289','',
  #27,#238,$);
#2831 = SHAPE_DEFINITION_REPRESENTATION(#2832,#2838);
#2832 = PRODUCT_DEFINITION_SHAPE('','',#2833);
#2833 = PRODUCT_DEFINITION('design','',#2834,#2837);
#2834 = PRODUCT_DEFINITION_FORMATION('','',#2835);
#2835 = PRODUCT('1039931_IAM_289','1039931_IAM_289','',(#2836));
#2836 = PRODUCT_CONTEXT('',#2,'mechanical');
#2837 = PRODUCT_DEFINITION_CONTEXT('part definition',#2,'design');
#2838 = SHAPE_REPRESENTATION('',(#11,#2839,#2843),#2847);
#2839 = AXIS2_PLACEMENT_3D('',#2840,#2841,#2842);
#2840 = CARTESIAN_POINT('',(0.,0.,0.));
#2841 = DIRECTION('',(0.,0.,1.));
#2842 = DIRECTION('',(1.,0.,0.));
#2843 = AXIS2_PLACEMENT_3D('',#2844,#2845,#2846);
#2844 = CARTESIAN_POINT('',(-4.51028103754E-16,0.574523821802,0.));
#2845 = DIRECTION('',(0.,0.,-1.));
#2846 = DIRECTION('',(1.,0.,0.));
#2847 = ( GEOMETRIC_REPRESENTATION_CONTEXT(3) 
GLOBAL_UNCERTAINTY_ASSIGNED_CONTEXT((#2851)) 
GLOBAL_UNIT_ASSIGNED_CONTEXT((#2848,#2849,#2850)) REPRESENTATION_CONTEXT
('Context #1','3D Context with UNIT and UNCERTAINTY') );
#2848 = ( LENGTH_UNIT() NAMED_UNIT(*) SI_UNIT(.MILLI.,.METRE.) );
#2849 = ( NAMED_UNIT(*) PLANE_ANGLE_UNIT() SI_UNIT($,.RADIAN.) );
#2850 = ( NAMED_UNIT(*) SI_UNIT($,.STERADIAN.) SOLID_ANGLE_UNIT() );
#2851 = UNCERTAINTY_MEASURE_WITH_UNIT(LENGTH_MEASURE(1.E-07),#2848,
  'distance_accuracy_value','confusion accuracy');
#2852 = CONTEXT_DEPENDENT_SHAPE_REPRESENTATION(#2853,#2855);
#2853 = ( REPRESENTATION_RELATIONSHIP('','',#2838,#32) 
REPRESENTATION_RELATIONSHIP_WITH_TRANSFORMATION(#2854) 
SHAPE_REPRESENTATION_RELATIONSHIP() );
#2854 = ITEM_DEFINED_TRANSFORMATION('','',#11,#173);
#2855 = PRODUCT_DEFINITION_SHAPE('Placement','Placement of an item',
  #2856);
#2856 = NEXT_ASSEMBLY_USAGE_OCCURRENCE('1182','1039931_IAM_289','',#27,
  #2833,$);
#2857 = PRODUCT_RELATED_PRODUCT_CATEGORY('part',$,(#2835));
#2858 = CONTEXT_DEPENDENT_SHAPE_REPRESENTATION(#2859,#2861);
#2859 = ( REPRESENTATION_RELATIONSHIP('','',#1295,#2838) 
REPRESENTATION_RELATIONSHIP_WITH_TRANSFORMATION(#2860) 
SHAPE_REPRESENTATION_RELATIONSHIP() );
#2860 = ITEM_DEFINED_TRANSFORMATION('','',#11,#2839);
#2861 = PRODUCT_DEFINITION_SHAPE('Placement','Placement of an item',
  #2862);
#2862 = NEXT_ASSEMBLY_USAGE_OCCURRENCE('1180','1039929_IPT_289','',#2833
  ,#1290,$);
#2863 = CONTEXT_DEPENDENT_SHAPE_REPRESENTATION(#2864,#2866);
#2864 = ( REPRESENTATION_RELATIONSHIP('','',#1728,#2838) 
REPRESENTATION_RELATIONSHIP_WITH_TRANSFORMATION(#2865) 
SHAPE_REPRESENTATION_RELATIONSHIP() );
#2865 = ITEM_DEFINED_TRANSFORMATION('','',#11,#2843);
#2866 = PRODUCT_DEFINITION_SHAPE('Placement','Placement of an item',
  #2867);
#2867 = NEXT_ASSEMBLY_USAGE_OCCURRENCE('1181','1039930_IPT_289','',#2833
  ,#1723,$);
#2868 = CONTEXT_DEPENDENT_SHAPE_REPRESENTATION(#2869,#2871);
#2869 = ( REPRESENTATION_RELATIONSHIP('','',#243,#32) 
REPRESENTATION_RELATIONSHIP_WITH_TRANSFORMATION(#2870) 
SHAPE_REPRESENTATION_RELATIONSHIP() );
#2870 = ITEM_DEFINED_TRANSFORMATION('','',#11,#177);
#2871 = PRODUCT_DEFINITION_SHAPE('Placement','Placement of an item',
  #2872);
#2872 = NEXT_ASSEMBLY_USAGE_OCCURRENCE('1183','F1000S1120M007B290','',
  #27,#238,$);
#2873 = SHAPE_DEFINITION_REPRESENTATION(#2874,#2880);
#2874 = PRODUCT_DEFINITION_SHAPE('','',#2875);
#2875 = PRODUCT_DEFINITION('design','',#2876,#2879);
#2876 = PRODUCT_DEFINITION_FORMATION('','',#2877);
#2877 = PRODUCT('1039931_IAM_290','1039931_IAM_290','',(#2878));
#2878 = PRODUCT_CONTEXT('',#2,'mechanical');
#2879 = PRODUCT_DEFINITION_CONTEXT('part definition',#2,'design');
#2880 = SHAPE_REPRESENTATION('',(#11,#2881,#2885),#2889);
#2881 = AXIS2_PLACEMENT_3D('',#2882,#2883,#2884);
#2882 = CARTESIAN_POINT('',(0.,0.,0.));
#2883 = DIRECTION('',(0.,0.,1.));
#2884 = DIRECTION('',(1.,0.,0.));
#2885 = AXIS2_PLACEMENT_3D('',#2886,#2887,#2888);
#2886 = CARTESIAN_POINT('',(-4.51028103754E-16,0.574523821802,0.));
#2887 = DIRECTION('',(0.,0.,-1.));
#2888 = DIRECTION('',(1.,0.,0.));
#2889 = ( GEOMETRIC_REPRESENTATION_CONTEXT(3) 
GLOBAL_UNCERTAINTY_ASSIGNED_CONTEXT((#2893)) 
GLOBAL_UNIT_ASSIGNED_CONTEXT((#2890,#2891,#2892)) REPRESENTATION_CONTEXT
('Context #1','3D Context with UNIT and UNCERTAINTY') );
#2890 = ( LENGTH_UNIT() NAMED_UNIT(*) SI_UNIT(.MILLI.,.METRE.) );
#2891 = ( NAMED_UNIT(*) PLANE_ANGLE_UNIT() SI_UNIT($,.RADIAN.) );
#2892 = ( NAMED_UNIT(*) SI_UNIT($,.STERADIAN.) SOLID_ANGLE_UNIT() );
#2893 = UNCERTAINTY_MEASURE_WITH_UNIT(LENGTH_MEASURE(1.E-07),#2890,
  'distance_accuracy_value','confusion accuracy');
#2894 = CONTEXT_DEPENDENT_SHAPE_REPRESENTATION(#2895,#2897);
#2895 = ( REPRESENTATION_RELATIONSHIP('','',#2880,#32) 
REPRESENTATION_RELATIONSHIP_WITH_TRANSFORMATION(#2896) 
SHAPE_REPRESENTATION_RELATIONSHIP() );
#2896 = ITEM_DEFINED_TRANSFORMATION('','',#11,#181);
#2897 = PRODUCT_DEFINITION_SHAPE('Placement','Placement of an item',
  #2898);
#2898 = NEXT_ASSEMBLY_USAGE_OCCURRENCE('1186','1039931_IAM_290','',#27,
  #2875,$);
#2899 = PRODUCT_RELATED_PRODUCT_CATEGORY('part',$,(#2877));
#2900 = CONTEXT_DEPENDENT_SHAPE_REPRESENTATION(#2901,#2903);
#2901 = ( REPRESENTATION_RELATIONSHIP('','',#1295,#2880) 
REPRESENTATION_RELATIONSHIP_WITH_TRANSFORMATION(#2902) 
SHAPE_REPRESENTATION_RELATIONSHIP() );
#2902 = ITEM_DEFINED_TRANSFORMATION('','',#11,#2881);
#2903 = PRODUCT_DEFINITION_SHAPE('Placement','Placement of an item',
  #2904);
#2904 = NEXT_ASSEMBLY_USAGE_OCCURRENCE('1184','1039929_IPT_290','',#2875
  ,#1290,$);
#2905 = CONTEXT_DEPENDENT_SHAPE_REPRESENTATION(#2906,#2908);
#2906 = ( REPRESENTATION_RELATIONSHIP('','',#1728,#2880) 
REPRESENTATION_RELATIONSHIP_WITH_TRANSFORMATION(#2907) 
SHAPE_REPRESENTATION_RELATIONSHIP() );
#2907 = ITEM_DEFINED_TRANSFORMATION('','',#11,#2885);
#2908 = PRODUCT_DEFINITION_SHAPE('Placement','Placement of an item',
  #2909);
#2909 = NEXT_ASSEMBLY_USAGE_OCCURRENCE('1185','1039930_IPT_290','',#2875
  ,#1723,$);
#2910 = CONTEXT_DEPENDENT_SHAPE_REPRESENTATION(#2911,#2913);
#2911 = ( REPRESENTATION_RELATIONSHIP('','',#243,#32) 
REPRESENTATION_RELATIONSHIP_WITH_TRANSFORMATION(#2912) 
SHAPE_REPRESENTATION_RELATIONSHIP() );
#2912 = ITEM_DEFINED_TRANSFORMATION('','',#11,#185);
#2913 = PRODUCT_DEFINITION_SHAPE('Placement','Placement of an item',
  #2914);
#2914 = NEXT_ASSEMBLY_USAGE_OCCURRENCE('1187','F1000S1120M007B291','',
  #27,#238,$);
#2915 = SHAPE_DEFINITION_REPRESENTATION(#2916,#2922);
#2916 = PRODUCT_DEFINITION_SHAPE('','',#2917);
#2917 = PRODUCT_DEFINITION('design','',#2918,#2921);
#2918 = PRODUCT_DEFINITION_FORMATION('','',#2919);
#2919 = PRODUCT('1039931_IAM_291','1039931_IAM_291','',(#2920));
#2920 = PRODUCT_CONTEXT('',#2,'mechanical');
#2921 = PRODUCT_DEFINITION_CONTEXT('part definition',#2,'design');
#2922 = SHAPE_REPRESENTATION('',(#11,#2923,#2927),#2931);
#2923 = AXIS2_PLACEMENT_3D('',#2924,#2925,#2926);
#2924 = CARTESIAN_POINT('',(0.,0.,0.));
#2925 = DIRECTION('',(0.,0.,1.));
#2926 = DIRECTION('',(1.,0.,0.));
#2927 = AXIS2_PLACEMENT_3D('',#2928,#2929,#2930);
#2928 = CARTESIAN_POINT('',(-4.51028103754E-16,0.574523821802,0.));
#2929 = DIRECTION('',(0.,0.,-1.));
#2930 = DIRECTION('',(1.,0.,0.));
#2931 = ( GEOMETRIC_REPRESENTATION_CONTEXT(3) 
GLOBAL_UNCERTAINTY_ASSIGNED_CONTEXT((#2935)) 
GLOBAL_UNIT_ASSIGNED_CONTEXT((#2932,#2933,#2934)) REPRESENTATION_CONTEXT
('Context #1','3D Context with UNIT and UNCERTAINTY') );
#2932 = ( LENGTH_UNIT() NAMED_UNIT(*) SI_UNIT(.MILLI.,.METRE.) );
#2933 = ( NAMED_UNIT(*) PLANE_ANGLE_UNIT() SI_UNIT($,.RADIAN.) );
#2934 = ( NAMED_UNIT(*) SI_UNIT($,.STERADIAN.) SOLID_ANGLE_UNIT() );
#2935 = UNCERTAINTY_MEASURE_WITH_UNIT(LENGTH_MEASURE(1.E-07),#2932,
  'distance_accuracy_value','confusion accuracy');
#2936 = CONTEXT_DEPENDENT_SHAPE_REPRESENTATION(#2937,#2939);
#2937 = ( REPRESENTATION_RELATIONSHIP('','',#2922,#32) 
REPRESENTATION_RELATIONSHIP_WITH_TRANSFORMATION(#2938) 
SHAPE_REPRESENTATION_RELATIONSHIP() );
#2938 = ITEM_DEFINED_TRANSFORMATION('','',#11,#189);
#2939 = PRODUCT_DEFINITION_SHAPE('Placement','Placement of an item',
  #2940);
#2940 = NEXT_ASSEMBLY_USAGE_OCCURRENCE('1190','1039931_IAM_291','',#27,
  #2917,$);
#2941 = PRODUCT_RELATED_PRODUCT_CATEGORY('part',$,(#2919));
#2942 = CONTEXT_DEPENDENT_SHAPE_REPRESENTATION(#2943,#2945);
#2943 = ( REPRESENTATION_RELATIONSHIP('','',#1295,#2922) 
REPRESENTATION_RELATIONSHIP_WITH_TRANSFORMATION(#2944) 
SHAPE_REPRESENTATION_RELATIONSHIP() );
#2944 = ITEM_DEFINED_TRANSFORMATION('','',#11,#2923);
#2945 = PRODUCT_DEFINITION_SHAPE('Placement','Placement of an item',
  #2946);
#2946 = NEXT_ASSEMBLY_USAGE_OCCURRENCE('1188','1039929_IPT_291','',#2917
  ,#1290,$);
#2947 = CONTEXT_DEPENDENT_SHAPE_REPRESENTATION(#2948,#2950);
#2948 = ( REPRESENTATION_RELATIONSHIP('','',#1728,#2922) 
REPRESENTATION_RELATIONSHIP_WITH_TRANSFORMATION(#2949) 
SHAPE_REPRESENTATION_RELATIONSHIP() );
#2949 = ITEM_DEFINED_TRANSFORMATION('','',#11,#2927);
#2950 = PRODUCT_DEFINITION_SHAPE('Placement','Placement of an item',
  #2951);
#2951 = NEXT_ASSEMBLY_USAGE_OCCURRENCE('1189','1039930_IPT_291','',#2917
  ,#1723,$);
#2952 = CONTEXT_DEPENDENT_SHAPE_REPRESENTATION(#2953,#2955);
#2953 = ( REPRESENTATION_RELATIONSHIP('','',#243,#32) 
REPRESENTATION_RELATIONSHIP_WITH_TRANSFORMATION(#2954) 
SHAPE_REPRESENTATION_RELATIONSHIP() );
#2954 = ITEM_DEFINED_TRANSFORMATION('','',#11,#193);
#2955 = PRODUCT_DEFINITION_SHAPE('Placement','Placement of an item',
  #2956);
#2956 = NEXT_ASSEMBLY_USAGE_OCCURRENCE('1191','F1000S1120M007B292','',
  #27,#238,$);
#2957 = SHAPE_DEFINITION_REPRESENTATION(#2958,#2964);
#2958 = PRODUCT_DEFINITION_SHAPE('','',#2959);
#2959 = PRODUCT_DEFINITION('design','',#2960,#2963);
#2960 = PRODUCT_DEFINITION_FORMATION('','',#2961);
#2961 = PRODUCT('1039931_IAM_292','1039931_IAM_292','',(#2962));
#2962 = PRODUCT_CONTEXT('',#2,'mechanical');
#2963 = PRODUCT_DEFINITION_CONTEXT('part definition',#2,'design');
#2964 = SHAPE_REPRESENTATION('',(#11,#2965,#2969),#2973);
#2965 = AXIS2_PLACEMENT_3D('',#2966,#2967,#2968);
#2966 = CARTESIAN_POINT('',(0.,0.,0.));
#2967 = DIRECTION('',(0.,0.,1.));
#2968 = DIRECTION('',(1.,0.,0.));
#2969 = AXIS2_PLACEMENT_3D('',#2970,#2971,#2972);
#2970 = CARTESIAN_POINT('',(-4.51028103754E-16,0.574523821802,0.));
#2971 = DIRECTION('',(0.,0.,-1.));
#2972 = DIRECTION('',(1.,0.,0.));
#2973 = ( GEOMETRIC_REPRESENTATION_CONTEXT(3) 
GLOBAL_UNCERTAINTY_ASSIGNED_CONTEXT((#2977)) 
GLOBAL_UNIT_ASSIGNED_CONTEXT((#2974,#2975,#2976)) REPRESENTATION_CONTEXT
('Context #1','3D Context with UNIT and UNCERTAINTY') );
#2974 = ( LENGTH_UNIT() NAMED_UNIT(*) SI_UNIT(.MILLI.,.METRE.) );
#2975 = ( NAMED_UNIT(*) PLANE_ANGLE_UNIT() SI_UNIT($,.RADIAN.) );
#2976 = ( NAMED_UNIT(*) SI_UNIT($,.STERADIAN.) SOLID_ANGLE_UNIT() );
#2977 = UNCERTAINTY_MEASURE_WITH_UNIT(LENGTH_MEASURE(1.E-07),#2974,
  'distance_accuracy_value','confusion accuracy');
#2978 = CONTEXT_DEPENDENT_SHAPE_REPRESENTATION(#2979,#2981);
#2979 = ( REPRESENTATION_RELATIONSHIP('','',#2964,#32) 
REPRESENTATION_RELATIONSHIP_WITH_TRANSFORMATION(#2980) 
SHAPE_REPRESENTATION_RELATIONSHIP() );
#2980 = ITEM_DEFINED_TRANSFORMATION('','',#11,#197);
#2981 = PRODUCT_DEFINITION_SHAPE('Placement','Placement of an item',
  #2982);
#2982 = NEXT_ASSEMBLY_USAGE_OCCURRENCE('1194','1039931_IAM_292','',#27,
  #2959,$);
#2983 = PRODUCT_RELATED_PRODUCT_CATEGORY('part',$,(#2961));
#2984 = CONTEXT_DEPENDENT_SHAPE_REPRESENTATION(#2985,#2987);
#2985 = ( REPRESENTATION_RELATIONSHIP('','',#1295,#2964) 
REPRESENTATION_RELATIONSHIP_WITH_TRANSFORMATION(#2986) 
SHAPE_REPRESENTATION_RELATIONSHIP() );
#2986 = ITEM_DEFINED_TRANSFORMATION('','',#11,#2965);
#2987 = PRODUCT_DEFINITION_SHAPE('Placement','Placement of an item',
  #2988);
#2988 = NEXT_ASSEMBLY_USAGE_OCCURRENCE('1192','1039929_IPT_292','',#2959
  ,#1290,$);
#2989 = CONTEXT_DEPENDENT_SHAPE_REPRESENTATION(#2990,#2992);
#2990 = ( REPRESENTATION_RELATIONSHIP('','',#1728,#2964) 
REPRESENTATION_RELATIONSHIP_WITH_TRANSFORMATION(#2991) 
SHAPE_REPRESENTATION_RELATIONSHIP() );
#2991 = ITEM_DEFINED_TRANSFORMATION('','',#11,#2969);
#2992 = PRODUCT_DEFINITION_SHAPE('Placement','Placement of an item',
  #2993);
#2993 = NEXT_ASSEMBLY_USAGE_OCCURRENCE('1193','1039930_IPT_292','',#2959
  ,#1723,$);
#2994 = CONTEXT_DEPENDENT_SHAPE_REPRESENTATION(#2995,#2997);
#2995 = ( REPRESENTATION_RELATIONSHIP('','',#243,#32) 
REPRESENTATION_RELATIONSHIP_WITH_TRANSFORMATION(#2996) 
SHAPE_REPRESENTATION_RELATIONSHIP() );
#2996 = ITEM_DEFINED_TRANSFORMATION('','',#11,#201);
#2997 = PRODUCT_DEFINITION_SHAPE('Placement','Placement of an item',
  #2998);
#2998 = NEXT_ASSEMBLY_USAGE_OCCURRENCE('1195','F1000S1120M007B293','',
  #27,#238,$);
#2999 = SHAPE_DEFINITION_REPRESENTATION(#3000,#3006);
#3000 = PRODUCT_DEFINITION_SHAPE('','',#3001);
#3001 = PRODUCT_DEFINITION('design','',#3002,#3005);
#3002 = PRODUCT_DEFINITION_FORMATION('','',#3003);
#3003 = PRODUCT('1039931_IAM_293','1039931_IAM_293','',(#3004));
#3004 = PRODUCT_CONTEXT('',#2,'mechanical');
#3005 = PRODUCT_DEFINITION_CONTEXT('part definition',#2,'design');
#3006 = SHAPE_REPRESENTATION('',(#11,#3007,#3011),#3015);
#3007 = AXIS2_PLACEMENT_3D('',#3008,#3009,#3010);
#3008 = CARTESIAN_POINT('',(0.,0.,0.));
#3009 = DIRECTION('',(0.,0.,1.));
#3010 = DIRECTION('',(1.,0.,0.));
#3011 = AXIS2_PLACEMENT_3D('',#3012,#3013,#3014);
#3012 = CARTESIAN_POINT('',(-4.51028103754E-16,0.574523821802,0.));
#3013 = DIRECTION('',(0.,0.,-1.));
#3014 = DIRECTION('',(1.,0.,0.));
#3015 = ( GEOMETRIC_REPRESENTATION_CONTEXT(3) 
GLOBAL_UNCERTAINTY_ASSIGNED_CONTEXT((#3019)) 
GLOBAL_UNIT_ASSIGNED_CONTEXT((#3016,#3017,#3018)) REPRESENTATION_CONTEXT
('Context #1','3D Context with UNIT and UNCERTAINTY') );
#3016 = ( LENGTH_UNIT() NAMED_UNIT(*) SI_UNIT(.MILLI.,.METRE.) );
#3017 = ( NAMED_UNIT(*) PLANE_ANGLE_UNIT() SI_UNIT($,.RADIAN.) );
#3018 = ( NAMED_UNIT(*) SI_UNIT($,.STERADIAN.) SOLID_ANGLE_UNIT() );
#3019 = UNCERTAINTY_MEASURE_WITH_UNIT(LENGTH_MEASURE(1.E-07),#3016,
  'distance_accuracy_value','confusion accuracy');
#3020 = CONTEXT_DEPENDENT_SHAPE_REPRESENTATION(#3021,#3023);
#3021 = ( REPRESENTATION_RELATIONSHIP('','',#3006,#32) 
REPRESENTATION_RELATIONSHIP_WITH_TRANSFORMATION(#3022) 
SHAPE_REPRESENTATION_RELATIONSHIP() );
#3022 = ITEM_DEFINED_TRANSFORMATION('','',#11,#205);
#3023 = PRODUCT_DEFINITION_SHAPE('Placement','Placement of an item',
  #3024);
#3024 = NEXT_ASSEMBLY_USAGE_OCCURRENCE('1198','1039931_IAM_293','',#27,
  #3001,$);
#3025 = PRODUCT_RELATED_PRODUCT_CATEGORY('part',$,(#3003));
#3026 = CONTEXT_DEPENDENT_SHAPE_REPRESENTATION(#3027,#3029);
#3027 = ( REPRESENTATION_RELATIONSHIP('','',#1295,#3006) 
REPRESENTATION_RELATIONSHIP_WITH_TRANSFORMATION(#3028) 
SHAPE_REPRESENTATION_RELATIONSHIP() );
#3028 = ITEM_DEFINED_TRANSFORMATION('','',#11,#3007);
#3029 = PRODUCT_DEFINITION_SHAPE('Placement','Placement of an item',
  #3030);
#3030 = NEXT_ASSEMBLY_USAGE_OCCURRENCE('1196','1039929_IPT_293','',#3001
  ,#1290,$);
#3031 = CONTEXT_DEPENDENT_SHAPE_REPRESENTATION(#3032,#3034);
#3032 = ( REPRESENTATION_RELATIONSHIP('','',#1728,#3006) 
REPRESENTATION_RELATIONSHIP_WITH_TRANSFORMATION(#3033) 
SHAPE_REPRESENTATION_RELATIONSHIP() );
#3033 = ITEM_DEFINED_TRANSFORMATION('','',#11,#3011);
#3034 = PRODUCT_DEFINITION_SHAPE('Placement','Placement of an item',
  #3035);
#3035 = NEXT_ASSEMBLY_USAGE_OCCURRENCE('1197','1039930_IPT_293','',#3001
  ,#1723,$);
#3036 = CONTEXT_DEPENDENT_SHAPE_REPRESENTATION(#3037,#3039);
#3037 = ( REPRESENTATION_RELATIONSHIP('','',#243,#32) 
REPRESENTATION_RELATIONSHIP_WITH_TRANSFORMATION(#3038) 
SHAPE_REPRESENTATION_RELATIONSHIP() );
#3038 = ITEM_DEFINED_TRANSFORMATION('','',#11,#209);
#3039 = PRODUCT_DEFINITION_SHAPE('Placement','Placement of an item',
  #3040);
#3040 = NEXT_ASSEMBLY_USAGE_OCCURRENCE('1199','F1000S1120M007B294','',
  #27,#238,$);
#3041 = SHAPE_DEFINITION_REPRESENTATION(#3042,#3048);
#3042 = PRODUCT_DEFINITION_SHAPE('','',#3043);
#3043 = PRODUCT_DEFINITION('design','',#3044,#3047);
#3044 = PRODUCT_DEFINITION_FORMATION('','',#3045);
#3045 = PRODUCT('1039931_IAM_294','1039931_IAM_294','',(#3046));
#3046 = PRODUCT_CONTEXT('',#2,'mechanical');
#3047 = PRODUCT_DEFINITION_CONTEXT('part definition',#2,'design');
#3048 = SHAPE_REPRESENTATION('',(#11,#3049,#3053),#3057);
#3049 = AXIS2_PLACEMENT_3D('',#3050,#3051,#3052);
#3050 = CARTESIAN_POINT('',(0.,0.,0.));
#3051 = DIRECTION('',(0.,0.,1.));
#3052 = DIRECTION('',(1.,0.,0.));
#3053 = AXIS2_PLACEMENT_3D('',#3054,#3055,#3056);
#3054 = CARTESIAN_POINT('',(-4.51028103754E-16,0.574523821802,0.));
#3055 = DIRECTION('',(0.,0.,-1.));
#3056 = DIRECTION('',(1.,0.,0.));
#3057 = ( GEOMETRIC_REPRESENTATION_CONTEXT(3) 
GLOBAL_UNCERTAINTY_ASSIGNED_CONTEXT((#3061)) 
GLOBAL_UNIT_ASSIGNED_CONTEXT((#3058,#3059,#3060)) REPRESENTATION_CONTEXT
('Context #1','3D Context with UNIT and UNCERTAINTY') );
#3058 = ( LENGTH_UNIT() NAMED_UNIT(*) SI_UNIT(.MILLI.,.METRE.) );
#3059 = ( NAMED_UNIT(*) PLANE_ANGLE_UNIT() SI_UNIT($,.RADIAN.) );
#3060 = ( NAMED_UNIT(*) SI_UNIT($,.STERADIAN.) SOLID_ANGLE_UNIT() );
#3061 = UNCERTAINTY_MEASURE_WITH_UNIT(LENGTH_MEASURE(1.E-07),#3058,
  'distance_accuracy_value','confusion accuracy');
#3062 = CONTEXT_DEPENDENT_SHAPE_REPRESENTATION(#3063,#3065);
#3063 = ( REPRESENTATION_RELATIONSHIP('','',#3048,#32) 
REPRESENTATION_RELATIONSHIP_WITH_TRANSFORMATION(#3064) 
SHAPE_REPRESENTATION_RELATIONSHIP() );
#3064 = ITEM_DEFINED_TRANSFORMATION('','',#11,#213);
#3065 = PRODUCT_DEFINITION_SHAPE('Placement','Placement of an item',
  #3066);
#3066 = NEXT_ASSEMBLY_USAGE_OCCURRENCE('1202','1039931_IAM_294','',#27,
  #3043,$);
#3067 = PRODUCT_RELATED_PRODUCT_CATEGORY('part',$,(#3045));
#3068 = CONTEXT_DEPENDENT_SHAPE_REPRESENTATION(#3069,#3071);
#3069 = ( REPRESENTATION_RELATIONSHIP('','',#1295,#3048) 
REPRESENTATION_RELATIONSHIP_WITH_TRANSFORMATION(#3070) 
SHAPE_REPRESENTATION_RELATIONSHIP() );
#3070 = ITEM_DEFINED_TRANSFORMATION('','',#11,#3049);
#3071 = PRODUCT_DEFINITION_SHAPE('Placement','Placement of an item',
  #3072);
#3072 = NEXT_ASSEMBLY_USAGE_OCCURRENCE('1200','1039929_IPT_294','',#3043
  ,#1290,$);
#3073 = CONTEXT_DEPENDENT_SHAPE_REPRESENTATION(#3074,#3076);
#3074 = ( REPRESENTATION_RELATIONSHIP('','',#1728,#3048) 
REPRESENTATION_RELATIONSHIP_WITH_TRANSFORMATION(#3075) 
SHAPE_REPRESENTATION_RELATIONSHIP() );
#3075 = ITEM_DEFINED_TRANSFORMATION('','',#11,#3053);
#3076 = PRODUCT_DEFINITION_SHAPE('Placement','Placement of an item',
  #3077);
#3077 = NEXT_ASSEMBLY_USAGE_OCCURRENCE('1201','1039930_IPT_294','',#3043
  ,#1723,$);
#3078 = CONTEXT_DEPENDENT_SHAPE_REPRESENTATION(#3079,#3081);
#3079 = ( REPRESENTATION_RELATIONSHIP('','',#243,#32) 
REPRESENTATION_RELATIONSHIP_WITH_TRANSFORMATION(#3080) 
SHAPE_REPRESENTATION_RELATIONSHIP() );
#3080 = ITEM_DEFINED_TRANSFORMATION('','',#11,#217);
#3081 = PRODUCT_DEFINITION_SHAPE('Placement','Placement of an item',
  #3082);
#3082 = NEXT_ASSEMBLY_USAGE_OCCURRENCE('1203','F1000S1120M007B295','',
  #27,#238,$);
#3083 = SHAPE_DEFINITION_REPRESENTATION(#3084,#3090);
#3084 = PRODUCT_DEFINITION_SHAPE('','',#3085);
#3085 = PRODUCT_DEFINITION('design','',#3086,#3089);
#3086 = PRODUCT_DEFINITION_FORMATION('','',#3087);
#3087 = PRODUCT('1039931_IAM_295','1039931_IAM_295','',(#3088));
#3088 = PRODUCT_CONTEXT('',#2,'mechanical');
#3089 = PRODUCT_DEFINITION_CONTEXT('part definition',#2,'design');
#3090 = SHAPE_REPRESENTATION('',(#11,#3091,#3095),#3099);
#3091 = AXIS2_PLACEMENT_3D('',#3092,#3093,#3094);
#3092 = CARTESIAN_POINT('',(0.,0.,0.));
#3093 = DIRECTION('',(0.,0.,1.));
#3094 = DIRECTION('',(1.,0.,0.));
#3095 = AXIS2_PLACEMENT_3D('',#3096,#3097,#3098);
#3096 = CARTESIAN_POINT('',(-4.51028103754E-16,0.574523821802,0.));
#3097 = DIRECTION('',(0.,0.,-1.));
#3098 = DIRECTION('',(1.,0.,0.));
#3099 = ( GEOMETRIC_REPRESENTATION_CONTEXT(3) 
GLOBAL_UNCERTAINTY_ASSIGNED_CONTEXT((#3103)) 
GLOBAL_UNIT_ASSIGNED_CONTEXT((#3100,#3101,#3102)) REPRESENTATION_CONTEXT
('Context #1','3D Context with UNIT and UNCERTAINTY') );
#3100 = ( LENGTH_UNIT() NAMED_UNIT(*) SI_UNIT(.MILLI.,.METRE.) );
#3101 = ( NAMED_UNIT(*) PLANE_ANGLE_UNIT() SI_UNIT($,.RADIAN.) );
#3102 = ( NAMED_UNIT(*) SI_UNIT($,.STERADIAN.) SOLID_ANGLE_UNIT() );
#3103 = UNCERTAINTY_MEASURE_WITH_UNIT(LENGTH_MEASURE(1.E-07),#3100,
  'distance_accuracy_value','confusion accuracy');
#3104 = CONTEXT_DEPENDENT_SHAPE_REPRESENTATION(#3105,#3107);
#3105 = ( REPRESENTATION_RELATIONSHIP('','',#3090,#32) 
REPRESENTATION_RELATIONSHIP_WITH_TRANSFORMATION(#3106) 
SHAPE_REPRESENTATION_RELATIONSHIP() );
#3106 = ITEM_DEFINED_TRANSFORMATION('','',#11,#221);
#3107 = PRODUCT_DEFINITION_SHAPE('Placement','Placement of an item',
  #3108);
#3108 = NEXT_ASSEMBLY_USAGE_OCCURRENCE('1206','1039931_IAM_295','',#27,
  #3085,$);
#3109 = PRODUCT_RELATED_PRODUCT_CATEGORY('part',$,(#3087));
#3110 = CONTEXT_DEPENDENT_SHAPE_REPRESENTATION(#3111,#3113);
#3111 = ( REPRESENTATION_RELATIONSHIP('','',#1295,#3090) 
REPRESENTATION_RELATIONSHIP_WITH_TRANSFORMATION(#3112) 
SHAPE_REPRESENTATION_RELATIONSHIP() );
#3112 = ITEM_DEFINED_TRANSFORMATION('','',#11,#3091);
#3113 = PRODUCT_DEFINITION_SHAPE('Placement','Placement of an item',
  #3114);
#3114 = NEXT_ASSEMBLY_USAGE_OCCURRENCE('1204','1039929_IPT_295','',#3085
  ,#1290,$);
#3115 = CONTEXT_DEPENDENT_SHAPE_REPRESENTATION(#3116,#3118);
#3116 = ( REPRESENTATION_RELATIONSHIP('','',#1728,#3090) 
REPRESENTATION_RELATIONSHIP_WITH_TRANSFORMATION(#3117) 
SHAPE_REPRESENTATION_RELATIONSHIP() );
#3117 = ITEM_DEFINED_TRANSFORMATION('','',#11,#3095);
#3118 = PRODUCT_DEFINITION_SHAPE('Placement','Placement of an item',
  #3119);
#3119 = NEXT_ASSEMBLY_USAGE_OCCURRENCE('1205','1039930_IPT_295','',#3085
  ,#1723,$);
#3120 = SHAPE_DEFINITION_REPRESENTATION(#2157,#3121);
#3121 = SHAPE_REPRESENTATION('',(#41),#1250);
#3122 = SHAPE_DEFINITION_REPRESENTATION(#2189,#3123);
#3123 = SHAPE_REPRESENTATION('',(#2167),#1710);
#3124 = SHAPE_DEFINITION_REPRESENTATION(#2194,#3125);
#3125 = SHAPE_REPRESENTATION('',(#2171),#2143);
#3126 = SHAPE_DEFINITION_REPRESENTATION(#2189,#3127);
#3127 = SHAPE_REPRESENTATION('',(#2167),#1710);
#3128 = SHAPE_DEFINITION_REPRESENTATION(#2194,#3129);
#3129 = SHAPE_REPRESENTATION('',(#2171),#2143);
#3130 = SHAPE_DEFINITION_REPRESENTATION(#2199,#3131);
#3131 = SHAPE_REPRESENTATION('',(#49),#1250);
#3132 = SHAPE_DEFINITION_REPRESENTATION(#2231,#3133);
#3133 = SHAPE_REPRESENTATION('',(#2209),#1710);
#3134 = SHAPE_DEFINITION_REPRESENTATION(#2236,#3135);
#3135 = SHAPE_REPRESENTATION('',(#2213),#2143);
#3136 = SHAPE_DEFINITION_REPRESENTATION(#2231,#3137);
#3137 = SHAPE_REPRESENTATION('',(#2209),#1710);
#3138 = SHAPE_DEFINITION_REPRESENTATION(#2236,#3139);
#3139 = SHAPE_REPRESENTATION('',(#2213),#2143);
#3140 = SHAPE_DEFINITION_REPRESENTATION(#2241,#3141);
#3141 = SHAPE_REPRESENTATION('',(#57),#1250);
#3142 = SHAPE_DEFINITION_REPRESENTATION(#2273,#3143);
#3143 = SHAPE_REPRESENTATION('',(#2251),#1710);
#3144 = SHAPE_DEFINITION_REPRESENTATION(#2278,#3145);
#3145 = SHAPE_REPRESENTATION('',(#2255),#2143);
#3146 = SHAPE_DEFINITION_REPRESENTATION(#2273,#3147);
#3147 = SHAPE_REPRESENTATION('',(#2251),#1710);
#3148 = SHAPE_DEFINITION_REPRESENTATION(#2278,#3149);
#3149 = SHAPE_REPRESENTATION('',(#2255),#2143);
#3150 = SHAPE_DEFINITION_REPRESENTATION(#2283,#3151);
#3151 = SHAPE_REPRESENTATION('',(#65),#1250);
#3152 = SHAPE_DEFINITION_REPRESENTATION(#2315,#3153);
#3153 = SHAPE_REPRESENTATION('',(#2293),#1710);
#3154 = SHAPE_DEFINITION_REPRESENTATION(#2320,#3155);
#3155 = SHAPE_REPRESENTATION('',(#2297),#2143);
#3156 = SHAPE_DEFINITION_REPRESENTATION(#2315,#3157);
#3157 = SHAPE_REPRESENTATION('',(#2293),#1710);
#3158 = SHAPE_DEFINITION_REPRESENTATION(#2320,#3159);
#3159 = SHAPE_REPRESENTATION('',(#2297),#2143);
#3160 = SHAPE_DEFINITION_REPRESENTATION(#2325,#3161);
#3161 = SHAPE_REPRESENTATION('',(#73),#1250);
#3162 = SHAPE_DEFINITION_REPRESENTATION(#2357,#3163);
#3163 = SHAPE_REPRESENTATION('',(#2335),#1710);
#3164 = SHAPE_DEFINITION_REPRESENTATION(#2362,#3165);
#3165 = SHAPE_REPRESENTATION('',(#2339),#2143);
#3166 = SHAPE_DEFINITION_REPRESENTATION(#2357,#3167);
#3167 = SHAPE_REPRESENTATION('',(#2335),#1710);
#3168 = SHAPE_DEFINITION_REPRESENTATION(#2362,#3169);
#3169 = SHAPE_REPRESENTATION('',(#2339),#2143);
#3170 = SHAPE_DEFINITION_REPRESENTATION(#2367,#3171);
#3171 = SHAPE_REPRESENTATION('',(#81),#1250);
#3172 = SHAPE_DEFINITION_REPRESENTATION(#2399,#3173);
#3173 = SHAPE_REPRESENTATION('',(#2377),#1710);
#3174 = SHAPE_DEFINITION_REPRESENTATION(#2404,#3175);
#3175 = SHAPE_REPRESENTATION('',(#2381),#2143);
#3176 = SHAPE_DEFINITION_REPRESENTATION(#2399,#3177);
#3177 = SHAPE_REPRESENTATION('',(#2377),#1710);
#3178 = SHAPE_DEFINITION_REPRESENTATION(#2404,#3179);
#3179 = SHAPE_REPRESENTATION('',(#2381),#2143);
#3180 = SHAPE_DEFINITION_REPRESENTATION(#2409,#3181);
#3181 = SHAPE_REPRESENTATION('',(#89),#1250);
#3182 = SHAPE_DEFINITION_REPRESENTATION(#2441,#3183);
#3183 = SHAPE_REPRESENTATION('',(#2419),#1710);
#3184 = SHAPE_DEFINITION_REPRESENTATION(#2446,#3185);
#3185 = SHAPE_REPRESENTATION('',(#2423),#2143);
#3186 = SHAPE_DEFINITION_REPRESENTATION(#2441,#3187);
#3187 = SHAPE_REPRESENTATION('',(#2419),#1710);
#3188 = SHAPE_DEFINITION_REPRESENTATION(#2446,#3189);
#3189 = SHAPE_REPRESENTATION('',(#2423),#2143);
#3190 = SHAPE_DEFINITION_REPRESENTATION(#2451,#3191);
#3191 = SHAPE_REPRESENTATION('',(#97),#1250);
#3192 = SHAPE_DEFINITION_REPRESENTATION(#2483,#3193);
#3193 = SHAPE_REPRESENTATION('',(#2461),#1710);
#3194 = SHAPE_DEFINITION_REPRESENTATION(#2488,#3195);
#3195 = SHAPE_REPRESENTATION('',(#2465),#2143);
#3196 = SHAPE_DEFINITION_REPRESENTATION(#2483,#3197);
#3197 = SHAPE_REPRESENTATION('',(#2461),#1710);
#3198 = SHAPE_DEFINITION_REPRESENTATION(#2488,#3199);
#3199 = SHAPE_REPRESENTATION('',(#2465),#2143);
#3200 = SHAPE_DEFINITION_REPRESENTATION(#2493,#3201);
#3201 = SHAPE_REPRESENTATION('',(#105),#1250);
#3202 = SHAPE_DEFINITION_REPRESENTATION(#2525,#3203);
#3203 = SHAPE_REPRESENTATION('',(#2503),#1710);
#3204 = SHAPE_DEFINITION_REPRESENTATION(#2530,#3205);
#3205 = SHAPE_REPRESENTATION('',(#2507),#2143);
#3206 = SHAPE_DEFINITION_REPRESENTATION(#2525,#3207);
#3207 = SHAPE_REPRESENTATION('',(#2503),#1710);
#3208 = SHAPE_DEFINITION_REPRESENTATION(#2530,#3209);
#3209 = SHAPE_REPRESENTATION('',(#2507),#2143);
#3210 = SHAPE_DEFINITION_REPRESENTATION(#2535,#3211);
#3211 = SHAPE_REPRESENTATION('',(#113),#1250);
#3212 = SHAPE_DEFINITION_REPRESENTATION(#2567,#3213);
#3213 = SHAPE_REPRESENTATION('',(#2545),#1710);
#3214 = SHAPE_DEFINITION_REPRESENTATION(#2572,#3215);
#3215 = SHAPE_REPRESENTATION('',(#2549),#2143);
#3216 = SHAPE_DEFINITION_REPRESENTATION(#2567,#3217);
#3217 = SHAPE_REPRESENTATION('',(#2545),#1710);
#3218 = SHAPE_DEFINITION_REPRESENTATION(#2572,#3219);
#3219 = SHAPE_REPRESENTATION('',(#2549),#2143);
#3220 = SHAPE_DEFINITION_REPRESENTATION(#2577,#3221);
#3221 = SHAPE_REPRESENTATION('',(#121),#1250);
#3222 = SHAPE_DEFINITION_REPRESENTATION(#2609,#3223);
#3223 = SHAPE_REPRESENTATION('',(#2587),#1710);
#3224 = SHAPE_DEFINITION_REPRESENTATION(#2614,#3225);
#3225 = SHAPE_REPRESENTATION('',(#2591),#2143);
#3226 = SHAPE_DEFINITION_REPRESENTATION(#2609,#3227);
#3227 = SHAPE_REPRESENTATION('',(#2587),#1710);
#3228 = SHAPE_DEFINITION_REPRESENTATION(#2614,#3229);
#3229 = SHAPE_REPRESENTATION('',(#2591),#2143);
#3230 = SHAPE_DEFINITION_REPRESENTATION(#2619,#3231);
#3231 = SHAPE_REPRESENTATION('',(#129),#1250);
#3232 = SHAPE_DEFINITION_REPRESENTATION(#2651,#3233);
#3233 = SHAPE_REPRESENTATION('',(#2629),#1710);
#3234 = SHAPE_DEFINITION_REPRESENTATION(#2656,#3235);
#3235 = SHAPE_REPRESENTATION('',(#2633),#2143);
#3236 = SHAPE_DEFINITION_REPRESENTATION(#2651,#3237);
#3237 = SHAPE_REPRESENTATION('',(#2629),#1710);
#3238 = SHAPE_DEFINITION_REPRESENTATION(#2656,#3239);
#3239 = SHAPE_REPRESENTATION('',(#2633),#2143);
#3240 = SHAPE_DEFINITION_REPRESENTATION(#2661,#3241);
#3241 = SHAPE_REPRESENTATION('',(#137),#1250);
#3242 = SHAPE_DEFINITION_REPRESENTATION(#2693,#3243);
#3243 = SHAPE_REPRESENTATION('',(#2671),#1710);
#3244 = SHAPE_DEFINITION_REPRESENTATION(#2698,#3245);
#3245 = SHAPE_REPRESENTATION('',(#2675),#2143);
#3246 = SHAPE_DEFINITION_REPRESENTATION(#2693,#3247);
#3247 = SHAPE_REPRESENTATION('',(#2671),#1710);
#3248 = SHAPE_DEFINITION_REPRESENTATION(#2698,#3249);
#3249 = SHAPE_REPRESENTATION('',(#2675),#2143);
#3250 = SHAPE_DEFINITION_REPRESENTATION(#2703,#3251);
#3251 = SHAPE_REPRESENTATION('',(#145),#1250);
#3252 = SHAPE_DEFINITION_REPRESENTATION(#2735,#3253);
#3253 = SHAPE_REPRESENTATION('',(#2713),#1710);
#3254 = SHAPE_DEFINITION_REPRESENTATION(#2740,#3255);
#3255 = SHAPE_REPRESENTATION('',(#2717),#2143);
#3256 = SHAPE_DEFINITION_REPRESENTATION(#2735,#3257);
#3257 = SHAPE_REPRESENTATION('',(#2713),#1710);
#3258 = SHAPE_DEFINITION_REPRESENTATION(#2740,#3259);
#3259 = SHAPE_REPRESENTATION('',(#2717),#2143);
#3260 = SHAPE_DEFINITION_REPRESENTATION(#2745,#3261);
#3261 = SHAPE_REPRESENTATION('',(#153),#1250);
#3262 = SHAPE_DEFINITION_REPRESENTATION(#2777,#3263);
#3263 = SHAPE_REPRESENTATION('',(#2755),#1710);
#3264 = SHAPE_DEFINITION_REPRESENTATION(#2782,#3265);
#3265 = SHAPE_REPRESENTATION('',(#2759),#2143);
#3266 = SHAPE_DEFINITION_REPRESENTATION(#2777,#3267);
#3267 = SHAPE_REPRESENTATION('',(#2755),#1710);
#3268 = SHAPE_DEFINITION_REPRESENTATION(#2782,#3269);
#3269 = SHAPE_REPRESENTATION('',(#2759),#2143);
#3270 = SHAPE_DEFINITION_REPRESENTATION(#2787,#3271);
#3271 = SHAPE_REPRESENTATION('',(#161),#1250);
#3272 = SHAPE_DEFINITION_REPRESENTATION(#2819,#3273);
#3273 = SHAPE_REPRESENTATION('',(#2797),#1710);
#3274 = SHAPE_DEFINITION_REPRESENTATION(#2824,#3275);
#3275 = SHAPE_REPRESENTATION('',(#2801),#2143);
#3276 = SHAPE_DEFINITION_REPRESENTATION(#2819,#3277);
#3277 = SHAPE_REPRESENTATION('',(#2797),#1710);
#3278 = SHAPE_DEFINITION_REPRESENTATION(#2824,#3279);
#3279 = SHAPE_REPRESENTATION('',(#2801),#2143);
#3280 = SHAPE_DEFINITION_REPRESENTATION(#2829,#3281);
#3281 = SHAPE_REPRESENTATION('',(#169),#1250);
#3282 = SHAPE_DEFINITION_REPRESENTATION(#2861,#3283);
#3283 = SHAPE_REPRESENTATION('',(#2839),#1710);
#3284 = SHAPE_DEFINITION_REPRESENTATION(#2866,#3285);
#3285 = SHAPE_REPRESENTATION('',(#2843),#2143);
#3286 = SHAPE_DEFINITION_REPRESENTATION(#2861,#3287);
#3287 = SHAPE_REPRESENTATION('',(#2839),#1710);
#3288 = SHAPE_DEFINITION_REPRESENTATION(#2866,#3289);
#3289 = SHAPE_REPRESENTATION('',(#2843),#2143);
#3290 = SHAPE_DEFINITION_REPRESENTATION(#2871,#3291);
#3291 = SHAPE_REPRESENTATION('',(#177),#1250);
#3292 = SHAPE_DEFINITION_REPRESENTATION(#2903,#3293);
#3293 = SHAPE_REPRESENTATION('',(#2881),#1710);
#3294 = SHAPE_DEFINITION_REPRESENTATION(#2908,#3295);
#3295 = SHAPE_REPRESENTATION('',(#2885),#2143);
#3296 = SHAPE_DEFINITION_REPRESENTATION(#2903,#3297);
#3297 = SHAPE_REPRESENTATION('',(#2881),#1710);
#3298 = SHAPE_DEFINITION_REPRESENTATION(#2908,#3299);
#3299 = SHAPE_REPRESENTATION('',(#2885),#2143);
#3300 = SHAPE_DEFINITION_REPRESENTATION(#2913,#3301);
#3301 = SHAPE_REPRESENTATION('',(#185),#1250);
#3302 = SHAPE_DEFINITION_REPRESENTATION(#2945,#3303);
#3303 = SHAPE_REPRESENTATION('',(#2923),#1710);
#3304 = SHAPE_DEFINITION_REPRESENTATION(#2950,#3305);
#3305 = SHAPE_REPRESENTATION('',(#2927),#2143);
#3306 = SHAPE_DEFINITION_REPRESENTATION(#2945,#3307);
#3307 = SHAPE_REPRESENTATION('',(#2923),#1710);
#3308 = SHAPE_DEFINITION_REPRESENTATION(#2950,#3309);
#3309 = SHAPE_REPRESENTATION('',(#2927),#2143);
#3310 = SHAPE_DEFINITION_REPRESENTATION(#2955,#3311);
#3311 = SHAPE_REPRESENTATION('',(#193),#1250);
#3312 = SHAPE_DEFINITION_REPRESENTATION(#2987,#3313);
#3313 = SHAPE_REPRESENTATION('',(#2965),#1710);
#3314 = SHAPE_DEFINITION_REPRESENTATION(#2992,#3315);
#3315 = SHAPE_REPRESENTATION('',(#2969),#2143);
#3316 = SHAPE_DEFINITION_REPRESENTATION(#2987,#3317);
#3317 = SHAPE_REPRESENTATION('',(#2965),#1710);
#3318 = SHAPE_DEFINITION_REPRESENTATION(#2992,#3319);
#3319 = SHAPE_REPRESENTATION('',(#2969),#2143);
#3320 = SHAPE_DEFINITION_REPRESENTATION(#2997,#3321);
#3321 = SHAPE_REPRESENTATION('',(#201),#1250);
#3322 = SHAPE_DEFINITION_REPRESENTATION(#3029,#3323);
#3323 = SHAPE_REPRESENTATION('',(#3007),#1710);
#3324 = SHAPE_DEFINITION_REPRESENTATION(#3034,#3325);
#3325 = SHAPE_REPRESENTATION('',(#3011),#2143);
#3326 = SHAPE_DEFINITION_REPRESENTATION(#3029,#3327);
#3327 = SHAPE_REPRESENTATION('',(#3007),#1710);
#3328 = SHAPE_DEFINITION_REPRESENTATION(#3034,#3329);
#3329 = SHAPE_REPRESENTATION('',(#3011),#2143);
#3330 = SHAPE_DEFINITION_REPRESENTATION(#3039,#3331);
#3331 = SHAPE_REPRESENTATION('',(#209),#1250);
#3332 = SHAPE_DEFINITION_REPRESENTATION(#3071,#3333);
#3333 = SHAPE_REPRESENTATION('',(#3049),#1710);
#3334 = SHAPE_DEFINITION_REPRESENTATION(#3076,#3335);
#3335 = SHAPE_REPRESENTATION('',(#3053),#2143);
#3336 = SHAPE_DEFINITION_REPRESENTATION(#3071,#3337);
#3337 = SHAPE_REPRESENTATION('',(#3049),#1710);
#3338 = SHAPE_DEFINITION_REPRESENTATION(#3076,#3339);
#3339 = SHAPE_REPRESENTATION('',(#3053),#2143);
#3340 = SHAPE_DEFINITION_REPRESENTATION(#3081,#3341);
#3341 = SHAPE_REPRESENTATION('',(#217),#1250);
#3342 = SHAPE_DEFINITION_REPRESENTATION(#3113,#3343);
#3343 = SHAPE_REPRESENTATION('',(#3091),#1710);
#3344 = SHAPE_DEFINITION_REPRESENTATION(#3118,#3345);
#3345 = SHAPE_REPRESENTATION('',(#3095),#2143);
#3346 = SHAPE_DEFINITION_REPRESENTATION(#3113,#3347);
#3347 = SHAPE_REPRESENTATION('',(#3091),#1710);
#3348 = SHAPE_DEFINITION_REPRESENTATION(#3118,#3349);
#3349 = SHAPE_REPRESENTATION('',(#3095),#2143);
#3350 = SHAPE_DEFINITION_REPRESENTATION(#2157,#3351);
#3351 = SHAPE_REPRESENTATION('',(#41),#1250);
#3352 = SHAPE_DEFINITION_REPRESENTATION(#2199,#3353);
#3353 = SHAPE_REPRESENTATION('',(#49),#1250);
#3354 = SHAPE_DEFINITION_REPRESENTATION(#2241,#3355);
#3355 = SHAPE_REPRESENTATION('',(#57),#1250);
#3356 = SHAPE_DEFINITION_REPRESENTATION(#2283,#3357);
#3357 = SHAPE_REPRESENTATION('',(#65),#1250);
#3358 = SHAPE_DEFINITION_REPRESENTATION(#2325,#3359);
#3359 = SHAPE_REPRESENTATION('',(#73),#1250);
#3360 = SHAPE_DEFINITION_REPRESENTATION(#2367,#3361);
#3361 = SHAPE_REPRESENTATION('',(#81),#1250);
#3362 = SHAPE_DEFINITION_REPRESENTATION(#2409,#3363);
#3363 = SHAPE_REPRESENTATION('',(#89),#1250);
#3364 = SHAPE_DEFINITION_REPRESENTATION(#2451,#3365);
#3365 = SHAPE_REPRESENTATION('',(#97),#1250);
#3366 = SHAPE_DEFINITION_REPRESENTATION(#2493,#3367);
#3367 = SHAPE_REPRESENTATION('',(#105),#1250);
#3368 = SHAPE_DEFINITION_REPRESENTATION(#2535,#3369);
#3369 = SHAPE_REPRESENTATION('',(#113),#1250);
#3370 = SHAPE_DEFINITION_REPRESENTATION(#2577,#3371);
#3371 = SHAPE_REPRESENTATION('',(#121),#1250);
#3372 = SHAPE_DEFINITION_REPRESENTATION(#2619,#3373);
#3373 = SHAPE_REPRESENTATION('',(#129),#1250);
#3374 = SHAPE_DEFINITION_REPRESENTATION(#2661,#3375);
#3375 = SHAPE_REPRESENTATION('',(#137),#1250);
#3376 = SHAPE_DEFINITION_REPRESENTATION(#2703,#3377);
#3377 = SHAPE_REPRESENTATION('',(#145),#1250);
#3378 = SHAPE_DEFINITION_REPRESENTATION(#2745,#3379);
#3379 = SHAPE_REPRESENTATION('',(#153),#1250);
#3380 = SHAPE_DEFINITION_REPRESENTATION(#2787,#3381);
#3381 = SHAPE_REPRESENTATION('',(#161),#1250);
#3382 = SHAPE_DEFINITION_REPRESENTATION(#2829,#3383);
#3383 = SHAPE_REPRESENTATION('',(#169),#1250);
#3384 = SHAPE_DEFINITION_REPRESENTATION(#2871,#3385);
#3385 = SHAPE_REPRESENTATION('',(#177),#1250);
#3386 = SHAPE_DEFINITION_REPRESENTATION(#2913,#3387);
#3387 = SHAPE_REPRESENTATION('',(#185),#1250);
#3388 = SHAPE_DEFINITION_REPRESENTATION(#2955,#3389);
#3389 = SHAPE_REPRESENTATION('',(#193),#1250);
#3390 = SHAPE_DEFINITION_REPRESENTATION(#2997,#3391);
#3391 = SHAPE_REPRESENTATION('',(#201),#1250);
#3392 = SHAPE_DEFINITION_REPRESENTATION(#3039,#3393);
#3393 = SHAPE_REPRESENTATION('',(#209),#1250);
#3394 = SHAPE_DEFINITION_REPRESENTATION(#3081,#3395);
#3395 = SHAPE_REPRESENTATION('',(#217),#1250);
#3396 = MECHANICAL_DESIGN_GEOMETRIC_PRESENTATION_REPRESENTATION('',(
    #3397,#3408,#3417,#3426,#3435,#3444,#3453,#3462,#3471,#3480,#3489,
    #3498,#3507,#3516,#3525,#3534,#3543,#3552,#3561,#3570,#3579,#3588,
    #3597,#3606,#3615,#3626,#3635,#3644,#3653,#3662,#3671,#3680,#3689,
    #3698,#3707,#3716,#3725,#3734,#3743,#3752,#3761,#3770,#3779,#3788,
    #3797,#3806,#3815),#1250);
#3397 = STYLED_ITEM('color',(#3398),#244);
#3398 = PRESENTATION_STYLE_ASSIGNMENT((#3399,#3405));
#3399 = SURFACE_STYLE_USAGE(.BOTH.,#3400);
#3400 = SURFACE_SIDE_STYLE('',(#3401));
#3401 = SURFACE_STYLE_FILL_AREA(#3402);
#3402 = FILL_AREA_STYLE('',(#3403));
#3403 = FILL_AREA_STYLE_COLOUR('',#3404);
#3404 = COLOUR_RGB('',0.199999998682,0.199999998682,0.199999998682);
#3405 = CURVE_STYLE('',#3406,POSITIVE_LENGTH_MEASURE(0.1),#3407);
#3406 = DRAUGHTING_PRE_DEFINED_CURVE_FONT('continuous');
#3407 = COLOUR_RGB('',9.803921802644E-02,9.803921802644E-02,
  9.803921802644E-02);
#3408 = OVER_RIDING_STYLED_ITEM('overriding color',(#3409),#244,#3397);
#3409 = PRESENTATION_STYLE_BY_CONTEXT((#3410,#3415),#3121);
#3410 = SURFACE_STYLE_USAGE(.BOTH.,#3411);
#3411 = SURFACE_SIDE_STYLE('',(#3412));
#3412 = SURFACE_STYLE_FILL_AREA(#3413);
#3413 = FILL_AREA_STYLE('',(#3414));
#3414 = FILL_AREA_STYLE_COLOUR('',#3404);
#3415 = CURVE_STYLE('',#3416,POSITIVE_LENGTH_MEASURE(0.1),#3407);
#3416 = DRAUGHTING_PRE_DEFINED_CURVE_FONT('continuous');
#3417 = OVER_RIDING_STYLED_ITEM('overriding color',(#3418),#244,#3397);
#3418 = PRESENTATION_STYLE_BY_CONTEXT((#3419,#3424),#3131);
#3419 = SURFACE_STYLE_USAGE(.BOTH.,#3420);
#3420 = SURFACE_SIDE_STYLE('',(#3421));
#3421 = SURFACE_STYLE_FILL_AREA(#3422);
#3422 = FILL_AREA_STYLE('',(#3423));
#3423 = FILL_AREA_STYLE_COLOUR('',#3404);
#3424 = CURVE_STYLE('',#3425,POSITIVE_LENGTH_MEASURE(0.1),#3407);
#3425 = DRAUGHTING_PRE_DEFINED_CURVE_FONT('continuous');
#3426 = OVER_RIDING_STYLED_ITEM('overriding color',(#3427),#244,#3397);
#3427 = PRESENTATION_STYLE_BY_CONTEXT((#3428,#3433),#3141);
#3428 = SURFACE_STYLE_USAGE(.BOTH.,#3429);
#3429 = SURFACE_SIDE_STYLE('',(#3430));
#3430 = SURFACE_STYLE_FILL_AREA(#3431);
#3431 = FILL_AREA_STYLE('',(#3432));
#3432 = FILL_AREA_STYLE_COLOUR('',#3404);
#3433 = CURVE_STYLE('',#3434,POSITIVE_LENGTH_MEASURE(0.1),#3407);
#3434 = DRAUGHTING_PRE_DEFINED_CURVE_FONT('continuous');
#3435 = OVER_RIDING_STYLED_ITEM('overriding color',(#3436),#244,#3397);
#3436 = PRESENTATION_STYLE_BY_CONTEXT((#3437,#3442),#3151);
#3437 = SURFACE_STYLE_USAGE(.BOTH.,#3438);
#3438 = SURFACE_SIDE_STYLE('',(#3439));
#3439 = SURFACE_STYLE_FILL_AREA(#3440);
#3440 = FILL_AREA_STYLE('',(#3441));
#3441 = FILL_AREA_STYLE_COLOUR('',#3404);
#3442 = CURVE_STYLE('',#3443,POSITIVE_LENGTH_MEASURE(0.1),#3407);
#3443 = DRAUGHTING_PRE_DEFINED_CURVE_FONT('continuous');
#3444 = OVER_RIDING_STYLED_ITEM('overriding color',(#3445),#244,#3397);
#3445 = PRESENTATION_STYLE_BY_CONTEXT((#3446,#3451),#3161);
#3446 = SURFACE_STYLE_USAGE(.BOTH.,#3447);
#3447 = SURFACE_SIDE_STYLE('',(#3448));
#3448 = SURFACE_STYLE_FILL_AREA(#3449);
#3449 = FILL_AREA_STYLE('',(#3450));
#3450 = FILL_AREA_STYLE_COLOUR('',#3404);
#3451 = CURVE_STYLE('',#3452,POSITIVE_LENGTH_MEASURE(0.1),#3407);
#3452 = DRAUGHTING_PRE_DEFINED_CURVE_FONT('continuous');
#3453 = OVER_RIDING_STYLED_ITEM('overriding color',(#3454),#244,#3397);
#3454 = PRESENTATION_STYLE_BY_CONTEXT((#3455,#3460),#3171);
#3455 = SURFACE_STYLE_USAGE(.BOTH.,#3456);
#3456 = SURFACE_SIDE_STYLE('',(#3457));
#3457 = SURFACE_STYLE_FILL_AREA(#3458);
#3458 = FILL_AREA_STYLE('',(#3459));
#3459 = FILL_AREA_STYLE_COLOUR('',#3404);
#3460 = CURVE_STYLE('',#3461,POSITIVE_LENGTH_MEASURE(0.1),#3407);
#3461 = DRAUGHTING_PRE_DEFINED_CURVE_FONT('continuous');
#3462 = OVER_RIDING_STYLED_ITEM('overriding color',(#3463),#244,#3397);
#3463 = PRESENTATION_STYLE_BY_CONTEXT((#3464,#3469),#3181);
#3464 = SURFACE_STYLE_USAGE(.BOTH.,#3465);
#3465 = SURFACE_SIDE_STYLE('',(#3466));
#3466 = SURFACE_STYLE_FILL_AREA(#3467);
#3467 = FILL_AREA_STYLE('',(#3468));
#3468 = FILL_AREA_STYLE_COLOUR('',#3404);
#3469 = CURVE_STYLE('',#3470,POSITIVE_LENGTH_MEASURE(0.1),#3407);
#3470 = DRAUGHTING_PRE_DEFINED_CURVE_FONT('continuous');
#3471 = OVER_RIDING_STYLED_ITEM('overriding color',(#3472),#244,#3397);
#3472 = PRESENTATION_STYLE_BY_CONTEXT((#3473,#3478),#3191);
#3473 = SURFACE_STYLE_USAGE(.BOTH.,#3474);
#3474 = SURFACE_SIDE_STYLE('',(#3475));
#3475 = SURFACE_STYLE_FILL_AREA(#3476);
#3476 = FILL_AREA_STYLE('',(#3477));
#3477 = FILL_AREA_STYLE_COLOUR('',#3404);
#3478 = CURVE_STYLE('',#3479,POSITIVE_LENGTH_MEASURE(0.1),#3407);
#3479 = DRAUGHTING_PRE_DEFINED_CURVE_FONT('continuous');
#3480 = OVER_RIDING_STYLED_ITEM('overriding color',(#3481),#244,#3397);
#3481 = PRESENTATION_STYLE_BY_CONTEXT((#3482,#3487),#3201);
#3482 = SURFACE_STYLE_USAGE(.BOTH.,#3483);
#3483 = SURFACE_SIDE_STYLE('',(#3484));
#3484 = SURFACE_STYLE_FILL_AREA(#3485);
#3485 = FILL_AREA_STYLE('',(#3486));
#3486 = FILL_AREA_STYLE_COLOUR('',#3404);
#3487 = CURVE_STYLE('',#3488,POSITIVE_LENGTH_MEASURE(0.1),#3407);
#3488 = DRAUGHTING_PRE_DEFINED_CURVE_FONT('continuous');
#3489 = OVER_RIDING_STYLED_ITEM('overriding color',(#3490),#244,#3397);
#3490 = PRESENTATION_STYLE_BY_CONTEXT((#3491,#3496),#3211);
#3491 = SURFACE_STYLE_USAGE(.BOTH.,#3492);
#3492 = SURFACE_SIDE_STYLE('',(#3493));
#3493 = SURFACE_STYLE_FILL_AREA(#3494);
#3494 = FILL_AREA_STYLE('',(#3495));
#3495 = FILL_AREA_STYLE_COLOUR('',#3404);
#3496 = CURVE_STYLE('',#3497,POSITIVE_LENGTH_MEASURE(0.1),#3407);
#3497 = DRAUGHTING_PRE_DEFINED_CURVE_FONT('continuous');
#3498 = OVER_RIDING_STYLED_ITEM('overriding color',(#3499),#244,#3397);
#3499 = PRESENTATION_STYLE_BY_CONTEXT((#3500,#3505),#3221);
#3500 = SURFACE_STYLE_USAGE(.BOTH.,#3501);
#3501 = SURFACE_SIDE_STYLE('',(#3502));
#3502 = SURFACE_STYLE_FILL_AREA(#3503);
#3503 = FILL_AREA_STYLE('',(#3504));
#3504 = FILL_AREA_STYLE_COLOUR('',#3404);
#3505 = CURVE_STYLE('',#3506,POSITIVE_LENGTH_MEASURE(0.1),#3407);
#3506 = DRAUGHTING_PRE_DEFINED_CURVE_FONT('continuous');
#3507 = OVER_RIDING_STYLED_ITEM('overriding color',(#3508),#244,#3397);
#3508 = PRESENTATION_STYLE_BY_CONTEXT((#3509,#3514),#3231);
#3509 = SURFACE_STYLE_USAGE(.BOTH.,#3510);
#3510 = SURFACE_SIDE_STYLE('',(#3511));
#3511 = SURFACE_STYLE_FILL_AREA(#3512);
#3512 = FILL_AREA_STYLE('',(#3513));
#3513 = FILL_AREA_STYLE_COLOUR('',#3404);
#3514 = CURVE_STYLE('',#3515,POSITIVE_LENGTH_MEASURE(0.1),#3407);
#3515 = DRAUGHTING_PRE_DEFINED_CURVE_FONT('continuous');
#3516 = OVER_RIDING_STYLED_ITEM('overriding color',(#3517),#244,#3397);
#3517 = PRESENTATION_STYLE_BY_CONTEXT((#3518,#3523),#3241);
#3518 = SURFACE_STYLE_USAGE(.BOTH.,#3519);
#3519 = SURFACE_SIDE_STYLE('',(#3520));
#3520 = SURFACE_STYLE_FILL_AREA(#3521);
#3521 = FILL_AREA_STYLE('',(#3522));
#3522 = FILL_AREA_STYLE_COLOUR('',#3404);
#3523 = CURVE_STYLE('',#3524,POSITIVE_LENGTH_MEASURE(0.1),#3407);
#3524 = DRAUGHTING_PRE_DEFINED_CURVE_FONT('continuous');
#3525 = OVER_RIDING_STYLED_ITEM('overriding color',(#3526),#244,#3397);
#3526 = PRESENTATION_STYLE_BY_CONTEXT((#3527,#3532),#3251);
#3527 = SURFACE_STYLE_USAGE(.BOTH.,#3528);
#3528 = SURFACE_SIDE_STYLE('',(#3529));
#3529 = SURFACE_STYLE_FILL_AREA(#3530);
#3530 = FILL_AREA_STYLE('',(#3531));
#3531 = FILL_AREA_STYLE_COLOUR('',#3404);
#3532 = CURVE_STYLE('',#3533,POSITIVE_LENGTH_MEASURE(0.1),#3407);
#3533 = DRAUGHTING_PRE_DEFINED_CURVE_FONT('continuous');
#3534 = OVER_RIDING_STYLED_ITEM('overriding color',(#3535),#244,#3397);
#3535 = PRESENTATION_STYLE_BY_CONTEXT((#3536,#3541),#3261);
#3536 = SURFACE_STYLE_USAGE(.BOTH.,#3537);
#3537 = SURFACE_SIDE_STYLE('',(#3538));
#3538 = SURFACE_STYLE_FILL_AREA(#3539);
#3539 = FILL_AREA_STYLE('',(#3540));
#3540 = FILL_AREA_STYLE_COLOUR('',#3404);
#3541 = CURVE_STYLE('',#3542,POSITIVE_LENGTH_MEASURE(0.1),#3407);
#3542 = DRAUGHTING_PRE_DEFINED_CURVE_FONT('continuous');
#3543 = OVER_RIDING_STYLED_ITEM('overriding color',(#3544),#244,#3397);
#3544 = PRESENTATION_STYLE_BY_CONTEXT((#3545,#3550),#3271);
#3545 = SURFACE_STYLE_USAGE(.BOTH.,#3546);
#3546 = SURFACE_SIDE_STYLE('',(#3547));
#3547 = SURFACE_STYLE_FILL_AREA(#3548);
#3548 = FILL_AREA_STYLE('',(#3549));
#3549 = FILL_AREA_STYLE_COLOUR('',#3404);
#3550 = CURVE_STYLE('',#3551,POSITIVE_LENGTH_MEASURE(0.1),#3407);
#3551 = DRAUGHTING_PRE_DEFINED_CURVE_FONT('continuous');
#3552 = OVER_RIDING_STYLED_ITEM('overriding color',(#3553),#244,#3397);
#3553 = PRESENTATION_STYLE_BY_CONTEXT((#3554,#3559),#3281);
#3554 = SURFACE_STYLE_USAGE(.BOTH.,#3555);
#3555 = SURFACE_SIDE_STYLE('',(#3556));
#3556 = SURFACE_STYLE_FILL_AREA(#3557);
#3557 = FILL_AREA_STYLE('',(#3558));
#3558 = FILL_AREA_STYLE_COLOUR('',#3404);
#3559 = CURVE_STYLE('',#3560,POSITIVE_LENGTH_MEASURE(0.1),#3407);
#3560 = DRAUGHTING_PRE_DEFINED_CURVE_FONT('continuous');
#3561 = OVER_RIDING_STYLED_ITEM('overriding color',(#3562),#244,#3397);
#3562 = PRESENTATION_STYLE_BY_CONTEXT((#3563,#3568),#3291);
#3563 = SURFACE_STYLE_USAGE(.BOTH.,#3564);
#3564 = SURFACE_SIDE_STYLE('',(#3565));
#3565 = SURFACE_STYLE_FILL_AREA(#3566);
#3566 = FILL_AREA_STYLE('',(#3567));
#3567 = FILL_AREA_STYLE_COLOUR('',#3404);
#3568 = CURVE_STYLE('',#3569,POSITIVE_LENGTH_MEASURE(0.1),#3407);
#3569 = DRAUGHTING_PRE_DEFINED_CURVE_FONT('continuous');
#3570 = OVER_RIDING_STYLED_ITEM('overriding color',(#3571),#244,#3397);
#3571 = PRESENTATION_STYLE_BY_CONTEXT((#3572,#3577),#3301);
#3572 = SURFACE_STYLE_USAGE(.BOTH.,#3573);
#3573 = SURFACE_SIDE_STYLE('',(#3574));
#3574 = SURFACE_STYLE_FILL_AREA(#3575);
#3575 = FILL_AREA_STYLE('',(#3576));
#3576 = FILL_AREA_STYLE_COLOUR('',#3404);
#3577 = CURVE_STYLE('',#3578,POSITIVE_LENGTH_MEASURE(0.1),#3407);
#3578 = DRAUGHTING_PRE_DEFINED_CURVE_FONT('continuous');
#3579 = OVER_RIDING_STYLED_ITEM('overriding color',(#3580),#244,#3397);
#3580 = PRESENTATION_STYLE_BY_CONTEXT((#3581,#3586),#3311);
#3581 = SURFACE_STYLE_USAGE(.BOTH.,#3582);
#3582 = SURFACE_SIDE_STYLE('',(#3583));
#3583 = SURFACE_STYLE_FILL_AREA(#3584);
#3584 = FILL_AREA_STYLE('',(#3585));
#3585 = FILL_AREA_STYLE_COLOUR('',#3404);
#3586 = CURVE_STYLE('',#3587,POSITIVE_LENGTH_MEASURE(0.1),#3407);
#3587 = DRAUGHTING_PRE_DEFINED_CURVE_FONT('continuous');
#3588 = OVER_RIDING_STYLED_ITEM('overriding color',(#3589),#244,#3397);
#3589 = PRESENTATION_STYLE_BY_CONTEXT((#3590,#3595),#3321);
#3590 = SURFACE_STYLE_USAGE(.BOTH.,#3591);
#3591 = SURFACE_SIDE_STYLE('',(#3592));
#3592 = SURFACE_STYLE_FILL_AREA(#3593);
#3593 = FILL_AREA_STYLE('',(#3594));
#3594 = FILL_AREA_STYLE_COLOUR('',#3404);
#3595 = CURVE_STYLE('',#3596,POSITIVE_LENGTH_MEASURE(0.1),#3407);
#3596 = DRAUGHTING_PRE_DEFINED_CURVE_FONT('continuous');
#3597 = OVER_RIDING_STYLED_ITEM('overriding color',(#3598),#244,#3397);
#3598 = PRESENTATION_STYLE_BY_CONTEXT((#3599,#3604),#3331);
#3599 = SURFACE_STYLE_USAGE(.BOTH.,#3600);
#3600 = SURFACE_SIDE_STYLE('',(#3601));
#3601 = SURFACE_STYLE_FILL_AREA(#3602);
#3602 = FILL_AREA_STYLE('',(#3603));
#3603 = FILL_AREA_STYLE_COLOUR('',#3404);
#3604 = CURVE_STYLE('',#3605,POSITIVE_LENGTH_MEASURE(0.1),#3407);
#3605 = DRAUGHTING_PRE_DEFINED_CURVE_FONT('continuous');
#3606 = OVER_RIDING_STYLED_ITEM('overriding color',(#3607),#244,#3397);
#3607 = PRESENTATION_STYLE_BY_CONTEXT((#3608,#3613),#3341);
#3608 = SURFACE_STYLE_USAGE(.BOTH.,#3609);
#3609 = SURFACE_SIDE_STYLE('',(#3610));
#3610 = SURFACE_STYLE_FILL_AREA(#3611);
#3611 = FILL_AREA_STYLE('',(#3612));
#3612 = FILL_AREA_STYLE_COLOUR('',#3404);
#3613 = CURVE_STYLE('',#3614,POSITIVE_LENGTH_MEASURE(0.1),#3407);
#3614 = DRAUGHTING_PRE_DEFINED_CURVE_FONT('continuous');
#3615 = OVER_RIDING_STYLED_ITEM('overriding color',(#3616),#244,#3397);
#3616 = PRESENTATION_STYLE_BY_CONTEXT((#3617,#3623),#3351);
#3617 = SURFACE_STYLE_USAGE(.BOTH.,#3618);
#3618 = SURFACE_SIDE_STYLE('',(#3619));
#3619 = SURFACE_STYLE_FILL_AREA(#3620);
#3620 = FILL_AREA_STYLE('',(#3621));
#3621 = FILL_AREA_STYLE_COLOUR('',#3622);
#3622 = COLOUR_RGB('',0.199999998682,0.199999998682,0.199999998682);
#3623 = CURVE_STYLE('',#3624,POSITIVE_LENGTH_MEASURE(0.1),#3625);
#3624 = DRAUGHTING_PRE_DEFINED_CURVE_FONT('continuous');
#3625 = COLOUR_RGB('',9.803921802644E-02,9.803921802644E-02,
  9.803921802644E-02);
#3626 = OVER_RIDING_STYLED_ITEM('overriding color',(#3627),#244,#3397);
#3627 = PRESENTATION_STYLE_BY_CONTEXT((#3628,#3633),#3353);
#3628 = SURFACE_STYLE_USAGE(.BOTH.,#3629);
#3629 = SURFACE_SIDE_STYLE('',(#3630));
#3630 = SURFACE_STYLE_FILL_AREA(#3631);
#3631 = FILL_AREA_STYLE('',(#3632));
#3632 = FILL_AREA_STYLE_COLOUR('',#3622);
#3633 = CURVE_STYLE('',#3634,POSITIVE_LENGTH_MEASURE(0.1),#3625);
#3634 = DRAUGHTING_PRE_DEFINED_CURVE_FONT('continuous');
#3635 = OVER_RIDING_STYLED_ITEM('overriding color',(#3636),#244,#3397);
#3636 = PRESENTATION_STYLE_BY_CONTEXT((#3637,#3642),#3355);
#3637 = SURFACE_STYLE_USAGE(.BOTH.,#3638);
#3638 = SURFACE_SIDE_STYLE('',(#3639));
#3639 = SURFACE_STYLE_FILL_AREA(#3640);
#3640 = FILL_AREA_STYLE('',(#3641));
#3641 = FILL_AREA_STYLE_COLOUR('',#3622);
#3642 = CURVE_STYLE('',#3643,POSITIVE_LENGTH_MEASURE(0.1),#3625);
#3643 = DRAUGHTING_PRE_DEFINED_CURVE_FONT('continuous');
#3644 = OVER_RIDING_STYLED_ITEM('overriding color',(#3645),#244,#3397);
#3645 = PRESENTATION_STYLE_BY_CONTEXT((#3646,#3651),#3357);
#3646 = SURFACE_STYLE_USAGE(.BOTH.,#3647);
#3647 = SURFACE_SIDE_STYLE('',(#3648));
#3648 = SURFACE_STYLE_FILL_AREA(#3649);
#3649 = FILL_AREA_STYLE('',(#3650));
#3650 = FILL_AREA_STYLE_COLOUR('',#3622);
#3651 = CURVE_STYLE('',#3652,POSITIVE_LENGTH_MEASURE(0.1),#3625);
#3652 = DRAUGHTING_PRE_DEFINED_CURVE_FONT('continuous');
#3653 = OVER_RIDING_STYLED_ITEM('overriding color',(#3654),#244,#3397);
#3654 = PRESENTATION_STYLE_BY_CONTEXT((#3655,#3660),#3359);
#3655 = SURFACE_STYLE_USAGE(.BOTH.,#3656);
#3656 = SURFACE_SIDE_STYLE('',(#3657));
#3657 = SURFACE_STYLE_FILL_AREA(#3658);
#3658 = FILL_AREA_STYLE('',(#3659));
#3659 = FILL_AREA_STYLE_COLOUR('',#3622);
#3660 = CURVE_STYLE('',#3661,POSITIVE_LENGTH_MEASURE(0.1),#3625);
#3661 = DRAUGHTING_PRE_DEFINED_CURVE_FONT('continuous');
#3662 = OVER_RIDING_STYLED_ITEM('overriding color',(#3663),#244,#3397);
#3663 = PRESENTATION_STYLE_BY_CONTEXT((#3664,#3669),#3361);
#3664 = SURFACE_STYLE_USAGE(.BOTH.,#3665);
#3665 = SURFACE_SIDE_STYLE('',(#3666));
#3666 = SURFACE_STYLE_FILL_AREA(#3667);
#3667 = FILL_AREA_STYLE('',(#3668));
#3668 = FILL_AREA_STYLE_COLOUR('',#3622);
#3669 = CURVE_STYLE('',#3670,POSITIVE_LENGTH_MEASURE(0.1),#3625);
#3670 = DRAUGHTING_PRE_DEFINED_CURVE_FONT('continuous');
#3671 = OVER_RIDING_STYLED_ITEM('overriding color',(#3672),#244,#3397);
#3672 = PRESENTATION_STYLE_BY_CONTEXT((#3673,#3678),#3363);
#3673 = SURFACE_STYLE_USAGE(.BOTH.,#3674);
#3674 = SURFACE_SIDE_STYLE('',(#3675));
#3675 = SURFACE_STYLE_FILL_AREA(#3676);
#3676 = FILL_AREA_STYLE('',(#3677));
#3677 = FILL_AREA_STYLE_COLOUR('',#3622);
#3678 = CURVE_STYLE('',#3679,POSITIVE_LENGTH_MEASURE(0.1),#3625);
#3679 = DRAUGHTING_PRE_DEFINED_CURVE_FONT('continuous');
#3680 = OVER_RIDING_STYLED_ITEM('overriding color',(#3681),#244,#3397);
#3681 = PRESENTATION_STYLE_BY_CONTEXT((#3682,#3687),#3365);
#3682 = SURFACE_STYLE_USAGE(.BOTH.,#3683);
#3683 = SURFACE_SIDE_STYLE('',(#3684));
#3684 = SURFACE_STYLE_FILL_AREA(#3685);
#3685 = FILL_AREA_STYLE('',(#3686));
#3686 = FILL_AREA_STYLE_COLOUR('',#3622);
#3687 = CURVE_STYLE('',#3688,POSITIVE_LENGTH_MEASURE(0.1),#3625);
#3688 = DRAUGHTING_PRE_DEFINED_CURVE_FONT('continuous');
#3689 = OVER_RIDING_STYLED_ITEM('overriding color',(#3690),#244,#3397);
#3690 = PRESENTATION_STYLE_BY_CONTEXT((#3691,#3696),#3367);
#3691 = SURFACE_STYLE_USAGE(.BOTH.,#3692);
#3692 = SURFACE_SIDE_STYLE('',(#3693));
#3693 = SURFACE_STYLE_FILL_AREA(#3694);
#3694 = FILL_AREA_STYLE('',(#3695));
#3695 = FILL_AREA_STYLE_COLOUR('',#3622);
#3696 = CURVE_STYLE('',#3697,POSITIVE_LENGTH_MEASURE(0.1),#3625);
#3697 = DRAUGHTING_PRE_DEFINED_CURVE_FONT('continuous');
#3698 = OVER_RIDING_STYLED_ITEM('overriding color',(#3699),#244,#3397);
#3699 = PRESENTATION_STYLE_BY_CONTEXT((#3700,#3705),#3369);
#3700 = SURFACE_STYLE_USAGE(.BOTH.,#3701);
#3701 = SURFACE_SIDE_STYLE('',(#3702));
#3702 = SURFACE_STYLE_FILL_AREA(#3703);
#3703 = FILL_AREA_STYLE('',(#3704));
#3704 = FILL_AREA_STYLE_COLOUR('',#3622);
#3705 = CURVE_STYLE('',#3706,POSITIVE_LENGTH_MEASURE(0.1),#3625);
#3706 = DRAUGHTING_PRE_DEFINED_CURVE_FONT('continuous');
#3707 = OVER_RIDING_STYLED_ITEM('overriding color',(#3708),#244,#3397);
#3708 = PRESENTATION_STYLE_BY_CONTEXT((#3709,#3714),#3371);
#3709 = SURFACE_STYLE_USAGE(.BOTH.,#3710);
#3710 = SURFACE_SIDE_STYLE('',(#3711));
#3711 = SURFACE_STYLE_FILL_AREA(#3712);
#3712 = FILL_AREA_STYLE('',(#3713));
#3713 = FILL_AREA_STYLE_COLOUR('',#3622);
#3714 = CURVE_STYLE('',#3715,POSITIVE_LENGTH_MEASURE(0.1),#3625);
#3715 = DRAUGHTING_PRE_DEFINED_CURVE_FONT('continuous');
#3716 = OVER_RIDING_STYLED_ITEM('overriding color',(#3717),#244,#3397);
#3717 = PRESENTATION_STYLE_BY_CONTEXT((#3718,#3723),#3373);
#3718 = SURFACE_STYLE_USAGE(.BOTH.,#3719);
#3719 = SURFACE_SIDE_STYLE('',(#3720));
#3720 = SURFACE_STYLE_FILL_AREA(#3721);
#3721 = FILL_AREA_STYLE('',(#3722));
#3722 = FILL_AREA_STYLE_COLOUR('',#3622);
#3723 = CURVE_STYLE('',#3724,POSITIVE_LENGTH_MEASURE(0.1),#3625);
#3724 = DRAUGHTING_PRE_DEFINED_CURVE_FONT('continuous');
#3725 = OVER_RIDING_STYLED_ITEM('overriding color',(#3726),#244,#3397);
#3726 = PRESENTATION_STYLE_BY_CONTEXT((#3727,#3732),#3375);
#3727 = SURFACE_STYLE_USAGE(.BOTH.,#3728);
#3728 = SURFACE_SIDE_STYLE('',(#3729));
#3729 = SURFACE_STYLE_FILL_AREA(#3730);
#3730 = FILL_AREA_STYLE('',(#3731));
#3731 = FILL_AREA_STYLE_COLOUR('',#3622);
#3732 = CURVE_STYLE('',#3733,POSITIVE_LENGTH_MEASURE(0.1),#3625);
#3733 = DRAUGHTING_PRE_DEFINED_CURVE_FONT('continuous');
#3734 = OVER_RIDING_STYLED_ITEM('overriding color',(#3735),#244,#3397);
#3735 = PRESENTATION_STYLE_BY_CONTEXT((#3736,#3741),#3377);
#3736 = SURFACE_STYLE_USAGE(.BOTH.,#3737);
#3737 = SURFACE_SIDE_STYLE('',(#3738));
#3738 = SURFACE_STYLE_FILL_AREA(#3739);
#3739 = FILL_AREA_STYLE('',(#3740));
#3740 = FILL_AREA_STYLE_COLOUR('',#3622);
#3741 = CURVE_STYLE('',#3742,POSITIVE_LENGTH_MEASURE(0.1),#3625);
#3742 = DRAUGHTING_PRE_DEFINED_CURVE_FONT('continuous');
#3743 = OVER_RIDING_STYLED_ITEM('overriding color',(#3744),#244,#3397);
#3744 = PRESENTATION_STYLE_BY_CONTEXT((#3745,#3750),#3379);
#3745 = SURFACE_STYLE_USAGE(.BOTH.,#3746);
#3746 = SURFACE_SIDE_STYLE('',(#3747));
#3747 = SURFACE_STYLE_FILL_AREA(#3748);
#3748 = FILL_AREA_STYLE('',(#3749));
#3749 = FILL_AREA_STYLE_COLOUR('',#3622);
#3750 = CURVE_STYLE('',#3751,POSITIVE_LENGTH_MEASURE(0.1),#3625);
#3751 = DRAUGHTING_PRE_DEFINED_CURVE_FONT('continuous');
#3752 = OVER_RIDING_STYLED_ITEM('overriding color',(#3753),#244,#3397);
#3753 = PRESENTATION_STYLE_BY_CONTEXT((#3754,#3759),#3381);
#3754 = SURFACE_STYLE_USAGE(.BOTH.,#3755);
#3755 = SURFACE_SIDE_STYLE('',(#3756));
#3756 = SURFACE_STYLE_FILL_AREA(#3757);
#3757 = FILL_AREA_STYLE('',(#3758));
#3758 = FILL_AREA_STYLE_COLOUR('',#3622);
#3759 = CURVE_STYLE('',#3760,POSITIVE_LENGTH_MEASURE(0.1),#3625);
#3760 = DRAUGHTING_PRE_DEFINED_CURVE_FONT('continuous');
#3761 = OVER_RIDING_STYLED_ITEM('overriding color',(#3762),#244,#3397);
#3762 = PRESENTATION_STYLE_BY_CONTEXT((#3763,#3768),#3383);
#3763 = SURFACE_STYLE_USAGE(.BOTH.,#3764);
#3764 = SURFACE_SIDE_STYLE('',(#3765));
#3765 = SURFACE_STYLE_FILL_AREA(#3766);
#3766 = FILL_AREA_STYLE('',(#3767));
#3767 = FILL_AREA_STYLE_COLOUR('',#3622);
#3768 = CURVE_STYLE('',#3769,POSITIVE_LENGTH_MEASURE(0.1),#3625);
#3769 = DRAUGHTING_PRE_DEFINED_CURVE_FONT('continuous');
#3770 = OVER_RIDING_STYLED_ITEM('overriding color',(#3771),#244,#3397);
#3771 = PRESENTATION_STYLE_BY_CONTEXT((#3772,#3777),#3385);
#3772 = SURFACE_STYLE_USAGE(.BOTH.,#3773);
#3773 = SURFACE_SIDE_STYLE('',(#3774));
#3774 = SURFACE_STYLE_FILL_AREA(#3775);
#3775 = FILL_AREA_STYLE('',(#3776));
#3776 = FILL_AREA_STYLE_COLOUR('',#3622);
#3777 = CURVE_STYLE('',#3778,POSITIVE_LENGTH_MEASURE(0.1),#3625);
#3778 = DRAUGHTING_PRE_DEFINED_CURVE_FONT('continuous');
#3779 = OVER_RIDING_STYLED_ITEM('overriding color',(#3780),#244,#3397);
#3780 = PRESENTATION_STYLE_BY_CONTEXT((#3781,#3786),#3387);
#3781 = SURFACE_STYLE_USAGE(.BOTH.,#3782);
#3782 = SURFACE_SIDE_STYLE('',(#3783));
#3783 = SURFACE_STYLE_FILL_AREA(#3784);
#3784 = FILL_AREA_STYLE('',(#3785));
#3785 = FILL_AREA_STYLE_COLOUR('',#3622);
#3786 = CURVE_STYLE('',#3787,POSITIVE_LENGTH_MEASURE(0.1),#3625);
#3787 = DRAUGHTING_PRE_DEFINED_CURVE_FONT('continuous');
#3788 = OVER_RIDING_STYLED_ITEM('overriding color',(#3789),#244,#3397);
#3789 = PRESENTATION_STYLE_BY_CONTEXT((#3790,#3795),#3389);
#3790 = SURFACE_STYLE_USAGE(.BOTH.,#3791);
#3791 = SURFACE_SIDE_STYLE('',(#3792));
#3792 = SURFACE_STYLE_FILL_AREA(#3793);
#3793 = FILL_AREA_STYLE('',(#3794));
#3794 = FILL_AREA_STYLE_COLOUR('',#3622);
#3795 = CURVE_STYLE('',#3796,POSITIVE_LENGTH_MEASURE(0.1),#3625);
#3796 = DRAUGHTING_PRE_DEFINED_CURVE_FONT('continuous');
#3797 = OVER_RIDING_STYLED_ITEM('overriding color',(#3798),#244,#3397);
#3798 = PRESENTATION_STYLE_BY_CONTEXT((#3799,#3804),#3391);
#3799 = SURFACE_STYLE_USAGE(.BOTH.,#3800);
#3800 = SURFACE_SIDE_STYLE('',(#3801));
#3801 = SURFACE_STYLE_FILL_AREA(#3802);
#3802 = FILL_AREA_STYLE('',(#3803));
#3803 = FILL_AREA_STYLE_COLOUR('',#3622);
#3804 = CURVE_STYLE('',#3805,POSITIVE_LENGTH_MEASURE(0.1),#3625);
#3805 = DRAUGHTING_PRE_DEFINED_CURVE_FONT('continuous');
#3806 = OVER_RIDING_STYLED_ITEM('overriding color',(#3807),#244,#3397);
#3807 = PRESENTATION_STYLE_BY_CONTEXT((#3808,#3813),#3393);
#3808 = SURFACE_STYLE_USAGE(.BOTH.,#3809);
#3809 = SURFACE_SIDE_STYLE('',(#3810));
#3810 = SURFACE_STYLE_FILL_AREA(#3811);
#3811 = FILL_AREA_STYLE('',(#3812));
#3812 = FILL_AREA_STYLE_COLOUR('',#3622);
#3813 = CURVE_STYLE('',#3814,POSITIVE_LENGTH_MEASURE(0.1),#3625);
#3814 = DRAUGHTING_PRE_DEFINED_CURVE_FONT('continuous');
#3815 = OVER_RIDING_STYLED_ITEM('overriding color',(#3816),#244,#3397);
#3816 = PRESENTATION_STYLE_BY_CONTEXT((#3817,#3822),#3395);
#3817 = SURFACE_STYLE_USAGE(.BOTH.,#3818);
#3818 = SURFACE_SIDE_STYLE('',(#3819));
#3819 = SURFACE_STYLE_FILL_AREA(#3820);
#3820 = FILL_AREA_STYLE('',(#3821));
#3821 = FILL_AREA_STYLE_COLOUR('',#3622);
#3822 = CURVE_STYLE('',#3823,POSITIVE_LENGTH_MEASURE(0.1),#3625);
#3823 = DRAUGHTING_PRE_DEFINED_CURVE_FONT('continuous');
#3824 = MECHANICAL_DESIGN_GEOMETRIC_PRESENTATION_REPRESENTATION('',(
    #3825,#3835,#3844,#3855,#3864,#3875,#3884,#3895,#3904,#3915,#3924,
    #3935,#3944,#3955,#3964,#3975,#3984,#3995,#4004,#4015,#4024,#4035,
    #4044,#4055,#4064,#4075,#4084,#4095,#4104,#4115,#4124,#4135,#4144,
    #4155,#4164,#4175,#4184,#4195,#4204,#4215,#4224,#4235,#4244,#4255,
    #4264,#4275,#4284),#2143);
#3825 = STYLED_ITEM('color',(#3826),#1729);
#3826 = PRESENTATION_STYLE_ASSIGNMENT((#3827,#3833));
#3827 = SURFACE_STYLE_USAGE(.BOTH.,#3828);
#3828 = SURFACE_SIDE_STYLE('',(#3829));
#3829 = SURFACE_STYLE_FILL_AREA(#3830);
#3830 = FILL_AREA_STYLE('',(#3831));
#3831 = FILL_AREA_STYLE_COLOUR('',#3832);
#3832 = COLOUR_RGB('',0.988235296747,0.827450977613,0.345098051753);
#3833 = CURVE_STYLE('',#3834,POSITIVE_LENGTH_MEASURE(0.1),#3407);
#3834 = DRAUGHTING_PRE_DEFINED_CURVE_FONT('continuous');
#3835 = OVER_RIDING_STYLED_ITEM('overriding color',(#3836),#1729,#3825);
#3836 = PRESENTATION_STYLE_BY_CONTEXT((#3837,#3842),#3125);
#3837 = SURFACE_STYLE_USAGE(.BOTH.,#3838);
#3838 = SURFACE_SIDE_STYLE('',(#3839));
#3839 = SURFACE_STYLE_FILL_AREA(#3840);
#3840 = FILL_AREA_STYLE('',(#3841));
#3841 = FILL_AREA_STYLE_COLOUR('',#3832);
#3842 = CURVE_STYLE('',#3843,POSITIVE_LENGTH_MEASURE(0.1),#3407);
#3843 = DRAUGHTING_PRE_DEFINED_CURVE_FONT('continuous');
#3844 = OVER_RIDING_STYLED_ITEM('overriding color',(#3845),#1729,#3825);
#3845 = PRESENTATION_STYLE_BY_CONTEXT((#3846,#3852),#3129);
#3846 = SURFACE_STYLE_USAGE(.BOTH.,#3847);
#3847 = SURFACE_SIDE_STYLE('',(#3848));
#3848 = SURFACE_STYLE_FILL_AREA(#3849);
#3849 = FILL_AREA_STYLE('',(#3850));
#3850 = FILL_AREA_STYLE_COLOUR('',#3851);
#3851 = COLOUR_RGB('',0.988235296747,0.827450977613,0.345098051753);
#3852 = CURVE_STYLE('',#3853,POSITIVE_LENGTH_MEASURE(0.1),#3854);
#3853 = DRAUGHTING_PRE_DEFINED_CURVE_FONT('continuous');
#3854 = COLOUR_RGB('',9.803921802644E-02,9.803921802644E-02,
  9.803921802644E-02);
#3855 = OVER_RIDING_STYLED_ITEM('overriding color',(#3856),#1729,#3825);
#3856 = PRESENTATION_STYLE_BY_CONTEXT((#3857,#3862),#3135);
#3857 = SURFACE_STYLE_USAGE(.BOTH.,#3858);
#3858 = SURFACE_SIDE_STYLE('',(#3859));
#3859 = SURFACE_STYLE_FILL_AREA(#3860);
#3860 = FILL_AREA_STYLE('',(#3861));
#3861 = FILL_AREA_STYLE_COLOUR('',#3832);
#3862 = CURVE_STYLE('',#3863,POSITIVE_LENGTH_MEASURE(0.1),#3407);
#3863 = DRAUGHTING_PRE_DEFINED_CURVE_FONT('continuous');
#3864 = OVER_RIDING_STYLED_ITEM('overriding color',(#3865),#1729,#3825);
#3865 = PRESENTATION_STYLE_BY_CONTEXT((#3866,#3872),#3139);
#3866 = SURFACE_STYLE_USAGE(.BOTH.,#3867);
#3867 = SURFACE_SIDE_STYLE('',(#3868));
#3868 = SURFACE_STYLE_FILL_AREA(#3869);
#3869 = FILL_AREA_STYLE('',(#3870));
#3870 = FILL_AREA_STYLE_COLOUR('',#3871);
#3871 = COLOUR_RGB('',0.988235296747,0.827450977613,0.345098051753);
#3872 = CURVE_STYLE('',#3873,POSITIVE_LENGTH_MEASURE(0.1),#3874);
#3873 = DRAUGHTING_PRE_DEFINED_CURVE_FONT('continuous');
#3874 = COLOUR_RGB('',9.803921802644E-02,9.803921802644E-02,
  9.803921802644E-02);
#3875 = OVER_RIDING_STYLED_ITEM('overriding color',(#3876),#1729,#3825);
#3876 = PRESENTATION_STYLE_BY_CONTEXT((#3877,#3882),#3145);
#3877 = SURFACE_STYLE_USAGE(.BOTH.,#3878);
#3878 = SURFACE_SIDE_STYLE('',(#3879));
#3879 = SURFACE_STYLE_FILL_AREA(#3880);
#3880 = FILL_AREA_STYLE('',(#3881));
#3881 = FILL_AREA_STYLE_COLOUR('',#3832);
#3882 = CURVE_STYLE('',#3883,POSITIVE_LENGTH_MEASURE(0.1),#3407);
#3883 = DRAUGHTING_PRE_DEFINED_CURVE_FONT('continuous');
#3884 = OVER_RIDING_STYLED_ITEM('overriding color',(#3885),#1729,#3825);
#3885 = PRESENTATION_STYLE_BY_CONTEXT((#3886,#3892),#3149);
#3886 = SURFACE_STYLE_USAGE(.BOTH.,#3887);
#3887 = SURFACE_SIDE_STYLE('',(#3888));
#3888 = SURFACE_STYLE_FILL_AREA(#3889);
#3889 = FILL_AREA_STYLE('',(#3890));
#3890 = FILL_AREA_STYLE_COLOUR('',#3891);
#3891 = COLOUR_RGB('',0.988235296747,0.827450977613,0.345098051753);
#3892 = CURVE_STYLE('',#3893,POSITIVE_LENGTH_MEASURE(0.1),#3894);
#3893 = DRAUGHTING_PRE_DEFINED_CURVE_FONT('continuous');
#3894 = COLOUR_RGB('',9.803921802644E-02,9.803921802644E-02,
  9.803921802644E-02);
#3895 = OVER_RIDING_STYLED_ITEM('overriding color',(#3896),#1729,#3825);
#3896 = PRESENTATION_STYLE_BY_CONTEXT((#3897,#3902),#3155);
#3897 = SURFACE_STYLE_USAGE(.BOTH.,#3898);
#3898 = SURFACE_SIDE_STYLE('',(#3899));
#3899 = SURFACE_STYLE_FILL_AREA(#3900);
#3900 = FILL_AREA_STYLE('',(#3901));
#3901 = FILL_AREA_STYLE_COLOUR('',#3832);
#3902 = CURVE_STYLE('',#3903,POSITIVE_LENGTH_MEASURE(0.1),#3407);
#3903 = DRAUGHTING_PRE_DEFINED_CURVE_FONT('continuous');
#3904 = OVER_RIDING_STYLED_ITEM('overriding color',(#3905),#1729,#3825);
#3905 = PRESENTATION_STYLE_BY_CONTEXT((#3906,#3912),#3159);
#3906 = SURFACE_STYLE_USAGE(.BOTH.,#3907);
#3907 = SURFACE_SIDE_STYLE('',(#3908));
#3908 = SURFACE_STYLE_FILL_AREA(#3909);
#3909 = FILL_AREA_STYLE('',(#3910));
#3910 = FILL_AREA_STYLE_COLOUR('',#3911);
#3911 = COLOUR_RGB('',0.988235296747,0.827450977613,0.345098051753);
#3912 = CURVE_STYLE('',#3913,POSITIVE_LENGTH_MEASURE(0.1),#3914);
#3913 = DRAUGHTING_PRE_DEFINED_CURVE_FONT('continuous');
#3914 = COLOUR_RGB('',9.803921802644E-02,9.803921802644E-02,
  9.803921802644E-02);
#3915 = OVER_RIDING_STYLED_ITEM('overriding color',(#3916),#1729,#3825);
#3916 = PRESENTATION_STYLE_BY_CONTEXT((#3917,#3922),#3165);
#3917 = SURFACE_STYLE_USAGE(.BOTH.,#3918);
#3918 = SURFACE_SIDE_STYLE('',(#3919));
#3919 = SURFACE_STYLE_FILL_AREA(#3920);
#3920 = FILL_AREA_STYLE('',(#3921));
#3921 = FILL_AREA_STYLE_COLOUR('',#3832);
#3922 = CURVE_STYLE('',#3923,POSITIVE_LENGTH_MEASURE(0.1),#3407);
#3923 = DRAUGHTING_PRE_DEFINED_CURVE_FONT('continuous');
#3924 = OVER_RIDING_STYLED_ITEM('overriding color',(#3925),#1729,#3825);
#3925 = PRESENTATION_STYLE_BY_CONTEXT((#3926,#3932),#3169);
#3926 = SURFACE_STYLE_USAGE(.BOTH.,#3927);
#3927 = SURFACE_SIDE_STYLE('',(#3928));
#3928 = SURFACE_STYLE_FILL_AREA(#3929);
#3929 = FILL_AREA_STYLE('',(#3930));
#3930 = FILL_AREA_STYLE_COLOUR('',#3931);
#3931 = COLOUR_RGB('',0.988235296747,0.827450977613,0.345098051753);
#3932 = CURVE_STYLE('',#3933,POSITIVE_LENGTH_MEASURE(0.1),#3934);
#3933 = DRAUGHTING_PRE_DEFINED_CURVE_FONT('continuous');
#3934 = COLOUR_RGB('',9.803921802644E-02,9.803921802644E-02,
  9.803921802644E-02);
#3935 = OVER_RIDING_STYLED_ITEM('overriding color',(#3936),#1729,#3825);
#3936 = PRESENTATION_STYLE_BY_CONTEXT((#3937,#3942),#3175);
#3937 = SURFACE_STYLE_USAGE(.BOTH.,#3938);
#3938 = SURFACE_SIDE_STYLE('',(#3939));
#3939 = SURFACE_STYLE_FILL_AREA(#3940);
#3940 = FILL_AREA_STYLE('',(#3941));
#3941 = FILL_AREA_STYLE_COLOUR('',#3832);
#3942 = CURVE_STYLE('',#3943,POSITIVE_LENGTH_MEASURE(0.1),#3407);
#3943 = DRAUGHTING_PRE_DEFINED_CURVE_FONT('continuous');
#3944 = OVER_RIDING_STYLED_ITEM('overriding color',(#3945),#1729,#3825);
#3945 = PRESENTATION_STYLE_BY_CONTEXT((#3946,#3952),#3179);
#3946 = SURFACE_STYLE_USAGE(.BOTH.,#3947);
#3947 = SURFACE_SIDE_STYLE('',(#3948));
#3948 = SURFACE_STYLE_FILL_AREA(#3949);
#3949 = FILL_AREA_STYLE('',(#3950));
#3950 = FILL_AREA_STYLE_COLOUR('',#3951);
#3951 = COLOUR_RGB('',0.988235296747,0.827450977613,0.345098051753);
#3952 = CURVE_STYLE('',#3953,POSITIVE_LENGTH_MEASURE(0.1),#3954);
#3953 = DRAUGHTING_PRE_DEFINED_CURVE_FONT('continuous');
#3954 = COLOUR_RGB('',9.803921802644E-02,9.803921802644E-02,
  9.803921802644E-02);
#3955 = OVER_RIDING_STYLED_ITEM('overriding color',(#3956),#1729,#3825);
#3956 = PRESENTATION_STYLE_BY_CONTEXT((#3957,#3962),#3185);
#3957 = SURFACE_STYLE_USAGE(.BOTH.,#3958);
#3958 = SURFACE_SIDE_STYLE('',(#3959));
#3959 = SURFACE_STYLE_FILL_AREA(#3960);
#3960 = FILL_AREA_STYLE('',(#3961));
#3961 = FILL_AREA_STYLE_COLOUR('',#3832);
#3962 = CURVE_STYLE('',#3963,POSITIVE_LENGTH_MEASURE(0.1),#3407);
#3963 = DRAUGHTING_PRE_DEFINED_CURVE_FONT('continuous');
#3964 = OVER_RIDING_STYLED_ITEM('overriding color',(#3965),#1729,#3825);
#3965 = PRESENTATION_STYLE_BY_CONTEXT((#3966,#3972),#3189);
#3966 = SURFACE_STYLE_USAGE(.BOTH.,#3967);
#3967 = SURFACE_SIDE_STYLE('',(#3968));
#3968 = SURFACE_STYLE_FILL_AREA(#3969);
#3969 = FILL_AREA_STYLE('',(#3970));
#3970 = FILL_AREA_STYLE_COLOUR('',#3971);
#3971 = COLOUR_RGB('',0.988235296747,0.827450977613,0.345098051753);
#3972 = CURVE_STYLE('',#3973,POSITIVE_LENGTH_MEASURE(0.1),#3974);
#3973 = DRAUGHTING_PRE_DEFINED_CURVE_FONT('continuous');
#3974 = COLOUR_RGB('',9.803921802644E-02,9.803921802644E-02,
  9.803921802644E-02);
#3975 = OVER_RIDING_STYLED_ITEM('overriding color',(#3976),#1729,#3825);
#3976 = PRESENTATION_STYLE_BY_CONTEXT((#3977,#3982),#3195);
#3977 = SURFACE_STYLE_USAGE(.BOTH.,#3978);
#3978 = SURFACE_SIDE_STYLE('',(#3979));
#3979 = SURFACE_STYLE_FILL_AREA(#3980);
#3980 = FILL_AREA_STYLE('',(#3981));
#3981 = FILL_AREA_STYLE_COLOUR('',#3832);
#3982 = CURVE_STYLE('',#3983,POSITIVE_LENGTH_MEASURE(0.1),#3407);
#3983 = DRAUGHTING_PRE_DEFINED_CURVE_FONT('continuous');
#3984 = OVER_RIDING_STYLED_ITEM('overriding color',(#3985),#1729,#3825);
#3985 = PRESENTATION_STYLE_BY_CONTEXT((#3986,#3992),#3199);
#3986 = SURFACE_STYLE_USAGE(.BOTH.,#3987);
#3987 = SURFACE_SIDE_STYLE('',(#3988));
#3988 = SURFACE_STYLE_FILL_AREA(#3989);
#3989 = FILL_AREA_STYLE('',(#3990));
#3990 = FILL_AREA_STYLE_COLOUR('',#3991);
#3991 = COLOUR_RGB('',0.988235296747,0.827450977613,0.345098051753);
#3992 = CURVE_STYLE('',#3993,POSITIVE_LENGTH_MEASURE(0.1),#3994);
#3993 = DRAUGHTING_PRE_DEFINED_CURVE_FONT('continuous');
#3994 = COLOUR_RGB('',9.803921802644E-02,9.803921802644E-02,
  9.803921802644E-02);
#3995 = OVER_RIDING_STYLED_ITEM('overriding color',(#3996),#1729,#3825);
#3996 = PRESENTATION_STYLE_BY_CONTEXT((#3997,#4002),#3205);
#3997 = SURFACE_STYLE_USAGE(.BOTH.,#3998);
#3998 = SURFACE_SIDE_STYLE('',(#3999));
#3999 = SURFACE_STYLE_FILL_AREA(#4000);
#4000 = FILL_AREA_STYLE('',(#4001));
#4001 = FILL_AREA_STYLE_COLOUR('',#3832);
#4002 = CURVE_STYLE('',#4003,POSITIVE_LENGTH_MEASURE(0.1),#3407);
#4003 = DRAUGHTING_PRE_DEFINED_CURVE_FONT('continuous');
#4004 = OVER_RIDING_STYLED_ITEM('overriding color',(#4005),#1729,#3825);
#4005 = PRESENTATION_STYLE_BY_CONTEXT((#4006,#4012),#3209);
#4006 = SURFACE_STYLE_USAGE(.BOTH.,#4007);
#4007 = SURFACE_SIDE_STYLE('',(#4008));
#4008 = SURFACE_STYLE_FILL_AREA(#4009);
#4009 = FILL_AREA_STYLE('',(#4010));
#4010 = FILL_AREA_STYLE_COLOUR('',#4011);
#4011 = COLOUR_RGB('',0.988235296747,0.827450977613,0.345098051753);
#4012 = CURVE_STYLE('',#4013,POSITIVE_LENGTH_MEASURE(0.1),#4014);
#4013 = DRAUGHTING_PRE_DEFINED_CURVE_FONT('continuous');
#4014 = COLOUR_RGB('',9.803921802644E-02,9.803921802644E-02,
  9.803921802644E-02);
#4015 = OVER_RIDING_STYLED_ITEM('overriding color',(#4016),#1729,#3825);
#4016 = PRESENTATION_STYLE_BY_CONTEXT((#4017,#4022),#3215);
#4017 = SURFACE_STYLE_USAGE(.BOTH.,#4018);
#4018 = SURFACE_SIDE_STYLE('',(#4019));
#4019 = SURFACE_STYLE_FILL_AREA(#4020);
#4020 = FILL_AREA_STYLE('',(#4021));
#4021 = FILL_AREA_STYLE_COLOUR('',#3832);
#4022 = CURVE_STYLE('',#4023,POSITIVE_LENGTH_MEASURE(0.1),#3407);
#4023 = DRAUGHTING_PRE_DEFINED_CURVE_FONT('continuous');
#4024 = OVER_RIDING_STYLED_ITEM('overriding color',(#4025),#1729,#3825);
#4025 = PRESENTATION_STYLE_BY_CONTEXT((#4026,#4032),#3219);
#4026 = SURFACE_STYLE_USAGE(.BOTH.,#4027);
#4027 = SURFACE_SIDE_STYLE('',(#4028));
#4028 = SURFACE_STYLE_FILL_AREA(#4029);
#4029 = FILL_AREA_STYLE('',(#4030));
#4030 = FILL_AREA_STYLE_COLOUR('',#4031);
#4031 = COLOUR_RGB('',0.988235296747,0.827450977613,0.345098051753);
#4032 = CURVE_STYLE('',#4033,POSITIVE_LENGTH_MEASURE(0.1),#4034);
#4033 = DRAUGHTING_PRE_DEFINED_CURVE_FONT('continuous');
#4034 = COLOUR_RGB('',9.803921802644E-02,9.803921802644E-02,
  9.803921802644E-02);
#4035 = OVER_RIDING_STYLED_ITEM('overriding color',(#4036),#1729,#3825);
#4036 = PRESENTATION_STYLE_BY_CONTEXT((#4037,#4042),#3225);
#4037 = SURFACE_STYLE_USAGE(.BOTH.,#4038);
#4038 = SURFACE_SIDE_STYLE('',(#4039));
#4039 = SURFACE_STYLE_FILL_AREA(#4040);
#4040 = FILL_AREA_STYLE('',(#4041));
#4041 = FILL_AREA_STYLE_COLOUR('',#3832);
#4042 = CURVE_STYLE('',#4043,POSITIVE_LENGTH_MEASURE(0.1),#3407);
#4043 = DRAUGHTING_PRE_DEFINED_CURVE_FONT('continuous');
#4044 = OVER_RIDING_STYLED_ITEM('overriding color',(#4045),#1729,#3825);
#4045 = PRESENTATION_STYLE_BY_CONTEXT((#4046,#4052),#3229);
#4046 = SURFACE_STYLE_USAGE(.BOTH.,#4047);
#4047 = SURFACE_SIDE_STYLE('',(#4048));
#4048 = SURFACE_STYLE_FILL_AREA(#4049);
#4049 = FILL_AREA_STYLE('',(#4050));
#4050 = FILL_AREA_STYLE_COLOUR('',#4051);
#4051 = COLOUR_RGB('',0.988235296747,0.827450977613,0.345098051753);
#4052 = CURVE_STYLE('',#4053,POSITIVE_LENGTH_MEASURE(0.1),#4054);
#4053 = DRAUGHTING_PRE_DEFINED_CURVE_FONT('continuous');
#4054 = COLOUR_RGB('',9.803921802644E-02,9.803921802644E-02,
  9.803921802644E-02);
#4055 = OVER_RIDING_STYLED_ITEM('overriding color',(#4056),#1729,#3825);
#4056 = PRESENTATION_STYLE_BY_CONTEXT((#4057,#4062),#3235);
#4057 = SURFACE_STYLE_USAGE(.BOTH.,#4058);
#4058 = SURFACE_SIDE_STYLE('',(#4059));
#4059 = SURFACE_STYLE_FILL_AREA(#4060);
#4060 = FILL_AREA_STYLE('',(#4061));
#4061 = FILL_AREA_STYLE_COLOUR('',#3832);
#4062 = CURVE_STYLE('',#4063,POSITIVE_LENGTH_MEASURE(0.1),#3407);
#4063 = DRAUGHTING_PRE_DEFINED_CURVE_FONT('continuous');
#4064 = OVER_RIDING_STYLED_ITEM('overriding color',(#4065),#1729,#3825);
#4065 = PRESENTATION_STYLE_BY_CONTEXT((#4066,#4072),#3239);
#4066 = SURFACE_STYLE_USAGE(.BOTH.,#4067);
#4067 = SURFACE_SIDE_STYLE('',(#4068));
#4068 = SURFACE_STYLE_FILL_AREA(#4069);
#4069 = FILL_AREA_STYLE('',(#4070));
#4070 = FILL_AREA_STYLE_COLOUR('',#4071);
#4071 = COLOUR_RGB('',0.988235296747,0.827450977613,0.345098051753);
#4072 = CURVE_STYLE('',#4073,POSITIVE_LENGTH_MEASURE(0.1),#4074);
#4073 = DRAUGHTING_PRE_DEFINED_CURVE_FONT('continuous');
#4074 = COLOUR_RGB('',9.803921802644E-02,9.803921802644E-02,
  9.803921802644E-02);
#4075 = OVER_RIDING_STYLED_ITEM('overriding color',(#4076),#1729,#3825);
#4076 = PRESENTATION_STYLE_BY_CONTEXT((#4077,#4082),#3245);
#4077 = SURFACE_STYLE_USAGE(.BOTH.,#4078);
#4078 = SURFACE_SIDE_STYLE('',(#4079));
#4079 = SURFACE_STYLE_FILL_AREA(#4080);
#4080 = FILL_AREA_STYLE('',(#4081));
#4081 = FILL_AREA_STYLE_COLOUR('',#3832);
#4082 = CURVE_STYLE('',#4083,POSITIVE_LENGTH_MEASURE(0.1),#3407);
#4083 = DRAUGHTING_PRE_DEFINED_CURVE_FONT('continuous');
#4084 = OVER_RIDING_STYLED_ITEM('overriding color',(#4085),#1729,#3825);
#4085 = PRESENTATION_STYLE_BY_CONTEXT((#4086,#4092),#3249);
#4086 = SURFACE_STYLE_USAGE(.BOTH.,#4087);
#4087 = SURFACE_SIDE_STYLE('',(#4088));
#4088 = SURFACE_STYLE_FILL_AREA(#4089);
#4089 = FILL_AREA_STYLE('',(#4090));
#4090 = FILL_AREA_STYLE_COLOUR('',#4091);
#4091 = COLOUR_RGB('',0.988235296747,0.827450977613,0.345098051753);
#4092 = CURVE_STYLE('',#4093,POSITIVE_LENGTH_MEASURE(0.1),#4094);
#4093 = DRAUGHTING_PRE_DEFINED_CURVE_FONT('continuous');
#4094 = COLOUR_RGB('',9.803921802644E-02,9.803921802644E-02,
  9.803921802644E-02);
#4095 = OVER_RIDING_STYLED_ITEM('overriding color',(#4096),#1729,#3825);
#4096 = PRESENTATION_STYLE_BY_CONTEXT((#4097,#4102),#3255);
#4097 = SURFACE_STYLE_USAGE(.BOTH.,#4098);
#4098 = SURFACE_SIDE_STYLE('',(#4099));
#4099 = SURFACE_STYLE_FILL_AREA(#4100);
#4100 = FILL_AREA_STYLE('',(#4101));
#4101 = FILL_AREA_STYLE_COLOUR('',#3832);
#4102 = CURVE_STYLE('',#4103,POSITIVE_LENGTH_MEASURE(0.1),#3407);
#4103 = DRAUGHTING_PRE_DEFINED_CURVE_FONT('continuous');
#4104 = OVER_RIDING_STYLED_ITEM('overriding color',(#4105),#1729,#3825);
#4105 = PRESENTATION_STYLE_BY_CONTEXT((#4106,#4112),#3259);
#4106 = SURFACE_STYLE_USAGE(.BOTH.,#4107);
#4107 = SURFACE_SIDE_STYLE('',(#4108));
#4108 = SURFACE_STYLE_FILL_AREA(#4109);
#4109 = FILL_AREA_STYLE('',(#4110));
#4110 = FILL_AREA_STYLE_COLOUR('',#4111);
#4111 = COLOUR_RGB('',0.988235296747,0.827450977613,0.345098051753);
#4112 = CURVE_STYLE('',#4113,POSITIVE_LENGTH_MEASURE(0.1),#4114);
#4113 = DRAUGHTING_PRE_DEFINED_CURVE_FONT('continuous');
#4114 = COLOUR_RGB('',9.803921802644E-02,9.803921802644E-02,
  9.803921802644E-02);
#4115 = OVER_RIDING_STYLED_ITEM('overriding color',(#4116),#1729,#3825);
#4116 = PRESENTATION_STYLE_BY_CONTEXT((#4117,#4122),#3265);
#4117 = SURFACE_STYLE_USAGE(.BOTH.,#4118);
#4118 = SURFACE_SIDE_STYLE('',(#4119));
#4119 = SURFACE_STYLE_FILL_AREA(#4120);
#4120 = FILL_AREA_STYLE('',(#4121));
#4121 = FILL_AREA_STYLE_COLOUR('',#3832);
#4122 = CURVE_STYLE('',#4123,POSITIVE_LENGTH_MEASURE(0.1),#3407);
#4123 = DRAUGHTING_PRE_DEFINED_CURVE_FONT('continuous');
#4124 = OVER_RIDING_STYLED_ITEM('overriding color',(#4125),#1729,#3825);
#4125 = PRESENTATION_STYLE_BY_CONTEXT((#4126,#4132),#3269);
#4126 = SURFACE_STYLE_USAGE(.BOTH.,#4127);
#4127 = SURFACE_SIDE_STYLE('',(#4128));
#4128 = SURFACE_STYLE_FILL_AREA(#4129);
#4129 = FILL_AREA_STYLE('',(#4130));
#4130 = FILL_AREA_STYLE_COLOUR('',#4131);
#4131 = COLOUR_RGB('',0.988235296747,0.827450977613,0.345098051753);
#4132 = CURVE_STYLE('',#4133,POSITIVE_LENGTH_MEASURE(0.1),#4134);
#4133 = DRAUGHTING_PRE_DEFINED_CURVE_FONT('continuous');
#4134 = COLOUR_RGB('',9.803921802644E-02,9.803921802644E-02,
  9.803921802644E-02);
#4135 = OVER_RIDING_STYLED_ITEM('overriding color',(#4136),#1729,#3825);
#4136 = PRESENTATION_STYLE_BY_CONTEXT((#4137,#4142),#3275);
#4137 = SURFACE_STYLE_USAGE(.BOTH.,#4138);
#4138 = SURFACE_SIDE_STYLE('',(#4139));
#4139 = SURFACE_STYLE_FILL_AREA(#4140);
#4140 = FILL_AREA_STYLE('',(#4141));
#4141 = FILL_AREA_STYLE_COLOUR('',#3832);
#4142 = CURVE_STYLE('',#4143,POSITIVE_LENGTH_MEASURE(0.1),#3407);
#4143 = DRAUGHTING_PRE_DEFINED_CURVE_FONT('continuous');
#4144 = OVER_RIDING_STYLED_ITEM('overriding color',(#4145),#1729,#3825);
#4145 = PRESENTATION_STYLE_BY_CONTEXT((#4146,#4152),#3279);
#4146 = SURFACE_STYLE_USAGE(.BOTH.,#4147);
#4147 = SURFACE_SIDE_STYLE('',(#4148));
#4148 = SURFACE_STYLE_FILL_AREA(#4149);
#4149 = FILL_AREA_STYLE('',(#4150));
#4150 = FILL_AREA_STYLE_COLOUR('',#4151);
#4151 = COLOUR_RGB('',0.988235296747,0.827450977613,0.345098051753);
#4152 = CURVE_STYLE('',#4153,POSITIVE_LENGTH_MEASURE(0.1),#4154);
#4153 = DRAUGHTING_PRE_DEFINED_CURVE_FONT('continuous');
#4154 = COLOUR_RGB('',9.803921802644E-02,9.803921802644E-02,
  9.803921802644E-02);
#4155 = OVER_RIDING_STYLED_ITEM('overriding color',(#4156),#1729,#3825);
#4156 = PRESENTATION_STYLE_BY_CONTEXT((#4157,#4162),#3285);
#4157 = SURFACE_STYLE_USAGE(.BOTH.,#4158);
#4158 = SURFACE_SIDE_STYLE('',(#4159));
#4159 = SURFACE_STYLE_FILL_AREA(#4160);
#4160 = FILL_AREA_STYLE('',(#4161));
#4161 = FILL_AREA_STYLE_COLOUR('',#3832);
#4162 = CURVE_STYLE('',#4163,POSITIVE_LENGTH_MEASURE(0.1),#3407);
#4163 = DRAUGHTING_PRE_DEFINED_CURVE_FONT('continuous');
#4164 = OVER_RIDING_STYLED_ITEM('overriding color',(#4165),#1729,#3825);
#4165 = PRESENTATION_STYLE_BY_CONTEXT((#4166,#4172),#3289);
#4166 = SURFACE_STYLE_USAGE(.BOTH.,#4167);
#4167 = SURFACE_SIDE_STYLE('',(#4168));
#4168 = SURFACE_STYLE_FILL_AREA(#4169);
#4169 = FILL_AREA_STYLE('',(#4170));
#4170 = FILL_AREA_STYLE_COLOUR('',#4171);
#4171 = COLOUR_RGB('',0.988235296747,0.827450977613,0.345098051753);
#4172 = CURVE_STYLE('',#4173,POSITIVE_LENGTH_MEASURE(0.1),#4174);
#4173 = DRAUGHTING_PRE_DEFINED_CURVE_FONT('continuous');
#4174 = COLOUR_RGB('',9.803921802644E-02,9.803921802644E-02,
  9.803921802644E-02);
#4175 = OVER_RIDING_STYLED_ITEM('overriding color',(#4176),#1729,#3825);
#4176 = PRESENTATION_STYLE_BY_CONTEXT((#4177,#4182),#3295);
#4177 = SURFACE_STYLE_USAGE(.BOTH.,#4178);
#4178 = SURFACE_SIDE_STYLE('',(#4179));
#4179 = SURFACE_STYLE_FILL_AREA(#4180);
#4180 = FILL_AREA_STYLE('',(#4181));
#4181 = FILL_AREA_STYLE_COLOUR('',#3832);
#4182 = CURVE_STYLE('',#4183,POSITIVE_LENGTH_MEASURE(0.1),#3407);
#4183 = DRAUGHTING_PRE_DEFINED_CURVE_FONT('continuous');
#4184 = OVER_RIDING_STYLED_ITEM('overriding color',(#4185),#1729,#3825);
#4185 = PRESENTATION_STYLE_BY_CONTEXT((#4186,#4192),#3299);
#4186 = SURFACE_STYLE_USAGE(.BOTH.,#4187);
#4187 = SURFACE_SIDE_STYLE('',(#4188));
#4188 = SURFACE_STYLE_FILL_AREA(#4189);
#4189 = FILL_AREA_STYLE('',(#4190));
#4190 = FILL_AREA_STYLE_COLOUR('',#4191);
#4191 = COLOUR_RGB('',0.988235296747,0.827450977613,0.345098051753);
#4192 = CURVE_STYLE('',#4193,POSITIVE_LENGTH_MEASURE(0.1),#4194);
#4193 = DRAUGHTING_PRE_DEFINED_CURVE_FONT('continuous');
#4194 = COLOUR_RGB('',9.803921802644E-02,9.803921802644E-02,
  9.803921802644E-02);
#4195 = OVER_RIDING_STYLED_ITEM('overriding color',(#4196),#1729,#3825);
#4196 = PRESENTATION_STYLE_BY_CONTEXT((#4197,#4202),#3305);
#4197 = SURFACE_STYLE_USAGE(.BOTH.,#4198);
#4198 = SURFACE_SIDE_STYLE('',(#4199));
#4199 = SURFACE_STYLE_FILL_AREA(#4200);
#4200 = FILL_AREA_STYLE('',(#4201));
#4201 = FILL_AREA_STYLE_COLOUR('',#3832);
#4202 = CURVE_STYLE('',#4203,POSITIVE_LENGTH_MEASURE(0.1),#3407);
#4203 = DRAUGHTING_PRE_DEFINED_CURVE_FONT('continuous');
#4204 = OVER_RIDING_STYLED_ITEM('overriding color',(#4205),#1729,#3825);
#4205 = PRESENTATION_STYLE_BY_CONTEXT((#4206,#4212),#3309);
#4206 = SURFACE_STYLE_USAGE(.BOTH.,#4207);
#4207 = SURFACE_SIDE_STYLE('',(#4208));
#4208 = SURFACE_STYLE_FILL_AREA(#4209);
#4209 = FILL_AREA_STYLE('',(#4210));
#4210 = FILL_AREA_STYLE_COLOUR('',#4211);
#4211 = COLOUR_RGB('',0.988235296747,0.827450977613,0.345098051753);
#4212 = CURVE_STYLE('',#4213,POSITIVE_LENGTH_MEASURE(0.1),#4214);
#4213 = DRAUGHTING_PRE_DEFINED_CURVE_FONT('continuous');
#4214 = COLOUR_RGB('',9.803921802644E-02,9.803921802644E-02,
  9.803921802644E-02);
#4215 = OVER_RIDING_STYLED_ITEM('overriding color',(#4216),#1729,#3825);
#4216 = PRESENTATION_STYLE_BY_CONTEXT((#4217,#4222),#3315);
#4217 = SURFACE_STYLE_USAGE(.BOTH.,#4218);
#4218 = SURFACE_SIDE_STYLE('',(#4219));
#4219 = SURFACE_STYLE_FILL_AREA(#4220);
#4220 = FILL_AREA_STYLE('',(#4221));
#4221 = FILL_AREA_STYLE_COLOUR('',#3832);
#4222 = CURVE_STYLE('',#4223,POSITIVE_LENGTH_MEASURE(0.1),#3407);
#4223 = DRAUGHTING_PRE_DEFINED_CURVE_FONT('continuous');
#4224 = OVER_RIDING_STYLED_ITEM('overriding color',(#4225),#1729,#3825);
#4225 = PRESENTATION_STYLE_BY_CONTEXT((#4226,#4232),#3319);
#4226 = SURFACE_STYLE_USAGE(.BOTH.,#4227);
#4227 = SURFACE_SIDE_STYLE('',(#4228));
#4228 = SURFACE_STYLE_FILL_AREA(#4229);
#4229 = FILL_AREA_STYLE('',(#4230));
#4230 = FILL_AREA_STYLE_COLOUR('',#4231);
#4231 = COLOUR_RGB('',0.988235296747,0.827450977613,0.345098051753);
#4232 = CURVE_STYLE('',#4233,POSITIVE_LENGTH_MEASURE(0.1),#4234);
#4233 = DRAUGHTING_PRE_DEFINED_CURVE_FONT('continuous');
#4234 = COLOUR_RGB('',9.803921802644E-02,9.803921802644E-02,
  9.803921802644E-02);
#4235 = OVER_RIDING_STYLED_ITEM('overriding color',(#4236),#1729,#3825);
#4236 = PRESENTATION_STYLE_BY_CONTEXT((#4237,#4242),#3325);
#4237 = SURFACE_STYLE_USAGE(.BOTH.,#4238);
#4238 = SURFACE_SIDE_STYLE('',(#4239));
#4239 = SURFACE_STYLE_FILL_AREA(#4240);
#4240 = FILL_AREA_STYLE('',(#4241));
#4241 = FILL_AREA_STYLE_COLOUR('',#3832);
#4242 = CURVE_STYLE('',#4243,POSITIVE_LENGTH_MEASURE(0.1),#3407);
#4243 = DRAUGHTING_PRE_DEFINED_CURVE_FONT('continuous');
#4244 = OVER_RIDING_STYLED_ITEM('overriding color',(#4245),#1729,#3825);
#4245 = PRESENTATION_STYLE_BY_CONTEXT((#4246,#4252),#3329);
#4246 = SURFACE_STYLE_USAGE(.BOTH.,#4247);
#4247 = SURFACE_SIDE_STYLE('',(#4248));
#4248 = SURFACE_STYLE_FILL_AREA(#4249);
#4249 = FILL_AREA_STYLE('',(#4250));
#4250 = FILL_AREA_STYLE_COLOUR('',#4251);
#4251 = COLOUR_RGB('',0.988235296747,0.827450977613,0.345098051753);
#4252 = CURVE_STYLE('',#4253,POSITIVE_LENGTH_MEASURE(0.1),#4254);
#4253 = DRAUGHTING_PRE_DEFINED_CURVE_FONT('continuous');
#4254 = COLOUR_RGB('',9.803921802644E-02,9.803921802644E-02,
  9.803921802644E-02);
#4255 = OVER_RIDING_STYLED_ITEM('overriding color',(#4256),#1729,#3825);
#4256 = PRESENTATION_STYLE_BY_CONTEXT((#4257,#4262),#3335);
#4257 = SURFACE_STYLE_USAGE(.BOTH.,#4258);
#4258 = SURFACE_SIDE_STYLE('',(#4259));
#4259 = SURFACE_STYLE_FILL_AREA(#4260);
#4260 = FILL_AREA_STYLE('',(#4261));
#4261 = FILL_AREA_STYLE_COLOUR('',#3832);
#4262 = CURVE_STYLE('',#4263,POSITIVE_LENGTH_MEASURE(0.1),#3407);
#4263 = DRAUGHTING_PRE_DEFINED_CURVE_FONT('continuous');
#4264 = OVER_RIDING_STYLED_ITEM('overriding color',(#4265),#1729,#3825);
#4265 = PRESENTATION_STYLE_BY_CONTEXT((#4266,#4272),#3339);
#4266 = SURFACE_STYLE_USAGE(.BOTH.,#4267);
#4267 = SURFACE_SIDE_STYLE('',(#4268));
#4268 = SURFACE_STYLE_FILL_AREA(#4269);
#4269 = FILL_AREA_STYLE('',(#4270));
#4270 = FILL_AREA_STYLE_COLOUR('',#4271);
#4271 = COLOUR_RGB('',0.988235296747,0.827450977613,0.345098051753);
#4272 = CURVE_STYLE('',#4273,POSITIVE_LENGTH_MEASURE(0.1),#4274);
#4273 = DRAUGHTING_PRE_DEFINED_CURVE_FONT('continuous');
#4274 = COLOUR_RGB('',9.803921802644E-02,9.803921802644E-02,
  9.803921802644E-02);
#4275 = OVER_RIDING_STYLED_ITEM('overriding color',(#4276),#1729,#3825);
#4276 = PRESENTATION_STYLE_BY_CONTEXT((#4277,#4282),#3345);
#4277 = SURFACE_STYLE_USAGE(.BOTH.,#4278);
#4278 = SURFACE_SIDE_STYLE('',(#4279));
#4279 = SURFACE_STYLE_FILL_AREA(#4280);
#4280 = FILL_AREA_STYLE('',(#4281));
#4281 = FILL_AREA_STYLE_COLOUR('',#3832);
#4282 = CURVE_STYLE('',#4283,POSITIVE_LENGTH_MEASURE(0.1),#3407);
#4283 = DRAUGHTING_PRE_DEFINED_CURVE_FONT('continuous');
#4284 = OVER_RIDING_STYLED_ITEM('overriding color',(#4285),#1729,#3825);
#4285 = PRESENTATION_STYLE_BY_CONTEXT((#4286,#4292),#3349);
#4286 = SURFACE_STYLE_USAGE(.BOTH.,#4287);
#4287 = SURFACE_SIDE_STYLE('',(#4288));
#4288 = SURFACE_STYLE_FILL_AREA(#4289);
#4289 = FILL_AREA_STYLE('',(#4290));
#4290 = FILL_AREA_STYLE_COLOUR('',#4291);
#4291 = COLOUR_RGB('',0.988235296747,0.827450977613,0.345098051753);
#4292 = CURVE_STYLE('',#4293,POSITIVE_LENGTH_MEASURE(0.1),#4294);
#4293 = DRAUGHTING_PRE_DEFINED_CURVE_FONT('continuous');
#4294 = COLOUR_RGB('',9.803921802644E-02,9.803921802644E-02,
  9.803921802644E-02);
#4295 = MECHANICAL_DESIGN_GEOMETRIC_PRESENTATION_REPRESENTATION('',(
    #4296,#4305,#4314,#4323,#4332,#4341,#4350,#4359,#4368,#4377,#4386,
    #4395,#4404,#4413,#4422,#4431,#4440,#4449,#4458,#4467,#4476,#4485,
    #4494,#4503,#4512,#4521,#4530,#4539,#4548,#4557,#4566,#4575,#4584,
    #4593,#4602,#4611,#4620,#4629,#4638,#4647,#4656,#4665,#4674,#4683,
    #4692,#4701,#4710),#1710);
#4296 = STYLED_ITEM('color',(#4297),#1296);
#4297 = PRESENTATION_STYLE_ASSIGNMENT((#4298,#4303));
#4298 = SURFACE_STYLE_USAGE(.BOTH.,#4299);
#4299 = SURFACE_SIDE_STYLE('',(#4300));
#4300 = SURFACE_STYLE_FILL_AREA(#4301);
#4301 = FILL_AREA_STYLE('',(#4302));
#4302 = FILL_AREA_STYLE_COLOUR('',#3832);
#4303 = CURVE_STYLE('',#4304,POSITIVE_LENGTH_MEASURE(0.1),#3407);
#4304 = DRAUGHTING_PRE_DEFINED_CURVE_FONT('continuous');
#4305 = OVER_RIDING_STYLED_ITEM('overriding color',(#4306),#1296,#4296);
#4306 = PRESENTATION_STYLE_BY_CONTEXT((#4307,#4312),#3123);
#4307 = SURFACE_STYLE_USAGE(.BOTH.,#4308);
#4308 = SURFACE_SIDE_STYLE('',(#4309));
#4309 = SURFACE_STYLE_FILL_AREA(#4310);
#4310 = FILL_AREA_STYLE('',(#4311));
#4311 = FILL_AREA_STYLE_COLOUR('',#3832);
#4312 = CURVE_STYLE('',#4313,POSITIVE_LENGTH_MEASURE(0.1),#3407);
#4313 = DRAUGHTING_PRE_DEFINED_CURVE_FONT('continuous');
#4314 = OVER_RIDING_STYLED_ITEM('overriding color',(#4315),#1296,#4296);
#4315 = PRESENTATION_STYLE_BY_CONTEXT((#4316,#4321),#3127);
#4316 = SURFACE_STYLE_USAGE(.BOTH.,#4317);
#4317 = SURFACE_SIDE_STYLE('',(#4318));
#4318 = SURFACE_STYLE_FILL_AREA(#4319);
#4319 = FILL_AREA_STYLE('',(#4320));
#4320 = FILL_AREA_STYLE_COLOUR('',#3851);
#4321 = CURVE_STYLE('',#4322,POSITIVE_LENGTH_MEASURE(0.1),#3854);
#4322 = DRAUGHTING_PRE_DEFINED_CURVE_FONT('continuous');
#4323 = OVER_RIDING_STYLED_ITEM('overriding color',(#4324),#1296,#4296);
#4324 = PRESENTATION_STYLE_BY_CONTEXT((#4325,#4330),#3133);
#4325 = SURFACE_STYLE_USAGE(.BOTH.,#4326);
#4326 = SURFACE_SIDE_STYLE('',(#4327));
#4327 = SURFACE_STYLE_FILL_AREA(#4328);
#4328 = FILL_AREA_STYLE('',(#4329));
#4329 = FILL_AREA_STYLE_COLOUR('',#3832);
#4330 = CURVE_STYLE('',#4331,POSITIVE_LENGTH_MEASURE(0.1),#3407);
#4331 = DRAUGHTING_PRE_DEFINED_CURVE_FONT('continuous');
#4332 = OVER_RIDING_STYLED_ITEM('overriding color',(#4333),#1296,#4296);
#4333 = PRESENTATION_STYLE_BY_CONTEXT((#4334,#4339),#3137);
#4334 = SURFACE_STYLE_USAGE(.BOTH.,#4335);
#4335 = SURFACE_SIDE_STYLE('',(#4336));
#4336 = SURFACE_STYLE_FILL_AREA(#4337);
#4337 = FILL_AREA_STYLE('',(#4338));
#4338 = FILL_AREA_STYLE_COLOUR('',#3871);
#4339 = CURVE_STYLE('',#4340,POSITIVE_LENGTH_MEASURE(0.1),#3874);
#4340 = DRAUGHTING_PRE_DEFINED_CURVE_FONT('continuous');
#4341 = OVER_RIDING_STYLED_ITEM('overriding color',(#4342),#1296,#4296);
#4342 = PRESENTATION_STYLE_BY_CONTEXT((#4343,#4348),#3143);
#4343 = SURFACE_STYLE_USAGE(.BOTH.,#4344);
#4344 = SURFACE_SIDE_STYLE('',(#4345));
#4345 = SURFACE_STYLE_FILL_AREA(#4346);
#4346 = FILL_AREA_STYLE('',(#4347));
#4347 = FILL_AREA_STYLE_COLOUR('',#3832);
#4348 = CURVE_STYLE('',#4349,POSITIVE_LENGTH_MEASURE(0.1),#3407);
#4349 = DRAUGHTING_PRE_DEFINED_CURVE_FONT('continuous');
#4350 = OVER_RIDING_STYLED_ITEM('overriding color',(#4351),#1296,#4296);
#4351 = PRESENTATION_STYLE_BY_CONTEXT((#4352,#4357),#3147);
#4352 = SURFACE_STYLE_USAGE(.BOTH.,#4353);
#4353 = SURFACE_SIDE_STYLE('',(#4354));
#4354 = SURFACE_STYLE_FILL_AREA(#4355);
#4355 = FILL_AREA_STYLE('',(#4356));
#4356 = FILL_AREA_STYLE_COLOUR('',#3891);
#4357 = CURVE_STYLE('',#4358,POSITIVE_LENGTH_MEASURE(0.1),#3894);
#4358 = DRAUGHTING_PRE_DEFINED_CURVE_FONT('continuous');
#4359 = OVER_RIDING_STYLED_ITEM('overriding color',(#4360),#1296,#4296);
#4360 = PRESENTATION_STYLE_BY_CONTEXT((#4361,#4366),#3153);
#4361 = SURFACE_STYLE_USAGE(.BOTH.,#4362);
#4362 = SURFACE_SIDE_STYLE('',(#4363));
#4363 = SURFACE_STYLE_FILL_AREA(#4364);
#4364 = FILL_AREA_STYLE('',(#4365));
#4365 = FILL_AREA_STYLE_COLOUR('',#3832);
#4366 = CURVE_STYLE('',#4367,POSITIVE_LENGTH_MEASURE(0.1),#3407);
#4367 = DRAUGHTING_PRE_DEFINED_CURVE_FONT('continuous');
#4368 = OVER_RIDING_STYLED_ITEM('overriding color',(#4369),#1296,#4296);
#4369 = PRESENTATION_STYLE_BY_CONTEXT((#4370,#4375),#3157);
#4370 = SURFACE_STYLE_USAGE(.BOTH.,#4371);
#4371 = SURFACE_SIDE_STYLE('',(#4372));
#4372 = SURFACE_STYLE_FILL_AREA(#4373);
#4373 = FILL_AREA_STYLE('',(#4374));
#4374 = FILL_AREA_STYLE_COLOUR('',#3911);
#4375 = CURVE_STYLE('',#4376,POSITIVE_LENGTH_MEASURE(0.1),#3914);
#4376 = DRAUGHTING_PRE_DEFINED_CURVE_FONT('continuous');
#4377 = OVER_RIDING_STYLED_ITEM('overriding color',(#4378),#1296,#4296);
#4378 = PRESENTATION_STYLE_BY_CONTEXT((#4379,#4384),#3163);
#4379 = SURFACE_STYLE_USAGE(.BOTH.,#4380);
#4380 = SURFACE_SIDE_STYLE('',(#4381));
#4381 = SURFACE_STYLE_FILL_AREA(#4382);
#4382 = FILL_AREA_STYLE('',(#4383));
#4383 = FILL_AREA_STYLE_COLOUR('',#3832);
#4384 = CURVE_STYLE('',#4385,POSITIVE_LENGTH_MEASURE(0.1),#3407);
#4385 = DRAUGHTING_PRE_DEFINED_CURVE_FONT('continuous');
#4386 = OVER_RIDING_STYLED_ITEM('overriding color',(#4387),#1296,#4296);
#4387 = PRESENTATION_STYLE_BY_CONTEXT((#4388,#4393),#3167);
#4388 = SURFACE_STYLE_USAGE(.BOTH.,#4389);
#4389 = SURFACE_SIDE_STYLE('',(#4390));
#4390 = SURFACE_STYLE_FILL_AREA(#4391);
#4391 = FILL_AREA_STYLE('',(#4392));
#4392 = FILL_AREA_STYLE_COLOUR('',#3931);
#4393 = CURVE_STYLE('',#4394,POSITIVE_LENGTH_MEASURE(0.1),#3934);
#4394 = DRAUGHTING_PRE_DEFINED_CURVE_FONT('continuous');
#4395 = OVER_RIDING_STYLED_ITEM('overriding color',(#4396),#1296,#4296);
#4396 = PRESENTATION_STYLE_BY_CONTEXT((#4397,#4402),#3173);
#4397 = SURFACE_STYLE_USAGE(.BOTH.,#4398);
#4398 = SURFACE_SIDE_STYLE('',(#4399));
#4399 = SURFACE_STYLE_FILL_AREA(#4400);
#4400 = FILL_AREA_STYLE('',(#4401));
#4401 = FILL_AREA_STYLE_COLOUR('',#3832);
#4402 = CURVE_STYLE('',#4403,POSITIVE_LENGTH_MEASURE(0.1),#3407);
#4403 = DRAUGHTING_PRE_DEFINED_CURVE_FONT('continuous');
#4404 = OVER_RIDING_STYLED_ITEM('overriding color',(#4405),#1296,#4296);
#4405 = PRESENTATION_STYLE_BY_CONTEXT((#4406,#4411),#3177);
#4406 = SURFACE_STYLE_USAGE(.BOTH.,#4407);
#4407 = SURFACE_SIDE_STYLE('',(#4408));
#4408 = SURFACE_STYLE_FILL_AREA(#4409);
#4409 = FILL_AREA_STYLE('',(#4410));
#4410 = FILL_AREA_STYLE_COLOUR('',#3951);
#4411 = CURVE_STYLE('',#4412,POSITIVE_LENGTH_MEASURE(0.1),#3954);
#4412 = DRAUGHTING_PRE_DEFINED_CURVE_FONT('continuous');
#4413 = OVER_RIDING_STYLED_ITEM('overriding color',(#4414),#1296,#4296);
#4414 = PRESENTATION_STYLE_BY_CONTEXT((#4415,#4420),#3183);
#4415 = SURFACE_STYLE_USAGE(.BOTH.,#4416);
#4416 = SURFACE_SIDE_STYLE('',(#4417));
#4417 = SURFACE_STYLE_FILL_AREA(#4418);
#4418 = FILL_AREA_STYLE('',(#4419));
#4419 = FILL_AREA_STYLE_COLOUR('',#3832);
#4420 = CURVE_STYLE('',#4421,POSITIVE_LENGTH_MEASURE(0.1),#3407);
#4421 = DRAUGHTING_PRE_DEFINED_CURVE_FONT('continuous');
#4422 = OVER_RIDING_STYLED_ITEM('overriding color',(#4423),#1296,#4296);
#4423 = PRESENTATION_STYLE_BY_CONTEXT((#4424,#4429),#3187);
#4424 = SURFACE_STYLE_USAGE(.BOTH.,#4425);
#4425 = SURFACE_SIDE_STYLE('',(#4426));
#4426 = SURFACE_STYLE_FILL_AREA(#4427);
#4427 = FILL_AREA_STYLE('',(#4428));
#4428 = FILL_AREA_STYLE_COLOUR('',#3971);
#4429 = CURVE_STYLE('',#4430,POSITIVE_LENGTH_MEASURE(0.1),#3974);
#4430 = DRAUGHTING_PRE_DEFINED_CURVE_FONT('continuous');
#4431 = OVER_RIDING_STYLED_ITEM('overriding color',(#4432),#1296,#4296);
#4432 = PRESENTATION_STYLE_BY_CONTEXT((#4433,#4438),#3193);
#4433 = SURFACE_STYLE_USAGE(.BOTH.,#4434);
#4434 = SURFACE_SIDE_STYLE('',(#4435));
#4435 = SURFACE_STYLE_FILL_AREA(#4436);
#4436 = FILL_AREA_STYLE('',(#4437));
#4437 = FILL_AREA_STYLE_COLOUR('',#3832);
#4438 = CURVE_STYLE('',#4439,POSITIVE_LENGTH_MEASURE(0.1),#3407);
#4439 = DRAUGHTING_PRE_DEFINED_CURVE_FONT('continuous');
#4440 = OVER_RIDING_STYLED_ITEM('overriding color',(#4441),#1296,#4296);
#4441 = PRESENTATION_STYLE_BY_CONTEXT((#4442,#4447),#3197);
#4442 = SURFACE_STYLE_USAGE(.BOTH.,#4443);
#4443 = SURFACE_SIDE_STYLE('',(#4444));
#4444 = SURFACE_STYLE_FILL_AREA(#4445);
#4445 = FILL_AREA_STYLE('',(#4446));
#4446 = FILL_AREA_STYLE_COLOUR('',#3991);
#4447 = CURVE_STYLE('',#4448,POSITIVE_LENGTH_MEASURE(0.1),#3994);
#4448 = DRAUGHTING_PRE_DEFINED_CURVE_FONT('continuous');
#4449 = OVER_RIDING_STYLED_ITEM('overriding color',(#4450),#1296,#4296);
#4450 = PRESENTATION_STYLE_BY_CONTEXT((#4451,#4456),#3203);
#4451 = SURFACE_STYLE_USAGE(.BOTH.,#4452);
#4452 = SURFACE_SIDE_STYLE('',(#4453));
#4453 = SURFACE_STYLE_FILL_AREA(#4454);
#4454 = FILL_AREA_STYLE('',(#4455));
#4455 = FILL_AREA_STYLE_COLOUR('',#3832);
#4456 = CURVE_STYLE('',#4457,POSITIVE_LENGTH_MEASURE(0.1),#3407);
#4457 = DRAUGHTING_PRE_DEFINED_CURVE_FONT('continuous');
#4458 = OVER_RIDING_STYLED_ITEM('overriding color',(#4459),#1296,#4296);
#4459 = PRESENTATION_STYLE_BY_CONTEXT((#4460,#4465),#3207);
#4460 = SURFACE_STYLE_USAGE(.BOTH.,#4461);
#4461 = SURFACE_SIDE_STYLE('',(#4462));
#4462 = SURFACE_STYLE_FILL_AREA(#4463);
#4463 = FILL_AREA_STYLE('',(#4464));
#4464 = FILL_AREA_STYLE_COLOUR('',#4011);
#4465 = CURVE_STYLE('',#4466,POSITIVE_LENGTH_MEASURE(0.1),#4014);
#4466 = DRAUGHTING_PRE_DEFINED_CURVE_FONT('continuous');
#4467 = OVER_RIDING_STYLED_ITEM('overriding color',(#4468),#1296,#4296);
#4468 = PRESENTATION_STYLE_BY_CONTEXT((#4469,#4474),#3213);
#4469 = SURFACE_STYLE_USAGE(.BOTH.,#4470);
#4470 = SURFACE_SIDE_STYLE('',(#4471));
#4471 = SURFACE_STYLE_FILL_AREA(#4472);
#4472 = FILL_AREA_STYLE('',(#4473));
#4473 = FILL_AREA_STYLE_COLOUR('',#3832);
#4474 = CURVE_STYLE('',#4475,POSITIVE_LENGTH_MEASURE(0.1),#3407);
#4475 = DRAUGHTING_PRE_DEFINED_CURVE_FONT('continuous');
#4476 = OVER_RIDING_STYLED_ITEM('overriding color',(#4477),#1296,#4296);
#4477 = PRESENTATION_STYLE_BY_CONTEXT((#4478,#4483),#3217);
#4478 = SURFACE_STYLE_USAGE(.BOTH.,#4479);
#4479 = SURFACE_SIDE_STYLE('',(#4480));
#4480 = SURFACE_STYLE_FILL_AREA(#4481);
#4481 = FILL_AREA_STYLE('',(#4482));
#4482 = FILL_AREA_STYLE_COLOUR('',#4031);
#4483 = CURVE_STYLE('',#4484,POSITIVE_LENGTH_MEASURE(0.1),#4034);
#4484 = DRAUGHTING_PRE_DEFINED_CURVE_FONT('continuous');
#4485 = OVER_RIDING_STYLED_ITEM('overriding color',(#4486),#1296,#4296);
#4486 = PRESENTATION_STYLE_BY_CONTEXT((#4487,#4492),#3223);
#4487 = SURFACE_STYLE_USAGE(.BOTH.,#4488);
#4488 = SURFACE_SIDE_STYLE('',(#4489));
#4489 = SURFACE_STYLE_FILL_AREA(#4490);
#4490 = FILL_AREA_STYLE('',(#4491));
#4491 = FILL_AREA_STYLE_COLOUR('',#3832);
#4492 = CURVE_STYLE('',#4493,POSITIVE_LENGTH_MEASURE(0.1),#3407);
#4493 = DRAUGHTING_PRE_DEFINED_CURVE_FONT('continuous');
#4494 = OVER_RIDING_STYLED_ITEM('overriding color',(#4495),#1296,#4296);
#4495 = PRESENTATION_STYLE_BY_CONTEXT((#4496,#4501),#3227);
#4496 = SURFACE_STYLE_USAGE(.BOTH.,#4497);
#4497 = SURFACE_SIDE_STYLE('',(#4498));
#4498 = SURFACE_STYLE_FILL_AREA(#4499);
#4499 = FILL_AREA_STYLE('',(#4500));
#4500 = FILL_AREA_STYLE_COLOUR('',#4051);
#4501 = CURVE_STYLE('',#4502,POSITIVE_LENGTH_MEASURE(0.1),#4054);
#4502 = DRAUGHTING_PRE_DEFINED_CURVE_FONT('continuous');
#4503 = OVER_RIDING_STYLED_ITEM('overriding color',(#4504),#1296,#4296);
#4504 = PRESENTATION_STYLE_BY_CONTEXT((#4505,#4510),#3233);
#4505 = SURFACE_STYLE_USAGE(.BOTH.,#4506);
#4506 = SURFACE_SIDE_STYLE('',(#4507));
#4507 = SURFACE_STYLE_FILL_AREA(#4508);
#4508 = FILL_AREA_STYLE('',(#4509));
#4509 = FILL_AREA_STYLE_COLOUR('',#3832);
#4510 = CURVE_STYLE('',#4511,POSITIVE_LENGTH_MEASURE(0.1),#3407);
#4511 = DRAUGHTING_PRE_DEFINED_CURVE_FONT('continuous');
#4512 = OVER_RIDING_STYLED_ITEM('overriding color',(#4513),#1296,#4296);
#4513 = PRESENTATION_STYLE_BY_CONTEXT((#4514,#4519),#3237);
#4514 = SURFACE_STYLE_USAGE(.BOTH.,#4515);
#4515 = SURFACE_SIDE_STYLE('',(#4516));
#4516 = SURFACE_STYLE_FILL_AREA(#4517);
#4517 = FILL_AREA_STYLE('',(#4518));
#4518 = FILL_AREA_STYLE_COLOUR('',#4071);
#4519 = CURVE_STYLE('',#4520,POSITIVE_LENGTH_MEASURE(0.1),#4074);
#4520 = DRAUGHTING_PRE_DEFINED_CURVE_FONT('continuous');
#4521 = OVER_RIDING_STYLED_ITEM('overriding color',(#4522),#1296,#4296);
#4522 = PRESENTATION_STYLE_BY_CONTEXT((#4523,#4528),#3243);
#4523 = SURFACE_STYLE_USAGE(.BOTH.,#4524);
#4524 = SURFACE_SIDE_STYLE('',(#4525));
#4525 = SURFACE_STYLE_FILL_AREA(#4526);
#4526 = FILL_AREA_STYLE('',(#4527));
#4527 = FILL_AREA_STYLE_COLOUR('',#3832);
#4528 = CURVE_STYLE('',#4529,POSITIVE_LENGTH_MEASURE(0.1),#3407);
#4529 = DRAUGHTING_PRE_DEFINED_CURVE_FONT('continuous');
#4530 = OVER_RIDING_STYLED_ITEM('overriding color',(#4531),#1296,#4296);
#4531 = PRESENTATION_STYLE_BY_CONTEXT((#4532,#4537),#3247);
#4532 = SURFACE_STYLE_USAGE(.BOTH.,#4533);
#4533 = SURFACE_SIDE_STYLE('',(#4534));
#4534 = SURFACE_STYLE_FILL_AREA(#4535);
#4535 = FILL_AREA_STYLE('',(#4536));
#4536 = FILL_AREA_STYLE_COLOUR('',#4091);
#4537 = CURVE_STYLE('',#4538,POSITIVE_LENGTH_MEASURE(0.1),#4094);
#4538 = DRAUGHTING_PRE_DEFINED_CURVE_FONT('continuous');
#4539 = OVER_RIDING_STYLED_ITEM('overriding color',(#4540),#1296,#4296);
#4540 = PRESENTATION_STYLE_BY_CONTEXT((#4541,#4546),#3253);
#4541 = SURFACE_STYLE_USAGE(.BOTH.,#4542);
#4542 = SURFACE_SIDE_STYLE('',(#4543));
#4543 = SURFACE_STYLE_FILL_AREA(#4544);
#4544 = FILL_AREA_STYLE('',(#4545));
#4545 = FILL_AREA_STYLE_COLOUR('',#3832);
#4546 = CURVE_STYLE('',#4547,POSITIVE_LENGTH_MEASURE(0.1),#3407);
#4547 = DRAUGHTING_PRE_DEFINED_CURVE_FONT('continuous');
#4548 = OVER_RIDING_STYLED_ITEM('overriding color',(#4549),#1296,#4296);
#4549 = PRESENTATION_STYLE_BY_CONTEXT((#4550,#4555),#3257);
#4550 = SURFACE_STYLE_USAGE(.BOTH.,#4551);
#4551 = SURFACE_SIDE_STYLE('',(#4552));
#4552 = SURFACE_STYLE_FILL_AREA(#4553);
#4553 = FILL_AREA_STYLE('',(#4554));
#4554 = FILL_AREA_STYLE_COLOUR('',#4111);
#4555 = CURVE_STYLE('',#4556,POSITIVE_LENGTH_MEASURE(0.1),#4114);
#4556 = DRAUGHTING_PRE_DEFINED_CURVE_FONT('continuous');
#4557 = OVER_RIDING_STYLED_ITEM('overriding color',(#4558),#1296,#4296);
#4558 = PRESENTATION_STYLE_BY_CONTEXT((#4559,#4564),#3263);
#4559 = SURFACE_STYLE_USAGE(.BOTH.,#4560);
#4560 = SURFACE_SIDE_STYLE('',(#4561));
#4561 = SURFACE_STYLE_FILL_AREA(#4562);
#4562 = FILL_AREA_STYLE('',(#4563));
#4563 = FILL_AREA_STYLE_COLOUR('',#3832);
#4564 = CURVE_STYLE('',#4565,POSITIVE_LENGTH_MEASURE(0.1),#3407);
#4565 = DRAUGHTING_PRE_DEFINED_CURVE_FONT('continuous');
#4566 = OVER_RIDING_STYLED_ITEM('overriding color',(#4567),#1296,#4296);
#4567 = PRESENTATION_STYLE_BY_CONTEXT((#4568,#4573),#3267);
#4568 = SURFACE_STYLE_USAGE(.BOTH.,#4569);
#4569 = SURFACE_SIDE_STYLE('',(#4570));
#4570 = SURFACE_STYLE_FILL_AREA(#4571);
#4571 = FILL_AREA_STYLE('',(#4572));
#4572 = FILL_AREA_STYLE_COLOUR('',#4131);
#4573 = CURVE_STYLE('',#4574,POSITIVE_LENGTH_MEASURE(0.1),#4134);
#4574 = DRAUGHTING_PRE_DEFINED_CURVE_FONT('continuous');
#4575 = OVER_RIDING_STYLED_ITEM('overriding color',(#4576),#1296,#4296);
#4576 = PRESENTATION_STYLE_BY_CONTEXT((#4577,#4582),#3273);
#4577 = SURFACE_STYLE_USAGE(.BOTH.,#4578);
#4578 = SURFACE_SIDE_STYLE('',(#4579));
#4579 = SURFACE_STYLE_FILL_AREA(#4580);
#4580 = FILL_AREA_STYLE('',(#4581));
#4581 = FILL_AREA_STYLE_COLOUR('',#3832);
#4582 = CURVE_STYLE('',#4583,POSITIVE_LENGTH_MEASURE(0.1),#3407);
#4583 = DRAUGHTING_PRE_DEFINED_CURVE_FONT('continuous');
#4584 = OVER_RIDING_STYLED_ITEM('overriding color',(#4585),#1296,#4296);
#4585 = PRESENTATION_STYLE_BY_CONTEXT((#4586,#4591),#3277);
#4586 = SURFACE_STYLE_USAGE(.BOTH.,#4587);
#4587 = SURFACE_SIDE_STYLE('',(#4588));
#4588 = SURFACE_STYLE_FILL_AREA(#4589);
#4589 = FILL_AREA_STYLE('',(#4590));
#4590 = FILL_AREA_STYLE_COLOUR('',#4151);
#4591 = CURVE_STYLE('',#4592,POSITIVE_LENGTH_MEASURE(0.1),#4154);
#4592 = DRAUGHTING_PRE_DEFINED_CURVE_FONT('continuous');
#4593 = OVER_RIDING_STYLED_ITEM('overriding color',(#4594),#1296,#4296);
#4594 = PRESENTATION_STYLE_BY_CONTEXT((#4595,#4600),#3283);
#4595 = SURFACE_STYLE_USAGE(.BOTH.,#4596);
#4596 = SURFACE_SIDE_STYLE('',(#4597));
#4597 = SURFACE_STYLE_FILL_AREA(#4598);
#4598 = FILL_AREA_STYLE('',(#4599));
#4599 = FILL_AREA_STYLE_COLOUR('',#3832);
#4600 = CURVE_STYLE('',#4601,POSITIVE_LENGTH_MEASURE(0.1),#3407);
#4601 = DRAUGHTING_PRE_DEFINED_CURVE_FONT('continuous');
#4602 = OVER_RIDING_STYLED_ITEM('overriding color',(#4603),#1296,#4296);
#4603 = PRESENTATION_STYLE_BY_CONTEXT((#4604,#4609),#3287);
#4604 = SURFACE_STYLE_USAGE(.BOTH.,#4605);
#4605 = SURFACE_SIDE_STYLE('',(#4606));
#4606 = SURFACE_STYLE_FILL_AREA(#4607);
#4607 = FILL_AREA_STYLE('',(#4608));
#4608 = FILL_AREA_STYLE_COLOUR('',#4171);
#4609 = CURVE_STYLE('',#4610,POSITIVE_LENGTH_MEASURE(0.1),#4174);
#4610 = DRAUGHTING_PRE_DEFINED_CURVE_FONT('continuous');
#4611 = OVER_RIDING_STYLED_ITEM('overriding color',(#4612),#1296,#4296);
#4612 = PRESENTATION_STYLE_BY_CONTEXT((#4613,#4618),#3293);
#4613 = SURFACE_STYLE_USAGE(.BOTH.,#4614);
#4614 = SURFACE_SIDE_STYLE('',(#4615));
#4615 = SURFACE_STYLE_FILL_AREA(#4616);
#4616 = FILL_AREA_STYLE('',(#4617));
#4617 = FILL_AREA_STYLE_COLOUR('',#3832);
#4618 = CURVE_STYLE('',#4619,POSITIVE_LENGTH_MEASURE(0.1),#3407);
#4619 = DRAUGHTING_PRE_DEFINED_CURVE_FONT('continuous');
#4620 = OVER_RIDING_STYLED_ITEM('overriding color',(#4621),#1296,#4296);
#4621 = PRESENTATION_STYLE_BY_CONTEXT((#4622,#4627),#3297);
#4622 = SURFACE_STYLE_USAGE(.BOTH.,#4623);
#4623 = SURFACE_SIDE_STYLE('',(#4624));
#4624 = SURFACE_STYLE_FILL_AREA(#4625);
#4625 = FILL_AREA_STYLE('',(#4626));
#4626 = FILL_AREA_STYLE_COLOUR('',#4191);
#4627 = CURVE_STYLE('',#4628,POSITIVE_LENGTH_MEASURE(0.1),#4194);
#4628 = DRAUGHTING_PRE_DEFINED_CURVE_FONT('continuous');
#4629 = OVER_RIDING_STYLED_ITEM('overriding color',(#4630),#1296,#4296);
#4630 = PRESENTATION_STYLE_BY_CONTEXT((#4631,#4636),#3303);
#4631 = SURFACE_STYLE_USAGE(.BOTH.,#4632);
#4632 = SURFACE_SIDE_STYLE('',(#4633));
#4633 = SURFACE_STYLE_FILL_AREA(#4634);
#4634 = FILL_AREA_STYLE('',(#4635));
#4635 = FILL_AREA_STYLE_COLOUR('',#3832);
#4636 = CURVE_STYLE('',#4637,POSITIVE_LENGTH_MEASURE(0.1),#3407);
#4637 = DRAUGHTING_PRE_DEFINED_CURVE_FONT('continuous');
#4638 = OVER_RIDING_STYLED_ITEM('overriding color',(#4639),#1296,#4296);
#4639 = PRESENTATION_STYLE_BY_CONTEXT((#4640,#4645),#3307);
#4640 = SURFACE_STYLE_USAGE(.BOTH.,#4641);
#4641 = SURFACE_SIDE_STYLE('',(#4642));
#4642 = SURFACE_STYLE_FILL_AREA(#4643);
#4643 = FILL_AREA_STYLE('',(#4644));
#4644 = FILL_AREA_STYLE_COLOUR('',#4211);
#4645 = CURVE_STYLE('',#4646,POSITIVE_LENGTH_MEASURE(0.1),#4214);
#4646 = DRAUGHTING_PRE_DEFINED_CURVE_FONT('continuous');
#4647 = OVER_RIDING_STYLED_ITEM('overriding color',(#4648),#1296,#4296);
#4648 = PRESENTATION_STYLE_BY_CONTEXT((#4649,#4654),#3313);
#4649 = SURFACE_STYLE_USAGE(.BOTH.,#4650);
#4650 = SURFACE_SIDE_STYLE('',(#4651));
#4651 = SURFACE_STYLE_FILL_AREA(#4652);
#4652 = FILL_AREA_STYLE('',(#4653));
#4653 = FILL_AREA_STYLE_COLOUR('',#3832);
#4654 = CURVE_STYLE('',#4655,POSITIVE_LENGTH_MEASURE(0.1),#3407);
#4655 = DRAUGHTING_PRE_DEFINED_CURVE_FONT('continuous');
#4656 = OVER_RIDING_STYLED_ITEM('overriding color',(#4657),#1296,#4296);
#4657 = PRESENTATION_STYLE_BY_CONTEXT((#4658,#4663),#3317);
#4658 = SURFACE_STYLE_USAGE(.BOTH.,#4659);
#4659 = SURFACE_SIDE_STYLE('',(#4660));
#4660 = SURFACE_STYLE_FILL_AREA(#4661);
#4661 = FILL_AREA_STYLE('',(#4662));
#4662 = FILL_AREA_STYLE_COLOUR('',#4231);
#4663 = CURVE_STYLE('',#4664,POSITIVE_LENGTH_MEASURE(0.1),#4234);
#4664 = DRAUGHTING_PRE_DEFINED_CURVE_FONT('continuous');
#4665 = OVER_RIDING_STYLED_ITEM('overriding color',(#4666),#1296,#4296);
#4666 = PRESENTATION_STYLE_BY_CONTEXT((#4667,#4672),#3323);
#4667 = SURFACE_STYLE_USAGE(.BOTH.,#4668);
#4668 = SURFACE_SIDE_STYLE('',(#4669));
#4669 = SURFACE_STYLE_FILL_AREA(#4670);
#4670 = FILL_AREA_STYLE('',(#4671));
#4671 = FILL_AREA_STYLE_COLOUR('',#3832);
#4672 = CURVE_STYLE('',#4673,POSITIVE_LENGTH_MEASURE(0.1),#3407);
#4673 = DRAUGHTING_PRE_DEFINED_CURVE_FONT('continuous');
#4674 = OVER_RIDING_STYLED_ITEM('overriding color',(#4675),#1296,#4296);
#4675 = PRESENTATION_STYLE_BY_CONTEXT((#4676,#4681),#3327);
#4676 = SURFACE_STYLE_USAGE(.BOTH.,#4677);
#4677 = SURFACE_SIDE_STYLE('',(#4678));
#4678 = SURFACE_STYLE_FILL_AREA(#4679);
#4679 = FILL_AREA_STYLE('',(#4680));
#4680 = FILL_AREA_STYLE_COLOUR('',#4251);
#4681 = CURVE_STYLE('',#4682,POSITIVE_LENGTH_MEASURE(0.1),#4254);
#4682 = DRAUGHTING_PRE_DEFINED_CURVE_FONT('continuous');
#4683 = OVER_RIDING_STYLED_ITEM('overriding color',(#4684),#1296,#4296);
#4684 = PRESENTATION_STYLE_BY_CONTEXT((#4685,#4690),#3333);
#4685 = SURFACE_STYLE_USAGE(.BOTH.,#4686);
#4686 = SURFACE_SIDE_STYLE('',(#4687));
#4687 = SURFACE_STYLE_FILL_AREA(#4688);
#4688 = FILL_AREA_STYLE('',(#4689));
#4689 = FILL_AREA_STYLE_COLOUR('',#3832);
#4690 = CURVE_STYLE('',#4691,POSITIVE_LENGTH_MEASURE(0.1),#3407);
#4691 = DRAUGHTING_PRE_DEFINED_CURVE_FONT('continuous');
#4692 = OVER_RIDING_STYLED_ITEM('overriding color',(#4693),#1296,#4296);
#4693 = PRESENTATION_STYLE_BY_CONTEXT((#4694,#4699),#3337);
#4694 = SURFACE_STYLE_USAGE(.BOTH.,#4695);
#4695 = SURFACE_SIDE_STYLE('',(#4696));
#4696 = SURFACE_STYLE_FILL_AREA(#4697);
#4697 = FILL_AREA_STYLE('',(#4698));
#4698 = FILL_AREA_STYLE_COLOUR('',#4271);
#4699 = CURVE_STYLE('',#4700,POSITIVE_LENGTH_MEASURE(0.1),#4274);
#4700 = DRAUGHTING_PRE_DEFINED_CURVE_FONT('continuous');
#4701 = OVER_RIDING_STYLED_ITEM('overriding color',(#4702),#1296,#4296);
#4702 = PRESENTATION_STYLE_BY_CONTEXT((#4703,#4708),#3343);
#4703 = SURFACE_STYLE_USAGE(.BOTH.,#4704);
#4704 = SURFACE_SIDE_STYLE('',(#4705));
#4705 = SURFACE_STYLE_FILL_AREA(#4706);
#4706 = FILL_AREA_STYLE('',(#4707));
#4707 = FILL_AREA_STYLE_COLOUR('',#3832);
#4708 = CURVE_STYLE('',#4709,POSITIVE_LENGTH_MEASURE(0.1),#3407);
#4709 = DRAUGHTING_PRE_DEFINED_CURVE_FONT('continuous');
#4710 = OVER_RIDING_STYLED_ITEM('overriding color',(#4711),#1296,#4296);
#4711 = PRESENTATION_STYLE_BY_CONTEXT((#4712,#4717),#3347);
#4712 = SURFACE_STYLE_USAGE(.BOTH.,#4713);
#4713 = SURFACE_SIDE_STYLE('',(#4714));
#4714 = SURFACE_STYLE_FILL_AREA(#4715);
#4715 = FILL_AREA_STYLE('',(#4716));
#4716 = FILL_AREA_STYLE_COLOUR('',#4291);
#4717 = CURVE_STYLE('',#4718,POSITIVE_LENGTH_MEASURE(0.1),#4294);
#4718 = DRAUGHTING_PRE_DEFINED_CURVE_FONT('continuous');
ENDSEC;
END-ISO-10303-21;
