ISO-10303-21;
HEADER;
FILE_DESCRIPTION(('FreeCAD Model'),'2;1');
FILE_NAME('Open CASCADE Shape Model','2025-11-21T20:45:36',(''),(''),
  'Open CASCADE STEP processor 7.8','FreeCAD','Unknown');
FILE_SCHEMA(('AUTOMOTIVE_DESIGN { 1 0 10303 214 1 1 1 1 }'));
ENDSEC;
DATA;
#1 = APPLICATION_PROTOCOL_DEFINITION('international standard',
  'automotive_design',2000,#2);
#2 = APPLICATION_CONTEXT(
  'core data for automotive mechanical design processes');
#3 = SHAPE_DEFINITION_REPRESENTATION(#4,#10);
#4 = PRODUCT_DEFINITION_SHAPE('','',#5);
#5 = PRODUCT_DEFINITION('design','',#6,#9);
#6 = PRODUCT_DEFINITION_FORMATION('','',#7);
#7 = PRODUCT('_SL11STEP003','_SL11STEP003','',(#8));
#8 = PRODUCT_CONTEXT('',#2,'mechanical');
#9 = PRODUCT_DEFINITION_CONTEXT('part definition',#2,'design');
#10 = SHAPE_REPRESENTATION('',(#11,#15),#19);
#11 = AXIS2_PLACEMENT_3D('',#12,#13,#14);
#12 = CARTESIAN_POINT('',(0.,0.,0.));
#13 = DIRECTION('',(0.,0.,1.));
#14 = DIRECTION('',(1.,0.,-0.));
#15 = AXIS2_PLACEMENT_3D('',#16,#17,#18);
#16 = CARTESIAN_POINT('',(0.528195427464,-1.546205742812,4.583255966524)
  );
#17 = DIRECTION('',(0.,0.,1.));
#18 = DIRECTION('',(1.,0.,0.));
#19 = ( GEOMETRIC_REPRESENTATION_CONTEXT(3) 
GLOBAL_UNCERTAINTY_ASSIGNED_CONTEXT((#23)) GLOBAL_UNIT_ASSIGNED_CONTEXT(
(#20,#21,#22)) REPRESENTATION_CONTEXT('Context #1',
  '3D Context with UNIT and UNCERTAINTY') );
#20 = ( LENGTH_UNIT() NAMED_UNIT(*) SI_UNIT(.MILLI.,.METRE.) );
#21 = ( NAMED_UNIT(*) PLANE_ANGLE_UNIT() SI_UNIT($,.RADIAN.) );
#22 = ( NAMED_UNIT(*) SI_UNIT($,.STERADIAN.) SOLID_ANGLE_UNIT() );
#23 = UNCERTAINTY_MEASURE_WITH_UNIT(LENGTH_MEASURE(1.E-07),#20,
  'distance_accuracy_value','confusion accuracy');
#24 = PRODUCT_RELATED_PRODUCT_CATEGORY('part',$,(#7));
#25 = SHAPE_DEFINITION_REPRESENTATION(#26,#32);
#26 = PRODUCT_DEFINITION_SHAPE('','',#27);
#27 = PRODUCT_DEFINITION('design','',#28,#31);
#28 = PRODUCT_DEFINITION_FORMATION('','',#29);
#29 = PRODUCT('001017565003','001017565003','',(#30));
#30 = PRODUCT_CONTEXT('',#2,'mechanical');
#31 = PRODUCT_DEFINITION_CONTEXT('part definition',#2,'design');
#32 = SHAPE_REPRESENTATION('',(#11,#33,#37,#41,#45,#49,#53,#57,#61,#65,
    #69,#73,#77,#81,#85,#89,#93,#97,#101,#105,#109,#113,#117,#121,#125,
    #129,#133,#137,#141,#145,#149,#153,#157,#161,#165,#169,#173,#177,
    #181,#185,#189,#193,#197,#201,#205,#209,#213,#217,#221,#225,#229,
    #233,#237,#241,#245,#249,#253,#257,#261,#265,#269,#273,#277),#281);
#33 = AXIS2_PLACEMENT_3D('',#34,#35,#36);
#34 = CARTESIAN_POINT('',(-0.528195427464,1.546205742812,-4.333255966524
    ));
#35 = DIRECTION('',(0.,0.,1.));
#36 = DIRECTION('',(1.,0.,0.));
#37 = AXIS2_PLACEMENT_3D('',#38,#39,#40);
#38 = CARTESIAN_POINT('',(-0.520616062385,1.268943831911,1.416744033476)
  );
#39 = DIRECTION('',(0.,0.,1.));
#40 = DIRECTION('',(1.,0.,0.));
#41 = AXIS2_PLACEMENT_3D('',#42,#43,#44);
#42 = CARTESIAN_POINT('',(-3.068195427464,1.546205742812,-4.333255966524
    ));
#43 = DIRECTION('',(0.,0.,1.));
#44 = DIRECTION('',(1.,0.,0.));
#45 = AXIS2_PLACEMENT_3D('',#46,#47,#48);
#46 = CARTESIAN_POINT('',(-3.060616062385,1.268943831911,1.416744033476)
  );
#47 = DIRECTION('',(0.,0.,1.));
#48 = DIRECTION('',(1.,0.,0.));
#49 = AXIS2_PLACEMENT_3D('',#50,#51,#52);
#50 = CARTESIAN_POINT('',(2.011804572536,1.546205742812,-4.333255966524)
  );
#51 = DIRECTION('',(0.,0.,1.));
#52 = DIRECTION('',(1.,0.,0.));
#53 = AXIS2_PLACEMENT_3D('',#54,#55,#56);
#54 = CARTESIAN_POINT('',(2.019383937615,1.268943831911,1.416744033476)
  );
#55 = DIRECTION('',(0.,0.,1.));
#56 = DIRECTION('',(1.,0.,0.));
#57 = AXIS2_PLACEMENT_3D('',#58,#59,#60);
#58 = CARTESIAN_POINT('',(-5.608195427464,1.546205742812,-4.333255966524
    ));
#59 = DIRECTION('',(0.,0.,1.));
#60 = DIRECTION('',(1.,0.,0.));
#61 = AXIS2_PLACEMENT_3D('',#62,#63,#64);
#62 = CARTESIAN_POINT('',(-5.600616062385,1.268943831911,1.416744033476)
  );
#63 = DIRECTION('',(0.,0.,1.));
#64 = DIRECTION('',(1.,0.,0.));
#65 = AXIS2_PLACEMENT_3D('',#66,#67,#68);
#66 = CARTESIAN_POINT('',(4.551804572536,1.546205742812,-4.333255966524)
  );
#67 = DIRECTION('',(0.,0.,1.));
#68 = DIRECTION('',(1.,0.,0.));
#69 = AXIS2_PLACEMENT_3D('',#70,#71,#72);
#70 = CARTESIAN_POINT('',(4.559383937615,1.268943831911,1.416744033476)
  );
#71 = DIRECTION('',(0.,0.,1.));
#72 = DIRECTION('',(1.,0.,0.));
#73 = AXIS2_PLACEMENT_3D('',#74,#75,#76);
#74 = CARTESIAN_POINT('',(-8.148195427464,1.546205742812,-4.333255966524
    ));
#75 = DIRECTION('',(0.,0.,1.));
#76 = DIRECTION('',(1.,0.,0.));
#77 = AXIS2_PLACEMENT_3D('',#78,#79,#80);
#78 = CARTESIAN_POINT('',(-8.140616062385,1.268943831911,1.416744033476)
  );
#79 = DIRECTION('',(0.,0.,1.));
#80 = DIRECTION('',(1.,0.,0.));
#81 = AXIS2_PLACEMENT_3D('',#82,#83,#84);
#82 = CARTESIAN_POINT('',(7.091804572536,1.546205742812,-4.333255966524)
  );
#83 = DIRECTION('',(0.,0.,1.));
#84 = DIRECTION('',(1.,0.,0.));
#85 = AXIS2_PLACEMENT_3D('',#86,#87,#88);
#86 = CARTESIAN_POINT('',(7.099383937615,1.268943831911,1.416744033476)
  );
#87 = DIRECTION('',(0.,0.,1.));
#88 = DIRECTION('',(1.,0.,0.));
#89 = AXIS2_PLACEMENT_3D('',#90,#91,#92);
#90 = CARTESIAN_POINT('',(-10.68819542746,1.546205742812,-4.333255966524
    ));
#91 = DIRECTION('',(0.,0.,1.));
#92 = DIRECTION('',(1.,0.,0.));
#93 = AXIS2_PLACEMENT_3D('',#94,#95,#96);
#94 = CARTESIAN_POINT('',(-10.68061606238,1.268943831911,1.416744033476)
  );
#95 = DIRECTION('',(0.,0.,1.));
#96 = DIRECTION('',(1.,0.,0.));
#97 = AXIS2_PLACEMENT_3D('',#98,#99,#100);
#98 = CARTESIAN_POINT('',(9.631804572536,1.546205742812,-4.333255966524)
  );
#99 = DIRECTION('',(0.,0.,1.));
#100 = DIRECTION('',(1.,0.,0.));
#101 = AXIS2_PLACEMENT_3D('',#102,#103,#104);
#102 = CARTESIAN_POINT('',(9.639383937615,1.268943831911,1.416744033476)
  );
#103 = DIRECTION('',(0.,0.,1.));
#104 = DIRECTION('',(1.,0.,0.));
#105 = AXIS2_PLACEMENT_3D('',#106,#107,#108);
#106 = CARTESIAN_POINT('',(-13.22819542746,1.546205742812,
    -4.333255966524));
#107 = DIRECTION('',(0.,0.,1.));
#108 = DIRECTION('',(1.,0.,0.));
#109 = AXIS2_PLACEMENT_3D('',#110,#111,#112);
#110 = CARTESIAN_POINT('',(-13.22061606238,1.268943831911,1.416744033476
    ));
#111 = DIRECTION('',(0.,0.,1.));
#112 = DIRECTION('',(1.,0.,0.));
#113 = AXIS2_PLACEMENT_3D('',#114,#115,#116);
#114 = CARTESIAN_POINT('',(12.171804572536,1.546205742812,
    -4.333255966524));
#115 = DIRECTION('',(0.,0.,1.));
#116 = DIRECTION('',(1.,0.,0.));
#117 = AXIS2_PLACEMENT_3D('',#118,#119,#120);
#118 = CARTESIAN_POINT('',(12.179383937615,1.268943831911,1.416744033476
    ));
#119 = DIRECTION('',(0.,0.,1.));
#120 = DIRECTION('',(1.,0.,0.));
#121 = AXIS2_PLACEMENT_3D('',#122,#123,#124);
#122 = CARTESIAN_POINT('',(-15.76819542746,1.546205742812,
    -4.333255966524));
#123 = DIRECTION('',(0.,0.,1.));
#124 = DIRECTION('',(1.,0.,0.));
#125 = AXIS2_PLACEMENT_3D('',#126,#127,#128);
#126 = CARTESIAN_POINT('',(-15.76061606238,1.268943831911,1.416744033476
    ));
#127 = DIRECTION('',(0.,0.,1.));
#128 = DIRECTION('',(1.,0.,0.));
#129 = AXIS2_PLACEMENT_3D('',#130,#131,#132);
#130 = CARTESIAN_POINT('',(14.711804572536,1.546205742812,
    -4.333255966524));
#131 = DIRECTION('',(0.,0.,1.));
#132 = DIRECTION('',(1.,0.,0.));
#133 = AXIS2_PLACEMENT_3D('',#134,#135,#136);
#134 = CARTESIAN_POINT('',(14.719383937615,1.268943831911,1.416744033476
    ));
#135 = DIRECTION('',(0.,0.,1.));
#136 = DIRECTION('',(1.,0.,0.));
#137 = AXIS2_PLACEMENT_3D('',#138,#139,#140);
#138 = CARTESIAN_POINT('',(-18.30819542746,1.546205742812,
    -4.333255966524));
#139 = DIRECTION('',(0.,0.,1.));
#140 = DIRECTION('',(1.,0.,0.));
#141 = AXIS2_PLACEMENT_3D('',#142,#143,#144);
#142 = CARTESIAN_POINT('',(-18.30061606238,1.268943831911,1.416744033476
    ));
#143 = DIRECTION('',(0.,0.,1.));
#144 = DIRECTION('',(1.,0.,0.));
#145 = AXIS2_PLACEMENT_3D('',#146,#147,#148);
#146 = CARTESIAN_POINT('',(17.251804572536,1.546205742812,
    -4.333255966524));
#147 = DIRECTION('',(0.,0.,1.));
#148 = DIRECTION('',(1.,0.,0.));
#149 = AXIS2_PLACEMENT_3D('',#150,#151,#152);
#150 = CARTESIAN_POINT('',(17.259383937615,1.268943831911,1.416744033476
    ));
#151 = DIRECTION('',(0.,0.,1.));
#152 = DIRECTION('',(1.,0.,0.));
#153 = AXIS2_PLACEMENT_3D('',#154,#155,#156);
#154 = CARTESIAN_POINT('',(-20.84819542746,1.546205742812,
    -4.333255966524));
#155 = DIRECTION('',(0.,0.,1.));
#156 = DIRECTION('',(1.,0.,0.));
#157 = AXIS2_PLACEMENT_3D('',#158,#159,#160);
#158 = CARTESIAN_POINT('',(-20.84061606238,1.268943831911,1.416744033476
    ));
#159 = DIRECTION('',(0.,0.,1.));
#160 = DIRECTION('',(1.,0.,0.));
#161 = AXIS2_PLACEMENT_3D('',#162,#163,#164);
#162 = CARTESIAN_POINT('',(19.791804572536,1.546205742812,
    -4.333255966524));
#163 = DIRECTION('',(0.,0.,1.));
#164 = DIRECTION('',(1.,0.,0.));
#165 = AXIS2_PLACEMENT_3D('',#166,#167,#168);
#166 = CARTESIAN_POINT('',(19.799383937615,1.268943831911,1.416744033476
    ));
#167 = DIRECTION('',(0.,0.,1.));
#168 = DIRECTION('',(1.,0.,0.));
#169 = AXIS2_PLACEMENT_3D('',#170,#171,#172);
#170 = CARTESIAN_POINT('',(-23.38819542746,1.546205742812,
    -4.333255966524));
#171 = DIRECTION('',(0.,0.,1.));
#172 = DIRECTION('',(1.,0.,0.));
#173 = AXIS2_PLACEMENT_3D('',#174,#175,#176);
#174 = CARTESIAN_POINT('',(-23.38061606238,1.268943831911,1.416744033476
    ));
#175 = DIRECTION('',(0.,0.,1.));
#176 = DIRECTION('',(1.,0.,0.));
#177 = AXIS2_PLACEMENT_3D('',#178,#179,#180);
#178 = CARTESIAN_POINT('',(22.331804572536,1.546205742812,
    -4.333255966524));
#179 = DIRECTION('',(0.,0.,1.));
#180 = DIRECTION('',(1.,0.,0.));
#181 = AXIS2_PLACEMENT_3D('',#182,#183,#184);
#182 = CARTESIAN_POINT('',(22.339383937615,1.268943831911,1.416744033476
    ));
#183 = DIRECTION('',(0.,0.,1.));
#184 = DIRECTION('',(1.,0.,0.));
#185 = AXIS2_PLACEMENT_3D('',#186,#187,#188);
#186 = CARTESIAN_POINT('',(-25.92819542746,1.546205742812,
    -4.333255966524));
#187 = DIRECTION('',(0.,0.,1.));
#188 = DIRECTION('',(1.,0.,0.));
#189 = AXIS2_PLACEMENT_3D('',#190,#191,#192);
#190 = CARTESIAN_POINT('',(-25.92061606238,1.268943831911,1.416744033476
    ));
#191 = DIRECTION('',(0.,0.,1.));
#192 = DIRECTION('',(1.,0.,0.));
#193 = AXIS2_PLACEMENT_3D('',#194,#195,#196);
#194 = CARTESIAN_POINT('',(24.871804572536,1.546205742812,
    -4.333255966524));
#195 = DIRECTION('',(0.,0.,1.));
#196 = DIRECTION('',(1.,0.,0.));
#197 = AXIS2_PLACEMENT_3D('',#198,#199,#200);
#198 = CARTESIAN_POINT('',(24.879383937615,1.268943831911,1.416744033476
    ));
#199 = DIRECTION('',(0.,0.,1.));
#200 = DIRECTION('',(1.,0.,0.));
#201 = AXIS2_PLACEMENT_3D('',#202,#203,#204);
#202 = CARTESIAN_POINT('',(-28.46819542746,1.546205742812,
    -4.333255966524));
#203 = DIRECTION('',(0.,0.,1.));
#204 = DIRECTION('',(1.,0.,0.));
#205 = AXIS2_PLACEMENT_3D('',#206,#207,#208);
#206 = CARTESIAN_POINT('',(-28.46061606238,1.268943831911,1.416744033476
    ));
#207 = DIRECTION('',(0.,0.,1.));
#208 = DIRECTION('',(1.,0.,0.));
#209 = AXIS2_PLACEMENT_3D('',#210,#211,#212);
#210 = CARTESIAN_POINT('',(27.411804572536,1.546205742812,
    -4.333255966524));
#211 = DIRECTION('',(0.,0.,1.));
#212 = DIRECTION('',(1.,0.,0.));
#213 = AXIS2_PLACEMENT_3D('',#214,#215,#216);
#214 = CARTESIAN_POINT('',(27.419383937615,1.268943831911,1.416744033476
    ));
#215 = DIRECTION('',(0.,0.,1.));
#216 = DIRECTION('',(1.,0.,0.));
#217 = AXIS2_PLACEMENT_3D('',#218,#219,#220);
#218 = CARTESIAN_POINT('',(-31.00819542746,1.546205742812,
    -4.333255966524));
#219 = DIRECTION('',(0.,0.,1.));
#220 = DIRECTION('',(1.,0.,0.));
#221 = AXIS2_PLACEMENT_3D('',#222,#223,#224);
#222 = CARTESIAN_POINT('',(-31.00061606238,1.268943831911,1.416744033476
    ));
#223 = DIRECTION('',(0.,0.,1.));
#224 = DIRECTION('',(1.,0.,0.));
#225 = AXIS2_PLACEMENT_3D('',#226,#227,#228);
#226 = CARTESIAN_POINT('',(29.951804572536,1.546205742812,
    -4.333255966524));
#227 = DIRECTION('',(0.,0.,1.));
#228 = DIRECTION('',(1.,0.,0.));
#229 = AXIS2_PLACEMENT_3D('',#230,#231,#232);
#230 = CARTESIAN_POINT('',(29.959383937615,1.268943831911,1.416744033476
    ));
#231 = DIRECTION('',(0.,0.,1.));
#232 = DIRECTION('',(1.,0.,0.));
#233 = AXIS2_PLACEMENT_3D('',#234,#235,#236);
#234 = CARTESIAN_POINT('',(-33.54819542746,1.546205742812,
    -4.333255966524));
#235 = DIRECTION('',(0.,0.,1.));
#236 = DIRECTION('',(1.,0.,0.));
#237 = AXIS2_PLACEMENT_3D('',#238,#239,#240);
#238 = CARTESIAN_POINT('',(-33.54061606238,1.268943831911,1.416744033476
    ));
#239 = DIRECTION('',(0.,0.,1.));
#240 = DIRECTION('',(1.,0.,0.));
#241 = AXIS2_PLACEMENT_3D('',#242,#243,#244);
#242 = CARTESIAN_POINT('',(32.491804572536,1.546205742812,
    -4.333255966524));
#243 = DIRECTION('',(0.,0.,1.));
#244 = DIRECTION('',(1.,0.,0.));
#245 = AXIS2_PLACEMENT_3D('',#246,#247,#248);
#246 = CARTESIAN_POINT('',(32.499383937615,1.268943831911,1.416744033476
    ));
#247 = DIRECTION('',(0.,0.,1.));
#248 = DIRECTION('',(1.,0.,0.));
#249 = AXIS2_PLACEMENT_3D('',#250,#251,#252);
#250 = CARTESIAN_POINT('',(-36.08819542746,1.546205742812,
    -4.333255966524));
#251 = DIRECTION('',(0.,0.,1.));
#252 = DIRECTION('',(1.,0.,0.));
#253 = AXIS2_PLACEMENT_3D('',#254,#255,#256);
#254 = CARTESIAN_POINT('',(-36.08061606238,1.268943831911,1.416744033476
    ));
#255 = DIRECTION('',(0.,0.,1.));
#256 = DIRECTION('',(1.,0.,0.));
#257 = AXIS2_PLACEMENT_3D('',#258,#259,#260);
#258 = CARTESIAN_POINT('',(35.031804572536,1.546205742812,
    -4.333255966524));
#259 = DIRECTION('',(0.,0.,1.));
#260 = DIRECTION('',(1.,0.,0.));
#261 = AXIS2_PLACEMENT_3D('',#262,#263,#264);
#262 = CARTESIAN_POINT('',(35.039383937615,1.268943831911,1.416744033476
    ));
#263 = DIRECTION('',(0.,0.,1.));
#264 = DIRECTION('',(1.,0.,0.));
#265 = AXIS2_PLACEMENT_3D('',#266,#267,#268);
#266 = CARTESIAN_POINT('',(-38.62819542746,1.546205742812,
    -4.333255966524));
#267 = DIRECTION('',(0.,0.,1.));
#268 = DIRECTION('',(1.,0.,0.));
#269 = AXIS2_PLACEMENT_3D('',#270,#271,#272);
#270 = CARTESIAN_POINT('',(-38.62061606238,1.268943831911,1.416744033476
    ));
#271 = DIRECTION('',(0.,0.,1.));
#272 = DIRECTION('',(1.,0.,0.));
#273 = AXIS2_PLACEMENT_3D('',#274,#275,#276);
#274 = CARTESIAN_POINT('',(37.571804572536,1.546205742812,
    -4.333255966524));
#275 = DIRECTION('',(0.,0.,1.));
#276 = DIRECTION('',(1.,0.,0.));
#277 = AXIS2_PLACEMENT_3D('',#278,#279,#280);
#278 = CARTESIAN_POINT('',(37.579383937615,1.268943831911,1.416744033476
    ));
#279 = DIRECTION('',(0.,0.,1.));
#280 = DIRECTION('',(1.,0.,0.));
#281 = ( GEOMETRIC_REPRESENTATION_CONTEXT(3) 
GLOBAL_UNCERTAINTY_ASSIGNED_CONTEXT((#285)) GLOBAL_UNIT_ASSIGNED_CONTEXT
((#282,#283,#284)) REPRESENTATION_CONTEXT('Context #1',
  '3D Context with UNIT and UNCERTAINTY') );
#282 = ( LENGTH_UNIT() NAMED_UNIT(*) SI_UNIT(.MILLI.,.METRE.) );
#283 = ( NAMED_UNIT(*) PLANE_ANGLE_UNIT() SI_UNIT($,.RADIAN.) );
#284 = ( NAMED_UNIT(*) SI_UNIT($,.STERADIAN.) SOLID_ANGLE_UNIT() );
#285 = UNCERTAINTY_MEASURE_WITH_UNIT(LENGTH_MEASURE(1.E-07),#282,
  'distance_accuracy_value','confusion accuracy');
#286 = CONTEXT_DEPENDENT_SHAPE_REPRESENTATION(#287,#289);
#287 = ( REPRESENTATION_RELATIONSHIP('','',#32,#10) 
REPRESENTATION_RELATIONSHIP_WITH_TRANSFORMATION(#288) 
SHAPE_REPRESENTATION_RELATIONSHIP() );
#288 = ITEM_DEFINED_TRANSFORMATION('','',#11,#15);
#289 = PRODUCT_DEFINITION_SHAPE('Placement','Placement of an item',#290
  );
#290 = NEXT_ASSEMBLY_USAGE_OCCURRENCE('2778','001017565003','',#5,#27,$
  );
#291 = PRODUCT_RELATED_PRODUCT_CATEGORY('part',$,(#29));
#292 = SHAPE_DEFINITION_REPRESENTATION(#293,#299);
#293 = PRODUCT_DEFINITION_SHAPE('','',#294);
#294 = PRODUCT_DEFINITION('design','',#295,#298);
#295 = PRODUCT_DEFINITION_FORMATION('','',#296);
#296 = PRODUCT('F1000S1120M007B063','F1000S1120M007B063','',(#297));
#297 = PRODUCT_CONTEXT('',#2,'mechanical');
#298 = PRODUCT_DEFINITION_CONTEXT('part definition',#2,'design');
#299 = ADVANCED_BREP_SHAPE_REPRESENTATION('',(#11,#300),#1306);
#300 = MANIFOLD_SOLID_BREP('',#301);
#301 = CLOSED_SHELL('',(#302,#342,#382,#413,#453,#484,#524,#555,#586,
    #642,#698,#729,#753,#784,#817,#852,#869,#890,#925,#971,#1011,#1042,
    #1073,#1095,#1126,#1150,#1168,#1197,#1219,#1236,#1253,#1265,#1277,
    #1294));
#302 = ADVANCED_FACE('',(#303),#337,.T.);
#303 = FACE_BOUND('',#304,.T.);
#304 = EDGE_LOOP('',(#305,#315,#323,#331));
#305 = ORIENTED_EDGE('',*,*,#306,.T.);
#306 = EDGE_CURVE('',#307,#309,#311,.T.);
#307 = VERTEX_POINT('',#308);
#308 = CARTESIAN_POINT('',(-0.814865100164,1.25,2.65));
#309 = VERTEX_POINT('',#310);
#310 = CARTESIAN_POINT('',(-0.814865100164,0.85,2.65));
#311 = LINE('',#312,#313);
#312 = CARTESIAN_POINT('',(-0.814865100164,-0.1,2.65));
#313 = VECTOR('',#314,1.);
#314 = DIRECTION('',(0.,-1.,0.));
#315 = ORIENTED_EDGE('',*,*,#316,.F.);
#316 = EDGE_CURVE('',#317,#309,#319,.T.);
#317 = VERTEX_POINT('',#318);
#318 = CARTESIAN_POINT('',(0.814865100164,0.85,2.65));
#319 = LINE('',#320,#321);
#320 = CARTESIAN_POINT('',(-0.919896230895,0.85,2.65));
#321 = VECTOR('',#322,1.);
#322 = DIRECTION('',(-1.,-3.01725071627E-16,0.));
#323 = ORIENTED_EDGE('',*,*,#324,.T.);
#324 = EDGE_CURVE('',#317,#325,#327,.T.);
#325 = VERTEX_POINT('',#326);
#326 = CARTESIAN_POINT('',(0.814865100164,1.25,2.65));
#327 = LINE('',#328,#329);
#328 = CARTESIAN_POINT('',(0.814865100164,-0.1,2.65));
#329 = VECTOR('',#330,1.);
#330 = DIRECTION('',(0.,1.,0.));
#331 = ORIENTED_EDGE('',*,*,#332,.F.);
#332 = EDGE_CURVE('',#307,#325,#333,.T.);
#333 = LINE('',#334,#335);
#334 = CARTESIAN_POINT('',(0.919896230895,1.25,2.65));
#335 = VECTOR('',#336,1.);
#336 = DIRECTION('',(1.,0.,0.));
#337 = PLANE('',#338);
#338 = AXIS2_PLACEMENT_3D('',#339,#340,#341);
#339 = CARTESIAN_POINT('',(-1.561251128379E-16,1.05,2.65));
#340 = DIRECTION('',(0.,0.,1.));
#341 = DIRECTION('',(1.,0.,-0.));
#342 = ADVANCED_FACE('',(#343),#377,.T.);
#343 = FACE_BOUND('',#344,.T.);
#344 = EDGE_LOOP('',(#345,#355,#363,#371));
#345 = ORIENTED_EDGE('',*,*,#346,.T.);
#346 = EDGE_CURVE('',#347,#349,#351,.T.);
#347 = VERTEX_POINT('',#348);
#348 = CARTESIAN_POINT('',(-0.814865100164,-0.85,2.65));
#349 = VERTEX_POINT('',#350);
#350 = CARTESIAN_POINT('',(-0.814865100164,-1.25,2.65));
#351 = LINE('',#352,#353);
#352 = CARTESIAN_POINT('',(-0.814865100164,-1.15,2.65));
#353 = VECTOR('',#354,1.);
#354 = DIRECTION('',(0.,-1.,0.));
#355 = ORIENTED_EDGE('',*,*,#356,.F.);
#356 = EDGE_CURVE('',#357,#349,#359,.T.);
#357 = VERTEX_POINT('',#358);
#358 = CARTESIAN_POINT('',(0.814865100164,-1.25,2.65));
#359 = LINE('',#360,#361);
#360 = CARTESIAN_POINT('',(0.919896230895,-1.25,2.65));
#361 = VECTOR('',#362,1.);
#362 = DIRECTION('',(-1.,0.,0.));
#363 = ORIENTED_EDGE('',*,*,#364,.T.);
#364 = EDGE_CURVE('',#357,#365,#367,.T.);
#365 = VERTEX_POINT('',#366);
#366 = CARTESIAN_POINT('',(0.814865100164,-0.85,2.65));
#367 = LINE('',#368,#369);
#368 = CARTESIAN_POINT('',(0.814865100164,-1.15,2.65));
#369 = VECTOR('',#370,1.);
#370 = DIRECTION('',(0.,1.,0.));
#371 = ORIENTED_EDGE('',*,*,#372,.F.);
#372 = EDGE_CURVE('',#347,#365,#373,.T.);
#373 = LINE('',#374,#375);
#374 = CARTESIAN_POINT('',(-0.919896230895,-0.85,2.65));
#375 = VECTOR('',#376,1.);
#376 = DIRECTION('',(1.,3.01725071627E-16,0.));
#377 = PLANE('',#378);
#378 = AXIS2_PLACEMENT_3D('',#379,#380,#381);
#379 = CARTESIAN_POINT('',(1.214306433184E-16,-1.05,2.65));
#380 = DIRECTION('',(0.,0.,1.));
#381 = DIRECTION('',(1.,0.,-0.));
#382 = ADVANCED_FACE('',(#383),#408,.T.);
#383 = FACE_BOUND('',#384,.T.);
#384 = EDGE_LOOP('',(#385,#393,#401,#407));
#385 = ORIENTED_EDGE('',*,*,#386,.T.);
#386 = EDGE_CURVE('',#309,#387,#389,.T.);
#387 = VERTEX_POINT('',#388);
#388 = CARTESIAN_POINT('',(-0.919896230895,0.85,2.5));
#389 = LINE('',#390,#391);
#390 = CARTESIAN_POINT('',(-0.617259635815,0.85,2.93220985003));
#391 = VECTOR('',#392,1.);
#392 = DIRECTION('',(-0.573576436351,-1.730623913416E-16,-0.819152044289
    ));
#393 = ORIENTED_EDGE('',*,*,#394,.F.);
#394 = EDGE_CURVE('',#395,#387,#397,.T.);
#395 = VERTEX_POINT('',#396);
#396 = CARTESIAN_POINT('',(0.919896230895,0.85,2.5));
#397 = LINE('',#398,#399);
#398 = CARTESIAN_POINT('',(0.459948115448,0.85,2.5));
#399 = VECTOR('',#400,1.);
#400 = DIRECTION('',(-1.,-3.01725071627E-16,0.));
#401 = ORIENTED_EDGE('',*,*,#402,.T.);
#402 = EDGE_CURVE('',#395,#317,#403,.T.);
#403 = LINE('',#404,#405);
#404 = CARTESIAN_POINT('',(0.867380665529,0.85,2.575));
#405 = VECTOR('',#406,1.);
#406 = DIRECTION('',(-0.573576436351,-1.730623913416E-16,0.819152044289)
  );
#407 = ORIENTED_EDGE('',*,*,#316,.T.);
#408 = PLANE('',#409);
#409 = AXIS2_PLACEMENT_3D('',#410,#411,#412);
#410 = CARTESIAN_POINT('',(0.919896230895,0.85,2.5));
#411 = DIRECTION('',(3.01725071627E-16,-1.,0.));
#412 = DIRECTION('',(0.,0.,-1.));
#413 = ADVANCED_FACE('',(#414),#448,.T.);
#414 = FACE_BOUND('',#415,.T.);
#415 = EDGE_LOOP('',(#416,#426,#434,#442));
#416 = ORIENTED_EDGE('',*,*,#417,.T.);
#417 = EDGE_CURVE('',#418,#420,#422,.T.);
#418 = VERTEX_POINT('',#419);
#419 = CARTESIAN_POINT('',(-0.814865100164,-0.85,-0.15));
#420 = VERTEX_POINT('',#421);
#421 = CARTESIAN_POINT('',(-0.919896230895,-0.85,0.));
#422 = LINE('',#423,#424);
#423 = CARTESIAN_POINT('',(-0.56474407045,-0.85,-0.50720985003));
#424 = VECTOR('',#425,1.);
#425 = DIRECTION('',(-0.573576436351,1.730623913416E-16,0.819152044289)
  );
#426 = ORIENTED_EDGE('',*,*,#427,.F.);
#427 = EDGE_CURVE('',#428,#420,#430,.T.);
#428 = VERTEX_POINT('',#429);
#429 = CARTESIAN_POINT('',(0.919896230895,-0.85,0.));
#430 = LINE('',#431,#432);
#431 = CARTESIAN_POINT('',(0.459948115448,-0.85,0.));
#432 = VECTOR('',#433,1.);
#433 = DIRECTION('',(-1.,3.01725071627E-16,0.));
#434 = ORIENTED_EDGE('',*,*,#435,.T.);
#435 = EDGE_CURVE('',#428,#436,#438,.T.);
#436 = VERTEX_POINT('',#437);
#437 = CARTESIAN_POINT('',(0.814865100164,-0.85,-0.15));
#438 = LINE('',#439,#440);
#439 = CARTESIAN_POINT('',(0.919896230895,-0.85,-5.233716864941E-17));
#440 = VECTOR('',#441,1.);
#441 = DIRECTION('',(-0.573576436351,1.730623913416E-16,-0.819152044289)
  );
#442 = ORIENTED_EDGE('',*,*,#443,.T.);
#443 = EDGE_CURVE('',#436,#418,#444,.T.);
#444 = LINE('',#445,#446);
#445 = CARTESIAN_POINT('',(0.919896230895,-0.85,-0.15));
#446 = VECTOR('',#447,1.);
#447 = DIRECTION('',(-1.,3.01725071627E-16,0.));
#448 = PLANE('',#449);
#449 = AXIS2_PLACEMENT_3D('',#450,#451,#452);
#450 = CARTESIAN_POINT('',(0.919896230895,-0.85,0.));
#451 = DIRECTION('',(3.01725071627E-16,1.,0.));
#452 = DIRECTION('',(0.,-0.,1.));
#453 = ADVANCED_FACE('',(#454),#479,.F.);
#454 = FACE_BOUND('',#455,.T.);
#455 = EDGE_LOOP('',(#456,#464,#465,#473));
#456 = ORIENTED_EDGE('',*,*,#457,.T.);
#457 = EDGE_CURVE('',#458,#418,#460,.T.);
#458 = VERTEX_POINT('',#459);
#459 = CARTESIAN_POINT('',(-0.814865100164,-1.25,-0.15));
#460 = LINE('',#461,#462);
#461 = CARTESIAN_POINT('',(-0.814865100164,-1.15,-0.15));
#462 = VECTOR('',#463,1.);
#463 = DIRECTION('',(0.,1.,0.));
#464 = ORIENTED_EDGE('',*,*,#443,.F.);
#465 = ORIENTED_EDGE('',*,*,#466,.T.);
#466 = EDGE_CURVE('',#436,#467,#469,.T.);
#467 = VERTEX_POINT('',#468);
#468 = CARTESIAN_POINT('',(0.814865100164,-1.25,-0.15));
#469 = LINE('',#470,#471);
#470 = CARTESIAN_POINT('',(0.814865100164,-1.15,-0.15));
#471 = VECTOR('',#472,1.);
#472 = DIRECTION('',(0.,-1.,0.));
#473 = ORIENTED_EDGE('',*,*,#474,.F.);
#474 = EDGE_CURVE('',#458,#467,#475,.T.);
#475 = LINE('',#476,#477);
#476 = CARTESIAN_POINT('',(-0.919896230895,-1.25,-0.15));
#477 = VECTOR('',#478,1.);
#478 = DIRECTION('',(1.,0.,0.));
#479 = PLANE('',#480);
#480 = AXIS2_PLACEMENT_3D('',#481,#482,#483);
#481 = CARTESIAN_POINT('',(4.336808689942E-16,-1.05,-0.15));
#482 = DIRECTION('',(0.,0.,1.));
#483 = DIRECTION('',(1.,0.,-0.));
#484 = ADVANCED_FACE('',(#485),#519,.T.);
#485 = FACE_BOUND('',#486,.T.);
#486 = EDGE_LOOP('',(#487,#497,#505,#513));
#487 = ORIENTED_EDGE('',*,*,#488,.T.);
#488 = EDGE_CURVE('',#489,#491,#493,.T.);
#489 = VERTEX_POINT('',#490);
#490 = CARTESIAN_POINT('',(-0.919896230895,0.85,0.));
#491 = VERTEX_POINT('',#492);
#492 = CARTESIAN_POINT('',(-0.814865100164,0.85,-0.15));
#493 = LINE('',#494,#495);
#494 = CARTESIAN_POINT('',(-0.867380665529,0.85,-7.5E-02));
#495 = VECTOR('',#496,1.);
#496 = DIRECTION('',(0.573576436351,-1.730623913416E-16,-0.819152044289)
  );
#497 = ORIENTED_EDGE('',*,*,#498,.T.);
#498 = EDGE_CURVE('',#491,#499,#501,.T.);
#499 = VERTEX_POINT('',#500);
#500 = CARTESIAN_POINT('',(0.814865100164,0.85,-0.15));
#501 = LINE('',#502,#503);
#502 = CARTESIAN_POINT('',(0.919896230895,0.85,-0.15));
#503 = VECTOR('',#504,1.);
#504 = DIRECTION('',(1.,-3.01725071627E-16,0.));
#505 = ORIENTED_EDGE('',*,*,#506,.T.);
#506 = EDGE_CURVE('',#499,#507,#509,.T.);
#507 = VERTEX_POINT('',#508);
#508 = CARTESIAN_POINT('',(0.919896230895,0.85,0.));
#509 = LINE('',#510,#511);
#510 = CARTESIAN_POINT('',(0.617259635815,0.85,-0.43220985003));
#511 = VECTOR('',#512,1.);
#512 = DIRECTION('',(0.573576436351,-1.730623913416E-16,0.819152044289)
  );
#513 = ORIENTED_EDGE('',*,*,#514,.F.);
#514 = EDGE_CURVE('',#489,#507,#515,.T.);
#515 = LINE('',#516,#517);
#516 = CARTESIAN_POINT('',(-0.459948115448,0.85,0.));
#517 = VECTOR('',#518,1.);
#518 = DIRECTION('',(1.,-3.01725071627E-16,0.));
#519 = PLANE('',#520);
#520 = AXIS2_PLACEMENT_3D('',#521,#522,#523);
#521 = CARTESIAN_POINT('',(-0.919896230895,0.85,0.));
#522 = DIRECTION('',(-3.01725071627E-16,-1.,0.));
#523 = DIRECTION('',(-0.,0.,-1.));
#524 = ADVANCED_FACE('',(#525),#550,.F.);
#525 = FACE_BOUND('',#526,.T.);
#526 = EDGE_LOOP('',(#527,#535,#543,#549));
#527 = ORIENTED_EDGE('',*,*,#528,.T.);
#528 = EDGE_CURVE('',#491,#529,#531,.T.);
#529 = VERTEX_POINT('',#530);
#530 = CARTESIAN_POINT('',(-0.814865100164,1.25,-0.15));
#531 = LINE('',#532,#533);
#532 = CARTESIAN_POINT('',(-0.814865100164,-0.1,-0.15));
#533 = VECTOR('',#534,1.);
#534 = DIRECTION('',(0.,1.,0.));
#535 = ORIENTED_EDGE('',*,*,#536,.F.);
#536 = EDGE_CURVE('',#537,#529,#539,.T.);
#537 = VERTEX_POINT('',#538);
#538 = CARTESIAN_POINT('',(0.814865100164,1.25,-0.15));
#539 = LINE('',#540,#541);
#540 = CARTESIAN_POINT('',(-0.919896230895,1.25,-0.15));
#541 = VECTOR('',#542,1.);
#542 = DIRECTION('',(-1.,0.,0.));
#543 = ORIENTED_EDGE('',*,*,#544,.T.);
#544 = EDGE_CURVE('',#537,#499,#545,.T.);
#545 = LINE('',#546,#547);
#546 = CARTESIAN_POINT('',(0.814865100164,-0.1,-0.15));
#547 = VECTOR('',#548,1.);
#548 = DIRECTION('',(0.,-1.,0.));
#549 = ORIENTED_EDGE('',*,*,#498,.F.);
#550 = PLANE('',#551);
#551 = AXIS2_PLACEMENT_3D('',#552,#553,#554);
#552 = CARTESIAN_POINT('',(6.071532165919E-16,1.05,-0.15));
#553 = DIRECTION('',(0.,0.,1.));
#554 = DIRECTION('',(1.,0.,-0.));
#555 = ADVANCED_FACE('',(#556),#581,.T.);
#556 = FACE_BOUND('',#557,.T.);
#557 = EDGE_LOOP('',(#558,#566,#567,#575));
#558 = ORIENTED_EDGE('',*,*,#559,.T.);
#559 = EDGE_CURVE('',#560,#347,#562,.T.);
#560 = VERTEX_POINT('',#561);
#561 = CARTESIAN_POINT('',(-0.919896230895,-0.85,2.5));
#562 = LINE('',#563,#564);
#563 = CARTESIAN_POINT('',(-0.919896230895,-0.85,2.5));
#564 = VECTOR('',#565,1.);
#565 = DIRECTION('',(0.573576436351,1.730623913416E-16,0.819152044289));
#566 = ORIENTED_EDGE('',*,*,#372,.T.);
#567 = ORIENTED_EDGE('',*,*,#568,.T.);
#568 = EDGE_CURVE('',#365,#569,#571,.T.);
#569 = VERTEX_POINT('',#570);
#570 = CARTESIAN_POINT('',(0.919896230895,-0.85,2.5));
#571 = LINE('',#572,#573);
#572 = CARTESIAN_POINT('',(0.56474407045,-0.85,3.00720985003));
#573 = VECTOR('',#574,1.);
#574 = DIRECTION('',(0.573576436351,1.730623913416E-16,-0.819152044289)
  );
#575 = ORIENTED_EDGE('',*,*,#576,.F.);
#576 = EDGE_CURVE('',#560,#569,#577,.T.);
#577 = LINE('',#578,#579);
#578 = CARTESIAN_POINT('',(-0.459948115448,-0.85,2.5));
#579 = VECTOR('',#580,1.);
#580 = DIRECTION('',(1.,3.01725071627E-16,0.));
#581 = PLANE('',#582);
#582 = AXIS2_PLACEMENT_3D('',#583,#584,#585);
#583 = CARTESIAN_POINT('',(-0.919896230895,-0.85,2.5));
#584 = DIRECTION('',(-3.01725071627E-16,1.,0.));
#585 = DIRECTION('',(0.,0.,1.));
#586 = ADVANCED_FACE('',(#587),#637,.F.);
#587 = FACE_BOUND('',#588,.T.);
#588 = EDGE_LOOP('',(#589,#599,#605,#606,#607,#613,#614,#615,#623,#631)
  );
#589 = ORIENTED_EDGE('',*,*,#590,.F.);
#590 = EDGE_CURVE('',#591,#593,#595,.T.);
#591 = VERTEX_POINT('',#592);
#592 = CARTESIAN_POINT('',(0.989916984716,-1.25,1.E-01));
#593 = VERTEX_POINT('',#594);
#594 = CARTESIAN_POINT('',(1.27,-0.85,0.5));
#595 = LINE('',#596,#597);
#596 = CARTESIAN_POINT('',(1.49494002561,-0.528752350789,0.821247649211)
  );
#597 = VECTOR('',#598,1.);
#598 = DIRECTION('',(0.44371260628,0.633687274225,0.633687274225));
#599 = ORIENTED_EDGE('',*,*,#600,.F.);
#600 = EDGE_CURVE('',#467,#591,#601,.T.);
#601 = LINE('',#602,#603);
#602 = CARTESIAN_POINT('',(0.977486537849,-1.25,8.224748208429E-02));
#603 = VECTOR('',#604,1.);
#604 = DIRECTION('',(0.573576436351,0.,0.819152044289));
#605 = ORIENTED_EDGE('',*,*,#466,.F.);
#606 = ORIENTED_EDGE('',*,*,#435,.F.);
#607 = ORIENTED_EDGE('',*,*,#608,.F.);
#608 = EDGE_CURVE('',#507,#428,#609,.T.);
#609 = LINE('',#610,#611);
#610 = CARTESIAN_POINT('',(0.919896230895,-0.625,4.336808689942E-18));
#611 = VECTOR('',#612,1.);
#612 = DIRECTION('',(0.,-1.,0.));
#613 = ORIENTED_EDGE('',*,*,#506,.F.);
#614 = ORIENTED_EDGE('',*,*,#544,.F.);
#615 = ORIENTED_EDGE('',*,*,#616,.F.);
#616 = EDGE_CURVE('',#617,#537,#619,.T.);
#617 = VERTEX_POINT('',#618);
#618 = CARTESIAN_POINT('',(0.989916984716,1.25,1.E-01));
#619 = LINE('',#620,#621);
#620 = CARTESIAN_POINT('',(0.559669328861,1.25,-0.514457332115));
#621 = VECTOR('',#622,1.);
#622 = DIRECTION('',(-0.573576436351,0.,-0.819152044289));
#623 = ORIENTED_EDGE('',*,*,#624,.F.);
#624 = EDGE_CURVE('',#625,#617,#627,.T.);
#625 = VERTEX_POINT('',#626);
#626 = CARTESIAN_POINT('',(1.27,0.85,0.5));
#627 = LINE('',#628,#629);
#628 = CARTESIAN_POINT('',(1.762602314386,0.146490986593,1.203509013407)
  );
#629 = VECTOR('',#630,1.);
#630 = DIRECTION('',(-0.44371260628,0.633687274225,-0.633687274225));
#631 = ORIENTED_EDGE('',*,*,#632,.F.);
#632 = EDGE_CURVE('',#593,#625,#633,.T.);
#633 = LINE('',#634,#635);
#634 = CARTESIAN_POINT('',(1.27,-3.963906999144E-17,0.5));
#635 = VECTOR('',#636,1.);
#636 = DIRECTION('',(1.110223024625E-16,1.,1.585562799658E-16));
#637 = PLANE('',#638);
#638 = AXIS2_PLACEMENT_3D('',#639,#640,#641);
#639 = CARTESIAN_POINT('',(1.27,-1.25,0.5));
#640 = DIRECTION('',(-0.819152044289,0.,0.573576436351));
#641 = DIRECTION('',(0.573576436351,0.,0.819152044289));
#642 = ADVANCED_FACE('',(#643),#693,.F.);
#643 = FACE_BOUND('',#644,.T.);
#644 = EDGE_LOOP('',(#645,#655,#663,#671,#677,#678,#679,#685,#686,#687)
  );
#645 = ORIENTED_EDGE('',*,*,#646,.F.);
#646 = EDGE_CURVE('',#647,#649,#651,.T.);
#647 = VERTEX_POINT('',#648);
#648 = CARTESIAN_POINT('',(-1.27,-0.85,0.5));
#649 = VERTEX_POINT('',#650);
#650 = CARTESIAN_POINT('',(-0.989916984716,-1.25,0.1));
#651 = LINE('',#652,#653);
#652 = CARTESIAN_POINT('',(-1.306375397821,-0.798050548107,
    0.551949451893));
#653 = VECTOR('',#654,1.);
#654 = DIRECTION('',(0.44371260628,-0.633687274225,-0.633687274225));
#655 = ORIENTED_EDGE('',*,*,#656,.F.);
#656 = EDGE_CURVE('',#657,#647,#659,.T.);
#657 = VERTEX_POINT('',#658);
#658 = CARTESIAN_POINT('',(-1.27,0.85,0.5));
#659 = LINE('',#660,#661);
#660 = CARTESIAN_POINT('',(-1.27,-1.25,0.5));
#661 = VECTOR('',#662,1.);
#662 = DIRECTION('',(1.110223024625E-16,-1.,-1.585562799658E-16));
#663 = ORIENTED_EDGE('',*,*,#664,.F.);
#664 = EDGE_CURVE('',#665,#657,#667,.T.);
#665 = VERTEX_POINT('',#666);
#666 = CARTESIAN_POINT('',(-0.989916984716,1.25,1.E-01));
#667 = LINE('',#668,#669);
#668 = CARTESIAN_POINT('',(-1.741650689076,0.176413008517,1.173586991483
    ));
#669 = VECTOR('',#670,1.);
#670 = DIRECTION('',(-0.44371260628,-0.633687274225,0.633687274225));
#671 = ORIENTED_EDGE('',*,*,#672,.F.);
#672 = EDGE_CURVE('',#529,#665,#673,.T.);
#673 = LINE('',#674,#675);
#674 = CARTESIAN_POINT('',(-0.977486537849,1.25,8.224748208429E-02));
#675 = VECTOR('',#676,1.);
#676 = DIRECTION('',(-0.573576436351,0.,0.819152044289));
#677 = ORIENTED_EDGE('',*,*,#528,.F.);
#678 = ORIENTED_EDGE('',*,*,#488,.F.);
#679 = ORIENTED_EDGE('',*,*,#680,.F.);
#680 = EDGE_CURVE('',#420,#489,#681,.T.);
#681 = LINE('',#682,#683);
#682 = CARTESIAN_POINT('',(-0.919896230895,-0.625,-3.469446951954E-17));
#683 = VECTOR('',#684,1.);
#684 = DIRECTION('',(0.,1.,0.));
#685 = ORIENTED_EDGE('',*,*,#417,.F.);
#686 = ORIENTED_EDGE('',*,*,#457,.F.);
#687 = ORIENTED_EDGE('',*,*,#688,.F.);
#688 = EDGE_CURVE('',#649,#458,#689,.T.);
#689 = LINE('',#690,#691);
#690 = CARTESIAN_POINT('',(-0.507153763495,-1.25,-0.589457332115));
#691 = VECTOR('',#692,1.);
#692 = DIRECTION('',(0.573576436351,0.,-0.819152044289));
#693 = PLANE('',#694);
#694 = AXIS2_PLACEMENT_3D('',#695,#696,#697);
#695 = CARTESIAN_POINT('',(-0.919896230895,-1.25,8.574786002859E-17));
#696 = DIRECTION('',(0.819152044289,0.,0.573576436351));
#697 = DIRECTION('',(0.573576436351,0.,-0.819152044289));
#698 = ADVANCED_FACE('',(#699),#724,.T.);
#699 = FACE_BOUND('',#700,.T.);
#700 = EDGE_LOOP('',(#701,#702,#710,#718));
#701 = ORIENTED_EDGE('',*,*,#632,.T.);
#702 = ORIENTED_EDGE('',*,*,#703,.T.);
#703 = EDGE_CURVE('',#625,#704,#706,.T.);
#704 = VERTEX_POINT('',#705);
#705 = CARTESIAN_POINT('',(1.27,0.85,2.));
#706 = LINE('',#707,#708);
#707 = CARTESIAN_POINT('',(1.27,0.85,1.25));
#708 = VECTOR('',#709,1.);
#709 = DIRECTION('',(0.,0.,1.));
#710 = ORIENTED_EDGE('',*,*,#711,.T.);
#711 = EDGE_CURVE('',#704,#712,#714,.T.);
#712 = VERTEX_POINT('',#713);
#713 = CARTESIAN_POINT('',(1.27,-0.85,2.));
#714 = LINE('',#715,#716);
#715 = CARTESIAN_POINT('',(1.27,9.948254670091E-17,2.));
#716 = VECTOR('',#717,1.);
#717 = DIRECTION('',(-1.110223024625E-16,-1.,1.585562799658E-16));
#718 = ORIENTED_EDGE('',*,*,#719,.T.);
#719 = EDGE_CURVE('',#712,#593,#720,.T.);
#720 = LINE('',#721,#722);
#721 = CARTESIAN_POINT('',(1.27,-0.85,1.25));
#722 = VECTOR('',#723,1.);
#723 = DIRECTION('',(0.,0.,-1.));
#724 = PLANE('',#725);
#725 = AXIS2_PLACEMENT_3D('',#726,#727,#728);
#726 = CARTESIAN_POINT('',(1.27,1.25,0.));
#727 = DIRECTION('',(1.,-1.110223024625E-16,0.));
#728 = DIRECTION('',(0.,0.,-1.));
#729 = ADVANCED_FACE('',(#730),#748,.F.);
#730 = FACE_BOUND('',#731,.T.);
#731 = EDGE_LOOP('',(#732,#733,#741,#747));
#732 = ORIENTED_EDGE('',*,*,#624,.T.);
#733 = ORIENTED_EDGE('',*,*,#734,.F.);
#734 = EDGE_CURVE('',#735,#617,#737,.T.);
#735 = VERTEX_POINT('',#736);
#736 = CARTESIAN_POINT('',(0.989916984716,1.25,2.4));
#737 = LINE('',#738,#739);
#738 = CARTESIAN_POINT('',(0.989916984716,1.25,1.25));
#739 = VECTOR('',#740,1.);
#740 = DIRECTION('',(0.,0.,-1.));
#741 = ORIENTED_EDGE('',*,*,#742,.T.);
#742 = EDGE_CURVE('',#735,#704,#743,.T.);
#743 = LINE('',#744,#745);
#744 = CARTESIAN_POINT('',(1.306375397821,0.798050548107,1.948050548107)
  );
#745 = VECTOR('',#746,1.);
#746 = DIRECTION('',(0.44371260628,-0.633687274225,-0.633687274225));
#747 = ORIENTED_EDGE('',*,*,#703,.F.);
#748 = PLANE('',#749);
#749 = AXIS2_PLACEMENT_3D('',#750,#751,#752);
#750 = CARTESIAN_POINT('',(0.989916984716,1.25,2.5));
#751 = DIRECTION('',(-0.819152044289,-0.573576436351,0.));
#752 = DIRECTION('',(0.,0.,1.));
#753 = ADVANCED_FACE('',(#754),#779,.F.);
#754 = FACE_BOUND('',#755,.T.);
#755 = EDGE_LOOP('',(#756,#757,#765,#773));
#756 = ORIENTED_EDGE('',*,*,#646,.T.);
#757 = ORIENTED_EDGE('',*,*,#758,.F.);
#758 = EDGE_CURVE('',#759,#649,#761,.T.);
#759 = VERTEX_POINT('',#760);
#760 = CARTESIAN_POINT('',(-0.989916984716,-1.25,2.4));
#761 = LINE('',#762,#763);
#762 = CARTESIAN_POINT('',(-0.989916984716,-1.25,1.25));
#763 = VECTOR('',#764,1.);
#764 = DIRECTION('',(0.,0.,-1.));
#765 = ORIENTED_EDGE('',*,*,#766,.T.);
#766 = EDGE_CURVE('',#759,#767,#769,.T.);
#767 = VERTEX_POINT('',#768);
#768 = CARTESIAN_POINT('',(-1.27,-0.85,2.));
#769 = LINE('',#770,#771);
#770 = CARTESIAN_POINT('',(-1.059664734355,-1.150389890379,
    2.300389890379));
#771 = VECTOR('',#772,1.);
#772 = DIRECTION('',(-0.44371260628,0.633687274225,-0.633687274225));
#773 = ORIENTED_EDGE('',*,*,#774,.F.);
#774 = EDGE_CURVE('',#647,#767,#775,.T.);
#775 = LINE('',#776,#777);
#776 = CARTESIAN_POINT('',(-1.27,-0.85,1.25));
#777 = VECTOR('',#778,1.);
#778 = DIRECTION('',(0.,0.,1.));
#779 = PLANE('',#780);
#780 = AXIS2_PLACEMENT_3D('',#781,#782,#783);
#781 = CARTESIAN_POINT('',(-0.989916984716,-1.25,2.5));
#782 = DIRECTION('',(0.819152044289,0.573576436351,0.));
#783 = DIRECTION('',(0.,0.,-1.));
#784 = ADVANCED_FACE('',(#785),#812,.T.);
#785 = FACE_BOUND('',#786,.T.);
#786 = EDGE_LOOP('',(#787,#795,#796,#802,#803,#804,#805,#806));
#787 = ORIENTED_EDGE('',*,*,#788,.T.);
#788 = EDGE_CURVE('',#789,#307,#791,.T.);
#789 = VERTEX_POINT('',#790);
#790 = CARTESIAN_POINT('',(-0.989916984716,1.25,2.4));
#791 = LINE('',#792,#793);
#792 = CARTESIAN_POINT('',(-1.564794425841,1.25,1.578989928337));
#793 = VECTOR('',#794,1.);
#794 = DIRECTION('',(0.573576436351,0.,0.819152044289));
#795 = ORIENTED_EDGE('',*,*,#332,.T.);
#796 = ORIENTED_EDGE('',*,*,#797,.T.);
#797 = EDGE_CURVE('',#325,#735,#798,.T.);
#798 = LINE('',#799,#800);
#799 = CARTESIAN_POINT('',(1.094461651487,1.25,2.250694742536));
#800 = VECTOR('',#801,1.);
#801 = DIRECTION('',(0.573576436351,0.,-0.819152044289));
#802 = ORIENTED_EDGE('',*,*,#734,.T.);
#803 = ORIENTED_EDGE('',*,*,#616,.T.);
#804 = ORIENTED_EDGE('',*,*,#536,.T.);
#805 = ORIENTED_EDGE('',*,*,#672,.T.);
#806 = ORIENTED_EDGE('',*,*,#807,.T.);
#807 = EDGE_CURVE('',#665,#789,#808,.T.);
#808 = LINE('',#809,#810);
#809 = CARTESIAN_POINT('',(-0.989916984716,1.25,1.25));
#810 = VECTOR('',#811,1.);
#811 = DIRECTION('',(0.,0.,1.));
#812 = PLANE('',#813);
#813 = AXIS2_PLACEMENT_3D('',#814,#815,#816);
#814 = CARTESIAN_POINT('',(-1.27,1.25,0.));
#815 = DIRECTION('',(0.,1.,0.));
#816 = DIRECTION('',(0.,-0.,1.));
#817 = ADVANCED_FACE('',(#818),#847,.F.);
#818 = FACE_BOUND('',#819,.T.);
#819 = EDGE_LOOP('',(#820,#821,#822,#823,#824,#830,#831,#832,#840,#846)
  );
#820 = ORIENTED_EDGE('',*,*,#742,.F.);
#821 = ORIENTED_EDGE('',*,*,#797,.F.);
#822 = ORIENTED_EDGE('',*,*,#324,.F.);
#823 = ORIENTED_EDGE('',*,*,#402,.F.);
#824 = ORIENTED_EDGE('',*,*,#825,.F.);
#825 = EDGE_CURVE('',#569,#395,#826,.T.);
#826 = LINE('',#827,#828);
#827 = CARTESIAN_POINT('',(0.919896230895,-0.625,2.5));
#828 = VECTOR('',#829,1.);
#829 = DIRECTION('',(0.,1.,0.));
#830 = ORIENTED_EDGE('',*,*,#568,.F.);
#831 = ORIENTED_EDGE('',*,*,#364,.F.);
#832 = ORIENTED_EDGE('',*,*,#833,.F.);
#833 = EDGE_CURVE('',#834,#357,#836,.T.);
#834 = VERTEX_POINT('',#835);
#835 = CARTESIAN_POINT('',(0.989916984716,-1.25,2.4));
#836 = LINE('',#837,#838);
#837 = CARTESIAN_POINT('',(1.512278860475,-1.25,1.653989928337));
#838 = VECTOR('',#839,1.);
#839 = DIRECTION('',(-0.573576436351,0.,0.819152044289));
#840 = ORIENTED_EDGE('',*,*,#841,.F.);
#841 = EDGE_CURVE('',#712,#834,#842,.T.);
#842 = LINE('',#843,#844);
#843 = CARTESIAN_POINT('',(1.038713109045,-1.180311912303,2.330311912303
    ));
#844 = VECTOR('',#845,1.);
#845 = DIRECTION('',(-0.44371260628,-0.633687274225,0.633687274225));
#846 = ORIENTED_EDGE('',*,*,#711,.F.);
#847 = PLANE('',#848);
#848 = AXIS2_PLACEMENT_3D('',#849,#850,#851);
#849 = CARTESIAN_POINT('',(0.919896230895,-1.25,2.5));
#850 = DIRECTION('',(-0.819152044289,0.,-0.573576436351));
#851 = DIRECTION('',(-0.573576436351,0.,0.819152044289));
#852 = ADVANCED_FACE('',(#853),#864,.F.);
#853 = FACE_BOUND('',#854,.T.);
#854 = EDGE_LOOP('',(#855,#856,#857,#858));
#855 = ORIENTED_EDGE('',*,*,#590,.T.);
#856 = ORIENTED_EDGE('',*,*,#719,.F.);
#857 = ORIENTED_EDGE('',*,*,#841,.T.);
#858 = ORIENTED_EDGE('',*,*,#859,.F.);
#859 = EDGE_CURVE('',#591,#834,#860,.T.);
#860 = LINE('',#861,#862);
#861 = CARTESIAN_POINT('',(0.989916984716,-1.25,1.25));
#862 = VECTOR('',#863,1.);
#863 = DIRECTION('',(0.,0.,1.));
#864 = PLANE('',#865);
#865 = AXIS2_PLACEMENT_3D('',#866,#867,#868);
#866 = CARTESIAN_POINT('',(1.27,-0.85,2.5));
#867 = DIRECTION('',(-0.819152044289,0.573576436351,0.));
#868 = DIRECTION('',(0.,0.,1.));
#869 = ADVANCED_FACE('',(#870),#885,.T.);
#870 = FACE_BOUND('',#871,.T.);
#871 = EDGE_LOOP('',(#872,#878,#879,#880,#881,#882,#883,#884));
#872 = ORIENTED_EDGE('',*,*,#873,.T.);
#873 = EDGE_CURVE('',#349,#759,#874,.T.);
#874 = LINE('',#875,#876);
#875 = CARTESIAN_POINT('',(-1.322029101405,-1.25,1.925694742536));
#876 = VECTOR('',#877,1.);
#877 = DIRECTION('',(-0.573576436351,0.,-0.819152044289));
#878 = ORIENTED_EDGE('',*,*,#758,.T.);
#879 = ORIENTED_EDGE('',*,*,#688,.T.);
#880 = ORIENTED_EDGE('',*,*,#474,.T.);
#881 = ORIENTED_EDGE('',*,*,#600,.T.);
#882 = ORIENTED_EDGE('',*,*,#859,.T.);
#883 = ORIENTED_EDGE('',*,*,#833,.T.);
#884 = ORIENTED_EDGE('',*,*,#356,.T.);
#885 = PLANE('',#886);
#886 = AXIS2_PLACEMENT_3D('',#887,#888,#889);
#887 = CARTESIAN_POINT('',(1.27,-1.25,0.));
#888 = DIRECTION('',(0.,-1.,0.));
#889 = DIRECTION('',(0.,0.,-1.));
#890 = ADVANCED_FACE('',(#891),#920,.F.);
#891 = FACE_BOUND('',#892,.T.);
#892 = EDGE_LOOP('',(#893,#894,#902,#908,#909,#910,#911,#912,#918,#919)
  );
#893 = ORIENTED_EDGE('',*,*,#788,.F.);
#894 = ORIENTED_EDGE('',*,*,#895,.F.);
#895 = EDGE_CURVE('',#896,#789,#898,.T.);
#896 = VERTEX_POINT('',#897);
#897 = CARTESIAN_POINT('',(-1.27,0.85,2.));
#898 = LINE('',#899,#900);
#899 = CARTESIAN_POINT('',(-1.49494002561,0.528752350789,1.678752350789)
  );
#900 = VECTOR('',#901,1.);
#901 = DIRECTION('',(0.44371260628,0.633687274225,0.633687274225));
#902 = ORIENTED_EDGE('',*,*,#903,.F.);
#903 = EDGE_CURVE('',#767,#896,#904,.T.);
#904 = LINE('',#905,#906);
#905 = CARTESIAN_POINT('',(-1.27,-1.25,2.));
#906 = VECTOR('',#907,1.);
#907 = DIRECTION('',(-1.110223024625E-16,1.,-1.585562799658E-16));
#908 = ORIENTED_EDGE('',*,*,#766,.F.);
#909 = ORIENTED_EDGE('',*,*,#873,.F.);
#910 = ORIENTED_EDGE('',*,*,#346,.F.);
#911 = ORIENTED_EDGE('',*,*,#559,.F.);
#912 = ORIENTED_EDGE('',*,*,#913,.F.);
#913 = EDGE_CURVE('',#387,#560,#914,.T.);
#914 = LINE('',#915,#916);
#915 = CARTESIAN_POINT('',(-0.919896230895,-0.625,2.5));
#916 = VECTOR('',#917,1.);
#917 = DIRECTION('',(0.,-1.,0.));
#918 = ORIENTED_EDGE('',*,*,#386,.F.);
#919 = ORIENTED_EDGE('',*,*,#306,.F.);
#920 = PLANE('',#921);
#921 = AXIS2_PLACEMENT_3D('',#922,#923,#924);
#922 = CARTESIAN_POINT('',(-1.27,-1.25,2.));
#923 = DIRECTION('',(0.819152044289,0.,-0.573576436351));
#924 = DIRECTION('',(-0.573576436351,0.,-0.819152044289));
#925 = ADVANCED_FACE('',(#926,#932),#966,.T.);
#926 = FACE_BOUND('',#927,.T.);
#927 = EDGE_LOOP('',(#928,#929,#930,#931));
#928 = ORIENTED_EDGE('',*,*,#394,.T.);
#929 = ORIENTED_EDGE('',*,*,#913,.T.);
#930 = ORIENTED_EDGE('',*,*,#576,.T.);
#931 = ORIENTED_EDGE('',*,*,#825,.T.);
#932 = FACE_BOUND('',#933,.T.);
#933 = EDGE_LOOP('',(#934,#944,#952,#960));
#934 = ORIENTED_EDGE('',*,*,#935,.F.);
#935 = EDGE_CURVE('',#936,#938,#940,.T.);
#936 = VERTEX_POINT('',#937);
#937 = CARTESIAN_POINT('',(-0.515,0.5075,2.5));
#938 = VERTEX_POINT('',#939);
#939 = CARTESIAN_POINT('',(-0.515,-0.5075,2.5));
#940 = LINE('',#941,#942);
#941 = CARTESIAN_POINT('',(-0.515,7.6875E-02,2.5));
#942 = VECTOR('',#943,1.);
#943 = DIRECTION('',(0.,-1.,0.));
#944 = ORIENTED_EDGE('',*,*,#945,.F.);
#945 = EDGE_CURVE('',#946,#936,#948,.T.);
#946 = VERTEX_POINT('',#947);
#947 = CARTESIAN_POINT('',(0.515,0.5075,2.5));
#948 = LINE('',#949,#950);
#949 = CARTESIAN_POINT('',(0.1575,0.5075,2.5));
#950 = VECTOR('',#951,1.);
#951 = DIRECTION('',(-1.,7.159176250063E-16,0.));
#952 = ORIENTED_EDGE('',*,*,#953,.F.);
#953 = EDGE_CURVE('',#954,#946,#956,.T.);
#954 = VERTEX_POINT('',#955);
#955 = CARTESIAN_POINT('',(0.515,-0.5075,2.5));
#956 = LINE('',#957,#958);
#957 = CARTESIAN_POINT('',(0.515,-0.15375,2.5));
#958 = VECTOR('',#959,1.);
#959 = DIRECTION('',(-2.256550863059E-16,1.,0.));
#960 = ORIENTED_EDGE('',*,*,#961,.F.);
#961 = EDGE_CURVE('',#938,#954,#962,.T.);
#962 = LINE('',#963,#964);
#963 = CARTESIAN_POINT('',(-0.1575,-0.5075,2.5));
#964 = VECTOR('',#965,1.);
#965 = DIRECTION('',(1.,-7.709882115452E-16,0.));
#966 = PLANE('',#967);
#967 = AXIS2_PLACEMENT_3D('',#968,#969,#970);
#968 = CARTESIAN_POINT('',(0.,5.061487544625E-17,2.5));
#969 = DIRECTION('',(0.,0.,1.));
#970 = DIRECTION('',(1.,0.,-0.));
#971 = ADVANCED_FACE('',(#972),#1006,.T.);
#972 = FACE_BOUND('',#973,.T.);
#973 = EDGE_LOOP('',(#974,#984,#992,#1000));
#974 = ORIENTED_EDGE('',*,*,#975,.T.);
#975 = EDGE_CURVE('',#976,#978,#980,.T.);
#976 = VERTEX_POINT('',#977);
#977 = CARTESIAN_POINT('',(0.315,0.3075,0.2));
#978 = VERTEX_POINT('',#979);
#979 = CARTESIAN_POINT('',(-0.315,0.3075,0.2));
#980 = LINE('',#981,#982);
#981 = CARTESIAN_POINT('',(0.1575,0.3075,0.2));
#982 = VECTOR('',#983,1.);
#983 = DIRECTION('',(-1.,7.159176250063E-16,0.));
#984 = ORIENTED_EDGE('',*,*,#985,.T.);
#985 = EDGE_CURVE('',#978,#986,#988,.T.);
#986 = VERTEX_POINT('',#987);
#987 = CARTESIAN_POINT('',(-0.515,0.5075,0.));
#988 = LINE('',#989,#990);
#989 = CARTESIAN_POINT('',(-0.315,0.3075,0.2));
#990 = VECTOR('',#991,1.);
#991 = DIRECTION('',(-0.57735026919,0.57735026919,-0.57735026919));
#992 = ORIENTED_EDGE('',*,*,#993,.T.);
#993 = EDGE_CURVE('',#986,#994,#996,.T.);
#994 = VERTEX_POINT('',#995);
#995 = CARTESIAN_POINT('',(0.515,0.5075,0.));
#996 = LINE('',#997,#998);
#997 = CARTESIAN_POINT('',(0.1575,0.5075,0.));
#998 = VECTOR('',#999,1.);
#999 = DIRECTION('',(1.,-7.159176250063E-16,0.));
#1000 = ORIENTED_EDGE('',*,*,#1001,.T.);
#1001 = EDGE_CURVE('',#994,#976,#1002,.T.);
#1002 = LINE('',#1003,#1004);
#1003 = CARTESIAN_POINT('',(0.515,0.5075,0.));
#1004 = VECTOR('',#1005,1.);
#1005 = DIRECTION('',(-0.57735026919,-0.57735026919,0.57735026919));
#1006 = PLANE('',#1007);
#1007 = AXIS2_PLACEMENT_3D('',#1008,#1009,#1010);
#1008 = CARTESIAN_POINT('',(0.1575,0.4075,0.1));
#1009 = DIRECTION('',(-5.062302074129E-16,-0.707106781187,
    -0.707106781187));
#1010 = DIRECTION('',(-1.,-2.958228394579E-31,7.159176250063E-16));
#1011 = ADVANCED_FACE('',(#1012),#1037,.T.);
#1012 = FACE_BOUND('',#1013,.T.);
#1013 = EDGE_LOOP('',(#1014,#1022,#1023,#1031));
#1014 = ORIENTED_EDGE('',*,*,#1015,.T.);
#1015 = EDGE_CURVE('',#1016,#976,#1018,.T.);
#1016 = VERTEX_POINT('',#1017);
#1017 = CARTESIAN_POINT('',(0.315,-0.3075,0.2));
#1018 = LINE('',#1019,#1020);
#1019 = CARTESIAN_POINT('',(0.315,-0.15375,0.2));
#1020 = VECTOR('',#1021,1.);
#1021 = DIRECTION('',(-2.256550863059E-16,1.,0.));
#1022 = ORIENTED_EDGE('',*,*,#1001,.F.);
#1023 = ORIENTED_EDGE('',*,*,#1024,.T.);
#1024 = EDGE_CURVE('',#994,#1025,#1027,.T.);
#1025 = VERTEX_POINT('',#1026);
#1026 = CARTESIAN_POINT('',(0.515,-0.5075,0.));
#1027 = LINE('',#1028,#1029);
#1028 = CARTESIAN_POINT('',(0.515,-0.15375,0.));
#1029 = VECTOR('',#1030,1.);
#1030 = DIRECTION('',(2.256550863059E-16,-1.,0.));
#1031 = ORIENTED_EDGE('',*,*,#1032,.F.);
#1032 = EDGE_CURVE('',#1016,#1025,#1033,.T.);
#1033 = LINE('',#1034,#1035);
#1034 = CARTESIAN_POINT('',(0.315,-0.3075,0.2));
#1035 = VECTOR('',#1036,1.);
#1036 = DIRECTION('',(0.57735026919,-0.57735026919,-0.57735026919));
#1037 = PLANE('',#1038);
#1038 = AXIS2_PLACEMENT_3D('',#1039,#1040,#1041);
#1039 = CARTESIAN_POINT('',(0.415,-0.15375,0.1));
#1040 = DIRECTION('',(-0.707106781187,-1.595622417362E-16,
    -0.707106781187));
#1041 = DIRECTION('',(-0.707106781187,-1.232595164408E-32,0.707106781187
    ));
#1042 = ADVANCED_FACE('',(#1043),#1068,.T.);
#1043 = FACE_BOUND('',#1044,.T.);
#1044 = EDGE_LOOP('',(#1045,#1053,#1061,#1067));
#1045 = ORIENTED_EDGE('',*,*,#1046,.T.);
#1046 = EDGE_CURVE('',#978,#1047,#1049,.T.);
#1047 = VERTEX_POINT('',#1048);
#1048 = CARTESIAN_POINT('',(-0.315,-0.3075,0.2));
#1049 = LINE('',#1050,#1051);
#1050 = CARTESIAN_POINT('',(-0.315,0.15375,0.2));
#1051 = VECTOR('',#1052,1.);
#1052 = DIRECTION('',(0.,-1.,0.));
#1053 = ORIENTED_EDGE('',*,*,#1054,.T.);
#1054 = EDGE_CURVE('',#1047,#1055,#1057,.T.);
#1055 = VERTEX_POINT('',#1056);
#1056 = CARTESIAN_POINT('',(-0.515,-0.5075,0.));
#1057 = LINE('',#1058,#1059);
#1058 = CARTESIAN_POINT('',(-0.315,-0.3075,0.2));
#1059 = VECTOR('',#1060,1.);
#1060 = DIRECTION('',(-0.57735026919,-0.57735026919,-0.57735026919));
#1061 = ORIENTED_EDGE('',*,*,#1062,.T.);
#1062 = EDGE_CURVE('',#1055,#986,#1063,.T.);
#1063 = LINE('',#1064,#1065);
#1064 = CARTESIAN_POINT('',(-0.515,0.15375,0.));
#1065 = VECTOR('',#1066,1.);
#1066 = DIRECTION('',(0.,1.,0.));
#1067 = ORIENTED_EDGE('',*,*,#985,.F.);
#1068 = PLANE('',#1069);
#1069 = AXIS2_PLACEMENT_3D('',#1070,#1071,#1072);
#1070 = CARTESIAN_POINT('',(-0.415,0.15375,0.1));
#1071 = DIRECTION('',(0.707106781187,0.,-0.707106781187));
#1072 = DIRECTION('',(-0.707106781187,0.,-0.707106781187));
#1073 = ADVANCED_FACE('',(#1074),#1090,.T.);
#1074 = FACE_BOUND('',#1075,.T.);
#1075 = EDGE_LOOP('',(#1076,#1082,#1083,#1089));
#1076 = ORIENTED_EDGE('',*,*,#1077,.T.);
#1077 = EDGE_CURVE('',#1047,#1016,#1078,.T.);
#1078 = LINE('',#1079,#1080);
#1079 = CARTESIAN_POINT('',(-0.1575,-0.3075,0.2));
#1080 = VECTOR('',#1081,1.);
#1081 = DIRECTION('',(1.,-7.709882115452E-16,0.));
#1082 = ORIENTED_EDGE('',*,*,#1032,.T.);
#1083 = ORIENTED_EDGE('',*,*,#1084,.T.);
#1084 = EDGE_CURVE('',#1025,#1055,#1085,.T.);
#1085 = LINE('',#1086,#1087);
#1086 = CARTESIAN_POINT('',(-0.1575,-0.5075,0.));
#1087 = VECTOR('',#1088,1.);
#1088 = DIRECTION('',(-1.,7.709882115452E-16,0.));
#1089 = ORIENTED_EDGE('',*,*,#1054,.F.);
#1090 = PLANE('',#1091);
#1091 = AXIS2_PLACEMENT_3D('',#1092,#1093,#1094);
#1092 = CARTESIAN_POINT('',(-0.1575,-0.4075,0.1));
#1093 = DIRECTION('',(5.451709925985E-16,0.707106781187,-0.707106781187)
  );
#1094 = DIRECTION('',(-1.,1.479114197289E-31,-7.709882115452E-16));
#1095 = ADVANCED_FACE('',(#1096),#1121,.F.);
#1096 = FACE_BOUND('',#1097,.T.);
#1097 = EDGE_LOOP('',(#1098,#1099,#1107,#1115));
#1098 = ORIENTED_EDGE('',*,*,#1046,.F.);
#1099 = ORIENTED_EDGE('',*,*,#1100,.F.);
#1100 = EDGE_CURVE('',#1101,#978,#1103,.T.);
#1101 = VERTEX_POINT('',#1102);
#1102 = CARTESIAN_POINT('',(-0.315,0.3075,2.3));
#1103 = LINE('',#1104,#1105);
#1104 = CARTESIAN_POINT('',(-0.315,0.3075,2.5));
#1105 = VECTOR('',#1106,1.);
#1106 = DIRECTION('',(0.,0.,-1.));
#1107 = ORIENTED_EDGE('',*,*,#1108,.F.);
#1108 = EDGE_CURVE('',#1109,#1101,#1111,.T.);
#1109 = VERTEX_POINT('',#1110);
#1110 = CARTESIAN_POINT('',(-0.315,-0.3075,2.3));
#1111 = LINE('',#1112,#1113);
#1112 = CARTESIAN_POINT('',(-0.315,0.15375,2.3));
#1113 = VECTOR('',#1114,1.);
#1114 = DIRECTION('',(0.,1.,0.));
#1115 = ORIENTED_EDGE('',*,*,#1116,.T.);
#1116 = EDGE_CURVE('',#1109,#1047,#1117,.T.);
#1117 = LINE('',#1118,#1119);
#1118 = CARTESIAN_POINT('',(-0.315,-0.3075,2.5));
#1119 = VECTOR('',#1120,1.);
#1120 = DIRECTION('',(0.,0.,-1.));
#1121 = PLANE('',#1122);
#1122 = AXIS2_PLACEMENT_3D('',#1123,#1124,#1125);
#1123 = CARTESIAN_POINT('',(-0.315,0.3075,2.5));
#1124 = DIRECTION('',(-1.,0.,0.));
#1125 = DIRECTION('',(0.,0.,1.));
#1126 = ADVANCED_FACE('',(#1127),#1145,.F.);
#1127 = FACE_BOUND('',#1128,.T.);
#1128 = EDGE_LOOP('',(#1129,#1130,#1138,#1144));
#1129 = ORIENTED_EDGE('',*,*,#975,.F.);
#1130 = ORIENTED_EDGE('',*,*,#1131,.F.);
#1131 = EDGE_CURVE('',#1132,#976,#1134,.T.);
#1132 = VERTEX_POINT('',#1133);
#1133 = CARTESIAN_POINT('',(0.315,0.3075,2.3));
#1134 = LINE('',#1135,#1136);
#1135 = CARTESIAN_POINT('',(0.315,0.3075,2.5));
#1136 = VECTOR('',#1137,1.);
#1137 = DIRECTION('',(0.,0.,-1.));
#1138 = ORIENTED_EDGE('',*,*,#1139,.F.);
#1139 = EDGE_CURVE('',#1101,#1132,#1140,.T.);
#1140 = LINE('',#1141,#1142);
#1141 = CARTESIAN_POINT('',(0.1575,0.3075,2.3));
#1142 = VECTOR('',#1143,1.);
#1143 = DIRECTION('',(1.,-7.159176250063E-16,0.));
#1144 = ORIENTED_EDGE('',*,*,#1100,.T.);
#1145 = PLANE('',#1146);
#1146 = AXIS2_PLACEMENT_3D('',#1147,#1148,#1149);
#1147 = CARTESIAN_POINT('',(0.315,0.3075,2.5));
#1148 = DIRECTION('',(7.159176250063E-16,1.,0.));
#1149 = DIRECTION('',(0.,-0.,1.));
#1150 = ADVANCED_FACE('',(#1151,#1157),#1163,.F.);
#1151 = FACE_BOUND('',#1152,.T.);
#1152 = EDGE_LOOP('',(#1153,#1154,#1155,#1156));
#1153 = ORIENTED_EDGE('',*,*,#514,.T.);
#1154 = ORIENTED_EDGE('',*,*,#608,.T.);
#1155 = ORIENTED_EDGE('',*,*,#427,.T.);
#1156 = ORIENTED_EDGE('',*,*,#680,.T.);
#1157 = FACE_BOUND('',#1158,.T.);
#1158 = EDGE_LOOP('',(#1159,#1160,#1161,#1162));
#1159 = ORIENTED_EDGE('',*,*,#993,.F.);
#1160 = ORIENTED_EDGE('',*,*,#1062,.F.);
#1161 = ORIENTED_EDGE('',*,*,#1084,.F.);
#1162 = ORIENTED_EDGE('',*,*,#1024,.F.);
#1163 = PLANE('',#1164);
#1164 = AXIS2_PLACEMENT_3D('',#1165,#1166,#1167);
#1165 = CARTESIAN_POINT('',(0.,8.816300263189E-17,0.));
#1166 = DIRECTION('',(0.,0.,1.));
#1167 = DIRECTION('',(1.,0.,-0.));
#1168 = ADVANCED_FACE('',(#1169),#1192,.T.);
#1169 = FACE_BOUND('',#1170,.T.);
#1170 = EDGE_LOOP('',(#1171,#1177,#1178,#1186));
#1171 = ORIENTED_EDGE('',*,*,#1172,.F.);
#1172 = EDGE_CURVE('',#938,#1109,#1173,.T.);
#1173 = LINE('',#1174,#1175);
#1174 = CARTESIAN_POINT('',(-0.278541666667,-0.271041666667,
    2.263541666667));
#1175 = VECTOR('',#1176,1.);
#1176 = DIRECTION('',(0.57735026919,0.57735026919,-0.57735026919));
#1177 = ORIENTED_EDGE('',*,*,#961,.T.);
#1178 = ORIENTED_EDGE('',*,*,#1179,.T.);
#1179 = EDGE_CURVE('',#954,#1180,#1182,.T.);
#1180 = VERTEX_POINT('',#1181);
#1181 = CARTESIAN_POINT('',(0.315,-0.3075,2.3));
#1182 = LINE('',#1183,#1184);
#1183 = CARTESIAN_POINT('',(0.515,-0.5075,2.5));
#1184 = VECTOR('',#1185,1.);
#1185 = DIRECTION('',(-0.57735026919,0.57735026919,-0.57735026919));
#1186 = ORIENTED_EDGE('',*,*,#1187,.T.);
#1187 = EDGE_CURVE('',#1180,#1109,#1188,.T.);
#1188 = LINE('',#1189,#1190);
#1189 = CARTESIAN_POINT('',(-0.1575,-0.3075,2.3));
#1190 = VECTOR('',#1191,1.);
#1191 = DIRECTION('',(-1.,7.709882115452E-16,0.));
#1192 = PLANE('',#1193);
#1193 = AXIS2_PLACEMENT_3D('',#1194,#1195,#1196);
#1194 = CARTESIAN_POINT('',(-0.1575,-0.4075,2.4));
#1195 = DIRECTION('',(5.451709925985E-16,0.707106781187,0.707106781187)
  );
#1196 = DIRECTION('',(1.,-1.479114197289E-31,-7.709882115452E-16));
#1197 = ADVANCED_FACE('',(#1198),#1214,.T.);
#1198 = FACE_BOUND('',#1199,.T.);
#1199 = EDGE_LOOP('',(#1200,#1206,#1207,#1213));
#1200 = ORIENTED_EDGE('',*,*,#1201,.F.);
#1201 = EDGE_CURVE('',#1101,#936,#1202,.T.);
#1202 = LINE('',#1203,#1204);
#1203 = CARTESIAN_POINT('',(-0.277291666667,0.269791666667,
    2.262291666667));
#1204 = VECTOR('',#1205,1.);
#1205 = DIRECTION('',(-0.57735026919,0.57735026919,0.57735026919));
#1206 = ORIENTED_EDGE('',*,*,#1139,.T.);
#1207 = ORIENTED_EDGE('',*,*,#1208,.T.);
#1208 = EDGE_CURVE('',#1132,#946,#1209,.T.);
#1209 = LINE('',#1210,#1211);
#1210 = CARTESIAN_POINT('',(0.315,0.3075,2.3));
#1211 = VECTOR('',#1212,1.);
#1212 = DIRECTION('',(0.57735026919,0.57735026919,0.57735026919));
#1213 = ORIENTED_EDGE('',*,*,#945,.T.);
#1214 = PLANE('',#1215);
#1215 = AXIS2_PLACEMENT_3D('',#1216,#1217,#1218);
#1216 = CARTESIAN_POINT('',(0.1575,0.4075,2.4));
#1217 = DIRECTION('',(-5.062302074129E-16,-0.707106781187,0.707106781187
    ));
#1218 = DIRECTION('',(1.,-2.958228394579E-31,7.159176250063E-16));
#1219 = ADVANCED_FACE('',(#1220),#1231,.T.);
#1220 = FACE_BOUND('',#1221,.T.);
#1221 = EDGE_LOOP('',(#1222,#1228,#1229,#1230));
#1222 = ORIENTED_EDGE('',*,*,#1223,.T.);
#1223 = EDGE_CURVE('',#1132,#1180,#1224,.T.);
#1224 = LINE('',#1225,#1226);
#1225 = CARTESIAN_POINT('',(0.315,-0.15375,2.3));
#1226 = VECTOR('',#1227,1.);
#1227 = DIRECTION('',(2.256550863059E-16,-1.,0.));
#1228 = ORIENTED_EDGE('',*,*,#1179,.F.);
#1229 = ORIENTED_EDGE('',*,*,#953,.T.);
#1230 = ORIENTED_EDGE('',*,*,#1208,.F.);
#1231 = PLANE('',#1232);
#1232 = AXIS2_PLACEMENT_3D('',#1233,#1234,#1235);
#1233 = CARTESIAN_POINT('',(0.415,-0.15375,2.4));
#1234 = DIRECTION('',(-0.707106781187,-1.595622417362E-16,0.707106781187
    ));
#1235 = DIRECTION('',(0.707106781187,1.232595164408E-32,0.707106781187)
  );
#1236 = ADVANCED_FACE('',(#1237),#1248,.F.);
#1237 = FACE_BOUND('',#1238,.T.);
#1238 = EDGE_LOOP('',(#1239,#1240,#1241,#1242));
#1239 = ORIENTED_EDGE('',*,*,#1077,.F.);
#1240 = ORIENTED_EDGE('',*,*,#1116,.F.);
#1241 = ORIENTED_EDGE('',*,*,#1187,.F.);
#1242 = ORIENTED_EDGE('',*,*,#1243,.T.);
#1243 = EDGE_CURVE('',#1180,#1016,#1244,.T.);
#1244 = LINE('',#1245,#1246);
#1245 = CARTESIAN_POINT('',(0.315,-0.3075,2.5));
#1246 = VECTOR('',#1247,1.);
#1247 = DIRECTION('',(0.,0.,-1.));
#1248 = PLANE('',#1249);
#1249 = AXIS2_PLACEMENT_3D('',#1250,#1251,#1252);
#1250 = CARTESIAN_POINT('',(-0.315,-0.3075,2.5));
#1251 = DIRECTION('',(-7.709882115452E-16,-1.,0.));
#1252 = DIRECTION('',(-0.,0.,-1.));
#1253 = ADVANCED_FACE('',(#1254),#1260,.F.);
#1254 = FACE_BOUND('',#1255,.T.);
#1255 = EDGE_LOOP('',(#1256,#1257,#1258,#1259));
#1256 = ORIENTED_EDGE('',*,*,#1015,.F.);
#1257 = ORIENTED_EDGE('',*,*,#1243,.F.);
#1258 = ORIENTED_EDGE('',*,*,#1223,.F.);
#1259 = ORIENTED_EDGE('',*,*,#1131,.T.);
#1260 = PLANE('',#1261);
#1261 = AXIS2_PLACEMENT_3D('',#1262,#1263,#1264);
#1262 = CARTESIAN_POINT('',(0.315,-0.3075,2.5));
#1263 = DIRECTION('',(1.,2.256550863059E-16,0.));
#1264 = DIRECTION('',(0.,0.,-1.));
#1265 = ADVANCED_FACE('',(#1266),#1272,.T.);
#1266 = FACE_BOUND('',#1267,.T.);
#1267 = EDGE_LOOP('',(#1268,#1269,#1270,#1271));
#1268 = ORIENTED_EDGE('',*,*,#1108,.T.);
#1269 = ORIENTED_EDGE('',*,*,#1201,.T.);
#1270 = ORIENTED_EDGE('',*,*,#935,.T.);
#1271 = ORIENTED_EDGE('',*,*,#1172,.T.);
#1272 = PLANE('',#1273);
#1273 = AXIS2_PLACEMENT_3D('',#1274,#1275,#1276);
#1274 = CARTESIAN_POINT('',(-0.415,0.15375,2.4));
#1275 = DIRECTION('',(0.707106781187,0.,0.707106781187));
#1276 = DIRECTION('',(0.707106781187,0.,-0.707106781187));
#1277 = ADVANCED_FACE('',(#1278),#1289,.F.);
#1278 = FACE_BOUND('',#1279,.T.);
#1279 = EDGE_LOOP('',(#1280,#1281,#1287,#1288));
#1280 = ORIENTED_EDGE('',*,*,#664,.T.);
#1281 = ORIENTED_EDGE('',*,*,#1282,.F.);
#1282 = EDGE_CURVE('',#896,#657,#1283,.T.);
#1283 = LINE('',#1284,#1285);
#1284 = CARTESIAN_POINT('',(-1.27,0.85,1.25));
#1285 = VECTOR('',#1286,1.);
#1286 = DIRECTION('',(0.,0.,-1.));
#1287 = ORIENTED_EDGE('',*,*,#895,.T.);
#1288 = ORIENTED_EDGE('',*,*,#807,.F.);
#1289 = PLANE('',#1290);
#1290 = AXIS2_PLACEMENT_3D('',#1291,#1292,#1293);
#1291 = CARTESIAN_POINT('',(-1.27,0.85,2.5));
#1292 = DIRECTION('',(0.819152044289,-0.573576436351,0.));
#1293 = DIRECTION('',(0.,0.,-1.));
#1294 = ADVANCED_FACE('',(#1295),#1301,.T.);
#1295 = FACE_BOUND('',#1296,.T.);
#1296 = EDGE_LOOP('',(#1297,#1298,#1299,#1300));
#1297 = ORIENTED_EDGE('',*,*,#656,.T.);
#1298 = ORIENTED_EDGE('',*,*,#774,.T.);
#1299 = ORIENTED_EDGE('',*,*,#903,.T.);
#1300 = ORIENTED_EDGE('',*,*,#1282,.T.);
#1301 = PLANE('',#1302);
#1302 = AXIS2_PLACEMENT_3D('',#1303,#1304,#1305);
#1303 = CARTESIAN_POINT('',(-1.27,-1.25,0.));
#1304 = DIRECTION('',(-1.,-1.110223024625E-16,0.));
#1305 = DIRECTION('',(0.,0.,1.));
#1306 = ( GEOMETRIC_REPRESENTATION_CONTEXT(3) 
GLOBAL_UNCERTAINTY_ASSIGNED_CONTEXT((#1310)) 
GLOBAL_UNIT_ASSIGNED_CONTEXT((#1307,#1308,#1309)) REPRESENTATION_CONTEXT
('Context #1','3D Context with UNIT and UNCERTAINTY') );
#1307 = ( LENGTH_UNIT() NAMED_UNIT(*) SI_UNIT(.MILLI.,.METRE.) );
#1308 = ( NAMED_UNIT(*) PLANE_ANGLE_UNIT() SI_UNIT($,.RADIAN.) );
#1309 = ( NAMED_UNIT(*) SI_UNIT($,.STERADIAN.) SOLID_ANGLE_UNIT() );
#1310 = UNCERTAINTY_MEASURE_WITH_UNIT(LENGTH_MEASURE(1.E-07),#1307,
  'distance_accuracy_value','confusion accuracy');
#1311 = CONTEXT_DEPENDENT_SHAPE_REPRESENTATION(#1312,#1314);
#1312 = ( REPRESENTATION_RELATIONSHIP('','',#299,#32) 
REPRESENTATION_RELATIONSHIP_WITH_TRANSFORMATION(#1313) 
SHAPE_REPRESENTATION_RELATIONSHIP() );
#1313 = ITEM_DEFINED_TRANSFORMATION('','',#11,#33);
#1314 = PRODUCT_DEFINITION_SHAPE('Placement','Placement of an item',
  #1315);
#1315 = NEXT_ASSEMBLY_USAGE_OCCURRENCE('2654','F1000S1120M007B063','',
  #27,#294,$);
#1316 = PRODUCT_RELATED_PRODUCT_CATEGORY('part',$,(#296));
#1317 = SHAPE_DEFINITION_REPRESENTATION(#1318,#1324);
#1318 = PRODUCT_DEFINITION_SHAPE('','',#1319);
#1319 = PRODUCT_DEFINITION('design','',#1320,#1323);
#1320 = PRODUCT_DEFINITION_FORMATION('','',#1321);
#1321 = PRODUCT('1039931_IAM_063','1039931_IAM_063','',(#1322));
#1322 = PRODUCT_CONTEXT('',#2,'mechanical');
#1323 = PRODUCT_DEFINITION_CONTEXT('part definition',#2,'design');
#1324 = SHAPE_REPRESENTATION('',(#11,#1325,#1329),#1333);
#1325 = AXIS2_PLACEMENT_3D('',#1326,#1327,#1328);
#1326 = CARTESIAN_POINT('',(0.,0.,0.));
#1327 = DIRECTION('',(0.,0.,1.));
#1328 = DIRECTION('',(1.,0.,0.));
#1329 = AXIS2_PLACEMENT_3D('',#1330,#1331,#1332);
#1330 = CARTESIAN_POINT('',(-4.51028103754E-16,0.574523821802,0.));
#1331 = DIRECTION('',(0.,0.,-1.));
#1332 = DIRECTION('',(1.,0.,0.));
#1333 = ( GEOMETRIC_REPRESENTATION_CONTEXT(3) 
GLOBAL_UNCERTAINTY_ASSIGNED_CONTEXT((#1337)) 
GLOBAL_UNIT_ASSIGNED_CONTEXT((#1334,#1335,#1336)) REPRESENTATION_CONTEXT
('Context #1','3D Context with UNIT and UNCERTAINTY') );
#1334 = ( LENGTH_UNIT() NAMED_UNIT(*) SI_UNIT(.MILLI.,.METRE.) );
#1335 = ( NAMED_UNIT(*) PLANE_ANGLE_UNIT() SI_UNIT($,.RADIAN.) );
#1336 = ( NAMED_UNIT(*) SI_UNIT($,.STERADIAN.) SOLID_ANGLE_UNIT() );
#1337 = UNCERTAINTY_MEASURE_WITH_UNIT(LENGTH_MEASURE(1.E-07),#1334,
  'distance_accuracy_value','confusion accuracy');
#1338 = CONTEXT_DEPENDENT_SHAPE_REPRESENTATION(#1339,#1341);
#1339 = ( REPRESENTATION_RELATIONSHIP('','',#1324,#32) 
REPRESENTATION_RELATIONSHIP_WITH_TRANSFORMATION(#1340) 
SHAPE_REPRESENTATION_RELATIONSHIP() );
#1340 = ITEM_DEFINED_TRANSFORMATION('','',#11,#37);
#1341 = PRODUCT_DEFINITION_SHAPE('Placement','Placement of an item',
  #1342);
#1342 = NEXT_ASSEMBLY_USAGE_OCCURRENCE('2657','1039931_IAM_063','',#27,
  #1319,$);
#1343 = PRODUCT_RELATED_PRODUCT_CATEGORY('part',$,(#1321));
#1344 = SHAPE_DEFINITION_REPRESENTATION(#1345,#1351);
#1345 = PRODUCT_DEFINITION_SHAPE('','',#1346);
#1346 = PRODUCT_DEFINITION('design','',#1347,#1350);
#1347 = PRODUCT_DEFINITION_FORMATION('','',#1348);
#1348 = PRODUCT('1039929_IPT_063','1039929_IPT_063','',(#1349));
#1349 = PRODUCT_CONTEXT('',#2,'mechanical');
#1350 = PRODUCT_DEFINITION_CONTEXT('part definition',#2,'design');
#1351 = ADVANCED_BREP_SHAPE_REPRESENTATION('',(#11,#1352),#1766);
#1352 = MANIFOLD_SOLID_BREP('',#1353);
#1353 = CLOSED_SHELL('',(#1354,#1402,#1433,#1473,#1513,#1552,#1592,#1616
    ,#1648,#1679,#1704,#1721,#1742,#1754));
#1354 = ADVANCED_FACE('',(#1355),#1397,.T.);
#1355 = FACE_BOUND('',#1356,.T.);
#1356 = EDGE_LOOP('',(#1357,#1367,#1375,#1383,#1391));
#1357 = ORIENTED_EDGE('',*,*,#1358,.T.);
#1358 = EDGE_CURVE('',#1359,#1361,#1363,.T.);
#1359 = VERTEX_POINT('',#1360);
#1360 = CARTESIAN_POINT('',(-0.327579365079,0.604761910901,
    4.366657687084));
#1361 = VERTEX_POINT('',#1362);
#1362 = CARTESIAN_POINT('',(-0.327579365079,0.498088060568,4.5));
#1363 = LINE('',#1364,#1365);
#1364 = CARTESIAN_POINT('',(-0.327579365079,1.535570538747,
    3.203146902277));
#1365 = VECTOR('',#1366,1.);
#1366 = DIRECTION('',(6.826287649254E-17,-0.624695047554,0.780868809443)
  );
#1367 = ORIENTED_EDGE('',*,*,#1368,.T.);
#1368 = EDGE_CURVE('',#1361,#1369,#1371,.T.);
#1369 = VERTEX_POINT('',#1370);
#1370 = CARTESIAN_POINT('',(-0.127579365079,0.298088060568,5.));
#1371 = LINE('',#1372,#1373);
#1372 = CARTESIAN_POINT('',(-0.214145892392,0.384654587881,
    4.783583681717));
#1373 = VECTOR('',#1374,1.);
#1374 = DIRECTION('',(0.348155311911,-0.348155311911,0.870388279778));
#1375 = ORIENTED_EDGE('',*,*,#1376,.T.);
#1376 = EDGE_CURVE('',#1369,#1377,#1379,.T.);
#1377 = VERTEX_POINT('',#1378);
#1378 = CARTESIAN_POINT('',(-2.090551474655E-02,0.404761910901,5.));
#1379 = LINE('',#1380,#1381);
#1380 = CARTESIAN_POINT('',(-7.424243991296E-02,0.351424985735,5.));
#1381 = VECTOR('',#1382,1.);
#1382 = DIRECTION('',(0.707106781187,0.707106781187,0.));
#1383 = ORIENTED_EDGE('',*,*,#1384,.T.);
#1384 = EDGE_CURVE('',#1377,#1385,#1387,.T.);
#1385 = VERTEX_POINT('',#1386);
#1386 = CARTESIAN_POINT('',(-0.220905514747,0.604761910901,4.5));
#1387 = LINE('',#1388,#1389);
#1388 = CARTESIAN_POINT('',(-0.10747204206,0.491328438214,4.783583681717
    ));
#1389 = VECTOR('',#1390,1.);
#1390 = DIRECTION('',(-0.348155311911,0.348155311911,-0.870388279778));
#1391 = ORIENTED_EDGE('',*,*,#1392,.T.);
#1392 = EDGE_CURVE('',#1385,#1359,#1393,.T.);
#1393 = LINE('',#1394,#1395);
#1394 = CARTESIAN_POINT('',(-1.134485553901,0.604761910901,
    3.358024951057));
#1395 = VECTOR('',#1396,1.);
#1396 = DIRECTION('',(-0.624695047554,0.,-0.780868809443));
#1397 = PLANE('',#1398);
#1398 = AXIS2_PLACEMENT_3D('',#1399,#1400,#1401);
#1399 = CARTESIAN_POINT('',(-0.160808967226,0.437991513048,
    4.783583681717));
#1400 = DIRECTION('',(-0.615457454897,0.615457454897,0.492365963917));
#1401 = DIRECTION('',(0.624695047554,4.163336342344E-16,0.780868809443)
  );
#1402 = ADVANCED_FACE('',(#1403),#1428,.T.);
#1403 = FACE_BOUND('',#1404,.T.);
#1404 = EDGE_LOOP('',(#1405,#1406,#1414,#1422));
#1405 = ORIENTED_EDGE('',*,*,#1368,.F.);
#1406 = ORIENTED_EDGE('',*,*,#1407,.T.);
#1407 = EDGE_CURVE('',#1361,#1408,#1410,.T.);
#1408 = VERTEX_POINT('',#1409);
#1409 = CARTESIAN_POINT('',(-0.327579365079,7.643576123391E-02,4.5));
#1410 = LINE('',#1411,#1412);
#1411 = CARTESIAN_POINT('',(-0.327579365079,0.446011910901,4.5));
#1412 = VECTOR('',#1413,1.);
#1413 = DIRECTION('',(1.092739197466E-16,-1.,0.));
#1414 = ORIENTED_EDGE('',*,*,#1415,.F.);
#1415 = EDGE_CURVE('',#1416,#1408,#1418,.T.);
#1416 = VERTEX_POINT('',#1417);
#1417 = CARTESIAN_POINT('',(-0.127579365079,0.276435761234,5.));
#1418 = LINE('',#1419,#1420);
#1419 = CARTESIAN_POINT('',(-0.214145892392,0.189869233921,
    4.783583681717));
#1420 = VECTOR('',#1421,1.);
#1421 = DIRECTION('',(-0.348155311911,-0.348155311911,-0.870388279778));
#1422 = ORIENTED_EDGE('',*,*,#1423,.T.);
#1423 = EDGE_CURVE('',#1416,#1369,#1424,.T.);
#1424 = LINE('',#1425,#1426);
#1425 = CARTESIAN_POINT('',(-0.127579365079,0.446011910901,5.));
#1426 = VECTOR('',#1427,1.);
#1427 = DIRECTION('',(-1.092739197466E-16,1.,0.));
#1428 = PLANE('',#1429);
#1429 = AXIS2_PLACEMENT_3D('',#1430,#1431,#1432);
#1430 = CARTESIAN_POINT('',(-0.227579365079,0.446011910901,4.75));
#1431 = DIRECTION('',(-0.928476690885,-1.014582874064E-16,0.371390676354
    ));
#1432 = DIRECTION('',(0.371390676354,-6.162975822039E-33,0.928476690885)
  );
#1433 = ADVANCED_FACE('',(#1434),#1468,.T.);
#1434 = FACE_BOUND('',#1435,.T.);
#1435 = EDGE_LOOP('',(#1436,#1437,#1445,#1453,#1461,#1467));
#1436 = ORIENTED_EDGE('',*,*,#1358,.F.);
#1437 = ORIENTED_EDGE('',*,*,#1438,.F.);
#1438 = EDGE_CURVE('',#1439,#1359,#1441,.T.);
#1439 = VERTEX_POINT('',#1440);
#1440 = CARTESIAN_POINT('',(-0.327579365079,0.604761910901,0.));
#1441 = LINE('',#1442,#1443);
#1442 = CARTESIAN_POINT('',(-0.327579365079,0.604761910901,0.));
#1443 = VECTOR('',#1444,1.);
#1444 = DIRECTION('',(0.,0.,1.));
#1445 = ORIENTED_EDGE('',*,*,#1446,.T.);
#1446 = EDGE_CURVE('',#1439,#1447,#1449,.T.);
#1447 = VERTEX_POINT('',#1448);
#1448 = CARTESIAN_POINT('',(-0.327579365079,-3.023808909891E-02,0.));
#1449 = LINE('',#1450,#1451);
#1450 = CARTESIAN_POINT('',(-0.327579365079,0.604761910901,0.));
#1451 = VECTOR('',#1452,1.);
#1452 = DIRECTION('',(1.092739197466E-16,-1.,0.));
#1453 = ORIENTED_EDGE('',*,*,#1454,.T.);
#1454 = EDGE_CURVE('',#1447,#1455,#1457,.T.);
#1455 = VERTEX_POINT('',#1456);
#1456 = CARTESIAN_POINT('',(-0.327579365079,-3.023808909891E-02,
    4.366657687084));
#1457 = LINE('',#1458,#1459);
#1458 = CARTESIAN_POINT('',(-0.327579365079,-3.023808909891E-02,0.));
#1459 = VECTOR('',#1460,1.);
#1460 = DIRECTION('',(0.,0.,1.));
#1461 = ORIENTED_EDGE('',*,*,#1462,.F.);
#1462 = EDGE_CURVE('',#1408,#1455,#1463,.T.);
#1463 = LINE('',#1464,#1465);
#1464 = CARTESIAN_POINT('',(-0.327579365079,-0.83714427792,
    3.358024951057));
#1465 = VECTOR('',#1466,1.);
#1466 = DIRECTION('',(6.826287649254E-17,-0.624695047554,-0.780868809443
    ));
#1467 = ORIENTED_EDGE('',*,*,#1407,.F.);
#1468 = PLANE('',#1469);
#1469 = AXIS2_PLACEMENT_3D('',#1470,#1471,#1472);
#1470 = CARTESIAN_POINT('',(-0.327579365079,0.604761910901,0.));
#1471 = DIRECTION('',(-1.,-1.092739197466E-16,0.));
#1472 = DIRECTION('',(1.092739197466E-16,-1.,0.));
#1473 = ADVANCED_FACE('',(#1474),#1508,.T.);
#1474 = FACE_BOUND('',#1475,.T.);
#1475 = EDGE_LOOP('',(#1476,#1477,#1485,#1493,#1501,#1507));
#1476 = ORIENTED_EDGE('',*,*,#1392,.F.);
#1477 = ORIENTED_EDGE('',*,*,#1478,.F.);
#1478 = EDGE_CURVE('',#1479,#1385,#1481,.T.);
#1479 = VERTEX_POINT('',#1480);
#1480 = CARTESIAN_POINT('',(0.200746784588,0.604761910901,4.5));
#1481 = LINE('',#1482,#1483);
#1482 = CARTESIAN_POINT('',(0.148670634921,0.604761910901,4.5));
#1483 = VECTOR('',#1484,1.);
#1484 = DIRECTION('',(-1.,0.,0.));
#1485 = ORIENTED_EDGE('',*,*,#1486,.F.);
#1486 = EDGE_CURVE('',#1487,#1479,#1489,.T.);
#1487 = VERTEX_POINT('',#1488);
#1488 = CARTESIAN_POINT('',(0.307420634921,0.604761910901,4.366657687084
    ));
#1489 = LINE('',#1490,#1491);
#1490 = CARTESIAN_POINT('',(1.238229262766,0.604761910901,3.203146902277
    ));
#1491 = VECTOR('',#1492,1.);
#1492 = DIRECTION('',(-0.624695047554,0.,0.780868809443));
#1493 = ORIENTED_EDGE('',*,*,#1494,.F.);
#1494 = EDGE_CURVE('',#1495,#1487,#1497,.T.);
#1495 = VERTEX_POINT('',#1496);
#1496 = CARTESIAN_POINT('',(0.307420634921,0.604761910901,0.));
#1497 = LINE('',#1498,#1499);
#1498 = CARTESIAN_POINT('',(0.307420634921,0.604761910901,0.));
#1499 = VECTOR('',#1500,1.);
#1500 = DIRECTION('',(0.,0.,1.));
#1501 = ORIENTED_EDGE('',*,*,#1502,.T.);
#1502 = EDGE_CURVE('',#1495,#1439,#1503,.T.);
#1503 = LINE('',#1504,#1505);
#1504 = CARTESIAN_POINT('',(0.307420634921,0.604761910901,0.));
#1505 = VECTOR('',#1506,1.);
#1506 = DIRECTION('',(-1.,0.,0.));
#1507 = ORIENTED_EDGE('',*,*,#1438,.T.);
#1508 = PLANE('',#1509);
#1509 = AXIS2_PLACEMENT_3D('',#1510,#1511,#1512);
#1510 = CARTESIAN_POINT('',(0.307420634921,0.604761910901,0.));
#1511 = DIRECTION('',(0.,1.,0.));
#1512 = DIRECTION('',(-1.,0.,0.));
#1513 = ADVANCED_FACE('',(#1514),#1547,.T.);
#1514 = FACE_BOUND('',#1515,.T.);
#1515 = EDGE_LOOP('',(#1516,#1517,#1525,#1533,#1541));
#1516 = ORIENTED_EDGE('',*,*,#1486,.T.);
#1517 = ORIENTED_EDGE('',*,*,#1518,.T.);
#1518 = EDGE_CURVE('',#1479,#1519,#1521,.T.);
#1519 = VERTEX_POINT('',#1520);
#1520 = CARTESIAN_POINT('',(7.467845878209E-04,0.404761910901,5.));
#1521 = LINE('',#1522,#1523);
#1522 = CARTESIAN_POINT('',(8.731331190089E-02,0.491328438214,
    4.783583681717));
#1523 = VECTOR('',#1524,1.);
#1524 = DIRECTION('',(-0.348155311911,-0.348155311911,0.870388279778));
#1525 = ORIENTED_EDGE('',*,*,#1526,.T.);
#1526 = EDGE_CURVE('',#1519,#1527,#1529,.T.);
#1527 = VERTEX_POINT('',#1528);
#1528 = CARTESIAN_POINT('',(0.107420634921,0.298088060568,5.));
#1529 = LINE('',#1530,#1531);
#1530 = CARTESIAN_POINT('',(5.408370975423E-02,0.351424985735,5.));
#1531 = VECTOR('',#1532,1.);
#1532 = DIRECTION('',(0.707106781187,-0.707106781187,0.));
#1533 = ORIENTED_EDGE('',*,*,#1534,.T.);
#1534 = EDGE_CURVE('',#1527,#1535,#1537,.T.);
#1535 = VERTEX_POINT('',#1536);
#1536 = CARTESIAN_POINT('',(0.307420634921,0.498088060568,4.5));
#1537 = LINE('',#1538,#1539);
#1538 = CARTESIAN_POINT('',(0.193987162234,0.384654587881,4.783583681717
    ));
#1539 = VECTOR('',#1540,1.);
#1540 = DIRECTION('',(0.348155311911,0.348155311911,-0.870388279778));
#1541 = ORIENTED_EDGE('',*,*,#1542,.T.);
#1542 = EDGE_CURVE('',#1535,#1487,#1543,.T.);
#1543 = LINE('',#1544,#1545);
#1544 = CARTESIAN_POINT('',(0.307420634921,1.411668099723,3.358024951057
    ));
#1545 = VECTOR('',#1546,1.);
#1546 = DIRECTION('',(-4.778401354478E-16,0.624695047554,-0.780868809443
    ));
#1547 = PLANE('',#1548);
#1548 = AXIS2_PLACEMENT_3D('',#1549,#1550,#1551);
#1549 = CARTESIAN_POINT('',(0.140650237067,0.437991513048,4.783583681717
    ));
#1550 = DIRECTION('',(0.615457454897,0.615457454897,0.492365963917));
#1551 = DIRECTION('',(0.624695047554,-8.326672684689E-17,-0.780868809443
    ));
#1552 = ADVANCED_FACE('',(#1553),#1587,.T.);
#1553 = FACE_BOUND('',#1554,.T.);
#1554 = EDGE_LOOP('',(#1555,#1556,#1564,#1572,#1580,#1586));
#1555 = ORIENTED_EDGE('',*,*,#1542,.F.);
#1556 = ORIENTED_EDGE('',*,*,#1557,.F.);
#1557 = EDGE_CURVE('',#1558,#1535,#1560,.T.);
#1558 = VERTEX_POINT('',#1559);
#1559 = CARTESIAN_POINT('',(0.307420634921,7.643576123391E-02,4.5));
#1560 = LINE('',#1561,#1562);
#1561 = CARTESIAN_POINT('',(0.307420634921,0.128511910901,4.5));
#1562 = VECTOR('',#1563,1.);
#1563 = DIRECTION('',(-7.64917438226E-16,1.,0.));
#1564 = ORIENTED_EDGE('',*,*,#1565,.F.);
#1565 = EDGE_CURVE('',#1566,#1558,#1568,.T.);
#1566 = VERTEX_POINT('',#1567);
#1567 = CARTESIAN_POINT('',(0.307420634921,-3.023808909891E-02,
    4.366657687084));
#1568 = LINE('',#1569,#1570);
#1569 = CARTESIAN_POINT('',(0.307420634921,-0.961046716945,
    3.203146902277));
#1570 = VECTOR('',#1571,1.);
#1571 = DIRECTION('',(-4.778401354478E-16,0.624695047554,0.780868809443)
  );
#1572 = ORIENTED_EDGE('',*,*,#1573,.F.);
#1573 = EDGE_CURVE('',#1574,#1566,#1576,.T.);
#1574 = VERTEX_POINT('',#1575);
#1575 = CARTESIAN_POINT('',(0.307420634921,-3.023808909891E-02,0.));
#1576 = LINE('',#1577,#1578);
#1577 = CARTESIAN_POINT('',(0.307420634921,-3.023808909891E-02,0.));
#1578 = VECTOR('',#1579,1.);
#1579 = DIRECTION('',(0.,0.,1.));
#1580 = ORIENTED_EDGE('',*,*,#1581,.T.);
#1581 = EDGE_CURVE('',#1574,#1495,#1582,.T.);
#1582 = LINE('',#1583,#1584);
#1583 = CARTESIAN_POINT('',(0.307420634921,-3.023808909891E-02,0.));
#1584 = VECTOR('',#1585,1.);
#1585 = DIRECTION('',(-7.64917438226E-16,1.,0.));
#1586 = ORIENTED_EDGE('',*,*,#1494,.T.);
#1587 = PLANE('',#1588);
#1588 = AXIS2_PLACEMENT_3D('',#1589,#1590,#1591);
#1589 = CARTESIAN_POINT('',(0.307420634921,-3.023808909891E-02,0.));
#1590 = DIRECTION('',(1.,7.64917438226E-16,0.));
#1591 = DIRECTION('',(-7.64917438226E-16,1.,0.));
#1592 = ADVANCED_FACE('',(#1593),#1611,.T.);
#1593 = FACE_BOUND('',#1594,.T.);
#1594 = EDGE_LOOP('',(#1595,#1596,#1604,#1610));
#1595 = ORIENTED_EDGE('',*,*,#1534,.F.);
#1596 = ORIENTED_EDGE('',*,*,#1597,.T.);
#1597 = EDGE_CURVE('',#1527,#1598,#1600,.T.);
#1598 = VERTEX_POINT('',#1599);
#1599 = CARTESIAN_POINT('',(0.107420634921,0.276435761234,5.));
#1600 = LINE('',#1601,#1602);
#1601 = CARTESIAN_POINT('',(0.107420634921,0.128511910901,5.));
#1602 = VECTOR('',#1603,1.);
#1603 = DIRECTION('',(7.64917438226E-16,-1.,0.));
#1604 = ORIENTED_EDGE('',*,*,#1605,.F.);
#1605 = EDGE_CURVE('',#1558,#1598,#1606,.T.);
#1606 = LINE('',#1607,#1608);
#1607 = CARTESIAN_POINT('',(0.193987162234,0.189869233921,4.783583681717
    ));
#1608 = VECTOR('',#1609,1.);
#1609 = DIRECTION('',(-0.348155311911,0.348155311911,0.870388279778));
#1610 = ORIENTED_EDGE('',*,*,#1557,.T.);
#1611 = PLANE('',#1612);
#1612 = AXIS2_PLACEMENT_3D('',#1613,#1614,#1615);
#1613 = CARTESIAN_POINT('',(0.207420634921,0.128511910901,4.75));
#1614 = DIRECTION('',(0.928476690885,7.102080118445E-16,0.371390676354)
  );
#1615 = DIRECTION('',(0.371390676354,0.,-0.928476690885));
#1616 = ADVANCED_FACE('',(#1617),#1643,.T.);
#1617 = FACE_BOUND('',#1618,.T.);
#1618 = EDGE_LOOP('',(#1619,#1627,#1635,#1641,#1642));
#1619 = ORIENTED_EDGE('',*,*,#1620,.T.);
#1620 = EDGE_CURVE('',#1598,#1621,#1623,.T.);
#1621 = VERTEX_POINT('',#1622);
#1622 = CARTESIAN_POINT('',(7.46784587821E-04,0.169761910901,5.));
#1623 = LINE('',#1624,#1625);
#1624 = CARTESIAN_POINT('',(5.408370975423E-02,0.223098836068,5.));
#1625 = VECTOR('',#1626,1.);
#1626 = DIRECTION('',(-0.707106781187,-0.707106781187,0.));
#1627 = ORIENTED_EDGE('',*,*,#1628,.T.);
#1628 = EDGE_CURVE('',#1621,#1629,#1631,.T.);
#1629 = VERTEX_POINT('',#1630);
#1630 = CARTESIAN_POINT('',(0.200746784588,-3.023808909891E-02,4.5));
#1631 = LINE('',#1632,#1633);
#1632 = CARTESIAN_POINT('',(8.731331190089E-02,8.319538358803E-02,
    4.783583681717));
#1633 = VECTOR('',#1634,1.);
#1634 = DIRECTION('',(0.348155311911,-0.348155311911,-0.870388279778));
#1635 = ORIENTED_EDGE('',*,*,#1636,.T.);
#1636 = EDGE_CURVE('',#1629,#1566,#1637,.T.);
#1637 = LINE('',#1638,#1639);
#1638 = CARTESIAN_POINT('',(1.114326823742,-3.023808909891E-02,
    3.358024951057));
#1639 = VECTOR('',#1640,1.);
#1640 = DIRECTION('',(0.624695047554,0.,-0.780868809443));
#1641 = ORIENTED_EDGE('',*,*,#1565,.T.);
#1642 = ORIENTED_EDGE('',*,*,#1605,.T.);
#1643 = PLANE('',#1644);
#1644 = AXIS2_PLACEMENT_3D('',#1645,#1646,#1647);
#1645 = CARTESIAN_POINT('',(0.140650237067,0.136532308754,4.783583681717
    ));
#1646 = DIRECTION('',(0.615457454897,-0.615457454897,0.492365963917));
#1647 = DIRECTION('',(0.624695047554,1.110223024625E-16,-0.780868809443)
  );
#1648 = ADVANCED_FACE('',(#1649),#1674,.T.);
#1649 = FACE_BOUND('',#1650,.T.);
#1650 = EDGE_LOOP('',(#1651,#1652,#1660,#1666,#1667,#1673));
#1651 = ORIENTED_EDGE('',*,*,#1636,.F.);
#1652 = ORIENTED_EDGE('',*,*,#1653,.F.);
#1653 = EDGE_CURVE('',#1654,#1629,#1656,.T.);
#1654 = VERTEX_POINT('',#1655);
#1655 = CARTESIAN_POINT('',(-0.220905514747,-3.023808909891E-02,4.5));
#1656 = LINE('',#1657,#1658);
#1657 = CARTESIAN_POINT('',(-0.168829365079,-3.023808909891E-02,4.5));
#1658 = VECTOR('',#1659,1.);
#1659 = DIRECTION('',(1.,0.,0.));
#1660 = ORIENTED_EDGE('',*,*,#1661,.F.);
#1661 = EDGE_CURVE('',#1455,#1654,#1662,.T.);
#1662 = LINE('',#1663,#1664);
#1663 = CARTESIAN_POINT('',(-1.258387992925,-3.023808909891E-02,
    3.203146902277));
#1664 = VECTOR('',#1665,1.);
#1665 = DIRECTION('',(0.624695047554,0.,0.780868809443));
#1666 = ORIENTED_EDGE('',*,*,#1454,.F.);
#1667 = ORIENTED_EDGE('',*,*,#1668,.T.);
#1668 = EDGE_CURVE('',#1447,#1574,#1669,.T.);
#1669 = LINE('',#1670,#1671);
#1670 = CARTESIAN_POINT('',(-0.327579365079,-3.023808909891E-02,0.));
#1671 = VECTOR('',#1672,1.);
#1672 = DIRECTION('',(1.,0.,0.));
#1673 = ORIENTED_EDGE('',*,*,#1573,.T.);
#1674 = PLANE('',#1675);
#1675 = AXIS2_PLACEMENT_3D('',#1676,#1677,#1678);
#1676 = CARTESIAN_POINT('',(-0.327579365079,-3.023808909891E-02,0.));
#1677 = DIRECTION('',(0.,-1.,0.));
#1678 = DIRECTION('',(1.,0.,0.));
#1679 = ADVANCED_FACE('',(#1680),#1699,.T.);
#1680 = FACE_BOUND('',#1681,.T.);
#1681 = EDGE_LOOP('',(#1682,#1683,#1691,#1697,#1698));
#1682 = ORIENTED_EDGE('',*,*,#1661,.T.);
#1683 = ORIENTED_EDGE('',*,*,#1684,.T.);
#1684 = EDGE_CURVE('',#1654,#1685,#1687,.T.);
#1685 = VERTEX_POINT('',#1686);
#1686 = CARTESIAN_POINT('',(-2.090551474655E-02,0.169761910901,5.));
#1687 = LINE('',#1688,#1689);
#1688 = CARTESIAN_POINT('',(-0.10747204206,8.319538358803E-02,
    4.783583681717));
#1689 = VECTOR('',#1690,1.);
#1690 = DIRECTION('',(0.348155311911,0.348155311911,0.870388279778));
#1691 = ORIENTED_EDGE('',*,*,#1692,.T.);
#1692 = EDGE_CURVE('',#1685,#1416,#1693,.T.);
#1693 = LINE('',#1694,#1695);
#1694 = CARTESIAN_POINT('',(-7.424243991296E-02,0.223098836068,5.));
#1695 = VECTOR('',#1696,1.);
#1696 = DIRECTION('',(-0.707106781187,0.707106781187,0.));
#1697 = ORIENTED_EDGE('',*,*,#1415,.T.);
#1698 = ORIENTED_EDGE('',*,*,#1462,.T.);
#1699 = PLANE('',#1700);
#1700 = AXIS2_PLACEMENT_3D('',#1701,#1702,#1703);
#1701 = CARTESIAN_POINT('',(-0.160808967226,0.136532308754,
    4.783583681717));
#1702 = DIRECTION('',(-0.615457454897,-0.615457454897,0.492365963917));
#1703 = DIRECTION('',(0.624695047554,-8.326672684689E-17,0.780868809443)
  );
#1704 = ADVANCED_FACE('',(#1705),#1716,.T.);
#1705 = FACE_BOUND('',#1706,.T.);
#1706 = EDGE_LOOP('',(#1707,#1708,#1714,#1715));
#1707 = ORIENTED_EDGE('',*,*,#1628,.F.);
#1708 = ORIENTED_EDGE('',*,*,#1709,.T.);
#1709 = EDGE_CURVE('',#1621,#1685,#1710,.T.);
#1710 = LINE('',#1711,#1712);
#1711 = CARTESIAN_POINT('',(-0.168829365079,0.169761910901,5.));
#1712 = VECTOR('',#1713,1.);
#1713 = DIRECTION('',(-1.,0.,0.));
#1714 = ORIENTED_EDGE('',*,*,#1684,.F.);
#1715 = ORIENTED_EDGE('',*,*,#1653,.T.);
#1716 = PLANE('',#1717);
#1717 = AXIS2_PLACEMENT_3D('',#1718,#1719,#1720);
#1718 = CARTESIAN_POINT('',(-0.168829365079,6.976191090109E-02,4.75));
#1719 = DIRECTION('',(0.,-0.928476690885,0.371390676354));
#1720 = DIRECTION('',(0.,-0.371390676354,-0.928476690885));
#1721 = ADVANCED_FACE('',(#1722),#1737,.T.);
#1722 = FACE_BOUND('',#1723,.T.);
#1723 = EDGE_LOOP('',(#1724,#1725,#1726,#1727,#1728,#1729,#1730,#1731));
#1724 = ORIENTED_EDGE('',*,*,#1376,.F.);
#1725 = ORIENTED_EDGE('',*,*,#1423,.F.);
#1726 = ORIENTED_EDGE('',*,*,#1692,.F.);
#1727 = ORIENTED_EDGE('',*,*,#1709,.F.);
#1728 = ORIENTED_EDGE('',*,*,#1620,.F.);
#1729 = ORIENTED_EDGE('',*,*,#1597,.F.);
#1730 = ORIENTED_EDGE('',*,*,#1526,.F.);
#1731 = ORIENTED_EDGE('',*,*,#1732,.F.);
#1732 = EDGE_CURVE('',#1377,#1519,#1733,.T.);
#1733 = LINE('',#1734,#1735);
#1734 = CARTESIAN_POINT('',(0.148670634921,0.404761910901,5.));
#1735 = VECTOR('',#1736,1.);
#1736 = DIRECTION('',(1.,0.,0.));
#1737 = PLANE('',#1738);
#1738 = AXIS2_PLACEMENT_3D('',#1739,#1740,#1741);
#1739 = CARTESIAN_POINT('',(-1.007936507936E-02,0.287261910901,5.));
#1740 = DIRECTION('',(0.,0.,1.));
#1741 = DIRECTION('',(1.,0.,-0.));
#1742 = ADVANCED_FACE('',(#1743),#1749,.T.);
#1743 = FACE_BOUND('',#1744,.T.);
#1744 = EDGE_LOOP('',(#1745,#1746,#1747,#1748));
#1745 = ORIENTED_EDGE('',*,*,#1384,.F.);
#1746 = ORIENTED_EDGE('',*,*,#1732,.T.);
#1747 = ORIENTED_EDGE('',*,*,#1518,.F.);
#1748 = ORIENTED_EDGE('',*,*,#1478,.T.);
#1749 = PLANE('',#1750);
#1750 = AXIS2_PLACEMENT_3D('',#1751,#1752,#1753);
#1751 = CARTESIAN_POINT('',(0.148670634921,0.504761910901,4.75));
#1752 = DIRECTION('',(0.,0.928476690885,0.371390676354));
#1753 = DIRECTION('',(0.,-0.371390676354,0.928476690885));
#1754 = ADVANCED_FACE('',(#1755),#1761,.F.);
#1755 = FACE_BOUND('',#1756,.T.);
#1756 = EDGE_LOOP('',(#1757,#1758,#1759,#1760));
#1757 = ORIENTED_EDGE('',*,*,#1502,.F.);
#1758 = ORIENTED_EDGE('',*,*,#1581,.F.);
#1759 = ORIENTED_EDGE('',*,*,#1668,.F.);
#1760 = ORIENTED_EDGE('',*,*,#1446,.F.);
#1761 = PLANE('',#1762);
#1762 = AXIS2_PLACEMENT_3D('',#1763,#1764,#1765);
#1763 = CARTESIAN_POINT('',(-1.007936507936E-02,0.287261910901,0.));
#1764 = DIRECTION('',(0.,0.,1.));
#1765 = DIRECTION('',(1.,0.,-0.));
#1766 = ( GEOMETRIC_REPRESENTATION_CONTEXT(3) 
GLOBAL_UNCERTAINTY_ASSIGNED_CONTEXT((#1770)) 
GLOBAL_UNIT_ASSIGNED_CONTEXT((#1767,#1768,#1769)) REPRESENTATION_CONTEXT
('Context #1','3D Context with UNIT and UNCERTAINTY') );
#1767 = ( LENGTH_UNIT() NAMED_UNIT(*) SI_UNIT(.MILLI.,.METRE.) );
#1768 = ( NAMED_UNIT(*) PLANE_ANGLE_UNIT() SI_UNIT($,.RADIAN.) );
#1769 = ( NAMED_UNIT(*) SI_UNIT($,.STERADIAN.) SOLID_ANGLE_UNIT() );
#1770 = UNCERTAINTY_MEASURE_WITH_UNIT(LENGTH_MEASURE(1.E-07),#1767,
  'distance_accuracy_value','confusion accuracy');
#1771 = CONTEXT_DEPENDENT_SHAPE_REPRESENTATION(#1772,#1774);
#1772 = ( REPRESENTATION_RELATIONSHIP('','',#1351,#1324) 
REPRESENTATION_RELATIONSHIP_WITH_TRANSFORMATION(#1773) 
SHAPE_REPRESENTATION_RELATIONSHIP() );
#1773 = ITEM_DEFINED_TRANSFORMATION('','',#11,#1325);
#1774 = PRODUCT_DEFINITION_SHAPE('Placement','Placement of an item',
  #1775);
#1775 = NEXT_ASSEMBLY_USAGE_OCCURRENCE('2655','1039929_IPT_063','',#1319
  ,#1346,$);
#1776 = PRODUCT_RELATED_PRODUCT_CATEGORY('part',$,(#1348));
#1777 = SHAPE_DEFINITION_REPRESENTATION(#1778,#1784);
#1778 = PRODUCT_DEFINITION_SHAPE('','',#1779);
#1779 = PRODUCT_DEFINITION('design','',#1780,#1783);
#1780 = PRODUCT_DEFINITION_FORMATION('','',#1781);
#1781 = PRODUCT('1039930_IPT_063','1039930_IPT_063','',(#1782));
#1782 = PRODUCT_CONTEXT('',#2,'mechanical');
#1783 = PRODUCT_DEFINITION_CONTEXT('part definition',#2,'design');
#1784 = ADVANCED_BREP_SHAPE_REPRESENTATION('',(#11,#1785),#2199);
#1785 = MANIFOLD_SOLID_BREP('',#1786);
#1786 = CLOSED_SHELL('',(#1787,#1835,#1866,#1906,#1946,#1985,#2025,#2049
    ,#2081,#2112,#2137,#2154,#2175,#2187));
#1787 = ADVANCED_FACE('',(#1788),#1830,.T.);
#1788 = FACE_BOUND('',#1789,.T.);
#1789 = EDGE_LOOP('',(#1790,#1800,#1808,#1816,#1824));
#1790 = ORIENTED_EDGE('',*,*,#1791,.T.);
#1791 = EDGE_CURVE('',#1792,#1794,#1796,.T.);
#1792 = VERTEX_POINT('',#1793);
#1793 = CARTESIAN_POINT('',(-0.327579365079,0.604761910901,
    8.266657687084));
#1794 = VERTEX_POINT('',#1795);
#1795 = CARTESIAN_POINT('',(-0.327579365079,0.498088060568,8.4));
#1796 = LINE('',#1797,#1798);
#1797 = CARTESIAN_POINT('',(-0.327579365079,2.486790050942,
    5.914122512033));
#1798 = VECTOR('',#1799,1.);
#1799 = DIRECTION('',(6.826287649254E-17,-0.624695047554,0.780868809443)
  );
#1800 = ORIENTED_EDGE('',*,*,#1801,.T.);
#1801 = EDGE_CURVE('',#1794,#1802,#1804,.T.);
#1802 = VERTEX_POINT('',#1803);
#1803 = CARTESIAN_POINT('',(-0.127579365079,0.298088060568,8.9));
#1804 = LINE('',#1805,#1806);
#1805 = CARTESIAN_POINT('',(-0.214145892392,0.384654587881,
    8.683583681717));
#1806 = VECTOR('',#1807,1.);
#1807 = DIRECTION('',(0.348155311911,-0.348155311911,0.870388279778));
#1808 = ORIENTED_EDGE('',*,*,#1809,.T.);
#1809 = EDGE_CURVE('',#1802,#1810,#1812,.T.);
#1810 = VERTEX_POINT('',#1811);
#1811 = CARTESIAN_POINT('',(-2.090551474655E-02,0.404761910901,8.9));
#1812 = LINE('',#1813,#1814);
#1813 = CARTESIAN_POINT('',(-7.424243991296E-02,0.351424985735,8.9));
#1814 = VECTOR('',#1815,1.);
#1815 = DIRECTION('',(0.707106781187,0.707106781187,0.));
#1816 = ORIENTED_EDGE('',*,*,#1817,.T.);
#1817 = EDGE_CURVE('',#1810,#1818,#1820,.T.);
#1818 = VERTEX_POINT('',#1819);
#1819 = CARTESIAN_POINT('',(-0.220905514747,0.604761910901,8.4));
#1820 = LINE('',#1821,#1822);
#1821 = CARTESIAN_POINT('',(-0.10747204206,0.491328438214,8.683583681717
    ));
#1822 = VECTOR('',#1823,1.);
#1823 = DIRECTION('',(-0.348155311911,0.348155311911,-0.870388279778));
#1824 = ORIENTED_EDGE('',*,*,#1825,.T.);
#1825 = EDGE_CURVE('',#1818,#1792,#1826,.T.);
#1826 = LINE('',#1827,#1828);
#1827 = CARTESIAN_POINT('',(-2.085705066096,0.604761910901,
    6.069000560813));
#1828 = VECTOR('',#1829,1.);
#1829 = DIRECTION('',(-0.624695047554,0.,-0.780868809443));
#1830 = PLANE('',#1831);
#1831 = AXIS2_PLACEMENT_3D('',#1832,#1833,#1834);
#1832 = CARTESIAN_POINT('',(-0.160808967226,0.437991513048,
    8.683583681717));
#1833 = DIRECTION('',(-0.615457454897,0.615457454897,0.492365963917));
#1834 = DIRECTION('',(0.624695047554,-2.775557561563E-16,0.780868809443)
  );
#1835 = ADVANCED_FACE('',(#1836),#1861,.T.);
#1836 = FACE_BOUND('',#1837,.T.);
#1837 = EDGE_LOOP('',(#1838,#1839,#1847,#1855));
#1838 = ORIENTED_EDGE('',*,*,#1801,.F.);
#1839 = ORIENTED_EDGE('',*,*,#1840,.T.);
#1840 = EDGE_CURVE('',#1794,#1841,#1843,.T.);
#1841 = VERTEX_POINT('',#1842);
#1842 = CARTESIAN_POINT('',(-0.327579365079,7.643576123391E-02,8.4));
#1843 = LINE('',#1844,#1845);
#1844 = CARTESIAN_POINT('',(-0.327579365079,0.446011910901,8.4));
#1845 = VECTOR('',#1846,1.);
#1846 = DIRECTION('',(1.092739197466E-16,-1.,0.));
#1847 = ORIENTED_EDGE('',*,*,#1848,.F.);
#1848 = EDGE_CURVE('',#1849,#1841,#1851,.T.);
#1849 = VERTEX_POINT('',#1850);
#1850 = CARTESIAN_POINT('',(-0.127579365079,0.276435761234,8.9));
#1851 = LINE('',#1852,#1853);
#1852 = CARTESIAN_POINT('',(-0.214145892392,0.189869233921,
    8.683583681717));
#1853 = VECTOR('',#1854,1.);
#1854 = DIRECTION('',(-0.348155311911,-0.348155311911,-0.870388279778));
#1855 = ORIENTED_EDGE('',*,*,#1856,.T.);
#1856 = EDGE_CURVE('',#1849,#1802,#1857,.T.);
#1857 = LINE('',#1858,#1859);
#1858 = CARTESIAN_POINT('',(-0.127579365079,0.446011910901,8.9));
#1859 = VECTOR('',#1860,1.);
#1860 = DIRECTION('',(-1.092739197466E-16,1.,0.));
#1861 = PLANE('',#1862);
#1862 = AXIS2_PLACEMENT_3D('',#1863,#1864,#1865);
#1863 = CARTESIAN_POINT('',(-0.227579365079,0.446011910901,8.65));
#1864 = DIRECTION('',(-0.928476690885,-1.014582874064E-16,0.371390676354
    ));
#1865 = DIRECTION('',(0.371390676354,6.162975822039E-33,0.928476690885)
  );
#1866 = ADVANCED_FACE('',(#1867),#1901,.T.);
#1867 = FACE_BOUND('',#1868,.T.);
#1868 = EDGE_LOOP('',(#1869,#1870,#1878,#1886,#1894,#1900));
#1869 = ORIENTED_EDGE('',*,*,#1791,.F.);
#1870 = ORIENTED_EDGE('',*,*,#1871,.F.);
#1871 = EDGE_CURVE('',#1872,#1792,#1874,.T.);
#1872 = VERTEX_POINT('',#1873);
#1873 = CARTESIAN_POINT('',(-0.327579365079,0.604761910901,0.));
#1874 = LINE('',#1875,#1876);
#1875 = CARTESIAN_POINT('',(-0.327579365079,0.604761910901,0.));
#1876 = VECTOR('',#1877,1.);
#1877 = DIRECTION('',(0.,0.,1.));
#1878 = ORIENTED_EDGE('',*,*,#1879,.T.);
#1879 = EDGE_CURVE('',#1872,#1880,#1882,.T.);
#1880 = VERTEX_POINT('',#1881);
#1881 = CARTESIAN_POINT('',(-0.327579365079,-3.023808909891E-02,0.));
#1882 = LINE('',#1883,#1884);
#1883 = CARTESIAN_POINT('',(-0.327579365079,0.604761910901,0.));
#1884 = VECTOR('',#1885,1.);
#1885 = DIRECTION('',(1.092739197466E-16,-1.,0.));
#1886 = ORIENTED_EDGE('',*,*,#1887,.T.);
#1887 = EDGE_CURVE('',#1880,#1888,#1890,.T.);
#1888 = VERTEX_POINT('',#1889);
#1889 = CARTESIAN_POINT('',(-0.327579365079,-3.023808909891E-02,
    8.266657687084));
#1890 = LINE('',#1891,#1892);
#1891 = CARTESIAN_POINT('',(-0.327579365079,-3.023808909891E-02,0.));
#1892 = VECTOR('',#1893,1.);
#1893 = DIRECTION('',(0.,0.,1.));
#1894 = ORIENTED_EDGE('',*,*,#1895,.F.);
#1895 = EDGE_CURVE('',#1841,#1888,#1896,.T.);
#1896 = LINE('',#1897,#1898);
#1897 = CARTESIAN_POINT('',(-0.327579365079,-1.788363790115,
    6.069000560813));
#1898 = VECTOR('',#1899,1.);
#1899 = DIRECTION('',(6.826287649254E-17,-0.624695047554,-0.780868809443
    ));
#1900 = ORIENTED_EDGE('',*,*,#1840,.F.);
#1901 = PLANE('',#1902);
#1902 = AXIS2_PLACEMENT_3D('',#1903,#1904,#1905);
#1903 = CARTESIAN_POINT('',(-0.327579365079,0.604761910901,0.));
#1904 = DIRECTION('',(-1.,-1.092739197466E-16,0.));
#1905 = DIRECTION('',(1.092739197466E-16,-1.,0.));
#1906 = ADVANCED_FACE('',(#1907),#1941,.T.);
#1907 = FACE_BOUND('',#1908,.T.);
#1908 = EDGE_LOOP('',(#1909,#1910,#1918,#1926,#1934,#1940));
#1909 = ORIENTED_EDGE('',*,*,#1825,.F.);
#1910 = ORIENTED_EDGE('',*,*,#1911,.F.);
#1911 = EDGE_CURVE('',#1912,#1818,#1914,.T.);
#1912 = VERTEX_POINT('',#1913);
#1913 = CARTESIAN_POINT('',(0.200746784588,0.604761910901,8.4));
#1914 = LINE('',#1915,#1916);
#1915 = CARTESIAN_POINT('',(0.148670634921,0.604761910901,8.4));
#1916 = VECTOR('',#1917,1.);
#1917 = DIRECTION('',(-1.,0.,0.));
#1918 = ORIENTED_EDGE('',*,*,#1919,.F.);
#1919 = EDGE_CURVE('',#1920,#1912,#1922,.T.);
#1920 = VERTEX_POINT('',#1921);
#1921 = CARTESIAN_POINT('',(0.307420634921,0.604761910901,8.266657687084
    ));
#1922 = LINE('',#1923,#1924);
#1923 = CARTESIAN_POINT('',(2.189448774962,0.604761910901,5.914122512033
    ));
#1924 = VECTOR('',#1925,1.);
#1925 = DIRECTION('',(-0.624695047554,0.,0.780868809443));
#1926 = ORIENTED_EDGE('',*,*,#1927,.F.);
#1927 = EDGE_CURVE('',#1928,#1920,#1930,.T.);
#1928 = VERTEX_POINT('',#1929);
#1929 = CARTESIAN_POINT('',(0.307420634921,0.604761910901,0.));
#1930 = LINE('',#1931,#1932);
#1931 = CARTESIAN_POINT('',(0.307420634921,0.604761910901,0.));
#1932 = VECTOR('',#1933,1.);
#1933 = DIRECTION('',(0.,0.,1.));
#1934 = ORIENTED_EDGE('',*,*,#1935,.T.);
#1935 = EDGE_CURVE('',#1928,#1872,#1936,.T.);
#1936 = LINE('',#1937,#1938);
#1937 = CARTESIAN_POINT('',(0.307420634921,0.604761910901,0.));
#1938 = VECTOR('',#1939,1.);
#1939 = DIRECTION('',(-1.,0.,0.));
#1940 = ORIENTED_EDGE('',*,*,#1871,.T.);
#1941 = PLANE('',#1942);
#1942 = AXIS2_PLACEMENT_3D('',#1943,#1944,#1945);
#1943 = CARTESIAN_POINT('',(0.307420634921,0.604761910901,0.));
#1944 = DIRECTION('',(0.,1.,0.));
#1945 = DIRECTION('',(-1.,0.,0.));
#1946 = ADVANCED_FACE('',(#1947),#1980,.T.);
#1947 = FACE_BOUND('',#1948,.T.);
#1948 = EDGE_LOOP('',(#1949,#1950,#1958,#1966,#1974));
#1949 = ORIENTED_EDGE('',*,*,#1919,.T.);
#1950 = ORIENTED_EDGE('',*,*,#1951,.T.);
#1951 = EDGE_CURVE('',#1912,#1952,#1954,.T.);
#1952 = VERTEX_POINT('',#1953);
#1953 = CARTESIAN_POINT('',(7.467845878211E-04,0.404761910901,8.9));
#1954 = LINE('',#1955,#1956);
#1955 = CARTESIAN_POINT('',(8.731331190089E-02,0.491328438214,
    8.683583681717));
#1956 = VECTOR('',#1957,1.);
#1957 = DIRECTION('',(-0.348155311911,-0.348155311911,0.870388279778));
#1958 = ORIENTED_EDGE('',*,*,#1959,.T.);
#1959 = EDGE_CURVE('',#1952,#1960,#1962,.T.);
#1960 = VERTEX_POINT('',#1961);
#1961 = CARTESIAN_POINT('',(0.107420634921,0.298088060568,8.9));
#1962 = LINE('',#1963,#1964);
#1963 = CARTESIAN_POINT('',(5.408370975423E-02,0.351424985735,8.9));
#1964 = VECTOR('',#1965,1.);
#1965 = DIRECTION('',(0.707106781187,-0.707106781187,0.));
#1966 = ORIENTED_EDGE('',*,*,#1967,.T.);
#1967 = EDGE_CURVE('',#1960,#1968,#1970,.T.);
#1968 = VERTEX_POINT('',#1969);
#1969 = CARTESIAN_POINT('',(0.307420634921,0.498088060568,8.4));
#1970 = LINE('',#1971,#1972);
#1971 = CARTESIAN_POINT('',(0.193987162234,0.384654587881,8.683583681717
    ));
#1972 = VECTOR('',#1973,1.);
#1973 = DIRECTION('',(0.348155311911,0.348155311911,-0.870388279778));
#1974 = ORIENTED_EDGE('',*,*,#1975,.T.);
#1975 = EDGE_CURVE('',#1968,#1920,#1976,.T.);
#1976 = LINE('',#1977,#1978);
#1977 = CARTESIAN_POINT('',(0.307420634921,2.362887611918,6.069000560813
    ));
#1978 = VECTOR('',#1979,1.);
#1979 = DIRECTION('',(-4.778401354478E-16,0.624695047554,-0.780868809443
    ));
#1980 = PLANE('',#1981);
#1981 = AXIS2_PLACEMENT_3D('',#1982,#1983,#1984);
#1982 = CARTESIAN_POINT('',(0.140650237067,0.437991513048,8.683583681717
    ));
#1983 = DIRECTION('',(0.615457454897,0.615457454897,0.492365963917));
#1984 = DIRECTION('',(0.624695047554,1.942890293094E-16,-0.780868809443)
  );
#1985 = ADVANCED_FACE('',(#1986),#2020,.T.);
#1986 = FACE_BOUND('',#1987,.T.);
#1987 = EDGE_LOOP('',(#1988,#1989,#1997,#2005,#2013,#2019));
#1988 = ORIENTED_EDGE('',*,*,#1975,.F.);
#1989 = ORIENTED_EDGE('',*,*,#1990,.F.);
#1990 = EDGE_CURVE('',#1991,#1968,#1993,.T.);
#1991 = VERTEX_POINT('',#1992);
#1992 = CARTESIAN_POINT('',(0.307420634921,7.643576123391E-02,8.4));
#1993 = LINE('',#1994,#1995);
#1994 = CARTESIAN_POINT('',(0.307420634921,0.128511910901,8.4));
#1995 = VECTOR('',#1996,1.);
#1996 = DIRECTION('',(-7.64917438226E-16,1.,0.));
#1997 = ORIENTED_EDGE('',*,*,#1998,.F.);
#1998 = EDGE_CURVE('',#1999,#1991,#2001,.T.);
#1999 = VERTEX_POINT('',#2000);
#2000 = CARTESIAN_POINT('',(0.307420634921,-3.023808909891E-02,
    8.266657687084));
#2001 = LINE('',#2002,#2003);
#2002 = CARTESIAN_POINT('',(0.307420634921,-1.91226622914,5.914122512033
    ));
#2003 = VECTOR('',#2004,1.);
#2004 = DIRECTION('',(-4.778401354478E-16,0.624695047554,0.780868809443)
  );
#2005 = ORIENTED_EDGE('',*,*,#2006,.F.);
#2006 = EDGE_CURVE('',#2007,#1999,#2009,.T.);
#2007 = VERTEX_POINT('',#2008);
#2008 = CARTESIAN_POINT('',(0.307420634921,-3.023808909891E-02,0.));
#2009 = LINE('',#2010,#2011);
#2010 = CARTESIAN_POINT('',(0.307420634921,-3.023808909891E-02,0.));
#2011 = VECTOR('',#2012,1.);
#2012 = DIRECTION('',(0.,0.,1.));
#2013 = ORIENTED_EDGE('',*,*,#2014,.T.);
#2014 = EDGE_CURVE('',#2007,#1928,#2015,.T.);
#2015 = LINE('',#2016,#2017);
#2016 = CARTESIAN_POINT('',(0.307420634921,-3.023808909891E-02,0.));
#2017 = VECTOR('',#2018,1.);
#2018 = DIRECTION('',(-7.64917438226E-16,1.,0.));
#2019 = ORIENTED_EDGE('',*,*,#1927,.T.);
#2020 = PLANE('',#2021);
#2021 = AXIS2_PLACEMENT_3D('',#2022,#2023,#2024);
#2022 = CARTESIAN_POINT('',(0.307420634921,-3.023808909891E-02,0.));
#2023 = DIRECTION('',(1.,7.64917438226E-16,0.));
#2024 = DIRECTION('',(-7.64917438226E-16,1.,0.));
#2025 = ADVANCED_FACE('',(#2026),#2044,.T.);
#2026 = FACE_BOUND('',#2027,.T.);
#2027 = EDGE_LOOP('',(#2028,#2029,#2037,#2043));
#2028 = ORIENTED_EDGE('',*,*,#1967,.F.);
#2029 = ORIENTED_EDGE('',*,*,#2030,.T.);
#2030 = EDGE_CURVE('',#1960,#2031,#2033,.T.);
#2031 = VERTEX_POINT('',#2032);
#2032 = CARTESIAN_POINT('',(0.107420634921,0.276435761234,8.9));
#2033 = LINE('',#2034,#2035);
#2034 = CARTESIAN_POINT('',(0.107420634921,0.128511910901,8.9));
#2035 = VECTOR('',#2036,1.);
#2036 = DIRECTION('',(7.64917438226E-16,-1.,0.));
#2037 = ORIENTED_EDGE('',*,*,#2038,.F.);
#2038 = EDGE_CURVE('',#1991,#2031,#2039,.T.);
#2039 = LINE('',#2040,#2041);
#2040 = CARTESIAN_POINT('',(0.193987162234,0.189869233921,8.683583681717
    ));
#2041 = VECTOR('',#2042,1.);
#2042 = DIRECTION('',(-0.348155311911,0.348155311911,0.870388279778));
#2043 = ORIENTED_EDGE('',*,*,#1990,.T.);
#2044 = PLANE('',#2045);
#2045 = AXIS2_PLACEMENT_3D('',#2046,#2047,#2048);
#2046 = CARTESIAN_POINT('',(0.207420634921,0.128511910901,8.65));
#2047 = DIRECTION('',(0.928476690885,7.102080118445E-16,0.371390676354)
  );
#2048 = DIRECTION('',(0.371390676354,0.,-0.928476690885));
#2049 = ADVANCED_FACE('',(#2050),#2076,.T.);
#2050 = FACE_BOUND('',#2051,.T.);
#2051 = EDGE_LOOP('',(#2052,#2060,#2068,#2074,#2075));
#2052 = ORIENTED_EDGE('',*,*,#2053,.T.);
#2053 = EDGE_CURVE('',#2031,#2054,#2056,.T.);
#2054 = VERTEX_POINT('',#2055);
#2055 = CARTESIAN_POINT('',(7.467845878215E-04,0.169761910901,8.9));
#2056 = LINE('',#2057,#2058);
#2057 = CARTESIAN_POINT('',(5.408370975423E-02,0.223098836068,8.9));
#2058 = VECTOR('',#2059,1.);
#2059 = DIRECTION('',(-0.707106781187,-0.707106781187,0.));
#2060 = ORIENTED_EDGE('',*,*,#2061,.T.);
#2061 = EDGE_CURVE('',#2054,#2062,#2064,.T.);
#2062 = VERTEX_POINT('',#2063);
#2063 = CARTESIAN_POINT('',(0.200746784588,-3.023808909891E-02,8.4));
#2064 = LINE('',#2065,#2066);
#2065 = CARTESIAN_POINT('',(8.731331190089E-02,8.319538358803E-02,
    8.683583681717));
#2066 = VECTOR('',#2067,1.);
#2067 = DIRECTION('',(0.348155311911,-0.348155311911,-0.870388279778));
#2068 = ORIENTED_EDGE('',*,*,#2069,.T.);
#2069 = EDGE_CURVE('',#2062,#1999,#2070,.T.);
#2070 = LINE('',#2071,#2072);
#2071 = CARTESIAN_POINT('',(2.065546335937,-3.023808909891E-02,
    6.069000560813));
#2072 = VECTOR('',#2073,1.);
#2073 = DIRECTION('',(0.624695047554,0.,-0.780868809443));
#2074 = ORIENTED_EDGE('',*,*,#1998,.T.);
#2075 = ORIENTED_EDGE('',*,*,#2038,.T.);
#2076 = PLANE('',#2077);
#2077 = AXIS2_PLACEMENT_3D('',#2078,#2079,#2080);
#2078 = CARTESIAN_POINT('',(0.140650237067,0.136532308754,8.683583681717
    ));
#2079 = DIRECTION('',(0.615457454897,-0.615457454897,0.492365963917));
#2080 = DIRECTION('',(0.624695047554,-1.665334536938E-16,-0.780868809443
    ));
#2081 = ADVANCED_FACE('',(#2082),#2107,.T.);
#2082 = FACE_BOUND('',#2083,.T.);
#2083 = EDGE_LOOP('',(#2084,#2085,#2093,#2099,#2100,#2106));
#2084 = ORIENTED_EDGE('',*,*,#2069,.F.);
#2085 = ORIENTED_EDGE('',*,*,#2086,.F.);
#2086 = EDGE_CURVE('',#2087,#2062,#2089,.T.);
#2087 = VERTEX_POINT('',#2088);
#2088 = CARTESIAN_POINT('',(-0.220905514747,-3.023808909891E-02,8.4));
#2089 = LINE('',#2090,#2091);
#2090 = CARTESIAN_POINT('',(-0.168829365079,-3.023808909891E-02,8.4));
#2091 = VECTOR('',#2092,1.);
#2092 = DIRECTION('',(1.,0.,0.));
#2093 = ORIENTED_EDGE('',*,*,#2094,.F.);
#2094 = EDGE_CURVE('',#1888,#2087,#2095,.T.);
#2095 = LINE('',#2096,#2097);
#2096 = CARTESIAN_POINT('',(-2.20960750512,-3.023808909891E-02,
    5.914122512033));
#2097 = VECTOR('',#2098,1.);
#2098 = DIRECTION('',(0.624695047554,0.,0.780868809443));
#2099 = ORIENTED_EDGE('',*,*,#1887,.F.);
#2100 = ORIENTED_EDGE('',*,*,#2101,.T.);
#2101 = EDGE_CURVE('',#1880,#2007,#2102,.T.);
#2102 = LINE('',#2103,#2104);
#2103 = CARTESIAN_POINT('',(-0.327579365079,-3.023808909891E-02,0.));
#2104 = VECTOR('',#2105,1.);
#2105 = DIRECTION('',(1.,0.,0.));
#2106 = ORIENTED_EDGE('',*,*,#2006,.T.);
#2107 = PLANE('',#2108);
#2108 = AXIS2_PLACEMENT_3D('',#2109,#2110,#2111);
#2109 = CARTESIAN_POINT('',(-0.327579365079,-3.023808909891E-02,0.));
#2110 = DIRECTION('',(0.,-1.,0.));
#2111 = DIRECTION('',(1.,0.,0.));
#2112 = ADVANCED_FACE('',(#2113),#2132,.T.);
#2113 = FACE_BOUND('',#2114,.T.);
#2114 = EDGE_LOOP('',(#2115,#2116,#2124,#2130,#2131));
#2115 = ORIENTED_EDGE('',*,*,#2094,.T.);
#2116 = ORIENTED_EDGE('',*,*,#2117,.T.);
#2117 = EDGE_CURVE('',#2087,#2118,#2120,.T.);
#2118 = VERTEX_POINT('',#2119);
#2119 = CARTESIAN_POINT('',(-2.090551474655E-02,0.169761910901,8.9));
#2120 = LINE('',#2121,#2122);
#2121 = CARTESIAN_POINT('',(-0.10747204206,8.319538358803E-02,
    8.683583681717));
#2122 = VECTOR('',#2123,1.);
#2123 = DIRECTION('',(0.348155311911,0.348155311911,0.870388279778));
#2124 = ORIENTED_EDGE('',*,*,#2125,.T.);
#2125 = EDGE_CURVE('',#2118,#1849,#2126,.T.);
#2126 = LINE('',#2127,#2128);
#2127 = CARTESIAN_POINT('',(-7.424243991296E-02,0.223098836068,8.9));
#2128 = VECTOR('',#2129,1.);
#2129 = DIRECTION('',(-0.707106781187,0.707106781187,0.));
#2130 = ORIENTED_EDGE('',*,*,#1848,.T.);
#2131 = ORIENTED_EDGE('',*,*,#1895,.T.);
#2132 = PLANE('',#2133);
#2133 = AXIS2_PLACEMENT_3D('',#2134,#2135,#2136);
#2134 = CARTESIAN_POINT('',(-0.160808967226,0.136532308754,
    8.683583681717));
#2135 = DIRECTION('',(-0.615457454897,-0.615457454897,0.492365963917));
#2136 = DIRECTION('',(0.624695047554,1.942890293094E-16,0.780868809443)
  );
#2137 = ADVANCED_FACE('',(#2138),#2149,.T.);
#2138 = FACE_BOUND('',#2139,.T.);
#2139 = EDGE_LOOP('',(#2140,#2141,#2147,#2148));
#2140 = ORIENTED_EDGE('',*,*,#2061,.F.);
#2141 = ORIENTED_EDGE('',*,*,#2142,.T.);
#2142 = EDGE_CURVE('',#2054,#2118,#2143,.T.);
#2143 = LINE('',#2144,#2145);
#2144 = CARTESIAN_POINT('',(-0.168829365079,0.169761910901,8.9));
#2145 = VECTOR('',#2146,1.);
#2146 = DIRECTION('',(-1.,0.,0.));
#2147 = ORIENTED_EDGE('',*,*,#2117,.F.);
#2148 = ORIENTED_EDGE('',*,*,#2086,.T.);
#2149 = PLANE('',#2150);
#2150 = AXIS2_PLACEMENT_3D('',#2151,#2152,#2153);
#2151 = CARTESIAN_POINT('',(-0.168829365079,6.976191090109E-02,8.65));
#2152 = DIRECTION('',(0.,-0.928476690885,0.371390676354));
#2153 = DIRECTION('',(0.,-0.371390676354,-0.928476690885));
#2154 = ADVANCED_FACE('',(#2155),#2170,.T.);
#2155 = FACE_BOUND('',#2156,.T.);
#2156 = EDGE_LOOP('',(#2157,#2158,#2159,#2160,#2161,#2162,#2163,#2164));
#2157 = ORIENTED_EDGE('',*,*,#1809,.F.);
#2158 = ORIENTED_EDGE('',*,*,#1856,.F.);
#2159 = ORIENTED_EDGE('',*,*,#2125,.F.);
#2160 = ORIENTED_EDGE('',*,*,#2142,.F.);
#2161 = ORIENTED_EDGE('',*,*,#2053,.F.);
#2162 = ORIENTED_EDGE('',*,*,#2030,.F.);
#2163 = ORIENTED_EDGE('',*,*,#1959,.F.);
#2164 = ORIENTED_EDGE('',*,*,#2165,.F.);
#2165 = EDGE_CURVE('',#1810,#1952,#2166,.T.);
#2166 = LINE('',#2167,#2168);
#2167 = CARTESIAN_POINT('',(0.148670634921,0.404761910901,8.9));
#2168 = VECTOR('',#2169,1.);
#2169 = DIRECTION('',(1.,0.,0.));
#2170 = PLANE('',#2171);
#2171 = AXIS2_PLACEMENT_3D('',#2172,#2173,#2174);
#2172 = CARTESIAN_POINT('',(-1.007936507936E-02,0.287261910901,8.9));
#2173 = DIRECTION('',(0.,0.,1.));
#2174 = DIRECTION('',(1.,0.,-0.));
#2175 = ADVANCED_FACE('',(#2176),#2182,.T.);
#2176 = FACE_BOUND('',#2177,.T.);
#2177 = EDGE_LOOP('',(#2178,#2179,#2180,#2181));
#2178 = ORIENTED_EDGE('',*,*,#1817,.F.);
#2179 = ORIENTED_EDGE('',*,*,#2165,.T.);
#2180 = ORIENTED_EDGE('',*,*,#1951,.F.);
#2181 = ORIENTED_EDGE('',*,*,#1911,.T.);
#2182 = PLANE('',#2183);
#2183 = AXIS2_PLACEMENT_3D('',#2184,#2185,#2186);
#2184 = CARTESIAN_POINT('',(0.148670634921,0.504761910901,8.65));
#2185 = DIRECTION('',(0.,0.928476690885,0.371390676354));
#2186 = DIRECTION('',(0.,-0.371390676354,0.928476690885));
#2187 = ADVANCED_FACE('',(#2188),#2194,.F.);
#2188 = FACE_BOUND('',#2189,.T.);
#2189 = EDGE_LOOP('',(#2190,#2191,#2192,#2193));
#2190 = ORIENTED_EDGE('',*,*,#1935,.F.);
#2191 = ORIENTED_EDGE('',*,*,#2014,.F.);
#2192 = ORIENTED_EDGE('',*,*,#2101,.F.);
#2193 = ORIENTED_EDGE('',*,*,#1879,.F.);
#2194 = PLANE('',#2195);
#2195 = AXIS2_PLACEMENT_3D('',#2196,#2197,#2198);
#2196 = CARTESIAN_POINT('',(-1.007936507936E-02,0.287261910901,0.));
#2197 = DIRECTION('',(0.,0.,1.));
#2198 = DIRECTION('',(1.,0.,-0.));
#2199 = ( GEOMETRIC_REPRESENTATION_CONTEXT(3) 
GLOBAL_UNCERTAINTY_ASSIGNED_CONTEXT((#2203)) 
GLOBAL_UNIT_ASSIGNED_CONTEXT((#2200,#2201,#2202)) REPRESENTATION_CONTEXT
('Context #1','3D Context with UNIT and UNCERTAINTY') );
#2200 = ( LENGTH_UNIT() NAMED_UNIT(*) SI_UNIT(.MILLI.,.METRE.) );
#2201 = ( NAMED_UNIT(*) PLANE_ANGLE_UNIT() SI_UNIT($,.RADIAN.) );
#2202 = ( NAMED_UNIT(*) SI_UNIT($,.STERADIAN.) SOLID_ANGLE_UNIT() );
#2203 = UNCERTAINTY_MEASURE_WITH_UNIT(LENGTH_MEASURE(1.E-07),#2200,
  'distance_accuracy_value','confusion accuracy');
#2204 = CONTEXT_DEPENDENT_SHAPE_REPRESENTATION(#2205,#2207);
#2205 = ( REPRESENTATION_RELATIONSHIP('','',#1784,#1324) 
REPRESENTATION_RELATIONSHIP_WITH_TRANSFORMATION(#2206) 
SHAPE_REPRESENTATION_RELATIONSHIP() );
#2206 = ITEM_DEFINED_TRANSFORMATION('','',#11,#1329);
#2207 = PRODUCT_DEFINITION_SHAPE('Placement','Placement of an item',
  #2208);
#2208 = NEXT_ASSEMBLY_USAGE_OCCURRENCE('2656','1039930_IPT_063','',#1319
  ,#1779,$);
#2209 = PRODUCT_RELATED_PRODUCT_CATEGORY('part',$,(#1781));
#2210 = CONTEXT_DEPENDENT_SHAPE_REPRESENTATION(#2211,#2213);
#2211 = ( REPRESENTATION_RELATIONSHIP('','',#299,#32) 
REPRESENTATION_RELATIONSHIP_WITH_TRANSFORMATION(#2212) 
SHAPE_REPRESENTATION_RELATIONSHIP() );
#2212 = ITEM_DEFINED_TRANSFORMATION('','',#11,#41);
#2213 = PRODUCT_DEFINITION_SHAPE('Placement','Placement of an item',
  #2214);
#2214 = NEXT_ASSEMBLY_USAGE_OCCURRENCE('2658','F1000S1120M007B064','',
  #27,#294,$);
#2215 = SHAPE_DEFINITION_REPRESENTATION(#2216,#2222);
#2216 = PRODUCT_DEFINITION_SHAPE('','',#2217);
#2217 = PRODUCT_DEFINITION('design','',#2218,#2221);
#2218 = PRODUCT_DEFINITION_FORMATION('','',#2219);
#2219 = PRODUCT('1039931_IAM_064','1039931_IAM_064','',(#2220));
#2220 = PRODUCT_CONTEXT('',#2,'mechanical');
#2221 = PRODUCT_DEFINITION_CONTEXT('part definition',#2,'design');
#2222 = SHAPE_REPRESENTATION('',(#11,#2223,#2227),#2231);
#2223 = AXIS2_PLACEMENT_3D('',#2224,#2225,#2226);
#2224 = CARTESIAN_POINT('',(0.,0.,0.));
#2225 = DIRECTION('',(0.,0.,1.));
#2226 = DIRECTION('',(1.,0.,0.));
#2227 = AXIS2_PLACEMENT_3D('',#2228,#2229,#2230);
#2228 = CARTESIAN_POINT('',(-4.51028103754E-16,0.574523821802,0.));
#2229 = DIRECTION('',(0.,0.,-1.));
#2230 = DIRECTION('',(1.,0.,0.));
#2231 = ( GEOMETRIC_REPRESENTATION_CONTEXT(3) 
GLOBAL_UNCERTAINTY_ASSIGNED_CONTEXT((#2235)) 
GLOBAL_UNIT_ASSIGNED_CONTEXT((#2232,#2233,#2234)) REPRESENTATION_CONTEXT
('Context #1','3D Context with UNIT and UNCERTAINTY') );
#2232 = ( LENGTH_UNIT() NAMED_UNIT(*) SI_UNIT(.MILLI.,.METRE.) );
#2233 = ( NAMED_UNIT(*) PLANE_ANGLE_UNIT() SI_UNIT($,.RADIAN.) );
#2234 = ( NAMED_UNIT(*) SI_UNIT($,.STERADIAN.) SOLID_ANGLE_UNIT() );
#2235 = UNCERTAINTY_MEASURE_WITH_UNIT(LENGTH_MEASURE(1.E-07),#2232,
  'distance_accuracy_value','confusion accuracy');
#2236 = CONTEXT_DEPENDENT_SHAPE_REPRESENTATION(#2237,#2239);
#2237 = ( REPRESENTATION_RELATIONSHIP('','',#2222,#32) 
REPRESENTATION_RELATIONSHIP_WITH_TRANSFORMATION(#2238) 
SHAPE_REPRESENTATION_RELATIONSHIP() );
#2238 = ITEM_DEFINED_TRANSFORMATION('','',#11,#45);
#2239 = PRODUCT_DEFINITION_SHAPE('Placement','Placement of an item',
  #2240);
#2240 = NEXT_ASSEMBLY_USAGE_OCCURRENCE('2661','1039931_IAM_064','',#27,
  #2217,$);
#2241 = PRODUCT_RELATED_PRODUCT_CATEGORY('part',$,(#2219));
#2242 = CONTEXT_DEPENDENT_SHAPE_REPRESENTATION(#2243,#2245);
#2243 = ( REPRESENTATION_RELATIONSHIP('','',#1351,#2222) 
REPRESENTATION_RELATIONSHIP_WITH_TRANSFORMATION(#2244) 
SHAPE_REPRESENTATION_RELATIONSHIP() );
#2244 = ITEM_DEFINED_TRANSFORMATION('','',#11,#2223);
#2245 = PRODUCT_DEFINITION_SHAPE('Placement','Placement of an item',
  #2246);
#2246 = NEXT_ASSEMBLY_USAGE_OCCURRENCE('2659','1039929_IPT_064','',#2217
  ,#1346,$);
#2247 = CONTEXT_DEPENDENT_SHAPE_REPRESENTATION(#2248,#2250);
#2248 = ( REPRESENTATION_RELATIONSHIP('','',#1784,#2222) 
REPRESENTATION_RELATIONSHIP_WITH_TRANSFORMATION(#2249) 
SHAPE_REPRESENTATION_RELATIONSHIP() );
#2249 = ITEM_DEFINED_TRANSFORMATION('','',#11,#2227);
#2250 = PRODUCT_DEFINITION_SHAPE('Placement','Placement of an item',
  #2251);
#2251 = NEXT_ASSEMBLY_USAGE_OCCURRENCE('2660','1039930_IPT_064','',#2217
  ,#1779,$);
#2252 = CONTEXT_DEPENDENT_SHAPE_REPRESENTATION(#2253,#2255);
#2253 = ( REPRESENTATION_RELATIONSHIP('','',#299,#32) 
REPRESENTATION_RELATIONSHIP_WITH_TRANSFORMATION(#2254) 
SHAPE_REPRESENTATION_RELATIONSHIP() );
#2254 = ITEM_DEFINED_TRANSFORMATION('','',#11,#49);
#2255 = PRODUCT_DEFINITION_SHAPE('Placement','Placement of an item',
  #2256);
#2256 = NEXT_ASSEMBLY_USAGE_OCCURRENCE('2662','F1000S1120M007B065','',
  #27,#294,$);
#2257 = SHAPE_DEFINITION_REPRESENTATION(#2258,#2264);
#2258 = PRODUCT_DEFINITION_SHAPE('','',#2259);
#2259 = PRODUCT_DEFINITION('design','',#2260,#2263);
#2260 = PRODUCT_DEFINITION_FORMATION('','',#2261);
#2261 = PRODUCT('1039931_IAM_065','1039931_IAM_065','',(#2262));
#2262 = PRODUCT_CONTEXT('',#2,'mechanical');
#2263 = PRODUCT_DEFINITION_CONTEXT('part definition',#2,'design');
#2264 = SHAPE_REPRESENTATION('',(#11,#2265,#2269),#2273);
#2265 = AXIS2_PLACEMENT_3D('',#2266,#2267,#2268);
#2266 = CARTESIAN_POINT('',(0.,0.,0.));
#2267 = DIRECTION('',(0.,0.,1.));
#2268 = DIRECTION('',(1.,0.,0.));
#2269 = AXIS2_PLACEMENT_3D('',#2270,#2271,#2272);
#2270 = CARTESIAN_POINT('',(-4.51028103754E-16,0.574523821802,0.));
#2271 = DIRECTION('',(0.,0.,-1.));
#2272 = DIRECTION('',(1.,0.,0.));
#2273 = ( GEOMETRIC_REPRESENTATION_CONTEXT(3) 
GLOBAL_UNCERTAINTY_ASSIGNED_CONTEXT((#2277)) 
GLOBAL_UNIT_ASSIGNED_CONTEXT((#2274,#2275,#2276)) REPRESENTATION_CONTEXT
('Context #1','3D Context with UNIT and UNCERTAINTY') );
#2274 = ( LENGTH_UNIT() NAMED_UNIT(*) SI_UNIT(.MILLI.,.METRE.) );
#2275 = ( NAMED_UNIT(*) PLANE_ANGLE_UNIT() SI_UNIT($,.RADIAN.) );
#2276 = ( NAMED_UNIT(*) SI_UNIT($,.STERADIAN.) SOLID_ANGLE_UNIT() );
#2277 = UNCERTAINTY_MEASURE_WITH_UNIT(LENGTH_MEASURE(1.E-07),#2274,
  'distance_accuracy_value','confusion accuracy');
#2278 = CONTEXT_DEPENDENT_SHAPE_REPRESENTATION(#2279,#2281);
#2279 = ( REPRESENTATION_RELATIONSHIP('','',#2264,#32) 
REPRESENTATION_RELATIONSHIP_WITH_TRANSFORMATION(#2280) 
SHAPE_REPRESENTATION_RELATIONSHIP() );
#2280 = ITEM_DEFINED_TRANSFORMATION('','',#11,#53);
#2281 = PRODUCT_DEFINITION_SHAPE('Placement','Placement of an item',
  #2282);
#2282 = NEXT_ASSEMBLY_USAGE_OCCURRENCE('2665','1039931_IAM_065','',#27,
  #2259,$);
#2283 = PRODUCT_RELATED_PRODUCT_CATEGORY('part',$,(#2261));
#2284 = CONTEXT_DEPENDENT_SHAPE_REPRESENTATION(#2285,#2287);
#2285 = ( REPRESENTATION_RELATIONSHIP('','',#1351,#2264) 
REPRESENTATION_RELATIONSHIP_WITH_TRANSFORMATION(#2286) 
SHAPE_REPRESENTATION_RELATIONSHIP() );
#2286 = ITEM_DEFINED_TRANSFORMATION('','',#11,#2265);
#2287 = PRODUCT_DEFINITION_SHAPE('Placement','Placement of an item',
  #2288);
#2288 = NEXT_ASSEMBLY_USAGE_OCCURRENCE('2663','1039929_IPT_065','',#2259
  ,#1346,$);
#2289 = CONTEXT_DEPENDENT_SHAPE_REPRESENTATION(#2290,#2292);
#2290 = ( REPRESENTATION_RELATIONSHIP('','',#1784,#2264) 
REPRESENTATION_RELATIONSHIP_WITH_TRANSFORMATION(#2291) 
SHAPE_REPRESENTATION_RELATIONSHIP() );
#2291 = ITEM_DEFINED_TRANSFORMATION('','',#11,#2269);
#2292 = PRODUCT_DEFINITION_SHAPE('Placement','Placement of an item',
  #2293);
#2293 = NEXT_ASSEMBLY_USAGE_OCCURRENCE('2664','1039930_IPT_065','',#2259
  ,#1779,$);
#2294 = CONTEXT_DEPENDENT_SHAPE_REPRESENTATION(#2295,#2297);
#2295 = ( REPRESENTATION_RELATIONSHIP('','',#299,#32) 
REPRESENTATION_RELATIONSHIP_WITH_TRANSFORMATION(#2296) 
SHAPE_REPRESENTATION_RELATIONSHIP() );
#2296 = ITEM_DEFINED_TRANSFORMATION('','',#11,#57);
#2297 = PRODUCT_DEFINITION_SHAPE('Placement','Placement of an item',
  #2298);
#2298 = NEXT_ASSEMBLY_USAGE_OCCURRENCE('2666','F1000S1120M007B066','',
  #27,#294,$);
#2299 = SHAPE_DEFINITION_REPRESENTATION(#2300,#2306);
#2300 = PRODUCT_DEFINITION_SHAPE('','',#2301);
#2301 = PRODUCT_DEFINITION('design','',#2302,#2305);
#2302 = PRODUCT_DEFINITION_FORMATION('','',#2303);
#2303 = PRODUCT('1039931_IAM_066','1039931_IAM_066','',(#2304));
#2304 = PRODUCT_CONTEXT('',#2,'mechanical');
#2305 = PRODUCT_DEFINITION_CONTEXT('part definition',#2,'design');
#2306 = SHAPE_REPRESENTATION('',(#11,#2307,#2311),#2315);
#2307 = AXIS2_PLACEMENT_3D('',#2308,#2309,#2310);
#2308 = CARTESIAN_POINT('',(0.,0.,0.));
#2309 = DIRECTION('',(0.,0.,1.));
#2310 = DIRECTION('',(1.,0.,0.));
#2311 = AXIS2_PLACEMENT_3D('',#2312,#2313,#2314);
#2312 = CARTESIAN_POINT('',(-4.51028103754E-16,0.574523821802,0.));
#2313 = DIRECTION('',(0.,0.,-1.));
#2314 = DIRECTION('',(1.,0.,0.));
#2315 = ( GEOMETRIC_REPRESENTATION_CONTEXT(3) 
GLOBAL_UNCERTAINTY_ASSIGNED_CONTEXT((#2319)) 
GLOBAL_UNIT_ASSIGNED_CONTEXT((#2316,#2317,#2318)) REPRESENTATION_CONTEXT
('Context #1','3D Context with UNIT and UNCERTAINTY') );
#2316 = ( LENGTH_UNIT() NAMED_UNIT(*) SI_UNIT(.MILLI.,.METRE.) );
#2317 = ( NAMED_UNIT(*) PLANE_ANGLE_UNIT() SI_UNIT($,.RADIAN.) );
#2318 = ( NAMED_UNIT(*) SI_UNIT($,.STERADIAN.) SOLID_ANGLE_UNIT() );
#2319 = UNCERTAINTY_MEASURE_WITH_UNIT(LENGTH_MEASURE(1.E-07),#2316,
  'distance_accuracy_value','confusion accuracy');
#2320 = CONTEXT_DEPENDENT_SHAPE_REPRESENTATION(#2321,#2323);
#2321 = ( REPRESENTATION_RELATIONSHIP('','',#2306,#32) 
REPRESENTATION_RELATIONSHIP_WITH_TRANSFORMATION(#2322) 
SHAPE_REPRESENTATION_RELATIONSHIP() );
#2322 = ITEM_DEFINED_TRANSFORMATION('','',#11,#61);
#2323 = PRODUCT_DEFINITION_SHAPE('Placement','Placement of an item',
  #2324);
#2324 = NEXT_ASSEMBLY_USAGE_OCCURRENCE('2669','1039931_IAM_066','',#27,
  #2301,$);
#2325 = PRODUCT_RELATED_PRODUCT_CATEGORY('part',$,(#2303));
#2326 = CONTEXT_DEPENDENT_SHAPE_REPRESENTATION(#2327,#2329);
#2327 = ( REPRESENTATION_RELATIONSHIP('','',#1351,#2306) 
REPRESENTATION_RELATIONSHIP_WITH_TRANSFORMATION(#2328) 
SHAPE_REPRESENTATION_RELATIONSHIP() );
#2328 = ITEM_DEFINED_TRANSFORMATION('','',#11,#2307);
#2329 = PRODUCT_DEFINITION_SHAPE('Placement','Placement of an item',
  #2330);
#2330 = NEXT_ASSEMBLY_USAGE_OCCURRENCE('2667','1039929_IPT_066','',#2301
  ,#1346,$);
#2331 = CONTEXT_DEPENDENT_SHAPE_REPRESENTATION(#2332,#2334);
#2332 = ( REPRESENTATION_RELATIONSHIP('','',#1784,#2306) 
REPRESENTATION_RELATIONSHIP_WITH_TRANSFORMATION(#2333) 
SHAPE_REPRESENTATION_RELATIONSHIP() );
#2333 = ITEM_DEFINED_TRANSFORMATION('','',#11,#2311);
#2334 = PRODUCT_DEFINITION_SHAPE('Placement','Placement of an item',
  #2335);
#2335 = NEXT_ASSEMBLY_USAGE_OCCURRENCE('2668','1039930_IPT_066','',#2301
  ,#1779,$);
#2336 = CONTEXT_DEPENDENT_SHAPE_REPRESENTATION(#2337,#2339);
#2337 = ( REPRESENTATION_RELATIONSHIP('','',#299,#32) 
REPRESENTATION_RELATIONSHIP_WITH_TRANSFORMATION(#2338) 
SHAPE_REPRESENTATION_RELATIONSHIP() );
#2338 = ITEM_DEFINED_TRANSFORMATION('','',#11,#65);
#2339 = PRODUCT_DEFINITION_SHAPE('Placement','Placement of an item',
  #2340);
#2340 = NEXT_ASSEMBLY_USAGE_OCCURRENCE('2670','F1000S1120M007B067','',
  #27,#294,$);
#2341 = SHAPE_DEFINITION_REPRESENTATION(#2342,#2348);
#2342 = PRODUCT_DEFINITION_SHAPE('','',#2343);
#2343 = PRODUCT_DEFINITION('design','',#2344,#2347);
#2344 = PRODUCT_DEFINITION_FORMATION('','',#2345);
#2345 = PRODUCT('1039931_IAM_067','1039931_IAM_067','',(#2346));
#2346 = PRODUCT_CONTEXT('',#2,'mechanical');
#2347 = PRODUCT_DEFINITION_CONTEXT('part definition',#2,'design');
#2348 = SHAPE_REPRESENTATION('',(#11,#2349,#2353),#2357);
#2349 = AXIS2_PLACEMENT_3D('',#2350,#2351,#2352);
#2350 = CARTESIAN_POINT('',(0.,0.,0.));
#2351 = DIRECTION('',(0.,0.,1.));
#2352 = DIRECTION('',(1.,0.,0.));
#2353 = AXIS2_PLACEMENT_3D('',#2354,#2355,#2356);
#2354 = CARTESIAN_POINT('',(-4.51028103754E-16,0.574523821802,0.));
#2355 = DIRECTION('',(0.,0.,-1.));
#2356 = DIRECTION('',(1.,0.,0.));
#2357 = ( GEOMETRIC_REPRESENTATION_CONTEXT(3) 
GLOBAL_UNCERTAINTY_ASSIGNED_CONTEXT((#2361)) 
GLOBAL_UNIT_ASSIGNED_CONTEXT((#2358,#2359,#2360)) REPRESENTATION_CONTEXT
('Context #1','3D Context with UNIT and UNCERTAINTY') );
#2358 = ( LENGTH_UNIT() NAMED_UNIT(*) SI_UNIT(.MILLI.,.METRE.) );
#2359 = ( NAMED_UNIT(*) PLANE_ANGLE_UNIT() SI_UNIT($,.RADIAN.) );
#2360 = ( NAMED_UNIT(*) SI_UNIT($,.STERADIAN.) SOLID_ANGLE_UNIT() );
#2361 = UNCERTAINTY_MEASURE_WITH_UNIT(LENGTH_MEASURE(1.E-07),#2358,
  'distance_accuracy_value','confusion accuracy');
#2362 = CONTEXT_DEPENDENT_SHAPE_REPRESENTATION(#2363,#2365);
#2363 = ( REPRESENTATION_RELATIONSHIP('','',#2348,#32) 
REPRESENTATION_RELATIONSHIP_WITH_TRANSFORMATION(#2364) 
SHAPE_REPRESENTATION_RELATIONSHIP() );
#2364 = ITEM_DEFINED_TRANSFORMATION('','',#11,#69);
#2365 = PRODUCT_DEFINITION_SHAPE('Placement','Placement of an item',
  #2366);
#2366 = NEXT_ASSEMBLY_USAGE_OCCURRENCE('2673','1039931_IAM_067','',#27,
  #2343,$);
#2367 = PRODUCT_RELATED_PRODUCT_CATEGORY('part',$,(#2345));
#2368 = CONTEXT_DEPENDENT_SHAPE_REPRESENTATION(#2369,#2371);
#2369 = ( REPRESENTATION_RELATIONSHIP('','',#1351,#2348) 
REPRESENTATION_RELATIONSHIP_WITH_TRANSFORMATION(#2370) 
SHAPE_REPRESENTATION_RELATIONSHIP() );
#2370 = ITEM_DEFINED_TRANSFORMATION('','',#11,#2349);
#2371 = PRODUCT_DEFINITION_SHAPE('Placement','Placement of an item',
  #2372);
#2372 = NEXT_ASSEMBLY_USAGE_OCCURRENCE('2671','1039929_IPT_067','',#2343
  ,#1346,$);
#2373 = CONTEXT_DEPENDENT_SHAPE_REPRESENTATION(#2374,#2376);
#2374 = ( REPRESENTATION_RELATIONSHIP('','',#1784,#2348) 
REPRESENTATION_RELATIONSHIP_WITH_TRANSFORMATION(#2375) 
SHAPE_REPRESENTATION_RELATIONSHIP() );
#2375 = ITEM_DEFINED_TRANSFORMATION('','',#11,#2353);
#2376 = PRODUCT_DEFINITION_SHAPE('Placement','Placement of an item',
  #2377);
#2377 = NEXT_ASSEMBLY_USAGE_OCCURRENCE('2672','1039930_IPT_067','',#2343
  ,#1779,$);
#2378 = CONTEXT_DEPENDENT_SHAPE_REPRESENTATION(#2379,#2381);
#2379 = ( REPRESENTATION_RELATIONSHIP('','',#299,#32) 
REPRESENTATION_RELATIONSHIP_WITH_TRANSFORMATION(#2380) 
SHAPE_REPRESENTATION_RELATIONSHIP() );
#2380 = ITEM_DEFINED_TRANSFORMATION('','',#11,#73);
#2381 = PRODUCT_DEFINITION_SHAPE('Placement','Placement of an item',
  #2382);
#2382 = NEXT_ASSEMBLY_USAGE_OCCURRENCE('2674','F1000S1120M007B068','',
  #27,#294,$);
#2383 = SHAPE_DEFINITION_REPRESENTATION(#2384,#2390);
#2384 = PRODUCT_DEFINITION_SHAPE('','',#2385);
#2385 = PRODUCT_DEFINITION('design','',#2386,#2389);
#2386 = PRODUCT_DEFINITION_FORMATION('','',#2387);
#2387 = PRODUCT('1039931_IAM_068','1039931_IAM_068','',(#2388));
#2388 = PRODUCT_CONTEXT('',#2,'mechanical');
#2389 = PRODUCT_DEFINITION_CONTEXT('part definition',#2,'design');
#2390 = SHAPE_REPRESENTATION('',(#11,#2391,#2395),#2399);
#2391 = AXIS2_PLACEMENT_3D('',#2392,#2393,#2394);
#2392 = CARTESIAN_POINT('',(0.,0.,0.));
#2393 = DIRECTION('',(0.,0.,1.));
#2394 = DIRECTION('',(1.,0.,0.));
#2395 = AXIS2_PLACEMENT_3D('',#2396,#2397,#2398);
#2396 = CARTESIAN_POINT('',(-4.51028103754E-16,0.574523821802,0.));
#2397 = DIRECTION('',(0.,0.,-1.));
#2398 = DIRECTION('',(1.,0.,0.));
#2399 = ( GEOMETRIC_REPRESENTATION_CONTEXT(3) 
GLOBAL_UNCERTAINTY_ASSIGNED_CONTEXT((#2403)) 
GLOBAL_UNIT_ASSIGNED_CONTEXT((#2400,#2401,#2402)) REPRESENTATION_CONTEXT
('Context #1','3D Context with UNIT and UNCERTAINTY') );
#2400 = ( LENGTH_UNIT() NAMED_UNIT(*) SI_UNIT(.MILLI.,.METRE.) );
#2401 = ( NAMED_UNIT(*) PLANE_ANGLE_UNIT() SI_UNIT($,.RADIAN.) );
#2402 = ( NAMED_UNIT(*) SI_UNIT($,.STERADIAN.) SOLID_ANGLE_UNIT() );
#2403 = UNCERTAINTY_MEASURE_WITH_UNIT(LENGTH_MEASURE(1.E-07),#2400,
  'distance_accuracy_value','confusion accuracy');
#2404 = CONTEXT_DEPENDENT_SHAPE_REPRESENTATION(#2405,#2407);
#2405 = ( REPRESENTATION_RELATIONSHIP('','',#2390,#32) 
REPRESENTATION_RELATIONSHIP_WITH_TRANSFORMATION(#2406) 
SHAPE_REPRESENTATION_RELATIONSHIP() );
#2406 = ITEM_DEFINED_TRANSFORMATION('','',#11,#77);
#2407 = PRODUCT_DEFINITION_SHAPE('Placement','Placement of an item',
  #2408);
#2408 = NEXT_ASSEMBLY_USAGE_OCCURRENCE('2677','1039931_IAM_068','',#27,
  #2385,$);
#2409 = PRODUCT_RELATED_PRODUCT_CATEGORY('part',$,(#2387));
#2410 = CONTEXT_DEPENDENT_SHAPE_REPRESENTATION(#2411,#2413);
#2411 = ( REPRESENTATION_RELATIONSHIP('','',#1351,#2390) 
REPRESENTATION_RELATIONSHIP_WITH_TRANSFORMATION(#2412) 
SHAPE_REPRESENTATION_RELATIONSHIP() );
#2412 = ITEM_DEFINED_TRANSFORMATION('','',#11,#2391);
#2413 = PRODUCT_DEFINITION_SHAPE('Placement','Placement of an item',
  #2414);
#2414 = NEXT_ASSEMBLY_USAGE_OCCURRENCE('2675','1039929_IPT_068','',#2385
  ,#1346,$);
#2415 = CONTEXT_DEPENDENT_SHAPE_REPRESENTATION(#2416,#2418);
#2416 = ( REPRESENTATION_RELATIONSHIP('','',#1784,#2390) 
REPRESENTATION_RELATIONSHIP_WITH_TRANSFORMATION(#2417) 
SHAPE_REPRESENTATION_RELATIONSHIP() );
#2417 = ITEM_DEFINED_TRANSFORMATION('','',#11,#2395);
#2418 = PRODUCT_DEFINITION_SHAPE('Placement','Placement of an item',
  #2419);
#2419 = NEXT_ASSEMBLY_USAGE_OCCURRENCE('2676','1039930_IPT_068','',#2385
  ,#1779,$);
#2420 = CONTEXT_DEPENDENT_SHAPE_REPRESENTATION(#2421,#2423);
#2421 = ( REPRESENTATION_RELATIONSHIP('','',#299,#32) 
REPRESENTATION_RELATIONSHIP_WITH_TRANSFORMATION(#2422) 
SHAPE_REPRESENTATION_RELATIONSHIP() );
#2422 = ITEM_DEFINED_TRANSFORMATION('','',#11,#81);
#2423 = PRODUCT_DEFINITION_SHAPE('Placement','Placement of an item',
  #2424);
#2424 = NEXT_ASSEMBLY_USAGE_OCCURRENCE('2678','F1000S1120M007B069','',
  #27,#294,$);
#2425 = SHAPE_DEFINITION_REPRESENTATION(#2426,#2432);
#2426 = PRODUCT_DEFINITION_SHAPE('','',#2427);
#2427 = PRODUCT_DEFINITION('design','',#2428,#2431);
#2428 = PRODUCT_DEFINITION_FORMATION('','',#2429);
#2429 = PRODUCT('1039931_IAM_069','1039931_IAM_069','',(#2430));
#2430 = PRODUCT_CONTEXT('',#2,'mechanical');
#2431 = PRODUCT_DEFINITION_CONTEXT('part definition',#2,'design');
#2432 = SHAPE_REPRESENTATION('',(#11,#2433,#2437),#2441);
#2433 = AXIS2_PLACEMENT_3D('',#2434,#2435,#2436);
#2434 = CARTESIAN_POINT('',(0.,0.,0.));
#2435 = DIRECTION('',(0.,0.,1.));
#2436 = DIRECTION('',(1.,0.,0.));
#2437 = AXIS2_PLACEMENT_3D('',#2438,#2439,#2440);
#2438 = CARTESIAN_POINT('',(-4.51028103754E-16,0.574523821802,0.));
#2439 = DIRECTION('',(0.,0.,-1.));
#2440 = DIRECTION('',(1.,0.,0.));
#2441 = ( GEOMETRIC_REPRESENTATION_CONTEXT(3) 
GLOBAL_UNCERTAINTY_ASSIGNED_CONTEXT((#2445)) 
GLOBAL_UNIT_ASSIGNED_CONTEXT((#2442,#2443,#2444)) REPRESENTATION_CONTEXT
('Context #1','3D Context with UNIT and UNCERTAINTY') );
#2442 = ( LENGTH_UNIT() NAMED_UNIT(*) SI_UNIT(.MILLI.,.METRE.) );
#2443 = ( NAMED_UNIT(*) PLANE_ANGLE_UNIT() SI_UNIT($,.RADIAN.) );
#2444 = ( NAMED_UNIT(*) SI_UNIT($,.STERADIAN.) SOLID_ANGLE_UNIT() );
#2445 = UNCERTAINTY_MEASURE_WITH_UNIT(LENGTH_MEASURE(1.E-07),#2442,
  'distance_accuracy_value','confusion accuracy');
#2446 = CONTEXT_DEPENDENT_SHAPE_REPRESENTATION(#2447,#2449);
#2447 = ( REPRESENTATION_RELATIONSHIP('','',#2432,#32) 
REPRESENTATION_RELATIONSHIP_WITH_TRANSFORMATION(#2448) 
SHAPE_REPRESENTATION_RELATIONSHIP() );
#2448 = ITEM_DEFINED_TRANSFORMATION('','',#11,#85);
#2449 = PRODUCT_DEFINITION_SHAPE('Placement','Placement of an item',
  #2450);
#2450 = NEXT_ASSEMBLY_USAGE_OCCURRENCE('2681','1039931_IAM_069','',#27,
  #2427,$);
#2451 = PRODUCT_RELATED_PRODUCT_CATEGORY('part',$,(#2429));
#2452 = CONTEXT_DEPENDENT_SHAPE_REPRESENTATION(#2453,#2455);
#2453 = ( REPRESENTATION_RELATIONSHIP('','',#1351,#2432) 
REPRESENTATION_RELATIONSHIP_WITH_TRANSFORMATION(#2454) 
SHAPE_REPRESENTATION_RELATIONSHIP() );
#2454 = ITEM_DEFINED_TRANSFORMATION('','',#11,#2433);
#2455 = PRODUCT_DEFINITION_SHAPE('Placement','Placement of an item',
  #2456);
#2456 = NEXT_ASSEMBLY_USAGE_OCCURRENCE('2679','1039929_IPT_069','',#2427
  ,#1346,$);
#2457 = CONTEXT_DEPENDENT_SHAPE_REPRESENTATION(#2458,#2460);
#2458 = ( REPRESENTATION_RELATIONSHIP('','',#1784,#2432) 
REPRESENTATION_RELATIONSHIP_WITH_TRANSFORMATION(#2459) 
SHAPE_REPRESENTATION_RELATIONSHIP() );
#2459 = ITEM_DEFINED_TRANSFORMATION('','',#11,#2437);
#2460 = PRODUCT_DEFINITION_SHAPE('Placement','Placement of an item',
  #2461);
#2461 = NEXT_ASSEMBLY_USAGE_OCCURRENCE('2680','1039930_IPT_069','',#2427
  ,#1779,$);
#2462 = CONTEXT_DEPENDENT_SHAPE_REPRESENTATION(#2463,#2465);
#2463 = ( REPRESENTATION_RELATIONSHIP('','',#299,#32) 
REPRESENTATION_RELATIONSHIP_WITH_TRANSFORMATION(#2464) 
SHAPE_REPRESENTATION_RELATIONSHIP() );
#2464 = ITEM_DEFINED_TRANSFORMATION('','',#11,#89);
#2465 = PRODUCT_DEFINITION_SHAPE('Placement','Placement of an item',
  #2466);
#2466 = NEXT_ASSEMBLY_USAGE_OCCURRENCE('2682','F1000S1120M007B070','',
  #27,#294,$);
#2467 = SHAPE_DEFINITION_REPRESENTATION(#2468,#2474);
#2468 = PRODUCT_DEFINITION_SHAPE('','',#2469);
#2469 = PRODUCT_DEFINITION('design','',#2470,#2473);
#2470 = PRODUCT_DEFINITION_FORMATION('','',#2471);
#2471 = PRODUCT('1039931_IAM_070','1039931_IAM_070','',(#2472));
#2472 = PRODUCT_CONTEXT('',#2,'mechanical');
#2473 = PRODUCT_DEFINITION_CONTEXT('part definition',#2,'design');
#2474 = SHAPE_REPRESENTATION('',(#11,#2475,#2479),#2483);
#2475 = AXIS2_PLACEMENT_3D('',#2476,#2477,#2478);
#2476 = CARTESIAN_POINT('',(0.,0.,0.));
#2477 = DIRECTION('',(0.,0.,1.));
#2478 = DIRECTION('',(1.,0.,0.));
#2479 = AXIS2_PLACEMENT_3D('',#2480,#2481,#2482);
#2480 = CARTESIAN_POINT('',(-4.51028103754E-16,0.574523821802,0.));
#2481 = DIRECTION('',(0.,0.,-1.));
#2482 = DIRECTION('',(1.,0.,0.));
#2483 = ( GEOMETRIC_REPRESENTATION_CONTEXT(3) 
GLOBAL_UNCERTAINTY_ASSIGNED_CONTEXT((#2487)) 
GLOBAL_UNIT_ASSIGNED_CONTEXT((#2484,#2485,#2486)) REPRESENTATION_CONTEXT
('Context #1','3D Context with UNIT and UNCERTAINTY') );
#2484 = ( LENGTH_UNIT() NAMED_UNIT(*) SI_UNIT(.MILLI.,.METRE.) );
#2485 = ( NAMED_UNIT(*) PLANE_ANGLE_UNIT() SI_UNIT($,.RADIAN.) );
#2486 = ( NAMED_UNIT(*) SI_UNIT($,.STERADIAN.) SOLID_ANGLE_UNIT() );
#2487 = UNCERTAINTY_MEASURE_WITH_UNIT(LENGTH_MEASURE(1.E-07),#2484,
  'distance_accuracy_value','confusion accuracy');
#2488 = CONTEXT_DEPENDENT_SHAPE_REPRESENTATION(#2489,#2491);
#2489 = ( REPRESENTATION_RELATIONSHIP('','',#2474,#32) 
REPRESENTATION_RELATIONSHIP_WITH_TRANSFORMATION(#2490) 
SHAPE_REPRESENTATION_RELATIONSHIP() );
#2490 = ITEM_DEFINED_TRANSFORMATION('','',#11,#93);
#2491 = PRODUCT_DEFINITION_SHAPE('Placement','Placement of an item',
  #2492);
#2492 = NEXT_ASSEMBLY_USAGE_OCCURRENCE('2685','1039931_IAM_070','',#27,
  #2469,$);
#2493 = PRODUCT_RELATED_PRODUCT_CATEGORY('part',$,(#2471));
#2494 = CONTEXT_DEPENDENT_SHAPE_REPRESENTATION(#2495,#2497);
#2495 = ( REPRESENTATION_RELATIONSHIP('','',#1351,#2474) 
REPRESENTATION_RELATIONSHIP_WITH_TRANSFORMATION(#2496) 
SHAPE_REPRESENTATION_RELATIONSHIP() );
#2496 = ITEM_DEFINED_TRANSFORMATION('','',#11,#2475);
#2497 = PRODUCT_DEFINITION_SHAPE('Placement','Placement of an item',
  #2498);
#2498 = NEXT_ASSEMBLY_USAGE_OCCURRENCE('2683','1039929_IPT_070','',#2469
  ,#1346,$);
#2499 = CONTEXT_DEPENDENT_SHAPE_REPRESENTATION(#2500,#2502);
#2500 = ( REPRESENTATION_RELATIONSHIP('','',#1784,#2474) 
REPRESENTATION_RELATIONSHIP_WITH_TRANSFORMATION(#2501) 
SHAPE_REPRESENTATION_RELATIONSHIP() );
#2501 = ITEM_DEFINED_TRANSFORMATION('','',#11,#2479);
#2502 = PRODUCT_DEFINITION_SHAPE('Placement','Placement of an item',
  #2503);
#2503 = NEXT_ASSEMBLY_USAGE_OCCURRENCE('2684','1039930_IPT_070','',#2469
  ,#1779,$);
#2504 = CONTEXT_DEPENDENT_SHAPE_REPRESENTATION(#2505,#2507);
#2505 = ( REPRESENTATION_RELATIONSHIP('','',#299,#32) 
REPRESENTATION_RELATIONSHIP_WITH_TRANSFORMATION(#2506) 
SHAPE_REPRESENTATION_RELATIONSHIP() );
#2506 = ITEM_DEFINED_TRANSFORMATION('','',#11,#97);
#2507 = PRODUCT_DEFINITION_SHAPE('Placement','Placement of an item',
  #2508);
#2508 = NEXT_ASSEMBLY_USAGE_OCCURRENCE('2686','F1000S1120M007B071','',
  #27,#294,$);
#2509 = SHAPE_DEFINITION_REPRESENTATION(#2510,#2516);
#2510 = PRODUCT_DEFINITION_SHAPE('','',#2511);
#2511 = PRODUCT_DEFINITION('design','',#2512,#2515);
#2512 = PRODUCT_DEFINITION_FORMATION('','',#2513);
#2513 = PRODUCT('1039931_IAM_071','1039931_IAM_071','',(#2514));
#2514 = PRODUCT_CONTEXT('',#2,'mechanical');
#2515 = PRODUCT_DEFINITION_CONTEXT('part definition',#2,'design');
#2516 = SHAPE_REPRESENTATION('',(#11,#2517,#2521),#2525);
#2517 = AXIS2_PLACEMENT_3D('',#2518,#2519,#2520);
#2518 = CARTESIAN_POINT('',(0.,0.,0.));
#2519 = DIRECTION('',(0.,0.,1.));
#2520 = DIRECTION('',(1.,0.,0.));
#2521 = AXIS2_PLACEMENT_3D('',#2522,#2523,#2524);
#2522 = CARTESIAN_POINT('',(-4.51028103754E-16,0.574523821802,0.));
#2523 = DIRECTION('',(0.,0.,-1.));
#2524 = DIRECTION('',(1.,0.,0.));
#2525 = ( GEOMETRIC_REPRESENTATION_CONTEXT(3) 
GLOBAL_UNCERTAINTY_ASSIGNED_CONTEXT((#2529)) 
GLOBAL_UNIT_ASSIGNED_CONTEXT((#2526,#2527,#2528)) REPRESENTATION_CONTEXT
('Context #1','3D Context with UNIT and UNCERTAINTY') );
#2526 = ( LENGTH_UNIT() NAMED_UNIT(*) SI_UNIT(.MILLI.,.METRE.) );
#2527 = ( NAMED_UNIT(*) PLANE_ANGLE_UNIT() SI_UNIT($,.RADIAN.) );
#2528 = ( NAMED_UNIT(*) SI_UNIT($,.STERADIAN.) SOLID_ANGLE_UNIT() );
#2529 = UNCERTAINTY_MEASURE_WITH_UNIT(LENGTH_MEASURE(1.E-07),#2526,
  'distance_accuracy_value','confusion accuracy');
#2530 = CONTEXT_DEPENDENT_SHAPE_REPRESENTATION(#2531,#2533);
#2531 = ( REPRESENTATION_RELATIONSHIP('','',#2516,#32) 
REPRESENTATION_RELATIONSHIP_WITH_TRANSFORMATION(#2532) 
SHAPE_REPRESENTATION_RELATIONSHIP() );
#2532 = ITEM_DEFINED_TRANSFORMATION('','',#11,#101);
#2533 = PRODUCT_DEFINITION_SHAPE('Placement','Placement of an item',
  #2534);
#2534 = NEXT_ASSEMBLY_USAGE_OCCURRENCE('2689','1039931_IAM_071','',#27,
  #2511,$);
#2535 = PRODUCT_RELATED_PRODUCT_CATEGORY('part',$,(#2513));
#2536 = CONTEXT_DEPENDENT_SHAPE_REPRESENTATION(#2537,#2539);
#2537 = ( REPRESENTATION_RELATIONSHIP('','',#1351,#2516) 
REPRESENTATION_RELATIONSHIP_WITH_TRANSFORMATION(#2538) 
SHAPE_REPRESENTATION_RELATIONSHIP() );
#2538 = ITEM_DEFINED_TRANSFORMATION('','',#11,#2517);
#2539 = PRODUCT_DEFINITION_SHAPE('Placement','Placement of an item',
  #2540);
#2540 = NEXT_ASSEMBLY_USAGE_OCCURRENCE('2687','1039929_IPT_071','',#2511
  ,#1346,$);
#2541 = CONTEXT_DEPENDENT_SHAPE_REPRESENTATION(#2542,#2544);
#2542 = ( REPRESENTATION_RELATIONSHIP('','',#1784,#2516) 
REPRESENTATION_RELATIONSHIP_WITH_TRANSFORMATION(#2543) 
SHAPE_REPRESENTATION_RELATIONSHIP() );
#2543 = ITEM_DEFINED_TRANSFORMATION('','',#11,#2521);
#2544 = PRODUCT_DEFINITION_SHAPE('Placement','Placement of an item',
  #2545);
#2545 = NEXT_ASSEMBLY_USAGE_OCCURRENCE('2688','1039930_IPT_071','',#2511
  ,#1779,$);
#2546 = CONTEXT_DEPENDENT_SHAPE_REPRESENTATION(#2547,#2549);
#2547 = ( REPRESENTATION_RELATIONSHIP('','',#299,#32) 
REPRESENTATION_RELATIONSHIP_WITH_TRANSFORMATION(#2548) 
SHAPE_REPRESENTATION_RELATIONSHIP() );
#2548 = ITEM_DEFINED_TRANSFORMATION('','',#11,#105);
#2549 = PRODUCT_DEFINITION_SHAPE('Placement','Placement of an item',
  #2550);
#2550 = NEXT_ASSEMBLY_USAGE_OCCURRENCE('2690','F1000S1120M007B072','',
  #27,#294,$);
#2551 = SHAPE_DEFINITION_REPRESENTATION(#2552,#2558);
#2552 = PRODUCT_DEFINITION_SHAPE('','',#2553);
#2553 = PRODUCT_DEFINITION('design','',#2554,#2557);
#2554 = PRODUCT_DEFINITION_FORMATION('','',#2555);
#2555 = PRODUCT('1039931_IAM_072','1039931_IAM_072','',(#2556));
#2556 = PRODUCT_CONTEXT('',#2,'mechanical');
#2557 = PRODUCT_DEFINITION_CONTEXT('part definition',#2,'design');
#2558 = SHAPE_REPRESENTATION('',(#11,#2559,#2563),#2567);
#2559 = AXIS2_PLACEMENT_3D('',#2560,#2561,#2562);
#2560 = CARTESIAN_POINT('',(0.,0.,0.));
#2561 = DIRECTION('',(0.,0.,1.));
#2562 = DIRECTION('',(1.,0.,0.));
#2563 = AXIS2_PLACEMENT_3D('',#2564,#2565,#2566);
#2564 = CARTESIAN_POINT('',(-4.51028103754E-16,0.574523821802,0.));
#2565 = DIRECTION('',(0.,0.,-1.));
#2566 = DIRECTION('',(1.,0.,0.));
#2567 = ( GEOMETRIC_REPRESENTATION_CONTEXT(3) 
GLOBAL_UNCERTAINTY_ASSIGNED_CONTEXT((#2571)) 
GLOBAL_UNIT_ASSIGNED_CONTEXT((#2568,#2569,#2570)) REPRESENTATION_CONTEXT
('Context #1','3D Context with UNIT and UNCERTAINTY') );
#2568 = ( LENGTH_UNIT() NAMED_UNIT(*) SI_UNIT(.MILLI.,.METRE.) );
#2569 = ( NAMED_UNIT(*) PLANE_ANGLE_UNIT() SI_UNIT($,.RADIAN.) );
#2570 = ( NAMED_UNIT(*) SI_UNIT($,.STERADIAN.) SOLID_ANGLE_UNIT() );
#2571 = UNCERTAINTY_MEASURE_WITH_UNIT(LENGTH_MEASURE(1.E-07),#2568,
  'distance_accuracy_value','confusion accuracy');
#2572 = CONTEXT_DEPENDENT_SHAPE_REPRESENTATION(#2573,#2575);
#2573 = ( REPRESENTATION_RELATIONSHIP('','',#2558,#32) 
REPRESENTATION_RELATIONSHIP_WITH_TRANSFORMATION(#2574) 
SHAPE_REPRESENTATION_RELATIONSHIP() );
#2574 = ITEM_DEFINED_TRANSFORMATION('','',#11,#109);
#2575 = PRODUCT_DEFINITION_SHAPE('Placement','Placement of an item',
  #2576);
#2576 = NEXT_ASSEMBLY_USAGE_OCCURRENCE('2693','1039931_IAM_072','',#27,
  #2553,$);
#2577 = PRODUCT_RELATED_PRODUCT_CATEGORY('part',$,(#2555));
#2578 = CONTEXT_DEPENDENT_SHAPE_REPRESENTATION(#2579,#2581);
#2579 = ( REPRESENTATION_RELATIONSHIP('','',#1351,#2558) 
REPRESENTATION_RELATIONSHIP_WITH_TRANSFORMATION(#2580) 
SHAPE_REPRESENTATION_RELATIONSHIP() );
#2580 = ITEM_DEFINED_TRANSFORMATION('','',#11,#2559);
#2581 = PRODUCT_DEFINITION_SHAPE('Placement','Placement of an item',
  #2582);
#2582 = NEXT_ASSEMBLY_USAGE_OCCURRENCE('2691','1039929_IPT_072','',#2553
  ,#1346,$);
#2583 = CONTEXT_DEPENDENT_SHAPE_REPRESENTATION(#2584,#2586);
#2584 = ( REPRESENTATION_RELATIONSHIP('','',#1784,#2558) 
REPRESENTATION_RELATIONSHIP_WITH_TRANSFORMATION(#2585) 
SHAPE_REPRESENTATION_RELATIONSHIP() );
#2585 = ITEM_DEFINED_TRANSFORMATION('','',#11,#2563);
#2586 = PRODUCT_DEFINITION_SHAPE('Placement','Placement of an item',
  #2587);
#2587 = NEXT_ASSEMBLY_USAGE_OCCURRENCE('2692','1039930_IPT_072','',#2553
  ,#1779,$);
#2588 = CONTEXT_DEPENDENT_SHAPE_REPRESENTATION(#2589,#2591);
#2589 = ( REPRESENTATION_RELATIONSHIP('','',#299,#32) 
REPRESENTATION_RELATIONSHIP_WITH_TRANSFORMATION(#2590) 
SHAPE_REPRESENTATION_RELATIONSHIP() );
#2590 = ITEM_DEFINED_TRANSFORMATION('','',#11,#113);
#2591 = PRODUCT_DEFINITION_SHAPE('Placement','Placement of an item',
  #2592);
#2592 = NEXT_ASSEMBLY_USAGE_OCCURRENCE('2694','F1000S1120M007B073','',
  #27,#294,$);
#2593 = SHAPE_DEFINITION_REPRESENTATION(#2594,#2600);
#2594 = PRODUCT_DEFINITION_SHAPE('','',#2595);
#2595 = PRODUCT_DEFINITION('design','',#2596,#2599);
#2596 = PRODUCT_DEFINITION_FORMATION('','',#2597);
#2597 = PRODUCT('1039931_IAM_073','1039931_IAM_073','',(#2598));
#2598 = PRODUCT_CONTEXT('',#2,'mechanical');
#2599 = PRODUCT_DEFINITION_CONTEXT('part definition',#2,'design');
#2600 = SHAPE_REPRESENTATION('',(#11,#2601,#2605),#2609);
#2601 = AXIS2_PLACEMENT_3D('',#2602,#2603,#2604);
#2602 = CARTESIAN_POINT('',(0.,0.,0.));
#2603 = DIRECTION('',(0.,0.,1.));
#2604 = DIRECTION('',(1.,0.,0.));
#2605 = AXIS2_PLACEMENT_3D('',#2606,#2607,#2608);
#2606 = CARTESIAN_POINT('',(-4.51028103754E-16,0.574523821802,0.));
#2607 = DIRECTION('',(0.,0.,-1.));
#2608 = DIRECTION('',(1.,0.,0.));
#2609 = ( GEOMETRIC_REPRESENTATION_CONTEXT(3) 
GLOBAL_UNCERTAINTY_ASSIGNED_CONTEXT((#2613)) 
GLOBAL_UNIT_ASSIGNED_CONTEXT((#2610,#2611,#2612)) REPRESENTATION_CONTEXT
('Context #1','3D Context with UNIT and UNCERTAINTY') );
#2610 = ( LENGTH_UNIT() NAMED_UNIT(*) SI_UNIT(.MILLI.,.METRE.) );
#2611 = ( NAMED_UNIT(*) PLANE_ANGLE_UNIT() SI_UNIT($,.RADIAN.) );
#2612 = ( NAMED_UNIT(*) SI_UNIT($,.STERADIAN.) SOLID_ANGLE_UNIT() );
#2613 = UNCERTAINTY_MEASURE_WITH_UNIT(LENGTH_MEASURE(1.E-07),#2610,
  'distance_accuracy_value','confusion accuracy');
#2614 = CONTEXT_DEPENDENT_SHAPE_REPRESENTATION(#2615,#2617);
#2615 = ( REPRESENTATION_RELATIONSHIP('','',#2600,#32) 
REPRESENTATION_RELATIONSHIP_WITH_TRANSFORMATION(#2616) 
SHAPE_REPRESENTATION_RELATIONSHIP() );
#2616 = ITEM_DEFINED_TRANSFORMATION('','',#11,#117);
#2617 = PRODUCT_DEFINITION_SHAPE('Placement','Placement of an item',
  #2618);
#2618 = NEXT_ASSEMBLY_USAGE_OCCURRENCE('2697','1039931_IAM_073','',#27,
  #2595,$);
#2619 = PRODUCT_RELATED_PRODUCT_CATEGORY('part',$,(#2597));
#2620 = CONTEXT_DEPENDENT_SHAPE_REPRESENTATION(#2621,#2623);
#2621 = ( REPRESENTATION_RELATIONSHIP('','',#1351,#2600) 
REPRESENTATION_RELATIONSHIP_WITH_TRANSFORMATION(#2622) 
SHAPE_REPRESENTATION_RELATIONSHIP() );
#2622 = ITEM_DEFINED_TRANSFORMATION('','',#11,#2601);
#2623 = PRODUCT_DEFINITION_SHAPE('Placement','Placement of an item',
  #2624);
#2624 = NEXT_ASSEMBLY_USAGE_OCCURRENCE('2695','1039929_IPT_073','',#2595
  ,#1346,$);
#2625 = CONTEXT_DEPENDENT_SHAPE_REPRESENTATION(#2626,#2628);
#2626 = ( REPRESENTATION_RELATIONSHIP('','',#1784,#2600) 
REPRESENTATION_RELATIONSHIP_WITH_TRANSFORMATION(#2627) 
SHAPE_REPRESENTATION_RELATIONSHIP() );
#2627 = ITEM_DEFINED_TRANSFORMATION('','',#11,#2605);
#2628 = PRODUCT_DEFINITION_SHAPE('Placement','Placement of an item',
  #2629);
#2629 = NEXT_ASSEMBLY_USAGE_OCCURRENCE('2696','1039930_IPT_073','',#2595
  ,#1779,$);
#2630 = CONTEXT_DEPENDENT_SHAPE_REPRESENTATION(#2631,#2633);
#2631 = ( REPRESENTATION_RELATIONSHIP('','',#299,#32) 
REPRESENTATION_RELATIONSHIP_WITH_TRANSFORMATION(#2632) 
SHAPE_REPRESENTATION_RELATIONSHIP() );
#2632 = ITEM_DEFINED_TRANSFORMATION('','',#11,#121);
#2633 = PRODUCT_DEFINITION_SHAPE('Placement','Placement of an item',
  #2634);
#2634 = NEXT_ASSEMBLY_USAGE_OCCURRENCE('2698','F1000S1120M007B074','',
  #27,#294,$);
#2635 = SHAPE_DEFINITION_REPRESENTATION(#2636,#2642);
#2636 = PRODUCT_DEFINITION_SHAPE('','',#2637);
#2637 = PRODUCT_DEFINITION('design','',#2638,#2641);
#2638 = PRODUCT_DEFINITION_FORMATION('','',#2639);
#2639 = PRODUCT('1039931_IAM_074','1039931_IAM_074','',(#2640));
#2640 = PRODUCT_CONTEXT('',#2,'mechanical');
#2641 = PRODUCT_DEFINITION_CONTEXT('part definition',#2,'design');
#2642 = SHAPE_REPRESENTATION('',(#11,#2643,#2647),#2651);
#2643 = AXIS2_PLACEMENT_3D('',#2644,#2645,#2646);
#2644 = CARTESIAN_POINT('',(0.,0.,0.));
#2645 = DIRECTION('',(0.,0.,1.));
#2646 = DIRECTION('',(1.,0.,0.));
#2647 = AXIS2_PLACEMENT_3D('',#2648,#2649,#2650);
#2648 = CARTESIAN_POINT('',(-4.51028103754E-16,0.574523821802,0.));
#2649 = DIRECTION('',(0.,0.,-1.));
#2650 = DIRECTION('',(1.,0.,0.));
#2651 = ( GEOMETRIC_REPRESENTATION_CONTEXT(3) 
GLOBAL_UNCERTAINTY_ASSIGNED_CONTEXT((#2655)) 
GLOBAL_UNIT_ASSIGNED_CONTEXT((#2652,#2653,#2654)) REPRESENTATION_CONTEXT
('Context #1','3D Context with UNIT and UNCERTAINTY') );
#2652 = ( LENGTH_UNIT() NAMED_UNIT(*) SI_UNIT(.MILLI.,.METRE.) );
#2653 = ( NAMED_UNIT(*) PLANE_ANGLE_UNIT() SI_UNIT($,.RADIAN.) );
#2654 = ( NAMED_UNIT(*) SI_UNIT($,.STERADIAN.) SOLID_ANGLE_UNIT() );
#2655 = UNCERTAINTY_MEASURE_WITH_UNIT(LENGTH_MEASURE(1.E-07),#2652,
  'distance_accuracy_value','confusion accuracy');
#2656 = CONTEXT_DEPENDENT_SHAPE_REPRESENTATION(#2657,#2659);
#2657 = ( REPRESENTATION_RELATIONSHIP('','',#2642,#32) 
REPRESENTATION_RELATIONSHIP_WITH_TRANSFORMATION(#2658) 
SHAPE_REPRESENTATION_RELATIONSHIP() );
#2658 = ITEM_DEFINED_TRANSFORMATION('','',#11,#125);
#2659 = PRODUCT_DEFINITION_SHAPE('Placement','Placement of an item',
  #2660);
#2660 = NEXT_ASSEMBLY_USAGE_OCCURRENCE('2701','1039931_IAM_074','',#27,
  #2637,$);
#2661 = PRODUCT_RELATED_PRODUCT_CATEGORY('part',$,(#2639));
#2662 = CONTEXT_DEPENDENT_SHAPE_REPRESENTATION(#2663,#2665);
#2663 = ( REPRESENTATION_RELATIONSHIP('','',#1351,#2642) 
REPRESENTATION_RELATIONSHIP_WITH_TRANSFORMATION(#2664) 
SHAPE_REPRESENTATION_RELATIONSHIP() );
#2664 = ITEM_DEFINED_TRANSFORMATION('','',#11,#2643);
#2665 = PRODUCT_DEFINITION_SHAPE('Placement','Placement of an item',
  #2666);
#2666 = NEXT_ASSEMBLY_USAGE_OCCURRENCE('2699','1039929_IPT_074','',#2637
  ,#1346,$);
#2667 = CONTEXT_DEPENDENT_SHAPE_REPRESENTATION(#2668,#2670);
#2668 = ( REPRESENTATION_RELATIONSHIP('','',#1784,#2642) 
REPRESENTATION_RELATIONSHIP_WITH_TRANSFORMATION(#2669) 
SHAPE_REPRESENTATION_RELATIONSHIP() );
#2669 = ITEM_DEFINED_TRANSFORMATION('','',#11,#2647);
#2670 = PRODUCT_DEFINITION_SHAPE('Placement','Placement of an item',
  #2671);
#2671 = NEXT_ASSEMBLY_USAGE_OCCURRENCE('2700','1039930_IPT_074','',#2637
  ,#1779,$);
#2672 = CONTEXT_DEPENDENT_SHAPE_REPRESENTATION(#2673,#2675);
#2673 = ( REPRESENTATION_RELATIONSHIP('','',#299,#32) 
REPRESENTATION_RELATIONSHIP_WITH_TRANSFORMATION(#2674) 
SHAPE_REPRESENTATION_RELATIONSHIP() );
#2674 = ITEM_DEFINED_TRANSFORMATION('','',#11,#129);
#2675 = PRODUCT_DEFINITION_SHAPE('Placement','Placement of an item',
  #2676);
#2676 = NEXT_ASSEMBLY_USAGE_OCCURRENCE('2702','F1000S1120M007B075','',
  #27,#294,$);
#2677 = SHAPE_DEFINITION_REPRESENTATION(#2678,#2684);
#2678 = PRODUCT_DEFINITION_SHAPE('','',#2679);
#2679 = PRODUCT_DEFINITION('design','',#2680,#2683);
#2680 = PRODUCT_DEFINITION_FORMATION('','',#2681);
#2681 = PRODUCT('1039931_IAM_075','1039931_IAM_075','',(#2682));
#2682 = PRODUCT_CONTEXT('',#2,'mechanical');
#2683 = PRODUCT_DEFINITION_CONTEXT('part definition',#2,'design');
#2684 = SHAPE_REPRESENTATION('',(#11,#2685,#2689),#2693);
#2685 = AXIS2_PLACEMENT_3D('',#2686,#2687,#2688);
#2686 = CARTESIAN_POINT('',(0.,0.,0.));
#2687 = DIRECTION('',(0.,0.,1.));
#2688 = DIRECTION('',(1.,0.,0.));
#2689 = AXIS2_PLACEMENT_3D('',#2690,#2691,#2692);
#2690 = CARTESIAN_POINT('',(-4.51028103754E-16,0.574523821802,0.));
#2691 = DIRECTION('',(0.,0.,-1.));
#2692 = DIRECTION('',(1.,0.,0.));
#2693 = ( GEOMETRIC_REPRESENTATION_CONTEXT(3) 
GLOBAL_UNCERTAINTY_ASSIGNED_CONTEXT((#2697)) 
GLOBAL_UNIT_ASSIGNED_CONTEXT((#2694,#2695,#2696)) REPRESENTATION_CONTEXT
('Context #1','3D Context with UNIT and UNCERTAINTY') );
#2694 = ( LENGTH_UNIT() NAMED_UNIT(*) SI_UNIT(.MILLI.,.METRE.) );
#2695 = ( NAMED_UNIT(*) PLANE_ANGLE_UNIT() SI_UNIT($,.RADIAN.) );
#2696 = ( NAMED_UNIT(*) SI_UNIT($,.STERADIAN.) SOLID_ANGLE_UNIT() );
#2697 = UNCERTAINTY_MEASURE_WITH_UNIT(LENGTH_MEASURE(1.E-07),#2694,
  'distance_accuracy_value','confusion accuracy');
#2698 = CONTEXT_DEPENDENT_SHAPE_REPRESENTATION(#2699,#2701);
#2699 = ( REPRESENTATION_RELATIONSHIP('','',#2684,#32) 
REPRESENTATION_RELATIONSHIP_WITH_TRANSFORMATION(#2700) 
SHAPE_REPRESENTATION_RELATIONSHIP() );
#2700 = ITEM_DEFINED_TRANSFORMATION('','',#11,#133);
#2701 = PRODUCT_DEFINITION_SHAPE('Placement','Placement of an item',
  #2702);
#2702 = NEXT_ASSEMBLY_USAGE_OCCURRENCE('2705','1039931_IAM_075','',#27,
  #2679,$);
#2703 = PRODUCT_RELATED_PRODUCT_CATEGORY('part',$,(#2681));
#2704 = CONTEXT_DEPENDENT_SHAPE_REPRESENTATION(#2705,#2707);
#2705 = ( REPRESENTATION_RELATIONSHIP('','',#1351,#2684) 
REPRESENTATION_RELATIONSHIP_WITH_TRANSFORMATION(#2706) 
SHAPE_REPRESENTATION_RELATIONSHIP() );
#2706 = ITEM_DEFINED_TRANSFORMATION('','',#11,#2685);
#2707 = PRODUCT_DEFINITION_SHAPE('Placement','Placement of an item',
  #2708);
#2708 = NEXT_ASSEMBLY_USAGE_OCCURRENCE('2703','1039929_IPT_075','',#2679
  ,#1346,$);
#2709 = CONTEXT_DEPENDENT_SHAPE_REPRESENTATION(#2710,#2712);
#2710 = ( REPRESENTATION_RELATIONSHIP('','',#1784,#2684) 
REPRESENTATION_RELATIONSHIP_WITH_TRANSFORMATION(#2711) 
SHAPE_REPRESENTATION_RELATIONSHIP() );
#2711 = ITEM_DEFINED_TRANSFORMATION('','',#11,#2689);
#2712 = PRODUCT_DEFINITION_SHAPE('Placement','Placement of an item',
  #2713);
#2713 = NEXT_ASSEMBLY_USAGE_OCCURRENCE('2704','1039930_IPT_075','',#2679
  ,#1779,$);
#2714 = CONTEXT_DEPENDENT_SHAPE_REPRESENTATION(#2715,#2717);
#2715 = ( REPRESENTATION_RELATIONSHIP('','',#299,#32) 
REPRESENTATION_RELATIONSHIP_WITH_TRANSFORMATION(#2716) 
SHAPE_REPRESENTATION_RELATIONSHIP() );
#2716 = ITEM_DEFINED_TRANSFORMATION('','',#11,#137);
#2717 = PRODUCT_DEFINITION_SHAPE('Placement','Placement of an item',
  #2718);
#2718 = NEXT_ASSEMBLY_USAGE_OCCURRENCE('2706','F1000S1120M007B076','',
  #27,#294,$);
#2719 = SHAPE_DEFINITION_REPRESENTATION(#2720,#2726);
#2720 = PRODUCT_DEFINITION_SHAPE('','',#2721);
#2721 = PRODUCT_DEFINITION('design','',#2722,#2725);
#2722 = PRODUCT_DEFINITION_FORMATION('','',#2723);
#2723 = PRODUCT('1039931_IAM_076','1039931_IAM_076','',(#2724));
#2724 = PRODUCT_CONTEXT('',#2,'mechanical');
#2725 = PRODUCT_DEFINITION_CONTEXT('part definition',#2,'design');
#2726 = SHAPE_REPRESENTATION('',(#11,#2727,#2731),#2735);
#2727 = AXIS2_PLACEMENT_3D('',#2728,#2729,#2730);
#2728 = CARTESIAN_POINT('',(0.,0.,0.));
#2729 = DIRECTION('',(0.,0.,1.));
#2730 = DIRECTION('',(1.,0.,0.));
#2731 = AXIS2_PLACEMENT_3D('',#2732,#2733,#2734);
#2732 = CARTESIAN_POINT('',(-4.51028103754E-16,0.574523821802,0.));
#2733 = DIRECTION('',(0.,0.,-1.));
#2734 = DIRECTION('',(1.,0.,0.));
#2735 = ( GEOMETRIC_REPRESENTATION_CONTEXT(3) 
GLOBAL_UNCERTAINTY_ASSIGNED_CONTEXT((#2739)) 
GLOBAL_UNIT_ASSIGNED_CONTEXT((#2736,#2737,#2738)) REPRESENTATION_CONTEXT
('Context #1','3D Context with UNIT and UNCERTAINTY') );
#2736 = ( LENGTH_UNIT() NAMED_UNIT(*) SI_UNIT(.MILLI.,.METRE.) );
#2737 = ( NAMED_UNIT(*) PLANE_ANGLE_UNIT() SI_UNIT($,.RADIAN.) );
#2738 = ( NAMED_UNIT(*) SI_UNIT($,.STERADIAN.) SOLID_ANGLE_UNIT() );
#2739 = UNCERTAINTY_MEASURE_WITH_UNIT(LENGTH_MEASURE(1.E-07),#2736,
  'distance_accuracy_value','confusion accuracy');
#2740 = CONTEXT_DEPENDENT_SHAPE_REPRESENTATION(#2741,#2743);
#2741 = ( REPRESENTATION_RELATIONSHIP('','',#2726,#32) 
REPRESENTATION_RELATIONSHIP_WITH_TRANSFORMATION(#2742) 
SHAPE_REPRESENTATION_RELATIONSHIP() );
#2742 = ITEM_DEFINED_TRANSFORMATION('','',#11,#141);
#2743 = PRODUCT_DEFINITION_SHAPE('Placement','Placement of an item',
  #2744);
#2744 = NEXT_ASSEMBLY_USAGE_OCCURRENCE('2709','1039931_IAM_076','',#27,
  #2721,$);
#2745 = PRODUCT_RELATED_PRODUCT_CATEGORY('part',$,(#2723));
#2746 = CONTEXT_DEPENDENT_SHAPE_REPRESENTATION(#2747,#2749);
#2747 = ( REPRESENTATION_RELATIONSHIP('','',#1351,#2726) 
REPRESENTATION_RELATIONSHIP_WITH_TRANSFORMATION(#2748) 
SHAPE_REPRESENTATION_RELATIONSHIP() );
#2748 = ITEM_DEFINED_TRANSFORMATION('','',#11,#2727);
#2749 = PRODUCT_DEFINITION_SHAPE('Placement','Placement of an item',
  #2750);
#2750 = NEXT_ASSEMBLY_USAGE_OCCURRENCE('2707','1039929_IPT_076','',#2721
  ,#1346,$);
#2751 = CONTEXT_DEPENDENT_SHAPE_REPRESENTATION(#2752,#2754);
#2752 = ( REPRESENTATION_RELATIONSHIP('','',#1784,#2726) 
REPRESENTATION_RELATIONSHIP_WITH_TRANSFORMATION(#2753) 
SHAPE_REPRESENTATION_RELATIONSHIP() );
#2753 = ITEM_DEFINED_TRANSFORMATION('','',#11,#2731);
#2754 = PRODUCT_DEFINITION_SHAPE('Placement','Placement of an item',
  #2755);
#2755 = NEXT_ASSEMBLY_USAGE_OCCURRENCE('2708','1039930_IPT_076','',#2721
  ,#1779,$);
#2756 = CONTEXT_DEPENDENT_SHAPE_REPRESENTATION(#2757,#2759);
#2757 = ( REPRESENTATION_RELATIONSHIP('','',#299,#32) 
REPRESENTATION_RELATIONSHIP_WITH_TRANSFORMATION(#2758) 
SHAPE_REPRESENTATION_RELATIONSHIP() );
#2758 = ITEM_DEFINED_TRANSFORMATION('','',#11,#145);
#2759 = PRODUCT_DEFINITION_SHAPE('Placement','Placement of an item',
  #2760);
#2760 = NEXT_ASSEMBLY_USAGE_OCCURRENCE('2710','F1000S1120M007B077','',
  #27,#294,$);
#2761 = SHAPE_DEFINITION_REPRESENTATION(#2762,#2768);
#2762 = PRODUCT_DEFINITION_SHAPE('','',#2763);
#2763 = PRODUCT_DEFINITION('design','',#2764,#2767);
#2764 = PRODUCT_DEFINITION_FORMATION('','',#2765);
#2765 = PRODUCT('1039931_IAM_077','1039931_IAM_077','',(#2766));
#2766 = PRODUCT_CONTEXT('',#2,'mechanical');
#2767 = PRODUCT_DEFINITION_CONTEXT('part definition',#2,'design');
#2768 = SHAPE_REPRESENTATION('',(#11,#2769,#2773),#2777);
#2769 = AXIS2_PLACEMENT_3D('',#2770,#2771,#2772);
#2770 = CARTESIAN_POINT('',(0.,0.,0.));
#2771 = DIRECTION('',(0.,0.,1.));
#2772 = DIRECTION('',(1.,0.,0.));
#2773 = AXIS2_PLACEMENT_3D('',#2774,#2775,#2776);
#2774 = CARTESIAN_POINT('',(-4.51028103754E-16,0.574523821802,0.));
#2775 = DIRECTION('',(0.,0.,-1.));
#2776 = DIRECTION('',(1.,0.,0.));
#2777 = ( GEOMETRIC_REPRESENTATION_CONTEXT(3) 
GLOBAL_UNCERTAINTY_ASSIGNED_CONTEXT((#2781)) 
GLOBAL_UNIT_ASSIGNED_CONTEXT((#2778,#2779,#2780)) REPRESENTATION_CONTEXT
('Context #1','3D Context with UNIT and UNCERTAINTY') );
#2778 = ( LENGTH_UNIT() NAMED_UNIT(*) SI_UNIT(.MILLI.,.METRE.) );
#2779 = ( NAMED_UNIT(*) PLANE_ANGLE_UNIT() SI_UNIT($,.RADIAN.) );
#2780 = ( NAMED_UNIT(*) SI_UNIT($,.STERADIAN.) SOLID_ANGLE_UNIT() );
#2781 = UNCERTAINTY_MEASURE_WITH_UNIT(LENGTH_MEASURE(1.E-07),#2778,
  'distance_accuracy_value','confusion accuracy');
#2782 = CONTEXT_DEPENDENT_SHAPE_REPRESENTATION(#2783,#2785);
#2783 = ( REPRESENTATION_RELATIONSHIP('','',#2768,#32) 
REPRESENTATION_RELATIONSHIP_WITH_TRANSFORMATION(#2784) 
SHAPE_REPRESENTATION_RELATIONSHIP() );
#2784 = ITEM_DEFINED_TRANSFORMATION('','',#11,#149);
#2785 = PRODUCT_DEFINITION_SHAPE('Placement','Placement of an item',
  #2786);
#2786 = NEXT_ASSEMBLY_USAGE_OCCURRENCE('2713','1039931_IAM_077','',#27,
  #2763,$);
#2787 = PRODUCT_RELATED_PRODUCT_CATEGORY('part',$,(#2765));
#2788 = CONTEXT_DEPENDENT_SHAPE_REPRESENTATION(#2789,#2791);
#2789 = ( REPRESENTATION_RELATIONSHIP('','',#1351,#2768) 
REPRESENTATION_RELATIONSHIP_WITH_TRANSFORMATION(#2790) 
SHAPE_REPRESENTATION_RELATIONSHIP() );
#2790 = ITEM_DEFINED_TRANSFORMATION('','',#11,#2769);
#2791 = PRODUCT_DEFINITION_SHAPE('Placement','Placement of an item',
  #2792);
#2792 = NEXT_ASSEMBLY_USAGE_OCCURRENCE('2711','1039929_IPT_077','',#2763
  ,#1346,$);
#2793 = CONTEXT_DEPENDENT_SHAPE_REPRESENTATION(#2794,#2796);
#2794 = ( REPRESENTATION_RELATIONSHIP('','',#1784,#2768) 
REPRESENTATION_RELATIONSHIP_WITH_TRANSFORMATION(#2795) 
SHAPE_REPRESENTATION_RELATIONSHIP() );
#2795 = ITEM_DEFINED_TRANSFORMATION('','',#11,#2773);
#2796 = PRODUCT_DEFINITION_SHAPE('Placement','Placement of an item',
  #2797);
#2797 = NEXT_ASSEMBLY_USAGE_OCCURRENCE('2712','1039930_IPT_077','',#2763
  ,#1779,$);
#2798 = CONTEXT_DEPENDENT_SHAPE_REPRESENTATION(#2799,#2801);
#2799 = ( REPRESENTATION_RELATIONSHIP('','',#299,#32) 
REPRESENTATION_RELATIONSHIP_WITH_TRANSFORMATION(#2800) 
SHAPE_REPRESENTATION_RELATIONSHIP() );
#2800 = ITEM_DEFINED_TRANSFORMATION('','',#11,#153);
#2801 = PRODUCT_DEFINITION_SHAPE('Placement','Placement of an item',
  #2802);
#2802 = NEXT_ASSEMBLY_USAGE_OCCURRENCE('2714','F1000S1120M007B078','',
  #27,#294,$);
#2803 = SHAPE_DEFINITION_REPRESENTATION(#2804,#2810);
#2804 = PRODUCT_DEFINITION_SHAPE('','',#2805);
#2805 = PRODUCT_DEFINITION('design','',#2806,#2809);
#2806 = PRODUCT_DEFINITION_FORMATION('','',#2807);
#2807 = PRODUCT('1039931_IAM_078','1039931_IAM_078','',(#2808));
#2808 = PRODUCT_CONTEXT('',#2,'mechanical');
#2809 = PRODUCT_DEFINITION_CONTEXT('part definition',#2,'design');
#2810 = SHAPE_REPRESENTATION('',(#11,#2811,#2815),#2819);
#2811 = AXIS2_PLACEMENT_3D('',#2812,#2813,#2814);
#2812 = CARTESIAN_POINT('',(0.,0.,0.));
#2813 = DIRECTION('',(0.,0.,1.));
#2814 = DIRECTION('',(1.,0.,0.));
#2815 = AXIS2_PLACEMENT_3D('',#2816,#2817,#2818);
#2816 = CARTESIAN_POINT('',(-4.51028103754E-16,0.574523821802,0.));
#2817 = DIRECTION('',(0.,0.,-1.));
#2818 = DIRECTION('',(1.,0.,0.));
#2819 = ( GEOMETRIC_REPRESENTATION_CONTEXT(3) 
GLOBAL_UNCERTAINTY_ASSIGNED_CONTEXT((#2823)) 
GLOBAL_UNIT_ASSIGNED_CONTEXT((#2820,#2821,#2822)) REPRESENTATION_CONTEXT
('Context #1','3D Context with UNIT and UNCERTAINTY') );
#2820 = ( LENGTH_UNIT() NAMED_UNIT(*) SI_UNIT(.MILLI.,.METRE.) );
#2821 = ( NAMED_UNIT(*) PLANE_ANGLE_UNIT() SI_UNIT($,.RADIAN.) );
#2822 = ( NAMED_UNIT(*) SI_UNIT($,.STERADIAN.) SOLID_ANGLE_UNIT() );
#2823 = UNCERTAINTY_MEASURE_WITH_UNIT(LENGTH_MEASURE(1.E-07),#2820,
  'distance_accuracy_value','confusion accuracy');
#2824 = CONTEXT_DEPENDENT_SHAPE_REPRESENTATION(#2825,#2827);
#2825 = ( REPRESENTATION_RELATIONSHIP('','',#2810,#32) 
REPRESENTATION_RELATIONSHIP_WITH_TRANSFORMATION(#2826) 
SHAPE_REPRESENTATION_RELATIONSHIP() );
#2826 = ITEM_DEFINED_TRANSFORMATION('','',#11,#157);
#2827 = PRODUCT_DEFINITION_SHAPE('Placement','Placement of an item',
  #2828);
#2828 = NEXT_ASSEMBLY_USAGE_OCCURRENCE('2717','1039931_IAM_078','',#27,
  #2805,$);
#2829 = PRODUCT_RELATED_PRODUCT_CATEGORY('part',$,(#2807));
#2830 = CONTEXT_DEPENDENT_SHAPE_REPRESENTATION(#2831,#2833);
#2831 = ( REPRESENTATION_RELATIONSHIP('','',#1351,#2810) 
REPRESENTATION_RELATIONSHIP_WITH_TRANSFORMATION(#2832) 
SHAPE_REPRESENTATION_RELATIONSHIP() );
#2832 = ITEM_DEFINED_TRANSFORMATION('','',#11,#2811);
#2833 = PRODUCT_DEFINITION_SHAPE('Placement','Placement of an item',
  #2834);
#2834 = NEXT_ASSEMBLY_USAGE_OCCURRENCE('2715','1039929_IPT_078','',#2805
  ,#1346,$);
#2835 = CONTEXT_DEPENDENT_SHAPE_REPRESENTATION(#2836,#2838);
#2836 = ( REPRESENTATION_RELATIONSHIP('','',#1784,#2810) 
REPRESENTATION_RELATIONSHIP_WITH_TRANSFORMATION(#2837) 
SHAPE_REPRESENTATION_RELATIONSHIP() );
#2837 = ITEM_DEFINED_TRANSFORMATION('','',#11,#2815);
#2838 = PRODUCT_DEFINITION_SHAPE('Placement','Placement of an item',
  #2839);
#2839 = NEXT_ASSEMBLY_USAGE_OCCURRENCE('2716','1039930_IPT_078','',#2805
  ,#1779,$);
#2840 = CONTEXT_DEPENDENT_SHAPE_REPRESENTATION(#2841,#2843);
#2841 = ( REPRESENTATION_RELATIONSHIP('','',#299,#32) 
REPRESENTATION_RELATIONSHIP_WITH_TRANSFORMATION(#2842) 
SHAPE_REPRESENTATION_RELATIONSHIP() );
#2842 = ITEM_DEFINED_TRANSFORMATION('','',#11,#161);
#2843 = PRODUCT_DEFINITION_SHAPE('Placement','Placement of an item',
  #2844);
#2844 = NEXT_ASSEMBLY_USAGE_OCCURRENCE('2718','F1000S1120M007B079','',
  #27,#294,$);
#2845 = SHAPE_DEFINITION_REPRESENTATION(#2846,#2852);
#2846 = PRODUCT_DEFINITION_SHAPE('','',#2847);
#2847 = PRODUCT_DEFINITION('design','',#2848,#2851);
#2848 = PRODUCT_DEFINITION_FORMATION('','',#2849);
#2849 = PRODUCT('1039931_IAM_079','1039931_IAM_079','',(#2850));
#2850 = PRODUCT_CONTEXT('',#2,'mechanical');
#2851 = PRODUCT_DEFINITION_CONTEXT('part definition',#2,'design');
#2852 = SHAPE_REPRESENTATION('',(#11,#2853,#2857),#2861);
#2853 = AXIS2_PLACEMENT_3D('',#2854,#2855,#2856);
#2854 = CARTESIAN_POINT('',(0.,0.,0.));
#2855 = DIRECTION('',(0.,0.,1.));
#2856 = DIRECTION('',(1.,0.,0.));
#2857 = AXIS2_PLACEMENT_3D('',#2858,#2859,#2860);
#2858 = CARTESIAN_POINT('',(-4.51028103754E-16,0.574523821802,0.));
#2859 = DIRECTION('',(0.,0.,-1.));
#2860 = DIRECTION('',(1.,0.,0.));
#2861 = ( GEOMETRIC_REPRESENTATION_CONTEXT(3) 
GLOBAL_UNCERTAINTY_ASSIGNED_CONTEXT((#2865)) 
GLOBAL_UNIT_ASSIGNED_CONTEXT((#2862,#2863,#2864)) REPRESENTATION_CONTEXT
('Context #1','3D Context with UNIT and UNCERTAINTY') );
#2862 = ( LENGTH_UNIT() NAMED_UNIT(*) SI_UNIT(.MILLI.,.METRE.) );
#2863 = ( NAMED_UNIT(*) PLANE_ANGLE_UNIT() SI_UNIT($,.RADIAN.) );
#2864 = ( NAMED_UNIT(*) SI_UNIT($,.STERADIAN.) SOLID_ANGLE_UNIT() );
#2865 = UNCERTAINTY_MEASURE_WITH_UNIT(LENGTH_MEASURE(1.E-07),#2862,
  'distance_accuracy_value','confusion accuracy');
#2866 = CONTEXT_DEPENDENT_SHAPE_REPRESENTATION(#2867,#2869);
#2867 = ( REPRESENTATION_RELATIONSHIP('','',#2852,#32) 
REPRESENTATION_RELATIONSHIP_WITH_TRANSFORMATION(#2868) 
SHAPE_REPRESENTATION_RELATIONSHIP() );
#2868 = ITEM_DEFINED_TRANSFORMATION('','',#11,#165);
#2869 = PRODUCT_DEFINITION_SHAPE('Placement','Placement of an item',
  #2870);
#2870 = NEXT_ASSEMBLY_USAGE_OCCURRENCE('2721','1039931_IAM_079','',#27,
  #2847,$);
#2871 = PRODUCT_RELATED_PRODUCT_CATEGORY('part',$,(#2849));
#2872 = CONTEXT_DEPENDENT_SHAPE_REPRESENTATION(#2873,#2875);
#2873 = ( REPRESENTATION_RELATIONSHIP('','',#1351,#2852) 
REPRESENTATION_RELATIONSHIP_WITH_TRANSFORMATION(#2874) 
SHAPE_REPRESENTATION_RELATIONSHIP() );
#2874 = ITEM_DEFINED_TRANSFORMATION('','',#11,#2853);
#2875 = PRODUCT_DEFINITION_SHAPE('Placement','Placement of an item',
  #2876);
#2876 = NEXT_ASSEMBLY_USAGE_OCCURRENCE('2719','1039929_IPT_079','',#2847
  ,#1346,$);
#2877 = CONTEXT_DEPENDENT_SHAPE_REPRESENTATION(#2878,#2880);
#2878 = ( REPRESENTATION_RELATIONSHIP('','',#1784,#2852) 
REPRESENTATION_RELATIONSHIP_WITH_TRANSFORMATION(#2879) 
SHAPE_REPRESENTATION_RELATIONSHIP() );
#2879 = ITEM_DEFINED_TRANSFORMATION('','',#11,#2857);
#2880 = PRODUCT_DEFINITION_SHAPE('Placement','Placement of an item',
  #2881);
#2881 = NEXT_ASSEMBLY_USAGE_OCCURRENCE('2720','1039930_IPT_079','',#2847
  ,#1779,$);
#2882 = CONTEXT_DEPENDENT_SHAPE_REPRESENTATION(#2883,#2885);
#2883 = ( REPRESENTATION_RELATIONSHIP('','',#299,#32) 
REPRESENTATION_RELATIONSHIP_WITH_TRANSFORMATION(#2884) 
SHAPE_REPRESENTATION_RELATIONSHIP() );
#2884 = ITEM_DEFINED_TRANSFORMATION('','',#11,#169);
#2885 = PRODUCT_DEFINITION_SHAPE('Placement','Placement of an item',
  #2886);
#2886 = NEXT_ASSEMBLY_USAGE_OCCURRENCE('2722','F1000S1120M007B080','',
  #27,#294,$);
#2887 = SHAPE_DEFINITION_REPRESENTATION(#2888,#2894);
#2888 = PRODUCT_DEFINITION_SHAPE('','',#2889);
#2889 = PRODUCT_DEFINITION('design','',#2890,#2893);
#2890 = PRODUCT_DEFINITION_FORMATION('','',#2891);
#2891 = PRODUCT('1039931_IAM_080','1039931_IAM_080','',(#2892));
#2892 = PRODUCT_CONTEXT('',#2,'mechanical');
#2893 = PRODUCT_DEFINITION_CONTEXT('part definition',#2,'design');
#2894 = SHAPE_REPRESENTATION('',(#11,#2895,#2899),#2903);
#2895 = AXIS2_PLACEMENT_3D('',#2896,#2897,#2898);
#2896 = CARTESIAN_POINT('',(0.,0.,0.));
#2897 = DIRECTION('',(0.,0.,1.));
#2898 = DIRECTION('',(1.,0.,0.));
#2899 = AXIS2_PLACEMENT_3D('',#2900,#2901,#2902);
#2900 = CARTESIAN_POINT('',(-4.51028103754E-16,0.574523821802,0.));
#2901 = DIRECTION('',(0.,0.,-1.));
#2902 = DIRECTION('',(1.,0.,0.));
#2903 = ( GEOMETRIC_REPRESENTATION_CONTEXT(3) 
GLOBAL_UNCERTAINTY_ASSIGNED_CONTEXT((#2907)) 
GLOBAL_UNIT_ASSIGNED_CONTEXT((#2904,#2905,#2906)) REPRESENTATION_CONTEXT
('Context #1','3D Context with UNIT and UNCERTAINTY') );
#2904 = ( LENGTH_UNIT() NAMED_UNIT(*) SI_UNIT(.MILLI.,.METRE.) );
#2905 = ( NAMED_UNIT(*) PLANE_ANGLE_UNIT() SI_UNIT($,.RADIAN.) );
#2906 = ( NAMED_UNIT(*) SI_UNIT($,.STERADIAN.) SOLID_ANGLE_UNIT() );
#2907 = UNCERTAINTY_MEASURE_WITH_UNIT(LENGTH_MEASURE(1.E-07),#2904,
  'distance_accuracy_value','confusion accuracy');
#2908 = CONTEXT_DEPENDENT_SHAPE_REPRESENTATION(#2909,#2911);
#2909 = ( REPRESENTATION_RELATIONSHIP('','',#2894,#32) 
REPRESENTATION_RELATIONSHIP_WITH_TRANSFORMATION(#2910) 
SHAPE_REPRESENTATION_RELATIONSHIP() );
#2910 = ITEM_DEFINED_TRANSFORMATION('','',#11,#173);
#2911 = PRODUCT_DEFINITION_SHAPE('Placement','Placement of an item',
  #2912);
#2912 = NEXT_ASSEMBLY_USAGE_OCCURRENCE('2725','1039931_IAM_080','',#27,
  #2889,$);
#2913 = PRODUCT_RELATED_PRODUCT_CATEGORY('part',$,(#2891));
#2914 = CONTEXT_DEPENDENT_SHAPE_REPRESENTATION(#2915,#2917);
#2915 = ( REPRESENTATION_RELATIONSHIP('','',#1351,#2894) 
REPRESENTATION_RELATIONSHIP_WITH_TRANSFORMATION(#2916) 
SHAPE_REPRESENTATION_RELATIONSHIP() );
#2916 = ITEM_DEFINED_TRANSFORMATION('','',#11,#2895);
#2917 = PRODUCT_DEFINITION_SHAPE('Placement','Placement of an item',
  #2918);
#2918 = NEXT_ASSEMBLY_USAGE_OCCURRENCE('2723','1039929_IPT_080','',#2889
  ,#1346,$);
#2919 = CONTEXT_DEPENDENT_SHAPE_REPRESENTATION(#2920,#2922);
#2920 = ( REPRESENTATION_RELATIONSHIP('','',#1784,#2894) 
REPRESENTATION_RELATIONSHIP_WITH_TRANSFORMATION(#2921) 
SHAPE_REPRESENTATION_RELATIONSHIP() );
#2921 = ITEM_DEFINED_TRANSFORMATION('','',#11,#2899);
#2922 = PRODUCT_DEFINITION_SHAPE('Placement','Placement of an item',
  #2923);
#2923 = NEXT_ASSEMBLY_USAGE_OCCURRENCE('2724','1039930_IPT_080','',#2889
  ,#1779,$);
#2924 = CONTEXT_DEPENDENT_SHAPE_REPRESENTATION(#2925,#2927);
#2925 = ( REPRESENTATION_RELATIONSHIP('','',#299,#32) 
REPRESENTATION_RELATIONSHIP_WITH_TRANSFORMATION(#2926) 
SHAPE_REPRESENTATION_RELATIONSHIP() );
#2926 = ITEM_DEFINED_TRANSFORMATION('','',#11,#177);
#2927 = PRODUCT_DEFINITION_SHAPE('Placement','Placement of an item',
  #2928);
#2928 = NEXT_ASSEMBLY_USAGE_OCCURRENCE('2726','F1000S1120M007B081','',
  #27,#294,$);
#2929 = SHAPE_DEFINITION_REPRESENTATION(#2930,#2936);
#2930 = PRODUCT_DEFINITION_SHAPE('','',#2931);
#2931 = PRODUCT_DEFINITION('design','',#2932,#2935);
#2932 = PRODUCT_DEFINITION_FORMATION('','',#2933);
#2933 = PRODUCT('1039931_IAM_081','1039931_IAM_081','',(#2934));
#2934 = PRODUCT_CONTEXT('',#2,'mechanical');
#2935 = PRODUCT_DEFINITION_CONTEXT('part definition',#2,'design');
#2936 = SHAPE_REPRESENTATION('',(#11,#2937,#2941),#2945);
#2937 = AXIS2_PLACEMENT_3D('',#2938,#2939,#2940);
#2938 = CARTESIAN_POINT('',(0.,0.,0.));
#2939 = DIRECTION('',(0.,0.,1.));
#2940 = DIRECTION('',(1.,0.,0.));
#2941 = AXIS2_PLACEMENT_3D('',#2942,#2943,#2944);
#2942 = CARTESIAN_POINT('',(-4.51028103754E-16,0.574523821802,0.));
#2943 = DIRECTION('',(0.,0.,-1.));
#2944 = DIRECTION('',(1.,0.,0.));
#2945 = ( GEOMETRIC_REPRESENTATION_CONTEXT(3) 
GLOBAL_UNCERTAINTY_ASSIGNED_CONTEXT((#2949)) 
GLOBAL_UNIT_ASSIGNED_CONTEXT((#2946,#2947,#2948)) REPRESENTATION_CONTEXT
('Context #1','3D Context with UNIT and UNCERTAINTY') );
#2946 = ( LENGTH_UNIT() NAMED_UNIT(*) SI_UNIT(.MILLI.,.METRE.) );
#2947 = ( NAMED_UNIT(*) PLANE_ANGLE_UNIT() SI_UNIT($,.RADIAN.) );
#2948 = ( NAMED_UNIT(*) SI_UNIT($,.STERADIAN.) SOLID_ANGLE_UNIT() );
#2949 = UNCERTAINTY_MEASURE_WITH_UNIT(LENGTH_MEASURE(1.E-07),#2946,
  'distance_accuracy_value','confusion accuracy');
#2950 = CONTEXT_DEPENDENT_SHAPE_REPRESENTATION(#2951,#2953);
#2951 = ( REPRESENTATION_RELATIONSHIP('','',#2936,#32) 
REPRESENTATION_RELATIONSHIP_WITH_TRANSFORMATION(#2952) 
SHAPE_REPRESENTATION_RELATIONSHIP() );
#2952 = ITEM_DEFINED_TRANSFORMATION('','',#11,#181);
#2953 = PRODUCT_DEFINITION_SHAPE('Placement','Placement of an item',
  #2954);
#2954 = NEXT_ASSEMBLY_USAGE_OCCURRENCE('2729','1039931_IAM_081','',#27,
  #2931,$);
#2955 = PRODUCT_RELATED_PRODUCT_CATEGORY('part',$,(#2933));
#2956 = CONTEXT_DEPENDENT_SHAPE_REPRESENTATION(#2957,#2959);
#2957 = ( REPRESENTATION_RELATIONSHIP('','',#1351,#2936) 
REPRESENTATION_RELATIONSHIP_WITH_TRANSFORMATION(#2958) 
SHAPE_REPRESENTATION_RELATIONSHIP() );
#2958 = ITEM_DEFINED_TRANSFORMATION('','',#11,#2937);
#2959 = PRODUCT_DEFINITION_SHAPE('Placement','Placement of an item',
  #2960);
#2960 = NEXT_ASSEMBLY_USAGE_OCCURRENCE('2727','1039929_IPT_081','',#2931
  ,#1346,$);
#2961 = CONTEXT_DEPENDENT_SHAPE_REPRESENTATION(#2962,#2964);
#2962 = ( REPRESENTATION_RELATIONSHIP('','',#1784,#2936) 
REPRESENTATION_RELATIONSHIP_WITH_TRANSFORMATION(#2963) 
SHAPE_REPRESENTATION_RELATIONSHIP() );
#2963 = ITEM_DEFINED_TRANSFORMATION('','',#11,#2941);
#2964 = PRODUCT_DEFINITION_SHAPE('Placement','Placement of an item',
  #2965);
#2965 = NEXT_ASSEMBLY_USAGE_OCCURRENCE('2728','1039930_IPT_081','',#2931
  ,#1779,$);
#2966 = CONTEXT_DEPENDENT_SHAPE_REPRESENTATION(#2967,#2969);
#2967 = ( REPRESENTATION_RELATIONSHIP('','',#299,#32) 
REPRESENTATION_RELATIONSHIP_WITH_TRANSFORMATION(#2968) 
SHAPE_REPRESENTATION_RELATIONSHIP() );
#2968 = ITEM_DEFINED_TRANSFORMATION('','',#11,#185);
#2969 = PRODUCT_DEFINITION_SHAPE('Placement','Placement of an item',
  #2970);
#2970 = NEXT_ASSEMBLY_USAGE_OCCURRENCE('2730','F1000S1120M007B082','',
  #27,#294,$);
#2971 = SHAPE_DEFINITION_REPRESENTATION(#2972,#2978);
#2972 = PRODUCT_DEFINITION_SHAPE('','',#2973);
#2973 = PRODUCT_DEFINITION('design','',#2974,#2977);
#2974 = PRODUCT_DEFINITION_FORMATION('','',#2975);
#2975 = PRODUCT('1039931_IAM_082','1039931_IAM_082','',(#2976));
#2976 = PRODUCT_CONTEXT('',#2,'mechanical');
#2977 = PRODUCT_DEFINITION_CONTEXT('part definition',#2,'design');
#2978 = SHAPE_REPRESENTATION('',(#11,#2979,#2983),#2987);
#2979 = AXIS2_PLACEMENT_3D('',#2980,#2981,#2982);
#2980 = CARTESIAN_POINT('',(0.,0.,0.));
#2981 = DIRECTION('',(0.,0.,1.));
#2982 = DIRECTION('',(1.,0.,0.));
#2983 = AXIS2_PLACEMENT_3D('',#2984,#2985,#2986);
#2984 = CARTESIAN_POINT('',(-4.51028103754E-16,0.574523821802,0.));
#2985 = DIRECTION('',(0.,0.,-1.));
#2986 = DIRECTION('',(1.,0.,0.));
#2987 = ( GEOMETRIC_REPRESENTATION_CONTEXT(3) 
GLOBAL_UNCERTAINTY_ASSIGNED_CONTEXT((#2991)) 
GLOBAL_UNIT_ASSIGNED_CONTEXT((#2988,#2989,#2990)) REPRESENTATION_CONTEXT
('Context #1','3D Context with UNIT and UNCERTAINTY') );
#2988 = ( LENGTH_UNIT() NAMED_UNIT(*) SI_UNIT(.MILLI.,.METRE.) );
#2989 = ( NAMED_UNIT(*) PLANE_ANGLE_UNIT() SI_UNIT($,.RADIAN.) );
#2990 = ( NAMED_UNIT(*) SI_UNIT($,.STERADIAN.) SOLID_ANGLE_UNIT() );
#2991 = UNCERTAINTY_MEASURE_WITH_UNIT(LENGTH_MEASURE(1.E-07),#2988,
  'distance_accuracy_value','confusion accuracy');
#2992 = CONTEXT_DEPENDENT_SHAPE_REPRESENTATION(#2993,#2995);
#2993 = ( REPRESENTATION_RELATIONSHIP('','',#2978,#32) 
REPRESENTATION_RELATIONSHIP_WITH_TRANSFORMATION(#2994) 
SHAPE_REPRESENTATION_RELATIONSHIP() );
#2994 = ITEM_DEFINED_TRANSFORMATION('','',#11,#189);
#2995 = PRODUCT_DEFINITION_SHAPE('Placement','Placement of an item',
  #2996);
#2996 = NEXT_ASSEMBLY_USAGE_OCCURRENCE('2733','1039931_IAM_082','',#27,
  #2973,$);
#2997 = PRODUCT_RELATED_PRODUCT_CATEGORY('part',$,(#2975));
#2998 = CONTEXT_DEPENDENT_SHAPE_REPRESENTATION(#2999,#3001);
#2999 = ( REPRESENTATION_RELATIONSHIP('','',#1351,#2978) 
REPRESENTATION_RELATIONSHIP_WITH_TRANSFORMATION(#3000) 
SHAPE_REPRESENTATION_RELATIONSHIP() );
#3000 = ITEM_DEFINED_TRANSFORMATION('','',#11,#2979);
#3001 = PRODUCT_DEFINITION_SHAPE('Placement','Placement of an item',
  #3002);
#3002 = NEXT_ASSEMBLY_USAGE_OCCURRENCE('2731','1039929_IPT_082','',#2973
  ,#1346,$);
#3003 = CONTEXT_DEPENDENT_SHAPE_REPRESENTATION(#3004,#3006);
#3004 = ( REPRESENTATION_RELATIONSHIP('','',#1784,#2978) 
REPRESENTATION_RELATIONSHIP_WITH_TRANSFORMATION(#3005) 
SHAPE_REPRESENTATION_RELATIONSHIP() );
#3005 = ITEM_DEFINED_TRANSFORMATION('','',#11,#2983);
#3006 = PRODUCT_DEFINITION_SHAPE('Placement','Placement of an item',
  #3007);
#3007 = NEXT_ASSEMBLY_USAGE_OCCURRENCE('2732','1039930_IPT_082','',#2973
  ,#1779,$);
#3008 = CONTEXT_DEPENDENT_SHAPE_REPRESENTATION(#3009,#3011);
#3009 = ( REPRESENTATION_RELATIONSHIP('','',#299,#32) 
REPRESENTATION_RELATIONSHIP_WITH_TRANSFORMATION(#3010) 
SHAPE_REPRESENTATION_RELATIONSHIP() );
#3010 = ITEM_DEFINED_TRANSFORMATION('','',#11,#193);
#3011 = PRODUCT_DEFINITION_SHAPE('Placement','Placement of an item',
  #3012);
#3012 = NEXT_ASSEMBLY_USAGE_OCCURRENCE('2734','F1000S1120M007B083','',
  #27,#294,$);
#3013 = SHAPE_DEFINITION_REPRESENTATION(#3014,#3020);
#3014 = PRODUCT_DEFINITION_SHAPE('','',#3015);
#3015 = PRODUCT_DEFINITION('design','',#3016,#3019);
#3016 = PRODUCT_DEFINITION_FORMATION('','',#3017);
#3017 = PRODUCT('1039931_IAM_083','1039931_IAM_083','',(#3018));
#3018 = PRODUCT_CONTEXT('',#2,'mechanical');
#3019 = PRODUCT_DEFINITION_CONTEXT('part definition',#2,'design');
#3020 = SHAPE_REPRESENTATION('',(#11,#3021,#3025),#3029);
#3021 = AXIS2_PLACEMENT_3D('',#3022,#3023,#3024);
#3022 = CARTESIAN_POINT('',(0.,0.,0.));
#3023 = DIRECTION('',(0.,0.,1.));
#3024 = DIRECTION('',(1.,0.,0.));
#3025 = AXIS2_PLACEMENT_3D('',#3026,#3027,#3028);
#3026 = CARTESIAN_POINT('',(-4.51028103754E-16,0.574523821802,0.));
#3027 = DIRECTION('',(0.,0.,-1.));
#3028 = DIRECTION('',(1.,0.,0.));
#3029 = ( GEOMETRIC_REPRESENTATION_CONTEXT(3) 
GLOBAL_UNCERTAINTY_ASSIGNED_CONTEXT((#3033)) 
GLOBAL_UNIT_ASSIGNED_CONTEXT((#3030,#3031,#3032)) REPRESENTATION_CONTEXT
('Context #1','3D Context with UNIT and UNCERTAINTY') );
#3030 = ( LENGTH_UNIT() NAMED_UNIT(*) SI_UNIT(.MILLI.,.METRE.) );
#3031 = ( NAMED_UNIT(*) PLANE_ANGLE_UNIT() SI_UNIT($,.RADIAN.) );
#3032 = ( NAMED_UNIT(*) SI_UNIT($,.STERADIAN.) SOLID_ANGLE_UNIT() );
#3033 = UNCERTAINTY_MEASURE_WITH_UNIT(LENGTH_MEASURE(1.E-07),#3030,
  'distance_accuracy_value','confusion accuracy');
#3034 = CONTEXT_DEPENDENT_SHAPE_REPRESENTATION(#3035,#3037);
#3035 = ( REPRESENTATION_RELATIONSHIP('','',#3020,#32) 
REPRESENTATION_RELATIONSHIP_WITH_TRANSFORMATION(#3036) 
SHAPE_REPRESENTATION_RELATIONSHIP() );
#3036 = ITEM_DEFINED_TRANSFORMATION('','',#11,#197);
#3037 = PRODUCT_DEFINITION_SHAPE('Placement','Placement of an item',
  #3038);
#3038 = NEXT_ASSEMBLY_USAGE_OCCURRENCE('2737','1039931_IAM_083','',#27,
  #3015,$);
#3039 = PRODUCT_RELATED_PRODUCT_CATEGORY('part',$,(#3017));
#3040 = CONTEXT_DEPENDENT_SHAPE_REPRESENTATION(#3041,#3043);
#3041 = ( REPRESENTATION_RELATIONSHIP('','',#1351,#3020) 
REPRESENTATION_RELATIONSHIP_WITH_TRANSFORMATION(#3042) 
SHAPE_REPRESENTATION_RELATIONSHIP() );
#3042 = ITEM_DEFINED_TRANSFORMATION('','',#11,#3021);
#3043 = PRODUCT_DEFINITION_SHAPE('Placement','Placement of an item',
  #3044);
#3044 = NEXT_ASSEMBLY_USAGE_OCCURRENCE('2735','1039929_IPT_083','',#3015
  ,#1346,$);
#3045 = CONTEXT_DEPENDENT_SHAPE_REPRESENTATION(#3046,#3048);
#3046 = ( REPRESENTATION_RELATIONSHIP('','',#1784,#3020) 
REPRESENTATION_RELATIONSHIP_WITH_TRANSFORMATION(#3047) 
SHAPE_REPRESENTATION_RELATIONSHIP() );
#3047 = ITEM_DEFINED_TRANSFORMATION('','',#11,#3025);
#3048 = PRODUCT_DEFINITION_SHAPE('Placement','Placement of an item',
  #3049);
#3049 = NEXT_ASSEMBLY_USAGE_OCCURRENCE('2736','1039930_IPT_083','',#3015
  ,#1779,$);
#3050 = CONTEXT_DEPENDENT_SHAPE_REPRESENTATION(#3051,#3053);
#3051 = ( REPRESENTATION_RELATIONSHIP('','',#299,#32) 
REPRESENTATION_RELATIONSHIP_WITH_TRANSFORMATION(#3052) 
SHAPE_REPRESENTATION_RELATIONSHIP() );
#3052 = ITEM_DEFINED_TRANSFORMATION('','',#11,#201);
#3053 = PRODUCT_DEFINITION_SHAPE('Placement','Placement of an item',
  #3054);
#3054 = NEXT_ASSEMBLY_USAGE_OCCURRENCE('2738','F1000S1120M007B084','',
  #27,#294,$);
#3055 = SHAPE_DEFINITION_REPRESENTATION(#3056,#3062);
#3056 = PRODUCT_DEFINITION_SHAPE('','',#3057);
#3057 = PRODUCT_DEFINITION('design','',#3058,#3061);
#3058 = PRODUCT_DEFINITION_FORMATION('','',#3059);
#3059 = PRODUCT('1039931_IAM_084','1039931_IAM_084','',(#3060));
#3060 = PRODUCT_CONTEXT('',#2,'mechanical');
#3061 = PRODUCT_DEFINITION_CONTEXT('part definition',#2,'design');
#3062 = SHAPE_REPRESENTATION('',(#11,#3063,#3067),#3071);
#3063 = AXIS2_PLACEMENT_3D('',#3064,#3065,#3066);
#3064 = CARTESIAN_POINT('',(0.,0.,0.));
#3065 = DIRECTION('',(0.,0.,1.));
#3066 = DIRECTION('',(1.,0.,0.));
#3067 = AXIS2_PLACEMENT_3D('',#3068,#3069,#3070);
#3068 = CARTESIAN_POINT('',(-4.51028103754E-16,0.574523821802,0.));
#3069 = DIRECTION('',(0.,0.,-1.));
#3070 = DIRECTION('',(1.,0.,0.));
#3071 = ( GEOMETRIC_REPRESENTATION_CONTEXT(3) 
GLOBAL_UNCERTAINTY_ASSIGNED_CONTEXT((#3075)) 
GLOBAL_UNIT_ASSIGNED_CONTEXT((#3072,#3073,#3074)) REPRESENTATION_CONTEXT
('Context #1','3D Context with UNIT and UNCERTAINTY') );
#3072 = ( LENGTH_UNIT() NAMED_UNIT(*) SI_UNIT(.MILLI.,.METRE.) );
#3073 = ( NAMED_UNIT(*) PLANE_ANGLE_UNIT() SI_UNIT($,.RADIAN.) );
#3074 = ( NAMED_UNIT(*) SI_UNIT($,.STERADIAN.) SOLID_ANGLE_UNIT() );
#3075 = UNCERTAINTY_MEASURE_WITH_UNIT(LENGTH_MEASURE(1.E-07),#3072,
  'distance_accuracy_value','confusion accuracy');
#3076 = CONTEXT_DEPENDENT_SHAPE_REPRESENTATION(#3077,#3079);
#3077 = ( REPRESENTATION_RELATIONSHIP('','',#3062,#32) 
REPRESENTATION_RELATIONSHIP_WITH_TRANSFORMATION(#3078) 
SHAPE_REPRESENTATION_RELATIONSHIP() );
#3078 = ITEM_DEFINED_TRANSFORMATION('','',#11,#205);
#3079 = PRODUCT_DEFINITION_SHAPE('Placement','Placement of an item',
  #3080);
#3080 = NEXT_ASSEMBLY_USAGE_OCCURRENCE('2741','1039931_IAM_084','',#27,
  #3057,$);
#3081 = PRODUCT_RELATED_PRODUCT_CATEGORY('part',$,(#3059));
#3082 = CONTEXT_DEPENDENT_SHAPE_REPRESENTATION(#3083,#3085);
#3083 = ( REPRESENTATION_RELATIONSHIP('','',#1351,#3062) 
REPRESENTATION_RELATIONSHIP_WITH_TRANSFORMATION(#3084) 
SHAPE_REPRESENTATION_RELATIONSHIP() );
#3084 = ITEM_DEFINED_TRANSFORMATION('','',#11,#3063);
#3085 = PRODUCT_DEFINITION_SHAPE('Placement','Placement of an item',
  #3086);
#3086 = NEXT_ASSEMBLY_USAGE_OCCURRENCE('2739','1039929_IPT_084','',#3057
  ,#1346,$);
#3087 = CONTEXT_DEPENDENT_SHAPE_REPRESENTATION(#3088,#3090);
#3088 = ( REPRESENTATION_RELATIONSHIP('','',#1784,#3062) 
REPRESENTATION_RELATIONSHIP_WITH_TRANSFORMATION(#3089) 
SHAPE_REPRESENTATION_RELATIONSHIP() );
#3089 = ITEM_DEFINED_TRANSFORMATION('','',#11,#3067);
#3090 = PRODUCT_DEFINITION_SHAPE('Placement','Placement of an item',
  #3091);
#3091 = NEXT_ASSEMBLY_USAGE_OCCURRENCE('2740','1039930_IPT_084','',#3057
  ,#1779,$);
#3092 = CONTEXT_DEPENDENT_SHAPE_REPRESENTATION(#3093,#3095);
#3093 = ( REPRESENTATION_RELATIONSHIP('','',#299,#32) 
REPRESENTATION_RELATIONSHIP_WITH_TRANSFORMATION(#3094) 
SHAPE_REPRESENTATION_RELATIONSHIP() );
#3094 = ITEM_DEFINED_TRANSFORMATION('','',#11,#209);
#3095 = PRODUCT_DEFINITION_SHAPE('Placement','Placement of an item',
  #3096);
#3096 = NEXT_ASSEMBLY_USAGE_OCCURRENCE('2742','F1000S1120M007B085','',
  #27,#294,$);
#3097 = SHAPE_DEFINITION_REPRESENTATION(#3098,#3104);
#3098 = PRODUCT_DEFINITION_SHAPE('','',#3099);
#3099 = PRODUCT_DEFINITION('design','',#3100,#3103);
#3100 = PRODUCT_DEFINITION_FORMATION('','',#3101);
#3101 = PRODUCT('1039931_IAM_085','1039931_IAM_085','',(#3102));
#3102 = PRODUCT_CONTEXT('',#2,'mechanical');
#3103 = PRODUCT_DEFINITION_CONTEXT('part definition',#2,'design');
#3104 = SHAPE_REPRESENTATION('',(#11,#3105,#3109),#3113);
#3105 = AXIS2_PLACEMENT_3D('',#3106,#3107,#3108);
#3106 = CARTESIAN_POINT('',(0.,0.,0.));
#3107 = DIRECTION('',(0.,0.,1.));
#3108 = DIRECTION('',(1.,0.,0.));
#3109 = AXIS2_PLACEMENT_3D('',#3110,#3111,#3112);
#3110 = CARTESIAN_POINT('',(-4.51028103754E-16,0.574523821802,0.));
#3111 = DIRECTION('',(0.,0.,-1.));
#3112 = DIRECTION('',(1.,0.,0.));
#3113 = ( GEOMETRIC_REPRESENTATION_CONTEXT(3) 
GLOBAL_UNCERTAINTY_ASSIGNED_CONTEXT((#3117)) 
GLOBAL_UNIT_ASSIGNED_CONTEXT((#3114,#3115,#3116)) REPRESENTATION_CONTEXT
('Context #1','3D Context with UNIT and UNCERTAINTY') );
#3114 = ( LENGTH_UNIT() NAMED_UNIT(*) SI_UNIT(.MILLI.,.METRE.) );
#3115 = ( NAMED_UNIT(*) PLANE_ANGLE_UNIT() SI_UNIT($,.RADIAN.) );
#3116 = ( NAMED_UNIT(*) SI_UNIT($,.STERADIAN.) SOLID_ANGLE_UNIT() );
#3117 = UNCERTAINTY_MEASURE_WITH_UNIT(LENGTH_MEASURE(1.E-07),#3114,
  'distance_accuracy_value','confusion accuracy');
#3118 = CONTEXT_DEPENDENT_SHAPE_REPRESENTATION(#3119,#3121);
#3119 = ( REPRESENTATION_RELATIONSHIP('','',#3104,#32) 
REPRESENTATION_RELATIONSHIP_WITH_TRANSFORMATION(#3120) 
SHAPE_REPRESENTATION_RELATIONSHIP() );
#3120 = ITEM_DEFINED_TRANSFORMATION('','',#11,#213);
#3121 = PRODUCT_DEFINITION_SHAPE('Placement','Placement of an item',
  #3122);
#3122 = NEXT_ASSEMBLY_USAGE_OCCURRENCE('2745','1039931_IAM_085','',#27,
  #3099,$);
#3123 = PRODUCT_RELATED_PRODUCT_CATEGORY('part',$,(#3101));
#3124 = CONTEXT_DEPENDENT_SHAPE_REPRESENTATION(#3125,#3127);
#3125 = ( REPRESENTATION_RELATIONSHIP('','',#1351,#3104) 
REPRESENTATION_RELATIONSHIP_WITH_TRANSFORMATION(#3126) 
SHAPE_REPRESENTATION_RELATIONSHIP() );
#3126 = ITEM_DEFINED_TRANSFORMATION('','',#11,#3105);
#3127 = PRODUCT_DEFINITION_SHAPE('Placement','Placement of an item',
  #3128);
#3128 = NEXT_ASSEMBLY_USAGE_OCCURRENCE('2743','1039929_IPT_085','',#3099
  ,#1346,$);
#3129 = CONTEXT_DEPENDENT_SHAPE_REPRESENTATION(#3130,#3132);
#3130 = ( REPRESENTATION_RELATIONSHIP('','',#1784,#3104) 
REPRESENTATION_RELATIONSHIP_WITH_TRANSFORMATION(#3131) 
SHAPE_REPRESENTATION_RELATIONSHIP() );
#3131 = ITEM_DEFINED_TRANSFORMATION('','',#11,#3109);
#3132 = PRODUCT_DEFINITION_SHAPE('Placement','Placement of an item',
  #3133);
#3133 = NEXT_ASSEMBLY_USAGE_OCCURRENCE('2744','1039930_IPT_085','',#3099
  ,#1779,$);
#3134 = CONTEXT_DEPENDENT_SHAPE_REPRESENTATION(#3135,#3137);
#3135 = ( REPRESENTATION_RELATIONSHIP('','',#299,#32) 
REPRESENTATION_RELATIONSHIP_WITH_TRANSFORMATION(#3136) 
SHAPE_REPRESENTATION_RELATIONSHIP() );
#3136 = ITEM_DEFINED_TRANSFORMATION('','',#11,#217);
#3137 = PRODUCT_DEFINITION_SHAPE('Placement','Placement of an item',
  #3138);
#3138 = NEXT_ASSEMBLY_USAGE_OCCURRENCE('2746','F1000S1120M007B086','',
  #27,#294,$);
#3139 = SHAPE_DEFINITION_REPRESENTATION(#3140,#3146);
#3140 = PRODUCT_DEFINITION_SHAPE('','',#3141);
#3141 = PRODUCT_DEFINITION('design','',#3142,#3145);
#3142 = PRODUCT_DEFINITION_FORMATION('','',#3143);
#3143 = PRODUCT('1039931_IAM_086','1039931_IAM_086','',(#3144));
#3144 = PRODUCT_CONTEXT('',#2,'mechanical');
#3145 = PRODUCT_DEFINITION_CONTEXT('part definition',#2,'design');
#3146 = SHAPE_REPRESENTATION('',(#11,#3147,#3151),#3155);
#3147 = AXIS2_PLACEMENT_3D('',#3148,#3149,#3150);
#3148 = CARTESIAN_POINT('',(0.,0.,0.));
#3149 = DIRECTION('',(0.,0.,1.));
#3150 = DIRECTION('',(1.,0.,0.));
#3151 = AXIS2_PLACEMENT_3D('',#3152,#3153,#3154);
#3152 = CARTESIAN_POINT('',(-4.51028103754E-16,0.574523821802,0.));
#3153 = DIRECTION('',(0.,0.,-1.));
#3154 = DIRECTION('',(1.,0.,0.));
#3155 = ( GEOMETRIC_REPRESENTATION_CONTEXT(3) 
GLOBAL_UNCERTAINTY_ASSIGNED_CONTEXT((#3159)) 
GLOBAL_UNIT_ASSIGNED_CONTEXT((#3156,#3157,#3158)) REPRESENTATION_CONTEXT
('Context #1','3D Context with UNIT and UNCERTAINTY') );
#3156 = ( LENGTH_UNIT() NAMED_UNIT(*) SI_UNIT(.MILLI.,.METRE.) );
#3157 = ( NAMED_UNIT(*) PLANE_ANGLE_UNIT() SI_UNIT($,.RADIAN.) );
#3158 = ( NAMED_UNIT(*) SI_UNIT($,.STERADIAN.) SOLID_ANGLE_UNIT() );
#3159 = UNCERTAINTY_MEASURE_WITH_UNIT(LENGTH_MEASURE(1.E-07),#3156,
  'distance_accuracy_value','confusion accuracy');
#3160 = CONTEXT_DEPENDENT_SHAPE_REPRESENTATION(#3161,#3163);
#3161 = ( REPRESENTATION_RELATIONSHIP('','',#3146,#32) 
REPRESENTATION_RELATIONSHIP_WITH_TRANSFORMATION(#3162) 
SHAPE_REPRESENTATION_RELATIONSHIP() );
#3162 = ITEM_DEFINED_TRANSFORMATION('','',#11,#221);
#3163 = PRODUCT_DEFINITION_SHAPE('Placement','Placement of an item',
  #3164);
#3164 = NEXT_ASSEMBLY_USAGE_OCCURRENCE('2749','1039931_IAM_086','',#27,
  #3141,$);
#3165 = PRODUCT_RELATED_PRODUCT_CATEGORY('part',$,(#3143));
#3166 = CONTEXT_DEPENDENT_SHAPE_REPRESENTATION(#3167,#3169);
#3167 = ( REPRESENTATION_RELATIONSHIP('','',#1351,#3146) 
REPRESENTATION_RELATIONSHIP_WITH_TRANSFORMATION(#3168) 
SHAPE_REPRESENTATION_RELATIONSHIP() );
#3168 = ITEM_DEFINED_TRANSFORMATION('','',#11,#3147);
#3169 = PRODUCT_DEFINITION_SHAPE('Placement','Placement of an item',
  #3170);
#3170 = NEXT_ASSEMBLY_USAGE_OCCURRENCE('2747','1039929_IPT_086','',#3141
  ,#1346,$);
#3171 = CONTEXT_DEPENDENT_SHAPE_REPRESENTATION(#3172,#3174);
#3172 = ( REPRESENTATION_RELATIONSHIP('','',#1784,#3146) 
REPRESENTATION_RELATIONSHIP_WITH_TRANSFORMATION(#3173) 
SHAPE_REPRESENTATION_RELATIONSHIP() );
#3173 = ITEM_DEFINED_TRANSFORMATION('','',#11,#3151);
#3174 = PRODUCT_DEFINITION_SHAPE('Placement','Placement of an item',
  #3175);
#3175 = NEXT_ASSEMBLY_USAGE_OCCURRENCE('2748','1039930_IPT_086','',#3141
  ,#1779,$);
#3176 = CONTEXT_DEPENDENT_SHAPE_REPRESENTATION(#3177,#3179);
#3177 = ( REPRESENTATION_RELATIONSHIP('','',#299,#32) 
REPRESENTATION_RELATIONSHIP_WITH_TRANSFORMATION(#3178) 
SHAPE_REPRESENTATION_RELATIONSHIP() );
#3178 = ITEM_DEFINED_TRANSFORMATION('','',#11,#225);
#3179 = PRODUCT_DEFINITION_SHAPE('Placement','Placement of an item',
  #3180);
#3180 = NEXT_ASSEMBLY_USAGE_OCCURRENCE('2750','F1000S1120M007B087','',
  #27,#294,$);
#3181 = SHAPE_DEFINITION_REPRESENTATION(#3182,#3188);
#3182 = PRODUCT_DEFINITION_SHAPE('','',#3183);
#3183 = PRODUCT_DEFINITION('design','',#3184,#3187);
#3184 = PRODUCT_DEFINITION_FORMATION('','',#3185);
#3185 = PRODUCT('1039931_IAM_087','1039931_IAM_087','',(#3186));
#3186 = PRODUCT_CONTEXT('',#2,'mechanical');
#3187 = PRODUCT_DEFINITION_CONTEXT('part definition',#2,'design');
#3188 = SHAPE_REPRESENTATION('',(#11,#3189,#3193),#3197);
#3189 = AXIS2_PLACEMENT_3D('',#3190,#3191,#3192);
#3190 = CARTESIAN_POINT('',(0.,0.,0.));
#3191 = DIRECTION('',(0.,0.,1.));
#3192 = DIRECTION('',(1.,0.,0.));
#3193 = AXIS2_PLACEMENT_3D('',#3194,#3195,#3196);
#3194 = CARTESIAN_POINT('',(-4.51028103754E-16,0.574523821802,0.));
#3195 = DIRECTION('',(0.,0.,-1.));
#3196 = DIRECTION('',(1.,0.,0.));
#3197 = ( GEOMETRIC_REPRESENTATION_CONTEXT(3) 
GLOBAL_UNCERTAINTY_ASSIGNED_CONTEXT((#3201)) 
GLOBAL_UNIT_ASSIGNED_CONTEXT((#3198,#3199,#3200)) REPRESENTATION_CONTEXT
('Context #1','3D Context with UNIT and UNCERTAINTY') );
#3198 = ( LENGTH_UNIT() NAMED_UNIT(*) SI_UNIT(.MILLI.,.METRE.) );
#3199 = ( NAMED_UNIT(*) PLANE_ANGLE_UNIT() SI_UNIT($,.RADIAN.) );
#3200 = ( NAMED_UNIT(*) SI_UNIT($,.STERADIAN.) SOLID_ANGLE_UNIT() );
#3201 = UNCERTAINTY_MEASURE_WITH_UNIT(LENGTH_MEASURE(1.E-07),#3198,
  'distance_accuracy_value','confusion accuracy');
#3202 = CONTEXT_DEPENDENT_SHAPE_REPRESENTATION(#3203,#3205);
#3203 = ( REPRESENTATION_RELATIONSHIP('','',#3188,#32) 
REPRESENTATION_RELATIONSHIP_WITH_TRANSFORMATION(#3204) 
SHAPE_REPRESENTATION_RELATIONSHIP() );
#3204 = ITEM_DEFINED_TRANSFORMATION('','',#11,#229);
#3205 = PRODUCT_DEFINITION_SHAPE('Placement','Placement of an item',
  #3206);
#3206 = NEXT_ASSEMBLY_USAGE_OCCURRENCE('2753','1039931_IAM_087','',#27,
  #3183,$);
#3207 = PRODUCT_RELATED_PRODUCT_CATEGORY('part',$,(#3185));
#3208 = CONTEXT_DEPENDENT_SHAPE_REPRESENTATION(#3209,#3211);
#3209 = ( REPRESENTATION_RELATIONSHIP('','',#1351,#3188) 
REPRESENTATION_RELATIONSHIP_WITH_TRANSFORMATION(#3210) 
SHAPE_REPRESENTATION_RELATIONSHIP() );
#3210 = ITEM_DEFINED_TRANSFORMATION('','',#11,#3189);
#3211 = PRODUCT_DEFINITION_SHAPE('Placement','Placement of an item',
  #3212);
#3212 = NEXT_ASSEMBLY_USAGE_OCCURRENCE('2751','1039929_IPT_087','',#3183
  ,#1346,$);
#3213 = CONTEXT_DEPENDENT_SHAPE_REPRESENTATION(#3214,#3216);
#3214 = ( REPRESENTATION_RELATIONSHIP('','',#1784,#3188) 
REPRESENTATION_RELATIONSHIP_WITH_TRANSFORMATION(#3215) 
SHAPE_REPRESENTATION_RELATIONSHIP() );
#3215 = ITEM_DEFINED_TRANSFORMATION('','',#11,#3193);
#3216 = PRODUCT_DEFINITION_SHAPE('Placement','Placement of an item',
  #3217);
#3217 = NEXT_ASSEMBLY_USAGE_OCCURRENCE('2752','1039930_IPT_087','',#3183
  ,#1779,$);
#3218 = CONTEXT_DEPENDENT_SHAPE_REPRESENTATION(#3219,#3221);
#3219 = ( REPRESENTATION_RELATIONSHIP('','',#299,#32) 
REPRESENTATION_RELATIONSHIP_WITH_TRANSFORMATION(#3220) 
SHAPE_REPRESENTATION_RELATIONSHIP() );
#3220 = ITEM_DEFINED_TRANSFORMATION('','',#11,#233);
#3221 = PRODUCT_DEFINITION_SHAPE('Placement','Placement of an item',
  #3222);
#3222 = NEXT_ASSEMBLY_USAGE_OCCURRENCE('2754','F1000S1120M007B088','',
  #27,#294,$);
#3223 = SHAPE_DEFINITION_REPRESENTATION(#3224,#3230);
#3224 = PRODUCT_DEFINITION_SHAPE('','',#3225);
#3225 = PRODUCT_DEFINITION('design','',#3226,#3229);
#3226 = PRODUCT_DEFINITION_FORMATION('','',#3227);
#3227 = PRODUCT('1039931_IAM_088','1039931_IAM_088','',(#3228));
#3228 = PRODUCT_CONTEXT('',#2,'mechanical');
#3229 = PRODUCT_DEFINITION_CONTEXT('part definition',#2,'design');
#3230 = SHAPE_REPRESENTATION('',(#11,#3231,#3235),#3239);
#3231 = AXIS2_PLACEMENT_3D('',#3232,#3233,#3234);
#3232 = CARTESIAN_POINT('',(0.,0.,0.));
#3233 = DIRECTION('',(0.,0.,1.));
#3234 = DIRECTION('',(1.,0.,0.));
#3235 = AXIS2_PLACEMENT_3D('',#3236,#3237,#3238);
#3236 = CARTESIAN_POINT('',(-4.51028103754E-16,0.574523821802,0.));
#3237 = DIRECTION('',(0.,0.,-1.));
#3238 = DIRECTION('',(1.,0.,0.));
#3239 = ( GEOMETRIC_REPRESENTATION_CONTEXT(3) 
GLOBAL_UNCERTAINTY_ASSIGNED_CONTEXT((#3243)) 
GLOBAL_UNIT_ASSIGNED_CONTEXT((#3240,#3241,#3242)) REPRESENTATION_CONTEXT
('Context #1','3D Context with UNIT and UNCERTAINTY') );
#3240 = ( LENGTH_UNIT() NAMED_UNIT(*) SI_UNIT(.MILLI.,.METRE.) );
#3241 = ( NAMED_UNIT(*) PLANE_ANGLE_UNIT() SI_UNIT($,.RADIAN.) );
#3242 = ( NAMED_UNIT(*) SI_UNIT($,.STERADIAN.) SOLID_ANGLE_UNIT() );
#3243 = UNCERTAINTY_MEASURE_WITH_UNIT(LENGTH_MEASURE(1.E-07),#3240,
  'distance_accuracy_value','confusion accuracy');
#3244 = CONTEXT_DEPENDENT_SHAPE_REPRESENTATION(#3245,#3247);
#3245 = ( REPRESENTATION_RELATIONSHIP('','',#3230,#32) 
REPRESENTATION_RELATIONSHIP_WITH_TRANSFORMATION(#3246) 
SHAPE_REPRESENTATION_RELATIONSHIP() );
#3246 = ITEM_DEFINED_TRANSFORMATION('','',#11,#237);
#3247 = PRODUCT_DEFINITION_SHAPE('Placement','Placement of an item',
  #3248);
#3248 = NEXT_ASSEMBLY_USAGE_OCCURRENCE('2757','1039931_IAM_088','',#27,
  #3225,$);
#3249 = PRODUCT_RELATED_PRODUCT_CATEGORY('part',$,(#3227));
#3250 = CONTEXT_DEPENDENT_SHAPE_REPRESENTATION(#3251,#3253);
#3251 = ( REPRESENTATION_RELATIONSHIP('','',#1351,#3230) 
REPRESENTATION_RELATIONSHIP_WITH_TRANSFORMATION(#3252) 
SHAPE_REPRESENTATION_RELATIONSHIP() );
#3252 = ITEM_DEFINED_TRANSFORMATION('','',#11,#3231);
#3253 = PRODUCT_DEFINITION_SHAPE('Placement','Placement of an item',
  #3254);
#3254 = NEXT_ASSEMBLY_USAGE_OCCURRENCE('2755','1039929_IPT_088','',#3225
  ,#1346,$);
#3255 = CONTEXT_DEPENDENT_SHAPE_REPRESENTATION(#3256,#3258);
#3256 = ( REPRESENTATION_RELATIONSHIP('','',#1784,#3230) 
REPRESENTATION_RELATIONSHIP_WITH_TRANSFORMATION(#3257) 
SHAPE_REPRESENTATION_RELATIONSHIP() );
#3257 = ITEM_DEFINED_TRANSFORMATION('','',#11,#3235);
#3258 = PRODUCT_DEFINITION_SHAPE('Placement','Placement of an item',
  #3259);
#3259 = NEXT_ASSEMBLY_USAGE_OCCURRENCE('2756','1039930_IPT_088','',#3225
  ,#1779,$);
#3260 = CONTEXT_DEPENDENT_SHAPE_REPRESENTATION(#3261,#3263);
#3261 = ( REPRESENTATION_RELATIONSHIP('','',#299,#32) 
REPRESENTATION_RELATIONSHIP_WITH_TRANSFORMATION(#3262) 
SHAPE_REPRESENTATION_RELATIONSHIP() );
#3262 = ITEM_DEFINED_TRANSFORMATION('','',#11,#241);
#3263 = PRODUCT_DEFINITION_SHAPE('Placement','Placement of an item',
  #3264);
#3264 = NEXT_ASSEMBLY_USAGE_OCCURRENCE('2758','F1000S1120M007B089','',
  #27,#294,$);
#3265 = SHAPE_DEFINITION_REPRESENTATION(#3266,#3272);
#3266 = PRODUCT_DEFINITION_SHAPE('','',#3267);
#3267 = PRODUCT_DEFINITION('design','',#3268,#3271);
#3268 = PRODUCT_DEFINITION_FORMATION('','',#3269);
#3269 = PRODUCT('1039931_IAM_089','1039931_IAM_089','',(#3270));
#3270 = PRODUCT_CONTEXT('',#2,'mechanical');
#3271 = PRODUCT_DEFINITION_CONTEXT('part definition',#2,'design');
#3272 = SHAPE_REPRESENTATION('',(#11,#3273,#3277),#3281);
#3273 = AXIS2_PLACEMENT_3D('',#3274,#3275,#3276);
#3274 = CARTESIAN_POINT('',(0.,0.,0.));
#3275 = DIRECTION('',(0.,0.,1.));
#3276 = DIRECTION('',(1.,0.,0.));
#3277 = AXIS2_PLACEMENT_3D('',#3278,#3279,#3280);
#3278 = CARTESIAN_POINT('',(-4.51028103754E-16,0.574523821802,0.));
#3279 = DIRECTION('',(0.,0.,-1.));
#3280 = DIRECTION('',(1.,0.,0.));
#3281 = ( GEOMETRIC_REPRESENTATION_CONTEXT(3) 
GLOBAL_UNCERTAINTY_ASSIGNED_CONTEXT((#3285)) 
GLOBAL_UNIT_ASSIGNED_CONTEXT((#3282,#3283,#3284)) REPRESENTATION_CONTEXT
('Context #1','3D Context with UNIT and UNCERTAINTY') );
#3282 = ( LENGTH_UNIT() NAMED_UNIT(*) SI_UNIT(.MILLI.,.METRE.) );
#3283 = ( NAMED_UNIT(*) PLANE_ANGLE_UNIT() SI_UNIT($,.RADIAN.) );
#3284 = ( NAMED_UNIT(*) SI_UNIT($,.STERADIAN.) SOLID_ANGLE_UNIT() );
#3285 = UNCERTAINTY_MEASURE_WITH_UNIT(LENGTH_MEASURE(1.E-07),#3282,
  'distance_accuracy_value','confusion accuracy');
#3286 = CONTEXT_DEPENDENT_SHAPE_REPRESENTATION(#3287,#3289);
#3287 = ( REPRESENTATION_RELATIONSHIP('','',#3272,#32) 
REPRESENTATION_RELATIONSHIP_WITH_TRANSFORMATION(#3288) 
SHAPE_REPRESENTATION_RELATIONSHIP() );
#3288 = ITEM_DEFINED_TRANSFORMATION('','',#11,#245);
#3289 = PRODUCT_DEFINITION_SHAPE('Placement','Placement of an item',
  #3290);
#3290 = NEXT_ASSEMBLY_USAGE_OCCURRENCE('2761','1039931_IAM_089','',#27,
  #3267,$);
#3291 = PRODUCT_RELATED_PRODUCT_CATEGORY('part',$,(#3269));
#3292 = CONTEXT_DEPENDENT_SHAPE_REPRESENTATION(#3293,#3295);
#3293 = ( REPRESENTATION_RELATIONSHIP('','',#1351,#3272) 
REPRESENTATION_RELATIONSHIP_WITH_TRANSFORMATION(#3294) 
SHAPE_REPRESENTATION_RELATIONSHIP() );
#3294 = ITEM_DEFINED_TRANSFORMATION('','',#11,#3273);
#3295 = PRODUCT_DEFINITION_SHAPE('Placement','Placement of an item',
  #3296);
#3296 = NEXT_ASSEMBLY_USAGE_OCCURRENCE('2759','1039929_IPT_089','',#3267
  ,#1346,$);
#3297 = CONTEXT_DEPENDENT_SHAPE_REPRESENTATION(#3298,#3300);
#3298 = ( REPRESENTATION_RELATIONSHIP('','',#1784,#3272) 
REPRESENTATION_RELATIONSHIP_WITH_TRANSFORMATION(#3299) 
SHAPE_REPRESENTATION_RELATIONSHIP() );
#3299 = ITEM_DEFINED_TRANSFORMATION('','',#11,#3277);
#3300 = PRODUCT_DEFINITION_SHAPE('Placement','Placement of an item',
  #3301);
#3301 = NEXT_ASSEMBLY_USAGE_OCCURRENCE('2760','1039930_IPT_089','',#3267
  ,#1779,$);
#3302 = CONTEXT_DEPENDENT_SHAPE_REPRESENTATION(#3303,#3305);
#3303 = ( REPRESENTATION_RELATIONSHIP('','',#299,#32) 
REPRESENTATION_RELATIONSHIP_WITH_TRANSFORMATION(#3304) 
SHAPE_REPRESENTATION_RELATIONSHIP() );
#3304 = ITEM_DEFINED_TRANSFORMATION('','',#11,#249);
#3305 = PRODUCT_DEFINITION_SHAPE('Placement','Placement of an item',
  #3306);
#3306 = NEXT_ASSEMBLY_USAGE_OCCURRENCE('2762','F1000S1120M007B090','',
  #27,#294,$);
#3307 = SHAPE_DEFINITION_REPRESENTATION(#3308,#3314);
#3308 = PRODUCT_DEFINITION_SHAPE('','',#3309);
#3309 = PRODUCT_DEFINITION('design','',#3310,#3313);
#3310 = PRODUCT_DEFINITION_FORMATION('','',#3311);
#3311 = PRODUCT('1039931_IAM_090','1039931_IAM_090','',(#3312));
#3312 = PRODUCT_CONTEXT('',#2,'mechanical');
#3313 = PRODUCT_DEFINITION_CONTEXT('part definition',#2,'design');
#3314 = SHAPE_REPRESENTATION('',(#11,#3315,#3319),#3323);
#3315 = AXIS2_PLACEMENT_3D('',#3316,#3317,#3318);
#3316 = CARTESIAN_POINT('',(0.,0.,0.));
#3317 = DIRECTION('',(0.,0.,1.));
#3318 = DIRECTION('',(1.,0.,0.));
#3319 = AXIS2_PLACEMENT_3D('',#3320,#3321,#3322);
#3320 = CARTESIAN_POINT('',(-4.51028103754E-16,0.574523821802,0.));
#3321 = DIRECTION('',(0.,0.,-1.));
#3322 = DIRECTION('',(1.,0.,0.));
#3323 = ( GEOMETRIC_REPRESENTATION_CONTEXT(3) 
GLOBAL_UNCERTAINTY_ASSIGNED_CONTEXT((#3327)) 
GLOBAL_UNIT_ASSIGNED_CONTEXT((#3324,#3325,#3326)) REPRESENTATION_CONTEXT
('Context #1','3D Context with UNIT and UNCERTAINTY') );
#3324 = ( LENGTH_UNIT() NAMED_UNIT(*) SI_UNIT(.MILLI.,.METRE.) );
#3325 = ( NAMED_UNIT(*) PLANE_ANGLE_UNIT() SI_UNIT($,.RADIAN.) );
#3326 = ( NAMED_UNIT(*) SI_UNIT($,.STERADIAN.) SOLID_ANGLE_UNIT() );
#3327 = UNCERTAINTY_MEASURE_WITH_UNIT(LENGTH_MEASURE(1.E-07),#3324,
  'distance_accuracy_value','confusion accuracy');
#3328 = CONTEXT_DEPENDENT_SHAPE_REPRESENTATION(#3329,#3331);
#3329 = ( REPRESENTATION_RELATIONSHIP('','',#3314,#32) 
REPRESENTATION_RELATIONSHIP_WITH_TRANSFORMATION(#3330) 
SHAPE_REPRESENTATION_RELATIONSHIP() );
#3330 = ITEM_DEFINED_TRANSFORMATION('','',#11,#253);
#3331 = PRODUCT_DEFINITION_SHAPE('Placement','Placement of an item',
  #3332);
#3332 = NEXT_ASSEMBLY_USAGE_OCCURRENCE('2765','1039931_IAM_090','',#27,
  #3309,$);
#3333 = PRODUCT_RELATED_PRODUCT_CATEGORY('part',$,(#3311));
#3334 = CONTEXT_DEPENDENT_SHAPE_REPRESENTATION(#3335,#3337);
#3335 = ( REPRESENTATION_RELATIONSHIP('','',#1351,#3314) 
REPRESENTATION_RELATIONSHIP_WITH_TRANSFORMATION(#3336) 
SHAPE_REPRESENTATION_RELATIONSHIP() );
#3336 = ITEM_DEFINED_TRANSFORMATION('','',#11,#3315);
#3337 = PRODUCT_DEFINITION_SHAPE('Placement','Placement of an item',
  #3338);
#3338 = NEXT_ASSEMBLY_USAGE_OCCURRENCE('2763','1039929_IPT_090','',#3309
  ,#1346,$);
#3339 = CONTEXT_DEPENDENT_SHAPE_REPRESENTATION(#3340,#3342);
#3340 = ( REPRESENTATION_RELATIONSHIP('','',#1784,#3314) 
REPRESENTATION_RELATIONSHIP_WITH_TRANSFORMATION(#3341) 
SHAPE_REPRESENTATION_RELATIONSHIP() );
#3341 = ITEM_DEFINED_TRANSFORMATION('','',#11,#3319);
#3342 = PRODUCT_DEFINITION_SHAPE('Placement','Placement of an item',
  #3343);
#3343 = NEXT_ASSEMBLY_USAGE_OCCURRENCE('2764','1039930_IPT_090','',#3309
  ,#1779,$);
#3344 = CONTEXT_DEPENDENT_SHAPE_REPRESENTATION(#3345,#3347);
#3345 = ( REPRESENTATION_RELATIONSHIP('','',#299,#32) 
REPRESENTATION_RELATIONSHIP_WITH_TRANSFORMATION(#3346) 
SHAPE_REPRESENTATION_RELATIONSHIP() );
#3346 = ITEM_DEFINED_TRANSFORMATION('','',#11,#257);
#3347 = PRODUCT_DEFINITION_SHAPE('Placement','Placement of an item',
  #3348);
#3348 = NEXT_ASSEMBLY_USAGE_OCCURRENCE('2766','F1000S1120M007B091','',
  #27,#294,$);
#3349 = SHAPE_DEFINITION_REPRESENTATION(#3350,#3356);
#3350 = PRODUCT_DEFINITION_SHAPE('','',#3351);
#3351 = PRODUCT_DEFINITION('design','',#3352,#3355);
#3352 = PRODUCT_DEFINITION_FORMATION('','',#3353);
#3353 = PRODUCT('1039931_IAM_091','1039931_IAM_091','',(#3354));
#3354 = PRODUCT_CONTEXT('',#2,'mechanical');
#3355 = PRODUCT_DEFINITION_CONTEXT('part definition',#2,'design');
#3356 = SHAPE_REPRESENTATION('',(#11,#3357,#3361),#3365);
#3357 = AXIS2_PLACEMENT_3D('',#3358,#3359,#3360);
#3358 = CARTESIAN_POINT('',(0.,0.,0.));
#3359 = DIRECTION('',(0.,0.,1.));
#3360 = DIRECTION('',(1.,0.,0.));
#3361 = AXIS2_PLACEMENT_3D('',#3362,#3363,#3364);
#3362 = CARTESIAN_POINT('',(-4.51028103754E-16,0.574523821802,0.));
#3363 = DIRECTION('',(0.,0.,-1.));
#3364 = DIRECTION('',(1.,0.,0.));
#3365 = ( GEOMETRIC_REPRESENTATION_CONTEXT(3) 
GLOBAL_UNCERTAINTY_ASSIGNED_CONTEXT((#3369)) 
GLOBAL_UNIT_ASSIGNED_CONTEXT((#3366,#3367,#3368)) REPRESENTATION_CONTEXT
('Context #1','3D Context with UNIT and UNCERTAINTY') );
#3366 = ( LENGTH_UNIT() NAMED_UNIT(*) SI_UNIT(.MILLI.,.METRE.) );
#3367 = ( NAMED_UNIT(*) PLANE_ANGLE_UNIT() SI_UNIT($,.RADIAN.) );
#3368 = ( NAMED_UNIT(*) SI_UNIT($,.STERADIAN.) SOLID_ANGLE_UNIT() );
#3369 = UNCERTAINTY_MEASURE_WITH_UNIT(LENGTH_MEASURE(1.E-07),#3366,
  'distance_accuracy_value','confusion accuracy');
#3370 = CONTEXT_DEPENDENT_SHAPE_REPRESENTATION(#3371,#3373);
#3371 = ( REPRESENTATION_RELATIONSHIP('','',#3356,#32) 
REPRESENTATION_RELATIONSHIP_WITH_TRANSFORMATION(#3372) 
SHAPE_REPRESENTATION_RELATIONSHIP() );
#3372 = ITEM_DEFINED_TRANSFORMATION('','',#11,#261);
#3373 = PRODUCT_DEFINITION_SHAPE('Placement','Placement of an item',
  #3374);
#3374 = NEXT_ASSEMBLY_USAGE_OCCURRENCE('2769','1039931_IAM_091','',#27,
  #3351,$);
#3375 = PRODUCT_RELATED_PRODUCT_CATEGORY('part',$,(#3353));
#3376 = CONTEXT_DEPENDENT_SHAPE_REPRESENTATION(#3377,#3379);
#3377 = ( REPRESENTATION_RELATIONSHIP('','',#1351,#3356) 
REPRESENTATION_RELATIONSHIP_WITH_TRANSFORMATION(#3378) 
SHAPE_REPRESENTATION_RELATIONSHIP() );
#3378 = ITEM_DEFINED_TRANSFORMATION('','',#11,#3357);
#3379 = PRODUCT_DEFINITION_SHAPE('Placement','Placement of an item',
  #3380);
#3380 = NEXT_ASSEMBLY_USAGE_OCCURRENCE('2767','1039929_IPT_091','',#3351
  ,#1346,$);
#3381 = CONTEXT_DEPENDENT_SHAPE_REPRESENTATION(#3382,#3384);
#3382 = ( REPRESENTATION_RELATIONSHIP('','',#1784,#3356) 
REPRESENTATION_RELATIONSHIP_WITH_TRANSFORMATION(#3383) 
SHAPE_REPRESENTATION_RELATIONSHIP() );
#3383 = ITEM_DEFINED_TRANSFORMATION('','',#11,#3361);
#3384 = PRODUCT_DEFINITION_SHAPE('Placement','Placement of an item',
  #3385);
#3385 = NEXT_ASSEMBLY_USAGE_OCCURRENCE('2768','1039930_IPT_091','',#3351
  ,#1779,$);
#3386 = CONTEXT_DEPENDENT_SHAPE_REPRESENTATION(#3387,#3389);
#3387 = ( REPRESENTATION_RELATIONSHIP('','',#299,#32) 
REPRESENTATION_RELATIONSHIP_WITH_TRANSFORMATION(#3388) 
SHAPE_REPRESENTATION_RELATIONSHIP() );
#3388 = ITEM_DEFINED_TRANSFORMATION('','',#11,#265);
#3389 = PRODUCT_DEFINITION_SHAPE('Placement','Placement of an item',
  #3390);
#3390 = NEXT_ASSEMBLY_USAGE_OCCURRENCE('2770','F1000S1120M007B092','',
  #27,#294,$);
#3391 = SHAPE_DEFINITION_REPRESENTATION(#3392,#3398);
#3392 = PRODUCT_DEFINITION_SHAPE('','',#3393);
#3393 = PRODUCT_DEFINITION('design','',#3394,#3397);
#3394 = PRODUCT_DEFINITION_FORMATION('','',#3395);
#3395 = PRODUCT('1039931_IAM_092','1039931_IAM_092','',(#3396));
#3396 = PRODUCT_CONTEXT('',#2,'mechanical');
#3397 = PRODUCT_DEFINITION_CONTEXT('part definition',#2,'design');
#3398 = SHAPE_REPRESENTATION('',(#11,#3399,#3403),#3407);
#3399 = AXIS2_PLACEMENT_3D('',#3400,#3401,#3402);
#3400 = CARTESIAN_POINT('',(0.,0.,0.));
#3401 = DIRECTION('',(0.,0.,1.));
#3402 = DIRECTION('',(1.,0.,0.));
#3403 = AXIS2_PLACEMENT_3D('',#3404,#3405,#3406);
#3404 = CARTESIAN_POINT('',(-4.51028103754E-16,0.574523821802,0.));
#3405 = DIRECTION('',(0.,0.,-1.));
#3406 = DIRECTION('',(1.,0.,0.));
#3407 = ( GEOMETRIC_REPRESENTATION_CONTEXT(3) 
GLOBAL_UNCERTAINTY_ASSIGNED_CONTEXT((#3411)) 
GLOBAL_UNIT_ASSIGNED_CONTEXT((#3408,#3409,#3410)) REPRESENTATION_CONTEXT
('Context #1','3D Context with UNIT and UNCERTAINTY') );
#3408 = ( LENGTH_UNIT() NAMED_UNIT(*) SI_UNIT(.MILLI.,.METRE.) );
#3409 = ( NAMED_UNIT(*) PLANE_ANGLE_UNIT() SI_UNIT($,.RADIAN.) );
#3410 = ( NAMED_UNIT(*) SI_UNIT($,.STERADIAN.) SOLID_ANGLE_UNIT() );
#3411 = UNCERTAINTY_MEASURE_WITH_UNIT(LENGTH_MEASURE(1.E-07),#3408,
  'distance_accuracy_value','confusion accuracy');
#3412 = CONTEXT_DEPENDENT_SHAPE_REPRESENTATION(#3413,#3415);
#3413 = ( REPRESENTATION_RELATIONSHIP('','',#3398,#32) 
REPRESENTATION_RELATIONSHIP_WITH_TRANSFORMATION(#3414) 
SHAPE_REPRESENTATION_RELATIONSHIP() );
#3414 = ITEM_DEFINED_TRANSFORMATION('','',#11,#269);
#3415 = PRODUCT_DEFINITION_SHAPE('Placement','Placement of an item',
  #3416);
#3416 = NEXT_ASSEMBLY_USAGE_OCCURRENCE('2773','1039931_IAM_092','',#27,
  #3393,$);
#3417 = PRODUCT_RELATED_PRODUCT_CATEGORY('part',$,(#3395));
#3418 = CONTEXT_DEPENDENT_SHAPE_REPRESENTATION(#3419,#3421);
#3419 = ( REPRESENTATION_RELATIONSHIP('','',#1351,#3398) 
REPRESENTATION_RELATIONSHIP_WITH_TRANSFORMATION(#3420) 
SHAPE_REPRESENTATION_RELATIONSHIP() );
#3420 = ITEM_DEFINED_TRANSFORMATION('','',#11,#3399);
#3421 = PRODUCT_DEFINITION_SHAPE('Placement','Placement of an item',
  #3422);
#3422 = NEXT_ASSEMBLY_USAGE_OCCURRENCE('2771','1039929_IPT_092','',#3393
  ,#1346,$);
#3423 = CONTEXT_DEPENDENT_SHAPE_REPRESENTATION(#3424,#3426);
#3424 = ( REPRESENTATION_RELATIONSHIP('','',#1784,#3398) 
REPRESENTATION_RELATIONSHIP_WITH_TRANSFORMATION(#3425) 
SHAPE_REPRESENTATION_RELATIONSHIP() );
#3425 = ITEM_DEFINED_TRANSFORMATION('','',#11,#3403);
#3426 = PRODUCT_DEFINITION_SHAPE('Placement','Placement of an item',
  #3427);
#3427 = NEXT_ASSEMBLY_USAGE_OCCURRENCE('2772','1039930_IPT_092','',#3393
  ,#1779,$);
#3428 = CONTEXT_DEPENDENT_SHAPE_REPRESENTATION(#3429,#3431);
#3429 = ( REPRESENTATION_RELATIONSHIP('','',#299,#32) 
REPRESENTATION_RELATIONSHIP_WITH_TRANSFORMATION(#3430) 
SHAPE_REPRESENTATION_RELATIONSHIP() );
#3430 = ITEM_DEFINED_TRANSFORMATION('','',#11,#273);
#3431 = PRODUCT_DEFINITION_SHAPE('Placement','Placement of an item',
  #3432);
#3432 = NEXT_ASSEMBLY_USAGE_OCCURRENCE('2774','F1000S1120M007B093','',
  #27,#294,$);
#3433 = SHAPE_DEFINITION_REPRESENTATION(#3434,#3440);
#3434 = PRODUCT_DEFINITION_SHAPE('','',#3435);
#3435 = PRODUCT_DEFINITION('design','',#3436,#3439);
#3436 = PRODUCT_DEFINITION_FORMATION('','',#3437);
#3437 = PRODUCT('1039931_IAM_093','1039931_IAM_093','',(#3438));
#3438 = PRODUCT_CONTEXT('',#2,'mechanical');
#3439 = PRODUCT_DEFINITION_CONTEXT('part definition',#2,'design');
#3440 = SHAPE_REPRESENTATION('',(#11,#3441,#3445),#3449);
#3441 = AXIS2_PLACEMENT_3D('',#3442,#3443,#3444);
#3442 = CARTESIAN_POINT('',(0.,0.,0.));
#3443 = DIRECTION('',(0.,0.,1.));
#3444 = DIRECTION('',(1.,0.,0.));
#3445 = AXIS2_PLACEMENT_3D('',#3446,#3447,#3448);
#3446 = CARTESIAN_POINT('',(-4.51028103754E-16,0.574523821802,0.));
#3447 = DIRECTION('',(0.,0.,-1.));
#3448 = DIRECTION('',(1.,0.,0.));
#3449 = ( GEOMETRIC_REPRESENTATION_CONTEXT(3) 
GLOBAL_UNCERTAINTY_ASSIGNED_CONTEXT((#3453)) 
GLOBAL_UNIT_ASSIGNED_CONTEXT((#3450,#3451,#3452)) REPRESENTATION_CONTEXT
('Context #1','3D Context with UNIT and UNCERTAINTY') );
#3450 = ( LENGTH_UNIT() NAMED_UNIT(*) SI_UNIT(.MILLI.,.METRE.) );
#3451 = ( NAMED_UNIT(*) PLANE_ANGLE_UNIT() SI_UNIT($,.RADIAN.) );
#3452 = ( NAMED_UNIT(*) SI_UNIT($,.STERADIAN.) SOLID_ANGLE_UNIT() );
#3453 = UNCERTAINTY_MEASURE_WITH_UNIT(LENGTH_MEASURE(1.E-07),#3450,
  'distance_accuracy_value','confusion accuracy');
#3454 = CONTEXT_DEPENDENT_SHAPE_REPRESENTATION(#3455,#3457);
#3455 = ( REPRESENTATION_RELATIONSHIP('','',#3440,#32) 
REPRESENTATION_RELATIONSHIP_WITH_TRANSFORMATION(#3456) 
SHAPE_REPRESENTATION_RELATIONSHIP() );
#3456 = ITEM_DEFINED_TRANSFORMATION('','',#11,#277);
#3457 = PRODUCT_DEFINITION_SHAPE('Placement','Placement of an item',
  #3458);
#3458 = NEXT_ASSEMBLY_USAGE_OCCURRENCE('2777','1039931_IAM_093','',#27,
  #3435,$);
#3459 = PRODUCT_RELATED_PRODUCT_CATEGORY('part',$,(#3437));
#3460 = CONTEXT_DEPENDENT_SHAPE_REPRESENTATION(#3461,#3463);
#3461 = ( REPRESENTATION_RELATIONSHIP('','',#1351,#3440) 
REPRESENTATION_RELATIONSHIP_WITH_TRANSFORMATION(#3462) 
SHAPE_REPRESENTATION_RELATIONSHIP() );
#3462 = ITEM_DEFINED_TRANSFORMATION('','',#11,#3441);
#3463 = PRODUCT_DEFINITION_SHAPE('Placement','Placement of an item',
  #3464);
#3464 = NEXT_ASSEMBLY_USAGE_OCCURRENCE('2775','1039929_IPT_093','',#3435
  ,#1346,$);
#3465 = CONTEXT_DEPENDENT_SHAPE_REPRESENTATION(#3466,#3468);
#3466 = ( REPRESENTATION_RELATIONSHIP('','',#1784,#3440) 
REPRESENTATION_RELATIONSHIP_WITH_TRANSFORMATION(#3467) 
SHAPE_REPRESENTATION_RELATIONSHIP() );
#3467 = ITEM_DEFINED_TRANSFORMATION('','',#11,#3445);
#3468 = PRODUCT_DEFINITION_SHAPE('Placement','Placement of an item',
  #3469);
#3469 = NEXT_ASSEMBLY_USAGE_OCCURRENCE('2776','1039930_IPT_093','',#3435
  ,#1779,$);
#3470 = SHAPE_DEFINITION_REPRESENTATION(#2213,#3471);
#3471 = SHAPE_REPRESENTATION('',(#41),#1306);
#3472 = SHAPE_DEFINITION_REPRESENTATION(#2245,#3473);
#3473 = SHAPE_REPRESENTATION('',(#2223),#1766);
#3474 = SHAPE_DEFINITION_REPRESENTATION(#2250,#3475);
#3475 = SHAPE_REPRESENTATION('',(#2227),#2199);
#3476 = SHAPE_DEFINITION_REPRESENTATION(#2245,#3477);
#3477 = SHAPE_REPRESENTATION('',(#2223),#1766);
#3478 = SHAPE_DEFINITION_REPRESENTATION(#2250,#3479);
#3479 = SHAPE_REPRESENTATION('',(#2227),#2199);
#3480 = SHAPE_DEFINITION_REPRESENTATION(#2255,#3481);
#3481 = SHAPE_REPRESENTATION('',(#49),#1306);
#3482 = SHAPE_DEFINITION_REPRESENTATION(#2287,#3483);
#3483 = SHAPE_REPRESENTATION('',(#2265),#1766);
#3484 = SHAPE_DEFINITION_REPRESENTATION(#2292,#3485);
#3485 = SHAPE_REPRESENTATION('',(#2269),#2199);
#3486 = SHAPE_DEFINITION_REPRESENTATION(#2287,#3487);
#3487 = SHAPE_REPRESENTATION('',(#2265),#1766);
#3488 = SHAPE_DEFINITION_REPRESENTATION(#2292,#3489);
#3489 = SHAPE_REPRESENTATION('',(#2269),#2199);
#3490 = SHAPE_DEFINITION_REPRESENTATION(#2297,#3491);
#3491 = SHAPE_REPRESENTATION('',(#57),#1306);
#3492 = SHAPE_DEFINITION_REPRESENTATION(#2329,#3493);
#3493 = SHAPE_REPRESENTATION('',(#2307),#1766);
#3494 = SHAPE_DEFINITION_REPRESENTATION(#2334,#3495);
#3495 = SHAPE_REPRESENTATION('',(#2311),#2199);
#3496 = SHAPE_DEFINITION_REPRESENTATION(#2329,#3497);
#3497 = SHAPE_REPRESENTATION('',(#2307),#1766);
#3498 = SHAPE_DEFINITION_REPRESENTATION(#2334,#3499);
#3499 = SHAPE_REPRESENTATION('',(#2311),#2199);
#3500 = SHAPE_DEFINITION_REPRESENTATION(#2339,#3501);
#3501 = SHAPE_REPRESENTATION('',(#65),#1306);
#3502 = SHAPE_DEFINITION_REPRESENTATION(#2371,#3503);
#3503 = SHAPE_REPRESENTATION('',(#2349),#1766);
#3504 = SHAPE_DEFINITION_REPRESENTATION(#2376,#3505);
#3505 = SHAPE_REPRESENTATION('',(#2353),#2199);
#3506 = SHAPE_DEFINITION_REPRESENTATION(#2371,#3507);
#3507 = SHAPE_REPRESENTATION('',(#2349),#1766);
#3508 = SHAPE_DEFINITION_REPRESENTATION(#2376,#3509);
#3509 = SHAPE_REPRESENTATION('',(#2353),#2199);
#3510 = SHAPE_DEFINITION_REPRESENTATION(#2381,#3511);
#3511 = SHAPE_REPRESENTATION('',(#73),#1306);
#3512 = SHAPE_DEFINITION_REPRESENTATION(#2413,#3513);
#3513 = SHAPE_REPRESENTATION('',(#2391),#1766);
#3514 = SHAPE_DEFINITION_REPRESENTATION(#2418,#3515);
#3515 = SHAPE_REPRESENTATION('',(#2395),#2199);
#3516 = SHAPE_DEFINITION_REPRESENTATION(#2413,#3517);
#3517 = SHAPE_REPRESENTATION('',(#2391),#1766);
#3518 = SHAPE_DEFINITION_REPRESENTATION(#2418,#3519);
#3519 = SHAPE_REPRESENTATION('',(#2395),#2199);
#3520 = SHAPE_DEFINITION_REPRESENTATION(#2423,#3521);
#3521 = SHAPE_REPRESENTATION('',(#81),#1306);
#3522 = SHAPE_DEFINITION_REPRESENTATION(#2455,#3523);
#3523 = SHAPE_REPRESENTATION('',(#2433),#1766);
#3524 = SHAPE_DEFINITION_REPRESENTATION(#2460,#3525);
#3525 = SHAPE_REPRESENTATION('',(#2437),#2199);
#3526 = SHAPE_DEFINITION_REPRESENTATION(#2455,#3527);
#3527 = SHAPE_REPRESENTATION('',(#2433),#1766);
#3528 = SHAPE_DEFINITION_REPRESENTATION(#2460,#3529);
#3529 = SHAPE_REPRESENTATION('',(#2437),#2199);
#3530 = SHAPE_DEFINITION_REPRESENTATION(#2465,#3531);
#3531 = SHAPE_REPRESENTATION('',(#89),#1306);
#3532 = SHAPE_DEFINITION_REPRESENTATION(#2497,#3533);
#3533 = SHAPE_REPRESENTATION('',(#2475),#1766);
#3534 = SHAPE_DEFINITION_REPRESENTATION(#2502,#3535);
#3535 = SHAPE_REPRESENTATION('',(#2479),#2199);
#3536 = SHAPE_DEFINITION_REPRESENTATION(#2497,#3537);
#3537 = SHAPE_REPRESENTATION('',(#2475),#1766);
#3538 = SHAPE_DEFINITION_REPRESENTATION(#2502,#3539);
#3539 = SHAPE_REPRESENTATION('',(#2479),#2199);
#3540 = SHAPE_DEFINITION_REPRESENTATION(#2507,#3541);
#3541 = SHAPE_REPRESENTATION('',(#97),#1306);
#3542 = SHAPE_DEFINITION_REPRESENTATION(#2539,#3543);
#3543 = SHAPE_REPRESENTATION('',(#2517),#1766);
#3544 = SHAPE_DEFINITION_REPRESENTATION(#2544,#3545);
#3545 = SHAPE_REPRESENTATION('',(#2521),#2199);
#3546 = SHAPE_DEFINITION_REPRESENTATION(#2539,#3547);
#3547 = SHAPE_REPRESENTATION('',(#2517),#1766);
#3548 = SHAPE_DEFINITION_REPRESENTATION(#2544,#3549);
#3549 = SHAPE_REPRESENTATION('',(#2521),#2199);
#3550 = SHAPE_DEFINITION_REPRESENTATION(#2549,#3551);
#3551 = SHAPE_REPRESENTATION('',(#105),#1306);
#3552 = SHAPE_DEFINITION_REPRESENTATION(#2581,#3553);
#3553 = SHAPE_REPRESENTATION('',(#2559),#1766);
#3554 = SHAPE_DEFINITION_REPRESENTATION(#2586,#3555);
#3555 = SHAPE_REPRESENTATION('',(#2563),#2199);
#3556 = SHAPE_DEFINITION_REPRESENTATION(#2581,#3557);
#3557 = SHAPE_REPRESENTATION('',(#2559),#1766);
#3558 = SHAPE_DEFINITION_REPRESENTATION(#2586,#3559);
#3559 = SHAPE_REPRESENTATION('',(#2563),#2199);
#3560 = SHAPE_DEFINITION_REPRESENTATION(#2591,#3561);
#3561 = SHAPE_REPRESENTATION('',(#113),#1306);
#3562 = SHAPE_DEFINITION_REPRESENTATION(#2623,#3563);
#3563 = SHAPE_REPRESENTATION('',(#2601),#1766);
#3564 = SHAPE_DEFINITION_REPRESENTATION(#2628,#3565);
#3565 = SHAPE_REPRESENTATION('',(#2605),#2199);
#3566 = SHAPE_DEFINITION_REPRESENTATION(#2623,#3567);
#3567 = SHAPE_REPRESENTATION('',(#2601),#1766);
#3568 = SHAPE_DEFINITION_REPRESENTATION(#2628,#3569);
#3569 = SHAPE_REPRESENTATION('',(#2605),#2199);
#3570 = SHAPE_DEFINITION_REPRESENTATION(#2633,#3571);
#3571 = SHAPE_REPRESENTATION('',(#121),#1306);
#3572 = SHAPE_DEFINITION_REPRESENTATION(#2665,#3573);
#3573 = SHAPE_REPRESENTATION('',(#2643),#1766);
#3574 = SHAPE_DEFINITION_REPRESENTATION(#2670,#3575);
#3575 = SHAPE_REPRESENTATION('',(#2647),#2199);
#3576 = SHAPE_DEFINITION_REPRESENTATION(#2665,#3577);
#3577 = SHAPE_REPRESENTATION('',(#2643),#1766);
#3578 = SHAPE_DEFINITION_REPRESENTATION(#2670,#3579);
#3579 = SHAPE_REPRESENTATION('',(#2647),#2199);
#3580 = SHAPE_DEFINITION_REPRESENTATION(#2675,#3581);
#3581 = SHAPE_REPRESENTATION('',(#129),#1306);
#3582 = SHAPE_DEFINITION_REPRESENTATION(#2707,#3583);
#3583 = SHAPE_REPRESENTATION('',(#2685),#1766);
#3584 = SHAPE_DEFINITION_REPRESENTATION(#2712,#3585);
#3585 = SHAPE_REPRESENTATION('',(#2689),#2199);
#3586 = SHAPE_DEFINITION_REPRESENTATION(#2707,#3587);
#3587 = SHAPE_REPRESENTATION('',(#2685),#1766);
#3588 = SHAPE_DEFINITION_REPRESENTATION(#2712,#3589);
#3589 = SHAPE_REPRESENTATION('',(#2689),#2199);
#3590 = SHAPE_DEFINITION_REPRESENTATION(#2717,#3591);
#3591 = SHAPE_REPRESENTATION('',(#137),#1306);
#3592 = SHAPE_DEFINITION_REPRESENTATION(#2749,#3593);
#3593 = SHAPE_REPRESENTATION('',(#2727),#1766);
#3594 = SHAPE_DEFINITION_REPRESENTATION(#2754,#3595);
#3595 = SHAPE_REPRESENTATION('',(#2731),#2199);
#3596 = SHAPE_DEFINITION_REPRESENTATION(#2749,#3597);
#3597 = SHAPE_REPRESENTATION('',(#2727),#1766);
#3598 = SHAPE_DEFINITION_REPRESENTATION(#2754,#3599);
#3599 = SHAPE_REPRESENTATION('',(#2731),#2199);
#3600 = SHAPE_DEFINITION_REPRESENTATION(#2759,#3601);
#3601 = SHAPE_REPRESENTATION('',(#145),#1306);
#3602 = SHAPE_DEFINITION_REPRESENTATION(#2791,#3603);
#3603 = SHAPE_REPRESENTATION('',(#2769),#1766);
#3604 = SHAPE_DEFINITION_REPRESENTATION(#2796,#3605);
#3605 = SHAPE_REPRESENTATION('',(#2773),#2199);
#3606 = SHAPE_DEFINITION_REPRESENTATION(#2791,#3607);
#3607 = SHAPE_REPRESENTATION('',(#2769),#1766);
#3608 = SHAPE_DEFINITION_REPRESENTATION(#2796,#3609);
#3609 = SHAPE_REPRESENTATION('',(#2773),#2199);
#3610 = SHAPE_DEFINITION_REPRESENTATION(#2801,#3611);
#3611 = SHAPE_REPRESENTATION('',(#153),#1306);
#3612 = SHAPE_DEFINITION_REPRESENTATION(#2833,#3613);
#3613 = SHAPE_REPRESENTATION('',(#2811),#1766);
#3614 = SHAPE_DEFINITION_REPRESENTATION(#2838,#3615);
#3615 = SHAPE_REPRESENTATION('',(#2815),#2199);
#3616 = SHAPE_DEFINITION_REPRESENTATION(#2833,#3617);
#3617 = SHAPE_REPRESENTATION('',(#2811),#1766);
#3618 = SHAPE_DEFINITION_REPRESENTATION(#2838,#3619);
#3619 = SHAPE_REPRESENTATION('',(#2815),#2199);
#3620 = SHAPE_DEFINITION_REPRESENTATION(#2843,#3621);
#3621 = SHAPE_REPRESENTATION('',(#161),#1306);
#3622 = SHAPE_DEFINITION_REPRESENTATION(#2875,#3623);
#3623 = SHAPE_REPRESENTATION('',(#2853),#1766);
#3624 = SHAPE_DEFINITION_REPRESENTATION(#2880,#3625);
#3625 = SHAPE_REPRESENTATION('',(#2857),#2199);
#3626 = SHAPE_DEFINITION_REPRESENTATION(#2875,#3627);
#3627 = SHAPE_REPRESENTATION('',(#2853),#1766);
#3628 = SHAPE_DEFINITION_REPRESENTATION(#2880,#3629);
#3629 = SHAPE_REPRESENTATION('',(#2857),#2199);
#3630 = SHAPE_DEFINITION_REPRESENTATION(#2885,#3631);
#3631 = SHAPE_REPRESENTATION('',(#169),#1306);
#3632 = SHAPE_DEFINITION_REPRESENTATION(#2917,#3633);
#3633 = SHAPE_REPRESENTATION('',(#2895),#1766);
#3634 = SHAPE_DEFINITION_REPRESENTATION(#2922,#3635);
#3635 = SHAPE_REPRESENTATION('',(#2899),#2199);
#3636 = SHAPE_DEFINITION_REPRESENTATION(#2917,#3637);
#3637 = SHAPE_REPRESENTATION('',(#2895),#1766);
#3638 = SHAPE_DEFINITION_REPRESENTATION(#2922,#3639);
#3639 = SHAPE_REPRESENTATION('',(#2899),#2199);
#3640 = SHAPE_DEFINITION_REPRESENTATION(#2927,#3641);
#3641 = SHAPE_REPRESENTATION('',(#177),#1306);
#3642 = SHAPE_DEFINITION_REPRESENTATION(#2959,#3643);
#3643 = SHAPE_REPRESENTATION('',(#2937),#1766);
#3644 = SHAPE_DEFINITION_REPRESENTATION(#2964,#3645);
#3645 = SHAPE_REPRESENTATION('',(#2941),#2199);
#3646 = SHAPE_DEFINITION_REPRESENTATION(#2959,#3647);
#3647 = SHAPE_REPRESENTATION('',(#2937),#1766);
#3648 = SHAPE_DEFINITION_REPRESENTATION(#2964,#3649);
#3649 = SHAPE_REPRESENTATION('',(#2941),#2199);
#3650 = SHAPE_DEFINITION_REPRESENTATION(#2969,#3651);
#3651 = SHAPE_REPRESENTATION('',(#185),#1306);
#3652 = SHAPE_DEFINITION_REPRESENTATION(#3001,#3653);
#3653 = SHAPE_REPRESENTATION('',(#2979),#1766);
#3654 = SHAPE_DEFINITION_REPRESENTATION(#3006,#3655);
#3655 = SHAPE_REPRESENTATION('',(#2983),#2199);
#3656 = SHAPE_DEFINITION_REPRESENTATION(#3001,#3657);
#3657 = SHAPE_REPRESENTATION('',(#2979),#1766);
#3658 = SHAPE_DEFINITION_REPRESENTATION(#3006,#3659);
#3659 = SHAPE_REPRESENTATION('',(#2983),#2199);
#3660 = SHAPE_DEFINITION_REPRESENTATION(#3011,#3661);
#3661 = SHAPE_REPRESENTATION('',(#193),#1306);
#3662 = SHAPE_DEFINITION_REPRESENTATION(#3043,#3663);
#3663 = SHAPE_REPRESENTATION('',(#3021),#1766);
#3664 = SHAPE_DEFINITION_REPRESENTATION(#3048,#3665);
#3665 = SHAPE_REPRESENTATION('',(#3025),#2199);
#3666 = SHAPE_DEFINITION_REPRESENTATION(#3043,#3667);
#3667 = SHAPE_REPRESENTATION('',(#3021),#1766);
#3668 = SHAPE_DEFINITION_REPRESENTATION(#3048,#3669);
#3669 = SHAPE_REPRESENTATION('',(#3025),#2199);
#3670 = SHAPE_DEFINITION_REPRESENTATION(#3053,#3671);
#3671 = SHAPE_REPRESENTATION('',(#201),#1306);
#3672 = SHAPE_DEFINITION_REPRESENTATION(#3085,#3673);
#3673 = SHAPE_REPRESENTATION('',(#3063),#1766);
#3674 = SHAPE_DEFINITION_REPRESENTATION(#3090,#3675);
#3675 = SHAPE_REPRESENTATION('',(#3067),#2199);
#3676 = SHAPE_DEFINITION_REPRESENTATION(#3085,#3677);
#3677 = SHAPE_REPRESENTATION('',(#3063),#1766);
#3678 = SHAPE_DEFINITION_REPRESENTATION(#3090,#3679);
#3679 = SHAPE_REPRESENTATION('',(#3067),#2199);
#3680 = SHAPE_DEFINITION_REPRESENTATION(#3095,#3681);
#3681 = SHAPE_REPRESENTATION('',(#209),#1306);
#3682 = SHAPE_DEFINITION_REPRESENTATION(#3127,#3683);
#3683 = SHAPE_REPRESENTATION('',(#3105),#1766);
#3684 = SHAPE_DEFINITION_REPRESENTATION(#3132,#3685);
#3685 = SHAPE_REPRESENTATION('',(#3109),#2199);
#3686 = SHAPE_DEFINITION_REPRESENTATION(#3127,#3687);
#3687 = SHAPE_REPRESENTATION('',(#3105),#1766);
#3688 = SHAPE_DEFINITION_REPRESENTATION(#3132,#3689);
#3689 = SHAPE_REPRESENTATION('',(#3109),#2199);
#3690 = SHAPE_DEFINITION_REPRESENTATION(#3137,#3691);
#3691 = SHAPE_REPRESENTATION('',(#217),#1306);
#3692 = SHAPE_DEFINITION_REPRESENTATION(#3169,#3693);
#3693 = SHAPE_REPRESENTATION('',(#3147),#1766);
#3694 = SHAPE_DEFINITION_REPRESENTATION(#3174,#3695);
#3695 = SHAPE_REPRESENTATION('',(#3151),#2199);
#3696 = SHAPE_DEFINITION_REPRESENTATION(#3169,#3697);
#3697 = SHAPE_REPRESENTATION('',(#3147),#1766);
#3698 = SHAPE_DEFINITION_REPRESENTATION(#3174,#3699);
#3699 = SHAPE_REPRESENTATION('',(#3151),#2199);
#3700 = SHAPE_DEFINITION_REPRESENTATION(#3179,#3701);
#3701 = SHAPE_REPRESENTATION('',(#225),#1306);
#3702 = SHAPE_DEFINITION_REPRESENTATION(#3211,#3703);
#3703 = SHAPE_REPRESENTATION('',(#3189),#1766);
#3704 = SHAPE_DEFINITION_REPRESENTATION(#3216,#3705);
#3705 = SHAPE_REPRESENTATION('',(#3193),#2199);
#3706 = SHAPE_DEFINITION_REPRESENTATION(#3211,#3707);
#3707 = SHAPE_REPRESENTATION('',(#3189),#1766);
#3708 = SHAPE_DEFINITION_REPRESENTATION(#3216,#3709);
#3709 = SHAPE_REPRESENTATION('',(#3193),#2199);
#3710 = SHAPE_DEFINITION_REPRESENTATION(#3221,#3711);
#3711 = SHAPE_REPRESENTATION('',(#233),#1306);
#3712 = SHAPE_DEFINITION_REPRESENTATION(#3253,#3713);
#3713 = SHAPE_REPRESENTATION('',(#3231),#1766);
#3714 = SHAPE_DEFINITION_REPRESENTATION(#3258,#3715);
#3715 = SHAPE_REPRESENTATION('',(#3235),#2199);
#3716 = SHAPE_DEFINITION_REPRESENTATION(#3253,#3717);
#3717 = SHAPE_REPRESENTATION('',(#3231),#1766);
#3718 = SHAPE_DEFINITION_REPRESENTATION(#3258,#3719);
#3719 = SHAPE_REPRESENTATION('',(#3235),#2199);
#3720 = SHAPE_DEFINITION_REPRESENTATION(#3263,#3721);
#3721 = SHAPE_REPRESENTATION('',(#241),#1306);
#3722 = SHAPE_DEFINITION_REPRESENTATION(#3295,#3723);
#3723 = SHAPE_REPRESENTATION('',(#3273),#1766);
#3724 = SHAPE_DEFINITION_REPRESENTATION(#3300,#3725);
#3725 = SHAPE_REPRESENTATION('',(#3277),#2199);
#3726 = SHAPE_DEFINITION_REPRESENTATION(#3295,#3727);
#3727 = SHAPE_REPRESENTATION('',(#3273),#1766);
#3728 = SHAPE_DEFINITION_REPRESENTATION(#3300,#3729);
#3729 = SHAPE_REPRESENTATION('',(#3277),#2199);
#3730 = SHAPE_DEFINITION_REPRESENTATION(#3305,#3731);
#3731 = SHAPE_REPRESENTATION('',(#249),#1306);
#3732 = SHAPE_DEFINITION_REPRESENTATION(#3337,#3733);
#3733 = SHAPE_REPRESENTATION('',(#3315),#1766);
#3734 = SHAPE_DEFINITION_REPRESENTATION(#3342,#3735);
#3735 = SHAPE_REPRESENTATION('',(#3319),#2199);
#3736 = SHAPE_DEFINITION_REPRESENTATION(#3337,#3737);
#3737 = SHAPE_REPRESENTATION('',(#3315),#1766);
#3738 = SHAPE_DEFINITION_REPRESENTATION(#3342,#3739);
#3739 = SHAPE_REPRESENTATION('',(#3319),#2199);
#3740 = SHAPE_DEFINITION_REPRESENTATION(#3347,#3741);
#3741 = SHAPE_REPRESENTATION('',(#257),#1306);
#3742 = SHAPE_DEFINITION_REPRESENTATION(#3379,#3743);
#3743 = SHAPE_REPRESENTATION('',(#3357),#1766);
#3744 = SHAPE_DEFINITION_REPRESENTATION(#3384,#3745);
#3745 = SHAPE_REPRESENTATION('',(#3361),#2199);
#3746 = SHAPE_DEFINITION_REPRESENTATION(#3379,#3747);
#3747 = SHAPE_REPRESENTATION('',(#3357),#1766);
#3748 = SHAPE_DEFINITION_REPRESENTATION(#3384,#3749);
#3749 = SHAPE_REPRESENTATION('',(#3361),#2199);
#3750 = SHAPE_DEFINITION_REPRESENTATION(#3389,#3751);
#3751 = SHAPE_REPRESENTATION('',(#265),#1306);
#3752 = SHAPE_DEFINITION_REPRESENTATION(#3421,#3753);
#3753 = SHAPE_REPRESENTATION('',(#3399),#1766);
#3754 = SHAPE_DEFINITION_REPRESENTATION(#3426,#3755);
#3755 = SHAPE_REPRESENTATION('',(#3403),#2199);
#3756 = SHAPE_DEFINITION_REPRESENTATION(#3421,#3757);
#3757 = SHAPE_REPRESENTATION('',(#3399),#1766);
#3758 = SHAPE_DEFINITION_REPRESENTATION(#3426,#3759);
#3759 = SHAPE_REPRESENTATION('',(#3403),#2199);
#3760 = SHAPE_DEFINITION_REPRESENTATION(#3431,#3761);
#3761 = SHAPE_REPRESENTATION('',(#273),#1306);
#3762 = SHAPE_DEFINITION_REPRESENTATION(#3463,#3763);
#3763 = SHAPE_REPRESENTATION('',(#3441),#1766);
#3764 = SHAPE_DEFINITION_REPRESENTATION(#3468,#3765);
#3765 = SHAPE_REPRESENTATION('',(#3445),#2199);
#3766 = SHAPE_DEFINITION_REPRESENTATION(#3463,#3767);
#3767 = SHAPE_REPRESENTATION('',(#3441),#1766);
#3768 = SHAPE_DEFINITION_REPRESENTATION(#3468,#3769);
#3769 = SHAPE_REPRESENTATION('',(#3445),#2199);
#3770 = SHAPE_DEFINITION_REPRESENTATION(#2213,#3771);
#3771 = SHAPE_REPRESENTATION('',(#41),#1306);
#3772 = SHAPE_DEFINITION_REPRESENTATION(#2255,#3773);
#3773 = SHAPE_REPRESENTATION('',(#49),#1306);
#3774 = SHAPE_DEFINITION_REPRESENTATION(#2297,#3775);
#3775 = SHAPE_REPRESENTATION('',(#57),#1306);
#3776 = SHAPE_DEFINITION_REPRESENTATION(#2339,#3777);
#3777 = SHAPE_REPRESENTATION('',(#65),#1306);
#3778 = SHAPE_DEFINITION_REPRESENTATION(#2381,#3779);
#3779 = SHAPE_REPRESENTATION('',(#73),#1306);
#3780 = SHAPE_DEFINITION_REPRESENTATION(#2423,#3781);
#3781 = SHAPE_REPRESENTATION('',(#81),#1306);
#3782 = SHAPE_DEFINITION_REPRESENTATION(#2465,#3783);
#3783 = SHAPE_REPRESENTATION('',(#89),#1306);
#3784 = SHAPE_DEFINITION_REPRESENTATION(#2507,#3785);
#3785 = SHAPE_REPRESENTATION('',(#97),#1306);
#3786 = SHAPE_DEFINITION_REPRESENTATION(#2549,#3787);
#3787 = SHAPE_REPRESENTATION('',(#105),#1306);
#3788 = SHAPE_DEFINITION_REPRESENTATION(#2591,#3789);
#3789 = SHAPE_REPRESENTATION('',(#113),#1306);
#3790 = SHAPE_DEFINITION_REPRESENTATION(#2633,#3791);
#3791 = SHAPE_REPRESENTATION('',(#121),#1306);
#3792 = SHAPE_DEFINITION_REPRESENTATION(#2675,#3793);
#3793 = SHAPE_REPRESENTATION('',(#129),#1306);
#3794 = SHAPE_DEFINITION_REPRESENTATION(#2717,#3795);
#3795 = SHAPE_REPRESENTATION('',(#137),#1306);
#3796 = SHAPE_DEFINITION_REPRESENTATION(#2759,#3797);
#3797 = SHAPE_REPRESENTATION('',(#145),#1306);
#3798 = SHAPE_DEFINITION_REPRESENTATION(#2801,#3799);
#3799 = SHAPE_REPRESENTATION('',(#153),#1306);
#3800 = SHAPE_DEFINITION_REPRESENTATION(#2843,#3801);
#3801 = SHAPE_REPRESENTATION('',(#161),#1306);
#3802 = SHAPE_DEFINITION_REPRESENTATION(#2885,#3803);
#3803 = SHAPE_REPRESENTATION('',(#169),#1306);
#3804 = SHAPE_DEFINITION_REPRESENTATION(#2927,#3805);
#3805 = SHAPE_REPRESENTATION('',(#177),#1306);
#3806 = SHAPE_DEFINITION_REPRESENTATION(#2969,#3807);
#3807 = SHAPE_REPRESENTATION('',(#185),#1306);
#3808 = SHAPE_DEFINITION_REPRESENTATION(#3011,#3809);
#3809 = SHAPE_REPRESENTATION('',(#193),#1306);
#3810 = SHAPE_DEFINITION_REPRESENTATION(#3053,#3811);
#3811 = SHAPE_REPRESENTATION('',(#201),#1306);
#3812 = SHAPE_DEFINITION_REPRESENTATION(#3095,#3813);
#3813 = SHAPE_REPRESENTATION('',(#209),#1306);
#3814 = SHAPE_DEFINITION_REPRESENTATION(#3137,#3815);
#3815 = SHAPE_REPRESENTATION('',(#217),#1306);
#3816 = SHAPE_DEFINITION_REPRESENTATION(#3179,#3817);
#3817 = SHAPE_REPRESENTATION('',(#225),#1306);
#3818 = SHAPE_DEFINITION_REPRESENTATION(#3221,#3819);
#3819 = SHAPE_REPRESENTATION('',(#233),#1306);
#3820 = SHAPE_DEFINITION_REPRESENTATION(#3263,#3821);
#3821 = SHAPE_REPRESENTATION('',(#241),#1306);
#3822 = SHAPE_DEFINITION_REPRESENTATION(#3305,#3823);
#3823 = SHAPE_REPRESENTATION('',(#249),#1306);
#3824 = SHAPE_DEFINITION_REPRESENTATION(#3347,#3825);
#3825 = SHAPE_REPRESENTATION('',(#257),#1306);
#3826 = SHAPE_DEFINITION_REPRESENTATION(#3389,#3827);
#3827 = SHAPE_REPRESENTATION('',(#265),#1306);
#3828 = SHAPE_DEFINITION_REPRESENTATION(#3431,#3829);
#3829 = SHAPE_REPRESENTATION('',(#273),#1306);
#3830 = MECHANICAL_DESIGN_GEOMETRIC_PRESENTATION_REPRESENTATION('',(
    #3831,#3842,#3851,#3862,#3871,#3882,#3891,#3902,#3911,#3922,#3931,
    #3942,#3951,#3962,#3971,#3982,#3991,#4002,#4011,#4022,#4031,#4042,
    #4051,#4062,#4071,#4082,#4091,#4102,#4111,#4122,#4131,#4142,#4151,
    #4162,#4171,#4182,#4191,#4202,#4211,#4222,#4231,#4242,#4251,#4262,
    #4271,#4282,#4291,#4302,#4311,#4322,#4331,#4342,#4351,#4362,#4371,
    #4382,#4391,#4402,#4411,#4422,#4431),#2199);
#3831 = STYLED_ITEM('color',(#3832),#1785);
#3832 = PRESENTATION_STYLE_ASSIGNMENT((#3833,#3839));
#3833 = SURFACE_STYLE_USAGE(.BOTH.,#3834);
#3834 = SURFACE_SIDE_STYLE('',(#3835));
#3835 = SURFACE_STYLE_FILL_AREA(#3836);
#3836 = FILL_AREA_STYLE('',(#3837));
#3837 = FILL_AREA_STYLE_COLOUR('',#3838);
#3838 = COLOUR_RGB('',0.988235296747,0.827450977613,0.345098051753);
#3839 = CURVE_STYLE('',#3840,POSITIVE_LENGTH_MEASURE(0.1),#3841);
#3840 = DRAUGHTING_PRE_DEFINED_CURVE_FONT('continuous');
#3841 = COLOUR_RGB('',9.803921802644E-02,9.803921802644E-02,
  9.803921802644E-02);
#3842 = OVER_RIDING_STYLED_ITEM('overriding color',(#3843),#1785,#3831);
#3843 = PRESENTATION_STYLE_BY_CONTEXT((#3844,#3849),#3475);
#3844 = SURFACE_STYLE_USAGE(.BOTH.,#3845);
#3845 = SURFACE_SIDE_STYLE('',(#3846));
#3846 = SURFACE_STYLE_FILL_AREA(#3847);
#3847 = FILL_AREA_STYLE('',(#3848));
#3848 = FILL_AREA_STYLE_COLOUR('',#3838);
#3849 = CURVE_STYLE('',#3850,POSITIVE_LENGTH_MEASURE(0.1),#3841);
#3850 = DRAUGHTING_PRE_DEFINED_CURVE_FONT('continuous');
#3851 = OVER_RIDING_STYLED_ITEM('overriding color',(#3852),#1785,#3831);
#3852 = PRESENTATION_STYLE_BY_CONTEXT((#3853,#3859),#3479);
#3853 = SURFACE_STYLE_USAGE(.BOTH.,#3854);
#3854 = SURFACE_SIDE_STYLE('',(#3855));
#3855 = SURFACE_STYLE_FILL_AREA(#3856);
#3856 = FILL_AREA_STYLE('',(#3857));
#3857 = FILL_AREA_STYLE_COLOUR('',#3858);
#3858 = COLOUR_RGB('',0.988235296747,0.827450977613,0.345098051753);
#3859 = CURVE_STYLE('',#3860,POSITIVE_LENGTH_MEASURE(0.1),#3861);
#3860 = DRAUGHTING_PRE_DEFINED_CURVE_FONT('continuous');
#3861 = COLOUR_RGB('',9.803921802644E-02,9.803921802644E-02,
  9.803921802644E-02);
#3862 = OVER_RIDING_STYLED_ITEM('overriding color',(#3863),#1785,#3831);
#3863 = PRESENTATION_STYLE_BY_CONTEXT((#3864,#3869),#3485);
#3864 = SURFACE_STYLE_USAGE(.BOTH.,#3865);
#3865 = SURFACE_SIDE_STYLE('',(#3866));
#3866 = SURFACE_STYLE_FILL_AREA(#3867);
#3867 = FILL_AREA_STYLE('',(#3868));
#3868 = FILL_AREA_STYLE_COLOUR('',#3838);
#3869 = CURVE_STYLE('',#3870,POSITIVE_LENGTH_MEASURE(0.1),#3841);
#3870 = DRAUGHTING_PRE_DEFINED_CURVE_FONT('continuous');
#3871 = OVER_RIDING_STYLED_ITEM('overriding color',(#3872),#1785,#3831);
#3872 = PRESENTATION_STYLE_BY_CONTEXT((#3873,#3879),#3489);
#3873 = SURFACE_STYLE_USAGE(.BOTH.,#3874);
#3874 = SURFACE_SIDE_STYLE('',(#3875));
#3875 = SURFACE_STYLE_FILL_AREA(#3876);
#3876 = FILL_AREA_STYLE('',(#3877));
#3877 = FILL_AREA_STYLE_COLOUR('',#3878);
#3878 = COLOUR_RGB('',0.988235296747,0.827450977613,0.345098051753);
#3879 = CURVE_STYLE('',#3880,POSITIVE_LENGTH_MEASURE(0.1),#3881);
#3880 = DRAUGHTING_PRE_DEFINED_CURVE_FONT('continuous');
#3881 = COLOUR_RGB('',9.803921802644E-02,9.803921802644E-02,
  9.803921802644E-02);
#3882 = OVER_RIDING_STYLED_ITEM('overriding color',(#3883),#1785,#3831);
#3883 = PRESENTATION_STYLE_BY_CONTEXT((#3884,#3889),#3495);
#3884 = SURFACE_STYLE_USAGE(.BOTH.,#3885);
#3885 = SURFACE_SIDE_STYLE('',(#3886));
#3886 = SURFACE_STYLE_FILL_AREA(#3887);
#3887 = FILL_AREA_STYLE('',(#3888));
#3888 = FILL_AREA_STYLE_COLOUR('',#3838);
#3889 = CURVE_STYLE('',#3890,POSITIVE_LENGTH_MEASURE(0.1),#3841);
#3890 = DRAUGHTING_PRE_DEFINED_CURVE_FONT('continuous');
#3891 = OVER_RIDING_STYLED_ITEM('overriding color',(#3892),#1785,#3831);
#3892 = PRESENTATION_STYLE_BY_CONTEXT((#3893,#3899),#3499);
#3893 = SURFACE_STYLE_USAGE(.BOTH.,#3894);
#3894 = SURFACE_SIDE_STYLE('',(#3895));
#3895 = SURFACE_STYLE_FILL_AREA(#3896);
#3896 = FILL_AREA_STYLE('',(#3897));
#3897 = FILL_AREA_STYLE_COLOUR('',#3898);
#3898 = COLOUR_RGB('',0.988235296747,0.827450977613,0.345098051753);
#3899 = CURVE_STYLE('',#3900,POSITIVE_LENGTH_MEASURE(0.1),#3901);
#3900 = DRAUGHTING_PRE_DEFINED_CURVE_FONT('continuous');
#3901 = COLOUR_RGB('',9.803921802644E-02,9.803921802644E-02,
  9.803921802644E-02);
#3902 = OVER_RIDING_STYLED_ITEM('overriding color',(#3903),#1785,#3831);
#3903 = PRESENTATION_STYLE_BY_CONTEXT((#3904,#3909),#3505);
#3904 = SURFACE_STYLE_USAGE(.BOTH.,#3905);
#3905 = SURFACE_SIDE_STYLE('',(#3906));
#3906 = SURFACE_STYLE_FILL_AREA(#3907);
#3907 = FILL_AREA_STYLE('',(#3908));
#3908 = FILL_AREA_STYLE_COLOUR('',#3838);
#3909 = CURVE_STYLE('',#3910,POSITIVE_LENGTH_MEASURE(0.1),#3841);
#3910 = DRAUGHTING_PRE_DEFINED_CURVE_FONT('continuous');
#3911 = OVER_RIDING_STYLED_ITEM('overriding color',(#3912),#1785,#3831);
#3912 = PRESENTATION_STYLE_BY_CONTEXT((#3913,#3919),#3509);
#3913 = SURFACE_STYLE_USAGE(.BOTH.,#3914);
#3914 = SURFACE_SIDE_STYLE('',(#3915));
#3915 = SURFACE_STYLE_FILL_AREA(#3916);
#3916 = FILL_AREA_STYLE('',(#3917));
#3917 = FILL_AREA_STYLE_COLOUR('',#3918);
#3918 = COLOUR_RGB('',0.988235296747,0.827450977613,0.345098051753);
#3919 = CURVE_STYLE('',#3920,POSITIVE_LENGTH_MEASURE(0.1),#3921);
#3920 = DRAUGHTING_PRE_DEFINED_CURVE_FONT('continuous');
#3921 = COLOUR_RGB('',9.803921802644E-02,9.803921802644E-02,
  9.803921802644E-02);
#3922 = OVER_RIDING_STYLED_ITEM('overriding color',(#3923),#1785,#3831);
#3923 = PRESENTATION_STYLE_BY_CONTEXT((#3924,#3929),#3515);
#3924 = SURFACE_STYLE_USAGE(.BOTH.,#3925);
#3925 = SURFACE_SIDE_STYLE('',(#3926));
#3926 = SURFACE_STYLE_FILL_AREA(#3927);
#3927 = FILL_AREA_STYLE('',(#3928));
#3928 = FILL_AREA_STYLE_COLOUR('',#3838);
#3929 = CURVE_STYLE('',#3930,POSITIVE_LENGTH_MEASURE(0.1),#3841);
#3930 = DRAUGHTING_PRE_DEFINED_CURVE_FONT('continuous');
#3931 = OVER_RIDING_STYLED_ITEM('overriding color',(#3932),#1785,#3831);
#3932 = PRESENTATION_STYLE_BY_CONTEXT((#3933,#3939),#3519);
#3933 = SURFACE_STYLE_USAGE(.BOTH.,#3934);
#3934 = SURFACE_SIDE_STYLE('',(#3935));
#3935 = SURFACE_STYLE_FILL_AREA(#3936);
#3936 = FILL_AREA_STYLE('',(#3937));
#3937 = FILL_AREA_STYLE_COLOUR('',#3938);
#3938 = COLOUR_RGB('',0.988235296747,0.827450977613,0.345098051753);
#3939 = CURVE_STYLE('',#3940,POSITIVE_LENGTH_MEASURE(0.1),#3941);
#3940 = DRAUGHTING_PRE_DEFINED_CURVE_FONT('continuous');
#3941 = COLOUR_RGB('',9.803921802644E-02,9.803921802644E-02,
  9.803921802644E-02);
#3942 = OVER_RIDING_STYLED_ITEM('overriding color',(#3943),#1785,#3831);
#3943 = PRESENTATION_STYLE_BY_CONTEXT((#3944,#3949),#3525);
#3944 = SURFACE_STYLE_USAGE(.BOTH.,#3945);
#3945 = SURFACE_SIDE_STYLE('',(#3946));
#3946 = SURFACE_STYLE_FILL_AREA(#3947);
#3947 = FILL_AREA_STYLE('',(#3948));
#3948 = FILL_AREA_STYLE_COLOUR('',#3838);
#3949 = CURVE_STYLE('',#3950,POSITIVE_LENGTH_MEASURE(0.1),#3841);
#3950 = DRAUGHTING_PRE_DEFINED_CURVE_FONT('continuous');
#3951 = OVER_RIDING_STYLED_ITEM('overriding color',(#3952),#1785,#3831);
#3952 = PRESENTATION_STYLE_BY_CONTEXT((#3953,#3959),#3529);
#3953 = SURFACE_STYLE_USAGE(.BOTH.,#3954);
#3954 = SURFACE_SIDE_STYLE('',(#3955));
#3955 = SURFACE_STYLE_FILL_AREA(#3956);
#3956 = FILL_AREA_STYLE('',(#3957));
#3957 = FILL_AREA_STYLE_COLOUR('',#3958);
#3958 = COLOUR_RGB('',0.988235296747,0.827450977613,0.345098051753);
#3959 = CURVE_STYLE('',#3960,POSITIVE_LENGTH_MEASURE(0.1),#3961);
#3960 = DRAUGHTING_PRE_DEFINED_CURVE_FONT('continuous');
#3961 = COLOUR_RGB('',9.803921802644E-02,9.803921802644E-02,
  9.803921802644E-02);
#3962 = OVER_RIDING_STYLED_ITEM('overriding color',(#3963),#1785,#3831);
#3963 = PRESENTATION_STYLE_BY_CONTEXT((#3964,#3969),#3535);
#3964 = SURFACE_STYLE_USAGE(.BOTH.,#3965);
#3965 = SURFACE_SIDE_STYLE('',(#3966));
#3966 = SURFACE_STYLE_FILL_AREA(#3967);
#3967 = FILL_AREA_STYLE('',(#3968));
#3968 = FILL_AREA_STYLE_COLOUR('',#3838);
#3969 = CURVE_STYLE('',#3970,POSITIVE_LENGTH_MEASURE(0.1),#3841);
#3970 = DRAUGHTING_PRE_DEFINED_CURVE_FONT('continuous');
#3971 = OVER_RIDING_STYLED_ITEM('overriding color',(#3972),#1785,#3831);
#3972 = PRESENTATION_STYLE_BY_CONTEXT((#3973,#3979),#3539);
#3973 = SURFACE_STYLE_USAGE(.BOTH.,#3974);
#3974 = SURFACE_SIDE_STYLE('',(#3975));
#3975 = SURFACE_STYLE_FILL_AREA(#3976);
#3976 = FILL_AREA_STYLE('',(#3977));
#3977 = FILL_AREA_STYLE_COLOUR('',#3978);
#3978 = COLOUR_RGB('',0.988235296747,0.827450977613,0.345098051753);
#3979 = CURVE_STYLE('',#3980,POSITIVE_LENGTH_MEASURE(0.1),#3981);
#3980 = DRAUGHTING_PRE_DEFINED_CURVE_FONT('continuous');
#3981 = COLOUR_RGB('',9.803921802644E-02,9.803921802644E-02,
  9.803921802644E-02);
#3982 = OVER_RIDING_STYLED_ITEM('overriding color',(#3983),#1785,#3831);
#3983 = PRESENTATION_STYLE_BY_CONTEXT((#3984,#3989),#3545);
#3984 = SURFACE_STYLE_USAGE(.BOTH.,#3985);
#3985 = SURFACE_SIDE_STYLE('',(#3986));
#3986 = SURFACE_STYLE_FILL_AREA(#3987);
#3987 = FILL_AREA_STYLE('',(#3988));
#3988 = FILL_AREA_STYLE_COLOUR('',#3838);
#3989 = CURVE_STYLE('',#3990,POSITIVE_LENGTH_MEASURE(0.1),#3841);
#3990 = DRAUGHTING_PRE_DEFINED_CURVE_FONT('continuous');
#3991 = OVER_RIDING_STYLED_ITEM('overriding color',(#3992),#1785,#3831);
#3992 = PRESENTATION_STYLE_BY_CONTEXT((#3993,#3999),#3549);
#3993 = SURFACE_STYLE_USAGE(.BOTH.,#3994);
#3994 = SURFACE_SIDE_STYLE('',(#3995));
#3995 = SURFACE_STYLE_FILL_AREA(#3996);
#3996 = FILL_AREA_STYLE('',(#3997));
#3997 = FILL_AREA_STYLE_COLOUR('',#3998);
#3998 = COLOUR_RGB('',0.988235296747,0.827450977613,0.345098051753);
#3999 = CURVE_STYLE('',#4000,POSITIVE_LENGTH_MEASURE(0.1),#4001);
#4000 = DRAUGHTING_PRE_DEFINED_CURVE_FONT('continuous');
#4001 = COLOUR_RGB('',9.803921802644E-02,9.803921802644E-02,
  9.803921802644E-02);
#4002 = OVER_RIDING_STYLED_ITEM('overriding color',(#4003),#1785,#3831);
#4003 = PRESENTATION_STYLE_BY_CONTEXT((#4004,#4009),#3555);
#4004 = SURFACE_STYLE_USAGE(.BOTH.,#4005);
#4005 = SURFACE_SIDE_STYLE('',(#4006));
#4006 = SURFACE_STYLE_FILL_AREA(#4007);
#4007 = FILL_AREA_STYLE('',(#4008));
#4008 = FILL_AREA_STYLE_COLOUR('',#3838);
#4009 = CURVE_STYLE('',#4010,POSITIVE_LENGTH_MEASURE(0.1),#3841);
#4010 = DRAUGHTING_PRE_DEFINED_CURVE_FONT('continuous');
#4011 = OVER_RIDING_STYLED_ITEM('overriding color',(#4012),#1785,#3831);
#4012 = PRESENTATION_STYLE_BY_CONTEXT((#4013,#4019),#3559);
#4013 = SURFACE_STYLE_USAGE(.BOTH.,#4014);
#4014 = SURFACE_SIDE_STYLE('',(#4015));
#4015 = SURFACE_STYLE_FILL_AREA(#4016);
#4016 = FILL_AREA_STYLE('',(#4017));
#4017 = FILL_AREA_STYLE_COLOUR('',#4018);
#4018 = COLOUR_RGB('',0.988235296747,0.827450977613,0.345098051753);
#4019 = CURVE_STYLE('',#4020,POSITIVE_LENGTH_MEASURE(0.1),#4021);
#4020 = DRAUGHTING_PRE_DEFINED_CURVE_FONT('continuous');
#4021 = COLOUR_RGB('',9.803921802644E-02,9.803921802644E-02,
  9.803921802644E-02);
#4022 = OVER_RIDING_STYLED_ITEM('overriding color',(#4023),#1785,#3831);
#4023 = PRESENTATION_STYLE_BY_CONTEXT((#4024,#4029),#3565);
#4024 = SURFACE_STYLE_USAGE(.BOTH.,#4025);
#4025 = SURFACE_SIDE_STYLE('',(#4026));
#4026 = SURFACE_STYLE_FILL_AREA(#4027);
#4027 = FILL_AREA_STYLE('',(#4028));
#4028 = FILL_AREA_STYLE_COLOUR('',#3838);
#4029 = CURVE_STYLE('',#4030,POSITIVE_LENGTH_MEASURE(0.1),#3841);
#4030 = DRAUGHTING_PRE_DEFINED_CURVE_FONT('continuous');
#4031 = OVER_RIDING_STYLED_ITEM('overriding color',(#4032),#1785,#3831);
#4032 = PRESENTATION_STYLE_BY_CONTEXT((#4033,#4039),#3569);
#4033 = SURFACE_STYLE_USAGE(.BOTH.,#4034);
#4034 = SURFACE_SIDE_STYLE('',(#4035));
#4035 = SURFACE_STYLE_FILL_AREA(#4036);
#4036 = FILL_AREA_STYLE('',(#4037));
#4037 = FILL_AREA_STYLE_COLOUR('',#4038);
#4038 = COLOUR_RGB('',0.988235296747,0.827450977613,0.345098051753);
#4039 = CURVE_STYLE('',#4040,POSITIVE_LENGTH_MEASURE(0.1),#4041);
#4040 = DRAUGHTING_PRE_DEFINED_CURVE_FONT('continuous');
#4041 = COLOUR_RGB('',9.803921802644E-02,9.803921802644E-02,
  9.803921802644E-02);
#4042 = OVER_RIDING_STYLED_ITEM('overriding color',(#4043),#1785,#3831);
#4043 = PRESENTATION_STYLE_BY_CONTEXT((#4044,#4049),#3575);
#4044 = SURFACE_STYLE_USAGE(.BOTH.,#4045);
#4045 = SURFACE_SIDE_STYLE('',(#4046));
#4046 = SURFACE_STYLE_FILL_AREA(#4047);
#4047 = FILL_AREA_STYLE('',(#4048));
#4048 = FILL_AREA_STYLE_COLOUR('',#3838);
#4049 = CURVE_STYLE('',#4050,POSITIVE_LENGTH_MEASURE(0.1),#3841);
#4050 = DRAUGHTING_PRE_DEFINED_CURVE_FONT('continuous');
#4051 = OVER_RIDING_STYLED_ITEM('overriding color',(#4052),#1785,#3831);
#4052 = PRESENTATION_STYLE_BY_CONTEXT((#4053,#4059),#3579);
#4053 = SURFACE_STYLE_USAGE(.BOTH.,#4054);
#4054 = SURFACE_SIDE_STYLE('',(#4055));
#4055 = SURFACE_STYLE_FILL_AREA(#4056);
#4056 = FILL_AREA_STYLE('',(#4057));
#4057 = FILL_AREA_STYLE_COLOUR('',#4058);
#4058 = COLOUR_RGB('',0.988235296747,0.827450977613,0.345098051753);
#4059 = CURVE_STYLE('',#4060,POSITIVE_LENGTH_MEASURE(0.1),#4061);
#4060 = DRAUGHTING_PRE_DEFINED_CURVE_FONT('continuous');
#4061 = COLOUR_RGB('',9.803921802644E-02,9.803921802644E-02,
  9.803921802644E-02);
#4062 = OVER_RIDING_STYLED_ITEM('overriding color',(#4063),#1785,#3831);
#4063 = PRESENTATION_STYLE_BY_CONTEXT((#4064,#4069),#3585);
#4064 = SURFACE_STYLE_USAGE(.BOTH.,#4065);
#4065 = SURFACE_SIDE_STYLE('',(#4066));
#4066 = SURFACE_STYLE_FILL_AREA(#4067);
#4067 = FILL_AREA_STYLE('',(#4068));
#4068 = FILL_AREA_STYLE_COLOUR('',#3838);
#4069 = CURVE_STYLE('',#4070,POSITIVE_LENGTH_MEASURE(0.1),#3841);
#4070 = DRAUGHTING_PRE_DEFINED_CURVE_FONT('continuous');
#4071 = OVER_RIDING_STYLED_ITEM('overriding color',(#4072),#1785,#3831);
#4072 = PRESENTATION_STYLE_BY_CONTEXT((#4073,#4079),#3589);
#4073 = SURFACE_STYLE_USAGE(.BOTH.,#4074);
#4074 = SURFACE_SIDE_STYLE('',(#4075));
#4075 = SURFACE_STYLE_FILL_AREA(#4076);
#4076 = FILL_AREA_STYLE('',(#4077));
#4077 = FILL_AREA_STYLE_COLOUR('',#4078);
#4078 = COLOUR_RGB('',0.988235296747,0.827450977613,0.345098051753);
#4079 = CURVE_STYLE('',#4080,POSITIVE_LENGTH_MEASURE(0.1),#4081);
#4080 = DRAUGHTING_PRE_DEFINED_CURVE_FONT('continuous');
#4081 = COLOUR_RGB('',9.803921802644E-02,9.803921802644E-02,
  9.803921802644E-02);
#4082 = OVER_RIDING_STYLED_ITEM('overriding color',(#4083),#1785,#3831);
#4083 = PRESENTATION_STYLE_BY_CONTEXT((#4084,#4089),#3595);
#4084 = SURFACE_STYLE_USAGE(.BOTH.,#4085);
#4085 = SURFACE_SIDE_STYLE('',(#4086));
#4086 = SURFACE_STYLE_FILL_AREA(#4087);
#4087 = FILL_AREA_STYLE('',(#4088));
#4088 = FILL_AREA_STYLE_COLOUR('',#3838);
#4089 = CURVE_STYLE('',#4090,POSITIVE_LENGTH_MEASURE(0.1),#3841);
#4090 = DRAUGHTING_PRE_DEFINED_CURVE_FONT('continuous');
#4091 = OVER_RIDING_STYLED_ITEM('overriding color',(#4092),#1785,#3831);
#4092 = PRESENTATION_STYLE_BY_CONTEXT((#4093,#4099),#3599);
#4093 = SURFACE_STYLE_USAGE(.BOTH.,#4094);
#4094 = SURFACE_SIDE_STYLE('',(#4095));
#4095 = SURFACE_STYLE_FILL_AREA(#4096);
#4096 = FILL_AREA_STYLE('',(#4097));
#4097 = FILL_AREA_STYLE_COLOUR('',#4098);
#4098 = COLOUR_RGB('',0.988235296747,0.827450977613,0.345098051753);
#4099 = CURVE_STYLE('',#4100,POSITIVE_LENGTH_MEASURE(0.1),#4101);
#4100 = DRAUGHTING_PRE_DEFINED_CURVE_FONT('continuous');
#4101 = COLOUR_RGB('',9.803921802644E-02,9.803921802644E-02,
  9.803921802644E-02);
#4102 = OVER_RIDING_STYLED_ITEM('overriding color',(#4103),#1785,#3831);
#4103 = PRESENTATION_STYLE_BY_CONTEXT((#4104,#4109),#3605);
#4104 = SURFACE_STYLE_USAGE(.BOTH.,#4105);
#4105 = SURFACE_SIDE_STYLE('',(#4106));
#4106 = SURFACE_STYLE_FILL_AREA(#4107);
#4107 = FILL_AREA_STYLE('',(#4108));
#4108 = FILL_AREA_STYLE_COLOUR('',#3838);
#4109 = CURVE_STYLE('',#4110,POSITIVE_LENGTH_MEASURE(0.1),#3841);
#4110 = DRAUGHTING_PRE_DEFINED_CURVE_FONT('continuous');
#4111 = OVER_RIDING_STYLED_ITEM('overriding color',(#4112),#1785,#3831);
#4112 = PRESENTATION_STYLE_BY_CONTEXT((#4113,#4119),#3609);
#4113 = SURFACE_STYLE_USAGE(.BOTH.,#4114);
#4114 = SURFACE_SIDE_STYLE('',(#4115));
#4115 = SURFACE_STYLE_FILL_AREA(#4116);
#4116 = FILL_AREA_STYLE('',(#4117));
#4117 = FILL_AREA_STYLE_COLOUR('',#4118);
#4118 = COLOUR_RGB('',0.988235296747,0.827450977613,0.345098051753);
#4119 = CURVE_STYLE('',#4120,POSITIVE_LENGTH_MEASURE(0.1),#4121);
#4120 = DRAUGHTING_PRE_DEFINED_CURVE_FONT('continuous');
#4121 = COLOUR_RGB('',9.803921802644E-02,9.803921802644E-02,
  9.803921802644E-02);
#4122 = OVER_RIDING_STYLED_ITEM('overriding color',(#4123),#1785,#3831);
#4123 = PRESENTATION_STYLE_BY_CONTEXT((#4124,#4129),#3615);
#4124 = SURFACE_STYLE_USAGE(.BOTH.,#4125);
#4125 = SURFACE_SIDE_STYLE('',(#4126));
#4126 = SURFACE_STYLE_FILL_AREA(#4127);
#4127 = FILL_AREA_STYLE('',(#4128));
#4128 = FILL_AREA_STYLE_COLOUR('',#3838);
#4129 = CURVE_STYLE('',#4130,POSITIVE_LENGTH_MEASURE(0.1),#3841);
#4130 = DRAUGHTING_PRE_DEFINED_CURVE_FONT('continuous');
#4131 = OVER_RIDING_STYLED_ITEM('overriding color',(#4132),#1785,#3831);
#4132 = PRESENTATION_STYLE_BY_CONTEXT((#4133,#4139),#3619);
#4133 = SURFACE_STYLE_USAGE(.BOTH.,#4134);
#4134 = SURFACE_SIDE_STYLE('',(#4135));
#4135 = SURFACE_STYLE_FILL_AREA(#4136);
#4136 = FILL_AREA_STYLE('',(#4137));
#4137 = FILL_AREA_STYLE_COLOUR('',#4138);
#4138 = COLOUR_RGB('',0.988235296747,0.827450977613,0.345098051753);
#4139 = CURVE_STYLE('',#4140,POSITIVE_LENGTH_MEASURE(0.1),#4141);
#4140 = DRAUGHTING_PRE_DEFINED_CURVE_FONT('continuous');
#4141 = COLOUR_RGB('',9.803921802644E-02,9.803921802644E-02,
  9.803921802644E-02);
#4142 = OVER_RIDING_STYLED_ITEM('overriding color',(#4143),#1785,#3831);
#4143 = PRESENTATION_STYLE_BY_CONTEXT((#4144,#4149),#3625);
#4144 = SURFACE_STYLE_USAGE(.BOTH.,#4145);
#4145 = SURFACE_SIDE_STYLE('',(#4146));
#4146 = SURFACE_STYLE_FILL_AREA(#4147);
#4147 = FILL_AREA_STYLE('',(#4148));
#4148 = FILL_AREA_STYLE_COLOUR('',#3838);
#4149 = CURVE_STYLE('',#4150,POSITIVE_LENGTH_MEASURE(0.1),#3841);
#4150 = DRAUGHTING_PRE_DEFINED_CURVE_FONT('continuous');
#4151 = OVER_RIDING_STYLED_ITEM('overriding color',(#4152),#1785,#3831);
#4152 = PRESENTATION_STYLE_BY_CONTEXT((#4153,#4159),#3629);
#4153 = SURFACE_STYLE_USAGE(.BOTH.,#4154);
#4154 = SURFACE_SIDE_STYLE('',(#4155));
#4155 = SURFACE_STYLE_FILL_AREA(#4156);
#4156 = FILL_AREA_STYLE('',(#4157));
#4157 = FILL_AREA_STYLE_COLOUR('',#4158);
#4158 = COLOUR_RGB('',0.988235296747,0.827450977613,0.345098051753);
#4159 = CURVE_STYLE('',#4160,POSITIVE_LENGTH_MEASURE(0.1),#4161);
#4160 = DRAUGHTING_PRE_DEFINED_CURVE_FONT('continuous');
#4161 = COLOUR_RGB('',9.803921802644E-02,9.803921802644E-02,
  9.803921802644E-02);
#4162 = OVER_RIDING_STYLED_ITEM('overriding color',(#4163),#1785,#3831);
#4163 = PRESENTATION_STYLE_BY_CONTEXT((#4164,#4169),#3635);
#4164 = SURFACE_STYLE_USAGE(.BOTH.,#4165);
#4165 = SURFACE_SIDE_STYLE('',(#4166));
#4166 = SURFACE_STYLE_FILL_AREA(#4167);
#4167 = FILL_AREA_STYLE('',(#4168));
#4168 = FILL_AREA_STYLE_COLOUR('',#3838);
#4169 = CURVE_STYLE('',#4170,POSITIVE_LENGTH_MEASURE(0.1),#3841);
#4170 = DRAUGHTING_PRE_DEFINED_CURVE_FONT('continuous');
#4171 = OVER_RIDING_STYLED_ITEM('overriding color',(#4172),#1785,#3831);
#4172 = PRESENTATION_STYLE_BY_CONTEXT((#4173,#4179),#3639);
#4173 = SURFACE_STYLE_USAGE(.BOTH.,#4174);
#4174 = SURFACE_SIDE_STYLE('',(#4175));
#4175 = SURFACE_STYLE_FILL_AREA(#4176);
#4176 = FILL_AREA_STYLE('',(#4177));
#4177 = FILL_AREA_STYLE_COLOUR('',#4178);
#4178 = COLOUR_RGB('',0.988235296747,0.827450977613,0.345098051753);
#4179 = CURVE_STYLE('',#4180,POSITIVE_LENGTH_MEASURE(0.1),#4181);
#4180 = DRAUGHTING_PRE_DEFINED_CURVE_FONT('continuous');
#4181 = COLOUR_RGB('',9.803921802644E-02,9.803921802644E-02,
  9.803921802644E-02);
#4182 = OVER_RIDING_STYLED_ITEM('overriding color',(#4183),#1785,#3831);
#4183 = PRESENTATION_STYLE_BY_CONTEXT((#4184,#4189),#3645);
#4184 = SURFACE_STYLE_USAGE(.BOTH.,#4185);
#4185 = SURFACE_SIDE_STYLE('',(#4186));
#4186 = SURFACE_STYLE_FILL_AREA(#4187);
#4187 = FILL_AREA_STYLE('',(#4188));
#4188 = FILL_AREA_STYLE_COLOUR('',#3838);
#4189 = CURVE_STYLE('',#4190,POSITIVE_LENGTH_MEASURE(0.1),#3841);
#4190 = DRAUGHTING_PRE_DEFINED_CURVE_FONT('continuous');
#4191 = OVER_RIDING_STYLED_ITEM('overriding color',(#4192),#1785,#3831);
#4192 = PRESENTATION_STYLE_BY_CONTEXT((#4193,#4199),#3649);
#4193 = SURFACE_STYLE_USAGE(.BOTH.,#4194);
#4194 = SURFACE_SIDE_STYLE('',(#4195));
#4195 = SURFACE_STYLE_FILL_AREA(#4196);
#4196 = FILL_AREA_STYLE('',(#4197));
#4197 = FILL_AREA_STYLE_COLOUR('',#4198);
#4198 = COLOUR_RGB('',0.988235296747,0.827450977613,0.345098051753);
#4199 = CURVE_STYLE('',#4200,POSITIVE_LENGTH_MEASURE(0.1),#4201);
#4200 = DRAUGHTING_PRE_DEFINED_CURVE_FONT('continuous');
#4201 = COLOUR_RGB('',9.803921802644E-02,9.803921802644E-02,
  9.803921802644E-02);
#4202 = OVER_RIDING_STYLED_ITEM('overriding color',(#4203),#1785,#3831);
#4203 = PRESENTATION_STYLE_BY_CONTEXT((#4204,#4209),#3655);
#4204 = SURFACE_STYLE_USAGE(.BOTH.,#4205);
#4205 = SURFACE_SIDE_STYLE('',(#4206));
#4206 = SURFACE_STYLE_FILL_AREA(#4207);
#4207 = FILL_AREA_STYLE('',(#4208));
#4208 = FILL_AREA_STYLE_COLOUR('',#3838);
#4209 = CURVE_STYLE('',#4210,POSITIVE_LENGTH_MEASURE(0.1),#3841);
#4210 = DRAUGHTING_PRE_DEFINED_CURVE_FONT('continuous');
#4211 = OVER_RIDING_STYLED_ITEM('overriding color',(#4212),#1785,#3831);
#4212 = PRESENTATION_STYLE_BY_CONTEXT((#4213,#4219),#3659);
#4213 = SURFACE_STYLE_USAGE(.BOTH.,#4214);
#4214 = SURFACE_SIDE_STYLE('',(#4215));
#4215 = SURFACE_STYLE_FILL_AREA(#4216);
#4216 = FILL_AREA_STYLE('',(#4217));
#4217 = FILL_AREA_STYLE_COLOUR('',#4218);
#4218 = COLOUR_RGB('',0.988235296747,0.827450977613,0.345098051753);
#4219 = CURVE_STYLE('',#4220,POSITIVE_LENGTH_MEASURE(0.1),#4221);
#4220 = DRAUGHTING_PRE_DEFINED_CURVE_FONT('continuous');
#4221 = COLOUR_RGB('',9.803921802644E-02,9.803921802644E-02,
  9.803921802644E-02);
#4222 = OVER_RIDING_STYLED_ITEM('overriding color',(#4223),#1785,#3831);
#4223 = PRESENTATION_STYLE_BY_CONTEXT((#4224,#4229),#3665);
#4224 = SURFACE_STYLE_USAGE(.BOTH.,#4225);
#4225 = SURFACE_SIDE_STYLE('',(#4226));
#4226 = SURFACE_STYLE_FILL_AREA(#4227);
#4227 = FILL_AREA_STYLE('',(#4228));
#4228 = FILL_AREA_STYLE_COLOUR('',#3838);
#4229 = CURVE_STYLE('',#4230,POSITIVE_LENGTH_MEASURE(0.1),#3841);
#4230 = DRAUGHTING_PRE_DEFINED_CURVE_FONT('continuous');
#4231 = OVER_RIDING_STYLED_ITEM('overriding color',(#4232),#1785,#3831);
#4232 = PRESENTATION_STYLE_BY_CONTEXT((#4233,#4239),#3669);
#4233 = SURFACE_STYLE_USAGE(.BOTH.,#4234);
#4234 = SURFACE_SIDE_STYLE('',(#4235));
#4235 = SURFACE_STYLE_FILL_AREA(#4236);
#4236 = FILL_AREA_STYLE('',(#4237));
#4237 = FILL_AREA_STYLE_COLOUR('',#4238);
#4238 = COLOUR_RGB('',0.988235296747,0.827450977613,0.345098051753);
#4239 = CURVE_STYLE('',#4240,POSITIVE_LENGTH_MEASURE(0.1),#4241);
#4240 = DRAUGHTING_PRE_DEFINED_CURVE_FONT('continuous');
#4241 = COLOUR_RGB('',9.803921802644E-02,9.803921802644E-02,
  9.803921802644E-02);
#4242 = OVER_RIDING_STYLED_ITEM('overriding color',(#4243),#1785,#3831);
#4243 = PRESENTATION_STYLE_BY_CONTEXT((#4244,#4249),#3675);
#4244 = SURFACE_STYLE_USAGE(.BOTH.,#4245);
#4245 = SURFACE_SIDE_STYLE('',(#4246));
#4246 = SURFACE_STYLE_FILL_AREA(#4247);
#4247 = FILL_AREA_STYLE('',(#4248));
#4248 = FILL_AREA_STYLE_COLOUR('',#3838);
#4249 = CURVE_STYLE('',#4250,POSITIVE_LENGTH_MEASURE(0.1),#3841);
#4250 = DRAUGHTING_PRE_DEFINED_CURVE_FONT('continuous');
#4251 = OVER_RIDING_STYLED_ITEM('overriding color',(#4252),#1785,#3831);
#4252 = PRESENTATION_STYLE_BY_CONTEXT((#4253,#4259),#3679);
#4253 = SURFACE_STYLE_USAGE(.BOTH.,#4254);
#4254 = SURFACE_SIDE_STYLE('',(#4255));
#4255 = SURFACE_STYLE_FILL_AREA(#4256);
#4256 = FILL_AREA_STYLE('',(#4257));
#4257 = FILL_AREA_STYLE_COLOUR('',#4258);
#4258 = COLOUR_RGB('',0.988235296747,0.827450977613,0.345098051753);
#4259 = CURVE_STYLE('',#4260,POSITIVE_LENGTH_MEASURE(0.1),#4261);
#4260 = DRAUGHTING_PRE_DEFINED_CURVE_FONT('continuous');
#4261 = COLOUR_RGB('',9.803921802644E-02,9.803921802644E-02,
  9.803921802644E-02);
#4262 = OVER_RIDING_STYLED_ITEM('overriding color',(#4263),#1785,#3831);
#4263 = PRESENTATION_STYLE_BY_CONTEXT((#4264,#4269),#3685);
#4264 = SURFACE_STYLE_USAGE(.BOTH.,#4265);
#4265 = SURFACE_SIDE_STYLE('',(#4266));
#4266 = SURFACE_STYLE_FILL_AREA(#4267);
#4267 = FILL_AREA_STYLE('',(#4268));
#4268 = FILL_AREA_STYLE_COLOUR('',#3838);
#4269 = CURVE_STYLE('',#4270,POSITIVE_LENGTH_MEASURE(0.1),#3841);
#4270 = DRAUGHTING_PRE_DEFINED_CURVE_FONT('continuous');
#4271 = OVER_RIDING_STYLED_ITEM('overriding color',(#4272),#1785,#3831);
#4272 = PRESENTATION_STYLE_BY_CONTEXT((#4273,#4279),#3689);
#4273 = SURFACE_STYLE_USAGE(.BOTH.,#4274);
#4274 = SURFACE_SIDE_STYLE('',(#4275));
#4275 = SURFACE_STYLE_FILL_AREA(#4276);
#4276 = FILL_AREA_STYLE('',(#4277));
#4277 = FILL_AREA_STYLE_COLOUR('',#4278);
#4278 = COLOUR_RGB('',0.988235296747,0.827450977613,0.345098051753);
#4279 = CURVE_STYLE('',#4280,POSITIVE_LENGTH_MEASURE(0.1),#4281);
#4280 = DRAUGHTING_PRE_DEFINED_CURVE_FONT('continuous');
#4281 = COLOUR_RGB('',9.803921802644E-02,9.803921802644E-02,
  9.803921802644E-02);
#4282 = OVER_RIDING_STYLED_ITEM('overriding color',(#4283),#1785,#3831);
#4283 = PRESENTATION_STYLE_BY_CONTEXT((#4284,#4289),#3695);
#4284 = SURFACE_STYLE_USAGE(.BOTH.,#4285);
#4285 = SURFACE_SIDE_STYLE('',(#4286));
#4286 = SURFACE_STYLE_FILL_AREA(#4287);
#4287 = FILL_AREA_STYLE('',(#4288));
#4288 = FILL_AREA_STYLE_COLOUR('',#3838);
#4289 = CURVE_STYLE('',#4290,POSITIVE_LENGTH_MEASURE(0.1),#3841);
#4290 = DRAUGHTING_PRE_DEFINED_CURVE_FONT('continuous');
#4291 = OVER_RIDING_STYLED_ITEM('overriding color',(#4292),#1785,#3831);
#4292 = PRESENTATION_STYLE_BY_CONTEXT((#4293,#4299),#3699);
#4293 = SURFACE_STYLE_USAGE(.BOTH.,#4294);
#4294 = SURFACE_SIDE_STYLE('',(#4295));
#4295 = SURFACE_STYLE_FILL_AREA(#4296);
#4296 = FILL_AREA_STYLE('',(#4297));
#4297 = FILL_AREA_STYLE_COLOUR('',#4298);
#4298 = COLOUR_RGB('',0.988235296747,0.827450977613,0.345098051753);
#4299 = CURVE_STYLE('',#4300,POSITIVE_LENGTH_MEASURE(0.1),#4301);
#4300 = DRAUGHTING_PRE_DEFINED_CURVE_FONT('continuous');
#4301 = COLOUR_RGB('',9.803921802644E-02,9.803921802644E-02,
  9.803921802644E-02);
#4302 = OVER_RIDING_STYLED_ITEM('overriding color',(#4303),#1785,#3831);
#4303 = PRESENTATION_STYLE_BY_CONTEXT((#4304,#4309),#3705);
#4304 = SURFACE_STYLE_USAGE(.BOTH.,#4305);
#4305 = SURFACE_SIDE_STYLE('',(#4306));
#4306 = SURFACE_STYLE_FILL_AREA(#4307);
#4307 = FILL_AREA_STYLE('',(#4308));
#4308 = FILL_AREA_STYLE_COLOUR('',#3838);
#4309 = CURVE_STYLE('',#4310,POSITIVE_LENGTH_MEASURE(0.1),#3841);
#4310 = DRAUGHTING_PRE_DEFINED_CURVE_FONT('continuous');
#4311 = OVER_RIDING_STYLED_ITEM('overriding color',(#4312),#1785,#3831);
#4312 = PRESENTATION_STYLE_BY_CONTEXT((#4313,#4319),#3709);
#4313 = SURFACE_STYLE_USAGE(.BOTH.,#4314);
#4314 = SURFACE_SIDE_STYLE('',(#4315));
#4315 = SURFACE_STYLE_FILL_AREA(#4316);
#4316 = FILL_AREA_STYLE('',(#4317));
#4317 = FILL_AREA_STYLE_COLOUR('',#4318);
#4318 = COLOUR_RGB('',0.988235296747,0.827450977613,0.345098051753);
#4319 = CURVE_STYLE('',#4320,POSITIVE_LENGTH_MEASURE(0.1),#4321);
#4320 = DRAUGHTING_PRE_DEFINED_CURVE_FONT('continuous');
#4321 = COLOUR_RGB('',9.803921802644E-02,9.803921802644E-02,
  9.803921802644E-02);
#4322 = OVER_RIDING_STYLED_ITEM('overriding color',(#4323),#1785,#3831);
#4323 = PRESENTATION_STYLE_BY_CONTEXT((#4324,#4329),#3715);
#4324 = SURFACE_STYLE_USAGE(.BOTH.,#4325);
#4325 = SURFACE_SIDE_STYLE('',(#4326));
#4326 = SURFACE_STYLE_FILL_AREA(#4327);
#4327 = FILL_AREA_STYLE('',(#4328));
#4328 = FILL_AREA_STYLE_COLOUR('',#3838);
#4329 = CURVE_STYLE('',#4330,POSITIVE_LENGTH_MEASURE(0.1),#3841);
#4330 = DRAUGHTING_PRE_DEFINED_CURVE_FONT('continuous');
#4331 = OVER_RIDING_STYLED_ITEM('overriding color',(#4332),#1785,#3831);
#4332 = PRESENTATION_STYLE_BY_CONTEXT((#4333,#4339),#3719);
#4333 = SURFACE_STYLE_USAGE(.BOTH.,#4334);
#4334 = SURFACE_SIDE_STYLE('',(#4335));
#4335 = SURFACE_STYLE_FILL_AREA(#4336);
#4336 = FILL_AREA_STYLE('',(#4337));
#4337 = FILL_AREA_STYLE_COLOUR('',#4338);
#4338 = COLOUR_RGB('',0.988235296747,0.827450977613,0.345098051753);
#4339 = CURVE_STYLE('',#4340,POSITIVE_LENGTH_MEASURE(0.1),#4341);
#4340 = DRAUGHTING_PRE_DEFINED_CURVE_FONT('continuous');
#4341 = COLOUR_RGB('',9.803921802644E-02,9.803921802644E-02,
  9.803921802644E-02);
#4342 = OVER_RIDING_STYLED_ITEM('overriding color',(#4343),#1785,#3831);
#4343 = PRESENTATION_STYLE_BY_CONTEXT((#4344,#4349),#3725);
#4344 = SURFACE_STYLE_USAGE(.BOTH.,#4345);
#4345 = SURFACE_SIDE_STYLE('',(#4346));
#4346 = SURFACE_STYLE_FILL_AREA(#4347);
#4347 = FILL_AREA_STYLE('',(#4348));
#4348 = FILL_AREA_STYLE_COLOUR('',#3838);
#4349 = CURVE_STYLE('',#4350,POSITIVE_LENGTH_MEASURE(0.1),#3841);
#4350 = DRAUGHTING_PRE_DEFINED_CURVE_FONT('continuous');
#4351 = OVER_RIDING_STYLED_ITEM('overriding color',(#4352),#1785,#3831);
#4352 = PRESENTATION_STYLE_BY_CONTEXT((#4353,#4359),#3729);
#4353 = SURFACE_STYLE_USAGE(.BOTH.,#4354);
#4354 = SURFACE_SIDE_STYLE('',(#4355));
#4355 = SURFACE_STYLE_FILL_AREA(#4356);
#4356 = FILL_AREA_STYLE('',(#4357));
#4357 = FILL_AREA_STYLE_COLOUR('',#4358);
#4358 = COLOUR_RGB('',0.988235296747,0.827450977613,0.345098051753);
#4359 = CURVE_STYLE('',#4360,POSITIVE_LENGTH_MEASURE(0.1),#4361);
#4360 = DRAUGHTING_PRE_DEFINED_CURVE_FONT('continuous');
#4361 = COLOUR_RGB('',9.803921802644E-02,9.803921802644E-02,
  9.803921802644E-02);
#4362 = OVER_RIDING_STYLED_ITEM('overriding color',(#4363),#1785,#3831);
#4363 = PRESENTATION_STYLE_BY_CONTEXT((#4364,#4369),#3735);
#4364 = SURFACE_STYLE_USAGE(.BOTH.,#4365);
#4365 = SURFACE_SIDE_STYLE('',(#4366));
#4366 = SURFACE_STYLE_FILL_AREA(#4367);
#4367 = FILL_AREA_STYLE('',(#4368));
#4368 = FILL_AREA_STYLE_COLOUR('',#3838);
#4369 = CURVE_STYLE('',#4370,POSITIVE_LENGTH_MEASURE(0.1),#3841);
#4370 = DRAUGHTING_PRE_DEFINED_CURVE_FONT('continuous');
#4371 = OVER_RIDING_STYLED_ITEM('overriding color',(#4372),#1785,#3831);
#4372 = PRESENTATION_STYLE_BY_CONTEXT((#4373,#4379),#3739);
#4373 = SURFACE_STYLE_USAGE(.BOTH.,#4374);
#4374 = SURFACE_SIDE_STYLE('',(#4375));
#4375 = SURFACE_STYLE_FILL_AREA(#4376);
#4376 = FILL_AREA_STYLE('',(#4377));
#4377 = FILL_AREA_STYLE_COLOUR('',#4378);
#4378 = COLOUR_RGB('',0.988235296747,0.827450977613,0.345098051753);
#4379 = CURVE_STYLE('',#4380,POSITIVE_LENGTH_MEASURE(0.1),#4381);
#4380 = DRAUGHTING_PRE_DEFINED_CURVE_FONT('continuous');
#4381 = COLOUR_RGB('',9.803921802644E-02,9.803921802644E-02,
  9.803921802644E-02);
#4382 = OVER_RIDING_STYLED_ITEM('overriding color',(#4383),#1785,#3831);
#4383 = PRESENTATION_STYLE_BY_CONTEXT((#4384,#4389),#3745);
#4384 = SURFACE_STYLE_USAGE(.BOTH.,#4385);
#4385 = SURFACE_SIDE_STYLE('',(#4386));
#4386 = SURFACE_STYLE_FILL_AREA(#4387);
#4387 = FILL_AREA_STYLE('',(#4388));
#4388 = FILL_AREA_STYLE_COLOUR('',#3838);
#4389 = CURVE_STYLE('',#4390,POSITIVE_LENGTH_MEASURE(0.1),#3841);
#4390 = DRAUGHTING_PRE_DEFINED_CURVE_FONT('continuous');
#4391 = OVER_RIDING_STYLED_ITEM('overriding color',(#4392),#1785,#3831);
#4392 = PRESENTATION_STYLE_BY_CONTEXT((#4393,#4399),#3749);
#4393 = SURFACE_STYLE_USAGE(.BOTH.,#4394);
#4394 = SURFACE_SIDE_STYLE('',(#4395));
#4395 = SURFACE_STYLE_FILL_AREA(#4396);
#4396 = FILL_AREA_STYLE('',(#4397));
#4397 = FILL_AREA_STYLE_COLOUR('',#4398);
#4398 = COLOUR_RGB('',0.988235296747,0.827450977613,0.345098051753);
#4399 = CURVE_STYLE('',#4400,POSITIVE_LENGTH_MEASURE(0.1),#4401);
#4400 = DRAUGHTING_PRE_DEFINED_CURVE_FONT('continuous');
#4401 = COLOUR_RGB('',9.803921802644E-02,9.803921802644E-02,
  9.803921802644E-02);
#4402 = OVER_RIDING_STYLED_ITEM('overriding color',(#4403),#1785,#3831);
#4403 = PRESENTATION_STYLE_BY_CONTEXT((#4404,#4409),#3755);
#4404 = SURFACE_STYLE_USAGE(.BOTH.,#4405);
#4405 = SURFACE_SIDE_STYLE('',(#4406));
#4406 = SURFACE_STYLE_FILL_AREA(#4407);
#4407 = FILL_AREA_STYLE('',(#4408));
#4408 = FILL_AREA_STYLE_COLOUR('',#3838);
#4409 = CURVE_STYLE('',#4410,POSITIVE_LENGTH_MEASURE(0.1),#3841);
#4410 = DRAUGHTING_PRE_DEFINED_CURVE_FONT('continuous');
#4411 = OVER_RIDING_STYLED_ITEM('overriding color',(#4412),#1785,#3831);
#4412 = PRESENTATION_STYLE_BY_CONTEXT((#4413,#4419),#3759);
#4413 = SURFACE_STYLE_USAGE(.BOTH.,#4414);
#4414 = SURFACE_SIDE_STYLE('',(#4415));
#4415 = SURFACE_STYLE_FILL_AREA(#4416);
#4416 = FILL_AREA_STYLE('',(#4417));
#4417 = FILL_AREA_STYLE_COLOUR('',#4418);
#4418 = COLOUR_RGB('',0.988235296747,0.827450977613,0.345098051753);
#4419 = CURVE_STYLE('',#4420,POSITIVE_LENGTH_MEASURE(0.1),#4421);
#4420 = DRAUGHTING_PRE_DEFINED_CURVE_FONT('continuous');
#4421 = COLOUR_RGB('',9.803921802644E-02,9.803921802644E-02,
  9.803921802644E-02);
#4422 = OVER_RIDING_STYLED_ITEM('overriding color',(#4423),#1785,#3831);
#4423 = PRESENTATION_STYLE_BY_CONTEXT((#4424,#4429),#3765);
#4424 = SURFACE_STYLE_USAGE(.BOTH.,#4425);
#4425 = SURFACE_SIDE_STYLE('',(#4426));
#4426 = SURFACE_STYLE_FILL_AREA(#4427);
#4427 = FILL_AREA_STYLE('',(#4428));
#4428 = FILL_AREA_STYLE_COLOUR('',#3838);
#4429 = CURVE_STYLE('',#4430,POSITIVE_LENGTH_MEASURE(0.1),#3841);
#4430 = DRAUGHTING_PRE_DEFINED_CURVE_FONT('continuous');
#4431 = OVER_RIDING_STYLED_ITEM('overriding color',(#4432),#1785,#3831);
#4432 = PRESENTATION_STYLE_BY_CONTEXT((#4433,#4439),#3769);
#4433 = SURFACE_STYLE_USAGE(.BOTH.,#4434);
#4434 = SURFACE_SIDE_STYLE('',(#4435));
#4435 = SURFACE_STYLE_FILL_AREA(#4436);
#4436 = FILL_AREA_STYLE('',(#4437));
#4437 = FILL_AREA_STYLE_COLOUR('',#4438);
#4438 = COLOUR_RGB('',0.988235296747,0.827450977613,0.345098051753);
#4439 = CURVE_STYLE('',#4440,POSITIVE_LENGTH_MEASURE(0.1),#4441);
#4440 = DRAUGHTING_PRE_DEFINED_CURVE_FONT('continuous');
#4441 = COLOUR_RGB('',9.803921802644E-02,9.803921802644E-02,
  9.803921802644E-02);
#4442 = MECHANICAL_DESIGN_GEOMETRIC_PRESENTATION_REPRESENTATION('',(
    #4443,#4452,#4461,#4470,#4479,#4488,#4497,#4506,#4515,#4524,#4533,
    #4542,#4551,#4560,#4569,#4578,#4587,#4596,#4605,#4614,#4623,#4632,
    #4641,#4650,#4659,#4668,#4677,#4686,#4695,#4704,#4713,#4722,#4731,
    #4740,#4749,#4758,#4767,#4776,#4785,#4794,#4803,#4812,#4821,#4830,
    #4839,#4848,#4857,#4866,#4875,#4884,#4893,#4902,#4911,#4920,#4929,
    #4938,#4947,#4956,#4965,#4974,#4983),#1766);
#4443 = STYLED_ITEM('color',(#4444),#1352);
#4444 = PRESENTATION_STYLE_ASSIGNMENT((#4445,#4450));
#4445 = SURFACE_STYLE_USAGE(.BOTH.,#4446);
#4446 = SURFACE_SIDE_STYLE('',(#4447));
#4447 = SURFACE_STYLE_FILL_AREA(#4448);
#4448 = FILL_AREA_STYLE('',(#4449));
#4449 = FILL_AREA_STYLE_COLOUR('',#3838);
#4450 = CURVE_STYLE('',#4451,POSITIVE_LENGTH_MEASURE(0.1),#3841);
#4451 = DRAUGHTING_PRE_DEFINED_CURVE_FONT('continuous');
#4452 = OVER_RIDING_STYLED_ITEM('overriding color',(#4453),#1352,#4443);
#4453 = PRESENTATION_STYLE_BY_CONTEXT((#4454,#4459),#3473);
#4454 = SURFACE_STYLE_USAGE(.BOTH.,#4455);
#4455 = SURFACE_SIDE_STYLE('',(#4456));
#4456 = SURFACE_STYLE_FILL_AREA(#4457);
#4457 = FILL_AREA_STYLE('',(#4458));
#4458 = FILL_AREA_STYLE_COLOUR('',#3838);
#4459 = CURVE_STYLE('',#4460,POSITIVE_LENGTH_MEASURE(0.1),#3841);
#4460 = DRAUGHTING_PRE_DEFINED_CURVE_FONT('continuous');
#4461 = OVER_RIDING_STYLED_ITEM('overriding color',(#4462),#1352,#4443);
#4462 = PRESENTATION_STYLE_BY_CONTEXT((#4463,#4468),#3477);
#4463 = SURFACE_STYLE_USAGE(.BOTH.,#4464);
#4464 = SURFACE_SIDE_STYLE('',(#4465));
#4465 = SURFACE_STYLE_FILL_AREA(#4466);
#4466 = FILL_AREA_STYLE('',(#4467));
#4467 = FILL_AREA_STYLE_COLOUR('',#3858);
#4468 = CURVE_STYLE('',#4469,POSITIVE_LENGTH_MEASURE(0.1),#3861);
#4469 = DRAUGHTING_PRE_DEFINED_CURVE_FONT('continuous');
#4470 = OVER_RIDING_STYLED_ITEM('overriding color',(#4471),#1352,#4443);
#4471 = PRESENTATION_STYLE_BY_CONTEXT((#4472,#4477),#3483);
#4472 = SURFACE_STYLE_USAGE(.BOTH.,#4473);
#4473 = SURFACE_SIDE_STYLE('',(#4474));
#4474 = SURFACE_STYLE_FILL_AREA(#4475);
#4475 = FILL_AREA_STYLE('',(#4476));
#4476 = FILL_AREA_STYLE_COLOUR('',#3838);
#4477 = CURVE_STYLE('',#4478,POSITIVE_LENGTH_MEASURE(0.1),#3841);
#4478 = DRAUGHTING_PRE_DEFINED_CURVE_FONT('continuous');
#4479 = OVER_RIDING_STYLED_ITEM('overriding color',(#4480),#1352,#4443);
#4480 = PRESENTATION_STYLE_BY_CONTEXT((#4481,#4486),#3487);
#4481 = SURFACE_STYLE_USAGE(.BOTH.,#4482);
#4482 = SURFACE_SIDE_STYLE('',(#4483));
#4483 = SURFACE_STYLE_FILL_AREA(#4484);
#4484 = FILL_AREA_STYLE('',(#4485));
#4485 = FILL_AREA_STYLE_COLOUR('',#3878);
#4486 = CURVE_STYLE('',#4487,POSITIVE_LENGTH_MEASURE(0.1),#3881);
#4487 = DRAUGHTING_PRE_DEFINED_CURVE_FONT('continuous');
#4488 = OVER_RIDING_STYLED_ITEM('overriding color',(#4489),#1352,#4443);
#4489 = PRESENTATION_STYLE_BY_CONTEXT((#4490,#4495),#3493);
#4490 = SURFACE_STYLE_USAGE(.BOTH.,#4491);
#4491 = SURFACE_SIDE_STYLE('',(#4492));
#4492 = SURFACE_STYLE_FILL_AREA(#4493);
#4493 = FILL_AREA_STYLE('',(#4494));
#4494 = FILL_AREA_STYLE_COLOUR('',#3838);
#4495 = CURVE_STYLE('',#4496,POSITIVE_LENGTH_MEASURE(0.1),#3841);
#4496 = DRAUGHTING_PRE_DEFINED_CURVE_FONT('continuous');
#4497 = OVER_RIDING_STYLED_ITEM('overriding color',(#4498),#1352,#4443);
#4498 = PRESENTATION_STYLE_BY_CONTEXT((#4499,#4504),#3497);
#4499 = SURFACE_STYLE_USAGE(.BOTH.,#4500);
#4500 = SURFACE_SIDE_STYLE('',(#4501));
#4501 = SURFACE_STYLE_FILL_AREA(#4502);
#4502 = FILL_AREA_STYLE('',(#4503));
#4503 = FILL_AREA_STYLE_COLOUR('',#3898);
#4504 = CURVE_STYLE('',#4505,POSITIVE_LENGTH_MEASURE(0.1),#3901);
#4505 = DRAUGHTING_PRE_DEFINED_CURVE_FONT('continuous');
#4506 = OVER_RIDING_STYLED_ITEM('overriding color',(#4507),#1352,#4443);
#4507 = PRESENTATION_STYLE_BY_CONTEXT((#4508,#4513),#3503);
#4508 = SURFACE_STYLE_USAGE(.BOTH.,#4509);
#4509 = SURFACE_SIDE_STYLE('',(#4510));
#4510 = SURFACE_STYLE_FILL_AREA(#4511);
#4511 = FILL_AREA_STYLE('',(#4512));
#4512 = FILL_AREA_STYLE_COLOUR('',#3838);
#4513 = CURVE_STYLE('',#4514,POSITIVE_LENGTH_MEASURE(0.1),#3841);
#4514 = DRAUGHTING_PRE_DEFINED_CURVE_FONT('continuous');
#4515 = OVER_RIDING_STYLED_ITEM('overriding color',(#4516),#1352,#4443);
#4516 = PRESENTATION_STYLE_BY_CONTEXT((#4517,#4522),#3507);
#4517 = SURFACE_STYLE_USAGE(.BOTH.,#4518);
#4518 = SURFACE_SIDE_STYLE('',(#4519));
#4519 = SURFACE_STYLE_FILL_AREA(#4520);
#4520 = FILL_AREA_STYLE('',(#4521));
#4521 = FILL_AREA_STYLE_COLOUR('',#3918);
#4522 = CURVE_STYLE('',#4523,POSITIVE_LENGTH_MEASURE(0.1),#3921);
#4523 = DRAUGHTING_PRE_DEFINED_CURVE_FONT('continuous');
#4524 = OVER_RIDING_STYLED_ITEM('overriding color',(#4525),#1352,#4443);
#4525 = PRESENTATION_STYLE_BY_CONTEXT((#4526,#4531),#3513);
#4526 = SURFACE_STYLE_USAGE(.BOTH.,#4527);
#4527 = SURFACE_SIDE_STYLE('',(#4528));
#4528 = SURFACE_STYLE_FILL_AREA(#4529);
#4529 = FILL_AREA_STYLE('',(#4530));
#4530 = FILL_AREA_STYLE_COLOUR('',#3838);
#4531 = CURVE_STYLE('',#4532,POSITIVE_LENGTH_MEASURE(0.1),#3841);
#4532 = DRAUGHTING_PRE_DEFINED_CURVE_FONT('continuous');
#4533 = OVER_RIDING_STYLED_ITEM('overriding color',(#4534),#1352,#4443);
#4534 = PRESENTATION_STYLE_BY_CONTEXT((#4535,#4540),#3517);
#4535 = SURFACE_STYLE_USAGE(.BOTH.,#4536);
#4536 = SURFACE_SIDE_STYLE('',(#4537));
#4537 = SURFACE_STYLE_FILL_AREA(#4538);
#4538 = FILL_AREA_STYLE('',(#4539));
#4539 = FILL_AREA_STYLE_COLOUR('',#3938);
#4540 = CURVE_STYLE('',#4541,POSITIVE_LENGTH_MEASURE(0.1),#3941);
#4541 = DRAUGHTING_PRE_DEFINED_CURVE_FONT('continuous');
#4542 = OVER_RIDING_STYLED_ITEM('overriding color',(#4543),#1352,#4443);
#4543 = PRESENTATION_STYLE_BY_CONTEXT((#4544,#4549),#3523);
#4544 = SURFACE_STYLE_USAGE(.BOTH.,#4545);
#4545 = SURFACE_SIDE_STYLE('',(#4546));
#4546 = SURFACE_STYLE_FILL_AREA(#4547);
#4547 = FILL_AREA_STYLE('',(#4548));
#4548 = FILL_AREA_STYLE_COLOUR('',#3838);
#4549 = CURVE_STYLE('',#4550,POSITIVE_LENGTH_MEASURE(0.1),#3841);
#4550 = DRAUGHTING_PRE_DEFINED_CURVE_FONT('continuous');
#4551 = OVER_RIDING_STYLED_ITEM('overriding color',(#4552),#1352,#4443);
#4552 = PRESENTATION_STYLE_BY_CONTEXT((#4553,#4558),#3527);
#4553 = SURFACE_STYLE_USAGE(.BOTH.,#4554);
#4554 = SURFACE_SIDE_STYLE('',(#4555));
#4555 = SURFACE_STYLE_FILL_AREA(#4556);
#4556 = FILL_AREA_STYLE('',(#4557));
#4557 = FILL_AREA_STYLE_COLOUR('',#3958);
#4558 = CURVE_STYLE('',#4559,POSITIVE_LENGTH_MEASURE(0.1),#3961);
#4559 = DRAUGHTING_PRE_DEFINED_CURVE_FONT('continuous');
#4560 = OVER_RIDING_STYLED_ITEM('overriding color',(#4561),#1352,#4443);
#4561 = PRESENTATION_STYLE_BY_CONTEXT((#4562,#4567),#3533);
#4562 = SURFACE_STYLE_USAGE(.BOTH.,#4563);
#4563 = SURFACE_SIDE_STYLE('',(#4564));
#4564 = SURFACE_STYLE_FILL_AREA(#4565);
#4565 = FILL_AREA_STYLE('',(#4566));
#4566 = FILL_AREA_STYLE_COLOUR('',#3838);
#4567 = CURVE_STYLE('',#4568,POSITIVE_LENGTH_MEASURE(0.1),#3841);
#4568 = DRAUGHTING_PRE_DEFINED_CURVE_FONT('continuous');
#4569 = OVER_RIDING_STYLED_ITEM('overriding color',(#4570),#1352,#4443);
#4570 = PRESENTATION_STYLE_BY_CONTEXT((#4571,#4576),#3537);
#4571 = SURFACE_STYLE_USAGE(.BOTH.,#4572);
#4572 = SURFACE_SIDE_STYLE('',(#4573));
#4573 = SURFACE_STYLE_FILL_AREA(#4574);
#4574 = FILL_AREA_STYLE('',(#4575));
#4575 = FILL_AREA_STYLE_COLOUR('',#3978);
#4576 = CURVE_STYLE('',#4577,POSITIVE_LENGTH_MEASURE(0.1),#3981);
#4577 = DRAUGHTING_PRE_DEFINED_CURVE_FONT('continuous');
#4578 = OVER_RIDING_STYLED_ITEM('overriding color',(#4579),#1352,#4443);
#4579 = PRESENTATION_STYLE_BY_CONTEXT((#4580,#4585),#3543);
#4580 = SURFACE_STYLE_USAGE(.BOTH.,#4581);
#4581 = SURFACE_SIDE_STYLE('',(#4582));
#4582 = SURFACE_STYLE_FILL_AREA(#4583);
#4583 = FILL_AREA_STYLE('',(#4584));
#4584 = FILL_AREA_STYLE_COLOUR('',#3838);
#4585 = CURVE_STYLE('',#4586,POSITIVE_LENGTH_MEASURE(0.1),#3841);
#4586 = DRAUGHTING_PRE_DEFINED_CURVE_FONT('continuous');
#4587 = OVER_RIDING_STYLED_ITEM('overriding color',(#4588),#1352,#4443);
#4588 = PRESENTATION_STYLE_BY_CONTEXT((#4589,#4594),#3547);
#4589 = SURFACE_STYLE_USAGE(.BOTH.,#4590);
#4590 = SURFACE_SIDE_STYLE('',(#4591));
#4591 = SURFACE_STYLE_FILL_AREA(#4592);
#4592 = FILL_AREA_STYLE('',(#4593));
#4593 = FILL_AREA_STYLE_COLOUR('',#3998);
#4594 = CURVE_STYLE('',#4595,POSITIVE_LENGTH_MEASURE(0.1),#4001);
#4595 = DRAUGHTING_PRE_DEFINED_CURVE_FONT('continuous');
#4596 = OVER_RIDING_STYLED_ITEM('overriding color',(#4597),#1352,#4443);
#4597 = PRESENTATION_STYLE_BY_CONTEXT((#4598,#4603),#3553);
#4598 = SURFACE_STYLE_USAGE(.BOTH.,#4599);
#4599 = SURFACE_SIDE_STYLE('',(#4600));
#4600 = SURFACE_STYLE_FILL_AREA(#4601);
#4601 = FILL_AREA_STYLE('',(#4602));
#4602 = FILL_AREA_STYLE_COLOUR('',#3838);
#4603 = CURVE_STYLE('',#4604,POSITIVE_LENGTH_MEASURE(0.1),#3841);
#4604 = DRAUGHTING_PRE_DEFINED_CURVE_FONT('continuous');
#4605 = OVER_RIDING_STYLED_ITEM('overriding color',(#4606),#1352,#4443);
#4606 = PRESENTATION_STYLE_BY_CONTEXT((#4607,#4612),#3557);
#4607 = SURFACE_STYLE_USAGE(.BOTH.,#4608);
#4608 = SURFACE_SIDE_STYLE('',(#4609));
#4609 = SURFACE_STYLE_FILL_AREA(#4610);
#4610 = FILL_AREA_STYLE('',(#4611));
#4611 = FILL_AREA_STYLE_COLOUR('',#4018);
#4612 = CURVE_STYLE('',#4613,POSITIVE_LENGTH_MEASURE(0.1),#4021);
#4613 = DRAUGHTING_PRE_DEFINED_CURVE_FONT('continuous');
#4614 = OVER_RIDING_STYLED_ITEM('overriding color',(#4615),#1352,#4443);
#4615 = PRESENTATION_STYLE_BY_CONTEXT((#4616,#4621),#3563);
#4616 = SURFACE_STYLE_USAGE(.BOTH.,#4617);
#4617 = SURFACE_SIDE_STYLE('',(#4618));
#4618 = SURFACE_STYLE_FILL_AREA(#4619);
#4619 = FILL_AREA_STYLE('',(#4620));
#4620 = FILL_AREA_STYLE_COLOUR('',#3838);
#4621 = CURVE_STYLE('',#4622,POSITIVE_LENGTH_MEASURE(0.1),#3841);
#4622 = DRAUGHTING_PRE_DEFINED_CURVE_FONT('continuous');
#4623 = OVER_RIDING_STYLED_ITEM('overriding color',(#4624),#1352,#4443);
#4624 = PRESENTATION_STYLE_BY_CONTEXT((#4625,#4630),#3567);
#4625 = SURFACE_STYLE_USAGE(.BOTH.,#4626);
#4626 = SURFACE_SIDE_STYLE('',(#4627));
#4627 = SURFACE_STYLE_FILL_AREA(#4628);
#4628 = FILL_AREA_STYLE('',(#4629));
#4629 = FILL_AREA_STYLE_COLOUR('',#4038);
#4630 = CURVE_STYLE('',#4631,POSITIVE_LENGTH_MEASURE(0.1),#4041);
#4631 = DRAUGHTING_PRE_DEFINED_CURVE_FONT('continuous');
#4632 = OVER_RIDING_STYLED_ITEM('overriding color',(#4633),#1352,#4443);
#4633 = PRESENTATION_STYLE_BY_CONTEXT((#4634,#4639),#3573);
#4634 = SURFACE_STYLE_USAGE(.BOTH.,#4635);
#4635 = SURFACE_SIDE_STYLE('',(#4636));
#4636 = SURFACE_STYLE_FILL_AREA(#4637);
#4637 = FILL_AREA_STYLE('',(#4638));
#4638 = FILL_AREA_STYLE_COLOUR('',#3838);
#4639 = CURVE_STYLE('',#4640,POSITIVE_LENGTH_MEASURE(0.1),#3841);
#4640 = DRAUGHTING_PRE_DEFINED_CURVE_FONT('continuous');
#4641 = OVER_RIDING_STYLED_ITEM('overriding color',(#4642),#1352,#4443);
#4642 = PRESENTATION_STYLE_BY_CONTEXT((#4643,#4648),#3577);
#4643 = SURFACE_STYLE_USAGE(.BOTH.,#4644);
#4644 = SURFACE_SIDE_STYLE('',(#4645));
#4645 = SURFACE_STYLE_FILL_AREA(#4646);
#4646 = FILL_AREA_STYLE('',(#4647));
#4647 = FILL_AREA_STYLE_COLOUR('',#4058);
#4648 = CURVE_STYLE('',#4649,POSITIVE_LENGTH_MEASURE(0.1),#4061);
#4649 = DRAUGHTING_PRE_DEFINED_CURVE_FONT('continuous');
#4650 = OVER_RIDING_STYLED_ITEM('overriding color',(#4651),#1352,#4443);
#4651 = PRESENTATION_STYLE_BY_CONTEXT((#4652,#4657),#3583);
#4652 = SURFACE_STYLE_USAGE(.BOTH.,#4653);
#4653 = SURFACE_SIDE_STYLE('',(#4654));
#4654 = SURFACE_STYLE_FILL_AREA(#4655);
#4655 = FILL_AREA_STYLE('',(#4656));
#4656 = FILL_AREA_STYLE_COLOUR('',#3838);
#4657 = CURVE_STYLE('',#4658,POSITIVE_LENGTH_MEASURE(0.1),#3841);
#4658 = DRAUGHTING_PRE_DEFINED_CURVE_FONT('continuous');
#4659 = OVER_RIDING_STYLED_ITEM('overriding color',(#4660),#1352,#4443);
#4660 = PRESENTATION_STYLE_BY_CONTEXT((#4661,#4666),#3587);
#4661 = SURFACE_STYLE_USAGE(.BOTH.,#4662);
#4662 = SURFACE_SIDE_STYLE('',(#4663));
#4663 = SURFACE_STYLE_FILL_AREA(#4664);
#4664 = FILL_AREA_STYLE('',(#4665));
#4665 = FILL_AREA_STYLE_COLOUR('',#4078);
#4666 = CURVE_STYLE('',#4667,POSITIVE_LENGTH_MEASURE(0.1),#4081);
#4667 = DRAUGHTING_PRE_DEFINED_CURVE_FONT('continuous');
#4668 = OVER_RIDING_STYLED_ITEM('overriding color',(#4669),#1352,#4443);
#4669 = PRESENTATION_STYLE_BY_CONTEXT((#4670,#4675),#3593);
#4670 = SURFACE_STYLE_USAGE(.BOTH.,#4671);
#4671 = SURFACE_SIDE_STYLE('',(#4672));
#4672 = SURFACE_STYLE_FILL_AREA(#4673);
#4673 = FILL_AREA_STYLE('',(#4674));
#4674 = FILL_AREA_STYLE_COLOUR('',#3838);
#4675 = CURVE_STYLE('',#4676,POSITIVE_LENGTH_MEASURE(0.1),#3841);
#4676 = DRAUGHTING_PRE_DEFINED_CURVE_FONT('continuous');
#4677 = OVER_RIDING_STYLED_ITEM('overriding color',(#4678),#1352,#4443);
#4678 = PRESENTATION_STYLE_BY_CONTEXT((#4679,#4684),#3597);
#4679 = SURFACE_STYLE_USAGE(.BOTH.,#4680);
#4680 = SURFACE_SIDE_STYLE('',(#4681));
#4681 = SURFACE_STYLE_FILL_AREA(#4682);
#4682 = FILL_AREA_STYLE('',(#4683));
#4683 = FILL_AREA_STYLE_COLOUR('',#4098);
#4684 = CURVE_STYLE('',#4685,POSITIVE_LENGTH_MEASURE(0.1),#4101);
#4685 = DRAUGHTING_PRE_DEFINED_CURVE_FONT('continuous');
#4686 = OVER_RIDING_STYLED_ITEM('overriding color',(#4687),#1352,#4443);
#4687 = PRESENTATION_STYLE_BY_CONTEXT((#4688,#4693),#3603);
#4688 = SURFACE_STYLE_USAGE(.BOTH.,#4689);
#4689 = SURFACE_SIDE_STYLE('',(#4690));
#4690 = SURFACE_STYLE_FILL_AREA(#4691);
#4691 = FILL_AREA_STYLE('',(#4692));
#4692 = FILL_AREA_STYLE_COLOUR('',#3838);
#4693 = CURVE_STYLE('',#4694,POSITIVE_LENGTH_MEASURE(0.1),#3841);
#4694 = DRAUGHTING_PRE_DEFINED_CURVE_FONT('continuous');
#4695 = OVER_RIDING_STYLED_ITEM('overriding color',(#4696),#1352,#4443);
#4696 = PRESENTATION_STYLE_BY_CONTEXT((#4697,#4702),#3607);
#4697 = SURFACE_STYLE_USAGE(.BOTH.,#4698);
#4698 = SURFACE_SIDE_STYLE('',(#4699));
#4699 = SURFACE_STYLE_FILL_AREA(#4700);
#4700 = FILL_AREA_STYLE('',(#4701));
#4701 = FILL_AREA_STYLE_COLOUR('',#4118);
#4702 = CURVE_STYLE('',#4703,POSITIVE_LENGTH_MEASURE(0.1),#4121);
#4703 = DRAUGHTING_PRE_DEFINED_CURVE_FONT('continuous');
#4704 = OVER_RIDING_STYLED_ITEM('overriding color',(#4705),#1352,#4443);
#4705 = PRESENTATION_STYLE_BY_CONTEXT((#4706,#4711),#3613);
#4706 = SURFACE_STYLE_USAGE(.BOTH.,#4707);
#4707 = SURFACE_SIDE_STYLE('',(#4708));
#4708 = SURFACE_STYLE_FILL_AREA(#4709);
#4709 = FILL_AREA_STYLE('',(#4710));
#4710 = FILL_AREA_STYLE_COLOUR('',#3838);
#4711 = CURVE_STYLE('',#4712,POSITIVE_LENGTH_MEASURE(0.1),#3841);
#4712 = DRAUGHTING_PRE_DEFINED_CURVE_FONT('continuous');
#4713 = OVER_RIDING_STYLED_ITEM('overriding color',(#4714),#1352,#4443);
#4714 = PRESENTATION_STYLE_BY_CONTEXT((#4715,#4720),#3617);
#4715 = SURFACE_STYLE_USAGE(.BOTH.,#4716);
#4716 = SURFACE_SIDE_STYLE('',(#4717));
#4717 = SURFACE_STYLE_FILL_AREA(#4718);
#4718 = FILL_AREA_STYLE('',(#4719));
#4719 = FILL_AREA_STYLE_COLOUR('',#4138);
#4720 = CURVE_STYLE('',#4721,POSITIVE_LENGTH_MEASURE(0.1),#4141);
#4721 = DRAUGHTING_PRE_DEFINED_CURVE_FONT('continuous');
#4722 = OVER_RIDING_STYLED_ITEM('overriding color',(#4723),#1352,#4443);
#4723 = PRESENTATION_STYLE_BY_CONTEXT((#4724,#4729),#3623);
#4724 = SURFACE_STYLE_USAGE(.BOTH.,#4725);
#4725 = SURFACE_SIDE_STYLE('',(#4726));
#4726 = SURFACE_STYLE_FILL_AREA(#4727);
#4727 = FILL_AREA_STYLE('',(#4728));
#4728 = FILL_AREA_STYLE_COLOUR('',#3838);
#4729 = CURVE_STYLE('',#4730,POSITIVE_LENGTH_MEASURE(0.1),#3841);
#4730 = DRAUGHTING_PRE_DEFINED_CURVE_FONT('continuous');
#4731 = OVER_RIDING_STYLED_ITEM('overriding color',(#4732),#1352,#4443);
#4732 = PRESENTATION_STYLE_BY_CONTEXT((#4733,#4738),#3627);
#4733 = SURFACE_STYLE_USAGE(.BOTH.,#4734);
#4734 = SURFACE_SIDE_STYLE('',(#4735));
#4735 = SURFACE_STYLE_FILL_AREA(#4736);
#4736 = FILL_AREA_STYLE('',(#4737));
#4737 = FILL_AREA_STYLE_COLOUR('',#4158);
#4738 = CURVE_STYLE('',#4739,POSITIVE_LENGTH_MEASURE(0.1),#4161);
#4739 = DRAUGHTING_PRE_DEFINED_CURVE_FONT('continuous');
#4740 = OVER_RIDING_STYLED_ITEM('overriding color',(#4741),#1352,#4443);
#4741 = PRESENTATION_STYLE_BY_CONTEXT((#4742,#4747),#3633);
#4742 = SURFACE_STYLE_USAGE(.BOTH.,#4743);
#4743 = SURFACE_SIDE_STYLE('',(#4744));
#4744 = SURFACE_STYLE_FILL_AREA(#4745);
#4745 = FILL_AREA_STYLE('',(#4746));
#4746 = FILL_AREA_STYLE_COLOUR('',#3838);
#4747 = CURVE_STYLE('',#4748,POSITIVE_LENGTH_MEASURE(0.1),#3841);
#4748 = DRAUGHTING_PRE_DEFINED_CURVE_FONT('continuous');
#4749 = OVER_RIDING_STYLED_ITEM('overriding color',(#4750),#1352,#4443);
#4750 = PRESENTATION_STYLE_BY_CONTEXT((#4751,#4756),#3637);
#4751 = SURFACE_STYLE_USAGE(.BOTH.,#4752);
#4752 = SURFACE_SIDE_STYLE('',(#4753));
#4753 = SURFACE_STYLE_FILL_AREA(#4754);
#4754 = FILL_AREA_STYLE('',(#4755));
#4755 = FILL_AREA_STYLE_COLOUR('',#4178);
#4756 = CURVE_STYLE('',#4757,POSITIVE_LENGTH_MEASURE(0.1),#4181);
#4757 = DRAUGHTING_PRE_DEFINED_CURVE_FONT('continuous');
#4758 = OVER_RIDING_STYLED_ITEM('overriding color',(#4759),#1352,#4443);
#4759 = PRESENTATION_STYLE_BY_CONTEXT((#4760,#4765),#3643);
#4760 = SURFACE_STYLE_USAGE(.BOTH.,#4761);
#4761 = SURFACE_SIDE_STYLE('',(#4762));
#4762 = SURFACE_STYLE_FILL_AREA(#4763);
#4763 = FILL_AREA_STYLE('',(#4764));
#4764 = FILL_AREA_STYLE_COLOUR('',#3838);
#4765 = CURVE_STYLE('',#4766,POSITIVE_LENGTH_MEASURE(0.1),#3841);
#4766 = DRAUGHTING_PRE_DEFINED_CURVE_FONT('continuous');
#4767 = OVER_RIDING_STYLED_ITEM('overriding color',(#4768),#1352,#4443);
#4768 = PRESENTATION_STYLE_BY_CONTEXT((#4769,#4774),#3647);
#4769 = SURFACE_STYLE_USAGE(.BOTH.,#4770);
#4770 = SURFACE_SIDE_STYLE('',(#4771));
#4771 = SURFACE_STYLE_FILL_AREA(#4772);
#4772 = FILL_AREA_STYLE('',(#4773));
#4773 = FILL_AREA_STYLE_COLOUR('',#4198);
#4774 = CURVE_STYLE('',#4775,POSITIVE_LENGTH_MEASURE(0.1),#4201);
#4775 = DRAUGHTING_PRE_DEFINED_CURVE_FONT('continuous');
#4776 = OVER_RIDING_STYLED_ITEM('overriding color',(#4777),#1352,#4443);
#4777 = PRESENTATION_STYLE_BY_CONTEXT((#4778,#4783),#3653);
#4778 = SURFACE_STYLE_USAGE(.BOTH.,#4779);
#4779 = SURFACE_SIDE_STYLE('',(#4780));
#4780 = SURFACE_STYLE_FILL_AREA(#4781);
#4781 = FILL_AREA_STYLE('',(#4782));
#4782 = FILL_AREA_STYLE_COLOUR('',#3838);
#4783 = CURVE_STYLE('',#4784,POSITIVE_LENGTH_MEASURE(0.1),#3841);
#4784 = DRAUGHTING_PRE_DEFINED_CURVE_FONT('continuous');
#4785 = OVER_RIDING_STYLED_ITEM('overriding color',(#4786),#1352,#4443);
#4786 = PRESENTATION_STYLE_BY_CONTEXT((#4787,#4792),#3657);
#4787 = SURFACE_STYLE_USAGE(.BOTH.,#4788);
#4788 = SURFACE_SIDE_STYLE('',(#4789));
#4789 = SURFACE_STYLE_FILL_AREA(#4790);
#4790 = FILL_AREA_STYLE('',(#4791));
#4791 = FILL_AREA_STYLE_COLOUR('',#4218);
#4792 = CURVE_STYLE('',#4793,POSITIVE_LENGTH_MEASURE(0.1),#4221);
#4793 = DRAUGHTING_PRE_DEFINED_CURVE_FONT('continuous');
#4794 = OVER_RIDING_STYLED_ITEM('overriding color',(#4795),#1352,#4443);
#4795 = PRESENTATION_STYLE_BY_CONTEXT((#4796,#4801),#3663);
#4796 = SURFACE_STYLE_USAGE(.BOTH.,#4797);
#4797 = SURFACE_SIDE_STYLE('',(#4798));
#4798 = SURFACE_STYLE_FILL_AREA(#4799);
#4799 = FILL_AREA_STYLE('',(#4800));
#4800 = FILL_AREA_STYLE_COLOUR('',#3838);
#4801 = CURVE_STYLE('',#4802,POSITIVE_LENGTH_MEASURE(0.1),#3841);
#4802 = DRAUGHTING_PRE_DEFINED_CURVE_FONT('continuous');
#4803 = OVER_RIDING_STYLED_ITEM('overriding color',(#4804),#1352,#4443);
#4804 = PRESENTATION_STYLE_BY_CONTEXT((#4805,#4810),#3667);
#4805 = SURFACE_STYLE_USAGE(.BOTH.,#4806);
#4806 = SURFACE_SIDE_STYLE('',(#4807));
#4807 = SURFACE_STYLE_FILL_AREA(#4808);
#4808 = FILL_AREA_STYLE('',(#4809));
#4809 = FILL_AREA_STYLE_COLOUR('',#4238);
#4810 = CURVE_STYLE('',#4811,POSITIVE_LENGTH_MEASURE(0.1),#4241);
#4811 = DRAUGHTING_PRE_DEFINED_CURVE_FONT('continuous');
#4812 = OVER_RIDING_STYLED_ITEM('overriding color',(#4813),#1352,#4443);
#4813 = PRESENTATION_STYLE_BY_CONTEXT((#4814,#4819),#3673);
#4814 = SURFACE_STYLE_USAGE(.BOTH.,#4815);
#4815 = SURFACE_SIDE_STYLE('',(#4816));
#4816 = SURFACE_STYLE_FILL_AREA(#4817);
#4817 = FILL_AREA_STYLE('',(#4818));
#4818 = FILL_AREA_STYLE_COLOUR('',#3838);
#4819 = CURVE_STYLE('',#4820,POSITIVE_LENGTH_MEASURE(0.1),#3841);
#4820 = DRAUGHTING_PRE_DEFINED_CURVE_FONT('continuous');
#4821 = OVER_RIDING_STYLED_ITEM('overriding color',(#4822),#1352,#4443);
#4822 = PRESENTATION_STYLE_BY_CONTEXT((#4823,#4828),#3677);
#4823 = SURFACE_STYLE_USAGE(.BOTH.,#4824);
#4824 = SURFACE_SIDE_STYLE('',(#4825));
#4825 = SURFACE_STYLE_FILL_AREA(#4826);
#4826 = FILL_AREA_STYLE('',(#4827));
#4827 = FILL_AREA_STYLE_COLOUR('',#4258);
#4828 = CURVE_STYLE('',#4829,POSITIVE_LENGTH_MEASURE(0.1),#4261);
#4829 = DRAUGHTING_PRE_DEFINED_CURVE_FONT('continuous');
#4830 = OVER_RIDING_STYLED_ITEM('overriding color',(#4831),#1352,#4443);
#4831 = PRESENTATION_STYLE_BY_CONTEXT((#4832,#4837),#3683);
#4832 = SURFACE_STYLE_USAGE(.BOTH.,#4833);
#4833 = SURFACE_SIDE_STYLE('',(#4834));
#4834 = SURFACE_STYLE_FILL_AREA(#4835);
#4835 = FILL_AREA_STYLE('',(#4836));
#4836 = FILL_AREA_STYLE_COLOUR('',#3838);
#4837 = CURVE_STYLE('',#4838,POSITIVE_LENGTH_MEASURE(0.1),#3841);
#4838 = DRAUGHTING_PRE_DEFINED_CURVE_FONT('continuous');
#4839 = OVER_RIDING_STYLED_ITEM('overriding color',(#4840),#1352,#4443);
#4840 = PRESENTATION_STYLE_BY_CONTEXT((#4841,#4846),#3687);
#4841 = SURFACE_STYLE_USAGE(.BOTH.,#4842);
#4842 = SURFACE_SIDE_STYLE('',(#4843));
#4843 = SURFACE_STYLE_FILL_AREA(#4844);
#4844 = FILL_AREA_STYLE('',(#4845));
#4845 = FILL_AREA_STYLE_COLOUR('',#4278);
#4846 = CURVE_STYLE('',#4847,POSITIVE_LENGTH_MEASURE(0.1),#4281);
#4847 = DRAUGHTING_PRE_DEFINED_CURVE_FONT('continuous');
#4848 = OVER_RIDING_STYLED_ITEM('overriding color',(#4849),#1352,#4443);
#4849 = PRESENTATION_STYLE_BY_CONTEXT((#4850,#4855),#3693);
#4850 = SURFACE_STYLE_USAGE(.BOTH.,#4851);
#4851 = SURFACE_SIDE_STYLE('',(#4852));
#4852 = SURFACE_STYLE_FILL_AREA(#4853);
#4853 = FILL_AREA_STYLE('',(#4854));
#4854 = FILL_AREA_STYLE_COLOUR('',#3838);
#4855 = CURVE_STYLE('',#4856,POSITIVE_LENGTH_MEASURE(0.1),#3841);
#4856 = DRAUGHTING_PRE_DEFINED_CURVE_FONT('continuous');
#4857 = OVER_RIDING_STYLED_ITEM('overriding color',(#4858),#1352,#4443);
#4858 = PRESENTATION_STYLE_BY_CONTEXT((#4859,#4864),#3697);
#4859 = SURFACE_STYLE_USAGE(.BOTH.,#4860);
#4860 = SURFACE_SIDE_STYLE('',(#4861));
#4861 = SURFACE_STYLE_FILL_AREA(#4862);
#4862 = FILL_AREA_STYLE('',(#4863));
#4863 = FILL_AREA_STYLE_COLOUR('',#4298);
#4864 = CURVE_STYLE('',#4865,POSITIVE_LENGTH_MEASURE(0.1),#4301);
#4865 = DRAUGHTING_PRE_DEFINED_CURVE_FONT('continuous');
#4866 = OVER_RIDING_STYLED_ITEM('overriding color',(#4867),#1352,#4443);
#4867 = PRESENTATION_STYLE_BY_CONTEXT((#4868,#4873),#3703);
#4868 = SURFACE_STYLE_USAGE(.BOTH.,#4869);
#4869 = SURFACE_SIDE_STYLE('',(#4870));
#4870 = SURFACE_STYLE_FILL_AREA(#4871);
#4871 = FILL_AREA_STYLE('',(#4872));
#4872 = FILL_AREA_STYLE_COLOUR('',#3838);
#4873 = CURVE_STYLE('',#4874,POSITIVE_LENGTH_MEASURE(0.1),#3841);
#4874 = DRAUGHTING_PRE_DEFINED_CURVE_FONT('continuous');
#4875 = OVER_RIDING_STYLED_ITEM('overriding color',(#4876),#1352,#4443);
#4876 = PRESENTATION_STYLE_BY_CONTEXT((#4877,#4882),#3707);
#4877 = SURFACE_STYLE_USAGE(.BOTH.,#4878);
#4878 = SURFACE_SIDE_STYLE('',(#4879));
#4879 = SURFACE_STYLE_FILL_AREA(#4880);
#4880 = FILL_AREA_STYLE('',(#4881));
#4881 = FILL_AREA_STYLE_COLOUR('',#4318);
#4882 = CURVE_STYLE('',#4883,POSITIVE_LENGTH_MEASURE(0.1),#4321);
#4883 = DRAUGHTING_PRE_DEFINED_CURVE_FONT('continuous');
#4884 = OVER_RIDING_STYLED_ITEM('overriding color',(#4885),#1352,#4443);
#4885 = PRESENTATION_STYLE_BY_CONTEXT((#4886,#4891),#3713);
#4886 = SURFACE_STYLE_USAGE(.BOTH.,#4887);
#4887 = SURFACE_SIDE_STYLE('',(#4888));
#4888 = SURFACE_STYLE_FILL_AREA(#4889);
#4889 = FILL_AREA_STYLE('',(#4890));
#4890 = FILL_AREA_STYLE_COLOUR('',#3838);
#4891 = CURVE_STYLE('',#4892,POSITIVE_LENGTH_MEASURE(0.1),#3841);
#4892 = DRAUGHTING_PRE_DEFINED_CURVE_FONT('continuous');
#4893 = OVER_RIDING_STYLED_ITEM('overriding color',(#4894),#1352,#4443);
#4894 = PRESENTATION_STYLE_BY_CONTEXT((#4895,#4900),#3717);
#4895 = SURFACE_STYLE_USAGE(.BOTH.,#4896);
#4896 = SURFACE_SIDE_STYLE('',(#4897));
#4897 = SURFACE_STYLE_FILL_AREA(#4898);
#4898 = FILL_AREA_STYLE('',(#4899));
#4899 = FILL_AREA_STYLE_COLOUR('',#4338);
#4900 = CURVE_STYLE('',#4901,POSITIVE_LENGTH_MEASURE(0.1),#4341);
#4901 = DRAUGHTING_PRE_DEFINED_CURVE_FONT('continuous');
#4902 = OVER_RIDING_STYLED_ITEM('overriding color',(#4903),#1352,#4443);
#4903 = PRESENTATION_STYLE_BY_CONTEXT((#4904,#4909),#3723);
#4904 = SURFACE_STYLE_USAGE(.BOTH.,#4905);
#4905 = SURFACE_SIDE_STYLE('',(#4906));
#4906 = SURFACE_STYLE_FILL_AREA(#4907);
#4907 = FILL_AREA_STYLE('',(#4908));
#4908 = FILL_AREA_STYLE_COLOUR('',#3838);
#4909 = CURVE_STYLE('',#4910,POSITIVE_LENGTH_MEASURE(0.1),#3841);
#4910 = DRAUGHTING_PRE_DEFINED_CURVE_FONT('continuous');
#4911 = OVER_RIDING_STYLED_ITEM('overriding color',(#4912),#1352,#4443);
#4912 = PRESENTATION_STYLE_BY_CONTEXT((#4913,#4918),#3727);
#4913 = SURFACE_STYLE_USAGE(.BOTH.,#4914);
#4914 = SURFACE_SIDE_STYLE('',(#4915));
#4915 = SURFACE_STYLE_FILL_AREA(#4916);
#4916 = FILL_AREA_STYLE('',(#4917));
#4917 = FILL_AREA_STYLE_COLOUR('',#4358);
#4918 = CURVE_STYLE('',#4919,POSITIVE_LENGTH_MEASURE(0.1),#4361);
#4919 = DRAUGHTING_PRE_DEFINED_CURVE_FONT('continuous');
#4920 = OVER_RIDING_STYLED_ITEM('overriding color',(#4921),#1352,#4443);
#4921 = PRESENTATION_STYLE_BY_CONTEXT((#4922,#4927),#3733);
#4922 = SURFACE_STYLE_USAGE(.BOTH.,#4923);
#4923 = SURFACE_SIDE_STYLE('',(#4924));
#4924 = SURFACE_STYLE_FILL_AREA(#4925);
#4925 = FILL_AREA_STYLE('',(#4926));
#4926 = FILL_AREA_STYLE_COLOUR('',#3838);
#4927 = CURVE_STYLE('',#4928,POSITIVE_LENGTH_MEASURE(0.1),#3841);
#4928 = DRAUGHTING_PRE_DEFINED_CURVE_FONT('continuous');
#4929 = OVER_RIDING_STYLED_ITEM('overriding color',(#4930),#1352,#4443);
#4930 = PRESENTATION_STYLE_BY_CONTEXT((#4931,#4936),#3737);
#4931 = SURFACE_STYLE_USAGE(.BOTH.,#4932);
#4932 = SURFACE_SIDE_STYLE('',(#4933));
#4933 = SURFACE_STYLE_FILL_AREA(#4934);
#4934 = FILL_AREA_STYLE('',(#4935));
#4935 = FILL_AREA_STYLE_COLOUR('',#4378);
#4936 = CURVE_STYLE('',#4937,POSITIVE_LENGTH_MEASURE(0.1),#4381);
#4937 = DRAUGHTING_PRE_DEFINED_CURVE_FONT('continuous');
#4938 = OVER_RIDING_STYLED_ITEM('overriding color',(#4939),#1352,#4443);
#4939 = PRESENTATION_STYLE_BY_CONTEXT((#4940,#4945),#3743);
#4940 = SURFACE_STYLE_USAGE(.BOTH.,#4941);
#4941 = SURFACE_SIDE_STYLE('',(#4942));
#4942 = SURFACE_STYLE_FILL_AREA(#4943);
#4943 = FILL_AREA_STYLE('',(#4944));
#4944 = FILL_AREA_STYLE_COLOUR('',#3838);
#4945 = CURVE_STYLE('',#4946,POSITIVE_LENGTH_MEASURE(0.1),#3841);
#4946 = DRAUGHTING_PRE_DEFINED_CURVE_FONT('continuous');
#4947 = OVER_RIDING_STYLED_ITEM('overriding color',(#4948),#1352,#4443);
#4948 = PRESENTATION_STYLE_BY_CONTEXT((#4949,#4954),#3747);
#4949 = SURFACE_STYLE_USAGE(.BOTH.,#4950);
#4950 = SURFACE_SIDE_STYLE('',(#4951));
#4951 = SURFACE_STYLE_FILL_AREA(#4952);
#4952 = FILL_AREA_STYLE('',(#4953));
#4953 = FILL_AREA_STYLE_COLOUR('',#4398);
#4954 = CURVE_STYLE('',#4955,POSITIVE_LENGTH_MEASURE(0.1),#4401);
#4955 = DRAUGHTING_PRE_DEFINED_CURVE_FONT('continuous');
#4956 = OVER_RIDING_STYLED_ITEM('overriding color',(#4957),#1352,#4443);
#4957 = PRESENTATION_STYLE_BY_CONTEXT((#4958,#4963),#3753);
#4958 = SURFACE_STYLE_USAGE(.BOTH.,#4959);
#4959 = SURFACE_SIDE_STYLE('',(#4960));
#4960 = SURFACE_STYLE_FILL_AREA(#4961);
#4961 = FILL_AREA_STYLE('',(#4962));
#4962 = FILL_AREA_STYLE_COLOUR('',#3838);
#4963 = CURVE_STYLE('',#4964,POSITIVE_LENGTH_MEASURE(0.1),#3841);
#4964 = DRAUGHTING_PRE_DEFINED_CURVE_FONT('continuous');
#4965 = OVER_RIDING_STYLED_ITEM('overriding color',(#4966),#1352,#4443);
#4966 = PRESENTATION_STYLE_BY_CONTEXT((#4967,#4972),#3757);
#4967 = SURFACE_STYLE_USAGE(.BOTH.,#4968);
#4968 = SURFACE_SIDE_STYLE('',(#4969));
#4969 = SURFACE_STYLE_FILL_AREA(#4970);
#4970 = FILL_AREA_STYLE('',(#4971));
#4971 = FILL_AREA_STYLE_COLOUR('',#4418);
#4972 = CURVE_STYLE('',#4973,POSITIVE_LENGTH_MEASURE(0.1),#4421);
#4973 = DRAUGHTING_PRE_DEFINED_CURVE_FONT('continuous');
#4974 = OVER_RIDING_STYLED_ITEM('overriding color',(#4975),#1352,#4443);
#4975 = PRESENTATION_STYLE_BY_CONTEXT((#4976,#4981),#3763);
#4976 = SURFACE_STYLE_USAGE(.BOTH.,#4977);
#4977 = SURFACE_SIDE_STYLE('',(#4978));
#4978 = SURFACE_STYLE_FILL_AREA(#4979);
#4979 = FILL_AREA_STYLE('',(#4980));
#4980 = FILL_AREA_STYLE_COLOUR('',#3838);
#4981 = CURVE_STYLE('',#4982,POSITIVE_LENGTH_MEASURE(0.1),#3841);
#4982 = DRAUGHTING_PRE_DEFINED_CURVE_FONT('continuous');
#4983 = OVER_RIDING_STYLED_ITEM('overriding color',(#4984),#1352,#4443);
#4984 = PRESENTATION_STYLE_BY_CONTEXT((#4985,#4990),#3767);
#4985 = SURFACE_STYLE_USAGE(.BOTH.,#4986);
#4986 = SURFACE_SIDE_STYLE('',(#4987));
#4987 = SURFACE_STYLE_FILL_AREA(#4988);
#4988 = FILL_AREA_STYLE('',(#4989));
#4989 = FILL_AREA_STYLE_COLOUR('',#4438);
#4990 = CURVE_STYLE('',#4991,POSITIVE_LENGTH_MEASURE(0.1),#4441);
#4991 = DRAUGHTING_PRE_DEFINED_CURVE_FONT('continuous');
#4992 = MECHANICAL_DESIGN_GEOMETRIC_PRESENTATION_REPRESENTATION('',(
    #4993,#5003,#5012,#5021,#5030,#5039,#5048,#5057,#5066,#5075,#5084,
    #5093,#5102,#5111,#5120,#5129,#5138,#5147,#5156,#5165,#5174,#5183,
    #5192,#5201,#5210,#5219,#5228,#5237,#5246,#5255,#5264,#5273,#5284,
    #5293,#5302,#5311,#5320,#5329,#5338,#5347,#5356,#5365,#5374,#5383,
    #5392,#5401,#5410,#5419,#5428,#5437,#5446,#5455,#5464,#5473,#5482,
    #5491,#5500,#5509,#5518,#5527,#5536),#1306);
#4993 = STYLED_ITEM('color',(#4994),#300);
#4994 = PRESENTATION_STYLE_ASSIGNMENT((#4995,#5001));
#4995 = SURFACE_STYLE_USAGE(.BOTH.,#4996);
#4996 = SURFACE_SIDE_STYLE('',(#4997));
#4997 = SURFACE_STYLE_FILL_AREA(#4998);
#4998 = FILL_AREA_STYLE('',(#4999));
#4999 = FILL_AREA_STYLE_COLOUR('',#5000);
#5000 = COLOUR_RGB('',0.199999998682,0.199999998682,0.199999998682);
#5001 = CURVE_STYLE('',#5002,POSITIVE_LENGTH_MEASURE(0.1),#3841);
#5002 = DRAUGHTING_PRE_DEFINED_CURVE_FONT('continuous');
#5003 = OVER_RIDING_STYLED_ITEM('overriding color',(#5004),#300,#4993);
#5004 = PRESENTATION_STYLE_BY_CONTEXT((#5005,#5010),#3471);
#5005 = SURFACE_STYLE_USAGE(.BOTH.,#5006);
#5006 = SURFACE_SIDE_STYLE('',(#5007));
#5007 = SURFACE_STYLE_FILL_AREA(#5008);
#5008 = FILL_AREA_STYLE('',(#5009));
#5009 = FILL_AREA_STYLE_COLOUR('',#5000);
#5010 = CURVE_STYLE('',#5011,POSITIVE_LENGTH_MEASURE(0.1),#3841);
#5011 = DRAUGHTING_PRE_DEFINED_CURVE_FONT('continuous');
#5012 = OVER_RIDING_STYLED_ITEM('overriding color',(#5013),#300,#4993);
#5013 = PRESENTATION_STYLE_BY_CONTEXT((#5014,#5019),#3481);
#5014 = SURFACE_STYLE_USAGE(.BOTH.,#5015);
#5015 = SURFACE_SIDE_STYLE('',(#5016));
#5016 = SURFACE_STYLE_FILL_AREA(#5017);
#5017 = FILL_AREA_STYLE('',(#5018));
#5018 = FILL_AREA_STYLE_COLOUR('',#5000);
#5019 = CURVE_STYLE('',#5020,POSITIVE_LENGTH_MEASURE(0.1),#3841);
#5020 = DRAUGHTING_PRE_DEFINED_CURVE_FONT('continuous');
#5021 = OVER_RIDING_STYLED_ITEM('overriding color',(#5022),#300,#4993);
#5022 = PRESENTATION_STYLE_BY_CONTEXT((#5023,#5028),#3491);
#5023 = SURFACE_STYLE_USAGE(.BOTH.,#5024);
#5024 = SURFACE_SIDE_STYLE('',(#5025));
#5025 = SURFACE_STYLE_FILL_AREA(#5026);
#5026 = FILL_AREA_STYLE('',(#5027));
#5027 = FILL_AREA_STYLE_COLOUR('',#5000);
#5028 = CURVE_STYLE('',#5029,POSITIVE_LENGTH_MEASURE(0.1),#3841);
#5029 = DRAUGHTING_PRE_DEFINED_CURVE_FONT('continuous');
#5030 = OVER_RIDING_STYLED_ITEM('overriding color',(#5031),#300,#4993);
#5031 = PRESENTATION_STYLE_BY_CONTEXT((#5032,#5037),#3501);
#5032 = SURFACE_STYLE_USAGE(.BOTH.,#5033);
#5033 = SURFACE_SIDE_STYLE('',(#5034));
#5034 = SURFACE_STYLE_FILL_AREA(#5035);
#5035 = FILL_AREA_STYLE('',(#5036));
#5036 = FILL_AREA_STYLE_COLOUR('',#5000);
#5037 = CURVE_STYLE('',#5038,POSITIVE_LENGTH_MEASURE(0.1),#3841);
#5038 = DRAUGHTING_PRE_DEFINED_CURVE_FONT('continuous');
#5039 = OVER_RIDING_STYLED_ITEM('overriding color',(#5040),#300,#4993);
#5040 = PRESENTATION_STYLE_BY_CONTEXT((#5041,#5046),#3511);
#5041 = SURFACE_STYLE_USAGE(.BOTH.,#5042);
#5042 = SURFACE_SIDE_STYLE('',(#5043));
#5043 = SURFACE_STYLE_FILL_AREA(#5044);
#5044 = FILL_AREA_STYLE('',(#5045));
#5045 = FILL_AREA_STYLE_COLOUR('',#5000);
#5046 = CURVE_STYLE('',#5047,POSITIVE_LENGTH_MEASURE(0.1),#3841);
#5047 = DRAUGHTING_PRE_DEFINED_CURVE_FONT('continuous');
#5048 = OVER_RIDING_STYLED_ITEM('overriding color',(#5049),#300,#4993);
#5049 = PRESENTATION_STYLE_BY_CONTEXT((#5050,#5055),#3521);
#5050 = SURFACE_STYLE_USAGE(.BOTH.,#5051);
#5051 = SURFACE_SIDE_STYLE('',(#5052));
#5052 = SURFACE_STYLE_FILL_AREA(#5053);
#5053 = FILL_AREA_STYLE('',(#5054));
#5054 = FILL_AREA_STYLE_COLOUR('',#5000);
#5055 = CURVE_STYLE('',#5056,POSITIVE_LENGTH_MEASURE(0.1),#3841);
#5056 = DRAUGHTING_PRE_DEFINED_CURVE_FONT('continuous');
#5057 = OVER_RIDING_STYLED_ITEM('overriding color',(#5058),#300,#4993);
#5058 = PRESENTATION_STYLE_BY_CONTEXT((#5059,#5064),#3531);
#5059 = SURFACE_STYLE_USAGE(.BOTH.,#5060);
#5060 = SURFACE_SIDE_STYLE('',(#5061));
#5061 = SURFACE_STYLE_FILL_AREA(#5062);
#5062 = FILL_AREA_STYLE('',(#5063));
#5063 = FILL_AREA_STYLE_COLOUR('',#5000);
#5064 = CURVE_STYLE('',#5065,POSITIVE_LENGTH_MEASURE(0.1),#3841);
#5065 = DRAUGHTING_PRE_DEFINED_CURVE_FONT('continuous');
#5066 = OVER_RIDING_STYLED_ITEM('overriding color',(#5067),#300,#4993);
#5067 = PRESENTATION_STYLE_BY_CONTEXT((#5068,#5073),#3541);
#5068 = SURFACE_STYLE_USAGE(.BOTH.,#5069);
#5069 = SURFACE_SIDE_STYLE('',(#5070));
#5070 = SURFACE_STYLE_FILL_AREA(#5071);
#5071 = FILL_AREA_STYLE('',(#5072));
#5072 = FILL_AREA_STYLE_COLOUR('',#5000);
#5073 = CURVE_STYLE('',#5074,POSITIVE_LENGTH_MEASURE(0.1),#3841);
#5074 = DRAUGHTING_PRE_DEFINED_CURVE_FONT('continuous');
#5075 = OVER_RIDING_STYLED_ITEM('overriding color',(#5076),#300,#4993);
#5076 = PRESENTATION_STYLE_BY_CONTEXT((#5077,#5082),#3551);
#5077 = SURFACE_STYLE_USAGE(.BOTH.,#5078);
#5078 = SURFACE_SIDE_STYLE('',(#5079));
#5079 = SURFACE_STYLE_FILL_AREA(#5080);
#5080 = FILL_AREA_STYLE('',(#5081));
#5081 = FILL_AREA_STYLE_COLOUR('',#5000);
#5082 = CURVE_STYLE('',#5083,POSITIVE_LENGTH_MEASURE(0.1),#3841);
#5083 = DRAUGHTING_PRE_DEFINED_CURVE_FONT('continuous');
#5084 = OVER_RIDING_STYLED_ITEM('overriding color',(#5085),#300,#4993);
#5085 = PRESENTATION_STYLE_BY_CONTEXT((#5086,#5091),#3561);
#5086 = SURFACE_STYLE_USAGE(.BOTH.,#5087);
#5087 = SURFACE_SIDE_STYLE('',(#5088));
#5088 = SURFACE_STYLE_FILL_AREA(#5089);
#5089 = FILL_AREA_STYLE('',(#5090));
#5090 = FILL_AREA_STYLE_COLOUR('',#5000);
#5091 = CURVE_STYLE('',#5092,POSITIVE_LENGTH_MEASURE(0.1),#3841);
#5092 = DRAUGHTING_PRE_DEFINED_CURVE_FONT('continuous');
#5093 = OVER_RIDING_STYLED_ITEM('overriding color',(#5094),#300,#4993);
#5094 = PRESENTATION_STYLE_BY_CONTEXT((#5095,#5100),#3571);
#5095 = SURFACE_STYLE_USAGE(.BOTH.,#5096);
#5096 = SURFACE_SIDE_STYLE('',(#5097));
#5097 = SURFACE_STYLE_FILL_AREA(#5098);
#5098 = FILL_AREA_STYLE('',(#5099));
#5099 = FILL_AREA_STYLE_COLOUR('',#5000);
#5100 = CURVE_STYLE('',#5101,POSITIVE_LENGTH_MEASURE(0.1),#3841);
#5101 = DRAUGHTING_PRE_DEFINED_CURVE_FONT('continuous');
#5102 = OVER_RIDING_STYLED_ITEM('overriding color',(#5103),#300,#4993);
#5103 = PRESENTATION_STYLE_BY_CONTEXT((#5104,#5109),#3581);
#5104 = SURFACE_STYLE_USAGE(.BOTH.,#5105);
#5105 = SURFACE_SIDE_STYLE('',(#5106));
#5106 = SURFACE_STYLE_FILL_AREA(#5107);
#5107 = FILL_AREA_STYLE('',(#5108));
#5108 = FILL_AREA_STYLE_COLOUR('',#5000);
#5109 = CURVE_STYLE('',#5110,POSITIVE_LENGTH_MEASURE(0.1),#3841);
#5110 = DRAUGHTING_PRE_DEFINED_CURVE_FONT('continuous');
#5111 = OVER_RIDING_STYLED_ITEM('overriding color',(#5112),#300,#4993);
#5112 = PRESENTATION_STYLE_BY_CONTEXT((#5113,#5118),#3591);
#5113 = SURFACE_STYLE_USAGE(.BOTH.,#5114);
#5114 = SURFACE_SIDE_STYLE('',(#5115));
#5115 = SURFACE_STYLE_FILL_AREA(#5116);
#5116 = FILL_AREA_STYLE('',(#5117));
#5117 = FILL_AREA_STYLE_COLOUR('',#5000);
#5118 = CURVE_STYLE('',#5119,POSITIVE_LENGTH_MEASURE(0.1),#3841);
#5119 = DRAUGHTING_PRE_DEFINED_CURVE_FONT('continuous');
#5120 = OVER_RIDING_STYLED_ITEM('overriding color',(#5121),#300,#4993);
#5121 = PRESENTATION_STYLE_BY_CONTEXT((#5122,#5127),#3601);
#5122 = SURFACE_STYLE_USAGE(.BOTH.,#5123);
#5123 = SURFACE_SIDE_STYLE('',(#5124));
#5124 = SURFACE_STYLE_FILL_AREA(#5125);
#5125 = FILL_AREA_STYLE('',(#5126));
#5126 = FILL_AREA_STYLE_COLOUR('',#5000);
#5127 = CURVE_STYLE('',#5128,POSITIVE_LENGTH_MEASURE(0.1),#3841);
#5128 = DRAUGHTING_PRE_DEFINED_CURVE_FONT('continuous');
#5129 = OVER_RIDING_STYLED_ITEM('overriding color',(#5130),#300,#4993);
#5130 = PRESENTATION_STYLE_BY_CONTEXT((#5131,#5136),#3611);
#5131 = SURFACE_STYLE_USAGE(.BOTH.,#5132);
#5132 = SURFACE_SIDE_STYLE('',(#5133));
#5133 = SURFACE_STYLE_FILL_AREA(#5134);
#5134 = FILL_AREA_STYLE('',(#5135));
#5135 = FILL_AREA_STYLE_COLOUR('',#5000);
#5136 = CURVE_STYLE('',#5137,POSITIVE_LENGTH_MEASURE(0.1),#3841);
#5137 = DRAUGHTING_PRE_DEFINED_CURVE_FONT('continuous');
#5138 = OVER_RIDING_STYLED_ITEM('overriding color',(#5139),#300,#4993);
#5139 = PRESENTATION_STYLE_BY_CONTEXT((#5140,#5145),#3621);
#5140 = SURFACE_STYLE_USAGE(.BOTH.,#5141);
#5141 = SURFACE_SIDE_STYLE('',(#5142));
#5142 = SURFACE_STYLE_FILL_AREA(#5143);
#5143 = FILL_AREA_STYLE('',(#5144));
#5144 = FILL_AREA_STYLE_COLOUR('',#5000);
#5145 = CURVE_STYLE('',#5146,POSITIVE_LENGTH_MEASURE(0.1),#3841);
#5146 = DRAUGHTING_PRE_DEFINED_CURVE_FONT('continuous');
#5147 = OVER_RIDING_STYLED_ITEM('overriding color',(#5148),#300,#4993);
#5148 = PRESENTATION_STYLE_BY_CONTEXT((#5149,#5154),#3631);
#5149 = SURFACE_STYLE_USAGE(.BOTH.,#5150);
#5150 = SURFACE_SIDE_STYLE('',(#5151));
#5151 = SURFACE_STYLE_FILL_AREA(#5152);
#5152 = FILL_AREA_STYLE('',(#5153));
#5153 = FILL_AREA_STYLE_COLOUR('',#5000);
#5154 = CURVE_STYLE('',#5155,POSITIVE_LENGTH_MEASURE(0.1),#3841);
#5155 = DRAUGHTING_PRE_DEFINED_CURVE_FONT('continuous');
#5156 = OVER_RIDING_STYLED_ITEM('overriding color',(#5157),#300,#4993);
#5157 = PRESENTATION_STYLE_BY_CONTEXT((#5158,#5163),#3641);
#5158 = SURFACE_STYLE_USAGE(.BOTH.,#5159);
#5159 = SURFACE_SIDE_STYLE('',(#5160));
#5160 = SURFACE_STYLE_FILL_AREA(#5161);
#5161 = FILL_AREA_STYLE('',(#5162));
#5162 = FILL_AREA_STYLE_COLOUR('',#5000);
#5163 = CURVE_STYLE('',#5164,POSITIVE_LENGTH_MEASURE(0.1),#3841);
#5164 = DRAUGHTING_PRE_DEFINED_CURVE_FONT('continuous');
#5165 = OVER_RIDING_STYLED_ITEM('overriding color',(#5166),#300,#4993);
#5166 = PRESENTATION_STYLE_BY_CONTEXT((#5167,#5172),#3651);
#5167 = SURFACE_STYLE_USAGE(.BOTH.,#5168);
#5168 = SURFACE_SIDE_STYLE('',(#5169));
#5169 = SURFACE_STYLE_FILL_AREA(#5170);
#5170 = FILL_AREA_STYLE('',(#5171));
#5171 = FILL_AREA_STYLE_COLOUR('',#5000);
#5172 = CURVE_STYLE('',#5173,POSITIVE_LENGTH_MEASURE(0.1),#3841);
#5173 = DRAUGHTING_PRE_DEFINED_CURVE_FONT('continuous');
#5174 = OVER_RIDING_STYLED_ITEM('overriding color',(#5175),#300,#4993);
#5175 = PRESENTATION_STYLE_BY_CONTEXT((#5176,#5181),#3661);
#5176 = SURFACE_STYLE_USAGE(.BOTH.,#5177);
#5177 = SURFACE_SIDE_STYLE('',(#5178));
#5178 = SURFACE_STYLE_FILL_AREA(#5179);
#5179 = FILL_AREA_STYLE('',(#5180));
#5180 = FILL_AREA_STYLE_COLOUR('',#5000);
#5181 = CURVE_STYLE('',#5182,POSITIVE_LENGTH_MEASURE(0.1),#3841);
#5182 = DRAUGHTING_PRE_DEFINED_CURVE_FONT('continuous');
#5183 = OVER_RIDING_STYLED_ITEM('overriding color',(#5184),#300,#4993);
#5184 = PRESENTATION_STYLE_BY_CONTEXT((#5185,#5190),#3671);
#5185 = SURFACE_STYLE_USAGE(.BOTH.,#5186);
#5186 = SURFACE_SIDE_STYLE('',(#5187));
#5187 = SURFACE_STYLE_FILL_AREA(#5188);
#5188 = FILL_AREA_STYLE('',(#5189));
#5189 = FILL_AREA_STYLE_COLOUR('',#5000);
#5190 = CURVE_STYLE('',#5191,POSITIVE_LENGTH_MEASURE(0.1),#3841);
#5191 = DRAUGHTING_PRE_DEFINED_CURVE_FONT('continuous');
#5192 = OVER_RIDING_STYLED_ITEM('overriding color',(#5193),#300,#4993);
#5193 = PRESENTATION_STYLE_BY_CONTEXT((#5194,#5199),#3681);
#5194 = SURFACE_STYLE_USAGE(.BOTH.,#5195);
#5195 = SURFACE_SIDE_STYLE('',(#5196));
#5196 = SURFACE_STYLE_FILL_AREA(#5197);
#5197 = FILL_AREA_STYLE('',(#5198));
#5198 = FILL_AREA_STYLE_COLOUR('',#5000);
#5199 = CURVE_STYLE('',#5200,POSITIVE_LENGTH_MEASURE(0.1),#3841);
#5200 = DRAUGHTING_PRE_DEFINED_CURVE_FONT('continuous');
#5201 = OVER_RIDING_STYLED_ITEM('overriding color',(#5202),#300,#4993);
#5202 = PRESENTATION_STYLE_BY_CONTEXT((#5203,#5208),#3691);
#5203 = SURFACE_STYLE_USAGE(.BOTH.,#5204);
#5204 = SURFACE_SIDE_STYLE('',(#5205));
#5205 = SURFACE_STYLE_FILL_AREA(#5206);
#5206 = FILL_AREA_STYLE('',(#5207));
#5207 = FILL_AREA_STYLE_COLOUR('',#5000);
#5208 = CURVE_STYLE('',#5209,POSITIVE_LENGTH_MEASURE(0.1),#3841);
#5209 = DRAUGHTING_PRE_DEFINED_CURVE_FONT('continuous');
#5210 = OVER_RIDING_STYLED_ITEM('overriding color',(#5211),#300,#4993);
#5211 = PRESENTATION_STYLE_BY_CONTEXT((#5212,#5217),#3701);
#5212 = SURFACE_STYLE_USAGE(.BOTH.,#5213);
#5213 = SURFACE_SIDE_STYLE('',(#5214));
#5214 = SURFACE_STYLE_FILL_AREA(#5215);
#5215 = FILL_AREA_STYLE('',(#5216));
#5216 = FILL_AREA_STYLE_COLOUR('',#5000);
#5217 = CURVE_STYLE('',#5218,POSITIVE_LENGTH_MEASURE(0.1),#3841);
#5218 = DRAUGHTING_PRE_DEFINED_CURVE_FONT('continuous');
#5219 = OVER_RIDING_STYLED_ITEM('overriding color',(#5220),#300,#4993);
#5220 = PRESENTATION_STYLE_BY_CONTEXT((#5221,#5226),#3711);
#5221 = SURFACE_STYLE_USAGE(.BOTH.,#5222);
#5222 = SURFACE_SIDE_STYLE('',(#5223));
#5223 = SURFACE_STYLE_FILL_AREA(#5224);
#5224 = FILL_AREA_STYLE('',(#5225));
#5225 = FILL_AREA_STYLE_COLOUR('',#5000);
#5226 = CURVE_STYLE('',#5227,POSITIVE_LENGTH_MEASURE(0.1),#3841);
#5227 = DRAUGHTING_PRE_DEFINED_CURVE_FONT('continuous');
#5228 = OVER_RIDING_STYLED_ITEM('overriding color',(#5229),#300,#4993);
#5229 = PRESENTATION_STYLE_BY_CONTEXT((#5230,#5235),#3721);
#5230 = SURFACE_STYLE_USAGE(.BOTH.,#5231);
#5231 = SURFACE_SIDE_STYLE('',(#5232));
#5232 = SURFACE_STYLE_FILL_AREA(#5233);
#5233 = FILL_AREA_STYLE('',(#5234));
#5234 = FILL_AREA_STYLE_COLOUR('',#5000);
#5235 = CURVE_STYLE('',#5236,POSITIVE_LENGTH_MEASURE(0.1),#3841);
#5236 = DRAUGHTING_PRE_DEFINED_CURVE_FONT('continuous');
#5237 = OVER_RIDING_STYLED_ITEM('overriding color',(#5238),#300,#4993);
#5238 = PRESENTATION_STYLE_BY_CONTEXT((#5239,#5244),#3731);
#5239 = SURFACE_STYLE_USAGE(.BOTH.,#5240);
#5240 = SURFACE_SIDE_STYLE('',(#5241));
#5241 = SURFACE_STYLE_FILL_AREA(#5242);
#5242 = FILL_AREA_STYLE('',(#5243));
#5243 = FILL_AREA_STYLE_COLOUR('',#5000);
#5244 = CURVE_STYLE('',#5245,POSITIVE_LENGTH_MEASURE(0.1),#3841);
#5245 = DRAUGHTING_PRE_DEFINED_CURVE_FONT('continuous');
#5246 = OVER_RIDING_STYLED_ITEM('overriding color',(#5247),#300,#4993);
#5247 = PRESENTATION_STYLE_BY_CONTEXT((#5248,#5253),#3741);
#5248 = SURFACE_STYLE_USAGE(.BOTH.,#5249);
#5249 = SURFACE_SIDE_STYLE('',(#5250));
#5250 = SURFACE_STYLE_FILL_AREA(#5251);
#5251 = FILL_AREA_STYLE('',(#5252));
#5252 = FILL_AREA_STYLE_COLOUR('',#5000);
#5253 = CURVE_STYLE('',#5254,POSITIVE_LENGTH_MEASURE(0.1),#3841);
#5254 = DRAUGHTING_PRE_DEFINED_CURVE_FONT('continuous');
#5255 = OVER_RIDING_STYLED_ITEM('overriding color',(#5256),#300,#4993);
#5256 = PRESENTATION_STYLE_BY_CONTEXT((#5257,#5262),#3751);
#5257 = SURFACE_STYLE_USAGE(.BOTH.,#5258);
#5258 = SURFACE_SIDE_STYLE('',(#5259));
#5259 = SURFACE_STYLE_FILL_AREA(#5260);
#5260 = FILL_AREA_STYLE('',(#5261));
#5261 = FILL_AREA_STYLE_COLOUR('',#5000);
#5262 = CURVE_STYLE('',#5263,POSITIVE_LENGTH_MEASURE(0.1),#3841);
#5263 = DRAUGHTING_PRE_DEFINED_CURVE_FONT('continuous');
#5264 = OVER_RIDING_STYLED_ITEM('overriding color',(#5265),#300,#4993);
#5265 = PRESENTATION_STYLE_BY_CONTEXT((#5266,#5271),#3761);
#5266 = SURFACE_STYLE_USAGE(.BOTH.,#5267);
#5267 = SURFACE_SIDE_STYLE('',(#5268));
#5268 = SURFACE_STYLE_FILL_AREA(#5269);
#5269 = FILL_AREA_STYLE('',(#5270));
#5270 = FILL_AREA_STYLE_COLOUR('',#5000);
#5271 = CURVE_STYLE('',#5272,POSITIVE_LENGTH_MEASURE(0.1),#3841);
#5272 = DRAUGHTING_PRE_DEFINED_CURVE_FONT('continuous');
#5273 = OVER_RIDING_STYLED_ITEM('overriding color',(#5274),#300,#4993);
#5274 = PRESENTATION_STYLE_BY_CONTEXT((#5275,#5281),#3771);
#5275 = SURFACE_STYLE_USAGE(.BOTH.,#5276);
#5276 = SURFACE_SIDE_STYLE('',(#5277));
#5277 = SURFACE_STYLE_FILL_AREA(#5278);
#5278 = FILL_AREA_STYLE('',(#5279));
#5279 = FILL_AREA_STYLE_COLOUR('',#5280);
#5280 = COLOUR_RGB('',0.199999998682,0.199999998682,0.199999998682);
#5281 = CURVE_STYLE('',#5282,POSITIVE_LENGTH_MEASURE(0.1),#5283);
#5282 = DRAUGHTING_PRE_DEFINED_CURVE_FONT('continuous');
#5283 = COLOUR_RGB('',9.803921802644E-02,9.803921802644E-02,
  9.803921802644E-02);
#5284 = OVER_RIDING_STYLED_ITEM('overriding color',(#5285),#300,#4993);
#5285 = PRESENTATION_STYLE_BY_CONTEXT((#5286,#5291),#3773);
#5286 = SURFACE_STYLE_USAGE(.BOTH.,#5287);
#5287 = SURFACE_SIDE_STYLE('',(#5288));
#5288 = SURFACE_STYLE_FILL_AREA(#5289);
#5289 = FILL_AREA_STYLE('',(#5290));
#5290 = FILL_AREA_STYLE_COLOUR('',#5280);
#5291 = CURVE_STYLE('',#5292,POSITIVE_LENGTH_MEASURE(0.1),#5283);
#5292 = DRAUGHTING_PRE_DEFINED_CURVE_FONT('continuous');
#5293 = OVER_RIDING_STYLED_ITEM('overriding color',(#5294),#300,#4993);
#5294 = PRESENTATION_STYLE_BY_CONTEXT((#5295,#5300),#3775);
#5295 = SURFACE_STYLE_USAGE(.BOTH.,#5296);
#5296 = SURFACE_SIDE_STYLE('',(#5297));
#5297 = SURFACE_STYLE_FILL_AREA(#5298);
#5298 = FILL_AREA_STYLE('',(#5299));
#5299 = FILL_AREA_STYLE_COLOUR('',#5280);
#5300 = CURVE_STYLE('',#5301,POSITIVE_LENGTH_MEASURE(0.1),#5283);
#5301 = DRAUGHTING_PRE_DEFINED_CURVE_FONT('continuous');
#5302 = OVER_RIDING_STYLED_ITEM('overriding color',(#5303),#300,#4993);
#5303 = PRESENTATION_STYLE_BY_CONTEXT((#5304,#5309),#3777);
#5304 = SURFACE_STYLE_USAGE(.BOTH.,#5305);
#5305 = SURFACE_SIDE_STYLE('',(#5306));
#5306 = SURFACE_STYLE_FILL_AREA(#5307);
#5307 = FILL_AREA_STYLE('',(#5308));
#5308 = FILL_AREA_STYLE_COLOUR('',#5280);
#5309 = CURVE_STYLE('',#5310,POSITIVE_LENGTH_MEASURE(0.1),#5283);
#5310 = DRAUGHTING_PRE_DEFINED_CURVE_FONT('continuous');
#5311 = OVER_RIDING_STYLED_ITEM('overriding color',(#5312),#300,#4993);
#5312 = PRESENTATION_STYLE_BY_CONTEXT((#5313,#5318),#3779);
#5313 = SURFACE_STYLE_USAGE(.BOTH.,#5314);
#5314 = SURFACE_SIDE_STYLE('',(#5315));
#5315 = SURFACE_STYLE_FILL_AREA(#5316);
#5316 = FILL_AREA_STYLE('',(#5317));
#5317 = FILL_AREA_STYLE_COLOUR('',#5280);
#5318 = CURVE_STYLE('',#5319,POSITIVE_LENGTH_MEASURE(0.1),#5283);
#5319 = DRAUGHTING_PRE_DEFINED_CURVE_FONT('continuous');
#5320 = OVER_RIDING_STYLED_ITEM('overriding color',(#5321),#300,#4993);
#5321 = PRESENTATION_STYLE_BY_CONTEXT((#5322,#5327),#3781);
#5322 = SURFACE_STYLE_USAGE(.BOTH.,#5323);
#5323 = SURFACE_SIDE_STYLE('',(#5324));
#5324 = SURFACE_STYLE_FILL_AREA(#5325);
#5325 = FILL_AREA_STYLE('',(#5326));
#5326 = FILL_AREA_STYLE_COLOUR('',#5280);
#5327 = CURVE_STYLE('',#5328,POSITIVE_LENGTH_MEASURE(0.1),#5283);
#5328 = DRAUGHTING_PRE_DEFINED_CURVE_FONT('continuous');
#5329 = OVER_RIDING_STYLED_ITEM('overriding color',(#5330),#300,#4993);
#5330 = PRESENTATION_STYLE_BY_CONTEXT((#5331,#5336),#3783);
#5331 = SURFACE_STYLE_USAGE(.BOTH.,#5332);
#5332 = SURFACE_SIDE_STYLE('',(#5333));
#5333 = SURFACE_STYLE_FILL_AREA(#5334);
#5334 = FILL_AREA_STYLE('',(#5335));
#5335 = FILL_AREA_STYLE_COLOUR('',#5280);
#5336 = CURVE_STYLE('',#5337,POSITIVE_LENGTH_MEASURE(0.1),#5283);
#5337 = DRAUGHTING_PRE_DEFINED_CURVE_FONT('continuous');
#5338 = OVER_RIDING_STYLED_ITEM('overriding color',(#5339),#300,#4993);
#5339 = PRESENTATION_STYLE_BY_CONTEXT((#5340,#5345),#3785);
#5340 = SURFACE_STYLE_USAGE(.BOTH.,#5341);
#5341 = SURFACE_SIDE_STYLE('',(#5342));
#5342 = SURFACE_STYLE_FILL_AREA(#5343);
#5343 = FILL_AREA_STYLE('',(#5344));
#5344 = FILL_AREA_STYLE_COLOUR('',#5280);
#5345 = CURVE_STYLE('',#5346,POSITIVE_LENGTH_MEASURE(0.1),#5283);
#5346 = DRAUGHTING_PRE_DEFINED_CURVE_FONT('continuous');
#5347 = OVER_RIDING_STYLED_ITEM('overriding color',(#5348),#300,#4993);
#5348 = PRESENTATION_STYLE_BY_CONTEXT((#5349,#5354),#3787);
#5349 = SURFACE_STYLE_USAGE(.BOTH.,#5350);
#5350 = SURFACE_SIDE_STYLE('',(#5351));
#5351 = SURFACE_STYLE_FILL_AREA(#5352);
#5352 = FILL_AREA_STYLE('',(#5353));
#5353 = FILL_AREA_STYLE_COLOUR('',#5280);
#5354 = CURVE_STYLE('',#5355,POSITIVE_LENGTH_MEASURE(0.1),#5283);
#5355 = DRAUGHTING_PRE_DEFINED_CURVE_FONT('continuous');
#5356 = OVER_RIDING_STYLED_ITEM('overriding color',(#5357),#300,#4993);
#5357 = PRESENTATION_STYLE_BY_CONTEXT((#5358,#5363),#3789);
#5358 = SURFACE_STYLE_USAGE(.BOTH.,#5359);
#5359 = SURFACE_SIDE_STYLE('',(#5360));
#5360 = SURFACE_STYLE_FILL_AREA(#5361);
#5361 = FILL_AREA_STYLE('',(#5362));
#5362 = FILL_AREA_STYLE_COLOUR('',#5280);
#5363 = CURVE_STYLE('',#5364,POSITIVE_LENGTH_MEASURE(0.1),#5283);
#5364 = DRAUGHTING_PRE_DEFINED_CURVE_FONT('continuous');
#5365 = OVER_RIDING_STYLED_ITEM('overriding color',(#5366),#300,#4993);
#5366 = PRESENTATION_STYLE_BY_CONTEXT((#5367,#5372),#3791);
#5367 = SURFACE_STYLE_USAGE(.BOTH.,#5368);
#5368 = SURFACE_SIDE_STYLE('',(#5369));
#5369 = SURFACE_STYLE_FILL_AREA(#5370);
#5370 = FILL_AREA_STYLE('',(#5371));
#5371 = FILL_AREA_STYLE_COLOUR('',#5280);
#5372 = CURVE_STYLE('',#5373,POSITIVE_LENGTH_MEASURE(0.1),#5283);
#5373 = DRAUGHTING_PRE_DEFINED_CURVE_FONT('continuous');
#5374 = OVER_RIDING_STYLED_ITEM('overriding color',(#5375),#300,#4993);
#5375 = PRESENTATION_STYLE_BY_CONTEXT((#5376,#5381),#3793);
#5376 = SURFACE_STYLE_USAGE(.BOTH.,#5377);
#5377 = SURFACE_SIDE_STYLE('',(#5378));
#5378 = SURFACE_STYLE_FILL_AREA(#5379);
#5379 = FILL_AREA_STYLE('',(#5380));
#5380 = FILL_AREA_STYLE_COLOUR('',#5280);
#5381 = CURVE_STYLE('',#5382,POSITIVE_LENGTH_MEASURE(0.1),#5283);
#5382 = DRAUGHTING_PRE_DEFINED_CURVE_FONT('continuous');
#5383 = OVER_RIDING_STYLED_ITEM('overriding color',(#5384),#300,#4993);
#5384 = PRESENTATION_STYLE_BY_CONTEXT((#5385,#5390),#3795);
#5385 = SURFACE_STYLE_USAGE(.BOTH.,#5386);
#5386 = SURFACE_SIDE_STYLE('',(#5387));
#5387 = SURFACE_STYLE_FILL_AREA(#5388);
#5388 = FILL_AREA_STYLE('',(#5389));
#5389 = FILL_AREA_STYLE_COLOUR('',#5280);
#5390 = CURVE_STYLE('',#5391,POSITIVE_LENGTH_MEASURE(0.1),#5283);
#5391 = DRAUGHTING_PRE_DEFINED_CURVE_FONT('continuous');
#5392 = OVER_RIDING_STYLED_ITEM('overriding color',(#5393),#300,#4993);
#5393 = PRESENTATION_STYLE_BY_CONTEXT((#5394,#5399),#3797);
#5394 = SURFACE_STYLE_USAGE(.BOTH.,#5395);
#5395 = SURFACE_SIDE_STYLE('',(#5396));
#5396 = SURFACE_STYLE_FILL_AREA(#5397);
#5397 = FILL_AREA_STYLE('',(#5398));
#5398 = FILL_AREA_STYLE_COLOUR('',#5280);
#5399 = CURVE_STYLE('',#5400,POSITIVE_LENGTH_MEASURE(0.1),#5283);
#5400 = DRAUGHTING_PRE_DEFINED_CURVE_FONT('continuous');
#5401 = OVER_RIDING_STYLED_ITEM('overriding color',(#5402),#300,#4993);
#5402 = PRESENTATION_STYLE_BY_CONTEXT((#5403,#5408),#3799);
#5403 = SURFACE_STYLE_USAGE(.BOTH.,#5404);
#5404 = SURFACE_SIDE_STYLE('',(#5405));
#5405 = SURFACE_STYLE_FILL_AREA(#5406);
#5406 = FILL_AREA_STYLE('',(#5407));
#5407 = FILL_AREA_STYLE_COLOUR('',#5280);
#5408 = CURVE_STYLE('',#5409,POSITIVE_LENGTH_MEASURE(0.1),#5283);
#5409 = DRAUGHTING_PRE_DEFINED_CURVE_FONT('continuous');
#5410 = OVER_RIDING_STYLED_ITEM('overriding color',(#5411),#300,#4993);
#5411 = PRESENTATION_STYLE_BY_CONTEXT((#5412,#5417),#3801);
#5412 = SURFACE_STYLE_USAGE(.BOTH.,#5413);
#5413 = SURFACE_SIDE_STYLE('',(#5414));
#5414 = SURFACE_STYLE_FILL_AREA(#5415);
#5415 = FILL_AREA_STYLE('',(#5416));
#5416 = FILL_AREA_STYLE_COLOUR('',#5280);
#5417 = CURVE_STYLE('',#5418,POSITIVE_LENGTH_MEASURE(0.1),#5283);
#5418 = DRAUGHTING_PRE_DEFINED_CURVE_FONT('continuous');
#5419 = OVER_RIDING_STYLED_ITEM('overriding color',(#5420),#300,#4993);
#5420 = PRESENTATION_STYLE_BY_CONTEXT((#5421,#5426),#3803);
#5421 = SURFACE_STYLE_USAGE(.BOTH.,#5422);
#5422 = SURFACE_SIDE_STYLE('',(#5423));
#5423 = SURFACE_STYLE_FILL_AREA(#5424);
#5424 = FILL_AREA_STYLE('',(#5425));
#5425 = FILL_AREA_STYLE_COLOUR('',#5280);
#5426 = CURVE_STYLE('',#5427,POSITIVE_LENGTH_MEASURE(0.1),#5283);
#5427 = DRAUGHTING_PRE_DEFINED_CURVE_FONT('continuous');
#5428 = OVER_RIDING_STYLED_ITEM('overriding color',(#5429),#300,#4993);
#5429 = PRESENTATION_STYLE_BY_CONTEXT((#5430,#5435),#3805);
#5430 = SURFACE_STYLE_USAGE(.BOTH.,#5431);
#5431 = SURFACE_SIDE_STYLE('',(#5432));
#5432 = SURFACE_STYLE_FILL_AREA(#5433);
#5433 = FILL_AREA_STYLE('',(#5434));
#5434 = FILL_AREA_STYLE_COLOUR('',#5280);
#5435 = CURVE_STYLE('',#5436,POSITIVE_LENGTH_MEASURE(0.1),#5283);
#5436 = DRAUGHTING_PRE_DEFINED_CURVE_FONT('continuous');
#5437 = OVER_RIDING_STYLED_ITEM('overriding color',(#5438),#300,#4993);
#5438 = PRESENTATION_STYLE_BY_CONTEXT((#5439,#5444),#3807);
#5439 = SURFACE_STYLE_USAGE(.BOTH.,#5440);
#5440 = SURFACE_SIDE_STYLE('',(#5441));
#5441 = SURFACE_STYLE_FILL_AREA(#5442);
#5442 = FILL_AREA_STYLE('',(#5443));
#5443 = FILL_AREA_STYLE_COLOUR('',#5280);
#5444 = CURVE_STYLE('',#5445,POSITIVE_LENGTH_MEASURE(0.1),#5283);
#5445 = DRAUGHTING_PRE_DEFINED_CURVE_FONT('continuous');
#5446 = OVER_RIDING_STYLED_ITEM('overriding color',(#5447),#300,#4993);
#5447 = PRESENTATION_STYLE_BY_CONTEXT((#5448,#5453),#3809);
#5448 = SURFACE_STYLE_USAGE(.BOTH.,#5449);
#5449 = SURFACE_SIDE_STYLE('',(#5450));
#5450 = SURFACE_STYLE_FILL_AREA(#5451);
#5451 = FILL_AREA_STYLE('',(#5452));
#5452 = FILL_AREA_STYLE_COLOUR('',#5280);
#5453 = CURVE_STYLE('',#5454,POSITIVE_LENGTH_MEASURE(0.1),#5283);
#5454 = DRAUGHTING_PRE_DEFINED_CURVE_FONT('continuous');
#5455 = OVER_RIDING_STYLED_ITEM('overriding color',(#5456),#300,#4993);
#5456 = PRESENTATION_STYLE_BY_CONTEXT((#5457,#5462),#3811);
#5457 = SURFACE_STYLE_USAGE(.BOTH.,#5458);
#5458 = SURFACE_SIDE_STYLE('',(#5459));
#5459 = SURFACE_STYLE_FILL_AREA(#5460);
#5460 = FILL_AREA_STYLE('',(#5461));
#5461 = FILL_AREA_STYLE_COLOUR('',#5280);
#5462 = CURVE_STYLE('',#5463,POSITIVE_LENGTH_MEASURE(0.1),#5283);
#5463 = DRAUGHTING_PRE_DEFINED_CURVE_FONT('continuous');
#5464 = OVER_RIDING_STYLED_ITEM('overriding color',(#5465),#300,#4993);
#5465 = PRESENTATION_STYLE_BY_CONTEXT((#5466,#5471),#3813);
#5466 = SURFACE_STYLE_USAGE(.BOTH.,#5467);
#5467 = SURFACE_SIDE_STYLE('',(#5468));
#5468 = SURFACE_STYLE_FILL_AREA(#5469);
#5469 = FILL_AREA_STYLE('',(#5470));
#5470 = FILL_AREA_STYLE_COLOUR('',#5280);
#5471 = CURVE_STYLE('',#5472,POSITIVE_LENGTH_MEASURE(0.1),#5283);
#5472 = DRAUGHTING_PRE_DEFINED_CURVE_FONT('continuous');
#5473 = OVER_RIDING_STYLED_ITEM('overriding color',(#5474),#300,#4993);
#5474 = PRESENTATION_STYLE_BY_CONTEXT((#5475,#5480),#3815);
#5475 = SURFACE_STYLE_USAGE(.BOTH.,#5476);
#5476 = SURFACE_SIDE_STYLE('',(#5477));
#5477 = SURFACE_STYLE_FILL_AREA(#5478);
#5478 = FILL_AREA_STYLE('',(#5479));
#5479 = FILL_AREA_STYLE_COLOUR('',#5280);
#5480 = CURVE_STYLE('',#5481,POSITIVE_LENGTH_MEASURE(0.1),#5283);
#5481 = DRAUGHTING_PRE_DEFINED_CURVE_FONT('continuous');
#5482 = OVER_RIDING_STYLED_ITEM('overriding color',(#5483),#300,#4993);
#5483 = PRESENTATION_STYLE_BY_CONTEXT((#5484,#5489),#3817);
#5484 = SURFACE_STYLE_USAGE(.BOTH.,#5485);
#5485 = SURFACE_SIDE_STYLE('',(#5486));
#5486 = SURFACE_STYLE_FILL_AREA(#5487);
#5487 = FILL_AREA_STYLE('',(#5488));
#5488 = FILL_AREA_STYLE_COLOUR('',#5280);
#5489 = CURVE_STYLE('',#5490,POSITIVE_LENGTH_MEASURE(0.1),#5283);
#5490 = DRAUGHTING_PRE_DEFINED_CURVE_FONT('continuous');
#5491 = OVER_RIDING_STYLED_ITEM('overriding color',(#5492),#300,#4993);
#5492 = PRESENTATION_STYLE_BY_CONTEXT((#5493,#5498),#3819);
#5493 = SURFACE_STYLE_USAGE(.BOTH.,#5494);
#5494 = SURFACE_SIDE_STYLE('',(#5495));
#5495 = SURFACE_STYLE_FILL_AREA(#5496);
#5496 = FILL_AREA_STYLE('',(#5497));
#5497 = FILL_AREA_STYLE_COLOUR('',#5280);
#5498 = CURVE_STYLE('',#5499,POSITIVE_LENGTH_MEASURE(0.1),#5283);
#5499 = DRAUGHTING_PRE_DEFINED_CURVE_FONT('continuous');
#5500 = OVER_RIDING_STYLED_ITEM('overriding color',(#5501),#300,#4993);
#5501 = PRESENTATION_STYLE_BY_CONTEXT((#5502,#5507),#3821);
#5502 = SURFACE_STYLE_USAGE(.BOTH.,#5503);
#5503 = SURFACE_SIDE_STYLE('',(#5504));
#5504 = SURFACE_STYLE_FILL_AREA(#5505);
#5505 = FILL_AREA_STYLE('',(#5506));
#5506 = FILL_AREA_STYLE_COLOUR('',#5280);
#5507 = CURVE_STYLE('',#5508,POSITIVE_LENGTH_MEASURE(0.1),#5283);
#5508 = DRAUGHTING_PRE_DEFINED_CURVE_FONT('continuous');
#5509 = OVER_RIDING_STYLED_ITEM('overriding color',(#5510),#300,#4993);
#5510 = PRESENTATION_STYLE_BY_CONTEXT((#5511,#5516),#3823);
#5511 = SURFACE_STYLE_USAGE(.BOTH.,#5512);
#5512 = SURFACE_SIDE_STYLE('',(#5513));
#5513 = SURFACE_STYLE_FILL_AREA(#5514);
#5514 = FILL_AREA_STYLE('',(#5515));
#5515 = FILL_AREA_STYLE_COLOUR('',#5280);
#5516 = CURVE_STYLE('',#5517,POSITIVE_LENGTH_MEASURE(0.1),#5283);
#5517 = DRAUGHTING_PRE_DEFINED_CURVE_FONT('continuous');
#5518 = OVER_RIDING_STYLED_ITEM('overriding color',(#5519),#300,#4993);
#5519 = PRESENTATION_STYLE_BY_CONTEXT((#5520,#5525),#3825);
#5520 = SURFACE_STYLE_USAGE(.BOTH.,#5521);
#5521 = SURFACE_SIDE_STYLE('',(#5522));
#5522 = SURFACE_STYLE_FILL_AREA(#5523);
#5523 = FILL_AREA_STYLE('',(#5524));
#5524 = FILL_AREA_STYLE_COLOUR('',#5280);
#5525 = CURVE_STYLE('',#5526,POSITIVE_LENGTH_MEASURE(0.1),#5283);
#5526 = DRAUGHTING_PRE_DEFINED_CURVE_FONT('continuous');
#5527 = OVER_RIDING_STYLED_ITEM('overriding color',(#5528),#300,#4993);
#5528 = PRESENTATION_STYLE_BY_CONTEXT((#5529,#5534),#3827);
#5529 = SURFACE_STYLE_USAGE(.BOTH.,#5530);
#5530 = SURFACE_SIDE_STYLE('',(#5531));
#5531 = SURFACE_STYLE_FILL_AREA(#5532);
#5532 = FILL_AREA_STYLE('',(#5533));
#5533 = FILL_AREA_STYLE_COLOUR('',#5280);
#5534 = CURVE_STYLE('',#5535,POSITIVE_LENGTH_MEASURE(0.1),#5283);
#5535 = DRAUGHTING_PRE_DEFINED_CURVE_FONT('continuous');
#5536 = OVER_RIDING_STYLED_ITEM('overriding color',(#5537),#300,#4993);
#5537 = PRESENTATION_STYLE_BY_CONTEXT((#5538,#5543),#3829);
#5538 = SURFACE_STYLE_USAGE(.BOTH.,#5539);
#5539 = SURFACE_SIDE_STYLE('',(#5540));
#5540 = SURFACE_STYLE_FILL_AREA(#5541);
#5541 = FILL_AREA_STYLE('',(#5542));
#5542 = FILL_AREA_STYLE_COLOUR('',#5280);
#5543 = CURVE_STYLE('',#5544,POSITIVE_LENGTH_MEASURE(0.1),#5283);
#5544 = DRAUGHTING_PRE_DEFINED_CURVE_FONT('continuous');
ENDSEC;
END-ISO-10303-21;
