ISO-10303-21;
HEADER;
FILE_DESCRIPTION(('FreeCAD Model'),'2;1');
FILE_NAME('Open CASCADE Shape Model','2025-11-21T20:42:39',(''),(''),
  'Open CASCADE STEP processor 7.8','FreeCAD','Unknown');
FILE_SCHEMA(('AUTOMOTIVE_DESIGN { 1 0 10303 214 1 1 1 1 }'));
ENDSEC;
DATA;
#1 = APPLICATION_PROTOCOL_DEFINITION('international standard',
  'automotive_design',2000,#2);
#2 = APPLICATION_CONTEXT(
  'core data for automotive mechanical design processes');
#3 = SHAPE_DEFINITION_REPRESENTATION(#4,#10);
#4 = PRODUCT_DEFINITION_SHAPE('','',#5);
#5 = PRODUCT_DEFINITION('design','',#6,#9);
#6 = PRODUCT_DEFINITION_FORMATION('','',#7);
#7 = PRODUCT('_SL11STEP007','_SL11STEP007','',(#8));
#8 = PRODUCT_CONTEXT('',#2,'mechanical');
#9 = PRODUCT_DEFINITION_CONTEXT('part definition',#2,'design');
#10 = SHAPE_REPRESENTATION('',(#11,#15),#19);
#11 = AXIS2_PLACEMENT_3D('',#12,#13,#14);
#12 = CARTESIAN_POINT('',(0.,0.,0.));
#13 = DIRECTION('',(0.,0.,1.));
#14 = DIRECTION('',(1.,0.,-0.));
#15 = AXIS2_PLACEMENT_3D('',#16,#17,#18);
#16 = CARTESIAN_POINT('',(0.528195427464,-1.546205742812,4.583255966524)
  );
#17 = DIRECTION('',(0.,0.,1.));
#18 = DIRECTION('',(1.,0.,0.));
#19 = ( GEOMETRIC_REPRESENTATION_CONTEXT(3) 
GLOBAL_UNCERTAINTY_ASSIGNED_CONTEXT((#23)) GLOBAL_UNIT_ASSIGNED_CONTEXT(
(#20,#21,#22)) REPRESENTATION_CONTEXT('Context #1',
  '3D Context with UNIT and UNCERTAINTY') );
#20 = ( LENGTH_UNIT() NAMED_UNIT(*) SI_UNIT(.MILLI.,.METRE.) );
#21 = ( NAMED_UNIT(*) PLANE_ANGLE_UNIT() SI_UNIT($,.RADIAN.) );
#22 = ( NAMED_UNIT(*) SI_UNIT($,.STERADIAN.) SOLID_ANGLE_UNIT() );
#23 = UNCERTAINTY_MEASURE_WITH_UNIT(LENGTH_MEASURE(1.E-07),#20,
  'distance_accuracy_value','confusion accuracy');
#24 = PRODUCT_RELATED_PRODUCT_CATEGORY('part',$,(#7));
#25 = SHAPE_DEFINITION_REPRESENTATION(#26,#32);
#26 = PRODUCT_DEFINITION_SHAPE('','',#27);
#27 = PRODUCT_DEFINITION('design','',#28,#31);
#28 = PRODUCT_DEFINITION_FORMATION('','',#29);
#29 = PRODUCT('001017565007','001017565007','',(#30));
#30 = PRODUCT_CONTEXT('',#2,'mechanical');
#31 = PRODUCT_DEFINITION_CONTEXT('part definition',#2,'design');
#32 = SHAPE_REPRESENTATION('',(#11,#33,#37,#41,#45,#49,#53,#57,#61,#65,
    #69,#73,#77,#81,#85,#89,#93,#97,#101,#105,#109,#113,#117,#121,#125,
    #129,#133,#137,#141,#145,#149,#153,#157,#161,#165,#169,#173,#177,
    #181,#185,#189,#193,#197,#201,#205,#209,#213,#217,#221,#225,#229,
    #233,#237,#241,#245,#249,#253,#257,#261,#265,#269,#273,#277,#281,
    #285,#289,#293,#297,#301,#305,#309),#313);
#33 = AXIS2_PLACEMENT_3D('',#34,#35,#36);
#34 = CARTESIAN_POINT('',(-0.528195427464,1.546205742812,-4.333255966524
    ));
#35 = DIRECTION('',(0.,0.,1.));
#36 = DIRECTION('',(1.,0.,0.));
#37 = AXIS2_PLACEMENT_3D('',#38,#39,#40);
#38 = CARTESIAN_POINT('',(-0.520616062385,1.268943831911,1.416744033476)
  );
#39 = DIRECTION('',(0.,0.,1.));
#40 = DIRECTION('',(1.,0.,0.));
#41 = AXIS2_PLACEMENT_3D('',#42,#43,#44);
#42 = CARTESIAN_POINT('',(-3.068195427464,1.546205742812,-4.333255966524
    ));
#43 = DIRECTION('',(0.,0.,1.));
#44 = DIRECTION('',(1.,0.,0.));
#45 = AXIS2_PLACEMENT_3D('',#46,#47,#48);
#46 = CARTESIAN_POINT('',(-3.060616062385,1.268943831911,1.416744033476)
  );
#47 = DIRECTION('',(0.,0.,1.));
#48 = DIRECTION('',(1.,0.,0.));
#49 = AXIS2_PLACEMENT_3D('',#50,#51,#52);
#50 = CARTESIAN_POINT('',(2.011804572536,1.546205742812,-4.333255966524)
  );
#51 = DIRECTION('',(0.,0.,1.));
#52 = DIRECTION('',(1.,0.,0.));
#53 = AXIS2_PLACEMENT_3D('',#54,#55,#56);
#54 = CARTESIAN_POINT('',(2.019383937615,1.268943831911,1.416744033476)
  );
#55 = DIRECTION('',(0.,0.,1.));
#56 = DIRECTION('',(1.,0.,0.));
#57 = AXIS2_PLACEMENT_3D('',#58,#59,#60);
#58 = CARTESIAN_POINT('',(-5.608195427464,1.546205742812,-4.333255966524
    ));
#59 = DIRECTION('',(0.,0.,1.));
#60 = DIRECTION('',(1.,0.,0.));
#61 = AXIS2_PLACEMENT_3D('',#62,#63,#64);
#62 = CARTESIAN_POINT('',(-5.600616062385,1.268943831911,1.416744033476)
  );
#63 = DIRECTION('',(0.,0.,1.));
#64 = DIRECTION('',(1.,0.,0.));
#65 = AXIS2_PLACEMENT_3D('',#66,#67,#68);
#66 = CARTESIAN_POINT('',(4.551804572536,1.546205742812,-4.333255966524)
  );
#67 = DIRECTION('',(0.,0.,1.));
#68 = DIRECTION('',(1.,0.,0.));
#69 = AXIS2_PLACEMENT_3D('',#70,#71,#72);
#70 = CARTESIAN_POINT('',(4.559383937615,1.268943831911,1.416744033476)
  );
#71 = DIRECTION('',(0.,0.,1.));
#72 = DIRECTION('',(1.,0.,0.));
#73 = AXIS2_PLACEMENT_3D('',#74,#75,#76);
#74 = CARTESIAN_POINT('',(-8.148195427464,1.546205742812,-4.333255966524
    ));
#75 = DIRECTION('',(0.,0.,1.));
#76 = DIRECTION('',(1.,0.,0.));
#77 = AXIS2_PLACEMENT_3D('',#78,#79,#80);
#78 = CARTESIAN_POINT('',(-8.140616062385,1.268943831911,1.416744033476)
  );
#79 = DIRECTION('',(0.,0.,1.));
#80 = DIRECTION('',(1.,0.,0.));
#81 = AXIS2_PLACEMENT_3D('',#82,#83,#84);
#82 = CARTESIAN_POINT('',(7.091804572536,1.546205742812,-4.333255966524)
  );
#83 = DIRECTION('',(0.,0.,1.));
#84 = DIRECTION('',(1.,0.,0.));
#85 = AXIS2_PLACEMENT_3D('',#86,#87,#88);
#86 = CARTESIAN_POINT('',(7.099383937615,1.268943831911,1.416744033476)
  );
#87 = DIRECTION('',(0.,0.,1.));
#88 = DIRECTION('',(1.,0.,0.));
#89 = AXIS2_PLACEMENT_3D('',#90,#91,#92);
#90 = CARTESIAN_POINT('',(-10.68819542746,1.546205742812,-4.333255966524
    ));
#91 = DIRECTION('',(0.,0.,1.));
#92 = DIRECTION('',(1.,0.,0.));
#93 = AXIS2_PLACEMENT_3D('',#94,#95,#96);
#94 = CARTESIAN_POINT('',(-10.68061606238,1.268943831911,1.416744033476)
  );
#95 = DIRECTION('',(0.,0.,1.));
#96 = DIRECTION('',(1.,0.,0.));
#97 = AXIS2_PLACEMENT_3D('',#98,#99,#100);
#98 = CARTESIAN_POINT('',(9.631804572536,1.546205742812,-4.333255966524)
  );
#99 = DIRECTION('',(0.,0.,1.));
#100 = DIRECTION('',(1.,0.,0.));
#101 = AXIS2_PLACEMENT_3D('',#102,#103,#104);
#102 = CARTESIAN_POINT('',(9.639383937615,1.268943831911,1.416744033476)
  );
#103 = DIRECTION('',(0.,0.,1.));
#104 = DIRECTION('',(1.,0.,0.));
#105 = AXIS2_PLACEMENT_3D('',#106,#107,#108);
#106 = CARTESIAN_POINT('',(-13.22819542746,1.546205742812,
    -4.333255966524));
#107 = DIRECTION('',(0.,0.,1.));
#108 = DIRECTION('',(1.,0.,0.));
#109 = AXIS2_PLACEMENT_3D('',#110,#111,#112);
#110 = CARTESIAN_POINT('',(-13.22061606238,1.268943831911,1.416744033476
    ));
#111 = DIRECTION('',(0.,0.,1.));
#112 = DIRECTION('',(1.,0.,0.));
#113 = AXIS2_PLACEMENT_3D('',#114,#115,#116);
#114 = CARTESIAN_POINT('',(12.171804572536,1.546205742812,
    -4.333255966524));
#115 = DIRECTION('',(0.,0.,1.));
#116 = DIRECTION('',(1.,0.,0.));
#117 = AXIS2_PLACEMENT_3D('',#118,#119,#120);
#118 = CARTESIAN_POINT('',(12.179383937615,1.268943831911,1.416744033476
    ));
#119 = DIRECTION('',(0.,0.,1.));
#120 = DIRECTION('',(1.,0.,0.));
#121 = AXIS2_PLACEMENT_3D('',#122,#123,#124);
#122 = CARTESIAN_POINT('',(-15.76819542746,1.546205742812,
    -4.333255966524));
#123 = DIRECTION('',(0.,0.,1.));
#124 = DIRECTION('',(1.,0.,0.));
#125 = AXIS2_PLACEMENT_3D('',#126,#127,#128);
#126 = CARTESIAN_POINT('',(-15.76061606238,1.268943831911,1.416744033476
    ));
#127 = DIRECTION('',(0.,0.,1.));
#128 = DIRECTION('',(1.,0.,0.));
#129 = AXIS2_PLACEMENT_3D('',#130,#131,#132);
#130 = CARTESIAN_POINT('',(14.711804572536,1.546205742812,
    -4.333255966524));
#131 = DIRECTION('',(0.,0.,1.));
#132 = DIRECTION('',(1.,0.,0.));
#133 = AXIS2_PLACEMENT_3D('',#134,#135,#136);
#134 = CARTESIAN_POINT('',(14.719383937615,1.268943831911,1.416744033476
    ));
#135 = DIRECTION('',(0.,0.,1.));
#136 = DIRECTION('',(1.,0.,0.));
#137 = AXIS2_PLACEMENT_3D('',#138,#139,#140);
#138 = CARTESIAN_POINT('',(-18.30819542746,1.546205742812,
    -4.333255966524));
#139 = DIRECTION('',(0.,0.,1.));
#140 = DIRECTION('',(1.,0.,0.));
#141 = AXIS2_PLACEMENT_3D('',#142,#143,#144);
#142 = CARTESIAN_POINT('',(-18.30061606238,1.268943831911,1.416744033476
    ));
#143 = DIRECTION('',(0.,0.,1.));
#144 = DIRECTION('',(1.,0.,0.));
#145 = AXIS2_PLACEMENT_3D('',#146,#147,#148);
#146 = CARTESIAN_POINT('',(17.251804572536,1.546205742812,
    -4.333255966524));
#147 = DIRECTION('',(0.,0.,1.));
#148 = DIRECTION('',(1.,0.,0.));
#149 = AXIS2_PLACEMENT_3D('',#150,#151,#152);
#150 = CARTESIAN_POINT('',(17.259383937615,1.268943831911,1.416744033476
    ));
#151 = DIRECTION('',(0.,0.,1.));
#152 = DIRECTION('',(1.,0.,0.));
#153 = AXIS2_PLACEMENT_3D('',#154,#155,#156);
#154 = CARTESIAN_POINT('',(-20.84819542746,1.546205742812,
    -4.333255966524));
#155 = DIRECTION('',(0.,0.,1.));
#156 = DIRECTION('',(1.,0.,0.));
#157 = AXIS2_PLACEMENT_3D('',#158,#159,#160);
#158 = CARTESIAN_POINT('',(-20.84061606238,1.268943831911,1.416744033476
    ));
#159 = DIRECTION('',(0.,0.,1.));
#160 = DIRECTION('',(1.,0.,0.));
#161 = AXIS2_PLACEMENT_3D('',#162,#163,#164);
#162 = CARTESIAN_POINT('',(19.791804572536,1.546205742812,
    -4.333255966524));
#163 = DIRECTION('',(0.,0.,1.));
#164 = DIRECTION('',(1.,0.,0.));
#165 = AXIS2_PLACEMENT_3D('',#166,#167,#168);
#166 = CARTESIAN_POINT('',(19.799383937615,1.268943831911,1.416744033476
    ));
#167 = DIRECTION('',(0.,0.,1.));
#168 = DIRECTION('',(1.,0.,0.));
#169 = AXIS2_PLACEMENT_3D('',#170,#171,#172);
#170 = CARTESIAN_POINT('',(-23.38819542746,1.546205742812,
    -4.333255966524));
#171 = DIRECTION('',(0.,0.,1.));
#172 = DIRECTION('',(1.,0.,0.));
#173 = AXIS2_PLACEMENT_3D('',#174,#175,#176);
#174 = CARTESIAN_POINT('',(-23.38061606238,1.268943831911,1.416744033476
    ));
#175 = DIRECTION('',(0.,0.,1.));
#176 = DIRECTION('',(1.,0.,0.));
#177 = AXIS2_PLACEMENT_3D('',#178,#179,#180);
#178 = CARTESIAN_POINT('',(22.331804572536,1.546205742812,
    -4.333255966524));
#179 = DIRECTION('',(0.,0.,1.));
#180 = DIRECTION('',(1.,0.,0.));
#181 = AXIS2_PLACEMENT_3D('',#182,#183,#184);
#182 = CARTESIAN_POINT('',(22.339383937615,1.268943831911,1.416744033476
    ));
#183 = DIRECTION('',(0.,0.,1.));
#184 = DIRECTION('',(1.,0.,0.));
#185 = AXIS2_PLACEMENT_3D('',#186,#187,#188);
#186 = CARTESIAN_POINT('',(-25.92819542746,1.546205742812,
    -4.333255966524));
#187 = DIRECTION('',(0.,0.,1.));
#188 = DIRECTION('',(1.,0.,0.));
#189 = AXIS2_PLACEMENT_3D('',#190,#191,#192);
#190 = CARTESIAN_POINT('',(-25.92061606238,1.268943831911,1.416744033476
    ));
#191 = DIRECTION('',(0.,0.,1.));
#192 = DIRECTION('',(1.,0.,0.));
#193 = AXIS2_PLACEMENT_3D('',#194,#195,#196);
#194 = CARTESIAN_POINT('',(24.871804572536,1.546205742812,
    -4.333255966524));
#195 = DIRECTION('',(0.,0.,1.));
#196 = DIRECTION('',(1.,0.,0.));
#197 = AXIS2_PLACEMENT_3D('',#198,#199,#200);
#198 = CARTESIAN_POINT('',(24.879383937615,1.268943831911,1.416744033476
    ));
#199 = DIRECTION('',(0.,0.,1.));
#200 = DIRECTION('',(1.,0.,0.));
#201 = AXIS2_PLACEMENT_3D('',#202,#203,#204);
#202 = CARTESIAN_POINT('',(-28.46819542746,1.546205742812,
    -4.333255966524));
#203 = DIRECTION('',(0.,0.,1.));
#204 = DIRECTION('',(1.,0.,0.));
#205 = AXIS2_PLACEMENT_3D('',#206,#207,#208);
#206 = CARTESIAN_POINT('',(-28.46061606238,1.268943831911,1.416744033476
    ));
#207 = DIRECTION('',(0.,0.,1.));
#208 = DIRECTION('',(1.,0.,0.));
#209 = AXIS2_PLACEMENT_3D('',#210,#211,#212);
#210 = CARTESIAN_POINT('',(27.411804572536,1.546205742812,
    -4.333255966524));
#211 = DIRECTION('',(0.,0.,1.));
#212 = DIRECTION('',(1.,0.,0.));
#213 = AXIS2_PLACEMENT_3D('',#214,#215,#216);
#214 = CARTESIAN_POINT('',(27.419383937615,1.268943831911,1.416744033476
    ));
#215 = DIRECTION('',(0.,0.,1.));
#216 = DIRECTION('',(1.,0.,0.));
#217 = AXIS2_PLACEMENT_3D('',#218,#219,#220);
#218 = CARTESIAN_POINT('',(-31.00819542746,1.546205742812,
    -4.333255966524));
#219 = DIRECTION('',(0.,0.,1.));
#220 = DIRECTION('',(1.,0.,0.));
#221 = AXIS2_PLACEMENT_3D('',#222,#223,#224);
#222 = CARTESIAN_POINT('',(-31.00061606238,1.268943831911,1.416744033476
    ));
#223 = DIRECTION('',(0.,0.,1.));
#224 = DIRECTION('',(1.,0.,0.));
#225 = AXIS2_PLACEMENT_3D('',#226,#227,#228);
#226 = CARTESIAN_POINT('',(29.951804572536,1.546205742812,
    -4.333255966524));
#227 = DIRECTION('',(0.,0.,1.));
#228 = DIRECTION('',(1.,0.,0.));
#229 = AXIS2_PLACEMENT_3D('',#230,#231,#232);
#230 = CARTESIAN_POINT('',(29.959383937615,1.268943831911,1.416744033476
    ));
#231 = DIRECTION('',(0.,0.,1.));
#232 = DIRECTION('',(1.,0.,0.));
#233 = AXIS2_PLACEMENT_3D('',#234,#235,#236);
#234 = CARTESIAN_POINT('',(-33.54819542746,1.546205742812,
    -4.333255966524));
#235 = DIRECTION('',(0.,0.,1.));
#236 = DIRECTION('',(1.,0.,0.));
#237 = AXIS2_PLACEMENT_3D('',#238,#239,#240);
#238 = CARTESIAN_POINT('',(-33.54061606238,1.268943831911,1.416744033476
    ));
#239 = DIRECTION('',(0.,0.,1.));
#240 = DIRECTION('',(1.,0.,0.));
#241 = AXIS2_PLACEMENT_3D('',#242,#243,#244);
#242 = CARTESIAN_POINT('',(32.491804572536,1.546205742812,
    -4.333255966524));
#243 = DIRECTION('',(0.,0.,1.));
#244 = DIRECTION('',(1.,0.,0.));
#245 = AXIS2_PLACEMENT_3D('',#246,#247,#248);
#246 = CARTESIAN_POINT('',(32.499383937615,1.268943831911,1.416744033476
    ));
#247 = DIRECTION('',(0.,0.,1.));
#248 = DIRECTION('',(1.,0.,0.));
#249 = AXIS2_PLACEMENT_3D('',#250,#251,#252);
#250 = CARTESIAN_POINT('',(-36.08819542746,1.546205742812,
    -4.333255966524));
#251 = DIRECTION('',(0.,0.,1.));
#252 = DIRECTION('',(1.,0.,0.));
#253 = AXIS2_PLACEMENT_3D('',#254,#255,#256);
#254 = CARTESIAN_POINT('',(-36.08061606238,1.268943831911,1.416744033476
    ));
#255 = DIRECTION('',(0.,0.,1.));
#256 = DIRECTION('',(1.,0.,0.));
#257 = AXIS2_PLACEMENT_3D('',#258,#259,#260);
#258 = CARTESIAN_POINT('',(35.031804572536,1.546205742812,
    -4.333255966524));
#259 = DIRECTION('',(0.,0.,1.));
#260 = DIRECTION('',(1.,0.,0.));
#261 = AXIS2_PLACEMENT_3D('',#262,#263,#264);
#262 = CARTESIAN_POINT('',(35.039383937615,1.268943831911,1.416744033476
    ));
#263 = DIRECTION('',(0.,0.,1.));
#264 = DIRECTION('',(1.,0.,0.));
#265 = AXIS2_PLACEMENT_3D('',#266,#267,#268);
#266 = CARTESIAN_POINT('',(-38.62819542746,1.546205742812,
    -4.333255966524));
#267 = DIRECTION('',(0.,0.,1.));
#268 = DIRECTION('',(1.,0.,0.));
#269 = AXIS2_PLACEMENT_3D('',#270,#271,#272);
#270 = CARTESIAN_POINT('',(-38.62061606238,1.268943831911,1.416744033476
    ));
#271 = DIRECTION('',(0.,0.,1.));
#272 = DIRECTION('',(1.,0.,0.));
#273 = AXIS2_PLACEMENT_3D('',#274,#275,#276);
#274 = CARTESIAN_POINT('',(37.571804572536,1.546205742812,
    -4.333255966524));
#275 = DIRECTION('',(0.,0.,1.));
#276 = DIRECTION('',(1.,0.,0.));
#277 = AXIS2_PLACEMENT_3D('',#278,#279,#280);
#278 = CARTESIAN_POINT('',(37.579383937615,1.268943831911,1.416744033476
    ));
#279 = DIRECTION('',(0.,0.,1.));
#280 = DIRECTION('',(1.,0.,0.));
#281 = AXIS2_PLACEMENT_3D('',#282,#283,#284);
#282 = CARTESIAN_POINT('',(-41.16819542746,1.546205742812,
    -4.333255966524));
#283 = DIRECTION('',(0.,0.,1.));
#284 = DIRECTION('',(1.,0.,0.));
#285 = AXIS2_PLACEMENT_3D('',#286,#287,#288);
#286 = CARTESIAN_POINT('',(-41.16061606238,1.268943831911,1.416744033476
    ));
#287 = DIRECTION('',(0.,0.,1.));
#288 = DIRECTION('',(1.,0.,0.));
#289 = AXIS2_PLACEMENT_3D('',#290,#291,#292);
#290 = CARTESIAN_POINT('',(40.111804572536,1.546205742812,
    -4.333255966524));
#291 = DIRECTION('',(0.,0.,1.));
#292 = DIRECTION('',(1.,0.,0.));
#293 = AXIS2_PLACEMENT_3D('',#294,#295,#296);
#294 = CARTESIAN_POINT('',(40.119383937615,1.268943831911,1.416744033476
    ));
#295 = DIRECTION('',(0.,0.,1.));
#296 = DIRECTION('',(1.,0.,0.));
#297 = AXIS2_PLACEMENT_3D('',#298,#299,#300);
#298 = CARTESIAN_POINT('',(-43.70819542746,1.546205742812,
    -4.333255966524));
#299 = DIRECTION('',(0.,0.,1.));
#300 = DIRECTION('',(1.,0.,0.));
#301 = AXIS2_PLACEMENT_3D('',#302,#303,#304);
#302 = CARTESIAN_POINT('',(-43.70061606238,1.268943831911,1.416744033476
    ));
#303 = DIRECTION('',(0.,0.,1.));
#304 = DIRECTION('',(1.,0.,0.));
#305 = AXIS2_PLACEMENT_3D('',#306,#307,#308);
#306 = CARTESIAN_POINT('',(42.651804572536,1.546205742812,
    -4.333255966524));
#307 = DIRECTION('',(0.,0.,1.));
#308 = DIRECTION('',(1.,0.,0.));
#309 = AXIS2_PLACEMENT_3D('',#310,#311,#312);
#310 = CARTESIAN_POINT('',(42.659383937615,1.268943831911,1.416744033476
    ));
#311 = DIRECTION('',(0.,0.,1.));
#312 = DIRECTION('',(1.,0.,0.));
#313 = ( GEOMETRIC_REPRESENTATION_CONTEXT(3) 
GLOBAL_UNCERTAINTY_ASSIGNED_CONTEXT((#317)) GLOBAL_UNIT_ASSIGNED_CONTEXT
((#314,#315,#316)) REPRESENTATION_CONTEXT('Context #1',
  '3D Context with UNIT and UNCERTAINTY') );
#314 = ( LENGTH_UNIT() NAMED_UNIT(*) SI_UNIT(.MILLI.,.METRE.) );
#315 = ( NAMED_UNIT(*) PLANE_ANGLE_UNIT() SI_UNIT($,.RADIAN.) );
#316 = ( NAMED_UNIT(*) SI_UNIT($,.STERADIAN.) SOLID_ANGLE_UNIT() );
#317 = UNCERTAINTY_MEASURE_WITH_UNIT(LENGTH_MEASURE(1.E-07),#314,
  'distance_accuracy_value','confusion accuracy');
#318 = CONTEXT_DEPENDENT_SHAPE_REPRESENTATION(#319,#321);
#319 = ( REPRESENTATION_RELATIONSHIP('','',#32,#10) 
REPRESENTATION_RELATIONSHIP_WITH_TRANSFORMATION(#320) 
SHAPE_REPRESENTATION_RELATIONSHIP() );
#320 = ITEM_DEFINED_TRANSFORMATION('','',#11,#15);
#321 = PRODUCT_DEFINITION_SHAPE('Placement','Placement of an item',#322
  );
#322 = NEXT_ASSEMBLY_USAGE_OCCURRENCE('2254','001017565007','',#5,#27,$
  );
#323 = PRODUCT_RELATED_PRODUCT_CATEGORY('part',$,(#29));
#324 = SHAPE_DEFINITION_REPRESENTATION(#325,#331);
#325 = PRODUCT_DEFINITION_SHAPE('','',#326);
#326 = PRODUCT_DEFINITION('design','',#327,#330);
#327 = PRODUCT_DEFINITION_FORMATION('','',#328);
#328 = PRODUCT('F1000S1120M007B193','F1000S1120M007B193','',(#329));
#329 = PRODUCT_CONTEXT('',#2,'mechanical');
#330 = PRODUCT_DEFINITION_CONTEXT('part definition',#2,'design');
#331 = ADVANCED_BREP_SHAPE_REPRESENTATION('',(#11,#332),#1338);
#332 = MANIFOLD_SOLID_BREP('',#333);
#333 = CLOSED_SHELL('',(#334,#374,#414,#445,#485,#516,#556,#587,#618,
    #674,#730,#761,#785,#816,#849,#884,#901,#922,#957,#1003,#1043,#1074,
    #1105,#1127,#1158,#1182,#1200,#1229,#1251,#1268,#1285,#1297,#1309,
    #1326));
#334 = ADVANCED_FACE('',(#335),#369,.T.);
#335 = FACE_BOUND('',#336,.T.);
#336 = EDGE_LOOP('',(#337,#347,#355,#363));
#337 = ORIENTED_EDGE('',*,*,#338,.T.);
#338 = EDGE_CURVE('',#339,#341,#343,.T.);
#339 = VERTEX_POINT('',#340);
#340 = CARTESIAN_POINT('',(-0.814865100164,1.25,2.65));
#341 = VERTEX_POINT('',#342);
#342 = CARTESIAN_POINT('',(-0.814865100164,0.85,2.65));
#343 = LINE('',#344,#345);
#344 = CARTESIAN_POINT('',(-0.814865100164,-0.1,2.65));
#345 = VECTOR('',#346,1.);
#346 = DIRECTION('',(0.,-1.,0.));
#347 = ORIENTED_EDGE('',*,*,#348,.F.);
#348 = EDGE_CURVE('',#349,#341,#351,.T.);
#349 = VERTEX_POINT('',#350);
#350 = CARTESIAN_POINT('',(0.814865100164,0.85,2.65));
#351 = LINE('',#352,#353);
#352 = CARTESIAN_POINT('',(-0.919896230895,0.85,2.65));
#353 = VECTOR('',#354,1.);
#354 = DIRECTION('',(-1.,-3.01725071627E-16,0.));
#355 = ORIENTED_EDGE('',*,*,#356,.T.);
#356 = EDGE_CURVE('',#349,#357,#359,.T.);
#357 = VERTEX_POINT('',#358);
#358 = CARTESIAN_POINT('',(0.814865100164,1.25,2.65));
#359 = LINE('',#360,#361);
#360 = CARTESIAN_POINT('',(0.814865100164,-0.1,2.65));
#361 = VECTOR('',#362,1.);
#362 = DIRECTION('',(0.,1.,0.));
#363 = ORIENTED_EDGE('',*,*,#364,.F.);
#364 = EDGE_CURVE('',#339,#357,#365,.T.);
#365 = LINE('',#366,#367);
#366 = CARTESIAN_POINT('',(0.919896230895,1.25,2.65));
#367 = VECTOR('',#368,1.);
#368 = DIRECTION('',(1.,0.,0.));
#369 = PLANE('',#370);
#370 = AXIS2_PLACEMENT_3D('',#371,#372,#373);
#371 = CARTESIAN_POINT('',(-1.561251128379E-16,1.05,2.65));
#372 = DIRECTION('',(0.,0.,1.));
#373 = DIRECTION('',(1.,0.,-0.));
#374 = ADVANCED_FACE('',(#375),#409,.T.);
#375 = FACE_BOUND('',#376,.T.);
#376 = EDGE_LOOP('',(#377,#387,#395,#403));
#377 = ORIENTED_EDGE('',*,*,#378,.T.);
#378 = EDGE_CURVE('',#379,#381,#383,.T.);
#379 = VERTEX_POINT('',#380);
#380 = CARTESIAN_POINT('',(-0.814865100164,-0.85,2.65));
#381 = VERTEX_POINT('',#382);
#382 = CARTESIAN_POINT('',(-0.814865100164,-1.25,2.65));
#383 = LINE('',#384,#385);
#384 = CARTESIAN_POINT('',(-0.814865100164,-1.15,2.65));
#385 = VECTOR('',#386,1.);
#386 = DIRECTION('',(0.,-1.,0.));
#387 = ORIENTED_EDGE('',*,*,#388,.F.);
#388 = EDGE_CURVE('',#389,#381,#391,.T.);
#389 = VERTEX_POINT('',#390);
#390 = CARTESIAN_POINT('',(0.814865100164,-1.25,2.65));
#391 = LINE('',#392,#393);
#392 = CARTESIAN_POINT('',(0.919896230895,-1.25,2.65));
#393 = VECTOR('',#394,1.);
#394 = DIRECTION('',(-1.,0.,0.));
#395 = ORIENTED_EDGE('',*,*,#396,.T.);
#396 = EDGE_CURVE('',#389,#397,#399,.T.);
#397 = VERTEX_POINT('',#398);
#398 = CARTESIAN_POINT('',(0.814865100164,-0.85,2.65));
#399 = LINE('',#400,#401);
#400 = CARTESIAN_POINT('',(0.814865100164,-1.15,2.65));
#401 = VECTOR('',#402,1.);
#402 = DIRECTION('',(0.,1.,0.));
#403 = ORIENTED_EDGE('',*,*,#404,.F.);
#404 = EDGE_CURVE('',#379,#397,#405,.T.);
#405 = LINE('',#406,#407);
#406 = CARTESIAN_POINT('',(-0.919896230895,-0.85,2.65));
#407 = VECTOR('',#408,1.);
#408 = DIRECTION('',(1.,3.01725071627E-16,0.));
#409 = PLANE('',#410);
#410 = AXIS2_PLACEMENT_3D('',#411,#412,#413);
#411 = CARTESIAN_POINT('',(1.214306433184E-16,-1.05,2.65));
#412 = DIRECTION('',(0.,0.,1.));
#413 = DIRECTION('',(1.,0.,-0.));
#414 = ADVANCED_FACE('',(#415),#440,.T.);
#415 = FACE_BOUND('',#416,.T.);
#416 = EDGE_LOOP('',(#417,#425,#433,#439));
#417 = ORIENTED_EDGE('',*,*,#418,.T.);
#418 = EDGE_CURVE('',#341,#419,#421,.T.);
#419 = VERTEX_POINT('',#420);
#420 = CARTESIAN_POINT('',(-0.919896230895,0.85,2.5));
#421 = LINE('',#422,#423);
#422 = CARTESIAN_POINT('',(-0.617259635815,0.85,2.93220985003));
#423 = VECTOR('',#424,1.);
#424 = DIRECTION('',(-0.573576436351,-1.730623913416E-16,-0.819152044289
    ));
#425 = ORIENTED_EDGE('',*,*,#426,.F.);
#426 = EDGE_CURVE('',#427,#419,#429,.T.);
#427 = VERTEX_POINT('',#428);
#428 = CARTESIAN_POINT('',(0.919896230895,0.85,2.5));
#429 = LINE('',#430,#431);
#430 = CARTESIAN_POINT('',(0.459948115448,0.85,2.5));
#431 = VECTOR('',#432,1.);
#432 = DIRECTION('',(-1.,-3.01725071627E-16,0.));
#433 = ORIENTED_EDGE('',*,*,#434,.T.);
#434 = EDGE_CURVE('',#427,#349,#435,.T.);
#435 = LINE('',#436,#437);
#436 = CARTESIAN_POINT('',(0.867380665529,0.85,2.575));
#437 = VECTOR('',#438,1.);
#438 = DIRECTION('',(-0.573576436351,-1.730623913416E-16,0.819152044289)
  );
#439 = ORIENTED_EDGE('',*,*,#348,.T.);
#440 = PLANE('',#441);
#441 = AXIS2_PLACEMENT_3D('',#442,#443,#444);
#442 = CARTESIAN_POINT('',(0.919896230895,0.85,2.5));
#443 = DIRECTION('',(3.01725071627E-16,-1.,0.));
#444 = DIRECTION('',(0.,0.,-1.));
#445 = ADVANCED_FACE('',(#446),#480,.T.);
#446 = FACE_BOUND('',#447,.T.);
#447 = EDGE_LOOP('',(#448,#458,#466,#474));
#448 = ORIENTED_EDGE('',*,*,#449,.T.);
#449 = EDGE_CURVE('',#450,#452,#454,.T.);
#450 = VERTEX_POINT('',#451);
#451 = CARTESIAN_POINT('',(-0.814865100164,-0.85,-0.15));
#452 = VERTEX_POINT('',#453);
#453 = CARTESIAN_POINT('',(-0.919896230895,-0.85,0.));
#454 = LINE('',#455,#456);
#455 = CARTESIAN_POINT('',(-0.56474407045,-0.85,-0.50720985003));
#456 = VECTOR('',#457,1.);
#457 = DIRECTION('',(-0.573576436351,1.730623913416E-16,0.819152044289)
  );
#458 = ORIENTED_EDGE('',*,*,#459,.F.);
#459 = EDGE_CURVE('',#460,#452,#462,.T.);
#460 = VERTEX_POINT('',#461);
#461 = CARTESIAN_POINT('',(0.919896230895,-0.85,0.));
#462 = LINE('',#463,#464);
#463 = CARTESIAN_POINT('',(0.459948115448,-0.85,0.));
#464 = VECTOR('',#465,1.);
#465 = DIRECTION('',(-1.,3.01725071627E-16,0.));
#466 = ORIENTED_EDGE('',*,*,#467,.T.);
#467 = EDGE_CURVE('',#460,#468,#470,.T.);
#468 = VERTEX_POINT('',#469);
#469 = CARTESIAN_POINT('',(0.814865100164,-0.85,-0.15));
#470 = LINE('',#471,#472);
#471 = CARTESIAN_POINT('',(0.919896230895,-0.85,-5.233716864941E-17));
#472 = VECTOR('',#473,1.);
#473 = DIRECTION('',(-0.573576436351,1.730623913416E-16,-0.819152044289)
  );
#474 = ORIENTED_EDGE('',*,*,#475,.T.);
#475 = EDGE_CURVE('',#468,#450,#476,.T.);
#476 = LINE('',#477,#478);
#477 = CARTESIAN_POINT('',(0.919896230895,-0.85,-0.15));
#478 = VECTOR('',#479,1.);
#479 = DIRECTION('',(-1.,3.01725071627E-16,0.));
#480 = PLANE('',#481);
#481 = AXIS2_PLACEMENT_3D('',#482,#483,#484);
#482 = CARTESIAN_POINT('',(0.919896230895,-0.85,0.));
#483 = DIRECTION('',(3.01725071627E-16,1.,0.));
#484 = DIRECTION('',(0.,-0.,1.));
#485 = ADVANCED_FACE('',(#486),#511,.F.);
#486 = FACE_BOUND('',#487,.T.);
#487 = EDGE_LOOP('',(#488,#496,#497,#505));
#488 = ORIENTED_EDGE('',*,*,#489,.T.);
#489 = EDGE_CURVE('',#490,#450,#492,.T.);
#490 = VERTEX_POINT('',#491);
#491 = CARTESIAN_POINT('',(-0.814865100164,-1.25,-0.15));
#492 = LINE('',#493,#494);
#493 = CARTESIAN_POINT('',(-0.814865100164,-1.15,-0.15));
#494 = VECTOR('',#495,1.);
#495 = DIRECTION('',(0.,1.,0.));
#496 = ORIENTED_EDGE('',*,*,#475,.F.);
#497 = ORIENTED_EDGE('',*,*,#498,.T.);
#498 = EDGE_CURVE('',#468,#499,#501,.T.);
#499 = VERTEX_POINT('',#500);
#500 = CARTESIAN_POINT('',(0.814865100164,-1.25,-0.15));
#501 = LINE('',#502,#503);
#502 = CARTESIAN_POINT('',(0.814865100164,-1.15,-0.15));
#503 = VECTOR('',#504,1.);
#504 = DIRECTION('',(0.,-1.,0.));
#505 = ORIENTED_EDGE('',*,*,#506,.F.);
#506 = EDGE_CURVE('',#490,#499,#507,.T.);
#507 = LINE('',#508,#509);
#508 = CARTESIAN_POINT('',(-0.919896230895,-1.25,-0.15));
#509 = VECTOR('',#510,1.);
#510 = DIRECTION('',(1.,0.,0.));
#511 = PLANE('',#512);
#512 = AXIS2_PLACEMENT_3D('',#513,#514,#515);
#513 = CARTESIAN_POINT('',(4.336808689942E-16,-1.05,-0.15));
#514 = DIRECTION('',(0.,0.,1.));
#515 = DIRECTION('',(1.,0.,-0.));
#516 = ADVANCED_FACE('',(#517),#551,.T.);
#517 = FACE_BOUND('',#518,.T.);
#518 = EDGE_LOOP('',(#519,#529,#537,#545));
#519 = ORIENTED_EDGE('',*,*,#520,.T.);
#520 = EDGE_CURVE('',#521,#523,#525,.T.);
#521 = VERTEX_POINT('',#522);
#522 = CARTESIAN_POINT('',(-0.919896230895,0.85,0.));
#523 = VERTEX_POINT('',#524);
#524 = CARTESIAN_POINT('',(-0.814865100164,0.85,-0.15));
#525 = LINE('',#526,#527);
#526 = CARTESIAN_POINT('',(-0.867380665529,0.85,-7.5E-02));
#527 = VECTOR('',#528,1.);
#528 = DIRECTION('',(0.573576436351,-1.730623913416E-16,-0.819152044289)
  );
#529 = ORIENTED_EDGE('',*,*,#530,.T.);
#530 = EDGE_CURVE('',#523,#531,#533,.T.);
#531 = VERTEX_POINT('',#532);
#532 = CARTESIAN_POINT('',(0.814865100164,0.85,-0.15));
#533 = LINE('',#534,#535);
#534 = CARTESIAN_POINT('',(0.919896230895,0.85,-0.15));
#535 = VECTOR('',#536,1.);
#536 = DIRECTION('',(1.,-3.01725071627E-16,0.));
#537 = ORIENTED_EDGE('',*,*,#538,.T.);
#538 = EDGE_CURVE('',#531,#539,#541,.T.);
#539 = VERTEX_POINT('',#540);
#540 = CARTESIAN_POINT('',(0.919896230895,0.85,0.));
#541 = LINE('',#542,#543);
#542 = CARTESIAN_POINT('',(0.617259635815,0.85,-0.43220985003));
#543 = VECTOR('',#544,1.);
#544 = DIRECTION('',(0.573576436351,-1.730623913416E-16,0.819152044289)
  );
#545 = ORIENTED_EDGE('',*,*,#546,.F.);
#546 = EDGE_CURVE('',#521,#539,#547,.T.);
#547 = LINE('',#548,#549);
#548 = CARTESIAN_POINT('',(-0.459948115448,0.85,0.));
#549 = VECTOR('',#550,1.);
#550 = DIRECTION('',(1.,-3.01725071627E-16,0.));
#551 = PLANE('',#552);
#552 = AXIS2_PLACEMENT_3D('',#553,#554,#555);
#553 = CARTESIAN_POINT('',(-0.919896230895,0.85,0.));
#554 = DIRECTION('',(-3.01725071627E-16,-1.,0.));
#555 = DIRECTION('',(-0.,0.,-1.));
#556 = ADVANCED_FACE('',(#557),#582,.F.);
#557 = FACE_BOUND('',#558,.T.);
#558 = EDGE_LOOP('',(#559,#567,#575,#581));
#559 = ORIENTED_EDGE('',*,*,#560,.T.);
#560 = EDGE_CURVE('',#523,#561,#563,.T.);
#561 = VERTEX_POINT('',#562);
#562 = CARTESIAN_POINT('',(-0.814865100164,1.25,-0.15));
#563 = LINE('',#564,#565);
#564 = CARTESIAN_POINT('',(-0.814865100164,-0.1,-0.15));
#565 = VECTOR('',#566,1.);
#566 = DIRECTION('',(0.,1.,0.));
#567 = ORIENTED_EDGE('',*,*,#568,.F.);
#568 = EDGE_CURVE('',#569,#561,#571,.T.);
#569 = VERTEX_POINT('',#570);
#570 = CARTESIAN_POINT('',(0.814865100164,1.25,-0.15));
#571 = LINE('',#572,#573);
#572 = CARTESIAN_POINT('',(-0.919896230895,1.25,-0.15));
#573 = VECTOR('',#574,1.);
#574 = DIRECTION('',(-1.,0.,0.));
#575 = ORIENTED_EDGE('',*,*,#576,.T.);
#576 = EDGE_CURVE('',#569,#531,#577,.T.);
#577 = LINE('',#578,#579);
#578 = CARTESIAN_POINT('',(0.814865100164,-0.1,-0.15));
#579 = VECTOR('',#580,1.);
#580 = DIRECTION('',(0.,-1.,0.));
#581 = ORIENTED_EDGE('',*,*,#530,.F.);
#582 = PLANE('',#583);
#583 = AXIS2_PLACEMENT_3D('',#584,#585,#586);
#584 = CARTESIAN_POINT('',(6.071532165919E-16,1.05,-0.15));
#585 = DIRECTION('',(0.,0.,1.));
#586 = DIRECTION('',(1.,0.,-0.));
#587 = ADVANCED_FACE('',(#588),#613,.T.);
#588 = FACE_BOUND('',#589,.T.);
#589 = EDGE_LOOP('',(#590,#598,#599,#607));
#590 = ORIENTED_EDGE('',*,*,#591,.T.);
#591 = EDGE_CURVE('',#592,#379,#594,.T.);
#592 = VERTEX_POINT('',#593);
#593 = CARTESIAN_POINT('',(-0.919896230895,-0.85,2.5));
#594 = LINE('',#595,#596);
#595 = CARTESIAN_POINT('',(-0.919896230895,-0.85,2.5));
#596 = VECTOR('',#597,1.);
#597 = DIRECTION('',(0.573576436351,1.730623913416E-16,0.819152044289));
#598 = ORIENTED_EDGE('',*,*,#404,.T.);
#599 = ORIENTED_EDGE('',*,*,#600,.T.);
#600 = EDGE_CURVE('',#397,#601,#603,.T.);
#601 = VERTEX_POINT('',#602);
#602 = CARTESIAN_POINT('',(0.919896230895,-0.85,2.5));
#603 = LINE('',#604,#605);
#604 = CARTESIAN_POINT('',(0.56474407045,-0.85,3.00720985003));
#605 = VECTOR('',#606,1.);
#606 = DIRECTION('',(0.573576436351,1.730623913416E-16,-0.819152044289)
  );
#607 = ORIENTED_EDGE('',*,*,#608,.F.);
#608 = EDGE_CURVE('',#592,#601,#609,.T.);
#609 = LINE('',#610,#611);
#610 = CARTESIAN_POINT('',(-0.459948115448,-0.85,2.5));
#611 = VECTOR('',#612,1.);
#612 = DIRECTION('',(1.,3.01725071627E-16,0.));
#613 = PLANE('',#614);
#614 = AXIS2_PLACEMENT_3D('',#615,#616,#617);
#615 = CARTESIAN_POINT('',(-0.919896230895,-0.85,2.5));
#616 = DIRECTION('',(-3.01725071627E-16,1.,0.));
#617 = DIRECTION('',(0.,0.,1.));
#618 = ADVANCED_FACE('',(#619),#669,.F.);
#619 = FACE_BOUND('',#620,.T.);
#620 = EDGE_LOOP('',(#621,#631,#637,#638,#639,#645,#646,#647,#655,#663)
  );
#621 = ORIENTED_EDGE('',*,*,#622,.F.);
#622 = EDGE_CURVE('',#623,#625,#627,.T.);
#623 = VERTEX_POINT('',#624);
#624 = CARTESIAN_POINT('',(0.989916984716,-1.25,1.E-01));
#625 = VERTEX_POINT('',#626);
#626 = CARTESIAN_POINT('',(1.27,-0.85,0.5));
#627 = LINE('',#628,#629);
#628 = CARTESIAN_POINT('',(1.49494002561,-0.528752350789,0.821247649211)
  );
#629 = VECTOR('',#630,1.);
#630 = DIRECTION('',(0.44371260628,0.633687274225,0.633687274225));
#631 = ORIENTED_EDGE('',*,*,#632,.F.);
#632 = EDGE_CURVE('',#499,#623,#633,.T.);
#633 = LINE('',#634,#635);
#634 = CARTESIAN_POINT('',(0.977486537849,-1.25,8.224748208429E-02));
#635 = VECTOR('',#636,1.);
#636 = DIRECTION('',(0.573576436351,0.,0.819152044289));
#637 = ORIENTED_EDGE('',*,*,#498,.F.);
#638 = ORIENTED_EDGE('',*,*,#467,.F.);
#639 = ORIENTED_EDGE('',*,*,#640,.F.);
#640 = EDGE_CURVE('',#539,#460,#641,.T.);
#641 = LINE('',#642,#643);
#642 = CARTESIAN_POINT('',(0.919896230895,-0.625,4.336808689942E-18));
#643 = VECTOR('',#644,1.);
#644 = DIRECTION('',(0.,-1.,0.));
#645 = ORIENTED_EDGE('',*,*,#538,.F.);
#646 = ORIENTED_EDGE('',*,*,#576,.F.);
#647 = ORIENTED_EDGE('',*,*,#648,.F.);
#648 = EDGE_CURVE('',#649,#569,#651,.T.);
#649 = VERTEX_POINT('',#650);
#650 = CARTESIAN_POINT('',(0.989916984716,1.25,1.E-01));
#651 = LINE('',#652,#653);
#652 = CARTESIAN_POINT('',(0.559669328861,1.25,-0.514457332115));
#653 = VECTOR('',#654,1.);
#654 = DIRECTION('',(-0.573576436351,0.,-0.819152044289));
#655 = ORIENTED_EDGE('',*,*,#656,.F.);
#656 = EDGE_CURVE('',#657,#649,#659,.T.);
#657 = VERTEX_POINT('',#658);
#658 = CARTESIAN_POINT('',(1.27,0.85,0.5));
#659 = LINE('',#660,#661);
#660 = CARTESIAN_POINT('',(1.762602314386,0.146490986593,1.203509013407)
  );
#661 = VECTOR('',#662,1.);
#662 = DIRECTION('',(-0.44371260628,0.633687274225,-0.633687274225));
#663 = ORIENTED_EDGE('',*,*,#664,.F.);
#664 = EDGE_CURVE('',#625,#657,#665,.T.);
#665 = LINE('',#666,#667);
#666 = CARTESIAN_POINT('',(1.27,-3.963906999144E-17,0.5));
#667 = VECTOR('',#668,1.);
#668 = DIRECTION('',(1.110223024625E-16,1.,1.585562799658E-16));
#669 = PLANE('',#670);
#670 = AXIS2_PLACEMENT_3D('',#671,#672,#673);
#671 = CARTESIAN_POINT('',(1.27,-1.25,0.5));
#672 = DIRECTION('',(-0.819152044289,0.,0.573576436351));
#673 = DIRECTION('',(0.573576436351,0.,0.819152044289));
#674 = ADVANCED_FACE('',(#675),#725,.F.);
#675 = FACE_BOUND('',#676,.T.);
#676 = EDGE_LOOP('',(#677,#687,#695,#703,#709,#710,#711,#717,#718,#719)
  );
#677 = ORIENTED_EDGE('',*,*,#678,.F.);
#678 = EDGE_CURVE('',#679,#681,#683,.T.);
#679 = VERTEX_POINT('',#680);
#680 = CARTESIAN_POINT('',(-1.27,-0.85,0.5));
#681 = VERTEX_POINT('',#682);
#682 = CARTESIAN_POINT('',(-0.989916984716,-1.25,0.1));
#683 = LINE('',#684,#685);
#684 = CARTESIAN_POINT('',(-1.306375397821,-0.798050548107,
    0.551949451893));
#685 = VECTOR('',#686,1.);
#686 = DIRECTION('',(0.44371260628,-0.633687274225,-0.633687274225));
#687 = ORIENTED_EDGE('',*,*,#688,.F.);
#688 = EDGE_CURVE('',#689,#679,#691,.T.);
#689 = VERTEX_POINT('',#690);
#690 = CARTESIAN_POINT('',(-1.27,0.85,0.5));
#691 = LINE('',#692,#693);
#692 = CARTESIAN_POINT('',(-1.27,-1.25,0.5));
#693 = VECTOR('',#694,1.);
#694 = DIRECTION('',(1.110223024625E-16,-1.,-1.585562799658E-16));
#695 = ORIENTED_EDGE('',*,*,#696,.F.);
#696 = EDGE_CURVE('',#697,#689,#699,.T.);
#697 = VERTEX_POINT('',#698);
#698 = CARTESIAN_POINT('',(-0.989916984716,1.25,1.E-01));
#699 = LINE('',#700,#701);
#700 = CARTESIAN_POINT('',(-1.741650689076,0.176413008517,1.173586991483
    ));
#701 = VECTOR('',#702,1.);
#702 = DIRECTION('',(-0.44371260628,-0.633687274225,0.633687274225));
#703 = ORIENTED_EDGE('',*,*,#704,.F.);
#704 = EDGE_CURVE('',#561,#697,#705,.T.);
#705 = LINE('',#706,#707);
#706 = CARTESIAN_POINT('',(-0.977486537849,1.25,8.224748208429E-02));
#707 = VECTOR('',#708,1.);
#708 = DIRECTION('',(-0.573576436351,0.,0.819152044289));
#709 = ORIENTED_EDGE('',*,*,#560,.F.);
#710 = ORIENTED_EDGE('',*,*,#520,.F.);
#711 = ORIENTED_EDGE('',*,*,#712,.F.);
#712 = EDGE_CURVE('',#452,#521,#713,.T.);
#713 = LINE('',#714,#715);
#714 = CARTESIAN_POINT('',(-0.919896230895,-0.625,-3.469446951954E-17));
#715 = VECTOR('',#716,1.);
#716 = DIRECTION('',(0.,1.,0.));
#717 = ORIENTED_EDGE('',*,*,#449,.F.);
#718 = ORIENTED_EDGE('',*,*,#489,.F.);
#719 = ORIENTED_EDGE('',*,*,#720,.F.);
#720 = EDGE_CURVE('',#681,#490,#721,.T.);
#721 = LINE('',#722,#723);
#722 = CARTESIAN_POINT('',(-0.507153763495,-1.25,-0.589457332115));
#723 = VECTOR('',#724,1.);
#724 = DIRECTION('',(0.573576436351,0.,-0.819152044289));
#725 = PLANE('',#726);
#726 = AXIS2_PLACEMENT_3D('',#727,#728,#729);
#727 = CARTESIAN_POINT('',(-0.919896230895,-1.25,8.574786002859E-17));
#728 = DIRECTION('',(0.819152044289,0.,0.573576436351));
#729 = DIRECTION('',(0.573576436351,0.,-0.819152044289));
#730 = ADVANCED_FACE('',(#731),#756,.T.);
#731 = FACE_BOUND('',#732,.T.);
#732 = EDGE_LOOP('',(#733,#734,#742,#750));
#733 = ORIENTED_EDGE('',*,*,#664,.T.);
#734 = ORIENTED_EDGE('',*,*,#735,.T.);
#735 = EDGE_CURVE('',#657,#736,#738,.T.);
#736 = VERTEX_POINT('',#737);
#737 = CARTESIAN_POINT('',(1.27,0.85,2.));
#738 = LINE('',#739,#740);
#739 = CARTESIAN_POINT('',(1.27,0.85,1.25));
#740 = VECTOR('',#741,1.);
#741 = DIRECTION('',(0.,0.,1.));
#742 = ORIENTED_EDGE('',*,*,#743,.T.);
#743 = EDGE_CURVE('',#736,#744,#746,.T.);
#744 = VERTEX_POINT('',#745);
#745 = CARTESIAN_POINT('',(1.27,-0.85,2.));
#746 = LINE('',#747,#748);
#747 = CARTESIAN_POINT('',(1.27,9.948254670091E-17,2.));
#748 = VECTOR('',#749,1.);
#749 = DIRECTION('',(-1.110223024625E-16,-1.,1.585562799658E-16));
#750 = ORIENTED_EDGE('',*,*,#751,.T.);
#751 = EDGE_CURVE('',#744,#625,#752,.T.);
#752 = LINE('',#753,#754);
#753 = CARTESIAN_POINT('',(1.27,-0.85,1.25));
#754 = VECTOR('',#755,1.);
#755 = DIRECTION('',(0.,0.,-1.));
#756 = PLANE('',#757);
#757 = AXIS2_PLACEMENT_3D('',#758,#759,#760);
#758 = CARTESIAN_POINT('',(1.27,1.25,0.));
#759 = DIRECTION('',(1.,-1.110223024625E-16,0.));
#760 = DIRECTION('',(0.,0.,-1.));
#761 = ADVANCED_FACE('',(#762),#780,.F.);
#762 = FACE_BOUND('',#763,.T.);
#763 = EDGE_LOOP('',(#764,#765,#773,#779));
#764 = ORIENTED_EDGE('',*,*,#656,.T.);
#765 = ORIENTED_EDGE('',*,*,#766,.F.);
#766 = EDGE_CURVE('',#767,#649,#769,.T.);
#767 = VERTEX_POINT('',#768);
#768 = CARTESIAN_POINT('',(0.989916984716,1.25,2.4));
#769 = LINE('',#770,#771);
#770 = CARTESIAN_POINT('',(0.989916984716,1.25,1.25));
#771 = VECTOR('',#772,1.);
#772 = DIRECTION('',(0.,0.,-1.));
#773 = ORIENTED_EDGE('',*,*,#774,.T.);
#774 = EDGE_CURVE('',#767,#736,#775,.T.);
#775 = LINE('',#776,#777);
#776 = CARTESIAN_POINT('',(1.306375397821,0.798050548107,1.948050548107)
  );
#777 = VECTOR('',#778,1.);
#778 = DIRECTION('',(0.44371260628,-0.633687274225,-0.633687274225));
#779 = ORIENTED_EDGE('',*,*,#735,.F.);
#780 = PLANE('',#781);
#781 = AXIS2_PLACEMENT_3D('',#782,#783,#784);
#782 = CARTESIAN_POINT('',(0.989916984716,1.25,2.5));
#783 = DIRECTION('',(-0.819152044289,-0.573576436351,0.));
#784 = DIRECTION('',(0.,0.,1.));
#785 = ADVANCED_FACE('',(#786),#811,.F.);
#786 = FACE_BOUND('',#787,.T.);
#787 = EDGE_LOOP('',(#788,#789,#797,#805));
#788 = ORIENTED_EDGE('',*,*,#678,.T.);
#789 = ORIENTED_EDGE('',*,*,#790,.F.);
#790 = EDGE_CURVE('',#791,#681,#793,.T.);
#791 = VERTEX_POINT('',#792);
#792 = CARTESIAN_POINT('',(-0.989916984716,-1.25,2.4));
#793 = LINE('',#794,#795);
#794 = CARTESIAN_POINT('',(-0.989916984716,-1.25,1.25));
#795 = VECTOR('',#796,1.);
#796 = DIRECTION('',(0.,0.,-1.));
#797 = ORIENTED_EDGE('',*,*,#798,.T.);
#798 = EDGE_CURVE('',#791,#799,#801,.T.);
#799 = VERTEX_POINT('',#800);
#800 = CARTESIAN_POINT('',(-1.27,-0.85,2.));
#801 = LINE('',#802,#803);
#802 = CARTESIAN_POINT('',(-1.059664734355,-1.150389890379,
    2.300389890379));
#803 = VECTOR('',#804,1.);
#804 = DIRECTION('',(-0.44371260628,0.633687274225,-0.633687274225));
#805 = ORIENTED_EDGE('',*,*,#806,.F.);
#806 = EDGE_CURVE('',#679,#799,#807,.T.);
#807 = LINE('',#808,#809);
#808 = CARTESIAN_POINT('',(-1.27,-0.85,1.25));
#809 = VECTOR('',#810,1.);
#810 = DIRECTION('',(0.,0.,1.));
#811 = PLANE('',#812);
#812 = AXIS2_PLACEMENT_3D('',#813,#814,#815);
#813 = CARTESIAN_POINT('',(-0.989916984716,-1.25,2.5));
#814 = DIRECTION('',(0.819152044289,0.573576436351,0.));
#815 = DIRECTION('',(0.,0.,-1.));
#816 = ADVANCED_FACE('',(#817),#844,.T.);
#817 = FACE_BOUND('',#818,.T.);
#818 = EDGE_LOOP('',(#819,#827,#828,#834,#835,#836,#837,#838));
#819 = ORIENTED_EDGE('',*,*,#820,.T.);
#820 = EDGE_CURVE('',#821,#339,#823,.T.);
#821 = VERTEX_POINT('',#822);
#822 = CARTESIAN_POINT('',(-0.989916984716,1.25,2.4));
#823 = LINE('',#824,#825);
#824 = CARTESIAN_POINT('',(-1.564794425841,1.25,1.578989928337));
#825 = VECTOR('',#826,1.);
#826 = DIRECTION('',(0.573576436351,0.,0.819152044289));
#827 = ORIENTED_EDGE('',*,*,#364,.T.);
#828 = ORIENTED_EDGE('',*,*,#829,.T.);
#829 = EDGE_CURVE('',#357,#767,#830,.T.);
#830 = LINE('',#831,#832);
#831 = CARTESIAN_POINT('',(1.094461651487,1.25,2.250694742536));
#832 = VECTOR('',#833,1.);
#833 = DIRECTION('',(0.573576436351,0.,-0.819152044289));
#834 = ORIENTED_EDGE('',*,*,#766,.T.);
#835 = ORIENTED_EDGE('',*,*,#648,.T.);
#836 = ORIENTED_EDGE('',*,*,#568,.T.);
#837 = ORIENTED_EDGE('',*,*,#704,.T.);
#838 = ORIENTED_EDGE('',*,*,#839,.T.);
#839 = EDGE_CURVE('',#697,#821,#840,.T.);
#840 = LINE('',#841,#842);
#841 = CARTESIAN_POINT('',(-0.989916984716,1.25,1.25));
#842 = VECTOR('',#843,1.);
#843 = DIRECTION('',(0.,0.,1.));
#844 = PLANE('',#845);
#845 = AXIS2_PLACEMENT_3D('',#846,#847,#848);
#846 = CARTESIAN_POINT('',(-1.27,1.25,0.));
#847 = DIRECTION('',(0.,1.,0.));
#848 = DIRECTION('',(0.,-0.,1.));
#849 = ADVANCED_FACE('',(#850),#879,.F.);
#850 = FACE_BOUND('',#851,.T.);
#851 = EDGE_LOOP('',(#852,#853,#854,#855,#856,#862,#863,#864,#872,#878)
  );
#852 = ORIENTED_EDGE('',*,*,#774,.F.);
#853 = ORIENTED_EDGE('',*,*,#829,.F.);
#854 = ORIENTED_EDGE('',*,*,#356,.F.);
#855 = ORIENTED_EDGE('',*,*,#434,.F.);
#856 = ORIENTED_EDGE('',*,*,#857,.F.);
#857 = EDGE_CURVE('',#601,#427,#858,.T.);
#858 = LINE('',#859,#860);
#859 = CARTESIAN_POINT('',(0.919896230895,-0.625,2.5));
#860 = VECTOR('',#861,1.);
#861 = DIRECTION('',(0.,1.,0.));
#862 = ORIENTED_EDGE('',*,*,#600,.F.);
#863 = ORIENTED_EDGE('',*,*,#396,.F.);
#864 = ORIENTED_EDGE('',*,*,#865,.F.);
#865 = EDGE_CURVE('',#866,#389,#868,.T.);
#866 = VERTEX_POINT('',#867);
#867 = CARTESIAN_POINT('',(0.989916984716,-1.25,2.4));
#868 = LINE('',#869,#870);
#869 = CARTESIAN_POINT('',(1.512278860475,-1.25,1.653989928337));
#870 = VECTOR('',#871,1.);
#871 = DIRECTION('',(-0.573576436351,0.,0.819152044289));
#872 = ORIENTED_EDGE('',*,*,#873,.F.);
#873 = EDGE_CURVE('',#744,#866,#874,.T.);
#874 = LINE('',#875,#876);
#875 = CARTESIAN_POINT('',(1.038713109045,-1.180311912303,2.330311912303
    ));
#876 = VECTOR('',#877,1.);
#877 = DIRECTION('',(-0.44371260628,-0.633687274225,0.633687274225));
#878 = ORIENTED_EDGE('',*,*,#743,.F.);
#879 = PLANE('',#880);
#880 = AXIS2_PLACEMENT_3D('',#881,#882,#883);
#881 = CARTESIAN_POINT('',(0.919896230895,-1.25,2.5));
#882 = DIRECTION('',(-0.819152044289,0.,-0.573576436351));
#883 = DIRECTION('',(-0.573576436351,0.,0.819152044289));
#884 = ADVANCED_FACE('',(#885),#896,.F.);
#885 = FACE_BOUND('',#886,.T.);
#886 = EDGE_LOOP('',(#887,#888,#889,#890));
#887 = ORIENTED_EDGE('',*,*,#622,.T.);
#888 = ORIENTED_EDGE('',*,*,#751,.F.);
#889 = ORIENTED_EDGE('',*,*,#873,.T.);
#890 = ORIENTED_EDGE('',*,*,#891,.F.);
#891 = EDGE_CURVE('',#623,#866,#892,.T.);
#892 = LINE('',#893,#894);
#893 = CARTESIAN_POINT('',(0.989916984716,-1.25,1.25));
#894 = VECTOR('',#895,1.);
#895 = DIRECTION('',(0.,0.,1.));
#896 = PLANE('',#897);
#897 = AXIS2_PLACEMENT_3D('',#898,#899,#900);
#898 = CARTESIAN_POINT('',(1.27,-0.85,2.5));
#899 = DIRECTION('',(-0.819152044289,0.573576436351,0.));
#900 = DIRECTION('',(0.,0.,1.));
#901 = ADVANCED_FACE('',(#902),#917,.T.);
#902 = FACE_BOUND('',#903,.T.);
#903 = EDGE_LOOP('',(#904,#910,#911,#912,#913,#914,#915,#916));
#904 = ORIENTED_EDGE('',*,*,#905,.T.);
#905 = EDGE_CURVE('',#381,#791,#906,.T.);
#906 = LINE('',#907,#908);
#907 = CARTESIAN_POINT('',(-1.322029101405,-1.25,1.925694742536));
#908 = VECTOR('',#909,1.);
#909 = DIRECTION('',(-0.573576436351,0.,-0.819152044289));
#910 = ORIENTED_EDGE('',*,*,#790,.T.);
#911 = ORIENTED_EDGE('',*,*,#720,.T.);
#912 = ORIENTED_EDGE('',*,*,#506,.T.);
#913 = ORIENTED_EDGE('',*,*,#632,.T.);
#914 = ORIENTED_EDGE('',*,*,#891,.T.);
#915 = ORIENTED_EDGE('',*,*,#865,.T.);
#916 = ORIENTED_EDGE('',*,*,#388,.T.);
#917 = PLANE('',#918);
#918 = AXIS2_PLACEMENT_3D('',#919,#920,#921);
#919 = CARTESIAN_POINT('',(1.27,-1.25,0.));
#920 = DIRECTION('',(0.,-1.,0.));
#921 = DIRECTION('',(0.,0.,-1.));
#922 = ADVANCED_FACE('',(#923),#952,.F.);
#923 = FACE_BOUND('',#924,.T.);
#924 = EDGE_LOOP('',(#925,#926,#934,#940,#941,#942,#943,#944,#950,#951)
  );
#925 = ORIENTED_EDGE('',*,*,#820,.F.);
#926 = ORIENTED_EDGE('',*,*,#927,.F.);
#927 = EDGE_CURVE('',#928,#821,#930,.T.);
#928 = VERTEX_POINT('',#929);
#929 = CARTESIAN_POINT('',(-1.27,0.85,2.));
#930 = LINE('',#931,#932);
#931 = CARTESIAN_POINT('',(-1.49494002561,0.528752350789,1.678752350789)
  );
#932 = VECTOR('',#933,1.);
#933 = DIRECTION('',(0.44371260628,0.633687274225,0.633687274225));
#934 = ORIENTED_EDGE('',*,*,#935,.F.);
#935 = EDGE_CURVE('',#799,#928,#936,.T.);
#936 = LINE('',#937,#938);
#937 = CARTESIAN_POINT('',(-1.27,-1.25,2.));
#938 = VECTOR('',#939,1.);
#939 = DIRECTION('',(-1.110223024625E-16,1.,-1.585562799658E-16));
#940 = ORIENTED_EDGE('',*,*,#798,.F.);
#941 = ORIENTED_EDGE('',*,*,#905,.F.);
#942 = ORIENTED_EDGE('',*,*,#378,.F.);
#943 = ORIENTED_EDGE('',*,*,#591,.F.);
#944 = ORIENTED_EDGE('',*,*,#945,.F.);
#945 = EDGE_CURVE('',#419,#592,#946,.T.);
#946 = LINE('',#947,#948);
#947 = CARTESIAN_POINT('',(-0.919896230895,-0.625,2.5));
#948 = VECTOR('',#949,1.);
#949 = DIRECTION('',(0.,-1.,0.));
#950 = ORIENTED_EDGE('',*,*,#418,.F.);
#951 = ORIENTED_EDGE('',*,*,#338,.F.);
#952 = PLANE('',#953);
#953 = AXIS2_PLACEMENT_3D('',#954,#955,#956);
#954 = CARTESIAN_POINT('',(-1.27,-1.25,2.));
#955 = DIRECTION('',(0.819152044289,0.,-0.573576436351));
#956 = DIRECTION('',(-0.573576436351,0.,-0.819152044289));
#957 = ADVANCED_FACE('',(#958,#964),#998,.T.);
#958 = FACE_BOUND('',#959,.T.);
#959 = EDGE_LOOP('',(#960,#961,#962,#963));
#960 = ORIENTED_EDGE('',*,*,#426,.T.);
#961 = ORIENTED_EDGE('',*,*,#945,.T.);
#962 = ORIENTED_EDGE('',*,*,#608,.T.);
#963 = ORIENTED_EDGE('',*,*,#857,.T.);
#964 = FACE_BOUND('',#965,.T.);
#965 = EDGE_LOOP('',(#966,#976,#984,#992));
#966 = ORIENTED_EDGE('',*,*,#967,.F.);
#967 = EDGE_CURVE('',#968,#970,#972,.T.);
#968 = VERTEX_POINT('',#969);
#969 = CARTESIAN_POINT('',(-0.515,0.5075,2.5));
#970 = VERTEX_POINT('',#971);
#971 = CARTESIAN_POINT('',(-0.515,-0.5075,2.5));
#972 = LINE('',#973,#974);
#973 = CARTESIAN_POINT('',(-0.515,7.6875E-02,2.5));
#974 = VECTOR('',#975,1.);
#975 = DIRECTION('',(0.,-1.,0.));
#976 = ORIENTED_EDGE('',*,*,#977,.F.);
#977 = EDGE_CURVE('',#978,#968,#980,.T.);
#978 = VERTEX_POINT('',#979);
#979 = CARTESIAN_POINT('',(0.515,0.5075,2.5));
#980 = LINE('',#981,#982);
#981 = CARTESIAN_POINT('',(0.1575,0.5075,2.5));
#982 = VECTOR('',#983,1.);
#983 = DIRECTION('',(-1.,7.159176250063E-16,0.));
#984 = ORIENTED_EDGE('',*,*,#985,.F.);
#985 = EDGE_CURVE('',#986,#978,#988,.T.);
#986 = VERTEX_POINT('',#987);
#987 = CARTESIAN_POINT('',(0.515,-0.5075,2.5));
#988 = LINE('',#989,#990);
#989 = CARTESIAN_POINT('',(0.515,-0.15375,2.5));
#990 = VECTOR('',#991,1.);
#991 = DIRECTION('',(-2.256550863059E-16,1.,0.));
#992 = ORIENTED_EDGE('',*,*,#993,.F.);
#993 = EDGE_CURVE('',#970,#986,#994,.T.);
#994 = LINE('',#995,#996);
#995 = CARTESIAN_POINT('',(-0.1575,-0.5075,2.5));
#996 = VECTOR('',#997,1.);
#997 = DIRECTION('',(1.,-7.709882115452E-16,0.));
#998 = PLANE('',#999);
#999 = AXIS2_PLACEMENT_3D('',#1000,#1001,#1002);
#1000 = CARTESIAN_POINT('',(0.,5.061487544625E-17,2.5));
#1001 = DIRECTION('',(0.,0.,1.));
#1002 = DIRECTION('',(1.,0.,-0.));
#1003 = ADVANCED_FACE('',(#1004),#1038,.T.);
#1004 = FACE_BOUND('',#1005,.T.);
#1005 = EDGE_LOOP('',(#1006,#1016,#1024,#1032));
#1006 = ORIENTED_EDGE('',*,*,#1007,.T.);
#1007 = EDGE_CURVE('',#1008,#1010,#1012,.T.);
#1008 = VERTEX_POINT('',#1009);
#1009 = CARTESIAN_POINT('',(0.315,0.3075,0.2));
#1010 = VERTEX_POINT('',#1011);
#1011 = CARTESIAN_POINT('',(-0.315,0.3075,0.2));
#1012 = LINE('',#1013,#1014);
#1013 = CARTESIAN_POINT('',(0.1575,0.3075,0.2));
#1014 = VECTOR('',#1015,1.);
#1015 = DIRECTION('',(-1.,7.159176250063E-16,0.));
#1016 = ORIENTED_EDGE('',*,*,#1017,.T.);
#1017 = EDGE_CURVE('',#1010,#1018,#1020,.T.);
#1018 = VERTEX_POINT('',#1019);
#1019 = CARTESIAN_POINT('',(-0.515,0.5075,0.));
#1020 = LINE('',#1021,#1022);
#1021 = CARTESIAN_POINT('',(-0.315,0.3075,0.2));
#1022 = VECTOR('',#1023,1.);
#1023 = DIRECTION('',(-0.57735026919,0.57735026919,-0.57735026919));
#1024 = ORIENTED_EDGE('',*,*,#1025,.T.);
#1025 = EDGE_CURVE('',#1018,#1026,#1028,.T.);
#1026 = VERTEX_POINT('',#1027);
#1027 = CARTESIAN_POINT('',(0.515,0.5075,0.));
#1028 = LINE('',#1029,#1030);
#1029 = CARTESIAN_POINT('',(0.1575,0.5075,0.));
#1030 = VECTOR('',#1031,1.);
#1031 = DIRECTION('',(1.,-7.159176250063E-16,0.));
#1032 = ORIENTED_EDGE('',*,*,#1033,.T.);
#1033 = EDGE_CURVE('',#1026,#1008,#1034,.T.);
#1034 = LINE('',#1035,#1036);
#1035 = CARTESIAN_POINT('',(0.515,0.5075,0.));
#1036 = VECTOR('',#1037,1.);
#1037 = DIRECTION('',(-0.57735026919,-0.57735026919,0.57735026919));
#1038 = PLANE('',#1039);
#1039 = AXIS2_PLACEMENT_3D('',#1040,#1041,#1042);
#1040 = CARTESIAN_POINT('',(0.1575,0.4075,0.1));
#1041 = DIRECTION('',(-5.062302074129E-16,-0.707106781187,
    -0.707106781187));
#1042 = DIRECTION('',(-1.,-2.958228394579E-31,7.159176250063E-16));
#1043 = ADVANCED_FACE('',(#1044),#1069,.T.);
#1044 = FACE_BOUND('',#1045,.T.);
#1045 = EDGE_LOOP('',(#1046,#1054,#1055,#1063));
#1046 = ORIENTED_EDGE('',*,*,#1047,.T.);
#1047 = EDGE_CURVE('',#1048,#1008,#1050,.T.);
#1048 = VERTEX_POINT('',#1049);
#1049 = CARTESIAN_POINT('',(0.315,-0.3075,0.2));
#1050 = LINE('',#1051,#1052);
#1051 = CARTESIAN_POINT('',(0.315,-0.15375,0.2));
#1052 = VECTOR('',#1053,1.);
#1053 = DIRECTION('',(-2.256550863059E-16,1.,0.));
#1054 = ORIENTED_EDGE('',*,*,#1033,.F.);
#1055 = ORIENTED_EDGE('',*,*,#1056,.T.);
#1056 = EDGE_CURVE('',#1026,#1057,#1059,.T.);
#1057 = VERTEX_POINT('',#1058);
#1058 = CARTESIAN_POINT('',(0.515,-0.5075,0.));
#1059 = LINE('',#1060,#1061);
#1060 = CARTESIAN_POINT('',(0.515,-0.15375,0.));
#1061 = VECTOR('',#1062,1.);
#1062 = DIRECTION('',(2.256550863059E-16,-1.,0.));
#1063 = ORIENTED_EDGE('',*,*,#1064,.F.);
#1064 = EDGE_CURVE('',#1048,#1057,#1065,.T.);
#1065 = LINE('',#1066,#1067);
#1066 = CARTESIAN_POINT('',(0.315,-0.3075,0.2));
#1067 = VECTOR('',#1068,1.);
#1068 = DIRECTION('',(0.57735026919,-0.57735026919,-0.57735026919));
#1069 = PLANE('',#1070);
#1070 = AXIS2_PLACEMENT_3D('',#1071,#1072,#1073);
#1071 = CARTESIAN_POINT('',(0.415,-0.15375,0.1));
#1072 = DIRECTION('',(-0.707106781187,-1.595622417362E-16,
    -0.707106781187));
#1073 = DIRECTION('',(-0.707106781187,-1.232595164408E-32,0.707106781187
    ));
#1074 = ADVANCED_FACE('',(#1075),#1100,.T.);
#1075 = FACE_BOUND('',#1076,.T.);
#1076 = EDGE_LOOP('',(#1077,#1085,#1093,#1099));
#1077 = ORIENTED_EDGE('',*,*,#1078,.T.);
#1078 = EDGE_CURVE('',#1010,#1079,#1081,.T.);
#1079 = VERTEX_POINT('',#1080);
#1080 = CARTESIAN_POINT('',(-0.315,-0.3075,0.2));
#1081 = LINE('',#1082,#1083);
#1082 = CARTESIAN_POINT('',(-0.315,0.15375,0.2));
#1083 = VECTOR('',#1084,1.);
#1084 = DIRECTION('',(0.,-1.,0.));
#1085 = ORIENTED_EDGE('',*,*,#1086,.T.);
#1086 = EDGE_CURVE('',#1079,#1087,#1089,.T.);
#1087 = VERTEX_POINT('',#1088);
#1088 = CARTESIAN_POINT('',(-0.515,-0.5075,0.));
#1089 = LINE('',#1090,#1091);
#1090 = CARTESIAN_POINT('',(-0.315,-0.3075,0.2));
#1091 = VECTOR('',#1092,1.);
#1092 = DIRECTION('',(-0.57735026919,-0.57735026919,-0.57735026919));
#1093 = ORIENTED_EDGE('',*,*,#1094,.T.);
#1094 = EDGE_CURVE('',#1087,#1018,#1095,.T.);
#1095 = LINE('',#1096,#1097);
#1096 = CARTESIAN_POINT('',(-0.515,0.15375,0.));
#1097 = VECTOR('',#1098,1.);
#1098 = DIRECTION('',(0.,1.,0.));
#1099 = ORIENTED_EDGE('',*,*,#1017,.F.);
#1100 = PLANE('',#1101);
#1101 = AXIS2_PLACEMENT_3D('',#1102,#1103,#1104);
#1102 = CARTESIAN_POINT('',(-0.415,0.15375,0.1));
#1103 = DIRECTION('',(0.707106781187,0.,-0.707106781187));
#1104 = DIRECTION('',(-0.707106781187,0.,-0.707106781187));
#1105 = ADVANCED_FACE('',(#1106),#1122,.T.);
#1106 = FACE_BOUND('',#1107,.T.);
#1107 = EDGE_LOOP('',(#1108,#1114,#1115,#1121));
#1108 = ORIENTED_EDGE('',*,*,#1109,.T.);
#1109 = EDGE_CURVE('',#1079,#1048,#1110,.T.);
#1110 = LINE('',#1111,#1112);
#1111 = CARTESIAN_POINT('',(-0.1575,-0.3075,0.2));
#1112 = VECTOR('',#1113,1.);
#1113 = DIRECTION('',(1.,-7.709882115452E-16,0.));
#1114 = ORIENTED_EDGE('',*,*,#1064,.T.);
#1115 = ORIENTED_EDGE('',*,*,#1116,.T.);
#1116 = EDGE_CURVE('',#1057,#1087,#1117,.T.);
#1117 = LINE('',#1118,#1119);
#1118 = CARTESIAN_POINT('',(-0.1575,-0.5075,0.));
#1119 = VECTOR('',#1120,1.);
#1120 = DIRECTION('',(-1.,7.709882115452E-16,0.));
#1121 = ORIENTED_EDGE('',*,*,#1086,.F.);
#1122 = PLANE('',#1123);
#1123 = AXIS2_PLACEMENT_3D('',#1124,#1125,#1126);
#1124 = CARTESIAN_POINT('',(-0.1575,-0.4075,0.1));
#1125 = DIRECTION('',(5.451709925985E-16,0.707106781187,-0.707106781187)
  );
#1126 = DIRECTION('',(-1.,1.479114197289E-31,-7.709882115452E-16));
#1127 = ADVANCED_FACE('',(#1128),#1153,.F.);
#1128 = FACE_BOUND('',#1129,.T.);
#1129 = EDGE_LOOP('',(#1130,#1131,#1139,#1147));
#1130 = ORIENTED_EDGE('',*,*,#1078,.F.);
#1131 = ORIENTED_EDGE('',*,*,#1132,.F.);
#1132 = EDGE_CURVE('',#1133,#1010,#1135,.T.);
#1133 = VERTEX_POINT('',#1134);
#1134 = CARTESIAN_POINT('',(-0.315,0.3075,2.3));
#1135 = LINE('',#1136,#1137);
#1136 = CARTESIAN_POINT('',(-0.315,0.3075,2.5));
#1137 = VECTOR('',#1138,1.);
#1138 = DIRECTION('',(0.,0.,-1.));
#1139 = ORIENTED_EDGE('',*,*,#1140,.F.);
#1140 = EDGE_CURVE('',#1141,#1133,#1143,.T.);
#1141 = VERTEX_POINT('',#1142);
#1142 = CARTESIAN_POINT('',(-0.315,-0.3075,2.3));
#1143 = LINE('',#1144,#1145);
#1144 = CARTESIAN_POINT('',(-0.315,0.15375,2.3));
#1145 = VECTOR('',#1146,1.);
#1146 = DIRECTION('',(0.,1.,0.));
#1147 = ORIENTED_EDGE('',*,*,#1148,.T.);
#1148 = EDGE_CURVE('',#1141,#1079,#1149,.T.);
#1149 = LINE('',#1150,#1151);
#1150 = CARTESIAN_POINT('',(-0.315,-0.3075,2.5));
#1151 = VECTOR('',#1152,1.);
#1152 = DIRECTION('',(0.,0.,-1.));
#1153 = PLANE('',#1154);
#1154 = AXIS2_PLACEMENT_3D('',#1155,#1156,#1157);
#1155 = CARTESIAN_POINT('',(-0.315,0.3075,2.5));
#1156 = DIRECTION('',(-1.,0.,0.));
#1157 = DIRECTION('',(0.,0.,1.));
#1158 = ADVANCED_FACE('',(#1159),#1177,.F.);
#1159 = FACE_BOUND('',#1160,.T.);
#1160 = EDGE_LOOP('',(#1161,#1162,#1170,#1176));
#1161 = ORIENTED_EDGE('',*,*,#1007,.F.);
#1162 = ORIENTED_EDGE('',*,*,#1163,.F.);
#1163 = EDGE_CURVE('',#1164,#1008,#1166,.T.);
#1164 = VERTEX_POINT('',#1165);
#1165 = CARTESIAN_POINT('',(0.315,0.3075,2.3));
#1166 = LINE('',#1167,#1168);
#1167 = CARTESIAN_POINT('',(0.315,0.3075,2.5));
#1168 = VECTOR('',#1169,1.);
#1169 = DIRECTION('',(0.,0.,-1.));
#1170 = ORIENTED_EDGE('',*,*,#1171,.F.);
#1171 = EDGE_CURVE('',#1133,#1164,#1172,.T.);
#1172 = LINE('',#1173,#1174);
#1173 = CARTESIAN_POINT('',(0.1575,0.3075,2.3));
#1174 = VECTOR('',#1175,1.);
#1175 = DIRECTION('',(1.,-7.159176250063E-16,0.));
#1176 = ORIENTED_EDGE('',*,*,#1132,.T.);
#1177 = PLANE('',#1178);
#1178 = AXIS2_PLACEMENT_3D('',#1179,#1180,#1181);
#1179 = CARTESIAN_POINT('',(0.315,0.3075,2.5));
#1180 = DIRECTION('',(7.159176250063E-16,1.,0.));
#1181 = DIRECTION('',(0.,-0.,1.));
#1182 = ADVANCED_FACE('',(#1183,#1189),#1195,.F.);
#1183 = FACE_BOUND('',#1184,.T.);
#1184 = EDGE_LOOP('',(#1185,#1186,#1187,#1188));
#1185 = ORIENTED_EDGE('',*,*,#546,.T.);
#1186 = ORIENTED_EDGE('',*,*,#640,.T.);
#1187 = ORIENTED_EDGE('',*,*,#459,.T.);
#1188 = ORIENTED_EDGE('',*,*,#712,.T.);
#1189 = FACE_BOUND('',#1190,.T.);
#1190 = EDGE_LOOP('',(#1191,#1192,#1193,#1194));
#1191 = ORIENTED_EDGE('',*,*,#1025,.F.);
#1192 = ORIENTED_EDGE('',*,*,#1094,.F.);
#1193 = ORIENTED_EDGE('',*,*,#1116,.F.);
#1194 = ORIENTED_EDGE('',*,*,#1056,.F.);
#1195 = PLANE('',#1196);
#1196 = AXIS2_PLACEMENT_3D('',#1197,#1198,#1199);
#1197 = CARTESIAN_POINT('',(0.,8.816300263189E-17,0.));
#1198 = DIRECTION('',(0.,0.,1.));
#1199 = DIRECTION('',(1.,0.,-0.));
#1200 = ADVANCED_FACE('',(#1201),#1224,.T.);
#1201 = FACE_BOUND('',#1202,.T.);
#1202 = EDGE_LOOP('',(#1203,#1209,#1210,#1218));
#1203 = ORIENTED_EDGE('',*,*,#1204,.F.);
#1204 = EDGE_CURVE('',#970,#1141,#1205,.T.);
#1205 = LINE('',#1206,#1207);
#1206 = CARTESIAN_POINT('',(-0.278541666667,-0.271041666667,
    2.263541666667));
#1207 = VECTOR('',#1208,1.);
#1208 = DIRECTION('',(0.57735026919,0.57735026919,-0.57735026919));
#1209 = ORIENTED_EDGE('',*,*,#993,.T.);
#1210 = ORIENTED_EDGE('',*,*,#1211,.T.);
#1211 = EDGE_CURVE('',#986,#1212,#1214,.T.);
#1212 = VERTEX_POINT('',#1213);
#1213 = CARTESIAN_POINT('',(0.315,-0.3075,2.3));
#1214 = LINE('',#1215,#1216);
#1215 = CARTESIAN_POINT('',(0.515,-0.5075,2.5));
#1216 = VECTOR('',#1217,1.);
#1217 = DIRECTION('',(-0.57735026919,0.57735026919,-0.57735026919));
#1218 = ORIENTED_EDGE('',*,*,#1219,.T.);
#1219 = EDGE_CURVE('',#1212,#1141,#1220,.T.);
#1220 = LINE('',#1221,#1222);
#1221 = CARTESIAN_POINT('',(-0.1575,-0.3075,2.3));
#1222 = VECTOR('',#1223,1.);
#1223 = DIRECTION('',(-1.,7.709882115452E-16,0.));
#1224 = PLANE('',#1225);
#1225 = AXIS2_PLACEMENT_3D('',#1226,#1227,#1228);
#1226 = CARTESIAN_POINT('',(-0.1575,-0.4075,2.4));
#1227 = DIRECTION('',(5.451709925985E-16,0.707106781187,0.707106781187)
  );
#1228 = DIRECTION('',(1.,-1.479114197289E-31,-7.709882115452E-16));
#1229 = ADVANCED_FACE('',(#1230),#1246,.T.);
#1230 = FACE_BOUND('',#1231,.T.);
#1231 = EDGE_LOOP('',(#1232,#1238,#1239,#1245));
#1232 = ORIENTED_EDGE('',*,*,#1233,.F.);
#1233 = EDGE_CURVE('',#1133,#968,#1234,.T.);
#1234 = LINE('',#1235,#1236);
#1235 = CARTESIAN_POINT('',(-0.277291666667,0.269791666667,
    2.262291666667));
#1236 = VECTOR('',#1237,1.);
#1237 = DIRECTION('',(-0.57735026919,0.57735026919,0.57735026919));
#1238 = ORIENTED_EDGE('',*,*,#1171,.T.);
#1239 = ORIENTED_EDGE('',*,*,#1240,.T.);
#1240 = EDGE_CURVE('',#1164,#978,#1241,.T.);
#1241 = LINE('',#1242,#1243);
#1242 = CARTESIAN_POINT('',(0.315,0.3075,2.3));
#1243 = VECTOR('',#1244,1.);
#1244 = DIRECTION('',(0.57735026919,0.57735026919,0.57735026919));
#1245 = ORIENTED_EDGE('',*,*,#977,.T.);
#1246 = PLANE('',#1247);
#1247 = AXIS2_PLACEMENT_3D('',#1248,#1249,#1250);
#1248 = CARTESIAN_POINT('',(0.1575,0.4075,2.4));
#1249 = DIRECTION('',(-5.062302074129E-16,-0.707106781187,0.707106781187
    ));
#1250 = DIRECTION('',(1.,-2.958228394579E-31,7.159176250063E-16));
#1251 = ADVANCED_FACE('',(#1252),#1263,.T.);
#1252 = FACE_BOUND('',#1253,.T.);
#1253 = EDGE_LOOP('',(#1254,#1260,#1261,#1262));
#1254 = ORIENTED_EDGE('',*,*,#1255,.T.);
#1255 = EDGE_CURVE('',#1164,#1212,#1256,.T.);
#1256 = LINE('',#1257,#1258);
#1257 = CARTESIAN_POINT('',(0.315,-0.15375,2.3));
#1258 = VECTOR('',#1259,1.);
#1259 = DIRECTION('',(2.256550863059E-16,-1.,0.));
#1260 = ORIENTED_EDGE('',*,*,#1211,.F.);
#1261 = ORIENTED_EDGE('',*,*,#985,.T.);
#1262 = ORIENTED_EDGE('',*,*,#1240,.F.);
#1263 = PLANE('',#1264);
#1264 = AXIS2_PLACEMENT_3D('',#1265,#1266,#1267);
#1265 = CARTESIAN_POINT('',(0.415,-0.15375,2.4));
#1266 = DIRECTION('',(-0.707106781187,-1.595622417362E-16,0.707106781187
    ));
#1267 = DIRECTION('',(0.707106781187,1.232595164408E-32,0.707106781187)
  );
#1268 = ADVANCED_FACE('',(#1269),#1280,.F.);
#1269 = FACE_BOUND('',#1270,.T.);
#1270 = EDGE_LOOP('',(#1271,#1272,#1273,#1274));
#1271 = ORIENTED_EDGE('',*,*,#1109,.F.);
#1272 = ORIENTED_EDGE('',*,*,#1148,.F.);
#1273 = ORIENTED_EDGE('',*,*,#1219,.F.);
#1274 = ORIENTED_EDGE('',*,*,#1275,.T.);
#1275 = EDGE_CURVE('',#1212,#1048,#1276,.T.);
#1276 = LINE('',#1277,#1278);
#1277 = CARTESIAN_POINT('',(0.315,-0.3075,2.5));
#1278 = VECTOR('',#1279,1.);
#1279 = DIRECTION('',(0.,0.,-1.));
#1280 = PLANE('',#1281);
#1281 = AXIS2_PLACEMENT_3D('',#1282,#1283,#1284);
#1282 = CARTESIAN_POINT('',(-0.315,-0.3075,2.5));
#1283 = DIRECTION('',(-7.709882115452E-16,-1.,0.));
#1284 = DIRECTION('',(-0.,0.,-1.));
#1285 = ADVANCED_FACE('',(#1286),#1292,.F.);
#1286 = FACE_BOUND('',#1287,.T.);
#1287 = EDGE_LOOP('',(#1288,#1289,#1290,#1291));
#1288 = ORIENTED_EDGE('',*,*,#1047,.F.);
#1289 = ORIENTED_EDGE('',*,*,#1275,.F.);
#1290 = ORIENTED_EDGE('',*,*,#1255,.F.);
#1291 = ORIENTED_EDGE('',*,*,#1163,.T.);
#1292 = PLANE('',#1293);
#1293 = AXIS2_PLACEMENT_3D('',#1294,#1295,#1296);
#1294 = CARTESIAN_POINT('',(0.315,-0.3075,2.5));
#1295 = DIRECTION('',(1.,2.256550863059E-16,0.));
#1296 = DIRECTION('',(0.,0.,-1.));
#1297 = ADVANCED_FACE('',(#1298),#1304,.T.);
#1298 = FACE_BOUND('',#1299,.T.);
#1299 = EDGE_LOOP('',(#1300,#1301,#1302,#1303));
#1300 = ORIENTED_EDGE('',*,*,#1140,.T.);
#1301 = ORIENTED_EDGE('',*,*,#1233,.T.);
#1302 = ORIENTED_EDGE('',*,*,#967,.T.);
#1303 = ORIENTED_EDGE('',*,*,#1204,.T.);
#1304 = PLANE('',#1305);
#1305 = AXIS2_PLACEMENT_3D('',#1306,#1307,#1308);
#1306 = CARTESIAN_POINT('',(-0.415,0.15375,2.4));
#1307 = DIRECTION('',(0.707106781187,0.,0.707106781187));
#1308 = DIRECTION('',(0.707106781187,0.,-0.707106781187));
#1309 = ADVANCED_FACE('',(#1310),#1321,.F.);
#1310 = FACE_BOUND('',#1311,.T.);
#1311 = EDGE_LOOP('',(#1312,#1313,#1319,#1320));
#1312 = ORIENTED_EDGE('',*,*,#696,.T.);
#1313 = ORIENTED_EDGE('',*,*,#1314,.F.);
#1314 = EDGE_CURVE('',#928,#689,#1315,.T.);
#1315 = LINE('',#1316,#1317);
#1316 = CARTESIAN_POINT('',(-1.27,0.85,1.25));
#1317 = VECTOR('',#1318,1.);
#1318 = DIRECTION('',(0.,0.,-1.));
#1319 = ORIENTED_EDGE('',*,*,#927,.T.);
#1320 = ORIENTED_EDGE('',*,*,#839,.F.);
#1321 = PLANE('',#1322);
#1322 = AXIS2_PLACEMENT_3D('',#1323,#1324,#1325);
#1323 = CARTESIAN_POINT('',(-1.27,0.85,2.5));
#1324 = DIRECTION('',(0.819152044289,-0.573576436351,0.));
#1325 = DIRECTION('',(0.,0.,-1.));
#1326 = ADVANCED_FACE('',(#1327),#1333,.T.);
#1327 = FACE_BOUND('',#1328,.T.);
#1328 = EDGE_LOOP('',(#1329,#1330,#1331,#1332));
#1329 = ORIENTED_EDGE('',*,*,#688,.T.);
#1330 = ORIENTED_EDGE('',*,*,#806,.T.);
#1331 = ORIENTED_EDGE('',*,*,#935,.T.);
#1332 = ORIENTED_EDGE('',*,*,#1314,.T.);
#1333 = PLANE('',#1334);
#1334 = AXIS2_PLACEMENT_3D('',#1335,#1336,#1337);
#1335 = CARTESIAN_POINT('',(-1.27,-1.25,0.));
#1336 = DIRECTION('',(-1.,-1.110223024625E-16,0.));
#1337 = DIRECTION('',(0.,0.,1.));
#1338 = ( GEOMETRIC_REPRESENTATION_CONTEXT(3) 
GLOBAL_UNCERTAINTY_ASSIGNED_CONTEXT((#1342)) 
GLOBAL_UNIT_ASSIGNED_CONTEXT((#1339,#1340,#1341)) REPRESENTATION_CONTEXT
('Context #1','3D Context with UNIT and UNCERTAINTY') );
#1339 = ( LENGTH_UNIT() NAMED_UNIT(*) SI_UNIT(.MILLI.,.METRE.) );
#1340 = ( NAMED_UNIT(*) PLANE_ANGLE_UNIT() SI_UNIT($,.RADIAN.) );
#1341 = ( NAMED_UNIT(*) SI_UNIT($,.STERADIAN.) SOLID_ANGLE_UNIT() );
#1342 = UNCERTAINTY_MEASURE_WITH_UNIT(LENGTH_MEASURE(1.E-07),#1339,
  'distance_accuracy_value','confusion accuracy');
#1343 = CONTEXT_DEPENDENT_SHAPE_REPRESENTATION(#1344,#1346);
#1344 = ( REPRESENTATION_RELATIONSHIP('','',#331,#32) 
REPRESENTATION_RELATIONSHIP_WITH_TRANSFORMATION(#1345) 
SHAPE_REPRESENTATION_RELATIONSHIP() );
#1345 = ITEM_DEFINED_TRANSFORMATION('','',#11,#33);
#1346 = PRODUCT_DEFINITION_SHAPE('Placement','Placement of an item',
  #1347);
#1347 = NEXT_ASSEMBLY_USAGE_OCCURRENCE('2114','F1000S1120M007B193','',
  #27,#326,$);
#1348 = PRODUCT_RELATED_PRODUCT_CATEGORY('part',$,(#328));
#1349 = SHAPE_DEFINITION_REPRESENTATION(#1350,#1356);
#1350 = PRODUCT_DEFINITION_SHAPE('','',#1351);
#1351 = PRODUCT_DEFINITION('design','',#1352,#1355);
#1352 = PRODUCT_DEFINITION_FORMATION('','',#1353);
#1353 = PRODUCT('1039931_IAM_193','1039931_IAM_193','',(#1354));
#1354 = PRODUCT_CONTEXT('',#2,'mechanical');
#1355 = PRODUCT_DEFINITION_CONTEXT('part definition',#2,'design');
#1356 = SHAPE_REPRESENTATION('',(#11,#1357,#1361),#1365);
#1357 = AXIS2_PLACEMENT_3D('',#1358,#1359,#1360);
#1358 = CARTESIAN_POINT('',(0.,0.,0.));
#1359 = DIRECTION('',(0.,0.,1.));
#1360 = DIRECTION('',(1.,0.,0.));
#1361 = AXIS2_PLACEMENT_3D('',#1362,#1363,#1364);
#1362 = CARTESIAN_POINT('',(-4.51028103754E-16,0.574523821802,0.));
#1363 = DIRECTION('',(0.,0.,-1.));
#1364 = DIRECTION('',(1.,0.,0.));
#1365 = ( GEOMETRIC_REPRESENTATION_CONTEXT(3) 
GLOBAL_UNCERTAINTY_ASSIGNED_CONTEXT((#1369)) 
GLOBAL_UNIT_ASSIGNED_CONTEXT((#1366,#1367,#1368)) REPRESENTATION_CONTEXT
('Context #1','3D Context with UNIT and UNCERTAINTY') );
#1366 = ( LENGTH_UNIT() NAMED_UNIT(*) SI_UNIT(.MILLI.,.METRE.) );
#1367 = ( NAMED_UNIT(*) PLANE_ANGLE_UNIT() SI_UNIT($,.RADIAN.) );
#1368 = ( NAMED_UNIT(*) SI_UNIT($,.STERADIAN.) SOLID_ANGLE_UNIT() );
#1369 = UNCERTAINTY_MEASURE_WITH_UNIT(LENGTH_MEASURE(1.E-07),#1366,
  'distance_accuracy_value','confusion accuracy');
#1370 = CONTEXT_DEPENDENT_SHAPE_REPRESENTATION(#1371,#1373);
#1371 = ( REPRESENTATION_RELATIONSHIP('','',#1356,#32) 
REPRESENTATION_RELATIONSHIP_WITH_TRANSFORMATION(#1372) 
SHAPE_REPRESENTATION_RELATIONSHIP() );
#1372 = ITEM_DEFINED_TRANSFORMATION('','',#11,#37);
#1373 = PRODUCT_DEFINITION_SHAPE('Placement','Placement of an item',
  #1374);
#1374 = NEXT_ASSEMBLY_USAGE_OCCURRENCE('2117','1039931_IAM_193','',#27,
  #1351,$);
#1375 = PRODUCT_RELATED_PRODUCT_CATEGORY('part',$,(#1353));
#1376 = SHAPE_DEFINITION_REPRESENTATION(#1377,#1383);
#1377 = PRODUCT_DEFINITION_SHAPE('','',#1378);
#1378 = PRODUCT_DEFINITION('design','',#1379,#1382);
#1379 = PRODUCT_DEFINITION_FORMATION('','',#1380);
#1380 = PRODUCT('1039929_IPT_193','1039929_IPT_193','',(#1381));
#1381 = PRODUCT_CONTEXT('',#2,'mechanical');
#1382 = PRODUCT_DEFINITION_CONTEXT('part definition',#2,'design');
#1383 = ADVANCED_BREP_SHAPE_REPRESENTATION('',(#11,#1384),#1798);
#1384 = MANIFOLD_SOLID_BREP('',#1385);
#1385 = CLOSED_SHELL('',(#1386,#1434,#1465,#1505,#1545,#1584,#1624,#1648
    ,#1680,#1711,#1736,#1753,#1774,#1786));
#1386 = ADVANCED_FACE('',(#1387),#1429,.T.);
#1387 = FACE_BOUND('',#1388,.T.);
#1388 = EDGE_LOOP('',(#1389,#1399,#1407,#1415,#1423));
#1389 = ORIENTED_EDGE('',*,*,#1390,.T.);
#1390 = EDGE_CURVE('',#1391,#1393,#1395,.T.);
#1391 = VERTEX_POINT('',#1392);
#1392 = CARTESIAN_POINT('',(-0.327579365079,0.604761910901,
    4.366657687084));
#1393 = VERTEX_POINT('',#1394);
#1394 = CARTESIAN_POINT('',(-0.327579365079,0.498088060568,4.5));
#1395 = LINE('',#1396,#1397);
#1396 = CARTESIAN_POINT('',(-0.327579365079,1.535570538747,
    3.203146902277));
#1397 = VECTOR('',#1398,1.);
#1398 = DIRECTION('',(6.826287649254E-17,-0.624695047554,0.780868809443)
  );
#1399 = ORIENTED_EDGE('',*,*,#1400,.T.);
#1400 = EDGE_CURVE('',#1393,#1401,#1403,.T.);
#1401 = VERTEX_POINT('',#1402);
#1402 = CARTESIAN_POINT('',(-0.127579365079,0.298088060568,5.));
#1403 = LINE('',#1404,#1405);
#1404 = CARTESIAN_POINT('',(-0.214145892392,0.384654587881,
    4.783583681717));
#1405 = VECTOR('',#1406,1.);
#1406 = DIRECTION('',(0.348155311911,-0.348155311911,0.870388279778));
#1407 = ORIENTED_EDGE('',*,*,#1408,.T.);
#1408 = EDGE_CURVE('',#1401,#1409,#1411,.T.);
#1409 = VERTEX_POINT('',#1410);
#1410 = CARTESIAN_POINT('',(-2.090551474655E-02,0.404761910901,5.));
#1411 = LINE('',#1412,#1413);
#1412 = CARTESIAN_POINT('',(-7.424243991296E-02,0.351424985735,5.));
#1413 = VECTOR('',#1414,1.);
#1414 = DIRECTION('',(0.707106781187,0.707106781187,0.));
#1415 = ORIENTED_EDGE('',*,*,#1416,.T.);
#1416 = EDGE_CURVE('',#1409,#1417,#1419,.T.);
#1417 = VERTEX_POINT('',#1418);
#1418 = CARTESIAN_POINT('',(-0.220905514747,0.604761910901,4.5));
#1419 = LINE('',#1420,#1421);
#1420 = CARTESIAN_POINT('',(-0.10747204206,0.491328438214,4.783583681717
    ));
#1421 = VECTOR('',#1422,1.);
#1422 = DIRECTION('',(-0.348155311911,0.348155311911,-0.870388279778));
#1423 = ORIENTED_EDGE('',*,*,#1424,.T.);
#1424 = EDGE_CURVE('',#1417,#1391,#1425,.T.);
#1425 = LINE('',#1426,#1427);
#1426 = CARTESIAN_POINT('',(-1.134485553901,0.604761910901,
    3.358024951057));
#1427 = VECTOR('',#1428,1.);
#1428 = DIRECTION('',(-0.624695047554,0.,-0.780868809443));
#1429 = PLANE('',#1430);
#1430 = AXIS2_PLACEMENT_3D('',#1431,#1432,#1433);
#1431 = CARTESIAN_POINT('',(-0.160808967226,0.437991513048,
    4.783583681717));
#1432 = DIRECTION('',(-0.615457454897,0.615457454897,0.492365963917));
#1433 = DIRECTION('',(0.624695047554,4.163336342344E-16,0.780868809443)
  );
#1434 = ADVANCED_FACE('',(#1435),#1460,.T.);
#1435 = FACE_BOUND('',#1436,.T.);
#1436 = EDGE_LOOP('',(#1437,#1438,#1446,#1454));
#1437 = ORIENTED_EDGE('',*,*,#1400,.F.);
#1438 = ORIENTED_EDGE('',*,*,#1439,.T.);
#1439 = EDGE_CURVE('',#1393,#1440,#1442,.T.);
#1440 = VERTEX_POINT('',#1441);
#1441 = CARTESIAN_POINT('',(-0.327579365079,7.643576123391E-02,4.5));
#1442 = LINE('',#1443,#1444);
#1443 = CARTESIAN_POINT('',(-0.327579365079,0.446011910901,4.5));
#1444 = VECTOR('',#1445,1.);
#1445 = DIRECTION('',(1.092739197466E-16,-1.,0.));
#1446 = ORIENTED_EDGE('',*,*,#1447,.F.);
#1447 = EDGE_CURVE('',#1448,#1440,#1450,.T.);
#1448 = VERTEX_POINT('',#1449);
#1449 = CARTESIAN_POINT('',(-0.127579365079,0.276435761234,5.));
#1450 = LINE('',#1451,#1452);
#1451 = CARTESIAN_POINT('',(-0.214145892392,0.189869233921,
    4.783583681717));
#1452 = VECTOR('',#1453,1.);
#1453 = DIRECTION('',(-0.348155311911,-0.348155311911,-0.870388279778));
#1454 = ORIENTED_EDGE('',*,*,#1455,.T.);
#1455 = EDGE_CURVE('',#1448,#1401,#1456,.T.);
#1456 = LINE('',#1457,#1458);
#1457 = CARTESIAN_POINT('',(-0.127579365079,0.446011910901,5.));
#1458 = VECTOR('',#1459,1.);
#1459 = DIRECTION('',(-1.092739197466E-16,1.,0.));
#1460 = PLANE('',#1461);
#1461 = AXIS2_PLACEMENT_3D('',#1462,#1463,#1464);
#1462 = CARTESIAN_POINT('',(-0.227579365079,0.446011910901,4.75));
#1463 = DIRECTION('',(-0.928476690885,-1.014582874064E-16,0.371390676354
    ));
#1464 = DIRECTION('',(0.371390676354,-6.162975822039E-33,0.928476690885)
  );
#1465 = ADVANCED_FACE('',(#1466),#1500,.T.);
#1466 = FACE_BOUND('',#1467,.T.);
#1467 = EDGE_LOOP('',(#1468,#1469,#1477,#1485,#1493,#1499));
#1468 = ORIENTED_EDGE('',*,*,#1390,.F.);
#1469 = ORIENTED_EDGE('',*,*,#1470,.F.);
#1470 = EDGE_CURVE('',#1471,#1391,#1473,.T.);
#1471 = VERTEX_POINT('',#1472);
#1472 = CARTESIAN_POINT('',(-0.327579365079,0.604761910901,0.));
#1473 = LINE('',#1474,#1475);
#1474 = CARTESIAN_POINT('',(-0.327579365079,0.604761910901,0.));
#1475 = VECTOR('',#1476,1.);
#1476 = DIRECTION('',(0.,0.,1.));
#1477 = ORIENTED_EDGE('',*,*,#1478,.T.);
#1478 = EDGE_CURVE('',#1471,#1479,#1481,.T.);
#1479 = VERTEX_POINT('',#1480);
#1480 = CARTESIAN_POINT('',(-0.327579365079,-3.023808909891E-02,0.));
#1481 = LINE('',#1482,#1483);
#1482 = CARTESIAN_POINT('',(-0.327579365079,0.604761910901,0.));
#1483 = VECTOR('',#1484,1.);
#1484 = DIRECTION('',(1.092739197466E-16,-1.,0.));
#1485 = ORIENTED_EDGE('',*,*,#1486,.T.);
#1486 = EDGE_CURVE('',#1479,#1487,#1489,.T.);
#1487 = VERTEX_POINT('',#1488);
#1488 = CARTESIAN_POINT('',(-0.327579365079,-3.023808909891E-02,
    4.366657687084));
#1489 = LINE('',#1490,#1491);
#1490 = CARTESIAN_POINT('',(-0.327579365079,-3.023808909891E-02,0.));
#1491 = VECTOR('',#1492,1.);
#1492 = DIRECTION('',(0.,0.,1.));
#1493 = ORIENTED_EDGE('',*,*,#1494,.F.);
#1494 = EDGE_CURVE('',#1440,#1487,#1495,.T.);
#1495 = LINE('',#1496,#1497);
#1496 = CARTESIAN_POINT('',(-0.327579365079,-0.83714427792,
    3.358024951057));
#1497 = VECTOR('',#1498,1.);
#1498 = DIRECTION('',(6.826287649254E-17,-0.624695047554,-0.780868809443
    ));
#1499 = ORIENTED_EDGE('',*,*,#1439,.F.);
#1500 = PLANE('',#1501);
#1501 = AXIS2_PLACEMENT_3D('',#1502,#1503,#1504);
#1502 = CARTESIAN_POINT('',(-0.327579365079,0.604761910901,0.));
#1503 = DIRECTION('',(-1.,-1.092739197466E-16,0.));
#1504 = DIRECTION('',(1.092739197466E-16,-1.,0.));
#1505 = ADVANCED_FACE('',(#1506),#1540,.T.);
#1506 = FACE_BOUND('',#1507,.T.);
#1507 = EDGE_LOOP('',(#1508,#1509,#1517,#1525,#1533,#1539));
#1508 = ORIENTED_EDGE('',*,*,#1424,.F.);
#1509 = ORIENTED_EDGE('',*,*,#1510,.F.);
#1510 = EDGE_CURVE('',#1511,#1417,#1513,.T.);
#1511 = VERTEX_POINT('',#1512);
#1512 = CARTESIAN_POINT('',(0.200746784588,0.604761910901,4.5));
#1513 = LINE('',#1514,#1515);
#1514 = CARTESIAN_POINT('',(0.148670634921,0.604761910901,4.5));
#1515 = VECTOR('',#1516,1.);
#1516 = DIRECTION('',(-1.,0.,0.));
#1517 = ORIENTED_EDGE('',*,*,#1518,.F.);
#1518 = EDGE_CURVE('',#1519,#1511,#1521,.T.);
#1519 = VERTEX_POINT('',#1520);
#1520 = CARTESIAN_POINT('',(0.307420634921,0.604761910901,4.366657687084
    ));
#1521 = LINE('',#1522,#1523);
#1522 = CARTESIAN_POINT('',(1.238229262766,0.604761910901,3.203146902277
    ));
#1523 = VECTOR('',#1524,1.);
#1524 = DIRECTION('',(-0.624695047554,0.,0.780868809443));
#1525 = ORIENTED_EDGE('',*,*,#1526,.F.);
#1526 = EDGE_CURVE('',#1527,#1519,#1529,.T.);
#1527 = VERTEX_POINT('',#1528);
#1528 = CARTESIAN_POINT('',(0.307420634921,0.604761910901,0.));
#1529 = LINE('',#1530,#1531);
#1530 = CARTESIAN_POINT('',(0.307420634921,0.604761910901,0.));
#1531 = VECTOR('',#1532,1.);
#1532 = DIRECTION('',(0.,0.,1.));
#1533 = ORIENTED_EDGE('',*,*,#1534,.T.);
#1534 = EDGE_CURVE('',#1527,#1471,#1535,.T.);
#1535 = LINE('',#1536,#1537);
#1536 = CARTESIAN_POINT('',(0.307420634921,0.604761910901,0.));
#1537 = VECTOR('',#1538,1.);
#1538 = DIRECTION('',(-1.,0.,0.));
#1539 = ORIENTED_EDGE('',*,*,#1470,.T.);
#1540 = PLANE('',#1541);
#1541 = AXIS2_PLACEMENT_3D('',#1542,#1543,#1544);
#1542 = CARTESIAN_POINT('',(0.307420634921,0.604761910901,0.));
#1543 = DIRECTION('',(0.,1.,0.));
#1544 = DIRECTION('',(-1.,0.,0.));
#1545 = ADVANCED_FACE('',(#1546),#1579,.T.);
#1546 = FACE_BOUND('',#1547,.T.);
#1547 = EDGE_LOOP('',(#1548,#1549,#1557,#1565,#1573));
#1548 = ORIENTED_EDGE('',*,*,#1518,.T.);
#1549 = ORIENTED_EDGE('',*,*,#1550,.T.);
#1550 = EDGE_CURVE('',#1511,#1551,#1553,.T.);
#1551 = VERTEX_POINT('',#1552);
#1552 = CARTESIAN_POINT('',(7.467845878209E-04,0.404761910901,5.));
#1553 = LINE('',#1554,#1555);
#1554 = CARTESIAN_POINT('',(8.731331190089E-02,0.491328438214,
    4.783583681717));
#1555 = VECTOR('',#1556,1.);
#1556 = DIRECTION('',(-0.348155311911,-0.348155311911,0.870388279778));
#1557 = ORIENTED_EDGE('',*,*,#1558,.T.);
#1558 = EDGE_CURVE('',#1551,#1559,#1561,.T.);
#1559 = VERTEX_POINT('',#1560);
#1560 = CARTESIAN_POINT('',(0.107420634921,0.298088060568,5.));
#1561 = LINE('',#1562,#1563);
#1562 = CARTESIAN_POINT('',(5.408370975423E-02,0.351424985735,5.));
#1563 = VECTOR('',#1564,1.);
#1564 = DIRECTION('',(0.707106781187,-0.707106781187,0.));
#1565 = ORIENTED_EDGE('',*,*,#1566,.T.);
#1566 = EDGE_CURVE('',#1559,#1567,#1569,.T.);
#1567 = VERTEX_POINT('',#1568);
#1568 = CARTESIAN_POINT('',(0.307420634921,0.498088060568,4.5));
#1569 = LINE('',#1570,#1571);
#1570 = CARTESIAN_POINT('',(0.193987162234,0.384654587881,4.783583681717
    ));
#1571 = VECTOR('',#1572,1.);
#1572 = DIRECTION('',(0.348155311911,0.348155311911,-0.870388279778));
#1573 = ORIENTED_EDGE('',*,*,#1574,.T.);
#1574 = EDGE_CURVE('',#1567,#1519,#1575,.T.);
#1575 = LINE('',#1576,#1577);
#1576 = CARTESIAN_POINT('',(0.307420634921,1.411668099723,3.358024951057
    ));
#1577 = VECTOR('',#1578,1.);
#1578 = DIRECTION('',(-4.778401354478E-16,0.624695047554,-0.780868809443
    ));
#1579 = PLANE('',#1580);
#1580 = AXIS2_PLACEMENT_3D('',#1581,#1582,#1583);
#1581 = CARTESIAN_POINT('',(0.140650237067,0.437991513048,4.783583681717
    ));
#1582 = DIRECTION('',(0.615457454897,0.615457454897,0.492365963917));
#1583 = DIRECTION('',(0.624695047554,-8.326672684689E-17,-0.780868809443
    ));
#1584 = ADVANCED_FACE('',(#1585),#1619,.T.);
#1585 = FACE_BOUND('',#1586,.T.);
#1586 = EDGE_LOOP('',(#1587,#1588,#1596,#1604,#1612,#1618));
#1587 = ORIENTED_EDGE('',*,*,#1574,.F.);
#1588 = ORIENTED_EDGE('',*,*,#1589,.F.);
#1589 = EDGE_CURVE('',#1590,#1567,#1592,.T.);
#1590 = VERTEX_POINT('',#1591);
#1591 = CARTESIAN_POINT('',(0.307420634921,7.643576123391E-02,4.5));
#1592 = LINE('',#1593,#1594);
#1593 = CARTESIAN_POINT('',(0.307420634921,0.128511910901,4.5));
#1594 = VECTOR('',#1595,1.);
#1595 = DIRECTION('',(-7.64917438226E-16,1.,0.));
#1596 = ORIENTED_EDGE('',*,*,#1597,.F.);
#1597 = EDGE_CURVE('',#1598,#1590,#1600,.T.);
#1598 = VERTEX_POINT('',#1599);
#1599 = CARTESIAN_POINT('',(0.307420634921,-3.023808909891E-02,
    4.366657687084));
#1600 = LINE('',#1601,#1602);
#1601 = CARTESIAN_POINT('',(0.307420634921,-0.961046716945,
    3.203146902277));
#1602 = VECTOR('',#1603,1.);
#1603 = DIRECTION('',(-4.778401354478E-16,0.624695047554,0.780868809443)
  );
#1604 = ORIENTED_EDGE('',*,*,#1605,.F.);
#1605 = EDGE_CURVE('',#1606,#1598,#1608,.T.);
#1606 = VERTEX_POINT('',#1607);
#1607 = CARTESIAN_POINT('',(0.307420634921,-3.023808909891E-02,0.));
#1608 = LINE('',#1609,#1610);
#1609 = CARTESIAN_POINT('',(0.307420634921,-3.023808909891E-02,0.));
#1610 = VECTOR('',#1611,1.);
#1611 = DIRECTION('',(0.,0.,1.));
#1612 = ORIENTED_EDGE('',*,*,#1613,.T.);
#1613 = EDGE_CURVE('',#1606,#1527,#1614,.T.);
#1614 = LINE('',#1615,#1616);
#1615 = CARTESIAN_POINT('',(0.307420634921,-3.023808909891E-02,0.));
#1616 = VECTOR('',#1617,1.);
#1617 = DIRECTION('',(-7.64917438226E-16,1.,0.));
#1618 = ORIENTED_EDGE('',*,*,#1526,.T.);
#1619 = PLANE('',#1620);
#1620 = AXIS2_PLACEMENT_3D('',#1621,#1622,#1623);
#1621 = CARTESIAN_POINT('',(0.307420634921,-3.023808909891E-02,0.));
#1622 = DIRECTION('',(1.,7.64917438226E-16,0.));
#1623 = DIRECTION('',(-7.64917438226E-16,1.,0.));
#1624 = ADVANCED_FACE('',(#1625),#1643,.T.);
#1625 = FACE_BOUND('',#1626,.T.);
#1626 = EDGE_LOOP('',(#1627,#1628,#1636,#1642));
#1627 = ORIENTED_EDGE('',*,*,#1566,.F.);
#1628 = ORIENTED_EDGE('',*,*,#1629,.T.);
#1629 = EDGE_CURVE('',#1559,#1630,#1632,.T.);
#1630 = VERTEX_POINT('',#1631);
#1631 = CARTESIAN_POINT('',(0.107420634921,0.276435761234,5.));
#1632 = LINE('',#1633,#1634);
#1633 = CARTESIAN_POINT('',(0.107420634921,0.128511910901,5.));
#1634 = VECTOR('',#1635,1.);
#1635 = DIRECTION('',(7.64917438226E-16,-1.,0.));
#1636 = ORIENTED_EDGE('',*,*,#1637,.F.);
#1637 = EDGE_CURVE('',#1590,#1630,#1638,.T.);
#1638 = LINE('',#1639,#1640);
#1639 = CARTESIAN_POINT('',(0.193987162234,0.189869233921,4.783583681717
    ));
#1640 = VECTOR('',#1641,1.);
#1641 = DIRECTION('',(-0.348155311911,0.348155311911,0.870388279778));
#1642 = ORIENTED_EDGE('',*,*,#1589,.T.);
#1643 = PLANE('',#1644);
#1644 = AXIS2_PLACEMENT_3D('',#1645,#1646,#1647);
#1645 = CARTESIAN_POINT('',(0.207420634921,0.128511910901,4.75));
#1646 = DIRECTION('',(0.928476690885,7.102080118445E-16,0.371390676354)
  );
#1647 = DIRECTION('',(0.371390676354,0.,-0.928476690885));
#1648 = ADVANCED_FACE('',(#1649),#1675,.T.);
#1649 = FACE_BOUND('',#1650,.T.);
#1650 = EDGE_LOOP('',(#1651,#1659,#1667,#1673,#1674));
#1651 = ORIENTED_EDGE('',*,*,#1652,.T.);
#1652 = EDGE_CURVE('',#1630,#1653,#1655,.T.);
#1653 = VERTEX_POINT('',#1654);
#1654 = CARTESIAN_POINT('',(7.46784587821E-04,0.169761910901,5.));
#1655 = LINE('',#1656,#1657);
#1656 = CARTESIAN_POINT('',(5.408370975423E-02,0.223098836068,5.));
#1657 = VECTOR('',#1658,1.);
#1658 = DIRECTION('',(-0.707106781187,-0.707106781187,0.));
#1659 = ORIENTED_EDGE('',*,*,#1660,.T.);
#1660 = EDGE_CURVE('',#1653,#1661,#1663,.T.);
#1661 = VERTEX_POINT('',#1662);
#1662 = CARTESIAN_POINT('',(0.200746784588,-3.023808909891E-02,4.5));
#1663 = LINE('',#1664,#1665);
#1664 = CARTESIAN_POINT('',(8.731331190089E-02,8.319538358803E-02,
    4.783583681717));
#1665 = VECTOR('',#1666,1.);
#1666 = DIRECTION('',(0.348155311911,-0.348155311911,-0.870388279778));
#1667 = ORIENTED_EDGE('',*,*,#1668,.T.);
#1668 = EDGE_CURVE('',#1661,#1598,#1669,.T.);
#1669 = LINE('',#1670,#1671);
#1670 = CARTESIAN_POINT('',(1.114326823742,-3.023808909891E-02,
    3.358024951057));
#1671 = VECTOR('',#1672,1.);
#1672 = DIRECTION('',(0.624695047554,0.,-0.780868809443));
#1673 = ORIENTED_EDGE('',*,*,#1597,.T.);
#1674 = ORIENTED_EDGE('',*,*,#1637,.T.);
#1675 = PLANE('',#1676);
#1676 = AXIS2_PLACEMENT_3D('',#1677,#1678,#1679);
#1677 = CARTESIAN_POINT('',(0.140650237067,0.136532308754,4.783583681717
    ));
#1678 = DIRECTION('',(0.615457454897,-0.615457454897,0.492365963917));
#1679 = DIRECTION('',(0.624695047554,1.110223024625E-16,-0.780868809443)
  );
#1680 = ADVANCED_FACE('',(#1681),#1706,.T.);
#1681 = FACE_BOUND('',#1682,.T.);
#1682 = EDGE_LOOP('',(#1683,#1684,#1692,#1698,#1699,#1705));
#1683 = ORIENTED_EDGE('',*,*,#1668,.F.);
#1684 = ORIENTED_EDGE('',*,*,#1685,.F.);
#1685 = EDGE_CURVE('',#1686,#1661,#1688,.T.);
#1686 = VERTEX_POINT('',#1687);
#1687 = CARTESIAN_POINT('',(-0.220905514747,-3.023808909891E-02,4.5));
#1688 = LINE('',#1689,#1690);
#1689 = CARTESIAN_POINT('',(-0.168829365079,-3.023808909891E-02,4.5));
#1690 = VECTOR('',#1691,1.);
#1691 = DIRECTION('',(1.,0.,0.));
#1692 = ORIENTED_EDGE('',*,*,#1693,.F.);
#1693 = EDGE_CURVE('',#1487,#1686,#1694,.T.);
#1694 = LINE('',#1695,#1696);
#1695 = CARTESIAN_POINT('',(-1.258387992925,-3.023808909891E-02,
    3.203146902277));
#1696 = VECTOR('',#1697,1.);
#1697 = DIRECTION('',(0.624695047554,0.,0.780868809443));
#1698 = ORIENTED_EDGE('',*,*,#1486,.F.);
#1699 = ORIENTED_EDGE('',*,*,#1700,.T.);
#1700 = EDGE_CURVE('',#1479,#1606,#1701,.T.);
#1701 = LINE('',#1702,#1703);
#1702 = CARTESIAN_POINT('',(-0.327579365079,-3.023808909891E-02,0.));
#1703 = VECTOR('',#1704,1.);
#1704 = DIRECTION('',(1.,0.,0.));
#1705 = ORIENTED_EDGE('',*,*,#1605,.T.);
#1706 = PLANE('',#1707);
#1707 = AXIS2_PLACEMENT_3D('',#1708,#1709,#1710);
#1708 = CARTESIAN_POINT('',(-0.327579365079,-3.023808909891E-02,0.));
#1709 = DIRECTION('',(0.,-1.,0.));
#1710 = DIRECTION('',(1.,0.,0.));
#1711 = ADVANCED_FACE('',(#1712),#1731,.T.);
#1712 = FACE_BOUND('',#1713,.T.);
#1713 = EDGE_LOOP('',(#1714,#1715,#1723,#1729,#1730));
#1714 = ORIENTED_EDGE('',*,*,#1693,.T.);
#1715 = ORIENTED_EDGE('',*,*,#1716,.T.);
#1716 = EDGE_CURVE('',#1686,#1717,#1719,.T.);
#1717 = VERTEX_POINT('',#1718);
#1718 = CARTESIAN_POINT('',(-2.090551474655E-02,0.169761910901,5.));
#1719 = LINE('',#1720,#1721);
#1720 = CARTESIAN_POINT('',(-0.10747204206,8.319538358803E-02,
    4.783583681717));
#1721 = VECTOR('',#1722,1.);
#1722 = DIRECTION('',(0.348155311911,0.348155311911,0.870388279778));
#1723 = ORIENTED_EDGE('',*,*,#1724,.T.);
#1724 = EDGE_CURVE('',#1717,#1448,#1725,.T.);
#1725 = LINE('',#1726,#1727);
#1726 = CARTESIAN_POINT('',(-7.424243991296E-02,0.223098836068,5.));
#1727 = VECTOR('',#1728,1.);
#1728 = DIRECTION('',(-0.707106781187,0.707106781187,0.));
#1729 = ORIENTED_EDGE('',*,*,#1447,.T.);
#1730 = ORIENTED_EDGE('',*,*,#1494,.T.);
#1731 = PLANE('',#1732);
#1732 = AXIS2_PLACEMENT_3D('',#1733,#1734,#1735);
#1733 = CARTESIAN_POINT('',(-0.160808967226,0.136532308754,
    4.783583681717));
#1734 = DIRECTION('',(-0.615457454897,-0.615457454897,0.492365963917));
#1735 = DIRECTION('',(0.624695047554,-8.326672684689E-17,0.780868809443)
  );
#1736 = ADVANCED_FACE('',(#1737),#1748,.T.);
#1737 = FACE_BOUND('',#1738,.T.);
#1738 = EDGE_LOOP('',(#1739,#1740,#1746,#1747));
#1739 = ORIENTED_EDGE('',*,*,#1660,.F.);
#1740 = ORIENTED_EDGE('',*,*,#1741,.T.);
#1741 = EDGE_CURVE('',#1653,#1717,#1742,.T.);
#1742 = LINE('',#1743,#1744);
#1743 = CARTESIAN_POINT('',(-0.168829365079,0.169761910901,5.));
#1744 = VECTOR('',#1745,1.);
#1745 = DIRECTION('',(-1.,0.,0.));
#1746 = ORIENTED_EDGE('',*,*,#1716,.F.);
#1747 = ORIENTED_EDGE('',*,*,#1685,.T.);
#1748 = PLANE('',#1749);
#1749 = AXIS2_PLACEMENT_3D('',#1750,#1751,#1752);
#1750 = CARTESIAN_POINT('',(-0.168829365079,6.976191090109E-02,4.75));
#1751 = DIRECTION('',(0.,-0.928476690885,0.371390676354));
#1752 = DIRECTION('',(0.,-0.371390676354,-0.928476690885));
#1753 = ADVANCED_FACE('',(#1754),#1769,.T.);
#1754 = FACE_BOUND('',#1755,.T.);
#1755 = EDGE_LOOP('',(#1756,#1757,#1758,#1759,#1760,#1761,#1762,#1763));
#1756 = ORIENTED_EDGE('',*,*,#1408,.F.);
#1757 = ORIENTED_EDGE('',*,*,#1455,.F.);
#1758 = ORIENTED_EDGE('',*,*,#1724,.F.);
#1759 = ORIENTED_EDGE('',*,*,#1741,.F.);
#1760 = ORIENTED_EDGE('',*,*,#1652,.F.);
#1761 = ORIENTED_EDGE('',*,*,#1629,.F.);
#1762 = ORIENTED_EDGE('',*,*,#1558,.F.);
#1763 = ORIENTED_EDGE('',*,*,#1764,.F.);
#1764 = EDGE_CURVE('',#1409,#1551,#1765,.T.);
#1765 = LINE('',#1766,#1767);
#1766 = CARTESIAN_POINT('',(0.148670634921,0.404761910901,5.));
#1767 = VECTOR('',#1768,1.);
#1768 = DIRECTION('',(1.,0.,0.));
#1769 = PLANE('',#1770);
#1770 = AXIS2_PLACEMENT_3D('',#1771,#1772,#1773);
#1771 = CARTESIAN_POINT('',(-1.007936507936E-02,0.287261910901,5.));
#1772 = DIRECTION('',(0.,0.,1.));
#1773 = DIRECTION('',(1.,0.,-0.));
#1774 = ADVANCED_FACE('',(#1775),#1781,.T.);
#1775 = FACE_BOUND('',#1776,.T.);
#1776 = EDGE_LOOP('',(#1777,#1778,#1779,#1780));
#1777 = ORIENTED_EDGE('',*,*,#1416,.F.);
#1778 = ORIENTED_EDGE('',*,*,#1764,.T.);
#1779 = ORIENTED_EDGE('',*,*,#1550,.F.);
#1780 = ORIENTED_EDGE('',*,*,#1510,.T.);
#1781 = PLANE('',#1782);
#1782 = AXIS2_PLACEMENT_3D('',#1783,#1784,#1785);
#1783 = CARTESIAN_POINT('',(0.148670634921,0.504761910901,4.75));
#1784 = DIRECTION('',(0.,0.928476690885,0.371390676354));
#1785 = DIRECTION('',(0.,-0.371390676354,0.928476690885));
#1786 = ADVANCED_FACE('',(#1787),#1793,.F.);
#1787 = FACE_BOUND('',#1788,.T.);
#1788 = EDGE_LOOP('',(#1789,#1790,#1791,#1792));
#1789 = ORIENTED_EDGE('',*,*,#1534,.F.);
#1790 = ORIENTED_EDGE('',*,*,#1613,.F.);
#1791 = ORIENTED_EDGE('',*,*,#1700,.F.);
#1792 = ORIENTED_EDGE('',*,*,#1478,.F.);
#1793 = PLANE('',#1794);
#1794 = AXIS2_PLACEMENT_3D('',#1795,#1796,#1797);
#1795 = CARTESIAN_POINT('',(-1.007936507936E-02,0.287261910901,0.));
#1796 = DIRECTION('',(0.,0.,1.));
#1797 = DIRECTION('',(1.,0.,-0.));
#1798 = ( GEOMETRIC_REPRESENTATION_CONTEXT(3) 
GLOBAL_UNCERTAINTY_ASSIGNED_CONTEXT((#1802)) 
GLOBAL_UNIT_ASSIGNED_CONTEXT((#1799,#1800,#1801)) REPRESENTATION_CONTEXT
('Context #1','3D Context with UNIT and UNCERTAINTY') );
#1799 = ( LENGTH_UNIT() NAMED_UNIT(*) SI_UNIT(.MILLI.,.METRE.) );
#1800 = ( NAMED_UNIT(*) PLANE_ANGLE_UNIT() SI_UNIT($,.RADIAN.) );
#1801 = ( NAMED_UNIT(*) SI_UNIT($,.STERADIAN.) SOLID_ANGLE_UNIT() );
#1802 = UNCERTAINTY_MEASURE_WITH_UNIT(LENGTH_MEASURE(1.E-07),#1799,
  'distance_accuracy_value','confusion accuracy');
#1803 = CONTEXT_DEPENDENT_SHAPE_REPRESENTATION(#1804,#1806);
#1804 = ( REPRESENTATION_RELATIONSHIP('','',#1383,#1356) 
REPRESENTATION_RELATIONSHIP_WITH_TRANSFORMATION(#1805) 
SHAPE_REPRESENTATION_RELATIONSHIP() );
#1805 = ITEM_DEFINED_TRANSFORMATION('','',#11,#1357);
#1806 = PRODUCT_DEFINITION_SHAPE('Placement','Placement of an item',
  #1807);
#1807 = NEXT_ASSEMBLY_USAGE_OCCURRENCE('2115','1039929_IPT_193','',#1351
  ,#1378,$);
#1808 = PRODUCT_RELATED_PRODUCT_CATEGORY('part',$,(#1380));
#1809 = SHAPE_DEFINITION_REPRESENTATION(#1810,#1816);
#1810 = PRODUCT_DEFINITION_SHAPE('','',#1811);
#1811 = PRODUCT_DEFINITION('design','',#1812,#1815);
#1812 = PRODUCT_DEFINITION_FORMATION('','',#1813);
#1813 = PRODUCT('1039930_IPT_193','1039930_IPT_193','',(#1814));
#1814 = PRODUCT_CONTEXT('',#2,'mechanical');
#1815 = PRODUCT_DEFINITION_CONTEXT('part definition',#2,'design');
#1816 = ADVANCED_BREP_SHAPE_REPRESENTATION('',(#11,#1817),#2231);
#1817 = MANIFOLD_SOLID_BREP('',#1818);
#1818 = CLOSED_SHELL('',(#1819,#1867,#1898,#1938,#1978,#2017,#2057,#2081
    ,#2113,#2144,#2169,#2186,#2207,#2219));
#1819 = ADVANCED_FACE('',(#1820),#1862,.T.);
#1820 = FACE_BOUND('',#1821,.T.);
#1821 = EDGE_LOOP('',(#1822,#1832,#1840,#1848,#1856));
#1822 = ORIENTED_EDGE('',*,*,#1823,.T.);
#1823 = EDGE_CURVE('',#1824,#1826,#1828,.T.);
#1824 = VERTEX_POINT('',#1825);
#1825 = CARTESIAN_POINT('',(-0.327579365079,0.604761910901,
    8.266657687084));
#1826 = VERTEX_POINT('',#1827);
#1827 = CARTESIAN_POINT('',(-0.327579365079,0.498088060568,8.4));
#1828 = LINE('',#1829,#1830);
#1829 = CARTESIAN_POINT('',(-0.327579365079,2.486790050942,
    5.914122512033));
#1830 = VECTOR('',#1831,1.);
#1831 = DIRECTION('',(6.826287649254E-17,-0.624695047554,0.780868809443)
  );
#1832 = ORIENTED_EDGE('',*,*,#1833,.T.);
#1833 = EDGE_CURVE('',#1826,#1834,#1836,.T.);
#1834 = VERTEX_POINT('',#1835);
#1835 = CARTESIAN_POINT('',(-0.127579365079,0.298088060568,8.9));
#1836 = LINE('',#1837,#1838);
#1837 = CARTESIAN_POINT('',(-0.214145892392,0.384654587881,
    8.683583681717));
#1838 = VECTOR('',#1839,1.);
#1839 = DIRECTION('',(0.348155311911,-0.348155311911,0.870388279778));
#1840 = ORIENTED_EDGE('',*,*,#1841,.T.);
#1841 = EDGE_CURVE('',#1834,#1842,#1844,.T.);
#1842 = VERTEX_POINT('',#1843);
#1843 = CARTESIAN_POINT('',(-2.090551474655E-02,0.404761910901,8.9));
#1844 = LINE('',#1845,#1846);
#1845 = CARTESIAN_POINT('',(-7.424243991296E-02,0.351424985735,8.9));
#1846 = VECTOR('',#1847,1.);
#1847 = DIRECTION('',(0.707106781187,0.707106781187,0.));
#1848 = ORIENTED_EDGE('',*,*,#1849,.T.);
#1849 = EDGE_CURVE('',#1842,#1850,#1852,.T.);
#1850 = VERTEX_POINT('',#1851);
#1851 = CARTESIAN_POINT('',(-0.220905514747,0.604761910901,8.4));
#1852 = LINE('',#1853,#1854);
#1853 = CARTESIAN_POINT('',(-0.10747204206,0.491328438214,8.683583681717
    ));
#1854 = VECTOR('',#1855,1.);
#1855 = DIRECTION('',(-0.348155311911,0.348155311911,-0.870388279778));
#1856 = ORIENTED_EDGE('',*,*,#1857,.T.);
#1857 = EDGE_CURVE('',#1850,#1824,#1858,.T.);
#1858 = LINE('',#1859,#1860);
#1859 = CARTESIAN_POINT('',(-2.085705066096,0.604761910901,
    6.069000560813));
#1860 = VECTOR('',#1861,1.);
#1861 = DIRECTION('',(-0.624695047554,0.,-0.780868809443));
#1862 = PLANE('',#1863);
#1863 = AXIS2_PLACEMENT_3D('',#1864,#1865,#1866);
#1864 = CARTESIAN_POINT('',(-0.160808967226,0.437991513048,
    8.683583681717));
#1865 = DIRECTION('',(-0.615457454897,0.615457454897,0.492365963917));
#1866 = DIRECTION('',(0.624695047554,-2.775557561563E-16,0.780868809443)
  );
#1867 = ADVANCED_FACE('',(#1868),#1893,.T.);
#1868 = FACE_BOUND('',#1869,.T.);
#1869 = EDGE_LOOP('',(#1870,#1871,#1879,#1887));
#1870 = ORIENTED_EDGE('',*,*,#1833,.F.);
#1871 = ORIENTED_EDGE('',*,*,#1872,.T.);
#1872 = EDGE_CURVE('',#1826,#1873,#1875,.T.);
#1873 = VERTEX_POINT('',#1874);
#1874 = CARTESIAN_POINT('',(-0.327579365079,7.643576123391E-02,8.4));
#1875 = LINE('',#1876,#1877);
#1876 = CARTESIAN_POINT('',(-0.327579365079,0.446011910901,8.4));
#1877 = VECTOR('',#1878,1.);
#1878 = DIRECTION('',(1.092739197466E-16,-1.,0.));
#1879 = ORIENTED_EDGE('',*,*,#1880,.F.);
#1880 = EDGE_CURVE('',#1881,#1873,#1883,.T.);
#1881 = VERTEX_POINT('',#1882);
#1882 = CARTESIAN_POINT('',(-0.127579365079,0.276435761234,8.9));
#1883 = LINE('',#1884,#1885);
#1884 = CARTESIAN_POINT('',(-0.214145892392,0.189869233921,
    8.683583681717));
#1885 = VECTOR('',#1886,1.);
#1886 = DIRECTION('',(-0.348155311911,-0.348155311911,-0.870388279778));
#1887 = ORIENTED_EDGE('',*,*,#1888,.T.);
#1888 = EDGE_CURVE('',#1881,#1834,#1889,.T.);
#1889 = LINE('',#1890,#1891);
#1890 = CARTESIAN_POINT('',(-0.127579365079,0.446011910901,8.9));
#1891 = VECTOR('',#1892,1.);
#1892 = DIRECTION('',(-1.092739197466E-16,1.,0.));
#1893 = PLANE('',#1894);
#1894 = AXIS2_PLACEMENT_3D('',#1895,#1896,#1897);
#1895 = CARTESIAN_POINT('',(-0.227579365079,0.446011910901,8.65));
#1896 = DIRECTION('',(-0.928476690885,-1.014582874064E-16,0.371390676354
    ));
#1897 = DIRECTION('',(0.371390676354,6.162975822039E-33,0.928476690885)
  );
#1898 = ADVANCED_FACE('',(#1899),#1933,.T.);
#1899 = FACE_BOUND('',#1900,.T.);
#1900 = EDGE_LOOP('',(#1901,#1902,#1910,#1918,#1926,#1932));
#1901 = ORIENTED_EDGE('',*,*,#1823,.F.);
#1902 = ORIENTED_EDGE('',*,*,#1903,.F.);
#1903 = EDGE_CURVE('',#1904,#1824,#1906,.T.);
#1904 = VERTEX_POINT('',#1905);
#1905 = CARTESIAN_POINT('',(-0.327579365079,0.604761910901,0.));
#1906 = LINE('',#1907,#1908);
#1907 = CARTESIAN_POINT('',(-0.327579365079,0.604761910901,0.));
#1908 = VECTOR('',#1909,1.);
#1909 = DIRECTION('',(0.,0.,1.));
#1910 = ORIENTED_EDGE('',*,*,#1911,.T.);
#1911 = EDGE_CURVE('',#1904,#1912,#1914,.T.);
#1912 = VERTEX_POINT('',#1913);
#1913 = CARTESIAN_POINT('',(-0.327579365079,-3.023808909891E-02,0.));
#1914 = LINE('',#1915,#1916);
#1915 = CARTESIAN_POINT('',(-0.327579365079,0.604761910901,0.));
#1916 = VECTOR('',#1917,1.);
#1917 = DIRECTION('',(1.092739197466E-16,-1.,0.));
#1918 = ORIENTED_EDGE('',*,*,#1919,.T.);
#1919 = EDGE_CURVE('',#1912,#1920,#1922,.T.);
#1920 = VERTEX_POINT('',#1921);
#1921 = CARTESIAN_POINT('',(-0.327579365079,-3.023808909891E-02,
    8.266657687084));
#1922 = LINE('',#1923,#1924);
#1923 = CARTESIAN_POINT('',(-0.327579365079,-3.023808909891E-02,0.));
#1924 = VECTOR('',#1925,1.);
#1925 = DIRECTION('',(0.,0.,1.));
#1926 = ORIENTED_EDGE('',*,*,#1927,.F.);
#1927 = EDGE_CURVE('',#1873,#1920,#1928,.T.);
#1928 = LINE('',#1929,#1930);
#1929 = CARTESIAN_POINT('',(-0.327579365079,-1.788363790115,
    6.069000560813));
#1930 = VECTOR('',#1931,1.);
#1931 = DIRECTION('',(6.826287649254E-17,-0.624695047554,-0.780868809443
    ));
#1932 = ORIENTED_EDGE('',*,*,#1872,.F.);
#1933 = PLANE('',#1934);
#1934 = AXIS2_PLACEMENT_3D('',#1935,#1936,#1937);
#1935 = CARTESIAN_POINT('',(-0.327579365079,0.604761910901,0.));
#1936 = DIRECTION('',(-1.,-1.092739197466E-16,0.));
#1937 = DIRECTION('',(1.092739197466E-16,-1.,0.));
#1938 = ADVANCED_FACE('',(#1939),#1973,.T.);
#1939 = FACE_BOUND('',#1940,.T.);
#1940 = EDGE_LOOP('',(#1941,#1942,#1950,#1958,#1966,#1972));
#1941 = ORIENTED_EDGE('',*,*,#1857,.F.);
#1942 = ORIENTED_EDGE('',*,*,#1943,.F.);
#1943 = EDGE_CURVE('',#1944,#1850,#1946,.T.);
#1944 = VERTEX_POINT('',#1945);
#1945 = CARTESIAN_POINT('',(0.200746784588,0.604761910901,8.4));
#1946 = LINE('',#1947,#1948);
#1947 = CARTESIAN_POINT('',(0.148670634921,0.604761910901,8.4));
#1948 = VECTOR('',#1949,1.);
#1949 = DIRECTION('',(-1.,0.,0.));
#1950 = ORIENTED_EDGE('',*,*,#1951,.F.);
#1951 = EDGE_CURVE('',#1952,#1944,#1954,.T.);
#1952 = VERTEX_POINT('',#1953);
#1953 = CARTESIAN_POINT('',(0.307420634921,0.604761910901,8.266657687084
    ));
#1954 = LINE('',#1955,#1956);
#1955 = CARTESIAN_POINT('',(2.189448774962,0.604761910901,5.914122512033
    ));
#1956 = VECTOR('',#1957,1.);
#1957 = DIRECTION('',(-0.624695047554,0.,0.780868809443));
#1958 = ORIENTED_EDGE('',*,*,#1959,.F.);
#1959 = EDGE_CURVE('',#1960,#1952,#1962,.T.);
#1960 = VERTEX_POINT('',#1961);
#1961 = CARTESIAN_POINT('',(0.307420634921,0.604761910901,0.));
#1962 = LINE('',#1963,#1964);
#1963 = CARTESIAN_POINT('',(0.307420634921,0.604761910901,0.));
#1964 = VECTOR('',#1965,1.);
#1965 = DIRECTION('',(0.,0.,1.));
#1966 = ORIENTED_EDGE('',*,*,#1967,.T.);
#1967 = EDGE_CURVE('',#1960,#1904,#1968,.T.);
#1968 = LINE('',#1969,#1970);
#1969 = CARTESIAN_POINT('',(0.307420634921,0.604761910901,0.));
#1970 = VECTOR('',#1971,1.);
#1971 = DIRECTION('',(-1.,0.,0.));
#1972 = ORIENTED_EDGE('',*,*,#1903,.T.);
#1973 = PLANE('',#1974);
#1974 = AXIS2_PLACEMENT_3D('',#1975,#1976,#1977);
#1975 = CARTESIAN_POINT('',(0.307420634921,0.604761910901,0.));
#1976 = DIRECTION('',(0.,1.,0.));
#1977 = DIRECTION('',(-1.,0.,0.));
#1978 = ADVANCED_FACE('',(#1979),#2012,.T.);
#1979 = FACE_BOUND('',#1980,.T.);
#1980 = EDGE_LOOP('',(#1981,#1982,#1990,#1998,#2006));
#1981 = ORIENTED_EDGE('',*,*,#1951,.T.);
#1982 = ORIENTED_EDGE('',*,*,#1983,.T.);
#1983 = EDGE_CURVE('',#1944,#1984,#1986,.T.);
#1984 = VERTEX_POINT('',#1985);
#1985 = CARTESIAN_POINT('',(7.467845878211E-04,0.404761910901,8.9));
#1986 = LINE('',#1987,#1988);
#1987 = CARTESIAN_POINT('',(8.731331190089E-02,0.491328438214,
    8.683583681717));
#1988 = VECTOR('',#1989,1.);
#1989 = DIRECTION('',(-0.348155311911,-0.348155311911,0.870388279778));
#1990 = ORIENTED_EDGE('',*,*,#1991,.T.);
#1991 = EDGE_CURVE('',#1984,#1992,#1994,.T.);
#1992 = VERTEX_POINT('',#1993);
#1993 = CARTESIAN_POINT('',(0.107420634921,0.298088060568,8.9));
#1994 = LINE('',#1995,#1996);
#1995 = CARTESIAN_POINT('',(5.408370975423E-02,0.351424985735,8.9));
#1996 = VECTOR('',#1997,1.);
#1997 = DIRECTION('',(0.707106781187,-0.707106781187,0.));
#1998 = ORIENTED_EDGE('',*,*,#1999,.T.);
#1999 = EDGE_CURVE('',#1992,#2000,#2002,.T.);
#2000 = VERTEX_POINT('',#2001);
#2001 = CARTESIAN_POINT('',(0.307420634921,0.498088060568,8.4));
#2002 = LINE('',#2003,#2004);
#2003 = CARTESIAN_POINT('',(0.193987162234,0.384654587881,8.683583681717
    ));
#2004 = VECTOR('',#2005,1.);
#2005 = DIRECTION('',(0.348155311911,0.348155311911,-0.870388279778));
#2006 = ORIENTED_EDGE('',*,*,#2007,.T.);
#2007 = EDGE_CURVE('',#2000,#1952,#2008,.T.);
#2008 = LINE('',#2009,#2010);
#2009 = CARTESIAN_POINT('',(0.307420634921,2.362887611918,6.069000560813
    ));
#2010 = VECTOR('',#2011,1.);
#2011 = DIRECTION('',(-4.778401354478E-16,0.624695047554,-0.780868809443
    ));
#2012 = PLANE('',#2013);
#2013 = AXIS2_PLACEMENT_3D('',#2014,#2015,#2016);
#2014 = CARTESIAN_POINT('',(0.140650237067,0.437991513048,8.683583681717
    ));
#2015 = DIRECTION('',(0.615457454897,0.615457454897,0.492365963917));
#2016 = DIRECTION('',(0.624695047554,1.942890293094E-16,-0.780868809443)
  );
#2017 = ADVANCED_FACE('',(#2018),#2052,.T.);
#2018 = FACE_BOUND('',#2019,.T.);
#2019 = EDGE_LOOP('',(#2020,#2021,#2029,#2037,#2045,#2051));
#2020 = ORIENTED_EDGE('',*,*,#2007,.F.);
#2021 = ORIENTED_EDGE('',*,*,#2022,.F.);
#2022 = EDGE_CURVE('',#2023,#2000,#2025,.T.);
#2023 = VERTEX_POINT('',#2024);
#2024 = CARTESIAN_POINT('',(0.307420634921,7.643576123391E-02,8.4));
#2025 = LINE('',#2026,#2027);
#2026 = CARTESIAN_POINT('',(0.307420634921,0.128511910901,8.4));
#2027 = VECTOR('',#2028,1.);
#2028 = DIRECTION('',(-7.64917438226E-16,1.,0.));
#2029 = ORIENTED_EDGE('',*,*,#2030,.F.);
#2030 = EDGE_CURVE('',#2031,#2023,#2033,.T.);
#2031 = VERTEX_POINT('',#2032);
#2032 = CARTESIAN_POINT('',(0.307420634921,-3.023808909891E-02,
    8.266657687084));
#2033 = LINE('',#2034,#2035);
#2034 = CARTESIAN_POINT('',(0.307420634921,-1.91226622914,5.914122512033
    ));
#2035 = VECTOR('',#2036,1.);
#2036 = DIRECTION('',(-4.778401354478E-16,0.624695047554,0.780868809443)
  );
#2037 = ORIENTED_EDGE('',*,*,#2038,.F.);
#2038 = EDGE_CURVE('',#2039,#2031,#2041,.T.);
#2039 = VERTEX_POINT('',#2040);
#2040 = CARTESIAN_POINT('',(0.307420634921,-3.023808909891E-02,0.));
#2041 = LINE('',#2042,#2043);
#2042 = CARTESIAN_POINT('',(0.307420634921,-3.023808909891E-02,0.));
#2043 = VECTOR('',#2044,1.);
#2044 = DIRECTION('',(0.,0.,1.));
#2045 = ORIENTED_EDGE('',*,*,#2046,.T.);
#2046 = EDGE_CURVE('',#2039,#1960,#2047,.T.);
#2047 = LINE('',#2048,#2049);
#2048 = CARTESIAN_POINT('',(0.307420634921,-3.023808909891E-02,0.));
#2049 = VECTOR('',#2050,1.);
#2050 = DIRECTION('',(-7.64917438226E-16,1.,0.));
#2051 = ORIENTED_EDGE('',*,*,#1959,.T.);
#2052 = PLANE('',#2053);
#2053 = AXIS2_PLACEMENT_3D('',#2054,#2055,#2056);
#2054 = CARTESIAN_POINT('',(0.307420634921,-3.023808909891E-02,0.));
#2055 = DIRECTION('',(1.,7.64917438226E-16,0.));
#2056 = DIRECTION('',(-7.64917438226E-16,1.,0.));
#2057 = ADVANCED_FACE('',(#2058),#2076,.T.);
#2058 = FACE_BOUND('',#2059,.T.);
#2059 = EDGE_LOOP('',(#2060,#2061,#2069,#2075));
#2060 = ORIENTED_EDGE('',*,*,#1999,.F.);
#2061 = ORIENTED_EDGE('',*,*,#2062,.T.);
#2062 = EDGE_CURVE('',#1992,#2063,#2065,.T.);
#2063 = VERTEX_POINT('',#2064);
#2064 = CARTESIAN_POINT('',(0.107420634921,0.276435761234,8.9));
#2065 = LINE('',#2066,#2067);
#2066 = CARTESIAN_POINT('',(0.107420634921,0.128511910901,8.9));
#2067 = VECTOR('',#2068,1.);
#2068 = DIRECTION('',(7.64917438226E-16,-1.,0.));
#2069 = ORIENTED_EDGE('',*,*,#2070,.F.);
#2070 = EDGE_CURVE('',#2023,#2063,#2071,.T.);
#2071 = LINE('',#2072,#2073);
#2072 = CARTESIAN_POINT('',(0.193987162234,0.189869233921,8.683583681717
    ));
#2073 = VECTOR('',#2074,1.);
#2074 = DIRECTION('',(-0.348155311911,0.348155311911,0.870388279778));
#2075 = ORIENTED_EDGE('',*,*,#2022,.T.);
#2076 = PLANE('',#2077);
#2077 = AXIS2_PLACEMENT_3D('',#2078,#2079,#2080);
#2078 = CARTESIAN_POINT('',(0.207420634921,0.128511910901,8.65));
#2079 = DIRECTION('',(0.928476690885,7.102080118445E-16,0.371390676354)
  );
#2080 = DIRECTION('',(0.371390676354,0.,-0.928476690885));
#2081 = ADVANCED_FACE('',(#2082),#2108,.T.);
#2082 = FACE_BOUND('',#2083,.T.);
#2083 = EDGE_LOOP('',(#2084,#2092,#2100,#2106,#2107));
#2084 = ORIENTED_EDGE('',*,*,#2085,.T.);
#2085 = EDGE_CURVE('',#2063,#2086,#2088,.T.);
#2086 = VERTEX_POINT('',#2087);
#2087 = CARTESIAN_POINT('',(7.467845878215E-04,0.169761910901,8.9));
#2088 = LINE('',#2089,#2090);
#2089 = CARTESIAN_POINT('',(5.408370975423E-02,0.223098836068,8.9));
#2090 = VECTOR('',#2091,1.);
#2091 = DIRECTION('',(-0.707106781187,-0.707106781187,0.));
#2092 = ORIENTED_EDGE('',*,*,#2093,.T.);
#2093 = EDGE_CURVE('',#2086,#2094,#2096,.T.);
#2094 = VERTEX_POINT('',#2095);
#2095 = CARTESIAN_POINT('',(0.200746784588,-3.023808909891E-02,8.4));
#2096 = LINE('',#2097,#2098);
#2097 = CARTESIAN_POINT('',(8.731331190089E-02,8.319538358803E-02,
    8.683583681717));
#2098 = VECTOR('',#2099,1.);
#2099 = DIRECTION('',(0.348155311911,-0.348155311911,-0.870388279778));
#2100 = ORIENTED_EDGE('',*,*,#2101,.T.);
#2101 = EDGE_CURVE('',#2094,#2031,#2102,.T.);
#2102 = LINE('',#2103,#2104);
#2103 = CARTESIAN_POINT('',(2.065546335937,-3.023808909891E-02,
    6.069000560813));
#2104 = VECTOR('',#2105,1.);
#2105 = DIRECTION('',(0.624695047554,0.,-0.780868809443));
#2106 = ORIENTED_EDGE('',*,*,#2030,.T.);
#2107 = ORIENTED_EDGE('',*,*,#2070,.T.);
#2108 = PLANE('',#2109);
#2109 = AXIS2_PLACEMENT_3D('',#2110,#2111,#2112);
#2110 = CARTESIAN_POINT('',(0.140650237067,0.136532308754,8.683583681717
    ));
#2111 = DIRECTION('',(0.615457454897,-0.615457454897,0.492365963917));
#2112 = DIRECTION('',(0.624695047554,-1.665334536938E-16,-0.780868809443
    ));
#2113 = ADVANCED_FACE('',(#2114),#2139,.T.);
#2114 = FACE_BOUND('',#2115,.T.);
#2115 = EDGE_LOOP('',(#2116,#2117,#2125,#2131,#2132,#2138));
#2116 = ORIENTED_EDGE('',*,*,#2101,.F.);
#2117 = ORIENTED_EDGE('',*,*,#2118,.F.);
#2118 = EDGE_CURVE('',#2119,#2094,#2121,.T.);
#2119 = VERTEX_POINT('',#2120);
#2120 = CARTESIAN_POINT('',(-0.220905514747,-3.023808909891E-02,8.4));
#2121 = LINE('',#2122,#2123);
#2122 = CARTESIAN_POINT('',(-0.168829365079,-3.023808909891E-02,8.4));
#2123 = VECTOR('',#2124,1.);
#2124 = DIRECTION('',(1.,0.,0.));
#2125 = ORIENTED_EDGE('',*,*,#2126,.F.);
#2126 = EDGE_CURVE('',#1920,#2119,#2127,.T.);
#2127 = LINE('',#2128,#2129);
#2128 = CARTESIAN_POINT('',(-2.20960750512,-3.023808909891E-02,
    5.914122512033));
#2129 = VECTOR('',#2130,1.);
#2130 = DIRECTION('',(0.624695047554,0.,0.780868809443));
#2131 = ORIENTED_EDGE('',*,*,#1919,.F.);
#2132 = ORIENTED_EDGE('',*,*,#2133,.T.);
#2133 = EDGE_CURVE('',#1912,#2039,#2134,.T.);
#2134 = LINE('',#2135,#2136);
#2135 = CARTESIAN_POINT('',(-0.327579365079,-3.023808909891E-02,0.));
#2136 = VECTOR('',#2137,1.);
#2137 = DIRECTION('',(1.,0.,0.));
#2138 = ORIENTED_EDGE('',*,*,#2038,.T.);
#2139 = PLANE('',#2140);
#2140 = AXIS2_PLACEMENT_3D('',#2141,#2142,#2143);
#2141 = CARTESIAN_POINT('',(-0.327579365079,-3.023808909891E-02,0.));
#2142 = DIRECTION('',(0.,-1.,0.));
#2143 = DIRECTION('',(1.,0.,0.));
#2144 = ADVANCED_FACE('',(#2145),#2164,.T.);
#2145 = FACE_BOUND('',#2146,.T.);
#2146 = EDGE_LOOP('',(#2147,#2148,#2156,#2162,#2163));
#2147 = ORIENTED_EDGE('',*,*,#2126,.T.);
#2148 = ORIENTED_EDGE('',*,*,#2149,.T.);
#2149 = EDGE_CURVE('',#2119,#2150,#2152,.T.);
#2150 = VERTEX_POINT('',#2151);
#2151 = CARTESIAN_POINT('',(-2.090551474655E-02,0.169761910901,8.9));
#2152 = LINE('',#2153,#2154);
#2153 = CARTESIAN_POINT('',(-0.10747204206,8.319538358803E-02,
    8.683583681717));
#2154 = VECTOR('',#2155,1.);
#2155 = DIRECTION('',(0.348155311911,0.348155311911,0.870388279778));
#2156 = ORIENTED_EDGE('',*,*,#2157,.T.);
#2157 = EDGE_CURVE('',#2150,#1881,#2158,.T.);
#2158 = LINE('',#2159,#2160);
#2159 = CARTESIAN_POINT('',(-7.424243991296E-02,0.223098836068,8.9));
#2160 = VECTOR('',#2161,1.);
#2161 = DIRECTION('',(-0.707106781187,0.707106781187,0.));
#2162 = ORIENTED_EDGE('',*,*,#1880,.T.);
#2163 = ORIENTED_EDGE('',*,*,#1927,.T.);
#2164 = PLANE('',#2165);
#2165 = AXIS2_PLACEMENT_3D('',#2166,#2167,#2168);
#2166 = CARTESIAN_POINT('',(-0.160808967226,0.136532308754,
    8.683583681717));
#2167 = DIRECTION('',(-0.615457454897,-0.615457454897,0.492365963917));
#2168 = DIRECTION('',(0.624695047554,1.942890293094E-16,0.780868809443)
  );
#2169 = ADVANCED_FACE('',(#2170),#2181,.T.);
#2170 = FACE_BOUND('',#2171,.T.);
#2171 = EDGE_LOOP('',(#2172,#2173,#2179,#2180));
#2172 = ORIENTED_EDGE('',*,*,#2093,.F.);
#2173 = ORIENTED_EDGE('',*,*,#2174,.T.);
#2174 = EDGE_CURVE('',#2086,#2150,#2175,.T.);
#2175 = LINE('',#2176,#2177);
#2176 = CARTESIAN_POINT('',(-0.168829365079,0.169761910901,8.9));
#2177 = VECTOR('',#2178,1.);
#2178 = DIRECTION('',(-1.,0.,0.));
#2179 = ORIENTED_EDGE('',*,*,#2149,.F.);
#2180 = ORIENTED_EDGE('',*,*,#2118,.T.);
#2181 = PLANE('',#2182);
#2182 = AXIS2_PLACEMENT_3D('',#2183,#2184,#2185);
#2183 = CARTESIAN_POINT('',(-0.168829365079,6.976191090109E-02,8.65));
#2184 = DIRECTION('',(0.,-0.928476690885,0.371390676354));
#2185 = DIRECTION('',(0.,-0.371390676354,-0.928476690885));
#2186 = ADVANCED_FACE('',(#2187),#2202,.T.);
#2187 = FACE_BOUND('',#2188,.T.);
#2188 = EDGE_LOOP('',(#2189,#2190,#2191,#2192,#2193,#2194,#2195,#2196));
#2189 = ORIENTED_EDGE('',*,*,#1841,.F.);
#2190 = ORIENTED_EDGE('',*,*,#1888,.F.);
#2191 = ORIENTED_EDGE('',*,*,#2157,.F.);
#2192 = ORIENTED_EDGE('',*,*,#2174,.F.);
#2193 = ORIENTED_EDGE('',*,*,#2085,.F.);
#2194 = ORIENTED_EDGE('',*,*,#2062,.F.);
#2195 = ORIENTED_EDGE('',*,*,#1991,.F.);
#2196 = ORIENTED_EDGE('',*,*,#2197,.F.);
#2197 = EDGE_CURVE('',#1842,#1984,#2198,.T.);
#2198 = LINE('',#2199,#2200);
#2199 = CARTESIAN_POINT('',(0.148670634921,0.404761910901,8.9));
#2200 = VECTOR('',#2201,1.);
#2201 = DIRECTION('',(1.,0.,0.));
#2202 = PLANE('',#2203);
#2203 = AXIS2_PLACEMENT_3D('',#2204,#2205,#2206);
#2204 = CARTESIAN_POINT('',(-1.007936507936E-02,0.287261910901,8.9));
#2205 = DIRECTION('',(0.,0.,1.));
#2206 = DIRECTION('',(1.,0.,-0.));
#2207 = ADVANCED_FACE('',(#2208),#2214,.T.);
#2208 = FACE_BOUND('',#2209,.T.);
#2209 = EDGE_LOOP('',(#2210,#2211,#2212,#2213));
#2210 = ORIENTED_EDGE('',*,*,#1849,.F.);
#2211 = ORIENTED_EDGE('',*,*,#2197,.T.);
#2212 = ORIENTED_EDGE('',*,*,#1983,.F.);
#2213 = ORIENTED_EDGE('',*,*,#1943,.T.);
#2214 = PLANE('',#2215);
#2215 = AXIS2_PLACEMENT_3D('',#2216,#2217,#2218);
#2216 = CARTESIAN_POINT('',(0.148670634921,0.504761910901,8.65));
#2217 = DIRECTION('',(0.,0.928476690885,0.371390676354));
#2218 = DIRECTION('',(0.,-0.371390676354,0.928476690885));
#2219 = ADVANCED_FACE('',(#2220),#2226,.F.);
#2220 = FACE_BOUND('',#2221,.T.);
#2221 = EDGE_LOOP('',(#2222,#2223,#2224,#2225));
#2222 = ORIENTED_EDGE('',*,*,#1967,.F.);
#2223 = ORIENTED_EDGE('',*,*,#2046,.F.);
#2224 = ORIENTED_EDGE('',*,*,#2133,.F.);
#2225 = ORIENTED_EDGE('',*,*,#1911,.F.);
#2226 = PLANE('',#2227);
#2227 = AXIS2_PLACEMENT_3D('',#2228,#2229,#2230);
#2228 = CARTESIAN_POINT('',(-1.007936507936E-02,0.287261910901,0.));
#2229 = DIRECTION('',(0.,0.,1.));
#2230 = DIRECTION('',(1.,0.,-0.));
#2231 = ( GEOMETRIC_REPRESENTATION_CONTEXT(3) 
GLOBAL_UNCERTAINTY_ASSIGNED_CONTEXT((#2235)) 
GLOBAL_UNIT_ASSIGNED_CONTEXT((#2232,#2233,#2234)) REPRESENTATION_CONTEXT
('Context #1','3D Context with UNIT and UNCERTAINTY') );
#2232 = ( LENGTH_UNIT() NAMED_UNIT(*) SI_UNIT(.MILLI.,.METRE.) );
#2233 = ( NAMED_UNIT(*) PLANE_ANGLE_UNIT() SI_UNIT($,.RADIAN.) );
#2234 = ( NAMED_UNIT(*) SI_UNIT($,.STERADIAN.) SOLID_ANGLE_UNIT() );
#2235 = UNCERTAINTY_MEASURE_WITH_UNIT(LENGTH_MEASURE(1.E-07),#2232,
  'distance_accuracy_value','confusion accuracy');
#2236 = CONTEXT_DEPENDENT_SHAPE_REPRESENTATION(#2237,#2239);
#2237 = ( REPRESENTATION_RELATIONSHIP('','',#1816,#1356) 
REPRESENTATION_RELATIONSHIP_WITH_TRANSFORMATION(#2238) 
SHAPE_REPRESENTATION_RELATIONSHIP() );
#2238 = ITEM_DEFINED_TRANSFORMATION('','',#11,#1361);
#2239 = PRODUCT_DEFINITION_SHAPE('Placement','Placement of an item',
  #2240);
#2240 = NEXT_ASSEMBLY_USAGE_OCCURRENCE('2116','1039930_IPT_193','',#1351
  ,#1811,$);
#2241 = PRODUCT_RELATED_PRODUCT_CATEGORY('part',$,(#1813));
#2242 = CONTEXT_DEPENDENT_SHAPE_REPRESENTATION(#2243,#2245);
#2243 = ( REPRESENTATION_RELATIONSHIP('','',#331,#32) 
REPRESENTATION_RELATIONSHIP_WITH_TRANSFORMATION(#2244) 
SHAPE_REPRESENTATION_RELATIONSHIP() );
#2244 = ITEM_DEFINED_TRANSFORMATION('','',#11,#41);
#2245 = PRODUCT_DEFINITION_SHAPE('Placement','Placement of an item',
  #2246);
#2246 = NEXT_ASSEMBLY_USAGE_OCCURRENCE('2118','F1000S1120M007B194','',
  #27,#326,$);
#2247 = SHAPE_DEFINITION_REPRESENTATION(#2248,#2254);
#2248 = PRODUCT_DEFINITION_SHAPE('','',#2249);
#2249 = PRODUCT_DEFINITION('design','',#2250,#2253);
#2250 = PRODUCT_DEFINITION_FORMATION('','',#2251);
#2251 = PRODUCT('1039931_IAM_194','1039931_IAM_194','',(#2252));
#2252 = PRODUCT_CONTEXT('',#2,'mechanical');
#2253 = PRODUCT_DEFINITION_CONTEXT('part definition',#2,'design');
#2254 = SHAPE_REPRESENTATION('',(#11,#2255,#2259),#2263);
#2255 = AXIS2_PLACEMENT_3D('',#2256,#2257,#2258);
#2256 = CARTESIAN_POINT('',(0.,0.,0.));
#2257 = DIRECTION('',(0.,0.,1.));
#2258 = DIRECTION('',(1.,0.,0.));
#2259 = AXIS2_PLACEMENT_3D('',#2260,#2261,#2262);
#2260 = CARTESIAN_POINT('',(-4.51028103754E-16,0.574523821802,0.));
#2261 = DIRECTION('',(0.,0.,-1.));
#2262 = DIRECTION('',(1.,0.,0.));
#2263 = ( GEOMETRIC_REPRESENTATION_CONTEXT(3) 
GLOBAL_UNCERTAINTY_ASSIGNED_CONTEXT((#2267)) 
GLOBAL_UNIT_ASSIGNED_CONTEXT((#2264,#2265,#2266)) REPRESENTATION_CONTEXT
('Context #1','3D Context with UNIT and UNCERTAINTY') );
#2264 = ( LENGTH_UNIT() NAMED_UNIT(*) SI_UNIT(.MILLI.,.METRE.) );
#2265 = ( NAMED_UNIT(*) PLANE_ANGLE_UNIT() SI_UNIT($,.RADIAN.) );
#2266 = ( NAMED_UNIT(*) SI_UNIT($,.STERADIAN.) SOLID_ANGLE_UNIT() );
#2267 = UNCERTAINTY_MEASURE_WITH_UNIT(LENGTH_MEASURE(1.E-07),#2264,
  'distance_accuracy_value','confusion accuracy');
#2268 = CONTEXT_DEPENDENT_SHAPE_REPRESENTATION(#2269,#2271);
#2269 = ( REPRESENTATION_RELATIONSHIP('','',#2254,#32) 
REPRESENTATION_RELATIONSHIP_WITH_TRANSFORMATION(#2270) 
SHAPE_REPRESENTATION_RELATIONSHIP() );
#2270 = ITEM_DEFINED_TRANSFORMATION('','',#11,#45);
#2271 = PRODUCT_DEFINITION_SHAPE('Placement','Placement of an item',
  #2272);
#2272 = NEXT_ASSEMBLY_USAGE_OCCURRENCE('2121','1039931_IAM_194','',#27,
  #2249,$);
#2273 = PRODUCT_RELATED_PRODUCT_CATEGORY('part',$,(#2251));
#2274 = CONTEXT_DEPENDENT_SHAPE_REPRESENTATION(#2275,#2277);
#2275 = ( REPRESENTATION_RELATIONSHIP('','',#1383,#2254) 
REPRESENTATION_RELATIONSHIP_WITH_TRANSFORMATION(#2276) 
SHAPE_REPRESENTATION_RELATIONSHIP() );
#2276 = ITEM_DEFINED_TRANSFORMATION('','',#11,#2255);
#2277 = PRODUCT_DEFINITION_SHAPE('Placement','Placement of an item',
  #2278);
#2278 = NEXT_ASSEMBLY_USAGE_OCCURRENCE('2119','1039929_IPT_194','',#2249
  ,#1378,$);
#2279 = CONTEXT_DEPENDENT_SHAPE_REPRESENTATION(#2280,#2282);
#2280 = ( REPRESENTATION_RELATIONSHIP('','',#1816,#2254) 
REPRESENTATION_RELATIONSHIP_WITH_TRANSFORMATION(#2281) 
SHAPE_REPRESENTATION_RELATIONSHIP() );
#2281 = ITEM_DEFINED_TRANSFORMATION('','',#11,#2259);
#2282 = PRODUCT_DEFINITION_SHAPE('Placement','Placement of an item',
  #2283);
#2283 = NEXT_ASSEMBLY_USAGE_OCCURRENCE('2120','1039930_IPT_194','',#2249
  ,#1811,$);
#2284 = CONTEXT_DEPENDENT_SHAPE_REPRESENTATION(#2285,#2287);
#2285 = ( REPRESENTATION_RELATIONSHIP('','',#331,#32) 
REPRESENTATION_RELATIONSHIP_WITH_TRANSFORMATION(#2286) 
SHAPE_REPRESENTATION_RELATIONSHIP() );
#2286 = ITEM_DEFINED_TRANSFORMATION('','',#11,#49);
#2287 = PRODUCT_DEFINITION_SHAPE('Placement','Placement of an item',
  #2288);
#2288 = NEXT_ASSEMBLY_USAGE_OCCURRENCE('2122','F1000S1120M007B195','',
  #27,#326,$);
#2289 = SHAPE_DEFINITION_REPRESENTATION(#2290,#2296);
#2290 = PRODUCT_DEFINITION_SHAPE('','',#2291);
#2291 = PRODUCT_DEFINITION('design','',#2292,#2295);
#2292 = PRODUCT_DEFINITION_FORMATION('','',#2293);
#2293 = PRODUCT('1039931_IAM_195','1039931_IAM_195','',(#2294));
#2294 = PRODUCT_CONTEXT('',#2,'mechanical');
#2295 = PRODUCT_DEFINITION_CONTEXT('part definition',#2,'design');
#2296 = SHAPE_REPRESENTATION('',(#11,#2297,#2301),#2305);
#2297 = AXIS2_PLACEMENT_3D('',#2298,#2299,#2300);
#2298 = CARTESIAN_POINT('',(0.,0.,0.));
#2299 = DIRECTION('',(0.,0.,1.));
#2300 = DIRECTION('',(1.,0.,0.));
#2301 = AXIS2_PLACEMENT_3D('',#2302,#2303,#2304);
#2302 = CARTESIAN_POINT('',(-4.51028103754E-16,0.574523821802,0.));
#2303 = DIRECTION('',(0.,0.,-1.));
#2304 = DIRECTION('',(1.,0.,0.));
#2305 = ( GEOMETRIC_REPRESENTATION_CONTEXT(3) 
GLOBAL_UNCERTAINTY_ASSIGNED_CONTEXT((#2309)) 
GLOBAL_UNIT_ASSIGNED_CONTEXT((#2306,#2307,#2308)) REPRESENTATION_CONTEXT
('Context #1','3D Context with UNIT and UNCERTAINTY') );
#2306 = ( LENGTH_UNIT() NAMED_UNIT(*) SI_UNIT(.MILLI.,.METRE.) );
#2307 = ( NAMED_UNIT(*) PLANE_ANGLE_UNIT() SI_UNIT($,.RADIAN.) );
#2308 = ( NAMED_UNIT(*) SI_UNIT($,.STERADIAN.) SOLID_ANGLE_UNIT() );
#2309 = UNCERTAINTY_MEASURE_WITH_UNIT(LENGTH_MEASURE(1.E-07),#2306,
  'distance_accuracy_value','confusion accuracy');
#2310 = CONTEXT_DEPENDENT_SHAPE_REPRESENTATION(#2311,#2313);
#2311 = ( REPRESENTATION_RELATIONSHIP('','',#2296,#32) 
REPRESENTATION_RELATIONSHIP_WITH_TRANSFORMATION(#2312) 
SHAPE_REPRESENTATION_RELATIONSHIP() );
#2312 = ITEM_DEFINED_TRANSFORMATION('','',#11,#53);
#2313 = PRODUCT_DEFINITION_SHAPE('Placement','Placement of an item',
  #2314);
#2314 = NEXT_ASSEMBLY_USAGE_OCCURRENCE('2125','1039931_IAM_195','',#27,
  #2291,$);
#2315 = PRODUCT_RELATED_PRODUCT_CATEGORY('part',$,(#2293));
#2316 = CONTEXT_DEPENDENT_SHAPE_REPRESENTATION(#2317,#2319);
#2317 = ( REPRESENTATION_RELATIONSHIP('','',#1383,#2296) 
REPRESENTATION_RELATIONSHIP_WITH_TRANSFORMATION(#2318) 
SHAPE_REPRESENTATION_RELATIONSHIP() );
#2318 = ITEM_DEFINED_TRANSFORMATION('','',#11,#2297);
#2319 = PRODUCT_DEFINITION_SHAPE('Placement','Placement of an item',
  #2320);
#2320 = NEXT_ASSEMBLY_USAGE_OCCURRENCE('2123','1039929_IPT_195','',#2291
  ,#1378,$);
#2321 = CONTEXT_DEPENDENT_SHAPE_REPRESENTATION(#2322,#2324);
#2322 = ( REPRESENTATION_RELATIONSHIP('','',#1816,#2296) 
REPRESENTATION_RELATIONSHIP_WITH_TRANSFORMATION(#2323) 
SHAPE_REPRESENTATION_RELATIONSHIP() );
#2323 = ITEM_DEFINED_TRANSFORMATION('','',#11,#2301);
#2324 = PRODUCT_DEFINITION_SHAPE('Placement','Placement of an item',
  #2325);
#2325 = NEXT_ASSEMBLY_USAGE_OCCURRENCE('2124','1039930_IPT_195','',#2291
  ,#1811,$);
#2326 = CONTEXT_DEPENDENT_SHAPE_REPRESENTATION(#2327,#2329);
#2327 = ( REPRESENTATION_RELATIONSHIP('','',#331,#32) 
REPRESENTATION_RELATIONSHIP_WITH_TRANSFORMATION(#2328) 
SHAPE_REPRESENTATION_RELATIONSHIP() );
#2328 = ITEM_DEFINED_TRANSFORMATION('','',#11,#57);
#2329 = PRODUCT_DEFINITION_SHAPE('Placement','Placement of an item',
  #2330);
#2330 = NEXT_ASSEMBLY_USAGE_OCCURRENCE('2126','F1000S1120M007B196','',
  #27,#326,$);
#2331 = SHAPE_DEFINITION_REPRESENTATION(#2332,#2338);
#2332 = PRODUCT_DEFINITION_SHAPE('','',#2333);
#2333 = PRODUCT_DEFINITION('design','',#2334,#2337);
#2334 = PRODUCT_DEFINITION_FORMATION('','',#2335);
#2335 = PRODUCT('1039931_IAM_196','1039931_IAM_196','',(#2336));
#2336 = PRODUCT_CONTEXT('',#2,'mechanical');
#2337 = PRODUCT_DEFINITION_CONTEXT('part definition',#2,'design');
#2338 = SHAPE_REPRESENTATION('',(#11,#2339,#2343),#2347);
#2339 = AXIS2_PLACEMENT_3D('',#2340,#2341,#2342);
#2340 = CARTESIAN_POINT('',(0.,0.,0.));
#2341 = DIRECTION('',(0.,0.,1.));
#2342 = DIRECTION('',(1.,0.,0.));
#2343 = AXIS2_PLACEMENT_3D('',#2344,#2345,#2346);
#2344 = CARTESIAN_POINT('',(-4.51028103754E-16,0.574523821802,0.));
#2345 = DIRECTION('',(0.,0.,-1.));
#2346 = DIRECTION('',(1.,0.,0.));
#2347 = ( GEOMETRIC_REPRESENTATION_CONTEXT(3) 
GLOBAL_UNCERTAINTY_ASSIGNED_CONTEXT((#2351)) 
GLOBAL_UNIT_ASSIGNED_CONTEXT((#2348,#2349,#2350)) REPRESENTATION_CONTEXT
('Context #1','3D Context with UNIT and UNCERTAINTY') );
#2348 = ( LENGTH_UNIT() NAMED_UNIT(*) SI_UNIT(.MILLI.,.METRE.) );
#2349 = ( NAMED_UNIT(*) PLANE_ANGLE_UNIT() SI_UNIT($,.RADIAN.) );
#2350 = ( NAMED_UNIT(*) SI_UNIT($,.STERADIAN.) SOLID_ANGLE_UNIT() );
#2351 = UNCERTAINTY_MEASURE_WITH_UNIT(LENGTH_MEASURE(1.E-07),#2348,
  'distance_accuracy_value','confusion accuracy');
#2352 = CONTEXT_DEPENDENT_SHAPE_REPRESENTATION(#2353,#2355);
#2353 = ( REPRESENTATION_RELATIONSHIP('','',#2338,#32) 
REPRESENTATION_RELATIONSHIP_WITH_TRANSFORMATION(#2354) 
SHAPE_REPRESENTATION_RELATIONSHIP() );
#2354 = ITEM_DEFINED_TRANSFORMATION('','',#11,#61);
#2355 = PRODUCT_DEFINITION_SHAPE('Placement','Placement of an item',
  #2356);
#2356 = NEXT_ASSEMBLY_USAGE_OCCURRENCE('2129','1039931_IAM_196','',#27,
  #2333,$);
#2357 = PRODUCT_RELATED_PRODUCT_CATEGORY('part',$,(#2335));
#2358 = CONTEXT_DEPENDENT_SHAPE_REPRESENTATION(#2359,#2361);
#2359 = ( REPRESENTATION_RELATIONSHIP('','',#1383,#2338) 
REPRESENTATION_RELATIONSHIP_WITH_TRANSFORMATION(#2360) 
SHAPE_REPRESENTATION_RELATIONSHIP() );
#2360 = ITEM_DEFINED_TRANSFORMATION('','',#11,#2339);
#2361 = PRODUCT_DEFINITION_SHAPE('Placement','Placement of an item',
  #2362);
#2362 = NEXT_ASSEMBLY_USAGE_OCCURRENCE('2127','1039929_IPT_196','',#2333
  ,#1378,$);
#2363 = CONTEXT_DEPENDENT_SHAPE_REPRESENTATION(#2364,#2366);
#2364 = ( REPRESENTATION_RELATIONSHIP('','',#1816,#2338) 
REPRESENTATION_RELATIONSHIP_WITH_TRANSFORMATION(#2365) 
SHAPE_REPRESENTATION_RELATIONSHIP() );
#2365 = ITEM_DEFINED_TRANSFORMATION('','',#11,#2343);
#2366 = PRODUCT_DEFINITION_SHAPE('Placement','Placement of an item',
  #2367);
#2367 = NEXT_ASSEMBLY_USAGE_OCCURRENCE('2128','1039930_IPT_196','',#2333
  ,#1811,$);
#2368 = CONTEXT_DEPENDENT_SHAPE_REPRESENTATION(#2369,#2371);
#2369 = ( REPRESENTATION_RELATIONSHIP('','',#331,#32) 
REPRESENTATION_RELATIONSHIP_WITH_TRANSFORMATION(#2370) 
SHAPE_REPRESENTATION_RELATIONSHIP() );
#2370 = ITEM_DEFINED_TRANSFORMATION('','',#11,#65);
#2371 = PRODUCT_DEFINITION_SHAPE('Placement','Placement of an item',
  #2372);
#2372 = NEXT_ASSEMBLY_USAGE_OCCURRENCE('2130','F1000S1120M007B197','',
  #27,#326,$);
#2373 = SHAPE_DEFINITION_REPRESENTATION(#2374,#2380);
#2374 = PRODUCT_DEFINITION_SHAPE('','',#2375);
#2375 = PRODUCT_DEFINITION('design','',#2376,#2379);
#2376 = PRODUCT_DEFINITION_FORMATION('','',#2377);
#2377 = PRODUCT('1039931_IAM_197','1039931_IAM_197','',(#2378));
#2378 = PRODUCT_CONTEXT('',#2,'mechanical');
#2379 = PRODUCT_DEFINITION_CONTEXT('part definition',#2,'design');
#2380 = SHAPE_REPRESENTATION('',(#11,#2381,#2385),#2389);
#2381 = AXIS2_PLACEMENT_3D('',#2382,#2383,#2384);
#2382 = CARTESIAN_POINT('',(0.,0.,0.));
#2383 = DIRECTION('',(0.,0.,1.));
#2384 = DIRECTION('',(1.,0.,0.));
#2385 = AXIS2_PLACEMENT_3D('',#2386,#2387,#2388);
#2386 = CARTESIAN_POINT('',(-4.51028103754E-16,0.574523821802,0.));
#2387 = DIRECTION('',(0.,0.,-1.));
#2388 = DIRECTION('',(1.,0.,0.));
#2389 = ( GEOMETRIC_REPRESENTATION_CONTEXT(3) 
GLOBAL_UNCERTAINTY_ASSIGNED_CONTEXT((#2393)) 
GLOBAL_UNIT_ASSIGNED_CONTEXT((#2390,#2391,#2392)) REPRESENTATION_CONTEXT
('Context #1','3D Context with UNIT and UNCERTAINTY') );
#2390 = ( LENGTH_UNIT() NAMED_UNIT(*) SI_UNIT(.MILLI.,.METRE.) );
#2391 = ( NAMED_UNIT(*) PLANE_ANGLE_UNIT() SI_UNIT($,.RADIAN.) );
#2392 = ( NAMED_UNIT(*) SI_UNIT($,.STERADIAN.) SOLID_ANGLE_UNIT() );
#2393 = UNCERTAINTY_MEASURE_WITH_UNIT(LENGTH_MEASURE(1.E-07),#2390,
  'distance_accuracy_value','confusion accuracy');
#2394 = CONTEXT_DEPENDENT_SHAPE_REPRESENTATION(#2395,#2397);
#2395 = ( REPRESENTATION_RELATIONSHIP('','',#2380,#32) 
REPRESENTATION_RELATIONSHIP_WITH_TRANSFORMATION(#2396) 
SHAPE_REPRESENTATION_RELATIONSHIP() );
#2396 = ITEM_DEFINED_TRANSFORMATION('','',#11,#69);
#2397 = PRODUCT_DEFINITION_SHAPE('Placement','Placement of an item',
  #2398);
#2398 = NEXT_ASSEMBLY_USAGE_OCCURRENCE('2133','1039931_IAM_197','',#27,
  #2375,$);
#2399 = PRODUCT_RELATED_PRODUCT_CATEGORY('part',$,(#2377));
#2400 = CONTEXT_DEPENDENT_SHAPE_REPRESENTATION(#2401,#2403);
#2401 = ( REPRESENTATION_RELATIONSHIP('','',#1383,#2380) 
REPRESENTATION_RELATIONSHIP_WITH_TRANSFORMATION(#2402) 
SHAPE_REPRESENTATION_RELATIONSHIP() );
#2402 = ITEM_DEFINED_TRANSFORMATION('','',#11,#2381);
#2403 = PRODUCT_DEFINITION_SHAPE('Placement','Placement of an item',
  #2404);
#2404 = NEXT_ASSEMBLY_USAGE_OCCURRENCE('2131','1039929_IPT_197','',#2375
  ,#1378,$);
#2405 = CONTEXT_DEPENDENT_SHAPE_REPRESENTATION(#2406,#2408);
#2406 = ( REPRESENTATION_RELATIONSHIP('','',#1816,#2380) 
REPRESENTATION_RELATIONSHIP_WITH_TRANSFORMATION(#2407) 
SHAPE_REPRESENTATION_RELATIONSHIP() );
#2407 = ITEM_DEFINED_TRANSFORMATION('','',#11,#2385);
#2408 = PRODUCT_DEFINITION_SHAPE('Placement','Placement of an item',
  #2409);
#2409 = NEXT_ASSEMBLY_USAGE_OCCURRENCE('2132','1039930_IPT_197','',#2375
  ,#1811,$);
#2410 = CONTEXT_DEPENDENT_SHAPE_REPRESENTATION(#2411,#2413);
#2411 = ( REPRESENTATION_RELATIONSHIP('','',#331,#32) 
REPRESENTATION_RELATIONSHIP_WITH_TRANSFORMATION(#2412) 
SHAPE_REPRESENTATION_RELATIONSHIP() );
#2412 = ITEM_DEFINED_TRANSFORMATION('','',#11,#73);
#2413 = PRODUCT_DEFINITION_SHAPE('Placement','Placement of an item',
  #2414);
#2414 = NEXT_ASSEMBLY_USAGE_OCCURRENCE('2134','F1000S1120M007B198','',
  #27,#326,$);
#2415 = SHAPE_DEFINITION_REPRESENTATION(#2416,#2422);
#2416 = PRODUCT_DEFINITION_SHAPE('','',#2417);
#2417 = PRODUCT_DEFINITION('design','',#2418,#2421);
#2418 = PRODUCT_DEFINITION_FORMATION('','',#2419);
#2419 = PRODUCT('1039931_IAM_198','1039931_IAM_198','',(#2420));
#2420 = PRODUCT_CONTEXT('',#2,'mechanical');
#2421 = PRODUCT_DEFINITION_CONTEXT('part definition',#2,'design');
#2422 = SHAPE_REPRESENTATION('',(#11,#2423,#2427),#2431);
#2423 = AXIS2_PLACEMENT_3D('',#2424,#2425,#2426);
#2424 = CARTESIAN_POINT('',(0.,0.,0.));
#2425 = DIRECTION('',(0.,0.,1.));
#2426 = DIRECTION('',(1.,0.,0.));
#2427 = AXIS2_PLACEMENT_3D('',#2428,#2429,#2430);
#2428 = CARTESIAN_POINT('',(-4.51028103754E-16,0.574523821802,0.));
#2429 = DIRECTION('',(0.,0.,-1.));
#2430 = DIRECTION('',(1.,0.,0.));
#2431 = ( GEOMETRIC_REPRESENTATION_CONTEXT(3) 
GLOBAL_UNCERTAINTY_ASSIGNED_CONTEXT((#2435)) 
GLOBAL_UNIT_ASSIGNED_CONTEXT((#2432,#2433,#2434)) REPRESENTATION_CONTEXT
('Context #1','3D Context with UNIT and UNCERTAINTY') );
#2432 = ( LENGTH_UNIT() NAMED_UNIT(*) SI_UNIT(.MILLI.,.METRE.) );
#2433 = ( NAMED_UNIT(*) PLANE_ANGLE_UNIT() SI_UNIT($,.RADIAN.) );
#2434 = ( NAMED_UNIT(*) SI_UNIT($,.STERADIAN.) SOLID_ANGLE_UNIT() );
#2435 = UNCERTAINTY_MEASURE_WITH_UNIT(LENGTH_MEASURE(1.E-07),#2432,
  'distance_accuracy_value','confusion accuracy');
#2436 = CONTEXT_DEPENDENT_SHAPE_REPRESENTATION(#2437,#2439);
#2437 = ( REPRESENTATION_RELATIONSHIP('','',#2422,#32) 
REPRESENTATION_RELATIONSHIP_WITH_TRANSFORMATION(#2438) 
SHAPE_REPRESENTATION_RELATIONSHIP() );
#2438 = ITEM_DEFINED_TRANSFORMATION('','',#11,#77);
#2439 = PRODUCT_DEFINITION_SHAPE('Placement','Placement of an item',
  #2440);
#2440 = NEXT_ASSEMBLY_USAGE_OCCURRENCE('2137','1039931_IAM_198','',#27,
  #2417,$);
#2441 = PRODUCT_RELATED_PRODUCT_CATEGORY('part',$,(#2419));
#2442 = CONTEXT_DEPENDENT_SHAPE_REPRESENTATION(#2443,#2445);
#2443 = ( REPRESENTATION_RELATIONSHIP('','',#1383,#2422) 
REPRESENTATION_RELATIONSHIP_WITH_TRANSFORMATION(#2444) 
SHAPE_REPRESENTATION_RELATIONSHIP() );
#2444 = ITEM_DEFINED_TRANSFORMATION('','',#11,#2423);
#2445 = PRODUCT_DEFINITION_SHAPE('Placement','Placement of an item',
  #2446);
#2446 = NEXT_ASSEMBLY_USAGE_OCCURRENCE('2135','1039929_IPT_198','',#2417
  ,#1378,$);
#2447 = CONTEXT_DEPENDENT_SHAPE_REPRESENTATION(#2448,#2450);
#2448 = ( REPRESENTATION_RELATIONSHIP('','',#1816,#2422) 
REPRESENTATION_RELATIONSHIP_WITH_TRANSFORMATION(#2449) 
SHAPE_REPRESENTATION_RELATIONSHIP() );
#2449 = ITEM_DEFINED_TRANSFORMATION('','',#11,#2427);
#2450 = PRODUCT_DEFINITION_SHAPE('Placement','Placement of an item',
  #2451);
#2451 = NEXT_ASSEMBLY_USAGE_OCCURRENCE('2136','1039930_IPT_198','',#2417
  ,#1811,$);
#2452 = CONTEXT_DEPENDENT_SHAPE_REPRESENTATION(#2453,#2455);
#2453 = ( REPRESENTATION_RELATIONSHIP('','',#331,#32) 
REPRESENTATION_RELATIONSHIP_WITH_TRANSFORMATION(#2454) 
SHAPE_REPRESENTATION_RELATIONSHIP() );
#2454 = ITEM_DEFINED_TRANSFORMATION('','',#11,#81);
#2455 = PRODUCT_DEFINITION_SHAPE('Placement','Placement of an item',
  #2456);
#2456 = NEXT_ASSEMBLY_USAGE_OCCURRENCE('2138','F1000S1120M007B199','',
  #27,#326,$);
#2457 = SHAPE_DEFINITION_REPRESENTATION(#2458,#2464);
#2458 = PRODUCT_DEFINITION_SHAPE('','',#2459);
#2459 = PRODUCT_DEFINITION('design','',#2460,#2463);
#2460 = PRODUCT_DEFINITION_FORMATION('','',#2461);
#2461 = PRODUCT('1039931_IAM_199','1039931_IAM_199','',(#2462));
#2462 = PRODUCT_CONTEXT('',#2,'mechanical');
#2463 = PRODUCT_DEFINITION_CONTEXT('part definition',#2,'design');
#2464 = SHAPE_REPRESENTATION('',(#11,#2465,#2469),#2473);
#2465 = AXIS2_PLACEMENT_3D('',#2466,#2467,#2468);
#2466 = CARTESIAN_POINT('',(0.,0.,0.));
#2467 = DIRECTION('',(0.,0.,1.));
#2468 = DIRECTION('',(1.,0.,0.));
#2469 = AXIS2_PLACEMENT_3D('',#2470,#2471,#2472);
#2470 = CARTESIAN_POINT('',(-4.51028103754E-16,0.574523821802,0.));
#2471 = DIRECTION('',(0.,0.,-1.));
#2472 = DIRECTION('',(1.,0.,0.));
#2473 = ( GEOMETRIC_REPRESENTATION_CONTEXT(3) 
GLOBAL_UNCERTAINTY_ASSIGNED_CONTEXT((#2477)) 
GLOBAL_UNIT_ASSIGNED_CONTEXT((#2474,#2475,#2476)) REPRESENTATION_CONTEXT
('Context #1','3D Context with UNIT and UNCERTAINTY') );
#2474 = ( LENGTH_UNIT() NAMED_UNIT(*) SI_UNIT(.MILLI.,.METRE.) );
#2475 = ( NAMED_UNIT(*) PLANE_ANGLE_UNIT() SI_UNIT($,.RADIAN.) );
#2476 = ( NAMED_UNIT(*) SI_UNIT($,.STERADIAN.) SOLID_ANGLE_UNIT() );
#2477 = UNCERTAINTY_MEASURE_WITH_UNIT(LENGTH_MEASURE(1.E-07),#2474,
  'distance_accuracy_value','confusion accuracy');
#2478 = CONTEXT_DEPENDENT_SHAPE_REPRESENTATION(#2479,#2481);
#2479 = ( REPRESENTATION_RELATIONSHIP('','',#2464,#32) 
REPRESENTATION_RELATIONSHIP_WITH_TRANSFORMATION(#2480) 
SHAPE_REPRESENTATION_RELATIONSHIP() );
#2480 = ITEM_DEFINED_TRANSFORMATION('','',#11,#85);
#2481 = PRODUCT_DEFINITION_SHAPE('Placement','Placement of an item',
  #2482);
#2482 = NEXT_ASSEMBLY_USAGE_OCCURRENCE('2141','1039931_IAM_199','',#27,
  #2459,$);
#2483 = PRODUCT_RELATED_PRODUCT_CATEGORY('part',$,(#2461));
#2484 = CONTEXT_DEPENDENT_SHAPE_REPRESENTATION(#2485,#2487);
#2485 = ( REPRESENTATION_RELATIONSHIP('','',#1383,#2464) 
REPRESENTATION_RELATIONSHIP_WITH_TRANSFORMATION(#2486) 
SHAPE_REPRESENTATION_RELATIONSHIP() );
#2486 = ITEM_DEFINED_TRANSFORMATION('','',#11,#2465);
#2487 = PRODUCT_DEFINITION_SHAPE('Placement','Placement of an item',
  #2488);
#2488 = NEXT_ASSEMBLY_USAGE_OCCURRENCE('2139','1039929_IPT_199','',#2459
  ,#1378,$);
#2489 = CONTEXT_DEPENDENT_SHAPE_REPRESENTATION(#2490,#2492);
#2490 = ( REPRESENTATION_RELATIONSHIP('','',#1816,#2464) 
REPRESENTATION_RELATIONSHIP_WITH_TRANSFORMATION(#2491) 
SHAPE_REPRESENTATION_RELATIONSHIP() );
#2491 = ITEM_DEFINED_TRANSFORMATION('','',#11,#2469);
#2492 = PRODUCT_DEFINITION_SHAPE('Placement','Placement of an item',
  #2493);
#2493 = NEXT_ASSEMBLY_USAGE_OCCURRENCE('2140','1039930_IPT_199','',#2459
  ,#1811,$);
#2494 = CONTEXT_DEPENDENT_SHAPE_REPRESENTATION(#2495,#2497);
#2495 = ( REPRESENTATION_RELATIONSHIP('','',#331,#32) 
REPRESENTATION_RELATIONSHIP_WITH_TRANSFORMATION(#2496) 
SHAPE_REPRESENTATION_RELATIONSHIP() );
#2496 = ITEM_DEFINED_TRANSFORMATION('','',#11,#89);
#2497 = PRODUCT_DEFINITION_SHAPE('Placement','Placement of an item',
  #2498);
#2498 = NEXT_ASSEMBLY_USAGE_OCCURRENCE('2142','F1000S1120M007B200','',
  #27,#326,$);
#2499 = SHAPE_DEFINITION_REPRESENTATION(#2500,#2506);
#2500 = PRODUCT_DEFINITION_SHAPE('','',#2501);
#2501 = PRODUCT_DEFINITION('design','',#2502,#2505);
#2502 = PRODUCT_DEFINITION_FORMATION('','',#2503);
#2503 = PRODUCT('1039931_IAM_200','1039931_IAM_200','',(#2504));
#2504 = PRODUCT_CONTEXT('',#2,'mechanical');
#2505 = PRODUCT_DEFINITION_CONTEXT('part definition',#2,'design');
#2506 = SHAPE_REPRESENTATION('',(#11,#2507,#2511),#2515);
#2507 = AXIS2_PLACEMENT_3D('',#2508,#2509,#2510);
#2508 = CARTESIAN_POINT('',(0.,0.,0.));
#2509 = DIRECTION('',(0.,0.,1.));
#2510 = DIRECTION('',(1.,0.,0.));
#2511 = AXIS2_PLACEMENT_3D('',#2512,#2513,#2514);
#2512 = CARTESIAN_POINT('',(-4.51028103754E-16,0.574523821802,0.));
#2513 = DIRECTION('',(0.,0.,-1.));
#2514 = DIRECTION('',(1.,0.,0.));
#2515 = ( GEOMETRIC_REPRESENTATION_CONTEXT(3) 
GLOBAL_UNCERTAINTY_ASSIGNED_CONTEXT((#2519)) 
GLOBAL_UNIT_ASSIGNED_CONTEXT((#2516,#2517,#2518)) REPRESENTATION_CONTEXT
('Context #1','3D Context with UNIT and UNCERTAINTY') );
#2516 = ( LENGTH_UNIT() NAMED_UNIT(*) SI_UNIT(.MILLI.,.METRE.) );
#2517 = ( NAMED_UNIT(*) PLANE_ANGLE_UNIT() SI_UNIT($,.RADIAN.) );
#2518 = ( NAMED_UNIT(*) SI_UNIT($,.STERADIAN.) SOLID_ANGLE_UNIT() );
#2519 = UNCERTAINTY_MEASURE_WITH_UNIT(LENGTH_MEASURE(1.E-07),#2516,
  'distance_accuracy_value','confusion accuracy');
#2520 = CONTEXT_DEPENDENT_SHAPE_REPRESENTATION(#2521,#2523);
#2521 = ( REPRESENTATION_RELATIONSHIP('','',#2506,#32) 
REPRESENTATION_RELATIONSHIP_WITH_TRANSFORMATION(#2522) 
SHAPE_REPRESENTATION_RELATIONSHIP() );
#2522 = ITEM_DEFINED_TRANSFORMATION('','',#11,#93);
#2523 = PRODUCT_DEFINITION_SHAPE('Placement','Placement of an item',
  #2524);
#2524 = NEXT_ASSEMBLY_USAGE_OCCURRENCE('2145','1039931_IAM_200','',#27,
  #2501,$);
#2525 = PRODUCT_RELATED_PRODUCT_CATEGORY('part',$,(#2503));
#2526 = CONTEXT_DEPENDENT_SHAPE_REPRESENTATION(#2527,#2529);
#2527 = ( REPRESENTATION_RELATIONSHIP('','',#1383,#2506) 
REPRESENTATION_RELATIONSHIP_WITH_TRANSFORMATION(#2528) 
SHAPE_REPRESENTATION_RELATIONSHIP() );
#2528 = ITEM_DEFINED_TRANSFORMATION('','',#11,#2507);
#2529 = PRODUCT_DEFINITION_SHAPE('Placement','Placement of an item',
  #2530);
#2530 = NEXT_ASSEMBLY_USAGE_OCCURRENCE('2143','1039929_IPT_200','',#2501
  ,#1378,$);
#2531 = CONTEXT_DEPENDENT_SHAPE_REPRESENTATION(#2532,#2534);
#2532 = ( REPRESENTATION_RELATIONSHIP('','',#1816,#2506) 
REPRESENTATION_RELATIONSHIP_WITH_TRANSFORMATION(#2533) 
SHAPE_REPRESENTATION_RELATIONSHIP() );
#2533 = ITEM_DEFINED_TRANSFORMATION('','',#11,#2511);
#2534 = PRODUCT_DEFINITION_SHAPE('Placement','Placement of an item',
  #2535);
#2535 = NEXT_ASSEMBLY_USAGE_OCCURRENCE('2144','1039930_IPT_200','',#2501
  ,#1811,$);
#2536 = CONTEXT_DEPENDENT_SHAPE_REPRESENTATION(#2537,#2539);
#2537 = ( REPRESENTATION_RELATIONSHIP('','',#331,#32) 
REPRESENTATION_RELATIONSHIP_WITH_TRANSFORMATION(#2538) 
SHAPE_REPRESENTATION_RELATIONSHIP() );
#2538 = ITEM_DEFINED_TRANSFORMATION('','',#11,#97);
#2539 = PRODUCT_DEFINITION_SHAPE('Placement','Placement of an item',
  #2540);
#2540 = NEXT_ASSEMBLY_USAGE_OCCURRENCE('2146','F1000S1120M007B201','',
  #27,#326,$);
#2541 = SHAPE_DEFINITION_REPRESENTATION(#2542,#2548);
#2542 = PRODUCT_DEFINITION_SHAPE('','',#2543);
#2543 = PRODUCT_DEFINITION('design','',#2544,#2547);
#2544 = PRODUCT_DEFINITION_FORMATION('','',#2545);
#2545 = PRODUCT('1039931_IAM_201','1039931_IAM_201','',(#2546));
#2546 = PRODUCT_CONTEXT('',#2,'mechanical');
#2547 = PRODUCT_DEFINITION_CONTEXT('part definition',#2,'design');
#2548 = SHAPE_REPRESENTATION('',(#11,#2549,#2553),#2557);
#2549 = AXIS2_PLACEMENT_3D('',#2550,#2551,#2552);
#2550 = CARTESIAN_POINT('',(0.,0.,0.));
#2551 = DIRECTION('',(0.,0.,1.));
#2552 = DIRECTION('',(1.,0.,0.));
#2553 = AXIS2_PLACEMENT_3D('',#2554,#2555,#2556);
#2554 = CARTESIAN_POINT('',(-4.51028103754E-16,0.574523821802,0.));
#2555 = DIRECTION('',(0.,0.,-1.));
#2556 = DIRECTION('',(1.,0.,0.));
#2557 = ( GEOMETRIC_REPRESENTATION_CONTEXT(3) 
GLOBAL_UNCERTAINTY_ASSIGNED_CONTEXT((#2561)) 
GLOBAL_UNIT_ASSIGNED_CONTEXT((#2558,#2559,#2560)) REPRESENTATION_CONTEXT
('Context #1','3D Context with UNIT and UNCERTAINTY') );
#2558 = ( LENGTH_UNIT() NAMED_UNIT(*) SI_UNIT(.MILLI.,.METRE.) );
#2559 = ( NAMED_UNIT(*) PLANE_ANGLE_UNIT() SI_UNIT($,.RADIAN.) );
#2560 = ( NAMED_UNIT(*) SI_UNIT($,.STERADIAN.) SOLID_ANGLE_UNIT() );
#2561 = UNCERTAINTY_MEASURE_WITH_UNIT(LENGTH_MEASURE(1.E-07),#2558,
  'distance_accuracy_value','confusion accuracy');
#2562 = CONTEXT_DEPENDENT_SHAPE_REPRESENTATION(#2563,#2565);
#2563 = ( REPRESENTATION_RELATIONSHIP('','',#2548,#32) 
REPRESENTATION_RELATIONSHIP_WITH_TRANSFORMATION(#2564) 
SHAPE_REPRESENTATION_RELATIONSHIP() );
#2564 = ITEM_DEFINED_TRANSFORMATION('','',#11,#101);
#2565 = PRODUCT_DEFINITION_SHAPE('Placement','Placement of an item',
  #2566);
#2566 = NEXT_ASSEMBLY_USAGE_OCCURRENCE('2149','1039931_IAM_201','',#27,
  #2543,$);
#2567 = PRODUCT_RELATED_PRODUCT_CATEGORY('part',$,(#2545));
#2568 = CONTEXT_DEPENDENT_SHAPE_REPRESENTATION(#2569,#2571);
#2569 = ( REPRESENTATION_RELATIONSHIP('','',#1383,#2548) 
REPRESENTATION_RELATIONSHIP_WITH_TRANSFORMATION(#2570) 
SHAPE_REPRESENTATION_RELATIONSHIP() );
#2570 = ITEM_DEFINED_TRANSFORMATION('','',#11,#2549);
#2571 = PRODUCT_DEFINITION_SHAPE('Placement','Placement of an item',
  #2572);
#2572 = NEXT_ASSEMBLY_USAGE_OCCURRENCE('2147','1039929_IPT_201','',#2543
  ,#1378,$);
#2573 = CONTEXT_DEPENDENT_SHAPE_REPRESENTATION(#2574,#2576);
#2574 = ( REPRESENTATION_RELATIONSHIP('','',#1816,#2548) 
REPRESENTATION_RELATIONSHIP_WITH_TRANSFORMATION(#2575) 
SHAPE_REPRESENTATION_RELATIONSHIP() );
#2575 = ITEM_DEFINED_TRANSFORMATION('','',#11,#2553);
#2576 = PRODUCT_DEFINITION_SHAPE('Placement','Placement of an item',
  #2577);
#2577 = NEXT_ASSEMBLY_USAGE_OCCURRENCE('2148','1039930_IPT_201','',#2543
  ,#1811,$);
#2578 = CONTEXT_DEPENDENT_SHAPE_REPRESENTATION(#2579,#2581);
#2579 = ( REPRESENTATION_RELATIONSHIP('','',#331,#32) 
REPRESENTATION_RELATIONSHIP_WITH_TRANSFORMATION(#2580) 
SHAPE_REPRESENTATION_RELATIONSHIP() );
#2580 = ITEM_DEFINED_TRANSFORMATION('','',#11,#105);
#2581 = PRODUCT_DEFINITION_SHAPE('Placement','Placement of an item',
  #2582);
#2582 = NEXT_ASSEMBLY_USAGE_OCCURRENCE('2150','F1000S1120M007B202','',
  #27,#326,$);
#2583 = SHAPE_DEFINITION_REPRESENTATION(#2584,#2590);
#2584 = PRODUCT_DEFINITION_SHAPE('','',#2585);
#2585 = PRODUCT_DEFINITION('design','',#2586,#2589);
#2586 = PRODUCT_DEFINITION_FORMATION('','',#2587);
#2587 = PRODUCT('1039931_IAM_202','1039931_IAM_202','',(#2588));
#2588 = PRODUCT_CONTEXT('',#2,'mechanical');
#2589 = PRODUCT_DEFINITION_CONTEXT('part definition',#2,'design');
#2590 = SHAPE_REPRESENTATION('',(#11,#2591,#2595),#2599);
#2591 = AXIS2_PLACEMENT_3D('',#2592,#2593,#2594);
#2592 = CARTESIAN_POINT('',(0.,0.,0.));
#2593 = DIRECTION('',(0.,0.,1.));
#2594 = DIRECTION('',(1.,0.,0.));
#2595 = AXIS2_PLACEMENT_3D('',#2596,#2597,#2598);
#2596 = CARTESIAN_POINT('',(-4.51028103754E-16,0.574523821802,0.));
#2597 = DIRECTION('',(0.,0.,-1.));
#2598 = DIRECTION('',(1.,0.,0.));
#2599 = ( GEOMETRIC_REPRESENTATION_CONTEXT(3) 
GLOBAL_UNCERTAINTY_ASSIGNED_CONTEXT((#2603)) 
GLOBAL_UNIT_ASSIGNED_CONTEXT((#2600,#2601,#2602)) REPRESENTATION_CONTEXT
('Context #1','3D Context with UNIT and UNCERTAINTY') );
#2600 = ( LENGTH_UNIT() NAMED_UNIT(*) SI_UNIT(.MILLI.,.METRE.) );
#2601 = ( NAMED_UNIT(*) PLANE_ANGLE_UNIT() SI_UNIT($,.RADIAN.) );
#2602 = ( NAMED_UNIT(*) SI_UNIT($,.STERADIAN.) SOLID_ANGLE_UNIT() );
#2603 = UNCERTAINTY_MEASURE_WITH_UNIT(LENGTH_MEASURE(1.E-07),#2600,
  'distance_accuracy_value','confusion accuracy');
#2604 = CONTEXT_DEPENDENT_SHAPE_REPRESENTATION(#2605,#2607);
#2605 = ( REPRESENTATION_RELATIONSHIP('','',#2590,#32) 
REPRESENTATION_RELATIONSHIP_WITH_TRANSFORMATION(#2606) 
SHAPE_REPRESENTATION_RELATIONSHIP() );
#2606 = ITEM_DEFINED_TRANSFORMATION('','',#11,#109);
#2607 = PRODUCT_DEFINITION_SHAPE('Placement','Placement of an item',
  #2608);
#2608 = NEXT_ASSEMBLY_USAGE_OCCURRENCE('2153','1039931_IAM_202','',#27,
  #2585,$);
#2609 = PRODUCT_RELATED_PRODUCT_CATEGORY('part',$,(#2587));
#2610 = CONTEXT_DEPENDENT_SHAPE_REPRESENTATION(#2611,#2613);
#2611 = ( REPRESENTATION_RELATIONSHIP('','',#1383,#2590) 
REPRESENTATION_RELATIONSHIP_WITH_TRANSFORMATION(#2612) 
SHAPE_REPRESENTATION_RELATIONSHIP() );
#2612 = ITEM_DEFINED_TRANSFORMATION('','',#11,#2591);
#2613 = PRODUCT_DEFINITION_SHAPE('Placement','Placement of an item',
  #2614);
#2614 = NEXT_ASSEMBLY_USAGE_OCCURRENCE('2151','1039929_IPT_202','',#2585
  ,#1378,$);
#2615 = CONTEXT_DEPENDENT_SHAPE_REPRESENTATION(#2616,#2618);
#2616 = ( REPRESENTATION_RELATIONSHIP('','',#1816,#2590) 
REPRESENTATION_RELATIONSHIP_WITH_TRANSFORMATION(#2617) 
SHAPE_REPRESENTATION_RELATIONSHIP() );
#2617 = ITEM_DEFINED_TRANSFORMATION('','',#11,#2595);
#2618 = PRODUCT_DEFINITION_SHAPE('Placement','Placement of an item',
  #2619);
#2619 = NEXT_ASSEMBLY_USAGE_OCCURRENCE('2152','1039930_IPT_202','',#2585
  ,#1811,$);
#2620 = CONTEXT_DEPENDENT_SHAPE_REPRESENTATION(#2621,#2623);
#2621 = ( REPRESENTATION_RELATIONSHIP('','',#331,#32) 
REPRESENTATION_RELATIONSHIP_WITH_TRANSFORMATION(#2622) 
SHAPE_REPRESENTATION_RELATIONSHIP() );
#2622 = ITEM_DEFINED_TRANSFORMATION('','',#11,#113);
#2623 = PRODUCT_DEFINITION_SHAPE('Placement','Placement of an item',
  #2624);
#2624 = NEXT_ASSEMBLY_USAGE_OCCURRENCE('2154','F1000S1120M007B203','',
  #27,#326,$);
#2625 = SHAPE_DEFINITION_REPRESENTATION(#2626,#2632);
#2626 = PRODUCT_DEFINITION_SHAPE('','',#2627);
#2627 = PRODUCT_DEFINITION('design','',#2628,#2631);
#2628 = PRODUCT_DEFINITION_FORMATION('','',#2629);
#2629 = PRODUCT('1039931_IAM_203','1039931_IAM_203','',(#2630));
#2630 = PRODUCT_CONTEXT('',#2,'mechanical');
#2631 = PRODUCT_DEFINITION_CONTEXT('part definition',#2,'design');
#2632 = SHAPE_REPRESENTATION('',(#11,#2633,#2637),#2641);
#2633 = AXIS2_PLACEMENT_3D('',#2634,#2635,#2636);
#2634 = CARTESIAN_POINT('',(0.,0.,0.));
#2635 = DIRECTION('',(0.,0.,1.));
#2636 = DIRECTION('',(1.,0.,0.));
#2637 = AXIS2_PLACEMENT_3D('',#2638,#2639,#2640);
#2638 = CARTESIAN_POINT('',(-4.51028103754E-16,0.574523821802,0.));
#2639 = DIRECTION('',(0.,0.,-1.));
#2640 = DIRECTION('',(1.,0.,0.));
#2641 = ( GEOMETRIC_REPRESENTATION_CONTEXT(3) 
GLOBAL_UNCERTAINTY_ASSIGNED_CONTEXT((#2645)) 
GLOBAL_UNIT_ASSIGNED_CONTEXT((#2642,#2643,#2644)) REPRESENTATION_CONTEXT
('Context #1','3D Context with UNIT and UNCERTAINTY') );
#2642 = ( LENGTH_UNIT() NAMED_UNIT(*) SI_UNIT(.MILLI.,.METRE.) );
#2643 = ( NAMED_UNIT(*) PLANE_ANGLE_UNIT() SI_UNIT($,.RADIAN.) );
#2644 = ( NAMED_UNIT(*) SI_UNIT($,.STERADIAN.) SOLID_ANGLE_UNIT() );
#2645 = UNCERTAINTY_MEASURE_WITH_UNIT(LENGTH_MEASURE(1.E-07),#2642,
  'distance_accuracy_value','confusion accuracy');
#2646 = CONTEXT_DEPENDENT_SHAPE_REPRESENTATION(#2647,#2649);
#2647 = ( REPRESENTATION_RELATIONSHIP('','',#2632,#32) 
REPRESENTATION_RELATIONSHIP_WITH_TRANSFORMATION(#2648) 
SHAPE_REPRESENTATION_RELATIONSHIP() );
#2648 = ITEM_DEFINED_TRANSFORMATION('','',#11,#117);
#2649 = PRODUCT_DEFINITION_SHAPE('Placement','Placement of an item',
  #2650);
#2650 = NEXT_ASSEMBLY_USAGE_OCCURRENCE('2157','1039931_IAM_203','',#27,
  #2627,$);
#2651 = PRODUCT_RELATED_PRODUCT_CATEGORY('part',$,(#2629));
#2652 = CONTEXT_DEPENDENT_SHAPE_REPRESENTATION(#2653,#2655);
#2653 = ( REPRESENTATION_RELATIONSHIP('','',#1383,#2632) 
REPRESENTATION_RELATIONSHIP_WITH_TRANSFORMATION(#2654) 
SHAPE_REPRESENTATION_RELATIONSHIP() );
#2654 = ITEM_DEFINED_TRANSFORMATION('','',#11,#2633);
#2655 = PRODUCT_DEFINITION_SHAPE('Placement','Placement of an item',
  #2656);
#2656 = NEXT_ASSEMBLY_USAGE_OCCURRENCE('2155','1039929_IPT_203','',#2627
  ,#1378,$);
#2657 = CONTEXT_DEPENDENT_SHAPE_REPRESENTATION(#2658,#2660);
#2658 = ( REPRESENTATION_RELATIONSHIP('','',#1816,#2632) 
REPRESENTATION_RELATIONSHIP_WITH_TRANSFORMATION(#2659) 
SHAPE_REPRESENTATION_RELATIONSHIP() );
#2659 = ITEM_DEFINED_TRANSFORMATION('','',#11,#2637);
#2660 = PRODUCT_DEFINITION_SHAPE('Placement','Placement of an item',
  #2661);
#2661 = NEXT_ASSEMBLY_USAGE_OCCURRENCE('2156','1039930_IPT_203','',#2627
  ,#1811,$);
#2662 = CONTEXT_DEPENDENT_SHAPE_REPRESENTATION(#2663,#2665);
#2663 = ( REPRESENTATION_RELATIONSHIP('','',#331,#32) 
REPRESENTATION_RELATIONSHIP_WITH_TRANSFORMATION(#2664) 
SHAPE_REPRESENTATION_RELATIONSHIP() );
#2664 = ITEM_DEFINED_TRANSFORMATION('','',#11,#121);
#2665 = PRODUCT_DEFINITION_SHAPE('Placement','Placement of an item',
  #2666);
#2666 = NEXT_ASSEMBLY_USAGE_OCCURRENCE('2158','F1000S1120M007B204','',
  #27,#326,$);
#2667 = SHAPE_DEFINITION_REPRESENTATION(#2668,#2674);
#2668 = PRODUCT_DEFINITION_SHAPE('','',#2669);
#2669 = PRODUCT_DEFINITION('design','',#2670,#2673);
#2670 = PRODUCT_DEFINITION_FORMATION('','',#2671);
#2671 = PRODUCT('1039931_IAM_204','1039931_IAM_204','',(#2672));
#2672 = PRODUCT_CONTEXT('',#2,'mechanical');
#2673 = PRODUCT_DEFINITION_CONTEXT('part definition',#2,'design');
#2674 = SHAPE_REPRESENTATION('',(#11,#2675,#2679),#2683);
#2675 = AXIS2_PLACEMENT_3D('',#2676,#2677,#2678);
#2676 = CARTESIAN_POINT('',(0.,0.,0.));
#2677 = DIRECTION('',(0.,0.,1.));
#2678 = DIRECTION('',(1.,0.,0.));
#2679 = AXIS2_PLACEMENT_3D('',#2680,#2681,#2682);
#2680 = CARTESIAN_POINT('',(-4.51028103754E-16,0.574523821802,0.));
#2681 = DIRECTION('',(0.,0.,-1.));
#2682 = DIRECTION('',(1.,0.,0.));
#2683 = ( GEOMETRIC_REPRESENTATION_CONTEXT(3) 
GLOBAL_UNCERTAINTY_ASSIGNED_CONTEXT((#2687)) 
GLOBAL_UNIT_ASSIGNED_CONTEXT((#2684,#2685,#2686)) REPRESENTATION_CONTEXT
('Context #1','3D Context with UNIT and UNCERTAINTY') );
#2684 = ( LENGTH_UNIT() NAMED_UNIT(*) SI_UNIT(.MILLI.,.METRE.) );
#2685 = ( NAMED_UNIT(*) PLANE_ANGLE_UNIT() SI_UNIT($,.RADIAN.) );
#2686 = ( NAMED_UNIT(*) SI_UNIT($,.STERADIAN.) SOLID_ANGLE_UNIT() );
#2687 = UNCERTAINTY_MEASURE_WITH_UNIT(LENGTH_MEASURE(1.E-07),#2684,
  'distance_accuracy_value','confusion accuracy');
#2688 = CONTEXT_DEPENDENT_SHAPE_REPRESENTATION(#2689,#2691);
#2689 = ( REPRESENTATION_RELATIONSHIP('','',#2674,#32) 
REPRESENTATION_RELATIONSHIP_WITH_TRANSFORMATION(#2690) 
SHAPE_REPRESENTATION_RELATIONSHIP() );
#2690 = ITEM_DEFINED_TRANSFORMATION('','',#11,#125);
#2691 = PRODUCT_DEFINITION_SHAPE('Placement','Placement of an item',
  #2692);
#2692 = NEXT_ASSEMBLY_USAGE_OCCURRENCE('2161','1039931_IAM_204','',#27,
  #2669,$);
#2693 = PRODUCT_RELATED_PRODUCT_CATEGORY('part',$,(#2671));
#2694 = CONTEXT_DEPENDENT_SHAPE_REPRESENTATION(#2695,#2697);
#2695 = ( REPRESENTATION_RELATIONSHIP('','',#1383,#2674) 
REPRESENTATION_RELATIONSHIP_WITH_TRANSFORMATION(#2696) 
SHAPE_REPRESENTATION_RELATIONSHIP() );
#2696 = ITEM_DEFINED_TRANSFORMATION('','',#11,#2675);
#2697 = PRODUCT_DEFINITION_SHAPE('Placement','Placement of an item',
  #2698);
#2698 = NEXT_ASSEMBLY_USAGE_OCCURRENCE('2159','1039929_IPT_204','',#2669
  ,#1378,$);
#2699 = CONTEXT_DEPENDENT_SHAPE_REPRESENTATION(#2700,#2702);
#2700 = ( REPRESENTATION_RELATIONSHIP('','',#1816,#2674) 
REPRESENTATION_RELATIONSHIP_WITH_TRANSFORMATION(#2701) 
SHAPE_REPRESENTATION_RELATIONSHIP() );
#2701 = ITEM_DEFINED_TRANSFORMATION('','',#11,#2679);
#2702 = PRODUCT_DEFINITION_SHAPE('Placement','Placement of an item',
  #2703);
#2703 = NEXT_ASSEMBLY_USAGE_OCCURRENCE('2160','1039930_IPT_204','',#2669
  ,#1811,$);
#2704 = CONTEXT_DEPENDENT_SHAPE_REPRESENTATION(#2705,#2707);
#2705 = ( REPRESENTATION_RELATIONSHIP('','',#331,#32) 
REPRESENTATION_RELATIONSHIP_WITH_TRANSFORMATION(#2706) 
SHAPE_REPRESENTATION_RELATIONSHIP() );
#2706 = ITEM_DEFINED_TRANSFORMATION('','',#11,#129);
#2707 = PRODUCT_DEFINITION_SHAPE('Placement','Placement of an item',
  #2708);
#2708 = NEXT_ASSEMBLY_USAGE_OCCURRENCE('2162','F1000S1120M007B205','',
  #27,#326,$);
#2709 = SHAPE_DEFINITION_REPRESENTATION(#2710,#2716);
#2710 = PRODUCT_DEFINITION_SHAPE('','',#2711);
#2711 = PRODUCT_DEFINITION('design','',#2712,#2715);
#2712 = PRODUCT_DEFINITION_FORMATION('','',#2713);
#2713 = PRODUCT('1039931_IAM_205','1039931_IAM_205','',(#2714));
#2714 = PRODUCT_CONTEXT('',#2,'mechanical');
#2715 = PRODUCT_DEFINITION_CONTEXT('part definition',#2,'design');
#2716 = SHAPE_REPRESENTATION('',(#11,#2717,#2721),#2725);
#2717 = AXIS2_PLACEMENT_3D('',#2718,#2719,#2720);
#2718 = CARTESIAN_POINT('',(0.,0.,0.));
#2719 = DIRECTION('',(0.,0.,1.));
#2720 = DIRECTION('',(1.,0.,0.));
#2721 = AXIS2_PLACEMENT_3D('',#2722,#2723,#2724);
#2722 = CARTESIAN_POINT('',(-4.51028103754E-16,0.574523821802,0.));
#2723 = DIRECTION('',(0.,0.,-1.));
#2724 = DIRECTION('',(1.,0.,0.));
#2725 = ( GEOMETRIC_REPRESENTATION_CONTEXT(3) 
GLOBAL_UNCERTAINTY_ASSIGNED_CONTEXT((#2729)) 
GLOBAL_UNIT_ASSIGNED_CONTEXT((#2726,#2727,#2728)) REPRESENTATION_CONTEXT
('Context #1','3D Context with UNIT and UNCERTAINTY') );
#2726 = ( LENGTH_UNIT() NAMED_UNIT(*) SI_UNIT(.MILLI.,.METRE.) );
#2727 = ( NAMED_UNIT(*) PLANE_ANGLE_UNIT() SI_UNIT($,.RADIAN.) );
#2728 = ( NAMED_UNIT(*) SI_UNIT($,.STERADIAN.) SOLID_ANGLE_UNIT() );
#2729 = UNCERTAINTY_MEASURE_WITH_UNIT(LENGTH_MEASURE(1.E-07),#2726,
  'distance_accuracy_value','confusion accuracy');
#2730 = CONTEXT_DEPENDENT_SHAPE_REPRESENTATION(#2731,#2733);
#2731 = ( REPRESENTATION_RELATIONSHIP('','',#2716,#32) 
REPRESENTATION_RELATIONSHIP_WITH_TRANSFORMATION(#2732) 
SHAPE_REPRESENTATION_RELATIONSHIP() );
#2732 = ITEM_DEFINED_TRANSFORMATION('','',#11,#133);
#2733 = PRODUCT_DEFINITION_SHAPE('Placement','Placement of an item',
  #2734);
#2734 = NEXT_ASSEMBLY_USAGE_OCCURRENCE('2165','1039931_IAM_205','',#27,
  #2711,$);
#2735 = PRODUCT_RELATED_PRODUCT_CATEGORY('part',$,(#2713));
#2736 = CONTEXT_DEPENDENT_SHAPE_REPRESENTATION(#2737,#2739);
#2737 = ( REPRESENTATION_RELATIONSHIP('','',#1383,#2716) 
REPRESENTATION_RELATIONSHIP_WITH_TRANSFORMATION(#2738) 
SHAPE_REPRESENTATION_RELATIONSHIP() );
#2738 = ITEM_DEFINED_TRANSFORMATION('','',#11,#2717);
#2739 = PRODUCT_DEFINITION_SHAPE('Placement','Placement of an item',
  #2740);
#2740 = NEXT_ASSEMBLY_USAGE_OCCURRENCE('2163','1039929_IPT_205','',#2711
  ,#1378,$);
#2741 = CONTEXT_DEPENDENT_SHAPE_REPRESENTATION(#2742,#2744);
#2742 = ( REPRESENTATION_RELATIONSHIP('','',#1816,#2716) 
REPRESENTATION_RELATIONSHIP_WITH_TRANSFORMATION(#2743) 
SHAPE_REPRESENTATION_RELATIONSHIP() );
#2743 = ITEM_DEFINED_TRANSFORMATION('','',#11,#2721);
#2744 = PRODUCT_DEFINITION_SHAPE('Placement','Placement of an item',
  #2745);
#2745 = NEXT_ASSEMBLY_USAGE_OCCURRENCE('2164','1039930_IPT_205','',#2711
  ,#1811,$);
#2746 = CONTEXT_DEPENDENT_SHAPE_REPRESENTATION(#2747,#2749);
#2747 = ( REPRESENTATION_RELATIONSHIP('','',#331,#32) 
REPRESENTATION_RELATIONSHIP_WITH_TRANSFORMATION(#2748) 
SHAPE_REPRESENTATION_RELATIONSHIP() );
#2748 = ITEM_DEFINED_TRANSFORMATION('','',#11,#137);
#2749 = PRODUCT_DEFINITION_SHAPE('Placement','Placement of an item',
  #2750);
#2750 = NEXT_ASSEMBLY_USAGE_OCCURRENCE('2166','F1000S1120M007B206','',
  #27,#326,$);
#2751 = SHAPE_DEFINITION_REPRESENTATION(#2752,#2758);
#2752 = PRODUCT_DEFINITION_SHAPE('','',#2753);
#2753 = PRODUCT_DEFINITION('design','',#2754,#2757);
#2754 = PRODUCT_DEFINITION_FORMATION('','',#2755);
#2755 = PRODUCT('1039931_IAM_206','1039931_IAM_206','',(#2756));
#2756 = PRODUCT_CONTEXT('',#2,'mechanical');
#2757 = PRODUCT_DEFINITION_CONTEXT('part definition',#2,'design');
#2758 = SHAPE_REPRESENTATION('',(#11,#2759,#2763),#2767);
#2759 = AXIS2_PLACEMENT_3D('',#2760,#2761,#2762);
#2760 = CARTESIAN_POINT('',(0.,0.,0.));
#2761 = DIRECTION('',(0.,0.,1.));
#2762 = DIRECTION('',(1.,0.,0.));
#2763 = AXIS2_PLACEMENT_3D('',#2764,#2765,#2766);
#2764 = CARTESIAN_POINT('',(-4.51028103754E-16,0.574523821802,0.));
#2765 = DIRECTION('',(0.,0.,-1.));
#2766 = DIRECTION('',(1.,0.,0.));
#2767 = ( GEOMETRIC_REPRESENTATION_CONTEXT(3) 
GLOBAL_UNCERTAINTY_ASSIGNED_CONTEXT((#2771)) 
GLOBAL_UNIT_ASSIGNED_CONTEXT((#2768,#2769,#2770)) REPRESENTATION_CONTEXT
('Context #1','3D Context with UNIT and UNCERTAINTY') );
#2768 = ( LENGTH_UNIT() NAMED_UNIT(*) SI_UNIT(.MILLI.,.METRE.) );
#2769 = ( NAMED_UNIT(*) PLANE_ANGLE_UNIT() SI_UNIT($,.RADIAN.) );
#2770 = ( NAMED_UNIT(*) SI_UNIT($,.STERADIAN.) SOLID_ANGLE_UNIT() );
#2771 = UNCERTAINTY_MEASURE_WITH_UNIT(LENGTH_MEASURE(1.E-07),#2768,
  'distance_accuracy_value','confusion accuracy');
#2772 = CONTEXT_DEPENDENT_SHAPE_REPRESENTATION(#2773,#2775);
#2773 = ( REPRESENTATION_RELATIONSHIP('','',#2758,#32) 
REPRESENTATION_RELATIONSHIP_WITH_TRANSFORMATION(#2774) 
SHAPE_REPRESENTATION_RELATIONSHIP() );
#2774 = ITEM_DEFINED_TRANSFORMATION('','',#11,#141);
#2775 = PRODUCT_DEFINITION_SHAPE('Placement','Placement of an item',
  #2776);
#2776 = NEXT_ASSEMBLY_USAGE_OCCURRENCE('2169','1039931_IAM_206','',#27,
  #2753,$);
#2777 = PRODUCT_RELATED_PRODUCT_CATEGORY('part',$,(#2755));
#2778 = CONTEXT_DEPENDENT_SHAPE_REPRESENTATION(#2779,#2781);
#2779 = ( REPRESENTATION_RELATIONSHIP('','',#1383,#2758) 
REPRESENTATION_RELATIONSHIP_WITH_TRANSFORMATION(#2780) 
SHAPE_REPRESENTATION_RELATIONSHIP() );
#2780 = ITEM_DEFINED_TRANSFORMATION('','',#11,#2759);
#2781 = PRODUCT_DEFINITION_SHAPE('Placement','Placement of an item',
  #2782);
#2782 = NEXT_ASSEMBLY_USAGE_OCCURRENCE('2167','1039929_IPT_206','',#2753
  ,#1378,$);
#2783 = CONTEXT_DEPENDENT_SHAPE_REPRESENTATION(#2784,#2786);
#2784 = ( REPRESENTATION_RELATIONSHIP('','',#1816,#2758) 
REPRESENTATION_RELATIONSHIP_WITH_TRANSFORMATION(#2785) 
SHAPE_REPRESENTATION_RELATIONSHIP() );
#2785 = ITEM_DEFINED_TRANSFORMATION('','',#11,#2763);
#2786 = PRODUCT_DEFINITION_SHAPE('Placement','Placement of an item',
  #2787);
#2787 = NEXT_ASSEMBLY_USAGE_OCCURRENCE('2168','1039930_IPT_206','',#2753
  ,#1811,$);
#2788 = CONTEXT_DEPENDENT_SHAPE_REPRESENTATION(#2789,#2791);
#2789 = ( REPRESENTATION_RELATIONSHIP('','',#331,#32) 
REPRESENTATION_RELATIONSHIP_WITH_TRANSFORMATION(#2790) 
SHAPE_REPRESENTATION_RELATIONSHIP() );
#2790 = ITEM_DEFINED_TRANSFORMATION('','',#11,#145);
#2791 = PRODUCT_DEFINITION_SHAPE('Placement','Placement of an item',
  #2792);
#2792 = NEXT_ASSEMBLY_USAGE_OCCURRENCE('2170','F1000S1120M007B207','',
  #27,#326,$);
#2793 = SHAPE_DEFINITION_REPRESENTATION(#2794,#2800);
#2794 = PRODUCT_DEFINITION_SHAPE('','',#2795);
#2795 = PRODUCT_DEFINITION('design','',#2796,#2799);
#2796 = PRODUCT_DEFINITION_FORMATION('','',#2797);
#2797 = PRODUCT('1039931_IAM_207','1039931_IAM_207','',(#2798));
#2798 = PRODUCT_CONTEXT('',#2,'mechanical');
#2799 = PRODUCT_DEFINITION_CONTEXT('part definition',#2,'design');
#2800 = SHAPE_REPRESENTATION('',(#11,#2801,#2805),#2809);
#2801 = AXIS2_PLACEMENT_3D('',#2802,#2803,#2804);
#2802 = CARTESIAN_POINT('',(0.,0.,0.));
#2803 = DIRECTION('',(0.,0.,1.));
#2804 = DIRECTION('',(1.,0.,0.));
#2805 = AXIS2_PLACEMENT_3D('',#2806,#2807,#2808);
#2806 = CARTESIAN_POINT('',(-4.51028103754E-16,0.574523821802,0.));
#2807 = DIRECTION('',(0.,0.,-1.));
#2808 = DIRECTION('',(1.,0.,0.));
#2809 = ( GEOMETRIC_REPRESENTATION_CONTEXT(3) 
GLOBAL_UNCERTAINTY_ASSIGNED_CONTEXT((#2813)) 
GLOBAL_UNIT_ASSIGNED_CONTEXT((#2810,#2811,#2812)) REPRESENTATION_CONTEXT
('Context #1','3D Context with UNIT and UNCERTAINTY') );
#2810 = ( LENGTH_UNIT() NAMED_UNIT(*) SI_UNIT(.MILLI.,.METRE.) );
#2811 = ( NAMED_UNIT(*) PLANE_ANGLE_UNIT() SI_UNIT($,.RADIAN.) );
#2812 = ( NAMED_UNIT(*) SI_UNIT($,.STERADIAN.) SOLID_ANGLE_UNIT() );
#2813 = UNCERTAINTY_MEASURE_WITH_UNIT(LENGTH_MEASURE(1.E-07),#2810,
  'distance_accuracy_value','confusion accuracy');
#2814 = CONTEXT_DEPENDENT_SHAPE_REPRESENTATION(#2815,#2817);
#2815 = ( REPRESENTATION_RELATIONSHIP('','',#2800,#32) 
REPRESENTATION_RELATIONSHIP_WITH_TRANSFORMATION(#2816) 
SHAPE_REPRESENTATION_RELATIONSHIP() );
#2816 = ITEM_DEFINED_TRANSFORMATION('','',#11,#149);
#2817 = PRODUCT_DEFINITION_SHAPE('Placement','Placement of an item',
  #2818);
#2818 = NEXT_ASSEMBLY_USAGE_OCCURRENCE('2173','1039931_IAM_207','',#27,
  #2795,$);
#2819 = PRODUCT_RELATED_PRODUCT_CATEGORY('part',$,(#2797));
#2820 = CONTEXT_DEPENDENT_SHAPE_REPRESENTATION(#2821,#2823);
#2821 = ( REPRESENTATION_RELATIONSHIP('','',#1383,#2800) 
REPRESENTATION_RELATIONSHIP_WITH_TRANSFORMATION(#2822) 
SHAPE_REPRESENTATION_RELATIONSHIP() );
#2822 = ITEM_DEFINED_TRANSFORMATION('','',#11,#2801);
#2823 = PRODUCT_DEFINITION_SHAPE('Placement','Placement of an item',
  #2824);
#2824 = NEXT_ASSEMBLY_USAGE_OCCURRENCE('2171','1039929_IPT_207','',#2795
  ,#1378,$);
#2825 = CONTEXT_DEPENDENT_SHAPE_REPRESENTATION(#2826,#2828);
#2826 = ( REPRESENTATION_RELATIONSHIP('','',#1816,#2800) 
REPRESENTATION_RELATIONSHIP_WITH_TRANSFORMATION(#2827) 
SHAPE_REPRESENTATION_RELATIONSHIP() );
#2827 = ITEM_DEFINED_TRANSFORMATION('','',#11,#2805);
#2828 = PRODUCT_DEFINITION_SHAPE('Placement','Placement of an item',
  #2829);
#2829 = NEXT_ASSEMBLY_USAGE_OCCURRENCE('2172','1039930_IPT_207','',#2795
  ,#1811,$);
#2830 = CONTEXT_DEPENDENT_SHAPE_REPRESENTATION(#2831,#2833);
#2831 = ( REPRESENTATION_RELATIONSHIP('','',#331,#32) 
REPRESENTATION_RELATIONSHIP_WITH_TRANSFORMATION(#2832) 
SHAPE_REPRESENTATION_RELATIONSHIP() );
#2832 = ITEM_DEFINED_TRANSFORMATION('','',#11,#153);
#2833 = PRODUCT_DEFINITION_SHAPE('Placement','Placement of an item',
  #2834);
#2834 = NEXT_ASSEMBLY_USAGE_OCCURRENCE('2174','F1000S1120M007B208','',
  #27,#326,$);
#2835 = SHAPE_DEFINITION_REPRESENTATION(#2836,#2842);
#2836 = PRODUCT_DEFINITION_SHAPE('','',#2837);
#2837 = PRODUCT_DEFINITION('design','',#2838,#2841);
#2838 = PRODUCT_DEFINITION_FORMATION('','',#2839);
#2839 = PRODUCT('1039931_IAM_208','1039931_IAM_208','',(#2840));
#2840 = PRODUCT_CONTEXT('',#2,'mechanical');
#2841 = PRODUCT_DEFINITION_CONTEXT('part definition',#2,'design');
#2842 = SHAPE_REPRESENTATION('',(#11,#2843,#2847),#2851);
#2843 = AXIS2_PLACEMENT_3D('',#2844,#2845,#2846);
#2844 = CARTESIAN_POINT('',(0.,0.,0.));
#2845 = DIRECTION('',(0.,0.,1.));
#2846 = DIRECTION('',(1.,0.,0.));
#2847 = AXIS2_PLACEMENT_3D('',#2848,#2849,#2850);
#2848 = CARTESIAN_POINT('',(-4.51028103754E-16,0.574523821802,0.));
#2849 = DIRECTION('',(0.,0.,-1.));
#2850 = DIRECTION('',(1.,0.,0.));
#2851 = ( GEOMETRIC_REPRESENTATION_CONTEXT(3) 
GLOBAL_UNCERTAINTY_ASSIGNED_CONTEXT((#2855)) 
GLOBAL_UNIT_ASSIGNED_CONTEXT((#2852,#2853,#2854)) REPRESENTATION_CONTEXT
('Context #1','3D Context with UNIT and UNCERTAINTY') );
#2852 = ( LENGTH_UNIT() NAMED_UNIT(*) SI_UNIT(.MILLI.,.METRE.) );
#2853 = ( NAMED_UNIT(*) PLANE_ANGLE_UNIT() SI_UNIT($,.RADIAN.) );
#2854 = ( NAMED_UNIT(*) SI_UNIT($,.STERADIAN.) SOLID_ANGLE_UNIT() );
#2855 = UNCERTAINTY_MEASURE_WITH_UNIT(LENGTH_MEASURE(1.E-07),#2852,
  'distance_accuracy_value','confusion accuracy');
#2856 = CONTEXT_DEPENDENT_SHAPE_REPRESENTATION(#2857,#2859);
#2857 = ( REPRESENTATION_RELATIONSHIP('','',#2842,#32) 
REPRESENTATION_RELATIONSHIP_WITH_TRANSFORMATION(#2858) 
SHAPE_REPRESENTATION_RELATIONSHIP() );
#2858 = ITEM_DEFINED_TRANSFORMATION('','',#11,#157);
#2859 = PRODUCT_DEFINITION_SHAPE('Placement','Placement of an item',
  #2860);
#2860 = NEXT_ASSEMBLY_USAGE_OCCURRENCE('2177','1039931_IAM_208','',#27,
  #2837,$);
#2861 = PRODUCT_RELATED_PRODUCT_CATEGORY('part',$,(#2839));
#2862 = CONTEXT_DEPENDENT_SHAPE_REPRESENTATION(#2863,#2865);
#2863 = ( REPRESENTATION_RELATIONSHIP('','',#1383,#2842) 
REPRESENTATION_RELATIONSHIP_WITH_TRANSFORMATION(#2864) 
SHAPE_REPRESENTATION_RELATIONSHIP() );
#2864 = ITEM_DEFINED_TRANSFORMATION('','',#11,#2843);
#2865 = PRODUCT_DEFINITION_SHAPE('Placement','Placement of an item',
  #2866);
#2866 = NEXT_ASSEMBLY_USAGE_OCCURRENCE('2175','1039929_IPT_208','',#2837
  ,#1378,$);
#2867 = CONTEXT_DEPENDENT_SHAPE_REPRESENTATION(#2868,#2870);
#2868 = ( REPRESENTATION_RELATIONSHIP('','',#1816,#2842) 
REPRESENTATION_RELATIONSHIP_WITH_TRANSFORMATION(#2869) 
SHAPE_REPRESENTATION_RELATIONSHIP() );
#2869 = ITEM_DEFINED_TRANSFORMATION('','',#11,#2847);
#2870 = PRODUCT_DEFINITION_SHAPE('Placement','Placement of an item',
  #2871);
#2871 = NEXT_ASSEMBLY_USAGE_OCCURRENCE('2176','1039930_IPT_208','',#2837
  ,#1811,$);
#2872 = CONTEXT_DEPENDENT_SHAPE_REPRESENTATION(#2873,#2875);
#2873 = ( REPRESENTATION_RELATIONSHIP('','',#331,#32) 
REPRESENTATION_RELATIONSHIP_WITH_TRANSFORMATION(#2874) 
SHAPE_REPRESENTATION_RELATIONSHIP() );
#2874 = ITEM_DEFINED_TRANSFORMATION('','',#11,#161);
#2875 = PRODUCT_DEFINITION_SHAPE('Placement','Placement of an item',
  #2876);
#2876 = NEXT_ASSEMBLY_USAGE_OCCURRENCE('2178','F1000S1120M007B209','',
  #27,#326,$);
#2877 = SHAPE_DEFINITION_REPRESENTATION(#2878,#2884);
#2878 = PRODUCT_DEFINITION_SHAPE('','',#2879);
#2879 = PRODUCT_DEFINITION('design','',#2880,#2883);
#2880 = PRODUCT_DEFINITION_FORMATION('','',#2881);
#2881 = PRODUCT('1039931_IAM_209','1039931_IAM_209','',(#2882));
#2882 = PRODUCT_CONTEXT('',#2,'mechanical');
#2883 = PRODUCT_DEFINITION_CONTEXT('part definition',#2,'design');
#2884 = SHAPE_REPRESENTATION('',(#11,#2885,#2889),#2893);
#2885 = AXIS2_PLACEMENT_3D('',#2886,#2887,#2888);
#2886 = CARTESIAN_POINT('',(0.,0.,0.));
#2887 = DIRECTION('',(0.,0.,1.));
#2888 = DIRECTION('',(1.,0.,0.));
#2889 = AXIS2_PLACEMENT_3D('',#2890,#2891,#2892);
#2890 = CARTESIAN_POINT('',(-4.51028103754E-16,0.574523821802,0.));
#2891 = DIRECTION('',(0.,0.,-1.));
#2892 = DIRECTION('',(1.,0.,0.));
#2893 = ( GEOMETRIC_REPRESENTATION_CONTEXT(3) 
GLOBAL_UNCERTAINTY_ASSIGNED_CONTEXT((#2897)) 
GLOBAL_UNIT_ASSIGNED_CONTEXT((#2894,#2895,#2896)) REPRESENTATION_CONTEXT
('Context #1','3D Context with UNIT and UNCERTAINTY') );
#2894 = ( LENGTH_UNIT() NAMED_UNIT(*) SI_UNIT(.MILLI.,.METRE.) );
#2895 = ( NAMED_UNIT(*) PLANE_ANGLE_UNIT() SI_UNIT($,.RADIAN.) );
#2896 = ( NAMED_UNIT(*) SI_UNIT($,.STERADIAN.) SOLID_ANGLE_UNIT() );
#2897 = UNCERTAINTY_MEASURE_WITH_UNIT(LENGTH_MEASURE(1.E-07),#2894,
  'distance_accuracy_value','confusion accuracy');
#2898 = CONTEXT_DEPENDENT_SHAPE_REPRESENTATION(#2899,#2901);
#2899 = ( REPRESENTATION_RELATIONSHIP('','',#2884,#32) 
REPRESENTATION_RELATIONSHIP_WITH_TRANSFORMATION(#2900) 
SHAPE_REPRESENTATION_RELATIONSHIP() );
#2900 = ITEM_DEFINED_TRANSFORMATION('','',#11,#165);
#2901 = PRODUCT_DEFINITION_SHAPE('Placement','Placement of an item',
  #2902);
#2902 = NEXT_ASSEMBLY_USAGE_OCCURRENCE('2181','1039931_IAM_209','',#27,
  #2879,$);
#2903 = PRODUCT_RELATED_PRODUCT_CATEGORY('part',$,(#2881));
#2904 = CONTEXT_DEPENDENT_SHAPE_REPRESENTATION(#2905,#2907);
#2905 = ( REPRESENTATION_RELATIONSHIP('','',#1383,#2884) 
REPRESENTATION_RELATIONSHIP_WITH_TRANSFORMATION(#2906) 
SHAPE_REPRESENTATION_RELATIONSHIP() );
#2906 = ITEM_DEFINED_TRANSFORMATION('','',#11,#2885);
#2907 = PRODUCT_DEFINITION_SHAPE('Placement','Placement of an item',
  #2908);
#2908 = NEXT_ASSEMBLY_USAGE_OCCURRENCE('2179','1039929_IPT_209','',#2879
  ,#1378,$);
#2909 = CONTEXT_DEPENDENT_SHAPE_REPRESENTATION(#2910,#2912);
#2910 = ( REPRESENTATION_RELATIONSHIP('','',#1816,#2884) 
REPRESENTATION_RELATIONSHIP_WITH_TRANSFORMATION(#2911) 
SHAPE_REPRESENTATION_RELATIONSHIP() );
#2911 = ITEM_DEFINED_TRANSFORMATION('','',#11,#2889);
#2912 = PRODUCT_DEFINITION_SHAPE('Placement','Placement of an item',
  #2913);
#2913 = NEXT_ASSEMBLY_USAGE_OCCURRENCE('2180','1039930_IPT_209','',#2879
  ,#1811,$);
#2914 = CONTEXT_DEPENDENT_SHAPE_REPRESENTATION(#2915,#2917);
#2915 = ( REPRESENTATION_RELATIONSHIP('','',#331,#32) 
REPRESENTATION_RELATIONSHIP_WITH_TRANSFORMATION(#2916) 
SHAPE_REPRESENTATION_RELATIONSHIP() );
#2916 = ITEM_DEFINED_TRANSFORMATION('','',#11,#169);
#2917 = PRODUCT_DEFINITION_SHAPE('Placement','Placement of an item',
  #2918);
#2918 = NEXT_ASSEMBLY_USAGE_OCCURRENCE('2182','F1000S1120M007B210','',
  #27,#326,$);
#2919 = SHAPE_DEFINITION_REPRESENTATION(#2920,#2926);
#2920 = PRODUCT_DEFINITION_SHAPE('','',#2921);
#2921 = PRODUCT_DEFINITION('design','',#2922,#2925);
#2922 = PRODUCT_DEFINITION_FORMATION('','',#2923);
#2923 = PRODUCT('1039931_IAM_210','1039931_IAM_210','',(#2924));
#2924 = PRODUCT_CONTEXT('',#2,'mechanical');
#2925 = PRODUCT_DEFINITION_CONTEXT('part definition',#2,'design');
#2926 = SHAPE_REPRESENTATION('',(#11,#2927,#2931),#2935);
#2927 = AXIS2_PLACEMENT_3D('',#2928,#2929,#2930);
#2928 = CARTESIAN_POINT('',(0.,0.,0.));
#2929 = DIRECTION('',(0.,0.,1.));
#2930 = DIRECTION('',(1.,0.,0.));
#2931 = AXIS2_PLACEMENT_3D('',#2932,#2933,#2934);
#2932 = CARTESIAN_POINT('',(-4.51028103754E-16,0.574523821802,0.));
#2933 = DIRECTION('',(0.,0.,-1.));
#2934 = DIRECTION('',(1.,0.,0.));
#2935 = ( GEOMETRIC_REPRESENTATION_CONTEXT(3) 
GLOBAL_UNCERTAINTY_ASSIGNED_CONTEXT((#2939)) 
GLOBAL_UNIT_ASSIGNED_CONTEXT((#2936,#2937,#2938)) REPRESENTATION_CONTEXT
('Context #1','3D Context with UNIT and UNCERTAINTY') );
#2936 = ( LENGTH_UNIT() NAMED_UNIT(*) SI_UNIT(.MILLI.,.METRE.) );
#2937 = ( NAMED_UNIT(*) PLANE_ANGLE_UNIT() SI_UNIT($,.RADIAN.) );
#2938 = ( NAMED_UNIT(*) SI_UNIT($,.STERADIAN.) SOLID_ANGLE_UNIT() );
#2939 = UNCERTAINTY_MEASURE_WITH_UNIT(LENGTH_MEASURE(1.E-07),#2936,
  'distance_accuracy_value','confusion accuracy');
#2940 = CONTEXT_DEPENDENT_SHAPE_REPRESENTATION(#2941,#2943);
#2941 = ( REPRESENTATION_RELATIONSHIP('','',#2926,#32) 
REPRESENTATION_RELATIONSHIP_WITH_TRANSFORMATION(#2942) 
SHAPE_REPRESENTATION_RELATIONSHIP() );
#2942 = ITEM_DEFINED_TRANSFORMATION('','',#11,#173);
#2943 = PRODUCT_DEFINITION_SHAPE('Placement','Placement of an item',
  #2944);
#2944 = NEXT_ASSEMBLY_USAGE_OCCURRENCE('2185','1039931_IAM_210','',#27,
  #2921,$);
#2945 = PRODUCT_RELATED_PRODUCT_CATEGORY('part',$,(#2923));
#2946 = CONTEXT_DEPENDENT_SHAPE_REPRESENTATION(#2947,#2949);
#2947 = ( REPRESENTATION_RELATIONSHIP('','',#1383,#2926) 
REPRESENTATION_RELATIONSHIP_WITH_TRANSFORMATION(#2948) 
SHAPE_REPRESENTATION_RELATIONSHIP() );
#2948 = ITEM_DEFINED_TRANSFORMATION('','',#11,#2927);
#2949 = PRODUCT_DEFINITION_SHAPE('Placement','Placement of an item',
  #2950);
#2950 = NEXT_ASSEMBLY_USAGE_OCCURRENCE('2183','1039929_IPT_210','',#2921
  ,#1378,$);
#2951 = CONTEXT_DEPENDENT_SHAPE_REPRESENTATION(#2952,#2954);
#2952 = ( REPRESENTATION_RELATIONSHIP('','',#1816,#2926) 
REPRESENTATION_RELATIONSHIP_WITH_TRANSFORMATION(#2953) 
SHAPE_REPRESENTATION_RELATIONSHIP() );
#2953 = ITEM_DEFINED_TRANSFORMATION('','',#11,#2931);
#2954 = PRODUCT_DEFINITION_SHAPE('Placement','Placement of an item',
  #2955);
#2955 = NEXT_ASSEMBLY_USAGE_OCCURRENCE('2184','1039930_IPT_210','',#2921
  ,#1811,$);
#2956 = CONTEXT_DEPENDENT_SHAPE_REPRESENTATION(#2957,#2959);
#2957 = ( REPRESENTATION_RELATIONSHIP('','',#331,#32) 
REPRESENTATION_RELATIONSHIP_WITH_TRANSFORMATION(#2958) 
SHAPE_REPRESENTATION_RELATIONSHIP() );
#2958 = ITEM_DEFINED_TRANSFORMATION('','',#11,#177);
#2959 = PRODUCT_DEFINITION_SHAPE('Placement','Placement of an item',
  #2960);
#2960 = NEXT_ASSEMBLY_USAGE_OCCURRENCE('2186','F1000S1120M007B211','',
  #27,#326,$);
#2961 = SHAPE_DEFINITION_REPRESENTATION(#2962,#2968);
#2962 = PRODUCT_DEFINITION_SHAPE('','',#2963);
#2963 = PRODUCT_DEFINITION('design','',#2964,#2967);
#2964 = PRODUCT_DEFINITION_FORMATION('','',#2965);
#2965 = PRODUCT('1039931_IAM_211','1039931_IAM_211','',(#2966));
#2966 = PRODUCT_CONTEXT('',#2,'mechanical');
#2967 = PRODUCT_DEFINITION_CONTEXT('part definition',#2,'design');
#2968 = SHAPE_REPRESENTATION('',(#11,#2969,#2973),#2977);
#2969 = AXIS2_PLACEMENT_3D('',#2970,#2971,#2972);
#2970 = CARTESIAN_POINT('',(0.,0.,0.));
#2971 = DIRECTION('',(0.,0.,1.));
#2972 = DIRECTION('',(1.,0.,0.));
#2973 = AXIS2_PLACEMENT_3D('',#2974,#2975,#2976);
#2974 = CARTESIAN_POINT('',(-4.51028103754E-16,0.574523821802,0.));
#2975 = DIRECTION('',(0.,0.,-1.));
#2976 = DIRECTION('',(1.,0.,0.));
#2977 = ( GEOMETRIC_REPRESENTATION_CONTEXT(3) 
GLOBAL_UNCERTAINTY_ASSIGNED_CONTEXT((#2981)) 
GLOBAL_UNIT_ASSIGNED_CONTEXT((#2978,#2979,#2980)) REPRESENTATION_CONTEXT
('Context #1','3D Context with UNIT and UNCERTAINTY') );
#2978 = ( LENGTH_UNIT() NAMED_UNIT(*) SI_UNIT(.MILLI.,.METRE.) );
#2979 = ( NAMED_UNIT(*) PLANE_ANGLE_UNIT() SI_UNIT($,.RADIAN.) );
#2980 = ( NAMED_UNIT(*) SI_UNIT($,.STERADIAN.) SOLID_ANGLE_UNIT() );
#2981 = UNCERTAINTY_MEASURE_WITH_UNIT(LENGTH_MEASURE(1.E-07),#2978,
  'distance_accuracy_value','confusion accuracy');
#2982 = CONTEXT_DEPENDENT_SHAPE_REPRESENTATION(#2983,#2985);
#2983 = ( REPRESENTATION_RELATIONSHIP('','',#2968,#32) 
REPRESENTATION_RELATIONSHIP_WITH_TRANSFORMATION(#2984) 
SHAPE_REPRESENTATION_RELATIONSHIP() );
#2984 = ITEM_DEFINED_TRANSFORMATION('','',#11,#181);
#2985 = PRODUCT_DEFINITION_SHAPE('Placement','Placement of an item',
  #2986);
#2986 = NEXT_ASSEMBLY_USAGE_OCCURRENCE('2189','1039931_IAM_211','',#27,
  #2963,$);
#2987 = PRODUCT_RELATED_PRODUCT_CATEGORY('part',$,(#2965));
#2988 = CONTEXT_DEPENDENT_SHAPE_REPRESENTATION(#2989,#2991);
#2989 = ( REPRESENTATION_RELATIONSHIP('','',#1383,#2968) 
REPRESENTATION_RELATIONSHIP_WITH_TRANSFORMATION(#2990) 
SHAPE_REPRESENTATION_RELATIONSHIP() );
#2990 = ITEM_DEFINED_TRANSFORMATION('','',#11,#2969);
#2991 = PRODUCT_DEFINITION_SHAPE('Placement','Placement of an item',
  #2992);
#2992 = NEXT_ASSEMBLY_USAGE_OCCURRENCE('2187','1039929_IPT_211','',#2963
  ,#1378,$);
#2993 = CONTEXT_DEPENDENT_SHAPE_REPRESENTATION(#2994,#2996);
#2994 = ( REPRESENTATION_RELATIONSHIP('','',#1816,#2968) 
REPRESENTATION_RELATIONSHIP_WITH_TRANSFORMATION(#2995) 
SHAPE_REPRESENTATION_RELATIONSHIP() );
#2995 = ITEM_DEFINED_TRANSFORMATION('','',#11,#2973);
#2996 = PRODUCT_DEFINITION_SHAPE('Placement','Placement of an item',
  #2997);
#2997 = NEXT_ASSEMBLY_USAGE_OCCURRENCE('2188','1039930_IPT_211','',#2963
  ,#1811,$);
#2998 = CONTEXT_DEPENDENT_SHAPE_REPRESENTATION(#2999,#3001);
#2999 = ( REPRESENTATION_RELATIONSHIP('','',#331,#32) 
REPRESENTATION_RELATIONSHIP_WITH_TRANSFORMATION(#3000) 
SHAPE_REPRESENTATION_RELATIONSHIP() );
#3000 = ITEM_DEFINED_TRANSFORMATION('','',#11,#185);
#3001 = PRODUCT_DEFINITION_SHAPE('Placement','Placement of an item',
  #3002);
#3002 = NEXT_ASSEMBLY_USAGE_OCCURRENCE('2190','F1000S1120M007B212','',
  #27,#326,$);
#3003 = SHAPE_DEFINITION_REPRESENTATION(#3004,#3010);
#3004 = PRODUCT_DEFINITION_SHAPE('','',#3005);
#3005 = PRODUCT_DEFINITION('design','',#3006,#3009);
#3006 = PRODUCT_DEFINITION_FORMATION('','',#3007);
#3007 = PRODUCT('1039931_IAM_212','1039931_IAM_212','',(#3008));
#3008 = PRODUCT_CONTEXT('',#2,'mechanical');
#3009 = PRODUCT_DEFINITION_CONTEXT('part definition',#2,'design');
#3010 = SHAPE_REPRESENTATION('',(#11,#3011,#3015),#3019);
#3011 = AXIS2_PLACEMENT_3D('',#3012,#3013,#3014);
#3012 = CARTESIAN_POINT('',(0.,0.,0.));
#3013 = DIRECTION('',(0.,0.,1.));
#3014 = DIRECTION('',(1.,0.,0.));
#3015 = AXIS2_PLACEMENT_3D('',#3016,#3017,#3018);
#3016 = CARTESIAN_POINT('',(-4.51028103754E-16,0.574523821802,0.));
#3017 = DIRECTION('',(0.,0.,-1.));
#3018 = DIRECTION('',(1.,0.,0.));
#3019 = ( GEOMETRIC_REPRESENTATION_CONTEXT(3) 
GLOBAL_UNCERTAINTY_ASSIGNED_CONTEXT((#3023)) 
GLOBAL_UNIT_ASSIGNED_CONTEXT((#3020,#3021,#3022)) REPRESENTATION_CONTEXT
('Context #1','3D Context with UNIT and UNCERTAINTY') );
#3020 = ( LENGTH_UNIT() NAMED_UNIT(*) SI_UNIT(.MILLI.,.METRE.) );
#3021 = ( NAMED_UNIT(*) PLANE_ANGLE_UNIT() SI_UNIT($,.RADIAN.) );
#3022 = ( NAMED_UNIT(*) SI_UNIT($,.STERADIAN.) SOLID_ANGLE_UNIT() );
#3023 = UNCERTAINTY_MEASURE_WITH_UNIT(LENGTH_MEASURE(1.E-07),#3020,
  'distance_accuracy_value','confusion accuracy');
#3024 = CONTEXT_DEPENDENT_SHAPE_REPRESENTATION(#3025,#3027);
#3025 = ( REPRESENTATION_RELATIONSHIP('','',#3010,#32) 
REPRESENTATION_RELATIONSHIP_WITH_TRANSFORMATION(#3026) 
SHAPE_REPRESENTATION_RELATIONSHIP() );
#3026 = ITEM_DEFINED_TRANSFORMATION('','',#11,#189);
#3027 = PRODUCT_DEFINITION_SHAPE('Placement','Placement of an item',
  #3028);
#3028 = NEXT_ASSEMBLY_USAGE_OCCURRENCE('2193','1039931_IAM_212','',#27,
  #3005,$);
#3029 = PRODUCT_RELATED_PRODUCT_CATEGORY('part',$,(#3007));
#3030 = CONTEXT_DEPENDENT_SHAPE_REPRESENTATION(#3031,#3033);
#3031 = ( REPRESENTATION_RELATIONSHIP('','',#1383,#3010) 
REPRESENTATION_RELATIONSHIP_WITH_TRANSFORMATION(#3032) 
SHAPE_REPRESENTATION_RELATIONSHIP() );
#3032 = ITEM_DEFINED_TRANSFORMATION('','',#11,#3011);
#3033 = PRODUCT_DEFINITION_SHAPE('Placement','Placement of an item',
  #3034);
#3034 = NEXT_ASSEMBLY_USAGE_OCCURRENCE('2191','1039929_IPT_212','',#3005
  ,#1378,$);
#3035 = CONTEXT_DEPENDENT_SHAPE_REPRESENTATION(#3036,#3038);
#3036 = ( REPRESENTATION_RELATIONSHIP('','',#1816,#3010) 
REPRESENTATION_RELATIONSHIP_WITH_TRANSFORMATION(#3037) 
SHAPE_REPRESENTATION_RELATIONSHIP() );
#3037 = ITEM_DEFINED_TRANSFORMATION('','',#11,#3015);
#3038 = PRODUCT_DEFINITION_SHAPE('Placement','Placement of an item',
  #3039);
#3039 = NEXT_ASSEMBLY_USAGE_OCCURRENCE('2192','1039930_IPT_212','',#3005
  ,#1811,$);
#3040 = CONTEXT_DEPENDENT_SHAPE_REPRESENTATION(#3041,#3043);
#3041 = ( REPRESENTATION_RELATIONSHIP('','',#331,#32) 
REPRESENTATION_RELATIONSHIP_WITH_TRANSFORMATION(#3042) 
SHAPE_REPRESENTATION_RELATIONSHIP() );
#3042 = ITEM_DEFINED_TRANSFORMATION('','',#11,#193);
#3043 = PRODUCT_DEFINITION_SHAPE('Placement','Placement of an item',
  #3044);
#3044 = NEXT_ASSEMBLY_USAGE_OCCURRENCE('2194','F1000S1120M007B213','',
  #27,#326,$);
#3045 = SHAPE_DEFINITION_REPRESENTATION(#3046,#3052);
#3046 = PRODUCT_DEFINITION_SHAPE('','',#3047);
#3047 = PRODUCT_DEFINITION('design','',#3048,#3051);
#3048 = PRODUCT_DEFINITION_FORMATION('','',#3049);
#3049 = PRODUCT('1039931_IAM_213','1039931_IAM_213','',(#3050));
#3050 = PRODUCT_CONTEXT('',#2,'mechanical');
#3051 = PRODUCT_DEFINITION_CONTEXT('part definition',#2,'design');
#3052 = SHAPE_REPRESENTATION('',(#11,#3053,#3057),#3061);
#3053 = AXIS2_PLACEMENT_3D('',#3054,#3055,#3056);
#3054 = CARTESIAN_POINT('',(0.,0.,0.));
#3055 = DIRECTION('',(0.,0.,1.));
#3056 = DIRECTION('',(1.,0.,0.));
#3057 = AXIS2_PLACEMENT_3D('',#3058,#3059,#3060);
#3058 = CARTESIAN_POINT('',(-4.51028103754E-16,0.574523821802,0.));
#3059 = DIRECTION('',(0.,0.,-1.));
#3060 = DIRECTION('',(1.,0.,0.));
#3061 = ( GEOMETRIC_REPRESENTATION_CONTEXT(3) 
GLOBAL_UNCERTAINTY_ASSIGNED_CONTEXT((#3065)) 
GLOBAL_UNIT_ASSIGNED_CONTEXT((#3062,#3063,#3064)) REPRESENTATION_CONTEXT
('Context #1','3D Context with UNIT and UNCERTAINTY') );
#3062 = ( LENGTH_UNIT() NAMED_UNIT(*) SI_UNIT(.MILLI.,.METRE.) );
#3063 = ( NAMED_UNIT(*) PLANE_ANGLE_UNIT() SI_UNIT($,.RADIAN.) );
#3064 = ( NAMED_UNIT(*) SI_UNIT($,.STERADIAN.) SOLID_ANGLE_UNIT() );
#3065 = UNCERTAINTY_MEASURE_WITH_UNIT(LENGTH_MEASURE(1.E-07),#3062,
  'distance_accuracy_value','confusion accuracy');
#3066 = CONTEXT_DEPENDENT_SHAPE_REPRESENTATION(#3067,#3069);
#3067 = ( REPRESENTATION_RELATIONSHIP('','',#3052,#32) 
REPRESENTATION_RELATIONSHIP_WITH_TRANSFORMATION(#3068) 
SHAPE_REPRESENTATION_RELATIONSHIP() );
#3068 = ITEM_DEFINED_TRANSFORMATION('','',#11,#197);
#3069 = PRODUCT_DEFINITION_SHAPE('Placement','Placement of an item',
  #3070);
#3070 = NEXT_ASSEMBLY_USAGE_OCCURRENCE('2197','1039931_IAM_213','',#27,
  #3047,$);
#3071 = PRODUCT_RELATED_PRODUCT_CATEGORY('part',$,(#3049));
#3072 = CONTEXT_DEPENDENT_SHAPE_REPRESENTATION(#3073,#3075);
#3073 = ( REPRESENTATION_RELATIONSHIP('','',#1383,#3052) 
REPRESENTATION_RELATIONSHIP_WITH_TRANSFORMATION(#3074) 
SHAPE_REPRESENTATION_RELATIONSHIP() );
#3074 = ITEM_DEFINED_TRANSFORMATION('','',#11,#3053);
#3075 = PRODUCT_DEFINITION_SHAPE('Placement','Placement of an item',
  #3076);
#3076 = NEXT_ASSEMBLY_USAGE_OCCURRENCE('2195','1039929_IPT_213','',#3047
  ,#1378,$);
#3077 = CONTEXT_DEPENDENT_SHAPE_REPRESENTATION(#3078,#3080);
#3078 = ( REPRESENTATION_RELATIONSHIP('','',#1816,#3052) 
REPRESENTATION_RELATIONSHIP_WITH_TRANSFORMATION(#3079) 
SHAPE_REPRESENTATION_RELATIONSHIP() );
#3079 = ITEM_DEFINED_TRANSFORMATION('','',#11,#3057);
#3080 = PRODUCT_DEFINITION_SHAPE('Placement','Placement of an item',
  #3081);
#3081 = NEXT_ASSEMBLY_USAGE_OCCURRENCE('2196','1039930_IPT_213','',#3047
  ,#1811,$);
#3082 = CONTEXT_DEPENDENT_SHAPE_REPRESENTATION(#3083,#3085);
#3083 = ( REPRESENTATION_RELATIONSHIP('','',#331,#32) 
REPRESENTATION_RELATIONSHIP_WITH_TRANSFORMATION(#3084) 
SHAPE_REPRESENTATION_RELATIONSHIP() );
#3084 = ITEM_DEFINED_TRANSFORMATION('','',#11,#201);
#3085 = PRODUCT_DEFINITION_SHAPE('Placement','Placement of an item',
  #3086);
#3086 = NEXT_ASSEMBLY_USAGE_OCCURRENCE('2198','F1000S1120M007B214','',
  #27,#326,$);
#3087 = SHAPE_DEFINITION_REPRESENTATION(#3088,#3094);
#3088 = PRODUCT_DEFINITION_SHAPE('','',#3089);
#3089 = PRODUCT_DEFINITION('design','',#3090,#3093);
#3090 = PRODUCT_DEFINITION_FORMATION('','',#3091);
#3091 = PRODUCT('1039931_IAM_214','1039931_IAM_214','',(#3092));
#3092 = PRODUCT_CONTEXT('',#2,'mechanical');
#3093 = PRODUCT_DEFINITION_CONTEXT('part definition',#2,'design');
#3094 = SHAPE_REPRESENTATION('',(#11,#3095,#3099),#3103);
#3095 = AXIS2_PLACEMENT_3D('',#3096,#3097,#3098);
#3096 = CARTESIAN_POINT('',(0.,0.,0.));
#3097 = DIRECTION('',(0.,0.,1.));
#3098 = DIRECTION('',(1.,0.,0.));
#3099 = AXIS2_PLACEMENT_3D('',#3100,#3101,#3102);
#3100 = CARTESIAN_POINT('',(-4.51028103754E-16,0.574523821802,0.));
#3101 = DIRECTION('',(0.,0.,-1.));
#3102 = DIRECTION('',(1.,0.,0.));
#3103 = ( GEOMETRIC_REPRESENTATION_CONTEXT(3) 
GLOBAL_UNCERTAINTY_ASSIGNED_CONTEXT((#3107)) 
GLOBAL_UNIT_ASSIGNED_CONTEXT((#3104,#3105,#3106)) REPRESENTATION_CONTEXT
('Context #1','3D Context with UNIT and UNCERTAINTY') );
#3104 = ( LENGTH_UNIT() NAMED_UNIT(*) SI_UNIT(.MILLI.,.METRE.) );
#3105 = ( NAMED_UNIT(*) PLANE_ANGLE_UNIT() SI_UNIT($,.RADIAN.) );
#3106 = ( NAMED_UNIT(*) SI_UNIT($,.STERADIAN.) SOLID_ANGLE_UNIT() );
#3107 = UNCERTAINTY_MEASURE_WITH_UNIT(LENGTH_MEASURE(1.E-07),#3104,
  'distance_accuracy_value','confusion accuracy');
#3108 = CONTEXT_DEPENDENT_SHAPE_REPRESENTATION(#3109,#3111);
#3109 = ( REPRESENTATION_RELATIONSHIP('','',#3094,#32) 
REPRESENTATION_RELATIONSHIP_WITH_TRANSFORMATION(#3110) 
SHAPE_REPRESENTATION_RELATIONSHIP() );
#3110 = ITEM_DEFINED_TRANSFORMATION('','',#11,#205);
#3111 = PRODUCT_DEFINITION_SHAPE('Placement','Placement of an item',
  #3112);
#3112 = NEXT_ASSEMBLY_USAGE_OCCURRENCE('2201','1039931_IAM_214','',#27,
  #3089,$);
#3113 = PRODUCT_RELATED_PRODUCT_CATEGORY('part',$,(#3091));
#3114 = CONTEXT_DEPENDENT_SHAPE_REPRESENTATION(#3115,#3117);
#3115 = ( REPRESENTATION_RELATIONSHIP('','',#1383,#3094) 
REPRESENTATION_RELATIONSHIP_WITH_TRANSFORMATION(#3116) 
SHAPE_REPRESENTATION_RELATIONSHIP() );
#3116 = ITEM_DEFINED_TRANSFORMATION('','',#11,#3095);
#3117 = PRODUCT_DEFINITION_SHAPE('Placement','Placement of an item',
  #3118);
#3118 = NEXT_ASSEMBLY_USAGE_OCCURRENCE('2199','1039929_IPT_214','',#3089
  ,#1378,$);
#3119 = CONTEXT_DEPENDENT_SHAPE_REPRESENTATION(#3120,#3122);
#3120 = ( REPRESENTATION_RELATIONSHIP('','',#1816,#3094) 
REPRESENTATION_RELATIONSHIP_WITH_TRANSFORMATION(#3121) 
SHAPE_REPRESENTATION_RELATIONSHIP() );
#3121 = ITEM_DEFINED_TRANSFORMATION('','',#11,#3099);
#3122 = PRODUCT_DEFINITION_SHAPE('Placement','Placement of an item',
  #3123);
#3123 = NEXT_ASSEMBLY_USAGE_OCCURRENCE('2200','1039930_IPT_214','',#3089
  ,#1811,$);
#3124 = CONTEXT_DEPENDENT_SHAPE_REPRESENTATION(#3125,#3127);
#3125 = ( REPRESENTATION_RELATIONSHIP('','',#331,#32) 
REPRESENTATION_RELATIONSHIP_WITH_TRANSFORMATION(#3126) 
SHAPE_REPRESENTATION_RELATIONSHIP() );
#3126 = ITEM_DEFINED_TRANSFORMATION('','',#11,#209);
#3127 = PRODUCT_DEFINITION_SHAPE('Placement','Placement of an item',
  #3128);
#3128 = NEXT_ASSEMBLY_USAGE_OCCURRENCE('2202','F1000S1120M007B215','',
  #27,#326,$);
#3129 = SHAPE_DEFINITION_REPRESENTATION(#3130,#3136);
#3130 = PRODUCT_DEFINITION_SHAPE('','',#3131);
#3131 = PRODUCT_DEFINITION('design','',#3132,#3135);
#3132 = PRODUCT_DEFINITION_FORMATION('','',#3133);
#3133 = PRODUCT('1039931_IAM_215','1039931_IAM_215','',(#3134));
#3134 = PRODUCT_CONTEXT('',#2,'mechanical');
#3135 = PRODUCT_DEFINITION_CONTEXT('part definition',#2,'design');
#3136 = SHAPE_REPRESENTATION('',(#11,#3137,#3141),#3145);
#3137 = AXIS2_PLACEMENT_3D('',#3138,#3139,#3140);
#3138 = CARTESIAN_POINT('',(0.,0.,0.));
#3139 = DIRECTION('',(0.,0.,1.));
#3140 = DIRECTION('',(1.,0.,0.));
#3141 = AXIS2_PLACEMENT_3D('',#3142,#3143,#3144);
#3142 = CARTESIAN_POINT('',(-4.51028103754E-16,0.574523821802,0.));
#3143 = DIRECTION('',(0.,0.,-1.));
#3144 = DIRECTION('',(1.,0.,0.));
#3145 = ( GEOMETRIC_REPRESENTATION_CONTEXT(3) 
GLOBAL_UNCERTAINTY_ASSIGNED_CONTEXT((#3149)) 
GLOBAL_UNIT_ASSIGNED_CONTEXT((#3146,#3147,#3148)) REPRESENTATION_CONTEXT
('Context #1','3D Context with UNIT and UNCERTAINTY') );
#3146 = ( LENGTH_UNIT() NAMED_UNIT(*) SI_UNIT(.MILLI.,.METRE.) );
#3147 = ( NAMED_UNIT(*) PLANE_ANGLE_UNIT() SI_UNIT($,.RADIAN.) );
#3148 = ( NAMED_UNIT(*) SI_UNIT($,.STERADIAN.) SOLID_ANGLE_UNIT() );
#3149 = UNCERTAINTY_MEASURE_WITH_UNIT(LENGTH_MEASURE(1.E-07),#3146,
  'distance_accuracy_value','confusion accuracy');
#3150 = CONTEXT_DEPENDENT_SHAPE_REPRESENTATION(#3151,#3153);
#3151 = ( REPRESENTATION_RELATIONSHIP('','',#3136,#32) 
REPRESENTATION_RELATIONSHIP_WITH_TRANSFORMATION(#3152) 
SHAPE_REPRESENTATION_RELATIONSHIP() );
#3152 = ITEM_DEFINED_TRANSFORMATION('','',#11,#213);
#3153 = PRODUCT_DEFINITION_SHAPE('Placement','Placement of an item',
  #3154);
#3154 = NEXT_ASSEMBLY_USAGE_OCCURRENCE('2205','1039931_IAM_215','',#27,
  #3131,$);
#3155 = PRODUCT_RELATED_PRODUCT_CATEGORY('part',$,(#3133));
#3156 = CONTEXT_DEPENDENT_SHAPE_REPRESENTATION(#3157,#3159);
#3157 = ( REPRESENTATION_RELATIONSHIP('','',#1383,#3136) 
REPRESENTATION_RELATIONSHIP_WITH_TRANSFORMATION(#3158) 
SHAPE_REPRESENTATION_RELATIONSHIP() );
#3158 = ITEM_DEFINED_TRANSFORMATION('','',#11,#3137);
#3159 = PRODUCT_DEFINITION_SHAPE('Placement','Placement of an item',
  #3160);
#3160 = NEXT_ASSEMBLY_USAGE_OCCURRENCE('2203','1039929_IPT_215','',#3131
  ,#1378,$);
#3161 = CONTEXT_DEPENDENT_SHAPE_REPRESENTATION(#3162,#3164);
#3162 = ( REPRESENTATION_RELATIONSHIP('','',#1816,#3136) 
REPRESENTATION_RELATIONSHIP_WITH_TRANSFORMATION(#3163) 
SHAPE_REPRESENTATION_RELATIONSHIP() );
#3163 = ITEM_DEFINED_TRANSFORMATION('','',#11,#3141);
#3164 = PRODUCT_DEFINITION_SHAPE('Placement','Placement of an item',
  #3165);
#3165 = NEXT_ASSEMBLY_USAGE_OCCURRENCE('2204','1039930_IPT_215','',#3131
  ,#1811,$);
#3166 = CONTEXT_DEPENDENT_SHAPE_REPRESENTATION(#3167,#3169);
#3167 = ( REPRESENTATION_RELATIONSHIP('','',#331,#32) 
REPRESENTATION_RELATIONSHIP_WITH_TRANSFORMATION(#3168) 
SHAPE_REPRESENTATION_RELATIONSHIP() );
#3168 = ITEM_DEFINED_TRANSFORMATION('','',#11,#217);
#3169 = PRODUCT_DEFINITION_SHAPE('Placement','Placement of an item',
  #3170);
#3170 = NEXT_ASSEMBLY_USAGE_OCCURRENCE('2206','F1000S1120M007B216','',
  #27,#326,$);
#3171 = SHAPE_DEFINITION_REPRESENTATION(#3172,#3178);
#3172 = PRODUCT_DEFINITION_SHAPE('','',#3173);
#3173 = PRODUCT_DEFINITION('design','',#3174,#3177);
#3174 = PRODUCT_DEFINITION_FORMATION('','',#3175);
#3175 = PRODUCT('1039931_IAM_216','1039931_IAM_216','',(#3176));
#3176 = PRODUCT_CONTEXT('',#2,'mechanical');
#3177 = PRODUCT_DEFINITION_CONTEXT('part definition',#2,'design');
#3178 = SHAPE_REPRESENTATION('',(#11,#3179,#3183),#3187);
#3179 = AXIS2_PLACEMENT_3D('',#3180,#3181,#3182);
#3180 = CARTESIAN_POINT('',(0.,0.,0.));
#3181 = DIRECTION('',(0.,0.,1.));
#3182 = DIRECTION('',(1.,0.,0.));
#3183 = AXIS2_PLACEMENT_3D('',#3184,#3185,#3186);
#3184 = CARTESIAN_POINT('',(-4.51028103754E-16,0.574523821802,0.));
#3185 = DIRECTION('',(0.,0.,-1.));
#3186 = DIRECTION('',(1.,0.,0.));
#3187 = ( GEOMETRIC_REPRESENTATION_CONTEXT(3) 
GLOBAL_UNCERTAINTY_ASSIGNED_CONTEXT((#3191)) 
GLOBAL_UNIT_ASSIGNED_CONTEXT((#3188,#3189,#3190)) REPRESENTATION_CONTEXT
('Context #1','3D Context with UNIT and UNCERTAINTY') );
#3188 = ( LENGTH_UNIT() NAMED_UNIT(*) SI_UNIT(.MILLI.,.METRE.) );
#3189 = ( NAMED_UNIT(*) PLANE_ANGLE_UNIT() SI_UNIT($,.RADIAN.) );
#3190 = ( NAMED_UNIT(*) SI_UNIT($,.STERADIAN.) SOLID_ANGLE_UNIT() );
#3191 = UNCERTAINTY_MEASURE_WITH_UNIT(LENGTH_MEASURE(1.E-07),#3188,
  'distance_accuracy_value','confusion accuracy');
#3192 = CONTEXT_DEPENDENT_SHAPE_REPRESENTATION(#3193,#3195);
#3193 = ( REPRESENTATION_RELATIONSHIP('','',#3178,#32) 
REPRESENTATION_RELATIONSHIP_WITH_TRANSFORMATION(#3194) 
SHAPE_REPRESENTATION_RELATIONSHIP() );
#3194 = ITEM_DEFINED_TRANSFORMATION('','',#11,#221);
#3195 = PRODUCT_DEFINITION_SHAPE('Placement','Placement of an item',
  #3196);
#3196 = NEXT_ASSEMBLY_USAGE_OCCURRENCE('2209','1039931_IAM_216','',#27,
  #3173,$);
#3197 = PRODUCT_RELATED_PRODUCT_CATEGORY('part',$,(#3175));
#3198 = CONTEXT_DEPENDENT_SHAPE_REPRESENTATION(#3199,#3201);
#3199 = ( REPRESENTATION_RELATIONSHIP('','',#1383,#3178) 
REPRESENTATION_RELATIONSHIP_WITH_TRANSFORMATION(#3200) 
SHAPE_REPRESENTATION_RELATIONSHIP() );
#3200 = ITEM_DEFINED_TRANSFORMATION('','',#11,#3179);
#3201 = PRODUCT_DEFINITION_SHAPE('Placement','Placement of an item',
  #3202);
#3202 = NEXT_ASSEMBLY_USAGE_OCCURRENCE('2207','1039929_IPT_216','',#3173
  ,#1378,$);
#3203 = CONTEXT_DEPENDENT_SHAPE_REPRESENTATION(#3204,#3206);
#3204 = ( REPRESENTATION_RELATIONSHIP('','',#1816,#3178) 
REPRESENTATION_RELATIONSHIP_WITH_TRANSFORMATION(#3205) 
SHAPE_REPRESENTATION_RELATIONSHIP() );
#3205 = ITEM_DEFINED_TRANSFORMATION('','',#11,#3183);
#3206 = PRODUCT_DEFINITION_SHAPE('Placement','Placement of an item',
  #3207);
#3207 = NEXT_ASSEMBLY_USAGE_OCCURRENCE('2208','1039930_IPT_216','',#3173
  ,#1811,$);
#3208 = CONTEXT_DEPENDENT_SHAPE_REPRESENTATION(#3209,#3211);
#3209 = ( REPRESENTATION_RELATIONSHIP('','',#331,#32) 
REPRESENTATION_RELATIONSHIP_WITH_TRANSFORMATION(#3210) 
SHAPE_REPRESENTATION_RELATIONSHIP() );
#3210 = ITEM_DEFINED_TRANSFORMATION('','',#11,#225);
#3211 = PRODUCT_DEFINITION_SHAPE('Placement','Placement of an item',
  #3212);
#3212 = NEXT_ASSEMBLY_USAGE_OCCURRENCE('2210','F1000S1120M007B217','',
  #27,#326,$);
#3213 = SHAPE_DEFINITION_REPRESENTATION(#3214,#3220);
#3214 = PRODUCT_DEFINITION_SHAPE('','',#3215);
#3215 = PRODUCT_DEFINITION('design','',#3216,#3219);
#3216 = PRODUCT_DEFINITION_FORMATION('','',#3217);
#3217 = PRODUCT('1039931_IAM_217','1039931_IAM_217','',(#3218));
#3218 = PRODUCT_CONTEXT('',#2,'mechanical');
#3219 = PRODUCT_DEFINITION_CONTEXT('part definition',#2,'design');
#3220 = SHAPE_REPRESENTATION('',(#11,#3221,#3225),#3229);
#3221 = AXIS2_PLACEMENT_3D('',#3222,#3223,#3224);
#3222 = CARTESIAN_POINT('',(0.,0.,0.));
#3223 = DIRECTION('',(0.,0.,1.));
#3224 = DIRECTION('',(1.,0.,0.));
#3225 = AXIS2_PLACEMENT_3D('',#3226,#3227,#3228);
#3226 = CARTESIAN_POINT('',(-4.51028103754E-16,0.574523821802,0.));
#3227 = DIRECTION('',(0.,0.,-1.));
#3228 = DIRECTION('',(1.,0.,0.));
#3229 = ( GEOMETRIC_REPRESENTATION_CONTEXT(3) 
GLOBAL_UNCERTAINTY_ASSIGNED_CONTEXT((#3233)) 
GLOBAL_UNIT_ASSIGNED_CONTEXT((#3230,#3231,#3232)) REPRESENTATION_CONTEXT
('Context #1','3D Context with UNIT and UNCERTAINTY') );
#3230 = ( LENGTH_UNIT() NAMED_UNIT(*) SI_UNIT(.MILLI.,.METRE.) );
#3231 = ( NAMED_UNIT(*) PLANE_ANGLE_UNIT() SI_UNIT($,.RADIAN.) );
#3232 = ( NAMED_UNIT(*) SI_UNIT($,.STERADIAN.) SOLID_ANGLE_UNIT() );
#3233 = UNCERTAINTY_MEASURE_WITH_UNIT(LENGTH_MEASURE(1.E-07),#3230,
  'distance_accuracy_value','confusion accuracy');
#3234 = CONTEXT_DEPENDENT_SHAPE_REPRESENTATION(#3235,#3237);
#3235 = ( REPRESENTATION_RELATIONSHIP('','',#3220,#32) 
REPRESENTATION_RELATIONSHIP_WITH_TRANSFORMATION(#3236) 
SHAPE_REPRESENTATION_RELATIONSHIP() );
#3236 = ITEM_DEFINED_TRANSFORMATION('','',#11,#229);
#3237 = PRODUCT_DEFINITION_SHAPE('Placement','Placement of an item',
  #3238);
#3238 = NEXT_ASSEMBLY_USAGE_OCCURRENCE('2213','1039931_IAM_217','',#27,
  #3215,$);
#3239 = PRODUCT_RELATED_PRODUCT_CATEGORY('part',$,(#3217));
#3240 = CONTEXT_DEPENDENT_SHAPE_REPRESENTATION(#3241,#3243);
#3241 = ( REPRESENTATION_RELATIONSHIP('','',#1383,#3220) 
REPRESENTATION_RELATIONSHIP_WITH_TRANSFORMATION(#3242) 
SHAPE_REPRESENTATION_RELATIONSHIP() );
#3242 = ITEM_DEFINED_TRANSFORMATION('','',#11,#3221);
#3243 = PRODUCT_DEFINITION_SHAPE('Placement','Placement of an item',
  #3244);
#3244 = NEXT_ASSEMBLY_USAGE_OCCURRENCE('2211','1039929_IPT_217','',#3215
  ,#1378,$);
#3245 = CONTEXT_DEPENDENT_SHAPE_REPRESENTATION(#3246,#3248);
#3246 = ( REPRESENTATION_RELATIONSHIP('','',#1816,#3220) 
REPRESENTATION_RELATIONSHIP_WITH_TRANSFORMATION(#3247) 
SHAPE_REPRESENTATION_RELATIONSHIP() );
#3247 = ITEM_DEFINED_TRANSFORMATION('','',#11,#3225);
#3248 = PRODUCT_DEFINITION_SHAPE('Placement','Placement of an item',
  #3249);
#3249 = NEXT_ASSEMBLY_USAGE_OCCURRENCE('2212','1039930_IPT_217','',#3215
  ,#1811,$);
#3250 = CONTEXT_DEPENDENT_SHAPE_REPRESENTATION(#3251,#3253);
#3251 = ( REPRESENTATION_RELATIONSHIP('','',#331,#32) 
REPRESENTATION_RELATIONSHIP_WITH_TRANSFORMATION(#3252) 
SHAPE_REPRESENTATION_RELATIONSHIP() );
#3252 = ITEM_DEFINED_TRANSFORMATION('','',#11,#233);
#3253 = PRODUCT_DEFINITION_SHAPE('Placement','Placement of an item',
  #3254);
#3254 = NEXT_ASSEMBLY_USAGE_OCCURRENCE('2214','F1000S1120M007B218','',
  #27,#326,$);
#3255 = SHAPE_DEFINITION_REPRESENTATION(#3256,#3262);
#3256 = PRODUCT_DEFINITION_SHAPE('','',#3257);
#3257 = PRODUCT_DEFINITION('design','',#3258,#3261);
#3258 = PRODUCT_DEFINITION_FORMATION('','',#3259);
#3259 = PRODUCT('1039931_IAM_218','1039931_IAM_218','',(#3260));
#3260 = PRODUCT_CONTEXT('',#2,'mechanical');
#3261 = PRODUCT_DEFINITION_CONTEXT('part definition',#2,'design');
#3262 = SHAPE_REPRESENTATION('',(#11,#3263,#3267),#3271);
#3263 = AXIS2_PLACEMENT_3D('',#3264,#3265,#3266);
#3264 = CARTESIAN_POINT('',(0.,0.,0.));
#3265 = DIRECTION('',(0.,0.,1.));
#3266 = DIRECTION('',(1.,0.,0.));
#3267 = AXIS2_PLACEMENT_3D('',#3268,#3269,#3270);
#3268 = CARTESIAN_POINT('',(-4.51028103754E-16,0.574523821802,0.));
#3269 = DIRECTION('',(0.,0.,-1.));
#3270 = DIRECTION('',(1.,0.,0.));
#3271 = ( GEOMETRIC_REPRESENTATION_CONTEXT(3) 
GLOBAL_UNCERTAINTY_ASSIGNED_CONTEXT((#3275)) 
GLOBAL_UNIT_ASSIGNED_CONTEXT((#3272,#3273,#3274)) REPRESENTATION_CONTEXT
('Context #1','3D Context with UNIT and UNCERTAINTY') );
#3272 = ( LENGTH_UNIT() NAMED_UNIT(*) SI_UNIT(.MILLI.,.METRE.) );
#3273 = ( NAMED_UNIT(*) PLANE_ANGLE_UNIT() SI_UNIT($,.RADIAN.) );
#3274 = ( NAMED_UNIT(*) SI_UNIT($,.STERADIAN.) SOLID_ANGLE_UNIT() );
#3275 = UNCERTAINTY_MEASURE_WITH_UNIT(LENGTH_MEASURE(1.E-07),#3272,
  'distance_accuracy_value','confusion accuracy');
#3276 = CONTEXT_DEPENDENT_SHAPE_REPRESENTATION(#3277,#3279);
#3277 = ( REPRESENTATION_RELATIONSHIP('','',#3262,#32) 
REPRESENTATION_RELATIONSHIP_WITH_TRANSFORMATION(#3278) 
SHAPE_REPRESENTATION_RELATIONSHIP() );
#3278 = ITEM_DEFINED_TRANSFORMATION('','',#11,#237);
#3279 = PRODUCT_DEFINITION_SHAPE('Placement','Placement of an item',
  #3280);
#3280 = NEXT_ASSEMBLY_USAGE_OCCURRENCE('2217','1039931_IAM_218','',#27,
  #3257,$);
#3281 = PRODUCT_RELATED_PRODUCT_CATEGORY('part',$,(#3259));
#3282 = CONTEXT_DEPENDENT_SHAPE_REPRESENTATION(#3283,#3285);
#3283 = ( REPRESENTATION_RELATIONSHIP('','',#1383,#3262) 
REPRESENTATION_RELATIONSHIP_WITH_TRANSFORMATION(#3284) 
SHAPE_REPRESENTATION_RELATIONSHIP() );
#3284 = ITEM_DEFINED_TRANSFORMATION('','',#11,#3263);
#3285 = PRODUCT_DEFINITION_SHAPE('Placement','Placement of an item',
  #3286);
#3286 = NEXT_ASSEMBLY_USAGE_OCCURRENCE('2215','1039929_IPT_218','',#3257
  ,#1378,$);
#3287 = CONTEXT_DEPENDENT_SHAPE_REPRESENTATION(#3288,#3290);
#3288 = ( REPRESENTATION_RELATIONSHIP('','',#1816,#3262) 
REPRESENTATION_RELATIONSHIP_WITH_TRANSFORMATION(#3289) 
SHAPE_REPRESENTATION_RELATIONSHIP() );
#3289 = ITEM_DEFINED_TRANSFORMATION('','',#11,#3267);
#3290 = PRODUCT_DEFINITION_SHAPE('Placement','Placement of an item',
  #3291);
#3291 = NEXT_ASSEMBLY_USAGE_OCCURRENCE('2216','1039930_IPT_218','',#3257
  ,#1811,$);
#3292 = CONTEXT_DEPENDENT_SHAPE_REPRESENTATION(#3293,#3295);
#3293 = ( REPRESENTATION_RELATIONSHIP('','',#331,#32) 
REPRESENTATION_RELATIONSHIP_WITH_TRANSFORMATION(#3294) 
SHAPE_REPRESENTATION_RELATIONSHIP() );
#3294 = ITEM_DEFINED_TRANSFORMATION('','',#11,#241);
#3295 = PRODUCT_DEFINITION_SHAPE('Placement','Placement of an item',
  #3296);
#3296 = NEXT_ASSEMBLY_USAGE_OCCURRENCE('2218','F1000S1120M007B219','',
  #27,#326,$);
#3297 = SHAPE_DEFINITION_REPRESENTATION(#3298,#3304);
#3298 = PRODUCT_DEFINITION_SHAPE('','',#3299);
#3299 = PRODUCT_DEFINITION('design','',#3300,#3303);
#3300 = PRODUCT_DEFINITION_FORMATION('','',#3301);
#3301 = PRODUCT('1039931_IAM_219','1039931_IAM_219','',(#3302));
#3302 = PRODUCT_CONTEXT('',#2,'mechanical');
#3303 = PRODUCT_DEFINITION_CONTEXT('part definition',#2,'design');
#3304 = SHAPE_REPRESENTATION('',(#11,#3305,#3309),#3313);
#3305 = AXIS2_PLACEMENT_3D('',#3306,#3307,#3308);
#3306 = CARTESIAN_POINT('',(0.,0.,0.));
#3307 = DIRECTION('',(0.,0.,1.));
#3308 = DIRECTION('',(1.,0.,0.));
#3309 = AXIS2_PLACEMENT_3D('',#3310,#3311,#3312);
#3310 = CARTESIAN_POINT('',(-4.51028103754E-16,0.574523821802,0.));
#3311 = DIRECTION('',(0.,0.,-1.));
#3312 = DIRECTION('',(1.,0.,0.));
#3313 = ( GEOMETRIC_REPRESENTATION_CONTEXT(3) 
GLOBAL_UNCERTAINTY_ASSIGNED_CONTEXT((#3317)) 
GLOBAL_UNIT_ASSIGNED_CONTEXT((#3314,#3315,#3316)) REPRESENTATION_CONTEXT
('Context #1','3D Context with UNIT and UNCERTAINTY') );
#3314 = ( LENGTH_UNIT() NAMED_UNIT(*) SI_UNIT(.MILLI.,.METRE.) );
#3315 = ( NAMED_UNIT(*) PLANE_ANGLE_UNIT() SI_UNIT($,.RADIAN.) );
#3316 = ( NAMED_UNIT(*) SI_UNIT($,.STERADIAN.) SOLID_ANGLE_UNIT() );
#3317 = UNCERTAINTY_MEASURE_WITH_UNIT(LENGTH_MEASURE(1.E-07),#3314,
  'distance_accuracy_value','confusion accuracy');
#3318 = CONTEXT_DEPENDENT_SHAPE_REPRESENTATION(#3319,#3321);
#3319 = ( REPRESENTATION_RELATIONSHIP('','',#3304,#32) 
REPRESENTATION_RELATIONSHIP_WITH_TRANSFORMATION(#3320) 
SHAPE_REPRESENTATION_RELATIONSHIP() );
#3320 = ITEM_DEFINED_TRANSFORMATION('','',#11,#245);
#3321 = PRODUCT_DEFINITION_SHAPE('Placement','Placement of an item',
  #3322);
#3322 = NEXT_ASSEMBLY_USAGE_OCCURRENCE('2221','1039931_IAM_219','',#27,
  #3299,$);
#3323 = PRODUCT_RELATED_PRODUCT_CATEGORY('part',$,(#3301));
#3324 = CONTEXT_DEPENDENT_SHAPE_REPRESENTATION(#3325,#3327);
#3325 = ( REPRESENTATION_RELATIONSHIP('','',#1383,#3304) 
REPRESENTATION_RELATIONSHIP_WITH_TRANSFORMATION(#3326) 
SHAPE_REPRESENTATION_RELATIONSHIP() );
#3326 = ITEM_DEFINED_TRANSFORMATION('','',#11,#3305);
#3327 = PRODUCT_DEFINITION_SHAPE('Placement','Placement of an item',
  #3328);
#3328 = NEXT_ASSEMBLY_USAGE_OCCURRENCE('2219','1039929_IPT_219','',#3299
  ,#1378,$);
#3329 = CONTEXT_DEPENDENT_SHAPE_REPRESENTATION(#3330,#3332);
#3330 = ( REPRESENTATION_RELATIONSHIP('','',#1816,#3304) 
REPRESENTATION_RELATIONSHIP_WITH_TRANSFORMATION(#3331) 
SHAPE_REPRESENTATION_RELATIONSHIP() );
#3331 = ITEM_DEFINED_TRANSFORMATION('','',#11,#3309);
#3332 = PRODUCT_DEFINITION_SHAPE('Placement','Placement of an item',
  #3333);
#3333 = NEXT_ASSEMBLY_USAGE_OCCURRENCE('2220','1039930_IPT_219','',#3299
  ,#1811,$);
#3334 = CONTEXT_DEPENDENT_SHAPE_REPRESENTATION(#3335,#3337);
#3335 = ( REPRESENTATION_RELATIONSHIP('','',#331,#32) 
REPRESENTATION_RELATIONSHIP_WITH_TRANSFORMATION(#3336) 
SHAPE_REPRESENTATION_RELATIONSHIP() );
#3336 = ITEM_DEFINED_TRANSFORMATION('','',#11,#249);
#3337 = PRODUCT_DEFINITION_SHAPE('Placement','Placement of an item',
  #3338);
#3338 = NEXT_ASSEMBLY_USAGE_OCCURRENCE('2222','F1000S1120M007B220','',
  #27,#326,$);
#3339 = SHAPE_DEFINITION_REPRESENTATION(#3340,#3346);
#3340 = PRODUCT_DEFINITION_SHAPE('','',#3341);
#3341 = PRODUCT_DEFINITION('design','',#3342,#3345);
#3342 = PRODUCT_DEFINITION_FORMATION('','',#3343);
#3343 = PRODUCT('1039931_IAM_220','1039931_IAM_220','',(#3344));
#3344 = PRODUCT_CONTEXT('',#2,'mechanical');
#3345 = PRODUCT_DEFINITION_CONTEXT('part definition',#2,'design');
#3346 = SHAPE_REPRESENTATION('',(#11,#3347,#3351),#3355);
#3347 = AXIS2_PLACEMENT_3D('',#3348,#3349,#3350);
#3348 = CARTESIAN_POINT('',(0.,0.,0.));
#3349 = DIRECTION('',(0.,0.,1.));
#3350 = DIRECTION('',(1.,0.,0.));
#3351 = AXIS2_PLACEMENT_3D('',#3352,#3353,#3354);
#3352 = CARTESIAN_POINT('',(-4.51028103754E-16,0.574523821802,0.));
#3353 = DIRECTION('',(0.,0.,-1.));
#3354 = DIRECTION('',(1.,0.,0.));
#3355 = ( GEOMETRIC_REPRESENTATION_CONTEXT(3) 
GLOBAL_UNCERTAINTY_ASSIGNED_CONTEXT((#3359)) 
GLOBAL_UNIT_ASSIGNED_CONTEXT((#3356,#3357,#3358)) REPRESENTATION_CONTEXT
('Context #1','3D Context with UNIT and UNCERTAINTY') );
#3356 = ( LENGTH_UNIT() NAMED_UNIT(*) SI_UNIT(.MILLI.,.METRE.) );
#3357 = ( NAMED_UNIT(*) PLANE_ANGLE_UNIT() SI_UNIT($,.RADIAN.) );
#3358 = ( NAMED_UNIT(*) SI_UNIT($,.STERADIAN.) SOLID_ANGLE_UNIT() );
#3359 = UNCERTAINTY_MEASURE_WITH_UNIT(LENGTH_MEASURE(1.E-07),#3356,
  'distance_accuracy_value','confusion accuracy');
#3360 = CONTEXT_DEPENDENT_SHAPE_REPRESENTATION(#3361,#3363);
#3361 = ( REPRESENTATION_RELATIONSHIP('','',#3346,#32) 
REPRESENTATION_RELATIONSHIP_WITH_TRANSFORMATION(#3362) 
SHAPE_REPRESENTATION_RELATIONSHIP() );
#3362 = ITEM_DEFINED_TRANSFORMATION('','',#11,#253);
#3363 = PRODUCT_DEFINITION_SHAPE('Placement','Placement of an item',
  #3364);
#3364 = NEXT_ASSEMBLY_USAGE_OCCURRENCE('2225','1039931_IAM_220','',#27,
  #3341,$);
#3365 = PRODUCT_RELATED_PRODUCT_CATEGORY('part',$,(#3343));
#3366 = CONTEXT_DEPENDENT_SHAPE_REPRESENTATION(#3367,#3369);
#3367 = ( REPRESENTATION_RELATIONSHIP('','',#1383,#3346) 
REPRESENTATION_RELATIONSHIP_WITH_TRANSFORMATION(#3368) 
SHAPE_REPRESENTATION_RELATIONSHIP() );
#3368 = ITEM_DEFINED_TRANSFORMATION('','',#11,#3347);
#3369 = PRODUCT_DEFINITION_SHAPE('Placement','Placement of an item',
  #3370);
#3370 = NEXT_ASSEMBLY_USAGE_OCCURRENCE('2223','1039929_IPT_220','',#3341
  ,#1378,$);
#3371 = CONTEXT_DEPENDENT_SHAPE_REPRESENTATION(#3372,#3374);
#3372 = ( REPRESENTATION_RELATIONSHIP('','',#1816,#3346) 
REPRESENTATION_RELATIONSHIP_WITH_TRANSFORMATION(#3373) 
SHAPE_REPRESENTATION_RELATIONSHIP() );
#3373 = ITEM_DEFINED_TRANSFORMATION('','',#11,#3351);
#3374 = PRODUCT_DEFINITION_SHAPE('Placement','Placement of an item',
  #3375);
#3375 = NEXT_ASSEMBLY_USAGE_OCCURRENCE('2224','1039930_IPT_220','',#3341
  ,#1811,$);
#3376 = CONTEXT_DEPENDENT_SHAPE_REPRESENTATION(#3377,#3379);
#3377 = ( REPRESENTATION_RELATIONSHIP('','',#331,#32) 
REPRESENTATION_RELATIONSHIP_WITH_TRANSFORMATION(#3378) 
SHAPE_REPRESENTATION_RELATIONSHIP() );
#3378 = ITEM_DEFINED_TRANSFORMATION('','',#11,#257);
#3379 = PRODUCT_DEFINITION_SHAPE('Placement','Placement of an item',
  #3380);
#3380 = NEXT_ASSEMBLY_USAGE_OCCURRENCE('2226','F1000S1120M007B221','',
  #27,#326,$);
#3381 = SHAPE_DEFINITION_REPRESENTATION(#3382,#3388);
#3382 = PRODUCT_DEFINITION_SHAPE('','',#3383);
#3383 = PRODUCT_DEFINITION('design','',#3384,#3387);
#3384 = PRODUCT_DEFINITION_FORMATION('','',#3385);
#3385 = PRODUCT('1039931_IAM_221','1039931_IAM_221','',(#3386));
#3386 = PRODUCT_CONTEXT('',#2,'mechanical');
#3387 = PRODUCT_DEFINITION_CONTEXT('part definition',#2,'design');
#3388 = SHAPE_REPRESENTATION('',(#11,#3389,#3393),#3397);
#3389 = AXIS2_PLACEMENT_3D('',#3390,#3391,#3392);
#3390 = CARTESIAN_POINT('',(0.,0.,0.));
#3391 = DIRECTION('',(0.,0.,1.));
#3392 = DIRECTION('',(1.,0.,0.));
#3393 = AXIS2_PLACEMENT_3D('',#3394,#3395,#3396);
#3394 = CARTESIAN_POINT('',(-4.51028103754E-16,0.574523821802,0.));
#3395 = DIRECTION('',(0.,0.,-1.));
#3396 = DIRECTION('',(1.,0.,0.));
#3397 = ( GEOMETRIC_REPRESENTATION_CONTEXT(3) 
GLOBAL_UNCERTAINTY_ASSIGNED_CONTEXT((#3401)) 
GLOBAL_UNIT_ASSIGNED_CONTEXT((#3398,#3399,#3400)) REPRESENTATION_CONTEXT
('Context #1','3D Context with UNIT and UNCERTAINTY') );
#3398 = ( LENGTH_UNIT() NAMED_UNIT(*) SI_UNIT(.MILLI.,.METRE.) );
#3399 = ( NAMED_UNIT(*) PLANE_ANGLE_UNIT() SI_UNIT($,.RADIAN.) );
#3400 = ( NAMED_UNIT(*) SI_UNIT($,.STERADIAN.) SOLID_ANGLE_UNIT() );
#3401 = UNCERTAINTY_MEASURE_WITH_UNIT(LENGTH_MEASURE(1.E-07),#3398,
  'distance_accuracy_value','confusion accuracy');
#3402 = CONTEXT_DEPENDENT_SHAPE_REPRESENTATION(#3403,#3405);
#3403 = ( REPRESENTATION_RELATIONSHIP('','',#3388,#32) 
REPRESENTATION_RELATIONSHIP_WITH_TRANSFORMATION(#3404) 
SHAPE_REPRESENTATION_RELATIONSHIP() );
#3404 = ITEM_DEFINED_TRANSFORMATION('','',#11,#261);
#3405 = PRODUCT_DEFINITION_SHAPE('Placement','Placement of an item',
  #3406);
#3406 = NEXT_ASSEMBLY_USAGE_OCCURRENCE('2229','1039931_IAM_221','',#27,
  #3383,$);
#3407 = PRODUCT_RELATED_PRODUCT_CATEGORY('part',$,(#3385));
#3408 = CONTEXT_DEPENDENT_SHAPE_REPRESENTATION(#3409,#3411);
#3409 = ( REPRESENTATION_RELATIONSHIP('','',#1383,#3388) 
REPRESENTATION_RELATIONSHIP_WITH_TRANSFORMATION(#3410) 
SHAPE_REPRESENTATION_RELATIONSHIP() );
#3410 = ITEM_DEFINED_TRANSFORMATION('','',#11,#3389);
#3411 = PRODUCT_DEFINITION_SHAPE('Placement','Placement of an item',
  #3412);
#3412 = NEXT_ASSEMBLY_USAGE_OCCURRENCE('2227','1039929_IPT_221','',#3383
  ,#1378,$);
#3413 = CONTEXT_DEPENDENT_SHAPE_REPRESENTATION(#3414,#3416);
#3414 = ( REPRESENTATION_RELATIONSHIP('','',#1816,#3388) 
REPRESENTATION_RELATIONSHIP_WITH_TRANSFORMATION(#3415) 
SHAPE_REPRESENTATION_RELATIONSHIP() );
#3415 = ITEM_DEFINED_TRANSFORMATION('','',#11,#3393);
#3416 = PRODUCT_DEFINITION_SHAPE('Placement','Placement of an item',
  #3417);
#3417 = NEXT_ASSEMBLY_USAGE_OCCURRENCE('2228','1039930_IPT_221','',#3383
  ,#1811,$);
#3418 = CONTEXT_DEPENDENT_SHAPE_REPRESENTATION(#3419,#3421);
#3419 = ( REPRESENTATION_RELATIONSHIP('','',#331,#32) 
REPRESENTATION_RELATIONSHIP_WITH_TRANSFORMATION(#3420) 
SHAPE_REPRESENTATION_RELATIONSHIP() );
#3420 = ITEM_DEFINED_TRANSFORMATION('','',#11,#265);
#3421 = PRODUCT_DEFINITION_SHAPE('Placement','Placement of an item',
  #3422);
#3422 = NEXT_ASSEMBLY_USAGE_OCCURRENCE('2230','F1000S1120M007B222','',
  #27,#326,$);
#3423 = SHAPE_DEFINITION_REPRESENTATION(#3424,#3430);
#3424 = PRODUCT_DEFINITION_SHAPE('','',#3425);
#3425 = PRODUCT_DEFINITION('design','',#3426,#3429);
#3426 = PRODUCT_DEFINITION_FORMATION('','',#3427);
#3427 = PRODUCT('1039931_IAM_222','1039931_IAM_222','',(#3428));
#3428 = PRODUCT_CONTEXT('',#2,'mechanical');
#3429 = PRODUCT_DEFINITION_CONTEXT('part definition',#2,'design');
#3430 = SHAPE_REPRESENTATION('',(#11,#3431,#3435),#3439);
#3431 = AXIS2_PLACEMENT_3D('',#3432,#3433,#3434);
#3432 = CARTESIAN_POINT('',(0.,0.,0.));
#3433 = DIRECTION('',(0.,0.,1.));
#3434 = DIRECTION('',(1.,0.,0.));
#3435 = AXIS2_PLACEMENT_3D('',#3436,#3437,#3438);
#3436 = CARTESIAN_POINT('',(-4.51028103754E-16,0.574523821802,0.));
#3437 = DIRECTION('',(0.,0.,-1.));
#3438 = DIRECTION('',(1.,0.,0.));
#3439 = ( GEOMETRIC_REPRESENTATION_CONTEXT(3) 
GLOBAL_UNCERTAINTY_ASSIGNED_CONTEXT((#3443)) 
GLOBAL_UNIT_ASSIGNED_CONTEXT((#3440,#3441,#3442)) REPRESENTATION_CONTEXT
('Context #1','3D Context with UNIT and UNCERTAINTY') );
#3440 = ( LENGTH_UNIT() NAMED_UNIT(*) SI_UNIT(.MILLI.,.METRE.) );
#3441 = ( NAMED_UNIT(*) PLANE_ANGLE_UNIT() SI_UNIT($,.RADIAN.) );
#3442 = ( NAMED_UNIT(*) SI_UNIT($,.STERADIAN.) SOLID_ANGLE_UNIT() );
#3443 = UNCERTAINTY_MEASURE_WITH_UNIT(LENGTH_MEASURE(1.E-07),#3440,
  'distance_accuracy_value','confusion accuracy');
#3444 = CONTEXT_DEPENDENT_SHAPE_REPRESENTATION(#3445,#3447);
#3445 = ( REPRESENTATION_RELATIONSHIP('','',#3430,#32) 
REPRESENTATION_RELATIONSHIP_WITH_TRANSFORMATION(#3446) 
SHAPE_REPRESENTATION_RELATIONSHIP() );
#3446 = ITEM_DEFINED_TRANSFORMATION('','',#11,#269);
#3447 = PRODUCT_DEFINITION_SHAPE('Placement','Placement of an item',
  #3448);
#3448 = NEXT_ASSEMBLY_USAGE_OCCURRENCE('2233','1039931_IAM_222','',#27,
  #3425,$);
#3449 = PRODUCT_RELATED_PRODUCT_CATEGORY('part',$,(#3427));
#3450 = CONTEXT_DEPENDENT_SHAPE_REPRESENTATION(#3451,#3453);
#3451 = ( REPRESENTATION_RELATIONSHIP('','',#1383,#3430) 
REPRESENTATION_RELATIONSHIP_WITH_TRANSFORMATION(#3452) 
SHAPE_REPRESENTATION_RELATIONSHIP() );
#3452 = ITEM_DEFINED_TRANSFORMATION('','',#11,#3431);
#3453 = PRODUCT_DEFINITION_SHAPE('Placement','Placement of an item',
  #3454);
#3454 = NEXT_ASSEMBLY_USAGE_OCCURRENCE('2231','1039929_IPT_222','',#3425
  ,#1378,$);
#3455 = CONTEXT_DEPENDENT_SHAPE_REPRESENTATION(#3456,#3458);
#3456 = ( REPRESENTATION_RELATIONSHIP('','',#1816,#3430) 
REPRESENTATION_RELATIONSHIP_WITH_TRANSFORMATION(#3457) 
SHAPE_REPRESENTATION_RELATIONSHIP() );
#3457 = ITEM_DEFINED_TRANSFORMATION('','',#11,#3435);
#3458 = PRODUCT_DEFINITION_SHAPE('Placement','Placement of an item',
  #3459);
#3459 = NEXT_ASSEMBLY_USAGE_OCCURRENCE('2232','1039930_IPT_222','',#3425
  ,#1811,$);
#3460 = CONTEXT_DEPENDENT_SHAPE_REPRESENTATION(#3461,#3463);
#3461 = ( REPRESENTATION_RELATIONSHIP('','',#331,#32) 
REPRESENTATION_RELATIONSHIP_WITH_TRANSFORMATION(#3462) 
SHAPE_REPRESENTATION_RELATIONSHIP() );
#3462 = ITEM_DEFINED_TRANSFORMATION('','',#11,#273);
#3463 = PRODUCT_DEFINITION_SHAPE('Placement','Placement of an item',
  #3464);
#3464 = NEXT_ASSEMBLY_USAGE_OCCURRENCE('2234','F1000S1120M007B223','',
  #27,#326,$);
#3465 = SHAPE_DEFINITION_REPRESENTATION(#3466,#3472);
#3466 = PRODUCT_DEFINITION_SHAPE('','',#3467);
#3467 = PRODUCT_DEFINITION('design','',#3468,#3471);
#3468 = PRODUCT_DEFINITION_FORMATION('','',#3469);
#3469 = PRODUCT('1039931_IAM_223','1039931_IAM_223','',(#3470));
#3470 = PRODUCT_CONTEXT('',#2,'mechanical');
#3471 = PRODUCT_DEFINITION_CONTEXT('part definition',#2,'design');
#3472 = SHAPE_REPRESENTATION('',(#11,#3473,#3477),#3481);
#3473 = AXIS2_PLACEMENT_3D('',#3474,#3475,#3476);
#3474 = CARTESIAN_POINT('',(0.,0.,0.));
#3475 = DIRECTION('',(0.,0.,1.));
#3476 = DIRECTION('',(1.,0.,0.));
#3477 = AXIS2_PLACEMENT_3D('',#3478,#3479,#3480);
#3478 = CARTESIAN_POINT('',(-4.51028103754E-16,0.574523821802,0.));
#3479 = DIRECTION('',(0.,0.,-1.));
#3480 = DIRECTION('',(1.,0.,0.));
#3481 = ( GEOMETRIC_REPRESENTATION_CONTEXT(3) 
GLOBAL_UNCERTAINTY_ASSIGNED_CONTEXT((#3485)) 
GLOBAL_UNIT_ASSIGNED_CONTEXT((#3482,#3483,#3484)) REPRESENTATION_CONTEXT
('Context #1','3D Context with UNIT and UNCERTAINTY') );
#3482 = ( LENGTH_UNIT() NAMED_UNIT(*) SI_UNIT(.MILLI.,.METRE.) );
#3483 = ( NAMED_UNIT(*) PLANE_ANGLE_UNIT() SI_UNIT($,.RADIAN.) );
#3484 = ( NAMED_UNIT(*) SI_UNIT($,.STERADIAN.) SOLID_ANGLE_UNIT() );
#3485 = UNCERTAINTY_MEASURE_WITH_UNIT(LENGTH_MEASURE(1.E-07),#3482,
  'distance_accuracy_value','confusion accuracy');
#3486 = CONTEXT_DEPENDENT_SHAPE_REPRESENTATION(#3487,#3489);
#3487 = ( REPRESENTATION_RELATIONSHIP('','',#3472,#32) 
REPRESENTATION_RELATIONSHIP_WITH_TRANSFORMATION(#3488) 
SHAPE_REPRESENTATION_RELATIONSHIP() );
#3488 = ITEM_DEFINED_TRANSFORMATION('','',#11,#277);
#3489 = PRODUCT_DEFINITION_SHAPE('Placement','Placement of an item',
  #3490);
#3490 = NEXT_ASSEMBLY_USAGE_OCCURRENCE('2237','1039931_IAM_223','',#27,
  #3467,$);
#3491 = PRODUCT_RELATED_PRODUCT_CATEGORY('part',$,(#3469));
#3492 = CONTEXT_DEPENDENT_SHAPE_REPRESENTATION(#3493,#3495);
#3493 = ( REPRESENTATION_RELATIONSHIP('','',#1383,#3472) 
REPRESENTATION_RELATIONSHIP_WITH_TRANSFORMATION(#3494) 
SHAPE_REPRESENTATION_RELATIONSHIP() );
#3494 = ITEM_DEFINED_TRANSFORMATION('','',#11,#3473);
#3495 = PRODUCT_DEFINITION_SHAPE('Placement','Placement of an item',
  #3496);
#3496 = NEXT_ASSEMBLY_USAGE_OCCURRENCE('2235','1039929_IPT_223','',#3467
  ,#1378,$);
#3497 = CONTEXT_DEPENDENT_SHAPE_REPRESENTATION(#3498,#3500);
#3498 = ( REPRESENTATION_RELATIONSHIP('','',#1816,#3472) 
REPRESENTATION_RELATIONSHIP_WITH_TRANSFORMATION(#3499) 
SHAPE_REPRESENTATION_RELATIONSHIP() );
#3499 = ITEM_DEFINED_TRANSFORMATION('','',#11,#3477);
#3500 = PRODUCT_DEFINITION_SHAPE('Placement','Placement of an item',
  #3501);
#3501 = NEXT_ASSEMBLY_USAGE_OCCURRENCE('2236','1039930_IPT_223','',#3467
  ,#1811,$);
#3502 = CONTEXT_DEPENDENT_SHAPE_REPRESENTATION(#3503,#3505);
#3503 = ( REPRESENTATION_RELATIONSHIP('','',#331,#32) 
REPRESENTATION_RELATIONSHIP_WITH_TRANSFORMATION(#3504) 
SHAPE_REPRESENTATION_RELATIONSHIP() );
#3504 = ITEM_DEFINED_TRANSFORMATION('','',#11,#281);
#3505 = PRODUCT_DEFINITION_SHAPE('Placement','Placement of an item',
  #3506);
#3506 = NEXT_ASSEMBLY_USAGE_OCCURRENCE('2238','F1000S1120M007B224','',
  #27,#326,$);
#3507 = SHAPE_DEFINITION_REPRESENTATION(#3508,#3514);
#3508 = PRODUCT_DEFINITION_SHAPE('','',#3509);
#3509 = PRODUCT_DEFINITION('design','',#3510,#3513);
#3510 = PRODUCT_DEFINITION_FORMATION('','',#3511);
#3511 = PRODUCT('1039931_IAM_224','1039931_IAM_224','',(#3512));
#3512 = PRODUCT_CONTEXT('',#2,'mechanical');
#3513 = PRODUCT_DEFINITION_CONTEXT('part definition',#2,'design');
#3514 = SHAPE_REPRESENTATION('',(#11,#3515,#3519),#3523);
#3515 = AXIS2_PLACEMENT_3D('',#3516,#3517,#3518);
#3516 = CARTESIAN_POINT('',(0.,0.,0.));
#3517 = DIRECTION('',(0.,0.,1.));
#3518 = DIRECTION('',(1.,0.,0.));
#3519 = AXIS2_PLACEMENT_3D('',#3520,#3521,#3522);
#3520 = CARTESIAN_POINT('',(-4.51028103754E-16,0.574523821802,0.));
#3521 = DIRECTION('',(0.,0.,-1.));
#3522 = DIRECTION('',(1.,0.,0.));
#3523 = ( GEOMETRIC_REPRESENTATION_CONTEXT(3) 
GLOBAL_UNCERTAINTY_ASSIGNED_CONTEXT((#3527)) 
GLOBAL_UNIT_ASSIGNED_CONTEXT((#3524,#3525,#3526)) REPRESENTATION_CONTEXT
('Context #1','3D Context with UNIT and UNCERTAINTY') );
#3524 = ( LENGTH_UNIT() NAMED_UNIT(*) SI_UNIT(.MILLI.,.METRE.) );
#3525 = ( NAMED_UNIT(*) PLANE_ANGLE_UNIT() SI_UNIT($,.RADIAN.) );
#3526 = ( NAMED_UNIT(*) SI_UNIT($,.STERADIAN.) SOLID_ANGLE_UNIT() );
#3527 = UNCERTAINTY_MEASURE_WITH_UNIT(LENGTH_MEASURE(1.E-07),#3524,
  'distance_accuracy_value','confusion accuracy');
#3528 = CONTEXT_DEPENDENT_SHAPE_REPRESENTATION(#3529,#3531);
#3529 = ( REPRESENTATION_RELATIONSHIP('','',#3514,#32) 
REPRESENTATION_RELATIONSHIP_WITH_TRANSFORMATION(#3530) 
SHAPE_REPRESENTATION_RELATIONSHIP() );
#3530 = ITEM_DEFINED_TRANSFORMATION('','',#11,#285);
#3531 = PRODUCT_DEFINITION_SHAPE('Placement','Placement of an item',
  #3532);
#3532 = NEXT_ASSEMBLY_USAGE_OCCURRENCE('2241','1039931_IAM_224','',#27,
  #3509,$);
#3533 = PRODUCT_RELATED_PRODUCT_CATEGORY('part',$,(#3511));
#3534 = CONTEXT_DEPENDENT_SHAPE_REPRESENTATION(#3535,#3537);
#3535 = ( REPRESENTATION_RELATIONSHIP('','',#1383,#3514) 
REPRESENTATION_RELATIONSHIP_WITH_TRANSFORMATION(#3536) 
SHAPE_REPRESENTATION_RELATIONSHIP() );
#3536 = ITEM_DEFINED_TRANSFORMATION('','',#11,#3515);
#3537 = PRODUCT_DEFINITION_SHAPE('Placement','Placement of an item',
  #3538);
#3538 = NEXT_ASSEMBLY_USAGE_OCCURRENCE('2239','1039929_IPT_224','',#3509
  ,#1378,$);
#3539 = CONTEXT_DEPENDENT_SHAPE_REPRESENTATION(#3540,#3542);
#3540 = ( REPRESENTATION_RELATIONSHIP('','',#1816,#3514) 
REPRESENTATION_RELATIONSHIP_WITH_TRANSFORMATION(#3541) 
SHAPE_REPRESENTATION_RELATIONSHIP() );
#3541 = ITEM_DEFINED_TRANSFORMATION('','',#11,#3519);
#3542 = PRODUCT_DEFINITION_SHAPE('Placement','Placement of an item',
  #3543);
#3543 = NEXT_ASSEMBLY_USAGE_OCCURRENCE('2240','1039930_IPT_224','',#3509
  ,#1811,$);
#3544 = CONTEXT_DEPENDENT_SHAPE_REPRESENTATION(#3545,#3547);
#3545 = ( REPRESENTATION_RELATIONSHIP('','',#331,#32) 
REPRESENTATION_RELATIONSHIP_WITH_TRANSFORMATION(#3546) 
SHAPE_REPRESENTATION_RELATIONSHIP() );
#3546 = ITEM_DEFINED_TRANSFORMATION('','',#11,#289);
#3547 = PRODUCT_DEFINITION_SHAPE('Placement','Placement of an item',
  #3548);
#3548 = NEXT_ASSEMBLY_USAGE_OCCURRENCE('2242','F1000S1120M007B225','',
  #27,#326,$);
#3549 = SHAPE_DEFINITION_REPRESENTATION(#3550,#3556);
#3550 = PRODUCT_DEFINITION_SHAPE('','',#3551);
#3551 = PRODUCT_DEFINITION('design','',#3552,#3555);
#3552 = PRODUCT_DEFINITION_FORMATION('','',#3553);
#3553 = PRODUCT('1039931_IAM_225','1039931_IAM_225','',(#3554));
#3554 = PRODUCT_CONTEXT('',#2,'mechanical');
#3555 = PRODUCT_DEFINITION_CONTEXT('part definition',#2,'design');
#3556 = SHAPE_REPRESENTATION('',(#11,#3557,#3561),#3565);
#3557 = AXIS2_PLACEMENT_3D('',#3558,#3559,#3560);
#3558 = CARTESIAN_POINT('',(0.,0.,0.));
#3559 = DIRECTION('',(0.,0.,1.));
#3560 = DIRECTION('',(1.,0.,0.));
#3561 = AXIS2_PLACEMENT_3D('',#3562,#3563,#3564);
#3562 = CARTESIAN_POINT('',(-4.51028103754E-16,0.574523821802,0.));
#3563 = DIRECTION('',(0.,0.,-1.));
#3564 = DIRECTION('',(1.,0.,0.));
#3565 = ( GEOMETRIC_REPRESENTATION_CONTEXT(3) 
GLOBAL_UNCERTAINTY_ASSIGNED_CONTEXT((#3569)) 
GLOBAL_UNIT_ASSIGNED_CONTEXT((#3566,#3567,#3568)) REPRESENTATION_CONTEXT
('Context #1','3D Context with UNIT and UNCERTAINTY') );
#3566 = ( LENGTH_UNIT() NAMED_UNIT(*) SI_UNIT(.MILLI.,.METRE.) );
#3567 = ( NAMED_UNIT(*) PLANE_ANGLE_UNIT() SI_UNIT($,.RADIAN.) );
#3568 = ( NAMED_UNIT(*) SI_UNIT($,.STERADIAN.) SOLID_ANGLE_UNIT() );
#3569 = UNCERTAINTY_MEASURE_WITH_UNIT(LENGTH_MEASURE(1.E-07),#3566,
  'distance_accuracy_value','confusion accuracy');
#3570 = CONTEXT_DEPENDENT_SHAPE_REPRESENTATION(#3571,#3573);
#3571 = ( REPRESENTATION_RELATIONSHIP('','',#3556,#32) 
REPRESENTATION_RELATIONSHIP_WITH_TRANSFORMATION(#3572) 
SHAPE_REPRESENTATION_RELATIONSHIP() );
#3572 = ITEM_DEFINED_TRANSFORMATION('','',#11,#293);
#3573 = PRODUCT_DEFINITION_SHAPE('Placement','Placement of an item',
  #3574);
#3574 = NEXT_ASSEMBLY_USAGE_OCCURRENCE('2245','1039931_IAM_225','',#27,
  #3551,$);
#3575 = PRODUCT_RELATED_PRODUCT_CATEGORY('part',$,(#3553));
#3576 = CONTEXT_DEPENDENT_SHAPE_REPRESENTATION(#3577,#3579);
#3577 = ( REPRESENTATION_RELATIONSHIP('','',#1383,#3556) 
REPRESENTATION_RELATIONSHIP_WITH_TRANSFORMATION(#3578) 
SHAPE_REPRESENTATION_RELATIONSHIP() );
#3578 = ITEM_DEFINED_TRANSFORMATION('','',#11,#3557);
#3579 = PRODUCT_DEFINITION_SHAPE('Placement','Placement of an item',
  #3580);
#3580 = NEXT_ASSEMBLY_USAGE_OCCURRENCE('2243','1039929_IPT_225','',#3551
  ,#1378,$);
#3581 = CONTEXT_DEPENDENT_SHAPE_REPRESENTATION(#3582,#3584);
#3582 = ( REPRESENTATION_RELATIONSHIP('','',#1816,#3556) 
REPRESENTATION_RELATIONSHIP_WITH_TRANSFORMATION(#3583) 
SHAPE_REPRESENTATION_RELATIONSHIP() );
#3583 = ITEM_DEFINED_TRANSFORMATION('','',#11,#3561);
#3584 = PRODUCT_DEFINITION_SHAPE('Placement','Placement of an item',
  #3585);
#3585 = NEXT_ASSEMBLY_USAGE_OCCURRENCE('2244','1039930_IPT_225','',#3551
  ,#1811,$);
#3586 = CONTEXT_DEPENDENT_SHAPE_REPRESENTATION(#3587,#3589);
#3587 = ( REPRESENTATION_RELATIONSHIP('','',#331,#32) 
REPRESENTATION_RELATIONSHIP_WITH_TRANSFORMATION(#3588) 
SHAPE_REPRESENTATION_RELATIONSHIP() );
#3588 = ITEM_DEFINED_TRANSFORMATION('','',#11,#297);
#3589 = PRODUCT_DEFINITION_SHAPE('Placement','Placement of an item',
  #3590);
#3590 = NEXT_ASSEMBLY_USAGE_OCCURRENCE('2246','F1000S1120M007B226','',
  #27,#326,$);
#3591 = SHAPE_DEFINITION_REPRESENTATION(#3592,#3598);
#3592 = PRODUCT_DEFINITION_SHAPE('','',#3593);
#3593 = PRODUCT_DEFINITION('design','',#3594,#3597);
#3594 = PRODUCT_DEFINITION_FORMATION('','',#3595);
#3595 = PRODUCT('1039931_IAM_226','1039931_IAM_226','',(#3596));
#3596 = PRODUCT_CONTEXT('',#2,'mechanical');
#3597 = PRODUCT_DEFINITION_CONTEXT('part definition',#2,'design');
#3598 = SHAPE_REPRESENTATION('',(#11,#3599,#3603),#3607);
#3599 = AXIS2_PLACEMENT_3D('',#3600,#3601,#3602);
#3600 = CARTESIAN_POINT('',(0.,0.,0.));
#3601 = DIRECTION('',(0.,0.,1.));
#3602 = DIRECTION('',(1.,0.,0.));
#3603 = AXIS2_PLACEMENT_3D('',#3604,#3605,#3606);
#3604 = CARTESIAN_POINT('',(-4.51028103754E-16,0.574523821802,0.));
#3605 = DIRECTION('',(0.,0.,-1.));
#3606 = DIRECTION('',(1.,0.,0.));
#3607 = ( GEOMETRIC_REPRESENTATION_CONTEXT(3) 
GLOBAL_UNCERTAINTY_ASSIGNED_CONTEXT((#3611)) 
GLOBAL_UNIT_ASSIGNED_CONTEXT((#3608,#3609,#3610)) REPRESENTATION_CONTEXT
('Context #1','3D Context with UNIT and UNCERTAINTY') );
#3608 = ( LENGTH_UNIT() NAMED_UNIT(*) SI_UNIT(.MILLI.,.METRE.) );
#3609 = ( NAMED_UNIT(*) PLANE_ANGLE_UNIT() SI_UNIT($,.RADIAN.) );
#3610 = ( NAMED_UNIT(*) SI_UNIT($,.STERADIAN.) SOLID_ANGLE_UNIT() );
#3611 = UNCERTAINTY_MEASURE_WITH_UNIT(LENGTH_MEASURE(1.E-07),#3608,
  'distance_accuracy_value','confusion accuracy');
#3612 = CONTEXT_DEPENDENT_SHAPE_REPRESENTATION(#3613,#3615);
#3613 = ( REPRESENTATION_RELATIONSHIP('','',#3598,#32) 
REPRESENTATION_RELATIONSHIP_WITH_TRANSFORMATION(#3614) 
SHAPE_REPRESENTATION_RELATIONSHIP() );
#3614 = ITEM_DEFINED_TRANSFORMATION('','',#11,#301);
#3615 = PRODUCT_DEFINITION_SHAPE('Placement','Placement of an item',
  #3616);
#3616 = NEXT_ASSEMBLY_USAGE_OCCURRENCE('2249','1039931_IAM_226','',#27,
  #3593,$);
#3617 = PRODUCT_RELATED_PRODUCT_CATEGORY('part',$,(#3595));
#3618 = CONTEXT_DEPENDENT_SHAPE_REPRESENTATION(#3619,#3621);
#3619 = ( REPRESENTATION_RELATIONSHIP('','',#1383,#3598) 
REPRESENTATION_RELATIONSHIP_WITH_TRANSFORMATION(#3620) 
SHAPE_REPRESENTATION_RELATIONSHIP() );
#3620 = ITEM_DEFINED_TRANSFORMATION('','',#11,#3599);
#3621 = PRODUCT_DEFINITION_SHAPE('Placement','Placement of an item',
  #3622);
#3622 = NEXT_ASSEMBLY_USAGE_OCCURRENCE('2247','1039929_IPT_226','',#3593
  ,#1378,$);
#3623 = CONTEXT_DEPENDENT_SHAPE_REPRESENTATION(#3624,#3626);
#3624 = ( REPRESENTATION_RELATIONSHIP('','',#1816,#3598) 
REPRESENTATION_RELATIONSHIP_WITH_TRANSFORMATION(#3625) 
SHAPE_REPRESENTATION_RELATIONSHIP() );
#3625 = ITEM_DEFINED_TRANSFORMATION('','',#11,#3603);
#3626 = PRODUCT_DEFINITION_SHAPE('Placement','Placement of an item',
  #3627);
#3627 = NEXT_ASSEMBLY_USAGE_OCCURRENCE('2248','1039930_IPT_226','',#3593
  ,#1811,$);
#3628 = CONTEXT_DEPENDENT_SHAPE_REPRESENTATION(#3629,#3631);
#3629 = ( REPRESENTATION_RELATIONSHIP('','',#331,#32) 
REPRESENTATION_RELATIONSHIP_WITH_TRANSFORMATION(#3630) 
SHAPE_REPRESENTATION_RELATIONSHIP() );
#3630 = ITEM_DEFINED_TRANSFORMATION('','',#11,#305);
#3631 = PRODUCT_DEFINITION_SHAPE('Placement','Placement of an item',
  #3632);
#3632 = NEXT_ASSEMBLY_USAGE_OCCURRENCE('2250','F1000S1120M007B227','',
  #27,#326,$);
#3633 = SHAPE_DEFINITION_REPRESENTATION(#3634,#3640);
#3634 = PRODUCT_DEFINITION_SHAPE('','',#3635);
#3635 = PRODUCT_DEFINITION('design','',#3636,#3639);
#3636 = PRODUCT_DEFINITION_FORMATION('','',#3637);
#3637 = PRODUCT('1039931_IAM_227','1039931_IAM_227','',(#3638));
#3638 = PRODUCT_CONTEXT('',#2,'mechanical');
#3639 = PRODUCT_DEFINITION_CONTEXT('part definition',#2,'design');
#3640 = SHAPE_REPRESENTATION('',(#11,#3641,#3645),#3649);
#3641 = AXIS2_PLACEMENT_3D('',#3642,#3643,#3644);
#3642 = CARTESIAN_POINT('',(0.,0.,0.));
#3643 = DIRECTION('',(0.,0.,1.));
#3644 = DIRECTION('',(1.,0.,0.));
#3645 = AXIS2_PLACEMENT_3D('',#3646,#3647,#3648);
#3646 = CARTESIAN_POINT('',(-4.51028103754E-16,0.574523821802,0.));
#3647 = DIRECTION('',(0.,0.,-1.));
#3648 = DIRECTION('',(1.,0.,0.));
#3649 = ( GEOMETRIC_REPRESENTATION_CONTEXT(3) 
GLOBAL_UNCERTAINTY_ASSIGNED_CONTEXT((#3653)) 
GLOBAL_UNIT_ASSIGNED_CONTEXT((#3650,#3651,#3652)) REPRESENTATION_CONTEXT
('Context #1','3D Context with UNIT and UNCERTAINTY') );
#3650 = ( LENGTH_UNIT() NAMED_UNIT(*) SI_UNIT(.MILLI.,.METRE.) );
#3651 = ( NAMED_UNIT(*) PLANE_ANGLE_UNIT() SI_UNIT($,.RADIAN.) );
#3652 = ( NAMED_UNIT(*) SI_UNIT($,.STERADIAN.) SOLID_ANGLE_UNIT() );
#3653 = UNCERTAINTY_MEASURE_WITH_UNIT(LENGTH_MEASURE(1.E-07),#3650,
  'distance_accuracy_value','confusion accuracy');
#3654 = CONTEXT_DEPENDENT_SHAPE_REPRESENTATION(#3655,#3657);
#3655 = ( REPRESENTATION_RELATIONSHIP('','',#3640,#32) 
REPRESENTATION_RELATIONSHIP_WITH_TRANSFORMATION(#3656) 
SHAPE_REPRESENTATION_RELATIONSHIP() );
#3656 = ITEM_DEFINED_TRANSFORMATION('','',#11,#309);
#3657 = PRODUCT_DEFINITION_SHAPE('Placement','Placement of an item',
  #3658);
#3658 = NEXT_ASSEMBLY_USAGE_OCCURRENCE('2253','1039931_IAM_227','',#27,
  #3635,$);
#3659 = PRODUCT_RELATED_PRODUCT_CATEGORY('part',$,(#3637));
#3660 = CONTEXT_DEPENDENT_SHAPE_REPRESENTATION(#3661,#3663);
#3661 = ( REPRESENTATION_RELATIONSHIP('','',#1383,#3640) 
REPRESENTATION_RELATIONSHIP_WITH_TRANSFORMATION(#3662) 
SHAPE_REPRESENTATION_RELATIONSHIP() );
#3662 = ITEM_DEFINED_TRANSFORMATION('','',#11,#3641);
#3663 = PRODUCT_DEFINITION_SHAPE('Placement','Placement of an item',
  #3664);
#3664 = NEXT_ASSEMBLY_USAGE_OCCURRENCE('2251','1039929_IPT_227','',#3635
  ,#1378,$);
#3665 = CONTEXT_DEPENDENT_SHAPE_REPRESENTATION(#3666,#3668);
#3666 = ( REPRESENTATION_RELATIONSHIP('','',#1816,#3640) 
REPRESENTATION_RELATIONSHIP_WITH_TRANSFORMATION(#3667) 
SHAPE_REPRESENTATION_RELATIONSHIP() );
#3667 = ITEM_DEFINED_TRANSFORMATION('','',#11,#3645);
#3668 = PRODUCT_DEFINITION_SHAPE('Placement','Placement of an item',
  #3669);
#3669 = NEXT_ASSEMBLY_USAGE_OCCURRENCE('2252','1039930_IPT_227','',#3635
  ,#1811,$);
#3670 = SHAPE_DEFINITION_REPRESENTATION(#2245,#3671);
#3671 = SHAPE_REPRESENTATION('',(#41),#1338);
#3672 = SHAPE_DEFINITION_REPRESENTATION(#2277,#3673);
#3673 = SHAPE_REPRESENTATION('',(#2255),#1798);
#3674 = SHAPE_DEFINITION_REPRESENTATION(#2282,#3675);
#3675 = SHAPE_REPRESENTATION('',(#2259),#2231);
#3676 = SHAPE_DEFINITION_REPRESENTATION(#2277,#3677);
#3677 = SHAPE_REPRESENTATION('',(#2255),#1798);
#3678 = SHAPE_DEFINITION_REPRESENTATION(#2282,#3679);
#3679 = SHAPE_REPRESENTATION('',(#2259),#2231);
#3680 = SHAPE_DEFINITION_REPRESENTATION(#2287,#3681);
#3681 = SHAPE_REPRESENTATION('',(#49),#1338);
#3682 = SHAPE_DEFINITION_REPRESENTATION(#2319,#3683);
#3683 = SHAPE_REPRESENTATION('',(#2297),#1798);
#3684 = SHAPE_DEFINITION_REPRESENTATION(#2324,#3685);
#3685 = SHAPE_REPRESENTATION('',(#2301),#2231);
#3686 = SHAPE_DEFINITION_REPRESENTATION(#2319,#3687);
#3687 = SHAPE_REPRESENTATION('',(#2297),#1798);
#3688 = SHAPE_DEFINITION_REPRESENTATION(#2324,#3689);
#3689 = SHAPE_REPRESENTATION('',(#2301),#2231);
#3690 = SHAPE_DEFINITION_REPRESENTATION(#2329,#3691);
#3691 = SHAPE_REPRESENTATION('',(#57),#1338);
#3692 = SHAPE_DEFINITION_REPRESENTATION(#2361,#3693);
#3693 = SHAPE_REPRESENTATION('',(#2339),#1798);
#3694 = SHAPE_DEFINITION_REPRESENTATION(#2366,#3695);
#3695 = SHAPE_REPRESENTATION('',(#2343),#2231);
#3696 = SHAPE_DEFINITION_REPRESENTATION(#2361,#3697);
#3697 = SHAPE_REPRESENTATION('',(#2339),#1798);
#3698 = SHAPE_DEFINITION_REPRESENTATION(#2366,#3699);
#3699 = SHAPE_REPRESENTATION('',(#2343),#2231);
#3700 = SHAPE_DEFINITION_REPRESENTATION(#2371,#3701);
#3701 = SHAPE_REPRESENTATION('',(#65),#1338);
#3702 = SHAPE_DEFINITION_REPRESENTATION(#2403,#3703);
#3703 = SHAPE_REPRESENTATION('',(#2381),#1798);
#3704 = SHAPE_DEFINITION_REPRESENTATION(#2408,#3705);
#3705 = SHAPE_REPRESENTATION('',(#2385),#2231);
#3706 = SHAPE_DEFINITION_REPRESENTATION(#2403,#3707);
#3707 = SHAPE_REPRESENTATION('',(#2381),#1798);
#3708 = SHAPE_DEFINITION_REPRESENTATION(#2408,#3709);
#3709 = SHAPE_REPRESENTATION('',(#2385),#2231);
#3710 = SHAPE_DEFINITION_REPRESENTATION(#2413,#3711);
#3711 = SHAPE_REPRESENTATION('',(#73),#1338);
#3712 = SHAPE_DEFINITION_REPRESENTATION(#2445,#3713);
#3713 = SHAPE_REPRESENTATION('',(#2423),#1798);
#3714 = SHAPE_DEFINITION_REPRESENTATION(#2450,#3715);
#3715 = SHAPE_REPRESENTATION('',(#2427),#2231);
#3716 = SHAPE_DEFINITION_REPRESENTATION(#2445,#3717);
#3717 = SHAPE_REPRESENTATION('',(#2423),#1798);
#3718 = SHAPE_DEFINITION_REPRESENTATION(#2450,#3719);
#3719 = SHAPE_REPRESENTATION('',(#2427),#2231);
#3720 = SHAPE_DEFINITION_REPRESENTATION(#2455,#3721);
#3721 = SHAPE_REPRESENTATION('',(#81),#1338);
#3722 = SHAPE_DEFINITION_REPRESENTATION(#2487,#3723);
#3723 = SHAPE_REPRESENTATION('',(#2465),#1798);
#3724 = SHAPE_DEFINITION_REPRESENTATION(#2492,#3725);
#3725 = SHAPE_REPRESENTATION('',(#2469),#2231);
#3726 = SHAPE_DEFINITION_REPRESENTATION(#2487,#3727);
#3727 = SHAPE_REPRESENTATION('',(#2465),#1798);
#3728 = SHAPE_DEFINITION_REPRESENTATION(#2492,#3729);
#3729 = SHAPE_REPRESENTATION('',(#2469),#2231);
#3730 = SHAPE_DEFINITION_REPRESENTATION(#2497,#3731);
#3731 = SHAPE_REPRESENTATION('',(#89),#1338);
#3732 = SHAPE_DEFINITION_REPRESENTATION(#2529,#3733);
#3733 = SHAPE_REPRESENTATION('',(#2507),#1798);
#3734 = SHAPE_DEFINITION_REPRESENTATION(#2534,#3735);
#3735 = SHAPE_REPRESENTATION('',(#2511),#2231);
#3736 = SHAPE_DEFINITION_REPRESENTATION(#2529,#3737);
#3737 = SHAPE_REPRESENTATION('',(#2507),#1798);
#3738 = SHAPE_DEFINITION_REPRESENTATION(#2534,#3739);
#3739 = SHAPE_REPRESENTATION('',(#2511),#2231);
#3740 = SHAPE_DEFINITION_REPRESENTATION(#2539,#3741);
#3741 = SHAPE_REPRESENTATION('',(#97),#1338);
#3742 = SHAPE_DEFINITION_REPRESENTATION(#2571,#3743);
#3743 = SHAPE_REPRESENTATION('',(#2549),#1798);
#3744 = SHAPE_DEFINITION_REPRESENTATION(#2576,#3745);
#3745 = SHAPE_REPRESENTATION('',(#2553),#2231);
#3746 = SHAPE_DEFINITION_REPRESENTATION(#2571,#3747);
#3747 = SHAPE_REPRESENTATION('',(#2549),#1798);
#3748 = SHAPE_DEFINITION_REPRESENTATION(#2576,#3749);
#3749 = SHAPE_REPRESENTATION('',(#2553),#2231);
#3750 = SHAPE_DEFINITION_REPRESENTATION(#2581,#3751);
#3751 = SHAPE_REPRESENTATION('',(#105),#1338);
#3752 = SHAPE_DEFINITION_REPRESENTATION(#2613,#3753);
#3753 = SHAPE_REPRESENTATION('',(#2591),#1798);
#3754 = SHAPE_DEFINITION_REPRESENTATION(#2618,#3755);
#3755 = SHAPE_REPRESENTATION('',(#2595),#2231);
#3756 = SHAPE_DEFINITION_REPRESENTATION(#2613,#3757);
#3757 = SHAPE_REPRESENTATION('',(#2591),#1798);
#3758 = SHAPE_DEFINITION_REPRESENTATION(#2618,#3759);
#3759 = SHAPE_REPRESENTATION('',(#2595),#2231);
#3760 = SHAPE_DEFINITION_REPRESENTATION(#2623,#3761);
#3761 = SHAPE_REPRESENTATION('',(#113),#1338);
#3762 = SHAPE_DEFINITION_REPRESENTATION(#2655,#3763);
#3763 = SHAPE_REPRESENTATION('',(#2633),#1798);
#3764 = SHAPE_DEFINITION_REPRESENTATION(#2660,#3765);
#3765 = SHAPE_REPRESENTATION('',(#2637),#2231);
#3766 = SHAPE_DEFINITION_REPRESENTATION(#2655,#3767);
#3767 = SHAPE_REPRESENTATION('',(#2633),#1798);
#3768 = SHAPE_DEFINITION_REPRESENTATION(#2660,#3769);
#3769 = SHAPE_REPRESENTATION('',(#2637),#2231);
#3770 = SHAPE_DEFINITION_REPRESENTATION(#2665,#3771);
#3771 = SHAPE_REPRESENTATION('',(#121),#1338);
#3772 = SHAPE_DEFINITION_REPRESENTATION(#2697,#3773);
#3773 = SHAPE_REPRESENTATION('',(#2675),#1798);
#3774 = SHAPE_DEFINITION_REPRESENTATION(#2702,#3775);
#3775 = SHAPE_REPRESENTATION('',(#2679),#2231);
#3776 = SHAPE_DEFINITION_REPRESENTATION(#2697,#3777);
#3777 = SHAPE_REPRESENTATION('',(#2675),#1798);
#3778 = SHAPE_DEFINITION_REPRESENTATION(#2702,#3779);
#3779 = SHAPE_REPRESENTATION('',(#2679),#2231);
#3780 = SHAPE_DEFINITION_REPRESENTATION(#2707,#3781);
#3781 = SHAPE_REPRESENTATION('',(#129),#1338);
#3782 = SHAPE_DEFINITION_REPRESENTATION(#2739,#3783);
#3783 = SHAPE_REPRESENTATION('',(#2717),#1798);
#3784 = SHAPE_DEFINITION_REPRESENTATION(#2744,#3785);
#3785 = SHAPE_REPRESENTATION('',(#2721),#2231);
#3786 = SHAPE_DEFINITION_REPRESENTATION(#2739,#3787);
#3787 = SHAPE_REPRESENTATION('',(#2717),#1798);
#3788 = SHAPE_DEFINITION_REPRESENTATION(#2744,#3789);
#3789 = SHAPE_REPRESENTATION('',(#2721),#2231);
#3790 = SHAPE_DEFINITION_REPRESENTATION(#2749,#3791);
#3791 = SHAPE_REPRESENTATION('',(#137),#1338);
#3792 = SHAPE_DEFINITION_REPRESENTATION(#2781,#3793);
#3793 = SHAPE_REPRESENTATION('',(#2759),#1798);
#3794 = SHAPE_DEFINITION_REPRESENTATION(#2786,#3795);
#3795 = SHAPE_REPRESENTATION('',(#2763),#2231);
#3796 = SHAPE_DEFINITION_REPRESENTATION(#2781,#3797);
#3797 = SHAPE_REPRESENTATION('',(#2759),#1798);
#3798 = SHAPE_DEFINITION_REPRESENTATION(#2786,#3799);
#3799 = SHAPE_REPRESENTATION('',(#2763),#2231);
#3800 = SHAPE_DEFINITION_REPRESENTATION(#2791,#3801);
#3801 = SHAPE_REPRESENTATION('',(#145),#1338);
#3802 = SHAPE_DEFINITION_REPRESENTATION(#2823,#3803);
#3803 = SHAPE_REPRESENTATION('',(#2801),#1798);
#3804 = SHAPE_DEFINITION_REPRESENTATION(#2828,#3805);
#3805 = SHAPE_REPRESENTATION('',(#2805),#2231);
#3806 = SHAPE_DEFINITION_REPRESENTATION(#2823,#3807);
#3807 = SHAPE_REPRESENTATION('',(#2801),#1798);
#3808 = SHAPE_DEFINITION_REPRESENTATION(#2828,#3809);
#3809 = SHAPE_REPRESENTATION('',(#2805),#2231);
#3810 = SHAPE_DEFINITION_REPRESENTATION(#2833,#3811);
#3811 = SHAPE_REPRESENTATION('',(#153),#1338);
#3812 = SHAPE_DEFINITION_REPRESENTATION(#2865,#3813);
#3813 = SHAPE_REPRESENTATION('',(#2843),#1798);
#3814 = SHAPE_DEFINITION_REPRESENTATION(#2870,#3815);
#3815 = SHAPE_REPRESENTATION('',(#2847),#2231);
#3816 = SHAPE_DEFINITION_REPRESENTATION(#2865,#3817);
#3817 = SHAPE_REPRESENTATION('',(#2843),#1798);
#3818 = SHAPE_DEFINITION_REPRESENTATION(#2870,#3819);
#3819 = SHAPE_REPRESENTATION('',(#2847),#2231);
#3820 = SHAPE_DEFINITION_REPRESENTATION(#2875,#3821);
#3821 = SHAPE_REPRESENTATION('',(#161),#1338);
#3822 = SHAPE_DEFINITION_REPRESENTATION(#2907,#3823);
#3823 = SHAPE_REPRESENTATION('',(#2885),#1798);
#3824 = SHAPE_DEFINITION_REPRESENTATION(#2912,#3825);
#3825 = SHAPE_REPRESENTATION('',(#2889),#2231);
#3826 = SHAPE_DEFINITION_REPRESENTATION(#2907,#3827);
#3827 = SHAPE_REPRESENTATION('',(#2885),#1798);
#3828 = SHAPE_DEFINITION_REPRESENTATION(#2912,#3829);
#3829 = SHAPE_REPRESENTATION('',(#2889),#2231);
#3830 = SHAPE_DEFINITION_REPRESENTATION(#2917,#3831);
#3831 = SHAPE_REPRESENTATION('',(#169),#1338);
#3832 = SHAPE_DEFINITION_REPRESENTATION(#2949,#3833);
#3833 = SHAPE_REPRESENTATION('',(#2927),#1798);
#3834 = SHAPE_DEFINITION_REPRESENTATION(#2954,#3835);
#3835 = SHAPE_REPRESENTATION('',(#2931),#2231);
#3836 = SHAPE_DEFINITION_REPRESENTATION(#2949,#3837);
#3837 = SHAPE_REPRESENTATION('',(#2927),#1798);
#3838 = SHAPE_DEFINITION_REPRESENTATION(#2954,#3839);
#3839 = SHAPE_REPRESENTATION('',(#2931),#2231);
#3840 = SHAPE_DEFINITION_REPRESENTATION(#2959,#3841);
#3841 = SHAPE_REPRESENTATION('',(#177),#1338);
#3842 = SHAPE_DEFINITION_REPRESENTATION(#2991,#3843);
#3843 = SHAPE_REPRESENTATION('',(#2969),#1798);
#3844 = SHAPE_DEFINITION_REPRESENTATION(#2996,#3845);
#3845 = SHAPE_REPRESENTATION('',(#2973),#2231);
#3846 = SHAPE_DEFINITION_REPRESENTATION(#2991,#3847);
#3847 = SHAPE_REPRESENTATION('',(#2969),#1798);
#3848 = SHAPE_DEFINITION_REPRESENTATION(#2996,#3849);
#3849 = SHAPE_REPRESENTATION('',(#2973),#2231);
#3850 = SHAPE_DEFINITION_REPRESENTATION(#3001,#3851);
#3851 = SHAPE_REPRESENTATION('',(#185),#1338);
#3852 = SHAPE_DEFINITION_REPRESENTATION(#3033,#3853);
#3853 = SHAPE_REPRESENTATION('',(#3011),#1798);
#3854 = SHAPE_DEFINITION_REPRESENTATION(#3038,#3855);
#3855 = SHAPE_REPRESENTATION('',(#3015),#2231);
#3856 = SHAPE_DEFINITION_REPRESENTATION(#3033,#3857);
#3857 = SHAPE_REPRESENTATION('',(#3011),#1798);
#3858 = SHAPE_DEFINITION_REPRESENTATION(#3038,#3859);
#3859 = SHAPE_REPRESENTATION('',(#3015),#2231);
#3860 = SHAPE_DEFINITION_REPRESENTATION(#3043,#3861);
#3861 = SHAPE_REPRESENTATION('',(#193),#1338);
#3862 = SHAPE_DEFINITION_REPRESENTATION(#3075,#3863);
#3863 = SHAPE_REPRESENTATION('',(#3053),#1798);
#3864 = SHAPE_DEFINITION_REPRESENTATION(#3080,#3865);
#3865 = SHAPE_REPRESENTATION('',(#3057),#2231);
#3866 = SHAPE_DEFINITION_REPRESENTATION(#3075,#3867);
#3867 = SHAPE_REPRESENTATION('',(#3053),#1798);
#3868 = SHAPE_DEFINITION_REPRESENTATION(#3080,#3869);
#3869 = SHAPE_REPRESENTATION('',(#3057),#2231);
#3870 = SHAPE_DEFINITION_REPRESENTATION(#3085,#3871);
#3871 = SHAPE_REPRESENTATION('',(#201),#1338);
#3872 = SHAPE_DEFINITION_REPRESENTATION(#3117,#3873);
#3873 = SHAPE_REPRESENTATION('',(#3095),#1798);
#3874 = SHAPE_DEFINITION_REPRESENTATION(#3122,#3875);
#3875 = SHAPE_REPRESENTATION('',(#3099),#2231);
#3876 = SHAPE_DEFINITION_REPRESENTATION(#3117,#3877);
#3877 = SHAPE_REPRESENTATION('',(#3095),#1798);
#3878 = SHAPE_DEFINITION_REPRESENTATION(#3122,#3879);
#3879 = SHAPE_REPRESENTATION('',(#3099),#2231);
#3880 = SHAPE_DEFINITION_REPRESENTATION(#3127,#3881);
#3881 = SHAPE_REPRESENTATION('',(#209),#1338);
#3882 = SHAPE_DEFINITION_REPRESENTATION(#3159,#3883);
#3883 = SHAPE_REPRESENTATION('',(#3137),#1798);
#3884 = SHAPE_DEFINITION_REPRESENTATION(#3164,#3885);
#3885 = SHAPE_REPRESENTATION('',(#3141),#2231);
#3886 = SHAPE_DEFINITION_REPRESENTATION(#3159,#3887);
#3887 = SHAPE_REPRESENTATION('',(#3137),#1798);
#3888 = SHAPE_DEFINITION_REPRESENTATION(#3164,#3889);
#3889 = SHAPE_REPRESENTATION('',(#3141),#2231);
#3890 = SHAPE_DEFINITION_REPRESENTATION(#3169,#3891);
#3891 = SHAPE_REPRESENTATION('',(#217),#1338);
#3892 = SHAPE_DEFINITION_REPRESENTATION(#3201,#3893);
#3893 = SHAPE_REPRESENTATION('',(#3179),#1798);
#3894 = SHAPE_DEFINITION_REPRESENTATION(#3206,#3895);
#3895 = SHAPE_REPRESENTATION('',(#3183),#2231);
#3896 = SHAPE_DEFINITION_REPRESENTATION(#3201,#3897);
#3897 = SHAPE_REPRESENTATION('',(#3179),#1798);
#3898 = SHAPE_DEFINITION_REPRESENTATION(#3206,#3899);
#3899 = SHAPE_REPRESENTATION('',(#3183),#2231);
#3900 = SHAPE_DEFINITION_REPRESENTATION(#3211,#3901);
#3901 = SHAPE_REPRESENTATION('',(#225),#1338);
#3902 = SHAPE_DEFINITION_REPRESENTATION(#3243,#3903);
#3903 = SHAPE_REPRESENTATION('',(#3221),#1798);
#3904 = SHAPE_DEFINITION_REPRESENTATION(#3248,#3905);
#3905 = SHAPE_REPRESENTATION('',(#3225),#2231);
#3906 = SHAPE_DEFINITION_REPRESENTATION(#3243,#3907);
#3907 = SHAPE_REPRESENTATION('',(#3221),#1798);
#3908 = SHAPE_DEFINITION_REPRESENTATION(#3248,#3909);
#3909 = SHAPE_REPRESENTATION('',(#3225),#2231);
#3910 = SHAPE_DEFINITION_REPRESENTATION(#3253,#3911);
#3911 = SHAPE_REPRESENTATION('',(#233),#1338);
#3912 = SHAPE_DEFINITION_REPRESENTATION(#3285,#3913);
#3913 = SHAPE_REPRESENTATION('',(#3263),#1798);
#3914 = SHAPE_DEFINITION_REPRESENTATION(#3290,#3915);
#3915 = SHAPE_REPRESENTATION('',(#3267),#2231);
#3916 = SHAPE_DEFINITION_REPRESENTATION(#3285,#3917);
#3917 = SHAPE_REPRESENTATION('',(#3263),#1798);
#3918 = SHAPE_DEFINITION_REPRESENTATION(#3290,#3919);
#3919 = SHAPE_REPRESENTATION('',(#3267),#2231);
#3920 = SHAPE_DEFINITION_REPRESENTATION(#3295,#3921);
#3921 = SHAPE_REPRESENTATION('',(#241),#1338);
#3922 = SHAPE_DEFINITION_REPRESENTATION(#3327,#3923);
#3923 = SHAPE_REPRESENTATION('',(#3305),#1798);
#3924 = SHAPE_DEFINITION_REPRESENTATION(#3332,#3925);
#3925 = SHAPE_REPRESENTATION('',(#3309),#2231);
#3926 = SHAPE_DEFINITION_REPRESENTATION(#3327,#3927);
#3927 = SHAPE_REPRESENTATION('',(#3305),#1798);
#3928 = SHAPE_DEFINITION_REPRESENTATION(#3332,#3929);
#3929 = SHAPE_REPRESENTATION('',(#3309),#2231);
#3930 = SHAPE_DEFINITION_REPRESENTATION(#3337,#3931);
#3931 = SHAPE_REPRESENTATION('',(#249),#1338);
#3932 = SHAPE_DEFINITION_REPRESENTATION(#3369,#3933);
#3933 = SHAPE_REPRESENTATION('',(#3347),#1798);
#3934 = SHAPE_DEFINITION_REPRESENTATION(#3374,#3935);
#3935 = SHAPE_REPRESENTATION('',(#3351),#2231);
#3936 = SHAPE_DEFINITION_REPRESENTATION(#3369,#3937);
#3937 = SHAPE_REPRESENTATION('',(#3347),#1798);
#3938 = SHAPE_DEFINITION_REPRESENTATION(#3374,#3939);
#3939 = SHAPE_REPRESENTATION('',(#3351),#2231);
#3940 = SHAPE_DEFINITION_REPRESENTATION(#3379,#3941);
#3941 = SHAPE_REPRESENTATION('',(#257),#1338);
#3942 = SHAPE_DEFINITION_REPRESENTATION(#3411,#3943);
#3943 = SHAPE_REPRESENTATION('',(#3389),#1798);
#3944 = SHAPE_DEFINITION_REPRESENTATION(#3416,#3945);
#3945 = SHAPE_REPRESENTATION('',(#3393),#2231);
#3946 = SHAPE_DEFINITION_REPRESENTATION(#3411,#3947);
#3947 = SHAPE_REPRESENTATION('',(#3389),#1798);
#3948 = SHAPE_DEFINITION_REPRESENTATION(#3416,#3949);
#3949 = SHAPE_REPRESENTATION('',(#3393),#2231);
#3950 = SHAPE_DEFINITION_REPRESENTATION(#3421,#3951);
#3951 = SHAPE_REPRESENTATION('',(#265),#1338);
#3952 = SHAPE_DEFINITION_REPRESENTATION(#3453,#3953);
#3953 = SHAPE_REPRESENTATION('',(#3431),#1798);
#3954 = SHAPE_DEFINITION_REPRESENTATION(#3458,#3955);
#3955 = SHAPE_REPRESENTATION('',(#3435),#2231);
#3956 = SHAPE_DEFINITION_REPRESENTATION(#3453,#3957);
#3957 = SHAPE_REPRESENTATION('',(#3431),#1798);
#3958 = SHAPE_DEFINITION_REPRESENTATION(#3458,#3959);
#3959 = SHAPE_REPRESENTATION('',(#3435),#2231);
#3960 = SHAPE_DEFINITION_REPRESENTATION(#3463,#3961);
#3961 = SHAPE_REPRESENTATION('',(#273),#1338);
#3962 = SHAPE_DEFINITION_REPRESENTATION(#3495,#3963);
#3963 = SHAPE_REPRESENTATION('',(#3473),#1798);
#3964 = SHAPE_DEFINITION_REPRESENTATION(#3500,#3965);
#3965 = SHAPE_REPRESENTATION('',(#3477),#2231);
#3966 = SHAPE_DEFINITION_REPRESENTATION(#3495,#3967);
#3967 = SHAPE_REPRESENTATION('',(#3473),#1798);
#3968 = SHAPE_DEFINITION_REPRESENTATION(#3500,#3969);
#3969 = SHAPE_REPRESENTATION('',(#3477),#2231);
#3970 = SHAPE_DEFINITION_REPRESENTATION(#3505,#3971);
#3971 = SHAPE_REPRESENTATION('',(#281),#1338);
#3972 = SHAPE_DEFINITION_REPRESENTATION(#3537,#3973);
#3973 = SHAPE_REPRESENTATION('',(#3515),#1798);
#3974 = SHAPE_DEFINITION_REPRESENTATION(#3542,#3975);
#3975 = SHAPE_REPRESENTATION('',(#3519),#2231);
#3976 = SHAPE_DEFINITION_REPRESENTATION(#3537,#3977);
#3977 = SHAPE_REPRESENTATION('',(#3515),#1798);
#3978 = SHAPE_DEFINITION_REPRESENTATION(#3542,#3979);
#3979 = SHAPE_REPRESENTATION('',(#3519),#2231);
#3980 = SHAPE_DEFINITION_REPRESENTATION(#3547,#3981);
#3981 = SHAPE_REPRESENTATION('',(#289),#1338);
#3982 = SHAPE_DEFINITION_REPRESENTATION(#3579,#3983);
#3983 = SHAPE_REPRESENTATION('',(#3557),#1798);
#3984 = SHAPE_DEFINITION_REPRESENTATION(#3584,#3985);
#3985 = SHAPE_REPRESENTATION('',(#3561),#2231);
#3986 = SHAPE_DEFINITION_REPRESENTATION(#3579,#3987);
#3987 = SHAPE_REPRESENTATION('',(#3557),#1798);
#3988 = SHAPE_DEFINITION_REPRESENTATION(#3584,#3989);
#3989 = SHAPE_REPRESENTATION('',(#3561),#2231);
#3990 = SHAPE_DEFINITION_REPRESENTATION(#3589,#3991);
#3991 = SHAPE_REPRESENTATION('',(#297),#1338);
#3992 = SHAPE_DEFINITION_REPRESENTATION(#3621,#3993);
#3993 = SHAPE_REPRESENTATION('',(#3599),#1798);
#3994 = SHAPE_DEFINITION_REPRESENTATION(#3626,#3995);
#3995 = SHAPE_REPRESENTATION('',(#3603),#2231);
#3996 = SHAPE_DEFINITION_REPRESENTATION(#3621,#3997);
#3997 = SHAPE_REPRESENTATION('',(#3599),#1798);
#3998 = SHAPE_DEFINITION_REPRESENTATION(#3626,#3999);
#3999 = SHAPE_REPRESENTATION('',(#3603),#2231);
#4000 = SHAPE_DEFINITION_REPRESENTATION(#3631,#4001);
#4001 = SHAPE_REPRESENTATION('',(#305),#1338);
#4002 = SHAPE_DEFINITION_REPRESENTATION(#3663,#4003);
#4003 = SHAPE_REPRESENTATION('',(#3641),#1798);
#4004 = SHAPE_DEFINITION_REPRESENTATION(#3668,#4005);
#4005 = SHAPE_REPRESENTATION('',(#3645),#2231);
#4006 = SHAPE_DEFINITION_REPRESENTATION(#3663,#4007);
#4007 = SHAPE_REPRESENTATION('',(#3641),#1798);
#4008 = SHAPE_DEFINITION_REPRESENTATION(#3668,#4009);
#4009 = SHAPE_REPRESENTATION('',(#3645),#2231);
#4010 = SHAPE_DEFINITION_REPRESENTATION(#2245,#4011);
#4011 = SHAPE_REPRESENTATION('',(#41),#1338);
#4012 = SHAPE_DEFINITION_REPRESENTATION(#2287,#4013);
#4013 = SHAPE_REPRESENTATION('',(#49),#1338);
#4014 = SHAPE_DEFINITION_REPRESENTATION(#2329,#4015);
#4015 = SHAPE_REPRESENTATION('',(#57),#1338);
#4016 = SHAPE_DEFINITION_REPRESENTATION(#2371,#4017);
#4017 = SHAPE_REPRESENTATION('',(#65),#1338);
#4018 = SHAPE_DEFINITION_REPRESENTATION(#2413,#4019);
#4019 = SHAPE_REPRESENTATION('',(#73),#1338);
#4020 = SHAPE_DEFINITION_REPRESENTATION(#2455,#4021);
#4021 = SHAPE_REPRESENTATION('',(#81),#1338);
#4022 = SHAPE_DEFINITION_REPRESENTATION(#2497,#4023);
#4023 = SHAPE_REPRESENTATION('',(#89),#1338);
#4024 = SHAPE_DEFINITION_REPRESENTATION(#2539,#4025);
#4025 = SHAPE_REPRESENTATION('',(#97),#1338);
#4026 = SHAPE_DEFINITION_REPRESENTATION(#2581,#4027);
#4027 = SHAPE_REPRESENTATION('',(#105),#1338);
#4028 = SHAPE_DEFINITION_REPRESENTATION(#2623,#4029);
#4029 = SHAPE_REPRESENTATION('',(#113),#1338);
#4030 = SHAPE_DEFINITION_REPRESENTATION(#2665,#4031);
#4031 = SHAPE_REPRESENTATION('',(#121),#1338);
#4032 = SHAPE_DEFINITION_REPRESENTATION(#2707,#4033);
#4033 = SHAPE_REPRESENTATION('',(#129),#1338);
#4034 = SHAPE_DEFINITION_REPRESENTATION(#2749,#4035);
#4035 = SHAPE_REPRESENTATION('',(#137),#1338);
#4036 = SHAPE_DEFINITION_REPRESENTATION(#2791,#4037);
#4037 = SHAPE_REPRESENTATION('',(#145),#1338);
#4038 = SHAPE_DEFINITION_REPRESENTATION(#2833,#4039);
#4039 = SHAPE_REPRESENTATION('',(#153),#1338);
#4040 = SHAPE_DEFINITION_REPRESENTATION(#2875,#4041);
#4041 = SHAPE_REPRESENTATION('',(#161),#1338);
#4042 = SHAPE_DEFINITION_REPRESENTATION(#2917,#4043);
#4043 = SHAPE_REPRESENTATION('',(#169),#1338);
#4044 = SHAPE_DEFINITION_REPRESENTATION(#2959,#4045);
#4045 = SHAPE_REPRESENTATION('',(#177),#1338);
#4046 = SHAPE_DEFINITION_REPRESENTATION(#3001,#4047);
#4047 = SHAPE_REPRESENTATION('',(#185),#1338);
#4048 = SHAPE_DEFINITION_REPRESENTATION(#3043,#4049);
#4049 = SHAPE_REPRESENTATION('',(#193),#1338);
#4050 = SHAPE_DEFINITION_REPRESENTATION(#3085,#4051);
#4051 = SHAPE_REPRESENTATION('',(#201),#1338);
#4052 = SHAPE_DEFINITION_REPRESENTATION(#3127,#4053);
#4053 = SHAPE_REPRESENTATION('',(#209),#1338);
#4054 = SHAPE_DEFINITION_REPRESENTATION(#3169,#4055);
#4055 = SHAPE_REPRESENTATION('',(#217),#1338);
#4056 = SHAPE_DEFINITION_REPRESENTATION(#3211,#4057);
#4057 = SHAPE_REPRESENTATION('',(#225),#1338);
#4058 = SHAPE_DEFINITION_REPRESENTATION(#3253,#4059);
#4059 = SHAPE_REPRESENTATION('',(#233),#1338);
#4060 = SHAPE_DEFINITION_REPRESENTATION(#3295,#4061);
#4061 = SHAPE_REPRESENTATION('',(#241),#1338);
#4062 = SHAPE_DEFINITION_REPRESENTATION(#3337,#4063);
#4063 = SHAPE_REPRESENTATION('',(#249),#1338);
#4064 = SHAPE_DEFINITION_REPRESENTATION(#3379,#4065);
#4065 = SHAPE_REPRESENTATION('',(#257),#1338);
#4066 = SHAPE_DEFINITION_REPRESENTATION(#3421,#4067);
#4067 = SHAPE_REPRESENTATION('',(#265),#1338);
#4068 = SHAPE_DEFINITION_REPRESENTATION(#3463,#4069);
#4069 = SHAPE_REPRESENTATION('',(#273),#1338);
#4070 = SHAPE_DEFINITION_REPRESENTATION(#3505,#4071);
#4071 = SHAPE_REPRESENTATION('',(#281),#1338);
#4072 = SHAPE_DEFINITION_REPRESENTATION(#3547,#4073);
#4073 = SHAPE_REPRESENTATION('',(#289),#1338);
#4074 = SHAPE_DEFINITION_REPRESENTATION(#3589,#4075);
#4075 = SHAPE_REPRESENTATION('',(#297),#1338);
#4076 = SHAPE_DEFINITION_REPRESENTATION(#3631,#4077);
#4077 = SHAPE_REPRESENTATION('',(#305),#1338);
#4078 = MECHANICAL_DESIGN_GEOMETRIC_PRESENTATION_REPRESENTATION('',(
    #4079,#4090,#4099,#4108,#4117,#4126,#4135,#4144,#4153,#4162,#4171,
    #4180,#4189,#4198,#4207,#4216,#4225,#4234,#4243,#4252,#4261,#4270,
    #4279,#4288,#4297,#4306,#4315,#4324,#4333,#4342,#4351,#4360,#4369,
    #4378,#4387,#4396,#4407,#4416,#4425,#4434,#4443,#4452,#4461,#4470,
    #4479,#4488,#4497,#4506,#4515,#4524,#4533,#4542,#4551,#4560,#4569,
    #4578,#4587,#4596,#4605,#4614,#4623,#4632,#4641,#4650,#4659,#4668,
    #4677,#4686,#4695),#1338);
#4079 = STYLED_ITEM('color',(#4080),#332);
#4080 = PRESENTATION_STYLE_ASSIGNMENT((#4081,#4087));
#4081 = SURFACE_STYLE_USAGE(.BOTH.,#4082);
#4082 = SURFACE_SIDE_STYLE('',(#4083));
#4083 = SURFACE_STYLE_FILL_AREA(#4084);
#4084 = FILL_AREA_STYLE('',(#4085));
#4085 = FILL_AREA_STYLE_COLOUR('',#4086);
#4086 = COLOUR_RGB('',0.199999998682,0.199999998682,0.199999998682);
#4087 = CURVE_STYLE('',#4088,POSITIVE_LENGTH_MEASURE(0.1),#4089);
#4088 = DRAUGHTING_PRE_DEFINED_CURVE_FONT('continuous');
#4089 = COLOUR_RGB('',9.803921802644E-02,9.803921802644E-02,
  9.803921802644E-02);
#4090 = OVER_RIDING_STYLED_ITEM('overriding color',(#4091),#332,#4079);
#4091 = PRESENTATION_STYLE_BY_CONTEXT((#4092,#4097),#3671);
#4092 = SURFACE_STYLE_USAGE(.BOTH.,#4093);
#4093 = SURFACE_SIDE_STYLE('',(#4094));
#4094 = SURFACE_STYLE_FILL_AREA(#4095);
#4095 = FILL_AREA_STYLE('',(#4096));
#4096 = FILL_AREA_STYLE_COLOUR('',#4086);
#4097 = CURVE_STYLE('',#4098,POSITIVE_LENGTH_MEASURE(0.1),#4089);
#4098 = DRAUGHTING_PRE_DEFINED_CURVE_FONT('continuous');
#4099 = OVER_RIDING_STYLED_ITEM('overriding color',(#4100),#332,#4079);
#4100 = PRESENTATION_STYLE_BY_CONTEXT((#4101,#4106),#3681);
#4101 = SURFACE_STYLE_USAGE(.BOTH.,#4102);
#4102 = SURFACE_SIDE_STYLE('',(#4103));
#4103 = SURFACE_STYLE_FILL_AREA(#4104);
#4104 = FILL_AREA_STYLE('',(#4105));
#4105 = FILL_AREA_STYLE_COLOUR('',#4086);
#4106 = CURVE_STYLE('',#4107,POSITIVE_LENGTH_MEASURE(0.1),#4089);
#4107 = DRAUGHTING_PRE_DEFINED_CURVE_FONT('continuous');
#4108 = OVER_RIDING_STYLED_ITEM('overriding color',(#4109),#332,#4079);
#4109 = PRESENTATION_STYLE_BY_CONTEXT((#4110,#4115),#3691);
#4110 = SURFACE_STYLE_USAGE(.BOTH.,#4111);
#4111 = SURFACE_SIDE_STYLE('',(#4112));
#4112 = SURFACE_STYLE_FILL_AREA(#4113);
#4113 = FILL_AREA_STYLE('',(#4114));
#4114 = FILL_AREA_STYLE_COLOUR('',#4086);
#4115 = CURVE_STYLE('',#4116,POSITIVE_LENGTH_MEASURE(0.1),#4089);
#4116 = DRAUGHTING_PRE_DEFINED_CURVE_FONT('continuous');
#4117 = OVER_RIDING_STYLED_ITEM('overriding color',(#4118),#332,#4079);
#4118 = PRESENTATION_STYLE_BY_CONTEXT((#4119,#4124),#3701);
#4119 = SURFACE_STYLE_USAGE(.BOTH.,#4120);
#4120 = SURFACE_SIDE_STYLE('',(#4121));
#4121 = SURFACE_STYLE_FILL_AREA(#4122);
#4122 = FILL_AREA_STYLE('',(#4123));
#4123 = FILL_AREA_STYLE_COLOUR('',#4086);
#4124 = CURVE_STYLE('',#4125,POSITIVE_LENGTH_MEASURE(0.1),#4089);
#4125 = DRAUGHTING_PRE_DEFINED_CURVE_FONT('continuous');
#4126 = OVER_RIDING_STYLED_ITEM('overriding color',(#4127),#332,#4079);
#4127 = PRESENTATION_STYLE_BY_CONTEXT((#4128,#4133),#3711);
#4128 = SURFACE_STYLE_USAGE(.BOTH.,#4129);
#4129 = SURFACE_SIDE_STYLE('',(#4130));
#4130 = SURFACE_STYLE_FILL_AREA(#4131);
#4131 = FILL_AREA_STYLE('',(#4132));
#4132 = FILL_AREA_STYLE_COLOUR('',#4086);
#4133 = CURVE_STYLE('',#4134,POSITIVE_LENGTH_MEASURE(0.1),#4089);
#4134 = DRAUGHTING_PRE_DEFINED_CURVE_FONT('continuous');
#4135 = OVER_RIDING_STYLED_ITEM('overriding color',(#4136),#332,#4079);
#4136 = PRESENTATION_STYLE_BY_CONTEXT((#4137,#4142),#3721);
#4137 = SURFACE_STYLE_USAGE(.BOTH.,#4138);
#4138 = SURFACE_SIDE_STYLE('',(#4139));
#4139 = SURFACE_STYLE_FILL_AREA(#4140);
#4140 = FILL_AREA_STYLE('',(#4141));
#4141 = FILL_AREA_STYLE_COLOUR('',#4086);
#4142 = CURVE_STYLE('',#4143,POSITIVE_LENGTH_MEASURE(0.1),#4089);
#4143 = DRAUGHTING_PRE_DEFINED_CURVE_FONT('continuous');
#4144 = OVER_RIDING_STYLED_ITEM('overriding color',(#4145),#332,#4079);
#4145 = PRESENTATION_STYLE_BY_CONTEXT((#4146,#4151),#3731);
#4146 = SURFACE_STYLE_USAGE(.BOTH.,#4147);
#4147 = SURFACE_SIDE_STYLE('',(#4148));
#4148 = SURFACE_STYLE_FILL_AREA(#4149);
#4149 = FILL_AREA_STYLE('',(#4150));
#4150 = FILL_AREA_STYLE_COLOUR('',#4086);
#4151 = CURVE_STYLE('',#4152,POSITIVE_LENGTH_MEASURE(0.1),#4089);
#4152 = DRAUGHTING_PRE_DEFINED_CURVE_FONT('continuous');
#4153 = OVER_RIDING_STYLED_ITEM('overriding color',(#4154),#332,#4079);
#4154 = PRESENTATION_STYLE_BY_CONTEXT((#4155,#4160),#3741);
#4155 = SURFACE_STYLE_USAGE(.BOTH.,#4156);
#4156 = SURFACE_SIDE_STYLE('',(#4157));
#4157 = SURFACE_STYLE_FILL_AREA(#4158);
#4158 = FILL_AREA_STYLE('',(#4159));
#4159 = FILL_AREA_STYLE_COLOUR('',#4086);
#4160 = CURVE_STYLE('',#4161,POSITIVE_LENGTH_MEASURE(0.1),#4089);
#4161 = DRAUGHTING_PRE_DEFINED_CURVE_FONT('continuous');
#4162 = OVER_RIDING_STYLED_ITEM('overriding color',(#4163),#332,#4079);
#4163 = PRESENTATION_STYLE_BY_CONTEXT((#4164,#4169),#3751);
#4164 = SURFACE_STYLE_USAGE(.BOTH.,#4165);
#4165 = SURFACE_SIDE_STYLE('',(#4166));
#4166 = SURFACE_STYLE_FILL_AREA(#4167);
#4167 = FILL_AREA_STYLE('',(#4168));
#4168 = FILL_AREA_STYLE_COLOUR('',#4086);
#4169 = CURVE_STYLE('',#4170,POSITIVE_LENGTH_MEASURE(0.1),#4089);
#4170 = DRAUGHTING_PRE_DEFINED_CURVE_FONT('continuous');
#4171 = OVER_RIDING_STYLED_ITEM('overriding color',(#4172),#332,#4079);
#4172 = PRESENTATION_STYLE_BY_CONTEXT((#4173,#4178),#3761);
#4173 = SURFACE_STYLE_USAGE(.BOTH.,#4174);
#4174 = SURFACE_SIDE_STYLE('',(#4175));
#4175 = SURFACE_STYLE_FILL_AREA(#4176);
#4176 = FILL_AREA_STYLE('',(#4177));
#4177 = FILL_AREA_STYLE_COLOUR('',#4086);
#4178 = CURVE_STYLE('',#4179,POSITIVE_LENGTH_MEASURE(0.1),#4089);
#4179 = DRAUGHTING_PRE_DEFINED_CURVE_FONT('continuous');
#4180 = OVER_RIDING_STYLED_ITEM('overriding color',(#4181),#332,#4079);
#4181 = PRESENTATION_STYLE_BY_CONTEXT((#4182,#4187),#3771);
#4182 = SURFACE_STYLE_USAGE(.BOTH.,#4183);
#4183 = SURFACE_SIDE_STYLE('',(#4184));
#4184 = SURFACE_STYLE_FILL_AREA(#4185);
#4185 = FILL_AREA_STYLE('',(#4186));
#4186 = FILL_AREA_STYLE_COLOUR('',#4086);
#4187 = CURVE_STYLE('',#4188,POSITIVE_LENGTH_MEASURE(0.1),#4089);
#4188 = DRAUGHTING_PRE_DEFINED_CURVE_FONT('continuous');
#4189 = OVER_RIDING_STYLED_ITEM('overriding color',(#4190),#332,#4079);
#4190 = PRESENTATION_STYLE_BY_CONTEXT((#4191,#4196),#3781);
#4191 = SURFACE_STYLE_USAGE(.BOTH.,#4192);
#4192 = SURFACE_SIDE_STYLE('',(#4193));
#4193 = SURFACE_STYLE_FILL_AREA(#4194);
#4194 = FILL_AREA_STYLE('',(#4195));
#4195 = FILL_AREA_STYLE_COLOUR('',#4086);
#4196 = CURVE_STYLE('',#4197,POSITIVE_LENGTH_MEASURE(0.1),#4089);
#4197 = DRAUGHTING_PRE_DEFINED_CURVE_FONT('continuous');
#4198 = OVER_RIDING_STYLED_ITEM('overriding color',(#4199),#332,#4079);
#4199 = PRESENTATION_STYLE_BY_CONTEXT((#4200,#4205),#3791);
#4200 = SURFACE_STYLE_USAGE(.BOTH.,#4201);
#4201 = SURFACE_SIDE_STYLE('',(#4202));
#4202 = SURFACE_STYLE_FILL_AREA(#4203);
#4203 = FILL_AREA_STYLE('',(#4204));
#4204 = FILL_AREA_STYLE_COLOUR('',#4086);
#4205 = CURVE_STYLE('',#4206,POSITIVE_LENGTH_MEASURE(0.1),#4089);
#4206 = DRAUGHTING_PRE_DEFINED_CURVE_FONT('continuous');
#4207 = OVER_RIDING_STYLED_ITEM('overriding color',(#4208),#332,#4079);
#4208 = PRESENTATION_STYLE_BY_CONTEXT((#4209,#4214),#3801);
#4209 = SURFACE_STYLE_USAGE(.BOTH.,#4210);
#4210 = SURFACE_SIDE_STYLE('',(#4211));
#4211 = SURFACE_STYLE_FILL_AREA(#4212);
#4212 = FILL_AREA_STYLE('',(#4213));
#4213 = FILL_AREA_STYLE_COLOUR('',#4086);
#4214 = CURVE_STYLE('',#4215,POSITIVE_LENGTH_MEASURE(0.1),#4089);
#4215 = DRAUGHTING_PRE_DEFINED_CURVE_FONT('continuous');
#4216 = OVER_RIDING_STYLED_ITEM('overriding color',(#4217),#332,#4079);
#4217 = PRESENTATION_STYLE_BY_CONTEXT((#4218,#4223),#3811);
#4218 = SURFACE_STYLE_USAGE(.BOTH.,#4219);
#4219 = SURFACE_SIDE_STYLE('',(#4220));
#4220 = SURFACE_STYLE_FILL_AREA(#4221);
#4221 = FILL_AREA_STYLE('',(#4222));
#4222 = FILL_AREA_STYLE_COLOUR('',#4086);
#4223 = CURVE_STYLE('',#4224,POSITIVE_LENGTH_MEASURE(0.1),#4089);
#4224 = DRAUGHTING_PRE_DEFINED_CURVE_FONT('continuous');
#4225 = OVER_RIDING_STYLED_ITEM('overriding color',(#4226),#332,#4079);
#4226 = PRESENTATION_STYLE_BY_CONTEXT((#4227,#4232),#3821);
#4227 = SURFACE_STYLE_USAGE(.BOTH.,#4228);
#4228 = SURFACE_SIDE_STYLE('',(#4229));
#4229 = SURFACE_STYLE_FILL_AREA(#4230);
#4230 = FILL_AREA_STYLE('',(#4231));
#4231 = FILL_AREA_STYLE_COLOUR('',#4086);
#4232 = CURVE_STYLE('',#4233,POSITIVE_LENGTH_MEASURE(0.1),#4089);
#4233 = DRAUGHTING_PRE_DEFINED_CURVE_FONT('continuous');
#4234 = OVER_RIDING_STYLED_ITEM('overriding color',(#4235),#332,#4079);
#4235 = PRESENTATION_STYLE_BY_CONTEXT((#4236,#4241),#3831);
#4236 = SURFACE_STYLE_USAGE(.BOTH.,#4237);
#4237 = SURFACE_SIDE_STYLE('',(#4238));
#4238 = SURFACE_STYLE_FILL_AREA(#4239);
#4239 = FILL_AREA_STYLE('',(#4240));
#4240 = FILL_AREA_STYLE_COLOUR('',#4086);
#4241 = CURVE_STYLE('',#4242,POSITIVE_LENGTH_MEASURE(0.1),#4089);
#4242 = DRAUGHTING_PRE_DEFINED_CURVE_FONT('continuous');
#4243 = OVER_RIDING_STYLED_ITEM('overriding color',(#4244),#332,#4079);
#4244 = PRESENTATION_STYLE_BY_CONTEXT((#4245,#4250),#3841);
#4245 = SURFACE_STYLE_USAGE(.BOTH.,#4246);
#4246 = SURFACE_SIDE_STYLE('',(#4247));
#4247 = SURFACE_STYLE_FILL_AREA(#4248);
#4248 = FILL_AREA_STYLE('',(#4249));
#4249 = FILL_AREA_STYLE_COLOUR('',#4086);
#4250 = CURVE_STYLE('',#4251,POSITIVE_LENGTH_MEASURE(0.1),#4089);
#4251 = DRAUGHTING_PRE_DEFINED_CURVE_FONT('continuous');
#4252 = OVER_RIDING_STYLED_ITEM('overriding color',(#4253),#332,#4079);
#4253 = PRESENTATION_STYLE_BY_CONTEXT((#4254,#4259),#3851);
#4254 = SURFACE_STYLE_USAGE(.BOTH.,#4255);
#4255 = SURFACE_SIDE_STYLE('',(#4256));
#4256 = SURFACE_STYLE_FILL_AREA(#4257);
#4257 = FILL_AREA_STYLE('',(#4258));
#4258 = FILL_AREA_STYLE_COLOUR('',#4086);
#4259 = CURVE_STYLE('',#4260,POSITIVE_LENGTH_MEASURE(0.1),#4089);
#4260 = DRAUGHTING_PRE_DEFINED_CURVE_FONT('continuous');
#4261 = OVER_RIDING_STYLED_ITEM('overriding color',(#4262),#332,#4079);
#4262 = PRESENTATION_STYLE_BY_CONTEXT((#4263,#4268),#3861);
#4263 = SURFACE_STYLE_USAGE(.BOTH.,#4264);
#4264 = SURFACE_SIDE_STYLE('',(#4265));
#4265 = SURFACE_STYLE_FILL_AREA(#4266);
#4266 = FILL_AREA_STYLE('',(#4267));
#4267 = FILL_AREA_STYLE_COLOUR('',#4086);
#4268 = CURVE_STYLE('',#4269,POSITIVE_LENGTH_MEASURE(0.1),#4089);
#4269 = DRAUGHTING_PRE_DEFINED_CURVE_FONT('continuous');
#4270 = OVER_RIDING_STYLED_ITEM('overriding color',(#4271),#332,#4079);
#4271 = PRESENTATION_STYLE_BY_CONTEXT((#4272,#4277),#3871);
#4272 = SURFACE_STYLE_USAGE(.BOTH.,#4273);
#4273 = SURFACE_SIDE_STYLE('',(#4274));
#4274 = SURFACE_STYLE_FILL_AREA(#4275);
#4275 = FILL_AREA_STYLE('',(#4276));
#4276 = FILL_AREA_STYLE_COLOUR('',#4086);
#4277 = CURVE_STYLE('',#4278,POSITIVE_LENGTH_MEASURE(0.1),#4089);
#4278 = DRAUGHTING_PRE_DEFINED_CURVE_FONT('continuous');
#4279 = OVER_RIDING_STYLED_ITEM('overriding color',(#4280),#332,#4079);
#4280 = PRESENTATION_STYLE_BY_CONTEXT((#4281,#4286),#3881);
#4281 = SURFACE_STYLE_USAGE(.BOTH.,#4282);
#4282 = SURFACE_SIDE_STYLE('',(#4283));
#4283 = SURFACE_STYLE_FILL_AREA(#4284);
#4284 = FILL_AREA_STYLE('',(#4285));
#4285 = FILL_AREA_STYLE_COLOUR('',#4086);
#4286 = CURVE_STYLE('',#4287,POSITIVE_LENGTH_MEASURE(0.1),#4089);
#4287 = DRAUGHTING_PRE_DEFINED_CURVE_FONT('continuous');
#4288 = OVER_RIDING_STYLED_ITEM('overriding color',(#4289),#332,#4079);
#4289 = PRESENTATION_STYLE_BY_CONTEXT((#4290,#4295),#3891);
#4290 = SURFACE_STYLE_USAGE(.BOTH.,#4291);
#4291 = SURFACE_SIDE_STYLE('',(#4292));
#4292 = SURFACE_STYLE_FILL_AREA(#4293);
#4293 = FILL_AREA_STYLE('',(#4294));
#4294 = FILL_AREA_STYLE_COLOUR('',#4086);
#4295 = CURVE_STYLE('',#4296,POSITIVE_LENGTH_MEASURE(0.1),#4089);
#4296 = DRAUGHTING_PRE_DEFINED_CURVE_FONT('continuous');
#4297 = OVER_RIDING_STYLED_ITEM('overriding color',(#4298),#332,#4079);
#4298 = PRESENTATION_STYLE_BY_CONTEXT((#4299,#4304),#3901);
#4299 = SURFACE_STYLE_USAGE(.BOTH.,#4300);
#4300 = SURFACE_SIDE_STYLE('',(#4301));
#4301 = SURFACE_STYLE_FILL_AREA(#4302);
#4302 = FILL_AREA_STYLE('',(#4303));
#4303 = FILL_AREA_STYLE_COLOUR('',#4086);
#4304 = CURVE_STYLE('',#4305,POSITIVE_LENGTH_MEASURE(0.1),#4089);
#4305 = DRAUGHTING_PRE_DEFINED_CURVE_FONT('continuous');
#4306 = OVER_RIDING_STYLED_ITEM('overriding color',(#4307),#332,#4079);
#4307 = PRESENTATION_STYLE_BY_CONTEXT((#4308,#4313),#3911);
#4308 = SURFACE_STYLE_USAGE(.BOTH.,#4309);
#4309 = SURFACE_SIDE_STYLE('',(#4310));
#4310 = SURFACE_STYLE_FILL_AREA(#4311);
#4311 = FILL_AREA_STYLE('',(#4312));
#4312 = FILL_AREA_STYLE_COLOUR('',#4086);
#4313 = CURVE_STYLE('',#4314,POSITIVE_LENGTH_MEASURE(0.1),#4089);
#4314 = DRAUGHTING_PRE_DEFINED_CURVE_FONT('continuous');
#4315 = OVER_RIDING_STYLED_ITEM('overriding color',(#4316),#332,#4079);
#4316 = PRESENTATION_STYLE_BY_CONTEXT((#4317,#4322),#3921);
#4317 = SURFACE_STYLE_USAGE(.BOTH.,#4318);
#4318 = SURFACE_SIDE_STYLE('',(#4319));
#4319 = SURFACE_STYLE_FILL_AREA(#4320);
#4320 = FILL_AREA_STYLE('',(#4321));
#4321 = FILL_AREA_STYLE_COLOUR('',#4086);
#4322 = CURVE_STYLE('',#4323,POSITIVE_LENGTH_MEASURE(0.1),#4089);
#4323 = DRAUGHTING_PRE_DEFINED_CURVE_FONT('continuous');
#4324 = OVER_RIDING_STYLED_ITEM('overriding color',(#4325),#332,#4079);
#4325 = PRESENTATION_STYLE_BY_CONTEXT((#4326,#4331),#3931);
#4326 = SURFACE_STYLE_USAGE(.BOTH.,#4327);
#4327 = SURFACE_SIDE_STYLE('',(#4328));
#4328 = SURFACE_STYLE_FILL_AREA(#4329);
#4329 = FILL_AREA_STYLE('',(#4330));
#4330 = FILL_AREA_STYLE_COLOUR('',#4086);
#4331 = CURVE_STYLE('',#4332,POSITIVE_LENGTH_MEASURE(0.1),#4089);
#4332 = DRAUGHTING_PRE_DEFINED_CURVE_FONT('continuous');
#4333 = OVER_RIDING_STYLED_ITEM('overriding color',(#4334),#332,#4079);
#4334 = PRESENTATION_STYLE_BY_CONTEXT((#4335,#4340),#3941);
#4335 = SURFACE_STYLE_USAGE(.BOTH.,#4336);
#4336 = SURFACE_SIDE_STYLE('',(#4337));
#4337 = SURFACE_STYLE_FILL_AREA(#4338);
#4338 = FILL_AREA_STYLE('',(#4339));
#4339 = FILL_AREA_STYLE_COLOUR('',#4086);
#4340 = CURVE_STYLE('',#4341,POSITIVE_LENGTH_MEASURE(0.1),#4089);
#4341 = DRAUGHTING_PRE_DEFINED_CURVE_FONT('continuous');
#4342 = OVER_RIDING_STYLED_ITEM('overriding color',(#4343),#332,#4079);
#4343 = PRESENTATION_STYLE_BY_CONTEXT((#4344,#4349),#3951);
#4344 = SURFACE_STYLE_USAGE(.BOTH.,#4345);
#4345 = SURFACE_SIDE_STYLE('',(#4346));
#4346 = SURFACE_STYLE_FILL_AREA(#4347);
#4347 = FILL_AREA_STYLE('',(#4348));
#4348 = FILL_AREA_STYLE_COLOUR('',#4086);
#4349 = CURVE_STYLE('',#4350,POSITIVE_LENGTH_MEASURE(0.1),#4089);
#4350 = DRAUGHTING_PRE_DEFINED_CURVE_FONT('continuous');
#4351 = OVER_RIDING_STYLED_ITEM('overriding color',(#4352),#332,#4079);
#4352 = PRESENTATION_STYLE_BY_CONTEXT((#4353,#4358),#3961);
#4353 = SURFACE_STYLE_USAGE(.BOTH.,#4354);
#4354 = SURFACE_SIDE_STYLE('',(#4355));
#4355 = SURFACE_STYLE_FILL_AREA(#4356);
#4356 = FILL_AREA_STYLE('',(#4357));
#4357 = FILL_AREA_STYLE_COLOUR('',#4086);
#4358 = CURVE_STYLE('',#4359,POSITIVE_LENGTH_MEASURE(0.1),#4089);
#4359 = DRAUGHTING_PRE_DEFINED_CURVE_FONT('continuous');
#4360 = OVER_RIDING_STYLED_ITEM('overriding color',(#4361),#332,#4079);
#4361 = PRESENTATION_STYLE_BY_CONTEXT((#4362,#4367),#3971);
#4362 = SURFACE_STYLE_USAGE(.BOTH.,#4363);
#4363 = SURFACE_SIDE_STYLE('',(#4364));
#4364 = SURFACE_STYLE_FILL_AREA(#4365);
#4365 = FILL_AREA_STYLE('',(#4366));
#4366 = FILL_AREA_STYLE_COLOUR('',#4086);
#4367 = CURVE_STYLE('',#4368,POSITIVE_LENGTH_MEASURE(0.1),#4089);
#4368 = DRAUGHTING_PRE_DEFINED_CURVE_FONT('continuous');
#4369 = OVER_RIDING_STYLED_ITEM('overriding color',(#4370),#332,#4079);
#4370 = PRESENTATION_STYLE_BY_CONTEXT((#4371,#4376),#3981);
#4371 = SURFACE_STYLE_USAGE(.BOTH.,#4372);
#4372 = SURFACE_SIDE_STYLE('',(#4373));
#4373 = SURFACE_STYLE_FILL_AREA(#4374);
#4374 = FILL_AREA_STYLE('',(#4375));
#4375 = FILL_AREA_STYLE_COLOUR('',#4086);
#4376 = CURVE_STYLE('',#4377,POSITIVE_LENGTH_MEASURE(0.1),#4089);
#4377 = DRAUGHTING_PRE_DEFINED_CURVE_FONT('continuous');
#4378 = OVER_RIDING_STYLED_ITEM('overriding color',(#4379),#332,#4079);
#4379 = PRESENTATION_STYLE_BY_CONTEXT((#4380,#4385),#3991);
#4380 = SURFACE_STYLE_USAGE(.BOTH.,#4381);
#4381 = SURFACE_SIDE_STYLE('',(#4382));
#4382 = SURFACE_STYLE_FILL_AREA(#4383);
#4383 = FILL_AREA_STYLE('',(#4384));
#4384 = FILL_AREA_STYLE_COLOUR('',#4086);
#4385 = CURVE_STYLE('',#4386,POSITIVE_LENGTH_MEASURE(0.1),#4089);
#4386 = DRAUGHTING_PRE_DEFINED_CURVE_FONT('continuous');
#4387 = OVER_RIDING_STYLED_ITEM('overriding color',(#4388),#332,#4079);
#4388 = PRESENTATION_STYLE_BY_CONTEXT((#4389,#4394),#4001);
#4389 = SURFACE_STYLE_USAGE(.BOTH.,#4390);
#4390 = SURFACE_SIDE_STYLE('',(#4391));
#4391 = SURFACE_STYLE_FILL_AREA(#4392);
#4392 = FILL_AREA_STYLE('',(#4393));
#4393 = FILL_AREA_STYLE_COLOUR('',#4086);
#4394 = CURVE_STYLE('',#4395,POSITIVE_LENGTH_MEASURE(0.1),#4089);
#4395 = DRAUGHTING_PRE_DEFINED_CURVE_FONT('continuous');
#4396 = OVER_RIDING_STYLED_ITEM('overriding color',(#4397),#332,#4079);
#4397 = PRESENTATION_STYLE_BY_CONTEXT((#4398,#4404),#4011);
#4398 = SURFACE_STYLE_USAGE(.BOTH.,#4399);
#4399 = SURFACE_SIDE_STYLE('',(#4400));
#4400 = SURFACE_STYLE_FILL_AREA(#4401);
#4401 = FILL_AREA_STYLE('',(#4402));
#4402 = FILL_AREA_STYLE_COLOUR('',#4403);
#4403 = COLOUR_RGB('',0.199999998682,0.199999998682,0.199999998682);
#4404 = CURVE_STYLE('',#4405,POSITIVE_LENGTH_MEASURE(0.1),#4406);
#4405 = DRAUGHTING_PRE_DEFINED_CURVE_FONT('continuous');
#4406 = COLOUR_RGB('',9.803921802644E-02,9.803921802644E-02,
  9.803921802644E-02);
#4407 = OVER_RIDING_STYLED_ITEM('overriding color',(#4408),#332,#4079);
#4408 = PRESENTATION_STYLE_BY_CONTEXT((#4409,#4414),#4013);
#4409 = SURFACE_STYLE_USAGE(.BOTH.,#4410);
#4410 = SURFACE_SIDE_STYLE('',(#4411));
#4411 = SURFACE_STYLE_FILL_AREA(#4412);
#4412 = FILL_AREA_STYLE('',(#4413));
#4413 = FILL_AREA_STYLE_COLOUR('',#4403);
#4414 = CURVE_STYLE('',#4415,POSITIVE_LENGTH_MEASURE(0.1),#4406);
#4415 = DRAUGHTING_PRE_DEFINED_CURVE_FONT('continuous');
#4416 = OVER_RIDING_STYLED_ITEM('overriding color',(#4417),#332,#4079);
#4417 = PRESENTATION_STYLE_BY_CONTEXT((#4418,#4423),#4015);
#4418 = SURFACE_STYLE_USAGE(.BOTH.,#4419);
#4419 = SURFACE_SIDE_STYLE('',(#4420));
#4420 = SURFACE_STYLE_FILL_AREA(#4421);
#4421 = FILL_AREA_STYLE('',(#4422));
#4422 = FILL_AREA_STYLE_COLOUR('',#4403);
#4423 = CURVE_STYLE('',#4424,POSITIVE_LENGTH_MEASURE(0.1),#4406);
#4424 = DRAUGHTING_PRE_DEFINED_CURVE_FONT('continuous');
#4425 = OVER_RIDING_STYLED_ITEM('overriding color',(#4426),#332,#4079);
#4426 = PRESENTATION_STYLE_BY_CONTEXT((#4427,#4432),#4017);
#4427 = SURFACE_STYLE_USAGE(.BOTH.,#4428);
#4428 = SURFACE_SIDE_STYLE('',(#4429));
#4429 = SURFACE_STYLE_FILL_AREA(#4430);
#4430 = FILL_AREA_STYLE('',(#4431));
#4431 = FILL_AREA_STYLE_COLOUR('',#4403);
#4432 = CURVE_STYLE('',#4433,POSITIVE_LENGTH_MEASURE(0.1),#4406);
#4433 = DRAUGHTING_PRE_DEFINED_CURVE_FONT('continuous');
#4434 = OVER_RIDING_STYLED_ITEM('overriding color',(#4435),#332,#4079);
#4435 = PRESENTATION_STYLE_BY_CONTEXT((#4436,#4441),#4019);
#4436 = SURFACE_STYLE_USAGE(.BOTH.,#4437);
#4437 = SURFACE_SIDE_STYLE('',(#4438));
#4438 = SURFACE_STYLE_FILL_AREA(#4439);
#4439 = FILL_AREA_STYLE('',(#4440));
#4440 = FILL_AREA_STYLE_COLOUR('',#4403);
#4441 = CURVE_STYLE('',#4442,POSITIVE_LENGTH_MEASURE(0.1),#4406);
#4442 = DRAUGHTING_PRE_DEFINED_CURVE_FONT('continuous');
#4443 = OVER_RIDING_STYLED_ITEM('overriding color',(#4444),#332,#4079);
#4444 = PRESENTATION_STYLE_BY_CONTEXT((#4445,#4450),#4021);
#4445 = SURFACE_STYLE_USAGE(.BOTH.,#4446);
#4446 = SURFACE_SIDE_STYLE('',(#4447));
#4447 = SURFACE_STYLE_FILL_AREA(#4448);
#4448 = FILL_AREA_STYLE('',(#4449));
#4449 = FILL_AREA_STYLE_COLOUR('',#4403);
#4450 = CURVE_STYLE('',#4451,POSITIVE_LENGTH_MEASURE(0.1),#4406);
#4451 = DRAUGHTING_PRE_DEFINED_CURVE_FONT('continuous');
#4452 = OVER_RIDING_STYLED_ITEM('overriding color',(#4453),#332,#4079);
#4453 = PRESENTATION_STYLE_BY_CONTEXT((#4454,#4459),#4023);
#4454 = SURFACE_STYLE_USAGE(.BOTH.,#4455);
#4455 = SURFACE_SIDE_STYLE('',(#4456));
#4456 = SURFACE_STYLE_FILL_AREA(#4457);
#4457 = FILL_AREA_STYLE('',(#4458));
#4458 = FILL_AREA_STYLE_COLOUR('',#4403);
#4459 = CURVE_STYLE('',#4460,POSITIVE_LENGTH_MEASURE(0.1),#4406);
#4460 = DRAUGHTING_PRE_DEFINED_CURVE_FONT('continuous');
#4461 = OVER_RIDING_STYLED_ITEM('overriding color',(#4462),#332,#4079);
#4462 = PRESENTATION_STYLE_BY_CONTEXT((#4463,#4468),#4025);
#4463 = SURFACE_STYLE_USAGE(.BOTH.,#4464);
#4464 = SURFACE_SIDE_STYLE('',(#4465));
#4465 = SURFACE_STYLE_FILL_AREA(#4466);
#4466 = FILL_AREA_STYLE('',(#4467));
#4467 = FILL_AREA_STYLE_COLOUR('',#4403);
#4468 = CURVE_STYLE('',#4469,POSITIVE_LENGTH_MEASURE(0.1),#4406);
#4469 = DRAUGHTING_PRE_DEFINED_CURVE_FONT('continuous');
#4470 = OVER_RIDING_STYLED_ITEM('overriding color',(#4471),#332,#4079);
#4471 = PRESENTATION_STYLE_BY_CONTEXT((#4472,#4477),#4027);
#4472 = SURFACE_STYLE_USAGE(.BOTH.,#4473);
#4473 = SURFACE_SIDE_STYLE('',(#4474));
#4474 = SURFACE_STYLE_FILL_AREA(#4475);
#4475 = FILL_AREA_STYLE('',(#4476));
#4476 = FILL_AREA_STYLE_COLOUR('',#4403);
#4477 = CURVE_STYLE('',#4478,POSITIVE_LENGTH_MEASURE(0.1),#4406);
#4478 = DRAUGHTING_PRE_DEFINED_CURVE_FONT('continuous');
#4479 = OVER_RIDING_STYLED_ITEM('overriding color',(#4480),#332,#4079);
#4480 = PRESENTATION_STYLE_BY_CONTEXT((#4481,#4486),#4029);
#4481 = SURFACE_STYLE_USAGE(.BOTH.,#4482);
#4482 = SURFACE_SIDE_STYLE('',(#4483));
#4483 = SURFACE_STYLE_FILL_AREA(#4484);
#4484 = FILL_AREA_STYLE('',(#4485));
#4485 = FILL_AREA_STYLE_COLOUR('',#4403);
#4486 = CURVE_STYLE('',#4487,POSITIVE_LENGTH_MEASURE(0.1),#4406);
#4487 = DRAUGHTING_PRE_DEFINED_CURVE_FONT('continuous');
#4488 = OVER_RIDING_STYLED_ITEM('overriding color',(#4489),#332,#4079);
#4489 = PRESENTATION_STYLE_BY_CONTEXT((#4490,#4495),#4031);
#4490 = SURFACE_STYLE_USAGE(.BOTH.,#4491);
#4491 = SURFACE_SIDE_STYLE('',(#4492));
#4492 = SURFACE_STYLE_FILL_AREA(#4493);
#4493 = FILL_AREA_STYLE('',(#4494));
#4494 = FILL_AREA_STYLE_COLOUR('',#4403);
#4495 = CURVE_STYLE('',#4496,POSITIVE_LENGTH_MEASURE(0.1),#4406);
#4496 = DRAUGHTING_PRE_DEFINED_CURVE_FONT('continuous');
#4497 = OVER_RIDING_STYLED_ITEM('overriding color',(#4498),#332,#4079);
#4498 = PRESENTATION_STYLE_BY_CONTEXT((#4499,#4504),#4033);
#4499 = SURFACE_STYLE_USAGE(.BOTH.,#4500);
#4500 = SURFACE_SIDE_STYLE('',(#4501));
#4501 = SURFACE_STYLE_FILL_AREA(#4502);
#4502 = FILL_AREA_STYLE('',(#4503));
#4503 = FILL_AREA_STYLE_COLOUR('',#4403);
#4504 = CURVE_STYLE('',#4505,POSITIVE_LENGTH_MEASURE(0.1),#4406);
#4505 = DRAUGHTING_PRE_DEFINED_CURVE_FONT('continuous');
#4506 = OVER_RIDING_STYLED_ITEM('overriding color',(#4507),#332,#4079);
#4507 = PRESENTATION_STYLE_BY_CONTEXT((#4508,#4513),#4035);
#4508 = SURFACE_STYLE_USAGE(.BOTH.,#4509);
#4509 = SURFACE_SIDE_STYLE('',(#4510));
#4510 = SURFACE_STYLE_FILL_AREA(#4511);
#4511 = FILL_AREA_STYLE('',(#4512));
#4512 = FILL_AREA_STYLE_COLOUR('',#4403);
#4513 = CURVE_STYLE('',#4514,POSITIVE_LENGTH_MEASURE(0.1),#4406);
#4514 = DRAUGHTING_PRE_DEFINED_CURVE_FONT('continuous');
#4515 = OVER_RIDING_STYLED_ITEM('overriding color',(#4516),#332,#4079);
#4516 = PRESENTATION_STYLE_BY_CONTEXT((#4517,#4522),#4037);
#4517 = SURFACE_STYLE_USAGE(.BOTH.,#4518);
#4518 = SURFACE_SIDE_STYLE('',(#4519));
#4519 = SURFACE_STYLE_FILL_AREA(#4520);
#4520 = FILL_AREA_STYLE('',(#4521));
#4521 = FILL_AREA_STYLE_COLOUR('',#4403);
#4522 = CURVE_STYLE('',#4523,POSITIVE_LENGTH_MEASURE(0.1),#4406);
#4523 = DRAUGHTING_PRE_DEFINED_CURVE_FONT('continuous');
#4524 = OVER_RIDING_STYLED_ITEM('overriding color',(#4525),#332,#4079);
#4525 = PRESENTATION_STYLE_BY_CONTEXT((#4526,#4531),#4039);
#4526 = SURFACE_STYLE_USAGE(.BOTH.,#4527);
#4527 = SURFACE_SIDE_STYLE('',(#4528));
#4528 = SURFACE_STYLE_FILL_AREA(#4529);
#4529 = FILL_AREA_STYLE('',(#4530));
#4530 = FILL_AREA_STYLE_COLOUR('',#4403);
#4531 = CURVE_STYLE('',#4532,POSITIVE_LENGTH_MEASURE(0.1),#4406);
#4532 = DRAUGHTING_PRE_DEFINED_CURVE_FONT('continuous');
#4533 = OVER_RIDING_STYLED_ITEM('overriding color',(#4534),#332,#4079);
#4534 = PRESENTATION_STYLE_BY_CONTEXT((#4535,#4540),#4041);
#4535 = SURFACE_STYLE_USAGE(.BOTH.,#4536);
#4536 = SURFACE_SIDE_STYLE('',(#4537));
#4537 = SURFACE_STYLE_FILL_AREA(#4538);
#4538 = FILL_AREA_STYLE('',(#4539));
#4539 = FILL_AREA_STYLE_COLOUR('',#4403);
#4540 = CURVE_STYLE('',#4541,POSITIVE_LENGTH_MEASURE(0.1),#4406);
#4541 = DRAUGHTING_PRE_DEFINED_CURVE_FONT('continuous');
#4542 = OVER_RIDING_STYLED_ITEM('overriding color',(#4543),#332,#4079);
#4543 = PRESENTATION_STYLE_BY_CONTEXT((#4544,#4549),#4043);
#4544 = SURFACE_STYLE_USAGE(.BOTH.,#4545);
#4545 = SURFACE_SIDE_STYLE('',(#4546));
#4546 = SURFACE_STYLE_FILL_AREA(#4547);
#4547 = FILL_AREA_STYLE('',(#4548));
#4548 = FILL_AREA_STYLE_COLOUR('',#4403);
#4549 = CURVE_STYLE('',#4550,POSITIVE_LENGTH_MEASURE(0.1),#4406);
#4550 = DRAUGHTING_PRE_DEFINED_CURVE_FONT('continuous');
#4551 = OVER_RIDING_STYLED_ITEM('overriding color',(#4552),#332,#4079);
#4552 = PRESENTATION_STYLE_BY_CONTEXT((#4553,#4558),#4045);
#4553 = SURFACE_STYLE_USAGE(.BOTH.,#4554);
#4554 = SURFACE_SIDE_STYLE('',(#4555));
#4555 = SURFACE_STYLE_FILL_AREA(#4556);
#4556 = FILL_AREA_STYLE('',(#4557));
#4557 = FILL_AREA_STYLE_COLOUR('',#4403);
#4558 = CURVE_STYLE('',#4559,POSITIVE_LENGTH_MEASURE(0.1),#4406);
#4559 = DRAUGHTING_PRE_DEFINED_CURVE_FONT('continuous');
#4560 = OVER_RIDING_STYLED_ITEM('overriding color',(#4561),#332,#4079);
#4561 = PRESENTATION_STYLE_BY_CONTEXT((#4562,#4567),#4047);
#4562 = SURFACE_STYLE_USAGE(.BOTH.,#4563);
#4563 = SURFACE_SIDE_STYLE('',(#4564));
#4564 = SURFACE_STYLE_FILL_AREA(#4565);
#4565 = FILL_AREA_STYLE('',(#4566));
#4566 = FILL_AREA_STYLE_COLOUR('',#4403);
#4567 = CURVE_STYLE('',#4568,POSITIVE_LENGTH_MEASURE(0.1),#4406);
#4568 = DRAUGHTING_PRE_DEFINED_CURVE_FONT('continuous');
#4569 = OVER_RIDING_STYLED_ITEM('overriding color',(#4570),#332,#4079);
#4570 = PRESENTATION_STYLE_BY_CONTEXT((#4571,#4576),#4049);
#4571 = SURFACE_STYLE_USAGE(.BOTH.,#4572);
#4572 = SURFACE_SIDE_STYLE('',(#4573));
#4573 = SURFACE_STYLE_FILL_AREA(#4574);
#4574 = FILL_AREA_STYLE('',(#4575));
#4575 = FILL_AREA_STYLE_COLOUR('',#4403);
#4576 = CURVE_STYLE('',#4577,POSITIVE_LENGTH_MEASURE(0.1),#4406);
#4577 = DRAUGHTING_PRE_DEFINED_CURVE_FONT('continuous');
#4578 = OVER_RIDING_STYLED_ITEM('overriding color',(#4579),#332,#4079);
#4579 = PRESENTATION_STYLE_BY_CONTEXT((#4580,#4585),#4051);
#4580 = SURFACE_STYLE_USAGE(.BOTH.,#4581);
#4581 = SURFACE_SIDE_STYLE('',(#4582));
#4582 = SURFACE_STYLE_FILL_AREA(#4583);
#4583 = FILL_AREA_STYLE('',(#4584));
#4584 = FILL_AREA_STYLE_COLOUR('',#4403);
#4585 = CURVE_STYLE('',#4586,POSITIVE_LENGTH_MEASURE(0.1),#4406);
#4586 = DRAUGHTING_PRE_DEFINED_CURVE_FONT('continuous');
#4587 = OVER_RIDING_STYLED_ITEM('overriding color',(#4588),#332,#4079);
#4588 = PRESENTATION_STYLE_BY_CONTEXT((#4589,#4594),#4053);
#4589 = SURFACE_STYLE_USAGE(.BOTH.,#4590);
#4590 = SURFACE_SIDE_STYLE('',(#4591));
#4591 = SURFACE_STYLE_FILL_AREA(#4592);
#4592 = FILL_AREA_STYLE('',(#4593));
#4593 = FILL_AREA_STYLE_COLOUR('',#4403);
#4594 = CURVE_STYLE('',#4595,POSITIVE_LENGTH_MEASURE(0.1),#4406);
#4595 = DRAUGHTING_PRE_DEFINED_CURVE_FONT('continuous');
#4596 = OVER_RIDING_STYLED_ITEM('overriding color',(#4597),#332,#4079);
#4597 = PRESENTATION_STYLE_BY_CONTEXT((#4598,#4603),#4055);
#4598 = SURFACE_STYLE_USAGE(.BOTH.,#4599);
#4599 = SURFACE_SIDE_STYLE('',(#4600));
#4600 = SURFACE_STYLE_FILL_AREA(#4601);
#4601 = FILL_AREA_STYLE('',(#4602));
#4602 = FILL_AREA_STYLE_COLOUR('',#4403);
#4603 = CURVE_STYLE('',#4604,POSITIVE_LENGTH_MEASURE(0.1),#4406);
#4604 = DRAUGHTING_PRE_DEFINED_CURVE_FONT('continuous');
#4605 = OVER_RIDING_STYLED_ITEM('overriding color',(#4606),#332,#4079);
#4606 = PRESENTATION_STYLE_BY_CONTEXT((#4607,#4612),#4057);
#4607 = SURFACE_STYLE_USAGE(.BOTH.,#4608);
#4608 = SURFACE_SIDE_STYLE('',(#4609));
#4609 = SURFACE_STYLE_FILL_AREA(#4610);
#4610 = FILL_AREA_STYLE('',(#4611));
#4611 = FILL_AREA_STYLE_COLOUR('',#4403);
#4612 = CURVE_STYLE('',#4613,POSITIVE_LENGTH_MEASURE(0.1),#4406);
#4613 = DRAUGHTING_PRE_DEFINED_CURVE_FONT('continuous');
#4614 = OVER_RIDING_STYLED_ITEM('overriding color',(#4615),#332,#4079);
#4615 = PRESENTATION_STYLE_BY_CONTEXT((#4616,#4621),#4059);
#4616 = SURFACE_STYLE_USAGE(.BOTH.,#4617);
#4617 = SURFACE_SIDE_STYLE('',(#4618));
#4618 = SURFACE_STYLE_FILL_AREA(#4619);
#4619 = FILL_AREA_STYLE('',(#4620));
#4620 = FILL_AREA_STYLE_COLOUR('',#4403);
#4621 = CURVE_STYLE('',#4622,POSITIVE_LENGTH_MEASURE(0.1),#4406);
#4622 = DRAUGHTING_PRE_DEFINED_CURVE_FONT('continuous');
#4623 = OVER_RIDING_STYLED_ITEM('overriding color',(#4624),#332,#4079);
#4624 = PRESENTATION_STYLE_BY_CONTEXT((#4625,#4630),#4061);
#4625 = SURFACE_STYLE_USAGE(.BOTH.,#4626);
#4626 = SURFACE_SIDE_STYLE('',(#4627));
#4627 = SURFACE_STYLE_FILL_AREA(#4628);
#4628 = FILL_AREA_STYLE('',(#4629));
#4629 = FILL_AREA_STYLE_COLOUR('',#4403);
#4630 = CURVE_STYLE('',#4631,POSITIVE_LENGTH_MEASURE(0.1),#4406);
#4631 = DRAUGHTING_PRE_DEFINED_CURVE_FONT('continuous');
#4632 = OVER_RIDING_STYLED_ITEM('overriding color',(#4633),#332,#4079);
#4633 = PRESENTATION_STYLE_BY_CONTEXT((#4634,#4639),#4063);
#4634 = SURFACE_STYLE_USAGE(.BOTH.,#4635);
#4635 = SURFACE_SIDE_STYLE('',(#4636));
#4636 = SURFACE_STYLE_FILL_AREA(#4637);
#4637 = FILL_AREA_STYLE('',(#4638));
#4638 = FILL_AREA_STYLE_COLOUR('',#4403);
#4639 = CURVE_STYLE('',#4640,POSITIVE_LENGTH_MEASURE(0.1),#4406);
#4640 = DRAUGHTING_PRE_DEFINED_CURVE_FONT('continuous');
#4641 = OVER_RIDING_STYLED_ITEM('overriding color',(#4642),#332,#4079);
#4642 = PRESENTATION_STYLE_BY_CONTEXT((#4643,#4648),#4065);
#4643 = SURFACE_STYLE_USAGE(.BOTH.,#4644);
#4644 = SURFACE_SIDE_STYLE('',(#4645));
#4645 = SURFACE_STYLE_FILL_AREA(#4646);
#4646 = FILL_AREA_STYLE('',(#4647));
#4647 = FILL_AREA_STYLE_COLOUR('',#4403);
#4648 = CURVE_STYLE('',#4649,POSITIVE_LENGTH_MEASURE(0.1),#4406);
#4649 = DRAUGHTING_PRE_DEFINED_CURVE_FONT('continuous');
#4650 = OVER_RIDING_STYLED_ITEM('overriding color',(#4651),#332,#4079);
#4651 = PRESENTATION_STYLE_BY_CONTEXT((#4652,#4657),#4067);
#4652 = SURFACE_STYLE_USAGE(.BOTH.,#4653);
#4653 = SURFACE_SIDE_STYLE('',(#4654));
#4654 = SURFACE_STYLE_FILL_AREA(#4655);
#4655 = FILL_AREA_STYLE('',(#4656));
#4656 = FILL_AREA_STYLE_COLOUR('',#4403);
#4657 = CURVE_STYLE('',#4658,POSITIVE_LENGTH_MEASURE(0.1),#4406);
#4658 = DRAUGHTING_PRE_DEFINED_CURVE_FONT('continuous');
#4659 = OVER_RIDING_STYLED_ITEM('overriding color',(#4660),#332,#4079);
#4660 = PRESENTATION_STYLE_BY_CONTEXT((#4661,#4666),#4069);
#4661 = SURFACE_STYLE_USAGE(.BOTH.,#4662);
#4662 = SURFACE_SIDE_STYLE('',(#4663));
#4663 = SURFACE_STYLE_FILL_AREA(#4664);
#4664 = FILL_AREA_STYLE('',(#4665));
#4665 = FILL_AREA_STYLE_COLOUR('',#4403);
#4666 = CURVE_STYLE('',#4667,POSITIVE_LENGTH_MEASURE(0.1),#4406);
#4667 = DRAUGHTING_PRE_DEFINED_CURVE_FONT('continuous');
#4668 = OVER_RIDING_STYLED_ITEM('overriding color',(#4669),#332,#4079);
#4669 = PRESENTATION_STYLE_BY_CONTEXT((#4670,#4675),#4071);
#4670 = SURFACE_STYLE_USAGE(.BOTH.,#4671);
#4671 = SURFACE_SIDE_STYLE('',(#4672));
#4672 = SURFACE_STYLE_FILL_AREA(#4673);
#4673 = FILL_AREA_STYLE('',(#4674));
#4674 = FILL_AREA_STYLE_COLOUR('',#4403);
#4675 = CURVE_STYLE('',#4676,POSITIVE_LENGTH_MEASURE(0.1),#4406);
#4676 = DRAUGHTING_PRE_DEFINED_CURVE_FONT('continuous');
#4677 = OVER_RIDING_STYLED_ITEM('overriding color',(#4678),#332,#4079);
#4678 = PRESENTATION_STYLE_BY_CONTEXT((#4679,#4684),#4073);
#4679 = SURFACE_STYLE_USAGE(.BOTH.,#4680);
#4680 = SURFACE_SIDE_STYLE('',(#4681));
#4681 = SURFACE_STYLE_FILL_AREA(#4682);
#4682 = FILL_AREA_STYLE('',(#4683));
#4683 = FILL_AREA_STYLE_COLOUR('',#4403);
#4684 = CURVE_STYLE('',#4685,POSITIVE_LENGTH_MEASURE(0.1),#4406);
#4685 = DRAUGHTING_PRE_DEFINED_CURVE_FONT('continuous');
#4686 = OVER_RIDING_STYLED_ITEM('overriding color',(#4687),#332,#4079);
#4687 = PRESENTATION_STYLE_BY_CONTEXT((#4688,#4693),#4075);
#4688 = SURFACE_STYLE_USAGE(.BOTH.,#4689);
#4689 = SURFACE_SIDE_STYLE('',(#4690));
#4690 = SURFACE_STYLE_FILL_AREA(#4691);
#4691 = FILL_AREA_STYLE('',(#4692));
#4692 = FILL_AREA_STYLE_COLOUR('',#4403);
#4693 = CURVE_STYLE('',#4694,POSITIVE_LENGTH_MEASURE(0.1),#4406);
#4694 = DRAUGHTING_PRE_DEFINED_CURVE_FONT('continuous');
#4695 = OVER_RIDING_STYLED_ITEM('overriding color',(#4696),#332,#4079);
#4696 = PRESENTATION_STYLE_BY_CONTEXT((#4697,#4702),#4077);
#4697 = SURFACE_STYLE_USAGE(.BOTH.,#4698);
#4698 = SURFACE_SIDE_STYLE('',(#4699));
#4699 = SURFACE_STYLE_FILL_AREA(#4700);
#4700 = FILL_AREA_STYLE('',(#4701));
#4701 = FILL_AREA_STYLE_COLOUR('',#4403);
#4702 = CURVE_STYLE('',#4703,POSITIVE_LENGTH_MEASURE(0.1),#4406);
#4703 = DRAUGHTING_PRE_DEFINED_CURVE_FONT('continuous');
#4704 = MECHANICAL_DESIGN_GEOMETRIC_PRESENTATION_REPRESENTATION('',(
    #4705,#4715,#4724,#4735,#4744,#4755,#4764,#4775,#4784,#4795,#4804,
    #4815,#4824,#4835,#4844,#4855,#4864,#4875,#4884,#4895,#4904,#4915,
    #4924,#4935,#4944,#4955,#4964,#4975,#4984,#4995,#5004,#5015,#5024,
    #5035,#5044,#5055,#5064,#5075,#5084,#5095,#5104,#5115,#5124,#5135,
    #5144,#5155,#5164,#5175,#5184,#5195,#5204,#5215,#5224,#5235,#5244,
    #5255,#5264,#5275,#5284,#5295,#5304,#5315,#5324,#5335,#5344,#5355,
    #5364,#5375,#5384),#2231);
#4705 = STYLED_ITEM('color',(#4706),#1817);
#4706 = PRESENTATION_STYLE_ASSIGNMENT((#4707,#4713));
#4707 = SURFACE_STYLE_USAGE(.BOTH.,#4708);
#4708 = SURFACE_SIDE_STYLE('',(#4709));
#4709 = SURFACE_STYLE_FILL_AREA(#4710);
#4710 = FILL_AREA_STYLE('',(#4711));
#4711 = FILL_AREA_STYLE_COLOUR('',#4712);
#4712 = COLOUR_RGB('',0.988235296747,0.827450977613,0.345098051753);
#4713 = CURVE_STYLE('',#4714,POSITIVE_LENGTH_MEASURE(0.1),#4089);
#4714 = DRAUGHTING_PRE_DEFINED_CURVE_FONT('continuous');
#4715 = OVER_RIDING_STYLED_ITEM('overriding color',(#4716),#1817,#4705);
#4716 = PRESENTATION_STYLE_BY_CONTEXT((#4717,#4722),#3675);
#4717 = SURFACE_STYLE_USAGE(.BOTH.,#4718);
#4718 = SURFACE_SIDE_STYLE('',(#4719));
#4719 = SURFACE_STYLE_FILL_AREA(#4720);
#4720 = FILL_AREA_STYLE('',(#4721));
#4721 = FILL_AREA_STYLE_COLOUR('',#4712);
#4722 = CURVE_STYLE('',#4723,POSITIVE_LENGTH_MEASURE(0.1),#4089);
#4723 = DRAUGHTING_PRE_DEFINED_CURVE_FONT('continuous');
#4724 = OVER_RIDING_STYLED_ITEM('overriding color',(#4725),#1817,#4705);
#4725 = PRESENTATION_STYLE_BY_CONTEXT((#4726,#4732),#3679);
#4726 = SURFACE_STYLE_USAGE(.BOTH.,#4727);
#4727 = SURFACE_SIDE_STYLE('',(#4728));
#4728 = SURFACE_STYLE_FILL_AREA(#4729);
#4729 = FILL_AREA_STYLE('',(#4730));
#4730 = FILL_AREA_STYLE_COLOUR('',#4731);
#4731 = COLOUR_RGB('',0.988235296747,0.827450977613,0.345098051753);
#4732 = CURVE_STYLE('',#4733,POSITIVE_LENGTH_MEASURE(0.1),#4734);
#4733 = DRAUGHTING_PRE_DEFINED_CURVE_FONT('continuous');
#4734 = COLOUR_RGB('',9.803921802644E-02,9.803921802644E-02,
  9.803921802644E-02);
#4735 = OVER_RIDING_STYLED_ITEM('overriding color',(#4736),#1817,#4705);
#4736 = PRESENTATION_STYLE_BY_CONTEXT((#4737,#4742),#3685);
#4737 = SURFACE_STYLE_USAGE(.BOTH.,#4738);
#4738 = SURFACE_SIDE_STYLE('',(#4739));
#4739 = SURFACE_STYLE_FILL_AREA(#4740);
#4740 = FILL_AREA_STYLE('',(#4741));
#4741 = FILL_AREA_STYLE_COLOUR('',#4712);
#4742 = CURVE_STYLE('',#4743,POSITIVE_LENGTH_MEASURE(0.1),#4089);
#4743 = DRAUGHTING_PRE_DEFINED_CURVE_FONT('continuous');
#4744 = OVER_RIDING_STYLED_ITEM('overriding color',(#4745),#1817,#4705);
#4745 = PRESENTATION_STYLE_BY_CONTEXT((#4746,#4752),#3689);
#4746 = SURFACE_STYLE_USAGE(.BOTH.,#4747);
#4747 = SURFACE_SIDE_STYLE('',(#4748));
#4748 = SURFACE_STYLE_FILL_AREA(#4749);
#4749 = FILL_AREA_STYLE('',(#4750));
#4750 = FILL_AREA_STYLE_COLOUR('',#4751);
#4751 = COLOUR_RGB('',0.988235296747,0.827450977613,0.345098051753);
#4752 = CURVE_STYLE('',#4753,POSITIVE_LENGTH_MEASURE(0.1),#4754);
#4753 = DRAUGHTING_PRE_DEFINED_CURVE_FONT('continuous');
#4754 = COLOUR_RGB('',9.803921802644E-02,9.803921802644E-02,
  9.803921802644E-02);
#4755 = OVER_RIDING_STYLED_ITEM('overriding color',(#4756),#1817,#4705);
#4756 = PRESENTATION_STYLE_BY_CONTEXT((#4757,#4762),#3695);
#4757 = SURFACE_STYLE_USAGE(.BOTH.,#4758);
#4758 = SURFACE_SIDE_STYLE('',(#4759));
#4759 = SURFACE_STYLE_FILL_AREA(#4760);
#4760 = FILL_AREA_STYLE('',(#4761));
#4761 = FILL_AREA_STYLE_COLOUR('',#4712);
#4762 = CURVE_STYLE('',#4763,POSITIVE_LENGTH_MEASURE(0.1),#4089);
#4763 = DRAUGHTING_PRE_DEFINED_CURVE_FONT('continuous');
#4764 = OVER_RIDING_STYLED_ITEM('overriding color',(#4765),#1817,#4705);
#4765 = PRESENTATION_STYLE_BY_CONTEXT((#4766,#4772),#3699);
#4766 = SURFACE_STYLE_USAGE(.BOTH.,#4767);
#4767 = SURFACE_SIDE_STYLE('',(#4768));
#4768 = SURFACE_STYLE_FILL_AREA(#4769);
#4769 = FILL_AREA_STYLE('',(#4770));
#4770 = FILL_AREA_STYLE_COLOUR('',#4771);
#4771 = COLOUR_RGB('',0.988235296747,0.827450977613,0.345098051753);
#4772 = CURVE_STYLE('',#4773,POSITIVE_LENGTH_MEASURE(0.1),#4774);
#4773 = DRAUGHTING_PRE_DEFINED_CURVE_FONT('continuous');
#4774 = COLOUR_RGB('',9.803921802644E-02,9.803921802644E-02,
  9.803921802644E-02);
#4775 = OVER_RIDING_STYLED_ITEM('overriding color',(#4776),#1817,#4705);
#4776 = PRESENTATION_STYLE_BY_CONTEXT((#4777,#4782),#3705);
#4777 = SURFACE_STYLE_USAGE(.BOTH.,#4778);
#4778 = SURFACE_SIDE_STYLE('',(#4779));
#4779 = SURFACE_STYLE_FILL_AREA(#4780);
#4780 = FILL_AREA_STYLE('',(#4781));
#4781 = FILL_AREA_STYLE_COLOUR('',#4712);
#4782 = CURVE_STYLE('',#4783,POSITIVE_LENGTH_MEASURE(0.1),#4089);
#4783 = DRAUGHTING_PRE_DEFINED_CURVE_FONT('continuous');
#4784 = OVER_RIDING_STYLED_ITEM('overriding color',(#4785),#1817,#4705);
#4785 = PRESENTATION_STYLE_BY_CONTEXT((#4786,#4792),#3709);
#4786 = SURFACE_STYLE_USAGE(.BOTH.,#4787);
#4787 = SURFACE_SIDE_STYLE('',(#4788));
#4788 = SURFACE_STYLE_FILL_AREA(#4789);
#4789 = FILL_AREA_STYLE('',(#4790));
#4790 = FILL_AREA_STYLE_COLOUR('',#4791);
#4791 = COLOUR_RGB('',0.988235296747,0.827450977613,0.345098051753);
#4792 = CURVE_STYLE('',#4793,POSITIVE_LENGTH_MEASURE(0.1),#4794);
#4793 = DRAUGHTING_PRE_DEFINED_CURVE_FONT('continuous');
#4794 = COLOUR_RGB('',9.803921802644E-02,9.803921802644E-02,
  9.803921802644E-02);
#4795 = OVER_RIDING_STYLED_ITEM('overriding color',(#4796),#1817,#4705);
#4796 = PRESENTATION_STYLE_BY_CONTEXT((#4797,#4802),#3715);
#4797 = SURFACE_STYLE_USAGE(.BOTH.,#4798);
#4798 = SURFACE_SIDE_STYLE('',(#4799));
#4799 = SURFACE_STYLE_FILL_AREA(#4800);
#4800 = FILL_AREA_STYLE('',(#4801));
#4801 = FILL_AREA_STYLE_COLOUR('',#4712);
#4802 = CURVE_STYLE('',#4803,POSITIVE_LENGTH_MEASURE(0.1),#4089);
#4803 = DRAUGHTING_PRE_DEFINED_CURVE_FONT('continuous');
#4804 = OVER_RIDING_STYLED_ITEM('overriding color',(#4805),#1817,#4705);
#4805 = PRESENTATION_STYLE_BY_CONTEXT((#4806,#4812),#3719);
#4806 = SURFACE_STYLE_USAGE(.BOTH.,#4807);
#4807 = SURFACE_SIDE_STYLE('',(#4808));
#4808 = SURFACE_STYLE_FILL_AREA(#4809);
#4809 = FILL_AREA_STYLE('',(#4810));
#4810 = FILL_AREA_STYLE_COLOUR('',#4811);
#4811 = COLOUR_RGB('',0.988235296747,0.827450977613,0.345098051753);
#4812 = CURVE_STYLE('',#4813,POSITIVE_LENGTH_MEASURE(0.1),#4814);
#4813 = DRAUGHTING_PRE_DEFINED_CURVE_FONT('continuous');
#4814 = COLOUR_RGB('',9.803921802644E-02,9.803921802644E-02,
  9.803921802644E-02);
#4815 = OVER_RIDING_STYLED_ITEM('overriding color',(#4816),#1817,#4705);
#4816 = PRESENTATION_STYLE_BY_CONTEXT((#4817,#4822),#3725);
#4817 = SURFACE_STYLE_USAGE(.BOTH.,#4818);
#4818 = SURFACE_SIDE_STYLE('',(#4819));
#4819 = SURFACE_STYLE_FILL_AREA(#4820);
#4820 = FILL_AREA_STYLE('',(#4821));
#4821 = FILL_AREA_STYLE_COLOUR('',#4712);
#4822 = CURVE_STYLE('',#4823,POSITIVE_LENGTH_MEASURE(0.1),#4089);
#4823 = DRAUGHTING_PRE_DEFINED_CURVE_FONT('continuous');
#4824 = OVER_RIDING_STYLED_ITEM('overriding color',(#4825),#1817,#4705);
#4825 = PRESENTATION_STYLE_BY_CONTEXT((#4826,#4832),#3729);
#4826 = SURFACE_STYLE_USAGE(.BOTH.,#4827);
#4827 = SURFACE_SIDE_STYLE('',(#4828));
#4828 = SURFACE_STYLE_FILL_AREA(#4829);
#4829 = FILL_AREA_STYLE('',(#4830));
#4830 = FILL_AREA_STYLE_COLOUR('',#4831);
#4831 = COLOUR_RGB('',0.988235296747,0.827450977613,0.345098051753);
#4832 = CURVE_STYLE('',#4833,POSITIVE_LENGTH_MEASURE(0.1),#4834);
#4833 = DRAUGHTING_PRE_DEFINED_CURVE_FONT('continuous');
#4834 = COLOUR_RGB('',9.803921802644E-02,9.803921802644E-02,
  9.803921802644E-02);
#4835 = OVER_RIDING_STYLED_ITEM('overriding color',(#4836),#1817,#4705);
#4836 = PRESENTATION_STYLE_BY_CONTEXT((#4837,#4842),#3735);
#4837 = SURFACE_STYLE_USAGE(.BOTH.,#4838);
#4838 = SURFACE_SIDE_STYLE('',(#4839));
#4839 = SURFACE_STYLE_FILL_AREA(#4840);
#4840 = FILL_AREA_STYLE('',(#4841));
#4841 = FILL_AREA_STYLE_COLOUR('',#4712);
#4842 = CURVE_STYLE('',#4843,POSITIVE_LENGTH_MEASURE(0.1),#4089);
#4843 = DRAUGHTING_PRE_DEFINED_CURVE_FONT('continuous');
#4844 = OVER_RIDING_STYLED_ITEM('overriding color',(#4845),#1817,#4705);
#4845 = PRESENTATION_STYLE_BY_CONTEXT((#4846,#4852),#3739);
#4846 = SURFACE_STYLE_USAGE(.BOTH.,#4847);
#4847 = SURFACE_SIDE_STYLE('',(#4848));
#4848 = SURFACE_STYLE_FILL_AREA(#4849);
#4849 = FILL_AREA_STYLE('',(#4850));
#4850 = FILL_AREA_STYLE_COLOUR('',#4851);
#4851 = COLOUR_RGB('',0.988235296747,0.827450977613,0.345098051753);
#4852 = CURVE_STYLE('',#4853,POSITIVE_LENGTH_MEASURE(0.1),#4854);
#4853 = DRAUGHTING_PRE_DEFINED_CURVE_FONT('continuous');
#4854 = COLOUR_RGB('',9.803921802644E-02,9.803921802644E-02,
  9.803921802644E-02);
#4855 = OVER_RIDING_STYLED_ITEM('overriding color',(#4856),#1817,#4705);
#4856 = PRESENTATION_STYLE_BY_CONTEXT((#4857,#4862),#3745);
#4857 = SURFACE_STYLE_USAGE(.BOTH.,#4858);
#4858 = SURFACE_SIDE_STYLE('',(#4859));
#4859 = SURFACE_STYLE_FILL_AREA(#4860);
#4860 = FILL_AREA_STYLE('',(#4861));
#4861 = FILL_AREA_STYLE_COLOUR('',#4712);
#4862 = CURVE_STYLE('',#4863,POSITIVE_LENGTH_MEASURE(0.1),#4089);
#4863 = DRAUGHTING_PRE_DEFINED_CURVE_FONT('continuous');
#4864 = OVER_RIDING_STYLED_ITEM('overriding color',(#4865),#1817,#4705);
#4865 = PRESENTATION_STYLE_BY_CONTEXT((#4866,#4872),#3749);
#4866 = SURFACE_STYLE_USAGE(.BOTH.,#4867);
#4867 = SURFACE_SIDE_STYLE('',(#4868));
#4868 = SURFACE_STYLE_FILL_AREA(#4869);
#4869 = FILL_AREA_STYLE('',(#4870));
#4870 = FILL_AREA_STYLE_COLOUR('',#4871);
#4871 = COLOUR_RGB('',0.988235296747,0.827450977613,0.345098051753);
#4872 = CURVE_STYLE('',#4873,POSITIVE_LENGTH_MEASURE(0.1),#4874);
#4873 = DRAUGHTING_PRE_DEFINED_CURVE_FONT('continuous');
#4874 = COLOUR_RGB('',9.803921802644E-02,9.803921802644E-02,
  9.803921802644E-02);
#4875 = OVER_RIDING_STYLED_ITEM('overriding color',(#4876),#1817,#4705);
#4876 = PRESENTATION_STYLE_BY_CONTEXT((#4877,#4882),#3755);
#4877 = SURFACE_STYLE_USAGE(.BOTH.,#4878);
#4878 = SURFACE_SIDE_STYLE('',(#4879));
#4879 = SURFACE_STYLE_FILL_AREA(#4880);
#4880 = FILL_AREA_STYLE('',(#4881));
#4881 = FILL_AREA_STYLE_COLOUR('',#4712);
#4882 = CURVE_STYLE('',#4883,POSITIVE_LENGTH_MEASURE(0.1),#4089);
#4883 = DRAUGHTING_PRE_DEFINED_CURVE_FONT('continuous');
#4884 = OVER_RIDING_STYLED_ITEM('overriding color',(#4885),#1817,#4705);
#4885 = PRESENTATION_STYLE_BY_CONTEXT((#4886,#4892),#3759);
#4886 = SURFACE_STYLE_USAGE(.BOTH.,#4887);
#4887 = SURFACE_SIDE_STYLE('',(#4888));
#4888 = SURFACE_STYLE_FILL_AREA(#4889);
#4889 = FILL_AREA_STYLE('',(#4890));
#4890 = FILL_AREA_STYLE_COLOUR('',#4891);
#4891 = COLOUR_RGB('',0.988235296747,0.827450977613,0.345098051753);
#4892 = CURVE_STYLE('',#4893,POSITIVE_LENGTH_MEASURE(0.1),#4894);
#4893 = DRAUGHTING_PRE_DEFINED_CURVE_FONT('continuous');
#4894 = COLOUR_RGB('',9.803921802644E-02,9.803921802644E-02,
  9.803921802644E-02);
#4895 = OVER_RIDING_STYLED_ITEM('overriding color',(#4896),#1817,#4705);
#4896 = PRESENTATION_STYLE_BY_CONTEXT((#4897,#4902),#3765);
#4897 = SURFACE_STYLE_USAGE(.BOTH.,#4898);
#4898 = SURFACE_SIDE_STYLE('',(#4899));
#4899 = SURFACE_STYLE_FILL_AREA(#4900);
#4900 = FILL_AREA_STYLE('',(#4901));
#4901 = FILL_AREA_STYLE_COLOUR('',#4712);
#4902 = CURVE_STYLE('',#4903,POSITIVE_LENGTH_MEASURE(0.1),#4089);
#4903 = DRAUGHTING_PRE_DEFINED_CURVE_FONT('continuous');
#4904 = OVER_RIDING_STYLED_ITEM('overriding color',(#4905),#1817,#4705);
#4905 = PRESENTATION_STYLE_BY_CONTEXT((#4906,#4912),#3769);
#4906 = SURFACE_STYLE_USAGE(.BOTH.,#4907);
#4907 = SURFACE_SIDE_STYLE('',(#4908));
#4908 = SURFACE_STYLE_FILL_AREA(#4909);
#4909 = FILL_AREA_STYLE('',(#4910));
#4910 = FILL_AREA_STYLE_COLOUR('',#4911);
#4911 = COLOUR_RGB('',0.988235296747,0.827450977613,0.345098051753);
#4912 = CURVE_STYLE('',#4913,POSITIVE_LENGTH_MEASURE(0.1),#4914);
#4913 = DRAUGHTING_PRE_DEFINED_CURVE_FONT('continuous');
#4914 = COLOUR_RGB('',9.803921802644E-02,9.803921802644E-02,
  9.803921802644E-02);
#4915 = OVER_RIDING_STYLED_ITEM('overriding color',(#4916),#1817,#4705);
#4916 = PRESENTATION_STYLE_BY_CONTEXT((#4917,#4922),#3775);
#4917 = SURFACE_STYLE_USAGE(.BOTH.,#4918);
#4918 = SURFACE_SIDE_STYLE('',(#4919));
#4919 = SURFACE_STYLE_FILL_AREA(#4920);
#4920 = FILL_AREA_STYLE('',(#4921));
#4921 = FILL_AREA_STYLE_COLOUR('',#4712);
#4922 = CURVE_STYLE('',#4923,POSITIVE_LENGTH_MEASURE(0.1),#4089);
#4923 = DRAUGHTING_PRE_DEFINED_CURVE_FONT('continuous');
#4924 = OVER_RIDING_STYLED_ITEM('overriding color',(#4925),#1817,#4705);
#4925 = PRESENTATION_STYLE_BY_CONTEXT((#4926,#4932),#3779);
#4926 = SURFACE_STYLE_USAGE(.BOTH.,#4927);
#4927 = SURFACE_SIDE_STYLE('',(#4928));
#4928 = SURFACE_STYLE_FILL_AREA(#4929);
#4929 = FILL_AREA_STYLE('',(#4930));
#4930 = FILL_AREA_STYLE_COLOUR('',#4931);
#4931 = COLOUR_RGB('',0.988235296747,0.827450977613,0.345098051753);
#4932 = CURVE_STYLE('',#4933,POSITIVE_LENGTH_MEASURE(0.1),#4934);
#4933 = DRAUGHTING_PRE_DEFINED_CURVE_FONT('continuous');
#4934 = COLOUR_RGB('',9.803921802644E-02,9.803921802644E-02,
  9.803921802644E-02);
#4935 = OVER_RIDING_STYLED_ITEM('overriding color',(#4936),#1817,#4705);
#4936 = PRESENTATION_STYLE_BY_CONTEXT((#4937,#4942),#3785);
#4937 = SURFACE_STYLE_USAGE(.BOTH.,#4938);
#4938 = SURFACE_SIDE_STYLE('',(#4939));
#4939 = SURFACE_STYLE_FILL_AREA(#4940);
#4940 = FILL_AREA_STYLE('',(#4941));
#4941 = FILL_AREA_STYLE_COLOUR('',#4712);
#4942 = CURVE_STYLE('',#4943,POSITIVE_LENGTH_MEASURE(0.1),#4089);
#4943 = DRAUGHTING_PRE_DEFINED_CURVE_FONT('continuous');
#4944 = OVER_RIDING_STYLED_ITEM('overriding color',(#4945),#1817,#4705);
#4945 = PRESENTATION_STYLE_BY_CONTEXT((#4946,#4952),#3789);
#4946 = SURFACE_STYLE_USAGE(.BOTH.,#4947);
#4947 = SURFACE_SIDE_STYLE('',(#4948));
#4948 = SURFACE_STYLE_FILL_AREA(#4949);
#4949 = FILL_AREA_STYLE('',(#4950));
#4950 = FILL_AREA_STYLE_COLOUR('',#4951);
#4951 = COLOUR_RGB('',0.988235296747,0.827450977613,0.345098051753);
#4952 = CURVE_STYLE('',#4953,POSITIVE_LENGTH_MEASURE(0.1),#4954);
#4953 = DRAUGHTING_PRE_DEFINED_CURVE_FONT('continuous');
#4954 = COLOUR_RGB('',9.803921802644E-02,9.803921802644E-02,
  9.803921802644E-02);
#4955 = OVER_RIDING_STYLED_ITEM('overriding color',(#4956),#1817,#4705);
#4956 = PRESENTATION_STYLE_BY_CONTEXT((#4957,#4962),#3795);
#4957 = SURFACE_STYLE_USAGE(.BOTH.,#4958);
#4958 = SURFACE_SIDE_STYLE('',(#4959));
#4959 = SURFACE_STYLE_FILL_AREA(#4960);
#4960 = FILL_AREA_STYLE('',(#4961));
#4961 = FILL_AREA_STYLE_COLOUR('',#4712);
#4962 = CURVE_STYLE('',#4963,POSITIVE_LENGTH_MEASURE(0.1),#4089);
#4963 = DRAUGHTING_PRE_DEFINED_CURVE_FONT('continuous');
#4964 = OVER_RIDING_STYLED_ITEM('overriding color',(#4965),#1817,#4705);
#4965 = PRESENTATION_STYLE_BY_CONTEXT((#4966,#4972),#3799);
#4966 = SURFACE_STYLE_USAGE(.BOTH.,#4967);
#4967 = SURFACE_SIDE_STYLE('',(#4968));
#4968 = SURFACE_STYLE_FILL_AREA(#4969);
#4969 = FILL_AREA_STYLE('',(#4970));
#4970 = FILL_AREA_STYLE_COLOUR('',#4971);
#4971 = COLOUR_RGB('',0.988235296747,0.827450977613,0.345098051753);
#4972 = CURVE_STYLE('',#4973,POSITIVE_LENGTH_MEASURE(0.1),#4974);
#4973 = DRAUGHTING_PRE_DEFINED_CURVE_FONT('continuous');
#4974 = COLOUR_RGB('',9.803921802644E-02,9.803921802644E-02,
  9.803921802644E-02);
#4975 = OVER_RIDING_STYLED_ITEM('overriding color',(#4976),#1817,#4705);
#4976 = PRESENTATION_STYLE_BY_CONTEXT((#4977,#4982),#3805);
#4977 = SURFACE_STYLE_USAGE(.BOTH.,#4978);
#4978 = SURFACE_SIDE_STYLE('',(#4979));
#4979 = SURFACE_STYLE_FILL_AREA(#4980);
#4980 = FILL_AREA_STYLE('',(#4981));
#4981 = FILL_AREA_STYLE_COLOUR('',#4712);
#4982 = CURVE_STYLE('',#4983,POSITIVE_LENGTH_MEASURE(0.1),#4089);
#4983 = DRAUGHTING_PRE_DEFINED_CURVE_FONT('continuous');
#4984 = OVER_RIDING_STYLED_ITEM('overriding color',(#4985),#1817,#4705);
#4985 = PRESENTATION_STYLE_BY_CONTEXT((#4986,#4992),#3809);
#4986 = SURFACE_STYLE_USAGE(.BOTH.,#4987);
#4987 = SURFACE_SIDE_STYLE('',(#4988));
#4988 = SURFACE_STYLE_FILL_AREA(#4989);
#4989 = FILL_AREA_STYLE('',(#4990));
#4990 = FILL_AREA_STYLE_COLOUR('',#4991);
#4991 = COLOUR_RGB('',0.988235296747,0.827450977613,0.345098051753);
#4992 = CURVE_STYLE('',#4993,POSITIVE_LENGTH_MEASURE(0.1),#4994);
#4993 = DRAUGHTING_PRE_DEFINED_CURVE_FONT('continuous');
#4994 = COLOUR_RGB('',9.803921802644E-02,9.803921802644E-02,
  9.803921802644E-02);
#4995 = OVER_RIDING_STYLED_ITEM('overriding color',(#4996),#1817,#4705);
#4996 = PRESENTATION_STYLE_BY_CONTEXT((#4997,#5002),#3815);
#4997 = SURFACE_STYLE_USAGE(.BOTH.,#4998);
#4998 = SURFACE_SIDE_STYLE('',(#4999));
#4999 = SURFACE_STYLE_FILL_AREA(#5000);
#5000 = FILL_AREA_STYLE('',(#5001));
#5001 = FILL_AREA_STYLE_COLOUR('',#4712);
#5002 = CURVE_STYLE('',#5003,POSITIVE_LENGTH_MEASURE(0.1),#4089);
#5003 = DRAUGHTING_PRE_DEFINED_CURVE_FONT('continuous');
#5004 = OVER_RIDING_STYLED_ITEM('overriding color',(#5005),#1817,#4705);
#5005 = PRESENTATION_STYLE_BY_CONTEXT((#5006,#5012),#3819);
#5006 = SURFACE_STYLE_USAGE(.BOTH.,#5007);
#5007 = SURFACE_SIDE_STYLE('',(#5008));
#5008 = SURFACE_STYLE_FILL_AREA(#5009);
#5009 = FILL_AREA_STYLE('',(#5010));
#5010 = FILL_AREA_STYLE_COLOUR('',#5011);
#5011 = COLOUR_RGB('',0.988235296747,0.827450977613,0.345098051753);
#5012 = CURVE_STYLE('',#5013,POSITIVE_LENGTH_MEASURE(0.1),#5014);
#5013 = DRAUGHTING_PRE_DEFINED_CURVE_FONT('continuous');
#5014 = COLOUR_RGB('',9.803921802644E-02,9.803921802644E-02,
  9.803921802644E-02);
#5015 = OVER_RIDING_STYLED_ITEM('overriding color',(#5016),#1817,#4705);
#5016 = PRESENTATION_STYLE_BY_CONTEXT((#5017,#5022),#3825);
#5017 = SURFACE_STYLE_USAGE(.BOTH.,#5018);
#5018 = SURFACE_SIDE_STYLE('',(#5019));
#5019 = SURFACE_STYLE_FILL_AREA(#5020);
#5020 = FILL_AREA_STYLE('',(#5021));
#5021 = FILL_AREA_STYLE_COLOUR('',#4712);
#5022 = CURVE_STYLE('',#5023,POSITIVE_LENGTH_MEASURE(0.1),#4089);
#5023 = DRAUGHTING_PRE_DEFINED_CURVE_FONT('continuous');
#5024 = OVER_RIDING_STYLED_ITEM('overriding color',(#5025),#1817,#4705);
#5025 = PRESENTATION_STYLE_BY_CONTEXT((#5026,#5032),#3829);
#5026 = SURFACE_STYLE_USAGE(.BOTH.,#5027);
#5027 = SURFACE_SIDE_STYLE('',(#5028));
#5028 = SURFACE_STYLE_FILL_AREA(#5029);
#5029 = FILL_AREA_STYLE('',(#5030));
#5030 = FILL_AREA_STYLE_COLOUR('',#5031);
#5031 = COLOUR_RGB('',0.988235296747,0.827450977613,0.345098051753);
#5032 = CURVE_STYLE('',#5033,POSITIVE_LENGTH_MEASURE(0.1),#5034);
#5033 = DRAUGHTING_PRE_DEFINED_CURVE_FONT('continuous');
#5034 = COLOUR_RGB('',9.803921802644E-02,9.803921802644E-02,
  9.803921802644E-02);
#5035 = OVER_RIDING_STYLED_ITEM('overriding color',(#5036),#1817,#4705);
#5036 = PRESENTATION_STYLE_BY_CONTEXT((#5037,#5042),#3835);
#5037 = SURFACE_STYLE_USAGE(.BOTH.,#5038);
#5038 = SURFACE_SIDE_STYLE('',(#5039));
#5039 = SURFACE_STYLE_FILL_AREA(#5040);
#5040 = FILL_AREA_STYLE('',(#5041));
#5041 = FILL_AREA_STYLE_COLOUR('',#4712);
#5042 = CURVE_STYLE('',#5043,POSITIVE_LENGTH_MEASURE(0.1),#4089);
#5043 = DRAUGHTING_PRE_DEFINED_CURVE_FONT('continuous');
#5044 = OVER_RIDING_STYLED_ITEM('overriding color',(#5045),#1817,#4705);
#5045 = PRESENTATION_STYLE_BY_CONTEXT((#5046,#5052),#3839);
#5046 = SURFACE_STYLE_USAGE(.BOTH.,#5047);
#5047 = SURFACE_SIDE_STYLE('',(#5048));
#5048 = SURFACE_STYLE_FILL_AREA(#5049);
#5049 = FILL_AREA_STYLE('',(#5050));
#5050 = FILL_AREA_STYLE_COLOUR('',#5051);
#5051 = COLOUR_RGB('',0.988235296747,0.827450977613,0.345098051753);
#5052 = CURVE_STYLE('',#5053,POSITIVE_LENGTH_MEASURE(0.1),#5054);
#5053 = DRAUGHTING_PRE_DEFINED_CURVE_FONT('continuous');
#5054 = COLOUR_RGB('',9.803921802644E-02,9.803921802644E-02,
  9.803921802644E-02);
#5055 = OVER_RIDING_STYLED_ITEM('overriding color',(#5056),#1817,#4705);
#5056 = PRESENTATION_STYLE_BY_CONTEXT((#5057,#5062),#3845);
#5057 = SURFACE_STYLE_USAGE(.BOTH.,#5058);
#5058 = SURFACE_SIDE_STYLE('',(#5059));
#5059 = SURFACE_STYLE_FILL_AREA(#5060);
#5060 = FILL_AREA_STYLE('',(#5061));
#5061 = FILL_AREA_STYLE_COLOUR('',#4712);
#5062 = CURVE_STYLE('',#5063,POSITIVE_LENGTH_MEASURE(0.1),#4089);
#5063 = DRAUGHTING_PRE_DEFINED_CURVE_FONT('continuous');
#5064 = OVER_RIDING_STYLED_ITEM('overriding color',(#5065),#1817,#4705);
#5065 = PRESENTATION_STYLE_BY_CONTEXT((#5066,#5072),#3849);
#5066 = SURFACE_STYLE_USAGE(.BOTH.,#5067);
#5067 = SURFACE_SIDE_STYLE('',(#5068));
#5068 = SURFACE_STYLE_FILL_AREA(#5069);
#5069 = FILL_AREA_STYLE('',(#5070));
#5070 = FILL_AREA_STYLE_COLOUR('',#5071);
#5071 = COLOUR_RGB('',0.988235296747,0.827450977613,0.345098051753);
#5072 = CURVE_STYLE('',#5073,POSITIVE_LENGTH_MEASURE(0.1),#5074);
#5073 = DRAUGHTING_PRE_DEFINED_CURVE_FONT('continuous');
#5074 = COLOUR_RGB('',9.803921802644E-02,9.803921802644E-02,
  9.803921802644E-02);
#5075 = OVER_RIDING_STYLED_ITEM('overriding color',(#5076),#1817,#4705);
#5076 = PRESENTATION_STYLE_BY_CONTEXT((#5077,#5082),#3855);
#5077 = SURFACE_STYLE_USAGE(.BOTH.,#5078);
#5078 = SURFACE_SIDE_STYLE('',(#5079));
#5079 = SURFACE_STYLE_FILL_AREA(#5080);
#5080 = FILL_AREA_STYLE('',(#5081));
#5081 = FILL_AREA_STYLE_COLOUR('',#4712);
#5082 = CURVE_STYLE('',#5083,POSITIVE_LENGTH_MEASURE(0.1),#4089);
#5083 = DRAUGHTING_PRE_DEFINED_CURVE_FONT('continuous');
#5084 = OVER_RIDING_STYLED_ITEM('overriding color',(#5085),#1817,#4705);
#5085 = PRESENTATION_STYLE_BY_CONTEXT((#5086,#5092),#3859);
#5086 = SURFACE_STYLE_USAGE(.BOTH.,#5087);
#5087 = SURFACE_SIDE_STYLE('',(#5088));
#5088 = SURFACE_STYLE_FILL_AREA(#5089);
#5089 = FILL_AREA_STYLE('',(#5090));
#5090 = FILL_AREA_STYLE_COLOUR('',#5091);
#5091 = COLOUR_RGB('',0.988235296747,0.827450977613,0.345098051753);
#5092 = CURVE_STYLE('',#5093,POSITIVE_LENGTH_MEASURE(0.1),#5094);
#5093 = DRAUGHTING_PRE_DEFINED_CURVE_FONT('continuous');
#5094 = COLOUR_RGB('',9.803921802644E-02,9.803921802644E-02,
  9.803921802644E-02);
#5095 = OVER_RIDING_STYLED_ITEM('overriding color',(#5096),#1817,#4705);
#5096 = PRESENTATION_STYLE_BY_CONTEXT((#5097,#5102),#3865);
#5097 = SURFACE_STYLE_USAGE(.BOTH.,#5098);
#5098 = SURFACE_SIDE_STYLE('',(#5099));
#5099 = SURFACE_STYLE_FILL_AREA(#5100);
#5100 = FILL_AREA_STYLE('',(#5101));
#5101 = FILL_AREA_STYLE_COLOUR('',#4712);
#5102 = CURVE_STYLE('',#5103,POSITIVE_LENGTH_MEASURE(0.1),#4089);
#5103 = DRAUGHTING_PRE_DEFINED_CURVE_FONT('continuous');
#5104 = OVER_RIDING_STYLED_ITEM('overriding color',(#5105),#1817,#4705);
#5105 = PRESENTATION_STYLE_BY_CONTEXT((#5106,#5112),#3869);
#5106 = SURFACE_STYLE_USAGE(.BOTH.,#5107);
#5107 = SURFACE_SIDE_STYLE('',(#5108));
#5108 = SURFACE_STYLE_FILL_AREA(#5109);
#5109 = FILL_AREA_STYLE('',(#5110));
#5110 = FILL_AREA_STYLE_COLOUR('',#5111);
#5111 = COLOUR_RGB('',0.988235296747,0.827450977613,0.345098051753);
#5112 = CURVE_STYLE('',#5113,POSITIVE_LENGTH_MEASURE(0.1),#5114);
#5113 = DRAUGHTING_PRE_DEFINED_CURVE_FONT('continuous');
#5114 = COLOUR_RGB('',9.803921802644E-02,9.803921802644E-02,
  9.803921802644E-02);
#5115 = OVER_RIDING_STYLED_ITEM('overriding color',(#5116),#1817,#4705);
#5116 = PRESENTATION_STYLE_BY_CONTEXT((#5117,#5122),#3875);
#5117 = SURFACE_STYLE_USAGE(.BOTH.,#5118);
#5118 = SURFACE_SIDE_STYLE('',(#5119));
#5119 = SURFACE_STYLE_FILL_AREA(#5120);
#5120 = FILL_AREA_STYLE('',(#5121));
#5121 = FILL_AREA_STYLE_COLOUR('',#4712);
#5122 = CURVE_STYLE('',#5123,POSITIVE_LENGTH_MEASURE(0.1),#4089);
#5123 = DRAUGHTING_PRE_DEFINED_CURVE_FONT('continuous');
#5124 = OVER_RIDING_STYLED_ITEM('overriding color',(#5125),#1817,#4705);
#5125 = PRESENTATION_STYLE_BY_CONTEXT((#5126,#5132),#3879);
#5126 = SURFACE_STYLE_USAGE(.BOTH.,#5127);
#5127 = SURFACE_SIDE_STYLE('',(#5128));
#5128 = SURFACE_STYLE_FILL_AREA(#5129);
#5129 = FILL_AREA_STYLE('',(#5130));
#5130 = FILL_AREA_STYLE_COLOUR('',#5131);
#5131 = COLOUR_RGB('',0.988235296747,0.827450977613,0.345098051753);
#5132 = CURVE_STYLE('',#5133,POSITIVE_LENGTH_MEASURE(0.1),#5134);
#5133 = DRAUGHTING_PRE_DEFINED_CURVE_FONT('continuous');
#5134 = COLOUR_RGB('',9.803921802644E-02,9.803921802644E-02,
  9.803921802644E-02);
#5135 = OVER_RIDING_STYLED_ITEM('overriding color',(#5136),#1817,#4705);
#5136 = PRESENTATION_STYLE_BY_CONTEXT((#5137,#5142),#3885);
#5137 = SURFACE_STYLE_USAGE(.BOTH.,#5138);
#5138 = SURFACE_SIDE_STYLE('',(#5139));
#5139 = SURFACE_STYLE_FILL_AREA(#5140);
#5140 = FILL_AREA_STYLE('',(#5141));
#5141 = FILL_AREA_STYLE_COLOUR('',#4712);
#5142 = CURVE_STYLE('',#5143,POSITIVE_LENGTH_MEASURE(0.1),#4089);
#5143 = DRAUGHTING_PRE_DEFINED_CURVE_FONT('continuous');
#5144 = OVER_RIDING_STYLED_ITEM('overriding color',(#5145),#1817,#4705);
#5145 = PRESENTATION_STYLE_BY_CONTEXT((#5146,#5152),#3889);
#5146 = SURFACE_STYLE_USAGE(.BOTH.,#5147);
#5147 = SURFACE_SIDE_STYLE('',(#5148));
#5148 = SURFACE_STYLE_FILL_AREA(#5149);
#5149 = FILL_AREA_STYLE('',(#5150));
#5150 = FILL_AREA_STYLE_COLOUR('',#5151);
#5151 = COLOUR_RGB('',0.988235296747,0.827450977613,0.345098051753);
#5152 = CURVE_STYLE('',#5153,POSITIVE_LENGTH_MEASURE(0.1),#5154);
#5153 = DRAUGHTING_PRE_DEFINED_CURVE_FONT('continuous');
#5154 = COLOUR_RGB('',9.803921802644E-02,9.803921802644E-02,
  9.803921802644E-02);
#5155 = OVER_RIDING_STYLED_ITEM('overriding color',(#5156),#1817,#4705);
#5156 = PRESENTATION_STYLE_BY_CONTEXT((#5157,#5162),#3895);
#5157 = SURFACE_STYLE_USAGE(.BOTH.,#5158);
#5158 = SURFACE_SIDE_STYLE('',(#5159));
#5159 = SURFACE_STYLE_FILL_AREA(#5160);
#5160 = FILL_AREA_STYLE('',(#5161));
#5161 = FILL_AREA_STYLE_COLOUR('',#4712);
#5162 = CURVE_STYLE('',#5163,POSITIVE_LENGTH_MEASURE(0.1),#4089);
#5163 = DRAUGHTING_PRE_DEFINED_CURVE_FONT('continuous');
#5164 = OVER_RIDING_STYLED_ITEM('overriding color',(#5165),#1817,#4705);
#5165 = PRESENTATION_STYLE_BY_CONTEXT((#5166,#5172),#3899);
#5166 = SURFACE_STYLE_USAGE(.BOTH.,#5167);
#5167 = SURFACE_SIDE_STYLE('',(#5168));
#5168 = SURFACE_STYLE_FILL_AREA(#5169);
#5169 = FILL_AREA_STYLE('',(#5170));
#5170 = FILL_AREA_STYLE_COLOUR('',#5171);
#5171 = COLOUR_RGB('',0.988235296747,0.827450977613,0.345098051753);
#5172 = CURVE_STYLE('',#5173,POSITIVE_LENGTH_MEASURE(0.1),#5174);
#5173 = DRAUGHTING_PRE_DEFINED_CURVE_FONT('continuous');
#5174 = COLOUR_RGB('',9.803921802644E-02,9.803921802644E-02,
  9.803921802644E-02);
#5175 = OVER_RIDING_STYLED_ITEM('overriding color',(#5176),#1817,#4705);
#5176 = PRESENTATION_STYLE_BY_CONTEXT((#5177,#5182),#3905);
#5177 = SURFACE_STYLE_USAGE(.BOTH.,#5178);
#5178 = SURFACE_SIDE_STYLE('',(#5179));
#5179 = SURFACE_STYLE_FILL_AREA(#5180);
#5180 = FILL_AREA_STYLE('',(#5181));
#5181 = FILL_AREA_STYLE_COLOUR('',#4712);
#5182 = CURVE_STYLE('',#5183,POSITIVE_LENGTH_MEASURE(0.1),#4089);
#5183 = DRAUGHTING_PRE_DEFINED_CURVE_FONT('continuous');
#5184 = OVER_RIDING_STYLED_ITEM('overriding color',(#5185),#1817,#4705);
#5185 = PRESENTATION_STYLE_BY_CONTEXT((#5186,#5192),#3909);
#5186 = SURFACE_STYLE_USAGE(.BOTH.,#5187);
#5187 = SURFACE_SIDE_STYLE('',(#5188));
#5188 = SURFACE_STYLE_FILL_AREA(#5189);
#5189 = FILL_AREA_STYLE('',(#5190));
#5190 = FILL_AREA_STYLE_COLOUR('',#5191);
#5191 = COLOUR_RGB('',0.988235296747,0.827450977613,0.345098051753);
#5192 = CURVE_STYLE('',#5193,POSITIVE_LENGTH_MEASURE(0.1),#5194);
#5193 = DRAUGHTING_PRE_DEFINED_CURVE_FONT('continuous');
#5194 = COLOUR_RGB('',9.803921802644E-02,9.803921802644E-02,
  9.803921802644E-02);
#5195 = OVER_RIDING_STYLED_ITEM('overriding color',(#5196),#1817,#4705);
#5196 = PRESENTATION_STYLE_BY_CONTEXT((#5197,#5202),#3915);
#5197 = SURFACE_STYLE_USAGE(.BOTH.,#5198);
#5198 = SURFACE_SIDE_STYLE('',(#5199));
#5199 = SURFACE_STYLE_FILL_AREA(#5200);
#5200 = FILL_AREA_STYLE('',(#5201));
#5201 = FILL_AREA_STYLE_COLOUR('',#4712);
#5202 = CURVE_STYLE('',#5203,POSITIVE_LENGTH_MEASURE(0.1),#4089);
#5203 = DRAUGHTING_PRE_DEFINED_CURVE_FONT('continuous');
#5204 = OVER_RIDING_STYLED_ITEM('overriding color',(#5205),#1817,#4705);
#5205 = PRESENTATION_STYLE_BY_CONTEXT((#5206,#5212),#3919);
#5206 = SURFACE_STYLE_USAGE(.BOTH.,#5207);
#5207 = SURFACE_SIDE_STYLE('',(#5208));
#5208 = SURFACE_STYLE_FILL_AREA(#5209);
#5209 = FILL_AREA_STYLE('',(#5210));
#5210 = FILL_AREA_STYLE_COLOUR('',#5211);
#5211 = COLOUR_RGB('',0.988235296747,0.827450977613,0.345098051753);
#5212 = CURVE_STYLE('',#5213,POSITIVE_LENGTH_MEASURE(0.1),#5214);
#5213 = DRAUGHTING_PRE_DEFINED_CURVE_FONT('continuous');
#5214 = COLOUR_RGB('',9.803921802644E-02,9.803921802644E-02,
  9.803921802644E-02);
#5215 = OVER_RIDING_STYLED_ITEM('overriding color',(#5216),#1817,#4705);
#5216 = PRESENTATION_STYLE_BY_CONTEXT((#5217,#5222),#3925);
#5217 = SURFACE_STYLE_USAGE(.BOTH.,#5218);
#5218 = SURFACE_SIDE_STYLE('',(#5219));
#5219 = SURFACE_STYLE_FILL_AREA(#5220);
#5220 = FILL_AREA_STYLE('',(#5221));
#5221 = FILL_AREA_STYLE_COLOUR('',#4712);
#5222 = CURVE_STYLE('',#5223,POSITIVE_LENGTH_MEASURE(0.1),#4089);
#5223 = DRAUGHTING_PRE_DEFINED_CURVE_FONT('continuous');
#5224 = OVER_RIDING_STYLED_ITEM('overriding color',(#5225),#1817,#4705);
#5225 = PRESENTATION_STYLE_BY_CONTEXT((#5226,#5232),#3929);
#5226 = SURFACE_STYLE_USAGE(.BOTH.,#5227);
#5227 = SURFACE_SIDE_STYLE('',(#5228));
#5228 = SURFACE_STYLE_FILL_AREA(#5229);
#5229 = FILL_AREA_STYLE('',(#5230));
#5230 = FILL_AREA_STYLE_COLOUR('',#5231);
#5231 = COLOUR_RGB('',0.988235296747,0.827450977613,0.345098051753);
#5232 = CURVE_STYLE('',#5233,POSITIVE_LENGTH_MEASURE(0.1),#5234);
#5233 = DRAUGHTING_PRE_DEFINED_CURVE_FONT('continuous');
#5234 = COLOUR_RGB('',9.803921802644E-02,9.803921802644E-02,
  9.803921802644E-02);
#5235 = OVER_RIDING_STYLED_ITEM('overriding color',(#5236),#1817,#4705);
#5236 = PRESENTATION_STYLE_BY_CONTEXT((#5237,#5242),#3935);
#5237 = SURFACE_STYLE_USAGE(.BOTH.,#5238);
#5238 = SURFACE_SIDE_STYLE('',(#5239));
#5239 = SURFACE_STYLE_FILL_AREA(#5240);
#5240 = FILL_AREA_STYLE('',(#5241));
#5241 = FILL_AREA_STYLE_COLOUR('',#4712);
#5242 = CURVE_STYLE('',#5243,POSITIVE_LENGTH_MEASURE(0.1),#4089);
#5243 = DRAUGHTING_PRE_DEFINED_CURVE_FONT('continuous');
#5244 = OVER_RIDING_STYLED_ITEM('overriding color',(#5245),#1817,#4705);
#5245 = PRESENTATION_STYLE_BY_CONTEXT((#5246,#5252),#3939);
#5246 = SURFACE_STYLE_USAGE(.BOTH.,#5247);
#5247 = SURFACE_SIDE_STYLE('',(#5248));
#5248 = SURFACE_STYLE_FILL_AREA(#5249);
#5249 = FILL_AREA_STYLE('',(#5250));
#5250 = FILL_AREA_STYLE_COLOUR('',#5251);
#5251 = COLOUR_RGB('',0.988235296747,0.827450977613,0.345098051753);
#5252 = CURVE_STYLE('',#5253,POSITIVE_LENGTH_MEASURE(0.1),#5254);
#5253 = DRAUGHTING_PRE_DEFINED_CURVE_FONT('continuous');
#5254 = COLOUR_RGB('',9.803921802644E-02,9.803921802644E-02,
  9.803921802644E-02);
#5255 = OVER_RIDING_STYLED_ITEM('overriding color',(#5256),#1817,#4705);
#5256 = PRESENTATION_STYLE_BY_CONTEXT((#5257,#5262),#3945);
#5257 = SURFACE_STYLE_USAGE(.BOTH.,#5258);
#5258 = SURFACE_SIDE_STYLE('',(#5259));
#5259 = SURFACE_STYLE_FILL_AREA(#5260);
#5260 = FILL_AREA_STYLE('',(#5261));
#5261 = FILL_AREA_STYLE_COLOUR('',#4712);
#5262 = CURVE_STYLE('',#5263,POSITIVE_LENGTH_MEASURE(0.1),#4089);
#5263 = DRAUGHTING_PRE_DEFINED_CURVE_FONT('continuous');
#5264 = OVER_RIDING_STYLED_ITEM('overriding color',(#5265),#1817,#4705);
#5265 = PRESENTATION_STYLE_BY_CONTEXT((#5266,#5272),#3949);
#5266 = SURFACE_STYLE_USAGE(.BOTH.,#5267);
#5267 = SURFACE_SIDE_STYLE('',(#5268));
#5268 = SURFACE_STYLE_FILL_AREA(#5269);
#5269 = FILL_AREA_STYLE('',(#5270));
#5270 = FILL_AREA_STYLE_COLOUR('',#5271);
#5271 = COLOUR_RGB('',0.988235296747,0.827450977613,0.345098051753);
#5272 = CURVE_STYLE('',#5273,POSITIVE_LENGTH_MEASURE(0.1),#5274);
#5273 = DRAUGHTING_PRE_DEFINED_CURVE_FONT('continuous');
#5274 = COLOUR_RGB('',9.803921802644E-02,9.803921802644E-02,
  9.803921802644E-02);
#5275 = OVER_RIDING_STYLED_ITEM('overriding color',(#5276),#1817,#4705);
#5276 = PRESENTATION_STYLE_BY_CONTEXT((#5277,#5282),#3955);
#5277 = SURFACE_STYLE_USAGE(.BOTH.,#5278);
#5278 = SURFACE_SIDE_STYLE('',(#5279));
#5279 = SURFACE_STYLE_FILL_AREA(#5280);
#5280 = FILL_AREA_STYLE('',(#5281));
#5281 = FILL_AREA_STYLE_COLOUR('',#4712);
#5282 = CURVE_STYLE('',#5283,POSITIVE_LENGTH_MEASURE(0.1),#4089);
#5283 = DRAUGHTING_PRE_DEFINED_CURVE_FONT('continuous');
#5284 = OVER_RIDING_STYLED_ITEM('overriding color',(#5285),#1817,#4705);
#5285 = PRESENTATION_STYLE_BY_CONTEXT((#5286,#5292),#3959);
#5286 = SURFACE_STYLE_USAGE(.BOTH.,#5287);
#5287 = SURFACE_SIDE_STYLE('',(#5288));
#5288 = SURFACE_STYLE_FILL_AREA(#5289);
#5289 = FILL_AREA_STYLE('',(#5290));
#5290 = FILL_AREA_STYLE_COLOUR('',#5291);
#5291 = COLOUR_RGB('',0.988235296747,0.827450977613,0.345098051753);
#5292 = CURVE_STYLE('',#5293,POSITIVE_LENGTH_MEASURE(0.1),#5294);
#5293 = DRAUGHTING_PRE_DEFINED_CURVE_FONT('continuous');
#5294 = COLOUR_RGB('',9.803921802644E-02,9.803921802644E-02,
  9.803921802644E-02);
#5295 = OVER_RIDING_STYLED_ITEM('overriding color',(#5296),#1817,#4705);
#5296 = PRESENTATION_STYLE_BY_CONTEXT((#5297,#5302),#3965);
#5297 = SURFACE_STYLE_USAGE(.BOTH.,#5298);
#5298 = SURFACE_SIDE_STYLE('',(#5299));
#5299 = SURFACE_STYLE_FILL_AREA(#5300);
#5300 = FILL_AREA_STYLE('',(#5301));
#5301 = FILL_AREA_STYLE_COLOUR('',#4712);
#5302 = CURVE_STYLE('',#5303,POSITIVE_LENGTH_MEASURE(0.1),#4089);
#5303 = DRAUGHTING_PRE_DEFINED_CURVE_FONT('continuous');
#5304 = OVER_RIDING_STYLED_ITEM('overriding color',(#5305),#1817,#4705);
#5305 = PRESENTATION_STYLE_BY_CONTEXT((#5306,#5312),#3969);
#5306 = SURFACE_STYLE_USAGE(.BOTH.,#5307);
#5307 = SURFACE_SIDE_STYLE('',(#5308));
#5308 = SURFACE_STYLE_FILL_AREA(#5309);
#5309 = FILL_AREA_STYLE('',(#5310));
#5310 = FILL_AREA_STYLE_COLOUR('',#5311);
#5311 = COLOUR_RGB('',0.988235296747,0.827450977613,0.345098051753);
#5312 = CURVE_STYLE('',#5313,POSITIVE_LENGTH_MEASURE(0.1),#5314);
#5313 = DRAUGHTING_PRE_DEFINED_CURVE_FONT('continuous');
#5314 = COLOUR_RGB('',9.803921802644E-02,9.803921802644E-02,
  9.803921802644E-02);
#5315 = OVER_RIDING_STYLED_ITEM('overriding color',(#5316),#1817,#4705);
#5316 = PRESENTATION_STYLE_BY_CONTEXT((#5317,#5322),#3975);
#5317 = SURFACE_STYLE_USAGE(.BOTH.,#5318);
#5318 = SURFACE_SIDE_STYLE('',(#5319));
#5319 = SURFACE_STYLE_FILL_AREA(#5320);
#5320 = FILL_AREA_STYLE('',(#5321));
#5321 = FILL_AREA_STYLE_COLOUR('',#4712);
#5322 = CURVE_STYLE('',#5323,POSITIVE_LENGTH_MEASURE(0.1),#4089);
#5323 = DRAUGHTING_PRE_DEFINED_CURVE_FONT('continuous');
#5324 = OVER_RIDING_STYLED_ITEM('overriding color',(#5325),#1817,#4705);
#5325 = PRESENTATION_STYLE_BY_CONTEXT((#5326,#5332),#3979);
#5326 = SURFACE_STYLE_USAGE(.BOTH.,#5327);
#5327 = SURFACE_SIDE_STYLE('',(#5328));
#5328 = SURFACE_STYLE_FILL_AREA(#5329);
#5329 = FILL_AREA_STYLE('',(#5330));
#5330 = FILL_AREA_STYLE_COLOUR('',#5331);
#5331 = COLOUR_RGB('',0.988235296747,0.827450977613,0.345098051753);
#5332 = CURVE_STYLE('',#5333,POSITIVE_LENGTH_MEASURE(0.1),#5334);
#5333 = DRAUGHTING_PRE_DEFINED_CURVE_FONT('continuous');
#5334 = COLOUR_RGB('',9.803921802644E-02,9.803921802644E-02,
  9.803921802644E-02);
#5335 = OVER_RIDING_STYLED_ITEM('overriding color',(#5336),#1817,#4705);
#5336 = PRESENTATION_STYLE_BY_CONTEXT((#5337,#5342),#3985);
#5337 = SURFACE_STYLE_USAGE(.BOTH.,#5338);
#5338 = SURFACE_SIDE_STYLE('',(#5339));
#5339 = SURFACE_STYLE_FILL_AREA(#5340);
#5340 = FILL_AREA_STYLE('',(#5341));
#5341 = FILL_AREA_STYLE_COLOUR('',#4712);
#5342 = CURVE_STYLE('',#5343,POSITIVE_LENGTH_MEASURE(0.1),#4089);
#5343 = DRAUGHTING_PRE_DEFINED_CURVE_FONT('continuous');
#5344 = OVER_RIDING_STYLED_ITEM('overriding color',(#5345),#1817,#4705);
#5345 = PRESENTATION_STYLE_BY_CONTEXT((#5346,#5352),#3989);
#5346 = SURFACE_STYLE_USAGE(.BOTH.,#5347);
#5347 = SURFACE_SIDE_STYLE('',(#5348));
#5348 = SURFACE_STYLE_FILL_AREA(#5349);
#5349 = FILL_AREA_STYLE('',(#5350));
#5350 = FILL_AREA_STYLE_COLOUR('',#5351);
#5351 = COLOUR_RGB('',0.988235296747,0.827450977613,0.345098051753);
#5352 = CURVE_STYLE('',#5353,POSITIVE_LENGTH_MEASURE(0.1),#5354);
#5353 = DRAUGHTING_PRE_DEFINED_CURVE_FONT('continuous');
#5354 = COLOUR_RGB('',9.803921802644E-02,9.803921802644E-02,
  9.803921802644E-02);
#5355 = OVER_RIDING_STYLED_ITEM('overriding color',(#5356),#1817,#4705);
#5356 = PRESENTATION_STYLE_BY_CONTEXT((#5357,#5362),#3995);
#5357 = SURFACE_STYLE_USAGE(.BOTH.,#5358);
#5358 = SURFACE_SIDE_STYLE('',(#5359));
#5359 = SURFACE_STYLE_FILL_AREA(#5360);
#5360 = FILL_AREA_STYLE('',(#5361));
#5361 = FILL_AREA_STYLE_COLOUR('',#4712);
#5362 = CURVE_STYLE('',#5363,POSITIVE_LENGTH_MEASURE(0.1),#4089);
#5363 = DRAUGHTING_PRE_DEFINED_CURVE_FONT('continuous');
#5364 = OVER_RIDING_STYLED_ITEM('overriding color',(#5365),#1817,#4705);
#5365 = PRESENTATION_STYLE_BY_CONTEXT((#5366,#5372),#3999);
#5366 = SURFACE_STYLE_USAGE(.BOTH.,#5367);
#5367 = SURFACE_SIDE_STYLE('',(#5368));
#5368 = SURFACE_STYLE_FILL_AREA(#5369);
#5369 = FILL_AREA_STYLE('',(#5370));
#5370 = FILL_AREA_STYLE_COLOUR('',#5371);
#5371 = COLOUR_RGB('',0.988235296747,0.827450977613,0.345098051753);
#5372 = CURVE_STYLE('',#5373,POSITIVE_LENGTH_MEASURE(0.1),#5374);
#5373 = DRAUGHTING_PRE_DEFINED_CURVE_FONT('continuous');
#5374 = COLOUR_RGB('',9.803921802644E-02,9.803921802644E-02,
  9.803921802644E-02);
#5375 = OVER_RIDING_STYLED_ITEM('overriding color',(#5376),#1817,#4705);
#5376 = PRESENTATION_STYLE_BY_CONTEXT((#5377,#5382),#4005);
#5377 = SURFACE_STYLE_USAGE(.BOTH.,#5378);
#5378 = SURFACE_SIDE_STYLE('',(#5379));
#5379 = SURFACE_STYLE_FILL_AREA(#5380);
#5380 = FILL_AREA_STYLE('',(#5381));
#5381 = FILL_AREA_STYLE_COLOUR('',#4712);
#5382 = CURVE_STYLE('',#5383,POSITIVE_LENGTH_MEASURE(0.1),#4089);
#5383 = DRAUGHTING_PRE_DEFINED_CURVE_FONT('continuous');
#5384 = OVER_RIDING_STYLED_ITEM('overriding color',(#5385),#1817,#4705);
#5385 = PRESENTATION_STYLE_BY_CONTEXT((#5386,#5392),#4009);
#5386 = SURFACE_STYLE_USAGE(.BOTH.,#5387);
#5387 = SURFACE_SIDE_STYLE('',(#5388));
#5388 = SURFACE_STYLE_FILL_AREA(#5389);
#5389 = FILL_AREA_STYLE('',(#5390));
#5390 = FILL_AREA_STYLE_COLOUR('',#5391);
#5391 = COLOUR_RGB('',0.988235296747,0.827450977613,0.345098051753);
#5392 = CURVE_STYLE('',#5393,POSITIVE_LENGTH_MEASURE(0.1),#5394);
#5393 = DRAUGHTING_PRE_DEFINED_CURVE_FONT('continuous');
#5394 = COLOUR_RGB('',9.803921802644E-02,9.803921802644E-02,
  9.803921802644E-02);
#5395 = MECHANICAL_DESIGN_GEOMETRIC_PRESENTATION_REPRESENTATION('',(
    #5396,#5405,#5414,#5423,#5432,#5441,#5450,#5459,#5468,#5477,#5486,
    #5495,#5504,#5513,#5522,#5531,#5540,#5549,#5558,#5567,#5576,#5585,
    #5594,#5603,#5612,#5621,#5630,#5639,#5648,#5657,#5666,#5675,#5684,
    #5693,#5702,#5711,#5720,#5729,#5738,#5747,#5756,#5765,#5774,#5783,
    #5792,#5801,#5810,#5819,#5828,#5837,#5846,#5855,#5864,#5873,#5882,
    #5891,#5900,#5909,#5918,#5927,#5936,#5945,#5954,#5963,#5972,#5981,
    #5990,#5999,#6008),#1798);
#5396 = STYLED_ITEM('color',(#5397),#1384);
#5397 = PRESENTATION_STYLE_ASSIGNMENT((#5398,#5403));
#5398 = SURFACE_STYLE_USAGE(.BOTH.,#5399);
#5399 = SURFACE_SIDE_STYLE('',(#5400));
#5400 = SURFACE_STYLE_FILL_AREA(#5401);
#5401 = FILL_AREA_STYLE('',(#5402));
#5402 = FILL_AREA_STYLE_COLOUR('',#4712);
#5403 = CURVE_STYLE('',#5404,POSITIVE_LENGTH_MEASURE(0.1),#4089);
#5404 = DRAUGHTING_PRE_DEFINED_CURVE_FONT('continuous');
#5405 = OVER_RIDING_STYLED_ITEM('overriding color',(#5406),#1384,#5396);
#5406 = PRESENTATION_STYLE_BY_CONTEXT((#5407,#5412),#3673);
#5407 = SURFACE_STYLE_USAGE(.BOTH.,#5408);
#5408 = SURFACE_SIDE_STYLE('',(#5409));
#5409 = SURFACE_STYLE_FILL_AREA(#5410);
#5410 = FILL_AREA_STYLE('',(#5411));
#5411 = FILL_AREA_STYLE_COLOUR('',#4712);
#5412 = CURVE_STYLE('',#5413,POSITIVE_LENGTH_MEASURE(0.1),#4089);
#5413 = DRAUGHTING_PRE_DEFINED_CURVE_FONT('continuous');
#5414 = OVER_RIDING_STYLED_ITEM('overriding color',(#5415),#1384,#5396);
#5415 = PRESENTATION_STYLE_BY_CONTEXT((#5416,#5421),#3677);
#5416 = SURFACE_STYLE_USAGE(.BOTH.,#5417);
#5417 = SURFACE_SIDE_STYLE('',(#5418));
#5418 = SURFACE_STYLE_FILL_AREA(#5419);
#5419 = FILL_AREA_STYLE('',(#5420));
#5420 = FILL_AREA_STYLE_COLOUR('',#4731);
#5421 = CURVE_STYLE('',#5422,POSITIVE_LENGTH_MEASURE(0.1),#4734);
#5422 = DRAUGHTING_PRE_DEFINED_CURVE_FONT('continuous');
#5423 = OVER_RIDING_STYLED_ITEM('overriding color',(#5424),#1384,#5396);
#5424 = PRESENTATION_STYLE_BY_CONTEXT((#5425,#5430),#3683);
#5425 = SURFACE_STYLE_USAGE(.BOTH.,#5426);
#5426 = SURFACE_SIDE_STYLE('',(#5427));
#5427 = SURFACE_STYLE_FILL_AREA(#5428);
#5428 = FILL_AREA_STYLE('',(#5429));
#5429 = FILL_AREA_STYLE_COLOUR('',#4712);
#5430 = CURVE_STYLE('',#5431,POSITIVE_LENGTH_MEASURE(0.1),#4089);
#5431 = DRAUGHTING_PRE_DEFINED_CURVE_FONT('continuous');
#5432 = OVER_RIDING_STYLED_ITEM('overriding color',(#5433),#1384,#5396);
#5433 = PRESENTATION_STYLE_BY_CONTEXT((#5434,#5439),#3687);
#5434 = SURFACE_STYLE_USAGE(.BOTH.,#5435);
#5435 = SURFACE_SIDE_STYLE('',(#5436));
#5436 = SURFACE_STYLE_FILL_AREA(#5437);
#5437 = FILL_AREA_STYLE('',(#5438));
#5438 = FILL_AREA_STYLE_COLOUR('',#4751);
#5439 = CURVE_STYLE('',#5440,POSITIVE_LENGTH_MEASURE(0.1),#4754);
#5440 = DRAUGHTING_PRE_DEFINED_CURVE_FONT('continuous');
#5441 = OVER_RIDING_STYLED_ITEM('overriding color',(#5442),#1384,#5396);
#5442 = PRESENTATION_STYLE_BY_CONTEXT((#5443,#5448),#3693);
#5443 = SURFACE_STYLE_USAGE(.BOTH.,#5444);
#5444 = SURFACE_SIDE_STYLE('',(#5445));
#5445 = SURFACE_STYLE_FILL_AREA(#5446);
#5446 = FILL_AREA_STYLE('',(#5447));
#5447 = FILL_AREA_STYLE_COLOUR('',#4712);
#5448 = CURVE_STYLE('',#5449,POSITIVE_LENGTH_MEASURE(0.1),#4089);
#5449 = DRAUGHTING_PRE_DEFINED_CURVE_FONT('continuous');
#5450 = OVER_RIDING_STYLED_ITEM('overriding color',(#5451),#1384,#5396);
#5451 = PRESENTATION_STYLE_BY_CONTEXT((#5452,#5457),#3697);
#5452 = SURFACE_STYLE_USAGE(.BOTH.,#5453);
#5453 = SURFACE_SIDE_STYLE('',(#5454));
#5454 = SURFACE_STYLE_FILL_AREA(#5455);
#5455 = FILL_AREA_STYLE('',(#5456));
#5456 = FILL_AREA_STYLE_COLOUR('',#4771);
#5457 = CURVE_STYLE('',#5458,POSITIVE_LENGTH_MEASURE(0.1),#4774);
#5458 = DRAUGHTING_PRE_DEFINED_CURVE_FONT('continuous');
#5459 = OVER_RIDING_STYLED_ITEM('overriding color',(#5460),#1384,#5396);
#5460 = PRESENTATION_STYLE_BY_CONTEXT((#5461,#5466),#3703);
#5461 = SURFACE_STYLE_USAGE(.BOTH.,#5462);
#5462 = SURFACE_SIDE_STYLE('',(#5463));
#5463 = SURFACE_STYLE_FILL_AREA(#5464);
#5464 = FILL_AREA_STYLE('',(#5465));
#5465 = FILL_AREA_STYLE_COLOUR('',#4712);
#5466 = CURVE_STYLE('',#5467,POSITIVE_LENGTH_MEASURE(0.1),#4089);
#5467 = DRAUGHTING_PRE_DEFINED_CURVE_FONT('continuous');
#5468 = OVER_RIDING_STYLED_ITEM('overriding color',(#5469),#1384,#5396);
#5469 = PRESENTATION_STYLE_BY_CONTEXT((#5470,#5475),#3707);
#5470 = SURFACE_STYLE_USAGE(.BOTH.,#5471);
#5471 = SURFACE_SIDE_STYLE('',(#5472));
#5472 = SURFACE_STYLE_FILL_AREA(#5473);
#5473 = FILL_AREA_STYLE('',(#5474));
#5474 = FILL_AREA_STYLE_COLOUR('',#4791);
#5475 = CURVE_STYLE('',#5476,POSITIVE_LENGTH_MEASURE(0.1),#4794);
#5476 = DRAUGHTING_PRE_DEFINED_CURVE_FONT('continuous');
#5477 = OVER_RIDING_STYLED_ITEM('overriding color',(#5478),#1384,#5396);
#5478 = PRESENTATION_STYLE_BY_CONTEXT((#5479,#5484),#3713);
#5479 = SURFACE_STYLE_USAGE(.BOTH.,#5480);
#5480 = SURFACE_SIDE_STYLE('',(#5481));
#5481 = SURFACE_STYLE_FILL_AREA(#5482);
#5482 = FILL_AREA_STYLE('',(#5483));
#5483 = FILL_AREA_STYLE_COLOUR('',#4712);
#5484 = CURVE_STYLE('',#5485,POSITIVE_LENGTH_MEASURE(0.1),#4089);
#5485 = DRAUGHTING_PRE_DEFINED_CURVE_FONT('continuous');
#5486 = OVER_RIDING_STYLED_ITEM('overriding color',(#5487),#1384,#5396);
#5487 = PRESENTATION_STYLE_BY_CONTEXT((#5488,#5493),#3717);
#5488 = SURFACE_STYLE_USAGE(.BOTH.,#5489);
#5489 = SURFACE_SIDE_STYLE('',(#5490));
#5490 = SURFACE_STYLE_FILL_AREA(#5491);
#5491 = FILL_AREA_STYLE('',(#5492));
#5492 = FILL_AREA_STYLE_COLOUR('',#4811);
#5493 = CURVE_STYLE('',#5494,POSITIVE_LENGTH_MEASURE(0.1),#4814);
#5494 = DRAUGHTING_PRE_DEFINED_CURVE_FONT('continuous');
#5495 = OVER_RIDING_STYLED_ITEM('overriding color',(#5496),#1384,#5396);
#5496 = PRESENTATION_STYLE_BY_CONTEXT((#5497,#5502),#3723);
#5497 = SURFACE_STYLE_USAGE(.BOTH.,#5498);
#5498 = SURFACE_SIDE_STYLE('',(#5499));
#5499 = SURFACE_STYLE_FILL_AREA(#5500);
#5500 = FILL_AREA_STYLE('',(#5501));
#5501 = FILL_AREA_STYLE_COLOUR('',#4712);
#5502 = CURVE_STYLE('',#5503,POSITIVE_LENGTH_MEASURE(0.1),#4089);
#5503 = DRAUGHTING_PRE_DEFINED_CURVE_FONT('continuous');
#5504 = OVER_RIDING_STYLED_ITEM('overriding color',(#5505),#1384,#5396);
#5505 = PRESENTATION_STYLE_BY_CONTEXT((#5506,#5511),#3727);
#5506 = SURFACE_STYLE_USAGE(.BOTH.,#5507);
#5507 = SURFACE_SIDE_STYLE('',(#5508));
#5508 = SURFACE_STYLE_FILL_AREA(#5509);
#5509 = FILL_AREA_STYLE('',(#5510));
#5510 = FILL_AREA_STYLE_COLOUR('',#4831);
#5511 = CURVE_STYLE('',#5512,POSITIVE_LENGTH_MEASURE(0.1),#4834);
#5512 = DRAUGHTING_PRE_DEFINED_CURVE_FONT('continuous');
#5513 = OVER_RIDING_STYLED_ITEM('overriding color',(#5514),#1384,#5396);
#5514 = PRESENTATION_STYLE_BY_CONTEXT((#5515,#5520),#3733);
#5515 = SURFACE_STYLE_USAGE(.BOTH.,#5516);
#5516 = SURFACE_SIDE_STYLE('',(#5517));
#5517 = SURFACE_STYLE_FILL_AREA(#5518);
#5518 = FILL_AREA_STYLE('',(#5519));
#5519 = FILL_AREA_STYLE_COLOUR('',#4712);
#5520 = CURVE_STYLE('',#5521,POSITIVE_LENGTH_MEASURE(0.1),#4089);
#5521 = DRAUGHTING_PRE_DEFINED_CURVE_FONT('continuous');
#5522 = OVER_RIDING_STYLED_ITEM('overriding color',(#5523),#1384,#5396);
#5523 = PRESENTATION_STYLE_BY_CONTEXT((#5524,#5529),#3737);
#5524 = SURFACE_STYLE_USAGE(.BOTH.,#5525);
#5525 = SURFACE_SIDE_STYLE('',(#5526));
#5526 = SURFACE_STYLE_FILL_AREA(#5527);
#5527 = FILL_AREA_STYLE('',(#5528));
#5528 = FILL_AREA_STYLE_COLOUR('',#4851);
#5529 = CURVE_STYLE('',#5530,POSITIVE_LENGTH_MEASURE(0.1),#4854);
#5530 = DRAUGHTING_PRE_DEFINED_CURVE_FONT('continuous');
#5531 = OVER_RIDING_STYLED_ITEM('overriding color',(#5532),#1384,#5396);
#5532 = PRESENTATION_STYLE_BY_CONTEXT((#5533,#5538),#3743);
#5533 = SURFACE_STYLE_USAGE(.BOTH.,#5534);
#5534 = SURFACE_SIDE_STYLE('',(#5535));
#5535 = SURFACE_STYLE_FILL_AREA(#5536);
#5536 = FILL_AREA_STYLE('',(#5537));
#5537 = FILL_AREA_STYLE_COLOUR('',#4712);
#5538 = CURVE_STYLE('',#5539,POSITIVE_LENGTH_MEASURE(0.1),#4089);
#5539 = DRAUGHTING_PRE_DEFINED_CURVE_FONT('continuous');
#5540 = OVER_RIDING_STYLED_ITEM('overriding color',(#5541),#1384,#5396);
#5541 = PRESENTATION_STYLE_BY_CONTEXT((#5542,#5547),#3747);
#5542 = SURFACE_STYLE_USAGE(.BOTH.,#5543);
#5543 = SURFACE_SIDE_STYLE('',(#5544));
#5544 = SURFACE_STYLE_FILL_AREA(#5545);
#5545 = FILL_AREA_STYLE('',(#5546));
#5546 = FILL_AREA_STYLE_COLOUR('',#4871);
#5547 = CURVE_STYLE('',#5548,POSITIVE_LENGTH_MEASURE(0.1),#4874);
#5548 = DRAUGHTING_PRE_DEFINED_CURVE_FONT('continuous');
#5549 = OVER_RIDING_STYLED_ITEM('overriding color',(#5550),#1384,#5396);
#5550 = PRESENTATION_STYLE_BY_CONTEXT((#5551,#5556),#3753);
#5551 = SURFACE_STYLE_USAGE(.BOTH.,#5552);
#5552 = SURFACE_SIDE_STYLE('',(#5553));
#5553 = SURFACE_STYLE_FILL_AREA(#5554);
#5554 = FILL_AREA_STYLE('',(#5555));
#5555 = FILL_AREA_STYLE_COLOUR('',#4712);
#5556 = CURVE_STYLE('',#5557,POSITIVE_LENGTH_MEASURE(0.1),#4089);
#5557 = DRAUGHTING_PRE_DEFINED_CURVE_FONT('continuous');
#5558 = OVER_RIDING_STYLED_ITEM('overriding color',(#5559),#1384,#5396);
#5559 = PRESENTATION_STYLE_BY_CONTEXT((#5560,#5565),#3757);
#5560 = SURFACE_STYLE_USAGE(.BOTH.,#5561);
#5561 = SURFACE_SIDE_STYLE('',(#5562));
#5562 = SURFACE_STYLE_FILL_AREA(#5563);
#5563 = FILL_AREA_STYLE('',(#5564));
#5564 = FILL_AREA_STYLE_COLOUR('',#4891);
#5565 = CURVE_STYLE('',#5566,POSITIVE_LENGTH_MEASURE(0.1),#4894);
#5566 = DRAUGHTING_PRE_DEFINED_CURVE_FONT('continuous');
#5567 = OVER_RIDING_STYLED_ITEM('overriding color',(#5568),#1384,#5396);
#5568 = PRESENTATION_STYLE_BY_CONTEXT((#5569,#5574),#3763);
#5569 = SURFACE_STYLE_USAGE(.BOTH.,#5570);
#5570 = SURFACE_SIDE_STYLE('',(#5571));
#5571 = SURFACE_STYLE_FILL_AREA(#5572);
#5572 = FILL_AREA_STYLE('',(#5573));
#5573 = FILL_AREA_STYLE_COLOUR('',#4712);
#5574 = CURVE_STYLE('',#5575,POSITIVE_LENGTH_MEASURE(0.1),#4089);
#5575 = DRAUGHTING_PRE_DEFINED_CURVE_FONT('continuous');
#5576 = OVER_RIDING_STYLED_ITEM('overriding color',(#5577),#1384,#5396);
#5577 = PRESENTATION_STYLE_BY_CONTEXT((#5578,#5583),#3767);
#5578 = SURFACE_STYLE_USAGE(.BOTH.,#5579);
#5579 = SURFACE_SIDE_STYLE('',(#5580));
#5580 = SURFACE_STYLE_FILL_AREA(#5581);
#5581 = FILL_AREA_STYLE('',(#5582));
#5582 = FILL_AREA_STYLE_COLOUR('',#4911);
#5583 = CURVE_STYLE('',#5584,POSITIVE_LENGTH_MEASURE(0.1),#4914);
#5584 = DRAUGHTING_PRE_DEFINED_CURVE_FONT('continuous');
#5585 = OVER_RIDING_STYLED_ITEM('overriding color',(#5586),#1384,#5396);
#5586 = PRESENTATION_STYLE_BY_CONTEXT((#5587,#5592),#3773);
#5587 = SURFACE_STYLE_USAGE(.BOTH.,#5588);
#5588 = SURFACE_SIDE_STYLE('',(#5589));
#5589 = SURFACE_STYLE_FILL_AREA(#5590);
#5590 = FILL_AREA_STYLE('',(#5591));
#5591 = FILL_AREA_STYLE_COLOUR('',#4712);
#5592 = CURVE_STYLE('',#5593,POSITIVE_LENGTH_MEASURE(0.1),#4089);
#5593 = DRAUGHTING_PRE_DEFINED_CURVE_FONT('continuous');
#5594 = OVER_RIDING_STYLED_ITEM('overriding color',(#5595),#1384,#5396);
#5595 = PRESENTATION_STYLE_BY_CONTEXT((#5596,#5601),#3777);
#5596 = SURFACE_STYLE_USAGE(.BOTH.,#5597);
#5597 = SURFACE_SIDE_STYLE('',(#5598));
#5598 = SURFACE_STYLE_FILL_AREA(#5599);
#5599 = FILL_AREA_STYLE('',(#5600));
#5600 = FILL_AREA_STYLE_COLOUR('',#4931);
#5601 = CURVE_STYLE('',#5602,POSITIVE_LENGTH_MEASURE(0.1),#4934);
#5602 = DRAUGHTING_PRE_DEFINED_CURVE_FONT('continuous');
#5603 = OVER_RIDING_STYLED_ITEM('overriding color',(#5604),#1384,#5396);
#5604 = PRESENTATION_STYLE_BY_CONTEXT((#5605,#5610),#3783);
#5605 = SURFACE_STYLE_USAGE(.BOTH.,#5606);
#5606 = SURFACE_SIDE_STYLE('',(#5607));
#5607 = SURFACE_STYLE_FILL_AREA(#5608);
#5608 = FILL_AREA_STYLE('',(#5609));
#5609 = FILL_AREA_STYLE_COLOUR('',#4712);
#5610 = CURVE_STYLE('',#5611,POSITIVE_LENGTH_MEASURE(0.1),#4089);
#5611 = DRAUGHTING_PRE_DEFINED_CURVE_FONT('continuous');
#5612 = OVER_RIDING_STYLED_ITEM('overriding color',(#5613),#1384,#5396);
#5613 = PRESENTATION_STYLE_BY_CONTEXT((#5614,#5619),#3787);
#5614 = SURFACE_STYLE_USAGE(.BOTH.,#5615);
#5615 = SURFACE_SIDE_STYLE('',(#5616));
#5616 = SURFACE_STYLE_FILL_AREA(#5617);
#5617 = FILL_AREA_STYLE('',(#5618));
#5618 = FILL_AREA_STYLE_COLOUR('',#4951);
#5619 = CURVE_STYLE('',#5620,POSITIVE_LENGTH_MEASURE(0.1),#4954);
#5620 = DRAUGHTING_PRE_DEFINED_CURVE_FONT('continuous');
#5621 = OVER_RIDING_STYLED_ITEM('overriding color',(#5622),#1384,#5396);
#5622 = PRESENTATION_STYLE_BY_CONTEXT((#5623,#5628),#3793);
#5623 = SURFACE_STYLE_USAGE(.BOTH.,#5624);
#5624 = SURFACE_SIDE_STYLE('',(#5625));
#5625 = SURFACE_STYLE_FILL_AREA(#5626);
#5626 = FILL_AREA_STYLE('',(#5627));
#5627 = FILL_AREA_STYLE_COLOUR('',#4712);
#5628 = CURVE_STYLE('',#5629,POSITIVE_LENGTH_MEASURE(0.1),#4089);
#5629 = DRAUGHTING_PRE_DEFINED_CURVE_FONT('continuous');
#5630 = OVER_RIDING_STYLED_ITEM('overriding color',(#5631),#1384,#5396);
#5631 = PRESENTATION_STYLE_BY_CONTEXT((#5632,#5637),#3797);
#5632 = SURFACE_STYLE_USAGE(.BOTH.,#5633);
#5633 = SURFACE_SIDE_STYLE('',(#5634));
#5634 = SURFACE_STYLE_FILL_AREA(#5635);
#5635 = FILL_AREA_STYLE('',(#5636));
#5636 = FILL_AREA_STYLE_COLOUR('',#4971);
#5637 = CURVE_STYLE('',#5638,POSITIVE_LENGTH_MEASURE(0.1),#4974);
#5638 = DRAUGHTING_PRE_DEFINED_CURVE_FONT('continuous');
#5639 = OVER_RIDING_STYLED_ITEM('overriding color',(#5640),#1384,#5396);
#5640 = PRESENTATION_STYLE_BY_CONTEXT((#5641,#5646),#3803);
#5641 = SURFACE_STYLE_USAGE(.BOTH.,#5642);
#5642 = SURFACE_SIDE_STYLE('',(#5643));
#5643 = SURFACE_STYLE_FILL_AREA(#5644);
#5644 = FILL_AREA_STYLE('',(#5645));
#5645 = FILL_AREA_STYLE_COLOUR('',#4712);
#5646 = CURVE_STYLE('',#5647,POSITIVE_LENGTH_MEASURE(0.1),#4089);
#5647 = DRAUGHTING_PRE_DEFINED_CURVE_FONT('continuous');
#5648 = OVER_RIDING_STYLED_ITEM('overriding color',(#5649),#1384,#5396);
#5649 = PRESENTATION_STYLE_BY_CONTEXT((#5650,#5655),#3807);
#5650 = SURFACE_STYLE_USAGE(.BOTH.,#5651);
#5651 = SURFACE_SIDE_STYLE('',(#5652));
#5652 = SURFACE_STYLE_FILL_AREA(#5653);
#5653 = FILL_AREA_STYLE('',(#5654));
#5654 = FILL_AREA_STYLE_COLOUR('',#4991);
#5655 = CURVE_STYLE('',#5656,POSITIVE_LENGTH_MEASURE(0.1),#4994);
#5656 = DRAUGHTING_PRE_DEFINED_CURVE_FONT('continuous');
#5657 = OVER_RIDING_STYLED_ITEM('overriding color',(#5658),#1384,#5396);
#5658 = PRESENTATION_STYLE_BY_CONTEXT((#5659,#5664),#3813);
#5659 = SURFACE_STYLE_USAGE(.BOTH.,#5660);
#5660 = SURFACE_SIDE_STYLE('',(#5661));
#5661 = SURFACE_STYLE_FILL_AREA(#5662);
#5662 = FILL_AREA_STYLE('',(#5663));
#5663 = FILL_AREA_STYLE_COLOUR('',#4712);
#5664 = CURVE_STYLE('',#5665,POSITIVE_LENGTH_MEASURE(0.1),#4089);
#5665 = DRAUGHTING_PRE_DEFINED_CURVE_FONT('continuous');
#5666 = OVER_RIDING_STYLED_ITEM('overriding color',(#5667),#1384,#5396);
#5667 = PRESENTATION_STYLE_BY_CONTEXT((#5668,#5673),#3817);
#5668 = SURFACE_STYLE_USAGE(.BOTH.,#5669);
#5669 = SURFACE_SIDE_STYLE('',(#5670));
#5670 = SURFACE_STYLE_FILL_AREA(#5671);
#5671 = FILL_AREA_STYLE('',(#5672));
#5672 = FILL_AREA_STYLE_COLOUR('',#5011);
#5673 = CURVE_STYLE('',#5674,POSITIVE_LENGTH_MEASURE(0.1),#5014);
#5674 = DRAUGHTING_PRE_DEFINED_CURVE_FONT('continuous');
#5675 = OVER_RIDING_STYLED_ITEM('overriding color',(#5676),#1384,#5396);
#5676 = PRESENTATION_STYLE_BY_CONTEXT((#5677,#5682),#3823);
#5677 = SURFACE_STYLE_USAGE(.BOTH.,#5678);
#5678 = SURFACE_SIDE_STYLE('',(#5679));
#5679 = SURFACE_STYLE_FILL_AREA(#5680);
#5680 = FILL_AREA_STYLE('',(#5681));
#5681 = FILL_AREA_STYLE_COLOUR('',#4712);
#5682 = CURVE_STYLE('',#5683,POSITIVE_LENGTH_MEASURE(0.1),#4089);
#5683 = DRAUGHTING_PRE_DEFINED_CURVE_FONT('continuous');
#5684 = OVER_RIDING_STYLED_ITEM('overriding color',(#5685),#1384,#5396);
#5685 = PRESENTATION_STYLE_BY_CONTEXT((#5686,#5691),#3827);
#5686 = SURFACE_STYLE_USAGE(.BOTH.,#5687);
#5687 = SURFACE_SIDE_STYLE('',(#5688));
#5688 = SURFACE_STYLE_FILL_AREA(#5689);
#5689 = FILL_AREA_STYLE('',(#5690));
#5690 = FILL_AREA_STYLE_COLOUR('',#5031);
#5691 = CURVE_STYLE('',#5692,POSITIVE_LENGTH_MEASURE(0.1),#5034);
#5692 = DRAUGHTING_PRE_DEFINED_CURVE_FONT('continuous');
#5693 = OVER_RIDING_STYLED_ITEM('overriding color',(#5694),#1384,#5396);
#5694 = PRESENTATION_STYLE_BY_CONTEXT((#5695,#5700),#3833);
#5695 = SURFACE_STYLE_USAGE(.BOTH.,#5696);
#5696 = SURFACE_SIDE_STYLE('',(#5697));
#5697 = SURFACE_STYLE_FILL_AREA(#5698);
#5698 = FILL_AREA_STYLE('',(#5699));
#5699 = FILL_AREA_STYLE_COLOUR('',#4712);
#5700 = CURVE_STYLE('',#5701,POSITIVE_LENGTH_MEASURE(0.1),#4089);
#5701 = DRAUGHTING_PRE_DEFINED_CURVE_FONT('continuous');
#5702 = OVER_RIDING_STYLED_ITEM('overriding color',(#5703),#1384,#5396);
#5703 = PRESENTATION_STYLE_BY_CONTEXT((#5704,#5709),#3837);
#5704 = SURFACE_STYLE_USAGE(.BOTH.,#5705);
#5705 = SURFACE_SIDE_STYLE('',(#5706));
#5706 = SURFACE_STYLE_FILL_AREA(#5707);
#5707 = FILL_AREA_STYLE('',(#5708));
#5708 = FILL_AREA_STYLE_COLOUR('',#5051);
#5709 = CURVE_STYLE('',#5710,POSITIVE_LENGTH_MEASURE(0.1),#5054);
#5710 = DRAUGHTING_PRE_DEFINED_CURVE_FONT('continuous');
#5711 = OVER_RIDING_STYLED_ITEM('overriding color',(#5712),#1384,#5396);
#5712 = PRESENTATION_STYLE_BY_CONTEXT((#5713,#5718),#3843);
#5713 = SURFACE_STYLE_USAGE(.BOTH.,#5714);
#5714 = SURFACE_SIDE_STYLE('',(#5715));
#5715 = SURFACE_STYLE_FILL_AREA(#5716);
#5716 = FILL_AREA_STYLE('',(#5717));
#5717 = FILL_AREA_STYLE_COLOUR('',#4712);
#5718 = CURVE_STYLE('',#5719,POSITIVE_LENGTH_MEASURE(0.1),#4089);
#5719 = DRAUGHTING_PRE_DEFINED_CURVE_FONT('continuous');
#5720 = OVER_RIDING_STYLED_ITEM('overriding color',(#5721),#1384,#5396);
#5721 = PRESENTATION_STYLE_BY_CONTEXT((#5722,#5727),#3847);
#5722 = SURFACE_STYLE_USAGE(.BOTH.,#5723);
#5723 = SURFACE_SIDE_STYLE('',(#5724));
#5724 = SURFACE_STYLE_FILL_AREA(#5725);
#5725 = FILL_AREA_STYLE('',(#5726));
#5726 = FILL_AREA_STYLE_COLOUR('',#5071);
#5727 = CURVE_STYLE('',#5728,POSITIVE_LENGTH_MEASURE(0.1),#5074);
#5728 = DRAUGHTING_PRE_DEFINED_CURVE_FONT('continuous');
#5729 = OVER_RIDING_STYLED_ITEM('overriding color',(#5730),#1384,#5396);
#5730 = PRESENTATION_STYLE_BY_CONTEXT((#5731,#5736),#3853);
#5731 = SURFACE_STYLE_USAGE(.BOTH.,#5732);
#5732 = SURFACE_SIDE_STYLE('',(#5733));
#5733 = SURFACE_STYLE_FILL_AREA(#5734);
#5734 = FILL_AREA_STYLE('',(#5735));
#5735 = FILL_AREA_STYLE_COLOUR('',#4712);
#5736 = CURVE_STYLE('',#5737,POSITIVE_LENGTH_MEASURE(0.1),#4089);
#5737 = DRAUGHTING_PRE_DEFINED_CURVE_FONT('continuous');
#5738 = OVER_RIDING_STYLED_ITEM('overriding color',(#5739),#1384,#5396);
#5739 = PRESENTATION_STYLE_BY_CONTEXT((#5740,#5745),#3857);
#5740 = SURFACE_STYLE_USAGE(.BOTH.,#5741);
#5741 = SURFACE_SIDE_STYLE('',(#5742));
#5742 = SURFACE_STYLE_FILL_AREA(#5743);
#5743 = FILL_AREA_STYLE('',(#5744));
#5744 = FILL_AREA_STYLE_COLOUR('',#5091);
#5745 = CURVE_STYLE('',#5746,POSITIVE_LENGTH_MEASURE(0.1),#5094);
#5746 = DRAUGHTING_PRE_DEFINED_CURVE_FONT('continuous');
#5747 = OVER_RIDING_STYLED_ITEM('overriding color',(#5748),#1384,#5396);
#5748 = PRESENTATION_STYLE_BY_CONTEXT((#5749,#5754),#3863);
#5749 = SURFACE_STYLE_USAGE(.BOTH.,#5750);
#5750 = SURFACE_SIDE_STYLE('',(#5751));
#5751 = SURFACE_STYLE_FILL_AREA(#5752);
#5752 = FILL_AREA_STYLE('',(#5753));
#5753 = FILL_AREA_STYLE_COLOUR('',#4712);
#5754 = CURVE_STYLE('',#5755,POSITIVE_LENGTH_MEASURE(0.1),#4089);
#5755 = DRAUGHTING_PRE_DEFINED_CURVE_FONT('continuous');
#5756 = OVER_RIDING_STYLED_ITEM('overriding color',(#5757),#1384,#5396);
#5757 = PRESENTATION_STYLE_BY_CONTEXT((#5758,#5763),#3867);
#5758 = SURFACE_STYLE_USAGE(.BOTH.,#5759);
#5759 = SURFACE_SIDE_STYLE('',(#5760));
#5760 = SURFACE_STYLE_FILL_AREA(#5761);
#5761 = FILL_AREA_STYLE('',(#5762));
#5762 = FILL_AREA_STYLE_COLOUR('',#5111);
#5763 = CURVE_STYLE('',#5764,POSITIVE_LENGTH_MEASURE(0.1),#5114);
#5764 = DRAUGHTING_PRE_DEFINED_CURVE_FONT('continuous');
#5765 = OVER_RIDING_STYLED_ITEM('overriding color',(#5766),#1384,#5396);
#5766 = PRESENTATION_STYLE_BY_CONTEXT((#5767,#5772),#3873);
#5767 = SURFACE_STYLE_USAGE(.BOTH.,#5768);
#5768 = SURFACE_SIDE_STYLE('',(#5769));
#5769 = SURFACE_STYLE_FILL_AREA(#5770);
#5770 = FILL_AREA_STYLE('',(#5771));
#5771 = FILL_AREA_STYLE_COLOUR('',#4712);
#5772 = CURVE_STYLE('',#5773,POSITIVE_LENGTH_MEASURE(0.1),#4089);
#5773 = DRAUGHTING_PRE_DEFINED_CURVE_FONT('continuous');
#5774 = OVER_RIDING_STYLED_ITEM('overriding color',(#5775),#1384,#5396);
#5775 = PRESENTATION_STYLE_BY_CONTEXT((#5776,#5781),#3877);
#5776 = SURFACE_STYLE_USAGE(.BOTH.,#5777);
#5777 = SURFACE_SIDE_STYLE('',(#5778));
#5778 = SURFACE_STYLE_FILL_AREA(#5779);
#5779 = FILL_AREA_STYLE('',(#5780));
#5780 = FILL_AREA_STYLE_COLOUR('',#5131);
#5781 = CURVE_STYLE('',#5782,POSITIVE_LENGTH_MEASURE(0.1),#5134);
#5782 = DRAUGHTING_PRE_DEFINED_CURVE_FONT('continuous');
#5783 = OVER_RIDING_STYLED_ITEM('overriding color',(#5784),#1384,#5396);
#5784 = PRESENTATION_STYLE_BY_CONTEXT((#5785,#5790),#3883);
#5785 = SURFACE_STYLE_USAGE(.BOTH.,#5786);
#5786 = SURFACE_SIDE_STYLE('',(#5787));
#5787 = SURFACE_STYLE_FILL_AREA(#5788);
#5788 = FILL_AREA_STYLE('',(#5789));
#5789 = FILL_AREA_STYLE_COLOUR('',#4712);
#5790 = CURVE_STYLE('',#5791,POSITIVE_LENGTH_MEASURE(0.1),#4089);
#5791 = DRAUGHTING_PRE_DEFINED_CURVE_FONT('continuous');
#5792 = OVER_RIDING_STYLED_ITEM('overriding color',(#5793),#1384,#5396);
#5793 = PRESENTATION_STYLE_BY_CONTEXT((#5794,#5799),#3887);
#5794 = SURFACE_STYLE_USAGE(.BOTH.,#5795);
#5795 = SURFACE_SIDE_STYLE('',(#5796));
#5796 = SURFACE_STYLE_FILL_AREA(#5797);
#5797 = FILL_AREA_STYLE('',(#5798));
#5798 = FILL_AREA_STYLE_COLOUR('',#5151);
#5799 = CURVE_STYLE('',#5800,POSITIVE_LENGTH_MEASURE(0.1),#5154);
#5800 = DRAUGHTING_PRE_DEFINED_CURVE_FONT('continuous');
#5801 = OVER_RIDING_STYLED_ITEM('overriding color',(#5802),#1384,#5396);
#5802 = PRESENTATION_STYLE_BY_CONTEXT((#5803,#5808),#3893);
#5803 = SURFACE_STYLE_USAGE(.BOTH.,#5804);
#5804 = SURFACE_SIDE_STYLE('',(#5805));
#5805 = SURFACE_STYLE_FILL_AREA(#5806);
#5806 = FILL_AREA_STYLE('',(#5807));
#5807 = FILL_AREA_STYLE_COLOUR('',#4712);
#5808 = CURVE_STYLE('',#5809,POSITIVE_LENGTH_MEASURE(0.1),#4089);
#5809 = DRAUGHTING_PRE_DEFINED_CURVE_FONT('continuous');
#5810 = OVER_RIDING_STYLED_ITEM('overriding color',(#5811),#1384,#5396);
#5811 = PRESENTATION_STYLE_BY_CONTEXT((#5812,#5817),#3897);
#5812 = SURFACE_STYLE_USAGE(.BOTH.,#5813);
#5813 = SURFACE_SIDE_STYLE('',(#5814));
#5814 = SURFACE_STYLE_FILL_AREA(#5815);
#5815 = FILL_AREA_STYLE('',(#5816));
#5816 = FILL_AREA_STYLE_COLOUR('',#5171);
#5817 = CURVE_STYLE('',#5818,POSITIVE_LENGTH_MEASURE(0.1),#5174);
#5818 = DRAUGHTING_PRE_DEFINED_CURVE_FONT('continuous');
#5819 = OVER_RIDING_STYLED_ITEM('overriding color',(#5820),#1384,#5396);
#5820 = PRESENTATION_STYLE_BY_CONTEXT((#5821,#5826),#3903);
#5821 = SURFACE_STYLE_USAGE(.BOTH.,#5822);
#5822 = SURFACE_SIDE_STYLE('',(#5823));
#5823 = SURFACE_STYLE_FILL_AREA(#5824);
#5824 = FILL_AREA_STYLE('',(#5825));
#5825 = FILL_AREA_STYLE_COLOUR('',#4712);
#5826 = CURVE_STYLE('',#5827,POSITIVE_LENGTH_MEASURE(0.1),#4089);
#5827 = DRAUGHTING_PRE_DEFINED_CURVE_FONT('continuous');
#5828 = OVER_RIDING_STYLED_ITEM('overriding color',(#5829),#1384,#5396);
#5829 = PRESENTATION_STYLE_BY_CONTEXT((#5830,#5835),#3907);
#5830 = SURFACE_STYLE_USAGE(.BOTH.,#5831);
#5831 = SURFACE_SIDE_STYLE('',(#5832));
#5832 = SURFACE_STYLE_FILL_AREA(#5833);
#5833 = FILL_AREA_STYLE('',(#5834));
#5834 = FILL_AREA_STYLE_COLOUR('',#5191);
#5835 = CURVE_STYLE('',#5836,POSITIVE_LENGTH_MEASURE(0.1),#5194);
#5836 = DRAUGHTING_PRE_DEFINED_CURVE_FONT('continuous');
#5837 = OVER_RIDING_STYLED_ITEM('overriding color',(#5838),#1384,#5396);
#5838 = PRESENTATION_STYLE_BY_CONTEXT((#5839,#5844),#3913);
#5839 = SURFACE_STYLE_USAGE(.BOTH.,#5840);
#5840 = SURFACE_SIDE_STYLE('',(#5841));
#5841 = SURFACE_STYLE_FILL_AREA(#5842);
#5842 = FILL_AREA_STYLE('',(#5843));
#5843 = FILL_AREA_STYLE_COLOUR('',#4712);
#5844 = CURVE_STYLE('',#5845,POSITIVE_LENGTH_MEASURE(0.1),#4089);
#5845 = DRAUGHTING_PRE_DEFINED_CURVE_FONT('continuous');
#5846 = OVER_RIDING_STYLED_ITEM('overriding color',(#5847),#1384,#5396);
#5847 = PRESENTATION_STYLE_BY_CONTEXT((#5848,#5853),#3917);
#5848 = SURFACE_STYLE_USAGE(.BOTH.,#5849);
#5849 = SURFACE_SIDE_STYLE('',(#5850));
#5850 = SURFACE_STYLE_FILL_AREA(#5851);
#5851 = FILL_AREA_STYLE('',(#5852));
#5852 = FILL_AREA_STYLE_COLOUR('',#5211);
#5853 = CURVE_STYLE('',#5854,POSITIVE_LENGTH_MEASURE(0.1),#5214);
#5854 = DRAUGHTING_PRE_DEFINED_CURVE_FONT('continuous');
#5855 = OVER_RIDING_STYLED_ITEM('overriding color',(#5856),#1384,#5396);
#5856 = PRESENTATION_STYLE_BY_CONTEXT((#5857,#5862),#3923);
#5857 = SURFACE_STYLE_USAGE(.BOTH.,#5858);
#5858 = SURFACE_SIDE_STYLE('',(#5859));
#5859 = SURFACE_STYLE_FILL_AREA(#5860);
#5860 = FILL_AREA_STYLE('',(#5861));
#5861 = FILL_AREA_STYLE_COLOUR('',#4712);
#5862 = CURVE_STYLE('',#5863,POSITIVE_LENGTH_MEASURE(0.1),#4089);
#5863 = DRAUGHTING_PRE_DEFINED_CURVE_FONT('continuous');
#5864 = OVER_RIDING_STYLED_ITEM('overriding color',(#5865),#1384,#5396);
#5865 = PRESENTATION_STYLE_BY_CONTEXT((#5866,#5871),#3927);
#5866 = SURFACE_STYLE_USAGE(.BOTH.,#5867);
#5867 = SURFACE_SIDE_STYLE('',(#5868));
#5868 = SURFACE_STYLE_FILL_AREA(#5869);
#5869 = FILL_AREA_STYLE('',(#5870));
#5870 = FILL_AREA_STYLE_COLOUR('',#5231);
#5871 = CURVE_STYLE('',#5872,POSITIVE_LENGTH_MEASURE(0.1),#5234);
#5872 = DRAUGHTING_PRE_DEFINED_CURVE_FONT('continuous');
#5873 = OVER_RIDING_STYLED_ITEM('overriding color',(#5874),#1384,#5396);
#5874 = PRESENTATION_STYLE_BY_CONTEXT((#5875,#5880),#3933);
#5875 = SURFACE_STYLE_USAGE(.BOTH.,#5876);
#5876 = SURFACE_SIDE_STYLE('',(#5877));
#5877 = SURFACE_STYLE_FILL_AREA(#5878);
#5878 = FILL_AREA_STYLE('',(#5879));
#5879 = FILL_AREA_STYLE_COLOUR('',#4712);
#5880 = CURVE_STYLE('',#5881,POSITIVE_LENGTH_MEASURE(0.1),#4089);
#5881 = DRAUGHTING_PRE_DEFINED_CURVE_FONT('continuous');
#5882 = OVER_RIDING_STYLED_ITEM('overriding color',(#5883),#1384,#5396);
#5883 = PRESENTATION_STYLE_BY_CONTEXT((#5884,#5889),#3937);
#5884 = SURFACE_STYLE_USAGE(.BOTH.,#5885);
#5885 = SURFACE_SIDE_STYLE('',(#5886));
#5886 = SURFACE_STYLE_FILL_AREA(#5887);
#5887 = FILL_AREA_STYLE('',(#5888));
#5888 = FILL_AREA_STYLE_COLOUR('',#5251);
#5889 = CURVE_STYLE('',#5890,POSITIVE_LENGTH_MEASURE(0.1),#5254);
#5890 = DRAUGHTING_PRE_DEFINED_CURVE_FONT('continuous');
#5891 = OVER_RIDING_STYLED_ITEM('overriding color',(#5892),#1384,#5396);
#5892 = PRESENTATION_STYLE_BY_CONTEXT((#5893,#5898),#3943);
#5893 = SURFACE_STYLE_USAGE(.BOTH.,#5894);
#5894 = SURFACE_SIDE_STYLE('',(#5895));
#5895 = SURFACE_STYLE_FILL_AREA(#5896);
#5896 = FILL_AREA_STYLE('',(#5897));
#5897 = FILL_AREA_STYLE_COLOUR('',#4712);
#5898 = CURVE_STYLE('',#5899,POSITIVE_LENGTH_MEASURE(0.1),#4089);
#5899 = DRAUGHTING_PRE_DEFINED_CURVE_FONT('continuous');
#5900 = OVER_RIDING_STYLED_ITEM('overriding color',(#5901),#1384,#5396);
#5901 = PRESENTATION_STYLE_BY_CONTEXT((#5902,#5907),#3947);
#5902 = SURFACE_STYLE_USAGE(.BOTH.,#5903);
#5903 = SURFACE_SIDE_STYLE('',(#5904));
#5904 = SURFACE_STYLE_FILL_AREA(#5905);
#5905 = FILL_AREA_STYLE('',(#5906));
#5906 = FILL_AREA_STYLE_COLOUR('',#5271);
#5907 = CURVE_STYLE('',#5908,POSITIVE_LENGTH_MEASURE(0.1),#5274);
#5908 = DRAUGHTING_PRE_DEFINED_CURVE_FONT('continuous');
#5909 = OVER_RIDING_STYLED_ITEM('overriding color',(#5910),#1384,#5396);
#5910 = PRESENTATION_STYLE_BY_CONTEXT((#5911,#5916),#3953);
#5911 = SURFACE_STYLE_USAGE(.BOTH.,#5912);
#5912 = SURFACE_SIDE_STYLE('',(#5913));
#5913 = SURFACE_STYLE_FILL_AREA(#5914);
#5914 = FILL_AREA_STYLE('',(#5915));
#5915 = FILL_AREA_STYLE_COLOUR('',#4712);
#5916 = CURVE_STYLE('',#5917,POSITIVE_LENGTH_MEASURE(0.1),#4089);
#5917 = DRAUGHTING_PRE_DEFINED_CURVE_FONT('continuous');
#5918 = OVER_RIDING_STYLED_ITEM('overriding color',(#5919),#1384,#5396);
#5919 = PRESENTATION_STYLE_BY_CONTEXT((#5920,#5925),#3957);
#5920 = SURFACE_STYLE_USAGE(.BOTH.,#5921);
#5921 = SURFACE_SIDE_STYLE('',(#5922));
#5922 = SURFACE_STYLE_FILL_AREA(#5923);
#5923 = FILL_AREA_STYLE('',(#5924));
#5924 = FILL_AREA_STYLE_COLOUR('',#5291);
#5925 = CURVE_STYLE('',#5926,POSITIVE_LENGTH_MEASURE(0.1),#5294);
#5926 = DRAUGHTING_PRE_DEFINED_CURVE_FONT('continuous');
#5927 = OVER_RIDING_STYLED_ITEM('overriding color',(#5928),#1384,#5396);
#5928 = PRESENTATION_STYLE_BY_CONTEXT((#5929,#5934),#3963);
#5929 = SURFACE_STYLE_USAGE(.BOTH.,#5930);
#5930 = SURFACE_SIDE_STYLE('',(#5931));
#5931 = SURFACE_STYLE_FILL_AREA(#5932);
#5932 = FILL_AREA_STYLE('',(#5933));
#5933 = FILL_AREA_STYLE_COLOUR('',#4712);
#5934 = CURVE_STYLE('',#5935,POSITIVE_LENGTH_MEASURE(0.1),#4089);
#5935 = DRAUGHTING_PRE_DEFINED_CURVE_FONT('continuous');
#5936 = OVER_RIDING_STYLED_ITEM('overriding color',(#5937),#1384,#5396);
#5937 = PRESENTATION_STYLE_BY_CONTEXT((#5938,#5943),#3967);
#5938 = SURFACE_STYLE_USAGE(.BOTH.,#5939);
#5939 = SURFACE_SIDE_STYLE('',(#5940));
#5940 = SURFACE_STYLE_FILL_AREA(#5941);
#5941 = FILL_AREA_STYLE('',(#5942));
#5942 = FILL_AREA_STYLE_COLOUR('',#5311);
#5943 = CURVE_STYLE('',#5944,POSITIVE_LENGTH_MEASURE(0.1),#5314);
#5944 = DRAUGHTING_PRE_DEFINED_CURVE_FONT('continuous');
#5945 = OVER_RIDING_STYLED_ITEM('overriding color',(#5946),#1384,#5396);
#5946 = PRESENTATION_STYLE_BY_CONTEXT((#5947,#5952),#3973);
#5947 = SURFACE_STYLE_USAGE(.BOTH.,#5948);
#5948 = SURFACE_SIDE_STYLE('',(#5949));
#5949 = SURFACE_STYLE_FILL_AREA(#5950);
#5950 = FILL_AREA_STYLE('',(#5951));
#5951 = FILL_AREA_STYLE_COLOUR('',#4712);
#5952 = CURVE_STYLE('',#5953,POSITIVE_LENGTH_MEASURE(0.1),#4089);
#5953 = DRAUGHTING_PRE_DEFINED_CURVE_FONT('continuous');
#5954 = OVER_RIDING_STYLED_ITEM('overriding color',(#5955),#1384,#5396);
#5955 = PRESENTATION_STYLE_BY_CONTEXT((#5956,#5961),#3977);
#5956 = SURFACE_STYLE_USAGE(.BOTH.,#5957);
#5957 = SURFACE_SIDE_STYLE('',(#5958));
#5958 = SURFACE_STYLE_FILL_AREA(#5959);
#5959 = FILL_AREA_STYLE('',(#5960));
#5960 = FILL_AREA_STYLE_COLOUR('',#5331);
#5961 = CURVE_STYLE('',#5962,POSITIVE_LENGTH_MEASURE(0.1),#5334);
#5962 = DRAUGHTING_PRE_DEFINED_CURVE_FONT('continuous');
#5963 = OVER_RIDING_STYLED_ITEM('overriding color',(#5964),#1384,#5396);
#5964 = PRESENTATION_STYLE_BY_CONTEXT((#5965,#5970),#3983);
#5965 = SURFACE_STYLE_USAGE(.BOTH.,#5966);
#5966 = SURFACE_SIDE_STYLE('',(#5967));
#5967 = SURFACE_STYLE_FILL_AREA(#5968);
#5968 = FILL_AREA_STYLE('',(#5969));
#5969 = FILL_AREA_STYLE_COLOUR('',#4712);
#5970 = CURVE_STYLE('',#5971,POSITIVE_LENGTH_MEASURE(0.1),#4089);
#5971 = DRAUGHTING_PRE_DEFINED_CURVE_FONT('continuous');
#5972 = OVER_RIDING_STYLED_ITEM('overriding color',(#5973),#1384,#5396);
#5973 = PRESENTATION_STYLE_BY_CONTEXT((#5974,#5979),#3987);
#5974 = SURFACE_STYLE_USAGE(.BOTH.,#5975);
#5975 = SURFACE_SIDE_STYLE('',(#5976));
#5976 = SURFACE_STYLE_FILL_AREA(#5977);
#5977 = FILL_AREA_STYLE('',(#5978));
#5978 = FILL_AREA_STYLE_COLOUR('',#5351);
#5979 = CURVE_STYLE('',#5980,POSITIVE_LENGTH_MEASURE(0.1),#5354);
#5980 = DRAUGHTING_PRE_DEFINED_CURVE_FONT('continuous');
#5981 = OVER_RIDING_STYLED_ITEM('overriding color',(#5982),#1384,#5396);
#5982 = PRESENTATION_STYLE_BY_CONTEXT((#5983,#5988),#3993);
#5983 = SURFACE_STYLE_USAGE(.BOTH.,#5984);
#5984 = SURFACE_SIDE_STYLE('',(#5985));
#5985 = SURFACE_STYLE_FILL_AREA(#5986);
#5986 = FILL_AREA_STYLE('',(#5987));
#5987 = FILL_AREA_STYLE_COLOUR('',#4712);
#5988 = CURVE_STYLE('',#5989,POSITIVE_LENGTH_MEASURE(0.1),#4089);
#5989 = DRAUGHTING_PRE_DEFINED_CURVE_FONT('continuous');
#5990 = OVER_RIDING_STYLED_ITEM('overriding color',(#5991),#1384,#5396);
#5991 = PRESENTATION_STYLE_BY_CONTEXT((#5992,#5997),#3997);
#5992 = SURFACE_STYLE_USAGE(.BOTH.,#5993);
#5993 = SURFACE_SIDE_STYLE('',(#5994));
#5994 = SURFACE_STYLE_FILL_AREA(#5995);
#5995 = FILL_AREA_STYLE('',(#5996));
#5996 = FILL_AREA_STYLE_COLOUR('',#5371);
#5997 = CURVE_STYLE('',#5998,POSITIVE_LENGTH_MEASURE(0.1),#5374);
#5998 = DRAUGHTING_PRE_DEFINED_CURVE_FONT('continuous');
#5999 = OVER_RIDING_STYLED_ITEM('overriding color',(#6000),#1384,#5396);
#6000 = PRESENTATION_STYLE_BY_CONTEXT((#6001,#6006),#4003);
#6001 = SURFACE_STYLE_USAGE(.BOTH.,#6002);
#6002 = SURFACE_SIDE_STYLE('',(#6003));
#6003 = SURFACE_STYLE_FILL_AREA(#6004);
#6004 = FILL_AREA_STYLE('',(#6005));
#6005 = FILL_AREA_STYLE_COLOUR('',#4712);
#6006 = CURVE_STYLE('',#6007,POSITIVE_LENGTH_MEASURE(0.1),#4089);
#6007 = DRAUGHTING_PRE_DEFINED_CURVE_FONT('continuous');
#6008 = OVER_RIDING_STYLED_ITEM('overriding color',(#6009),#1384,#5396);
#6009 = PRESENTATION_STYLE_BY_CONTEXT((#6010,#6015),#4007);
#6010 = SURFACE_STYLE_USAGE(.BOTH.,#6011);
#6011 = SURFACE_SIDE_STYLE('',(#6012));
#6012 = SURFACE_STYLE_FILL_AREA(#6013);
#6013 = FILL_AREA_STYLE('',(#6014));
#6014 = FILL_AREA_STYLE_COLOUR('',#5391);
#6015 = CURVE_STYLE('',#6016,POSITIVE_LENGTH_MEASURE(0.1),#5394);
#6016 = DRAUGHTING_PRE_DEFINED_CURVE_FONT('continuous');
ENDSEC;
END-ISO-10303-21;
