ISO-10303-21;
HEADER;
FILE_DESCRIPTION(('FreeCAD Model'),'2;1');
FILE_NAME('Open CASCADE Shape Model','2025-10-14T15:49:47',(''),(''),
  'Open CASCADE STEP processor 7.8','FreeCAD','Unknown');
FILE_SCHEMA(('AUTOMOTIVE_DESIGN { 1 0 10303 214 1 1 1 1 }'));
ENDSEC;
DATA;
#1 = APPLICATION_PROTOCOL_DEFINITION('international standard',
  'automotive_design',2000,#2);
#2 = APPLICATION_CONTEXT(
  'core data for automotive mechanical design processes');
#3 = SHAPE_DEFINITION_REPRESENTATION(#4,#10);
#4 = PRODUCT_DEFINITION_SHAPE('','',#5);
#5 = PRODUCT_DEFINITION('design','',#6,#9);
#6 = PRODUCT_DEFINITION_FORMATION('','',#7);
#7 = PRODUCT('Assem1','Assem1','',(#8));
#8 = PRODUCT_CONTEXT('',#2,'mechanical');
#9 = PRODUCT_DEFINITION_CONTEXT('part definition',#2,'design');
#10 = SHAPE_REPRESENTATION('',(#11,#15,#19),#23);
#11 = AXIS2_PLACEMENT_3D('',#12,#13,#14);
#12 = CARTESIAN_POINT('',(0.,0.,0.));
#13 = DIRECTION('',(0.,0.,1.));
#14 = DIRECTION('',(1.,0.,-0.));
#15 = AXIS2_PLACEMENT_3D('',#16,#17,#18);
#16 = CARTESIAN_POINT('',(0.,0.,0.));
#17 = DIRECTION('',(0.,0.,1.));
#18 = DIRECTION('',(1.,0.,0.));
#19 = AXIS2_PLACEMENT_3D('',#20,#21,#22);
#20 = CARTESIAN_POINT('',(0.,0.,0.));
#21 = DIRECTION('',(0.,0.,1.));
#22 = DIRECTION('',(1.,0.,0.));
#23 = ( GEOMETRIC_REPRESENTATION_CONTEXT(3) 
GLOBAL_UNCERTAINTY_ASSIGNED_CONTEXT((#27)) GLOBAL_UNIT_ASSIGNED_CONTEXT(
(#24,#25,#26)) REPRESENTATION_CONTEXT('Context #1',
  '3D Context with UNIT and UNCERTAINTY') );
#24 = ( LENGTH_UNIT() NAMED_UNIT(*) SI_UNIT(.MILLI.,.METRE.) );
#25 = ( NAMED_UNIT(*) PLANE_ANGLE_UNIT() SI_UNIT($,.RADIAN.) );
#26 = ( NAMED_UNIT(*) SI_UNIT($,.STERADIAN.) SOLID_ANGLE_UNIT() );
#27 = UNCERTAINTY_MEASURE_WITH_UNIT(LENGTH_MEASURE(2.E-07),#24,
  'distance_accuracy_value','confusion accuracy');
#28 = PRODUCT_RELATED_PRODUCT_CATEGORY('part',$,(#7));
#29 = SHAPE_DEFINITION_REPRESENTATION(#30,#36);
#30 = PRODUCT_DEFINITION_SHAPE('','',#31);
#31 = PRODUCT_DEFINITION('design','',#32,#35);
#32 = PRODUCT_DEFINITION_FORMATION('','',#33);
#33 = PRODUCT('pin','pin','',(#34));
#34 = PRODUCT_CONTEXT('',#2,'mechanical');
#35 = PRODUCT_DEFINITION_CONTEXT('part definition',#2,'design');
#36 = ADVANCED_BREP_SHAPE_REPRESENTATION('',(#11,#37),#731);
#37 = MANIFOLD_SOLID_BREP('',#38);
#38 = CLOSED_SHELL('',(#39,#79,#246,#413,#435,#452,#464,#481,#498,#520,
    #537,#549,#566,#583,#600,#617,#634,#651,#668,#685,#702,#719));
#39 = ADVANCED_FACE('',(#40),#74,.F.);
#40 = FACE_BOUND('',#41,.T.);
#41 = EDGE_LOOP('',(#42,#52,#60,#68));
#42 = ORIENTED_EDGE('',*,*,#43,.T.);
#43 = EDGE_CURVE('',#44,#46,#48,.T.);
#44 = VERTEX_POINT('',#45);
#45 = CARTESIAN_POINT('',(4.45,-1.5,0.2));
#46 = VERTEX_POINT('',#47);
#47 = CARTESIAN_POINT('',(4.45,1.5,0.2));
#48 = LINE('',#49,#50);
#49 = CARTESIAN_POINT('',(4.45,1.5,0.2));
#50 = VECTOR('',#51,1.);
#51 = DIRECTION('',(0.,1.,0.));
#52 = ORIENTED_EDGE('',*,*,#53,.T.);
#53 = EDGE_CURVE('',#46,#54,#56,.T.);
#54 = VERTEX_POINT('',#55);
#55 = CARTESIAN_POINT('',(4.45,1.5,-1.E-01));
#56 = LINE('',#57,#58);
#57 = CARTESIAN_POINT('',(4.45,1.5,-1.E-01));
#58 = VECTOR('',#59,1.);
#59 = DIRECTION('',(0.,0.,-1.));
#60 = ORIENTED_EDGE('',*,*,#61,.T.);
#61 = EDGE_CURVE('',#54,#62,#64,.T.);
#62 = VERTEX_POINT('',#63);
#63 = CARTESIAN_POINT('',(4.45,-1.5,-1.E-01));
#64 = LINE('',#65,#66);
#65 = CARTESIAN_POINT('',(4.45,1.5,-1.E-01));
#66 = VECTOR('',#67,1.);
#67 = DIRECTION('',(0.,-1.,0.));
#68 = ORIENTED_EDGE('',*,*,#69,.F.);
#69 = EDGE_CURVE('',#44,#62,#70,.T.);
#70 = LINE('',#71,#72);
#71 = CARTESIAN_POINT('',(4.45,-1.5,-1.E-01));
#72 = VECTOR('',#73,1.);
#73 = DIRECTION('',(0.,0.,-1.));
#74 = PLANE('',#75);
#75 = AXIS2_PLACEMENT_3D('',#76,#77,#78);
#76 = CARTESIAN_POINT('',(4.45,1.5,-1.E-01));
#77 = DIRECTION('',(1.,0.,0.));
#78 = DIRECTION('',(0.,-1.,0.));
#79 = ADVANCED_FACE('',(#80),#241,.F.);
#80 = FACE_BOUND('',#81,.T.);
#81 = EDGE_LOOP('',(#82,#90,#99,#107,#116,#124,#133,#141,#150,#158,#166,
    #174,#183,#191,#200,#208,#217,#225,#234,#240));
#82 = ORIENTED_EDGE('',*,*,#83,.T.);
#83 = EDGE_CURVE('',#62,#84,#86,.T.);
#84 = VERTEX_POINT('',#85);
#85 = CARTESIAN_POINT('',(6.25,-1.5,-0.1));
#86 = LINE('',#87,#88);
#87 = CARTESIAN_POINT('',(4.45,-1.5,-1.E-01));
#88 = VECTOR('',#89,1.);
#89 = DIRECTION('',(1.,0.,0.));
#90 = ORIENTED_EDGE('',*,*,#91,.T.);
#91 = EDGE_CURVE('',#84,#92,#94,.T.);
#92 = VERTEX_POINT('',#93);
#93 = CARTESIAN_POINT('',(6.75,-1.5,0.4));
#94 = CIRCLE('',#95,0.5);
#95 = AXIS2_PLACEMENT_3D('',#96,#97,#98);
#96 = CARTESIAN_POINT('',(6.25,-1.5,0.4));
#97 = DIRECTION('',(0.,-1.,0.));
#98 = DIRECTION('',(-1.,0.,1.334402673828E-15));
#99 = ORIENTED_EDGE('',*,*,#100,.T.);
#100 = EDGE_CURVE('',#92,#101,#103,.T.);
#101 = VERTEX_POINT('',#102);
#102 = CARTESIAN_POINT('',(6.75,-1.5,1.05));
#103 = LINE('',#104,#105);
#104 = CARTESIAN_POINT('',(6.75,-1.5,0.4));
#105 = VECTOR('',#106,1.);
#106 = DIRECTION('',(1.334402673828E-15,0.,1.));
#107 = ORIENTED_EDGE('',*,*,#108,.T.);
#108 = EDGE_CURVE('',#101,#109,#111,.T.);
#109 = VERTEX_POINT('',#110);
#110 = CARTESIAN_POINT('',(6.25,-1.5,1.55));
#111 = CIRCLE('',#112,0.5);
#112 = AXIS2_PLACEMENT_3D('',#113,#114,#115);
#113 = CARTESIAN_POINT('',(6.25,-1.5,1.05));
#114 = DIRECTION('',(0.,-1.,0.));
#115 = DIRECTION('',(0.,0.,-1.));
#116 = ORIENTED_EDGE('',*,*,#117,.T.);
#117 = EDGE_CURVE('',#109,#118,#120,.T.);
#118 = VERTEX_POINT('',#119);
#119 = CARTESIAN_POINT('',(-6.25,-1.5,1.55));
#120 = LINE('',#121,#122);
#121 = CARTESIAN_POINT('',(-6.25,-1.5,1.55));
#122 = VECTOR('',#123,1.);
#123 = DIRECTION('',(-1.,0.,0.));
#124 = ORIENTED_EDGE('',*,*,#125,.T.);
#125 = EDGE_CURVE('',#118,#126,#128,.T.);
#126 = VERTEX_POINT('',#127);
#127 = CARTESIAN_POINT('',(-6.75,-1.5,1.05));
#128 = CIRCLE('',#129,0.5);
#129 = AXIS2_PLACEMENT_3D('',#130,#131,#132);
#130 = CARTESIAN_POINT('',(-6.25,-1.5,1.05));
#131 = DIRECTION('',(0.,-1.,0.));
#132 = DIRECTION('',(0.,0.,-1.));
#133 = ORIENTED_EDGE('',*,*,#134,.T.);
#134 = EDGE_CURVE('',#126,#135,#137,.T.);
#135 = VERTEX_POINT('',#136);
#136 = CARTESIAN_POINT('',(-6.75,-1.5,0.4));
#137 = LINE('',#138,#139);
#138 = CARTESIAN_POINT('',(-6.75,-1.5,1.05));
#139 = VECTOR('',#140,1.);
#140 = DIRECTION('',(1.334402673828E-15,0.,-1.));
#141 = ORIENTED_EDGE('',*,*,#142,.T.);
#142 = EDGE_CURVE('',#135,#143,#145,.T.);
#143 = VERTEX_POINT('',#144);
#144 = CARTESIAN_POINT('',(-6.25,-1.5,-1.E-01));
#145 = CIRCLE('',#146,0.5);
#146 = AXIS2_PLACEMENT_3D('',#147,#148,#149);
#147 = CARTESIAN_POINT('',(-6.25,-1.5,0.4));
#148 = DIRECTION('',(0.,-1.,0.));
#149 = DIRECTION('',(1.,0.,1.334402673828E-15));
#150 = ORIENTED_EDGE('',*,*,#151,.T.);
#151 = EDGE_CURVE('',#143,#152,#154,.T.);
#152 = VERTEX_POINT('',#153);
#153 = CARTESIAN_POINT('',(-4.45,-1.5,-1.E-01));
#154 = LINE('',#155,#156);
#155 = CARTESIAN_POINT('',(-6.25,-1.5,-0.1));
#156 = VECTOR('',#157,1.);
#157 = DIRECTION('',(1.,0.,0.));
#158 = ORIENTED_EDGE('',*,*,#159,.F.);
#159 = EDGE_CURVE('',#160,#152,#162,.T.);
#160 = VERTEX_POINT('',#161);
#161 = CARTESIAN_POINT('',(-4.45,-1.5,0.2));
#162 = LINE('',#163,#164);
#163 = CARTESIAN_POINT('',(-4.45,-1.5,-1.E-01));
#164 = VECTOR('',#165,1.);
#165 = DIRECTION('',(0.,0.,-1.));
#166 = ORIENTED_EDGE('',*,*,#167,.T.);
#167 = EDGE_CURVE('',#160,#168,#170,.T.);
#168 = VERTEX_POINT('',#169);
#169 = CARTESIAN_POINT('',(-6.25,-1.5,0.2));
#170 = LINE('',#171,#172);
#171 = CARTESIAN_POINT('',(-6.25,-1.5,0.2));
#172 = VECTOR('',#173,1.);
#173 = DIRECTION('',(-1.,0.,0.));
#174 = ORIENTED_EDGE('',*,*,#175,.F.);
#175 = EDGE_CURVE('',#176,#168,#178,.T.);
#176 = VERTEX_POINT('',#177);
#177 = CARTESIAN_POINT('',(-6.45,-1.5,0.4));
#178 = CIRCLE('',#179,0.2);
#179 = AXIS2_PLACEMENT_3D('',#180,#181,#182);
#180 = CARTESIAN_POINT('',(-6.25,-1.5,0.4));
#181 = DIRECTION('',(0.,-1.,0.));
#182 = DIRECTION('',(1.,0.,1.271035289593E-15));
#183 = ORIENTED_EDGE('',*,*,#184,.T.);
#184 = EDGE_CURVE('',#176,#185,#187,.T.);
#185 = VERTEX_POINT('',#186);
#186 = CARTESIAN_POINT('',(-6.45,-1.5,1.05));
#187 = LINE('',#188,#189);
#188 = CARTESIAN_POINT('',(-6.45,-1.5,1.05));
#189 = VECTOR('',#190,1.);
#190 = DIRECTION('',(-1.334402673828E-15,0.,1.));
#191 = ORIENTED_EDGE('',*,*,#192,.F.);
#192 = EDGE_CURVE('',#193,#185,#195,.T.);
#193 = VERTEX_POINT('',#194);
#194 = CARTESIAN_POINT('',(-6.25,-1.5,1.25));
#195 = CIRCLE('',#196,0.2);
#196 = AXIS2_PLACEMENT_3D('',#197,#198,#199);
#197 = CARTESIAN_POINT('',(-6.25,-1.5,1.05));
#198 = DIRECTION('',(0.,-1.,0.));
#199 = DIRECTION('',(-1.,0.,1.271035289593E-15));
#200 = ORIENTED_EDGE('',*,*,#201,.T.);
#201 = EDGE_CURVE('',#193,#202,#204,.T.);
#202 = VERTEX_POINT('',#203);
#203 = CARTESIAN_POINT('',(6.25,-1.5,1.25));
#204 = LINE('',#205,#206);
#205 = CARTESIAN_POINT('',(-6.25,-1.5,1.25));
#206 = VECTOR('',#207,1.);
#207 = DIRECTION('',(1.,0.,0.));
#208 = ORIENTED_EDGE('',*,*,#209,.T.);
#209 = EDGE_CURVE('',#202,#210,#212,.T.);
#210 = VERTEX_POINT('',#211);
#211 = CARTESIAN_POINT('',(6.45,-1.5,1.05));
#212 = CIRCLE('',#213,0.2);
#213 = AXIS2_PLACEMENT_3D('',#214,#215,#216);
#214 = CARTESIAN_POINT('',(6.25,-1.5,1.05));
#215 = DIRECTION('',(0.,1.,0.));
#216 = DIRECTION('',(0.,-0.,1.));
#217 = ORIENTED_EDGE('',*,*,#218,.T.);
#218 = EDGE_CURVE('',#210,#219,#221,.T.);
#219 = VERTEX_POINT('',#220);
#220 = CARTESIAN_POINT('',(6.45,-1.5,0.4));
#221 = LINE('',#222,#223);
#222 = CARTESIAN_POINT('',(6.45,-1.5,0.4));
#223 = VECTOR('',#224,1.);
#224 = DIRECTION('',(-1.334402673828E-15,0.,-1.));
#225 = ORIENTED_EDGE('',*,*,#226,.T.);
#226 = EDGE_CURVE('',#219,#227,#229,.T.);
#227 = VERTEX_POINT('',#228);
#228 = CARTESIAN_POINT('',(6.25,-1.5,0.2));
#229 = CIRCLE('',#230,0.2);
#230 = AXIS2_PLACEMENT_3D('',#231,#232,#233);
#231 = CARTESIAN_POINT('',(6.25,-1.5,0.4));
#232 = DIRECTION('',(0.,1.,0.));
#233 = DIRECTION('',(0.,-0.,1.));
#234 = ORIENTED_EDGE('',*,*,#235,.T.);
#235 = EDGE_CURVE('',#227,#44,#236,.T.);
#236 = LINE('',#237,#238);
#237 = CARTESIAN_POINT('',(4.45,-1.5,0.2));
#238 = VECTOR('',#239,1.);
#239 = DIRECTION('',(-1.,0.,0.));
#240 = ORIENTED_EDGE('',*,*,#69,.T.);
#241 = PLANE('',#242);
#242 = AXIS2_PLACEMENT_3D('',#243,#244,#245);
#243 = CARTESIAN_POINT('',(4.45,-1.5,-1.E-01));
#244 = DIRECTION('',(-0.,1.,0.));
#245 = DIRECTION('',(1.,0.,0.));
#246 = ADVANCED_FACE('',(#247),#408,.T.);
#247 = FACE_BOUND('',#248,.T.);
#248 = EDGE_LOOP('',(#249,#257,#266,#274,#283,#291,#300,#308,#317,#325,
    #333,#341,#350,#358,#367,#375,#384,#392,#401,#407));
#249 = ORIENTED_EDGE('',*,*,#250,.F.);
#250 = EDGE_CURVE('',#251,#46,#253,.T.);
#251 = VERTEX_POINT('',#252);
#252 = CARTESIAN_POINT('',(6.25,1.5,0.2));
#253 = LINE('',#254,#255);
#254 = CARTESIAN_POINT('',(4.45,1.5,0.2));
#255 = VECTOR('',#256,1.);
#256 = DIRECTION('',(-1.,0.,0.));
#257 = ORIENTED_EDGE('',*,*,#258,.F.);
#258 = EDGE_CURVE('',#259,#251,#261,.T.);
#259 = VERTEX_POINT('',#260);
#260 = CARTESIAN_POINT('',(6.45,1.5,0.4));
#261 = CIRCLE('',#262,0.2);
#262 = AXIS2_PLACEMENT_3D('',#263,#264,#265);
#263 = CARTESIAN_POINT('',(6.25,1.5,0.4));
#264 = DIRECTION('',(0.,1.,0.));
#265 = DIRECTION('',(0.,-0.,1.));
#266 = ORIENTED_EDGE('',*,*,#267,.F.);
#267 = EDGE_CURVE('',#268,#259,#270,.T.);
#268 = VERTEX_POINT('',#269);
#269 = CARTESIAN_POINT('',(6.45,1.5,1.05));
#270 = LINE('',#271,#272);
#271 = CARTESIAN_POINT('',(6.45,1.5,0.4));
#272 = VECTOR('',#273,1.);
#273 = DIRECTION('',(-1.334402673828E-15,0.,-1.));
#274 = ORIENTED_EDGE('',*,*,#275,.F.);
#275 = EDGE_CURVE('',#276,#268,#278,.T.);
#276 = VERTEX_POINT('',#277);
#277 = CARTESIAN_POINT('',(6.25,1.5,1.25));
#278 = CIRCLE('',#279,0.2);
#279 = AXIS2_PLACEMENT_3D('',#280,#281,#282);
#280 = CARTESIAN_POINT('',(6.25,1.5,1.05));
#281 = DIRECTION('',(0.,1.,0.));
#282 = DIRECTION('',(0.,-0.,1.));
#283 = ORIENTED_EDGE('',*,*,#284,.F.);
#284 = EDGE_CURVE('',#285,#276,#287,.T.);
#285 = VERTEX_POINT('',#286);
#286 = CARTESIAN_POINT('',(-6.25,1.5,1.25));
#287 = LINE('',#288,#289);
#288 = CARTESIAN_POINT('',(-6.25,1.5,1.25));
#289 = VECTOR('',#290,1.);
#290 = DIRECTION('',(1.,0.,0.));
#291 = ORIENTED_EDGE('',*,*,#292,.T.);
#292 = EDGE_CURVE('',#285,#293,#295,.T.);
#293 = VERTEX_POINT('',#294);
#294 = CARTESIAN_POINT('',(-6.45,1.5,1.05));
#295 = CIRCLE('',#296,0.2);
#296 = AXIS2_PLACEMENT_3D('',#297,#298,#299);
#297 = CARTESIAN_POINT('',(-6.25,1.5,1.05));
#298 = DIRECTION('',(0.,-1.,0.));
#299 = DIRECTION('',(-1.,0.,1.271035289593E-15));
#300 = ORIENTED_EDGE('',*,*,#301,.F.);
#301 = EDGE_CURVE('',#302,#293,#304,.T.);
#302 = VERTEX_POINT('',#303);
#303 = CARTESIAN_POINT('',(-6.45,1.5,0.4));
#304 = LINE('',#305,#306);
#305 = CARTESIAN_POINT('',(-6.45,1.5,1.05));
#306 = VECTOR('',#307,1.);
#307 = DIRECTION('',(-1.334402673828E-15,0.,1.));
#308 = ORIENTED_EDGE('',*,*,#309,.T.);
#309 = EDGE_CURVE('',#302,#310,#312,.T.);
#310 = VERTEX_POINT('',#311);
#311 = CARTESIAN_POINT('',(-6.25,1.5,0.2));
#312 = CIRCLE('',#313,0.2);
#313 = AXIS2_PLACEMENT_3D('',#314,#315,#316);
#314 = CARTESIAN_POINT('',(-6.25,1.5,0.4));
#315 = DIRECTION('',(0.,-1.,0.));
#316 = DIRECTION('',(1.,0.,1.271035289593E-15));
#317 = ORIENTED_EDGE('',*,*,#318,.F.);
#318 = EDGE_CURVE('',#319,#310,#321,.T.);
#319 = VERTEX_POINT('',#320);
#320 = CARTESIAN_POINT('',(-4.45,1.5,0.2));
#321 = LINE('',#322,#323);
#322 = CARTESIAN_POINT('',(-6.25,1.5,0.2));
#323 = VECTOR('',#324,1.);
#324 = DIRECTION('',(-1.,0.,0.));
#325 = ORIENTED_EDGE('',*,*,#326,.T.);
#326 = EDGE_CURVE('',#319,#327,#329,.T.);
#327 = VERTEX_POINT('',#328);
#328 = CARTESIAN_POINT('',(-4.45,1.5,-1.E-01));
#329 = LINE('',#330,#331);
#330 = CARTESIAN_POINT('',(-4.45,1.5,-1.E-01));
#331 = VECTOR('',#332,1.);
#332 = DIRECTION('',(0.,0.,-1.));
#333 = ORIENTED_EDGE('',*,*,#334,.F.);
#334 = EDGE_CURVE('',#335,#327,#337,.T.);
#335 = VERTEX_POINT('',#336);
#336 = CARTESIAN_POINT('',(-6.25,1.5,-0.1));
#337 = LINE('',#338,#339);
#338 = CARTESIAN_POINT('',(-6.25,1.5,-0.1));
#339 = VECTOR('',#340,1.);
#340 = DIRECTION('',(1.,0.,0.));
#341 = ORIENTED_EDGE('',*,*,#342,.T.);
#342 = EDGE_CURVE('',#335,#343,#345,.T.);
#343 = VERTEX_POINT('',#344);
#344 = CARTESIAN_POINT('',(-6.75,1.5,0.4));
#345 = CIRCLE('',#346,0.5);
#346 = AXIS2_PLACEMENT_3D('',#347,#348,#349);
#347 = CARTESIAN_POINT('',(-6.25,1.5,0.4));
#348 = DIRECTION('',(-0.,1.,0.));
#349 = DIRECTION('',(1.,0.,1.334402673828E-15));
#350 = ORIENTED_EDGE('',*,*,#351,.F.);
#351 = EDGE_CURVE('',#352,#343,#354,.T.);
#352 = VERTEX_POINT('',#353);
#353 = CARTESIAN_POINT('',(-6.75,1.5,1.05));
#354 = LINE('',#355,#356);
#355 = CARTESIAN_POINT('',(-6.75,1.5,1.05));
#356 = VECTOR('',#357,1.);
#357 = DIRECTION('',(1.334402673828E-15,0.,-1.));
#358 = ORIENTED_EDGE('',*,*,#359,.T.);
#359 = EDGE_CURVE('',#352,#360,#362,.T.);
#360 = VERTEX_POINT('',#361);
#361 = CARTESIAN_POINT('',(-6.25,1.5,1.55));
#362 = CIRCLE('',#363,0.5);
#363 = AXIS2_PLACEMENT_3D('',#364,#365,#366);
#364 = CARTESIAN_POINT('',(-6.25,1.5,1.05));
#365 = DIRECTION('',(0.,1.,0.));
#366 = DIRECTION('',(0.,0.,-1.));
#367 = ORIENTED_EDGE('',*,*,#368,.F.);
#368 = EDGE_CURVE('',#369,#360,#371,.T.);
#369 = VERTEX_POINT('',#370);
#370 = CARTESIAN_POINT('',(6.25,1.5,1.55));
#371 = LINE('',#372,#373);
#372 = CARTESIAN_POINT('',(-6.25,1.5,1.55));
#373 = VECTOR('',#374,1.);
#374 = DIRECTION('',(-1.,0.,0.));
#375 = ORIENTED_EDGE('',*,*,#376,.T.);
#376 = EDGE_CURVE('',#369,#377,#379,.T.);
#377 = VERTEX_POINT('',#378);
#378 = CARTESIAN_POINT('',(6.75,1.5,1.05));
#379 = CIRCLE('',#380,0.5);
#380 = AXIS2_PLACEMENT_3D('',#381,#382,#383);
#381 = CARTESIAN_POINT('',(6.25,1.5,1.05));
#382 = DIRECTION('',(0.,1.,0.));
#383 = DIRECTION('',(0.,0.,-1.));
#384 = ORIENTED_EDGE('',*,*,#385,.F.);
#385 = EDGE_CURVE('',#386,#377,#388,.T.);
#386 = VERTEX_POINT('',#387);
#387 = CARTESIAN_POINT('',(6.75,1.5,0.4));
#388 = LINE('',#389,#390);
#389 = CARTESIAN_POINT('',(6.75,1.5,0.4));
#390 = VECTOR('',#391,1.);
#391 = DIRECTION('',(1.334402673828E-15,0.,1.));
#392 = ORIENTED_EDGE('',*,*,#393,.T.);
#393 = EDGE_CURVE('',#386,#394,#396,.T.);
#394 = VERTEX_POINT('',#395);
#395 = CARTESIAN_POINT('',(6.25,1.5,-0.1));
#396 = CIRCLE('',#397,0.5);
#397 = AXIS2_PLACEMENT_3D('',#398,#399,#400);
#398 = CARTESIAN_POINT('',(6.25,1.5,0.4));
#399 = DIRECTION('',(0.,1.,0.));
#400 = DIRECTION('',(-1.,0.,1.334402673828E-15));
#401 = ORIENTED_EDGE('',*,*,#402,.F.);
#402 = EDGE_CURVE('',#54,#394,#403,.T.);
#403 = LINE('',#404,#405);
#404 = CARTESIAN_POINT('',(4.45,1.5,-1.E-01));
#405 = VECTOR('',#406,1.);
#406 = DIRECTION('',(1.,0.,0.));
#407 = ORIENTED_EDGE('',*,*,#53,.F.);
#408 = PLANE('',#409);
#409 = AXIS2_PLACEMENT_3D('',#410,#411,#412);
#410 = CARTESIAN_POINT('',(-6.25,1.5,-0.1));
#411 = DIRECTION('',(-0.,1.,0.));
#412 = DIRECTION('',(1.,0.,0.));
#413 = ADVANCED_FACE('',(#414),#430,.T.);
#414 = FACE_BOUND('',#415,.T.);
#415 = EDGE_LOOP('',(#416,#417,#423,#424));
#416 = ORIENTED_EDGE('',*,*,#100,.F.);
#417 = ORIENTED_EDGE('',*,*,#418,.F.);
#418 = EDGE_CURVE('',#386,#92,#419,.T.);
#419 = LINE('',#420,#421);
#420 = CARTESIAN_POINT('',(6.75,1.5,0.4));
#421 = VECTOR('',#422,1.);
#422 = DIRECTION('',(0.,-1.,0.));
#423 = ORIENTED_EDGE('',*,*,#385,.T.);
#424 = ORIENTED_EDGE('',*,*,#425,.T.);
#425 = EDGE_CURVE('',#377,#101,#426,.T.);
#426 = LINE('',#427,#428);
#427 = CARTESIAN_POINT('',(6.75,1.5,1.05));
#428 = VECTOR('',#429,1.);
#429 = DIRECTION('',(0.,-1.,0.));
#430 = PLANE('',#431);
#431 = AXIS2_PLACEMENT_3D('',#432,#433,#434);
#432 = CARTESIAN_POINT('',(6.75,1.5,0.4));
#433 = DIRECTION('',(1.,0.,-1.334402673828E-15));
#434 = DIRECTION('',(-1.334402673828E-15,0.,-1.));
#435 = ADVANCED_FACE('',(#436),#447,.T.);
#436 = FACE_BOUND('',#437,.T.);
#437 = EDGE_LOOP('',(#438,#439,#440,#441));
#438 = ORIENTED_EDGE('',*,*,#393,.F.);
#439 = ORIENTED_EDGE('',*,*,#418,.T.);
#440 = ORIENTED_EDGE('',*,*,#91,.F.);
#441 = ORIENTED_EDGE('',*,*,#442,.F.);
#442 = EDGE_CURVE('',#394,#84,#443,.T.);
#443 = LINE('',#444,#445);
#444 = CARTESIAN_POINT('',(6.25,1.5,-0.1));
#445 = VECTOR('',#446,1.);
#446 = DIRECTION('',(0.,-1.,0.));
#447 = CYLINDRICAL_SURFACE('',#448,0.5);
#448 = AXIS2_PLACEMENT_3D('',#449,#450,#451);
#449 = CARTESIAN_POINT('',(6.25,-1.5,0.4));
#450 = DIRECTION('',(-0.,-1.,-0.));
#451 = DIRECTION('',(-1.,0.,1.334402673828E-15));
#452 = ADVANCED_FACE('',(#453),#459,.T.);
#453 = FACE_BOUND('',#454,.T.);
#454 = EDGE_LOOP('',(#455,#456,#457,#458));
#455 = ORIENTED_EDGE('',*,*,#83,.F.);
#456 = ORIENTED_EDGE('',*,*,#61,.F.);
#457 = ORIENTED_EDGE('',*,*,#402,.T.);
#458 = ORIENTED_EDGE('',*,*,#442,.T.);
#459 = PLANE('',#460);
#460 = AXIS2_PLACEMENT_3D('',#461,#462,#463);
#461 = CARTESIAN_POINT('',(4.45,1.5,-1.E-01));
#462 = DIRECTION('',(0.,0.,-1.));
#463 = DIRECTION('',(-1.,0.,0.));
#464 = ADVANCED_FACE('',(#465),#476,.F.);
#465 = FACE_BOUND('',#466,.T.);
#466 = EDGE_LOOP('',(#467,#468,#474,#475));
#467 = ORIENTED_EDGE('',*,*,#235,.F.);
#468 = ORIENTED_EDGE('',*,*,#469,.T.);
#469 = EDGE_CURVE('',#227,#251,#470,.T.);
#470 = LINE('',#471,#472);
#471 = CARTESIAN_POINT('',(6.25,1.5,0.2));
#472 = VECTOR('',#473,1.);
#473 = DIRECTION('',(0.,1.,0.));
#474 = ORIENTED_EDGE('',*,*,#250,.T.);
#475 = ORIENTED_EDGE('',*,*,#43,.F.);
#476 = PLANE('',#477);
#477 = AXIS2_PLACEMENT_3D('',#478,#479,#480);
#478 = CARTESIAN_POINT('',(4.45,1.5,0.2));
#479 = DIRECTION('',(0.,0.,-1.));
#480 = DIRECTION('',(-1.,0.,0.));
#481 = ADVANCED_FACE('',(#482),#493,.F.);
#482 = FACE_BOUND('',#483,.F.);
#483 = EDGE_LOOP('',(#484,#490,#491,#492));
#484 = ORIENTED_EDGE('',*,*,#485,.T.);
#485 = EDGE_CURVE('',#259,#219,#486,.T.);
#486 = LINE('',#487,#488);
#487 = CARTESIAN_POINT('',(6.45,1.5,0.4));
#488 = VECTOR('',#489,1.);
#489 = DIRECTION('',(0.,-1.,0.));
#490 = ORIENTED_EDGE('',*,*,#226,.T.);
#491 = ORIENTED_EDGE('',*,*,#469,.T.);
#492 = ORIENTED_EDGE('',*,*,#258,.F.);
#493 = CYLINDRICAL_SURFACE('',#494,0.2);
#494 = AXIS2_PLACEMENT_3D('',#495,#496,#497);
#495 = CARTESIAN_POINT('',(6.25,-1.5,0.4));
#496 = DIRECTION('',(-0.,-1.,-0.));
#497 = DIRECTION('',(-1.,0.,1.334402673828E-15));
#498 = ADVANCED_FACE('',(#499),#515,.F.);
#499 = FACE_BOUND('',#500,.T.);
#500 = EDGE_LOOP('',(#501,#502,#508,#509));
#501 = ORIENTED_EDGE('',*,*,#201,.F.);
#502 = ORIENTED_EDGE('',*,*,#503,.T.);
#503 = EDGE_CURVE('',#193,#285,#504,.T.);
#504 = LINE('',#505,#506);
#505 = CARTESIAN_POINT('',(-6.25,1.5,1.25));
#506 = VECTOR('',#507,1.);
#507 = DIRECTION('',(0.,1.,0.));
#508 = ORIENTED_EDGE('',*,*,#284,.T.);
#509 = ORIENTED_EDGE('',*,*,#510,.T.);
#510 = EDGE_CURVE('',#276,#202,#511,.T.);
#511 = LINE('',#512,#513);
#512 = CARTESIAN_POINT('',(6.25,1.5,1.25));
#513 = VECTOR('',#514,1.);
#514 = DIRECTION('',(0.,-1.,0.));
#515 = PLANE('',#516);
#516 = AXIS2_PLACEMENT_3D('',#517,#518,#519);
#517 = CARTESIAN_POINT('',(-6.25,1.5,1.25));
#518 = DIRECTION('',(0.,0.,1.));
#519 = DIRECTION('',(1.,0.,-0.));
#520 = ADVANCED_FACE('',(#521),#532,.F.);
#521 = FACE_BOUND('',#522,.F.);
#522 = EDGE_LOOP('',(#523,#524,#525,#531));
#523 = ORIENTED_EDGE('',*,*,#510,.T.);
#524 = ORIENTED_EDGE('',*,*,#209,.T.);
#525 = ORIENTED_EDGE('',*,*,#526,.T.);
#526 = EDGE_CURVE('',#210,#268,#527,.T.);
#527 = LINE('',#528,#529);
#528 = CARTESIAN_POINT('',(6.45,1.5,1.05));
#529 = VECTOR('',#530,1.);
#530 = DIRECTION('',(0.,1.,0.));
#531 = ORIENTED_EDGE('',*,*,#275,.F.);
#532 = CYLINDRICAL_SURFACE('',#533,0.2);
#533 = AXIS2_PLACEMENT_3D('',#534,#535,#536);
#534 = CARTESIAN_POINT('',(6.25,-1.5,1.05));
#535 = DIRECTION('',(-0.,-1.,-0.));
#536 = DIRECTION('',(0.,0.,-1.));
#537 = ADVANCED_FACE('',(#538),#544,.F.);
#538 = FACE_BOUND('',#539,.T.);
#539 = EDGE_LOOP('',(#540,#541,#542,#543));
#540 = ORIENTED_EDGE('',*,*,#218,.F.);
#541 = ORIENTED_EDGE('',*,*,#526,.T.);
#542 = ORIENTED_EDGE('',*,*,#267,.T.);
#543 = ORIENTED_EDGE('',*,*,#485,.T.);
#544 = PLANE('',#545);
#545 = AXIS2_PLACEMENT_3D('',#546,#547,#548);
#546 = CARTESIAN_POINT('',(6.45,1.5,0.4));
#547 = DIRECTION('',(1.,0.,-1.334402673828E-15));
#548 = DIRECTION('',(-1.334402673828E-15,0.,-1.));
#549 = ADVANCED_FACE('',(#550),#561,.T.);
#550 = FACE_BOUND('',#551,.T.);
#551 = EDGE_LOOP('',(#552,#553,#559,#560));
#552 = ORIENTED_EDGE('',*,*,#376,.F.);
#553 = ORIENTED_EDGE('',*,*,#554,.T.);
#554 = EDGE_CURVE('',#369,#109,#555,.T.);
#555 = LINE('',#556,#557);
#556 = CARTESIAN_POINT('',(6.25,1.5,1.55));
#557 = VECTOR('',#558,1.);
#558 = DIRECTION('',(0.,-1.,0.));
#559 = ORIENTED_EDGE('',*,*,#108,.F.);
#560 = ORIENTED_EDGE('',*,*,#425,.F.);
#561 = CYLINDRICAL_SURFACE('',#562,0.5);
#562 = AXIS2_PLACEMENT_3D('',#563,#564,#565);
#563 = CARTESIAN_POINT('',(6.25,-1.5,1.05));
#564 = DIRECTION('',(-0.,-1.,-0.));
#565 = DIRECTION('',(0.,0.,-1.));
#566 = ADVANCED_FACE('',(#567),#578,.F.);
#567 = FACE_BOUND('',#568,.F.);
#568 = EDGE_LOOP('',(#569,#575,#576,#577));
#569 = ORIENTED_EDGE('',*,*,#570,.T.);
#570 = EDGE_CURVE('',#293,#185,#571,.T.);
#571 = LINE('',#572,#573);
#572 = CARTESIAN_POINT('',(-6.45,1.5,1.05));
#573 = VECTOR('',#574,1.);
#574 = DIRECTION('',(0.,-1.,0.));
#575 = ORIENTED_EDGE('',*,*,#192,.F.);
#576 = ORIENTED_EDGE('',*,*,#503,.T.);
#577 = ORIENTED_EDGE('',*,*,#292,.T.);
#578 = CYLINDRICAL_SURFACE('',#579,0.2);
#579 = AXIS2_PLACEMENT_3D('',#580,#581,#582);
#580 = CARTESIAN_POINT('',(-6.25,1.5,1.05));
#581 = DIRECTION('',(-0.,1.,-0.));
#582 = DIRECTION('',(0.,0.,-1.));
#583 = ADVANCED_FACE('',(#584),#595,.F.);
#584 = FACE_BOUND('',#585,.T.);
#585 = EDGE_LOOP('',(#586,#587,#593,#594));
#586 = ORIENTED_EDGE('',*,*,#184,.F.);
#587 = ORIENTED_EDGE('',*,*,#588,.T.);
#588 = EDGE_CURVE('',#176,#302,#589,.T.);
#589 = LINE('',#590,#591);
#590 = CARTESIAN_POINT('',(-6.45,1.5,0.4));
#591 = VECTOR('',#592,1.);
#592 = DIRECTION('',(0.,1.,0.));
#593 = ORIENTED_EDGE('',*,*,#301,.T.);
#594 = ORIENTED_EDGE('',*,*,#570,.T.);
#595 = PLANE('',#596);
#596 = AXIS2_PLACEMENT_3D('',#597,#598,#599);
#597 = CARTESIAN_POINT('',(-6.45,1.5,1.05));
#598 = DIRECTION('',(-1.,0.,-1.334402673828E-15));
#599 = DIRECTION('',(-1.334402673828E-15,0.,1.));
#600 = ADVANCED_FACE('',(#601),#612,.F.);
#601 = FACE_BOUND('',#602,.F.);
#602 = EDGE_LOOP('',(#603,#609,#610,#611));
#603 = ORIENTED_EDGE('',*,*,#604,.T.);
#604 = EDGE_CURVE('',#310,#168,#605,.T.);
#605 = LINE('',#606,#607);
#606 = CARTESIAN_POINT('',(-6.25,1.5,0.2));
#607 = VECTOR('',#608,1.);
#608 = DIRECTION('',(0.,-1.,0.));
#609 = ORIENTED_EDGE('',*,*,#175,.F.);
#610 = ORIENTED_EDGE('',*,*,#588,.T.);
#611 = ORIENTED_EDGE('',*,*,#309,.T.);
#612 = CYLINDRICAL_SURFACE('',#613,0.2);
#613 = AXIS2_PLACEMENT_3D('',#614,#615,#616);
#614 = CARTESIAN_POINT('',(-6.25,1.5,0.4));
#615 = DIRECTION('',(-0.,1.,-0.));
#616 = DIRECTION('',(1.,0.,1.334402673828E-15));
#617 = ADVANCED_FACE('',(#618),#629,.F.);
#618 = FACE_BOUND('',#619,.T.);
#619 = EDGE_LOOP('',(#620,#621,#627,#628));
#620 = ORIENTED_EDGE('',*,*,#167,.F.);
#621 = ORIENTED_EDGE('',*,*,#622,.T.);
#622 = EDGE_CURVE('',#160,#319,#623,.T.);
#623 = LINE('',#624,#625);
#624 = CARTESIAN_POINT('',(-4.45,1.5,0.2));
#625 = VECTOR('',#626,1.);
#626 = DIRECTION('',(0.,1.,0.));
#627 = ORIENTED_EDGE('',*,*,#318,.T.);
#628 = ORIENTED_EDGE('',*,*,#604,.T.);
#629 = PLANE('',#630);
#630 = AXIS2_PLACEMENT_3D('',#631,#632,#633);
#631 = CARTESIAN_POINT('',(-6.25,1.5,0.2));
#632 = DIRECTION('',(0.,0.,-1.));
#633 = DIRECTION('',(-1.,0.,0.));
#634 = ADVANCED_FACE('',(#635),#646,.T.);
#635 = FACE_BOUND('',#636,.T.);
#636 = EDGE_LOOP('',(#637,#638,#639,#640));
#637 = ORIENTED_EDGE('',*,*,#326,.F.);
#638 = ORIENTED_EDGE('',*,*,#622,.F.);
#639 = ORIENTED_EDGE('',*,*,#159,.T.);
#640 = ORIENTED_EDGE('',*,*,#641,.F.);
#641 = EDGE_CURVE('',#327,#152,#642,.T.);
#642 = LINE('',#643,#644);
#643 = CARTESIAN_POINT('',(-4.45,1.5,-1.E-01));
#644 = VECTOR('',#645,1.);
#645 = DIRECTION('',(0.,-1.,0.));
#646 = PLANE('',#647);
#647 = AXIS2_PLACEMENT_3D('',#648,#649,#650);
#648 = CARTESIAN_POINT('',(-4.45,1.5,-1.E-01));
#649 = DIRECTION('',(1.,0.,0.));
#650 = DIRECTION('',(0.,-1.,0.));
#651 = ADVANCED_FACE('',(#652),#663,.T.);
#652 = FACE_BOUND('',#653,.T.);
#653 = EDGE_LOOP('',(#654,#655,#661,#662));
#654 = ORIENTED_EDGE('',*,*,#151,.F.);
#655 = ORIENTED_EDGE('',*,*,#656,.F.);
#656 = EDGE_CURVE('',#335,#143,#657,.T.);
#657 = LINE('',#658,#659);
#658 = CARTESIAN_POINT('',(-6.25,1.5,-0.1));
#659 = VECTOR('',#660,1.);
#660 = DIRECTION('',(0.,-1.,0.));
#661 = ORIENTED_EDGE('',*,*,#334,.T.);
#662 = ORIENTED_EDGE('',*,*,#641,.T.);
#663 = PLANE('',#664);
#664 = AXIS2_PLACEMENT_3D('',#665,#666,#667);
#665 = CARTESIAN_POINT('',(-6.25,1.5,-0.1));
#666 = DIRECTION('',(0.,0.,-1.));
#667 = DIRECTION('',(-1.,0.,0.));
#668 = ADVANCED_FACE('',(#669),#680,.T.);
#669 = FACE_BOUND('',#670,.T.);
#670 = EDGE_LOOP('',(#671,#672,#673,#674));
#671 = ORIENTED_EDGE('',*,*,#342,.F.);
#672 = ORIENTED_EDGE('',*,*,#656,.T.);
#673 = ORIENTED_EDGE('',*,*,#142,.F.);
#674 = ORIENTED_EDGE('',*,*,#675,.F.);
#675 = EDGE_CURVE('',#343,#135,#676,.T.);
#676 = LINE('',#677,#678);
#677 = CARTESIAN_POINT('',(-6.75,1.5,0.4));
#678 = VECTOR('',#679,1.);
#679 = DIRECTION('',(0.,-1.,0.));
#680 = CYLINDRICAL_SURFACE('',#681,0.5);
#681 = AXIS2_PLACEMENT_3D('',#682,#683,#684);
#682 = CARTESIAN_POINT('',(-6.25,1.5,0.4));
#683 = DIRECTION('',(-0.,1.,-0.));
#684 = DIRECTION('',(1.,0.,1.334402673828E-15));
#685 = ADVANCED_FACE('',(#686),#697,.T.);
#686 = FACE_BOUND('',#687,.T.);
#687 = EDGE_LOOP('',(#688,#689,#695,#696));
#688 = ORIENTED_EDGE('',*,*,#134,.F.);
#689 = ORIENTED_EDGE('',*,*,#690,.F.);
#690 = EDGE_CURVE('',#352,#126,#691,.T.);
#691 = LINE('',#692,#693);
#692 = CARTESIAN_POINT('',(-6.75,1.5,1.05));
#693 = VECTOR('',#694,1.);
#694 = DIRECTION('',(0.,-1.,0.));
#695 = ORIENTED_EDGE('',*,*,#351,.T.);
#696 = ORIENTED_EDGE('',*,*,#675,.T.);
#697 = PLANE('',#698);
#698 = AXIS2_PLACEMENT_3D('',#699,#700,#701);
#699 = CARTESIAN_POINT('',(-6.75,1.5,1.05));
#700 = DIRECTION('',(-1.,0.,-1.334402673828E-15));
#701 = DIRECTION('',(-1.334402673828E-15,0.,1.));
#702 = ADVANCED_FACE('',(#703),#714,.T.);
#703 = FACE_BOUND('',#704,.T.);
#704 = EDGE_LOOP('',(#705,#706,#707,#708));
#705 = ORIENTED_EDGE('',*,*,#359,.F.);
#706 = ORIENTED_EDGE('',*,*,#690,.T.);
#707 = ORIENTED_EDGE('',*,*,#125,.F.);
#708 = ORIENTED_EDGE('',*,*,#709,.F.);
#709 = EDGE_CURVE('',#360,#118,#710,.T.);
#710 = LINE('',#711,#712);
#711 = CARTESIAN_POINT('',(-6.25,1.5,1.55));
#712 = VECTOR('',#713,1.);
#713 = DIRECTION('',(0.,-1.,0.));
#714 = CYLINDRICAL_SURFACE('',#715,0.5);
#715 = AXIS2_PLACEMENT_3D('',#716,#717,#718);
#716 = CARTESIAN_POINT('',(-6.25,1.5,1.05));
#717 = DIRECTION('',(-0.,1.,-0.));
#718 = DIRECTION('',(0.,0.,-1.));
#719 = ADVANCED_FACE('',(#720),#726,.T.);
#720 = FACE_BOUND('',#721,.T.);
#721 = EDGE_LOOP('',(#722,#723,#724,#725));
#722 = ORIENTED_EDGE('',*,*,#117,.F.);
#723 = ORIENTED_EDGE('',*,*,#554,.F.);
#724 = ORIENTED_EDGE('',*,*,#368,.T.);
#725 = ORIENTED_EDGE('',*,*,#709,.T.);
#726 = PLANE('',#727);
#727 = AXIS2_PLACEMENT_3D('',#728,#729,#730);
#728 = CARTESIAN_POINT('',(-6.25,1.5,1.55));
#729 = DIRECTION('',(0.,0.,1.));
#730 = DIRECTION('',(1.,0.,-0.));
#731 = ( GEOMETRIC_REPRESENTATION_CONTEXT(3) 
GLOBAL_UNCERTAINTY_ASSIGNED_CONTEXT((#735)) GLOBAL_UNIT_ASSIGNED_CONTEXT
((#732,#733,#734)) REPRESENTATION_CONTEXT('Context #1',
  '3D Context with UNIT and UNCERTAINTY') );
#732 = ( LENGTH_UNIT() NAMED_UNIT(*) SI_UNIT(.MILLI.,.METRE.) );
#733 = ( NAMED_UNIT(*) PLANE_ANGLE_UNIT() SI_UNIT($,.RADIAN.) );
#734 = ( NAMED_UNIT(*) SI_UNIT($,.STERADIAN.) SOLID_ANGLE_UNIT() );
#735 = UNCERTAINTY_MEASURE_WITH_UNIT(LENGTH_MEASURE(1.E-07),#732,
  'distance_accuracy_value','confusion accuracy');
#736 = CONTEXT_DEPENDENT_SHAPE_REPRESENTATION(#737,#739);
#737 = ( REPRESENTATION_RELATIONSHIP('','',#36,#10) 
REPRESENTATION_RELATIONSHIP_WITH_TRANSFORMATION(#738) 
SHAPE_REPRESENTATION_RELATIONSHIP() );
#738 = ITEM_DEFINED_TRANSFORMATION('','',#11,#15);
#739 = PRODUCT_DEFINITION_SHAPE('Placement','Placement of an item',#740
  );
#740 = NEXT_ASSEMBLY_USAGE_OCCURRENCE('15','=>[0:1:1:1]','',#5,#31,$);
#741 = PRODUCT_RELATED_PRODUCT_CATEGORY('part',$,(#33));
#742 = SHAPE_DEFINITION_REPRESENTATION(#743,#749);
#743 = PRODUCT_DEFINITION_SHAPE('','',#744);
#744 = PRODUCT_DEFINITION('design','',#745,#748);
#745 = PRODUCT_DEFINITION_FORMATION('','',#746);
#746 = PRODUCT('base','base','',(#747));
#747 = PRODUCT_CONTEXT('',#2,'mechanical');
#748 = PRODUCT_DEFINITION_CONTEXT('part definition',#2,'design');
#749 = ADVANCED_BREP_SHAPE_REPRESENTATION('',(#11,#750),#4358);
#750 = MANIFOLD_SOLID_BREP('',#751);
#751 = CLOSED_SHELL('',(#752,#1439,#1470,#1502,#1527,#1622,#1661,#1678,
    #1703,#1720,#1745,#1762,#1783,#1834,#1859,#1884,#1909,#1945,#1967,
    #1984,#2001,#2013,#2049,#2071,#2088,#2105,#2117,#2216,#2238,#2255,
    #2272,#2289,#2306,#2323,#2340,#2357,#2374,#2391,#2408,#2425,#2437,
    #2524,#2546,#2563,#2580,#2602,#2619,#2682,#2707,#2732,#2774,#2894,
    #2927,#2949,#2966,#2983,#3000,#3017,#3034,#3051,#3068,#3085,#3102,
    #3119,#3136,#3153,#3170,#3187,#3199,#3241,#3283,#3325,#3367,#3405,
    #3443,#3467,#3491,#3508,#3525,#3637,#3668,#3685,#3725,#3737,#3764,
    #3781,#3854,#3863,#3885,#3910,#3932,#3960,#3978,#3996,#4014,#4031,
    #4048,#4065,#4082,#4094,#4106,#4157,#4174,#4191,#4208,#4228,#4253,
    #4265,#4290,#4321,#4338));
#752 = ADVANCED_FACE('',(#753,#843,#930,#960,#990,#1083,#1164,#1250,
    #1320),#1434,.T.);
#753 = FACE_BOUND('',#754,.T.);
#754 = EDGE_LOOP('',(#755,#766,#775,#789,#798,#812,#821,#836));
#755 = ORIENTED_EDGE('',*,*,#756,.F.);
#756 = EDGE_CURVE('',#757,#759,#761,.T.);
#757 = VERTEX_POINT('',#758);
#758 = CARTESIAN_POINT('',(4.540163934426,0.915573770492,3.2));
#759 = VERTEX_POINT('',#760);
#760 = CARTESIAN_POINT('',(4.540163934426,0.630327868852,3.2));
#761 = B_SPLINE_CURVE_WITH_KNOTS('',3,(#762,#763,#764,#765),
  .UNSPECIFIED.,.F.,.F.,(4,4),(0.969765151352,1.),
  .PIECEWISE_BEZIER_KNOTS.);
#762 = CARTESIAN_POINT('',(4.540163934426,0.915573770492,3.2));
#763 = CARTESIAN_POINT('',(4.540163934426,0.820491803279,3.2));
#764 = CARTESIAN_POINT('',(4.540163934426,0.725409836066,3.2));
#765 = CARTESIAN_POINT('',(4.540163934426,0.630327868852,3.2));
#766 = ORIENTED_EDGE('',*,*,#767,.F.);
#767 = EDGE_CURVE('',#768,#757,#770,.T.);
#768 = VERTEX_POINT('',#769);
#769 = CARTESIAN_POINT('',(4.730327868852,0.915573770492,3.2));
#770 = B_SPLINE_CURVE_WITH_KNOTS('',3,(#771,#772,#773,#774),
  .UNSPECIFIED.,.F.,.F.,(4,4),(0.949608585586,0.969765151352),
  .PIECEWISE_BEZIER_KNOTS.);
#771 = CARTESIAN_POINT('',(4.730327868852,0.915573770492,3.2));
#772 = CARTESIAN_POINT('',(4.66693989071,0.915573770492,3.2));
#773 = CARTESIAN_POINT('',(4.603551912568,0.915573770492,3.2));
#774 = CARTESIAN_POINT('',(4.540163934426,0.915573770492,3.2));
#775 = ORIENTED_EDGE('',*,*,#776,.F.);
#776 = EDGE_CURVE('',#777,#768,#779,.T.);
#777 = VERTEX_POINT('',#778);
#778 = CARTESIAN_POINT('',(3.586065573771,-1.099180327869,3.2));
#779 = B_SPLINE_CURVE_WITH_KNOTS('',3,(#780,#781,#782,#783,#784,#785,
    #786,#787,#788),.UNSPECIFIED.,.F.,.F.,(4,2,3,4),(0.56752039684,
    0.661078865889,0.769589601681,0.949608585586),.UNSPECIFIED.);
#780 = CARTESIAN_POINT('',(3.586065573771,-1.099180327869,3.2));
#781 = CARTESIAN_POINT('',(3.589344262295,-1.358196721311,3.2));
#782 = CARTESIAN_POINT('',(3.77131147541,-1.545081967213,3.2));
#783 = CARTESIAN_POINT('',(4.546721311475,-1.545081967213,3.2));
#784 = CARTESIAN_POINT('',(4.730327868852,-1.289344262295,3.2));
#785 = CARTESIAN_POINT('',(4.730327868852,-0.782786885246,3.2));
#786 = CARTESIAN_POINT('',(4.730327868852,-0.216666666667,3.2));
#787 = CARTESIAN_POINT('',(4.730327868852,0.349453551913,3.2));
#788 = CARTESIAN_POINT('',(4.730327868852,0.915573770492,3.2));
#789 = ORIENTED_EDGE('',*,*,#790,.F.);
#790 = EDGE_CURVE('',#791,#777,#793,.T.);
#791 = VERTEX_POINT('',#792);
#792 = CARTESIAN_POINT('',(3.79262295082,-1.099180327869,3.2));
#793 = B_SPLINE_CURVE_WITH_KNOTS('',3,(#794,#795,#796,#797),
  .UNSPECIFIED.,.F.,.F.,(4,4),(0.545626196095,0.56752039684),
  .PIECEWISE_BEZIER_KNOTS.);
#794 = CARTESIAN_POINT('',(3.79262295082,-1.099180327869,3.2));
#795 = CARTESIAN_POINT('',(3.723770491803,-1.099180327869,3.2));
#796 = CARTESIAN_POINT('',(3.654918032787,-1.099180327869,3.2));
#797 = CARTESIAN_POINT('',(3.586065573771,-1.099180327869,3.2));
#798 = ORIENTED_EDGE('',*,*,#799,.F.);
#799 = EDGE_CURVE('',#800,#791,#802,.T.);
#800 = VERTEX_POINT('',#801);
#801 = CARTESIAN_POINT('',(4.523770491803,-0.58606557377,3.2));
#802 = B_SPLINE_CURVE_WITH_KNOTS('',3,(#803,#804,#805,#806,#807,#808,
    #809,#810,#811),.UNSPECIFIED.,.F.,.F.,(4,3,2,4),(0.38708352353,
    0.417839662672,0.492100516057,0.545626196095),.UNSPECIFIED.);
#803 = CARTESIAN_POINT('',(4.523770491803,-0.58606557377,3.2));
#804 = CARTESIAN_POINT('',(4.523770491803,-0.682786885246,3.2));
#805 = CARTESIAN_POINT('',(4.523770491803,-0.779508196721,3.2));
#806 = CARTESIAN_POINT('',(4.523770491803,-0.876229508197,3.2));
#807 = CARTESIAN_POINT('',(4.523770491803,-1.200819672131,3.2));
#808 = CARTESIAN_POINT('',(4.389344262295,-1.37131147541,3.2));
#809 = CARTESIAN_POINT('',(3.954918032787,-1.37131147541,3.2));
#810 = CARTESIAN_POINT('',(3.79262295082,-1.272950819672,3.2));
#811 = CARTESIAN_POINT('',(3.79262295082,-1.099180327869,3.2));
#812 = ORIENTED_EDGE('',*,*,#813,.F.);
#813 = EDGE_CURVE('',#814,#800,#816,.T.);
#814 = VERTEX_POINT('',#815);
#815 = CARTESIAN_POINT('',(4.512295081967,-0.58606557377,3.2));
#816 = B_SPLINE_CURVE_WITH_KNOTS('',3,(#817,#818,#819,#820),
  .UNSPECIFIED.,.F.,.F.,(4,4),(0.385867179044,0.38708352353),
  .PIECEWISE_BEZIER_KNOTS.);
#817 = CARTESIAN_POINT('',(4.512295081967,-0.58606557377,3.2));
#818 = CARTESIAN_POINT('',(4.516120218579,-0.58606557377,3.2));
#819 = CARTESIAN_POINT('',(4.519945355191,-0.58606557377,3.2));
#820 = CARTESIAN_POINT('',(4.523770491803,-0.58606557377,3.2));
#821 = ORIENTED_EDGE('',*,*,#822,.F.);
#822 = EDGE_CURVE('',#823,#814,#825,.T.);
#823 = VERTEX_POINT('',#824);
#824 = CARTESIAN_POINT('',(4.533606557377,0.630327868852,3.2));
#825 = B_SPLINE_CURVE_WITH_KNOTS('',3,(#826,#827,#828,#829,#830,#831,
    #832,#833,#834,#835),.UNSPECIFIED.,.F.,.F.,(4,2,2,2,4),(
    6.950539919117E-04,5.744477453301E-02,0.169113579469,0.298718824575,
    0.385867179044),.UNSPECIFIED.);
#826 = CARTESIAN_POINT('',(4.533606557377,0.630327868852,3.2));
#827 = CARTESIAN_POINT('',(4.468032786885,0.836885245902,3.2));
#828 = CARTESIAN_POINT('',(4.310655737705,0.954918032787,3.2));
#829 = CARTESIAN_POINT('',(3.70737704918,0.954918032787,3.2));
#830 = CARTESIAN_POINT('',(3.523770491803,0.635245901639,3.2));
#831 = CARTESIAN_POINT('',(3.523770491803,-0.731967213115,3.2));
#832 = CARTESIAN_POINT('',(3.802459016393,-0.91393442623,3.2));
#833 = CARTESIAN_POINT('',(4.279508196721,-0.91393442623,3.2));
#834 = CARTESIAN_POINT('',(4.448360655738,-0.810655737705,3.2));
#835 = CARTESIAN_POINT('',(4.512295081967,-0.58606557377,3.2));
#836 = ORIENTED_EDGE('',*,*,#837,.F.);
#837 = EDGE_CURVE('',#759,#823,#838,.T.);
#838 = B_SPLINE_CURVE_WITH_KNOTS('',3,(#839,#840,#841,#842),
  .UNSPECIFIED.,.F.,.F.,(4,4),(0.,6.950539919117E-04),
  .PIECEWISE_BEZIER_KNOTS.);
#839 = CARTESIAN_POINT('',(4.540163934426,0.630327868852,3.2));
#840 = CARTESIAN_POINT('',(4.537978142076,0.630327868852,3.2));
#841 = CARTESIAN_POINT('',(4.535792349727,0.630327868852,3.2));
#842 = CARTESIAN_POINT('',(4.533606557377,0.630327868852,3.2));
#843 = FACE_BOUND('',#844,.T.);
#844 = EDGE_LOOP('',(#845,#856,#865,#874,#883,#897,#906,#923));
#845 = ORIENTED_EDGE('',*,*,#846,.F.);
#846 = EDGE_CURVE('',#847,#849,#851,.T.);
#847 = VERTEX_POINT('',#848);
#848 = CARTESIAN_POINT('',(2.072950819672,0.915573770492,3.2));
#849 = VERTEX_POINT('',#850);
#850 = CARTESIAN_POINT('',(2.072950819672,-0.91393442623,3.2));
#851 = B_SPLINE_CURVE_WITH_KNOTS('',3,(#852,#853,#854,#855),
  .UNSPECIFIED.,.F.,.F.,(4,4),(0.801909699791,1.),
  .PIECEWISE_BEZIER_KNOTS.);
#852 = CARTESIAN_POINT('',(2.072950819672,0.915573770492,3.2));
#853 = CARTESIAN_POINT('',(2.072950819672,0.305737704918,3.2));
#854 = CARTESIAN_POINT('',(2.072950819672,-0.304098360656,3.2));
#855 = CARTESIAN_POINT('',(2.072950819672,-0.91393442623,3.2));
#856 = ORIENTED_EDGE('',*,*,#857,.F.);
#857 = EDGE_CURVE('',#858,#847,#860,.T.);
#858 = VERTEX_POINT('',#859);
#859 = CARTESIAN_POINT('',(2.258196721311,0.915573770492,3.2));
#860 = B_SPLINE_CURVE_WITH_KNOTS('',3,(#861,#862,#863,#864),
  .UNSPECIFIED.,.F.,.F.,(4,4),(0.781852169394,0.801909699791),
  .PIECEWISE_BEZIER_KNOTS.);
#861 = CARTESIAN_POINT('',(2.258196721311,0.915573770492,3.2));
#862 = CARTESIAN_POINT('',(2.196448087432,0.915573770492,3.2));
#863 = CARTESIAN_POINT('',(2.134699453552,0.915573770492,3.2));
#864 = CARTESIAN_POINT('',(2.072950819672,0.915573770492,3.2));
#865 = ORIENTED_EDGE('',*,*,#866,.F.);
#866 = EDGE_CURVE('',#867,#858,#869,.T.);
#867 = VERTEX_POINT('',#868);
#868 = CARTESIAN_POINT('',(2.258196721311,0.659836065574,3.2));
#869 = B_SPLINE_CURVE_WITH_KNOTS('',3,(#870,#871,#872,#873),
  .UNSPECIFIED.,.F.,.F.,(4,4),(0.754162127429,0.781852169394),
  .PIECEWISE_BEZIER_KNOTS.);
#870 = CARTESIAN_POINT('',(2.258196721311,0.659836065574,3.2));
#871 = CARTESIAN_POINT('',(2.258196721311,0.745081967213,3.2));
#872 = CARTESIAN_POINT('',(2.258196721311,0.830327868852,3.2));
#873 = CARTESIAN_POINT('',(2.258196721311,0.915573770492,3.2));
#874 = ORIENTED_EDGE('',*,*,#875,.F.);
#875 = EDGE_CURVE('',#876,#867,#878,.T.);
#876 = VERTEX_POINT('',#877);
#877 = CARTESIAN_POINT('',(2.264754098361,0.658196721311,3.2));
#878 = B_SPLINE_CURVE_WITH_KNOTS('',3,(#879,#880,#881,#882),
  .UNSPECIFIED.,.F.,.F.,(4,4),(0.753430275072,0.754162127429),
  .PIECEWISE_BEZIER_KNOTS.);
#879 = CARTESIAN_POINT('',(2.264754098361,0.658196721311,3.2));
#880 = CARTESIAN_POINT('',(2.262568306011,0.658743169399,3.2));
#881 = CARTESIAN_POINT('',(2.260382513661,0.659289617486,3.2));
#882 = CARTESIAN_POINT('',(2.258196721311,0.659836065574,3.2));
#883 = ORIENTED_EDGE('',*,*,#884,.F.);
#884 = EDGE_CURVE('',#885,#876,#887,.T.);
#885 = VERTEX_POINT('',#886);
#886 = CARTESIAN_POINT('',(3.202459016393,-0.91393442623,3.2));
#887 = B_SPLINE_CURVE_WITH_KNOTS('',3,(#888,#889,#890,#891,#892,#893,
    #894,#895,#896),.UNSPECIFIED.,.F.,.F.,(4,3,2,4),(0.456811112161,
    0.606266338663,0.694048335819,0.753430275072),.UNSPECIFIED.);
#888 = CARTESIAN_POINT('',(3.202459016393,-0.91393442623,3.2));
#889 = CARTESIAN_POINT('',(3.202459016393,-0.453825136612,3.2));
#890 = CARTESIAN_POINT('',(3.202459016393,6.284153005464E-03,3.2));
#891 = CARTESIAN_POINT('',(3.202459016393,0.466393442623,3.2));
#892 = CARTESIAN_POINT('',(3.202459016393,0.810655737705,3.2));
#893 = CARTESIAN_POINT('',(3.012295081967,0.954918032787,3.2));
#894 = CARTESIAN_POINT('',(2.545081967213,0.954918032787,3.2));
#895 = CARTESIAN_POINT('',(2.372950819672,0.864754098361,3.2));
#896 = CARTESIAN_POINT('',(2.264754098361,0.658196721311,3.2));
#897 = ORIENTED_EDGE('',*,*,#898,.F.);
#898 = EDGE_CURVE('',#899,#885,#901,.T.);
#899 = VERTEX_POINT('',#900);
#900 = CARTESIAN_POINT('',(2.995901639344,-0.91393442623,3.2));
#901 = B_SPLINE_CURVE_WITH_KNOTS('',3,(#902,#903,#904,#905),
  .UNSPECIFIED.,.F.,.F.,(4,4),(0.434446078267,0.456811112161),
  .PIECEWISE_BEZIER_KNOTS.);
#902 = CARTESIAN_POINT('',(2.995901639344,-0.91393442623,3.2));
#903 = CARTESIAN_POINT('',(3.064754098361,-0.91393442623,3.2));
#904 = CARTESIAN_POINT('',(3.133606557377,-0.91393442623,3.2));
#905 = CARTESIAN_POINT('',(3.202459016393,-0.91393442623,3.2));
#906 = ORIENTED_EDGE('',*,*,#907,.F.);
#907 = EDGE_CURVE('',#908,#899,#910,.T.);
#908 = VERTEX_POINT('',#909);
#909 = CARTESIAN_POINT('',(2.279508196721,-0.91393442623,3.2));
#910 = B_SPLINE_CURVE_WITH_KNOTS('',3,(#911,#912,#913,#914,#915,#916,
    #917,#918,#919,#920,#921,#922),.UNSPECIFIED.,.F.,.F.,(4,3,2,3,4),(
    2.236503389453E-02,0.155312735379,0.228504615467,0.291380861449,
    0.434446078267),.UNSPECIFIED.);
#911 = CARTESIAN_POINT('',(2.279508196721,-0.91393442623,3.2));
#912 = CARTESIAN_POINT('',(2.279508196721,-0.504644808743,3.2));
#913 = CARTESIAN_POINT('',(2.279508196721,-9.535519125683E-02,3.2));
#914 = CARTESIAN_POINT('',(2.279508196721,0.31393442623,3.2));
#915 = CARTESIAN_POINT('',(2.279508196721,0.599180327869,3.2));
#916 = CARTESIAN_POINT('',(2.438524590164,0.782786885246,3.2));
#917 = CARTESIAN_POINT('',(2.89262295082,0.782786885246,3.2));
#918 = CARTESIAN_POINT('',(2.995901639344,0.658196721311,3.2));
#919 = CARTESIAN_POINT('',(2.995901639344,0.40737704918,3.2));
#920 = CARTESIAN_POINT('',(2.995901639344,-3.306010928962E-02,3.2));
#921 = CARTESIAN_POINT('',(2.995901639344,-0.47349726776,3.2));
#922 = CARTESIAN_POINT('',(2.995901639344,-0.91393442623,3.2));
#923 = ORIENTED_EDGE('',*,*,#924,.F.);
#924 = EDGE_CURVE('',#849,#908,#925,.T.);
#925 = B_SPLINE_CURVE_WITH_KNOTS('',3,(#926,#927,#928,#929),
  .UNSPECIFIED.,.F.,.F.,(4,4),(0.,2.236503389453E-02),
  .PIECEWISE_BEZIER_KNOTS.);
#926 = CARTESIAN_POINT('',(2.072950819672,-0.91393442623,3.2));
#927 = CARTESIAN_POINT('',(2.141803278689,-0.91393442623,3.2));
#928 = CARTESIAN_POINT('',(2.210655737705,-0.91393442623,3.2));
#929 = CARTESIAN_POINT('',(2.279508196721,-0.91393442623,3.2));
#930 = FACE_BOUND('',#931,.T.);
#931 = EDGE_LOOP('',(#932,#941,#948,#955));
#932 = ORIENTED_EDGE('',*,*,#933,.F.);
#933 = EDGE_CURVE('',#934,#936,#938,.T.);
#934 = VERTEX_POINT('',#935);
#935 = CARTESIAN_POINT('',(1.45,0.915573770492,3.2));
#936 = VERTEX_POINT('',#937);
#937 = CARTESIAN_POINT('',(1.45,-0.91393442623,3.2));
#938 = B_SPLINE_CURVE_WITH_KNOTS('',1,(#939,#940),.UNSPECIFIED.,.F.,.F.,
  (2,2),(0.55108608206,1.),.PIECEWISE_BEZIER_KNOTS.);
#939 = CARTESIAN_POINT('',(1.45,0.915573770492,3.2));
#940 = CARTESIAN_POINT('',(1.45,-0.91393442623,3.2));
#941 = ORIENTED_EDGE('',*,*,#942,.F.);
#942 = EDGE_CURVE('',#943,#934,#945,.T.);
#943 = VERTEX_POINT('',#944);
#944 = CARTESIAN_POINT('',(1.658196721311,0.915573770492,3.2));
#945 = B_SPLINE_CURVE_WITH_KNOTS('',1,(#946,#947),.UNSPECIFIED.,.F.,.F.,
  (2,2),(0.5,0.55108608206),.PIECEWISE_BEZIER_KNOTS.);
#946 = CARTESIAN_POINT('',(1.658196721311,0.915573770492,3.2));
#947 = CARTESIAN_POINT('',(1.45,0.915573770492,3.2));
#948 = ORIENTED_EDGE('',*,*,#949,.F.);
#949 = EDGE_CURVE('',#950,#943,#952,.T.);
#950 = VERTEX_POINT('',#951);
#951 = CARTESIAN_POINT('',(1.658196721311,-0.91393442623,3.2));
#952 = B_SPLINE_CURVE_WITH_KNOTS('',1,(#953,#954),.UNSPECIFIED.,.F.,.F.,
  (2,2),(5.108608205953E-02,0.5),.PIECEWISE_BEZIER_KNOTS.);
#953 = CARTESIAN_POINT('',(1.658196721311,-0.91393442623,3.2));
#954 = CARTESIAN_POINT('',(1.658196721311,0.915573770492,3.2));
#955 = ORIENTED_EDGE('',*,*,#956,.F.);
#956 = EDGE_CURVE('',#936,#950,#957,.T.);
#957 = B_SPLINE_CURVE_WITH_KNOTS('',1,(#958,#959),.UNSPECIFIED.,.F.,.F.,
  (2,2),(0.,5.108608205953E-02),.PIECEWISE_BEZIER_KNOTS.);
#958 = CARTESIAN_POINT('',(1.45,-0.91393442623,3.2));
#959 = CARTESIAN_POINT('',(1.658196721311,-0.91393442623,3.2));
#960 = FACE_BOUND('',#961,.T.);
#961 = EDGE_LOOP('',(#962,#971,#978,#985));
#962 = ORIENTED_EDGE('',*,*,#963,.F.);
#963 = EDGE_CURVE('',#964,#966,#968,.T.);
#964 = VERTEX_POINT('',#965);
#965 = CARTESIAN_POINT('',(1.45,1.545081967213,3.2));
#966 = VERTEX_POINT('',#967);
#967 = CARTESIAN_POINT('',(1.45,1.194262295082,3.2));
#968 = B_SPLINE_CURVE_WITH_KNOTS('',1,(#969,#970),.UNSPECIFIED.,.F.,.F.,
  (2,2),(0.686217008798,1.),.PIECEWISE_BEZIER_KNOTS.);
#969 = CARTESIAN_POINT('',(1.45,1.545081967213,3.2));
#970 = CARTESIAN_POINT('',(1.45,1.194262295082,3.2));
#971 = ORIENTED_EDGE('',*,*,#972,.F.);
#972 = EDGE_CURVE('',#973,#964,#975,.T.);
#973 = VERTEX_POINT('',#974);
#974 = CARTESIAN_POINT('',(1.658196721311,1.545081967213,3.2));
#975 = B_SPLINE_CURVE_WITH_KNOTS('',1,(#976,#977),.UNSPECIFIED.,.F.,.F.,
  (2,2),(0.5,0.686217008798),.PIECEWISE_BEZIER_KNOTS.);
#976 = CARTESIAN_POINT('',(1.658196721311,1.545081967213,3.2));
#977 = CARTESIAN_POINT('',(1.45,1.545081967213,3.2));
#978 = ORIENTED_EDGE('',*,*,#979,.F.);
#979 = EDGE_CURVE('',#980,#973,#982,.T.);
#980 = VERTEX_POINT('',#981);
#981 = CARTESIAN_POINT('',(1.658196721311,1.194262295082,3.2));
#982 = B_SPLINE_CURVE_WITH_KNOTS('',1,(#983,#984),.UNSPECIFIED.,.F.,.F.,
  (2,2),(0.186217008798,0.5),.PIECEWISE_BEZIER_KNOTS.);
#983 = CARTESIAN_POINT('',(1.658196721311,1.194262295082,3.2));
#984 = CARTESIAN_POINT('',(1.658196721311,1.545081967213,3.2));
#985 = ORIENTED_EDGE('',*,*,#986,.F.);
#986 = EDGE_CURVE('',#966,#980,#987,.T.);
#987 = B_SPLINE_CURVE_WITH_KNOTS('',1,(#988,#989),.UNSPECIFIED.,.F.,.F.,
  (2,2),(0.,0.186217008798),.PIECEWISE_BEZIER_KNOTS.);
#988 = CARTESIAN_POINT('',(1.45,1.194262295082,3.2));
#989 = CARTESIAN_POINT('',(1.658196721311,1.194262295082,3.2));
#990 = FACE_BOUND('',#991,.T.);
#991 = EDGE_LOOP('',(#992,#1001,#1008,#1015,#1022,#1029,#1036,#1043,
    #1050,#1057,#1064,#1071,#1078));
#992 = ORIENTED_EDGE('',*,*,#993,.F.);
#993 = EDGE_CURVE('',#994,#996,#998,.T.);
#994 = VERTEX_POINT('',#995);
#995 = CARTESIAN_POINT('',(1.72131147541E-02,1.545081967213,3.2));
#996 = VERTEX_POINT('',#997);
#997 = CARTESIAN_POINT('',(1.72131147541E-02,-0.91393442623,3.2));
#998 = B_SPLINE_CURVE_WITH_KNOTS('',1,(#999,#1000),.UNSPECIFIED.,.F.,.F.
  ,(2,2),(0.764666333132,1.),.PIECEWISE_BEZIER_KNOTS.);
#999 = CARTESIAN_POINT('',(1.72131147541E-02,1.545081967213,3.2));
#1000 = CARTESIAN_POINT('',(1.72131147541E-02,-0.91393442623,3.2));
#1001 = ORIENTED_EDGE('',*,*,#1002,.F.);
#1002 = EDGE_CURVE('',#1003,#994,#1005,.T.);
#1003 = VERTEX_POINT('',#1004);
#1004 = CARTESIAN_POINT('',(0.223770491803,1.545081967213,3.2));
#1005 = B_SPLINE_CURVE_WITH_KNOTS('',1,(#1006,#1007),.UNSPECIFIED.,.F.,
  .F.,(2,2),(0.744898305115,0.764666333132),.PIECEWISE_BEZIER_KNOTS.);
#1006 = CARTESIAN_POINT('',(0.223770491803,1.545081967213,3.2));
#1007 = CARTESIAN_POINT('',(1.72131147541E-02,1.545081967213,3.2));
#1008 = ORIENTED_EDGE('',*,*,#1009,.F.);
#1009 = EDGE_CURVE('',#1010,#1003,#1012,.T.);
#1010 = VERTEX_POINT('',#1011);
#1011 = CARTESIAN_POINT('',(0.223770491803,4.098360655738E-03,3.2));
#1012 = B_SPLINE_CURVE_WITH_KNOTS('',1,(#1013,#1014),.UNSPECIFIED.,.F.,
  .F.,(2,2),(0.597422540545,0.744898305115),.PIECEWISE_BEZIER_KNOTS.);
#1013 = CARTESIAN_POINT('',(0.223770491803,4.098360655738E-03,3.2));
#1014 = CARTESIAN_POINT('',(0.223770491803,1.545081967213,3.2));
#1015 = ORIENTED_EDGE('',*,*,#1016,.F.);
#1016 = EDGE_CURVE('',#1017,#1010,#1019,.T.);
#1017 = VERTEX_POINT('',#1018);
#1018 = CARTESIAN_POINT('',(0.230327868852,4.098360655738E-03,3.2));
#1019 = B_SPLINE_CURVE_WITH_KNOTS('',1,(#1020,#1021),.UNSPECIFIED.,.F.,
  .F.,(2,2),(0.5967949841,0.597422540545),.PIECEWISE_BEZIER_KNOTS.);
#1020 = CARTESIAN_POINT('',(0.230327868852,4.098360655738E-03,3.2));
#1021 = CARTESIAN_POINT('',(0.223770491803,4.098360655738E-03,3.2));
#1022 = ORIENTED_EDGE('',*,*,#1023,.F.);
#1023 = EDGE_CURVE('',#1024,#1017,#1026,.T.);
#1024 = VERTEX_POINT('',#1025);
#1025 = CARTESIAN_POINT('',(0.940163934426,0.915573770492,3.2));
#1026 = B_SPLINE_CURVE_WITH_KNOTS('',1,(#1027,#1028),.UNSPECIFIED.,.F.,
  .F.,(2,2),(0.48623267718,0.5967949841),.PIECEWISE_BEZIER_KNOTS.);
#1027 = CARTESIAN_POINT('',(0.940163934426,0.915573770492,3.2));
#1028 = CARTESIAN_POINT('',(0.230327868852,4.098360655738E-03,3.2));
#1029 = ORIENTED_EDGE('',*,*,#1030,.F.);
#1030 = EDGE_CURVE('',#1031,#1024,#1033,.T.);
#1031 = VERTEX_POINT('',#1032);
#1032 = CARTESIAN_POINT('',(1.194262295082,0.915573770492,3.2));
#1033 = B_SPLINE_CURVE_WITH_KNOTS('',1,(#1034,#1035),.UNSPECIFIED.,.F.,
  .F.,(2,2),(0.461914864937,0.48623267718),.PIECEWISE_BEZIER_KNOTS.);
#1034 = CARTESIAN_POINT('',(1.194262295082,0.915573770492,3.2));
#1035 = CARTESIAN_POINT('',(0.940163934426,0.915573770492,3.2));
#1036 = ORIENTED_EDGE('',*,*,#1037,.F.);
#1037 = EDGE_CURVE('',#1038,#1031,#1040,.T.);
#1038 = VERTEX_POINT('',#1039);
#1039 = CARTESIAN_POINT('',(0.643442622951,0.235245901639,3.2));
#1040 = B_SPLINE_CURVE_WITH_KNOTS('',1,(#1041,#1042),.UNSPECIFIED.,.F.,
  .F.,(2,2),(0.378141221187,0.461914864937),.PIECEWISE_BEZIER_KNOTS.);
#1041 = CARTESIAN_POINT('',(0.643442622951,0.235245901639,3.2));
#1042 = CARTESIAN_POINT('',(1.194262295082,0.915573770492,3.2));
#1043 = ORIENTED_EDGE('',*,*,#1044,.F.);
#1044 = EDGE_CURVE('',#1045,#1038,#1047,.T.);
#1045 = VERTEX_POINT('',#1046);
#1046 = CARTESIAN_POINT('',(1.294262295082,-0.91393442623,3.2));
#1047 = B_SPLINE_CURVE_WITH_KNOTS('',1,(#1048,#1049),.UNSPECIFIED.,.F.,
  .F.,(2,2),(0.251749538128,0.378141221187),.PIECEWISE_BEZIER_KNOTS.);
#1048 = CARTESIAN_POINT('',(1.294262295082,-0.91393442623,3.2));
#1049 = CARTESIAN_POINT('',(0.643442622951,0.235245901639,3.2));
#1050 = ORIENTED_EDGE('',*,*,#1051,.F.);
#1051 = EDGE_CURVE('',#1052,#1045,#1054,.T.);
#1052 = VERTEX_POINT('',#1053);
#1053 = CARTESIAN_POINT('',(1.040163934426,-0.91393442623,3.2));
#1054 = B_SPLINE_CURVE_WITH_KNOTS('',1,(#1055,#1056),.UNSPECIFIED.,.F.,
  .F.,(2,2),(0.227431725885,0.251749538128),.PIECEWISE_BEZIER_KNOTS.);
#1055 = CARTESIAN_POINT('',(1.040163934426,-0.91393442623,3.2));
#1056 = CARTESIAN_POINT('',(1.294262295082,-0.91393442623,3.2));
#1057 = ORIENTED_EDGE('',*,*,#1058,.F.);
#1058 = EDGE_CURVE('',#1059,#1052,#1061,.T.);
#1059 = VERTEX_POINT('',#1060);
#1060 = CARTESIAN_POINT('',(0.495901639344,5.E-02,3.2));
#1061 = B_SPLINE_CURVE_WITH_KNOTS('',1,(#1062,#1063),.UNSPECIFIED.,.F.,
  .F.,(2,2),(0.121491721838,0.227431725885),.PIECEWISE_BEZIER_KNOTS.);
#1062 = CARTESIAN_POINT('',(0.495901639344,5.E-02,3.2));
#1063 = CARTESIAN_POINT('',(1.040163934426,-0.91393442623,3.2));
#1064 = ORIENTED_EDGE('',*,*,#1065,.F.);
#1065 = EDGE_CURVE('',#1066,#1059,#1068,.T.);
#1066 = VERTEX_POINT('',#1067);
#1067 = CARTESIAN_POINT('',(0.223770491803,-0.274590163934,3.2));
#1068 = B_SPLINE_CURVE_WITH_KNOTS('',1,(#1069,#1070),.UNSPECIFIED.,.F.,
  .F.,(2,2),(8.095478140252E-02,0.121491721838),
  .PIECEWISE_BEZIER_KNOTS.);
#1069 = CARTESIAN_POINT('',(0.223770491803,-0.274590163934,3.2));
#1070 = CARTESIAN_POINT('',(0.495901639344,5.E-02,3.2));
#1071 = ORIENTED_EDGE('',*,*,#1072,.F.);
#1072 = EDGE_CURVE('',#1073,#1066,#1075,.T.);
#1073 = VERTEX_POINT('',#1074);
#1074 = CARTESIAN_POINT('',(0.223770491803,-0.91393442623,3.2));
#1075 = B_SPLINE_CURVE_WITH_KNOTS('',1,(#1076,#1077),.UNSPECIFIED.,.F.,
  .F.,(2,2),(1.976802801689E-02,8.095478140252E-02),
  .PIECEWISE_BEZIER_KNOTS.);
#1076 = CARTESIAN_POINT('',(0.223770491803,-0.91393442623,3.2));
#1077 = CARTESIAN_POINT('',(0.223770491803,-0.274590163934,3.2));
#1078 = ORIENTED_EDGE('',*,*,#1079,.F.);
#1079 = EDGE_CURVE('',#996,#1073,#1080,.T.);
#1080 = B_SPLINE_CURVE_WITH_KNOTS('',1,(#1081,#1082),.UNSPECIFIED.,.F.,
  .F.,(2,2),(0.,1.976802801689E-02),.PIECEWISE_BEZIER_KNOTS.);
#1081 = CARTESIAN_POINT('',(1.72131147541E-02,-0.91393442623,3.2));
#1082 = CARTESIAN_POINT('',(0.223770491803,-0.91393442623,3.2));
#1083 = FACE_BOUND('',#1084,.T.);
#1084 = EDGE_LOOP('',(#1085,#1096,#1105,#1114,#1123,#1134,#1143,#1157));
#1085 = ORIENTED_EDGE('',*,*,#1086,.F.);
#1086 = EDGE_CURVE('',#1087,#1089,#1091,.T.);
#1087 = VERTEX_POINT('',#1088);
#1088 = CARTESIAN_POINT('',(-0.915573770492,0.915573770492,3.2));
#1089 = VERTEX_POINT('',#1090);
#1090 = CARTESIAN_POINT('',(-0.915573770492,-0.91393442623,3.2));
#1091 = B_SPLINE_CURVE_WITH_KNOTS('',3,(#1092,#1093,#1094,#1095),
  .UNSPECIFIED.,.F.,.F.,(4,4),(0.663177831208,1.),
  .PIECEWISE_BEZIER_KNOTS.);
#1092 = CARTESIAN_POINT('',(-0.915573770492,0.915573770492,3.2));
#1093 = CARTESIAN_POINT('',(-0.915573770492,0.305737704918,3.2));
#1094 = CARTESIAN_POINT('',(-0.915573770492,-0.304098360656,3.2));
#1095 = CARTESIAN_POINT('',(-0.915573770492,-0.91393442623,3.2));
#1096 = ORIENTED_EDGE('',*,*,#1097,.F.);
#1097 = EDGE_CURVE('',#1098,#1087,#1100,.T.);
#1098 = VERTEX_POINT('',#1099);
#1099 = CARTESIAN_POINT('',(-0.709016393443,0.915573770492,3.2));
#1100 = B_SPLINE_CURVE_WITH_KNOTS('',3,(#1101,#1102,#1103,#1104),
  .UNSPECIFIED.,.F.,.F.,(4,4),(0.625149521828,0.663177831208),
  .PIECEWISE_BEZIER_KNOTS.);
#1101 = CARTESIAN_POINT('',(-0.709016393443,0.915573770492,3.2));
#1102 = CARTESIAN_POINT('',(-0.777868852459,0.915573770492,3.2));
#1103 = CARTESIAN_POINT('',(-0.846721311475,0.915573770492,3.2));
#1104 = CARTESIAN_POINT('',(-0.915573770492,0.915573770492,3.2));
#1105 = ORIENTED_EDGE('',*,*,#1106,.F.);
#1106 = EDGE_CURVE('',#1107,#1098,#1109,.T.);
#1107 = VERTEX_POINT('',#1108);
#1108 = CARTESIAN_POINT('',(-0.709016393443,0.627049180328,3.2));
#1109 = B_SPLINE_CURVE_WITH_KNOTS('',3,(#1110,#1111,#1112,#1113),
  .UNSPECIFIED.,.F.,.F.,(4,4),(0.572030613488,0.625149521828),
  .PIECEWISE_BEZIER_KNOTS.);
#1110 = CARTESIAN_POINT('',(-0.709016393443,0.627049180328,3.2));
#1111 = CARTESIAN_POINT('',(-0.709016393443,0.723224043716,3.2));
#1112 = CARTESIAN_POINT('',(-0.709016393443,0.819398907104,3.2));
#1113 = CARTESIAN_POINT('',(-0.709016393443,0.915573770492,3.2));
#1114 = ORIENTED_EDGE('',*,*,#1115,.F.);
#1115 = EDGE_CURVE('',#1116,#1107,#1118,.T.);
#1116 = VERTEX_POINT('',#1117);
#1117 = CARTESIAN_POINT('',(-0.702459016393,0.627049180328,3.2));
#1118 = B_SPLINE_CURVE_WITH_KNOTS('',3,(#1119,#1120,#1121,#1122),
  .UNSPECIFIED.,.F.,.F.,(4,4),(0.570823365571,0.572030613488),
  .PIECEWISE_BEZIER_KNOTS.);
#1119 = CARTESIAN_POINT('',(-0.702459016393,0.627049180328,3.2));
#1120 = CARTESIAN_POINT('',(-0.704644808743,0.627049180328,3.2));
#1121 = CARTESIAN_POINT('',(-0.706830601093,0.627049180328,3.2));
#1122 = CARTESIAN_POINT('',(-0.709016393443,0.627049180328,3.2));
#1123 = ORIENTED_EDGE('',*,*,#1124,.F.);
#1124 = EDGE_CURVE('',#1125,#1116,#1127,.T.);
#1125 = VERTEX_POINT('',#1126);
#1126 = CARTESIAN_POINT('',(-0.168032786885,0.943442622951,3.2));
#1127 = B_SPLINE_CURVE_WITH_KNOTS('',3,(#1128,#1129,#1130,#1131,#1132,
    #1133),.UNSPECIFIED.,.F.,.F.,(4,2,4),(0.445838305026,0.458591882632,
    0.570823365571),.UNSPECIFIED.);
#1128 = CARTESIAN_POINT('',(-0.168032786885,0.943442622951,3.2));
#1129 = CARTESIAN_POINT('',(-0.19262295082,0.951639344262,3.2));
#1130 = CARTESIAN_POINT('',(-0.215573770492,0.954918032787,3.2));
#1131 = CARTESIAN_POINT('',(-0.456557377049,0.954918032787,3.2));
#1132 = CARTESIAN_POINT('',(-0.622131147541,0.833606557377,3.2));
#1133 = CARTESIAN_POINT('',(-0.702459016393,0.627049180328,3.2));
#1134 = ORIENTED_EDGE('',*,*,#1135,.F.);
#1135 = EDGE_CURVE('',#1136,#1125,#1138,.T.);
#1136 = VERTEX_POINT('',#1137);
#1137 = CARTESIAN_POINT('',(-0.168032786885,0.736885245902,3.2));
#1138 = B_SPLINE_CURVE_WITH_KNOTS('',3,(#1139,#1140,#1141,#1142),
  .UNSPECIFIED.,.F.,.F.,(4,4),(0.407809995646,0.445838305026),
  .PIECEWISE_BEZIER_KNOTS.);
#1139 = CARTESIAN_POINT('',(-0.168032786885,0.736885245902,3.2));
#1140 = CARTESIAN_POINT('',(-0.168032786885,0.805737704918,3.2));
#1141 = CARTESIAN_POINT('',(-0.168032786885,0.874590163934,3.2));
#1142 = CARTESIAN_POINT('',(-0.168032786885,0.943442622951,3.2));
#1143 = ORIENTED_EDGE('',*,*,#1144,.F.);
#1144 = EDGE_CURVE('',#1145,#1136,#1147,.T.);
#1145 = VERTEX_POINT('',#1146);
#1146 = CARTESIAN_POINT('',(-0.709016393443,-0.91393442623,3.2));
#1147 = B_SPLINE_CURVE_WITH_KNOTS('',3,(#1148,#1149,#1150,#1151,#1152,
    #1153,#1154,#1155,#1156),.UNSPECIFIED.,.F.,.F.,(4,3,2,4),(
    3.802830937977E-02,0.248089446906,0.388843180483,0.407809995646),
  .UNSPECIFIED.);
#1148 = CARTESIAN_POINT('',(-0.709016393443,-0.91393442623,3.2));
#1149 = CARTESIAN_POINT('',(-0.709016393443,-0.533606557377,3.2));
#1150 = CARTESIAN_POINT('',(-0.709016393443,-0.153278688525,3.2));
#1151 = CARTESIAN_POINT('',(-0.709016393443,0.227049180328,3.2));
#1152 = CARTESIAN_POINT('',(-0.709016393443,0.581147540984,3.2));
#1153 = CARTESIAN_POINT('',(-0.499180327869,0.746721311475,3.2));
#1154 = CARTESIAN_POINT('',(-0.236885245902,0.746721311475,3.2));
#1155 = CARTESIAN_POINT('',(-0.202459016393,0.743442622951,3.2));
#1156 = CARTESIAN_POINT('',(-0.168032786885,0.736885245902,3.2));
#1157 = ORIENTED_EDGE('',*,*,#1158,.F.);
#1158 = EDGE_CURVE('',#1089,#1145,#1159,.T.);
#1159 = B_SPLINE_CURVE_WITH_KNOTS('',3,(#1160,#1161,#1162,#1163),
  .UNSPECIFIED.,.F.,.F.,(4,4),(0.,3.802830937977E-02),
  .PIECEWISE_BEZIER_KNOTS.);
#1160 = CARTESIAN_POINT('',(-0.915573770492,-0.91393442623,3.2));
#1161 = CARTESIAN_POINT('',(-0.846721311475,-0.91393442623,3.2));
#1162 = CARTESIAN_POINT('',(-0.777868852459,-0.91393442623,3.2));
#1163 = CARTESIAN_POINT('',(-0.709016393443,-0.91393442623,3.2));
#1164 = FACE_BOUND('',#1165,.T.);
#1165 = EDGE_LOOP('',(#1166,#1177,#1197,#1206,#1220,#1229));
#1166 = ORIENTED_EDGE('',*,*,#1167,.F.);
#1167 = EDGE_CURVE('',#1168,#1170,#1172,.T.);
#1168 = VERTEX_POINT('',#1169);
#1169 = CARTESIAN_POINT('',(-2.420491803279,0.369672131148,3.2));
#1170 = VERTEX_POINT('',#1171);
#1171 = CARTESIAN_POINT('',(-2.21393442623,0.369672131148,3.2));
#1172 = B_SPLINE_CURVE_WITH_KNOTS('',3,(#1173,#1174,#1175,#1176),
  .UNSPECIFIED.,.F.,.F.,(4,4),(0.97428448164,1.),
  .PIECEWISE_BEZIER_KNOTS.);
#1173 = CARTESIAN_POINT('',(-2.420491803279,0.369672131148,3.2));
#1174 = CARTESIAN_POINT('',(-2.351639344262,0.369672131148,3.2));
#1175 = CARTESIAN_POINT('',(-2.282786885246,0.369672131148,3.2));
#1176 = CARTESIAN_POINT('',(-2.21393442623,0.369672131148,3.2));
#1177 = ORIENTED_EDGE('',*,*,#1178,.F.);
#1178 = EDGE_CURVE('',#1179,#1168,#1181,.T.);
#1179 = VERTEX_POINT('',#1180);
#1180 = CARTESIAN_POINT('',(-1.172950819672,-0.763114754098,3.2));
#1181 = B_SPLINE_CURVE_WITH_KNOTS('',3,(#1182,#1183,#1184,#1185,#1186,
    #1187,#1188,#1189,#1190,#1191,#1192,#1193,#1194,#1195,#1196),
  .UNSPECIFIED.,.F.,.F.,(4,3,3,3,2,4),(0.588726595345,0.596073886305,
    0.62206655014,0.756970975822,0.86376237675,0.97428448164),
  .UNSPECIFIED.);
#1182 = CARTESIAN_POINT('',(-1.172950819672,-0.763114754098,3.2));
#1183 = CARTESIAN_POINT('',(-1.19262295082,-0.763114754098,3.2));
#1184 = CARTESIAN_POINT('',(-1.212295081967,-0.763114754098,3.2));
#1185 = CARTESIAN_POINT('',(-1.231967213115,-0.763114754098,3.2));
#1186 = CARTESIAN_POINT('',(-1.304098360656,-0.763114754098,3.2));
#1187 = CARTESIAN_POINT('',(-1.338524590164,-0.712295081967,3.2));
#1188 = CARTESIAN_POINT('',(-1.338524590164,-0.61393442623,3.2));
#1189 = CARTESIAN_POINT('',(-1.338524590164,-0.252732240437,3.2));
#1190 = CARTESIAN_POINT('',(-1.338524590164,0.108469945355,3.2));
#1191 = CARTESIAN_POINT('',(-1.338524590164,0.469672131148,3.2));
#1192 = CARTESIAN_POINT('',(-1.338524590164,0.758196721311,3.2));
#1193 = CARTESIAN_POINT('',(-1.481147540984,0.954918032787,3.2));
#1194 = CARTESIAN_POINT('',(-2.245081967213,0.954918032787,3.2));
#1195 = CARTESIAN_POINT('',(-2.420491803279,0.745081967213,3.2));
#1196 = CARTESIAN_POINT('',(-2.420491803279,0.369672131148,3.2));
#1197 = ORIENTED_EDGE('',*,*,#1198,.F.);
#1198 = EDGE_CURVE('',#1199,#1179,#1201,.T.);
#1199 = VERTEX_POINT('',#1200);
#1200 = CARTESIAN_POINT('',(-1.172950819672,-0.915573770492,3.2));
#1201 = B_SPLINE_CURVE_WITH_KNOTS('',3,(#1202,#1203,#1204,#1205),
  .UNSPECIFIED.,.F.,.F.,(4,4),(0.569746093699,0.588726595345),
  .PIECEWISE_BEZIER_KNOTS.);
#1202 = CARTESIAN_POINT('',(-1.172950819672,-0.915573770492,3.2));
#1203 = CARTESIAN_POINT('',(-1.172950819672,-0.864754098361,3.2));
#1204 = CARTESIAN_POINT('',(-1.172950819672,-0.81393442623,3.2));
#1205 = CARTESIAN_POINT('',(-1.172950819672,-0.763114754098,3.2));
#1206 = ORIENTED_EDGE('',*,*,#1207,.F.);
#1207 = EDGE_CURVE('',#1208,#1199,#1210,.T.);
#1208 = VERTEX_POINT('',#1209);
#1209 = CARTESIAN_POINT('',(-1.536885245902,-0.648360655738,3.2));
#1210 = B_SPLINE_CURVE_WITH_KNOTS('',3,(#1211,#1212,#1213,#1214,#1215,
    #1216,#1217,#1218,#1219),.UNSPECIFIED.,.F.,.F.,(4,3,2,4),(
    0.498918257571,0.506469639946,0.561906533057,0.569746093699),
  .UNSPECIFIED.);
#1211 = CARTESIAN_POINT('',(-1.536885245902,-0.648360655738,3.2));
#1212 = CARTESIAN_POINT('',(-1.536885245902,-0.668579234973,3.2));
#1213 = CARTESIAN_POINT('',(-1.536885245902,-0.688797814208,3.2));
#1214 = CARTESIAN_POINT('',(-1.536885245902,-0.709016393443,3.2));
#1215 = CARTESIAN_POINT('',(-1.536885245902,-0.897540983607,3.2));
#1216 = CARTESIAN_POINT('',(-1.431967213115,-0.936885245902,3.2));
#1217 = CARTESIAN_POINT('',(-1.246721311475,-0.936885245902,3.2));
#1218 = CARTESIAN_POINT('',(-1.212295081967,-0.92868852459,3.2));
#1219 = CARTESIAN_POINT('',(-1.172950819672,-0.915573770492,3.2));
#1220 = ORIENTED_EDGE('',*,*,#1221,.F.);
#1221 = EDGE_CURVE('',#1222,#1208,#1224,.T.);
#1222 = VERTEX_POINT('',#1223);
#1223 = CARTESIAN_POINT('',(-1.543442622951,-0.648360655738,3.2));
#1224 = B_SPLINE_CURVE_WITH_KNOTS('',3,(#1225,#1226,#1227,#1228),
  .UNSPECIFIED.,.F.,.F.,(4,4),(0.498101891908,0.498918257571),
  .PIECEWISE_BEZIER_KNOTS.);
#1225 = CARTESIAN_POINT('',(-1.543442622951,-0.648360655738,3.2));
#1226 = CARTESIAN_POINT('',(-1.541256830601,-0.648360655738,3.2));
#1227 = CARTESIAN_POINT('',(-1.539071038251,-0.648360655738,3.2));
#1228 = CARTESIAN_POINT('',(-1.536885245902,-0.648360655738,3.2));
#1229 = ORIENTED_EDGE('',*,*,#1230,.F.);
#1230 = EDGE_CURVE('',#1170,#1222,#1231,.T.);
#1231 = B_SPLINE_CURVE_WITH_KNOTS('',3,(#1232,#1233,#1234,#1235,#1236,
    #1237,#1238,#1239,#1240,#1241,#1242,#1243,#1244,#1245,#1246,#1247,
    #1248,#1249),.UNSPECIFIED.,.F.,.F.,(4,2,2,3,3,2,2,4),(0.,
    7.698027471058E-02,0.136117439389,0.189051404975,0.239318908466,
    0.322607153286,0.429216106655,0.498101891908),.UNSPECIFIED.);
#1232 = CARTESIAN_POINT('',(-2.21393442623,0.369672131148,3.2));
#1233 = CARTESIAN_POINT('',(-2.21393442623,0.635245901639,3.2));
#1234 = CARTESIAN_POINT('',(-2.110655737705,0.782786885246,3.2));
#1235 = CARTESIAN_POINT('',(-1.672950819672,0.782786885246,3.2));
#1236 = CARTESIAN_POINT('',(-1.546721311475,0.700819672131,3.2));
#1237 = CARTESIAN_POINT('',(-1.546721311475,0.256557377049,3.2));
#1238 = CARTESIAN_POINT('',(-1.574590163934,0.215573770492,3.2));
#1239 = CARTESIAN_POINT('',(-1.722131147541,0.177868852459,3.2));
#1240 = CARTESIAN_POINT('',(-1.852482669002,0.144556796974,3.2));
#1241 = CARTESIAN_POINT('',(-1.981147540984,0.104644808743,3.2));
#1242 = CARTESIAN_POINT('',(-2.110655737705,6.803278688525E-02,3.2));
#1243 = CARTESIAN_POINT('',(-2.370904058173,-5.539523120489E-03,3.2));
#1244 = CARTESIAN_POINT('',(-2.479508196721,-0.194262295082,3.2));
#1245 = CARTESIAN_POINT('',(-2.479508196721,-0.754918032787,3.2));
#1246 = CARTESIAN_POINT('',(-2.333606557377,-0.953278688525,3.2));
#1247 = CARTESIAN_POINT('',(-1.80737704918,-0.953278688525,3.2));
#1248 = CARTESIAN_POINT('',(-1.625409836066,-0.884426229508,3.2));
#1249 = CARTESIAN_POINT('',(-1.543442622951,-0.648360655738,3.2));
#1250 = FACE_BOUND('',#1251,.T.);
#1251 = EDGE_LOOP('',(#1252,#1263,#1271,#1280,#1288,#1297,#1305,#1314));
#1252 = ORIENTED_EDGE('',*,*,#1253,.T.);
#1253 = EDGE_CURVE('',#1254,#1256,#1258,.T.);
#1254 = VERTEX_POINT('',#1255);
#1255 = CARTESIAN_POINT('',(6.1,5.3,3.2));
#1256 = VERTEX_POINT('',#1257);
#1257 = CARTESIAN_POINT('',(5.3,6.1,3.2));
#1258 = CIRCLE('',#1259,0.8);
#1259 = AXIS2_PLACEMENT_3D('',#1260,#1261,#1262);
#1260 = CARTESIAN_POINT('',(5.3,5.3,3.2));
#1261 = DIRECTION('',(0.,0.,1.));
#1262 = DIRECTION('',(1.,0.,-0.));
#1263 = ORIENTED_EDGE('',*,*,#1264,.T.);
#1264 = EDGE_CURVE('',#1256,#1265,#1267,.T.);
#1265 = VERTEX_POINT('',#1266);
#1266 = CARTESIAN_POINT('',(-5.3,6.1,3.2));
#1267 = LINE('',#1268,#1269);
#1268 = CARTESIAN_POINT('',(-5.3,6.1,3.2));
#1269 = VECTOR('',#1270,1.);
#1270 = DIRECTION('',(-1.,-1.376764663474E-16,0.));
#1271 = ORIENTED_EDGE('',*,*,#1272,.T.);
#1272 = EDGE_CURVE('',#1265,#1273,#1275,.T.);
#1273 = VERTEX_POINT('',#1274);
#1274 = CARTESIAN_POINT('',(-6.1,5.3,3.2));
#1275 = CIRCLE('',#1276,0.8);
#1276 = AXIS2_PLACEMENT_3D('',#1277,#1278,#1279);
#1277 = CARTESIAN_POINT('',(-5.3,5.3,3.2));
#1278 = DIRECTION('',(0.,0.,1.));
#1279 = DIRECTION('',(1.,0.,-0.));
#1280 = ORIENTED_EDGE('',*,*,#1281,.T.);
#1281 = EDGE_CURVE('',#1273,#1282,#1284,.T.);
#1282 = VERTEX_POINT('',#1283);
#1283 = CARTESIAN_POINT('',(-6.1,-5.3,3.2));
#1284 = LINE('',#1285,#1286);
#1285 = CARTESIAN_POINT('',(-6.1,-5.3,3.2));
#1286 = VECTOR('',#1287,1.);
#1287 = DIRECTION('',(0.,-1.,0.));
#1288 = ORIENTED_EDGE('',*,*,#1289,.T.);
#1289 = EDGE_CURVE('',#1282,#1290,#1292,.T.);
#1290 = VERTEX_POINT('',#1291);
#1291 = CARTESIAN_POINT('',(-5.3,-6.1,3.2));
#1292 = CIRCLE('',#1293,0.8);
#1293 = AXIS2_PLACEMENT_3D('',#1294,#1295,#1296);
#1294 = CARTESIAN_POINT('',(-5.3,-5.3,3.2));
#1295 = DIRECTION('',(0.,0.,1.));
#1296 = DIRECTION('',(1.,0.,-0.));
#1297 = ORIENTED_EDGE('',*,*,#1298,.T.);
#1298 = EDGE_CURVE('',#1290,#1299,#1301,.T.);
#1299 = VERTEX_POINT('',#1300);
#1300 = CARTESIAN_POINT('',(5.3,-6.1,3.2));
#1301 = LINE('',#1302,#1303);
#1302 = CARTESIAN_POINT('',(5.3,-6.1,3.2));
#1303 = VECTOR('',#1304,1.);
#1304 = DIRECTION('',(1.,-1.376764663474E-16,0.));
#1305 = ORIENTED_EDGE('',*,*,#1306,.T.);
#1306 = EDGE_CURVE('',#1299,#1307,#1309,.T.);
#1307 = VERTEX_POINT('',#1308);
#1308 = CARTESIAN_POINT('',(6.1,-5.3,3.2));
#1309 = CIRCLE('',#1310,0.8);
#1310 = AXIS2_PLACEMENT_3D('',#1311,#1312,#1313);
#1311 = CARTESIAN_POINT('',(5.3,-5.3,3.2));
#1312 = DIRECTION('',(0.,0.,1.));
#1313 = DIRECTION('',(1.,0.,-0.));
#1314 = ORIENTED_EDGE('',*,*,#1315,.T.);
#1315 = EDGE_CURVE('',#1307,#1254,#1316,.T.);
#1316 = LINE('',#1317,#1318);
#1317 = CARTESIAN_POINT('',(6.1,5.3,3.2));
#1318 = VECTOR('',#1319,1.);
#1319 = DIRECTION('',(0.,1.,0.));
#1320 = FACE_BOUND('',#1321,.T.);
#1321 = EDGE_LOOP('',(#1322,#1331,#1338,#1345,#1352,#1359,#1366,#1373,
    #1380,#1387,#1394,#1401,#1408,#1415,#1422,#1429));
#1322 = ORIENTED_EDGE('',*,*,#1323,.F.);
#1323 = EDGE_CURVE('',#1324,#1326,#1328,.T.);
#1324 = VERTEX_POINT('',#1325);
#1325 = CARTESIAN_POINT('',(-4.730327868852,1.545081967213,3.2));
#1326 = VERTEX_POINT('',#1327);
#1327 = CARTESIAN_POINT('',(-4.730327868852,-0.91393442623,3.2));
#1328 = B_SPLINE_CURVE_WITH_KNOTS('',1,(#1329,#1330),.UNSPECIFIED.,.F.,
  .F.,(2,2),(0.877306443007,1.),.PIECEWISE_BEZIER_KNOTS.);
#1329 = CARTESIAN_POINT('',(-4.730327868852,1.545081967213,3.2));
#1330 = CARTESIAN_POINT('',(-4.730327868852,-0.91393442623,3.2));
#1331 = ORIENTED_EDGE('',*,*,#1332,.F.);
#1332 = EDGE_CURVE('',#1333,#1324,#1335,.T.);
#1333 = VERTEX_POINT('',#1334);
#1334 = CARTESIAN_POINT('',(-4.346721311475,1.545081967213,3.2));
#1335 = B_SPLINE_CURVE_WITH_KNOTS('',1,(#1336,#1337),.UNSPECIFIED.,.F.,
  .F.,(2,2),(0.858166248116,0.877306443007),.PIECEWISE_BEZIER_KNOTS.);
#1336 = CARTESIAN_POINT('',(-4.346721311475,1.545081967213,3.2));
#1337 = CARTESIAN_POINT('',(-4.730327868852,1.545081967213,3.2));
#1338 = ORIENTED_EDGE('',*,*,#1339,.F.);
#1339 = EDGE_CURVE('',#1340,#1333,#1342,.T.);
#1340 = VERTEX_POINT('',#1341);
#1341 = CARTESIAN_POINT('',(-3.756557377049,-0.638524590164,3.2));
#1342 = B_SPLINE_CURVE_WITH_KNOTS('',1,(#1343,#1344),.UNSPECIFIED.,.F.,
  .F.,(2,2),(0.745305247381,0.858166248116),.PIECEWISE_BEZIER_KNOTS.);
#1343 = CARTESIAN_POINT('',(-3.756557377049,-0.638524590164,3.2));
#1344 = CARTESIAN_POINT('',(-4.346721311475,1.545081967213,3.2));
#1345 = ORIENTED_EDGE('',*,*,#1346,.F.);
#1346 = EDGE_CURVE('',#1347,#1340,#1349,.T.);
#1347 = VERTEX_POINT('',#1348);
#1348 = CARTESIAN_POINT('',(-3.748360655738,-0.638524590164,3.2));
#1349 = B_SPLINE_CURVE_WITH_KNOTS('',1,(#1350,#1351),.UNSPECIFIED.,.F.,
  .F.,(2,2),(0.744896268858,0.745305247381),.PIECEWISE_BEZIER_KNOTS.);
#1350 = CARTESIAN_POINT('',(-3.748360655738,-0.638524590164,3.2));
#1351 = CARTESIAN_POINT('',(-3.756557377049,-0.638524590164,3.2));
#1352 = ORIENTED_EDGE('',*,*,#1353,.F.);
#1353 = EDGE_CURVE('',#1354,#1347,#1356,.T.);
#1354 = VERTEX_POINT('',#1355);
#1355 = CARTESIAN_POINT('',(-3.156557377049,1.545081967213,3.2));
#1356 = B_SPLINE_CURVE_WITH_KNOTS('',1,(#1357,#1358),.UNSPECIFIED.,.F.,
  .F.,(2,2),(0.632013899268,0.744896268858),.PIECEWISE_BEZIER_KNOTS.);
#1357 = CARTESIAN_POINT('',(-3.156557377049,1.545081967213,3.2));
#1358 = CARTESIAN_POINT('',(-3.748360655738,-0.638524590164,3.2));
#1359 = ORIENTED_EDGE('',*,*,#1360,.F.);
#1360 = EDGE_CURVE('',#1361,#1354,#1363,.T.);
#1361 = VERTEX_POINT('',#1362);
#1362 = CARTESIAN_POINT('',(-2.795901639344,1.545081967213,3.2));
#1363 = B_SPLINE_CURVE_WITH_KNOTS('',1,(#1364,#1365),.UNSPECIFIED.,.F.,
  .F.,(2,2),(0.614018844243,0.632013899268),.PIECEWISE_BEZIER_KNOTS.);
#1364 = CARTESIAN_POINT('',(-2.795901639344,1.545081967213,3.2));
#1365 = CARTESIAN_POINT('',(-3.156557377049,1.545081967213,3.2));
#1366 = ORIENTED_EDGE('',*,*,#1367,.F.);
#1367 = EDGE_CURVE('',#1368,#1361,#1370,.T.);
#1368 = VERTEX_POINT('',#1369);
#1369 = CARTESIAN_POINT('',(-2.795901639344,-0.91393442623,3.2));
#1370 = B_SPLINE_CURVE_WITH_KNOTS('',1,(#1371,#1372),.UNSPECIFIED.,.F.,
  .F.,(2,2),(0.49132528725,0.614018844243),.PIECEWISE_BEZIER_KNOTS.);
#1371 = CARTESIAN_POINT('',(-2.795901639344,-0.91393442623,3.2));
#1372 = CARTESIAN_POINT('',(-2.795901639344,1.545081967213,3.2));
#1373 = ORIENTED_EDGE('',*,*,#1374,.F.);
#1374 = EDGE_CURVE('',#1375,#1368,#1377,.T.);
#1375 = VERTEX_POINT('',#1376);
#1376 = CARTESIAN_POINT('',(-3.015573770492,-0.91393442623,3.2));
#1377 = B_SPLINE_CURVE_WITH_KNOTS('',1,(#1378,#1379),.UNSPECIFIED.,.F.,
  .F.,(2,2),(0.480364662825,0.49132528725),.PIECEWISE_BEZIER_KNOTS.);
#1378 = CARTESIAN_POINT('',(-3.015573770492,-0.91393442623,3.2));
#1379 = CARTESIAN_POINT('',(-2.795901639344,-0.91393442623,3.2));
#1380 = ORIENTED_EDGE('',*,*,#1381,.F.);
#1381 = EDGE_CURVE('',#1382,#1375,#1384,.T.);
#1382 = VERTEX_POINT('',#1383);
#1383 = CARTESIAN_POINT('',(-3.015573770492,1.338524590164,3.2));
#1384 = B_SPLINE_CURVE_WITH_KNOTS('',1,(#1385,#1386),.UNSPECIFIED.,.F.,
  .F.,(2,2),(0.367977364619,0.480364662825),.PIECEWISE_BEZIER_KNOTS.);
#1385 = CARTESIAN_POINT('',(-3.015573770492,1.338524590164,3.2));
#1386 = CARTESIAN_POINT('',(-3.015573770492,-0.91393442623,3.2));
#1387 = ORIENTED_EDGE('',*,*,#1388,.F.);
#1388 = EDGE_CURVE('',#1389,#1382,#1391,.T.);
#1389 = VERTEX_POINT('',#1390);
#1390 = CARTESIAN_POINT('',(-3.022131147541,1.338524590164,3.2));
#1391 = B_SPLINE_CURVE_WITH_KNOTS('',1,(#1392,#1393),.UNSPECIFIED.,.F.,
  .F.,(2,2),(0.367650181801,0.367977364619),.PIECEWISE_BEZIER_KNOTS.);
#1392 = CARTESIAN_POINT('',(-3.022131147541,1.338524590164,3.2));
#1393 = CARTESIAN_POINT('',(-3.015573770492,1.338524590164,3.2));
#1394 = ORIENTED_EDGE('',*,*,#1395,.F.);
#1395 = EDGE_CURVE('',#1396,#1389,#1398,.T.);
#1396 = VERTEX_POINT('',#1397);
#1397 = CARTESIAN_POINT('',(-3.659836065574,-0.91393442623,3.2));
#1398 = B_SPLINE_CURVE_WITH_KNOTS('',1,(#1399,#1400),.UNSPECIFIED.,.F.,
  .F.,(2,2),(0.250845543225,0.367650181801),.PIECEWISE_BEZIER_KNOTS.);
#1399 = CARTESIAN_POINT('',(-3.659836065574,-0.91393442623,3.2));
#1400 = CARTESIAN_POINT('',(-3.022131147541,1.338524590164,3.2));
#1401 = ORIENTED_EDGE('',*,*,#1402,.F.);
#1402 = EDGE_CURVE('',#1403,#1396,#1405,.T.);
#1403 = VERTEX_POINT('',#1404);
#1404 = CARTESIAN_POINT('',(-3.866393442623,-0.91393442623,3.2));
#1405 = B_SPLINE_CURVE_WITH_KNOTS('',1,(#1406,#1407),.UNSPECIFIED.,.F.,
  .F.,(2,2),(0.240539284437,0.250845543225),.PIECEWISE_BEZIER_KNOTS.);
#1406 = CARTESIAN_POINT('',(-3.866393442623,-0.91393442623,3.2));
#1407 = CARTESIAN_POINT('',(-3.659836065574,-0.91393442623,3.2));
#1408 = ORIENTED_EDGE('',*,*,#1409,.F.);
#1409 = EDGE_CURVE('',#1410,#1403,#1412,.T.);
#1410 = VERTEX_POINT('',#1411);
#1411 = CARTESIAN_POINT('',(-4.502459016393,1.338524590164,3.2));
#1412 = B_SPLINE_CURVE_WITH_KNOTS('',1,(#1413,#1414),.UNSPECIFIED.,.F.,
  .F.,(2,2),(0.123756901154,0.240539284437),.PIECEWISE_BEZIER_KNOTS.);
#1413 = CARTESIAN_POINT('',(-4.502459016393,1.338524590164,3.2));
#1414 = CARTESIAN_POINT('',(-3.866393442623,-0.91393442623,3.2));
#1415 = ORIENTED_EDGE('',*,*,#1416,.F.);
#1416 = EDGE_CURVE('',#1417,#1410,#1419,.T.);
#1417 = VERTEX_POINT('',#1418);
#1418 = CARTESIAN_POINT('',(-4.509016393443,1.338524590164,3.2));
#1419 = B_SPLINE_CURVE_WITH_KNOTS('',1,(#1420,#1421),.UNSPECIFIED.,.F.,
  .F.,(2,2),(0.123429718335,0.123756901154),.PIECEWISE_BEZIER_KNOTS.);
#1420 = CARTESIAN_POINT('',(-4.509016393443,1.338524590164,3.2));
#1421 = CARTESIAN_POINT('',(-4.502459016393,1.338524590164,3.2));
#1422 = ORIENTED_EDGE('',*,*,#1423,.F.);
#1423 = EDGE_CURVE('',#1424,#1417,#1426,.T.);
#1424 = VERTEX_POINT('',#1425);
#1425 = CARTESIAN_POINT('',(-4.509016393443,-0.91393442623,3.2));
#1426 = B_SPLINE_CURVE_WITH_KNOTS('',1,(#1427,#1428),.UNSPECIFIED.,.F.,
  .F.,(2,2),(1.104242012937E-02,0.123429718335),
  .PIECEWISE_BEZIER_KNOTS.);
#1427 = CARTESIAN_POINT('',(-4.509016393443,-0.91393442623,3.2));
#1428 = CARTESIAN_POINT('',(-4.509016393443,1.338524590164,3.2));
#1429 = ORIENTED_EDGE('',*,*,#1430,.F.);
#1430 = EDGE_CURVE('',#1326,#1424,#1431,.T.);
#1431 = B_SPLINE_CURVE_WITH_KNOTS('',1,(#1432,#1433),.UNSPECIFIED.,.F.,
  .F.,(2,2),(0.,1.104242012937E-02),.PIECEWISE_BEZIER_KNOTS.);
#1432 = CARTESIAN_POINT('',(-4.730327868852,-0.91393442623,3.2));
#1433 = CARTESIAN_POINT('',(-4.509016393443,-0.91393442623,3.2));
#1434 = PLANE('',#1435);
#1435 = AXIS2_PLACEMENT_3D('',#1436,#1437,#1438);
#1436 = CARTESIAN_POINT('',(6.3,6.3,3.2));
#1437 = DIRECTION('',(0.,0.,1.));
#1438 = DIRECTION('',(1.,0.,-0.));
#1439 = ADVANCED_FACE('',(#1440),#1465,.T.);
#1440 = FACE_BOUND('',#1441,.T.);
#1441 = EDGE_LOOP('',(#1442,#1450,#1458,#1464));
#1442 = ORIENTED_EDGE('',*,*,#1443,.F.);
#1443 = EDGE_CURVE('',#1444,#1290,#1446,.T.);
#1444 = VERTEX_POINT('',#1445);
#1445 = CARTESIAN_POINT('',(-5.3,-6.3,3.1));
#1446 = LINE('',#1447,#1448);
#1447 = CARTESIAN_POINT('',(-5.3,-6.3,3.1));
#1448 = VECTOR('',#1449,1.);
#1449 = DIRECTION('',(0.,0.894427191,0.4472135955));
#1450 = ORIENTED_EDGE('',*,*,#1451,.F.);
#1451 = EDGE_CURVE('',#1452,#1444,#1454,.T.);
#1452 = VERTEX_POINT('',#1453);
#1453 = CARTESIAN_POINT('',(5.3,-6.3,3.1));
#1454 = LINE('',#1455,#1456);
#1455 = CARTESIAN_POINT('',(-5.3,-6.3,3.1));
#1456 = VECTOR('',#1457,1.);
#1457 = DIRECTION('',(-1.,1.376764663474E-16,0.));
#1458 = ORIENTED_EDGE('',*,*,#1459,.F.);
#1459 = EDGE_CURVE('',#1299,#1452,#1460,.T.);
#1460 = LINE('',#1461,#1462);
#1461 = CARTESIAN_POINT('',(5.3,-6.1,3.2));
#1462 = VECTOR('',#1463,1.);
#1463 = DIRECTION('',(0.,-0.894427191,-0.4472135955));
#1464 = ORIENTED_EDGE('',*,*,#1298,.F.);
#1465 = PLANE('',#1466);
#1466 = AXIS2_PLACEMENT_3D('',#1467,#1468,#1469);
#1467 = CARTESIAN_POINT('',(6.3,-6.1,3.2));
#1468 = DIRECTION('',(-6.157078753093E-17,-0.4472135955,0.894427191));
#1469 = DIRECTION('',(0.,-0.894427191,-0.4472135955));
#1470 = ADVANCED_FACE('',(#1471),#1497,.F.);
#1471 = FACE_BOUND('',#1472,.T.);
#1472 = EDGE_LOOP('',(#1473,#1474,#1482,#1491));
#1473 = ORIENTED_EDGE('',*,*,#756,.T.);
#1474 = ORIENTED_EDGE('',*,*,#1475,.F.);
#1475 = EDGE_CURVE('',#1476,#759,#1478,.T.);
#1476 = VERTEX_POINT('',#1477);
#1477 = CARTESIAN_POINT('',(4.540163934426,0.630327868852,3.19));
#1478 = LINE('',#1479,#1480);
#1479 = CARTESIAN_POINT('',(4.540163934426,0.630327868852,3.19));
#1480 = VECTOR('',#1481,1.);
#1481 = DIRECTION('',(0.,0.,1.));
#1482 = ORIENTED_EDGE('',*,*,#1483,.F.);
#1483 = EDGE_CURVE('',#1484,#1476,#1486,.T.);
#1484 = VERTEX_POINT('',#1485);
#1485 = CARTESIAN_POINT('',(4.540163934426,0.915573770492,3.19));
#1486 = B_SPLINE_CURVE_WITH_KNOTS('',3,(#1487,#1488,#1489,#1490),
  .UNSPECIFIED.,.F.,.F.,(4,4),(0.969765151352,1.),
  .PIECEWISE_BEZIER_KNOTS.);
#1487 = CARTESIAN_POINT('',(4.540163934426,0.915573770492,3.19));
#1488 = CARTESIAN_POINT('',(4.540163934426,0.820491803279,3.19));
#1489 = CARTESIAN_POINT('',(4.540163934426,0.725409836066,3.19));
#1490 = CARTESIAN_POINT('',(4.540163934426,0.630327868852,3.19));
#1491 = ORIENTED_EDGE('',*,*,#1492,.T.);
#1492 = EDGE_CURVE('',#1484,#757,#1493,.T.);
#1493 = LINE('',#1494,#1495);
#1494 = CARTESIAN_POINT('',(4.540163934426,0.915573770492,3.19));
#1495 = VECTOR('',#1496,1.);
#1496 = DIRECTION('',(0.,0.,1.));
#1497 = PLANE('',#1498);
#1498 = AXIS2_PLACEMENT_3D('',#1499,#1500,#1501);
#1499 = CARTESIAN_POINT('',(4.540163934426,0.915573770492,3.19));
#1500 = DIRECTION('',(-1.,0.,0.));
#1501 = DIRECTION('',(0.,0.,1.));
#1502 = ADVANCED_FACE('',(#1503),#1522,.F.);
#1503 = FACE_BOUND('',#1504,.T.);
#1504 = EDGE_LOOP('',(#1505,#1506,#1514,#1521));
#1505 = ORIENTED_EDGE('',*,*,#837,.T.);
#1506 = ORIENTED_EDGE('',*,*,#1507,.F.);
#1507 = EDGE_CURVE('',#1508,#823,#1510,.T.);
#1508 = VERTEX_POINT('',#1509);
#1509 = CARTESIAN_POINT('',(4.533606557377,0.630327868852,3.19));
#1510 = LINE('',#1511,#1512);
#1511 = CARTESIAN_POINT('',(4.533606557377,0.630327868852,3.19));
#1512 = VECTOR('',#1513,1.);
#1513 = DIRECTION('',(0.,0.,1.));
#1514 = ORIENTED_EDGE('',*,*,#1515,.F.);
#1515 = EDGE_CURVE('',#1476,#1508,#1516,.T.);
#1516 = B_SPLINE_CURVE_WITH_KNOTS('',3,(#1517,#1518,#1519,#1520),
  .UNSPECIFIED.,.F.,.F.,(4,4),(0.,6.950539919117E-04),
  .PIECEWISE_BEZIER_KNOTS.);
#1517 = CARTESIAN_POINT('',(4.540163934426,0.630327868852,3.19));
#1518 = CARTESIAN_POINT('',(4.537978142076,0.630327868852,3.19));
#1519 = CARTESIAN_POINT('',(4.535792349727,0.630327868852,3.19));
#1520 = CARTESIAN_POINT('',(4.533606557377,0.630327868852,3.19));
#1521 = ORIENTED_EDGE('',*,*,#1475,.T.);
#1522 = PLANE('',#1523);
#1523 = AXIS2_PLACEMENT_3D('',#1524,#1525,#1526);
#1524 = CARTESIAN_POINT('',(4.540163934426,0.630327868852,3.19));
#1525 = DIRECTION('',(0.,1.,0.));
#1526 = DIRECTION('',(0.,-0.,1.));
#1527 = ADVANCED_FACE('',(#1528,#1545),#1617,.F.);
#1528 = FACE_BOUND('',#1529,.T.);
#1529 = EDGE_LOOP('',(#1530));
#1530 = ORIENTED_EDGE('',*,*,#1531,.T.);
#1531 = EDGE_CURVE('',#1532,#1532,#1534,.T.);
#1532 = VERTEX_POINT('',#1533);
#1533 = CARTESIAN_POINT('',(3.745081967213,2.213114754098E-02,3.19));
#1534 = B_SPLINE_CURVE_WITH_KNOTS('',3,(#1535,#1536,#1537,#1538,#1539,
    #1540,#1541,#1542,#1543,#1544),.UNSPECIFIED.,.T.,.F.,(1,3,2,2,2,3,1)
  ,(-0.251057827927,0.,0.248942172073,0.497884344147,0.748942172073,1.,
    1.248942172073),.UNSPECIFIED.);
#1535 = CARTESIAN_POINT('',(3.745081967213,2.213114754098E-02,3.19));
#1536 = CARTESIAN_POINT('',(3.745081967213,0.600819672131,3.19));
#1537 = CARTESIAN_POINT('',(3.88606557377,0.782786885246,3.19));
#1538 = CARTESIAN_POINT('',(4.381147540984,0.782786885246,3.19));
#1539 = CARTESIAN_POINT('',(4.523770491803,0.600819672131,3.19));
#1540 = CARTESIAN_POINT('',(4.523770491803,-0.561475409836,3.19));
#1541 = CARTESIAN_POINT('',(4.381147540984,-0.741803278689,3.19));
#1542 = CARTESIAN_POINT('',(3.88606557377,-0.741803278689,3.19));
#1543 = CARTESIAN_POINT('',(3.745081967213,-0.561475409836,3.19));
#1544 = CARTESIAN_POINT('',(3.745081967213,2.213114754098E-02,3.19));
#1545 = FACE_BOUND('',#1546,.T.);
#1546 = EDGE_LOOP('',(#1547,#1548,#1549,#1564,#1573,#1587,#1596,#1610));
#1547 = ORIENTED_EDGE('',*,*,#1483,.T.);
#1548 = ORIENTED_EDGE('',*,*,#1515,.T.);
#1549 = ORIENTED_EDGE('',*,*,#1550,.T.);
#1550 = EDGE_CURVE('',#1508,#1551,#1553,.T.);
#1551 = VERTEX_POINT('',#1552);
#1552 = CARTESIAN_POINT('',(4.512295081967,-0.58606557377,3.19));
#1553 = B_SPLINE_CURVE_WITH_KNOTS('',3,(#1554,#1555,#1556,#1557,#1558,
    #1559,#1560,#1561,#1562,#1563),.UNSPECIFIED.,.F.,.F.,(4,2,2,2,4),(
    6.950539919117E-04,5.744477453301E-02,0.169113579469,0.298718824575,
    0.385867179044),.UNSPECIFIED.);
#1554 = CARTESIAN_POINT('',(4.533606557377,0.630327868852,3.19));
#1555 = CARTESIAN_POINT('',(4.468032786885,0.836885245902,3.19));
#1556 = CARTESIAN_POINT('',(4.310655737705,0.954918032787,3.19));
#1557 = CARTESIAN_POINT('',(3.70737704918,0.954918032787,3.19));
#1558 = CARTESIAN_POINT('',(3.523770491803,0.635245901639,3.19));
#1559 = CARTESIAN_POINT('',(3.523770491803,-0.731967213115,3.19));
#1560 = CARTESIAN_POINT('',(3.802459016393,-0.91393442623,3.19));
#1561 = CARTESIAN_POINT('',(4.279508196721,-0.91393442623,3.19));
#1562 = CARTESIAN_POINT('',(4.448360655738,-0.810655737705,3.19));
#1563 = CARTESIAN_POINT('',(4.512295081967,-0.58606557377,3.19));
#1564 = ORIENTED_EDGE('',*,*,#1565,.T.);
#1565 = EDGE_CURVE('',#1551,#1566,#1568,.T.);
#1566 = VERTEX_POINT('',#1567);
#1567 = CARTESIAN_POINT('',(4.523770491803,-0.58606557377,3.19));
#1568 = B_SPLINE_CURVE_WITH_KNOTS('',3,(#1569,#1570,#1571,#1572),
  .UNSPECIFIED.,.F.,.F.,(4,4),(0.385867179044,0.38708352353),
  .PIECEWISE_BEZIER_KNOTS.);
#1569 = CARTESIAN_POINT('',(4.512295081967,-0.58606557377,3.19));
#1570 = CARTESIAN_POINT('',(4.516120218579,-0.58606557377,3.19));
#1571 = CARTESIAN_POINT('',(4.519945355191,-0.58606557377,3.19));
#1572 = CARTESIAN_POINT('',(4.523770491803,-0.58606557377,3.19));
#1573 = ORIENTED_EDGE('',*,*,#1574,.T.);
#1574 = EDGE_CURVE('',#1566,#1575,#1577,.T.);
#1575 = VERTEX_POINT('',#1576);
#1576 = CARTESIAN_POINT('',(3.79262295082,-1.099180327869,3.19));
#1577 = B_SPLINE_CURVE_WITH_KNOTS('',3,(#1578,#1579,#1580,#1581,#1582,
    #1583,#1584,#1585,#1586),.UNSPECIFIED.,.F.,.F.,(4,3,2,4),(
    0.38708352353,0.417839662672,0.492100516057,0.545626196095),
  .UNSPECIFIED.);
#1578 = CARTESIAN_POINT('',(4.523770491803,-0.58606557377,3.19));
#1579 = CARTESIAN_POINT('',(4.523770491803,-0.682786885246,3.19));
#1580 = CARTESIAN_POINT('',(4.523770491803,-0.779508196721,3.19));
#1581 = CARTESIAN_POINT('',(4.523770491803,-0.876229508197,3.19));
#1582 = CARTESIAN_POINT('',(4.523770491803,-1.200819672131,3.19));
#1583 = CARTESIAN_POINT('',(4.389344262295,-1.37131147541,3.19));
#1584 = CARTESIAN_POINT('',(3.954918032787,-1.37131147541,3.19));
#1585 = CARTESIAN_POINT('',(3.79262295082,-1.272950819672,3.19));
#1586 = CARTESIAN_POINT('',(3.79262295082,-1.099180327869,3.19));
#1587 = ORIENTED_EDGE('',*,*,#1588,.T.);
#1588 = EDGE_CURVE('',#1575,#1589,#1591,.T.);
#1589 = VERTEX_POINT('',#1590);
#1590 = CARTESIAN_POINT('',(3.586065573771,-1.099180327869,3.19));
#1591 = B_SPLINE_CURVE_WITH_KNOTS('',3,(#1592,#1593,#1594,#1595),
  .UNSPECIFIED.,.F.,.F.,(4,4),(0.545626196095,0.56752039684),
  .PIECEWISE_BEZIER_KNOTS.);
#1592 = CARTESIAN_POINT('',(3.79262295082,-1.099180327869,3.19));
#1593 = CARTESIAN_POINT('',(3.723770491803,-1.099180327869,3.19));
#1594 = CARTESIAN_POINT('',(3.654918032787,-1.099180327869,3.19));
#1595 = CARTESIAN_POINT('',(3.586065573771,-1.099180327869,3.19));
#1596 = ORIENTED_EDGE('',*,*,#1597,.T.);
#1597 = EDGE_CURVE('',#1589,#1598,#1600,.T.);
#1598 = VERTEX_POINT('',#1599);
#1599 = CARTESIAN_POINT('',(4.730327868852,0.915573770492,3.19));
#1600 = B_SPLINE_CURVE_WITH_KNOTS('',3,(#1601,#1602,#1603,#1604,#1605,
    #1606,#1607,#1608,#1609),.UNSPECIFIED.,.F.,.F.,(4,2,3,4),(
    0.56752039684,0.661078865889,0.769589601681,0.949608585586),
  .UNSPECIFIED.);
#1601 = CARTESIAN_POINT('',(3.586065573771,-1.099180327869,3.19));
#1602 = CARTESIAN_POINT('',(3.589344262295,-1.358196721311,3.19));
#1603 = CARTESIAN_POINT('',(3.77131147541,-1.545081967213,3.19));
#1604 = CARTESIAN_POINT('',(4.546721311475,-1.545081967213,3.19));
#1605 = CARTESIAN_POINT('',(4.730327868852,-1.289344262295,3.19));
#1606 = CARTESIAN_POINT('',(4.730327868852,-0.782786885246,3.19));
#1607 = CARTESIAN_POINT('',(4.730327868852,-0.216666666667,3.19));
#1608 = CARTESIAN_POINT('',(4.730327868852,0.349453551913,3.19));
#1609 = CARTESIAN_POINT('',(4.730327868852,0.915573770492,3.19));
#1610 = ORIENTED_EDGE('',*,*,#1611,.T.);
#1611 = EDGE_CURVE('',#1598,#1484,#1612,.T.);
#1612 = B_SPLINE_CURVE_WITH_KNOTS('',3,(#1613,#1614,#1615,#1616),
  .UNSPECIFIED.,.F.,.F.,(4,4),(0.949608585586,0.969765151352),
  .PIECEWISE_BEZIER_KNOTS.);
#1613 = CARTESIAN_POINT('',(4.730327868852,0.915573770492,3.19));
#1614 = CARTESIAN_POINT('',(4.66693989071,0.915573770492,3.19));
#1615 = CARTESIAN_POINT('',(4.603551912568,0.915573770492,3.19));
#1616 = CARTESIAN_POINT('',(4.540163934426,0.915573770492,3.19));
#1617 = PLANE('',#1618);
#1618 = AXIS2_PLACEMENT_3D('',#1619,#1620,#1621);
#1619 = CARTESIAN_POINT('',(3.551077048575,-0.353160370966,3.19));
#1620 = DIRECTION('',(0.,0.,-1.));
#1621 = DIRECTION('',(-1.,0.,0.));
#1622 = ADVANCED_FACE('',(#1623),#1647,.F.);
#1623 = FACE_BOUND('',#1624,.F.);
#1624 = EDGE_LOOP('',(#1625,#1626,#1633,#1646));
#1625 = ORIENTED_EDGE('',*,*,#1531,.T.);
#1626 = ORIENTED_EDGE('',*,*,#1627,.T.);
#1627 = EDGE_CURVE('',#1532,#1628,#1630,.T.);
#1628 = VERTEX_POINT('',#1629);
#1629 = CARTESIAN_POINT('',(3.745081967213,2.213114754098E-02,3.2));
#1630 = B_SPLINE_CURVE_WITH_KNOTS('',1,(#1631,#1632),.UNSPECIFIED.,.F.,
  .F.,(2,2),(0.,1.E-02),.PIECEWISE_BEZIER_KNOTS.);
#1631 = CARTESIAN_POINT('',(3.745081967213,2.213114754098E-02,3.19));
#1632 = CARTESIAN_POINT('',(3.745081967213,2.213114754098E-02,3.2));
#1633 = ORIENTED_EDGE('',*,*,#1634,.F.);
#1634 = EDGE_CURVE('',#1628,#1628,#1635,.T.);
#1635 = B_SPLINE_CURVE_WITH_KNOTS('',3,(#1636,#1637,#1638,#1639,#1640,
    #1641,#1642,#1643,#1644,#1645),.UNSPECIFIED.,.T.,.F.,(1,3,2,2,2,3,1)
  ,(-0.251057827927,0.,0.248942172073,0.497884344147,0.748942172073,1.,
    1.248942172073),.UNSPECIFIED.);
#1636 = CARTESIAN_POINT('',(3.745081967213,2.213114754098E-02,3.2));
#1637 = CARTESIAN_POINT('',(3.745081967213,0.600819672131,3.2));
#1638 = CARTESIAN_POINT('',(3.88606557377,0.782786885246,3.2));
#1639 = CARTESIAN_POINT('',(4.381147540984,0.782786885246,3.2));
#1640 = CARTESIAN_POINT('',(4.523770491803,0.600819672131,3.2));
#1641 = CARTESIAN_POINT('',(4.523770491803,-0.561475409836,3.2));
#1642 = CARTESIAN_POINT('',(4.381147540984,-0.741803278689,3.2));
#1643 = CARTESIAN_POINT('',(3.88606557377,-0.741803278689,3.2));
#1644 = CARTESIAN_POINT('',(3.745081967213,-0.561475409836,3.2));
#1645 = CARTESIAN_POINT('',(3.745081967213,2.213114754098E-02,3.2));
#1646 = ORIENTED_EDGE('',*,*,#1627,.F.);
#1647 = SURFACE_OF_LINEAR_EXTRUSION('',#1648,#1659);
#1648 = B_SPLINE_CURVE_WITH_KNOTS('',3,(#1649,#1650,#1651,#1652,#1653,
    #1654,#1655,#1656,#1657,#1658),.UNSPECIFIED.,.T.,.F.,(1,3,2,2,2,3,1)
  ,(-0.251057827927,0.,0.248942172073,0.497884344147,0.748942172073,1.,
    1.248942172073),.UNSPECIFIED.);
#1649 = CARTESIAN_POINT('',(3.745081967213,2.213114754098E-02,3.19));
#1650 = CARTESIAN_POINT('',(3.745081967213,0.600819672131,3.19));
#1651 = CARTESIAN_POINT('',(3.88606557377,0.782786885246,3.19));
#1652 = CARTESIAN_POINT('',(4.381147540984,0.782786885246,3.19));
#1653 = CARTESIAN_POINT('',(4.523770491803,0.600819672131,3.19));
#1654 = CARTESIAN_POINT('',(4.523770491803,-0.561475409836,3.19));
#1655 = CARTESIAN_POINT('',(4.381147540984,-0.741803278689,3.19));
#1656 = CARTESIAN_POINT('',(3.88606557377,-0.741803278689,3.19));
#1657 = CARTESIAN_POINT('',(3.745081967213,-0.561475409836,3.19));
#1658 = CARTESIAN_POINT('',(3.745081967213,2.213114754098E-02,3.19));
#1659 = VECTOR('',#1660,1.);
#1660 = DIRECTION('',(0.,0.,1.));
#1661 = ADVANCED_FACE('',(#1662),#1673,.F.);
#1662 = FACE_BOUND('',#1663,.T.);
#1663 = EDGE_LOOP('',(#1664,#1665,#1666,#1667));
#1664 = ORIENTED_EDGE('',*,*,#767,.T.);
#1665 = ORIENTED_EDGE('',*,*,#1492,.F.);
#1666 = ORIENTED_EDGE('',*,*,#1611,.F.);
#1667 = ORIENTED_EDGE('',*,*,#1668,.T.);
#1668 = EDGE_CURVE('',#1598,#768,#1669,.T.);
#1669 = LINE('',#1670,#1671);
#1670 = CARTESIAN_POINT('',(4.730327868852,0.915573770492,3.19));
#1671 = VECTOR('',#1672,1.);
#1672 = DIRECTION('',(0.,0.,1.));
#1673 = PLANE('',#1674);
#1674 = AXIS2_PLACEMENT_3D('',#1675,#1676,#1677);
#1675 = CARTESIAN_POINT('',(4.730327868852,0.915573770492,3.19));
#1676 = DIRECTION('',(0.,1.,0.));
#1677 = DIRECTION('',(0.,-0.,1.));
#1678 = ADVANCED_FACE('',(#1679),#1690,.F.);
#1679 = FACE_BOUND('',#1680,.F.);
#1680 = EDGE_LOOP('',(#1681,#1687,#1688,#1689));
#1681 = ORIENTED_EDGE('',*,*,#1682,.F.);
#1682 = EDGE_CURVE('',#1589,#777,#1683,.T.);
#1683 = LINE('',#1684,#1685);
#1684 = CARTESIAN_POINT('',(3.586065573771,-1.099180327869,3.19));
#1685 = VECTOR('',#1686,1.);
#1686 = DIRECTION('',(0.,0.,1.));
#1687 = ORIENTED_EDGE('',*,*,#1597,.T.);
#1688 = ORIENTED_EDGE('',*,*,#1668,.T.);
#1689 = ORIENTED_EDGE('',*,*,#776,.F.);
#1690 = SURFACE_OF_LINEAR_EXTRUSION('',#1691,#1701);
#1691 = B_SPLINE_CURVE_WITH_KNOTS('',3,(#1692,#1693,#1694,#1695,#1696,
    #1697,#1698,#1699,#1700),.UNSPECIFIED.,.F.,.F.,(4,2,3,4),(
    0.56752039684,0.661078865889,0.769589601681,0.949608585586),
  .UNSPECIFIED.);
#1692 = CARTESIAN_POINT('',(3.586065573771,-1.099180327869,3.19));
#1693 = CARTESIAN_POINT('',(3.589344262295,-1.358196721311,3.19));
#1694 = CARTESIAN_POINT('',(3.77131147541,-1.545081967213,3.19));
#1695 = CARTESIAN_POINT('',(4.546721311475,-1.545081967213,3.19));
#1696 = CARTESIAN_POINT('',(4.730327868852,-1.289344262295,3.19));
#1697 = CARTESIAN_POINT('',(4.730327868852,-0.782786885246,3.19));
#1698 = CARTESIAN_POINT('',(4.730327868852,-0.216666666667,3.19));
#1699 = CARTESIAN_POINT('',(4.730327868852,0.349453551913,3.19));
#1700 = CARTESIAN_POINT('',(4.730327868852,0.915573770492,3.19));
#1701 = VECTOR('',#1702,1.);
#1702 = DIRECTION('',(0.,0.,1.));
#1703 = ADVANCED_FACE('',(#1704),#1715,.F.);
#1704 = FACE_BOUND('',#1705,.T.);
#1705 = EDGE_LOOP('',(#1706,#1707,#1708,#1709));
#1706 = ORIENTED_EDGE('',*,*,#790,.T.);
#1707 = ORIENTED_EDGE('',*,*,#1682,.F.);
#1708 = ORIENTED_EDGE('',*,*,#1588,.F.);
#1709 = ORIENTED_EDGE('',*,*,#1710,.T.);
#1710 = EDGE_CURVE('',#1575,#791,#1711,.T.);
#1711 = LINE('',#1712,#1713);
#1712 = CARTESIAN_POINT('',(3.79262295082,-1.099180327869,3.19));
#1713 = VECTOR('',#1714,1.);
#1714 = DIRECTION('',(0.,0.,1.));
#1715 = PLANE('',#1716);
#1716 = AXIS2_PLACEMENT_3D('',#1717,#1718,#1719);
#1717 = CARTESIAN_POINT('',(3.79262295082,-1.099180327869,3.19));
#1718 = DIRECTION('',(0.,1.,0.));
#1719 = DIRECTION('',(0.,-0.,1.));
#1720 = ADVANCED_FACE('',(#1721),#1732,.F.);
#1721 = FACE_BOUND('',#1722,.F.);
#1722 = EDGE_LOOP('',(#1723,#1729,#1730,#1731));
#1723 = ORIENTED_EDGE('',*,*,#1724,.F.);
#1724 = EDGE_CURVE('',#1566,#800,#1725,.T.);
#1725 = LINE('',#1726,#1727);
#1726 = CARTESIAN_POINT('',(4.523770491803,-0.58606557377,3.19));
#1727 = VECTOR('',#1728,1.);
#1728 = DIRECTION('',(0.,0.,1.));
#1729 = ORIENTED_EDGE('',*,*,#1574,.T.);
#1730 = ORIENTED_EDGE('',*,*,#1710,.T.);
#1731 = ORIENTED_EDGE('',*,*,#799,.F.);
#1732 = SURFACE_OF_LINEAR_EXTRUSION('',#1733,#1743);
#1733 = B_SPLINE_CURVE_WITH_KNOTS('',3,(#1734,#1735,#1736,#1737,#1738,
    #1739,#1740,#1741,#1742),.UNSPECIFIED.,.F.,.F.,(4,3,2,4),(
    0.38708352353,0.417839662672,0.492100516057,0.545626196095),
  .UNSPECIFIED.);
#1734 = CARTESIAN_POINT('',(4.523770491803,-0.58606557377,3.19));
#1735 = CARTESIAN_POINT('',(4.523770491803,-0.682786885246,3.19));
#1736 = CARTESIAN_POINT('',(4.523770491803,-0.779508196721,3.19));
#1737 = CARTESIAN_POINT('',(4.523770491803,-0.876229508197,3.19));
#1738 = CARTESIAN_POINT('',(4.523770491803,-1.200819672131,3.19));
#1739 = CARTESIAN_POINT('',(4.389344262295,-1.37131147541,3.19));
#1740 = CARTESIAN_POINT('',(3.954918032787,-1.37131147541,3.19));
#1741 = CARTESIAN_POINT('',(3.79262295082,-1.272950819672,3.19));
#1742 = CARTESIAN_POINT('',(3.79262295082,-1.099180327869,3.19));
#1743 = VECTOR('',#1744,1.);
#1744 = DIRECTION('',(0.,0.,1.));
#1745 = ADVANCED_FACE('',(#1746),#1757,.F.);
#1746 = FACE_BOUND('',#1747,.T.);
#1747 = EDGE_LOOP('',(#1748,#1749,#1750,#1751));
#1748 = ORIENTED_EDGE('',*,*,#813,.T.);
#1749 = ORIENTED_EDGE('',*,*,#1724,.F.);
#1750 = ORIENTED_EDGE('',*,*,#1565,.F.);
#1751 = ORIENTED_EDGE('',*,*,#1752,.T.);
#1752 = EDGE_CURVE('',#1551,#814,#1753,.T.);
#1753 = LINE('',#1754,#1755);
#1754 = CARTESIAN_POINT('',(4.512295081967,-0.58606557377,3.19));
#1755 = VECTOR('',#1756,1.);
#1756 = DIRECTION('',(0.,0.,1.));
#1757 = PLANE('',#1758);
#1758 = AXIS2_PLACEMENT_3D('',#1759,#1760,#1761);
#1759 = CARTESIAN_POINT('',(4.512295081967,-0.58606557377,3.19));
#1760 = DIRECTION('',(0.,-1.,0.));
#1761 = DIRECTION('',(0.,0.,-1.));
#1762 = ADVANCED_FACE('',(#1763),#1769,.F.);
#1763 = FACE_BOUND('',#1764,.F.);
#1764 = EDGE_LOOP('',(#1765,#1766,#1767,#1768));
#1765 = ORIENTED_EDGE('',*,*,#1507,.F.);
#1766 = ORIENTED_EDGE('',*,*,#1550,.T.);
#1767 = ORIENTED_EDGE('',*,*,#1752,.T.);
#1768 = ORIENTED_EDGE('',*,*,#822,.F.);
#1769 = SURFACE_OF_LINEAR_EXTRUSION('',#1770,#1781);
#1770 = B_SPLINE_CURVE_WITH_KNOTS('',3,(#1771,#1772,#1773,#1774,#1775,
    #1776,#1777,#1778,#1779,#1780),.UNSPECIFIED.,.F.,.F.,(4,2,2,2,4),(
    6.950539919117E-04,5.744477453301E-02,0.169113579469,0.298718824575,
    0.385867179044),.UNSPECIFIED.);
#1771 = CARTESIAN_POINT('',(4.533606557377,0.630327868852,3.19));
#1772 = CARTESIAN_POINT('',(4.468032786885,0.836885245902,3.19));
#1773 = CARTESIAN_POINT('',(4.310655737705,0.954918032787,3.19));
#1774 = CARTESIAN_POINT('',(3.70737704918,0.954918032787,3.19));
#1775 = CARTESIAN_POINT('',(3.523770491803,0.635245901639,3.19));
#1776 = CARTESIAN_POINT('',(3.523770491803,-0.731967213115,3.19));
#1777 = CARTESIAN_POINT('',(3.802459016393,-0.91393442623,3.19));
#1778 = CARTESIAN_POINT('',(4.279508196721,-0.91393442623,3.19));
#1779 = CARTESIAN_POINT('',(4.448360655738,-0.810655737705,3.19));
#1780 = CARTESIAN_POINT('',(4.512295081967,-0.58606557377,3.19));
#1781 = VECTOR('',#1782,1.);
#1782 = DIRECTION('',(0.,0.,1.));
#1783 = ADVANCED_FACE('',(#1784),#1818,.F.);
#1784 = FACE_BOUND('',#1785,.F.);
#1785 = EDGE_LOOP('',(#1786,#1794,#1811,#1817));
#1786 = ORIENTED_EDGE('',*,*,#1787,.F.);
#1787 = EDGE_CURVE('',#1788,#908,#1790,.T.);
#1788 = VERTEX_POINT('',#1789);
#1789 = CARTESIAN_POINT('',(2.279508196721,-0.91393442623,3.19));
#1790 = LINE('',#1791,#1792);
#1791 = CARTESIAN_POINT('',(2.279508196721,-0.91393442623,3.19));
#1792 = VECTOR('',#1793,1.);
#1793 = DIRECTION('',(0.,0.,1.));
#1794 = ORIENTED_EDGE('',*,*,#1795,.T.);
#1795 = EDGE_CURVE('',#1788,#1796,#1798,.T.);
#1796 = VERTEX_POINT('',#1797);
#1797 = CARTESIAN_POINT('',(2.995901639344,-0.91393442623,3.19));
#1798 = B_SPLINE_CURVE_WITH_KNOTS('',3,(#1799,#1800,#1801,#1802,#1803,
    #1804,#1805,#1806,#1807,#1808,#1809,#1810),.UNSPECIFIED.,.F.,.F.,(4,
    3,2,3,4),(2.236503389453E-02,0.155312735379,0.228504615467,
    0.291380861449,0.434446078267),.UNSPECIFIED.);
#1799 = CARTESIAN_POINT('',(2.279508196721,-0.91393442623,3.19));
#1800 = CARTESIAN_POINT('',(2.279508196721,-0.504644808743,3.19));
#1801 = CARTESIAN_POINT('',(2.279508196721,-9.535519125683E-02,3.19));
#1802 = CARTESIAN_POINT('',(2.279508196721,0.31393442623,3.19));
#1803 = CARTESIAN_POINT('',(2.279508196721,0.599180327869,3.19));
#1804 = CARTESIAN_POINT('',(2.438524590164,0.782786885246,3.19));
#1805 = CARTESIAN_POINT('',(2.89262295082,0.782786885246,3.19));
#1806 = CARTESIAN_POINT('',(2.995901639344,0.658196721311,3.19));
#1807 = CARTESIAN_POINT('',(2.995901639344,0.40737704918,3.19));
#1808 = CARTESIAN_POINT('',(2.995901639344,-3.306010928962E-02,3.19));
#1809 = CARTESIAN_POINT('',(2.995901639344,-0.47349726776,3.19));
#1810 = CARTESIAN_POINT('',(2.995901639344,-0.91393442623,3.19));
#1811 = ORIENTED_EDGE('',*,*,#1812,.T.);
#1812 = EDGE_CURVE('',#1796,#899,#1813,.T.);
#1813 = LINE('',#1814,#1815);
#1814 = CARTESIAN_POINT('',(2.995901639344,-0.91393442623,3.19));
#1815 = VECTOR('',#1816,1.);
#1816 = DIRECTION('',(0.,0.,1.));
#1817 = ORIENTED_EDGE('',*,*,#907,.F.);
#1818 = SURFACE_OF_LINEAR_EXTRUSION('',#1819,#1832);
#1819 = B_SPLINE_CURVE_WITH_KNOTS('',3,(#1820,#1821,#1822,#1823,#1824,
    #1825,#1826,#1827,#1828,#1829,#1830,#1831),.UNSPECIFIED.,.F.,.F.,(4,
    3,2,3,4),(2.236503389453E-02,0.155312735379,0.228504615467,
    0.291380861449,0.434446078267),.UNSPECIFIED.);
#1820 = CARTESIAN_POINT('',(2.279508196721,-0.91393442623,3.19));
#1821 = CARTESIAN_POINT('',(2.279508196721,-0.504644808743,3.19));
#1822 = CARTESIAN_POINT('',(2.279508196721,-9.535519125683E-02,3.19));
#1823 = CARTESIAN_POINT('',(2.279508196721,0.31393442623,3.19));
#1824 = CARTESIAN_POINT('',(2.279508196721,0.599180327869,3.19));
#1825 = CARTESIAN_POINT('',(2.438524590164,0.782786885246,3.19));
#1826 = CARTESIAN_POINT('',(2.89262295082,0.782786885246,3.19));
#1827 = CARTESIAN_POINT('',(2.995901639344,0.658196721311,3.19));
#1828 = CARTESIAN_POINT('',(2.995901639344,0.40737704918,3.19));
#1829 = CARTESIAN_POINT('',(2.995901639344,-3.306010928962E-02,3.19));
#1830 = CARTESIAN_POINT('',(2.995901639344,-0.47349726776,3.19));
#1831 = CARTESIAN_POINT('',(2.995901639344,-0.91393442623,3.19));
#1832 = VECTOR('',#1833,1.);
#1833 = DIRECTION('',(0.,0.,1.));
#1834 = ADVANCED_FACE('',(#1835),#1854,.F.);
#1835 = FACE_BOUND('',#1836,.T.);
#1836 = EDGE_LOOP('',(#1837,#1838,#1846,#1853));
#1837 = ORIENTED_EDGE('',*,*,#898,.T.);
#1838 = ORIENTED_EDGE('',*,*,#1839,.F.);
#1839 = EDGE_CURVE('',#1840,#885,#1842,.T.);
#1840 = VERTEX_POINT('',#1841);
#1841 = CARTESIAN_POINT('',(3.202459016393,-0.91393442623,3.19));
#1842 = LINE('',#1843,#1844);
#1843 = CARTESIAN_POINT('',(3.202459016393,-0.91393442623,3.19));
#1844 = VECTOR('',#1845,1.);
#1845 = DIRECTION('',(0.,0.,1.));
#1846 = ORIENTED_EDGE('',*,*,#1847,.F.);
#1847 = EDGE_CURVE('',#1796,#1840,#1848,.T.);
#1848 = B_SPLINE_CURVE_WITH_KNOTS('',3,(#1849,#1850,#1851,#1852),
  .UNSPECIFIED.,.F.,.F.,(4,4),(0.434446078267,0.456811112161),
  .PIECEWISE_BEZIER_KNOTS.);
#1849 = CARTESIAN_POINT('',(2.995901639344,-0.91393442623,3.19));
#1850 = CARTESIAN_POINT('',(3.064754098361,-0.91393442623,3.19));
#1851 = CARTESIAN_POINT('',(3.133606557377,-0.91393442623,3.19));
#1852 = CARTESIAN_POINT('',(3.202459016393,-0.91393442623,3.19));
#1853 = ORIENTED_EDGE('',*,*,#1812,.T.);
#1854 = PLANE('',#1855);
#1855 = AXIS2_PLACEMENT_3D('',#1856,#1857,#1858);
#1856 = CARTESIAN_POINT('',(2.995901639344,-0.91393442623,3.19));
#1857 = DIRECTION('',(0.,-1.,0.));
#1858 = DIRECTION('',(0.,0.,-1.));
#1859 = ADVANCED_FACE('',(#1860),#1879,.F.);
#1860 = FACE_BOUND('',#1861,.T.);
#1861 = EDGE_LOOP('',(#1862,#1863,#1864,#1873));
#1862 = ORIENTED_EDGE('',*,*,#924,.T.);
#1863 = ORIENTED_EDGE('',*,*,#1787,.F.);
#1864 = ORIENTED_EDGE('',*,*,#1865,.F.);
#1865 = EDGE_CURVE('',#1866,#1788,#1868,.T.);
#1866 = VERTEX_POINT('',#1867);
#1867 = CARTESIAN_POINT('',(2.072950819672,-0.91393442623,3.19));
#1868 = B_SPLINE_CURVE_WITH_KNOTS('',3,(#1869,#1870,#1871,#1872),
  .UNSPECIFIED.,.F.,.F.,(4,4),(0.,2.236503389453E-02),
  .PIECEWISE_BEZIER_KNOTS.);
#1869 = CARTESIAN_POINT('',(2.072950819672,-0.91393442623,3.19));
#1870 = CARTESIAN_POINT('',(2.141803278689,-0.91393442623,3.19));
#1871 = CARTESIAN_POINT('',(2.210655737705,-0.91393442623,3.19));
#1872 = CARTESIAN_POINT('',(2.279508196721,-0.91393442623,3.19));
#1873 = ORIENTED_EDGE('',*,*,#1874,.T.);
#1874 = EDGE_CURVE('',#1866,#849,#1875,.T.);
#1875 = LINE('',#1876,#1877);
#1876 = CARTESIAN_POINT('',(2.072950819672,-0.91393442623,3.19));
#1877 = VECTOR('',#1878,1.);
#1878 = DIRECTION('',(0.,0.,1.));
#1879 = PLANE('',#1880);
#1880 = AXIS2_PLACEMENT_3D('',#1881,#1882,#1883);
#1881 = CARTESIAN_POINT('',(2.072950819672,-0.91393442623,3.19));
#1882 = DIRECTION('',(0.,-1.,0.));
#1883 = DIRECTION('',(0.,0.,-1.));
#1884 = ADVANCED_FACE('',(#1885),#1904,.F.);
#1885 = FACE_BOUND('',#1886,.T.);
#1886 = EDGE_LOOP('',(#1887,#1888,#1889,#1898));
#1887 = ORIENTED_EDGE('',*,*,#846,.T.);
#1888 = ORIENTED_EDGE('',*,*,#1874,.F.);
#1889 = ORIENTED_EDGE('',*,*,#1890,.F.);
#1890 = EDGE_CURVE('',#1891,#1866,#1893,.T.);
#1891 = VERTEX_POINT('',#1892);
#1892 = CARTESIAN_POINT('',(2.072950819672,0.915573770492,3.19));
#1893 = B_SPLINE_CURVE_WITH_KNOTS('',3,(#1894,#1895,#1896,#1897),
  .UNSPECIFIED.,.F.,.F.,(4,4),(0.801909699791,1.),
  .PIECEWISE_BEZIER_KNOTS.);
#1894 = CARTESIAN_POINT('',(2.072950819672,0.915573770492,3.19));
#1895 = CARTESIAN_POINT('',(2.072950819672,0.305737704918,3.19));
#1896 = CARTESIAN_POINT('',(2.072950819672,-0.304098360656,3.19));
#1897 = CARTESIAN_POINT('',(2.072950819672,-0.91393442623,3.19));
#1898 = ORIENTED_EDGE('',*,*,#1899,.T.);
#1899 = EDGE_CURVE('',#1891,#847,#1900,.T.);
#1900 = LINE('',#1901,#1902);
#1901 = CARTESIAN_POINT('',(2.072950819672,0.915573770492,3.19));
#1902 = VECTOR('',#1903,1.);
#1903 = DIRECTION('',(0.,0.,1.));
#1904 = PLANE('',#1905);
#1905 = AXIS2_PLACEMENT_3D('',#1906,#1907,#1908);
#1906 = CARTESIAN_POINT('',(2.072950819672,0.915573770492,3.19));
#1907 = DIRECTION('',(-1.,0.,0.));
#1908 = DIRECTION('',(0.,0.,1.));
#1909 = ADVANCED_FACE('',(#1910),#1940,.F.);
#1910 = FACE_BOUND('',#1911,.T.);
#1911 = EDGE_LOOP('',(#1912,#1921,#1928,#1935));
#1912 = ORIENTED_EDGE('',*,*,#1913,.T.);
#1913 = EDGE_CURVE('',#1914,#1916,#1918,.T.);
#1914 = VERTEX_POINT('',#1915);
#1915 = CARTESIAN_POINT('',(1.45,0.915573770492,3.19));
#1916 = VERTEX_POINT('',#1917);
#1917 = CARTESIAN_POINT('',(1.45,-0.91393442623,3.19));
#1918 = B_SPLINE_CURVE_WITH_KNOTS('',1,(#1919,#1920),.UNSPECIFIED.,.F.,
  .F.,(2,2),(0.55108608206,1.),.PIECEWISE_BEZIER_KNOTS.);
#1919 = CARTESIAN_POINT('',(1.45,0.915573770492,3.19));
#1920 = CARTESIAN_POINT('',(1.45,-0.91393442623,3.19));
#1921 = ORIENTED_EDGE('',*,*,#1922,.T.);
#1922 = EDGE_CURVE('',#1916,#1923,#1925,.T.);
#1923 = VERTEX_POINT('',#1924);
#1924 = CARTESIAN_POINT('',(1.658196721311,-0.91393442623,3.19));
#1925 = B_SPLINE_CURVE_WITH_KNOTS('',1,(#1926,#1927),.UNSPECIFIED.,.F.,
  .F.,(2,2),(0.,5.108608205953E-02),.PIECEWISE_BEZIER_KNOTS.);
#1926 = CARTESIAN_POINT('',(1.45,-0.91393442623,3.19));
#1927 = CARTESIAN_POINT('',(1.658196721311,-0.91393442623,3.19));
#1928 = ORIENTED_EDGE('',*,*,#1929,.T.);
#1929 = EDGE_CURVE('',#1923,#1930,#1932,.T.);
#1930 = VERTEX_POINT('',#1931);
#1931 = CARTESIAN_POINT('',(1.658196721311,0.915573770492,3.19));
#1932 = B_SPLINE_CURVE_WITH_KNOTS('',1,(#1933,#1934),.UNSPECIFIED.,.F.,
  .F.,(2,2),(5.108608205953E-02,0.5),.PIECEWISE_BEZIER_KNOTS.);
#1933 = CARTESIAN_POINT('',(1.658196721311,-0.91393442623,3.19));
#1934 = CARTESIAN_POINT('',(1.658196721311,0.915573770492,3.19));
#1935 = ORIENTED_EDGE('',*,*,#1936,.T.);
#1936 = EDGE_CURVE('',#1930,#1914,#1937,.T.);
#1937 = B_SPLINE_CURVE_WITH_KNOTS('',1,(#1938,#1939),.UNSPECIFIED.,.F.,
  .F.,(2,2),(0.5,0.55108608206),.PIECEWISE_BEZIER_KNOTS.);
#1938 = CARTESIAN_POINT('',(1.658196721311,0.915573770492,3.19));
#1939 = CARTESIAN_POINT('',(1.45,0.915573770492,3.19));
#1940 = PLANE('',#1941);
#1941 = AXIS2_PLACEMENT_3D('',#1942,#1943,#1944);
#1942 = CARTESIAN_POINT('',(1.45,8.196721311475E-04,3.19));
#1943 = DIRECTION('',(0.,0.,-1.));
#1944 = DIRECTION('',(-1.,0.,0.));
#1945 = ADVANCED_FACE('',(#1946),#1962,.F.);
#1946 = FACE_BOUND('',#1947,.T.);
#1947 = EDGE_LOOP('',(#1948,#1949,#1955,#1956));
#1948 = ORIENTED_EDGE('',*,*,#942,.T.);
#1949 = ORIENTED_EDGE('',*,*,#1950,.F.);
#1950 = EDGE_CURVE('',#1914,#934,#1951,.T.);
#1951 = LINE('',#1952,#1953);
#1952 = CARTESIAN_POINT('',(1.45,0.915573770492,3.19));
#1953 = VECTOR('',#1954,1.);
#1954 = DIRECTION('',(0.,0.,1.));
#1955 = ORIENTED_EDGE('',*,*,#1936,.F.);
#1956 = ORIENTED_EDGE('',*,*,#1957,.T.);
#1957 = EDGE_CURVE('',#1930,#943,#1958,.T.);
#1958 = LINE('',#1959,#1960);
#1959 = CARTESIAN_POINT('',(1.658196721311,0.915573770492,3.19));
#1960 = VECTOR('',#1961,1.);
#1961 = DIRECTION('',(0.,0.,1.));
#1962 = PLANE('',#1963);
#1963 = AXIS2_PLACEMENT_3D('',#1964,#1965,#1966);
#1964 = CARTESIAN_POINT('',(1.658196721311,0.915573770492,3.19));
#1965 = DIRECTION('',(0.,1.,0.));
#1966 = DIRECTION('',(0.,-0.,1.));
#1967 = ADVANCED_FACE('',(#1968),#1979,.F.);
#1968 = FACE_BOUND('',#1969,.T.);
#1969 = EDGE_LOOP('',(#1970,#1971,#1972,#1973));
#1970 = ORIENTED_EDGE('',*,*,#949,.T.);
#1971 = ORIENTED_EDGE('',*,*,#1957,.F.);
#1972 = ORIENTED_EDGE('',*,*,#1929,.F.);
#1973 = ORIENTED_EDGE('',*,*,#1974,.T.);
#1974 = EDGE_CURVE('',#1923,#950,#1975,.T.);
#1975 = LINE('',#1976,#1977);
#1976 = CARTESIAN_POINT('',(1.658196721311,-0.91393442623,3.19));
#1977 = VECTOR('',#1978,1.);
#1978 = DIRECTION('',(0.,0.,1.));
#1979 = PLANE('',#1980);
#1980 = AXIS2_PLACEMENT_3D('',#1981,#1982,#1983);
#1981 = CARTESIAN_POINT('',(1.658196721311,-0.91393442623,3.19));
#1982 = DIRECTION('',(1.,0.,0.));
#1983 = DIRECTION('',(0.,0.,-1.));
#1984 = ADVANCED_FACE('',(#1985),#1996,.F.);
#1985 = FACE_BOUND('',#1986,.T.);
#1986 = EDGE_LOOP('',(#1987,#1988,#1989,#1990));
#1987 = ORIENTED_EDGE('',*,*,#956,.T.);
#1988 = ORIENTED_EDGE('',*,*,#1974,.F.);
#1989 = ORIENTED_EDGE('',*,*,#1922,.F.);
#1990 = ORIENTED_EDGE('',*,*,#1991,.T.);
#1991 = EDGE_CURVE('',#1916,#936,#1992,.T.);
#1992 = LINE('',#1993,#1994);
#1993 = CARTESIAN_POINT('',(1.45,-0.91393442623,3.19));
#1994 = VECTOR('',#1995,1.);
#1995 = DIRECTION('',(0.,0.,1.));
#1996 = PLANE('',#1997);
#1997 = AXIS2_PLACEMENT_3D('',#1998,#1999,#2000);
#1998 = CARTESIAN_POINT('',(1.45,-0.91393442623,3.19));
#1999 = DIRECTION('',(0.,-1.,0.));
#2000 = DIRECTION('',(0.,0.,-1.));
#2001 = ADVANCED_FACE('',(#2002),#2008,.F.);
#2002 = FACE_BOUND('',#2003,.T.);
#2003 = EDGE_LOOP('',(#2004,#2005,#2006,#2007));
#2004 = ORIENTED_EDGE('',*,*,#933,.T.);
#2005 = ORIENTED_EDGE('',*,*,#1991,.F.);
#2006 = ORIENTED_EDGE('',*,*,#1913,.F.);
#2007 = ORIENTED_EDGE('',*,*,#1950,.T.);
#2008 = PLANE('',#2009);
#2009 = AXIS2_PLACEMENT_3D('',#2010,#2011,#2012);
#2010 = CARTESIAN_POINT('',(1.45,0.915573770492,3.19));
#2011 = DIRECTION('',(-1.,0.,0.));
#2012 = DIRECTION('',(0.,0.,1.));
#2013 = ADVANCED_FACE('',(#2014),#2044,.F.);
#2014 = FACE_BOUND('',#2015,.T.);
#2015 = EDGE_LOOP('',(#2016,#2025,#2032,#2039));
#2016 = ORIENTED_EDGE('',*,*,#2017,.T.);
#2017 = EDGE_CURVE('',#2018,#2020,#2022,.T.);
#2018 = VERTEX_POINT('',#2019);
#2019 = CARTESIAN_POINT('',(1.45,1.545081967213,3.19));
#2020 = VERTEX_POINT('',#2021);
#2021 = CARTESIAN_POINT('',(1.45,1.194262295082,3.19));
#2022 = B_SPLINE_CURVE_WITH_KNOTS('',1,(#2023,#2024),.UNSPECIFIED.,.F.,
  .F.,(2,2),(0.686217008798,1.),.PIECEWISE_BEZIER_KNOTS.);
#2023 = CARTESIAN_POINT('',(1.45,1.545081967213,3.19));
#2024 = CARTESIAN_POINT('',(1.45,1.194262295082,3.19));
#2025 = ORIENTED_EDGE('',*,*,#2026,.T.);
#2026 = EDGE_CURVE('',#2020,#2027,#2029,.T.);
#2027 = VERTEX_POINT('',#2028);
#2028 = CARTESIAN_POINT('',(1.658196721311,1.194262295082,3.19));
#2029 = B_SPLINE_CURVE_WITH_KNOTS('',1,(#2030,#2031),.UNSPECIFIED.,.F.,
  .F.,(2,2),(0.,0.186217008798),.PIECEWISE_BEZIER_KNOTS.);
#2030 = CARTESIAN_POINT('',(1.45,1.194262295082,3.19));
#2031 = CARTESIAN_POINT('',(1.658196721311,1.194262295082,3.19));
#2032 = ORIENTED_EDGE('',*,*,#2033,.T.);
#2033 = EDGE_CURVE('',#2027,#2034,#2036,.T.);
#2034 = VERTEX_POINT('',#2035);
#2035 = CARTESIAN_POINT('',(1.658196721311,1.545081967213,3.19));
#2036 = B_SPLINE_CURVE_WITH_KNOTS('',1,(#2037,#2038),.UNSPECIFIED.,.F.,
  .F.,(2,2),(0.186217008798,0.5),.PIECEWISE_BEZIER_KNOTS.);
#2037 = CARTESIAN_POINT('',(1.658196721311,1.194262295082,3.19));
#2038 = CARTESIAN_POINT('',(1.658196721311,1.545081967213,3.19));
#2039 = ORIENTED_EDGE('',*,*,#2040,.T.);
#2040 = EDGE_CURVE('',#2034,#2018,#2041,.T.);
#2041 = B_SPLINE_CURVE_WITH_KNOTS('',1,(#2042,#2043),.UNSPECIFIED.,.F.,
  .F.,(2,2),(0.5,0.686217008798),.PIECEWISE_BEZIER_KNOTS.);
#2042 = CARTESIAN_POINT('',(1.658196721311,1.545081967213,3.19));
#2043 = CARTESIAN_POINT('',(1.45,1.545081967213,3.19));
#2044 = PLANE('',#2045);
#2045 = AXIS2_PLACEMENT_3D('',#2046,#2047,#2048);
#2046 = CARTESIAN_POINT('',(1.45,1.369672131148,3.19));
#2047 = DIRECTION('',(0.,0.,-1.));
#2048 = DIRECTION('',(-1.,0.,0.));
#2049 = ADVANCED_FACE('',(#2050),#2066,.F.);
#2050 = FACE_BOUND('',#2051,.T.);
#2051 = EDGE_LOOP('',(#2052,#2053,#2059,#2060));
#2052 = ORIENTED_EDGE('',*,*,#972,.T.);
#2053 = ORIENTED_EDGE('',*,*,#2054,.F.);
#2054 = EDGE_CURVE('',#2018,#964,#2055,.T.);
#2055 = LINE('',#2056,#2057);
#2056 = CARTESIAN_POINT('',(1.45,1.545081967213,3.19));
#2057 = VECTOR('',#2058,1.);
#2058 = DIRECTION('',(0.,0.,1.));
#2059 = ORIENTED_EDGE('',*,*,#2040,.F.);
#2060 = ORIENTED_EDGE('',*,*,#2061,.T.);
#2061 = EDGE_CURVE('',#2034,#973,#2062,.T.);
#2062 = LINE('',#2063,#2064);
#2063 = CARTESIAN_POINT('',(1.658196721311,1.545081967213,3.19));
#2064 = VECTOR('',#2065,1.);
#2065 = DIRECTION('',(0.,0.,1.));
#2066 = PLANE('',#2067);
#2067 = AXIS2_PLACEMENT_3D('',#2068,#2069,#2070);
#2068 = CARTESIAN_POINT('',(1.658196721311,1.545081967213,3.19));
#2069 = DIRECTION('',(0.,1.,0.));
#2070 = DIRECTION('',(0.,-0.,1.));
#2071 = ADVANCED_FACE('',(#2072),#2083,.F.);
#2072 = FACE_BOUND('',#2073,.T.);
#2073 = EDGE_LOOP('',(#2074,#2075,#2076,#2077));
#2074 = ORIENTED_EDGE('',*,*,#979,.T.);
#2075 = ORIENTED_EDGE('',*,*,#2061,.F.);
#2076 = ORIENTED_EDGE('',*,*,#2033,.F.);
#2077 = ORIENTED_EDGE('',*,*,#2078,.T.);
#2078 = EDGE_CURVE('',#2027,#980,#2079,.T.);
#2079 = LINE('',#2080,#2081);
#2080 = CARTESIAN_POINT('',(1.658196721311,1.194262295082,3.19));
#2081 = VECTOR('',#2082,1.);
#2082 = DIRECTION('',(0.,0.,1.));
#2083 = PLANE('',#2084);
#2084 = AXIS2_PLACEMENT_3D('',#2085,#2086,#2087);
#2085 = CARTESIAN_POINT('',(1.658196721311,1.194262295082,3.19));
#2086 = DIRECTION('',(1.,0.,0.));
#2087 = DIRECTION('',(0.,0.,-1.));
#2088 = ADVANCED_FACE('',(#2089),#2100,.F.);
#2089 = FACE_BOUND('',#2090,.T.);
#2090 = EDGE_LOOP('',(#2091,#2092,#2093,#2094));
#2091 = ORIENTED_EDGE('',*,*,#986,.T.);
#2092 = ORIENTED_EDGE('',*,*,#2078,.F.);
#2093 = ORIENTED_EDGE('',*,*,#2026,.F.);
#2094 = ORIENTED_EDGE('',*,*,#2095,.T.);
#2095 = EDGE_CURVE('',#2020,#966,#2096,.T.);
#2096 = LINE('',#2097,#2098);
#2097 = CARTESIAN_POINT('',(1.45,1.194262295082,3.19));
#2098 = VECTOR('',#2099,1.);
#2099 = DIRECTION('',(0.,0.,1.));
#2100 = PLANE('',#2101);
#2101 = AXIS2_PLACEMENT_3D('',#2102,#2103,#2104);
#2102 = CARTESIAN_POINT('',(1.45,1.194262295082,3.19));
#2103 = DIRECTION('',(0.,-1.,0.));
#2104 = DIRECTION('',(0.,0.,-1.));
#2105 = ADVANCED_FACE('',(#2106),#2112,.F.);
#2106 = FACE_BOUND('',#2107,.T.);
#2107 = EDGE_LOOP('',(#2108,#2109,#2110,#2111));
#2108 = ORIENTED_EDGE('',*,*,#963,.T.);
#2109 = ORIENTED_EDGE('',*,*,#2095,.F.);
#2110 = ORIENTED_EDGE('',*,*,#2017,.F.);
#2111 = ORIENTED_EDGE('',*,*,#2054,.T.);
#2112 = PLANE('',#2113);
#2113 = AXIS2_PLACEMENT_3D('',#2114,#2115,#2116);
#2114 = CARTESIAN_POINT('',(1.45,1.545081967213,3.19));
#2115 = DIRECTION('',(-1.,0.,0.));
#2116 = DIRECTION('',(0.,0.,1.));
#2117 = ADVANCED_FACE('',(#2118),#2211,.F.);
#2118 = FACE_BOUND('',#2119,.T.);
#2119 = EDGE_LOOP('',(#2120,#2129,#2136,#2143,#2150,#2157,#2164,#2171,
    #2178,#2185,#2192,#2199,#2206));
#2120 = ORIENTED_EDGE('',*,*,#2121,.T.);
#2121 = EDGE_CURVE('',#2122,#2124,#2126,.T.);
#2122 = VERTEX_POINT('',#2123);
#2123 = CARTESIAN_POINT('',(1.72131147541E-02,1.545081967213,3.19));
#2124 = VERTEX_POINT('',#2125);
#2125 = CARTESIAN_POINT('',(1.72131147541E-02,-0.91393442623,3.19));
#2126 = B_SPLINE_CURVE_WITH_KNOTS('',1,(#2127,#2128),.UNSPECIFIED.,.F.,
  .F.,(2,2),(0.764666333132,1.),.PIECEWISE_BEZIER_KNOTS.);
#2127 = CARTESIAN_POINT('',(1.72131147541E-02,1.545081967213,3.19));
#2128 = CARTESIAN_POINT('',(1.72131147541E-02,-0.91393442623,3.19));
#2129 = ORIENTED_EDGE('',*,*,#2130,.T.);
#2130 = EDGE_CURVE('',#2124,#2131,#2133,.T.);
#2131 = VERTEX_POINT('',#2132);
#2132 = CARTESIAN_POINT('',(0.223770491803,-0.91393442623,3.19));
#2133 = B_SPLINE_CURVE_WITH_KNOTS('',1,(#2134,#2135),.UNSPECIFIED.,.F.,
  .F.,(2,2),(0.,1.976802801689E-02),.PIECEWISE_BEZIER_KNOTS.);
#2134 = CARTESIAN_POINT('',(1.72131147541E-02,-0.91393442623,3.19));
#2135 = CARTESIAN_POINT('',(0.223770491803,-0.91393442623,3.19));
#2136 = ORIENTED_EDGE('',*,*,#2137,.T.);
#2137 = EDGE_CURVE('',#2131,#2138,#2140,.T.);
#2138 = VERTEX_POINT('',#2139);
#2139 = CARTESIAN_POINT('',(0.223770491803,-0.274590163934,3.19));
#2140 = B_SPLINE_CURVE_WITH_KNOTS('',1,(#2141,#2142),.UNSPECIFIED.,.F.,
  .F.,(2,2),(1.976802801689E-02,8.095478140252E-02),
  .PIECEWISE_BEZIER_KNOTS.);
#2141 = CARTESIAN_POINT('',(0.223770491803,-0.91393442623,3.19));
#2142 = CARTESIAN_POINT('',(0.223770491803,-0.274590163934,3.19));
#2143 = ORIENTED_EDGE('',*,*,#2144,.T.);
#2144 = EDGE_CURVE('',#2138,#2145,#2147,.T.);
#2145 = VERTEX_POINT('',#2146);
#2146 = CARTESIAN_POINT('',(0.495901639344,5.E-02,3.19));
#2147 = B_SPLINE_CURVE_WITH_KNOTS('',1,(#2148,#2149),.UNSPECIFIED.,.F.,
  .F.,(2,2),(8.095478140252E-02,0.121491721838),
  .PIECEWISE_BEZIER_KNOTS.);
#2148 = CARTESIAN_POINT('',(0.223770491803,-0.274590163934,3.19));
#2149 = CARTESIAN_POINT('',(0.495901639344,5.E-02,3.19));
#2150 = ORIENTED_EDGE('',*,*,#2151,.T.);
#2151 = EDGE_CURVE('',#2145,#2152,#2154,.T.);
#2152 = VERTEX_POINT('',#2153);
#2153 = CARTESIAN_POINT('',(1.040163934426,-0.91393442623,3.19));
#2154 = B_SPLINE_CURVE_WITH_KNOTS('',1,(#2155,#2156),.UNSPECIFIED.,.F.,
  .F.,(2,2),(0.121491721838,0.227431725885),.PIECEWISE_BEZIER_KNOTS.);
#2155 = CARTESIAN_POINT('',(0.495901639344,5.E-02,3.19));
#2156 = CARTESIAN_POINT('',(1.040163934426,-0.91393442623,3.19));
#2157 = ORIENTED_EDGE('',*,*,#2158,.T.);
#2158 = EDGE_CURVE('',#2152,#2159,#2161,.T.);
#2159 = VERTEX_POINT('',#2160);
#2160 = CARTESIAN_POINT('',(1.294262295082,-0.91393442623,3.19));
#2161 = B_SPLINE_CURVE_WITH_KNOTS('',1,(#2162,#2163),.UNSPECIFIED.,.F.,
  .F.,(2,2),(0.227431725885,0.251749538128),.PIECEWISE_BEZIER_KNOTS.);
#2162 = CARTESIAN_POINT('',(1.040163934426,-0.91393442623,3.19));
#2163 = CARTESIAN_POINT('',(1.294262295082,-0.91393442623,3.19));
#2164 = ORIENTED_EDGE('',*,*,#2165,.T.);
#2165 = EDGE_CURVE('',#2159,#2166,#2168,.T.);
#2166 = VERTEX_POINT('',#2167);
#2167 = CARTESIAN_POINT('',(0.643442622951,0.235245901639,3.19));
#2168 = B_SPLINE_CURVE_WITH_KNOTS('',1,(#2169,#2170),.UNSPECIFIED.,.F.,
  .F.,(2,2),(0.251749538128,0.378141221187),.PIECEWISE_BEZIER_KNOTS.);
#2169 = CARTESIAN_POINT('',(1.294262295082,-0.91393442623,3.19));
#2170 = CARTESIAN_POINT('',(0.643442622951,0.235245901639,3.19));
#2171 = ORIENTED_EDGE('',*,*,#2172,.T.);
#2172 = EDGE_CURVE('',#2166,#2173,#2175,.T.);
#2173 = VERTEX_POINT('',#2174);
#2174 = CARTESIAN_POINT('',(1.194262295082,0.915573770492,3.19));
#2175 = B_SPLINE_CURVE_WITH_KNOTS('',1,(#2176,#2177),.UNSPECIFIED.,.F.,
  .F.,(2,2),(0.378141221187,0.461914864937),.PIECEWISE_BEZIER_KNOTS.);
#2176 = CARTESIAN_POINT('',(0.643442622951,0.235245901639,3.19));
#2177 = CARTESIAN_POINT('',(1.194262295082,0.915573770492,3.19));
#2178 = ORIENTED_EDGE('',*,*,#2179,.T.);
#2179 = EDGE_CURVE('',#2173,#2180,#2182,.T.);
#2180 = VERTEX_POINT('',#2181);
#2181 = CARTESIAN_POINT('',(0.940163934426,0.915573770492,3.19));
#2182 = B_SPLINE_CURVE_WITH_KNOTS('',1,(#2183,#2184),.UNSPECIFIED.,.F.,
  .F.,(2,2),(0.461914864937,0.48623267718),.PIECEWISE_BEZIER_KNOTS.);
#2183 = CARTESIAN_POINT('',(1.194262295082,0.915573770492,3.19));
#2184 = CARTESIAN_POINT('',(0.940163934426,0.915573770492,3.19));
#2185 = ORIENTED_EDGE('',*,*,#2186,.T.);
#2186 = EDGE_CURVE('',#2180,#2187,#2189,.T.);
#2187 = VERTEX_POINT('',#2188);
#2188 = CARTESIAN_POINT('',(0.230327868852,4.098360655738E-03,3.19));
#2189 = B_SPLINE_CURVE_WITH_KNOTS('',1,(#2190,#2191),.UNSPECIFIED.,.F.,
  .F.,(2,2),(0.48623267718,0.5967949841),.PIECEWISE_BEZIER_KNOTS.);
#2190 = CARTESIAN_POINT('',(0.940163934426,0.915573770492,3.19));
#2191 = CARTESIAN_POINT('',(0.230327868852,4.098360655738E-03,3.19));
#2192 = ORIENTED_EDGE('',*,*,#2193,.T.);
#2193 = EDGE_CURVE('',#2187,#2194,#2196,.T.);
#2194 = VERTEX_POINT('',#2195);
#2195 = CARTESIAN_POINT('',(0.223770491803,4.098360655738E-03,3.19));
#2196 = B_SPLINE_CURVE_WITH_KNOTS('',1,(#2197,#2198),.UNSPECIFIED.,.F.,
  .F.,(2,2),(0.5967949841,0.597422540545),.PIECEWISE_BEZIER_KNOTS.);
#2197 = CARTESIAN_POINT('',(0.230327868852,4.098360655738E-03,3.19));
#2198 = CARTESIAN_POINT('',(0.223770491803,4.098360655738E-03,3.19));
#2199 = ORIENTED_EDGE('',*,*,#2200,.T.);
#2200 = EDGE_CURVE('',#2194,#2201,#2203,.T.);
#2201 = VERTEX_POINT('',#2202);
#2202 = CARTESIAN_POINT('',(0.223770491803,1.545081967213,3.19));
#2203 = B_SPLINE_CURVE_WITH_KNOTS('',1,(#2204,#2205),.UNSPECIFIED.,.F.,
  .F.,(2,2),(0.597422540545,0.744898305115),.PIECEWISE_BEZIER_KNOTS.);
#2204 = CARTESIAN_POINT('',(0.223770491803,4.098360655738E-03,3.19));
#2205 = CARTESIAN_POINT('',(0.223770491803,1.545081967213,3.19));
#2206 = ORIENTED_EDGE('',*,*,#2207,.T.);
#2207 = EDGE_CURVE('',#2201,#2122,#2208,.T.);
#2208 = B_SPLINE_CURVE_WITH_KNOTS('',1,(#2209,#2210),.UNSPECIFIED.,.F.,
  .F.,(2,2),(0.744898305115,0.764666333132),.PIECEWISE_BEZIER_KNOTS.);
#2209 = CARTESIAN_POINT('',(0.223770491803,1.545081967213,3.19));
#2210 = CARTESIAN_POINT('',(1.72131147541E-02,1.545081967213,3.19));
#2211 = PLANE('',#2212);
#2212 = AXIS2_PLACEMENT_3D('',#2213,#2214,#2215);
#2213 = CARTESIAN_POINT('',(1.72131147541E-02,0.315573770492,3.19));
#2214 = DIRECTION('',(0.,0.,-1.));
#2215 = DIRECTION('',(-1.,0.,0.));
#2216 = ADVANCED_FACE('',(#2217),#2233,.F.);
#2217 = FACE_BOUND('',#2218,.T.);
#2218 = EDGE_LOOP('',(#2219,#2220,#2226,#2227));
#2219 = ORIENTED_EDGE('',*,*,#1002,.T.);
#2220 = ORIENTED_EDGE('',*,*,#2221,.F.);
#2221 = EDGE_CURVE('',#2122,#994,#2222,.T.);
#2222 = LINE('',#2223,#2224);
#2223 = CARTESIAN_POINT('',(1.72131147541E-02,1.545081967213,3.19));
#2224 = VECTOR('',#2225,1.);
#2225 = DIRECTION('',(0.,0.,1.));
#2226 = ORIENTED_EDGE('',*,*,#2207,.F.);
#2227 = ORIENTED_EDGE('',*,*,#2228,.T.);
#2228 = EDGE_CURVE('',#2201,#1003,#2229,.T.);
#2229 = LINE('',#2230,#2231);
#2230 = CARTESIAN_POINT('',(0.223770491803,1.545081967213,3.19));
#2231 = VECTOR('',#2232,1.);
#2232 = DIRECTION('',(0.,0.,1.));
#2233 = PLANE('',#2234);
#2234 = AXIS2_PLACEMENT_3D('',#2235,#2236,#2237);
#2235 = CARTESIAN_POINT('',(0.223770491803,1.545081967213,3.19));
#2236 = DIRECTION('',(0.,1.,0.));
#2237 = DIRECTION('',(0.,-0.,1.));
#2238 = ADVANCED_FACE('',(#2239),#2250,.F.);
#2239 = FACE_BOUND('',#2240,.T.);
#2240 = EDGE_LOOP('',(#2241,#2242,#2243,#2244));
#2241 = ORIENTED_EDGE('',*,*,#1009,.T.);
#2242 = ORIENTED_EDGE('',*,*,#2228,.F.);
#2243 = ORIENTED_EDGE('',*,*,#2200,.F.);
#2244 = ORIENTED_EDGE('',*,*,#2245,.T.);
#2245 = EDGE_CURVE('',#2194,#1010,#2246,.T.);
#2246 = LINE('',#2247,#2248);
#2247 = CARTESIAN_POINT('',(0.223770491803,4.098360655738E-03,3.19));
#2248 = VECTOR('',#2249,1.);
#2249 = DIRECTION('',(0.,0.,1.));
#2250 = PLANE('',#2251);
#2251 = AXIS2_PLACEMENT_3D('',#2252,#2253,#2254);
#2252 = CARTESIAN_POINT('',(0.223770491803,4.098360655738E-03,3.19));
#2253 = DIRECTION('',(1.,0.,0.));
#2254 = DIRECTION('',(0.,0.,-1.));
#2255 = ADVANCED_FACE('',(#2256),#2267,.F.);
#2256 = FACE_BOUND('',#2257,.T.);
#2257 = EDGE_LOOP('',(#2258,#2259,#2260,#2261));
#2258 = ORIENTED_EDGE('',*,*,#1016,.T.);
#2259 = ORIENTED_EDGE('',*,*,#2245,.F.);
#2260 = ORIENTED_EDGE('',*,*,#2193,.F.);
#2261 = ORIENTED_EDGE('',*,*,#2262,.T.);
#2262 = EDGE_CURVE('',#2187,#1017,#2263,.T.);
#2263 = LINE('',#2264,#2265);
#2264 = CARTESIAN_POINT('',(0.230327868852,4.098360655738E-03,3.19));
#2265 = VECTOR('',#2266,1.);
#2266 = DIRECTION('',(0.,0.,1.));
#2267 = PLANE('',#2268);
#2268 = AXIS2_PLACEMENT_3D('',#2269,#2270,#2271);
#2269 = CARTESIAN_POINT('',(0.230327868852,4.098360655738E-03,3.19));
#2270 = DIRECTION('',(0.,1.,0.));
#2271 = DIRECTION('',(0.,-0.,1.));
#2272 = ADVANCED_FACE('',(#2273),#2284,.F.);
#2273 = FACE_BOUND('',#2274,.T.);
#2274 = EDGE_LOOP('',(#2275,#2276,#2277,#2278));
#2275 = ORIENTED_EDGE('',*,*,#1023,.T.);
#2276 = ORIENTED_EDGE('',*,*,#2262,.F.);
#2277 = ORIENTED_EDGE('',*,*,#2186,.F.);
#2278 = ORIENTED_EDGE('',*,*,#2279,.T.);
#2279 = EDGE_CURVE('',#2180,#1024,#2280,.T.);
#2280 = LINE('',#2281,#2282);
#2281 = CARTESIAN_POINT('',(0.940163934426,0.915573770492,3.19));
#2282 = VECTOR('',#2283,1.);
#2283 = DIRECTION('',(0.,0.,1.));
#2284 = PLANE('',#2285);
#2285 = AXIS2_PLACEMENT_3D('',#2286,#2287,#2288);
#2286 = CARTESIAN_POINT('',(0.940163934426,0.915573770492,3.19));
#2287 = DIRECTION('',(-0.788970023168,0.614431690705,0.));
#2288 = DIRECTION('',(-0.614431690705,-0.788970023168,0.));
#2289 = ADVANCED_FACE('',(#2290),#2301,.F.);
#2290 = FACE_BOUND('',#2291,.T.);
#2291 = EDGE_LOOP('',(#2292,#2293,#2294,#2295));
#2292 = ORIENTED_EDGE('',*,*,#1030,.T.);
#2293 = ORIENTED_EDGE('',*,*,#2279,.F.);
#2294 = ORIENTED_EDGE('',*,*,#2179,.F.);
#2295 = ORIENTED_EDGE('',*,*,#2296,.T.);
#2296 = EDGE_CURVE('',#2173,#1031,#2297,.T.);
#2297 = LINE('',#2298,#2299);
#2298 = CARTESIAN_POINT('',(1.194262295082,0.915573770492,3.19));
#2299 = VECTOR('',#2300,1.);
#2300 = DIRECTION('',(0.,0.,1.));
#2301 = PLANE('',#2302);
#2302 = AXIS2_PLACEMENT_3D('',#2303,#2304,#2305);
#2303 = CARTESIAN_POINT('',(1.194262295082,0.915573770492,3.19));
#2304 = DIRECTION('',(0.,1.,0.));
#2305 = DIRECTION('',(0.,-0.,1.));
#2306 = ADVANCED_FACE('',(#2307),#2318,.F.);
#2307 = FACE_BOUND('',#2308,.T.);
#2308 = EDGE_LOOP('',(#2309,#2310,#2311,#2312));
#2309 = ORIENTED_EDGE('',*,*,#1037,.T.);
#2310 = ORIENTED_EDGE('',*,*,#2296,.F.);
#2311 = ORIENTED_EDGE('',*,*,#2172,.F.);
#2312 = ORIENTED_EDGE('',*,*,#2313,.T.);
#2313 = EDGE_CURVE('',#2166,#1038,#2314,.T.);
#2314 = LINE('',#2315,#2316);
#2315 = CARTESIAN_POINT('',(0.643442622951,0.235245901639,3.19));
#2316 = VECTOR('',#2317,1.);
#2317 = DIRECTION('',(0.,0.,1.));
#2318 = PLANE('',#2319);
#2319 = AXIS2_PLACEMENT_3D('',#2320,#2321,#2322);
#2320 = CARTESIAN_POINT('',(0.643442622951,0.235245901639,3.19));
#2321 = DIRECTION('',(0.777201256293,-0.62925210148,0.));
#2322 = DIRECTION('',(0.62925210148,0.777201256293,0.));
#2323 = ADVANCED_FACE('',(#2324),#2335,.F.);
#2324 = FACE_BOUND('',#2325,.T.);
#2325 = EDGE_LOOP('',(#2326,#2327,#2328,#2329));
#2326 = ORIENTED_EDGE('',*,*,#1044,.T.);
#2327 = ORIENTED_EDGE('',*,*,#2313,.F.);
#2328 = ORIENTED_EDGE('',*,*,#2165,.F.);
#2329 = ORIENTED_EDGE('',*,*,#2330,.T.);
#2330 = EDGE_CURVE('',#2159,#1045,#2331,.T.);
#2331 = LINE('',#2332,#2333);
#2332 = CARTESIAN_POINT('',(1.294262295082,-0.91393442623,3.19));
#2333 = VECTOR('',#2334,1.);
#2334 = DIRECTION('',(0.,0.,1.));
#2335 = PLANE('',#2336);
#2336 = AXIS2_PLACEMENT_3D('',#2337,#2338,#2339);
#2337 = CARTESIAN_POINT('',(1.294262295082,-0.91393442623,3.19));
#2338 = DIRECTION('',(0.870146391924,0.492793320391,0.));
#2339 = DIRECTION('',(-0.492793320391,0.870146391924,0.));
#2340 = ADVANCED_FACE('',(#2341),#2352,.F.);
#2341 = FACE_BOUND('',#2342,.T.);
#2342 = EDGE_LOOP('',(#2343,#2344,#2345,#2346));
#2343 = ORIENTED_EDGE('',*,*,#1051,.T.);
#2344 = ORIENTED_EDGE('',*,*,#2330,.F.);
#2345 = ORIENTED_EDGE('',*,*,#2158,.F.);
#2346 = ORIENTED_EDGE('',*,*,#2347,.T.);
#2347 = EDGE_CURVE('',#2152,#1052,#2348,.T.);
#2348 = LINE('',#2349,#2350);
#2349 = CARTESIAN_POINT('',(1.040163934426,-0.91393442623,3.19));
#2350 = VECTOR('',#2351,1.);
#2351 = DIRECTION('',(0.,0.,1.));
#2352 = PLANE('',#2353);
#2353 = AXIS2_PLACEMENT_3D('',#2354,#2355,#2356);
#2354 = CARTESIAN_POINT('',(1.040163934426,-0.91393442623,3.19));
#2355 = DIRECTION('',(0.,-1.,0.));
#2356 = DIRECTION('',(0.,0.,-1.));
#2357 = ADVANCED_FACE('',(#2358),#2369,.F.);
#2358 = FACE_BOUND('',#2359,.T.);
#2359 = EDGE_LOOP('',(#2360,#2361,#2362,#2363));
#2360 = ORIENTED_EDGE('',*,*,#1058,.T.);
#2361 = ORIENTED_EDGE('',*,*,#2347,.F.);
#2362 = ORIENTED_EDGE('',*,*,#2151,.F.);
#2363 = ORIENTED_EDGE('',*,*,#2364,.T.);
#2364 = EDGE_CURVE('',#2145,#1059,#2365,.T.);
#2365 = LINE('',#2366,#2367);
#2366 = CARTESIAN_POINT('',(0.495901639344,5.E-02,3.19));
#2367 = VECTOR('',#2368,1.);
#2368 = DIRECTION('',(0.,0.,1.));
#2369 = PLANE('',#2370);
#2370 = AXIS2_PLACEMENT_3D('',#2371,#2372,#2373);
#2371 = CARTESIAN_POINT('',(0.495901639344,5.E-02,3.19));
#2372 = DIRECTION('',(-0.870783404646,-0.49166682031,0.));
#2373 = DIRECTION('',(0.49166682031,-0.870783404646,0.));
#2374 = ADVANCED_FACE('',(#2375),#2386,.F.);
#2375 = FACE_BOUND('',#2376,.T.);
#2376 = EDGE_LOOP('',(#2377,#2378,#2379,#2380));
#2377 = ORIENTED_EDGE('',*,*,#1065,.T.);
#2378 = ORIENTED_EDGE('',*,*,#2364,.F.);
#2379 = ORIENTED_EDGE('',*,*,#2144,.F.);
#2380 = ORIENTED_EDGE('',*,*,#2381,.T.);
#2381 = EDGE_CURVE('',#2138,#1066,#2382,.T.);
#2382 = LINE('',#2383,#2384);
#2383 = CARTESIAN_POINT('',(0.223770491803,-0.274590163934,3.19));
#2384 = VECTOR('',#2385,1.);
#2385 = DIRECTION('',(0.,0.,1.));
#2386 = PLANE('',#2387);
#2387 = AXIS2_PLACEMENT_3D('',#2388,#2389,#2390);
#2388 = CARTESIAN_POINT('',(0.223770491803,-0.274590163934,3.19));
#2389 = DIRECTION('',(0.766314470036,-0.642465666798,0.));
#2390 = DIRECTION('',(0.642465666798,0.766314470036,0.));
#2391 = ADVANCED_FACE('',(#2392),#2403,.F.);
#2392 = FACE_BOUND('',#2393,.T.);
#2393 = EDGE_LOOP('',(#2394,#2395,#2396,#2397));
#2394 = ORIENTED_EDGE('',*,*,#1072,.T.);
#2395 = ORIENTED_EDGE('',*,*,#2381,.F.);
#2396 = ORIENTED_EDGE('',*,*,#2137,.F.);
#2397 = ORIENTED_EDGE('',*,*,#2398,.T.);
#2398 = EDGE_CURVE('',#2131,#1073,#2399,.T.);
#2399 = LINE('',#2400,#2401);
#2400 = CARTESIAN_POINT('',(0.223770491803,-0.91393442623,3.19));
#2401 = VECTOR('',#2402,1.);
#2402 = DIRECTION('',(0.,0.,1.));
#2403 = PLANE('',#2404);
#2404 = AXIS2_PLACEMENT_3D('',#2405,#2406,#2407);
#2405 = CARTESIAN_POINT('',(0.223770491803,-0.91393442623,3.19));
#2406 = DIRECTION('',(1.,0.,0.));
#2407 = DIRECTION('',(0.,0.,-1.));
#2408 = ADVANCED_FACE('',(#2409),#2420,.F.);
#2409 = FACE_BOUND('',#2410,.T.);
#2410 = EDGE_LOOP('',(#2411,#2412,#2413,#2414));
#2411 = ORIENTED_EDGE('',*,*,#1079,.T.);
#2412 = ORIENTED_EDGE('',*,*,#2398,.F.);
#2413 = ORIENTED_EDGE('',*,*,#2130,.F.);
#2414 = ORIENTED_EDGE('',*,*,#2415,.T.);
#2415 = EDGE_CURVE('',#2124,#996,#2416,.T.);
#2416 = LINE('',#2417,#2418);
#2417 = CARTESIAN_POINT('',(1.72131147541E-02,-0.91393442623,3.19));
#2418 = VECTOR('',#2419,1.);
#2419 = DIRECTION('',(0.,0.,1.));
#2420 = PLANE('',#2421);
#2421 = AXIS2_PLACEMENT_3D('',#2422,#2423,#2424);
#2422 = CARTESIAN_POINT('',(1.72131147541E-02,-0.91393442623,3.19));
#2423 = DIRECTION('',(0.,-1.,0.));
#2424 = DIRECTION('',(0.,0.,-1.));
#2425 = ADVANCED_FACE('',(#2426),#2432,.F.);
#2426 = FACE_BOUND('',#2427,.T.);
#2427 = EDGE_LOOP('',(#2428,#2429,#2430,#2431));
#2428 = ORIENTED_EDGE('',*,*,#993,.T.);
#2429 = ORIENTED_EDGE('',*,*,#2415,.F.);
#2430 = ORIENTED_EDGE('',*,*,#2121,.F.);
#2431 = ORIENTED_EDGE('',*,*,#2221,.T.);
#2432 = PLANE('',#2433);
#2433 = AXIS2_PLACEMENT_3D('',#2434,#2435,#2436);
#2434 = CARTESIAN_POINT('',(1.72131147541E-02,1.545081967213,3.19));
#2435 = DIRECTION('',(-1.,0.,0.));
#2436 = DIRECTION('',(0.,0.,1.));
#2437 = ADVANCED_FACE('',(#2438),#2519,.T.);
#2438 = FACE_BOUND('',#2439,.T.);
#2439 = EDGE_LOOP('',(#2440,#2451,#2460,#2474,#2483,#2494,#2503,#2512));
#2440 = ORIENTED_EDGE('',*,*,#2441,.T.);
#2441 = EDGE_CURVE('',#2442,#2444,#2446,.T.);
#2442 = VERTEX_POINT('',#2443);
#2443 = CARTESIAN_POINT('',(-0.915573770492,0.915573770492,3.19));
#2444 = VERTEX_POINT('',#2445);
#2445 = CARTESIAN_POINT('',(-0.915573770492,-0.91393442623,3.19));
#2446 = B_SPLINE_CURVE_WITH_KNOTS('',3,(#2447,#2448,#2449,#2450),
  .UNSPECIFIED.,.F.,.F.,(4,4),(0.663177831208,1.),
  .PIECEWISE_BEZIER_KNOTS.);
#2447 = CARTESIAN_POINT('',(-0.915573770492,0.915573770492,3.19));
#2448 = CARTESIAN_POINT('',(-0.915573770492,0.305737704918,3.19));
#2449 = CARTESIAN_POINT('',(-0.915573770492,-0.304098360656,3.19));
#2450 = CARTESIAN_POINT('',(-0.915573770492,-0.91393442623,3.19));
#2451 = ORIENTED_EDGE('',*,*,#2452,.T.);
#2452 = EDGE_CURVE('',#2444,#2453,#2455,.T.);
#2453 = VERTEX_POINT('',#2454);
#2454 = CARTESIAN_POINT('',(-0.709016393443,-0.91393442623,3.19));
#2455 = B_SPLINE_CURVE_WITH_KNOTS('',3,(#2456,#2457,#2458,#2459),
  .UNSPECIFIED.,.F.,.F.,(4,4),(0.,3.802830937977E-02),
  .PIECEWISE_BEZIER_KNOTS.);
#2456 = CARTESIAN_POINT('',(-0.915573770492,-0.91393442623,3.19));
#2457 = CARTESIAN_POINT('',(-0.846721311475,-0.91393442623,3.19));
#2458 = CARTESIAN_POINT('',(-0.777868852459,-0.91393442623,3.19));
#2459 = CARTESIAN_POINT('',(-0.709016393443,-0.91393442623,3.19));
#2460 = ORIENTED_EDGE('',*,*,#2461,.T.);
#2461 = EDGE_CURVE('',#2453,#2462,#2464,.T.);
#2462 = VERTEX_POINT('',#2463);
#2463 = CARTESIAN_POINT('',(-0.168032786885,0.736885245902,3.19));
#2464 = B_SPLINE_CURVE_WITH_KNOTS('',3,(#2465,#2466,#2467,#2468,#2469,
    #2470,#2471,#2472,#2473),.UNSPECIFIED.,.F.,.F.,(4,3,2,4),(
    3.802830937977E-02,0.248089446906,0.388843180483,0.407809995646),
  .UNSPECIFIED.);
#2465 = CARTESIAN_POINT('',(-0.709016393443,-0.91393442623,3.19));
#2466 = CARTESIAN_POINT('',(-0.709016393443,-0.533606557377,3.19));
#2467 = CARTESIAN_POINT('',(-0.709016393443,-0.153278688525,3.19));
#2468 = CARTESIAN_POINT('',(-0.709016393443,0.227049180328,3.19));
#2469 = CARTESIAN_POINT('',(-0.709016393443,0.581147540984,3.19));
#2470 = CARTESIAN_POINT('',(-0.499180327869,0.746721311475,3.19));
#2471 = CARTESIAN_POINT('',(-0.236885245902,0.746721311475,3.19));
#2472 = CARTESIAN_POINT('',(-0.202459016393,0.743442622951,3.19));
#2473 = CARTESIAN_POINT('',(-0.168032786885,0.736885245902,3.19));
#2474 = ORIENTED_EDGE('',*,*,#2475,.T.);
#2475 = EDGE_CURVE('',#2462,#2476,#2478,.T.);
#2476 = VERTEX_POINT('',#2477);
#2477 = CARTESIAN_POINT('',(-0.168032786885,0.943442622951,3.19));
#2478 = B_SPLINE_CURVE_WITH_KNOTS('',3,(#2479,#2480,#2481,#2482),
  .UNSPECIFIED.,.F.,.F.,(4,4),(0.407809995646,0.445838305026),
  .PIECEWISE_BEZIER_KNOTS.);
#2479 = CARTESIAN_POINT('',(-0.168032786885,0.736885245902,3.19));
#2480 = CARTESIAN_POINT('',(-0.168032786885,0.805737704918,3.19));
#2481 = CARTESIAN_POINT('',(-0.168032786885,0.874590163934,3.19));
#2482 = CARTESIAN_POINT('',(-0.168032786885,0.943442622951,3.19));
#2483 = ORIENTED_EDGE('',*,*,#2484,.T.);
#2484 = EDGE_CURVE('',#2476,#2485,#2487,.T.);
#2485 = VERTEX_POINT('',#2486);
#2486 = CARTESIAN_POINT('',(-0.702459016393,0.627049180328,3.19));
#2487 = B_SPLINE_CURVE_WITH_KNOTS('',3,(#2488,#2489,#2490,#2491,#2492,
    #2493),.UNSPECIFIED.,.F.,.F.,(4,2,4),(0.445838305026,0.458591882632,
    0.570823365571),.UNSPECIFIED.);
#2488 = CARTESIAN_POINT('',(-0.168032786885,0.943442622951,3.19));
#2489 = CARTESIAN_POINT('',(-0.19262295082,0.951639344262,3.19));
#2490 = CARTESIAN_POINT('',(-0.215573770492,0.954918032787,3.19));
#2491 = CARTESIAN_POINT('',(-0.456557377049,0.954918032787,3.19));
#2492 = CARTESIAN_POINT('',(-0.622131147541,0.833606557377,3.19));
#2493 = CARTESIAN_POINT('',(-0.702459016393,0.627049180328,3.19));
#2494 = ORIENTED_EDGE('',*,*,#2495,.T.);
#2495 = EDGE_CURVE('',#2485,#2496,#2498,.T.);
#2496 = VERTEX_POINT('',#2497);
#2497 = CARTESIAN_POINT('',(-0.709016393443,0.627049180328,3.19));
#2498 = B_SPLINE_CURVE_WITH_KNOTS('',3,(#2499,#2500,#2501,#2502),
  .UNSPECIFIED.,.F.,.F.,(4,4),(0.570823365571,0.572030613488),
  .PIECEWISE_BEZIER_KNOTS.);
#2499 = CARTESIAN_POINT('',(-0.702459016393,0.627049180328,3.19));
#2500 = CARTESIAN_POINT('',(-0.704644808743,0.627049180328,3.19));
#2501 = CARTESIAN_POINT('',(-0.706830601093,0.627049180328,3.19));
#2502 = CARTESIAN_POINT('',(-0.709016393443,0.627049180328,3.19));
#2503 = ORIENTED_EDGE('',*,*,#2504,.T.);
#2504 = EDGE_CURVE('',#2496,#2505,#2507,.T.);
#2505 = VERTEX_POINT('',#2506);
#2506 = CARTESIAN_POINT('',(-0.709016393443,0.915573770492,3.19));
#2507 = B_SPLINE_CURVE_WITH_KNOTS('',3,(#2508,#2509,#2510,#2511),
  .UNSPECIFIED.,.F.,.F.,(4,4),(0.572030613488,0.625149521828),
  .PIECEWISE_BEZIER_KNOTS.);
#2508 = CARTESIAN_POINT('',(-0.709016393443,0.627049180328,3.19));
#2509 = CARTESIAN_POINT('',(-0.709016393443,0.723224043716,3.19));
#2510 = CARTESIAN_POINT('',(-0.709016393443,0.819398907104,3.19));
#2511 = CARTESIAN_POINT('',(-0.709016393443,0.915573770492,3.19));
#2512 = ORIENTED_EDGE('',*,*,#2513,.T.);
#2513 = EDGE_CURVE('',#2505,#2442,#2514,.T.);
#2514 = B_SPLINE_CURVE_WITH_KNOTS('',3,(#2515,#2516,#2517,#2518),
  .UNSPECIFIED.,.F.,.F.,(4,4),(0.625149521828,0.663177831208),
  .PIECEWISE_BEZIER_KNOTS.);
#2515 = CARTESIAN_POINT('',(-0.709016393443,0.915573770492,3.19));
#2516 = CARTESIAN_POINT('',(-0.777868852459,0.915573770492,3.19));
#2517 = CARTESIAN_POINT('',(-0.846721311475,0.915573770492,3.19));
#2518 = CARTESIAN_POINT('',(-0.915573770492,0.915573770492,3.19));
#2519 = PLANE('',#2520);
#2520 = AXIS2_PLACEMENT_3D('',#2521,#2522,#2523);
#2521 = CARTESIAN_POINT('',(-0.709016393443,9.033234820407E-02,3.19));
#2522 = DIRECTION('',(0.,0.,1.));
#2523 = DIRECTION('',(1.,0.,-0.));
#2524 = ADVANCED_FACE('',(#2525),#2541,.F.);
#2525 = FACE_BOUND('',#2526,.T.);
#2526 = EDGE_LOOP('',(#2527,#2528,#2534,#2535));
#2527 = ORIENTED_EDGE('',*,*,#1097,.T.);
#2528 = ORIENTED_EDGE('',*,*,#2529,.F.);
#2529 = EDGE_CURVE('',#2442,#1087,#2530,.T.);
#2530 = LINE('',#2531,#2532);
#2531 = CARTESIAN_POINT('',(-0.915573770492,0.915573770492,3.19));
#2532 = VECTOR('',#2533,1.);
#2533 = DIRECTION('',(0.,0.,1.));
#2534 = ORIENTED_EDGE('',*,*,#2513,.F.);
#2535 = ORIENTED_EDGE('',*,*,#2536,.T.);
#2536 = EDGE_CURVE('',#2505,#1098,#2537,.T.);
#2537 = LINE('',#2538,#2539);
#2538 = CARTESIAN_POINT('',(-0.709016393443,0.915573770492,3.19));
#2539 = VECTOR('',#2540,1.);
#2540 = DIRECTION('',(0.,0.,1.));
#2541 = PLANE('',#2542);
#2542 = AXIS2_PLACEMENT_3D('',#2543,#2544,#2545);
#2543 = CARTESIAN_POINT('',(-0.709016393443,0.915573770492,3.19));
#2544 = DIRECTION('',(0.,1.,0.));
#2545 = DIRECTION('',(0.,-0.,1.));
#2546 = ADVANCED_FACE('',(#2547),#2558,.F.);
#2547 = FACE_BOUND('',#2548,.T.);
#2548 = EDGE_LOOP('',(#2549,#2550,#2551,#2552));
#2549 = ORIENTED_EDGE('',*,*,#1106,.T.);
#2550 = ORIENTED_EDGE('',*,*,#2536,.F.);
#2551 = ORIENTED_EDGE('',*,*,#2504,.F.);
#2552 = ORIENTED_EDGE('',*,*,#2553,.T.);
#2553 = EDGE_CURVE('',#2496,#1107,#2554,.T.);
#2554 = LINE('',#2555,#2556);
#2555 = CARTESIAN_POINT('',(-0.709016393443,0.627049180328,3.19));
#2556 = VECTOR('',#2557,1.);
#2557 = DIRECTION('',(0.,0.,1.));
#2558 = PLANE('',#2559);
#2559 = AXIS2_PLACEMENT_3D('',#2560,#2561,#2562);
#2560 = CARTESIAN_POINT('',(-0.709016393443,0.627049180328,3.19));
#2561 = DIRECTION('',(1.,0.,0.));
#2562 = DIRECTION('',(0.,0.,-1.));
#2563 = ADVANCED_FACE('',(#2564),#2575,.F.);
#2564 = FACE_BOUND('',#2565,.T.);
#2565 = EDGE_LOOP('',(#2566,#2567,#2568,#2569));
#2566 = ORIENTED_EDGE('',*,*,#1115,.T.);
#2567 = ORIENTED_EDGE('',*,*,#2553,.F.);
#2568 = ORIENTED_EDGE('',*,*,#2495,.F.);
#2569 = ORIENTED_EDGE('',*,*,#2570,.T.);
#2570 = EDGE_CURVE('',#2485,#1116,#2571,.T.);
#2571 = LINE('',#2572,#2573);
#2572 = CARTESIAN_POINT('',(-0.702459016393,0.627049180328,3.19));
#2573 = VECTOR('',#2574,1.);
#2574 = DIRECTION('',(0.,0.,1.));
#2575 = PLANE('',#2576);
#2576 = AXIS2_PLACEMENT_3D('',#2577,#2578,#2579);
#2577 = CARTESIAN_POINT('',(-0.702459016393,0.627049180328,3.19));
#2578 = DIRECTION('',(0.,1.,0.));
#2579 = DIRECTION('',(0.,-0.,1.));
#2580 = ADVANCED_FACE('',(#2581),#2592,.F.);
#2581 = FACE_BOUND('',#2582,.F.);
#2582 = EDGE_LOOP('',(#2583,#2589,#2590,#2591));
#2583 = ORIENTED_EDGE('',*,*,#2584,.F.);
#2584 = EDGE_CURVE('',#2476,#1125,#2585,.T.);
#2585 = LINE('',#2586,#2587);
#2586 = CARTESIAN_POINT('',(-0.168032786885,0.943442622951,3.19));
#2587 = VECTOR('',#2588,1.);
#2588 = DIRECTION('',(0.,0.,1.));
#2589 = ORIENTED_EDGE('',*,*,#2484,.T.);
#2590 = ORIENTED_EDGE('',*,*,#2570,.T.);
#2591 = ORIENTED_EDGE('',*,*,#1124,.F.);
#2592 = SURFACE_OF_LINEAR_EXTRUSION('',#2593,#2600);
#2593 = B_SPLINE_CURVE_WITH_KNOTS('',3,(#2594,#2595,#2596,#2597,#2598,
    #2599),.UNSPECIFIED.,.F.,.F.,(4,2,4),(0.445838305026,0.458591882632,
    0.570823365571),.UNSPECIFIED.);
#2594 = CARTESIAN_POINT('',(-0.168032786885,0.943442622951,3.19));
#2595 = CARTESIAN_POINT('',(-0.19262295082,0.951639344262,3.19));
#2596 = CARTESIAN_POINT('',(-0.215573770492,0.954918032787,3.19));
#2597 = CARTESIAN_POINT('',(-0.456557377049,0.954918032787,3.19));
#2598 = CARTESIAN_POINT('',(-0.622131147541,0.833606557377,3.19));
#2599 = CARTESIAN_POINT('',(-0.702459016393,0.627049180328,3.19));
#2600 = VECTOR('',#2601,1.);
#2601 = DIRECTION('',(0.,0.,1.));
#2602 = ADVANCED_FACE('',(#2603),#2614,.F.);
#2603 = FACE_BOUND('',#2604,.T.);
#2604 = EDGE_LOOP('',(#2605,#2606,#2607,#2608));
#2605 = ORIENTED_EDGE('',*,*,#1135,.T.);
#2606 = ORIENTED_EDGE('',*,*,#2584,.F.);
#2607 = ORIENTED_EDGE('',*,*,#2475,.F.);
#2608 = ORIENTED_EDGE('',*,*,#2609,.T.);
#2609 = EDGE_CURVE('',#2462,#1136,#2610,.T.);
#2610 = LINE('',#2611,#2612);
#2611 = CARTESIAN_POINT('',(-0.168032786885,0.736885245902,3.19));
#2612 = VECTOR('',#2613,1.);
#2613 = DIRECTION('',(0.,0.,1.));
#2614 = PLANE('',#2615);
#2615 = AXIS2_PLACEMENT_3D('',#2616,#2617,#2618);
#2616 = CARTESIAN_POINT('',(-0.168032786885,0.736885245902,3.19));
#2617 = DIRECTION('',(1.,0.,0.));
#2618 = DIRECTION('',(0.,0.,-1.));
#2619 = ADVANCED_FACE('',(#2620),#2660,.F.);
#2620 = FACE_BOUND('',#2621,.F.);
#2621 = EDGE_LOOP('',(#2622,#2630,#2653,#2659));
#2622 = ORIENTED_EDGE('',*,*,#2623,.F.);
#2623 = EDGE_CURVE('',#2624,#1170,#2626,.T.);
#2624 = VERTEX_POINT('',#2625);
#2625 = CARTESIAN_POINT('',(-2.21393442623,0.369672131148,3.19));
#2626 = LINE('',#2627,#2628);
#2627 = CARTESIAN_POINT('',(-2.21393442623,0.369672131148,3.19));
#2628 = VECTOR('',#2629,1.);
#2629 = DIRECTION('',(0.,0.,1.));
#2630 = ORIENTED_EDGE('',*,*,#2631,.T.);
#2631 = EDGE_CURVE('',#2624,#2632,#2634,.T.);
#2632 = VERTEX_POINT('',#2633);
#2633 = CARTESIAN_POINT('',(-1.543442622951,-0.648360655738,3.19));
#2634 = B_SPLINE_CURVE_WITH_KNOTS('',3,(#2635,#2636,#2637,#2638,#2639,
    #2640,#2641,#2642,#2643,#2644,#2645,#2646,#2647,#2648,#2649,#2650,
    #2651,#2652),.UNSPECIFIED.,.F.,.F.,(4,2,2,3,3,2,2,4),(0.,
    7.698027471058E-02,0.136117439389,0.189051404975,0.239318908466,
    0.322607153286,0.429216106655,0.498101891908),.UNSPECIFIED.);
#2635 = CARTESIAN_POINT('',(-2.21393442623,0.369672131148,3.19));
#2636 = CARTESIAN_POINT('',(-2.21393442623,0.635245901639,3.19));
#2637 = CARTESIAN_POINT('',(-2.110655737705,0.782786885246,3.19));
#2638 = CARTESIAN_POINT('',(-1.672950819672,0.782786885246,3.19));
#2639 = CARTESIAN_POINT('',(-1.546721311475,0.700819672131,3.19));
#2640 = CARTESIAN_POINT('',(-1.546721311475,0.256557377049,3.19));
#2641 = CARTESIAN_POINT('',(-1.574590163934,0.215573770492,3.19));
#2642 = CARTESIAN_POINT('',(-1.722131147541,0.177868852459,3.19));
#2643 = CARTESIAN_POINT('',(-1.852482669002,0.144556796974,3.19));
#2644 = CARTESIAN_POINT('',(-1.981147540984,0.104644808743,3.19));
#2645 = CARTESIAN_POINT('',(-2.110655737705,6.803278688525E-02,3.19));
#2646 = CARTESIAN_POINT('',(-2.370904058173,-5.539523120489E-03,3.19));
#2647 = CARTESIAN_POINT('',(-2.479508196721,-0.194262295082,3.19));
#2648 = CARTESIAN_POINT('',(-2.479508196721,-0.754918032787,3.19));
#2649 = CARTESIAN_POINT('',(-2.333606557377,-0.953278688525,3.19));
#2650 = CARTESIAN_POINT('',(-1.80737704918,-0.953278688525,3.19));
#2651 = CARTESIAN_POINT('',(-1.625409836066,-0.884426229508,3.19));
#2652 = CARTESIAN_POINT('',(-1.543442622951,-0.648360655738,3.19));
#2653 = ORIENTED_EDGE('',*,*,#2654,.T.);
#2654 = EDGE_CURVE('',#2632,#1222,#2655,.T.);
#2655 = LINE('',#2656,#2657);
#2656 = CARTESIAN_POINT('',(-1.543442622951,-0.648360655738,3.19));
#2657 = VECTOR('',#2658,1.);
#2658 = DIRECTION('',(0.,0.,1.));
#2659 = ORIENTED_EDGE('',*,*,#1230,.F.);
#2660 = SURFACE_OF_LINEAR_EXTRUSION('',#2661,#2680);
#2661 = B_SPLINE_CURVE_WITH_KNOTS('',3,(#2662,#2663,#2664,#2665,#2666,
    #2667,#2668,#2669,#2670,#2671,#2672,#2673,#2674,#2675,#2676,#2677,
    #2678,#2679),.UNSPECIFIED.,.F.,.F.,(4,2,2,3,3,2,2,4),(0.,
    7.698027471058E-02,0.136117439389,0.189051404975,0.239318908466,
    0.322607153286,0.429216106655,0.498101891908),.UNSPECIFIED.);
#2662 = CARTESIAN_POINT('',(-2.21393442623,0.369672131148,3.19));
#2663 = CARTESIAN_POINT('',(-2.21393442623,0.635245901639,3.19));
#2664 = CARTESIAN_POINT('',(-2.110655737705,0.782786885246,3.19));
#2665 = CARTESIAN_POINT('',(-1.672950819672,0.782786885246,3.19));
#2666 = CARTESIAN_POINT('',(-1.546721311475,0.700819672131,3.19));
#2667 = CARTESIAN_POINT('',(-1.546721311475,0.256557377049,3.19));
#2668 = CARTESIAN_POINT('',(-1.574590163934,0.215573770492,3.19));
#2669 = CARTESIAN_POINT('',(-1.722131147541,0.177868852459,3.19));
#2670 = CARTESIAN_POINT('',(-1.852482669002,0.144556796974,3.19));
#2671 = CARTESIAN_POINT('',(-1.981147540984,0.104644808743,3.19));
#2672 = CARTESIAN_POINT('',(-2.110655737705,6.803278688525E-02,3.19));
#2673 = CARTESIAN_POINT('',(-2.370904058173,-5.539523120489E-03,3.19));
#2674 = CARTESIAN_POINT('',(-2.479508196721,-0.194262295082,3.19));
#2675 = CARTESIAN_POINT('',(-2.479508196721,-0.754918032787,3.19));
#2676 = CARTESIAN_POINT('',(-2.333606557377,-0.953278688525,3.19));
#2677 = CARTESIAN_POINT('',(-1.80737704918,-0.953278688525,3.19));
#2678 = CARTESIAN_POINT('',(-1.625409836066,-0.884426229508,3.19));
#2679 = CARTESIAN_POINT('',(-1.543442622951,-0.648360655738,3.19));
#2680 = VECTOR('',#2681,1.);
#2681 = DIRECTION('',(0.,0.,1.));
#2682 = ADVANCED_FACE('',(#2683),#2702,.F.);
#2683 = FACE_BOUND('',#2684,.T.);
#2684 = EDGE_LOOP('',(#2685,#2686,#2694,#2701));
#2685 = ORIENTED_EDGE('',*,*,#1221,.T.);
#2686 = ORIENTED_EDGE('',*,*,#2687,.F.);
#2687 = EDGE_CURVE('',#2688,#1208,#2690,.T.);
#2688 = VERTEX_POINT('',#2689);
#2689 = CARTESIAN_POINT('',(-1.536885245902,-0.648360655738,3.19));
#2690 = LINE('',#2691,#2692);
#2691 = CARTESIAN_POINT('',(-1.536885245902,-0.648360655738,3.19));
#2692 = VECTOR('',#2693,1.);
#2693 = DIRECTION('',(0.,0.,1.));
#2694 = ORIENTED_EDGE('',*,*,#2695,.F.);
#2695 = EDGE_CURVE('',#2632,#2688,#2696,.T.);
#2696 = B_SPLINE_CURVE_WITH_KNOTS('',3,(#2697,#2698,#2699,#2700),
  .UNSPECIFIED.,.F.,.F.,(4,4),(0.498101891908,0.498918257571),
  .PIECEWISE_BEZIER_KNOTS.);
#2697 = CARTESIAN_POINT('',(-1.543442622951,-0.648360655738,3.19));
#2698 = CARTESIAN_POINT('',(-1.541256830601,-0.648360655738,3.19));
#2699 = CARTESIAN_POINT('',(-1.539071038251,-0.648360655738,3.19));
#2700 = CARTESIAN_POINT('',(-1.536885245902,-0.648360655738,3.19));
#2701 = ORIENTED_EDGE('',*,*,#2654,.T.);
#2702 = PLANE('',#2703);
#2703 = AXIS2_PLACEMENT_3D('',#2704,#2705,#2706);
#2704 = CARTESIAN_POINT('',(-1.543442622951,-0.648360655738,3.19));
#2705 = DIRECTION('',(0.,-1.,0.));
#2706 = DIRECTION('',(0.,0.,-1.));
#2707 = ADVANCED_FACE('',(#2708),#2727,.F.);
#2708 = FACE_BOUND('',#2709,.T.);
#2709 = EDGE_LOOP('',(#2710,#2711,#2712,#2721));
#2710 = ORIENTED_EDGE('',*,*,#1167,.T.);
#2711 = ORIENTED_EDGE('',*,*,#2623,.F.);
#2712 = ORIENTED_EDGE('',*,*,#2713,.F.);
#2713 = EDGE_CURVE('',#2714,#2624,#2716,.T.);
#2714 = VERTEX_POINT('',#2715);
#2715 = CARTESIAN_POINT('',(-2.420491803279,0.369672131148,3.19));
#2716 = B_SPLINE_CURVE_WITH_KNOTS('',3,(#2717,#2718,#2719,#2720),
  .UNSPECIFIED.,.F.,.F.,(4,4),(0.97428448164,1.),
  .PIECEWISE_BEZIER_KNOTS.);
#2717 = CARTESIAN_POINT('',(-2.420491803279,0.369672131148,3.19));
#2718 = CARTESIAN_POINT('',(-2.351639344262,0.369672131148,3.19));
#2719 = CARTESIAN_POINT('',(-2.282786885246,0.369672131148,3.19));
#2720 = CARTESIAN_POINT('',(-2.21393442623,0.369672131148,3.19));
#2721 = ORIENTED_EDGE('',*,*,#2722,.T.);
#2722 = EDGE_CURVE('',#2714,#1168,#2723,.T.);
#2723 = LINE('',#2724,#2725);
#2724 = CARTESIAN_POINT('',(-2.420491803279,0.369672131148,3.19));
#2725 = VECTOR('',#2726,1.);
#2726 = DIRECTION('',(0.,0.,1.));
#2727 = PLANE('',#2728);
#2728 = AXIS2_PLACEMENT_3D('',#2729,#2730,#2731);
#2729 = CARTESIAN_POINT('',(-2.420491803279,0.369672131148,3.19));
#2730 = DIRECTION('',(0.,-1.,0.));
#2731 = DIRECTION('',(0.,0.,-1.));
#2732 = ADVANCED_FACE('',(#2733),#2769,.F.);
#2733 = FACE_BOUND('',#2734,.T.);
#2734 = EDGE_LOOP('',(#2735,#2746,#2754,#2763));
#2735 = ORIENTED_EDGE('',*,*,#2736,.T.);
#2736 = EDGE_CURVE('',#2737,#2739,#2741,.T.);
#2737 = VERTEX_POINT('',#2738);
#2738 = CARTESIAN_POINT('',(-1.546721311475,0.120491803279,3.2));
#2739 = VERTEX_POINT('',#2740);
#2740 = CARTESIAN_POINT('',(-1.546721311475,-0.268032786885,3.2));
#2741 = B_SPLINE_CURVE_WITH_KNOTS('',3,(#2742,#2743,#2744,#2745),
  .UNSPECIFIED.,.F.,.F.,(4,4),(0.852816098425,1.),
  .PIECEWISE_BEZIER_KNOTS.);
#2742 = CARTESIAN_POINT('',(-1.546721311475,0.120491803279,3.2));
#2743 = CARTESIAN_POINT('',(-1.546721311475,-9.016393442623E-03,3.2));
#2744 = CARTESIAN_POINT('',(-1.546721311475,-0.138524590164,3.2));
#2745 = CARTESIAN_POINT('',(-1.546721311475,-0.268032786885,3.2));
#2746 = ORIENTED_EDGE('',*,*,#2747,.F.);
#2747 = EDGE_CURVE('',#2748,#2739,#2750,.T.);
#2748 = VERTEX_POINT('',#2749);
#2749 = CARTESIAN_POINT('',(-1.546721311475,-0.268032786885,3.19));
#2750 = LINE('',#2751,#2752);
#2751 = CARTESIAN_POINT('',(-1.546721311475,-0.268032786885,3.19));
#2752 = VECTOR('',#2753,1.);
#2753 = DIRECTION('',(0.,0.,1.));
#2754 = ORIENTED_EDGE('',*,*,#2755,.F.);
#2755 = EDGE_CURVE('',#2756,#2748,#2758,.T.);
#2756 = VERTEX_POINT('',#2757);
#2757 = CARTESIAN_POINT('',(-1.546721311475,0.120491803279,3.19));
#2758 = B_SPLINE_CURVE_WITH_KNOTS('',3,(#2759,#2760,#2761,#2762),
  .UNSPECIFIED.,.F.,.F.,(4,4),(0.852816098425,1.),
  .PIECEWISE_BEZIER_KNOTS.);
#2759 = CARTESIAN_POINT('',(-1.546721311475,0.120491803279,3.19));
#2760 = CARTESIAN_POINT('',(-1.546721311475,-9.016393442623E-03,3.19));
#2761 = CARTESIAN_POINT('',(-1.546721311475,-0.138524590164,3.19));
#2762 = CARTESIAN_POINT('',(-1.546721311475,-0.268032786885,3.19));
#2763 = ORIENTED_EDGE('',*,*,#2764,.T.);
#2764 = EDGE_CURVE('',#2756,#2737,#2765,.T.);
#2765 = LINE('',#2766,#2767);
#2766 = CARTESIAN_POINT('',(-1.546721311475,0.120491803279,3.19));
#2767 = VECTOR('',#2768,1.);
#2768 = DIRECTION('',(0.,0.,1.));
#2769 = PLANE('',#2770);
#2770 = AXIS2_PLACEMENT_3D('',#2771,#2772,#2773);
#2771 = CARTESIAN_POINT('',(-1.546721311475,0.120491803279,3.19));
#2772 = DIRECTION('',(-1.,0.,0.));
#2773 = DIRECTION('',(0.,0.,1.));
#2774 = ADVANCED_FACE('',(#2775),#2889,.F.);
#2775 = FACE_BOUND('',#2776,.T.);
#2776 = EDGE_LOOP('',(#2777,#2786,#2793,#2800,#2807,#2814,#2821,#2828,
    #2835,#2842,#2849,#2856,#2863,#2870,#2877,#2884));
#2777 = ORIENTED_EDGE('',*,*,#2778,.T.);
#2778 = EDGE_CURVE('',#2779,#2781,#2783,.T.);
#2779 = VERTEX_POINT('',#2780);
#2780 = CARTESIAN_POINT('',(-4.730327868852,1.545081967213,3.19));
#2781 = VERTEX_POINT('',#2782);
#2782 = CARTESIAN_POINT('',(-4.730327868852,-0.91393442623,3.19));
#2783 = B_SPLINE_CURVE_WITH_KNOTS('',1,(#2784,#2785),.UNSPECIFIED.,.F.,
  .F.,(2,2),(0.877306443007,1.),.PIECEWISE_BEZIER_KNOTS.);
#2784 = CARTESIAN_POINT('',(-4.730327868852,1.545081967213,3.19));
#2785 = CARTESIAN_POINT('',(-4.730327868852,-0.91393442623,3.19));
#2786 = ORIENTED_EDGE('',*,*,#2787,.T.);
#2787 = EDGE_CURVE('',#2781,#2788,#2790,.T.);
#2788 = VERTEX_POINT('',#2789);
#2789 = CARTESIAN_POINT('',(-4.509016393443,-0.91393442623,3.19));
#2790 = B_SPLINE_CURVE_WITH_KNOTS('',1,(#2791,#2792),.UNSPECIFIED.,.F.,
  .F.,(2,2),(0.,1.104242012937E-02),.PIECEWISE_BEZIER_KNOTS.);
#2791 = CARTESIAN_POINT('',(-4.730327868852,-0.91393442623,3.19));
#2792 = CARTESIAN_POINT('',(-4.509016393443,-0.91393442623,3.19));
#2793 = ORIENTED_EDGE('',*,*,#2794,.T.);
#2794 = EDGE_CURVE('',#2788,#2795,#2797,.T.);
#2795 = VERTEX_POINT('',#2796);
#2796 = CARTESIAN_POINT('',(-4.509016393443,1.338524590164,3.19));
#2797 = B_SPLINE_CURVE_WITH_KNOTS('',1,(#2798,#2799),.UNSPECIFIED.,.F.,
  .F.,(2,2),(1.104242012937E-02,0.123429718335),
  .PIECEWISE_BEZIER_KNOTS.);
#2798 = CARTESIAN_POINT('',(-4.509016393443,-0.91393442623,3.19));
#2799 = CARTESIAN_POINT('',(-4.509016393443,1.338524590164,3.19));
#2800 = ORIENTED_EDGE('',*,*,#2801,.T.);
#2801 = EDGE_CURVE('',#2795,#2802,#2804,.T.);
#2802 = VERTEX_POINT('',#2803);
#2803 = CARTESIAN_POINT('',(-4.502459016393,1.338524590164,3.19));
#2804 = B_SPLINE_CURVE_WITH_KNOTS('',1,(#2805,#2806),.UNSPECIFIED.,.F.,
  .F.,(2,2),(0.123429718335,0.123756901154),.PIECEWISE_BEZIER_KNOTS.);
#2805 = CARTESIAN_POINT('',(-4.509016393443,1.338524590164,3.19));
#2806 = CARTESIAN_POINT('',(-4.502459016393,1.338524590164,3.19));
#2807 = ORIENTED_EDGE('',*,*,#2808,.T.);
#2808 = EDGE_CURVE('',#2802,#2809,#2811,.T.);
#2809 = VERTEX_POINT('',#2810);
#2810 = CARTESIAN_POINT('',(-3.866393442623,-0.91393442623,3.19));
#2811 = B_SPLINE_CURVE_WITH_KNOTS('',1,(#2812,#2813),.UNSPECIFIED.,.F.,
  .F.,(2,2),(0.123756901154,0.240539284437),.PIECEWISE_BEZIER_KNOTS.);
#2812 = CARTESIAN_POINT('',(-4.502459016393,1.338524590164,3.19));
#2813 = CARTESIAN_POINT('',(-3.866393442623,-0.91393442623,3.19));
#2814 = ORIENTED_EDGE('',*,*,#2815,.T.);
#2815 = EDGE_CURVE('',#2809,#2816,#2818,.T.);
#2816 = VERTEX_POINT('',#2817);
#2817 = CARTESIAN_POINT('',(-3.659836065574,-0.91393442623,3.19));
#2818 = B_SPLINE_CURVE_WITH_KNOTS('',1,(#2819,#2820),.UNSPECIFIED.,.F.,
  .F.,(2,2),(0.240539284437,0.250845543225),.PIECEWISE_BEZIER_KNOTS.);
#2819 = CARTESIAN_POINT('',(-3.866393442623,-0.91393442623,3.19));
#2820 = CARTESIAN_POINT('',(-3.659836065574,-0.91393442623,3.19));
#2821 = ORIENTED_EDGE('',*,*,#2822,.T.);
#2822 = EDGE_CURVE('',#2816,#2823,#2825,.T.);
#2823 = VERTEX_POINT('',#2824);
#2824 = CARTESIAN_POINT('',(-3.022131147541,1.338524590164,3.19));
#2825 = B_SPLINE_CURVE_WITH_KNOTS('',1,(#2826,#2827),.UNSPECIFIED.,.F.,
  .F.,(2,2),(0.250845543225,0.367650181801),.PIECEWISE_BEZIER_KNOTS.);
#2826 = CARTESIAN_POINT('',(-3.659836065574,-0.91393442623,3.19));
#2827 = CARTESIAN_POINT('',(-3.022131147541,1.338524590164,3.19));
#2828 = ORIENTED_EDGE('',*,*,#2829,.T.);
#2829 = EDGE_CURVE('',#2823,#2830,#2832,.T.);
#2830 = VERTEX_POINT('',#2831);
#2831 = CARTESIAN_POINT('',(-3.015573770492,1.338524590164,3.19));
#2832 = B_SPLINE_CURVE_WITH_KNOTS('',1,(#2833,#2834),.UNSPECIFIED.,.F.,
  .F.,(2,2),(0.367650181801,0.367977364619),.PIECEWISE_BEZIER_KNOTS.);
#2833 = CARTESIAN_POINT('',(-3.022131147541,1.338524590164,3.19));
#2834 = CARTESIAN_POINT('',(-3.015573770492,1.338524590164,3.19));
#2835 = ORIENTED_EDGE('',*,*,#2836,.T.);
#2836 = EDGE_CURVE('',#2830,#2837,#2839,.T.);
#2837 = VERTEX_POINT('',#2838);
#2838 = CARTESIAN_POINT('',(-3.015573770492,-0.91393442623,3.19));
#2839 = B_SPLINE_CURVE_WITH_KNOTS('',1,(#2840,#2841),.UNSPECIFIED.,.F.,
  .F.,(2,2),(0.367977364619,0.480364662825),.PIECEWISE_BEZIER_KNOTS.);
#2840 = CARTESIAN_POINT('',(-3.015573770492,1.338524590164,3.19));
#2841 = CARTESIAN_POINT('',(-3.015573770492,-0.91393442623,3.19));
#2842 = ORIENTED_EDGE('',*,*,#2843,.T.);
#2843 = EDGE_CURVE('',#2837,#2844,#2846,.T.);
#2844 = VERTEX_POINT('',#2845);
#2845 = CARTESIAN_POINT('',(-2.795901639344,-0.91393442623,3.19));
#2846 = B_SPLINE_CURVE_WITH_KNOTS('',1,(#2847,#2848),.UNSPECIFIED.,.F.,
  .F.,(2,2),(0.480364662825,0.49132528725),.PIECEWISE_BEZIER_KNOTS.);
#2847 = CARTESIAN_POINT('',(-3.015573770492,-0.91393442623,3.19));
#2848 = CARTESIAN_POINT('',(-2.795901639344,-0.91393442623,3.19));
#2849 = ORIENTED_EDGE('',*,*,#2850,.T.);
#2850 = EDGE_CURVE('',#2844,#2851,#2853,.T.);
#2851 = VERTEX_POINT('',#2852);
#2852 = CARTESIAN_POINT('',(-2.795901639344,1.545081967213,3.19));
#2853 = B_SPLINE_CURVE_WITH_KNOTS('',1,(#2854,#2855),.UNSPECIFIED.,.F.,
  .F.,(2,2),(0.49132528725,0.614018844243),.PIECEWISE_BEZIER_KNOTS.);
#2854 = CARTESIAN_POINT('',(-2.795901639344,-0.91393442623,3.19));
#2855 = CARTESIAN_POINT('',(-2.795901639344,1.545081967213,3.19));
#2856 = ORIENTED_EDGE('',*,*,#2857,.T.);
#2857 = EDGE_CURVE('',#2851,#2858,#2860,.T.);
#2858 = VERTEX_POINT('',#2859);
#2859 = CARTESIAN_POINT('',(-3.156557377049,1.545081967213,3.19));
#2860 = B_SPLINE_CURVE_WITH_KNOTS('',1,(#2861,#2862),.UNSPECIFIED.,.F.,
  .F.,(2,2),(0.614018844243,0.632013899268),.PIECEWISE_BEZIER_KNOTS.);
#2861 = CARTESIAN_POINT('',(-2.795901639344,1.545081967213,3.19));
#2862 = CARTESIAN_POINT('',(-3.156557377049,1.545081967213,3.19));
#2863 = ORIENTED_EDGE('',*,*,#2864,.T.);
#2864 = EDGE_CURVE('',#2858,#2865,#2867,.T.);
#2865 = VERTEX_POINT('',#2866);
#2866 = CARTESIAN_POINT('',(-3.748360655738,-0.638524590164,3.19));
#2867 = B_SPLINE_CURVE_WITH_KNOTS('',1,(#2868,#2869),.UNSPECIFIED.,.F.,
  .F.,(2,2),(0.632013899268,0.744896268858),.PIECEWISE_BEZIER_KNOTS.);
#2868 = CARTESIAN_POINT('',(-3.156557377049,1.545081967213,3.19));
#2869 = CARTESIAN_POINT('',(-3.748360655738,-0.638524590164,3.19));
#2870 = ORIENTED_EDGE('',*,*,#2871,.T.);
#2871 = EDGE_CURVE('',#2865,#2872,#2874,.T.);
#2872 = VERTEX_POINT('',#2873);
#2873 = CARTESIAN_POINT('',(-3.756557377049,-0.638524590164,3.19));
#2874 = B_SPLINE_CURVE_WITH_KNOTS('',1,(#2875,#2876),.UNSPECIFIED.,.F.,
  .F.,(2,2),(0.744896268858,0.745305247381),.PIECEWISE_BEZIER_KNOTS.);
#2875 = CARTESIAN_POINT('',(-3.748360655738,-0.638524590164,3.19));
#2876 = CARTESIAN_POINT('',(-3.756557377049,-0.638524590164,3.19));
#2877 = ORIENTED_EDGE('',*,*,#2878,.T.);
#2878 = EDGE_CURVE('',#2872,#2879,#2881,.T.);
#2879 = VERTEX_POINT('',#2880);
#2880 = CARTESIAN_POINT('',(-4.346721311475,1.545081967213,3.19));
#2881 = B_SPLINE_CURVE_WITH_KNOTS('',1,(#2882,#2883),.UNSPECIFIED.,.F.,
  .F.,(2,2),(0.745305247381,0.858166248116),.PIECEWISE_BEZIER_KNOTS.);
#2882 = CARTESIAN_POINT('',(-3.756557377049,-0.638524590164,3.19));
#2883 = CARTESIAN_POINT('',(-4.346721311475,1.545081967213,3.19));
#2884 = ORIENTED_EDGE('',*,*,#2885,.T.);
#2885 = EDGE_CURVE('',#2879,#2779,#2886,.T.);
#2886 = B_SPLINE_CURVE_WITH_KNOTS('',1,(#2887,#2888),.UNSPECIFIED.,.F.,
  .F.,(2,2),(0.858166248116,0.877306443007),.PIECEWISE_BEZIER_KNOTS.);
#2887 = CARTESIAN_POINT('',(-4.346721311475,1.545081967213,3.19));
#2888 = CARTESIAN_POINT('',(-4.730327868852,1.545081967213,3.19));
#2889 = PLANE('',#2890);
#2890 = AXIS2_PLACEMENT_3D('',#2891,#2892,#2893);
#2891 = CARTESIAN_POINT('',(-4.730327868852,0.315573770492,3.19));
#2892 = DIRECTION('',(0.,0.,-1.));
#2893 = DIRECTION('',(-1.,0.,0.));
#2894 = ADVANCED_FACE('',(#2895),#2922,.F.);
#2895 = FACE_BOUND('',#2896,.T.);
#2896 = EDGE_LOOP('',(#2897,#2906,#2907,#2916));
#2897 = ORIENTED_EDGE('',*,*,#2898,.T.);
#2898 = EDGE_CURVE('',#2899,#2737,#2901,.T.);
#2899 = VERTEX_POINT('',#2900);
#2900 = CARTESIAN_POINT('',(-1.553278688525,0.120491803279,3.2));
#2901 = B_SPLINE_CURVE_WITH_KNOTS('',3,(#2902,#2903,#2904,#2905),
  .UNSPECIFIED.,.F.,.F.,(4,4),(0.850331981942,0.852816098425),
  .PIECEWISE_BEZIER_KNOTS.);
#2902 = CARTESIAN_POINT('',(-1.553278688525,0.120491803279,3.2));
#2903 = CARTESIAN_POINT('',(-1.551092896175,0.120491803279,3.2));
#2904 = CARTESIAN_POINT('',(-1.548907103825,0.120491803279,3.2));
#2905 = CARTESIAN_POINT('',(-1.546721311475,0.120491803279,3.2));
#2906 = ORIENTED_EDGE('',*,*,#2764,.F.);
#2907 = ORIENTED_EDGE('',*,*,#2908,.F.);
#2908 = EDGE_CURVE('',#2909,#2756,#2911,.T.);
#2909 = VERTEX_POINT('',#2910);
#2910 = CARTESIAN_POINT('',(-1.553278688525,0.120491803279,3.19));
#2911 = B_SPLINE_CURVE_WITH_KNOTS('',3,(#2912,#2913,#2914,#2915),
  .UNSPECIFIED.,.F.,.F.,(4,4),(0.850331981942,0.852816098425),
  .PIECEWISE_BEZIER_KNOTS.);
#2912 = CARTESIAN_POINT('',(-1.553278688525,0.120491803279,3.19));
#2913 = CARTESIAN_POINT('',(-1.551092896175,0.120491803279,3.19));
#2914 = CARTESIAN_POINT('',(-1.548907103825,0.120491803279,3.19));
#2915 = CARTESIAN_POINT('',(-1.546721311475,0.120491803279,3.19));
#2916 = ORIENTED_EDGE('',*,*,#2917,.T.);
#2917 = EDGE_CURVE('',#2909,#2899,#2918,.T.);
#2918 = LINE('',#2919,#2920);
#2919 = CARTESIAN_POINT('',(-1.553278688525,0.120491803279,3.19));
#2920 = VECTOR('',#2921,1.);
#2921 = DIRECTION('',(0.,0.,1.));
#2922 = PLANE('',#2923);
#2923 = AXIS2_PLACEMENT_3D('',#2924,#2925,#2926);
#2924 = CARTESIAN_POINT('',(-1.553278688525,0.120491803279,3.19));
#2925 = DIRECTION('',(0.,-1.,0.));
#2926 = DIRECTION('',(0.,0.,-1.));
#2927 = ADVANCED_FACE('',(#2928),#2944,.F.);
#2928 = FACE_BOUND('',#2929,.T.);
#2929 = EDGE_LOOP('',(#2930,#2931,#2937,#2938));
#2930 = ORIENTED_EDGE('',*,*,#1332,.T.);
#2931 = ORIENTED_EDGE('',*,*,#2932,.F.);
#2932 = EDGE_CURVE('',#2779,#1324,#2933,.T.);
#2933 = LINE('',#2934,#2935);
#2934 = CARTESIAN_POINT('',(-4.730327868852,1.545081967213,3.19));
#2935 = VECTOR('',#2936,1.);
#2936 = DIRECTION('',(0.,0.,1.));
#2937 = ORIENTED_EDGE('',*,*,#2885,.F.);
#2938 = ORIENTED_EDGE('',*,*,#2939,.T.);
#2939 = EDGE_CURVE('',#2879,#1333,#2940,.T.);
#2940 = LINE('',#2941,#2942);
#2941 = CARTESIAN_POINT('',(-4.346721311475,1.545081967213,3.19));
#2942 = VECTOR('',#2943,1.);
#2943 = DIRECTION('',(0.,0.,1.));
#2944 = PLANE('',#2945);
#2945 = AXIS2_PLACEMENT_3D('',#2946,#2947,#2948);
#2946 = CARTESIAN_POINT('',(-4.346721311475,1.545081967213,3.19));
#2947 = DIRECTION('',(0.,1.,0.));
#2948 = DIRECTION('',(0.,-0.,1.));
#2949 = ADVANCED_FACE('',(#2950),#2961,.F.);
#2950 = FACE_BOUND('',#2951,.T.);
#2951 = EDGE_LOOP('',(#2952,#2953,#2954,#2955));
#2952 = ORIENTED_EDGE('',*,*,#1339,.T.);
#2953 = ORIENTED_EDGE('',*,*,#2939,.F.);
#2954 = ORIENTED_EDGE('',*,*,#2878,.F.);
#2955 = ORIENTED_EDGE('',*,*,#2956,.T.);
#2956 = EDGE_CURVE('',#2872,#1340,#2957,.T.);
#2957 = LINE('',#2958,#2959);
#2958 = CARTESIAN_POINT('',(-3.756557377049,-0.638524590164,3.19));
#2959 = VECTOR('',#2960,1.);
#2960 = DIRECTION('',(0.,0.,1.));
#2961 = PLANE('',#2962);
#2962 = AXIS2_PLACEMENT_3D('',#2963,#2964,#2965);
#2963 = CARTESIAN_POINT('',(-3.756557377049,-0.638524590164,3.19));
#2964 = DIRECTION('',(0.965363393028,0.260909025143,0.));
#2965 = DIRECTION('',(-0.260909025143,0.965363393028,0.));
#2966 = ADVANCED_FACE('',(#2967),#2978,.F.);
#2967 = FACE_BOUND('',#2968,.T.);
#2968 = EDGE_LOOP('',(#2969,#2970,#2971,#2972));
#2969 = ORIENTED_EDGE('',*,*,#1346,.T.);
#2970 = ORIENTED_EDGE('',*,*,#2956,.F.);
#2971 = ORIENTED_EDGE('',*,*,#2871,.F.);
#2972 = ORIENTED_EDGE('',*,*,#2973,.T.);
#2973 = EDGE_CURVE('',#2865,#1347,#2974,.T.);
#2974 = LINE('',#2975,#2976);
#2975 = CARTESIAN_POINT('',(-3.748360655738,-0.638524590164,3.19));
#2976 = VECTOR('',#2977,1.);
#2977 = DIRECTION('',(0.,0.,1.));
#2978 = PLANE('',#2979);
#2979 = AXIS2_PLACEMENT_3D('',#2980,#2981,#2982);
#2980 = CARTESIAN_POINT('',(-3.748360655738,-0.638524590164,3.19));
#2981 = DIRECTION('',(0.,1.,0.));
#2982 = DIRECTION('',(0.,-0.,1.));
#2983 = ADVANCED_FACE('',(#2984),#2995,.F.);
#2984 = FACE_BOUND('',#2985,.T.);
#2985 = EDGE_LOOP('',(#2986,#2987,#2988,#2989));
#2986 = ORIENTED_EDGE('',*,*,#1353,.T.);
#2987 = ORIENTED_EDGE('',*,*,#2973,.F.);
#2988 = ORIENTED_EDGE('',*,*,#2864,.F.);
#2989 = ORIENTED_EDGE('',*,*,#2990,.T.);
#2990 = EDGE_CURVE('',#2858,#1354,#2991,.T.);
#2991 = LINE('',#2992,#2993);
#2992 = CARTESIAN_POINT('',(-3.156557377049,1.545081967213,3.19));
#2993 = VECTOR('',#2994,1.);
#2994 = DIRECTION('',(0.,0.,1.));
#2995 = PLANE('',#2996);
#2996 = AXIS2_PLACEMENT_3D('',#2997,#2998,#2999);
#2997 = CARTESIAN_POINT('',(-3.156557377049,1.545081967213,3.19));
#2998 = DIRECTION('',(-0.965180647834,0.261584244646,0.));
#2999 = DIRECTION('',(-0.261584244646,-0.965180647834,0.));
#3000 = ADVANCED_FACE('',(#3001),#3012,.F.);
#3001 = FACE_BOUND('',#3002,.T.);
#3002 = EDGE_LOOP('',(#3003,#3004,#3005,#3006));
#3003 = ORIENTED_EDGE('',*,*,#1360,.T.);
#3004 = ORIENTED_EDGE('',*,*,#2990,.F.);
#3005 = ORIENTED_EDGE('',*,*,#2857,.F.);
#3006 = ORIENTED_EDGE('',*,*,#3007,.T.);
#3007 = EDGE_CURVE('',#2851,#1361,#3008,.T.);
#3008 = LINE('',#3009,#3010);
#3009 = CARTESIAN_POINT('',(-2.795901639344,1.545081967213,3.19));
#3010 = VECTOR('',#3011,1.);
#3011 = DIRECTION('',(0.,0.,1.));
#3012 = PLANE('',#3013);
#3013 = AXIS2_PLACEMENT_3D('',#3014,#3015,#3016);
#3014 = CARTESIAN_POINT('',(-2.795901639344,1.545081967213,3.19));
#3015 = DIRECTION('',(0.,1.,0.));
#3016 = DIRECTION('',(0.,-0.,1.));
#3017 = ADVANCED_FACE('',(#3018),#3029,.F.);
#3018 = FACE_BOUND('',#3019,.T.);
#3019 = EDGE_LOOP('',(#3020,#3021,#3022,#3023));
#3020 = ORIENTED_EDGE('',*,*,#1367,.T.);
#3021 = ORIENTED_EDGE('',*,*,#3007,.F.);
#3022 = ORIENTED_EDGE('',*,*,#2850,.F.);
#3023 = ORIENTED_EDGE('',*,*,#3024,.T.);
#3024 = EDGE_CURVE('',#2844,#1368,#3025,.T.);
#3025 = LINE('',#3026,#3027);
#3026 = CARTESIAN_POINT('',(-2.795901639344,-0.91393442623,3.19));
#3027 = VECTOR('',#3028,1.);
#3028 = DIRECTION('',(0.,0.,1.));
#3029 = PLANE('',#3030);
#3030 = AXIS2_PLACEMENT_3D('',#3031,#3032,#3033);
#3031 = CARTESIAN_POINT('',(-2.795901639344,-0.91393442623,3.19));
#3032 = DIRECTION('',(1.,0.,0.));
#3033 = DIRECTION('',(0.,0.,-1.));
#3034 = ADVANCED_FACE('',(#3035),#3046,.F.);
#3035 = FACE_BOUND('',#3036,.T.);
#3036 = EDGE_LOOP('',(#3037,#3038,#3039,#3040));
#3037 = ORIENTED_EDGE('',*,*,#1374,.T.);
#3038 = ORIENTED_EDGE('',*,*,#3024,.F.);
#3039 = ORIENTED_EDGE('',*,*,#2843,.F.);
#3040 = ORIENTED_EDGE('',*,*,#3041,.T.);
#3041 = EDGE_CURVE('',#2837,#1375,#3042,.T.);
#3042 = LINE('',#3043,#3044);
#3043 = CARTESIAN_POINT('',(-3.015573770492,-0.91393442623,3.19));
#3044 = VECTOR('',#3045,1.);
#3045 = DIRECTION('',(0.,0.,1.));
#3046 = PLANE('',#3047);
#3047 = AXIS2_PLACEMENT_3D('',#3048,#3049,#3050);
#3048 = CARTESIAN_POINT('',(-3.015573770492,-0.91393442623,3.19));
#3049 = DIRECTION('',(0.,-1.,0.));
#3050 = DIRECTION('',(0.,0.,-1.));
#3051 = ADVANCED_FACE('',(#3052),#3063,.F.);
#3052 = FACE_BOUND('',#3053,.T.);
#3053 = EDGE_LOOP('',(#3054,#3055,#3056,#3057));
#3054 = ORIENTED_EDGE('',*,*,#1381,.T.);
#3055 = ORIENTED_EDGE('',*,*,#3041,.F.);
#3056 = ORIENTED_EDGE('',*,*,#2836,.F.);
#3057 = ORIENTED_EDGE('',*,*,#3058,.T.);
#3058 = EDGE_CURVE('',#2830,#1382,#3059,.T.);
#3059 = LINE('',#3060,#3061);
#3060 = CARTESIAN_POINT('',(-3.015573770492,1.338524590164,3.19));
#3061 = VECTOR('',#3062,1.);
#3062 = DIRECTION('',(0.,0.,1.));
#3063 = PLANE('',#3064);
#3064 = AXIS2_PLACEMENT_3D('',#3065,#3066,#3067);
#3065 = CARTESIAN_POINT('',(-3.015573770492,1.338524590164,3.19));
#3066 = DIRECTION('',(-1.,0.,0.));
#3067 = DIRECTION('',(0.,0.,1.));
#3068 = ADVANCED_FACE('',(#3069),#3080,.F.);
#3069 = FACE_BOUND('',#3070,.T.);
#3070 = EDGE_LOOP('',(#3071,#3072,#3073,#3074));
#3071 = ORIENTED_EDGE('',*,*,#1388,.T.);
#3072 = ORIENTED_EDGE('',*,*,#3058,.F.);
#3073 = ORIENTED_EDGE('',*,*,#2829,.F.);
#3074 = ORIENTED_EDGE('',*,*,#3075,.T.);
#3075 = EDGE_CURVE('',#2823,#1389,#3076,.T.);
#3076 = LINE('',#3077,#3078);
#3077 = CARTESIAN_POINT('',(-3.022131147541,1.338524590164,3.19));
#3078 = VECTOR('',#3079,1.);
#3079 = DIRECTION('',(0.,0.,1.));
#3080 = PLANE('',#3081);
#3081 = AXIS2_PLACEMENT_3D('',#3082,#3083,#3084);
#3082 = CARTESIAN_POINT('',(-3.022131147541,1.338524590164,3.19));
#3083 = DIRECTION('',(0.,-1.,0.));
#3084 = DIRECTION('',(0.,0.,-1.));
#3085 = ADVANCED_FACE('',(#3086),#3097,.F.);
#3086 = FACE_BOUND('',#3087,.T.);
#3087 = EDGE_LOOP('',(#3088,#3089,#3090,#3091));
#3088 = ORIENTED_EDGE('',*,*,#1395,.T.);
#3089 = ORIENTED_EDGE('',*,*,#3075,.F.);
#3090 = ORIENTED_EDGE('',*,*,#2822,.F.);
#3091 = ORIENTED_EDGE('',*,*,#3092,.T.);
#3092 = EDGE_CURVE('',#2816,#1396,#3093,.T.);
#3093 = LINE('',#3094,#3095);
#3094 = CARTESIAN_POINT('',(-3.659836065574,-0.91393442623,3.19));
#3095 = VECTOR('',#3096,1.);
#3096 = DIRECTION('',(0.,0.,1.));
#3097 = PLANE('',#3098);
#3098 = AXIS2_PLACEMENT_3D('',#3099,#3100,#3101);
#3099 = CARTESIAN_POINT('',(-3.659836065574,-0.91393442623,3.19));
#3100 = DIRECTION('',(0.962181806952,-0.272408095273,0.));
#3101 = DIRECTION('',(0.272408095273,0.962181806952,0.));
#3102 = ADVANCED_FACE('',(#3103),#3114,.F.);
#3103 = FACE_BOUND('',#3104,.T.);
#3104 = EDGE_LOOP('',(#3105,#3106,#3107,#3108));
#3105 = ORIENTED_EDGE('',*,*,#1402,.T.);
#3106 = ORIENTED_EDGE('',*,*,#3092,.F.);
#3107 = ORIENTED_EDGE('',*,*,#2815,.F.);
#3108 = ORIENTED_EDGE('',*,*,#3109,.T.);
#3109 = EDGE_CURVE('',#2809,#1403,#3110,.T.);
#3110 = LINE('',#3111,#3112);
#3111 = CARTESIAN_POINT('',(-3.866393442623,-0.91393442623,3.19));
#3112 = VECTOR('',#3113,1.);
#3113 = DIRECTION('',(0.,0.,1.));
#3114 = PLANE('',#3115);
#3115 = AXIS2_PLACEMENT_3D('',#3116,#3117,#3118);
#3116 = CARTESIAN_POINT('',(-3.866393442623,-0.91393442623,3.19));
#3117 = DIRECTION('',(0.,-1.,0.));
#3118 = DIRECTION('',(0.,0.,-1.));
#3119 = ADVANCED_FACE('',(#3120),#3131,.F.);
#3120 = FACE_BOUND('',#3121,.T.);
#3121 = EDGE_LOOP('',(#3122,#3123,#3124,#3125));
#3122 = ORIENTED_EDGE('',*,*,#1409,.T.);
#3123 = ORIENTED_EDGE('',*,*,#3109,.F.);
#3124 = ORIENTED_EDGE('',*,*,#2808,.F.);
#3125 = ORIENTED_EDGE('',*,*,#3126,.T.);
#3126 = EDGE_CURVE('',#2802,#1410,#3127,.T.);
#3127 = LINE('',#3128,#3129);
#3128 = CARTESIAN_POINT('',(-4.502459016393,1.338524590164,3.19));
#3129 = VECTOR('',#3130,1.);
#3130 = DIRECTION('',(0.,0.,1.));
#3131 = PLANE('',#3132);
#3132 = AXIS2_PLACEMENT_3D('',#3133,#3134,#3135);
#3133 = CARTESIAN_POINT('',(-4.502459016393,1.338524590164,3.19));
#3134 = DIRECTION('',(-0.962365170546,-0.271759596923,0.));
#3135 = DIRECTION('',(0.271759596923,-0.962365170546,0.));
#3136 = ADVANCED_FACE('',(#3137),#3148,.F.);
#3137 = FACE_BOUND('',#3138,.T.);
#3138 = EDGE_LOOP('',(#3139,#3140,#3141,#3142));
#3139 = ORIENTED_EDGE('',*,*,#1416,.T.);
#3140 = ORIENTED_EDGE('',*,*,#3126,.F.);
#3141 = ORIENTED_EDGE('',*,*,#2801,.F.);
#3142 = ORIENTED_EDGE('',*,*,#3143,.T.);
#3143 = EDGE_CURVE('',#2795,#1417,#3144,.T.);
#3144 = LINE('',#3145,#3146);
#3145 = CARTESIAN_POINT('',(-4.509016393443,1.338524590164,3.19));
#3146 = VECTOR('',#3147,1.);
#3147 = DIRECTION('',(0.,0.,1.));
#3148 = PLANE('',#3149);
#3149 = AXIS2_PLACEMENT_3D('',#3150,#3151,#3152);
#3150 = CARTESIAN_POINT('',(-4.509016393443,1.338524590164,3.19));
#3151 = DIRECTION('',(0.,-1.,0.));
#3152 = DIRECTION('',(0.,0.,-1.));
#3153 = ADVANCED_FACE('',(#3154),#3165,.F.);
#3154 = FACE_BOUND('',#3155,.T.);
#3155 = EDGE_LOOP('',(#3156,#3157,#3158,#3159));
#3156 = ORIENTED_EDGE('',*,*,#1423,.T.);
#3157 = ORIENTED_EDGE('',*,*,#3143,.F.);
#3158 = ORIENTED_EDGE('',*,*,#2794,.F.);
#3159 = ORIENTED_EDGE('',*,*,#3160,.T.);
#3160 = EDGE_CURVE('',#2788,#1424,#3161,.T.);
#3161 = LINE('',#3162,#3163);
#3162 = CARTESIAN_POINT('',(-4.509016393443,-0.91393442623,3.19));
#3163 = VECTOR('',#3164,1.);
#3164 = DIRECTION('',(0.,0.,1.));
#3165 = PLANE('',#3166);
#3166 = AXIS2_PLACEMENT_3D('',#3167,#3168,#3169);
#3167 = CARTESIAN_POINT('',(-4.509016393443,-0.91393442623,3.19));
#3168 = DIRECTION('',(1.,0.,0.));
#3169 = DIRECTION('',(0.,0.,-1.));
#3170 = ADVANCED_FACE('',(#3171),#3182,.F.);
#3171 = FACE_BOUND('',#3172,.T.);
#3172 = EDGE_LOOP('',(#3173,#3174,#3175,#3176));
#3173 = ORIENTED_EDGE('',*,*,#1430,.T.);
#3174 = ORIENTED_EDGE('',*,*,#3160,.F.);
#3175 = ORIENTED_EDGE('',*,*,#2787,.F.);
#3176 = ORIENTED_EDGE('',*,*,#3177,.T.);
#3177 = EDGE_CURVE('',#2781,#1326,#3178,.T.);
#3178 = LINE('',#3179,#3180);
#3179 = CARTESIAN_POINT('',(-4.730327868852,-0.91393442623,3.19));
#3180 = VECTOR('',#3181,1.);
#3181 = DIRECTION('',(0.,0.,1.));
#3182 = PLANE('',#3183);
#3183 = AXIS2_PLACEMENT_3D('',#3184,#3185,#3186);
#3184 = CARTESIAN_POINT('',(-4.730327868852,-0.91393442623,3.19));
#3185 = DIRECTION('',(0.,-1.,0.));
#3186 = DIRECTION('',(0.,0.,-1.));
#3187 = ADVANCED_FACE('',(#3188),#3194,.F.);
#3188 = FACE_BOUND('',#3189,.T.);
#3189 = EDGE_LOOP('',(#3190,#3191,#3192,#3193));
#3190 = ORIENTED_EDGE('',*,*,#1323,.T.);
#3191 = ORIENTED_EDGE('',*,*,#3177,.F.);
#3192 = ORIENTED_EDGE('',*,*,#2778,.F.);
#3193 = ORIENTED_EDGE('',*,*,#2932,.T.);
#3194 = PLANE('',#3195);
#3195 = AXIS2_PLACEMENT_3D('',#3196,#3197,#3198);
#3196 = CARTESIAN_POINT('',(-4.730327868852,1.545081967213,3.19));
#3197 = DIRECTION('',(-1.,0.,0.));
#3198 = DIRECTION('',(0.,0.,1.));
#3199 = ADVANCED_FACE('',(#3200),#3236,.F.);
#3200 = FACE_BOUND('',#3201,.F.);
#3201 = EDGE_LOOP('',(#3202,#3213,#3221,#3230));
#3202 = ORIENTED_EDGE('',*,*,#3203,.F.);
#3203 = EDGE_CURVE('',#3204,#3206,#3208,.T.);
#3204 = VERTEX_POINT('',#3205);
#3205 = CARTESIAN_POINT('',(3.95,2.25,0.2));
#3206 = VERTEX_POINT('',#3207);
#3207 = CARTESIAN_POINT('',(3.45,1.75,0.2));
#3208 = CIRCLE('',#3209,0.5);
#3209 = AXIS2_PLACEMENT_3D('',#3210,#3211,#3212);
#3210 = CARTESIAN_POINT('',(3.45,2.25,0.2));
#3211 = DIRECTION('',(0.,0.,1.));
#3212 = DIRECTION('',(-1.,0.,0.));
#3213 = ORIENTED_EDGE('',*,*,#3214,.T.);
#3214 = EDGE_CURVE('',#3204,#3215,#3217,.T.);
#3215 = VERTEX_POINT('',#3216);
#3216 = CARTESIAN_POINT('',(3.95,2.25,0.));
#3217 = LINE('',#3218,#3219);
#3218 = CARTESIAN_POINT('',(3.95,2.25,0.2));
#3219 = VECTOR('',#3220,1.);
#3220 = DIRECTION('',(0.,0.,-1.));
#3221 = ORIENTED_EDGE('',*,*,#3222,.T.);
#3222 = EDGE_CURVE('',#3215,#3223,#3225,.T.);
#3223 = VERTEX_POINT('',#3224);
#3224 = CARTESIAN_POINT('',(3.45,1.75,0.));
#3225 = CIRCLE('',#3226,0.5);
#3226 = AXIS2_PLACEMENT_3D('',#3227,#3228,#3229);
#3227 = CARTESIAN_POINT('',(3.45,2.25,0.));
#3228 = DIRECTION('',(0.,0.,1.));
#3229 = DIRECTION('',(-1.,0.,0.));
#3230 = ORIENTED_EDGE('',*,*,#3231,.F.);
#3231 = EDGE_CURVE('',#3206,#3223,#3232,.T.);
#3232 = LINE('',#3233,#3234);
#3233 = CARTESIAN_POINT('',(3.45,1.75,0.2));
#3234 = VECTOR('',#3235,1.);
#3235 = DIRECTION('',(0.,0.,-1.));
#3236 = CYLINDRICAL_SURFACE('',#3237,0.5);
#3237 = AXIS2_PLACEMENT_3D('',#3238,#3239,#3240);
#3238 = CARTESIAN_POINT('',(3.45,2.25,0.2));
#3239 = DIRECTION('',(-0.,-0.,1.));
#3240 = DIRECTION('',(-1.,0.,0.));
#3241 = ADVANCED_FACE('',(#3242),#3278,.F.);
#3242 = FACE_BOUND('',#3243,.F.);
#3243 = EDGE_LOOP('',(#3244,#3255,#3263,#3272));
#3244 = ORIENTED_EDGE('',*,*,#3245,.T.);
#3245 = EDGE_CURVE('',#3246,#3248,#3250,.T.);
#3246 = VERTEX_POINT('',#3247);
#3247 = CARTESIAN_POINT('',(3.45,-1.75,0.));
#3248 = VERTEX_POINT('',#3249);
#3249 = CARTESIAN_POINT('',(3.95,-2.25,0.));
#3250 = CIRCLE('',#3251,0.5);
#3251 = AXIS2_PLACEMENT_3D('',#3252,#3253,#3254);
#3252 = CARTESIAN_POINT('',(3.45,-2.25,0.));
#3253 = DIRECTION('',(0.,0.,1.));
#3254 = DIRECTION('',(-1.,0.,0.));
#3255 = ORIENTED_EDGE('',*,*,#3256,.F.);
#3256 = EDGE_CURVE('',#3257,#3248,#3259,.T.);
#3257 = VERTEX_POINT('',#3258);
#3258 = CARTESIAN_POINT('',(3.95,-2.25,0.2));
#3259 = LINE('',#3260,#3261);
#3260 = CARTESIAN_POINT('',(3.95,-2.25,0.2));
#3261 = VECTOR('',#3262,1.);
#3262 = DIRECTION('',(0.,0.,-1.));
#3263 = ORIENTED_EDGE('',*,*,#3264,.F.);
#3264 = EDGE_CURVE('',#3265,#3257,#3267,.T.);
#3265 = VERTEX_POINT('',#3266);
#3266 = CARTESIAN_POINT('',(3.45,-1.75,0.2));
#3267 = CIRCLE('',#3268,0.5);
#3268 = AXIS2_PLACEMENT_3D('',#3269,#3270,#3271);
#3269 = CARTESIAN_POINT('',(3.45,-2.25,0.2));
#3270 = DIRECTION('',(0.,0.,1.));
#3271 = DIRECTION('',(-1.,0.,0.));
#3272 = ORIENTED_EDGE('',*,*,#3273,.T.);
#3273 = EDGE_CURVE('',#3265,#3246,#3274,.T.);
#3274 = LINE('',#3275,#3276);
#3275 = CARTESIAN_POINT('',(3.45,-1.75,0.2));
#3276 = VECTOR('',#3277,1.);
#3277 = DIRECTION('',(0.,0.,-1.));
#3278 = CYLINDRICAL_SURFACE('',#3279,0.5);
#3279 = AXIS2_PLACEMENT_3D('',#3280,#3281,#3282);
#3280 = CARTESIAN_POINT('',(3.45,-2.25,0.2));
#3281 = DIRECTION('',(-0.,-0.,1.));
#3282 = DIRECTION('',(-1.,0.,0.));
#3283 = ADVANCED_FACE('',(#3284),#3320,.F.);
#3284 = FACE_BOUND('',#3285,.F.);
#3285 = EDGE_LOOP('',(#3286,#3296,#3305,#3313));
#3286 = ORIENTED_EDGE('',*,*,#3287,.F.);
#3287 = EDGE_CURVE('',#3288,#3290,#3292,.T.);
#3288 = VERTEX_POINT('',#3289);
#3289 = CARTESIAN_POINT('',(-3.45,-1.75,0.2));
#3290 = VERTEX_POINT('',#3291);
#3291 = CARTESIAN_POINT('',(-3.45,-1.75,0.));
#3292 = LINE('',#3293,#3294);
#3293 = CARTESIAN_POINT('',(-3.45,-1.75,0.2));
#3294 = VECTOR('',#3295,1.);
#3295 = DIRECTION('',(0.,0.,-1.));
#3296 = ORIENTED_EDGE('',*,*,#3297,.F.);
#3297 = EDGE_CURVE('',#3298,#3288,#3300,.T.);
#3298 = VERTEX_POINT('',#3299);
#3299 = CARTESIAN_POINT('',(-3.95,-2.25,0.2));
#3300 = CIRCLE('',#3301,0.5);
#3301 = AXIS2_PLACEMENT_3D('',#3302,#3303,#3304);
#3302 = CARTESIAN_POINT('',(-3.45,-2.25,0.2));
#3303 = DIRECTION('',(0.,0.,1.));
#3304 = DIRECTION('',(-1.,0.,0.));
#3305 = ORIENTED_EDGE('',*,*,#3306,.T.);
#3306 = EDGE_CURVE('',#3298,#3307,#3309,.T.);
#3307 = VERTEX_POINT('',#3308);
#3308 = CARTESIAN_POINT('',(-3.95,-2.25,0.));
#3309 = LINE('',#3310,#3311);
#3310 = CARTESIAN_POINT('',(-3.95,-2.25,0.2));
#3311 = VECTOR('',#3312,1.);
#3312 = DIRECTION('',(0.,0.,-1.));
#3313 = ORIENTED_EDGE('',*,*,#3314,.T.);
#3314 = EDGE_CURVE('',#3307,#3290,#3315,.T.);
#3315 = CIRCLE('',#3316,0.5);
#3316 = AXIS2_PLACEMENT_3D('',#3317,#3318,#3319);
#3317 = CARTESIAN_POINT('',(-3.45,-2.25,0.));
#3318 = DIRECTION('',(0.,0.,1.));
#3319 = DIRECTION('',(-1.,0.,0.));
#3320 = CYLINDRICAL_SURFACE('',#3321,0.5);
#3321 = AXIS2_PLACEMENT_3D('',#3322,#3323,#3324);
#3322 = CARTESIAN_POINT('',(-3.45,-2.25,0.2));
#3323 = DIRECTION('',(-0.,-0.,1.));
#3324 = DIRECTION('',(-1.,0.,0.));
#3325 = ADVANCED_FACE('',(#3326),#3362,.F.);
#3326 = FACE_BOUND('',#3327,.F.);
#3327 = EDGE_LOOP('',(#3328,#3338,#3347,#3355));
#3328 = ORIENTED_EDGE('',*,*,#3329,.T.);
#3329 = EDGE_CURVE('',#3330,#3332,#3334,.T.);
#3330 = VERTEX_POINT('',#3331);
#3331 = CARTESIAN_POINT('',(-3.45,1.75,0.2));
#3332 = VERTEX_POINT('',#3333);
#3333 = CARTESIAN_POINT('',(-3.45,1.75,0.));
#3334 = LINE('',#3335,#3336);
#3335 = CARTESIAN_POINT('',(-3.45,1.75,0.2));
#3336 = VECTOR('',#3337,1.);
#3337 = DIRECTION('',(0.,0.,-1.));
#3338 = ORIENTED_EDGE('',*,*,#3339,.T.);
#3339 = EDGE_CURVE('',#3332,#3340,#3342,.T.);
#3340 = VERTEX_POINT('',#3341);
#3341 = CARTESIAN_POINT('',(-3.95,2.25,0.));
#3342 = CIRCLE('',#3343,0.5);
#3343 = AXIS2_PLACEMENT_3D('',#3344,#3345,#3346);
#3344 = CARTESIAN_POINT('',(-3.45,2.25,0.));
#3345 = DIRECTION('',(0.,0.,1.));
#3346 = DIRECTION('',(-1.,0.,0.));
#3347 = ORIENTED_EDGE('',*,*,#3348,.F.);
#3348 = EDGE_CURVE('',#3349,#3340,#3351,.T.);
#3349 = VERTEX_POINT('',#3350);
#3350 = CARTESIAN_POINT('',(-3.95,2.25,0.2));
#3351 = LINE('',#3352,#3353);
#3352 = CARTESIAN_POINT('',(-3.95,2.25,0.2));
#3353 = VECTOR('',#3354,1.);
#3354 = DIRECTION('',(0.,0.,-1.));
#3355 = ORIENTED_EDGE('',*,*,#3356,.F.);
#3356 = EDGE_CURVE('',#3330,#3349,#3357,.T.);
#3357 = CIRCLE('',#3358,0.5);
#3358 = AXIS2_PLACEMENT_3D('',#3359,#3360,#3361);
#3359 = CARTESIAN_POINT('',(-3.45,2.25,0.2));
#3360 = DIRECTION('',(0.,0.,1.));
#3361 = DIRECTION('',(-1.,0.,0.));
#3362 = CYLINDRICAL_SURFACE('',#3363,0.5);
#3363 = AXIS2_PLACEMENT_3D('',#3364,#3365,#3366);
#3364 = CARTESIAN_POINT('',(-3.45,2.25,0.2));
#3365 = DIRECTION('',(-0.,-0.,1.));
#3366 = DIRECTION('',(-1.,0.,0.));
#3367 = ADVANCED_FACE('',(#3368),#3400,.F.);
#3368 = FACE_BOUND('',#3369,.T.);
#3369 = EDGE_LOOP('',(#3370,#3376,#3377,#3385,#3393,#3399));
#3370 = ORIENTED_EDGE('',*,*,#3371,.F.);
#3371 = EDGE_CURVE('',#3206,#3265,#3372,.T.);
#3372 = LINE('',#3373,#3374);
#3373 = CARTESIAN_POINT('',(3.45,2.25,0.2));
#3374 = VECTOR('',#3375,1.);
#3375 = DIRECTION('',(9.637352644316E-17,-1.,0.));
#3376 = ORIENTED_EDGE('',*,*,#3203,.F.);
#3377 = ORIENTED_EDGE('',*,*,#3378,.F.);
#3378 = EDGE_CURVE('',#3379,#3204,#3381,.T.);
#3379 = VERTEX_POINT('',#3380);
#3380 = CARTESIAN_POINT('',(6.3,2.25,0.2));
#3381 = LINE('',#3382,#3383);
#3382 = CARTESIAN_POINT('',(6.3,2.25,0.2));
#3383 = VECTOR('',#3384,1.);
#3384 = DIRECTION('',(-1.,1.217349807703E-15,0.));
#3385 = ORIENTED_EDGE('',*,*,#3386,.F.);
#3386 = EDGE_CURVE('',#3387,#3379,#3389,.T.);
#3387 = VERTEX_POINT('',#3388);
#3388 = CARTESIAN_POINT('',(6.3,-2.25,0.2));
#3389 = LINE('',#3390,#3391);
#3390 = CARTESIAN_POINT('',(6.3,-2.25,0.2));
#3391 = VECTOR('',#3392,1.);
#3392 = DIRECTION('',(-1.927470528863E-16,1.,0.));
#3393 = ORIENTED_EDGE('',*,*,#3394,.F.);
#3394 = EDGE_CURVE('',#3257,#3387,#3395,.T.);
#3395 = LINE('',#3396,#3397);
#3396 = CARTESIAN_POINT('',(3.45,-2.25,0.2));
#3397 = VECTOR('',#3398,1.);
#3398 = DIRECTION('',(1.,1.521687259629E-15,0.));
#3399 = ORIENTED_EDGE('',*,*,#3264,.F.);
#3400 = PLANE('',#3401);
#3401 = AXIS2_PLACEMENT_3D('',#3402,#3403,#3404);
#3402 = CARTESIAN_POINT('',(3.45,-2.25,0.2));
#3403 = DIRECTION('',(0.,0.,1.));
#3404 = DIRECTION('',(1.,0.,-0.));
#3405 = ADVANCED_FACE('',(#3406),#3438,.T.);
#3406 = FACE_BOUND('',#3407,.T.);
#3407 = EDGE_LOOP('',(#3408,#3414,#3415,#3423,#3431,#3437));
#3408 = ORIENTED_EDGE('',*,*,#3409,.T.);
#3409 = EDGE_CURVE('',#3330,#3288,#3410,.T.);
#3410 = LINE('',#3411,#3412);
#3411 = CARTESIAN_POINT('',(-3.45,2.25,0.2));
#3412 = VECTOR('',#3413,1.);
#3413 = DIRECTION('',(9.637352644316E-17,-1.,0.));
#3414 = ORIENTED_EDGE('',*,*,#3297,.F.);
#3415 = ORIENTED_EDGE('',*,*,#3416,.T.);
#3416 = EDGE_CURVE('',#3298,#3417,#3419,.T.);
#3417 = VERTEX_POINT('',#3418);
#3418 = CARTESIAN_POINT('',(-6.3,-2.25,0.2));
#3419 = LINE('',#3420,#3421);
#3420 = CARTESIAN_POINT('',(-3.45,-2.25,0.2));
#3421 = VECTOR('',#3422,1.);
#3422 = DIRECTION('',(-1.,-1.521687259629E-16,0.));
#3423 = ORIENTED_EDGE('',*,*,#3424,.T.);
#3424 = EDGE_CURVE('',#3417,#3425,#3427,.T.);
#3425 = VERTEX_POINT('',#3426);
#3426 = CARTESIAN_POINT('',(-6.3,2.25,0.2));
#3427 = LINE('',#3428,#3429);
#3428 = CARTESIAN_POINT('',(-6.3,-2.25,0.2));
#3429 = VECTOR('',#3430,1.);
#3430 = DIRECTION('',(-1.927470528863E-16,1.,0.));
#3431 = ORIENTED_EDGE('',*,*,#3432,.T.);
#3432 = EDGE_CURVE('',#3425,#3349,#3433,.T.);
#3433 = LINE('',#3434,#3435);
#3434 = CARTESIAN_POINT('',(-6.3,2.25,0.2));
#3435 = VECTOR('',#3436,1.);
#3436 = DIRECTION('',(1.,1.521687259629E-16,0.));
#3437 = ORIENTED_EDGE('',*,*,#3356,.F.);
#3438 = PLANE('',#3439);
#3439 = AXIS2_PLACEMENT_3D('',#3440,#3441,#3442);
#3440 = CARTESIAN_POINT('',(-3.45,-2.25,0.2));
#3441 = DIRECTION('',(0.,0.,-1.));
#3442 = DIRECTION('',(-1.,0.,0.));
#3443 = ADVANCED_FACE('',(#3444),#3462,.F.);
#3444 = FACE_BOUND('',#3445,.T.);
#3445 = EDGE_LOOP('',(#3446,#3447,#3455,#3461));
#3446 = ORIENTED_EDGE('',*,*,#3214,.T.);
#3447 = ORIENTED_EDGE('',*,*,#3448,.F.);
#3448 = EDGE_CURVE('',#3449,#3215,#3451,.T.);
#3449 = VERTEX_POINT('',#3450);
#3450 = CARTESIAN_POINT('',(6.3,2.25,0.));
#3451 = LINE('',#3452,#3453);
#3452 = CARTESIAN_POINT('',(6.3,2.25,0.));
#3453 = VECTOR('',#3454,1.);
#3454 = DIRECTION('',(-1.,1.217349807703E-15,0.));
#3455 = ORIENTED_EDGE('',*,*,#3456,.F.);
#3456 = EDGE_CURVE('',#3379,#3449,#3457,.T.);
#3457 = LINE('',#3458,#3459);
#3458 = CARTESIAN_POINT('',(6.3,2.25,3.2));
#3459 = VECTOR('',#3460,1.);
#3460 = DIRECTION('',(0.,0.,-1.));
#3461 = ORIENTED_EDGE('',*,*,#3378,.T.);
#3462 = PLANE('',#3463);
#3463 = AXIS2_PLACEMENT_3D('',#3464,#3465,#3466);
#3464 = CARTESIAN_POINT('',(6.3,2.25,-17.90414317221));
#3465 = DIRECTION('',(1.217349807703E-15,1.,0.));
#3466 = DIRECTION('',(-1.,1.217349807703E-15,0.));
#3467 = ADVANCED_FACE('',(#3468),#3486,.F.);
#3468 = FACE_BOUND('',#3469,.T.);
#3469 = EDGE_LOOP('',(#3470,#3471,#3472,#3480));
#3470 = ORIENTED_EDGE('',*,*,#3256,.F.);
#3471 = ORIENTED_EDGE('',*,*,#3394,.T.);
#3472 = ORIENTED_EDGE('',*,*,#3473,.F.);
#3473 = EDGE_CURVE('',#3474,#3387,#3476,.T.);
#3474 = VERTEX_POINT('',#3475);
#3475 = CARTESIAN_POINT('',(6.3,-2.25,0.));
#3476 = LINE('',#3477,#3478);
#3477 = CARTESIAN_POINT('',(6.3,-2.25,3.2));
#3478 = VECTOR('',#3479,1.);
#3479 = DIRECTION('',(0.,0.,1.));
#3480 = ORIENTED_EDGE('',*,*,#3481,.F.);
#3481 = EDGE_CURVE('',#3248,#3474,#3482,.T.);
#3482 = LINE('',#3483,#3484);
#3483 = CARTESIAN_POINT('',(6.3,-2.25,0.));
#3484 = VECTOR('',#3485,1.);
#3485 = DIRECTION('',(1.,1.521687259629E-15,0.));
#3486 = PLANE('',#3487);
#3487 = AXIS2_PLACEMENT_3D('',#3488,#3489,#3490);
#3488 = CARTESIAN_POINT('',(3.45,-2.25,-17.90414317221));
#3489 = DIRECTION('',(1.521687259629E-15,-1.,0.));
#3490 = DIRECTION('',(1.,1.521687259629E-15,0.));
#3491 = ADVANCED_FACE('',(#3492),#3503,.F.);
#3492 = FACE_BOUND('',#3493,.T.);
#3493 = EDGE_LOOP('',(#3494,#3495,#3496,#3497));
#3494 = ORIENTED_EDGE('',*,*,#3231,.F.);
#3495 = ORIENTED_EDGE('',*,*,#3371,.T.);
#3496 = ORIENTED_EDGE('',*,*,#3273,.T.);
#3497 = ORIENTED_EDGE('',*,*,#3498,.F.);
#3498 = EDGE_CURVE('',#3223,#3246,#3499,.T.);
#3499 = LINE('',#3500,#3501);
#3500 = CARTESIAN_POINT('',(3.45,6.3,0.));
#3501 = VECTOR('',#3502,1.);
#3502 = DIRECTION('',(9.637352644316E-17,-1.,0.));
#3503 = PLANE('',#3504);
#3504 = AXIS2_PLACEMENT_3D('',#3505,#3506,#3507);
#3505 = CARTESIAN_POINT('',(3.45,2.25,-17.90414317221));
#3506 = DIRECTION('',(-1.,-9.637352644316E-17,0.));
#3507 = DIRECTION('',(9.637352644316E-17,-1.,0.));
#3508 = ADVANCED_FACE('',(#3509),#3520,.T.);
#3509 = FACE_BOUND('',#3510,.T.);
#3510 = EDGE_LOOP('',(#3511,#3517,#3518,#3519));
#3511 = ORIENTED_EDGE('',*,*,#3512,.T.);
#3512 = EDGE_CURVE('',#3332,#3290,#3513,.T.);
#3513 = LINE('',#3514,#3515);
#3514 = CARTESIAN_POINT('',(-3.45,6.3,0.));
#3515 = VECTOR('',#3516,1.);
#3516 = DIRECTION('',(9.637352644316E-17,-1.,0.));
#3517 = ORIENTED_EDGE('',*,*,#3287,.F.);
#3518 = ORIENTED_EDGE('',*,*,#3409,.F.);
#3519 = ORIENTED_EDGE('',*,*,#3329,.T.);
#3520 = PLANE('',#3521);
#3521 = AXIS2_PLACEMENT_3D('',#3522,#3523,#3524);
#3522 = CARTESIAN_POINT('',(-3.45,2.25,-17.90414317221));
#3523 = DIRECTION('',(-1.,-9.637352644316E-17,0.));
#3524 = DIRECTION('',(9.637352644316E-17,-1.,0.));
#3525 = ADVANCED_FACE('',(#3526),#3632,.F.);
#3526 = FACE_BOUND('',#3527,.T.);
#3527 = EDGE_LOOP('',(#3528,#3529,#3530,#3531,#3532,#3540,#3549,#3557,
    #3566,#3574,#3580,#3581,#3582,#3583,#3591,#3599,#3608,#3616,#3625,
    #3631));
#3528 = ORIENTED_EDGE('',*,*,#3222,.T.);
#3529 = ORIENTED_EDGE('',*,*,#3498,.T.);
#3530 = ORIENTED_EDGE('',*,*,#3245,.T.);
#3531 = ORIENTED_EDGE('',*,*,#3481,.T.);
#3532 = ORIENTED_EDGE('',*,*,#3533,.F.);
#3533 = EDGE_CURVE('',#3534,#3474,#3536,.T.);
#3534 = VERTEX_POINT('',#3535);
#3535 = CARTESIAN_POINT('',(6.3,-5.3,0.));
#3536 = LINE('',#3537,#3538);
#3537 = CARTESIAN_POINT('',(6.3,-6.3,0.));
#3538 = VECTOR('',#3539,1.);
#3539 = DIRECTION('',(0.,1.,0.));
#3540 = ORIENTED_EDGE('',*,*,#3541,.F.);
#3541 = EDGE_CURVE('',#3542,#3534,#3544,.T.);
#3542 = VERTEX_POINT('',#3543);
#3543 = CARTESIAN_POINT('',(5.3,-6.3,0.));
#3544 = CIRCLE('',#3545,1.);
#3545 = AXIS2_PLACEMENT_3D('',#3546,#3547,#3548);
#3546 = CARTESIAN_POINT('',(5.3,-5.3,0.));
#3547 = DIRECTION('',(0.,0.,1.));
#3548 = DIRECTION('',(1.,0.,-0.));
#3549 = ORIENTED_EDGE('',*,*,#3550,.F.);
#3550 = EDGE_CURVE('',#3551,#3542,#3553,.T.);
#3551 = VERTEX_POINT('',#3552);
#3552 = CARTESIAN_POINT('',(-5.3,-6.3,0.));
#3553 = LINE('',#3554,#3555);
#3554 = CARTESIAN_POINT('',(-6.3,-6.3,0.));
#3555 = VECTOR('',#3556,1.);
#3556 = DIRECTION('',(1.,-1.376764663474E-16,0.));
#3557 = ORIENTED_EDGE('',*,*,#3558,.F.);
#3558 = EDGE_CURVE('',#3559,#3551,#3561,.T.);
#3559 = VERTEX_POINT('',#3560);
#3560 = CARTESIAN_POINT('',(-6.3,-5.3,0.));
#3561 = CIRCLE('',#3562,1.);
#3562 = AXIS2_PLACEMENT_3D('',#3563,#3564,#3565);
#3563 = CARTESIAN_POINT('',(-5.3,-5.3,0.));
#3564 = DIRECTION('',(0.,0.,1.));
#3565 = DIRECTION('',(1.,0.,-0.));
#3566 = ORIENTED_EDGE('',*,*,#3567,.F.);
#3567 = EDGE_CURVE('',#3568,#3559,#3570,.T.);
#3568 = VERTEX_POINT('',#3569);
#3569 = CARTESIAN_POINT('',(-6.3,-2.25,0.));
#3570 = LINE('',#3571,#3572);
#3571 = CARTESIAN_POINT('',(-6.3,6.3,0.));
#3572 = VECTOR('',#3573,1.);
#3573 = DIRECTION('',(0.,-1.,0.));
#3574 = ORIENTED_EDGE('',*,*,#3575,.F.);
#3575 = EDGE_CURVE('',#3307,#3568,#3576,.T.);
#3576 = LINE('',#3577,#3578);
#3577 = CARTESIAN_POINT('',(6.3,-2.25,0.));
#3578 = VECTOR('',#3579,1.);
#3579 = DIRECTION('',(-1.,-1.521687259629E-16,0.));
#3580 = ORIENTED_EDGE('',*,*,#3314,.T.);
#3581 = ORIENTED_EDGE('',*,*,#3512,.F.);
#3582 = ORIENTED_EDGE('',*,*,#3339,.T.);
#3583 = ORIENTED_EDGE('',*,*,#3584,.F.);
#3584 = EDGE_CURVE('',#3585,#3340,#3587,.T.);
#3585 = VERTEX_POINT('',#3586);
#3586 = CARTESIAN_POINT('',(-6.3,2.25,0.));
#3587 = LINE('',#3588,#3589);
#3588 = CARTESIAN_POINT('',(6.3,2.25,0.));
#3589 = VECTOR('',#3590,1.);
#3590 = DIRECTION('',(1.,1.521687259629E-16,0.));
#3591 = ORIENTED_EDGE('',*,*,#3592,.F.);
#3592 = EDGE_CURVE('',#3593,#3585,#3595,.T.);
#3593 = VERTEX_POINT('',#3594);
#3594 = CARTESIAN_POINT('',(-6.3,5.3,0.));
#3595 = LINE('',#3596,#3597);
#3596 = CARTESIAN_POINT('',(-6.3,6.3,0.));
#3597 = VECTOR('',#3598,1.);
#3598 = DIRECTION('',(0.,-1.,0.));
#3599 = ORIENTED_EDGE('',*,*,#3600,.F.);
#3600 = EDGE_CURVE('',#3601,#3593,#3603,.T.);
#3601 = VERTEX_POINT('',#3602);
#3602 = CARTESIAN_POINT('',(-5.3,6.3,0.));
#3603 = CIRCLE('',#3604,1.);
#3604 = AXIS2_PLACEMENT_3D('',#3605,#3606,#3607);
#3605 = CARTESIAN_POINT('',(-5.3,5.3,0.));
#3606 = DIRECTION('',(0.,0.,1.));
#3607 = DIRECTION('',(1.,0.,-0.));
#3608 = ORIENTED_EDGE('',*,*,#3609,.F.);
#3609 = EDGE_CURVE('',#3610,#3601,#3612,.T.);
#3610 = VERTEX_POINT('',#3611);
#3611 = CARTESIAN_POINT('',(5.3,6.3,0.));
#3612 = LINE('',#3613,#3614);
#3613 = CARTESIAN_POINT('',(6.3,6.3,0.));
#3614 = VECTOR('',#3615,1.);
#3615 = DIRECTION('',(-1.,-1.376764663474E-16,0.));
#3616 = ORIENTED_EDGE('',*,*,#3617,.F.);
#3617 = EDGE_CURVE('',#3618,#3610,#3620,.T.);
#3618 = VERTEX_POINT('',#3619);
#3619 = CARTESIAN_POINT('',(6.3,5.3,0.));
#3620 = CIRCLE('',#3621,1.);
#3621 = AXIS2_PLACEMENT_3D('',#3622,#3623,#3624);
#3622 = CARTESIAN_POINT('',(5.3,5.3,0.));
#3623 = DIRECTION('',(0.,0.,1.));
#3624 = DIRECTION('',(1.,0.,-0.));
#3625 = ORIENTED_EDGE('',*,*,#3626,.F.);
#3626 = EDGE_CURVE('',#3449,#3618,#3627,.T.);
#3627 = LINE('',#3628,#3629);
#3628 = CARTESIAN_POINT('',(6.3,-6.3,0.));
#3629 = VECTOR('',#3630,1.);
#3630 = DIRECTION('',(0.,1.,0.));
#3631 = ORIENTED_EDGE('',*,*,#3448,.T.);
#3632 = PLANE('',#3633);
#3633 = AXIS2_PLACEMENT_3D('',#3634,#3635,#3636);
#3634 = CARTESIAN_POINT('',(6.3,6.3,0.));
#3635 = DIRECTION('',(0.,0.,1.));
#3636 = DIRECTION('',(1.,0.,-0.));
#3637 = ADVANCED_FACE('',(#3638),#3663,.T.);
#3638 = FACE_BOUND('',#3639,.T.);
#3639 = EDGE_LOOP('',(#3640,#3648,#3656,#3662));
#3640 = ORIENTED_EDGE('',*,*,#3641,.T.);
#3641 = EDGE_CURVE('',#1256,#3642,#3644,.T.);
#3642 = VERTEX_POINT('',#3643);
#3643 = CARTESIAN_POINT('',(5.3,6.3,3.1));
#3644 = LINE('',#3645,#3646);
#3645 = CARTESIAN_POINT('',(5.3,6.1,3.2));
#3646 = VECTOR('',#3647,1.);
#3647 = DIRECTION('',(0.,0.894427191,-0.4472135955));
#3648 = ORIENTED_EDGE('',*,*,#3649,.F.);
#3649 = EDGE_CURVE('',#3650,#3642,#3652,.T.);
#3650 = VERTEX_POINT('',#3651);
#3651 = CARTESIAN_POINT('',(-5.3,6.3,3.1));
#3652 = LINE('',#3653,#3654);
#3653 = CARTESIAN_POINT('',(5.3,6.3,3.1));
#3654 = VECTOR('',#3655,1.);
#3655 = DIRECTION('',(1.,1.376764663474E-16,0.));
#3656 = ORIENTED_EDGE('',*,*,#3657,.T.);
#3657 = EDGE_CURVE('',#3650,#1265,#3658,.T.);
#3658 = LINE('',#3659,#3660);
#3659 = CARTESIAN_POINT('',(-5.3,6.3,3.1));
#3660 = VECTOR('',#3661,1.);
#3661 = DIRECTION('',(0.,-0.894427191,0.4472135955));
#3662 = ORIENTED_EDGE('',*,*,#1264,.F.);
#3663 = PLANE('',#3664);
#3664 = AXIS2_PLACEMENT_3D('',#3665,#3666,#3667);
#3665 = CARTESIAN_POINT('',(6.3,6.1,3.2));
#3666 = DIRECTION('',(-6.157078753093E-17,0.4472135955,0.894427191));
#3667 = DIRECTION('',(0.,-0.894427191,0.4472135955));
#3668 = ADVANCED_FACE('',(#3669),#3680,.T.);
#3669 = FACE_BOUND('',#3670,.T.);
#3670 = EDGE_LOOP('',(#3671,#3672,#3673,#3674));
#3671 = ORIENTED_EDGE('',*,*,#3584,.T.);
#3672 = ORIENTED_EDGE('',*,*,#3348,.F.);
#3673 = ORIENTED_EDGE('',*,*,#3432,.F.);
#3674 = ORIENTED_EDGE('',*,*,#3675,.F.);
#3675 = EDGE_CURVE('',#3585,#3425,#3676,.T.);
#3676 = LINE('',#3677,#3678);
#3677 = CARTESIAN_POINT('',(-6.3,2.25,-17.90414317221));
#3678 = VECTOR('',#3679,1.);
#3679 = DIRECTION('',(0.,0.,1.));
#3680 = PLANE('',#3681);
#3681 = AXIS2_PLACEMENT_3D('',#3682,#3683,#3684);
#3682 = CARTESIAN_POINT('',(-6.3,2.25,-17.90414317221));
#3683 = DIRECTION('',(1.521687259629E-16,-1.,0.));
#3684 = DIRECTION('',(1.,1.521687259629E-16,0.));
#3685 = ADVANCED_FACE('',(#3686),#3720,.F.);
#3686 = FACE_BOUND('',#3687,.T.);
#3687 = EDGE_LOOP('',(#3688,#3694,#3695,#3703,#3711,#3717,#3718,#3719));
#3688 = ORIENTED_EDGE('',*,*,#3689,.F.);
#3689 = EDGE_CURVE('',#3568,#3417,#3690,.T.);
#3690 = LINE('',#3691,#3692);
#3691 = CARTESIAN_POINT('',(-6.3,-2.25,-17.90414317221));
#3692 = VECTOR('',#3693,1.);
#3693 = DIRECTION('',(0.,0.,1.));
#3694 = ORIENTED_EDGE('',*,*,#3567,.T.);
#3695 = ORIENTED_EDGE('',*,*,#3696,.F.);
#3696 = EDGE_CURVE('',#3697,#3559,#3699,.T.);
#3697 = VERTEX_POINT('',#3698);
#3698 = CARTESIAN_POINT('',(-6.3,-5.3,3.1));
#3699 = LINE('',#3700,#3701);
#3700 = CARTESIAN_POINT('',(-6.3,-5.3,3.2));
#3701 = VECTOR('',#3702,1.);
#3702 = DIRECTION('',(0.,0.,-1.));
#3703 = ORIENTED_EDGE('',*,*,#3704,.T.);
#3704 = EDGE_CURVE('',#3697,#3705,#3707,.T.);
#3705 = VERTEX_POINT('',#3706);
#3706 = CARTESIAN_POINT('',(-6.3,5.3,3.1));
#3707 = LINE('',#3708,#3709);
#3708 = CARTESIAN_POINT('',(-6.3,5.3,3.1));
#3709 = VECTOR('',#3710,1.);
#3710 = DIRECTION('',(0.,1.,0.));
#3711 = ORIENTED_EDGE('',*,*,#3712,.T.);
#3712 = EDGE_CURVE('',#3705,#3593,#3713,.T.);
#3713 = LINE('',#3714,#3715);
#3714 = CARTESIAN_POINT('',(-6.3,5.3,3.2));
#3715 = VECTOR('',#3716,1.);
#3716 = DIRECTION('',(0.,0.,-1.));
#3717 = ORIENTED_EDGE('',*,*,#3592,.T.);
#3718 = ORIENTED_EDGE('',*,*,#3675,.T.);
#3719 = ORIENTED_EDGE('',*,*,#3424,.F.);
#3720 = PLANE('',#3721);
#3721 = AXIS2_PLACEMENT_3D('',#3722,#3723,#3724);
#3722 = CARTESIAN_POINT('',(-6.3,6.3,3.2));
#3723 = DIRECTION('',(1.,0.,0.));
#3724 = DIRECTION('',(0.,0.,-1.));
#3725 = ADVANCED_FACE('',(#3726),#3732,.T.);
#3726 = FACE_BOUND('',#3727,.T.);
#3727 = EDGE_LOOP('',(#3728,#3729,#3730,#3731));
#3728 = ORIENTED_EDGE('',*,*,#3416,.F.);
#3729 = ORIENTED_EDGE('',*,*,#3306,.T.);
#3730 = ORIENTED_EDGE('',*,*,#3575,.T.);
#3731 = ORIENTED_EDGE('',*,*,#3689,.T.);
#3732 = PLANE('',#3733);
#3733 = AXIS2_PLACEMENT_3D('',#3734,#3735,#3736);
#3734 = CARTESIAN_POINT('',(-3.45,-2.25,-17.90414317221));
#3735 = DIRECTION('',(-1.521687259629E-16,1.,0.));
#3736 = DIRECTION('',(-1.,-1.521687259629E-16,0.));
#3737 = ADVANCED_FACE('',(#3738),#3759,.T.);
#3738 = FACE_BOUND('',#3739,.T.);
#3739 = EDGE_LOOP('',(#3740,#3741,#3758));
#3740 = ORIENTED_EDGE('',*,*,#2898,.F.);
#3741 = ORIENTED_EDGE('',*,*,#3742,.F.);
#3742 = EDGE_CURVE('',#2739,#2899,#3743,.T.);
#3743 = B_SPLINE_CURVE_WITH_KNOTS('',3,(#3744,#3745,#3746,#3747,#3748,
    #3749,#3750,#3751,#3752,#3753,#3754,#3755,#3756,#3757),
  .UNSPECIFIED.,.F.,.F.,(4,2,2,3,3,4),(0.,0.281158487643,0.481460939623,
    0.684775458551,0.752262299598,0.850331981942),.UNSPECIFIED.);
#3744 = CARTESIAN_POINT('',(-1.546721311475,-0.268032786885,3.2));
#3745 = CARTESIAN_POINT('',(-1.546721311475,-0.599180327869,3.2));
#3746 = CARTESIAN_POINT('',(-1.718852459016,-0.781147540984,3.2));
#3747 = CARTESIAN_POINT('',(-2.148360655738,-0.781147540984,3.2));
#3748 = CARTESIAN_POINT('',(-2.258196721311,-0.645081967213,3.2));
#3749 = CARTESIAN_POINT('',(-2.258196721311,-0.205737704918,3.2));
#3750 = CARTESIAN_POINT('',(-2.151639344262,-0.100819672131,3.2));
#3751 = CARTESIAN_POINT('',(-1.945081967213,-4.672131147541E-02,3.2));
#3752 = CARTESIAN_POINT('',(-1.887637952776,-3.167645055152E-02,3.2));
#3753 = CARTESIAN_POINT('',(-1.830327868852,-1.612021857924E-02,3.2));
#3754 = CARTESIAN_POINT('',(-1.772950819672,-8.196721311474E-04,3.2));
#3755 = CARTESIAN_POINT('',(-1.690303380722,2.121964492211E-02,3.2));
#3756 = CARTESIAN_POINT('',(-1.577868852459,5.491803278689E-02,3.2));
#3757 = CARTESIAN_POINT('',(-1.553278688525,0.120491803279,3.2));
#3758 = ORIENTED_EDGE('',*,*,#2736,.F.);
#3759 = PLANE('',#3760);
#3760 = AXIS2_PLACEMENT_3D('',#3761,#3762,#3763);
#3761 = CARTESIAN_POINT('',(6.3,6.3,3.2));
#3762 = DIRECTION('',(0.,0.,1.));
#3763 = DIRECTION('',(1.,0.,-0.));
#3764 = ADVANCED_FACE('',(#3765),#3776,.F.);
#3765 = FACE_BOUND('',#3766,.T.);
#3766 = EDGE_LOOP('',(#3767,#3768,#3774,#3775));
#3767 = ORIENTED_EDGE('',*,*,#1086,.T.);
#3768 = ORIENTED_EDGE('',*,*,#3769,.F.);
#3769 = EDGE_CURVE('',#2444,#1089,#3770,.T.);
#3770 = LINE('',#3771,#3772);
#3771 = CARTESIAN_POINT('',(-0.915573770492,-0.91393442623,3.19));
#3772 = VECTOR('',#3773,1.);
#3773 = DIRECTION('',(0.,0.,1.));
#3774 = ORIENTED_EDGE('',*,*,#2441,.F.);
#3775 = ORIENTED_EDGE('',*,*,#2529,.T.);
#3776 = PLANE('',#3777);
#3777 = AXIS2_PLACEMENT_3D('',#3778,#3779,#3780);
#3778 = CARTESIAN_POINT('',(-0.915573770492,0.915573770492,3.19));
#3779 = DIRECTION('',(-1.,0.,0.));
#3780 = DIRECTION('',(0.,0.,1.));
#3781 = ADVANCED_FACE('',(#3782,#3828),#3849,.T.);
#3782 = FACE_BOUND('',#3783,.T.);
#3783 = EDGE_LOOP('',(#3784,#3785,#3786,#3787,#3801,#3810));
#3784 = ORIENTED_EDGE('',*,*,#2713,.T.);
#3785 = ORIENTED_EDGE('',*,*,#2631,.T.);
#3786 = ORIENTED_EDGE('',*,*,#2695,.T.);
#3787 = ORIENTED_EDGE('',*,*,#3788,.T.);
#3788 = EDGE_CURVE('',#2688,#3789,#3791,.T.);
#3789 = VERTEX_POINT('',#3790);
#3790 = CARTESIAN_POINT('',(-1.172950819672,-0.915573770492,3.19));
#3791 = B_SPLINE_CURVE_WITH_KNOTS('',3,(#3792,#3793,#3794,#3795,#3796,
    #3797,#3798,#3799,#3800),.UNSPECIFIED.,.F.,.F.,(4,3,2,4),(
    0.498918257571,0.506469639946,0.561906533057,0.569746093699),
  .UNSPECIFIED.);
#3792 = CARTESIAN_POINT('',(-1.536885245902,-0.648360655738,3.19));
#3793 = CARTESIAN_POINT('',(-1.536885245902,-0.668579234973,3.19));
#3794 = CARTESIAN_POINT('',(-1.536885245902,-0.688797814208,3.19));
#3795 = CARTESIAN_POINT('',(-1.536885245902,-0.709016393443,3.19));
#3796 = CARTESIAN_POINT('',(-1.536885245902,-0.897540983607,3.19));
#3797 = CARTESIAN_POINT('',(-1.431967213115,-0.936885245902,3.19));
#3798 = CARTESIAN_POINT('',(-1.246721311475,-0.936885245902,3.19));
#3799 = CARTESIAN_POINT('',(-1.212295081967,-0.92868852459,3.19));
#3800 = CARTESIAN_POINT('',(-1.172950819672,-0.915573770492,3.19));
#3801 = ORIENTED_EDGE('',*,*,#3802,.T.);
#3802 = EDGE_CURVE('',#3789,#3803,#3805,.T.);
#3803 = VERTEX_POINT('',#3804);
#3804 = CARTESIAN_POINT('',(-1.172950819672,-0.763114754098,3.19));
#3805 = B_SPLINE_CURVE_WITH_KNOTS('',3,(#3806,#3807,#3808,#3809),
  .UNSPECIFIED.,.F.,.F.,(4,4),(0.569746093699,0.588726595345),
  .PIECEWISE_BEZIER_KNOTS.);
#3806 = CARTESIAN_POINT('',(-1.172950819672,-0.915573770492,3.19));
#3807 = CARTESIAN_POINT('',(-1.172950819672,-0.864754098361,3.19));
#3808 = CARTESIAN_POINT('',(-1.172950819672,-0.81393442623,3.19));
#3809 = CARTESIAN_POINT('',(-1.172950819672,-0.763114754098,3.19));
#3810 = ORIENTED_EDGE('',*,*,#3811,.T.);
#3811 = EDGE_CURVE('',#3803,#2714,#3812,.T.);
#3812 = B_SPLINE_CURVE_WITH_KNOTS('',3,(#3813,#3814,#3815,#3816,#3817,
    #3818,#3819,#3820,#3821,#3822,#3823,#3824,#3825,#3826,#3827),
  .UNSPECIFIED.,.F.,.F.,(4,3,3,3,2,4),(0.588726595345,0.596073886305,
    0.62206655014,0.756970975822,0.86376237675,0.97428448164),
  .UNSPECIFIED.);
#3813 = CARTESIAN_POINT('',(-1.172950819672,-0.763114754098,3.19));
#3814 = CARTESIAN_POINT('',(-1.19262295082,-0.763114754098,3.19));
#3815 = CARTESIAN_POINT('',(-1.212295081967,-0.763114754098,3.19));
#3816 = CARTESIAN_POINT('',(-1.231967213115,-0.763114754098,3.19));
#3817 = CARTESIAN_POINT('',(-1.304098360656,-0.763114754098,3.19));
#3818 = CARTESIAN_POINT('',(-1.338524590164,-0.712295081967,3.19));
#3819 = CARTESIAN_POINT('',(-1.338524590164,-0.61393442623,3.19));
#3820 = CARTESIAN_POINT('',(-1.338524590164,-0.252732240437,3.19));
#3821 = CARTESIAN_POINT('',(-1.338524590164,0.108469945355,3.19));
#3822 = CARTESIAN_POINT('',(-1.338524590164,0.469672131148,3.19));
#3823 = CARTESIAN_POINT('',(-1.338524590164,0.758196721311,3.19));
#3824 = CARTESIAN_POINT('',(-1.481147540984,0.954918032787,3.19));
#3825 = CARTESIAN_POINT('',(-2.245081967213,0.954918032787,3.19));
#3826 = CARTESIAN_POINT('',(-2.420491803279,0.745081967213,3.19));
#3827 = CARTESIAN_POINT('',(-2.420491803279,0.369672131148,3.19));
#3828 = FACE_BOUND('',#3829,.T.);
#3829 = EDGE_LOOP('',(#3830,#3831,#3832));
#3830 = ORIENTED_EDGE('',*,*,#2908,.T.);
#3831 = ORIENTED_EDGE('',*,*,#2755,.T.);
#3832 = ORIENTED_EDGE('',*,*,#3833,.T.);
#3833 = EDGE_CURVE('',#2748,#2909,#3834,.T.);
#3834 = B_SPLINE_CURVE_WITH_KNOTS('',3,(#3835,#3836,#3837,#3838,#3839,
    #3840,#3841,#3842,#3843,#3844,#3845,#3846,#3847,#3848),
  .UNSPECIFIED.,.F.,.F.,(4,2,2,3,3,4),(0.,0.281158487643,0.481460939623,
    0.684775458551,0.752262299598,0.850331981942),.UNSPECIFIED.);
#3835 = CARTESIAN_POINT('',(-1.546721311475,-0.268032786885,3.19));
#3836 = CARTESIAN_POINT('',(-1.546721311475,-0.599180327869,3.19));
#3837 = CARTESIAN_POINT('',(-1.718852459016,-0.781147540984,3.19));
#3838 = CARTESIAN_POINT('',(-2.148360655738,-0.781147540984,3.19));
#3839 = CARTESIAN_POINT('',(-2.258196721311,-0.645081967213,3.19));
#3840 = CARTESIAN_POINT('',(-2.258196721311,-0.205737704918,3.19));
#3841 = CARTESIAN_POINT('',(-2.151639344262,-0.100819672131,3.19));
#3842 = CARTESIAN_POINT('',(-1.945081967213,-4.672131147541E-02,3.19));
#3843 = CARTESIAN_POINT('',(-1.887637952776,-3.167645055152E-02,3.19));
#3844 = CARTESIAN_POINT('',(-1.830327868852,-1.612021857924E-02,3.19));
#3845 = CARTESIAN_POINT('',(-1.772950819672,-8.196721311474E-04,3.19));
#3846 = CARTESIAN_POINT('',(-1.690303380722,2.121964492211E-02,3.19));
#3847 = CARTESIAN_POINT('',(-1.577868852459,5.491803278689E-02,3.19));
#3848 = CARTESIAN_POINT('',(-1.553278688525,0.120491803279,3.19));
#3849 = PLANE('',#3850);
#3850 = AXIS2_PLACEMENT_3D('',#3851,#3852,#3853);
#3851 = CARTESIAN_POINT('',(-2.195741267056,3.761843490232E-02,3.19));
#3852 = DIRECTION('',(0.,0.,1.));
#3853 = DIRECTION('',(1.,0.,-0.));
#3854 = ADVANCED_FACE('',(#3855),#3858,.T.);
#3855 = FACE_BOUND('',#3856,.T.);
#3856 = EDGE_LOOP('',(#3857));
#3857 = ORIENTED_EDGE('',*,*,#1634,.F.);
#3858 = PLANE('',#3859);
#3859 = AXIS2_PLACEMENT_3D('',#3860,#3861,#3862);
#3860 = CARTESIAN_POINT('',(6.3,6.3,3.2));
#3861 = DIRECTION('',(0.,0.,1.));
#3862 = DIRECTION('',(1.,0.,-0.));
#3863 = ADVANCED_FACE('',(#3864),#3880,.F.);
#3864 = FACE_BOUND('',#3865,.T.);
#3865 = EDGE_LOOP('',(#3866,#3872,#3873,#3879));
#3866 = ORIENTED_EDGE('',*,*,#3867,.F.);
#3867 = EDGE_CURVE('',#1452,#3542,#3868,.T.);
#3868 = LINE('',#3869,#3870);
#3869 = CARTESIAN_POINT('',(5.3,-6.3,3.2));
#3870 = VECTOR('',#3871,1.);
#3871 = DIRECTION('',(0.,0.,-1.));
#3872 = ORIENTED_EDGE('',*,*,#1451,.T.);
#3873 = ORIENTED_EDGE('',*,*,#3874,.T.);
#3874 = EDGE_CURVE('',#1444,#3551,#3875,.T.);
#3875 = LINE('',#3876,#3877);
#3876 = CARTESIAN_POINT('',(-5.3,-6.3,3.2));
#3877 = VECTOR('',#3878,1.);
#3878 = DIRECTION('',(0.,0.,-1.));
#3879 = ORIENTED_EDGE('',*,*,#3550,.T.);
#3880 = PLANE('',#3881);
#3881 = AXIS2_PLACEMENT_3D('',#3882,#3883,#3884);
#3882 = CARTESIAN_POINT('',(-6.3,-6.3,3.2));
#3883 = DIRECTION('',(1.376764663474E-16,1.,0.));
#3884 = DIRECTION('',(-1.,1.376764663474E-16,0.));
#3885 = ADVANCED_FACE('',(#3886),#3905,.T.);
#3886 = FACE_BOUND('',#3887,.T.);
#3887 = EDGE_LOOP('',(#3888,#3896,#3903,#3904));
#3888 = ORIENTED_EDGE('',*,*,#3889,.F.);
#3889 = EDGE_CURVE('',#3890,#3534,#3892,.T.);
#3890 = VERTEX_POINT('',#3891);
#3891 = CARTESIAN_POINT('',(6.3,-5.3,3.1));
#3892 = LINE('',#3893,#3894);
#3893 = CARTESIAN_POINT('',(6.3,-5.3,3.2));
#3894 = VECTOR('',#3895,1.);
#3895 = DIRECTION('',(0.,0.,-1.));
#3896 = ORIENTED_EDGE('',*,*,#3897,.F.);
#3897 = EDGE_CURVE('',#1452,#3890,#3898,.T.);
#3898 = CIRCLE('',#3899,1.);
#3899 = AXIS2_PLACEMENT_3D('',#3900,#3901,#3902);
#3900 = CARTESIAN_POINT('',(5.3,-5.3,3.1));
#3901 = DIRECTION('',(0.,0.,1.));
#3902 = DIRECTION('',(1.,0.,-0.));
#3903 = ORIENTED_EDGE('',*,*,#3867,.T.);
#3904 = ORIENTED_EDGE('',*,*,#3541,.T.);
#3905 = CYLINDRICAL_SURFACE('',#3906,1.);
#3906 = AXIS2_PLACEMENT_3D('',#3907,#3908,#3909);
#3907 = CARTESIAN_POINT('',(5.3,-5.3,3.2));
#3908 = DIRECTION('',(-0.,-0.,1.));
#3909 = DIRECTION('',(-1.,0.,0.));
#3910 = ADVANCED_FACE('',(#3911),#3927,.F.);
#3911 = FACE_BOUND('',#3912,.T.);
#3912 = EDGE_LOOP('',(#3913,#3919,#3920,#3926));
#3913 = ORIENTED_EDGE('',*,*,#3914,.F.);
#3914 = EDGE_CURVE('',#3650,#3601,#3915,.T.);
#3915 = LINE('',#3916,#3917);
#3916 = CARTESIAN_POINT('',(-5.3,6.3,3.2));
#3917 = VECTOR('',#3918,1.);
#3918 = DIRECTION('',(0.,0.,-1.));
#3919 = ORIENTED_EDGE('',*,*,#3649,.T.);
#3920 = ORIENTED_EDGE('',*,*,#3921,.T.);
#3921 = EDGE_CURVE('',#3642,#3610,#3922,.T.);
#3922 = LINE('',#3923,#3924);
#3923 = CARTESIAN_POINT('',(5.3,6.3,3.2));
#3924 = VECTOR('',#3925,1.);
#3925 = DIRECTION('',(0.,0.,-1.));
#3926 = ORIENTED_EDGE('',*,*,#3609,.T.);
#3927 = PLANE('',#3928);
#3928 = AXIS2_PLACEMENT_3D('',#3929,#3930,#3931);
#3929 = CARTESIAN_POINT('',(6.3,6.3,3.2));
#3930 = DIRECTION('',(1.376764663474E-16,-1.,0.));
#3931 = DIRECTION('',(1.,1.376764663474E-16,0.));
#3932 = ADVANCED_FACE('',(#3933),#3955,.F.);
#3933 = FACE_BOUND('',#3934,.T.);
#3934 = EDGE_LOOP('',(#3935,#3936,#3937,#3938,#3939,#3940,#3948,#3954));
#3935 = ORIENTED_EDGE('',*,*,#3533,.T.);
#3936 = ORIENTED_EDGE('',*,*,#3473,.T.);
#3937 = ORIENTED_EDGE('',*,*,#3386,.T.);
#3938 = ORIENTED_EDGE('',*,*,#3456,.T.);
#3939 = ORIENTED_EDGE('',*,*,#3626,.T.);
#3940 = ORIENTED_EDGE('',*,*,#3941,.F.);
#3941 = EDGE_CURVE('',#3942,#3618,#3944,.T.);
#3942 = VERTEX_POINT('',#3943);
#3943 = CARTESIAN_POINT('',(6.3,5.3,3.1));
#3944 = LINE('',#3945,#3946);
#3945 = CARTESIAN_POINT('',(6.3,5.3,3.2));
#3946 = VECTOR('',#3947,1.);
#3947 = DIRECTION('',(0.,0.,-1.));
#3948 = ORIENTED_EDGE('',*,*,#3949,.T.);
#3949 = EDGE_CURVE('',#3942,#3890,#3950,.T.);
#3950 = LINE('',#3951,#3952);
#3951 = CARTESIAN_POINT('',(6.3,-5.3,3.1));
#3952 = VECTOR('',#3953,1.);
#3953 = DIRECTION('',(0.,-1.,0.));
#3954 = ORIENTED_EDGE('',*,*,#3889,.T.);
#3955 = PLANE('',#3956);
#3956 = AXIS2_PLACEMENT_3D('',#3957,#3958,#3959);
#3957 = CARTESIAN_POINT('',(6.3,-6.3,3.2));
#3958 = DIRECTION('',(-1.,0.,0.));
#3959 = DIRECTION('',(0.,0.,1.));
#3960 = ADVANCED_FACE('',(#3961),#3973,.T.);
#3961 = FACE_BOUND('',#3962,.T.);
#3962 = EDGE_LOOP('',(#3963,#3964,#3971,#3972));
#3963 = ORIENTED_EDGE('',*,*,#3921,.F.);
#3964 = ORIENTED_EDGE('',*,*,#3965,.F.);
#3965 = EDGE_CURVE('',#3942,#3642,#3966,.T.);
#3966 = CIRCLE('',#3967,1.);
#3967 = AXIS2_PLACEMENT_3D('',#3968,#3969,#3970);
#3968 = CARTESIAN_POINT('',(5.3,5.3,3.1));
#3969 = DIRECTION('',(0.,0.,1.));
#3970 = DIRECTION('',(1.,0.,-0.));
#3971 = ORIENTED_EDGE('',*,*,#3941,.T.);
#3972 = ORIENTED_EDGE('',*,*,#3617,.T.);
#3973 = CYLINDRICAL_SURFACE('',#3974,1.);
#3974 = AXIS2_PLACEMENT_3D('',#3975,#3976,#3977);
#3975 = CARTESIAN_POINT('',(5.3,5.3,3.2));
#3976 = DIRECTION('',(-0.,-0.,1.));
#3977 = DIRECTION('',(-1.,0.,0.));
#3978 = ADVANCED_FACE('',(#3979),#3991,.T.);
#3979 = FACE_BOUND('',#3980,.T.);
#3980 = EDGE_LOOP('',(#3981,#3982,#3989,#3990));
#3981 = ORIENTED_EDGE('',*,*,#3712,.F.);
#3982 = ORIENTED_EDGE('',*,*,#3983,.F.);
#3983 = EDGE_CURVE('',#3650,#3705,#3984,.T.);
#3984 = CIRCLE('',#3985,1.);
#3985 = AXIS2_PLACEMENT_3D('',#3986,#3987,#3988);
#3986 = CARTESIAN_POINT('',(-5.3,5.3,3.1));
#3987 = DIRECTION('',(0.,0.,1.));
#3988 = DIRECTION('',(1.,0.,-0.));
#3989 = ORIENTED_EDGE('',*,*,#3914,.T.);
#3990 = ORIENTED_EDGE('',*,*,#3600,.T.);
#3991 = CYLINDRICAL_SURFACE('',#3992,1.);
#3992 = AXIS2_PLACEMENT_3D('',#3993,#3994,#3995);
#3993 = CARTESIAN_POINT('',(-5.3,5.3,3.2));
#3994 = DIRECTION('',(-0.,-0.,1.));
#3995 = DIRECTION('',(-1.,0.,0.));
#3996 = ADVANCED_FACE('',(#3997),#4009,.T.);
#3997 = FACE_BOUND('',#3998,.T.);
#3998 = EDGE_LOOP('',(#3999,#4000,#4007,#4008));
#3999 = ORIENTED_EDGE('',*,*,#3874,.F.);
#4000 = ORIENTED_EDGE('',*,*,#4001,.F.);
#4001 = EDGE_CURVE('',#3697,#1444,#4002,.T.);
#4002 = CIRCLE('',#4003,1.);
#4003 = AXIS2_PLACEMENT_3D('',#4004,#4005,#4006);
#4004 = CARTESIAN_POINT('',(-5.3,-5.3,3.1));
#4005 = DIRECTION('',(0.,0.,1.));
#4006 = DIRECTION('',(1.,0.,-0.));
#4007 = ORIENTED_EDGE('',*,*,#3696,.T.);
#4008 = ORIENTED_EDGE('',*,*,#3558,.T.);
#4009 = CYLINDRICAL_SURFACE('',#4010,1.);
#4010 = AXIS2_PLACEMENT_3D('',#4011,#4012,#4013);
#4011 = CARTESIAN_POINT('',(-5.3,-5.3,3.2));
#4012 = DIRECTION('',(-0.,-0.,1.));
#4013 = DIRECTION('',(-1.,0.,0.));
#4014 = ADVANCED_FACE('',(#4015),#4026,.T.);
#4015 = FACE_BOUND('',#4016,.T.);
#4016 = EDGE_LOOP('',(#4017,#4023,#4024,#4025));
#4017 = ORIENTED_EDGE('',*,*,#4018,.T.);
#4018 = EDGE_CURVE('',#3705,#1273,#4019,.T.);
#4019 = LINE('',#4020,#4021);
#4020 = CARTESIAN_POINT('',(-6.3,5.3,3.1));
#4021 = VECTOR('',#4022,1.);
#4022 = DIRECTION('',(0.894427191,0.,0.4472135955));
#4023 = ORIENTED_EDGE('',*,*,#1272,.F.);
#4024 = ORIENTED_EDGE('',*,*,#3657,.F.);
#4025 = ORIENTED_EDGE('',*,*,#3983,.T.);
#4026 = CONICAL_SURFACE('',#4027,0.8,1.107148717794);
#4027 = AXIS2_PLACEMENT_3D('',#4028,#4029,#4030);
#4028 = CARTESIAN_POINT('',(-5.3,5.3,3.2));
#4029 = DIRECTION('',(-0.,0.,-1.));
#4030 = DIRECTION('',(-1.,0.,0.));
#4031 = ADVANCED_FACE('',(#4032),#4043,.T.);
#4032 = FACE_BOUND('',#4033,.T.);
#4033 = EDGE_LOOP('',(#4034,#4040,#4041,#4042));
#4034 = ORIENTED_EDGE('',*,*,#4035,.T.);
#4035 = EDGE_CURVE('',#1254,#3942,#4036,.T.);
#4036 = LINE('',#4037,#4038);
#4037 = CARTESIAN_POINT('',(6.1,5.3,3.2));
#4038 = VECTOR('',#4039,1.);
#4039 = DIRECTION('',(0.894427191,0.,-0.4472135955));
#4040 = ORIENTED_EDGE('',*,*,#3965,.T.);
#4041 = ORIENTED_EDGE('',*,*,#3641,.F.);
#4042 = ORIENTED_EDGE('',*,*,#1253,.F.);
#4043 = CONICAL_SURFACE('',#4044,0.8,1.107148717794);
#4044 = AXIS2_PLACEMENT_3D('',#4045,#4046,#4047);
#4045 = CARTESIAN_POINT('',(5.3,5.3,3.2));
#4046 = DIRECTION('',(-0.,0.,-1.));
#4047 = DIRECTION('',(-1.,0.,0.));
#4048 = ADVANCED_FACE('',(#4049),#4060,.T.);
#4049 = FACE_BOUND('',#4050,.T.);
#4050 = EDGE_LOOP('',(#4051,#4057,#4058,#4059));
#4051 = ORIENTED_EDGE('',*,*,#4052,.T.);
#4052 = EDGE_CURVE('',#3697,#1282,#4053,.T.);
#4053 = LINE('',#4054,#4055);
#4054 = CARTESIAN_POINT('',(-6.3,-5.3,3.1));
#4055 = VECTOR('',#4056,1.);
#4056 = DIRECTION('',(0.894427191,0.,0.4472135955));
#4057 = ORIENTED_EDGE('',*,*,#1281,.F.);
#4058 = ORIENTED_EDGE('',*,*,#4018,.F.);
#4059 = ORIENTED_EDGE('',*,*,#3704,.F.);
#4060 = PLANE('',#4061);
#4061 = AXIS2_PLACEMENT_3D('',#4062,#4063,#4064);
#4062 = CARTESIAN_POINT('',(-6.1,6.3,3.2));
#4063 = DIRECTION('',(-0.4472135955,0.,0.894427191));
#4064 = DIRECTION('',(0.894427191,0.,0.4472135955));
#4065 = ADVANCED_FACE('',(#4066),#4077,.T.);
#4066 = FACE_BOUND('',#4067,.T.);
#4067 = EDGE_LOOP('',(#4068,#4074,#4075,#4076));
#4068 = ORIENTED_EDGE('',*,*,#4069,.T.);
#4069 = EDGE_CURVE('',#1307,#3890,#4070,.T.);
#4070 = LINE('',#4071,#4072);
#4071 = CARTESIAN_POINT('',(6.1,-5.3,3.2));
#4072 = VECTOR('',#4073,1.);
#4073 = DIRECTION('',(0.894427191,0.,-0.4472135955));
#4074 = ORIENTED_EDGE('',*,*,#3949,.F.);
#4075 = ORIENTED_EDGE('',*,*,#4035,.F.);
#4076 = ORIENTED_EDGE('',*,*,#1315,.F.);
#4077 = PLANE('',#4078);
#4078 = AXIS2_PLACEMENT_3D('',#4079,#4080,#4081);
#4079 = CARTESIAN_POINT('',(6.1,6.3,3.2));
#4080 = DIRECTION('',(0.4472135955,0.,0.894427191));
#4081 = DIRECTION('',(0.894427191,0.,-0.4472135955));
#4082 = ADVANCED_FACE('',(#4083),#4089,.T.);
#4083 = FACE_BOUND('',#4084,.T.);
#4084 = EDGE_LOOP('',(#4085,#4086,#4087,#4088));
#4085 = ORIENTED_EDGE('',*,*,#1443,.T.);
#4086 = ORIENTED_EDGE('',*,*,#1289,.F.);
#4087 = ORIENTED_EDGE('',*,*,#4052,.F.);
#4088 = ORIENTED_EDGE('',*,*,#4001,.T.);
#4089 = CONICAL_SURFACE('',#4090,0.8,1.107148717794);
#4090 = AXIS2_PLACEMENT_3D('',#4091,#4092,#4093);
#4091 = CARTESIAN_POINT('',(-5.3,-5.3,3.2));
#4092 = DIRECTION('',(-0.,0.,-1.));
#4093 = DIRECTION('',(-1.,0.,0.));
#4094 = ADVANCED_FACE('',(#4095),#4101,.T.);
#4095 = FACE_BOUND('',#4096,.T.);
#4096 = EDGE_LOOP('',(#4097,#4098,#4099,#4100));
#4097 = ORIENTED_EDGE('',*,*,#1459,.T.);
#4098 = ORIENTED_EDGE('',*,*,#3897,.T.);
#4099 = ORIENTED_EDGE('',*,*,#4069,.F.);
#4100 = ORIENTED_EDGE('',*,*,#1306,.F.);
#4101 = CONICAL_SURFACE('',#4102,0.8,1.107148717794);
#4102 = AXIS2_PLACEMENT_3D('',#4103,#4104,#4105);
#4103 = CARTESIAN_POINT('',(5.3,-5.3,3.2));
#4104 = DIRECTION('',(-0.,0.,-1.));
#4105 = DIRECTION('',(-1.,0.,0.));
#4106 = ADVANCED_FACE('',(#4107),#4152,.T.);
#4107 = FACE_BOUND('',#4108,.T.);
#4108 = EDGE_LOOP('',(#4109,#4110,#4111,#4112,#4113,#4127,#4136,#4145));
#4109 = ORIENTED_EDGE('',*,*,#1890,.T.);
#4110 = ORIENTED_EDGE('',*,*,#1865,.T.);
#4111 = ORIENTED_EDGE('',*,*,#1795,.T.);
#4112 = ORIENTED_EDGE('',*,*,#1847,.T.);
#4113 = ORIENTED_EDGE('',*,*,#4114,.T.);
#4114 = EDGE_CURVE('',#1840,#4115,#4117,.T.);
#4115 = VERTEX_POINT('',#4116);
#4116 = CARTESIAN_POINT('',(2.264754098361,0.658196721311,3.19));
#4117 = B_SPLINE_CURVE_WITH_KNOTS('',3,(#4118,#4119,#4120,#4121,#4122,
    #4123,#4124,#4125,#4126),.UNSPECIFIED.,.F.,.F.,(4,3,2,4),(
    0.456811112161,0.606266338663,0.694048335819,0.753430275072),
  .UNSPECIFIED.);
#4118 = CARTESIAN_POINT('',(3.202459016393,-0.91393442623,3.19));
#4119 = CARTESIAN_POINT('',(3.202459016393,-0.453825136612,3.19));
#4120 = CARTESIAN_POINT('',(3.202459016393,6.284153005464E-03,3.19));
#4121 = CARTESIAN_POINT('',(3.202459016393,0.466393442623,3.19));
#4122 = CARTESIAN_POINT('',(3.202459016393,0.810655737705,3.19));
#4123 = CARTESIAN_POINT('',(3.012295081967,0.954918032787,3.19));
#4124 = CARTESIAN_POINT('',(2.545081967213,0.954918032787,3.19));
#4125 = CARTESIAN_POINT('',(2.372950819672,0.864754098361,3.19));
#4126 = CARTESIAN_POINT('',(2.264754098361,0.658196721311,3.19));
#4127 = ORIENTED_EDGE('',*,*,#4128,.T.);
#4128 = EDGE_CURVE('',#4115,#4129,#4131,.T.);
#4129 = VERTEX_POINT('',#4130);
#4130 = CARTESIAN_POINT('',(2.258196721311,0.659836065574,3.19));
#4131 = B_SPLINE_CURVE_WITH_KNOTS('',3,(#4132,#4133,#4134,#4135),
  .UNSPECIFIED.,.F.,.F.,(4,4),(0.753430275072,0.754162127429),
  .PIECEWISE_BEZIER_KNOTS.);
#4132 = CARTESIAN_POINT('',(2.264754098361,0.658196721311,3.19));
#4133 = CARTESIAN_POINT('',(2.262568306011,0.658743169399,3.19));
#4134 = CARTESIAN_POINT('',(2.260382513661,0.659289617486,3.19));
#4135 = CARTESIAN_POINT('',(2.258196721311,0.659836065574,3.19));
#4136 = ORIENTED_EDGE('',*,*,#4137,.T.);
#4137 = EDGE_CURVE('',#4129,#4138,#4140,.T.);
#4138 = VERTEX_POINT('',#4139);
#4139 = CARTESIAN_POINT('',(2.258196721311,0.915573770492,3.19));
#4140 = B_SPLINE_CURVE_WITH_KNOTS('',3,(#4141,#4142,#4143,#4144),
  .UNSPECIFIED.,.F.,.F.,(4,4),(0.754162127429,0.781852169394),
  .PIECEWISE_BEZIER_KNOTS.);
#4141 = CARTESIAN_POINT('',(2.258196721311,0.659836065574,3.19));
#4142 = CARTESIAN_POINT('',(2.258196721311,0.745081967213,3.19));
#4143 = CARTESIAN_POINT('',(2.258196721311,0.830327868852,3.19));
#4144 = CARTESIAN_POINT('',(2.258196721311,0.915573770492,3.19));
#4145 = ORIENTED_EDGE('',*,*,#4146,.T.);
#4146 = EDGE_CURVE('',#4138,#1891,#4147,.T.);
#4147 = B_SPLINE_CURVE_WITH_KNOTS('',3,(#4148,#4149,#4150,#4151),
  .UNSPECIFIED.,.F.,.F.,(4,4),(0.781852169394,0.801909699791),
  .PIECEWISE_BEZIER_KNOTS.);
#4148 = CARTESIAN_POINT('',(2.258196721311,0.915573770492,3.19));
#4149 = CARTESIAN_POINT('',(2.196448087432,0.915573770492,3.19));
#4150 = CARTESIAN_POINT('',(2.134699453552,0.915573770492,3.19));
#4151 = CARTESIAN_POINT('',(2.072950819672,0.915573770492,3.19));
#4152 = PLANE('',#4153);
#4153 = AXIS2_PLACEMENT_3D('',#4154,#4155,#4156);
#4154 = CARTESIAN_POINT('',(2.681795585126,0.782785876487,3.19));
#4155 = DIRECTION('',(0.,0.,1.));
#4156 = DIRECTION('',(1.,0.,-0.));
#4157 = ADVANCED_FACE('',(#4158),#4169,.F.);
#4158 = FACE_BOUND('',#4159,.T.);
#4159 = EDGE_LOOP('',(#4160,#4161,#4162,#4163));
#4160 = ORIENTED_EDGE('',*,*,#857,.T.);
#4161 = ORIENTED_EDGE('',*,*,#1899,.F.);
#4162 = ORIENTED_EDGE('',*,*,#4146,.F.);
#4163 = ORIENTED_EDGE('',*,*,#4164,.T.);
#4164 = EDGE_CURVE('',#4138,#858,#4165,.T.);
#4165 = LINE('',#4166,#4167);
#4166 = CARTESIAN_POINT('',(2.258196721311,0.915573770492,3.19));
#4167 = VECTOR('',#4168,1.);
#4168 = DIRECTION('',(0.,0.,1.));
#4169 = PLANE('',#4170);
#4170 = AXIS2_PLACEMENT_3D('',#4171,#4172,#4173);
#4171 = CARTESIAN_POINT('',(2.258196721311,0.915573770492,3.19));
#4172 = DIRECTION('',(0.,1.,0.));
#4173 = DIRECTION('',(0.,-0.,1.));
#4174 = ADVANCED_FACE('',(#4175),#4186,.F.);
#4175 = FACE_BOUND('',#4176,.T.);
#4176 = EDGE_LOOP('',(#4177,#4178,#4179,#4180));
#4177 = ORIENTED_EDGE('',*,*,#866,.T.);
#4178 = ORIENTED_EDGE('',*,*,#4164,.F.);
#4179 = ORIENTED_EDGE('',*,*,#4137,.F.);
#4180 = ORIENTED_EDGE('',*,*,#4181,.T.);
#4181 = EDGE_CURVE('',#4129,#867,#4182,.T.);
#4182 = LINE('',#4183,#4184);
#4183 = CARTESIAN_POINT('',(2.258196721311,0.659836065574,3.19));
#4184 = VECTOR('',#4185,1.);
#4185 = DIRECTION('',(0.,0.,1.));
#4186 = PLANE('',#4187);
#4187 = AXIS2_PLACEMENT_3D('',#4188,#4189,#4190);
#4188 = CARTESIAN_POINT('',(2.258196721311,0.659836065574,3.19));
#4189 = DIRECTION('',(1.,0.,0.));
#4190 = DIRECTION('',(0.,0.,-1.));
#4191 = ADVANCED_FACE('',(#4192),#4203,.F.);
#4192 = FACE_BOUND('',#4193,.T.);
#4193 = EDGE_LOOP('',(#4194,#4195,#4196,#4197));
#4194 = ORIENTED_EDGE('',*,*,#875,.T.);
#4195 = ORIENTED_EDGE('',*,*,#4181,.F.);
#4196 = ORIENTED_EDGE('',*,*,#4128,.F.);
#4197 = ORIENTED_EDGE('',*,*,#4198,.T.);
#4198 = EDGE_CURVE('',#4115,#876,#4199,.T.);
#4199 = LINE('',#4200,#4201);
#4200 = CARTESIAN_POINT('',(2.264754098361,0.658196721311,3.19));
#4201 = VECTOR('',#4202,1.);
#4202 = DIRECTION('',(0.,0.,1.));
#4203 = PLANE('',#4204);
#4204 = AXIS2_PLACEMENT_3D('',#4205,#4206,#4207);
#4205 = CARTESIAN_POINT('',(2.264754098361,0.658196721311,3.19));
#4206 = DIRECTION('',(0.242535625036,0.970142500145,0.));
#4207 = DIRECTION('',(-0.970142500145,0.242535625036,0.));
#4208 = ADVANCED_FACE('',(#4209),#4215,.F.);
#4209 = FACE_BOUND('',#4210,.F.);
#4210 = EDGE_LOOP('',(#4211,#4212,#4213,#4214));
#4211 = ORIENTED_EDGE('',*,*,#1839,.F.);
#4212 = ORIENTED_EDGE('',*,*,#4114,.T.);
#4213 = ORIENTED_EDGE('',*,*,#4198,.T.);
#4214 = ORIENTED_EDGE('',*,*,#884,.F.);
#4215 = SURFACE_OF_LINEAR_EXTRUSION('',#4216,#4226);
#4216 = B_SPLINE_CURVE_WITH_KNOTS('',3,(#4217,#4218,#4219,#4220,#4221,
    #4222,#4223,#4224,#4225),.UNSPECIFIED.,.F.,.F.,(4,3,2,4),(
    0.456811112161,0.606266338663,0.694048335819,0.753430275072),
  .UNSPECIFIED.);
#4217 = CARTESIAN_POINT('',(3.202459016393,-0.91393442623,3.19));
#4218 = CARTESIAN_POINT('',(3.202459016393,-0.453825136612,3.19));
#4219 = CARTESIAN_POINT('',(3.202459016393,6.284153005464E-03,3.19));
#4220 = CARTESIAN_POINT('',(3.202459016393,0.466393442623,3.19));
#4221 = CARTESIAN_POINT('',(3.202459016393,0.810655737705,3.19));
#4222 = CARTESIAN_POINT('',(3.012295081967,0.954918032787,3.19));
#4223 = CARTESIAN_POINT('',(2.545081967213,0.954918032787,3.19));
#4224 = CARTESIAN_POINT('',(2.372950819672,0.864754098361,3.19));
#4225 = CARTESIAN_POINT('',(2.264754098361,0.658196721311,3.19));
#4226 = VECTOR('',#4227,1.);
#4227 = DIRECTION('',(0.,0.,1.));
#4228 = ADVANCED_FACE('',(#4229),#4240,.F.);
#4229 = FACE_BOUND('',#4230,.F.);
#4230 = EDGE_LOOP('',(#4231,#4237,#4238,#4239));
#4231 = ORIENTED_EDGE('',*,*,#4232,.F.);
#4232 = EDGE_CURVE('',#2453,#1145,#4233,.T.);
#4233 = LINE('',#4234,#4235);
#4234 = CARTESIAN_POINT('',(-0.709016393443,-0.91393442623,3.19));
#4235 = VECTOR('',#4236,1.);
#4236 = DIRECTION('',(0.,0.,1.));
#4237 = ORIENTED_EDGE('',*,*,#2461,.T.);
#4238 = ORIENTED_EDGE('',*,*,#2609,.T.);
#4239 = ORIENTED_EDGE('',*,*,#1144,.F.);
#4240 = SURFACE_OF_LINEAR_EXTRUSION('',#4241,#4251);
#4241 = B_SPLINE_CURVE_WITH_KNOTS('',3,(#4242,#4243,#4244,#4245,#4246,
    #4247,#4248,#4249,#4250),.UNSPECIFIED.,.F.,.F.,(4,3,2,4),(
    3.802830937977E-02,0.248089446906,0.388843180483,0.407809995646),
  .UNSPECIFIED.);
#4242 = CARTESIAN_POINT('',(-0.709016393443,-0.91393442623,3.19));
#4243 = CARTESIAN_POINT('',(-0.709016393443,-0.533606557377,3.19));
#4244 = CARTESIAN_POINT('',(-0.709016393443,-0.153278688525,3.19));
#4245 = CARTESIAN_POINT('',(-0.709016393443,0.227049180328,3.19));
#4246 = CARTESIAN_POINT('',(-0.709016393443,0.581147540984,3.19));
#4247 = CARTESIAN_POINT('',(-0.499180327869,0.746721311475,3.19));
#4248 = CARTESIAN_POINT('',(-0.236885245902,0.746721311475,3.19));
#4249 = CARTESIAN_POINT('',(-0.202459016393,0.743442622951,3.19));
#4250 = CARTESIAN_POINT('',(-0.168032786885,0.736885245902,3.19));
#4251 = VECTOR('',#4252,1.);
#4252 = DIRECTION('',(0.,0.,1.));
#4253 = ADVANCED_FACE('',(#4254),#4260,.F.);
#4254 = FACE_BOUND('',#4255,.T.);
#4255 = EDGE_LOOP('',(#4256,#4257,#4258,#4259));
#4256 = ORIENTED_EDGE('',*,*,#1158,.T.);
#4257 = ORIENTED_EDGE('',*,*,#4232,.F.);
#4258 = ORIENTED_EDGE('',*,*,#2452,.F.);
#4259 = ORIENTED_EDGE('',*,*,#3769,.T.);
#4260 = PLANE('',#4261);
#4261 = AXIS2_PLACEMENT_3D('',#4262,#4263,#4264);
#4262 = CARTESIAN_POINT('',(-0.915573770492,-0.91393442623,3.19));
#4263 = DIRECTION('',(0.,-1.,0.));
#4264 = DIRECTION('',(0.,0.,-1.));
#4265 = ADVANCED_FACE('',(#4266),#4272,.F.);
#4266 = FACE_BOUND('',#4267,.F.);
#4267 = EDGE_LOOP('',(#4268,#4269,#4270,#4271));
#4268 = ORIENTED_EDGE('',*,*,#2747,.F.);
#4269 = ORIENTED_EDGE('',*,*,#3833,.T.);
#4270 = ORIENTED_EDGE('',*,*,#2917,.T.);
#4271 = ORIENTED_EDGE('',*,*,#3742,.F.);
#4272 = SURFACE_OF_LINEAR_EXTRUSION('',#4273,#4288);
#4273 = B_SPLINE_CURVE_WITH_KNOTS('',3,(#4274,#4275,#4276,#4277,#4278,
    #4279,#4280,#4281,#4282,#4283,#4284,#4285,#4286,#4287),
  .UNSPECIFIED.,.F.,.F.,(4,2,2,3,3,4),(0.,0.281158487643,0.481460939623,
    0.684775458551,0.752262299598,0.850331981942),.UNSPECIFIED.);
#4274 = CARTESIAN_POINT('',(-1.546721311475,-0.268032786885,3.19));
#4275 = CARTESIAN_POINT('',(-1.546721311475,-0.599180327869,3.19));
#4276 = CARTESIAN_POINT('',(-1.718852459016,-0.781147540984,3.19));
#4277 = CARTESIAN_POINT('',(-2.148360655738,-0.781147540984,3.19));
#4278 = CARTESIAN_POINT('',(-2.258196721311,-0.645081967213,3.19));
#4279 = CARTESIAN_POINT('',(-2.258196721311,-0.205737704918,3.19));
#4280 = CARTESIAN_POINT('',(-2.151639344262,-0.100819672131,3.19));
#4281 = CARTESIAN_POINT('',(-1.945081967213,-4.672131147541E-02,3.19));
#4282 = CARTESIAN_POINT('',(-1.887637952776,-3.167645055152E-02,3.19));
#4283 = CARTESIAN_POINT('',(-1.830327868852,-1.612021857924E-02,3.19));
#4284 = CARTESIAN_POINT('',(-1.772950819672,-8.196721311474E-04,3.19));
#4285 = CARTESIAN_POINT('',(-1.690303380722,2.121964492211E-02,3.19));
#4286 = CARTESIAN_POINT('',(-1.577868852459,5.491803278689E-02,3.19));
#4287 = CARTESIAN_POINT('',(-1.553278688525,0.120491803279,3.19));
#4288 = VECTOR('',#4289,1.);
#4289 = DIRECTION('',(0.,0.,1.));
#4290 = ADVANCED_FACE('',(#4291),#4302,.F.);
#4291 = FACE_BOUND('',#4292,.F.);
#4292 = EDGE_LOOP('',(#4293,#4299,#4300,#4301));
#4293 = ORIENTED_EDGE('',*,*,#4294,.F.);
#4294 = EDGE_CURVE('',#3803,#1179,#4295,.T.);
#4295 = LINE('',#4296,#4297);
#4296 = CARTESIAN_POINT('',(-1.172950819672,-0.763114754098,3.19));
#4297 = VECTOR('',#4298,1.);
#4298 = DIRECTION('',(0.,0.,1.));
#4299 = ORIENTED_EDGE('',*,*,#3811,.T.);
#4300 = ORIENTED_EDGE('',*,*,#2722,.T.);
#4301 = ORIENTED_EDGE('',*,*,#1178,.F.);
#4302 = SURFACE_OF_LINEAR_EXTRUSION('',#4303,#4319);
#4303 = B_SPLINE_CURVE_WITH_KNOTS('',3,(#4304,#4305,#4306,#4307,#4308,
    #4309,#4310,#4311,#4312,#4313,#4314,#4315,#4316,#4317,#4318),
  .UNSPECIFIED.,.F.,.F.,(4,3,3,3,2,4),(0.588726595345,0.596073886305,
    0.62206655014,0.756970975822,0.86376237675,0.97428448164),
  .UNSPECIFIED.);
#4304 = CARTESIAN_POINT('',(-1.172950819672,-0.763114754098,3.19));
#4305 = CARTESIAN_POINT('',(-1.19262295082,-0.763114754098,3.19));
#4306 = CARTESIAN_POINT('',(-1.212295081967,-0.763114754098,3.19));
#4307 = CARTESIAN_POINT('',(-1.231967213115,-0.763114754098,3.19));
#4308 = CARTESIAN_POINT('',(-1.304098360656,-0.763114754098,3.19));
#4309 = CARTESIAN_POINT('',(-1.338524590164,-0.712295081967,3.19));
#4310 = CARTESIAN_POINT('',(-1.338524590164,-0.61393442623,3.19));
#4311 = CARTESIAN_POINT('',(-1.338524590164,-0.252732240437,3.19));
#4312 = CARTESIAN_POINT('',(-1.338524590164,0.108469945355,3.19));
#4313 = CARTESIAN_POINT('',(-1.338524590164,0.469672131148,3.19));
#4314 = CARTESIAN_POINT('',(-1.338524590164,0.758196721311,3.19));
#4315 = CARTESIAN_POINT('',(-1.481147540984,0.954918032787,3.19));
#4316 = CARTESIAN_POINT('',(-2.245081967213,0.954918032787,3.19));
#4317 = CARTESIAN_POINT('',(-2.420491803279,0.745081967213,3.19));
#4318 = CARTESIAN_POINT('',(-2.420491803279,0.369672131148,3.19));
#4319 = VECTOR('',#4320,1.);
#4320 = DIRECTION('',(0.,0.,1.));
#4321 = ADVANCED_FACE('',(#4322),#4333,.F.);
#4322 = FACE_BOUND('',#4323,.T.);
#4323 = EDGE_LOOP('',(#4324,#4325,#4326,#4327));
#4324 = ORIENTED_EDGE('',*,*,#1198,.T.);
#4325 = ORIENTED_EDGE('',*,*,#4294,.F.);
#4326 = ORIENTED_EDGE('',*,*,#3802,.F.);
#4327 = ORIENTED_EDGE('',*,*,#4328,.T.);
#4328 = EDGE_CURVE('',#3789,#1199,#4329,.T.);
#4329 = LINE('',#4330,#4331);
#4330 = CARTESIAN_POINT('',(-1.172950819672,-0.915573770492,3.19));
#4331 = VECTOR('',#4332,1.);
#4332 = DIRECTION('',(0.,0.,1.));
#4333 = PLANE('',#4334);
#4334 = AXIS2_PLACEMENT_3D('',#4335,#4336,#4337);
#4335 = CARTESIAN_POINT('',(-1.172950819672,-0.915573770492,3.19));
#4336 = DIRECTION('',(1.,0.,0.));
#4337 = DIRECTION('',(0.,0.,-1.));
#4338 = ADVANCED_FACE('',(#4339),#4345,.F.);
#4339 = FACE_BOUND('',#4340,.F.);
#4340 = EDGE_LOOP('',(#4341,#4342,#4343,#4344));
#4341 = ORIENTED_EDGE('',*,*,#2687,.F.);
#4342 = ORIENTED_EDGE('',*,*,#3788,.T.);
#4343 = ORIENTED_EDGE('',*,*,#4328,.T.);
#4344 = ORIENTED_EDGE('',*,*,#1207,.F.);
#4345 = SURFACE_OF_LINEAR_EXTRUSION('',#4346,#4356);
#4346 = B_SPLINE_CURVE_WITH_KNOTS('',3,(#4347,#4348,#4349,#4350,#4351,
    #4352,#4353,#4354,#4355),.UNSPECIFIED.,.F.,.F.,(4,3,2,4),(
    0.498918257571,0.506469639946,0.561906533057,0.569746093699),
  .UNSPECIFIED.);
#4347 = CARTESIAN_POINT('',(-1.536885245902,-0.648360655738,3.19));
#4348 = CARTESIAN_POINT('',(-1.536885245902,-0.668579234973,3.19));
#4349 = CARTESIAN_POINT('',(-1.536885245902,-0.688797814208,3.19));
#4350 = CARTESIAN_POINT('',(-1.536885245902,-0.709016393443,3.19));
#4351 = CARTESIAN_POINT('',(-1.536885245902,-0.897540983607,3.19));
#4352 = CARTESIAN_POINT('',(-1.431967213115,-0.936885245902,3.19));
#4353 = CARTESIAN_POINT('',(-1.246721311475,-0.936885245902,3.19));
#4354 = CARTESIAN_POINT('',(-1.212295081967,-0.92868852459,3.19));
#4355 = CARTESIAN_POINT('',(-1.172950819672,-0.915573770492,3.19));
#4356 = VECTOR('',#4357,1.);
#4357 = DIRECTION('',(0.,0.,1.));
#4358 = ( GEOMETRIC_REPRESENTATION_CONTEXT(3) 
GLOBAL_UNCERTAINTY_ASSIGNED_CONTEXT((#4362)) 
GLOBAL_UNIT_ASSIGNED_CONTEXT((#4359,#4360,#4361)) REPRESENTATION_CONTEXT
('Context #1','3D Context with UNIT and UNCERTAINTY') );
#4359 = ( LENGTH_UNIT() NAMED_UNIT(*) SI_UNIT(.MILLI.,.METRE.) );
#4360 = ( NAMED_UNIT(*) PLANE_ANGLE_UNIT() SI_UNIT($,.RADIAN.) );
#4361 = ( NAMED_UNIT(*) SI_UNIT($,.STERADIAN.) SOLID_ANGLE_UNIT() );
#4362 = UNCERTAINTY_MEASURE_WITH_UNIT(LENGTH_MEASURE(2.E-07),#4359,
  'distance_accuracy_value','confusion accuracy');
#4363 = CONTEXT_DEPENDENT_SHAPE_REPRESENTATION(#4364,#4366);
#4364 = ( REPRESENTATION_RELATIONSHIP('','',#749,#10) 
REPRESENTATION_RELATIONSHIP_WITH_TRANSFORMATION(#4365) 
SHAPE_REPRESENTATION_RELATIONSHIP() );
#4365 = ITEM_DEFINED_TRANSFORMATION('','',#11,#19);
#4366 = PRODUCT_DEFINITION_SHAPE('Placement','Placement of an item',
  #4367);
#4367 = NEXT_ASSEMBLY_USAGE_OCCURRENCE('16','=>[0:1:1:2]','',#5,#744,$);
#4368 = PRODUCT_RELATED_PRODUCT_CATEGORY('part',$,(#746));
#4369 = MECHANICAL_DESIGN_GEOMETRIC_PRESENTATION_REPRESENTATION('',(
    #4370,#4378,#4385,#4392,#4399,#4406,#4413,#4420,#4427,#4434,#4441,
    #4448,#4455,#4462,#4469,#4476,#4483,#4490,#4497,#4504,#4511,#4518),
  #731);
#4370 = STYLED_ITEM('color',(#4371),#39);
#4371 = PRESENTATION_STYLE_ASSIGNMENT((#4372));
#4372 = SURFACE_STYLE_USAGE(.BOTH.,#4373);
#4373 = SURFACE_SIDE_STYLE('',(#4374));
#4374 = SURFACE_STYLE_FILL_AREA(#4375);
#4375 = FILL_AREA_STYLE('',(#4376));
#4376 = FILL_AREA_STYLE_COLOUR('',#4377);
#4377 = COLOUR_RGB('',0.690000002877,0.769999993182,0.870000009629);
#4378 = STYLED_ITEM('color',(#4379),#79);
#4379 = PRESENTATION_STYLE_ASSIGNMENT((#4380));
#4380 = SURFACE_STYLE_USAGE(.BOTH.,#4381);
#4381 = SURFACE_SIDE_STYLE('',(#4382));
#4382 = SURFACE_STYLE_FILL_AREA(#4383);
#4383 = FILL_AREA_STYLE('',(#4384));
#4384 = FILL_AREA_STYLE_COLOUR('',#4377);
#4385 = STYLED_ITEM('color',(#4386),#246);
#4386 = PRESENTATION_STYLE_ASSIGNMENT((#4387));
#4387 = SURFACE_STYLE_USAGE(.BOTH.,#4388);
#4388 = SURFACE_SIDE_STYLE('',(#4389));
#4389 = SURFACE_STYLE_FILL_AREA(#4390);
#4390 = FILL_AREA_STYLE('',(#4391));
#4391 = FILL_AREA_STYLE_COLOUR('',#4377);
#4392 = STYLED_ITEM('color',(#4393),#413);
#4393 = PRESENTATION_STYLE_ASSIGNMENT((#4394));
#4394 = SURFACE_STYLE_USAGE(.BOTH.,#4395);
#4395 = SURFACE_SIDE_STYLE('',(#4396));
#4396 = SURFACE_STYLE_FILL_AREA(#4397);
#4397 = FILL_AREA_STYLE('',(#4398));
#4398 = FILL_AREA_STYLE_COLOUR('',#4377);
#4399 = STYLED_ITEM('color',(#4400),#435);
#4400 = PRESENTATION_STYLE_ASSIGNMENT((#4401));
#4401 = SURFACE_STYLE_USAGE(.BOTH.,#4402);
#4402 = SURFACE_SIDE_STYLE('',(#4403));
#4403 = SURFACE_STYLE_FILL_AREA(#4404);
#4404 = FILL_AREA_STYLE('',(#4405));
#4405 = FILL_AREA_STYLE_COLOUR('',#4377);
#4406 = STYLED_ITEM('color',(#4407),#452);
#4407 = PRESENTATION_STYLE_ASSIGNMENT((#4408));
#4408 = SURFACE_STYLE_USAGE(.BOTH.,#4409);
#4409 = SURFACE_SIDE_STYLE('',(#4410));
#4410 = SURFACE_STYLE_FILL_AREA(#4411);
#4411 = FILL_AREA_STYLE('',(#4412));
#4412 = FILL_AREA_STYLE_COLOUR('',#4377);
#4413 = STYLED_ITEM('color',(#4414),#464);
#4414 = PRESENTATION_STYLE_ASSIGNMENT((#4415));
#4415 = SURFACE_STYLE_USAGE(.BOTH.,#4416);
#4416 = SURFACE_SIDE_STYLE('',(#4417));
#4417 = SURFACE_STYLE_FILL_AREA(#4418);
#4418 = FILL_AREA_STYLE('',(#4419));
#4419 = FILL_AREA_STYLE_COLOUR('',#4377);
#4420 = STYLED_ITEM('color',(#4421),#481);
#4421 = PRESENTATION_STYLE_ASSIGNMENT((#4422));
#4422 = SURFACE_STYLE_USAGE(.BOTH.,#4423);
#4423 = SURFACE_SIDE_STYLE('',(#4424));
#4424 = SURFACE_STYLE_FILL_AREA(#4425);
#4425 = FILL_AREA_STYLE('',(#4426));
#4426 = FILL_AREA_STYLE_COLOUR('',#4377);
#4427 = STYLED_ITEM('color',(#4428),#498);
#4428 = PRESENTATION_STYLE_ASSIGNMENT((#4429));
#4429 = SURFACE_STYLE_USAGE(.BOTH.,#4430);
#4430 = SURFACE_SIDE_STYLE('',(#4431));
#4431 = SURFACE_STYLE_FILL_AREA(#4432);
#4432 = FILL_AREA_STYLE('',(#4433));
#4433 = FILL_AREA_STYLE_COLOUR('',#4377);
#4434 = STYLED_ITEM('color',(#4435),#520);
#4435 = PRESENTATION_STYLE_ASSIGNMENT((#4436));
#4436 = SURFACE_STYLE_USAGE(.BOTH.,#4437);
#4437 = SURFACE_SIDE_STYLE('',(#4438));
#4438 = SURFACE_STYLE_FILL_AREA(#4439);
#4439 = FILL_AREA_STYLE('',(#4440));
#4440 = FILL_AREA_STYLE_COLOUR('',#4377);
#4441 = STYLED_ITEM('color',(#4442),#537);
#4442 = PRESENTATION_STYLE_ASSIGNMENT((#4443));
#4443 = SURFACE_STYLE_USAGE(.BOTH.,#4444);
#4444 = SURFACE_SIDE_STYLE('',(#4445));
#4445 = SURFACE_STYLE_FILL_AREA(#4446);
#4446 = FILL_AREA_STYLE('',(#4447));
#4447 = FILL_AREA_STYLE_COLOUR('',#4377);
#4448 = STYLED_ITEM('color',(#4449),#549);
#4449 = PRESENTATION_STYLE_ASSIGNMENT((#4450));
#4450 = SURFACE_STYLE_USAGE(.BOTH.,#4451);
#4451 = SURFACE_SIDE_STYLE('',(#4452));
#4452 = SURFACE_STYLE_FILL_AREA(#4453);
#4453 = FILL_AREA_STYLE('',(#4454));
#4454 = FILL_AREA_STYLE_COLOUR('',#4377);
#4455 = STYLED_ITEM('color',(#4456),#566);
#4456 = PRESENTATION_STYLE_ASSIGNMENT((#4457));
#4457 = SURFACE_STYLE_USAGE(.BOTH.,#4458);
#4458 = SURFACE_SIDE_STYLE('',(#4459));
#4459 = SURFACE_STYLE_FILL_AREA(#4460);
#4460 = FILL_AREA_STYLE('',(#4461));
#4461 = FILL_AREA_STYLE_COLOUR('',#4377);
#4462 = STYLED_ITEM('color',(#4463),#583);
#4463 = PRESENTATION_STYLE_ASSIGNMENT((#4464));
#4464 = SURFACE_STYLE_USAGE(.BOTH.,#4465);
#4465 = SURFACE_SIDE_STYLE('',(#4466));
#4466 = SURFACE_STYLE_FILL_AREA(#4467);
#4467 = FILL_AREA_STYLE('',(#4468));
#4468 = FILL_AREA_STYLE_COLOUR('',#4377);
#4469 = STYLED_ITEM('color',(#4470),#600);
#4470 = PRESENTATION_STYLE_ASSIGNMENT((#4471));
#4471 = SURFACE_STYLE_USAGE(.BOTH.,#4472);
#4472 = SURFACE_SIDE_STYLE('',(#4473));
#4473 = SURFACE_STYLE_FILL_AREA(#4474);
#4474 = FILL_AREA_STYLE('',(#4475));
#4475 = FILL_AREA_STYLE_COLOUR('',#4377);
#4476 = STYLED_ITEM('color',(#4477),#617);
#4477 = PRESENTATION_STYLE_ASSIGNMENT((#4478));
#4478 = SURFACE_STYLE_USAGE(.BOTH.,#4479);
#4479 = SURFACE_SIDE_STYLE('',(#4480));
#4480 = SURFACE_STYLE_FILL_AREA(#4481);
#4481 = FILL_AREA_STYLE('',(#4482));
#4482 = FILL_AREA_STYLE_COLOUR('',#4377);
#4483 = STYLED_ITEM('color',(#4484),#634);
#4484 = PRESENTATION_STYLE_ASSIGNMENT((#4485));
#4485 = SURFACE_STYLE_USAGE(.BOTH.,#4486);
#4486 = SURFACE_SIDE_STYLE('',(#4487));
#4487 = SURFACE_STYLE_FILL_AREA(#4488);
#4488 = FILL_AREA_STYLE('',(#4489));
#4489 = FILL_AREA_STYLE_COLOUR('',#4377);
#4490 = STYLED_ITEM('color',(#4491),#651);
#4491 = PRESENTATION_STYLE_ASSIGNMENT((#4492));
#4492 = SURFACE_STYLE_USAGE(.BOTH.,#4493);
#4493 = SURFACE_SIDE_STYLE('',(#4494));
#4494 = SURFACE_STYLE_FILL_AREA(#4495);
#4495 = FILL_AREA_STYLE('',(#4496));
#4496 = FILL_AREA_STYLE_COLOUR('',#4377);
#4497 = STYLED_ITEM('color',(#4498),#668);
#4498 = PRESENTATION_STYLE_ASSIGNMENT((#4499));
#4499 = SURFACE_STYLE_USAGE(.BOTH.,#4500);
#4500 = SURFACE_SIDE_STYLE('',(#4501));
#4501 = SURFACE_STYLE_FILL_AREA(#4502);
#4502 = FILL_AREA_STYLE('',(#4503));
#4503 = FILL_AREA_STYLE_COLOUR('',#4377);
#4504 = STYLED_ITEM('color',(#4505),#685);
#4505 = PRESENTATION_STYLE_ASSIGNMENT((#4506));
#4506 = SURFACE_STYLE_USAGE(.BOTH.,#4507);
#4507 = SURFACE_SIDE_STYLE('',(#4508));
#4508 = SURFACE_STYLE_FILL_AREA(#4509);
#4509 = FILL_AREA_STYLE('',(#4510));
#4510 = FILL_AREA_STYLE_COLOUR('',#4377);
#4511 = STYLED_ITEM('color',(#4512),#702);
#4512 = PRESENTATION_STYLE_ASSIGNMENT((#4513));
#4513 = SURFACE_STYLE_USAGE(.BOTH.,#4514);
#4514 = SURFACE_SIDE_STYLE('',(#4515));
#4515 = SURFACE_STYLE_FILL_AREA(#4516);
#4516 = FILL_AREA_STYLE('',(#4517));
#4517 = FILL_AREA_STYLE_COLOUR('',#4377);
#4518 = STYLED_ITEM('color',(#4519),#719);
#4519 = PRESENTATION_STYLE_ASSIGNMENT((#4520));
#4520 = SURFACE_STYLE_USAGE(.BOTH.,#4521);
#4521 = SURFACE_SIDE_STYLE('',(#4522));
#4522 = SURFACE_STYLE_FILL_AREA(#4523);
#4523 = FILL_AREA_STYLE('',(#4524));
#4524 = FILL_AREA_STYLE_COLOUR('',#4377);
#4525 = MECHANICAL_DESIGN_GEOMETRIC_PRESENTATION_REPRESENTATION('',(
    #4526,#4534,#4541,#4549,#4556,#4563,#4570,#4577,#4584,#4591,#4598,
    #4605,#4612,#4619,#4626,#4633,#4640,#4647,#4654,#4661,#4668,#4675,
    #4682,#4689,#4696,#4703,#4710,#4717,#4724,#4731,#4738,#4745,#4752,
    #4759,#4766,#4773,#4780,#4787,#4794,#4801,#4808,#4815,#4822,#4829,
    #4836,#4843,#4850,#4857,#4864,#4871,#4878,#4885,#4892,#4899,#4906,
    #4913,#4920,#4927,#4934,#4941,#4948,#4955,#4962,#4969,#4976,#4983,
    #4990,#4997,#5004,#5011,#5018,#5025,#5032,#5039,#5046,#5053,#5060,
    #5067,#5074,#5081,#5088,#5095,#5102,#5109,#5116,#5123,#5130,#5137,
    #5144,#5151,#5158,#5165,#5172,#5179,#5186,#5193,#5200,#5207,#5214,
    #5221,#5228,#5235,#5242,#5249,#5256,#5263,#5270,#5277,#5284,#5291,
    #5298),#4358);
#4526 = STYLED_ITEM('color',(#4527),#752);
#4527 = PRESENTATION_STYLE_ASSIGNMENT((#4528));
#4528 = SURFACE_STYLE_USAGE(.BOTH.,#4529);
#4529 = SURFACE_SIDE_STYLE('',(#4530));
#4530 = SURFACE_STYLE_FILL_AREA(#4531);
#4531 = FILL_AREA_STYLE('',(#4532));
#4532 = FILL_AREA_STYLE_COLOUR('',#4533);
#4533 = COLOUR_RGB('',0.800000081209,0.800000081209,0.800000010877);
#4534 = STYLED_ITEM('color',(#4535),#1439);
#4535 = PRESENTATION_STYLE_ASSIGNMENT((#4536));
#4536 = SURFACE_STYLE_USAGE(.BOTH.,#4537);
#4537 = SURFACE_SIDE_STYLE('',(#4538));
#4538 = SURFACE_STYLE_FILL_AREA(#4539);
#4539 = FILL_AREA_STYLE('',(#4540));
#4540 = FILL_AREA_STYLE_COLOUR('',#4533);
#4541 = STYLED_ITEM('color',(#4542),#1470);
#4542 = PRESENTATION_STYLE_ASSIGNMENT((#4543));
#4543 = SURFACE_STYLE_USAGE(.BOTH.,#4544);
#4544 = SURFACE_SIDE_STYLE('',(#4545));
#4545 = SURFACE_STYLE_FILL_AREA(#4546);
#4546 = FILL_AREA_STYLE('',(#4547));
#4547 = FILL_AREA_STYLE_COLOUR('',#4548);
#4548 = COLOUR_RGB('',0.199999998682,0.199999998682,0.199999998682);
#4549 = STYLED_ITEM('color',(#4550),#1502);
#4550 = PRESENTATION_STYLE_ASSIGNMENT((#4551));
#4551 = SURFACE_STYLE_USAGE(.BOTH.,#4552);
#4552 = SURFACE_SIDE_STYLE('',(#4553));
#4553 = SURFACE_STYLE_FILL_AREA(#4554);
#4554 = FILL_AREA_STYLE('',(#4555));
#4555 = FILL_AREA_STYLE_COLOUR('',#4548);
#4556 = STYLED_ITEM('color',(#4557),#1527);
#4557 = PRESENTATION_STYLE_ASSIGNMENT((#4558));
#4558 = SURFACE_STYLE_USAGE(.BOTH.,#4559);
#4559 = SURFACE_SIDE_STYLE('',(#4560));
#4560 = SURFACE_STYLE_FILL_AREA(#4561);
#4561 = FILL_AREA_STYLE('',(#4562));
#4562 = FILL_AREA_STYLE_COLOUR('',#4548);
#4563 = STYLED_ITEM('color',(#4564),#1622);
#4564 = PRESENTATION_STYLE_ASSIGNMENT((#4565));
#4565 = SURFACE_STYLE_USAGE(.BOTH.,#4566);
#4566 = SURFACE_SIDE_STYLE('',(#4567));
#4567 = SURFACE_STYLE_FILL_AREA(#4568);
#4568 = FILL_AREA_STYLE('',(#4569));
#4569 = FILL_AREA_STYLE_COLOUR('',#4548);
#4570 = STYLED_ITEM('color',(#4571),#1661);
#4571 = PRESENTATION_STYLE_ASSIGNMENT((#4572));
#4572 = SURFACE_STYLE_USAGE(.BOTH.,#4573);
#4573 = SURFACE_SIDE_STYLE('',(#4574));
#4574 = SURFACE_STYLE_FILL_AREA(#4575);
#4575 = FILL_AREA_STYLE('',(#4576));
#4576 = FILL_AREA_STYLE_COLOUR('',#4548);
#4577 = STYLED_ITEM('color',(#4578),#1678);
#4578 = PRESENTATION_STYLE_ASSIGNMENT((#4579));
#4579 = SURFACE_STYLE_USAGE(.BOTH.,#4580);
#4580 = SURFACE_SIDE_STYLE('',(#4581));
#4581 = SURFACE_STYLE_FILL_AREA(#4582);
#4582 = FILL_AREA_STYLE('',(#4583));
#4583 = FILL_AREA_STYLE_COLOUR('',#4548);
#4584 = STYLED_ITEM('color',(#4585),#1703);
#4585 = PRESENTATION_STYLE_ASSIGNMENT((#4586));
#4586 = SURFACE_STYLE_USAGE(.BOTH.,#4587);
#4587 = SURFACE_SIDE_STYLE('',(#4588));
#4588 = SURFACE_STYLE_FILL_AREA(#4589);
#4589 = FILL_AREA_STYLE('',(#4590));
#4590 = FILL_AREA_STYLE_COLOUR('',#4548);
#4591 = STYLED_ITEM('color',(#4592),#1720);
#4592 = PRESENTATION_STYLE_ASSIGNMENT((#4593));
#4593 = SURFACE_STYLE_USAGE(.BOTH.,#4594);
#4594 = SURFACE_SIDE_STYLE('',(#4595));
#4595 = SURFACE_STYLE_FILL_AREA(#4596);
#4596 = FILL_AREA_STYLE('',(#4597));
#4597 = FILL_AREA_STYLE_COLOUR('',#4548);
#4598 = STYLED_ITEM('color',(#4599),#1745);
#4599 = PRESENTATION_STYLE_ASSIGNMENT((#4600));
#4600 = SURFACE_STYLE_USAGE(.BOTH.,#4601);
#4601 = SURFACE_SIDE_STYLE('',(#4602));
#4602 = SURFACE_STYLE_FILL_AREA(#4603);
#4603 = FILL_AREA_STYLE('',(#4604));
#4604 = FILL_AREA_STYLE_COLOUR('',#4548);
#4605 = STYLED_ITEM('color',(#4606),#1762);
#4606 = PRESENTATION_STYLE_ASSIGNMENT((#4607));
#4607 = SURFACE_STYLE_USAGE(.BOTH.,#4608);
#4608 = SURFACE_SIDE_STYLE('',(#4609));
#4609 = SURFACE_STYLE_FILL_AREA(#4610);
#4610 = FILL_AREA_STYLE('',(#4611));
#4611 = FILL_AREA_STYLE_COLOUR('',#4548);
#4612 = STYLED_ITEM('color',(#4613),#1783);
#4613 = PRESENTATION_STYLE_ASSIGNMENT((#4614));
#4614 = SURFACE_STYLE_USAGE(.BOTH.,#4615);
#4615 = SURFACE_SIDE_STYLE('',(#4616));
#4616 = SURFACE_STYLE_FILL_AREA(#4617);
#4617 = FILL_AREA_STYLE('',(#4618));
#4618 = FILL_AREA_STYLE_COLOUR('',#4548);
#4619 = STYLED_ITEM('color',(#4620),#1834);
#4620 = PRESENTATION_STYLE_ASSIGNMENT((#4621));
#4621 = SURFACE_STYLE_USAGE(.BOTH.,#4622);
#4622 = SURFACE_SIDE_STYLE('',(#4623));
#4623 = SURFACE_STYLE_FILL_AREA(#4624);
#4624 = FILL_AREA_STYLE('',(#4625));
#4625 = FILL_AREA_STYLE_COLOUR('',#4548);
#4626 = STYLED_ITEM('color',(#4627),#1859);
#4627 = PRESENTATION_STYLE_ASSIGNMENT((#4628));
#4628 = SURFACE_STYLE_USAGE(.BOTH.,#4629);
#4629 = SURFACE_SIDE_STYLE('',(#4630));
#4630 = SURFACE_STYLE_FILL_AREA(#4631);
#4631 = FILL_AREA_STYLE('',(#4632));
#4632 = FILL_AREA_STYLE_COLOUR('',#4548);
#4633 = STYLED_ITEM('color',(#4634),#1884);
#4634 = PRESENTATION_STYLE_ASSIGNMENT((#4635));
#4635 = SURFACE_STYLE_USAGE(.BOTH.,#4636);
#4636 = SURFACE_SIDE_STYLE('',(#4637));
#4637 = SURFACE_STYLE_FILL_AREA(#4638);
#4638 = FILL_AREA_STYLE('',(#4639));
#4639 = FILL_AREA_STYLE_COLOUR('',#4548);
#4640 = STYLED_ITEM('color',(#4641),#1909);
#4641 = PRESENTATION_STYLE_ASSIGNMENT((#4642));
#4642 = SURFACE_STYLE_USAGE(.BOTH.,#4643);
#4643 = SURFACE_SIDE_STYLE('',(#4644));
#4644 = SURFACE_STYLE_FILL_AREA(#4645);
#4645 = FILL_AREA_STYLE('',(#4646));
#4646 = FILL_AREA_STYLE_COLOUR('',#4548);
#4647 = STYLED_ITEM('color',(#4648),#1945);
#4648 = PRESENTATION_STYLE_ASSIGNMENT((#4649));
#4649 = SURFACE_STYLE_USAGE(.BOTH.,#4650);
#4650 = SURFACE_SIDE_STYLE('',(#4651));
#4651 = SURFACE_STYLE_FILL_AREA(#4652);
#4652 = FILL_AREA_STYLE('',(#4653));
#4653 = FILL_AREA_STYLE_COLOUR('',#4548);
#4654 = STYLED_ITEM('color',(#4655),#1967);
#4655 = PRESENTATION_STYLE_ASSIGNMENT((#4656));
#4656 = SURFACE_STYLE_USAGE(.BOTH.,#4657);
#4657 = SURFACE_SIDE_STYLE('',(#4658));
#4658 = SURFACE_STYLE_FILL_AREA(#4659);
#4659 = FILL_AREA_STYLE('',(#4660));
#4660 = FILL_AREA_STYLE_COLOUR('',#4548);
#4661 = STYLED_ITEM('color',(#4662),#1984);
#4662 = PRESENTATION_STYLE_ASSIGNMENT((#4663));
#4663 = SURFACE_STYLE_USAGE(.BOTH.,#4664);
#4664 = SURFACE_SIDE_STYLE('',(#4665));
#4665 = SURFACE_STYLE_FILL_AREA(#4666);
#4666 = FILL_AREA_STYLE('',(#4667));
#4667 = FILL_AREA_STYLE_COLOUR('',#4548);
#4668 = STYLED_ITEM('color',(#4669),#2001);
#4669 = PRESENTATION_STYLE_ASSIGNMENT((#4670));
#4670 = SURFACE_STYLE_USAGE(.BOTH.,#4671);
#4671 = SURFACE_SIDE_STYLE('',(#4672));
#4672 = SURFACE_STYLE_FILL_AREA(#4673);
#4673 = FILL_AREA_STYLE('',(#4674));
#4674 = FILL_AREA_STYLE_COLOUR('',#4548);
#4675 = STYLED_ITEM('color',(#4676),#2013);
#4676 = PRESENTATION_STYLE_ASSIGNMENT((#4677));
#4677 = SURFACE_STYLE_USAGE(.BOTH.,#4678);
#4678 = SURFACE_SIDE_STYLE('',(#4679));
#4679 = SURFACE_STYLE_FILL_AREA(#4680);
#4680 = FILL_AREA_STYLE('',(#4681));
#4681 = FILL_AREA_STYLE_COLOUR('',#4548);
#4682 = STYLED_ITEM('color',(#4683),#2049);
#4683 = PRESENTATION_STYLE_ASSIGNMENT((#4684));
#4684 = SURFACE_STYLE_USAGE(.BOTH.,#4685);
#4685 = SURFACE_SIDE_STYLE('',(#4686));
#4686 = SURFACE_STYLE_FILL_AREA(#4687);
#4687 = FILL_AREA_STYLE('',(#4688));
#4688 = FILL_AREA_STYLE_COLOUR('',#4548);
#4689 = STYLED_ITEM('color',(#4690),#2071);
#4690 = PRESENTATION_STYLE_ASSIGNMENT((#4691));
#4691 = SURFACE_STYLE_USAGE(.BOTH.,#4692);
#4692 = SURFACE_SIDE_STYLE('',(#4693));
#4693 = SURFACE_STYLE_FILL_AREA(#4694);
#4694 = FILL_AREA_STYLE('',(#4695));
#4695 = FILL_AREA_STYLE_COLOUR('',#4548);
#4696 = STYLED_ITEM('color',(#4697),#2088);
#4697 = PRESENTATION_STYLE_ASSIGNMENT((#4698));
#4698 = SURFACE_STYLE_USAGE(.BOTH.,#4699);
#4699 = SURFACE_SIDE_STYLE('',(#4700));
#4700 = SURFACE_STYLE_FILL_AREA(#4701);
#4701 = FILL_AREA_STYLE('',(#4702));
#4702 = FILL_AREA_STYLE_COLOUR('',#4548);
#4703 = STYLED_ITEM('color',(#4704),#2105);
#4704 = PRESENTATION_STYLE_ASSIGNMENT((#4705));
#4705 = SURFACE_STYLE_USAGE(.BOTH.,#4706);
#4706 = SURFACE_SIDE_STYLE('',(#4707));
#4707 = SURFACE_STYLE_FILL_AREA(#4708);
#4708 = FILL_AREA_STYLE('',(#4709));
#4709 = FILL_AREA_STYLE_COLOUR('',#4548);
#4710 = STYLED_ITEM('color',(#4711),#2117);
#4711 = PRESENTATION_STYLE_ASSIGNMENT((#4712));
#4712 = SURFACE_STYLE_USAGE(.BOTH.,#4713);
#4713 = SURFACE_SIDE_STYLE('',(#4714));
#4714 = SURFACE_STYLE_FILL_AREA(#4715);
#4715 = FILL_AREA_STYLE('',(#4716));
#4716 = FILL_AREA_STYLE_COLOUR('',#4548);
#4717 = STYLED_ITEM('color',(#4718),#2216);
#4718 = PRESENTATION_STYLE_ASSIGNMENT((#4719));
#4719 = SURFACE_STYLE_USAGE(.BOTH.,#4720);
#4720 = SURFACE_SIDE_STYLE('',(#4721));
#4721 = SURFACE_STYLE_FILL_AREA(#4722);
#4722 = FILL_AREA_STYLE('',(#4723));
#4723 = FILL_AREA_STYLE_COLOUR('',#4548);
#4724 = STYLED_ITEM('color',(#4725),#2238);
#4725 = PRESENTATION_STYLE_ASSIGNMENT((#4726));
#4726 = SURFACE_STYLE_USAGE(.BOTH.,#4727);
#4727 = SURFACE_SIDE_STYLE('',(#4728));
#4728 = SURFACE_STYLE_FILL_AREA(#4729);
#4729 = FILL_AREA_STYLE('',(#4730));
#4730 = FILL_AREA_STYLE_COLOUR('',#4548);
#4731 = STYLED_ITEM('color',(#4732),#2255);
#4732 = PRESENTATION_STYLE_ASSIGNMENT((#4733));
#4733 = SURFACE_STYLE_USAGE(.BOTH.,#4734);
#4734 = SURFACE_SIDE_STYLE('',(#4735));
#4735 = SURFACE_STYLE_FILL_AREA(#4736);
#4736 = FILL_AREA_STYLE('',(#4737));
#4737 = FILL_AREA_STYLE_COLOUR('',#4548);
#4738 = STYLED_ITEM('color',(#4739),#2272);
#4739 = PRESENTATION_STYLE_ASSIGNMENT((#4740));
#4740 = SURFACE_STYLE_USAGE(.BOTH.,#4741);
#4741 = SURFACE_SIDE_STYLE('',(#4742));
#4742 = SURFACE_STYLE_FILL_AREA(#4743);
#4743 = FILL_AREA_STYLE('',(#4744));
#4744 = FILL_AREA_STYLE_COLOUR('',#4548);
#4745 = STYLED_ITEM('color',(#4746),#2289);
#4746 = PRESENTATION_STYLE_ASSIGNMENT((#4747));
#4747 = SURFACE_STYLE_USAGE(.BOTH.,#4748);
#4748 = SURFACE_SIDE_STYLE('',(#4749));
#4749 = SURFACE_STYLE_FILL_AREA(#4750);
#4750 = FILL_AREA_STYLE('',(#4751));
#4751 = FILL_AREA_STYLE_COLOUR('',#4548);
#4752 = STYLED_ITEM('color',(#4753),#2306);
#4753 = PRESENTATION_STYLE_ASSIGNMENT((#4754));
#4754 = SURFACE_STYLE_USAGE(.BOTH.,#4755);
#4755 = SURFACE_SIDE_STYLE('',(#4756));
#4756 = SURFACE_STYLE_FILL_AREA(#4757);
#4757 = FILL_AREA_STYLE('',(#4758));
#4758 = FILL_AREA_STYLE_COLOUR('',#4548);
#4759 = STYLED_ITEM('color',(#4760),#2323);
#4760 = PRESENTATION_STYLE_ASSIGNMENT((#4761));
#4761 = SURFACE_STYLE_USAGE(.BOTH.,#4762);
#4762 = SURFACE_SIDE_STYLE('',(#4763));
#4763 = SURFACE_STYLE_FILL_AREA(#4764);
#4764 = FILL_AREA_STYLE('',(#4765));
#4765 = FILL_AREA_STYLE_COLOUR('',#4548);
#4766 = STYLED_ITEM('color',(#4767),#2340);
#4767 = PRESENTATION_STYLE_ASSIGNMENT((#4768));
#4768 = SURFACE_STYLE_USAGE(.BOTH.,#4769);
#4769 = SURFACE_SIDE_STYLE('',(#4770));
#4770 = SURFACE_STYLE_FILL_AREA(#4771);
#4771 = FILL_AREA_STYLE('',(#4772));
#4772 = FILL_AREA_STYLE_COLOUR('',#4548);
#4773 = STYLED_ITEM('color',(#4774),#2357);
#4774 = PRESENTATION_STYLE_ASSIGNMENT((#4775));
#4775 = SURFACE_STYLE_USAGE(.BOTH.,#4776);
#4776 = SURFACE_SIDE_STYLE('',(#4777));
#4777 = SURFACE_STYLE_FILL_AREA(#4778);
#4778 = FILL_AREA_STYLE('',(#4779));
#4779 = FILL_AREA_STYLE_COLOUR('',#4548);
#4780 = STYLED_ITEM('color',(#4781),#2374);
#4781 = PRESENTATION_STYLE_ASSIGNMENT((#4782));
#4782 = SURFACE_STYLE_USAGE(.BOTH.,#4783);
#4783 = SURFACE_SIDE_STYLE('',(#4784));
#4784 = SURFACE_STYLE_FILL_AREA(#4785);
#4785 = FILL_AREA_STYLE('',(#4786));
#4786 = FILL_AREA_STYLE_COLOUR('',#4548);
#4787 = STYLED_ITEM('color',(#4788),#2391);
#4788 = PRESENTATION_STYLE_ASSIGNMENT((#4789));
#4789 = SURFACE_STYLE_USAGE(.BOTH.,#4790);
#4790 = SURFACE_SIDE_STYLE('',(#4791));
#4791 = SURFACE_STYLE_FILL_AREA(#4792);
#4792 = FILL_AREA_STYLE('',(#4793));
#4793 = FILL_AREA_STYLE_COLOUR('',#4548);
#4794 = STYLED_ITEM('color',(#4795),#2408);
#4795 = PRESENTATION_STYLE_ASSIGNMENT((#4796));
#4796 = SURFACE_STYLE_USAGE(.BOTH.,#4797);
#4797 = SURFACE_SIDE_STYLE('',(#4798));
#4798 = SURFACE_STYLE_FILL_AREA(#4799);
#4799 = FILL_AREA_STYLE('',(#4800));
#4800 = FILL_AREA_STYLE_COLOUR('',#4548);
#4801 = STYLED_ITEM('color',(#4802),#2425);
#4802 = PRESENTATION_STYLE_ASSIGNMENT((#4803));
#4803 = SURFACE_STYLE_USAGE(.BOTH.,#4804);
#4804 = SURFACE_SIDE_STYLE('',(#4805));
#4805 = SURFACE_STYLE_FILL_AREA(#4806);
#4806 = FILL_AREA_STYLE('',(#4807));
#4807 = FILL_AREA_STYLE_COLOUR('',#4548);
#4808 = STYLED_ITEM('color',(#4809),#2437);
#4809 = PRESENTATION_STYLE_ASSIGNMENT((#4810));
#4810 = SURFACE_STYLE_USAGE(.BOTH.,#4811);
#4811 = SURFACE_SIDE_STYLE('',(#4812));
#4812 = SURFACE_STYLE_FILL_AREA(#4813);
#4813 = FILL_AREA_STYLE('',(#4814));
#4814 = FILL_AREA_STYLE_COLOUR('',#4548);
#4815 = STYLED_ITEM('color',(#4816),#2524);
#4816 = PRESENTATION_STYLE_ASSIGNMENT((#4817));
#4817 = SURFACE_STYLE_USAGE(.BOTH.,#4818);
#4818 = SURFACE_SIDE_STYLE('',(#4819));
#4819 = SURFACE_STYLE_FILL_AREA(#4820);
#4820 = FILL_AREA_STYLE('',(#4821));
#4821 = FILL_AREA_STYLE_COLOUR('',#4548);
#4822 = STYLED_ITEM('color',(#4823),#2546);
#4823 = PRESENTATION_STYLE_ASSIGNMENT((#4824));
#4824 = SURFACE_STYLE_USAGE(.BOTH.,#4825);
#4825 = SURFACE_SIDE_STYLE('',(#4826));
#4826 = SURFACE_STYLE_FILL_AREA(#4827);
#4827 = FILL_AREA_STYLE('',(#4828));
#4828 = FILL_AREA_STYLE_COLOUR('',#4548);
#4829 = STYLED_ITEM('color',(#4830),#2563);
#4830 = PRESENTATION_STYLE_ASSIGNMENT((#4831));
#4831 = SURFACE_STYLE_USAGE(.BOTH.,#4832);
#4832 = SURFACE_SIDE_STYLE('',(#4833));
#4833 = SURFACE_STYLE_FILL_AREA(#4834);
#4834 = FILL_AREA_STYLE('',(#4835));
#4835 = FILL_AREA_STYLE_COLOUR('',#4548);
#4836 = STYLED_ITEM('color',(#4837),#2580);
#4837 = PRESENTATION_STYLE_ASSIGNMENT((#4838));
#4838 = SURFACE_STYLE_USAGE(.BOTH.,#4839);
#4839 = SURFACE_SIDE_STYLE('',(#4840));
#4840 = SURFACE_STYLE_FILL_AREA(#4841);
#4841 = FILL_AREA_STYLE('',(#4842));
#4842 = FILL_AREA_STYLE_COLOUR('',#4548);
#4843 = STYLED_ITEM('color',(#4844),#2602);
#4844 = PRESENTATION_STYLE_ASSIGNMENT((#4845));
#4845 = SURFACE_STYLE_USAGE(.BOTH.,#4846);
#4846 = SURFACE_SIDE_STYLE('',(#4847));
#4847 = SURFACE_STYLE_FILL_AREA(#4848);
#4848 = FILL_AREA_STYLE('',(#4849));
#4849 = FILL_AREA_STYLE_COLOUR('',#4548);
#4850 = STYLED_ITEM('color',(#4851),#2619);
#4851 = PRESENTATION_STYLE_ASSIGNMENT((#4852));
#4852 = SURFACE_STYLE_USAGE(.BOTH.,#4853);
#4853 = SURFACE_SIDE_STYLE('',(#4854));
#4854 = SURFACE_STYLE_FILL_AREA(#4855);
#4855 = FILL_AREA_STYLE('',(#4856));
#4856 = FILL_AREA_STYLE_COLOUR('',#4548);
#4857 = STYLED_ITEM('color',(#4858),#2682);
#4858 = PRESENTATION_STYLE_ASSIGNMENT((#4859));
#4859 = SURFACE_STYLE_USAGE(.BOTH.,#4860);
#4860 = SURFACE_SIDE_STYLE('',(#4861));
#4861 = SURFACE_STYLE_FILL_AREA(#4862);
#4862 = FILL_AREA_STYLE('',(#4863));
#4863 = FILL_AREA_STYLE_COLOUR('',#4548);
#4864 = STYLED_ITEM('color',(#4865),#2707);
#4865 = PRESENTATION_STYLE_ASSIGNMENT((#4866));
#4866 = SURFACE_STYLE_USAGE(.BOTH.,#4867);
#4867 = SURFACE_SIDE_STYLE('',(#4868));
#4868 = SURFACE_STYLE_FILL_AREA(#4869);
#4869 = FILL_AREA_STYLE('',(#4870));
#4870 = FILL_AREA_STYLE_COLOUR('',#4548);
#4871 = STYLED_ITEM('color',(#4872),#2732);
#4872 = PRESENTATION_STYLE_ASSIGNMENT((#4873));
#4873 = SURFACE_STYLE_USAGE(.BOTH.,#4874);
#4874 = SURFACE_SIDE_STYLE('',(#4875));
#4875 = SURFACE_STYLE_FILL_AREA(#4876);
#4876 = FILL_AREA_STYLE('',(#4877));
#4877 = FILL_AREA_STYLE_COLOUR('',#4548);
#4878 = STYLED_ITEM('color',(#4879),#2774);
#4879 = PRESENTATION_STYLE_ASSIGNMENT((#4880));
#4880 = SURFACE_STYLE_USAGE(.BOTH.,#4881);
#4881 = SURFACE_SIDE_STYLE('',(#4882));
#4882 = SURFACE_STYLE_FILL_AREA(#4883);
#4883 = FILL_AREA_STYLE('',(#4884));
#4884 = FILL_AREA_STYLE_COLOUR('',#4548);
#4885 = STYLED_ITEM('color',(#4886),#2894);
#4886 = PRESENTATION_STYLE_ASSIGNMENT((#4887));
#4887 = SURFACE_STYLE_USAGE(.BOTH.,#4888);
#4888 = SURFACE_SIDE_STYLE('',(#4889));
#4889 = SURFACE_STYLE_FILL_AREA(#4890);
#4890 = FILL_AREA_STYLE('',(#4891));
#4891 = FILL_AREA_STYLE_COLOUR('',#4548);
#4892 = STYLED_ITEM('color',(#4893),#2927);
#4893 = PRESENTATION_STYLE_ASSIGNMENT((#4894));
#4894 = SURFACE_STYLE_USAGE(.BOTH.,#4895);
#4895 = SURFACE_SIDE_STYLE('',(#4896));
#4896 = SURFACE_STYLE_FILL_AREA(#4897);
#4897 = FILL_AREA_STYLE('',(#4898));
#4898 = FILL_AREA_STYLE_COLOUR('',#4548);
#4899 = STYLED_ITEM('color',(#4900),#2949);
#4900 = PRESENTATION_STYLE_ASSIGNMENT((#4901));
#4901 = SURFACE_STYLE_USAGE(.BOTH.,#4902);
#4902 = SURFACE_SIDE_STYLE('',(#4903));
#4903 = SURFACE_STYLE_FILL_AREA(#4904);
#4904 = FILL_AREA_STYLE('',(#4905));
#4905 = FILL_AREA_STYLE_COLOUR('',#4548);
#4906 = STYLED_ITEM('color',(#4907),#2966);
#4907 = PRESENTATION_STYLE_ASSIGNMENT((#4908));
#4908 = SURFACE_STYLE_USAGE(.BOTH.,#4909);
#4909 = SURFACE_SIDE_STYLE('',(#4910));
#4910 = SURFACE_STYLE_FILL_AREA(#4911);
#4911 = FILL_AREA_STYLE('',(#4912));
#4912 = FILL_AREA_STYLE_COLOUR('',#4548);
#4913 = STYLED_ITEM('color',(#4914),#2983);
#4914 = PRESENTATION_STYLE_ASSIGNMENT((#4915));
#4915 = SURFACE_STYLE_USAGE(.BOTH.,#4916);
#4916 = SURFACE_SIDE_STYLE('',(#4917));
#4917 = SURFACE_STYLE_FILL_AREA(#4918);
#4918 = FILL_AREA_STYLE('',(#4919));
#4919 = FILL_AREA_STYLE_COLOUR('',#4548);
#4920 = STYLED_ITEM('color',(#4921),#3000);
#4921 = PRESENTATION_STYLE_ASSIGNMENT((#4922));
#4922 = SURFACE_STYLE_USAGE(.BOTH.,#4923);
#4923 = SURFACE_SIDE_STYLE('',(#4924));
#4924 = SURFACE_STYLE_FILL_AREA(#4925);
#4925 = FILL_AREA_STYLE('',(#4926));
#4926 = FILL_AREA_STYLE_COLOUR('',#4548);
#4927 = STYLED_ITEM('color',(#4928),#3017);
#4928 = PRESENTATION_STYLE_ASSIGNMENT((#4929));
#4929 = SURFACE_STYLE_USAGE(.BOTH.,#4930);
#4930 = SURFACE_SIDE_STYLE('',(#4931));
#4931 = SURFACE_STYLE_FILL_AREA(#4932);
#4932 = FILL_AREA_STYLE('',(#4933));
#4933 = FILL_AREA_STYLE_COLOUR('',#4548);
#4934 = STYLED_ITEM('color',(#4935),#3034);
#4935 = PRESENTATION_STYLE_ASSIGNMENT((#4936));
#4936 = SURFACE_STYLE_USAGE(.BOTH.,#4937);
#4937 = SURFACE_SIDE_STYLE('',(#4938));
#4938 = SURFACE_STYLE_FILL_AREA(#4939);
#4939 = FILL_AREA_STYLE('',(#4940));
#4940 = FILL_AREA_STYLE_COLOUR('',#4548);
#4941 = STYLED_ITEM('color',(#4942),#3051);
#4942 = PRESENTATION_STYLE_ASSIGNMENT((#4943));
#4943 = SURFACE_STYLE_USAGE(.BOTH.,#4944);
#4944 = SURFACE_SIDE_STYLE('',(#4945));
#4945 = SURFACE_STYLE_FILL_AREA(#4946);
#4946 = FILL_AREA_STYLE('',(#4947));
#4947 = FILL_AREA_STYLE_COLOUR('',#4548);
#4948 = STYLED_ITEM('color',(#4949),#3068);
#4949 = PRESENTATION_STYLE_ASSIGNMENT((#4950));
#4950 = SURFACE_STYLE_USAGE(.BOTH.,#4951);
#4951 = SURFACE_SIDE_STYLE('',(#4952));
#4952 = SURFACE_STYLE_FILL_AREA(#4953);
#4953 = FILL_AREA_STYLE('',(#4954));
#4954 = FILL_AREA_STYLE_COLOUR('',#4548);
#4955 = STYLED_ITEM('color',(#4956),#3085);
#4956 = PRESENTATION_STYLE_ASSIGNMENT((#4957));
#4957 = SURFACE_STYLE_USAGE(.BOTH.,#4958);
#4958 = SURFACE_SIDE_STYLE('',(#4959));
#4959 = SURFACE_STYLE_FILL_AREA(#4960);
#4960 = FILL_AREA_STYLE('',(#4961));
#4961 = FILL_AREA_STYLE_COLOUR('',#4548);
#4962 = STYLED_ITEM('color',(#4963),#3102);
#4963 = PRESENTATION_STYLE_ASSIGNMENT((#4964));
#4964 = SURFACE_STYLE_USAGE(.BOTH.,#4965);
#4965 = SURFACE_SIDE_STYLE('',(#4966));
#4966 = SURFACE_STYLE_FILL_AREA(#4967);
#4967 = FILL_AREA_STYLE('',(#4968));
#4968 = FILL_AREA_STYLE_COLOUR('',#4548);
#4969 = STYLED_ITEM('color',(#4970),#3119);
#4970 = PRESENTATION_STYLE_ASSIGNMENT((#4971));
#4971 = SURFACE_STYLE_USAGE(.BOTH.,#4972);
#4972 = SURFACE_SIDE_STYLE('',(#4973));
#4973 = SURFACE_STYLE_FILL_AREA(#4974);
#4974 = FILL_AREA_STYLE('',(#4975));
#4975 = FILL_AREA_STYLE_COLOUR('',#4548);
#4976 = STYLED_ITEM('color',(#4977),#3136);
#4977 = PRESENTATION_STYLE_ASSIGNMENT((#4978));
#4978 = SURFACE_STYLE_USAGE(.BOTH.,#4979);
#4979 = SURFACE_SIDE_STYLE('',(#4980));
#4980 = SURFACE_STYLE_FILL_AREA(#4981);
#4981 = FILL_AREA_STYLE('',(#4982));
#4982 = FILL_AREA_STYLE_COLOUR('',#4548);
#4983 = STYLED_ITEM('color',(#4984),#3153);
#4984 = PRESENTATION_STYLE_ASSIGNMENT((#4985));
#4985 = SURFACE_STYLE_USAGE(.BOTH.,#4986);
#4986 = SURFACE_SIDE_STYLE('',(#4987));
#4987 = SURFACE_STYLE_FILL_AREA(#4988);
#4988 = FILL_AREA_STYLE('',(#4989));
#4989 = FILL_AREA_STYLE_COLOUR('',#4548);
#4990 = STYLED_ITEM('color',(#4991),#3170);
#4991 = PRESENTATION_STYLE_ASSIGNMENT((#4992));
#4992 = SURFACE_STYLE_USAGE(.BOTH.,#4993);
#4993 = SURFACE_SIDE_STYLE('',(#4994));
#4994 = SURFACE_STYLE_FILL_AREA(#4995);
#4995 = FILL_AREA_STYLE('',(#4996));
#4996 = FILL_AREA_STYLE_COLOUR('',#4548);
#4997 = STYLED_ITEM('color',(#4998),#3187);
#4998 = PRESENTATION_STYLE_ASSIGNMENT((#4999));
#4999 = SURFACE_STYLE_USAGE(.BOTH.,#5000);
#5000 = SURFACE_SIDE_STYLE('',(#5001));
#5001 = SURFACE_STYLE_FILL_AREA(#5002);
#5002 = FILL_AREA_STYLE('',(#5003));
#5003 = FILL_AREA_STYLE_COLOUR('',#4548);
#5004 = STYLED_ITEM('color',(#5005),#3199);
#5005 = PRESENTATION_STYLE_ASSIGNMENT((#5006));
#5006 = SURFACE_STYLE_USAGE(.BOTH.,#5007);
#5007 = SURFACE_SIDE_STYLE('',(#5008));
#5008 = SURFACE_STYLE_FILL_AREA(#5009);
#5009 = FILL_AREA_STYLE('',(#5010));
#5010 = FILL_AREA_STYLE_COLOUR('',#4533);
#5011 = STYLED_ITEM('color',(#5012),#3241);
#5012 = PRESENTATION_STYLE_ASSIGNMENT((#5013));
#5013 = SURFACE_STYLE_USAGE(.BOTH.,#5014);
#5014 = SURFACE_SIDE_STYLE('',(#5015));
#5015 = SURFACE_STYLE_FILL_AREA(#5016);
#5016 = FILL_AREA_STYLE('',(#5017));
#5017 = FILL_AREA_STYLE_COLOUR('',#4533);
#5018 = STYLED_ITEM('color',(#5019),#3283);
#5019 = PRESENTATION_STYLE_ASSIGNMENT((#5020));
#5020 = SURFACE_STYLE_USAGE(.BOTH.,#5021);
#5021 = SURFACE_SIDE_STYLE('',(#5022));
#5022 = SURFACE_STYLE_FILL_AREA(#5023);
#5023 = FILL_AREA_STYLE('',(#5024));
#5024 = FILL_AREA_STYLE_COLOUR('',#4533);
#5025 = STYLED_ITEM('color',(#5026),#3325);
#5026 = PRESENTATION_STYLE_ASSIGNMENT((#5027));
#5027 = SURFACE_STYLE_USAGE(.BOTH.,#5028);
#5028 = SURFACE_SIDE_STYLE('',(#5029));
#5029 = SURFACE_STYLE_FILL_AREA(#5030);
#5030 = FILL_AREA_STYLE('',(#5031));
#5031 = FILL_AREA_STYLE_COLOUR('',#4533);
#5032 = STYLED_ITEM('color',(#5033),#3367);
#5033 = PRESENTATION_STYLE_ASSIGNMENT((#5034));
#5034 = SURFACE_STYLE_USAGE(.BOTH.,#5035);
#5035 = SURFACE_SIDE_STYLE('',(#5036));
#5036 = SURFACE_STYLE_FILL_AREA(#5037);
#5037 = FILL_AREA_STYLE('',(#5038));
#5038 = FILL_AREA_STYLE_COLOUR('',#4533);
#5039 = STYLED_ITEM('color',(#5040),#3405);
#5040 = PRESENTATION_STYLE_ASSIGNMENT((#5041));
#5041 = SURFACE_STYLE_USAGE(.BOTH.,#5042);
#5042 = SURFACE_SIDE_STYLE('',(#5043));
#5043 = SURFACE_STYLE_FILL_AREA(#5044);
#5044 = FILL_AREA_STYLE('',(#5045));
#5045 = FILL_AREA_STYLE_COLOUR('',#4533);
#5046 = STYLED_ITEM('color',(#5047),#3443);
#5047 = PRESENTATION_STYLE_ASSIGNMENT((#5048));
#5048 = SURFACE_STYLE_USAGE(.BOTH.,#5049);
#5049 = SURFACE_SIDE_STYLE('',(#5050));
#5050 = SURFACE_STYLE_FILL_AREA(#5051);
#5051 = FILL_AREA_STYLE('',(#5052));
#5052 = FILL_AREA_STYLE_COLOUR('',#4533);
#5053 = STYLED_ITEM('color',(#5054),#3467);
#5054 = PRESENTATION_STYLE_ASSIGNMENT((#5055));
#5055 = SURFACE_STYLE_USAGE(.BOTH.,#5056);
#5056 = SURFACE_SIDE_STYLE('',(#5057));
#5057 = SURFACE_STYLE_FILL_AREA(#5058);
#5058 = FILL_AREA_STYLE('',(#5059));
#5059 = FILL_AREA_STYLE_COLOUR('',#4533);
#5060 = STYLED_ITEM('color',(#5061),#3491);
#5061 = PRESENTATION_STYLE_ASSIGNMENT((#5062));
#5062 = SURFACE_STYLE_USAGE(.BOTH.,#5063);
#5063 = SURFACE_SIDE_STYLE('',(#5064));
#5064 = SURFACE_STYLE_FILL_AREA(#5065);
#5065 = FILL_AREA_STYLE('',(#5066));
#5066 = FILL_AREA_STYLE_COLOUR('',#4533);
#5067 = STYLED_ITEM('color',(#5068),#3508);
#5068 = PRESENTATION_STYLE_ASSIGNMENT((#5069));
#5069 = SURFACE_STYLE_USAGE(.BOTH.,#5070);
#5070 = SURFACE_SIDE_STYLE('',(#5071));
#5071 = SURFACE_STYLE_FILL_AREA(#5072);
#5072 = FILL_AREA_STYLE('',(#5073));
#5073 = FILL_AREA_STYLE_COLOUR('',#4533);
#5074 = STYLED_ITEM('color',(#5075),#3525);
#5075 = PRESENTATION_STYLE_ASSIGNMENT((#5076));
#5076 = SURFACE_STYLE_USAGE(.BOTH.,#5077);
#5077 = SURFACE_SIDE_STYLE('',(#5078));
#5078 = SURFACE_STYLE_FILL_AREA(#5079);
#5079 = FILL_AREA_STYLE('',(#5080));
#5080 = FILL_AREA_STYLE_COLOUR('',#4533);
#5081 = STYLED_ITEM('color',(#5082),#3637);
#5082 = PRESENTATION_STYLE_ASSIGNMENT((#5083));
#5083 = SURFACE_STYLE_USAGE(.BOTH.,#5084);
#5084 = SURFACE_SIDE_STYLE('',(#5085));
#5085 = SURFACE_STYLE_FILL_AREA(#5086);
#5086 = FILL_AREA_STYLE('',(#5087));
#5087 = FILL_AREA_STYLE_COLOUR('',#4533);
#5088 = STYLED_ITEM('color',(#5089),#3668);
#5089 = PRESENTATION_STYLE_ASSIGNMENT((#5090));
#5090 = SURFACE_STYLE_USAGE(.BOTH.,#5091);
#5091 = SURFACE_SIDE_STYLE('',(#5092));
#5092 = SURFACE_STYLE_FILL_AREA(#5093);
#5093 = FILL_AREA_STYLE('',(#5094));
#5094 = FILL_AREA_STYLE_COLOUR('',#4533);
#5095 = STYLED_ITEM('color',(#5096),#3685);
#5096 = PRESENTATION_STYLE_ASSIGNMENT((#5097));
#5097 = SURFACE_STYLE_USAGE(.BOTH.,#5098);
#5098 = SURFACE_SIDE_STYLE('',(#5099));
#5099 = SURFACE_STYLE_FILL_AREA(#5100);
#5100 = FILL_AREA_STYLE('',(#5101));
#5101 = FILL_AREA_STYLE_COLOUR('',#4533);
#5102 = STYLED_ITEM('color',(#5103),#3725);
#5103 = PRESENTATION_STYLE_ASSIGNMENT((#5104));
#5104 = SURFACE_STYLE_USAGE(.BOTH.,#5105);
#5105 = SURFACE_SIDE_STYLE('',(#5106));
#5106 = SURFACE_STYLE_FILL_AREA(#5107);
#5107 = FILL_AREA_STYLE('',(#5108));
#5108 = FILL_AREA_STYLE_COLOUR('',#4533);
#5109 = STYLED_ITEM('color',(#5110),#3737);
#5110 = PRESENTATION_STYLE_ASSIGNMENT((#5111));
#5111 = SURFACE_STYLE_USAGE(.BOTH.,#5112);
#5112 = SURFACE_SIDE_STYLE('',(#5113));
#5113 = SURFACE_STYLE_FILL_AREA(#5114);
#5114 = FILL_AREA_STYLE('',(#5115));
#5115 = FILL_AREA_STYLE_COLOUR('',#4533);
#5116 = STYLED_ITEM('color',(#5117),#3764);
#5117 = PRESENTATION_STYLE_ASSIGNMENT((#5118));
#5118 = SURFACE_STYLE_USAGE(.BOTH.,#5119);
#5119 = SURFACE_SIDE_STYLE('',(#5120));
#5120 = SURFACE_STYLE_FILL_AREA(#5121);
#5121 = FILL_AREA_STYLE('',(#5122));
#5122 = FILL_AREA_STYLE_COLOUR('',#4548);
#5123 = STYLED_ITEM('color',(#5124),#3781);
#5124 = PRESENTATION_STYLE_ASSIGNMENT((#5125));
#5125 = SURFACE_STYLE_USAGE(.BOTH.,#5126);
#5126 = SURFACE_SIDE_STYLE('',(#5127));
#5127 = SURFACE_STYLE_FILL_AREA(#5128);
#5128 = FILL_AREA_STYLE('',(#5129));
#5129 = FILL_AREA_STYLE_COLOUR('',#4548);
#5130 = STYLED_ITEM('color',(#5131),#3854);
#5131 = PRESENTATION_STYLE_ASSIGNMENT((#5132));
#5132 = SURFACE_STYLE_USAGE(.BOTH.,#5133);
#5133 = SURFACE_SIDE_STYLE('',(#5134));
#5134 = SURFACE_STYLE_FILL_AREA(#5135);
#5135 = FILL_AREA_STYLE('',(#5136));
#5136 = FILL_AREA_STYLE_COLOUR('',#4533);
#5137 = STYLED_ITEM('color',(#5138),#3863);
#5138 = PRESENTATION_STYLE_ASSIGNMENT((#5139));
#5139 = SURFACE_STYLE_USAGE(.BOTH.,#5140);
#5140 = SURFACE_SIDE_STYLE('',(#5141));
#5141 = SURFACE_STYLE_FILL_AREA(#5142);
#5142 = FILL_AREA_STYLE('',(#5143));
#5143 = FILL_AREA_STYLE_COLOUR('',#4533);
#5144 = STYLED_ITEM('color',(#5145),#3885);
#5145 = PRESENTATION_STYLE_ASSIGNMENT((#5146));
#5146 = SURFACE_STYLE_USAGE(.BOTH.,#5147);
#5147 = SURFACE_SIDE_STYLE('',(#5148));
#5148 = SURFACE_STYLE_FILL_AREA(#5149);
#5149 = FILL_AREA_STYLE('',(#5150));
#5150 = FILL_AREA_STYLE_COLOUR('',#4533);
#5151 = STYLED_ITEM('color',(#5152),#3910);
#5152 = PRESENTATION_STYLE_ASSIGNMENT((#5153));
#5153 = SURFACE_STYLE_USAGE(.BOTH.,#5154);
#5154 = SURFACE_SIDE_STYLE('',(#5155));
#5155 = SURFACE_STYLE_FILL_AREA(#5156);
#5156 = FILL_AREA_STYLE('',(#5157));
#5157 = FILL_AREA_STYLE_COLOUR('',#4533);
#5158 = STYLED_ITEM('color',(#5159),#3932);
#5159 = PRESENTATION_STYLE_ASSIGNMENT((#5160));
#5160 = SURFACE_STYLE_USAGE(.BOTH.,#5161);
#5161 = SURFACE_SIDE_STYLE('',(#5162));
#5162 = SURFACE_STYLE_FILL_AREA(#5163);
#5163 = FILL_AREA_STYLE('',(#5164));
#5164 = FILL_AREA_STYLE_COLOUR('',#4533);
#5165 = STYLED_ITEM('color',(#5166),#3960);
#5166 = PRESENTATION_STYLE_ASSIGNMENT((#5167));
#5167 = SURFACE_STYLE_USAGE(.BOTH.,#5168);
#5168 = SURFACE_SIDE_STYLE('',(#5169));
#5169 = SURFACE_STYLE_FILL_AREA(#5170);
#5170 = FILL_AREA_STYLE('',(#5171));
#5171 = FILL_AREA_STYLE_COLOUR('',#4533);
#5172 = STYLED_ITEM('color',(#5173),#3978);
#5173 = PRESENTATION_STYLE_ASSIGNMENT((#5174));
#5174 = SURFACE_STYLE_USAGE(.BOTH.,#5175);
#5175 = SURFACE_SIDE_STYLE('',(#5176));
#5176 = SURFACE_STYLE_FILL_AREA(#5177);
#5177 = FILL_AREA_STYLE('',(#5178));
#5178 = FILL_AREA_STYLE_COLOUR('',#4533);
#5179 = STYLED_ITEM('color',(#5180),#3996);
#5180 = PRESENTATION_STYLE_ASSIGNMENT((#5181));
#5181 = SURFACE_STYLE_USAGE(.BOTH.,#5182);
#5182 = SURFACE_SIDE_STYLE('',(#5183));
#5183 = SURFACE_STYLE_FILL_AREA(#5184);
#5184 = FILL_AREA_STYLE('',(#5185));
#5185 = FILL_AREA_STYLE_COLOUR('',#4533);
#5186 = STYLED_ITEM('color',(#5187),#4014);
#5187 = PRESENTATION_STYLE_ASSIGNMENT((#5188));
#5188 = SURFACE_STYLE_USAGE(.BOTH.,#5189);
#5189 = SURFACE_SIDE_STYLE('',(#5190));
#5190 = SURFACE_STYLE_FILL_AREA(#5191);
#5191 = FILL_AREA_STYLE('',(#5192));
#5192 = FILL_AREA_STYLE_COLOUR('',#4533);
#5193 = STYLED_ITEM('color',(#5194),#4031);
#5194 = PRESENTATION_STYLE_ASSIGNMENT((#5195));
#5195 = SURFACE_STYLE_USAGE(.BOTH.,#5196);
#5196 = SURFACE_SIDE_STYLE('',(#5197));
#5197 = SURFACE_STYLE_FILL_AREA(#5198);
#5198 = FILL_AREA_STYLE('',(#5199));
#5199 = FILL_AREA_STYLE_COLOUR('',#4533);
#5200 = STYLED_ITEM('color',(#5201),#4048);
#5201 = PRESENTATION_STYLE_ASSIGNMENT((#5202));
#5202 = SURFACE_STYLE_USAGE(.BOTH.,#5203);
#5203 = SURFACE_SIDE_STYLE('',(#5204));
#5204 = SURFACE_STYLE_FILL_AREA(#5205);
#5205 = FILL_AREA_STYLE('',(#5206));
#5206 = FILL_AREA_STYLE_COLOUR('',#4533);
#5207 = STYLED_ITEM('color',(#5208),#4065);
#5208 = PRESENTATION_STYLE_ASSIGNMENT((#5209));
#5209 = SURFACE_STYLE_USAGE(.BOTH.,#5210);
#5210 = SURFACE_SIDE_STYLE('',(#5211));
#5211 = SURFACE_STYLE_FILL_AREA(#5212);
#5212 = FILL_AREA_STYLE('',(#5213));
#5213 = FILL_AREA_STYLE_COLOUR('',#4533);
#5214 = STYLED_ITEM('color',(#5215),#4082);
#5215 = PRESENTATION_STYLE_ASSIGNMENT((#5216));
#5216 = SURFACE_STYLE_USAGE(.BOTH.,#5217);
#5217 = SURFACE_SIDE_STYLE('',(#5218));
#5218 = SURFACE_STYLE_FILL_AREA(#5219);
#5219 = FILL_AREA_STYLE('',(#5220));
#5220 = FILL_AREA_STYLE_COLOUR('',#4533);
#5221 = STYLED_ITEM('color',(#5222),#4094);
#5222 = PRESENTATION_STYLE_ASSIGNMENT((#5223));
#5223 = SURFACE_STYLE_USAGE(.BOTH.,#5224);
#5224 = SURFACE_SIDE_STYLE('',(#5225));
#5225 = SURFACE_STYLE_FILL_AREA(#5226);
#5226 = FILL_AREA_STYLE('',(#5227));
#5227 = FILL_AREA_STYLE_COLOUR('',#4533);
#5228 = STYLED_ITEM('color',(#5229),#4106);
#5229 = PRESENTATION_STYLE_ASSIGNMENT((#5230));
#5230 = SURFACE_STYLE_USAGE(.BOTH.,#5231);
#5231 = SURFACE_SIDE_STYLE('',(#5232));
#5232 = SURFACE_STYLE_FILL_AREA(#5233);
#5233 = FILL_AREA_STYLE('',(#5234));
#5234 = FILL_AREA_STYLE_COLOUR('',#4548);
#5235 = STYLED_ITEM('color',(#5236),#4157);
#5236 = PRESENTATION_STYLE_ASSIGNMENT((#5237));
#5237 = SURFACE_STYLE_USAGE(.BOTH.,#5238);
#5238 = SURFACE_SIDE_STYLE('',(#5239));
#5239 = SURFACE_STYLE_FILL_AREA(#5240);
#5240 = FILL_AREA_STYLE('',(#5241));
#5241 = FILL_AREA_STYLE_COLOUR('',#4548);
#5242 = STYLED_ITEM('color',(#5243),#4174);
#5243 = PRESENTATION_STYLE_ASSIGNMENT((#5244));
#5244 = SURFACE_STYLE_USAGE(.BOTH.,#5245);
#5245 = SURFACE_SIDE_STYLE('',(#5246));
#5246 = SURFACE_STYLE_FILL_AREA(#5247);
#5247 = FILL_AREA_STYLE('',(#5248));
#5248 = FILL_AREA_STYLE_COLOUR('',#4548);
#5249 = STYLED_ITEM('color',(#5250),#4191);
#5250 = PRESENTATION_STYLE_ASSIGNMENT((#5251));
#5251 = SURFACE_STYLE_USAGE(.BOTH.,#5252);
#5252 = SURFACE_SIDE_STYLE('',(#5253));
#5253 = SURFACE_STYLE_FILL_AREA(#5254);
#5254 = FILL_AREA_STYLE('',(#5255));
#5255 = FILL_AREA_STYLE_COLOUR('',#4548);
#5256 = STYLED_ITEM('color',(#5257),#4208);
#5257 = PRESENTATION_STYLE_ASSIGNMENT((#5258));
#5258 = SURFACE_STYLE_USAGE(.BOTH.,#5259);
#5259 = SURFACE_SIDE_STYLE('',(#5260));
#5260 = SURFACE_STYLE_FILL_AREA(#5261);
#5261 = FILL_AREA_STYLE('',(#5262));
#5262 = FILL_AREA_STYLE_COLOUR('',#4548);
#5263 = STYLED_ITEM('color',(#5264),#4228);
#5264 = PRESENTATION_STYLE_ASSIGNMENT((#5265));
#5265 = SURFACE_STYLE_USAGE(.BOTH.,#5266);
#5266 = SURFACE_SIDE_STYLE('',(#5267));
#5267 = SURFACE_STYLE_FILL_AREA(#5268);
#5268 = FILL_AREA_STYLE('',(#5269));
#5269 = FILL_AREA_STYLE_COLOUR('',#4548);
#5270 = STYLED_ITEM('color',(#5271),#4253);
#5271 = PRESENTATION_STYLE_ASSIGNMENT((#5272));
#5272 = SURFACE_STYLE_USAGE(.BOTH.,#5273);
#5273 = SURFACE_SIDE_STYLE('',(#5274));
#5274 = SURFACE_STYLE_FILL_AREA(#5275);
#5275 = FILL_AREA_STYLE('',(#5276));
#5276 = FILL_AREA_STYLE_COLOUR('',#4548);
#5277 = STYLED_ITEM('color',(#5278),#4265);
#5278 = PRESENTATION_STYLE_ASSIGNMENT((#5279));
#5279 = SURFACE_STYLE_USAGE(.BOTH.,#5280);
#5280 = SURFACE_SIDE_STYLE('',(#5281));
#5281 = SURFACE_STYLE_FILL_AREA(#5282);
#5282 = FILL_AREA_STYLE('',(#5283));
#5283 = FILL_AREA_STYLE_COLOUR('',#4548);
#5284 = STYLED_ITEM('color',(#5285),#4290);
#5285 = PRESENTATION_STYLE_ASSIGNMENT((#5286));
#5286 = SURFACE_STYLE_USAGE(.BOTH.,#5287);
#5287 = SURFACE_SIDE_STYLE('',(#5288));
#5288 = SURFACE_STYLE_FILL_AREA(#5289);
#5289 = FILL_AREA_STYLE('',(#5290));
#5290 = FILL_AREA_STYLE_COLOUR('',#4548);
#5291 = STYLED_ITEM('color',(#5292),#4321);
#5292 = PRESENTATION_STYLE_ASSIGNMENT((#5293));
#5293 = SURFACE_STYLE_USAGE(.BOTH.,#5294);
#5294 = SURFACE_SIDE_STYLE('',(#5295));
#5295 = SURFACE_STYLE_FILL_AREA(#5296);
#5296 = FILL_AREA_STYLE('',(#5297));
#5297 = FILL_AREA_STYLE_COLOUR('',#4548);
#5298 = STYLED_ITEM('color',(#5299),#4338);
#5299 = PRESENTATION_STYLE_ASSIGNMENT((#5300));
#5300 = SURFACE_STYLE_USAGE(.BOTH.,#5301);
#5301 = SURFACE_SIDE_STYLE('',(#5302));
#5302 = SURFACE_STYLE_FILL_AREA(#5303);
#5303 = FILL_AREA_STYLE('',(#5304));
#5304 = FILL_AREA_STYLE_COLOUR('',#4548);
ENDSEC;
END-ISO-10303-21;
