ISO-10303-21;
HEADER;
FILE_DESCRIPTION(('FreeCAD Model'),'2;1');
FILE_NAME('Open CASCADE Shape Model','2025-09-29T09:25:56',(''),(''),
  'Open CASCADE STEP processor 7.8','FreeCAD','Unknown');
FILE_SCHEMA(('AUTOMOTIVE_DESIGN { 1 0 10303 214 1 1 1 1 }'));
ENDSEC;
DATA;
#1 = APPLICATION_PROTOCOL_DEFINITION('international standard',
  'automotive_design',2000,#2);
#2 = APPLICATION_CONTEXT(
  'core data for automotive mechanical design processes');
#3 = SHAPE_DEFINITION_REPRESENTATION(#4,#10);
#4 = PRODUCT_DEFINITION_SHAPE('','',#5);
#5 = PRODUCT_DEFINITION('design','',#6,#9);
#6 = PRODUCT_DEFINITION_FORMATION('','',#7);
#7 = PRODUCT('Assem1','Assem1','',(#8));
#8 = PRODUCT_CONTEXT('',#2,'mechanical');
#9 = PRODUCT_DEFINITION_CONTEXT('part definition',#2,'design');
#10 = SHAPE_REPRESENTATION('',(#11,#15,#19),#23);
#11 = AXIS2_PLACEMENT_3D('',#12,#13,#14);
#12 = CARTESIAN_POINT('',(0.,0.,0.));
#13 = DIRECTION('',(0.,0.,1.));
#14 = DIRECTION('',(1.,0.,-0.));
#15 = AXIS2_PLACEMENT_3D('',#16,#17,#18);
#16 = CARTESIAN_POINT('',(0.,0.,0.));
#17 = DIRECTION('',(0.,0.,1.));
#18 = DIRECTION('',(1.,0.,0.));
#19 = AXIS2_PLACEMENT_3D('',#20,#21,#22);
#20 = CARTESIAN_POINT('',(0.,0.,0.));
#21 = DIRECTION('',(0.,0.,1.));
#22 = DIRECTION('',(1.,0.,0.));
#23 = ( GEOMETRIC_REPRESENTATION_CONTEXT(3) 
GLOBAL_UNCERTAINTY_ASSIGNED_CONTEXT((#27)) GLOBAL_UNIT_ASSIGNED_CONTEXT(
(#24,#25,#26)) REPRESENTATION_CONTEXT('Context #1',
  '3D Context with UNIT and UNCERTAINTY') );
#24 = ( LENGTH_UNIT() NAMED_UNIT(*) SI_UNIT(.MILLI.,.METRE.) );
#25 = ( NAMED_UNIT(*) PLANE_ANGLE_UNIT() SI_UNIT($,.RADIAN.) );
#26 = ( NAMED_UNIT(*) SI_UNIT($,.STERADIAN.) SOLID_ANGLE_UNIT() );
#27 = UNCERTAINTY_MEASURE_WITH_UNIT(LENGTH_MEASURE(2.E-07),#24,
  'distance_accuracy_value','confusion accuracy');
#28 = PRODUCT_RELATED_PRODUCT_CATEGORY('part',$,(#7));
#29 = SHAPE_DEFINITION_REPRESENTATION(#30,#36);
#30 = PRODUCT_DEFINITION_SHAPE('','',#31);
#31 = PRODUCT_DEFINITION('design','',#32,#35);
#32 = PRODUCT_DEFINITION_FORMATION('','',#33);
#33 = PRODUCT('base','base','',(#34));
#34 = PRODUCT_CONTEXT('',#2,'mechanical');
#35 = PRODUCT_DEFINITION_CONTEXT('part definition',#2,'design');
#36 = ADVANCED_BREP_SHAPE_REPRESENTATION('',(#11,#37),#3637);
#37 = MANIFOLD_SOLID_BREP('',#38);
#38 = CLOSED_SHELL('',(#39,#92,#134,#185,#245,#278,#332,#401,#434,#467,
    #503,#533,#556,#579,#595,#631,#661,#684,#707,#723,#822,#852,#875,
    #898,#921,#944,#967,#990,#1013,#1036,#1059,#1082,#1105,#1121,#1208,
    #1240,#1265,#1290,#1322,#1409,#1442,#1562,#1592,#1615,#1638,#1661,
    #1684,#1707,#1730,#1753,#1776,#1799,#1822,#1845,#1868,#1891,#1914,
    #1930,#1970,#2001,#2041,#2072,#2103,#2136,#2169,#2186,#2217,#2250,
    #2283,#2300,#2345,#2439,#2470,#2505,#2536,#2571,#2589,#2607,#2625,
    #2643,#2674,#2699,#2724,#2748,#2772,#2797,#2822,#2839,#3082,#3091,
    #3130,#3142,#3159,#3171,#3230,#3247,#3264,#3281,#3306,#3318,#3335,
    #3360,#3377,#3389,#3488,#3523,#3554,#3571,#3596,#3608,#3625));
#39 = ADVANCED_FACE('',(#40),#78,.F.);
#40 = FACE_BOUND('',#41,.F.);
#41 = EDGE_LOOP('',(#42,#57,#64,#77));
#42 = ORIENTED_EDGE('',*,*,#43,.T.);
#43 = EDGE_CURVE('',#44,#44,#46,.T.);
#44 = VERTEX_POINT('',#45);
#45 = CARTESIAN_POINT('',(1.498032786885,8.852459016393E-03,2.79));
#46 = B_SPLINE_CURVE_WITH_KNOTS('',3,(#47,#48,#49,#50,#51,#52,#53,#54,
    #55,#56),.UNSPECIFIED.,.T.,.F.,(1,3,2,2,2,3,1),(-0.251057827927,0.,
    0.248942172073,0.497884344147,0.748942172073,1.,1.248942172073),
  .UNSPECIFIED.);
#47 = CARTESIAN_POINT('',(1.498032786885,8.852459016393E-03,2.79));
#48 = CARTESIAN_POINT('',(1.498032786885,0.240327868852,2.79));
#49 = CARTESIAN_POINT('',(1.554426229508,0.313114754098,2.79));
#50 = CARTESIAN_POINT('',(1.752459016393,0.313114754098,2.79));
#51 = CARTESIAN_POINT('',(1.809508196721,0.240327868852,2.79));
#52 = CARTESIAN_POINT('',(1.809508196721,-0.224590163934,2.79));
#53 = CARTESIAN_POINT('',(1.752459016393,-0.296721311475,2.79));
#54 = CARTESIAN_POINT('',(1.554426229508,-0.296721311475,2.79));
#55 = CARTESIAN_POINT('',(1.498032786885,-0.224590163934,2.79));
#56 = CARTESIAN_POINT('',(1.498032786885,8.852459016393E-03,2.79));
#57 = ORIENTED_EDGE('',*,*,#58,.T.);
#58 = EDGE_CURVE('',#44,#59,#61,.T.);
#59 = VERTEX_POINT('',#60);
#60 = CARTESIAN_POINT('',(1.498032786885,8.852459016393E-03,2.8));
#61 = B_SPLINE_CURVE_WITH_KNOTS('',1,(#62,#63),.UNSPECIFIED.,.F.,.F.,(2,
    2),(0.,1.E-02),.PIECEWISE_BEZIER_KNOTS.);
#62 = CARTESIAN_POINT('',(1.498032786885,8.852459016393E-03,2.79));
#63 = CARTESIAN_POINT('',(1.498032786885,8.852459016393E-03,2.8));
#64 = ORIENTED_EDGE('',*,*,#65,.F.);
#65 = EDGE_CURVE('',#59,#59,#66,.T.);
#66 = B_SPLINE_CURVE_WITH_KNOTS('',3,(#67,#68,#69,#70,#71,#72,#73,#74,
    #75,#76),.UNSPECIFIED.,.T.,.F.,(1,3,2,2,2,3,1),(-0.251057827927,0.,
    0.248942172073,0.497884344147,0.748942172073,1.,1.248942172073),
  .UNSPECIFIED.);
#67 = CARTESIAN_POINT('',(1.498032786885,8.852459016393E-03,2.8));
#68 = CARTESIAN_POINT('',(1.498032786885,0.240327868852,2.8));
#69 = CARTESIAN_POINT('',(1.554426229508,0.313114754098,2.8));
#70 = CARTESIAN_POINT('',(1.752459016393,0.313114754098,2.8));
#71 = CARTESIAN_POINT('',(1.809508196721,0.240327868852,2.8));
#72 = CARTESIAN_POINT('',(1.809508196721,-0.224590163934,2.8));
#73 = CARTESIAN_POINT('',(1.752459016393,-0.296721311475,2.8));
#74 = CARTESIAN_POINT('',(1.554426229508,-0.296721311475,2.8));
#75 = CARTESIAN_POINT('',(1.498032786885,-0.224590163934,2.8));
#76 = CARTESIAN_POINT('',(1.498032786885,8.852459016393E-03,2.8));
#77 = ORIENTED_EDGE('',*,*,#58,.F.);
#78 = SURFACE_OF_LINEAR_EXTRUSION('',#79,#90);
#79 = B_SPLINE_CURVE_WITH_KNOTS('',3,(#80,#81,#82,#83,#84,#85,#86,#87,
    #88,#89),.UNSPECIFIED.,.T.,.F.,(1,3,2,2,2,3,1),(-0.251057827927,0.,
    0.248942172073,0.497884344147,0.748942172073,1.,1.248942172073),
  .UNSPECIFIED.);
#80 = CARTESIAN_POINT('',(1.498032786885,8.852459016393E-03,2.79));
#81 = CARTESIAN_POINT('',(1.498032786885,0.240327868852,2.79));
#82 = CARTESIAN_POINT('',(1.554426229508,0.313114754098,2.79));
#83 = CARTESIAN_POINT('',(1.752459016393,0.313114754098,2.79));
#84 = CARTESIAN_POINT('',(1.809508196721,0.240327868852,2.79));
#85 = CARTESIAN_POINT('',(1.809508196721,-0.224590163934,2.79));
#86 = CARTESIAN_POINT('',(1.752459016393,-0.296721311475,2.79));
#87 = CARTESIAN_POINT('',(1.554426229508,-0.296721311475,2.79));
#88 = CARTESIAN_POINT('',(1.498032786885,-0.224590163934,2.79));
#89 = CARTESIAN_POINT('',(1.498032786885,8.852459016393E-03,2.79));
#90 = VECTOR('',#91,1.);
#91 = DIRECTION('',(0.,0.,1.));
#92 = ADVANCED_FACE('',(#93),#129,.F.);
#93 = FACE_BOUND('',#94,.T.);
#94 = EDGE_LOOP('',(#95,#106,#114,#123));
#95 = ORIENTED_EDGE('',*,*,#96,.T.);
#96 = EDGE_CURVE('',#97,#99,#101,.T.);
#97 = VERTEX_POINT('',#98);
#98 = CARTESIAN_POINT('',(1.892131147541,0.366229508197,2.8));
#99 = VERTEX_POINT('',#100);
#100 = CARTESIAN_POINT('',(1.81606557377,0.366229508197,2.8));
#101 = B_SPLINE_CURVE_WITH_KNOTS('',3,(#102,#103,#104,#105),
  .UNSPECIFIED.,.F.,.F.,(4,4),(0.949608585586,0.969765151352),
  .PIECEWISE_BEZIER_KNOTS.);
#102 = CARTESIAN_POINT('',(1.892131147541,0.366229508197,2.8));
#103 = CARTESIAN_POINT('',(1.866775956284,0.366229508197,2.8));
#104 = CARTESIAN_POINT('',(1.841420765027,0.366229508197,2.8));
#105 = CARTESIAN_POINT('',(1.81606557377,0.366229508197,2.8));
#106 = ORIENTED_EDGE('',*,*,#107,.F.);
#107 = EDGE_CURVE('',#108,#99,#110,.T.);
#108 = VERTEX_POINT('',#109);
#109 = CARTESIAN_POINT('',(1.81606557377,0.366229508197,2.79));
#110 = LINE('',#111,#112);
#111 = CARTESIAN_POINT('',(1.81606557377,0.366229508197,2.79));
#112 = VECTOR('',#113,1.);
#113 = DIRECTION('',(0.,0.,1.));
#114 = ORIENTED_EDGE('',*,*,#115,.F.);
#115 = EDGE_CURVE('',#116,#108,#118,.T.);
#116 = VERTEX_POINT('',#117);
#117 = CARTESIAN_POINT('',(1.892131147541,0.366229508197,2.79));
#118 = B_SPLINE_CURVE_WITH_KNOTS('',3,(#119,#120,#121,#122),
  .UNSPECIFIED.,.F.,.F.,(4,4),(0.949608585586,0.969765151352),
  .PIECEWISE_BEZIER_KNOTS.);
#119 = CARTESIAN_POINT('',(1.892131147541,0.366229508197,2.79));
#120 = CARTESIAN_POINT('',(1.866775956284,0.366229508197,2.79));
#121 = CARTESIAN_POINT('',(1.841420765027,0.366229508197,2.79));
#122 = CARTESIAN_POINT('',(1.81606557377,0.366229508197,2.79));
#123 = ORIENTED_EDGE('',*,*,#124,.T.);
#124 = EDGE_CURVE('',#116,#97,#125,.T.);
#125 = LINE('',#126,#127);
#126 = CARTESIAN_POINT('',(1.892131147541,0.366229508197,2.79));
#127 = VECTOR('',#128,1.);
#128 = DIRECTION('',(0.,0.,1.));
#129 = PLANE('',#130);
#130 = AXIS2_PLACEMENT_3D('',#131,#132,#133);
#131 = CARTESIAN_POINT('',(1.892131147541,0.366229508197,2.79));
#132 = DIRECTION('',(0.,1.,0.));
#133 = DIRECTION('',(0.,-0.,1.));
#134 = ADVANCED_FACE('',(#135),#172,.F.);
#135 = FACE_BOUND('',#136,.F.);
#136 = EDGE_LOOP('',(#137,#147,#159,#160));
#137 = ORIENTED_EDGE('',*,*,#138,.F.);
#138 = EDGE_CURVE('',#139,#141,#143,.T.);
#139 = VERTEX_POINT('',#140);
#140 = CARTESIAN_POINT('',(1.434426229508,-0.439672131148,2.79));
#141 = VERTEX_POINT('',#142);
#142 = CARTESIAN_POINT('',(1.434426229508,-0.439672131148,2.8));
#143 = LINE('',#144,#145);
#144 = CARTESIAN_POINT('',(1.434426229508,-0.439672131148,2.79));
#145 = VECTOR('',#146,1.);
#146 = DIRECTION('',(0.,0.,1.));
#147 = ORIENTED_EDGE('',*,*,#148,.T.);
#148 = EDGE_CURVE('',#139,#116,#149,.T.);
#149 = B_SPLINE_CURVE_WITH_KNOTS('',3,(#150,#151,#152,#153,#154,#155,
    #156,#157,#158),.UNSPECIFIED.,.F.,.F.,(4,2,3,4),(0.56752039684,
    0.661078865889,0.769589601681,0.949608585586),.UNSPECIFIED.);
#150 = CARTESIAN_POINT('',(1.434426229508,-0.439672131148,2.79));
#151 = CARTESIAN_POINT('',(1.435737704918,-0.543278688525,2.79));
#152 = CARTESIAN_POINT('',(1.508524590164,-0.618032786885,2.79));
#153 = CARTESIAN_POINT('',(1.81868852459,-0.618032786885,2.79));
#154 = CARTESIAN_POINT('',(1.892131147541,-0.515737704918,2.79));
#155 = CARTESIAN_POINT('',(1.892131147541,-0.313114754098,2.79));
#156 = CARTESIAN_POINT('',(1.892131147541,-8.666666666667E-02,2.79));
#157 = CARTESIAN_POINT('',(1.892131147541,0.139781420765,2.79));
#158 = CARTESIAN_POINT('',(1.892131147541,0.366229508197,2.79));
#159 = ORIENTED_EDGE('',*,*,#124,.T.);
#160 = ORIENTED_EDGE('',*,*,#161,.F.);
#161 = EDGE_CURVE('',#141,#97,#162,.T.);
#162 = B_SPLINE_CURVE_WITH_KNOTS('',3,(#163,#164,#165,#166,#167,#168,
    #169,#170,#171),.UNSPECIFIED.,.F.,.F.,(4,2,3,4),(0.56752039684,
    0.661078865889,0.769589601681,0.949608585586),.UNSPECIFIED.);
#163 = CARTESIAN_POINT('',(1.434426229508,-0.439672131148,2.8));
#164 = CARTESIAN_POINT('',(1.435737704918,-0.543278688525,2.8));
#165 = CARTESIAN_POINT('',(1.508524590164,-0.618032786885,2.8));
#166 = CARTESIAN_POINT('',(1.81868852459,-0.618032786885,2.8));
#167 = CARTESIAN_POINT('',(1.892131147541,-0.515737704918,2.8));
#168 = CARTESIAN_POINT('',(1.892131147541,-0.313114754098,2.8));
#169 = CARTESIAN_POINT('',(1.892131147541,-8.666666666667E-02,2.8));
#170 = CARTESIAN_POINT('',(1.892131147541,0.139781420765,2.8));
#171 = CARTESIAN_POINT('',(1.892131147541,0.366229508197,2.8));
#172 = SURFACE_OF_LINEAR_EXTRUSION('',#173,#183);
#173 = B_SPLINE_CURVE_WITH_KNOTS('',3,(#174,#175,#176,#177,#178,#179,
    #180,#181,#182),.UNSPECIFIED.,.F.,.F.,(4,2,3,4),(0.56752039684,
    0.661078865889,0.769589601681,0.949608585586),.UNSPECIFIED.);
#174 = CARTESIAN_POINT('',(1.434426229508,-0.439672131148,2.79));
#175 = CARTESIAN_POINT('',(1.435737704918,-0.543278688525,2.79));
#176 = CARTESIAN_POINT('',(1.508524590164,-0.618032786885,2.79));
#177 = CARTESIAN_POINT('',(1.81868852459,-0.618032786885,2.79));
#178 = CARTESIAN_POINT('',(1.892131147541,-0.515737704918,2.79));
#179 = CARTESIAN_POINT('',(1.892131147541,-0.313114754098,2.79));
#180 = CARTESIAN_POINT('',(1.892131147541,-8.666666666667E-02,2.79));
#181 = CARTESIAN_POINT('',(1.892131147541,0.139781420765,2.79));
#182 = CARTESIAN_POINT('',(1.892131147541,0.366229508197,2.79));
#183 = VECTOR('',#184,1.);
#184 = DIRECTION('',(0.,0.,1.));
#185 = ADVANCED_FACE('',(#186),#232,.F.);
#186 = FACE_BOUND('',#187,.F.);
#187 = EDGE_LOOP('',(#188,#198,#212,#220));
#188 = ORIENTED_EDGE('',*,*,#189,.F.);
#189 = EDGE_CURVE('',#190,#192,#194,.T.);
#190 = VERTEX_POINT('',#191);
#191 = CARTESIAN_POINT('',(1.809508196721,-0.234426229508,2.79));
#192 = VERTEX_POINT('',#193);
#193 = CARTESIAN_POINT('',(1.809508196721,-0.234426229508,2.8));
#194 = LINE('',#195,#196);
#195 = CARTESIAN_POINT('',(1.809508196721,-0.234426229508,2.79));
#196 = VECTOR('',#197,1.);
#197 = DIRECTION('',(0.,0.,1.));
#198 = ORIENTED_EDGE('',*,*,#199,.T.);
#199 = EDGE_CURVE('',#190,#200,#202,.T.);
#200 = VERTEX_POINT('',#201);
#201 = CARTESIAN_POINT('',(1.517049180328,-0.439672131148,2.79));
#202 = B_SPLINE_CURVE_WITH_KNOTS('',3,(#203,#204,#205,#206,#207,#208,
    #209,#210,#211),.UNSPECIFIED.,.F.,.F.,(4,3,2,4),(0.38708352353,
    0.417839662672,0.492100516057,0.545626196095),.UNSPECIFIED.);
#203 = CARTESIAN_POINT('',(1.809508196721,-0.234426229508,2.79));
#204 = CARTESIAN_POINT('',(1.809508196721,-0.273114754098,2.79));
#205 = CARTESIAN_POINT('',(1.809508196721,-0.311803278689,2.79));
#206 = CARTESIAN_POINT('',(1.809508196721,-0.350491803279,2.79));
#207 = CARTESIAN_POINT('',(1.809508196721,-0.480327868852,2.79));
#208 = CARTESIAN_POINT('',(1.755737704918,-0.548524590164,2.79));
#209 = CARTESIAN_POINT('',(1.581967213115,-0.548524590164,2.79));
#210 = CARTESIAN_POINT('',(1.517049180328,-0.509180327869,2.79));
#211 = CARTESIAN_POINT('',(1.517049180328,-0.439672131148,2.79));
#212 = ORIENTED_EDGE('',*,*,#213,.T.);
#213 = EDGE_CURVE('',#200,#214,#216,.T.);
#214 = VERTEX_POINT('',#215);
#215 = CARTESIAN_POINT('',(1.517049180328,-0.439672131148,2.8));
#216 = LINE('',#217,#218);
#217 = CARTESIAN_POINT('',(1.517049180328,-0.439672131148,2.79));
#218 = VECTOR('',#219,1.);
#219 = DIRECTION('',(0.,0.,1.));
#220 = ORIENTED_EDGE('',*,*,#221,.F.);
#221 = EDGE_CURVE('',#192,#214,#222,.T.);
#222 = B_SPLINE_CURVE_WITH_KNOTS('',3,(#223,#224,#225,#226,#227,#228,
    #229,#230,#231),.UNSPECIFIED.,.F.,.F.,(4,3,2,4),(0.38708352353,
    0.417839662672,0.492100516057,0.545626196095),.UNSPECIFIED.);
#223 = CARTESIAN_POINT('',(1.809508196721,-0.234426229508,2.8));
#224 = CARTESIAN_POINT('',(1.809508196721,-0.273114754098,2.8));
#225 = CARTESIAN_POINT('',(1.809508196721,-0.311803278689,2.8));
#226 = CARTESIAN_POINT('',(1.809508196721,-0.350491803279,2.8));
#227 = CARTESIAN_POINT('',(1.809508196721,-0.480327868852,2.8));
#228 = CARTESIAN_POINT('',(1.755737704918,-0.548524590164,2.8));
#229 = CARTESIAN_POINT('',(1.581967213115,-0.548524590164,2.8));
#230 = CARTESIAN_POINT('',(1.517049180328,-0.509180327869,2.8));
#231 = CARTESIAN_POINT('',(1.517049180328,-0.439672131148,2.8));
#232 = SURFACE_OF_LINEAR_EXTRUSION('',#233,#243);
#233 = B_SPLINE_CURVE_WITH_KNOTS('',3,(#234,#235,#236,#237,#238,#239,
    #240,#241,#242),.UNSPECIFIED.,.F.,.F.,(4,3,2,4),(0.38708352353,
    0.417839662672,0.492100516057,0.545626196095),.UNSPECIFIED.);
#234 = CARTESIAN_POINT('',(1.809508196721,-0.234426229508,2.79));
#235 = CARTESIAN_POINT('',(1.809508196721,-0.273114754098,2.79));
#236 = CARTESIAN_POINT('',(1.809508196721,-0.311803278689,2.79));
#237 = CARTESIAN_POINT('',(1.809508196721,-0.350491803279,2.79));
#238 = CARTESIAN_POINT('',(1.809508196721,-0.480327868852,2.79));
#239 = CARTESIAN_POINT('',(1.755737704918,-0.548524590164,2.79));
#240 = CARTESIAN_POINT('',(1.581967213115,-0.548524590164,2.79));
#241 = CARTESIAN_POINT('',(1.517049180328,-0.509180327869,2.79));
#242 = CARTESIAN_POINT('',(1.517049180328,-0.439672131148,2.79));
#243 = VECTOR('',#244,1.);
#244 = DIRECTION('',(0.,0.,1.));
#245 = ADVANCED_FACE('',(#246),#273,.F.);
#246 = FACE_BOUND('',#247,.T.);
#247 = EDGE_LOOP('',(#248,#257,#258,#267));
#248 = ORIENTED_EDGE('',*,*,#249,.T.);
#249 = EDGE_CURVE('',#250,#192,#252,.T.);
#250 = VERTEX_POINT('',#251);
#251 = CARTESIAN_POINT('',(1.804918032787,-0.234426229508,2.8));
#252 = B_SPLINE_CURVE_WITH_KNOTS('',3,(#253,#254,#255,#256),
  .UNSPECIFIED.,.F.,.F.,(4,4),(0.385867179044,0.38708352353),
  .PIECEWISE_BEZIER_KNOTS.);
#253 = CARTESIAN_POINT('',(1.804918032787,-0.234426229508,2.8));
#254 = CARTESIAN_POINT('',(1.806448087432,-0.234426229508,2.8));
#255 = CARTESIAN_POINT('',(1.807978142077,-0.234426229508,2.8));
#256 = CARTESIAN_POINT('',(1.809508196721,-0.234426229508,2.8));
#257 = ORIENTED_EDGE('',*,*,#189,.F.);
#258 = ORIENTED_EDGE('',*,*,#259,.F.);
#259 = EDGE_CURVE('',#260,#190,#262,.T.);
#260 = VERTEX_POINT('',#261);
#261 = CARTESIAN_POINT('',(1.804918032787,-0.234426229508,2.79));
#262 = B_SPLINE_CURVE_WITH_KNOTS('',3,(#263,#264,#265,#266),
  .UNSPECIFIED.,.F.,.F.,(4,4),(0.385867179044,0.38708352353),
  .PIECEWISE_BEZIER_KNOTS.);
#263 = CARTESIAN_POINT('',(1.804918032787,-0.234426229508,2.79));
#264 = CARTESIAN_POINT('',(1.806448087432,-0.234426229508,2.79));
#265 = CARTESIAN_POINT('',(1.807978142077,-0.234426229508,2.79));
#266 = CARTESIAN_POINT('',(1.809508196721,-0.234426229508,2.79));
#267 = ORIENTED_EDGE('',*,*,#268,.T.);
#268 = EDGE_CURVE('',#260,#250,#269,.T.);
#269 = LINE('',#270,#271);
#270 = CARTESIAN_POINT('',(1.804918032787,-0.234426229508,2.79));
#271 = VECTOR('',#272,1.);
#272 = DIRECTION('',(0.,0.,1.));
#273 = PLANE('',#274);
#274 = AXIS2_PLACEMENT_3D('',#275,#276,#277);
#275 = CARTESIAN_POINT('',(1.804918032787,-0.234426229508,2.79));
#276 = DIRECTION('',(0.,-1.,0.));
#277 = DIRECTION('',(0.,0.,-1.));
#278 = ADVANCED_FACE('',(#279),#318,.F.);
#279 = FACE_BOUND('',#280,.F.);
#280 = EDGE_LOOP('',(#281,#291,#304,#305));
#281 = ORIENTED_EDGE('',*,*,#282,.F.);
#282 = EDGE_CURVE('',#283,#285,#287,.T.);
#283 = VERTEX_POINT('',#284);
#284 = CARTESIAN_POINT('',(1.813442622951,0.252131147541,2.79));
#285 = VERTEX_POINT('',#286);
#286 = CARTESIAN_POINT('',(1.813442622951,0.252131147541,2.8));
#287 = LINE('',#288,#289);
#288 = CARTESIAN_POINT('',(1.813442622951,0.252131147541,2.79));
#289 = VECTOR('',#290,1.);
#290 = DIRECTION('',(0.,0.,1.));
#291 = ORIENTED_EDGE('',*,*,#292,.T.);
#292 = EDGE_CURVE('',#283,#260,#293,.T.);
#293 = B_SPLINE_CURVE_WITH_KNOTS('',3,(#294,#295,#296,#297,#298,#299,
    #300,#301,#302,#303),.UNSPECIFIED.,.F.,.F.,(4,2,2,2,4),(
    6.950539919118E-04,5.744477453301E-02,0.169113579469,0.298718824575,
    0.385867179044),.UNSPECIFIED.);
#294 = CARTESIAN_POINT('',(1.813442622951,0.252131147541,2.79));
#295 = CARTESIAN_POINT('',(1.787213114754,0.334754098361,2.79));
#296 = CARTESIAN_POINT('',(1.724262295082,0.381967213115,2.79));
#297 = CARTESIAN_POINT('',(1.482950819672,0.381967213115,2.79));
#298 = CARTESIAN_POINT('',(1.409508196721,0.254098360656,2.79));
#299 = CARTESIAN_POINT('',(1.409508196721,-0.292786885246,2.79));
#300 = CARTESIAN_POINT('',(1.520983606557,-0.365573770492,2.79));
#301 = CARTESIAN_POINT('',(1.711803278689,-0.365573770492,2.79));
#302 = CARTESIAN_POINT('',(1.779344262295,-0.324262295082,2.79));
#303 = CARTESIAN_POINT('',(1.804918032787,-0.234426229508,2.79));
#304 = ORIENTED_EDGE('',*,*,#268,.T.);
#305 = ORIENTED_EDGE('',*,*,#306,.F.);
#306 = EDGE_CURVE('',#285,#250,#307,.T.);
#307 = B_SPLINE_CURVE_WITH_KNOTS('',3,(#308,#309,#310,#311,#312,#313,
    #314,#315,#316,#317),.UNSPECIFIED.,.F.,.F.,(4,2,2,2,4),(
    6.950539919118E-04,5.744477453301E-02,0.169113579469,0.298718824575,
    0.385867179044),.UNSPECIFIED.);
#308 = CARTESIAN_POINT('',(1.813442622951,0.252131147541,2.8));
#309 = CARTESIAN_POINT('',(1.787213114754,0.334754098361,2.8));
#310 = CARTESIAN_POINT('',(1.724262295082,0.381967213115,2.8));
#311 = CARTESIAN_POINT('',(1.482950819672,0.381967213115,2.8));
#312 = CARTESIAN_POINT('',(1.409508196721,0.254098360656,2.8));
#313 = CARTESIAN_POINT('',(1.409508196721,-0.292786885246,2.8));
#314 = CARTESIAN_POINT('',(1.520983606557,-0.365573770492,2.8));
#315 = CARTESIAN_POINT('',(1.711803278689,-0.365573770492,2.8));
#316 = CARTESIAN_POINT('',(1.779344262295,-0.324262295082,2.8));
#317 = CARTESIAN_POINT('',(1.804918032787,-0.234426229508,2.8));
#318 = SURFACE_OF_LINEAR_EXTRUSION('',#319,#330);
#319 = B_SPLINE_CURVE_WITH_KNOTS('',3,(#320,#321,#322,#323,#324,#325,
    #326,#327,#328,#329),.UNSPECIFIED.,.F.,.F.,(4,2,2,2,4),(
    6.950539919118E-04,5.744477453301E-02,0.169113579469,0.298718824575,
    0.385867179044),.UNSPECIFIED.);
#320 = CARTESIAN_POINT('',(1.813442622951,0.252131147541,2.79));
#321 = CARTESIAN_POINT('',(1.787213114754,0.334754098361,2.79));
#322 = CARTESIAN_POINT('',(1.724262295082,0.381967213115,2.79));
#323 = CARTESIAN_POINT('',(1.482950819672,0.381967213115,2.79));
#324 = CARTESIAN_POINT('',(1.409508196721,0.254098360656,2.79));
#325 = CARTESIAN_POINT('',(1.409508196721,-0.292786885246,2.79));
#326 = CARTESIAN_POINT('',(1.520983606557,-0.365573770492,2.79));
#327 = CARTESIAN_POINT('',(1.711803278689,-0.365573770492,2.79));
#328 = CARTESIAN_POINT('',(1.779344262295,-0.324262295082,2.79));
#329 = CARTESIAN_POINT('',(1.804918032787,-0.234426229508,2.79));
#330 = VECTOR('',#331,1.);
#331 = DIRECTION('',(0.,0.,1.));
#332 = ADVANCED_FACE('',(#333),#385,.F.);
#333 = FACE_BOUND('',#334,.F.);
#334 = EDGE_LOOP('',(#335,#345,#362,#370));
#335 = ORIENTED_EDGE('',*,*,#336,.F.);
#336 = EDGE_CURVE('',#337,#339,#341,.T.);
#337 = VERTEX_POINT('',#338);
#338 = CARTESIAN_POINT('',(0.911803278689,-0.365573770492,2.79));
#339 = VERTEX_POINT('',#340);
#340 = CARTESIAN_POINT('',(0.911803278689,-0.365573770492,2.8));
#341 = LINE('',#342,#343);
#342 = CARTESIAN_POINT('',(0.911803278689,-0.365573770492,2.79));
#343 = VECTOR('',#344,1.);
#344 = DIRECTION('',(0.,0.,1.));
#345 = ORIENTED_EDGE('',*,*,#346,.T.);
#346 = EDGE_CURVE('',#337,#347,#349,.T.);
#347 = VERTEX_POINT('',#348);
#348 = CARTESIAN_POINT('',(1.198360655738,-0.365573770492,2.79));
#349 = B_SPLINE_CURVE_WITH_KNOTS('',3,(#350,#351,#352,#353,#354,#355,
    #356,#357,#358,#359,#360,#361),.UNSPECIFIED.,.F.,.F.,(4,3,2,3,4),(
    2.236503389453E-02,0.155312735379,0.228504615467,0.291380861449,
    0.434446078267),.UNSPECIFIED.);
#350 = CARTESIAN_POINT('',(0.911803278689,-0.365573770492,2.79));
#351 = CARTESIAN_POINT('',(0.911803278689,-0.201857923497,2.79));
#352 = CARTESIAN_POINT('',(0.911803278689,-3.814207650273E-02,2.79));
#353 = CARTESIAN_POINT('',(0.911803278689,0.125573770492,2.79));
#354 = CARTESIAN_POINT('',(0.911803278689,0.239672131148,2.79));
#355 = CARTESIAN_POINT('',(0.975409836066,0.313114754098,2.79));
#356 = CARTESIAN_POINT('',(1.157049180328,0.313114754098,2.79));
#357 = CARTESIAN_POINT('',(1.198360655738,0.263278688525,2.79));
#358 = CARTESIAN_POINT('',(1.198360655738,0.162950819672,2.79));
#359 = CARTESIAN_POINT('',(1.198360655738,-1.322404371585E-02,2.79));
#360 = CARTESIAN_POINT('',(1.198360655738,-0.189398907104,2.79));
#361 = CARTESIAN_POINT('',(1.198360655738,-0.365573770492,2.79));
#362 = ORIENTED_EDGE('',*,*,#363,.T.);
#363 = EDGE_CURVE('',#347,#364,#366,.T.);
#364 = VERTEX_POINT('',#365);
#365 = CARTESIAN_POINT('',(1.198360655738,-0.365573770492,2.8));
#366 = LINE('',#367,#368);
#367 = CARTESIAN_POINT('',(1.198360655738,-0.365573770492,2.79));
#368 = VECTOR('',#369,1.);
#369 = DIRECTION('',(0.,0.,1.));
#370 = ORIENTED_EDGE('',*,*,#371,.F.);
#371 = EDGE_CURVE('',#339,#364,#372,.T.);
#372 = B_SPLINE_CURVE_WITH_KNOTS('',3,(#373,#374,#375,#376,#377,#378,
    #379,#380,#381,#382,#383,#384),.UNSPECIFIED.,.F.,.F.,(4,3,2,3,4),(
    2.236503389453E-02,0.155312735379,0.228504615467,0.291380861449,
    0.434446078267),.UNSPECIFIED.);
#373 = CARTESIAN_POINT('',(0.911803278689,-0.365573770492,2.8));
#374 = CARTESIAN_POINT('',(0.911803278689,-0.201857923497,2.8));
#375 = CARTESIAN_POINT('',(0.911803278689,-3.814207650273E-02,2.8));
#376 = CARTESIAN_POINT('',(0.911803278689,0.125573770492,2.8));
#377 = CARTESIAN_POINT('',(0.911803278689,0.239672131148,2.8));
#378 = CARTESIAN_POINT('',(0.975409836066,0.313114754098,2.8));
#379 = CARTESIAN_POINT('',(1.157049180328,0.313114754098,2.8));
#380 = CARTESIAN_POINT('',(1.198360655738,0.263278688525,2.8));
#381 = CARTESIAN_POINT('',(1.198360655738,0.162950819672,2.8));
#382 = CARTESIAN_POINT('',(1.198360655738,-1.322404371585E-02,2.8));
#383 = CARTESIAN_POINT('',(1.198360655738,-0.189398907104,2.8));
#384 = CARTESIAN_POINT('',(1.198360655738,-0.365573770492,2.8));
#385 = SURFACE_OF_LINEAR_EXTRUSION('',#386,#399);
#386 = B_SPLINE_CURVE_WITH_KNOTS('',3,(#387,#388,#389,#390,#391,#392,
    #393,#394,#395,#396,#397,#398),.UNSPECIFIED.,.F.,.F.,(4,3,2,3,4),(
    2.236503389453E-02,0.155312735379,0.228504615467,0.291380861449,
    0.434446078267),.UNSPECIFIED.);
#387 = CARTESIAN_POINT('',(0.911803278689,-0.365573770492,2.79));
#388 = CARTESIAN_POINT('',(0.911803278689,-0.201857923497,2.79));
#389 = CARTESIAN_POINT('',(0.911803278689,-3.814207650273E-02,2.79));
#390 = CARTESIAN_POINT('',(0.911803278689,0.125573770492,2.79));
#391 = CARTESIAN_POINT('',(0.911803278689,0.239672131148,2.79));
#392 = CARTESIAN_POINT('',(0.975409836066,0.313114754098,2.79));
#393 = CARTESIAN_POINT('',(1.157049180328,0.313114754098,2.79));
#394 = CARTESIAN_POINT('',(1.198360655738,0.263278688525,2.79));
#395 = CARTESIAN_POINT('',(1.198360655738,0.162950819672,2.79));
#396 = CARTESIAN_POINT('',(1.198360655738,-1.322404371585E-02,2.79));
#397 = CARTESIAN_POINT('',(1.198360655738,-0.189398907104,2.79));
#398 = CARTESIAN_POINT('',(1.198360655738,-0.365573770492,2.79));
#399 = VECTOR('',#400,1.);
#400 = DIRECTION('',(0.,0.,1.));
#401 = ADVANCED_FACE('',(#402),#429,.F.);
#402 = FACE_BOUND('',#403,.T.);
#403 = EDGE_LOOP('',(#404,#413,#414,#423));
#404 = ORIENTED_EDGE('',*,*,#405,.T.);
#405 = EDGE_CURVE('',#406,#339,#408,.T.);
#406 = VERTEX_POINT('',#407);
#407 = CARTESIAN_POINT('',(0.829180327869,-0.365573770492,2.8));
#408 = B_SPLINE_CURVE_WITH_KNOTS('',3,(#409,#410,#411,#412),
  .UNSPECIFIED.,.F.,.F.,(4,4),(0.,2.236503389453E-02),
  .PIECEWISE_BEZIER_KNOTS.);
#409 = CARTESIAN_POINT('',(0.829180327869,-0.365573770492,2.8));
#410 = CARTESIAN_POINT('',(0.856721311475,-0.365573770492,2.8));
#411 = CARTESIAN_POINT('',(0.884262295082,-0.365573770492,2.8));
#412 = CARTESIAN_POINT('',(0.911803278689,-0.365573770492,2.8));
#413 = ORIENTED_EDGE('',*,*,#336,.F.);
#414 = ORIENTED_EDGE('',*,*,#415,.F.);
#415 = EDGE_CURVE('',#416,#337,#418,.T.);
#416 = VERTEX_POINT('',#417);
#417 = CARTESIAN_POINT('',(0.829180327869,-0.365573770492,2.79));
#418 = B_SPLINE_CURVE_WITH_KNOTS('',3,(#419,#420,#421,#422),
  .UNSPECIFIED.,.F.,.F.,(4,4),(0.,2.236503389453E-02),
  .PIECEWISE_BEZIER_KNOTS.);
#419 = CARTESIAN_POINT('',(0.829180327869,-0.365573770492,2.79));
#420 = CARTESIAN_POINT('',(0.856721311475,-0.365573770492,2.79));
#421 = CARTESIAN_POINT('',(0.884262295082,-0.365573770492,2.79));
#422 = CARTESIAN_POINT('',(0.911803278689,-0.365573770492,2.79));
#423 = ORIENTED_EDGE('',*,*,#424,.T.);
#424 = EDGE_CURVE('',#416,#406,#425,.T.);
#425 = LINE('',#426,#427);
#426 = CARTESIAN_POINT('',(0.829180327869,-0.365573770492,2.79));
#427 = VECTOR('',#428,1.);
#428 = DIRECTION('',(0.,0.,1.));
#429 = PLANE('',#430);
#430 = AXIS2_PLACEMENT_3D('',#431,#432,#433);
#431 = CARTESIAN_POINT('',(0.829180327869,-0.365573770492,2.79));
#432 = DIRECTION('',(0.,-1.,0.));
#433 = DIRECTION('',(0.,0.,-1.));
#434 = ADVANCED_FACE('',(#435),#462,.F.);
#435 = FACE_BOUND('',#436,.T.);
#436 = EDGE_LOOP('',(#437,#446,#447,#456));
#437 = ORIENTED_EDGE('',*,*,#438,.T.);
#438 = EDGE_CURVE('',#439,#406,#441,.T.);
#439 = VERTEX_POINT('',#440);
#440 = CARTESIAN_POINT('',(0.829180327869,0.366229508197,2.8));
#441 = B_SPLINE_CURVE_WITH_KNOTS('',3,(#442,#443,#444,#445),
  .UNSPECIFIED.,.F.,.F.,(4,4),(0.801909699791,1.),
  .PIECEWISE_BEZIER_KNOTS.);
#442 = CARTESIAN_POINT('',(0.829180327869,0.366229508197,2.8));
#443 = CARTESIAN_POINT('',(0.829180327869,0.122295081967,2.8));
#444 = CARTESIAN_POINT('',(0.829180327869,-0.121639344262,2.8));
#445 = CARTESIAN_POINT('',(0.829180327869,-0.365573770492,2.8));
#446 = ORIENTED_EDGE('',*,*,#424,.F.);
#447 = ORIENTED_EDGE('',*,*,#448,.F.);
#448 = EDGE_CURVE('',#449,#416,#451,.T.);
#449 = VERTEX_POINT('',#450);
#450 = CARTESIAN_POINT('',(0.829180327869,0.366229508197,2.79));
#451 = B_SPLINE_CURVE_WITH_KNOTS('',3,(#452,#453,#454,#455),
  .UNSPECIFIED.,.F.,.F.,(4,4),(0.801909699791,1.),
  .PIECEWISE_BEZIER_KNOTS.);
#452 = CARTESIAN_POINT('',(0.829180327869,0.366229508197,2.79));
#453 = CARTESIAN_POINT('',(0.829180327869,0.122295081967,2.79));
#454 = CARTESIAN_POINT('',(0.829180327869,-0.121639344262,2.79));
#455 = CARTESIAN_POINT('',(0.829180327869,-0.365573770492,2.79));
#456 = ORIENTED_EDGE('',*,*,#457,.T.);
#457 = EDGE_CURVE('',#449,#439,#458,.T.);
#458 = LINE('',#459,#460);
#459 = CARTESIAN_POINT('',(0.829180327869,0.366229508197,2.79));
#460 = VECTOR('',#461,1.);
#461 = DIRECTION('',(0.,0.,1.));
#462 = PLANE('',#463);
#463 = AXIS2_PLACEMENT_3D('',#464,#465,#466);
#464 = CARTESIAN_POINT('',(0.829180327869,0.366229508197,2.79));
#465 = DIRECTION('',(-1.,0.,0.));
#466 = DIRECTION('',(0.,0.,1.));
#467 = ADVANCED_FACE('',(#468),#498,.F.);
#468 = FACE_BOUND('',#469,.T.);
#469 = EDGE_LOOP('',(#470,#479,#486,#493));
#470 = ORIENTED_EDGE('',*,*,#471,.T.);
#471 = EDGE_CURVE('',#472,#474,#476,.T.);
#472 = VERTEX_POINT('',#473);
#473 = CARTESIAN_POINT('',(0.58,0.366229508197,2.79));
#474 = VERTEX_POINT('',#475);
#475 = CARTESIAN_POINT('',(0.58,-0.365573770492,2.79));
#476 = B_SPLINE_CURVE_WITH_KNOTS('',1,(#477,#478),.UNSPECIFIED.,.F.,.F.,
  (2,2),(0.55108608206,1.),.PIECEWISE_BEZIER_KNOTS.);
#477 = CARTESIAN_POINT('',(0.58,0.366229508197,2.79));
#478 = CARTESIAN_POINT('',(0.58,-0.365573770492,2.79));
#479 = ORIENTED_EDGE('',*,*,#480,.T.);
#480 = EDGE_CURVE('',#474,#481,#483,.T.);
#481 = VERTEX_POINT('',#482);
#482 = CARTESIAN_POINT('',(0.663278688525,-0.365573770492,2.79));
#483 = B_SPLINE_CURVE_WITH_KNOTS('',1,(#484,#485),.UNSPECIFIED.,.F.,.F.,
  (2,2),(0.,5.108608205953E-02),.PIECEWISE_BEZIER_KNOTS.);
#484 = CARTESIAN_POINT('',(0.58,-0.365573770492,2.79));
#485 = CARTESIAN_POINT('',(0.663278688525,-0.365573770492,2.79));
#486 = ORIENTED_EDGE('',*,*,#487,.T.);
#487 = EDGE_CURVE('',#481,#488,#490,.T.);
#488 = VERTEX_POINT('',#489);
#489 = CARTESIAN_POINT('',(0.663278688525,0.366229508197,2.79));
#490 = B_SPLINE_CURVE_WITH_KNOTS('',1,(#491,#492),.UNSPECIFIED.,.F.,.F.,
  (2,2),(5.108608205953E-02,0.5),.PIECEWISE_BEZIER_KNOTS.);
#491 = CARTESIAN_POINT('',(0.663278688525,-0.365573770492,2.79));
#492 = CARTESIAN_POINT('',(0.663278688525,0.366229508197,2.79));
#493 = ORIENTED_EDGE('',*,*,#494,.T.);
#494 = EDGE_CURVE('',#488,#472,#495,.T.);
#495 = B_SPLINE_CURVE_WITH_KNOTS('',1,(#496,#497),.UNSPECIFIED.,.F.,.F.,
  (2,2),(0.5,0.55108608206),.PIECEWISE_BEZIER_KNOTS.);
#496 = CARTESIAN_POINT('',(0.663278688525,0.366229508197,2.79));
#497 = CARTESIAN_POINT('',(0.58,0.366229508197,2.79));
#498 = PLANE('',#499);
#499 = AXIS2_PLACEMENT_3D('',#500,#501,#502);
#500 = CARTESIAN_POINT('',(0.58,3.27868852459E-04,2.79));
#501 = DIRECTION('',(0.,0.,-1.));
#502 = DIRECTION('',(-1.,0.,0.));
#503 = ADVANCED_FACE('',(#504),#528,.F.);
#504 = FACE_BOUND('',#505,.T.);
#505 = EDGE_LOOP('',(#506,#515,#521,#522));
#506 = ORIENTED_EDGE('',*,*,#507,.T.);
#507 = EDGE_CURVE('',#508,#510,#512,.T.);
#508 = VERTEX_POINT('',#509);
#509 = CARTESIAN_POINT('',(0.663278688525,0.366229508197,2.8));
#510 = VERTEX_POINT('',#511);
#511 = CARTESIAN_POINT('',(0.58,0.366229508197,2.8));
#512 = B_SPLINE_CURVE_WITH_KNOTS('',1,(#513,#514),.UNSPECIFIED.,.F.,.F.,
  (2,2),(0.5,0.55108608206),.PIECEWISE_BEZIER_KNOTS.);
#513 = CARTESIAN_POINT('',(0.663278688525,0.366229508197,2.8));
#514 = CARTESIAN_POINT('',(0.58,0.366229508197,2.8));
#515 = ORIENTED_EDGE('',*,*,#516,.F.);
#516 = EDGE_CURVE('',#472,#510,#517,.T.);
#517 = LINE('',#518,#519);
#518 = CARTESIAN_POINT('',(0.58,0.366229508197,2.79));
#519 = VECTOR('',#520,1.);
#520 = DIRECTION('',(0.,0.,1.));
#521 = ORIENTED_EDGE('',*,*,#494,.F.);
#522 = ORIENTED_EDGE('',*,*,#523,.T.);
#523 = EDGE_CURVE('',#488,#508,#524,.T.);
#524 = LINE('',#525,#526);
#525 = CARTESIAN_POINT('',(0.663278688525,0.366229508197,2.79));
#526 = VECTOR('',#527,1.);
#527 = DIRECTION('',(0.,0.,1.));
#528 = PLANE('',#529);
#529 = AXIS2_PLACEMENT_3D('',#530,#531,#532);
#530 = CARTESIAN_POINT('',(0.663278688525,0.366229508197,2.79));
#531 = DIRECTION('',(0.,1.,0.));
#532 = DIRECTION('',(0.,-0.,1.));
#533 = ADVANCED_FACE('',(#534),#551,.F.);
#534 = FACE_BOUND('',#535,.T.);
#535 = EDGE_LOOP('',(#536,#543,#544,#545));
#536 = ORIENTED_EDGE('',*,*,#537,.T.);
#537 = EDGE_CURVE('',#538,#508,#540,.T.);
#538 = VERTEX_POINT('',#539);
#539 = CARTESIAN_POINT('',(0.663278688525,-0.365573770492,2.8));
#540 = B_SPLINE_CURVE_WITH_KNOTS('',1,(#541,#542),.UNSPECIFIED.,.F.,.F.,
  (2,2),(5.108608205953E-02,0.5),.PIECEWISE_BEZIER_KNOTS.);
#541 = CARTESIAN_POINT('',(0.663278688525,-0.365573770492,2.8));
#542 = CARTESIAN_POINT('',(0.663278688525,0.366229508197,2.8));
#543 = ORIENTED_EDGE('',*,*,#523,.F.);
#544 = ORIENTED_EDGE('',*,*,#487,.F.);
#545 = ORIENTED_EDGE('',*,*,#546,.T.);
#546 = EDGE_CURVE('',#481,#538,#547,.T.);
#547 = LINE('',#548,#549);
#548 = CARTESIAN_POINT('',(0.663278688525,-0.365573770492,2.79));
#549 = VECTOR('',#550,1.);
#550 = DIRECTION('',(0.,0.,1.));
#551 = PLANE('',#552);
#552 = AXIS2_PLACEMENT_3D('',#553,#554,#555);
#553 = CARTESIAN_POINT('',(0.663278688525,-0.365573770492,2.79));
#554 = DIRECTION('',(1.,0.,0.));
#555 = DIRECTION('',(0.,0.,-1.));
#556 = ADVANCED_FACE('',(#557),#574,.F.);
#557 = FACE_BOUND('',#558,.T.);
#558 = EDGE_LOOP('',(#559,#566,#567,#568));
#559 = ORIENTED_EDGE('',*,*,#560,.T.);
#560 = EDGE_CURVE('',#561,#538,#563,.T.);
#561 = VERTEX_POINT('',#562);
#562 = CARTESIAN_POINT('',(0.58,-0.365573770492,2.8));
#563 = B_SPLINE_CURVE_WITH_KNOTS('',1,(#564,#565),.UNSPECIFIED.,.F.,.F.,
  (2,2),(0.,5.108608205953E-02),.PIECEWISE_BEZIER_KNOTS.);
#564 = CARTESIAN_POINT('',(0.58,-0.365573770492,2.8));
#565 = CARTESIAN_POINT('',(0.663278688525,-0.365573770492,2.8));
#566 = ORIENTED_EDGE('',*,*,#546,.F.);
#567 = ORIENTED_EDGE('',*,*,#480,.F.);
#568 = ORIENTED_EDGE('',*,*,#569,.T.);
#569 = EDGE_CURVE('',#474,#561,#570,.T.);
#570 = LINE('',#571,#572);
#571 = CARTESIAN_POINT('',(0.58,-0.365573770492,2.79));
#572 = VECTOR('',#573,1.);
#573 = DIRECTION('',(0.,0.,1.));
#574 = PLANE('',#575);
#575 = AXIS2_PLACEMENT_3D('',#576,#577,#578);
#576 = CARTESIAN_POINT('',(0.58,-0.365573770492,2.79));
#577 = DIRECTION('',(0.,-1.,0.));
#578 = DIRECTION('',(0.,0.,-1.));
#579 = ADVANCED_FACE('',(#580),#590,.F.);
#580 = FACE_BOUND('',#581,.T.);
#581 = EDGE_LOOP('',(#582,#587,#588,#589));
#582 = ORIENTED_EDGE('',*,*,#583,.T.);
#583 = EDGE_CURVE('',#510,#561,#584,.T.);
#584 = B_SPLINE_CURVE_WITH_KNOTS('',1,(#585,#586),.UNSPECIFIED.,.F.,.F.,
  (2,2),(0.55108608206,1.),.PIECEWISE_BEZIER_KNOTS.);
#585 = CARTESIAN_POINT('',(0.58,0.366229508197,2.8));
#586 = CARTESIAN_POINT('',(0.58,-0.365573770492,2.8));
#587 = ORIENTED_EDGE('',*,*,#569,.F.);
#588 = ORIENTED_EDGE('',*,*,#471,.F.);
#589 = ORIENTED_EDGE('',*,*,#516,.T.);
#590 = PLANE('',#591);
#591 = AXIS2_PLACEMENT_3D('',#592,#593,#594);
#592 = CARTESIAN_POINT('',(0.58,0.366229508197,2.79));
#593 = DIRECTION('',(-1.,0.,0.));
#594 = DIRECTION('',(0.,0.,1.));
#595 = ADVANCED_FACE('',(#596),#626,.F.);
#596 = FACE_BOUND('',#597,.T.);
#597 = EDGE_LOOP('',(#598,#607,#614,#621));
#598 = ORIENTED_EDGE('',*,*,#599,.T.);
#599 = EDGE_CURVE('',#600,#602,#604,.T.);
#600 = VERTEX_POINT('',#601);
#601 = CARTESIAN_POINT('',(0.58,0.618032786885,2.79));
#602 = VERTEX_POINT('',#603);
#603 = CARTESIAN_POINT('',(0.58,0.477704918033,2.79));
#604 = B_SPLINE_CURVE_WITH_KNOTS('',1,(#605,#606),.UNSPECIFIED.,.F.,.F.,
  (2,2),(0.686217008798,1.),.PIECEWISE_BEZIER_KNOTS.);
#605 = CARTESIAN_POINT('',(0.58,0.618032786885,2.79));
#606 = CARTESIAN_POINT('',(0.58,0.477704918033,2.79));
#607 = ORIENTED_EDGE('',*,*,#608,.T.);
#608 = EDGE_CURVE('',#602,#609,#611,.T.);
#609 = VERTEX_POINT('',#610);
#610 = CARTESIAN_POINT('',(0.663278688525,0.477704918033,2.79));
#611 = B_SPLINE_CURVE_WITH_KNOTS('',1,(#612,#613),.UNSPECIFIED.,.F.,.F.,
  (2,2),(0.,0.186217008798),.PIECEWISE_BEZIER_KNOTS.);
#612 = CARTESIAN_POINT('',(0.58,0.477704918033,2.79));
#613 = CARTESIAN_POINT('',(0.663278688525,0.477704918033,2.79));
#614 = ORIENTED_EDGE('',*,*,#615,.T.);
#615 = EDGE_CURVE('',#609,#616,#618,.T.);
#616 = VERTEX_POINT('',#617);
#617 = CARTESIAN_POINT('',(0.663278688525,0.618032786885,2.79));
#618 = B_SPLINE_CURVE_WITH_KNOTS('',1,(#619,#620),.UNSPECIFIED.,.F.,.F.,
  (2,2),(0.186217008798,0.5),.PIECEWISE_BEZIER_KNOTS.);
#619 = CARTESIAN_POINT('',(0.663278688525,0.477704918033,2.79));
#620 = CARTESIAN_POINT('',(0.663278688525,0.618032786885,2.79));
#621 = ORIENTED_EDGE('',*,*,#622,.T.);
#622 = EDGE_CURVE('',#616,#600,#623,.T.);
#623 = B_SPLINE_CURVE_WITH_KNOTS('',1,(#624,#625),.UNSPECIFIED.,.F.,.F.,
  (2,2),(0.5,0.686217008798),.PIECEWISE_BEZIER_KNOTS.);
#624 = CARTESIAN_POINT('',(0.663278688525,0.618032786885,2.79));
#625 = CARTESIAN_POINT('',(0.58,0.618032786885,2.79));
#626 = PLANE('',#627);
#627 = AXIS2_PLACEMENT_3D('',#628,#629,#630);
#628 = CARTESIAN_POINT('',(0.58,0.547868852459,2.79));
#629 = DIRECTION('',(0.,0.,-1.));
#630 = DIRECTION('',(-1.,0.,0.));
#631 = ADVANCED_FACE('',(#632),#656,.F.);
#632 = FACE_BOUND('',#633,.T.);
#633 = EDGE_LOOP('',(#634,#643,#649,#650));
#634 = ORIENTED_EDGE('',*,*,#635,.T.);
#635 = EDGE_CURVE('',#636,#638,#640,.T.);
#636 = VERTEX_POINT('',#637);
#637 = CARTESIAN_POINT('',(0.663278688525,0.618032786885,2.8));
#638 = VERTEX_POINT('',#639);
#639 = CARTESIAN_POINT('',(0.58,0.618032786885,2.8));
#640 = B_SPLINE_CURVE_WITH_KNOTS('',1,(#641,#642),.UNSPECIFIED.,.F.,.F.,
  (2,2),(0.5,0.686217008798),.PIECEWISE_BEZIER_KNOTS.);
#641 = CARTESIAN_POINT('',(0.663278688525,0.618032786885,2.8));
#642 = CARTESIAN_POINT('',(0.58,0.618032786885,2.8));
#643 = ORIENTED_EDGE('',*,*,#644,.F.);
#644 = EDGE_CURVE('',#600,#638,#645,.T.);
#645 = LINE('',#646,#647);
#646 = CARTESIAN_POINT('',(0.58,0.618032786885,2.79));
#647 = VECTOR('',#648,1.);
#648 = DIRECTION('',(0.,0.,1.));
#649 = ORIENTED_EDGE('',*,*,#622,.F.);
#650 = ORIENTED_EDGE('',*,*,#651,.T.);
#651 = EDGE_CURVE('',#616,#636,#652,.T.);
#652 = LINE('',#653,#654);
#653 = CARTESIAN_POINT('',(0.663278688525,0.618032786885,2.79));
#654 = VECTOR('',#655,1.);
#655 = DIRECTION('',(0.,0.,1.));
#656 = PLANE('',#657);
#657 = AXIS2_PLACEMENT_3D('',#658,#659,#660);
#658 = CARTESIAN_POINT('',(0.663278688525,0.618032786885,2.79));
#659 = DIRECTION('',(0.,1.,0.));
#660 = DIRECTION('',(0.,-0.,1.));
#661 = ADVANCED_FACE('',(#662),#679,.F.);
#662 = FACE_BOUND('',#663,.T.);
#663 = EDGE_LOOP('',(#664,#671,#672,#673));
#664 = ORIENTED_EDGE('',*,*,#665,.T.);
#665 = EDGE_CURVE('',#666,#636,#668,.T.);
#666 = VERTEX_POINT('',#667);
#667 = CARTESIAN_POINT('',(0.663278688525,0.477704918033,2.8));
#668 = B_SPLINE_CURVE_WITH_KNOTS('',1,(#669,#670),.UNSPECIFIED.,.F.,.F.,
  (2,2),(0.186217008798,0.5),.PIECEWISE_BEZIER_KNOTS.);
#669 = CARTESIAN_POINT('',(0.663278688525,0.477704918033,2.8));
#670 = CARTESIAN_POINT('',(0.663278688525,0.618032786885,2.8));
#671 = ORIENTED_EDGE('',*,*,#651,.F.);
#672 = ORIENTED_EDGE('',*,*,#615,.F.);
#673 = ORIENTED_EDGE('',*,*,#674,.T.);
#674 = EDGE_CURVE('',#609,#666,#675,.T.);
#675 = LINE('',#676,#677);
#676 = CARTESIAN_POINT('',(0.663278688525,0.477704918033,2.79));
#677 = VECTOR('',#678,1.);
#678 = DIRECTION('',(0.,0.,1.));
#679 = PLANE('',#680);
#680 = AXIS2_PLACEMENT_3D('',#681,#682,#683);
#681 = CARTESIAN_POINT('',(0.663278688525,0.477704918033,2.79));
#682 = DIRECTION('',(1.,0.,0.));
#683 = DIRECTION('',(0.,0.,-1.));
#684 = ADVANCED_FACE('',(#685),#702,.F.);
#685 = FACE_BOUND('',#686,.T.);
#686 = EDGE_LOOP('',(#687,#694,#695,#696));
#687 = ORIENTED_EDGE('',*,*,#688,.T.);
#688 = EDGE_CURVE('',#689,#666,#691,.T.);
#689 = VERTEX_POINT('',#690);
#690 = CARTESIAN_POINT('',(0.58,0.477704918033,2.8));
#691 = B_SPLINE_CURVE_WITH_KNOTS('',1,(#692,#693),.UNSPECIFIED.,.F.,.F.,
  (2,2),(0.,0.186217008798),.PIECEWISE_BEZIER_KNOTS.);
#692 = CARTESIAN_POINT('',(0.58,0.477704918033,2.8));
#693 = CARTESIAN_POINT('',(0.663278688525,0.477704918033,2.8));
#694 = ORIENTED_EDGE('',*,*,#674,.F.);
#695 = ORIENTED_EDGE('',*,*,#608,.F.);
#696 = ORIENTED_EDGE('',*,*,#697,.T.);
#697 = EDGE_CURVE('',#602,#689,#698,.T.);
#698 = LINE('',#699,#700);
#699 = CARTESIAN_POINT('',(0.58,0.477704918033,2.79));
#700 = VECTOR('',#701,1.);
#701 = DIRECTION('',(0.,0.,1.));
#702 = PLANE('',#703);
#703 = AXIS2_PLACEMENT_3D('',#704,#705,#706);
#704 = CARTESIAN_POINT('',(0.58,0.477704918033,2.79));
#705 = DIRECTION('',(0.,-1.,0.));
#706 = DIRECTION('',(0.,0.,-1.));
#707 = ADVANCED_FACE('',(#708),#718,.F.);
#708 = FACE_BOUND('',#709,.T.);
#709 = EDGE_LOOP('',(#710,#715,#716,#717));
#710 = ORIENTED_EDGE('',*,*,#711,.T.);
#711 = EDGE_CURVE('',#638,#689,#712,.T.);
#712 = B_SPLINE_CURVE_WITH_KNOTS('',1,(#713,#714),.UNSPECIFIED.,.F.,.F.,
  (2,2),(0.686217008798,1.),.PIECEWISE_BEZIER_KNOTS.);
#713 = CARTESIAN_POINT('',(0.58,0.618032786885,2.8));
#714 = CARTESIAN_POINT('',(0.58,0.477704918033,2.8));
#715 = ORIENTED_EDGE('',*,*,#697,.F.);
#716 = ORIENTED_EDGE('',*,*,#599,.F.);
#717 = ORIENTED_EDGE('',*,*,#644,.T.);
#718 = PLANE('',#719);
#719 = AXIS2_PLACEMENT_3D('',#720,#721,#722);
#720 = CARTESIAN_POINT('',(0.58,0.618032786885,2.79));
#721 = DIRECTION('',(-1.,0.,0.));
#722 = DIRECTION('',(0.,0.,1.));
#723 = ADVANCED_FACE('',(#724),#817,.F.);
#724 = FACE_BOUND('',#725,.T.);
#725 = EDGE_LOOP('',(#726,#735,#742,#749,#756,#763,#770,#777,#784,#791,
    #798,#805,#812));
#726 = ORIENTED_EDGE('',*,*,#727,.T.);
#727 = EDGE_CURVE('',#728,#730,#732,.T.);
#728 = VERTEX_POINT('',#729);
#729 = CARTESIAN_POINT('',(6.88524590164E-03,0.618032786885,2.79));
#730 = VERTEX_POINT('',#731);
#731 = CARTESIAN_POINT('',(6.88524590164E-03,-0.365573770492,2.79));
#732 = B_SPLINE_CURVE_WITH_KNOTS('',1,(#733,#734),.UNSPECIFIED.,.F.,.F.,
  (2,2),(0.764666333132,1.),.PIECEWISE_BEZIER_KNOTS.);
#733 = CARTESIAN_POINT('',(6.88524590164E-03,0.618032786885,2.79));
#734 = CARTESIAN_POINT('',(6.88524590164E-03,-0.365573770492,2.79));
#735 = ORIENTED_EDGE('',*,*,#736,.T.);
#736 = EDGE_CURVE('',#730,#737,#739,.T.);
#737 = VERTEX_POINT('',#738);
#738 = CARTESIAN_POINT('',(8.950819672131E-02,-0.365573770492,2.79));
#739 = B_SPLINE_CURVE_WITH_KNOTS('',1,(#740,#741),.UNSPECIFIED.,.F.,.F.,
  (2,2),(0.,1.976802801689E-02),.PIECEWISE_BEZIER_KNOTS.);
#740 = CARTESIAN_POINT('',(6.88524590164E-03,-0.365573770492,2.79));
#741 = CARTESIAN_POINT('',(8.950819672131E-02,-0.365573770492,2.79));
#742 = ORIENTED_EDGE('',*,*,#743,.T.);
#743 = EDGE_CURVE('',#737,#744,#746,.T.);
#744 = VERTEX_POINT('',#745);
#745 = CARTESIAN_POINT('',(8.950819672131E-02,-0.109836065574,2.79));
#746 = B_SPLINE_CURVE_WITH_KNOTS('',1,(#747,#748),.UNSPECIFIED.,.F.,.F.,
  (2,2),(1.976802801689E-02,8.095478140252E-02),
  .PIECEWISE_BEZIER_KNOTS.);
#747 = CARTESIAN_POINT('',(8.950819672131E-02,-0.365573770492,2.79));
#748 = CARTESIAN_POINT('',(8.950819672131E-02,-0.109836065574,2.79));
#749 = ORIENTED_EDGE('',*,*,#750,.T.);
#750 = EDGE_CURVE('',#744,#751,#753,.T.);
#751 = VERTEX_POINT('',#752);
#752 = CARTESIAN_POINT('',(0.198360655738,2.E-02,2.79));
#753 = B_SPLINE_CURVE_WITH_KNOTS('',1,(#754,#755),.UNSPECIFIED.,.F.,.F.,
  (2,2),(8.095478140252E-02,0.121491721838),.PIECEWISE_BEZIER_KNOTS.);
#754 = CARTESIAN_POINT('',(8.950819672131E-02,-0.109836065574,2.79));
#755 = CARTESIAN_POINT('',(0.198360655738,2.E-02,2.79));
#756 = ORIENTED_EDGE('',*,*,#757,.T.);
#757 = EDGE_CURVE('',#751,#758,#760,.T.);
#758 = VERTEX_POINT('',#759);
#759 = CARTESIAN_POINT('',(0.41606557377,-0.365573770492,2.79));
#760 = B_SPLINE_CURVE_WITH_KNOTS('',1,(#761,#762),.UNSPECIFIED.,.F.,.F.,
  (2,2),(0.121491721838,0.227431725885),.PIECEWISE_BEZIER_KNOTS.);
#761 = CARTESIAN_POINT('',(0.198360655738,2.E-02,2.79));
#762 = CARTESIAN_POINT('',(0.41606557377,-0.365573770492,2.79));
#763 = ORIENTED_EDGE('',*,*,#764,.T.);
#764 = EDGE_CURVE('',#758,#765,#767,.T.);
#765 = VERTEX_POINT('',#766);
#766 = CARTESIAN_POINT('',(0.517704918033,-0.365573770492,2.79));
#767 = B_SPLINE_CURVE_WITH_KNOTS('',1,(#768,#769),.UNSPECIFIED.,.F.,.F.,
  (2,2),(0.227431725885,0.251749538128),.PIECEWISE_BEZIER_KNOTS.);
#768 = CARTESIAN_POINT('',(0.41606557377,-0.365573770492,2.79));
#769 = CARTESIAN_POINT('',(0.517704918033,-0.365573770492,2.79));
#770 = ORIENTED_EDGE('',*,*,#771,.T.);
#771 = EDGE_CURVE('',#765,#772,#774,.T.);
#772 = VERTEX_POINT('',#773);
#773 = CARTESIAN_POINT('',(0.25737704918,9.409836065574E-02,2.79));
#774 = B_SPLINE_CURVE_WITH_KNOTS('',1,(#775,#776),.UNSPECIFIED.,.F.,.F.,
  (2,2),(0.251749538128,0.378141221187),.PIECEWISE_BEZIER_KNOTS.);
#775 = CARTESIAN_POINT('',(0.517704918033,-0.365573770492,2.79));
#776 = CARTESIAN_POINT('',(0.25737704918,9.409836065574E-02,2.79));
#777 = ORIENTED_EDGE('',*,*,#778,.T.);
#778 = EDGE_CURVE('',#772,#779,#781,.T.);
#779 = VERTEX_POINT('',#780);
#780 = CARTESIAN_POINT('',(0.477704918033,0.366229508197,2.79));
#781 = B_SPLINE_CURVE_WITH_KNOTS('',1,(#782,#783),.UNSPECIFIED.,.F.,.F.,
  (2,2),(0.378141221187,0.461914864937),.PIECEWISE_BEZIER_KNOTS.);
#782 = CARTESIAN_POINT('',(0.25737704918,9.409836065574E-02,2.79));
#783 = CARTESIAN_POINT('',(0.477704918033,0.366229508197,2.79));
#784 = ORIENTED_EDGE('',*,*,#785,.T.);
#785 = EDGE_CURVE('',#779,#786,#788,.T.);
#786 = VERTEX_POINT('',#787);
#787 = CARTESIAN_POINT('',(0.37606557377,0.366229508197,2.79));
#788 = B_SPLINE_CURVE_WITH_KNOTS('',1,(#789,#790),.UNSPECIFIED.,.F.,.F.,
  (2,2),(0.461914864937,0.48623267718),.PIECEWISE_BEZIER_KNOTS.);
#789 = CARTESIAN_POINT('',(0.477704918033,0.366229508197,2.79));
#790 = CARTESIAN_POINT('',(0.37606557377,0.366229508197,2.79));
#791 = ORIENTED_EDGE('',*,*,#792,.T.);
#792 = EDGE_CURVE('',#786,#793,#795,.T.);
#793 = VERTEX_POINT('',#794);
#794 = CARTESIAN_POINT('',(9.213114754098E-02,1.639344262295E-03,2.79));
#795 = B_SPLINE_CURVE_WITH_KNOTS('',1,(#796,#797),.UNSPECIFIED.,.F.,.F.,
  (2,2),(0.48623267718,0.5967949841),.PIECEWISE_BEZIER_KNOTS.);
#796 = CARTESIAN_POINT('',(0.37606557377,0.366229508197,2.79));
#797 = CARTESIAN_POINT('',(9.213114754098E-02,1.639344262295E-03,2.79));
#798 = ORIENTED_EDGE('',*,*,#799,.T.);
#799 = EDGE_CURVE('',#793,#800,#802,.T.);
#800 = VERTEX_POINT('',#801);
#801 = CARTESIAN_POINT('',(8.950819672131E-02,1.639344262295E-03,2.79));
#802 = B_SPLINE_CURVE_WITH_KNOTS('',1,(#803,#804),.UNSPECIFIED.,.F.,.F.,
  (2,2),(0.5967949841,0.597422540545),.PIECEWISE_BEZIER_KNOTS.);
#803 = CARTESIAN_POINT('',(9.213114754098E-02,1.639344262295E-03,2.79));
#804 = CARTESIAN_POINT('',(8.950819672131E-02,1.639344262295E-03,2.79));
#805 = ORIENTED_EDGE('',*,*,#806,.T.);
#806 = EDGE_CURVE('',#800,#807,#809,.T.);
#807 = VERTEX_POINT('',#808);
#808 = CARTESIAN_POINT('',(8.950819672131E-02,0.618032786885,2.79));
#809 = B_SPLINE_CURVE_WITH_KNOTS('',1,(#810,#811),.UNSPECIFIED.,.F.,.F.,
  (2,2),(0.597422540545,0.744898305115),.PIECEWISE_BEZIER_KNOTS.);
#810 = CARTESIAN_POINT('',(8.950819672131E-02,1.639344262295E-03,2.79));
#811 = CARTESIAN_POINT('',(8.950819672131E-02,0.618032786885,2.79));
#812 = ORIENTED_EDGE('',*,*,#813,.T.);
#813 = EDGE_CURVE('',#807,#728,#814,.T.);
#814 = B_SPLINE_CURVE_WITH_KNOTS('',1,(#815,#816),.UNSPECIFIED.,.F.,.F.,
  (2,2),(0.744898305115,0.764666333132),.PIECEWISE_BEZIER_KNOTS.);
#815 = CARTESIAN_POINT('',(8.950819672131E-02,0.618032786885,2.79));
#816 = CARTESIAN_POINT('',(6.88524590164E-03,0.618032786885,2.79));
#817 = PLANE('',#818);
#818 = AXIS2_PLACEMENT_3D('',#819,#820,#821);
#819 = CARTESIAN_POINT('',(6.88524590164E-03,0.126229508197,2.79));
#820 = DIRECTION('',(0.,0.,-1.));
#821 = DIRECTION('',(-1.,0.,0.));
#822 = ADVANCED_FACE('',(#823),#847,.F.);
#823 = FACE_BOUND('',#824,.T.);
#824 = EDGE_LOOP('',(#825,#834,#840,#841));
#825 = ORIENTED_EDGE('',*,*,#826,.T.);
#826 = EDGE_CURVE('',#827,#829,#831,.T.);
#827 = VERTEX_POINT('',#828);
#828 = CARTESIAN_POINT('',(8.950819672131E-02,0.618032786885,2.8));
#829 = VERTEX_POINT('',#830);
#830 = CARTESIAN_POINT('',(6.88524590164E-03,0.618032786885,2.8));
#831 = B_SPLINE_CURVE_WITH_KNOTS('',1,(#832,#833),.UNSPECIFIED.,.F.,.F.,
  (2,2),(0.744898305115,0.764666333132),.PIECEWISE_BEZIER_KNOTS.);
#832 = CARTESIAN_POINT('',(8.950819672131E-02,0.618032786885,2.8));
#833 = CARTESIAN_POINT('',(6.88524590164E-03,0.618032786885,2.8));
#834 = ORIENTED_EDGE('',*,*,#835,.F.);
#835 = EDGE_CURVE('',#728,#829,#836,.T.);
#836 = LINE('',#837,#838);
#837 = CARTESIAN_POINT('',(6.88524590164E-03,0.618032786885,2.79));
#838 = VECTOR('',#839,1.);
#839 = DIRECTION('',(0.,0.,1.));
#840 = ORIENTED_EDGE('',*,*,#813,.F.);
#841 = ORIENTED_EDGE('',*,*,#842,.T.);
#842 = EDGE_CURVE('',#807,#827,#843,.T.);
#843 = LINE('',#844,#845);
#844 = CARTESIAN_POINT('',(8.950819672131E-02,0.618032786885,2.79));
#845 = VECTOR('',#846,1.);
#846 = DIRECTION('',(0.,0.,1.));
#847 = PLANE('',#848);
#848 = AXIS2_PLACEMENT_3D('',#849,#850,#851);
#849 = CARTESIAN_POINT('',(8.950819672131E-02,0.618032786885,2.79));
#850 = DIRECTION('',(0.,1.,0.));
#851 = DIRECTION('',(0.,-0.,1.));
#852 = ADVANCED_FACE('',(#853),#870,.F.);
#853 = FACE_BOUND('',#854,.T.);
#854 = EDGE_LOOP('',(#855,#862,#863,#864));
#855 = ORIENTED_EDGE('',*,*,#856,.T.);
#856 = EDGE_CURVE('',#857,#827,#859,.T.);
#857 = VERTEX_POINT('',#858);
#858 = CARTESIAN_POINT('',(8.950819672131E-02,1.639344262295E-03,2.8));
#859 = B_SPLINE_CURVE_WITH_KNOTS('',1,(#860,#861),.UNSPECIFIED.,.F.,.F.,
  (2,2),(0.597422540545,0.744898305115),.PIECEWISE_BEZIER_KNOTS.);
#860 = CARTESIAN_POINT('',(8.950819672131E-02,1.639344262295E-03,2.8));
#861 = CARTESIAN_POINT('',(8.950819672131E-02,0.618032786885,2.8));
#862 = ORIENTED_EDGE('',*,*,#842,.F.);
#863 = ORIENTED_EDGE('',*,*,#806,.F.);
#864 = ORIENTED_EDGE('',*,*,#865,.T.);
#865 = EDGE_CURVE('',#800,#857,#866,.T.);
#866 = LINE('',#867,#868);
#867 = CARTESIAN_POINT('',(8.950819672131E-02,1.639344262295E-03,2.79));
#868 = VECTOR('',#869,1.);
#869 = DIRECTION('',(0.,0.,1.));
#870 = PLANE('',#871);
#871 = AXIS2_PLACEMENT_3D('',#872,#873,#874);
#872 = CARTESIAN_POINT('',(8.950819672131E-02,1.639344262295E-03,2.79));
#873 = DIRECTION('',(1.,0.,0.));
#874 = DIRECTION('',(0.,0.,-1.));
#875 = ADVANCED_FACE('',(#876),#893,.F.);
#876 = FACE_BOUND('',#877,.T.);
#877 = EDGE_LOOP('',(#878,#885,#886,#887));
#878 = ORIENTED_EDGE('',*,*,#879,.T.);
#879 = EDGE_CURVE('',#880,#857,#882,.T.);
#880 = VERTEX_POINT('',#881);
#881 = CARTESIAN_POINT('',(9.213114754098E-02,1.639344262295E-03,2.8));
#882 = B_SPLINE_CURVE_WITH_KNOTS('',1,(#883,#884),.UNSPECIFIED.,.F.,.F.,
  (2,2),(0.5967949841,0.597422540545),.PIECEWISE_BEZIER_KNOTS.);
#883 = CARTESIAN_POINT('',(9.213114754098E-02,1.639344262295E-03,2.8));
#884 = CARTESIAN_POINT('',(8.950819672131E-02,1.639344262295E-03,2.8));
#885 = ORIENTED_EDGE('',*,*,#865,.F.);
#886 = ORIENTED_EDGE('',*,*,#799,.F.);
#887 = ORIENTED_EDGE('',*,*,#888,.T.);
#888 = EDGE_CURVE('',#793,#880,#889,.T.);
#889 = LINE('',#890,#891);
#890 = CARTESIAN_POINT('',(9.213114754098E-02,1.639344262295E-03,2.79));
#891 = VECTOR('',#892,1.);
#892 = DIRECTION('',(0.,0.,1.));
#893 = PLANE('',#894);
#894 = AXIS2_PLACEMENT_3D('',#895,#896,#897);
#895 = CARTESIAN_POINT('',(9.213114754098E-02,1.639344262295E-03,2.79));
#896 = DIRECTION('',(0.,1.,0.));
#897 = DIRECTION('',(0.,-0.,1.));
#898 = ADVANCED_FACE('',(#899),#916,.F.);
#899 = FACE_BOUND('',#900,.T.);
#900 = EDGE_LOOP('',(#901,#908,#909,#910));
#901 = ORIENTED_EDGE('',*,*,#902,.T.);
#902 = EDGE_CURVE('',#903,#880,#905,.T.);
#903 = VERTEX_POINT('',#904);
#904 = CARTESIAN_POINT('',(0.37606557377,0.366229508197,2.8));
#905 = B_SPLINE_CURVE_WITH_KNOTS('',1,(#906,#907),.UNSPECIFIED.,.F.,.F.,
  (2,2),(0.48623267718,0.5967949841),.PIECEWISE_BEZIER_KNOTS.);
#906 = CARTESIAN_POINT('',(0.37606557377,0.366229508197,2.8));
#907 = CARTESIAN_POINT('',(9.213114754098E-02,1.639344262295E-03,2.8));
#908 = ORIENTED_EDGE('',*,*,#888,.F.);
#909 = ORIENTED_EDGE('',*,*,#792,.F.);
#910 = ORIENTED_EDGE('',*,*,#911,.T.);
#911 = EDGE_CURVE('',#786,#903,#912,.T.);
#912 = LINE('',#913,#914);
#913 = CARTESIAN_POINT('',(0.37606557377,0.366229508197,2.79));
#914 = VECTOR('',#915,1.);
#915 = DIRECTION('',(0.,0.,1.));
#916 = PLANE('',#917);
#917 = AXIS2_PLACEMENT_3D('',#918,#919,#920);
#918 = CARTESIAN_POINT('',(0.37606557377,0.366229508197,2.79));
#919 = DIRECTION('',(-0.788970023168,0.614431690705,0.));
#920 = DIRECTION('',(-0.614431690705,-0.788970023168,0.));
#921 = ADVANCED_FACE('',(#922),#939,.F.);
#922 = FACE_BOUND('',#923,.T.);
#923 = EDGE_LOOP('',(#924,#931,#932,#933));
#924 = ORIENTED_EDGE('',*,*,#925,.T.);
#925 = EDGE_CURVE('',#926,#903,#928,.T.);
#926 = VERTEX_POINT('',#927);
#927 = CARTESIAN_POINT('',(0.477704918033,0.366229508197,2.8));
#928 = B_SPLINE_CURVE_WITH_KNOTS('',1,(#929,#930),.UNSPECIFIED.,.F.,.F.,
  (2,2),(0.461914864937,0.48623267718),.PIECEWISE_BEZIER_KNOTS.);
#929 = CARTESIAN_POINT('',(0.477704918033,0.366229508197,2.8));
#930 = CARTESIAN_POINT('',(0.37606557377,0.366229508197,2.8));
#931 = ORIENTED_EDGE('',*,*,#911,.F.);
#932 = ORIENTED_EDGE('',*,*,#785,.F.);
#933 = ORIENTED_EDGE('',*,*,#934,.T.);
#934 = EDGE_CURVE('',#779,#926,#935,.T.);
#935 = LINE('',#936,#937);
#936 = CARTESIAN_POINT('',(0.477704918033,0.366229508197,2.79));
#937 = VECTOR('',#938,1.);
#938 = DIRECTION('',(0.,0.,1.));
#939 = PLANE('',#940);
#940 = AXIS2_PLACEMENT_3D('',#941,#942,#943);
#941 = CARTESIAN_POINT('',(0.477704918033,0.366229508197,2.79));
#942 = DIRECTION('',(0.,1.,0.));
#943 = DIRECTION('',(0.,-0.,1.));
#944 = ADVANCED_FACE('',(#945),#962,.F.);
#945 = FACE_BOUND('',#946,.T.);
#946 = EDGE_LOOP('',(#947,#954,#955,#956));
#947 = ORIENTED_EDGE('',*,*,#948,.T.);
#948 = EDGE_CURVE('',#949,#926,#951,.T.);
#949 = VERTEX_POINT('',#950);
#950 = CARTESIAN_POINT('',(0.25737704918,9.409836065574E-02,2.8));
#951 = B_SPLINE_CURVE_WITH_KNOTS('',1,(#952,#953),.UNSPECIFIED.,.F.,.F.,
  (2,2),(0.378141221187,0.461914864937),.PIECEWISE_BEZIER_KNOTS.);
#952 = CARTESIAN_POINT('',(0.25737704918,9.409836065574E-02,2.8));
#953 = CARTESIAN_POINT('',(0.477704918033,0.366229508197,2.8));
#954 = ORIENTED_EDGE('',*,*,#934,.F.);
#955 = ORIENTED_EDGE('',*,*,#778,.F.);
#956 = ORIENTED_EDGE('',*,*,#957,.T.);
#957 = EDGE_CURVE('',#772,#949,#958,.T.);
#958 = LINE('',#959,#960);
#959 = CARTESIAN_POINT('',(0.25737704918,9.409836065574E-02,2.79));
#960 = VECTOR('',#961,1.);
#961 = DIRECTION('',(0.,0.,1.));
#962 = PLANE('',#963);
#963 = AXIS2_PLACEMENT_3D('',#964,#965,#966);
#964 = CARTESIAN_POINT('',(0.25737704918,9.409836065574E-02,2.79));
#965 = DIRECTION('',(0.777201256293,-0.62925210148,0.));
#966 = DIRECTION('',(0.62925210148,0.777201256293,0.));
#967 = ADVANCED_FACE('',(#968),#985,.F.);
#968 = FACE_BOUND('',#969,.T.);
#969 = EDGE_LOOP('',(#970,#977,#978,#979));
#970 = ORIENTED_EDGE('',*,*,#971,.T.);
#971 = EDGE_CURVE('',#972,#949,#974,.T.);
#972 = VERTEX_POINT('',#973);
#973 = CARTESIAN_POINT('',(0.517704918033,-0.365573770492,2.8));
#974 = B_SPLINE_CURVE_WITH_KNOTS('',1,(#975,#976),.UNSPECIFIED.,.F.,.F.,
  (2,2),(0.251749538128,0.378141221187),.PIECEWISE_BEZIER_KNOTS.);
#975 = CARTESIAN_POINT('',(0.517704918033,-0.365573770492,2.8));
#976 = CARTESIAN_POINT('',(0.25737704918,9.409836065574E-02,2.8));
#977 = ORIENTED_EDGE('',*,*,#957,.F.);
#978 = ORIENTED_EDGE('',*,*,#771,.F.);
#979 = ORIENTED_EDGE('',*,*,#980,.T.);
#980 = EDGE_CURVE('',#765,#972,#981,.T.);
#981 = LINE('',#982,#983);
#982 = CARTESIAN_POINT('',(0.517704918033,-0.365573770492,2.79));
#983 = VECTOR('',#984,1.);
#984 = DIRECTION('',(0.,0.,1.));
#985 = PLANE('',#986);
#986 = AXIS2_PLACEMENT_3D('',#987,#988,#989);
#987 = CARTESIAN_POINT('',(0.517704918033,-0.365573770492,2.79));
#988 = DIRECTION('',(0.870146391924,0.492793320391,0.));
#989 = DIRECTION('',(-0.492793320391,0.870146391924,0.));
#990 = ADVANCED_FACE('',(#991),#1008,.F.);
#991 = FACE_BOUND('',#992,.T.);
#992 = EDGE_LOOP('',(#993,#1000,#1001,#1002));
#993 = ORIENTED_EDGE('',*,*,#994,.T.);
#994 = EDGE_CURVE('',#995,#972,#997,.T.);
#995 = VERTEX_POINT('',#996);
#996 = CARTESIAN_POINT('',(0.41606557377,-0.365573770492,2.8));
#997 = B_SPLINE_CURVE_WITH_KNOTS('',1,(#998,#999),.UNSPECIFIED.,.F.,.F.,
  (2,2),(0.227431725885,0.251749538128),.PIECEWISE_BEZIER_KNOTS.);
#998 = CARTESIAN_POINT('',(0.41606557377,-0.365573770492,2.8));
#999 = CARTESIAN_POINT('',(0.517704918033,-0.365573770492,2.8));
#1000 = ORIENTED_EDGE('',*,*,#980,.F.);
#1001 = ORIENTED_EDGE('',*,*,#764,.F.);
#1002 = ORIENTED_EDGE('',*,*,#1003,.T.);
#1003 = EDGE_CURVE('',#758,#995,#1004,.T.);
#1004 = LINE('',#1005,#1006);
#1005 = CARTESIAN_POINT('',(0.41606557377,-0.365573770492,2.79));
#1006 = VECTOR('',#1007,1.);
#1007 = DIRECTION('',(0.,0.,1.));
#1008 = PLANE('',#1009);
#1009 = AXIS2_PLACEMENT_3D('',#1010,#1011,#1012);
#1010 = CARTESIAN_POINT('',(0.41606557377,-0.365573770492,2.79));
#1011 = DIRECTION('',(0.,-1.,0.));
#1012 = DIRECTION('',(0.,0.,-1.));
#1013 = ADVANCED_FACE('',(#1014),#1031,.F.);
#1014 = FACE_BOUND('',#1015,.T.);
#1015 = EDGE_LOOP('',(#1016,#1023,#1024,#1025));
#1016 = ORIENTED_EDGE('',*,*,#1017,.T.);
#1017 = EDGE_CURVE('',#1018,#995,#1020,.T.);
#1018 = VERTEX_POINT('',#1019);
#1019 = CARTESIAN_POINT('',(0.198360655738,2.E-02,2.8));
#1020 = B_SPLINE_CURVE_WITH_KNOTS('',1,(#1021,#1022),.UNSPECIFIED.,.F.,
  .F.,(2,2),(0.121491721838,0.227431725885),.PIECEWISE_BEZIER_KNOTS.);
#1021 = CARTESIAN_POINT('',(0.198360655738,2.E-02,2.8));
#1022 = CARTESIAN_POINT('',(0.41606557377,-0.365573770492,2.8));
#1023 = ORIENTED_EDGE('',*,*,#1003,.F.);
#1024 = ORIENTED_EDGE('',*,*,#757,.F.);
#1025 = ORIENTED_EDGE('',*,*,#1026,.T.);
#1026 = EDGE_CURVE('',#751,#1018,#1027,.T.);
#1027 = LINE('',#1028,#1029);
#1028 = CARTESIAN_POINT('',(0.198360655738,2.E-02,2.79));
#1029 = VECTOR('',#1030,1.);
#1030 = DIRECTION('',(0.,0.,1.));
#1031 = PLANE('',#1032);
#1032 = AXIS2_PLACEMENT_3D('',#1033,#1034,#1035);
#1033 = CARTESIAN_POINT('',(0.198360655738,2.E-02,2.79));
#1034 = DIRECTION('',(-0.870783404646,-0.49166682031,0.));
#1035 = DIRECTION('',(0.49166682031,-0.870783404646,0.));
#1036 = ADVANCED_FACE('',(#1037),#1054,.F.);
#1037 = FACE_BOUND('',#1038,.T.);
#1038 = EDGE_LOOP('',(#1039,#1046,#1047,#1048));
#1039 = ORIENTED_EDGE('',*,*,#1040,.T.);
#1040 = EDGE_CURVE('',#1041,#1018,#1043,.T.);
#1041 = VERTEX_POINT('',#1042);
#1042 = CARTESIAN_POINT('',(8.950819672131E-02,-0.109836065574,2.8));
#1043 = B_SPLINE_CURVE_WITH_KNOTS('',1,(#1044,#1045),.UNSPECIFIED.,.F.,
  .F.,(2,2),(8.095478140252E-02,0.121491721838),
  .PIECEWISE_BEZIER_KNOTS.);
#1044 = CARTESIAN_POINT('',(8.950819672131E-02,-0.109836065574,2.8));
#1045 = CARTESIAN_POINT('',(0.198360655738,2.E-02,2.8));
#1046 = ORIENTED_EDGE('',*,*,#1026,.F.);
#1047 = ORIENTED_EDGE('',*,*,#750,.F.);
#1048 = ORIENTED_EDGE('',*,*,#1049,.T.);
#1049 = EDGE_CURVE('',#744,#1041,#1050,.T.);
#1050 = LINE('',#1051,#1052);
#1051 = CARTESIAN_POINT('',(8.950819672131E-02,-0.109836065574,2.79));
#1052 = VECTOR('',#1053,1.);
#1053 = DIRECTION('',(0.,0.,1.));
#1054 = PLANE('',#1055);
#1055 = AXIS2_PLACEMENT_3D('',#1056,#1057,#1058);
#1056 = CARTESIAN_POINT('',(8.950819672131E-02,-0.109836065574,2.79));
#1057 = DIRECTION('',(0.766314470036,-0.642465666798,0.));
#1058 = DIRECTION('',(0.642465666798,0.766314470036,0.));
#1059 = ADVANCED_FACE('',(#1060),#1077,.F.);
#1060 = FACE_BOUND('',#1061,.T.);
#1061 = EDGE_LOOP('',(#1062,#1069,#1070,#1071));
#1062 = ORIENTED_EDGE('',*,*,#1063,.T.);
#1063 = EDGE_CURVE('',#1064,#1041,#1066,.T.);
#1064 = VERTEX_POINT('',#1065);
#1065 = CARTESIAN_POINT('',(8.950819672131E-02,-0.365573770492,2.8));
#1066 = B_SPLINE_CURVE_WITH_KNOTS('',1,(#1067,#1068),.UNSPECIFIED.,.F.,
  .F.,(2,2),(1.976802801689E-02,8.095478140252E-02),
  .PIECEWISE_BEZIER_KNOTS.);
#1067 = CARTESIAN_POINT('',(8.950819672131E-02,-0.365573770492,2.8));
#1068 = CARTESIAN_POINT('',(8.950819672131E-02,-0.109836065574,2.8));
#1069 = ORIENTED_EDGE('',*,*,#1049,.F.);
#1070 = ORIENTED_EDGE('',*,*,#743,.F.);
#1071 = ORIENTED_EDGE('',*,*,#1072,.T.);
#1072 = EDGE_CURVE('',#737,#1064,#1073,.T.);
#1073 = LINE('',#1074,#1075);
#1074 = CARTESIAN_POINT('',(8.950819672131E-02,-0.365573770492,2.79));
#1075 = VECTOR('',#1076,1.);
#1076 = DIRECTION('',(0.,0.,1.));
#1077 = PLANE('',#1078);
#1078 = AXIS2_PLACEMENT_3D('',#1079,#1080,#1081);
#1079 = CARTESIAN_POINT('',(8.950819672131E-02,-0.365573770492,2.79));
#1080 = DIRECTION('',(1.,0.,0.));
#1081 = DIRECTION('',(0.,0.,-1.));
#1082 = ADVANCED_FACE('',(#1083),#1100,.F.);
#1083 = FACE_BOUND('',#1084,.T.);
#1084 = EDGE_LOOP('',(#1085,#1092,#1093,#1094));
#1085 = ORIENTED_EDGE('',*,*,#1086,.T.);
#1086 = EDGE_CURVE('',#1087,#1064,#1089,.T.);
#1087 = VERTEX_POINT('',#1088);
#1088 = CARTESIAN_POINT('',(6.88524590164E-03,-0.365573770492,2.8));
#1089 = B_SPLINE_CURVE_WITH_KNOTS('',1,(#1090,#1091),.UNSPECIFIED.,.F.,
  .F.,(2,2),(0.,1.976802801689E-02),.PIECEWISE_BEZIER_KNOTS.);
#1090 = CARTESIAN_POINT('',(6.88524590164E-03,-0.365573770492,2.8));
#1091 = CARTESIAN_POINT('',(8.950819672131E-02,-0.365573770492,2.8));
#1092 = ORIENTED_EDGE('',*,*,#1072,.F.);
#1093 = ORIENTED_EDGE('',*,*,#736,.F.);
#1094 = ORIENTED_EDGE('',*,*,#1095,.T.);
#1095 = EDGE_CURVE('',#730,#1087,#1096,.T.);
#1096 = LINE('',#1097,#1098);
#1097 = CARTESIAN_POINT('',(6.88524590164E-03,-0.365573770492,2.79));
#1098 = VECTOR('',#1099,1.);
#1099 = DIRECTION('',(0.,0.,1.));
#1100 = PLANE('',#1101);
#1101 = AXIS2_PLACEMENT_3D('',#1102,#1103,#1104);
#1102 = CARTESIAN_POINT('',(6.88524590164E-03,-0.365573770492,2.79));
#1103 = DIRECTION('',(0.,-1.,0.));
#1104 = DIRECTION('',(0.,0.,-1.));
#1105 = ADVANCED_FACE('',(#1106),#1116,.F.);
#1106 = FACE_BOUND('',#1107,.T.);
#1107 = EDGE_LOOP('',(#1108,#1113,#1114,#1115));
#1108 = ORIENTED_EDGE('',*,*,#1109,.T.);
#1109 = EDGE_CURVE('',#829,#1087,#1110,.T.);
#1110 = B_SPLINE_CURVE_WITH_KNOTS('',1,(#1111,#1112),.UNSPECIFIED.,.F.,
  .F.,(2,2),(0.764666333132,1.),.PIECEWISE_BEZIER_KNOTS.);
#1111 = CARTESIAN_POINT('',(6.88524590164E-03,0.618032786885,2.8));
#1112 = CARTESIAN_POINT('',(6.88524590164E-03,-0.365573770492,2.8));
#1113 = ORIENTED_EDGE('',*,*,#1095,.F.);
#1114 = ORIENTED_EDGE('',*,*,#727,.F.);
#1115 = ORIENTED_EDGE('',*,*,#835,.T.);
#1116 = PLANE('',#1117);
#1117 = AXIS2_PLACEMENT_3D('',#1118,#1119,#1120);
#1118 = CARTESIAN_POINT('',(6.88524590164E-03,0.618032786885,2.79));
#1119 = DIRECTION('',(-1.,0.,0.));
#1120 = DIRECTION('',(0.,0.,1.));
#1121 = ADVANCED_FACE('',(#1122),#1203,.T.);
#1122 = FACE_BOUND('',#1123,.T.);
#1123 = EDGE_LOOP('',(#1124,#1135,#1144,#1158,#1167,#1178,#1187,#1196));
#1124 = ORIENTED_EDGE('',*,*,#1125,.T.);
#1125 = EDGE_CURVE('',#1126,#1128,#1130,.T.);
#1126 = VERTEX_POINT('',#1127);
#1127 = CARTESIAN_POINT('',(-0.366229508197,0.366229508197,2.79));
#1128 = VERTEX_POINT('',#1129);
#1129 = CARTESIAN_POINT('',(-0.366229508197,-0.365573770492,2.79));
#1130 = B_SPLINE_CURVE_WITH_KNOTS('',3,(#1131,#1132,#1133,#1134),
  .UNSPECIFIED.,.F.,.F.,(4,4),(0.663177831208,1.),
  .PIECEWISE_BEZIER_KNOTS.);
#1131 = CARTESIAN_POINT('',(-0.366229508197,0.366229508197,2.79));
#1132 = CARTESIAN_POINT('',(-0.366229508197,0.122295081967,2.79));
#1133 = CARTESIAN_POINT('',(-0.366229508197,-0.121639344262,2.79));
#1134 = CARTESIAN_POINT('',(-0.366229508197,-0.365573770492,2.79));
#1135 = ORIENTED_EDGE('',*,*,#1136,.T.);
#1136 = EDGE_CURVE('',#1128,#1137,#1139,.T.);
#1137 = VERTEX_POINT('',#1138);
#1138 = CARTESIAN_POINT('',(-0.283606557377,-0.365573770492,2.79));
#1139 = B_SPLINE_CURVE_WITH_KNOTS('',3,(#1140,#1141,#1142,#1143),
  .UNSPECIFIED.,.F.,.F.,(4,4),(0.,3.802830937977E-02),
  .PIECEWISE_BEZIER_KNOTS.);
#1140 = CARTESIAN_POINT('',(-0.366229508197,-0.365573770492,2.79));
#1141 = CARTESIAN_POINT('',(-0.33868852459,-0.365573770492,2.79));
#1142 = CARTESIAN_POINT('',(-0.311147540984,-0.365573770492,2.79));
#1143 = CARTESIAN_POINT('',(-0.283606557377,-0.365573770492,2.79));
#1144 = ORIENTED_EDGE('',*,*,#1145,.T.);
#1145 = EDGE_CURVE('',#1137,#1146,#1148,.T.);
#1146 = VERTEX_POINT('',#1147);
#1147 = CARTESIAN_POINT('',(-6.72131147541E-02,0.294754098361,2.79));
#1148 = B_SPLINE_CURVE_WITH_KNOTS('',3,(#1149,#1150,#1151,#1152,#1153,
    #1154,#1155,#1156,#1157),.UNSPECIFIED.,.F.,.F.,(4,3,2,4),(
    3.802830937977E-02,0.248089446906,0.388843180483,0.407809995646),
  .UNSPECIFIED.);
#1149 = CARTESIAN_POINT('',(-0.283606557377,-0.365573770492,2.79));
#1150 = CARTESIAN_POINT('',(-0.283606557377,-0.213442622951,2.79));
#1151 = CARTESIAN_POINT('',(-0.283606557377,-6.131147540984E-02,2.79));
#1152 = CARTESIAN_POINT('',(-0.283606557377,9.081967213115E-02,2.79));
#1153 = CARTESIAN_POINT('',(-0.283606557377,0.232459016393,2.79));
#1154 = CARTESIAN_POINT('',(-0.199672131148,0.29868852459,2.79));
#1155 = CARTESIAN_POINT('',(-9.475409836065E-02,0.29868852459,2.79));
#1156 = CARTESIAN_POINT('',(-8.098360655738E-02,0.29737704918,2.79));
#1157 = CARTESIAN_POINT('',(-6.72131147541E-02,0.294754098361,2.79));
#1158 = ORIENTED_EDGE('',*,*,#1159,.T.);
#1159 = EDGE_CURVE('',#1146,#1160,#1162,.T.);
#1160 = VERTEX_POINT('',#1161);
#1161 = CARTESIAN_POINT('',(-6.72131147541E-02,0.37737704918,2.79));
#1162 = B_SPLINE_CURVE_WITH_KNOTS('',3,(#1163,#1164,#1165,#1166),
  .UNSPECIFIED.,.F.,.F.,(4,4),(0.407809995646,0.445838305026),
  .PIECEWISE_BEZIER_KNOTS.);
#1163 = CARTESIAN_POINT('',(-6.72131147541E-02,0.294754098361,2.79));
#1164 = CARTESIAN_POINT('',(-6.72131147541E-02,0.322295081967,2.79));
#1165 = CARTESIAN_POINT('',(-6.72131147541E-02,0.349836065574,2.79));
#1166 = CARTESIAN_POINT('',(-6.72131147541E-02,0.37737704918,2.79));
#1167 = ORIENTED_EDGE('',*,*,#1168,.T.);
#1168 = EDGE_CURVE('',#1160,#1169,#1171,.T.);
#1169 = VERTEX_POINT('',#1170);
#1170 = CARTESIAN_POINT('',(-0.280983606557,0.250819672131,2.79));
#1171 = B_SPLINE_CURVE_WITH_KNOTS('',3,(#1172,#1173,#1174,#1175,#1176,
    #1177),.UNSPECIFIED.,.F.,.F.,(4,2,4),(0.445838305026,0.458591882632,
    0.570823365571),.UNSPECIFIED.);
#1172 = CARTESIAN_POINT('',(-6.72131147541E-02,0.37737704918,2.79));
#1173 = CARTESIAN_POINT('',(-7.704918032787E-02,0.380655737705,2.79));
#1174 = CARTESIAN_POINT('',(-8.622950819672E-02,0.381967213115,2.79));
#1175 = CARTESIAN_POINT('',(-0.18262295082,0.381967213115,2.79));
#1176 = CARTESIAN_POINT('',(-0.248852459016,0.333442622951,2.79));
#1177 = CARTESIAN_POINT('',(-0.280983606557,0.250819672131,2.79));
#1178 = ORIENTED_EDGE('',*,*,#1179,.T.);
#1179 = EDGE_CURVE('',#1169,#1180,#1182,.T.);
#1180 = VERTEX_POINT('',#1181);
#1181 = CARTESIAN_POINT('',(-0.283606557377,0.250819672131,2.79));
#1182 = B_SPLINE_CURVE_WITH_KNOTS('',3,(#1183,#1184,#1185,#1186),
  .UNSPECIFIED.,.F.,.F.,(4,4),(0.570823365571,0.572030613488),
  .PIECEWISE_BEZIER_KNOTS.);
#1183 = CARTESIAN_POINT('',(-0.280983606557,0.250819672131,2.79));
#1184 = CARTESIAN_POINT('',(-0.281857923497,0.250819672131,2.79));
#1185 = CARTESIAN_POINT('',(-0.282732240437,0.250819672131,2.79));
#1186 = CARTESIAN_POINT('',(-0.283606557377,0.250819672131,2.79));
#1187 = ORIENTED_EDGE('',*,*,#1188,.T.);
#1188 = EDGE_CURVE('',#1180,#1189,#1191,.T.);
#1189 = VERTEX_POINT('',#1190);
#1190 = CARTESIAN_POINT('',(-0.283606557377,0.366229508197,2.79));
#1191 = B_SPLINE_CURVE_WITH_KNOTS('',3,(#1192,#1193,#1194,#1195),
  .UNSPECIFIED.,.F.,.F.,(4,4),(0.572030613488,0.625149521828),
  .PIECEWISE_BEZIER_KNOTS.);
#1192 = CARTESIAN_POINT('',(-0.283606557377,0.250819672131,2.79));
#1193 = CARTESIAN_POINT('',(-0.283606557377,0.289289617486,2.79));
#1194 = CARTESIAN_POINT('',(-0.283606557377,0.327759562842,2.79));
#1195 = CARTESIAN_POINT('',(-0.283606557377,0.366229508197,2.79));
#1196 = ORIENTED_EDGE('',*,*,#1197,.T.);
#1197 = EDGE_CURVE('',#1189,#1126,#1198,.T.);
#1198 = B_SPLINE_CURVE_WITH_KNOTS('',3,(#1199,#1200,#1201,#1202),
  .UNSPECIFIED.,.F.,.F.,(4,4),(0.625149521828,0.663177831208),
  .PIECEWISE_BEZIER_KNOTS.);
#1199 = CARTESIAN_POINT('',(-0.283606557377,0.366229508197,2.79));
#1200 = CARTESIAN_POINT('',(-0.311147540984,0.366229508197,2.79));
#1201 = CARTESIAN_POINT('',(-0.33868852459,0.366229508197,2.79));
#1202 = CARTESIAN_POINT('',(-0.366229508197,0.366229508197,2.79));
#1203 = PLANE('',#1204);
#1204 = AXIS2_PLACEMENT_3D('',#1205,#1206,#1207);
#1205 = CARTESIAN_POINT('',(-0.283606557377,3.613293928163E-02,2.79));
#1206 = DIRECTION('',(0.,0.,1.));
#1207 = DIRECTION('',(1.,0.,-0.));
#1208 = ADVANCED_FACE('',(#1209),#1235,.F.);
#1209 = FACE_BOUND('',#1210,.T.);
#1210 = EDGE_LOOP('',(#1211,#1222,#1228,#1229));
#1211 = ORIENTED_EDGE('',*,*,#1212,.T.);
#1212 = EDGE_CURVE('',#1213,#1215,#1217,.T.);
#1213 = VERTEX_POINT('',#1214);
#1214 = CARTESIAN_POINT('',(-0.283606557377,0.366229508197,2.8));
#1215 = VERTEX_POINT('',#1216);
#1216 = CARTESIAN_POINT('',(-0.366229508197,0.366229508197,2.8));
#1217 = B_SPLINE_CURVE_WITH_KNOTS('',3,(#1218,#1219,#1220,#1221),
  .UNSPECIFIED.,.F.,.F.,(4,4),(0.625149521828,0.663177831208),
  .PIECEWISE_BEZIER_KNOTS.);
#1218 = CARTESIAN_POINT('',(-0.283606557377,0.366229508197,2.8));
#1219 = CARTESIAN_POINT('',(-0.311147540984,0.366229508197,2.8));
#1220 = CARTESIAN_POINT('',(-0.33868852459,0.366229508197,2.8));
#1221 = CARTESIAN_POINT('',(-0.366229508197,0.366229508197,2.8));
#1222 = ORIENTED_EDGE('',*,*,#1223,.F.);
#1223 = EDGE_CURVE('',#1126,#1215,#1224,.T.);
#1224 = LINE('',#1225,#1226);
#1225 = CARTESIAN_POINT('',(-0.366229508197,0.366229508197,2.79));
#1226 = VECTOR('',#1227,1.);
#1227 = DIRECTION('',(0.,0.,1.));
#1228 = ORIENTED_EDGE('',*,*,#1197,.F.);
#1229 = ORIENTED_EDGE('',*,*,#1230,.T.);
#1230 = EDGE_CURVE('',#1189,#1213,#1231,.T.);
#1231 = LINE('',#1232,#1233);
#1232 = CARTESIAN_POINT('',(-0.283606557377,0.366229508197,2.79));
#1233 = VECTOR('',#1234,1.);
#1234 = DIRECTION('',(0.,0.,1.));
#1235 = PLANE('',#1236);
#1236 = AXIS2_PLACEMENT_3D('',#1237,#1238,#1239);
#1237 = CARTESIAN_POINT('',(-0.283606557377,0.366229508197,2.79));
#1238 = DIRECTION('',(0.,1.,0.));
#1239 = DIRECTION('',(0.,-0.,1.));
#1240 = ADVANCED_FACE('',(#1241),#1260,.F.);
#1241 = FACE_BOUND('',#1242,.T.);
#1242 = EDGE_LOOP('',(#1243,#1252,#1253,#1254));
#1243 = ORIENTED_EDGE('',*,*,#1244,.T.);
#1244 = EDGE_CURVE('',#1245,#1213,#1247,.T.);
#1245 = VERTEX_POINT('',#1246);
#1246 = CARTESIAN_POINT('',(-0.283606557377,0.250819672131,2.8));
#1247 = B_SPLINE_CURVE_WITH_KNOTS('',3,(#1248,#1249,#1250,#1251),
  .UNSPECIFIED.,.F.,.F.,(4,4),(0.572030613488,0.625149521828),
  .PIECEWISE_BEZIER_KNOTS.);
#1248 = CARTESIAN_POINT('',(-0.283606557377,0.250819672131,2.8));
#1249 = CARTESIAN_POINT('',(-0.283606557377,0.289289617486,2.8));
#1250 = CARTESIAN_POINT('',(-0.283606557377,0.327759562842,2.8));
#1251 = CARTESIAN_POINT('',(-0.283606557377,0.366229508197,2.8));
#1252 = ORIENTED_EDGE('',*,*,#1230,.F.);
#1253 = ORIENTED_EDGE('',*,*,#1188,.F.);
#1254 = ORIENTED_EDGE('',*,*,#1255,.T.);
#1255 = EDGE_CURVE('',#1180,#1245,#1256,.T.);
#1256 = LINE('',#1257,#1258);
#1257 = CARTESIAN_POINT('',(-0.283606557377,0.250819672131,2.79));
#1258 = VECTOR('',#1259,1.);
#1259 = DIRECTION('',(0.,0.,1.));
#1260 = PLANE('',#1261);
#1261 = AXIS2_PLACEMENT_3D('',#1262,#1263,#1264);
#1262 = CARTESIAN_POINT('',(-0.283606557377,0.250819672131,2.79));
#1263 = DIRECTION('',(1.,0.,0.));
#1264 = DIRECTION('',(0.,0.,-1.));
#1265 = ADVANCED_FACE('',(#1266),#1285,.F.);
#1266 = FACE_BOUND('',#1267,.T.);
#1267 = EDGE_LOOP('',(#1268,#1277,#1278,#1279));
#1268 = ORIENTED_EDGE('',*,*,#1269,.T.);
#1269 = EDGE_CURVE('',#1270,#1245,#1272,.T.);
#1270 = VERTEX_POINT('',#1271);
#1271 = CARTESIAN_POINT('',(-0.280983606557,0.250819672131,2.8));
#1272 = B_SPLINE_CURVE_WITH_KNOTS('',3,(#1273,#1274,#1275,#1276),
  .UNSPECIFIED.,.F.,.F.,(4,4),(0.570823365571,0.572030613488),
  .PIECEWISE_BEZIER_KNOTS.);
#1273 = CARTESIAN_POINT('',(-0.280983606557,0.250819672131,2.8));
#1274 = CARTESIAN_POINT('',(-0.281857923497,0.250819672131,2.8));
#1275 = CARTESIAN_POINT('',(-0.282732240437,0.250819672131,2.8));
#1276 = CARTESIAN_POINT('',(-0.283606557377,0.250819672131,2.8));
#1277 = ORIENTED_EDGE('',*,*,#1255,.F.);
#1278 = ORIENTED_EDGE('',*,*,#1179,.F.);
#1279 = ORIENTED_EDGE('',*,*,#1280,.T.);
#1280 = EDGE_CURVE('',#1169,#1270,#1281,.T.);
#1281 = LINE('',#1282,#1283);
#1282 = CARTESIAN_POINT('',(-0.280983606557,0.250819672131,2.79));
#1283 = VECTOR('',#1284,1.);
#1284 = DIRECTION('',(0.,0.,1.));
#1285 = PLANE('',#1286);
#1286 = AXIS2_PLACEMENT_3D('',#1287,#1288,#1289);
#1287 = CARTESIAN_POINT('',(-0.280983606557,0.250819672131,2.79));
#1288 = DIRECTION('',(0.,1.,0.));
#1289 = DIRECTION('',(0.,-0.,1.));
#1290 = ADVANCED_FACE('',(#1291),#1312,.F.);
#1291 = FACE_BOUND('',#1292,.F.);
#1292 = EDGE_LOOP('',(#1293,#1301,#1302,#1303));
#1293 = ORIENTED_EDGE('',*,*,#1294,.F.);
#1294 = EDGE_CURVE('',#1160,#1295,#1297,.T.);
#1295 = VERTEX_POINT('',#1296);
#1296 = CARTESIAN_POINT('',(-6.72131147541E-02,0.37737704918,2.8));
#1297 = LINE('',#1298,#1299);
#1298 = CARTESIAN_POINT('',(-6.72131147541E-02,0.37737704918,2.79));
#1299 = VECTOR('',#1300,1.);
#1300 = DIRECTION('',(0.,0.,1.));
#1301 = ORIENTED_EDGE('',*,*,#1168,.T.);
#1302 = ORIENTED_EDGE('',*,*,#1280,.T.);
#1303 = ORIENTED_EDGE('',*,*,#1304,.F.);
#1304 = EDGE_CURVE('',#1295,#1270,#1305,.T.);
#1305 = B_SPLINE_CURVE_WITH_KNOTS('',3,(#1306,#1307,#1308,#1309,#1310,
    #1311),.UNSPECIFIED.,.F.,.F.,(4,2,4),(0.445838305026,0.458591882632,
    0.570823365571),.UNSPECIFIED.);
#1306 = CARTESIAN_POINT('',(-6.72131147541E-02,0.37737704918,2.8));
#1307 = CARTESIAN_POINT('',(-7.704918032787E-02,0.380655737705,2.8));
#1308 = CARTESIAN_POINT('',(-8.622950819672E-02,0.381967213115,2.8));
#1309 = CARTESIAN_POINT('',(-0.18262295082,0.381967213115,2.8));
#1310 = CARTESIAN_POINT('',(-0.248852459016,0.333442622951,2.8));
#1311 = CARTESIAN_POINT('',(-0.280983606557,0.250819672131,2.8));
#1312 = SURFACE_OF_LINEAR_EXTRUSION('',#1313,#1320);
#1313 = B_SPLINE_CURVE_WITH_KNOTS('',3,(#1314,#1315,#1316,#1317,#1318,
    #1319),.UNSPECIFIED.,.F.,.F.,(4,2,4),(0.445838305026,0.458591882632,
    0.570823365571),.UNSPECIFIED.);
#1314 = CARTESIAN_POINT('',(-6.72131147541E-02,0.37737704918,2.79));
#1315 = CARTESIAN_POINT('',(-7.704918032787E-02,0.380655737705,2.79));
#1316 = CARTESIAN_POINT('',(-8.622950819672E-02,0.381967213115,2.79));
#1317 = CARTESIAN_POINT('',(-0.18262295082,0.381967213115,2.79));
#1318 = CARTESIAN_POINT('',(-0.248852459016,0.333442622951,2.79));
#1319 = CARTESIAN_POINT('',(-0.280983606557,0.250819672131,2.79));
#1320 = VECTOR('',#1321,1.);
#1321 = DIRECTION('',(0.,0.,1.));
#1322 = ADVANCED_FACE('',(#1323),#1387,.F.);
#1323 = FACE_BOUND('',#1324,.F.);
#1324 = EDGE_LOOP('',(#1325,#1335,#1358,#1366));
#1325 = ORIENTED_EDGE('',*,*,#1326,.F.);
#1326 = EDGE_CURVE('',#1327,#1329,#1331,.T.);
#1327 = VERTEX_POINT('',#1328);
#1328 = CARTESIAN_POINT('',(-0.885573770492,0.147868852459,2.79));
#1329 = VERTEX_POINT('',#1330);
#1330 = CARTESIAN_POINT('',(-0.885573770492,0.147868852459,2.8));
#1331 = LINE('',#1332,#1333);
#1332 = CARTESIAN_POINT('',(-0.885573770492,0.147868852459,2.79));
#1333 = VECTOR('',#1334,1.);
#1334 = DIRECTION('',(0.,0.,1.));
#1335 = ORIENTED_EDGE('',*,*,#1336,.T.);
#1336 = EDGE_CURVE('',#1327,#1337,#1339,.T.);
#1337 = VERTEX_POINT('',#1338);
#1338 = CARTESIAN_POINT('',(-0.61737704918,-0.259344262295,2.79));
#1339 = B_SPLINE_CURVE_WITH_KNOTS('',3,(#1340,#1341,#1342,#1343,#1344,
    #1345,#1346,#1347,#1348,#1349,#1350,#1351,#1352,#1353,#1354,#1355,
    #1356,#1357),.UNSPECIFIED.,.F.,.F.,(4,2,2,3,3,2,2,4),(0.,
    7.698027471058E-02,0.136117439389,0.189051404975,0.239318908466,
    0.322607153286,0.429216106655,0.498101891908),.UNSPECIFIED.);
#1340 = CARTESIAN_POINT('',(-0.885573770492,0.147868852459,2.79));
#1341 = CARTESIAN_POINT('',(-0.885573770492,0.254098360656,2.79));
#1342 = CARTESIAN_POINT('',(-0.844262295082,0.313114754098,2.79));
#1343 = CARTESIAN_POINT('',(-0.669180327869,0.313114754098,2.79));
#1344 = CARTESIAN_POINT('',(-0.61868852459,0.280327868852,2.79));
#1345 = CARTESIAN_POINT('',(-0.61868852459,0.10262295082,2.79));
#1346 = CARTESIAN_POINT('',(-0.629836065574,8.622950819672E-02,2.79));
#1347 = CARTESIAN_POINT('',(-0.688852459016,7.114754098361E-02,2.79));
#1348 = CARTESIAN_POINT('',(-0.740993067601,5.78227187898E-02,2.79));
#1349 = CARTESIAN_POINT('',(-0.792459016393,4.185792349727E-02,2.79));
#1350 = CARTESIAN_POINT('',(-0.844262295082,2.72131147541E-02,2.79));
#1351 = CARTESIAN_POINT('',(-0.948361623269,-2.215809248196E-03,2.79));
#1352 = CARTESIAN_POINT('',(-0.991803278689,-7.770491803279E-02,2.79));
#1353 = CARTESIAN_POINT('',(-0.991803278689,-0.301967213115,2.79));
#1354 = CARTESIAN_POINT('',(-0.933442622951,-0.38131147541,2.79));
#1355 = CARTESIAN_POINT('',(-0.722950819672,-0.38131147541,2.79));
#1356 = CARTESIAN_POINT('',(-0.650163934426,-0.353770491803,2.79));
#1357 = CARTESIAN_POINT('',(-0.61737704918,-0.259344262295,2.79));
#1358 = ORIENTED_EDGE('',*,*,#1359,.T.);
#1359 = EDGE_CURVE('',#1337,#1360,#1362,.T.);
#1360 = VERTEX_POINT('',#1361);
#1361 = CARTESIAN_POINT('',(-0.61737704918,-0.259344262295,2.8));
#1362 = LINE('',#1363,#1364);
#1363 = CARTESIAN_POINT('',(-0.61737704918,-0.259344262295,2.79));
#1364 = VECTOR('',#1365,1.);
#1365 = DIRECTION('',(0.,0.,1.));
#1366 = ORIENTED_EDGE('',*,*,#1367,.F.);
#1367 = EDGE_CURVE('',#1329,#1360,#1368,.T.);
#1368 = B_SPLINE_CURVE_WITH_KNOTS('',3,(#1369,#1370,#1371,#1372,#1373,
    #1374,#1375,#1376,#1377,#1378,#1379,#1380,#1381,#1382,#1383,#1384,
    #1385,#1386),.UNSPECIFIED.,.F.,.F.,(4,2,2,3,3,2,2,4),(0.,
    7.698027471058E-02,0.136117439389,0.189051404975,0.239318908466,
    0.322607153286,0.429216106655,0.498101891908),.UNSPECIFIED.);
#1369 = CARTESIAN_POINT('',(-0.885573770492,0.147868852459,2.8));
#1370 = CARTESIAN_POINT('',(-0.885573770492,0.254098360656,2.8));
#1371 = CARTESIAN_POINT('',(-0.844262295082,0.313114754098,2.8));
#1372 = CARTESIAN_POINT('',(-0.669180327869,0.313114754098,2.8));
#1373 = CARTESIAN_POINT('',(-0.61868852459,0.280327868852,2.8));
#1374 = CARTESIAN_POINT('',(-0.61868852459,0.10262295082,2.8));
#1375 = CARTESIAN_POINT('',(-0.629836065574,8.622950819672E-02,2.8));
#1376 = CARTESIAN_POINT('',(-0.688852459016,7.114754098361E-02,2.8));
#1377 = CARTESIAN_POINT('',(-0.740993067601,5.78227187898E-02,2.8));
#1378 = CARTESIAN_POINT('',(-0.792459016393,4.185792349727E-02,2.8));
#1379 = CARTESIAN_POINT('',(-0.844262295082,2.72131147541E-02,2.8));
#1380 = CARTESIAN_POINT('',(-0.948361623269,-2.215809248196E-03,2.8));
#1381 = CARTESIAN_POINT('',(-0.991803278689,-7.770491803279E-02,2.8));
#1382 = CARTESIAN_POINT('',(-0.991803278689,-0.301967213115,2.8));
#1383 = CARTESIAN_POINT('',(-0.933442622951,-0.38131147541,2.8));
#1384 = CARTESIAN_POINT('',(-0.722950819672,-0.38131147541,2.8));
#1385 = CARTESIAN_POINT('',(-0.650163934426,-0.353770491803,2.8));
#1386 = CARTESIAN_POINT('',(-0.61737704918,-0.259344262295,2.8));
#1387 = SURFACE_OF_LINEAR_EXTRUSION('',#1388,#1407);
#1388 = B_SPLINE_CURVE_WITH_KNOTS('',3,(#1389,#1390,#1391,#1392,#1393,
    #1394,#1395,#1396,#1397,#1398,#1399,#1400,#1401,#1402,#1403,#1404,
    #1405,#1406),.UNSPECIFIED.,.F.,.F.,(4,2,2,3,3,2,2,4),(0.,
    7.698027471058E-02,0.136117439389,0.189051404975,0.239318908466,
    0.322607153286,0.429216106655,0.498101891908),.UNSPECIFIED.);
#1389 = CARTESIAN_POINT('',(-0.885573770492,0.147868852459,2.79));
#1390 = CARTESIAN_POINT('',(-0.885573770492,0.254098360656,2.79));
#1391 = CARTESIAN_POINT('',(-0.844262295082,0.313114754098,2.79));
#1392 = CARTESIAN_POINT('',(-0.669180327869,0.313114754098,2.79));
#1393 = CARTESIAN_POINT('',(-0.61868852459,0.280327868852,2.79));
#1394 = CARTESIAN_POINT('',(-0.61868852459,0.10262295082,2.79));
#1395 = CARTESIAN_POINT('',(-0.629836065574,8.622950819672E-02,2.79));
#1396 = CARTESIAN_POINT('',(-0.688852459016,7.114754098361E-02,2.79));
#1397 = CARTESIAN_POINT('',(-0.740993067601,5.78227187898E-02,2.79));
#1398 = CARTESIAN_POINT('',(-0.792459016393,4.185792349727E-02,2.79));
#1399 = CARTESIAN_POINT('',(-0.844262295082,2.72131147541E-02,2.79));
#1400 = CARTESIAN_POINT('',(-0.948361623269,-2.215809248196E-03,2.79));
#1401 = CARTESIAN_POINT('',(-0.991803278689,-7.770491803279E-02,2.79));
#1402 = CARTESIAN_POINT('',(-0.991803278689,-0.301967213115,2.79));
#1403 = CARTESIAN_POINT('',(-0.933442622951,-0.38131147541,2.79));
#1404 = CARTESIAN_POINT('',(-0.722950819672,-0.38131147541,2.79));
#1405 = CARTESIAN_POINT('',(-0.650163934426,-0.353770491803,2.79));
#1406 = CARTESIAN_POINT('',(-0.61737704918,-0.259344262295,2.79));
#1407 = VECTOR('',#1408,1.);
#1408 = DIRECTION('',(0.,0.,1.));
#1409 = ADVANCED_FACE('',(#1410),#1437,.F.);
#1410 = FACE_BOUND('',#1411,.T.);
#1411 = EDGE_LOOP('',(#1412,#1421,#1422,#1431));
#1412 = ORIENTED_EDGE('',*,*,#1413,.T.);
#1413 = EDGE_CURVE('',#1414,#1329,#1416,.T.);
#1414 = VERTEX_POINT('',#1415);
#1415 = CARTESIAN_POINT('',(-0.968196721311,0.147868852459,2.8));
#1416 = B_SPLINE_CURVE_WITH_KNOTS('',3,(#1417,#1418,#1419,#1420),
  .UNSPECIFIED.,.F.,.F.,(4,4),(0.97428448164,1.),
  .PIECEWISE_BEZIER_KNOTS.);
#1417 = CARTESIAN_POINT('',(-0.968196721311,0.147868852459,2.8));
#1418 = CARTESIAN_POINT('',(-0.940655737705,0.147868852459,2.8));
#1419 = CARTESIAN_POINT('',(-0.913114754098,0.147868852459,2.8));
#1420 = CARTESIAN_POINT('',(-0.885573770492,0.147868852459,2.8));
#1421 = ORIENTED_EDGE('',*,*,#1326,.F.);
#1422 = ORIENTED_EDGE('',*,*,#1423,.F.);
#1423 = EDGE_CURVE('',#1424,#1327,#1426,.T.);
#1424 = VERTEX_POINT('',#1425);
#1425 = CARTESIAN_POINT('',(-0.968196721311,0.147868852459,2.79));
#1426 = B_SPLINE_CURVE_WITH_KNOTS('',3,(#1427,#1428,#1429,#1430),
  .UNSPECIFIED.,.F.,.F.,(4,4),(0.97428448164,1.),
  .PIECEWISE_BEZIER_KNOTS.);
#1427 = CARTESIAN_POINT('',(-0.968196721311,0.147868852459,2.79));
#1428 = CARTESIAN_POINT('',(-0.940655737705,0.147868852459,2.79));
#1429 = CARTESIAN_POINT('',(-0.913114754098,0.147868852459,2.79));
#1430 = CARTESIAN_POINT('',(-0.885573770492,0.147868852459,2.79));
#1431 = ORIENTED_EDGE('',*,*,#1432,.T.);
#1432 = EDGE_CURVE('',#1424,#1414,#1433,.T.);
#1433 = LINE('',#1434,#1435);
#1434 = CARTESIAN_POINT('',(-0.968196721311,0.147868852459,2.79));
#1435 = VECTOR('',#1436,1.);
#1436 = DIRECTION('',(0.,0.,1.));
#1437 = PLANE('',#1438);
#1438 = AXIS2_PLACEMENT_3D('',#1439,#1440,#1441);
#1439 = CARTESIAN_POINT('',(-0.968196721311,0.147868852459,2.79));
#1440 = DIRECTION('',(0.,-1.,0.));
#1441 = DIRECTION('',(0.,0.,-1.));
#1442 = ADVANCED_FACE('',(#1443),#1557,.F.);
#1443 = FACE_BOUND('',#1444,.T.);
#1444 = EDGE_LOOP('',(#1445,#1454,#1461,#1468,#1475,#1482,#1489,#1496,
    #1503,#1510,#1517,#1524,#1531,#1538,#1545,#1552));
#1445 = ORIENTED_EDGE('',*,*,#1446,.T.);
#1446 = EDGE_CURVE('',#1447,#1449,#1451,.T.);
#1447 = VERTEX_POINT('',#1448);
#1448 = CARTESIAN_POINT('',(-1.892131147541,0.618032786885,2.79));
#1449 = VERTEX_POINT('',#1450);
#1450 = CARTESIAN_POINT('',(-1.892131147541,-0.365573770492,2.79));
#1451 = B_SPLINE_CURVE_WITH_KNOTS('',1,(#1452,#1453),.UNSPECIFIED.,.F.,
  .F.,(2,2),(0.877306443007,1.),.PIECEWISE_BEZIER_KNOTS.);
#1452 = CARTESIAN_POINT('',(-1.892131147541,0.618032786885,2.79));
#1453 = CARTESIAN_POINT('',(-1.892131147541,-0.365573770492,2.79));
#1454 = ORIENTED_EDGE('',*,*,#1455,.T.);
#1455 = EDGE_CURVE('',#1449,#1456,#1458,.T.);
#1456 = VERTEX_POINT('',#1457);
#1457 = CARTESIAN_POINT('',(-1.803606557377,-0.365573770492,2.79));
#1458 = B_SPLINE_CURVE_WITH_KNOTS('',1,(#1459,#1460),.UNSPECIFIED.,.F.,
  .F.,(2,2),(0.,1.104242012937E-02),.PIECEWISE_BEZIER_KNOTS.);
#1459 = CARTESIAN_POINT('',(-1.892131147541,-0.365573770492,2.79));
#1460 = CARTESIAN_POINT('',(-1.803606557377,-0.365573770492,2.79));
#1461 = ORIENTED_EDGE('',*,*,#1462,.T.);
#1462 = EDGE_CURVE('',#1456,#1463,#1465,.T.);
#1463 = VERTEX_POINT('',#1464);
#1464 = CARTESIAN_POINT('',(-1.803606557377,0.535409836066,2.79));
#1465 = B_SPLINE_CURVE_WITH_KNOTS('',1,(#1466,#1467),.UNSPECIFIED.,.F.,
  .F.,(2,2),(1.104242012937E-02,0.123429718335),
  .PIECEWISE_BEZIER_KNOTS.);
#1466 = CARTESIAN_POINT('',(-1.803606557377,-0.365573770492,2.79));
#1467 = CARTESIAN_POINT('',(-1.803606557377,0.535409836066,2.79));
#1468 = ORIENTED_EDGE('',*,*,#1469,.T.);
#1469 = EDGE_CURVE('',#1463,#1470,#1472,.T.);
#1470 = VERTEX_POINT('',#1471);
#1471 = CARTESIAN_POINT('',(-1.800983606557,0.535409836066,2.79));
#1472 = B_SPLINE_CURVE_WITH_KNOTS('',1,(#1473,#1474),.UNSPECIFIED.,.F.,
  .F.,(2,2),(0.123429718335,0.123756901154),.PIECEWISE_BEZIER_KNOTS.);
#1473 = CARTESIAN_POINT('',(-1.803606557377,0.535409836066,2.79));
#1474 = CARTESIAN_POINT('',(-1.800983606557,0.535409836066,2.79));
#1475 = ORIENTED_EDGE('',*,*,#1476,.T.);
#1476 = EDGE_CURVE('',#1470,#1477,#1479,.T.);
#1477 = VERTEX_POINT('',#1478);
#1478 = CARTESIAN_POINT('',(-1.546557377049,-0.365573770492,2.79));
#1479 = B_SPLINE_CURVE_WITH_KNOTS('',1,(#1480,#1481),.UNSPECIFIED.,.F.,
  .F.,(2,2),(0.123756901154,0.240539284437),.PIECEWISE_BEZIER_KNOTS.);
#1480 = CARTESIAN_POINT('',(-1.800983606557,0.535409836066,2.79));
#1481 = CARTESIAN_POINT('',(-1.546557377049,-0.365573770492,2.79));
#1482 = ORIENTED_EDGE('',*,*,#1483,.T.);
#1483 = EDGE_CURVE('',#1477,#1484,#1486,.T.);
#1484 = VERTEX_POINT('',#1485);
#1485 = CARTESIAN_POINT('',(-1.46393442623,-0.365573770492,2.79));
#1486 = B_SPLINE_CURVE_WITH_KNOTS('',1,(#1487,#1488),.UNSPECIFIED.,.F.,
  .F.,(2,2),(0.240539284437,0.250845543225),.PIECEWISE_BEZIER_KNOTS.);
#1487 = CARTESIAN_POINT('',(-1.546557377049,-0.365573770492,2.79));
#1488 = CARTESIAN_POINT('',(-1.46393442623,-0.365573770492,2.79));
#1489 = ORIENTED_EDGE('',*,*,#1490,.T.);
#1490 = EDGE_CURVE('',#1484,#1491,#1493,.T.);
#1491 = VERTEX_POINT('',#1492);
#1492 = CARTESIAN_POINT('',(-1.208852459016,0.535409836066,2.79));
#1493 = B_SPLINE_CURVE_WITH_KNOTS('',1,(#1494,#1495),.UNSPECIFIED.,.F.,
  .F.,(2,2),(0.250845543225,0.367650181801),.PIECEWISE_BEZIER_KNOTS.);
#1494 = CARTESIAN_POINT('',(-1.46393442623,-0.365573770492,2.79));
#1495 = CARTESIAN_POINT('',(-1.208852459016,0.535409836066,2.79));
#1496 = ORIENTED_EDGE('',*,*,#1497,.T.);
#1497 = EDGE_CURVE('',#1491,#1498,#1500,.T.);
#1498 = VERTEX_POINT('',#1499);
#1499 = CARTESIAN_POINT('',(-1.206229508197,0.535409836066,2.79));
#1500 = B_SPLINE_CURVE_WITH_KNOTS('',1,(#1501,#1502),.UNSPECIFIED.,.F.,
  .F.,(2,2),(0.367650181801,0.367977364619),.PIECEWISE_BEZIER_KNOTS.);
#1501 = CARTESIAN_POINT('',(-1.208852459016,0.535409836066,2.79));
#1502 = CARTESIAN_POINT('',(-1.206229508197,0.535409836066,2.79));
#1503 = ORIENTED_EDGE('',*,*,#1504,.T.);
#1504 = EDGE_CURVE('',#1498,#1505,#1507,.T.);
#1505 = VERTEX_POINT('',#1506);
#1506 = CARTESIAN_POINT('',(-1.206229508197,-0.365573770492,2.79));
#1507 = B_SPLINE_CURVE_WITH_KNOTS('',1,(#1508,#1509),.UNSPECIFIED.,.F.,
  .F.,(2,2),(0.367977364619,0.480364662825),.PIECEWISE_BEZIER_KNOTS.);
#1508 = CARTESIAN_POINT('',(-1.206229508197,0.535409836066,2.79));
#1509 = CARTESIAN_POINT('',(-1.206229508197,-0.365573770492,2.79));
#1510 = ORIENTED_EDGE('',*,*,#1511,.T.);
#1511 = EDGE_CURVE('',#1505,#1512,#1514,.T.);
#1512 = VERTEX_POINT('',#1513);
#1513 = CARTESIAN_POINT('',(-1.118360655738,-0.365573770492,2.79));
#1514 = B_SPLINE_CURVE_WITH_KNOTS('',1,(#1515,#1516),.UNSPECIFIED.,.F.,
  .F.,(2,2),(0.480364662825,0.49132528725),.PIECEWISE_BEZIER_KNOTS.);
#1515 = CARTESIAN_POINT('',(-1.206229508197,-0.365573770492,2.79));
#1516 = CARTESIAN_POINT('',(-1.118360655738,-0.365573770492,2.79));
#1517 = ORIENTED_EDGE('',*,*,#1518,.T.);
#1518 = EDGE_CURVE('',#1512,#1519,#1521,.T.);
#1519 = VERTEX_POINT('',#1520);
#1520 = CARTESIAN_POINT('',(-1.118360655738,0.618032786885,2.79));
#1521 = B_SPLINE_CURVE_WITH_KNOTS('',1,(#1522,#1523),.UNSPECIFIED.,.F.,
  .F.,(2,2),(0.49132528725,0.614018844243),.PIECEWISE_BEZIER_KNOTS.);
#1522 = CARTESIAN_POINT('',(-1.118360655738,-0.365573770492,2.79));
#1523 = CARTESIAN_POINT('',(-1.118360655738,0.618032786885,2.79));
#1524 = ORIENTED_EDGE('',*,*,#1525,.T.);
#1525 = EDGE_CURVE('',#1519,#1526,#1528,.T.);
#1526 = VERTEX_POINT('',#1527);
#1527 = CARTESIAN_POINT('',(-1.26262295082,0.618032786885,2.79));
#1528 = B_SPLINE_CURVE_WITH_KNOTS('',1,(#1529,#1530),.UNSPECIFIED.,.F.,
  .F.,(2,2),(0.614018844243,0.632013899268),.PIECEWISE_BEZIER_KNOTS.);
#1529 = CARTESIAN_POINT('',(-1.118360655738,0.618032786885,2.79));
#1530 = CARTESIAN_POINT('',(-1.26262295082,0.618032786885,2.79));
#1531 = ORIENTED_EDGE('',*,*,#1532,.T.);
#1532 = EDGE_CURVE('',#1526,#1533,#1535,.T.);
#1533 = VERTEX_POINT('',#1534);
#1534 = CARTESIAN_POINT('',(-1.499344262295,-0.255409836066,2.79));
#1535 = B_SPLINE_CURVE_WITH_KNOTS('',1,(#1536,#1537),.UNSPECIFIED.,.F.,
  .F.,(2,2),(0.632013899268,0.744896268858),.PIECEWISE_BEZIER_KNOTS.);
#1536 = CARTESIAN_POINT('',(-1.26262295082,0.618032786885,2.79));
#1537 = CARTESIAN_POINT('',(-1.499344262295,-0.255409836066,2.79));
#1538 = ORIENTED_EDGE('',*,*,#1539,.T.);
#1539 = EDGE_CURVE('',#1533,#1540,#1542,.T.);
#1540 = VERTEX_POINT('',#1541);
#1541 = CARTESIAN_POINT('',(-1.50262295082,-0.255409836066,2.79));
#1542 = B_SPLINE_CURVE_WITH_KNOTS('',1,(#1543,#1544),.UNSPECIFIED.,.F.,
  .F.,(2,2),(0.744896268858,0.745305247381),.PIECEWISE_BEZIER_KNOTS.);
#1543 = CARTESIAN_POINT('',(-1.499344262295,-0.255409836066,2.79));
#1544 = CARTESIAN_POINT('',(-1.50262295082,-0.255409836066,2.79));
#1545 = ORIENTED_EDGE('',*,*,#1546,.T.);
#1546 = EDGE_CURVE('',#1540,#1547,#1549,.T.);
#1547 = VERTEX_POINT('',#1548);
#1548 = CARTESIAN_POINT('',(-1.73868852459,0.618032786885,2.79));
#1549 = B_SPLINE_CURVE_WITH_KNOTS('',1,(#1550,#1551),.UNSPECIFIED.,.F.,
  .F.,(2,2),(0.745305247381,0.858166248116),.PIECEWISE_BEZIER_KNOTS.);
#1550 = CARTESIAN_POINT('',(-1.50262295082,-0.255409836066,2.79));
#1551 = CARTESIAN_POINT('',(-1.73868852459,0.618032786885,2.79));
#1552 = ORIENTED_EDGE('',*,*,#1553,.T.);
#1553 = EDGE_CURVE('',#1547,#1447,#1554,.T.);
#1554 = B_SPLINE_CURVE_WITH_KNOTS('',1,(#1555,#1556),.UNSPECIFIED.,.F.,
  .F.,(2,2),(0.858166248116,0.877306443007),.PIECEWISE_BEZIER_KNOTS.);
#1555 = CARTESIAN_POINT('',(-1.73868852459,0.618032786885,2.79));
#1556 = CARTESIAN_POINT('',(-1.892131147541,0.618032786885,2.79));
#1557 = PLANE('',#1558);
#1558 = AXIS2_PLACEMENT_3D('',#1559,#1560,#1561);
#1559 = CARTESIAN_POINT('',(-1.892131147541,0.126229508197,2.79));
#1560 = DIRECTION('',(0.,0.,-1.));
#1561 = DIRECTION('',(-1.,0.,0.));
#1562 = ADVANCED_FACE('',(#1563),#1587,.F.);
#1563 = FACE_BOUND('',#1564,.T.);
#1564 = EDGE_LOOP('',(#1565,#1574,#1580,#1581));
#1565 = ORIENTED_EDGE('',*,*,#1566,.T.);
#1566 = EDGE_CURVE('',#1567,#1569,#1571,.T.);
#1567 = VERTEX_POINT('',#1568);
#1568 = CARTESIAN_POINT('',(-1.73868852459,0.618032786885,2.8));
#1569 = VERTEX_POINT('',#1570);
#1570 = CARTESIAN_POINT('',(-1.892131147541,0.618032786885,2.8));
#1571 = B_SPLINE_CURVE_WITH_KNOTS('',1,(#1572,#1573),.UNSPECIFIED.,.F.,
  .F.,(2,2),(0.858166248116,0.877306443007),.PIECEWISE_BEZIER_KNOTS.);
#1572 = CARTESIAN_POINT('',(-1.73868852459,0.618032786885,2.8));
#1573 = CARTESIAN_POINT('',(-1.892131147541,0.618032786885,2.8));
#1574 = ORIENTED_EDGE('',*,*,#1575,.F.);
#1575 = EDGE_CURVE('',#1447,#1569,#1576,.T.);
#1576 = LINE('',#1577,#1578);
#1577 = CARTESIAN_POINT('',(-1.892131147541,0.618032786885,2.79));
#1578 = VECTOR('',#1579,1.);
#1579 = DIRECTION('',(0.,0.,1.));
#1580 = ORIENTED_EDGE('',*,*,#1553,.F.);
#1581 = ORIENTED_EDGE('',*,*,#1582,.T.);
#1582 = EDGE_CURVE('',#1547,#1567,#1583,.T.);
#1583 = LINE('',#1584,#1585);
#1584 = CARTESIAN_POINT('',(-1.73868852459,0.618032786885,2.79));
#1585 = VECTOR('',#1586,1.);
#1586 = DIRECTION('',(0.,0.,1.));
#1587 = PLANE('',#1588);
#1588 = AXIS2_PLACEMENT_3D('',#1589,#1590,#1591);
#1589 = CARTESIAN_POINT('',(-1.73868852459,0.618032786885,2.79));
#1590 = DIRECTION('',(0.,1.,0.));
#1591 = DIRECTION('',(0.,-0.,1.));
#1592 = ADVANCED_FACE('',(#1593),#1610,.F.);
#1593 = FACE_BOUND('',#1594,.T.);
#1594 = EDGE_LOOP('',(#1595,#1602,#1603,#1604));
#1595 = ORIENTED_EDGE('',*,*,#1596,.T.);
#1596 = EDGE_CURVE('',#1597,#1567,#1599,.T.);
#1597 = VERTEX_POINT('',#1598);
#1598 = CARTESIAN_POINT('',(-1.50262295082,-0.255409836066,2.8));
#1599 = B_SPLINE_CURVE_WITH_KNOTS('',1,(#1600,#1601),.UNSPECIFIED.,.F.,
  .F.,(2,2),(0.745305247381,0.858166248116),.PIECEWISE_BEZIER_KNOTS.);
#1600 = CARTESIAN_POINT('',(-1.50262295082,-0.255409836066,2.8));
#1601 = CARTESIAN_POINT('',(-1.73868852459,0.618032786885,2.8));
#1602 = ORIENTED_EDGE('',*,*,#1582,.F.);
#1603 = ORIENTED_EDGE('',*,*,#1546,.F.);
#1604 = ORIENTED_EDGE('',*,*,#1605,.T.);
#1605 = EDGE_CURVE('',#1540,#1597,#1606,.T.);
#1606 = LINE('',#1607,#1608);
#1607 = CARTESIAN_POINT('',(-1.50262295082,-0.255409836066,2.79));
#1608 = VECTOR('',#1609,1.);
#1609 = DIRECTION('',(0.,0.,1.));
#1610 = PLANE('',#1611);
#1611 = AXIS2_PLACEMENT_3D('',#1612,#1613,#1614);
#1612 = CARTESIAN_POINT('',(-1.50262295082,-0.255409836066,2.79));
#1613 = DIRECTION('',(0.965363393028,0.260909025143,0.));
#1614 = DIRECTION('',(-0.260909025143,0.965363393028,0.));
#1615 = ADVANCED_FACE('',(#1616),#1633,.F.);
#1616 = FACE_BOUND('',#1617,.T.);
#1617 = EDGE_LOOP('',(#1618,#1625,#1626,#1627));
#1618 = ORIENTED_EDGE('',*,*,#1619,.T.);
#1619 = EDGE_CURVE('',#1620,#1597,#1622,.T.);
#1620 = VERTEX_POINT('',#1621);
#1621 = CARTESIAN_POINT('',(-1.499344262295,-0.255409836066,2.8));
#1622 = B_SPLINE_CURVE_WITH_KNOTS('',1,(#1623,#1624),.UNSPECIFIED.,.F.,
  .F.,(2,2),(0.744896268858,0.745305247381),.PIECEWISE_BEZIER_KNOTS.);
#1623 = CARTESIAN_POINT('',(-1.499344262295,-0.255409836066,2.8));
#1624 = CARTESIAN_POINT('',(-1.50262295082,-0.255409836066,2.8));
#1625 = ORIENTED_EDGE('',*,*,#1605,.F.);
#1626 = ORIENTED_EDGE('',*,*,#1539,.F.);
#1627 = ORIENTED_EDGE('',*,*,#1628,.T.);
#1628 = EDGE_CURVE('',#1533,#1620,#1629,.T.);
#1629 = LINE('',#1630,#1631);
#1630 = CARTESIAN_POINT('',(-1.499344262295,-0.255409836066,2.79));
#1631 = VECTOR('',#1632,1.);
#1632 = DIRECTION('',(0.,0.,1.));
#1633 = PLANE('',#1634);
#1634 = AXIS2_PLACEMENT_3D('',#1635,#1636,#1637);
#1635 = CARTESIAN_POINT('',(-1.499344262295,-0.255409836066,2.79));
#1636 = DIRECTION('',(0.,1.,0.));
#1637 = DIRECTION('',(0.,-0.,1.));
#1638 = ADVANCED_FACE('',(#1639),#1656,.F.);
#1639 = FACE_BOUND('',#1640,.T.);
#1640 = EDGE_LOOP('',(#1641,#1648,#1649,#1650));
#1641 = ORIENTED_EDGE('',*,*,#1642,.T.);
#1642 = EDGE_CURVE('',#1643,#1620,#1645,.T.);
#1643 = VERTEX_POINT('',#1644);
#1644 = CARTESIAN_POINT('',(-1.26262295082,0.618032786885,2.8));
#1645 = B_SPLINE_CURVE_WITH_KNOTS('',1,(#1646,#1647),.UNSPECIFIED.,.F.,
  .F.,(2,2),(0.632013899268,0.744896268858),.PIECEWISE_BEZIER_KNOTS.);
#1646 = CARTESIAN_POINT('',(-1.26262295082,0.618032786885,2.8));
#1647 = CARTESIAN_POINT('',(-1.499344262295,-0.255409836066,2.8));
#1648 = ORIENTED_EDGE('',*,*,#1628,.F.);
#1649 = ORIENTED_EDGE('',*,*,#1532,.F.);
#1650 = ORIENTED_EDGE('',*,*,#1651,.T.);
#1651 = EDGE_CURVE('',#1526,#1643,#1652,.T.);
#1652 = LINE('',#1653,#1654);
#1653 = CARTESIAN_POINT('',(-1.26262295082,0.618032786885,2.79));
#1654 = VECTOR('',#1655,1.);
#1655 = DIRECTION('',(0.,0.,1.));
#1656 = PLANE('',#1657);
#1657 = AXIS2_PLACEMENT_3D('',#1658,#1659,#1660);
#1658 = CARTESIAN_POINT('',(-1.26262295082,0.618032786885,2.79));
#1659 = DIRECTION('',(-0.965180647834,0.261584244646,0.));
#1660 = DIRECTION('',(-0.261584244646,-0.965180647834,0.));
#1661 = ADVANCED_FACE('',(#1662),#1679,.F.);
#1662 = FACE_BOUND('',#1663,.T.);
#1663 = EDGE_LOOP('',(#1664,#1671,#1672,#1673));
#1664 = ORIENTED_EDGE('',*,*,#1665,.T.);
#1665 = EDGE_CURVE('',#1666,#1643,#1668,.T.);
#1666 = VERTEX_POINT('',#1667);
#1667 = CARTESIAN_POINT('',(-1.118360655738,0.618032786885,2.8));
#1668 = B_SPLINE_CURVE_WITH_KNOTS('',1,(#1669,#1670),.UNSPECIFIED.,.F.,
  .F.,(2,2),(0.614018844243,0.632013899268),.PIECEWISE_BEZIER_KNOTS.);
#1669 = CARTESIAN_POINT('',(-1.118360655738,0.618032786885,2.8));
#1670 = CARTESIAN_POINT('',(-1.26262295082,0.618032786885,2.8));
#1671 = ORIENTED_EDGE('',*,*,#1651,.F.);
#1672 = ORIENTED_EDGE('',*,*,#1525,.F.);
#1673 = ORIENTED_EDGE('',*,*,#1674,.T.);
#1674 = EDGE_CURVE('',#1519,#1666,#1675,.T.);
#1675 = LINE('',#1676,#1677);
#1676 = CARTESIAN_POINT('',(-1.118360655738,0.618032786885,2.79));
#1677 = VECTOR('',#1678,1.);
#1678 = DIRECTION('',(0.,0.,1.));
#1679 = PLANE('',#1680);
#1680 = AXIS2_PLACEMENT_3D('',#1681,#1682,#1683);
#1681 = CARTESIAN_POINT('',(-1.118360655738,0.618032786885,2.79));
#1682 = DIRECTION('',(0.,1.,0.));
#1683 = DIRECTION('',(0.,-0.,1.));
#1684 = ADVANCED_FACE('',(#1685),#1702,.F.);
#1685 = FACE_BOUND('',#1686,.T.);
#1686 = EDGE_LOOP('',(#1687,#1694,#1695,#1696));
#1687 = ORIENTED_EDGE('',*,*,#1688,.T.);
#1688 = EDGE_CURVE('',#1689,#1666,#1691,.T.);
#1689 = VERTEX_POINT('',#1690);
#1690 = CARTESIAN_POINT('',(-1.118360655738,-0.365573770492,2.8));
#1691 = B_SPLINE_CURVE_WITH_KNOTS('',1,(#1692,#1693),.UNSPECIFIED.,.F.,
  .F.,(2,2),(0.49132528725,0.614018844243),.PIECEWISE_BEZIER_KNOTS.);
#1692 = CARTESIAN_POINT('',(-1.118360655738,-0.365573770492,2.8));
#1693 = CARTESIAN_POINT('',(-1.118360655738,0.618032786885,2.8));
#1694 = ORIENTED_EDGE('',*,*,#1674,.F.);
#1695 = ORIENTED_EDGE('',*,*,#1518,.F.);
#1696 = ORIENTED_EDGE('',*,*,#1697,.T.);
#1697 = EDGE_CURVE('',#1512,#1689,#1698,.T.);
#1698 = LINE('',#1699,#1700);
#1699 = CARTESIAN_POINT('',(-1.118360655738,-0.365573770492,2.79));
#1700 = VECTOR('',#1701,1.);
#1701 = DIRECTION('',(0.,0.,1.));
#1702 = PLANE('',#1703);
#1703 = AXIS2_PLACEMENT_3D('',#1704,#1705,#1706);
#1704 = CARTESIAN_POINT('',(-1.118360655738,-0.365573770492,2.79));
#1705 = DIRECTION('',(1.,0.,0.));
#1706 = DIRECTION('',(0.,0.,-1.));
#1707 = ADVANCED_FACE('',(#1708),#1725,.F.);
#1708 = FACE_BOUND('',#1709,.T.);
#1709 = EDGE_LOOP('',(#1710,#1717,#1718,#1719));
#1710 = ORIENTED_EDGE('',*,*,#1711,.T.);
#1711 = EDGE_CURVE('',#1712,#1689,#1714,.T.);
#1712 = VERTEX_POINT('',#1713);
#1713 = CARTESIAN_POINT('',(-1.206229508197,-0.365573770492,2.8));
#1714 = B_SPLINE_CURVE_WITH_KNOTS('',1,(#1715,#1716),.UNSPECIFIED.,.F.,
  .F.,(2,2),(0.480364662825,0.49132528725),.PIECEWISE_BEZIER_KNOTS.);
#1715 = CARTESIAN_POINT('',(-1.206229508197,-0.365573770492,2.8));
#1716 = CARTESIAN_POINT('',(-1.118360655738,-0.365573770492,2.8));
#1717 = ORIENTED_EDGE('',*,*,#1697,.F.);
#1718 = ORIENTED_EDGE('',*,*,#1511,.F.);
#1719 = ORIENTED_EDGE('',*,*,#1720,.T.);
#1720 = EDGE_CURVE('',#1505,#1712,#1721,.T.);
#1721 = LINE('',#1722,#1723);
#1722 = CARTESIAN_POINT('',(-1.206229508197,-0.365573770492,2.79));
#1723 = VECTOR('',#1724,1.);
#1724 = DIRECTION('',(0.,0.,1.));
#1725 = PLANE('',#1726);
#1726 = AXIS2_PLACEMENT_3D('',#1727,#1728,#1729);
#1727 = CARTESIAN_POINT('',(-1.206229508197,-0.365573770492,2.79));
#1728 = DIRECTION('',(0.,-1.,0.));
#1729 = DIRECTION('',(0.,0.,-1.));
#1730 = ADVANCED_FACE('',(#1731),#1748,.F.);
#1731 = FACE_BOUND('',#1732,.T.);
#1732 = EDGE_LOOP('',(#1733,#1740,#1741,#1742));
#1733 = ORIENTED_EDGE('',*,*,#1734,.T.);
#1734 = EDGE_CURVE('',#1735,#1712,#1737,.T.);
#1735 = VERTEX_POINT('',#1736);
#1736 = CARTESIAN_POINT('',(-1.206229508197,0.535409836066,2.8));
#1737 = B_SPLINE_CURVE_WITH_KNOTS('',1,(#1738,#1739),.UNSPECIFIED.,.F.,
  .F.,(2,2),(0.367977364619,0.480364662825),.PIECEWISE_BEZIER_KNOTS.);
#1738 = CARTESIAN_POINT('',(-1.206229508197,0.535409836066,2.8));
#1739 = CARTESIAN_POINT('',(-1.206229508197,-0.365573770492,2.8));
#1740 = ORIENTED_EDGE('',*,*,#1720,.F.);
#1741 = ORIENTED_EDGE('',*,*,#1504,.F.);
#1742 = ORIENTED_EDGE('',*,*,#1743,.T.);
#1743 = EDGE_CURVE('',#1498,#1735,#1744,.T.);
#1744 = LINE('',#1745,#1746);
#1745 = CARTESIAN_POINT('',(-1.206229508197,0.535409836066,2.79));
#1746 = VECTOR('',#1747,1.);
#1747 = DIRECTION('',(0.,0.,1.));
#1748 = PLANE('',#1749);
#1749 = AXIS2_PLACEMENT_3D('',#1750,#1751,#1752);
#1750 = CARTESIAN_POINT('',(-1.206229508197,0.535409836066,2.79));
#1751 = DIRECTION('',(-1.,0.,0.));
#1752 = DIRECTION('',(0.,0.,1.));
#1753 = ADVANCED_FACE('',(#1754),#1771,.F.);
#1754 = FACE_BOUND('',#1755,.T.);
#1755 = EDGE_LOOP('',(#1756,#1763,#1764,#1765));
#1756 = ORIENTED_EDGE('',*,*,#1757,.T.);
#1757 = EDGE_CURVE('',#1758,#1735,#1760,.T.);
#1758 = VERTEX_POINT('',#1759);
#1759 = CARTESIAN_POINT('',(-1.208852459016,0.535409836066,2.8));
#1760 = B_SPLINE_CURVE_WITH_KNOTS('',1,(#1761,#1762),.UNSPECIFIED.,.F.,
  .F.,(2,2),(0.367650181801,0.367977364619),.PIECEWISE_BEZIER_KNOTS.);
#1761 = CARTESIAN_POINT('',(-1.208852459016,0.535409836066,2.8));
#1762 = CARTESIAN_POINT('',(-1.206229508197,0.535409836066,2.8));
#1763 = ORIENTED_EDGE('',*,*,#1743,.F.);
#1764 = ORIENTED_EDGE('',*,*,#1497,.F.);
#1765 = ORIENTED_EDGE('',*,*,#1766,.T.);
#1766 = EDGE_CURVE('',#1491,#1758,#1767,.T.);
#1767 = LINE('',#1768,#1769);
#1768 = CARTESIAN_POINT('',(-1.208852459016,0.535409836066,2.79));
#1769 = VECTOR('',#1770,1.);
#1770 = DIRECTION('',(0.,0.,1.));
#1771 = PLANE('',#1772);
#1772 = AXIS2_PLACEMENT_3D('',#1773,#1774,#1775);
#1773 = CARTESIAN_POINT('',(-1.208852459016,0.535409836066,2.79));
#1774 = DIRECTION('',(0.,-1.,0.));
#1775 = DIRECTION('',(0.,0.,-1.));
#1776 = ADVANCED_FACE('',(#1777),#1794,.F.);
#1777 = FACE_BOUND('',#1778,.T.);
#1778 = EDGE_LOOP('',(#1779,#1786,#1787,#1788));
#1779 = ORIENTED_EDGE('',*,*,#1780,.T.);
#1780 = EDGE_CURVE('',#1781,#1758,#1783,.T.);
#1781 = VERTEX_POINT('',#1782);
#1782 = CARTESIAN_POINT('',(-1.46393442623,-0.365573770492,2.8));
#1783 = B_SPLINE_CURVE_WITH_KNOTS('',1,(#1784,#1785),.UNSPECIFIED.,.F.,
  .F.,(2,2),(0.250845543225,0.367650181801),.PIECEWISE_BEZIER_KNOTS.);
#1784 = CARTESIAN_POINT('',(-1.46393442623,-0.365573770492,2.8));
#1785 = CARTESIAN_POINT('',(-1.208852459016,0.535409836066,2.8));
#1786 = ORIENTED_EDGE('',*,*,#1766,.F.);
#1787 = ORIENTED_EDGE('',*,*,#1490,.F.);
#1788 = ORIENTED_EDGE('',*,*,#1789,.T.);
#1789 = EDGE_CURVE('',#1484,#1781,#1790,.T.);
#1790 = LINE('',#1791,#1792);
#1791 = CARTESIAN_POINT('',(-1.46393442623,-0.365573770492,2.79));
#1792 = VECTOR('',#1793,1.);
#1793 = DIRECTION('',(0.,0.,1.));
#1794 = PLANE('',#1795);
#1795 = AXIS2_PLACEMENT_3D('',#1796,#1797,#1798);
#1796 = CARTESIAN_POINT('',(-1.46393442623,-0.365573770492,2.79));
#1797 = DIRECTION('',(0.962181806952,-0.272408095273,0.));
#1798 = DIRECTION('',(0.272408095273,0.962181806952,0.));
#1799 = ADVANCED_FACE('',(#1800),#1817,.F.);
#1800 = FACE_BOUND('',#1801,.T.);
#1801 = EDGE_LOOP('',(#1802,#1809,#1810,#1811));
#1802 = ORIENTED_EDGE('',*,*,#1803,.T.);
#1803 = EDGE_CURVE('',#1804,#1781,#1806,.T.);
#1804 = VERTEX_POINT('',#1805);
#1805 = CARTESIAN_POINT('',(-1.546557377049,-0.365573770492,2.8));
#1806 = B_SPLINE_CURVE_WITH_KNOTS('',1,(#1807,#1808),.UNSPECIFIED.,.F.,
  .F.,(2,2),(0.240539284437,0.250845543225),.PIECEWISE_BEZIER_KNOTS.);
#1807 = CARTESIAN_POINT('',(-1.546557377049,-0.365573770492,2.8));
#1808 = CARTESIAN_POINT('',(-1.46393442623,-0.365573770492,2.8));
#1809 = ORIENTED_EDGE('',*,*,#1789,.F.);
#1810 = ORIENTED_EDGE('',*,*,#1483,.F.);
#1811 = ORIENTED_EDGE('',*,*,#1812,.T.);
#1812 = EDGE_CURVE('',#1477,#1804,#1813,.T.);
#1813 = LINE('',#1814,#1815);
#1814 = CARTESIAN_POINT('',(-1.546557377049,-0.365573770492,2.79));
#1815 = VECTOR('',#1816,1.);
#1816 = DIRECTION('',(0.,0.,1.));
#1817 = PLANE('',#1818);
#1818 = AXIS2_PLACEMENT_3D('',#1819,#1820,#1821);
#1819 = CARTESIAN_POINT('',(-1.546557377049,-0.365573770492,2.79));
#1820 = DIRECTION('',(0.,-1.,0.));
#1821 = DIRECTION('',(0.,0.,-1.));
#1822 = ADVANCED_FACE('',(#1823),#1840,.F.);
#1823 = FACE_BOUND('',#1824,.T.);
#1824 = EDGE_LOOP('',(#1825,#1832,#1833,#1834));
#1825 = ORIENTED_EDGE('',*,*,#1826,.T.);
#1826 = EDGE_CURVE('',#1827,#1804,#1829,.T.);
#1827 = VERTEX_POINT('',#1828);
#1828 = CARTESIAN_POINT('',(-1.800983606557,0.535409836066,2.8));
#1829 = B_SPLINE_CURVE_WITH_KNOTS('',1,(#1830,#1831),.UNSPECIFIED.,.F.,
  .F.,(2,2),(0.123756901154,0.240539284437),.PIECEWISE_BEZIER_KNOTS.);
#1830 = CARTESIAN_POINT('',(-1.800983606557,0.535409836066,2.8));
#1831 = CARTESIAN_POINT('',(-1.546557377049,-0.365573770492,2.8));
#1832 = ORIENTED_EDGE('',*,*,#1812,.F.);
#1833 = ORIENTED_EDGE('',*,*,#1476,.F.);
#1834 = ORIENTED_EDGE('',*,*,#1835,.T.);
#1835 = EDGE_CURVE('',#1470,#1827,#1836,.T.);
#1836 = LINE('',#1837,#1838);
#1837 = CARTESIAN_POINT('',(-1.800983606557,0.535409836066,2.79));
#1838 = VECTOR('',#1839,1.);
#1839 = DIRECTION('',(0.,0.,1.));
#1840 = PLANE('',#1841);
#1841 = AXIS2_PLACEMENT_3D('',#1842,#1843,#1844);
#1842 = CARTESIAN_POINT('',(-1.800983606557,0.535409836066,2.79));
#1843 = DIRECTION('',(-0.962365170546,-0.271759596923,0.));
#1844 = DIRECTION('',(0.271759596923,-0.962365170546,0.));
#1845 = ADVANCED_FACE('',(#1846),#1863,.F.);
#1846 = FACE_BOUND('',#1847,.T.);
#1847 = EDGE_LOOP('',(#1848,#1855,#1856,#1857));
#1848 = ORIENTED_EDGE('',*,*,#1849,.T.);
#1849 = EDGE_CURVE('',#1850,#1827,#1852,.T.);
#1850 = VERTEX_POINT('',#1851);
#1851 = CARTESIAN_POINT('',(-1.803606557377,0.535409836066,2.8));
#1852 = B_SPLINE_CURVE_WITH_KNOTS('',1,(#1853,#1854),.UNSPECIFIED.,.F.,
  .F.,(2,2),(0.123429718335,0.123756901154),.PIECEWISE_BEZIER_KNOTS.);
#1853 = CARTESIAN_POINT('',(-1.803606557377,0.535409836066,2.8));
#1854 = CARTESIAN_POINT('',(-1.800983606557,0.535409836066,2.8));
#1855 = ORIENTED_EDGE('',*,*,#1835,.F.);
#1856 = ORIENTED_EDGE('',*,*,#1469,.F.);
#1857 = ORIENTED_EDGE('',*,*,#1858,.T.);
#1858 = EDGE_CURVE('',#1463,#1850,#1859,.T.);
#1859 = LINE('',#1860,#1861);
#1860 = CARTESIAN_POINT('',(-1.803606557377,0.535409836066,2.79));
#1861 = VECTOR('',#1862,1.);
#1862 = DIRECTION('',(0.,0.,1.));
#1863 = PLANE('',#1864);
#1864 = AXIS2_PLACEMENT_3D('',#1865,#1866,#1867);
#1865 = CARTESIAN_POINT('',(-1.803606557377,0.535409836066,2.79));
#1866 = DIRECTION('',(0.,-1.,0.));
#1867 = DIRECTION('',(0.,0.,-1.));
#1868 = ADVANCED_FACE('',(#1869),#1886,.F.);
#1869 = FACE_BOUND('',#1870,.T.);
#1870 = EDGE_LOOP('',(#1871,#1878,#1879,#1880));
#1871 = ORIENTED_EDGE('',*,*,#1872,.T.);
#1872 = EDGE_CURVE('',#1873,#1850,#1875,.T.);
#1873 = VERTEX_POINT('',#1874);
#1874 = CARTESIAN_POINT('',(-1.803606557377,-0.365573770492,2.8));
#1875 = B_SPLINE_CURVE_WITH_KNOTS('',1,(#1876,#1877),.UNSPECIFIED.,.F.,
  .F.,(2,2),(1.104242012937E-02,0.123429718335),
  .PIECEWISE_BEZIER_KNOTS.);
#1876 = CARTESIAN_POINT('',(-1.803606557377,-0.365573770492,2.8));
#1877 = CARTESIAN_POINT('',(-1.803606557377,0.535409836066,2.8));
#1878 = ORIENTED_EDGE('',*,*,#1858,.F.);
#1879 = ORIENTED_EDGE('',*,*,#1462,.F.);
#1880 = ORIENTED_EDGE('',*,*,#1881,.T.);
#1881 = EDGE_CURVE('',#1456,#1873,#1882,.T.);
#1882 = LINE('',#1883,#1884);
#1883 = CARTESIAN_POINT('',(-1.803606557377,-0.365573770492,2.79));
#1884 = VECTOR('',#1885,1.);
#1885 = DIRECTION('',(0.,0.,1.));
#1886 = PLANE('',#1887);
#1887 = AXIS2_PLACEMENT_3D('',#1888,#1889,#1890);
#1888 = CARTESIAN_POINT('',(-1.803606557377,-0.365573770492,2.79));
#1889 = DIRECTION('',(1.,0.,0.));
#1890 = DIRECTION('',(0.,0.,-1.));
#1891 = ADVANCED_FACE('',(#1892),#1909,.F.);
#1892 = FACE_BOUND('',#1893,.T.);
#1893 = EDGE_LOOP('',(#1894,#1901,#1902,#1903));
#1894 = ORIENTED_EDGE('',*,*,#1895,.T.);
#1895 = EDGE_CURVE('',#1896,#1873,#1898,.T.);
#1896 = VERTEX_POINT('',#1897);
#1897 = CARTESIAN_POINT('',(-1.892131147541,-0.365573770492,2.8));
#1898 = B_SPLINE_CURVE_WITH_KNOTS('',1,(#1899,#1900),.UNSPECIFIED.,.F.,
  .F.,(2,2),(0.,1.104242012937E-02),.PIECEWISE_BEZIER_KNOTS.);
#1899 = CARTESIAN_POINT('',(-1.892131147541,-0.365573770492,2.8));
#1900 = CARTESIAN_POINT('',(-1.803606557377,-0.365573770492,2.8));
#1901 = ORIENTED_EDGE('',*,*,#1881,.F.);
#1902 = ORIENTED_EDGE('',*,*,#1455,.F.);
#1903 = ORIENTED_EDGE('',*,*,#1904,.T.);
#1904 = EDGE_CURVE('',#1449,#1896,#1905,.T.);
#1905 = LINE('',#1906,#1907);
#1906 = CARTESIAN_POINT('',(-1.892131147541,-0.365573770492,2.79));
#1907 = VECTOR('',#1908,1.);
#1908 = DIRECTION('',(0.,0.,1.));
#1909 = PLANE('',#1910);
#1910 = AXIS2_PLACEMENT_3D('',#1911,#1912,#1913);
#1911 = CARTESIAN_POINT('',(-1.892131147541,-0.365573770492,2.79));
#1912 = DIRECTION('',(0.,-1.,0.));
#1913 = DIRECTION('',(0.,0.,-1.));
#1914 = ADVANCED_FACE('',(#1915),#1925,.F.);
#1915 = FACE_BOUND('',#1916,.T.);
#1916 = EDGE_LOOP('',(#1917,#1922,#1923,#1924));
#1917 = ORIENTED_EDGE('',*,*,#1918,.T.);
#1918 = EDGE_CURVE('',#1569,#1896,#1919,.T.);
#1919 = B_SPLINE_CURVE_WITH_KNOTS('',1,(#1920,#1921),.UNSPECIFIED.,.F.,
  .F.,(2,2),(0.877306443007,1.),.PIECEWISE_BEZIER_KNOTS.);
#1920 = CARTESIAN_POINT('',(-1.892131147541,0.618032786885,2.8));
#1921 = CARTESIAN_POINT('',(-1.892131147541,-0.365573770492,2.8));
#1922 = ORIENTED_EDGE('',*,*,#1904,.F.);
#1923 = ORIENTED_EDGE('',*,*,#1446,.F.);
#1924 = ORIENTED_EDGE('',*,*,#1575,.T.);
#1925 = PLANE('',#1926);
#1926 = AXIS2_PLACEMENT_3D('',#1927,#1928,#1929);
#1927 = CARTESIAN_POINT('',(-1.892131147541,0.618032786885,2.79));
#1928 = DIRECTION('',(-1.,0.,0.));
#1929 = DIRECTION('',(0.,0.,1.));
#1930 = ADVANCED_FACE('',(#1931),#1965,.T.);
#1931 = FACE_BOUND('',#1932,.T.);
#1932 = EDGE_LOOP('',(#1933,#1943,#1951,#1959));
#1933 = ORIENTED_EDGE('',*,*,#1934,.T.);
#1934 = EDGE_CURVE('',#1935,#1937,#1939,.T.);
#1935 = VERTEX_POINT('',#1936);
#1936 = CARTESIAN_POINT('',(2.6,0.75,1.5));
#1937 = VERTEX_POINT('',#1938);
#1938 = CARTESIAN_POINT('',(2.6,-0.75,1.5));
#1939 = LINE('',#1940,#1941);
#1940 = CARTESIAN_POINT('',(2.6,0.75,1.5));
#1941 = VECTOR('',#1942,1.);
#1942 = DIRECTION('',(0.,-1.,0.));
#1943 = ORIENTED_EDGE('',*,*,#1944,.T.);
#1944 = EDGE_CURVE('',#1937,#1945,#1947,.T.);
#1945 = VERTEX_POINT('',#1946);
#1946 = CARTESIAN_POINT('',(2.4,-0.75,1.5));
#1947 = LINE('',#1948,#1949);
#1948 = CARTESIAN_POINT('',(2.6,-0.75,1.5));
#1949 = VECTOR('',#1950,1.);
#1950 = DIRECTION('',(-1.,-1.084202172486E-15,0.));
#1951 = ORIENTED_EDGE('',*,*,#1952,.T.);
#1952 = EDGE_CURVE('',#1945,#1953,#1955,.T.);
#1953 = VERTEX_POINT('',#1954);
#1954 = CARTESIAN_POINT('',(2.4,0.75,1.5));
#1955 = LINE('',#1956,#1957);
#1956 = CARTESIAN_POINT('',(2.4,-0.75,1.5));
#1957 = VECTOR('',#1958,1.);
#1958 = DIRECTION('',(0.,1.,0.));
#1959 = ORIENTED_EDGE('',*,*,#1960,.T.);
#1960 = EDGE_CURVE('',#1953,#1935,#1961,.T.);
#1961 = LINE('',#1962,#1963);
#1962 = CARTESIAN_POINT('',(2.4,0.75,1.5));
#1963 = VECTOR('',#1964,1.);
#1964 = DIRECTION('',(1.,-1.084202172486E-15,0.));
#1965 = PLANE('',#1966);
#1966 = AXIS2_PLACEMENT_3D('',#1967,#1968,#1969);
#1967 = CARTESIAN_POINT('',(0.,0.,1.5));
#1968 = DIRECTION('',(0.,0.,-1.));
#1969 = DIRECTION('',(-1.,0.,0.));
#1970 = ADVANCED_FACE('',(#1971),#1996,.F.);
#1971 = FACE_BOUND('',#1972,.T.);
#1972 = EDGE_LOOP('',(#1973,#1981,#1982,#1990));
#1973 = ORIENTED_EDGE('',*,*,#1974,.F.);
#1974 = EDGE_CURVE('',#1953,#1975,#1977,.T.);
#1975 = VERTEX_POINT('',#1976);
#1976 = CARTESIAN_POINT('',(2.4,0.75,0.2));
#1977 = LINE('',#1978,#1979);
#1978 = CARTESIAN_POINT('',(2.4,0.75,1.5));
#1979 = VECTOR('',#1980,1.);
#1980 = DIRECTION('',(0.,0.,-1.));
#1981 = ORIENTED_EDGE('',*,*,#1952,.F.);
#1982 = ORIENTED_EDGE('',*,*,#1983,.T.);
#1983 = EDGE_CURVE('',#1945,#1984,#1986,.T.);
#1984 = VERTEX_POINT('',#1985);
#1985 = CARTESIAN_POINT('',(2.4,-0.75,0.2));
#1986 = LINE('',#1987,#1988);
#1987 = CARTESIAN_POINT('',(2.4,-0.75,1.5));
#1988 = VECTOR('',#1989,1.);
#1989 = DIRECTION('',(0.,0.,-1.));
#1990 = ORIENTED_EDGE('',*,*,#1991,.F.);
#1991 = EDGE_CURVE('',#1975,#1984,#1992,.T.);
#1992 = LINE('',#1993,#1994);
#1993 = CARTESIAN_POINT('',(2.4,-0.75,0.2));
#1994 = VECTOR('',#1995,1.);
#1995 = DIRECTION('',(0.,-1.,0.));
#1996 = PLANE('',#1997);
#1997 = AXIS2_PLACEMENT_3D('',#1998,#1999,#2000);
#1998 = CARTESIAN_POINT('',(2.4,-0.75,1.5));
#1999 = DIRECTION('',(-1.,0.,0.));
#2000 = DIRECTION('',(0.,0.,1.));
#2001 = ADVANCED_FACE('',(#2002),#2036,.F.);
#2002 = FACE_BOUND('',#2003,.T.);
#2003 = EDGE_LOOP('',(#2004,#2014,#2022,#2030));
#2004 = ORIENTED_EDGE('',*,*,#2005,.F.);
#2005 = EDGE_CURVE('',#2006,#2008,#2010,.T.);
#2006 = VERTEX_POINT('',#2007);
#2007 = CARTESIAN_POINT('',(-2.6,0.75,1.5));
#2008 = VERTEX_POINT('',#2009);
#2009 = CARTESIAN_POINT('',(-2.6,-0.75,1.5));
#2010 = LINE('',#2011,#2012);
#2011 = CARTESIAN_POINT('',(-2.6,0.75,1.5));
#2012 = VECTOR('',#2013,1.);
#2013 = DIRECTION('',(-2.891205793295E-16,-1.,0.));
#2014 = ORIENTED_EDGE('',*,*,#2015,.F.);
#2015 = EDGE_CURVE('',#2016,#2006,#2018,.T.);
#2016 = VERTEX_POINT('',#2017);
#2017 = CARTESIAN_POINT('',(-2.4,0.75,1.5));
#2018 = LINE('',#2019,#2020);
#2019 = CARTESIAN_POINT('',(-2.4,0.75,1.5));
#2020 = VECTOR('',#2021,1.);
#2021 = DIRECTION('',(-1.,5.421010862428E-16,0.));
#2022 = ORIENTED_EDGE('',*,*,#2023,.F.);
#2023 = EDGE_CURVE('',#2024,#2016,#2026,.T.);
#2024 = VERTEX_POINT('',#2025);
#2025 = CARTESIAN_POINT('',(-2.4,-0.75,1.5));
#2026 = LINE('',#2027,#2028);
#2027 = CARTESIAN_POINT('',(-2.4,-0.75,1.5));
#2028 = VECTOR('',#2029,1.);
#2029 = DIRECTION('',(0.,1.,0.));
#2030 = ORIENTED_EDGE('',*,*,#2031,.F.);
#2031 = EDGE_CURVE('',#2008,#2024,#2032,.T.);
#2032 = LINE('',#2033,#2034);
#2033 = CARTESIAN_POINT('',(-2.6,-0.75,1.5));
#2034 = VECTOR('',#2035,1.);
#2035 = DIRECTION('',(1.,7.047314121156E-15,0.));
#2036 = PLANE('',#2037);
#2037 = AXIS2_PLACEMENT_3D('',#2038,#2039,#2040);
#2038 = CARTESIAN_POINT('',(0.,0.,1.5));
#2039 = DIRECTION('',(0.,0.,1.));
#2040 = DIRECTION('',(1.,0.,-0.));
#2041 = ADVANCED_FACE('',(#2042),#2067,.T.);
#2042 = FACE_BOUND('',#2043,.T.);
#2043 = EDGE_LOOP('',(#2044,#2052,#2053,#2061));
#2044 = ORIENTED_EDGE('',*,*,#2045,.F.);
#2045 = EDGE_CURVE('',#2024,#2046,#2048,.T.);
#2046 = VERTEX_POINT('',#2047);
#2047 = CARTESIAN_POINT('',(-2.4,-0.75,0.2));
#2048 = LINE('',#2049,#2050);
#2049 = CARTESIAN_POINT('',(-2.4,-0.75,1.5));
#2050 = VECTOR('',#2051,1.);
#2051 = DIRECTION('',(0.,0.,-1.));
#2052 = ORIENTED_EDGE('',*,*,#2023,.T.);
#2053 = ORIENTED_EDGE('',*,*,#2054,.T.);
#2054 = EDGE_CURVE('',#2016,#2055,#2057,.T.);
#2055 = VERTEX_POINT('',#2056);
#2056 = CARTESIAN_POINT('',(-2.4,0.75,0.2));
#2057 = LINE('',#2058,#2059);
#2058 = CARTESIAN_POINT('',(-2.4,0.75,1.5));
#2059 = VECTOR('',#2060,1.);
#2060 = DIRECTION('',(0.,0.,-1.));
#2061 = ORIENTED_EDGE('',*,*,#2062,.F.);
#2062 = EDGE_CURVE('',#2046,#2055,#2063,.T.);
#2063 = LINE('',#2064,#2065);
#2064 = CARTESIAN_POINT('',(-2.4,-0.75,0.2));
#2065 = VECTOR('',#2066,1.);
#2066 = DIRECTION('',(0.,1.,0.));
#2067 = PLANE('',#2068);
#2068 = AXIS2_PLACEMENT_3D('',#2069,#2070,#2071);
#2069 = CARTESIAN_POINT('',(-2.4,-0.75,1.5));
#2070 = DIRECTION('',(-1.,0.,0.));
#2071 = DIRECTION('',(0.,0.,1.));
#2072 = ADVANCED_FACE('',(#2073),#2098,.F.);
#2073 = FACE_BOUND('',#2074,.T.);
#2074 = EDGE_LOOP('',(#2075,#2083,#2084,#2092));
#2075 = ORIENTED_EDGE('',*,*,#2076,.F.);
#2076 = EDGE_CURVE('',#1975,#2077,#2079,.T.);
#2077 = VERTEX_POINT('',#2078);
#2078 = CARTESIAN_POINT('',(1.1,0.75,0.2));
#2079 = LINE('',#2080,#2081);
#2080 = CARTESIAN_POINT('',(2.6,0.75,0.2));
#2081 = VECTOR('',#2082,1.);
#2082 = DIRECTION('',(-1.,5.059610138266E-16,0.));
#2083 = ORIENTED_EDGE('',*,*,#1991,.T.);
#2084 = ORIENTED_EDGE('',*,*,#2085,.F.);
#2085 = EDGE_CURVE('',#2086,#1984,#2088,.T.);
#2086 = VERTEX_POINT('',#2087);
#2087 = CARTESIAN_POINT('',(1.1,-0.75,0.2));
#2088 = LINE('',#2089,#2090);
#2089 = CARTESIAN_POINT('',(1.1,-0.75,0.2));
#2090 = VECTOR('',#2091,1.);
#2091 = DIRECTION('',(1.,7.95081593156E-16,0.));
#2092 = ORIENTED_EDGE('',*,*,#2093,.F.);
#2093 = EDGE_CURVE('',#2077,#2086,#2094,.T.);
#2094 = LINE('',#2095,#2096);
#2095 = CARTESIAN_POINT('',(1.1,0.75,0.2));
#2096 = VECTOR('',#2097,1.);
#2097 = DIRECTION('',(1.445602896647E-16,-1.,0.));
#2098 = PLANE('',#2099);
#2099 = AXIS2_PLACEMENT_3D('',#2100,#2101,#2102);
#2100 = CARTESIAN_POINT('',(1.1,-0.75,0.2));
#2101 = DIRECTION('',(0.,0.,1.));
#2102 = DIRECTION('',(1.,0.,-0.));
#2103 = ADVANCED_FACE('',(#2104),#2131,.F.);
#2104 = FACE_BOUND('',#2105,.T.);
#2105 = EDGE_LOOP('',(#2106,#2114,#2122,#2128,#2129,#2130));
#2106 = ORIENTED_EDGE('',*,*,#2107,.F.);
#2107 = EDGE_CURVE('',#2108,#2077,#2110,.T.);
#2108 = VERTEX_POINT('',#2109);
#2109 = CARTESIAN_POINT('',(1.1,0.75,0.));
#2110 = LINE('',#2111,#2112);
#2111 = CARTESIAN_POINT('',(1.1,0.75,-7.668926229162));
#2112 = VECTOR('',#2113,1.);
#2113 = DIRECTION('',(0.,0.,1.));
#2114 = ORIENTED_EDGE('',*,*,#2115,.F.);
#2115 = EDGE_CURVE('',#2116,#2108,#2118,.T.);
#2116 = VERTEX_POINT('',#2117);
#2117 = CARTESIAN_POINT('',(2.6,0.75,0.));
#2118 = LINE('',#2119,#2120);
#2119 = CARTESIAN_POINT('',(2.6,0.75,0.));
#2120 = VECTOR('',#2121,1.);
#2121 = DIRECTION('',(-1.,5.059610138266E-16,0.));
#2122 = ORIENTED_EDGE('',*,*,#2123,.F.);
#2123 = EDGE_CURVE('',#1935,#2116,#2124,.T.);
#2124 = LINE('',#2125,#2126);
#2125 = CARTESIAN_POINT('',(2.6,0.75,2.8));
#2126 = VECTOR('',#2127,1.);
#2127 = DIRECTION('',(0.,0.,-1.));
#2128 = ORIENTED_EDGE('',*,*,#1960,.F.);
#2129 = ORIENTED_EDGE('',*,*,#1974,.T.);
#2130 = ORIENTED_EDGE('',*,*,#2076,.T.);
#2131 = PLANE('',#2132);
#2132 = AXIS2_PLACEMENT_3D('',#2133,#2134,#2135);
#2133 = CARTESIAN_POINT('',(2.6,0.75,-7.668926229162));
#2134 = DIRECTION('',(5.059610138266E-16,1.,0.));
#2135 = DIRECTION('',(-1.,5.059610138266E-16,0.));
#2136 = ADVANCED_FACE('',(#2137),#2164,.F.);
#2137 = FACE_BOUND('',#2138,.T.);
#2138 = EDGE_LOOP('',(#2139,#2140,#2141,#2142,#2150,#2158));
#2139 = ORIENTED_EDGE('',*,*,#2085,.T.);
#2140 = ORIENTED_EDGE('',*,*,#1983,.F.);
#2141 = ORIENTED_EDGE('',*,*,#1944,.F.);
#2142 = ORIENTED_EDGE('',*,*,#2143,.F.);
#2143 = EDGE_CURVE('',#2144,#1937,#2146,.T.);
#2144 = VERTEX_POINT('',#2145);
#2145 = CARTESIAN_POINT('',(2.6,-0.75,0.));
#2146 = LINE('',#2147,#2148);
#2147 = CARTESIAN_POINT('',(2.6,-0.75,2.8));
#2148 = VECTOR('',#2149,1.);
#2149 = DIRECTION('',(0.,0.,1.));
#2150 = ORIENTED_EDGE('',*,*,#2151,.F.);
#2151 = EDGE_CURVE('',#2152,#2144,#2154,.T.);
#2152 = VERTEX_POINT('',#2153);
#2153 = CARTESIAN_POINT('',(1.1,-0.75,0.));
#2154 = LINE('',#2155,#2156);
#2155 = CARTESIAN_POINT('',(2.6,-0.75,0.));
#2156 = VECTOR('',#2157,1.);
#2157 = DIRECTION('',(1.,7.95081593156E-16,0.));
#2158 = ORIENTED_EDGE('',*,*,#2159,.T.);
#2159 = EDGE_CURVE('',#2152,#2086,#2160,.T.);
#2160 = LINE('',#2161,#2162);
#2161 = CARTESIAN_POINT('',(1.1,-0.75,-7.668926229162));
#2162 = VECTOR('',#2163,1.);
#2163 = DIRECTION('',(0.,0.,1.));
#2164 = PLANE('',#2165);
#2165 = AXIS2_PLACEMENT_3D('',#2166,#2167,#2168);
#2166 = CARTESIAN_POINT('',(1.1,-0.75,-7.668926229162));
#2167 = DIRECTION('',(7.95081593156E-16,-1.,0.));
#2168 = DIRECTION('',(1.,7.95081593156E-16,0.));
#2169 = ADVANCED_FACE('',(#2170),#2181,.F.);
#2170 = FACE_BOUND('',#2171,.T.);
#2171 = EDGE_LOOP('',(#2172,#2173,#2174,#2175));
#2172 = ORIENTED_EDGE('',*,*,#2107,.T.);
#2173 = ORIENTED_EDGE('',*,*,#2093,.T.);
#2174 = ORIENTED_EDGE('',*,*,#2159,.F.);
#2175 = ORIENTED_EDGE('',*,*,#2176,.F.);
#2176 = EDGE_CURVE('',#2108,#2152,#2177,.T.);
#2177 = LINE('',#2178,#2179);
#2178 = CARTESIAN_POINT('',(1.1,2.6,0.));
#2179 = VECTOR('',#2180,1.);
#2180 = DIRECTION('',(1.445602896647E-16,-1.,0.));
#2181 = PLANE('',#2182);
#2182 = AXIS2_PLACEMENT_3D('',#2183,#2184,#2185);
#2183 = CARTESIAN_POINT('',(1.1,0.75,-7.668926229162));
#2184 = DIRECTION('',(-1.,-1.445602896647E-16,0.));
#2185 = DIRECTION('',(1.445602896647E-16,-1.,0.));
#2186 = ADVANCED_FACE('',(#2187),#2212,.T.);
#2187 = FACE_BOUND('',#2188,.T.);
#2188 = EDGE_LOOP('',(#2189,#2197,#2198,#2206));
#2189 = ORIENTED_EDGE('',*,*,#2190,.T.);
#2190 = EDGE_CURVE('',#2191,#2046,#2193,.T.);
#2191 = VERTEX_POINT('',#2192);
#2192 = CARTESIAN_POINT('',(-1.1,-0.75,0.2));
#2193 = LINE('',#2194,#2195);
#2194 = CARTESIAN_POINT('',(-1.1,-0.75,0.2));
#2195 = VECTOR('',#2196,1.);
#2196 = DIRECTION('',(-1.,0.,0.));
#2197 = ORIENTED_EDGE('',*,*,#2062,.T.);
#2198 = ORIENTED_EDGE('',*,*,#2199,.T.);
#2199 = EDGE_CURVE('',#2055,#2200,#2202,.T.);
#2200 = VERTEX_POINT('',#2201);
#2201 = CARTESIAN_POINT('',(-1.1,0.75,0.2));
#2202 = LINE('',#2203,#2204);
#2203 = CARTESIAN_POINT('',(-2.6,0.75,0.2));
#2204 = VECTOR('',#2205,1.);
#2205 = DIRECTION('',(1.,2.891205793295E-16,0.));
#2206 = ORIENTED_EDGE('',*,*,#2207,.T.);
#2207 = EDGE_CURVE('',#2200,#2191,#2208,.T.);
#2208 = LINE('',#2209,#2210);
#2209 = CARTESIAN_POINT('',(-1.1,0.75,0.2));
#2210 = VECTOR('',#2211,1.);
#2211 = DIRECTION('',(1.445602896647E-16,-1.,0.));
#2212 = PLANE('',#2213);
#2213 = AXIS2_PLACEMENT_3D('',#2214,#2215,#2216);
#2214 = CARTESIAN_POINT('',(-1.1,-0.75,0.2));
#2215 = DIRECTION('',(0.,0.,-1.));
#2216 = DIRECTION('',(-1.,0.,0.));
#2217 = ADVANCED_FACE('',(#2218),#2245,.T.);
#2218 = FACE_BOUND('',#2219,.T.);
#2219 = EDGE_LOOP('',(#2220,#2230,#2236,#2237,#2238,#2239));
#2220 = ORIENTED_EDGE('',*,*,#2221,.T.);
#2221 = EDGE_CURVE('',#2222,#2224,#2226,.T.);
#2222 = VERTEX_POINT('',#2223);
#2223 = CARTESIAN_POINT('',(-2.6,0.75,0.));
#2224 = VERTEX_POINT('',#2225);
#2225 = CARTESIAN_POINT('',(-1.1,0.75,0.));
#2226 = LINE('',#2227,#2228);
#2227 = CARTESIAN_POINT('',(2.6,0.75,0.));
#2228 = VECTOR('',#2229,1.);
#2229 = DIRECTION('',(1.,2.891205793295E-16,0.));
#2230 = ORIENTED_EDGE('',*,*,#2231,.T.);
#2231 = EDGE_CURVE('',#2224,#2200,#2232,.T.);
#2232 = LINE('',#2233,#2234);
#2233 = CARTESIAN_POINT('',(-1.1,0.75,-7.668926229162));
#2234 = VECTOR('',#2235,1.);
#2235 = DIRECTION('',(0.,0.,1.));
#2236 = ORIENTED_EDGE('',*,*,#2199,.F.);
#2237 = ORIENTED_EDGE('',*,*,#2054,.F.);
#2238 = ORIENTED_EDGE('',*,*,#2015,.T.);
#2239 = ORIENTED_EDGE('',*,*,#2240,.F.);
#2240 = EDGE_CURVE('',#2222,#2006,#2241,.T.);
#2241 = LINE('',#2242,#2243);
#2242 = CARTESIAN_POINT('',(-2.6,0.75,-7.668926229162));
#2243 = VECTOR('',#2244,1.);
#2244 = DIRECTION('',(0.,0.,1.));
#2245 = PLANE('',#2246);
#2246 = AXIS2_PLACEMENT_3D('',#2247,#2248,#2249);
#2247 = CARTESIAN_POINT('',(-2.6,0.75,-7.668926229162));
#2248 = DIRECTION('',(2.891205793295E-16,-1.,0.));
#2249 = DIRECTION('',(1.,2.891205793295E-16,0.));
#2250 = ADVANCED_FACE('',(#2251),#2278,.T.);
#2251 = FACE_BOUND('',#2252,.T.);
#2252 = EDGE_LOOP('',(#2253,#2254,#2255,#2263,#2271,#2277));
#2253 = ORIENTED_EDGE('',*,*,#2045,.T.);
#2254 = ORIENTED_EDGE('',*,*,#2190,.F.);
#2255 = ORIENTED_EDGE('',*,*,#2256,.F.);
#2256 = EDGE_CURVE('',#2257,#2191,#2259,.T.);
#2257 = VERTEX_POINT('',#2258);
#2258 = CARTESIAN_POINT('',(-1.1,-0.75,0.));
#2259 = LINE('',#2260,#2261);
#2260 = CARTESIAN_POINT('',(-1.1,-0.75,-7.668926229162));
#2261 = VECTOR('',#2262,1.);
#2262 = DIRECTION('',(0.,0.,1.));
#2263 = ORIENTED_EDGE('',*,*,#2264,.T.);
#2264 = EDGE_CURVE('',#2257,#2265,#2267,.T.);
#2265 = VERTEX_POINT('',#2266);
#2266 = CARTESIAN_POINT('',(-2.6,-0.75,0.));
#2267 = LINE('',#2268,#2269);
#2268 = CARTESIAN_POINT('',(2.6,-0.75,0.));
#2269 = VECTOR('',#2270,1.);
#2270 = DIRECTION('',(-1.,0.,0.));
#2271 = ORIENTED_EDGE('',*,*,#2272,.T.);
#2272 = EDGE_CURVE('',#2265,#2008,#2273,.T.);
#2273 = LINE('',#2274,#2275);
#2274 = CARTESIAN_POINT('',(-2.6,-0.75,-7.668926229162));
#2275 = VECTOR('',#2276,1.);
#2276 = DIRECTION('',(0.,0.,1.));
#2277 = ORIENTED_EDGE('',*,*,#2031,.T.);
#2278 = PLANE('',#2279);
#2279 = AXIS2_PLACEMENT_3D('',#2280,#2281,#2282);
#2280 = CARTESIAN_POINT('',(-1.1,-0.75,-7.668926229162));
#2281 = DIRECTION('',(0.,1.,0.));
#2282 = DIRECTION('',(0.,-0.,1.));
#2283 = ADVANCED_FACE('',(#2284),#2295,.T.);
#2284 = FACE_BOUND('',#2285,.T.);
#2285 = EDGE_LOOP('',(#2286,#2292,#2293,#2294));
#2286 = ORIENTED_EDGE('',*,*,#2287,.T.);
#2287 = EDGE_CURVE('',#2224,#2257,#2288,.T.);
#2288 = LINE('',#2289,#2290);
#2289 = CARTESIAN_POINT('',(-1.1,2.6,0.));
#2290 = VECTOR('',#2291,1.);
#2291 = DIRECTION('',(1.445602896647E-16,-1.,0.));
#2292 = ORIENTED_EDGE('',*,*,#2256,.T.);
#2293 = ORIENTED_EDGE('',*,*,#2207,.F.);
#2294 = ORIENTED_EDGE('',*,*,#2231,.F.);
#2295 = PLANE('',#2296);
#2296 = AXIS2_PLACEMENT_3D('',#2297,#2298,#2299);
#2297 = CARTESIAN_POINT('',(-1.1,0.75,-7.668926229162));
#2298 = DIRECTION('',(-1.,-1.445602896647E-16,0.));
#2299 = DIRECTION('',(1.445602896647E-16,-1.,0.));
#2300 = ADVANCED_FACE('',(#2301),#2340,.T.);
#2301 = FACE_BOUND('',#2302,.T.);
#2302 = EDGE_LOOP('',(#2303,#2314,#2333));
#2303 = ORIENTED_EDGE('',*,*,#2304,.F.);
#2304 = EDGE_CURVE('',#2305,#2307,#2309,.T.);
#2305 = VERTEX_POINT('',#2306);
#2306 = CARTESIAN_POINT('',(-0.62131147541,4.819672131148E-02,2.8));
#2307 = VERTEX_POINT('',#2308);
#2308 = CARTESIAN_POINT('',(-0.61868852459,4.819672131148E-02,2.8));
#2309 = B_SPLINE_CURVE_WITH_KNOTS('',3,(#2310,#2311,#2312,#2313),
  .UNSPECIFIED.,.F.,.F.,(4,4),(0.850331981942,0.852816098425),
  .PIECEWISE_BEZIER_KNOTS.);
#2310 = CARTESIAN_POINT('',(-0.62131147541,4.819672131148E-02,2.8));
#2311 = CARTESIAN_POINT('',(-0.62043715847,4.819672131148E-02,2.8));
#2312 = CARTESIAN_POINT('',(-0.61956284153,4.819672131148E-02,2.8));
#2313 = CARTESIAN_POINT('',(-0.61868852459,4.819672131148E-02,2.8));
#2314 = ORIENTED_EDGE('',*,*,#2315,.F.);
#2315 = EDGE_CURVE('',#2316,#2305,#2318,.T.);
#2316 = VERTEX_POINT('',#2317);
#2317 = CARTESIAN_POINT('',(-0.61868852459,-0.107213114754,2.8));
#2318 = B_SPLINE_CURVE_WITH_KNOTS('',3,(#2319,#2320,#2321,#2322,#2323,
    #2324,#2325,#2326,#2327,#2328,#2329,#2330,#2331,#2332),
  .UNSPECIFIED.,.F.,.F.,(4,2,2,3,3,4),(0.,0.281158487643,0.481460939623,
    0.684775458551,0.752262299598,0.850331981942),.UNSPECIFIED.);
#2319 = CARTESIAN_POINT('',(-0.61868852459,-0.107213114754,2.8));
#2320 = CARTESIAN_POINT('',(-0.61868852459,-0.239672131148,2.8));
#2321 = CARTESIAN_POINT('',(-0.687540983607,-0.312459016393,2.8));
#2322 = CARTESIAN_POINT('',(-0.859344262295,-0.312459016393,2.8));
#2323 = CARTESIAN_POINT('',(-0.903278688525,-0.258032786885,2.8));
#2324 = CARTESIAN_POINT('',(-0.903278688525,-8.229508196721E-02,2.8));
#2325 = CARTESIAN_POINT('',(-0.860655737705,-4.032786885246E-02,2.8));
#2326 = CARTESIAN_POINT('',(-0.778032786885,-1.868852459016E-02,2.8));
#2327 = CARTESIAN_POINT('',(-0.755055181111,-1.267058022061E-02,2.8));
#2328 = CARTESIAN_POINT('',(-0.732131147541,-6.448087431694E-03,2.8));
#2329 = CARTESIAN_POINT('',(-0.709180327869,-3.27868852459E-04,2.8));
#2330 = CARTESIAN_POINT('',(-0.676121352289,8.487857968846E-03,2.8));
#2331 = CARTESIAN_POINT('',(-0.631147540984,2.196721311475E-02,2.8));
#2332 = CARTESIAN_POINT('',(-0.62131147541,4.819672131148E-02,2.8));
#2333 = ORIENTED_EDGE('',*,*,#2334,.F.);
#2334 = EDGE_CURVE('',#2307,#2316,#2335,.T.);
#2335 = B_SPLINE_CURVE_WITH_KNOTS('',3,(#2336,#2337,#2338,#2339),
  .UNSPECIFIED.,.F.,.F.,(4,4),(0.852816098425,1.),
  .PIECEWISE_BEZIER_KNOTS.);
#2336 = CARTESIAN_POINT('',(-0.61868852459,4.819672131148E-02,2.8));
#2337 = CARTESIAN_POINT('',(-0.61868852459,-3.606557377049E-03,2.8));
#2338 = CARTESIAN_POINT('',(-0.61868852459,-5.540983606557E-02,2.8));
#2339 = CARTESIAN_POINT('',(-0.61868852459,-0.107213114754,2.8));
#2340 = PLANE('',#2341);
#2341 = AXIS2_PLACEMENT_3D('',#2342,#2343,#2344);
#2342 = CARTESIAN_POINT('',(2.6,2.6,2.8));
#2343 = DIRECTION('',(0.,0.,1.));
#2344 = DIRECTION('',(1.,0.,-0.));
#2345 = ADVANCED_FACE('',(#2346),#2434,.F.);
#2346 = FACE_BOUND('',#2347,.T.);
#2347 = EDGE_LOOP('',(#2348,#2349,#2350,#2358,#2367,#2375,#2384,#2390,
    #2391,#2392,#2393,#2401,#2410,#2418,#2427,#2433));
#2348 = ORIENTED_EDGE('',*,*,#2176,.T.);
#2349 = ORIENTED_EDGE('',*,*,#2151,.T.);
#2350 = ORIENTED_EDGE('',*,*,#2351,.F.);
#2351 = EDGE_CURVE('',#2352,#2144,#2354,.T.);
#2352 = VERTEX_POINT('',#2353);
#2353 = CARTESIAN_POINT('',(2.6,-1.6,0.));
#2354 = LINE('',#2355,#2356);
#2355 = CARTESIAN_POINT('',(2.6,-2.6,0.));
#2356 = VECTOR('',#2357,1.);
#2357 = DIRECTION('',(0.,1.,0.));
#2358 = ORIENTED_EDGE('',*,*,#2359,.F.);
#2359 = EDGE_CURVE('',#2360,#2352,#2362,.T.);
#2360 = VERTEX_POINT('',#2361);
#2361 = CARTESIAN_POINT('',(1.6,-2.6,0.));
#2362 = CIRCLE('',#2363,1.);
#2363 = AXIS2_PLACEMENT_3D('',#2364,#2365,#2366);
#2364 = CARTESIAN_POINT('',(1.6,-1.6,0.));
#2365 = DIRECTION('',(0.,0.,1.));
#2366 = DIRECTION('',(1.,0.,-0.));
#2367 = ORIENTED_EDGE('',*,*,#2368,.F.);
#2368 = EDGE_CURVE('',#2369,#2360,#2371,.T.);
#2369 = VERTEX_POINT('',#2370);
#2370 = CARTESIAN_POINT('',(-1.6,-2.6,0.));
#2371 = LINE('',#2372,#2373);
#2372 = CARTESIAN_POINT('',(-2.6,-2.6,0.));
#2373 = VECTOR('',#2374,1.);
#2374 = DIRECTION('',(1.,8.340016711427E-17,0.));
#2375 = ORIENTED_EDGE('',*,*,#2376,.F.);
#2376 = EDGE_CURVE('',#2377,#2369,#2379,.T.);
#2377 = VERTEX_POINT('',#2378);
#2378 = CARTESIAN_POINT('',(-2.6,-1.6,0.));
#2379 = CIRCLE('',#2380,1.);
#2380 = AXIS2_PLACEMENT_3D('',#2381,#2382,#2383);
#2381 = CARTESIAN_POINT('',(-1.6,-1.6,0.));
#2382 = DIRECTION('',(0.,0.,1.));
#2383 = DIRECTION('',(1.,0.,-0.));
#2384 = ORIENTED_EDGE('',*,*,#2385,.F.);
#2385 = EDGE_CURVE('',#2265,#2377,#2386,.T.);
#2386 = LINE('',#2387,#2388);
#2387 = CARTESIAN_POINT('',(-2.6,2.6,0.));
#2388 = VECTOR('',#2389,1.);
#2389 = DIRECTION('',(0.,-1.,0.));
#2390 = ORIENTED_EDGE('',*,*,#2264,.F.);
#2391 = ORIENTED_EDGE('',*,*,#2287,.F.);
#2392 = ORIENTED_EDGE('',*,*,#2221,.F.);
#2393 = ORIENTED_EDGE('',*,*,#2394,.F.);
#2394 = EDGE_CURVE('',#2395,#2222,#2397,.T.);
#2395 = VERTEX_POINT('',#2396);
#2396 = CARTESIAN_POINT('',(-2.6,1.6,0.));
#2397 = LINE('',#2398,#2399);
#2398 = CARTESIAN_POINT('',(-2.6,2.6,0.));
#2399 = VECTOR('',#2400,1.);
#2400 = DIRECTION('',(0.,-1.,0.));
#2401 = ORIENTED_EDGE('',*,*,#2402,.F.);
#2402 = EDGE_CURVE('',#2403,#2395,#2405,.T.);
#2403 = VERTEX_POINT('',#2404);
#2404 = CARTESIAN_POINT('',(-1.6,2.6,0.));
#2405 = CIRCLE('',#2406,1.);
#2406 = AXIS2_PLACEMENT_3D('',#2407,#2408,#2409);
#2407 = CARTESIAN_POINT('',(-1.6,1.6,0.));
#2408 = DIRECTION('',(0.,0.,1.));
#2409 = DIRECTION('',(1.,0.,-0.));
#2410 = ORIENTED_EDGE('',*,*,#2411,.F.);
#2411 = EDGE_CURVE('',#2412,#2403,#2414,.T.);
#2412 = VERTEX_POINT('',#2413);
#2413 = CARTESIAN_POINT('',(1.6,2.6,0.));
#2414 = LINE('',#2415,#2416);
#2415 = CARTESIAN_POINT('',(2.6,2.6,0.));
#2416 = VECTOR('',#2417,1.);
#2417 = DIRECTION('',(-1.,8.340016711427E-17,0.));
#2418 = ORIENTED_EDGE('',*,*,#2419,.F.);
#2419 = EDGE_CURVE('',#2420,#2412,#2422,.T.);
#2420 = VERTEX_POINT('',#2421);
#2421 = CARTESIAN_POINT('',(2.6,1.6,0.));
#2422 = CIRCLE('',#2423,1.);
#2423 = AXIS2_PLACEMENT_3D('',#2424,#2425,#2426);
#2424 = CARTESIAN_POINT('',(1.6,1.6,0.));
#2425 = DIRECTION('',(0.,0.,1.));
#2426 = DIRECTION('',(1.,0.,-0.));
#2427 = ORIENTED_EDGE('',*,*,#2428,.F.);
#2428 = EDGE_CURVE('',#2116,#2420,#2429,.T.);
#2429 = LINE('',#2430,#2431);
#2430 = CARTESIAN_POINT('',(2.6,-2.6,0.));
#2431 = VECTOR('',#2432,1.);
#2432 = DIRECTION('',(0.,1.,0.));
#2433 = ORIENTED_EDGE('',*,*,#2115,.T.);
#2434 = PLANE('',#2435);
#2435 = AXIS2_PLACEMENT_3D('',#2436,#2437,#2438);
#2436 = CARTESIAN_POINT('',(2.6,2.6,0.));
#2437 = DIRECTION('',(0.,0.,1.));
#2438 = DIRECTION('',(1.,0.,-0.));
#2439 = ADVANCED_FACE('',(#2440),#2465,.F.);
#2440 = FACE_BOUND('',#2441,.T.);
#2441 = EDGE_LOOP('',(#2442,#2450,#2458,#2464));
#2442 = ORIENTED_EDGE('',*,*,#2443,.F.);
#2443 = EDGE_CURVE('',#2444,#2360,#2446,.T.);
#2444 = VERTEX_POINT('',#2445);
#2445 = CARTESIAN_POINT('',(1.6,-2.6,2.7));
#2446 = LINE('',#2447,#2448);
#2447 = CARTESIAN_POINT('',(1.6,-2.6,2.8));
#2448 = VECTOR('',#2449,1.);
#2449 = DIRECTION('',(0.,0.,-1.));
#2450 = ORIENTED_EDGE('',*,*,#2451,.T.);
#2451 = EDGE_CURVE('',#2444,#2452,#2454,.T.);
#2452 = VERTEX_POINT('',#2453);
#2453 = CARTESIAN_POINT('',(-1.6,-2.6,2.7));
#2454 = LINE('',#2455,#2456);
#2455 = CARTESIAN_POINT('',(-1.6,-2.6,2.7));
#2456 = VECTOR('',#2457,1.);
#2457 = DIRECTION('',(-1.,-8.340016711427E-17,0.));
#2458 = ORIENTED_EDGE('',*,*,#2459,.T.);
#2459 = EDGE_CURVE('',#2452,#2369,#2460,.T.);
#2460 = LINE('',#2461,#2462);
#2461 = CARTESIAN_POINT('',(-1.6,-2.6,2.8));
#2462 = VECTOR('',#2463,1.);
#2463 = DIRECTION('',(0.,0.,-1.));
#2464 = ORIENTED_EDGE('',*,*,#2368,.T.);
#2465 = PLANE('',#2466);
#2466 = AXIS2_PLACEMENT_3D('',#2467,#2468,#2469);
#2467 = CARTESIAN_POINT('',(-2.6,-2.6,2.8));
#2468 = DIRECTION('',(-8.340016711427E-17,1.,0.));
#2469 = DIRECTION('',(-1.,-8.340016711427E-17,0.));
#2470 = ADVANCED_FACE('',(#2471),#2500,.F.);
#2471 = FACE_BOUND('',#2472,.T.);
#2472 = EDGE_LOOP('',(#2473,#2474,#2475,#2476,#2484,#2492,#2498,#2499));
#2473 = ORIENTED_EDGE('',*,*,#2005,.T.);
#2474 = ORIENTED_EDGE('',*,*,#2272,.F.);
#2475 = ORIENTED_EDGE('',*,*,#2385,.T.);
#2476 = ORIENTED_EDGE('',*,*,#2477,.F.);
#2477 = EDGE_CURVE('',#2478,#2377,#2480,.T.);
#2478 = VERTEX_POINT('',#2479);
#2479 = CARTESIAN_POINT('',(-2.6,-1.6,2.7));
#2480 = LINE('',#2481,#2482);
#2481 = CARTESIAN_POINT('',(-2.6,-1.6,2.8));
#2482 = VECTOR('',#2483,1.);
#2483 = DIRECTION('',(0.,0.,-1.));
#2484 = ORIENTED_EDGE('',*,*,#2485,.T.);
#2485 = EDGE_CURVE('',#2478,#2486,#2488,.T.);
#2486 = VERTEX_POINT('',#2487);
#2487 = CARTESIAN_POINT('',(-2.6,1.6,2.7));
#2488 = LINE('',#2489,#2490);
#2489 = CARTESIAN_POINT('',(-2.6,1.6,2.7));
#2490 = VECTOR('',#2491,1.);
#2491 = DIRECTION('',(0.,1.,0.));
#2492 = ORIENTED_EDGE('',*,*,#2493,.T.);
#2493 = EDGE_CURVE('',#2486,#2395,#2494,.T.);
#2494 = LINE('',#2495,#2496);
#2495 = CARTESIAN_POINT('',(-2.6,1.6,2.8));
#2496 = VECTOR('',#2497,1.);
#2497 = DIRECTION('',(0.,0.,-1.));
#2498 = ORIENTED_EDGE('',*,*,#2394,.T.);
#2499 = ORIENTED_EDGE('',*,*,#2240,.T.);
#2500 = PLANE('',#2501);
#2501 = AXIS2_PLACEMENT_3D('',#2502,#2503,#2504);
#2502 = CARTESIAN_POINT('',(-2.6,2.6,2.8));
#2503 = DIRECTION('',(1.,0.,0.));
#2504 = DIRECTION('',(0.,0.,-1.));
#2505 = ADVANCED_FACE('',(#2506),#2531,.F.);
#2506 = FACE_BOUND('',#2507,.T.);
#2507 = EDGE_LOOP('',(#2508,#2516,#2524,#2530));
#2508 = ORIENTED_EDGE('',*,*,#2509,.F.);
#2509 = EDGE_CURVE('',#2510,#2403,#2512,.T.);
#2510 = VERTEX_POINT('',#2511);
#2511 = CARTESIAN_POINT('',(-1.6,2.6,2.7));
#2512 = LINE('',#2513,#2514);
#2513 = CARTESIAN_POINT('',(-1.6,2.6,2.8));
#2514 = VECTOR('',#2515,1.);
#2515 = DIRECTION('',(0.,0.,-1.));
#2516 = ORIENTED_EDGE('',*,*,#2517,.T.);
#2517 = EDGE_CURVE('',#2510,#2518,#2520,.T.);
#2518 = VERTEX_POINT('',#2519);
#2519 = CARTESIAN_POINT('',(1.6,2.6,2.7));
#2520 = LINE('',#2521,#2522);
#2521 = CARTESIAN_POINT('',(1.6,2.6,2.7));
#2522 = VECTOR('',#2523,1.);
#2523 = DIRECTION('',(1.,-8.340016711427E-17,0.));
#2524 = ORIENTED_EDGE('',*,*,#2525,.T.);
#2525 = EDGE_CURVE('',#2518,#2412,#2526,.T.);
#2526 = LINE('',#2527,#2528);
#2527 = CARTESIAN_POINT('',(1.6,2.6,2.8));
#2528 = VECTOR('',#2529,1.);
#2529 = DIRECTION('',(0.,0.,-1.));
#2530 = ORIENTED_EDGE('',*,*,#2411,.T.);
#2531 = PLANE('',#2532);
#2532 = AXIS2_PLACEMENT_3D('',#2533,#2534,#2535);
#2533 = CARTESIAN_POINT('',(2.6,2.6,2.8));
#2534 = DIRECTION('',(-8.340016711427E-17,-1.,0.));
#2535 = DIRECTION('',(1.,-8.340016711427E-17,0.));
#2536 = ADVANCED_FACE('',(#2537),#2566,.F.);
#2537 = FACE_BOUND('',#2538,.T.);
#2538 = EDGE_LOOP('',(#2539,#2540,#2541,#2542,#2543,#2551,#2559,#2565));
#2539 = ORIENTED_EDGE('',*,*,#2143,.T.);
#2540 = ORIENTED_EDGE('',*,*,#1934,.F.);
#2541 = ORIENTED_EDGE('',*,*,#2123,.T.);
#2542 = ORIENTED_EDGE('',*,*,#2428,.T.);
#2543 = ORIENTED_EDGE('',*,*,#2544,.F.);
#2544 = EDGE_CURVE('',#2545,#2420,#2547,.T.);
#2545 = VERTEX_POINT('',#2546);
#2546 = CARTESIAN_POINT('',(2.6,1.6,2.7));
#2547 = LINE('',#2548,#2549);
#2548 = CARTESIAN_POINT('',(2.6,1.6,2.8));
#2549 = VECTOR('',#2550,1.);
#2550 = DIRECTION('',(0.,0.,-1.));
#2551 = ORIENTED_EDGE('',*,*,#2552,.T.);
#2552 = EDGE_CURVE('',#2545,#2553,#2555,.T.);
#2553 = VERTEX_POINT('',#2554);
#2554 = CARTESIAN_POINT('',(2.6,-1.6,2.7));
#2555 = LINE('',#2556,#2557);
#2556 = CARTESIAN_POINT('',(2.6,-1.6,2.7));
#2557 = VECTOR('',#2558,1.);
#2558 = DIRECTION('',(0.,-1.,0.));
#2559 = ORIENTED_EDGE('',*,*,#2560,.T.);
#2560 = EDGE_CURVE('',#2553,#2352,#2561,.T.);
#2561 = LINE('',#2562,#2563);
#2562 = CARTESIAN_POINT('',(2.6,-1.6,2.8));
#2563 = VECTOR('',#2564,1.);
#2564 = DIRECTION('',(0.,0.,-1.));
#2565 = ORIENTED_EDGE('',*,*,#2351,.T.);
#2566 = PLANE('',#2567);
#2567 = AXIS2_PLACEMENT_3D('',#2568,#2569,#2570);
#2568 = CARTESIAN_POINT('',(2.6,-2.6,2.8));
#2569 = DIRECTION('',(-1.,0.,0.));
#2570 = DIRECTION('',(0.,0.,1.));
#2571 = ADVANCED_FACE('',(#2572),#2584,.T.);
#2572 = FACE_BOUND('',#2573,.T.);
#2573 = EDGE_LOOP('',(#2574,#2575,#2582,#2583));
#2574 = ORIENTED_EDGE('',*,*,#2560,.F.);
#2575 = ORIENTED_EDGE('',*,*,#2576,.F.);
#2576 = EDGE_CURVE('',#2444,#2553,#2577,.T.);
#2577 = CIRCLE('',#2578,1.);
#2578 = AXIS2_PLACEMENT_3D('',#2579,#2580,#2581);
#2579 = CARTESIAN_POINT('',(1.6,-1.6,2.7));
#2580 = DIRECTION('',(0.,0.,1.));
#2581 = DIRECTION('',(1.,0.,-0.));
#2582 = ORIENTED_EDGE('',*,*,#2443,.T.);
#2583 = ORIENTED_EDGE('',*,*,#2359,.T.);
#2584 = CYLINDRICAL_SURFACE('',#2585,1.);
#2585 = AXIS2_PLACEMENT_3D('',#2586,#2587,#2588);
#2586 = CARTESIAN_POINT('',(1.6,-1.6,2.8));
#2587 = DIRECTION('',(-0.,-0.,1.));
#2588 = DIRECTION('',(-1.,0.,0.));
#2589 = ADVANCED_FACE('',(#2590),#2602,.T.);
#2590 = FACE_BOUND('',#2591,.T.);
#2591 = EDGE_LOOP('',(#2592,#2593,#2600,#2601));
#2592 = ORIENTED_EDGE('',*,*,#2525,.F.);
#2593 = ORIENTED_EDGE('',*,*,#2594,.F.);
#2594 = EDGE_CURVE('',#2545,#2518,#2595,.T.);
#2595 = CIRCLE('',#2596,1.);
#2596 = AXIS2_PLACEMENT_3D('',#2597,#2598,#2599);
#2597 = CARTESIAN_POINT('',(1.6,1.6,2.7));
#2598 = DIRECTION('',(0.,0.,1.));
#2599 = DIRECTION('',(1.,0.,-0.));
#2600 = ORIENTED_EDGE('',*,*,#2544,.T.);
#2601 = ORIENTED_EDGE('',*,*,#2419,.T.);
#2602 = CYLINDRICAL_SURFACE('',#2603,1.);
#2603 = AXIS2_PLACEMENT_3D('',#2604,#2605,#2606);
#2604 = CARTESIAN_POINT('',(1.6,1.6,2.8));
#2605 = DIRECTION('',(-0.,-0.,1.));
#2606 = DIRECTION('',(-1.,0.,0.));
#2607 = ADVANCED_FACE('',(#2608),#2620,.T.);
#2608 = FACE_BOUND('',#2609,.T.);
#2609 = EDGE_LOOP('',(#2610,#2611,#2618,#2619));
#2610 = ORIENTED_EDGE('',*,*,#2493,.F.);
#2611 = ORIENTED_EDGE('',*,*,#2612,.F.);
#2612 = EDGE_CURVE('',#2510,#2486,#2613,.T.);
#2613 = CIRCLE('',#2614,1.);
#2614 = AXIS2_PLACEMENT_3D('',#2615,#2616,#2617);
#2615 = CARTESIAN_POINT('',(-1.6,1.6,2.7));
#2616 = DIRECTION('',(0.,0.,1.));
#2617 = DIRECTION('',(1.,0.,-0.));
#2618 = ORIENTED_EDGE('',*,*,#2509,.T.);
#2619 = ORIENTED_EDGE('',*,*,#2402,.T.);
#2620 = CYLINDRICAL_SURFACE('',#2621,1.);
#2621 = AXIS2_PLACEMENT_3D('',#2622,#2623,#2624);
#2622 = CARTESIAN_POINT('',(-1.6,1.6,2.8));
#2623 = DIRECTION('',(-0.,-0.,1.));
#2624 = DIRECTION('',(-1.,0.,0.));
#2625 = ADVANCED_FACE('',(#2626),#2638,.T.);
#2626 = FACE_BOUND('',#2627,.T.);
#2627 = EDGE_LOOP('',(#2628,#2629,#2636,#2637));
#2628 = ORIENTED_EDGE('',*,*,#2459,.F.);
#2629 = ORIENTED_EDGE('',*,*,#2630,.F.);
#2630 = EDGE_CURVE('',#2478,#2452,#2631,.T.);
#2631 = CIRCLE('',#2632,1.);
#2632 = AXIS2_PLACEMENT_3D('',#2633,#2634,#2635);
#2633 = CARTESIAN_POINT('',(-1.6,-1.6,2.7));
#2634 = DIRECTION('',(0.,0.,1.));
#2635 = DIRECTION('',(1.,0.,-0.));
#2636 = ORIENTED_EDGE('',*,*,#2477,.T.);
#2637 = ORIENTED_EDGE('',*,*,#2376,.T.);
#2638 = CYLINDRICAL_SURFACE('',#2639,1.);
#2639 = AXIS2_PLACEMENT_3D('',#2640,#2641,#2642);
#2640 = CARTESIAN_POINT('',(-1.6,-1.6,2.8));
#2641 = DIRECTION('',(-0.,-0.,1.));
#2642 = DIRECTION('',(-1.,0.,0.));
#2643 = ADVANCED_FACE('',(#2644),#2669,.T.);
#2644 = FACE_BOUND('',#2645,.T.);
#2645 = EDGE_LOOP('',(#2646,#2654,#2655,#2663));
#2646 = ORIENTED_EDGE('',*,*,#2647,.T.);
#2647 = EDGE_CURVE('',#2648,#2518,#2650,.T.);
#2648 = VERTEX_POINT('',#2649);
#2649 = CARTESIAN_POINT('',(1.6,2.4,2.8));
#2650 = LINE('',#2651,#2652);
#2651 = CARTESIAN_POINT('',(1.6,2.4,2.8));
#2652 = VECTOR('',#2653,1.);
#2653 = DIRECTION('',(0.,0.894427191,-0.4472135955));
#2654 = ORIENTED_EDGE('',*,*,#2517,.F.);
#2655 = ORIENTED_EDGE('',*,*,#2656,.T.);
#2656 = EDGE_CURVE('',#2510,#2657,#2659,.T.);
#2657 = VERTEX_POINT('',#2658);
#2658 = CARTESIAN_POINT('',(-1.6,2.4,2.8));
#2659 = LINE('',#2660,#2661);
#2660 = CARTESIAN_POINT('',(-1.6,2.6,2.7));
#2661 = VECTOR('',#2662,1.);
#2662 = DIRECTION('',(0.,-0.894427191,0.4472135955));
#2663 = ORIENTED_EDGE('',*,*,#2664,.F.);
#2664 = EDGE_CURVE('',#2648,#2657,#2665,.T.);
#2665 = LINE('',#2666,#2667);
#2666 = CARTESIAN_POINT('',(-1.6,2.4,2.8));
#2667 = VECTOR('',#2668,1.);
#2668 = DIRECTION('',(-1.,8.340016711427E-17,0.));
#2669 = PLANE('',#2670);
#2670 = AXIS2_PLACEMENT_3D('',#2671,#2672,#2673);
#2671 = CARTESIAN_POINT('',(2.6,2.4,2.8));
#2672 = DIRECTION('',(3.729768860047E-17,0.4472135955,0.894427191));
#2673 = DIRECTION('',(0.,-0.894427191,0.4472135955));
#2674 = ADVANCED_FACE('',(#2675),#2694,.T.);
#2675 = FACE_BOUND('',#2676,.T.);
#2676 = EDGE_LOOP('',(#2677,#2685,#2692,#2693));
#2677 = ORIENTED_EDGE('',*,*,#2678,.T.);
#2678 = EDGE_CURVE('',#2486,#2679,#2681,.T.);
#2679 = VERTEX_POINT('',#2680);
#2680 = CARTESIAN_POINT('',(-2.4,1.6,2.8));
#2681 = LINE('',#2682,#2683);
#2682 = CARTESIAN_POINT('',(-2.6,1.6,2.7));
#2683 = VECTOR('',#2684,1.);
#2684 = DIRECTION('',(0.894427191,0.,0.4472135955));
#2685 = ORIENTED_EDGE('',*,*,#2686,.F.);
#2686 = EDGE_CURVE('',#2657,#2679,#2687,.T.);
#2687 = CIRCLE('',#2688,0.8);
#2688 = AXIS2_PLACEMENT_3D('',#2689,#2690,#2691);
#2689 = CARTESIAN_POINT('',(-1.6,1.6,2.8));
#2690 = DIRECTION('',(0.,0.,1.));
#2691 = DIRECTION('',(1.,0.,-0.));
#2692 = ORIENTED_EDGE('',*,*,#2656,.F.);
#2693 = ORIENTED_EDGE('',*,*,#2612,.T.);
#2694 = CONICAL_SURFACE('',#2695,0.8,1.107148717794);
#2695 = AXIS2_PLACEMENT_3D('',#2696,#2697,#2698);
#2696 = CARTESIAN_POINT('',(-1.6,1.6,2.8));
#2697 = DIRECTION('',(-0.,0.,-1.));
#2698 = DIRECTION('',(-1.,0.,0.));
#2699 = ADVANCED_FACE('',(#2700),#2719,.T.);
#2700 = FACE_BOUND('',#2701,.T.);
#2701 = EDGE_LOOP('',(#2702,#2710,#2711,#2712));
#2702 = ORIENTED_EDGE('',*,*,#2703,.T.);
#2703 = EDGE_CURVE('',#2704,#2545,#2706,.T.);
#2704 = VERTEX_POINT('',#2705);
#2705 = CARTESIAN_POINT('',(2.4,1.6,2.8));
#2706 = LINE('',#2707,#2708);
#2707 = CARTESIAN_POINT('',(2.4,1.6,2.8));
#2708 = VECTOR('',#2709,1.);
#2709 = DIRECTION('',(0.894427191,0.,-0.4472135955));
#2710 = ORIENTED_EDGE('',*,*,#2594,.T.);
#2711 = ORIENTED_EDGE('',*,*,#2647,.F.);
#2712 = ORIENTED_EDGE('',*,*,#2713,.F.);
#2713 = EDGE_CURVE('',#2704,#2648,#2714,.T.);
#2714 = CIRCLE('',#2715,0.8);
#2715 = AXIS2_PLACEMENT_3D('',#2716,#2717,#2718);
#2716 = CARTESIAN_POINT('',(1.6,1.6,2.8));
#2717 = DIRECTION('',(0.,0.,1.));
#2718 = DIRECTION('',(1.,0.,-0.));
#2719 = CONICAL_SURFACE('',#2720,0.8,1.107148717794);
#2720 = AXIS2_PLACEMENT_3D('',#2721,#2722,#2723);
#2721 = CARTESIAN_POINT('',(1.6,1.6,2.8));
#2722 = DIRECTION('',(-0.,0.,-1.));
#2723 = DIRECTION('',(-1.,0.,0.));
#2724 = ADVANCED_FACE('',(#2725),#2743,.T.);
#2725 = FACE_BOUND('',#2726,.T.);
#2726 = EDGE_LOOP('',(#2727,#2735,#2741,#2742));
#2727 = ORIENTED_EDGE('',*,*,#2728,.T.);
#2728 = EDGE_CURVE('',#2478,#2729,#2731,.T.);
#2729 = VERTEX_POINT('',#2730);
#2730 = CARTESIAN_POINT('',(-2.4,-1.6,2.8));
#2731 = LINE('',#2732,#2733);
#2732 = CARTESIAN_POINT('',(-2.6,-1.6,2.7));
#2733 = VECTOR('',#2734,1.);
#2734 = DIRECTION('',(0.894427191,0.,0.4472135955));
#2735 = ORIENTED_EDGE('',*,*,#2736,.F.);
#2736 = EDGE_CURVE('',#2679,#2729,#2737,.T.);
#2737 = LINE('',#2738,#2739);
#2738 = CARTESIAN_POINT('',(-2.4,-1.6,2.8));
#2739 = VECTOR('',#2740,1.);
#2740 = DIRECTION('',(0.,-1.,0.));
#2741 = ORIENTED_EDGE('',*,*,#2678,.F.);
#2742 = ORIENTED_EDGE('',*,*,#2485,.F.);
#2743 = PLANE('',#2744);
#2744 = AXIS2_PLACEMENT_3D('',#2745,#2746,#2747);
#2745 = CARTESIAN_POINT('',(-2.4,2.6,2.8));
#2746 = DIRECTION('',(-0.4472135955,0.,0.894427191));
#2747 = DIRECTION('',(0.894427191,0.,0.4472135955));
#2748 = ADVANCED_FACE('',(#2749),#2767,.T.);
#2749 = FACE_BOUND('',#2750,.T.);
#2750 = EDGE_LOOP('',(#2751,#2759,#2760,#2761));
#2751 = ORIENTED_EDGE('',*,*,#2752,.T.);
#2752 = EDGE_CURVE('',#2753,#2553,#2755,.T.);
#2753 = VERTEX_POINT('',#2754);
#2754 = CARTESIAN_POINT('',(2.4,-1.6,2.8));
#2755 = LINE('',#2756,#2757);
#2756 = CARTESIAN_POINT('',(2.4,-1.6,2.8));
#2757 = VECTOR('',#2758,1.);
#2758 = DIRECTION('',(0.894427191,0.,-0.4472135955));
#2759 = ORIENTED_EDGE('',*,*,#2552,.F.);
#2760 = ORIENTED_EDGE('',*,*,#2703,.F.);
#2761 = ORIENTED_EDGE('',*,*,#2762,.F.);
#2762 = EDGE_CURVE('',#2753,#2704,#2763,.T.);
#2763 = LINE('',#2764,#2765);
#2764 = CARTESIAN_POINT('',(2.4,1.6,2.8));
#2765 = VECTOR('',#2766,1.);
#2766 = DIRECTION('',(0.,1.,0.));
#2767 = PLANE('',#2768);
#2768 = AXIS2_PLACEMENT_3D('',#2769,#2770,#2771);
#2769 = CARTESIAN_POINT('',(2.4,2.6,2.8));
#2770 = DIRECTION('',(0.4472135955,0.,0.894427191));
#2771 = DIRECTION('',(0.894427191,0.,-0.4472135955));
#2772 = ADVANCED_FACE('',(#2773),#2792,.T.);
#2773 = FACE_BOUND('',#2774,.T.);
#2774 = EDGE_LOOP('',(#2775,#2783,#2790,#2791));
#2775 = ORIENTED_EDGE('',*,*,#2776,.T.);
#2776 = EDGE_CURVE('',#2452,#2777,#2779,.T.);
#2777 = VERTEX_POINT('',#2778);
#2778 = CARTESIAN_POINT('',(-1.6,-2.4,2.8));
#2779 = LINE('',#2780,#2781);
#2780 = CARTESIAN_POINT('',(-1.6,-2.6,2.7));
#2781 = VECTOR('',#2782,1.);
#2782 = DIRECTION('',(0.,0.894427191,0.4472135955));
#2783 = ORIENTED_EDGE('',*,*,#2784,.F.);
#2784 = EDGE_CURVE('',#2729,#2777,#2785,.T.);
#2785 = CIRCLE('',#2786,0.8);
#2786 = AXIS2_PLACEMENT_3D('',#2787,#2788,#2789);
#2787 = CARTESIAN_POINT('',(-1.6,-1.6,2.8));
#2788 = DIRECTION('',(0.,0.,1.));
#2789 = DIRECTION('',(1.,0.,-0.));
#2790 = ORIENTED_EDGE('',*,*,#2728,.F.);
#2791 = ORIENTED_EDGE('',*,*,#2630,.T.);
#2792 = CONICAL_SURFACE('',#2793,0.8,1.107148717794);
#2793 = AXIS2_PLACEMENT_3D('',#2794,#2795,#2796);
#2794 = CARTESIAN_POINT('',(-1.6,-1.6,2.8));
#2795 = DIRECTION('',(-0.,0.,-1.));
#2796 = DIRECTION('',(-1.,0.,0.));
#2797 = ADVANCED_FACE('',(#2798),#2817,.T.);
#2798 = FACE_BOUND('',#2799,.T.);
#2799 = EDGE_LOOP('',(#2800,#2808,#2809,#2810));
#2800 = ORIENTED_EDGE('',*,*,#2801,.T.);
#2801 = EDGE_CURVE('',#2802,#2444,#2804,.T.);
#2802 = VERTEX_POINT('',#2803);
#2803 = CARTESIAN_POINT('',(1.6,-2.4,2.8));
#2804 = LINE('',#2805,#2806);
#2805 = CARTESIAN_POINT('',(1.6,-2.4,2.8));
#2806 = VECTOR('',#2807,1.);
#2807 = DIRECTION('',(0.,-0.894427191,-0.4472135955));
#2808 = ORIENTED_EDGE('',*,*,#2576,.T.);
#2809 = ORIENTED_EDGE('',*,*,#2752,.F.);
#2810 = ORIENTED_EDGE('',*,*,#2811,.F.);
#2811 = EDGE_CURVE('',#2802,#2753,#2812,.T.);
#2812 = CIRCLE('',#2813,0.8);
#2813 = AXIS2_PLACEMENT_3D('',#2814,#2815,#2816);
#2814 = CARTESIAN_POINT('',(1.6,-1.6,2.8));
#2815 = DIRECTION('',(0.,0.,1.));
#2816 = DIRECTION('',(1.,0.,-0.));
#2817 = CONICAL_SURFACE('',#2818,0.8,1.107148717794);
#2818 = AXIS2_PLACEMENT_3D('',#2819,#2820,#2821);
#2819 = CARTESIAN_POINT('',(1.6,-1.6,2.8));
#2820 = DIRECTION('',(-0.,0.,-1.));
#2821 = DIRECTION('',(-1.,0.,0.));
#2822 = ADVANCED_FACE('',(#2823),#2834,.T.);
#2823 = FACE_BOUND('',#2824,.T.);
#2824 = EDGE_LOOP('',(#2825,#2826,#2827,#2828));
#2825 = ORIENTED_EDGE('',*,*,#2776,.F.);
#2826 = ORIENTED_EDGE('',*,*,#2451,.F.);
#2827 = ORIENTED_EDGE('',*,*,#2801,.F.);
#2828 = ORIENTED_EDGE('',*,*,#2829,.F.);
#2829 = EDGE_CURVE('',#2777,#2802,#2830,.T.);
#2830 = LINE('',#2831,#2832);
#2831 = CARTESIAN_POINT('',(1.6,-2.4,2.8));
#2832 = VECTOR('',#2833,1.);
#2833 = DIRECTION('',(1.,8.340016711427E-17,0.));
#2834 = PLANE('',#2835);
#2835 = AXIS2_PLACEMENT_3D('',#2836,#2837,#2838);
#2836 = CARTESIAN_POINT('',(2.6,-2.4,2.8));
#2837 = DIRECTION('',(3.729768860047E-17,-0.4472135955,0.894427191));
#2838 = DIRECTION('',(0.,-0.894427191,-0.4472135955));
#2839 = ADVANCED_FACE('',(#2840,#2870,#2923,#2929,#2935,#2950,#2995,
    #3049,#3059),#3077,.T.);
#2840 = FACE_BOUND('',#2841,.T.);
#2841 = EDGE_LOOP('',(#2842,#2851,#2852,#2853,#2860,#2861,#2862,#2863));
#2842 = ORIENTED_EDGE('',*,*,#2843,.F.);
#2843 = EDGE_CURVE('',#99,#2844,#2846,.T.);
#2844 = VERTEX_POINT('',#2845);
#2845 = CARTESIAN_POINT('',(1.81606557377,0.252131147541,2.8));
#2846 = B_SPLINE_CURVE_WITH_KNOTS('',3,(#2847,#2848,#2849,#2850),
  .UNSPECIFIED.,.F.,.F.,(4,4),(0.969765151352,1.),
  .PIECEWISE_BEZIER_KNOTS.);
#2847 = CARTESIAN_POINT('',(1.81606557377,0.366229508197,2.8));
#2848 = CARTESIAN_POINT('',(1.81606557377,0.328196721311,2.8));
#2849 = CARTESIAN_POINT('',(1.81606557377,0.290163934426,2.8));
#2850 = CARTESIAN_POINT('',(1.81606557377,0.252131147541,2.8));
#2851 = ORIENTED_EDGE('',*,*,#96,.F.);
#2852 = ORIENTED_EDGE('',*,*,#161,.F.);
#2853 = ORIENTED_EDGE('',*,*,#2854,.F.);
#2854 = EDGE_CURVE('',#214,#141,#2855,.T.);
#2855 = B_SPLINE_CURVE_WITH_KNOTS('',3,(#2856,#2857,#2858,#2859),
  .UNSPECIFIED.,.F.,.F.,(4,4),(0.545626196095,0.56752039684),
  .PIECEWISE_BEZIER_KNOTS.);
#2856 = CARTESIAN_POINT('',(1.517049180328,-0.439672131148,2.8));
#2857 = CARTESIAN_POINT('',(1.489508196721,-0.439672131148,2.8));
#2858 = CARTESIAN_POINT('',(1.461967213115,-0.439672131148,2.8));
#2859 = CARTESIAN_POINT('',(1.434426229508,-0.439672131148,2.8));
#2860 = ORIENTED_EDGE('',*,*,#221,.F.);
#2861 = ORIENTED_EDGE('',*,*,#249,.F.);
#2862 = ORIENTED_EDGE('',*,*,#306,.F.);
#2863 = ORIENTED_EDGE('',*,*,#2864,.F.);
#2864 = EDGE_CURVE('',#2844,#285,#2865,.T.);
#2865 = B_SPLINE_CURVE_WITH_KNOTS('',3,(#2866,#2867,#2868,#2869),
  .UNSPECIFIED.,.F.,.F.,(4,4),(0.,6.950539919118E-04),
  .PIECEWISE_BEZIER_KNOTS.);
#2866 = CARTESIAN_POINT('',(1.81606557377,0.252131147541,2.8));
#2867 = CARTESIAN_POINT('',(1.815191256831,0.252131147541,2.8));
#2868 = CARTESIAN_POINT('',(1.814316939891,0.252131147541,2.8));
#2869 = CARTESIAN_POINT('',(1.813442622951,0.252131147541,2.8));
#2870 = FACE_BOUND('',#2871,.T.);
#2871 = EDGE_LOOP('',(#2872,#2873,#2882,#2891,#2900,#2914,#2921,#2922));
#2872 = ORIENTED_EDGE('',*,*,#438,.F.);
#2873 = ORIENTED_EDGE('',*,*,#2874,.F.);
#2874 = EDGE_CURVE('',#2875,#439,#2877,.T.);
#2875 = VERTEX_POINT('',#2876);
#2876 = CARTESIAN_POINT('',(0.903278688525,0.366229508197,2.8));
#2877 = B_SPLINE_CURVE_WITH_KNOTS('',3,(#2878,#2879,#2880,#2881),
  .UNSPECIFIED.,.F.,.F.,(4,4),(0.781852169394,0.801909699791),
  .PIECEWISE_BEZIER_KNOTS.);
#2878 = CARTESIAN_POINT('',(0.903278688525,0.366229508197,2.8));
#2879 = CARTESIAN_POINT('',(0.878579234973,0.366229508197,2.8));
#2880 = CARTESIAN_POINT('',(0.853879781421,0.366229508197,2.8));
#2881 = CARTESIAN_POINT('',(0.829180327869,0.366229508197,2.8));
#2882 = ORIENTED_EDGE('',*,*,#2883,.F.);
#2883 = EDGE_CURVE('',#2884,#2875,#2886,.T.);
#2884 = VERTEX_POINT('',#2885);
#2885 = CARTESIAN_POINT('',(0.903278688525,0.26393442623,2.8));
#2886 = B_SPLINE_CURVE_WITH_KNOTS('',3,(#2887,#2888,#2889,#2890),
  .UNSPECIFIED.,.F.,.F.,(4,4),(0.754162127429,0.781852169394),
  .PIECEWISE_BEZIER_KNOTS.);
#2887 = CARTESIAN_POINT('',(0.903278688525,0.26393442623,2.8));
#2888 = CARTESIAN_POINT('',(0.903278688525,0.298032786885,2.8));
#2889 = CARTESIAN_POINT('',(0.903278688525,0.332131147541,2.8));
#2890 = CARTESIAN_POINT('',(0.903278688525,0.366229508197,2.8));
#2891 = ORIENTED_EDGE('',*,*,#2892,.F.);
#2892 = EDGE_CURVE('',#2893,#2884,#2895,.T.);
#2893 = VERTEX_POINT('',#2894);
#2894 = CARTESIAN_POINT('',(0.905901639344,0.263278688525,2.8));
#2895 = B_SPLINE_CURVE_WITH_KNOTS('',3,(#2896,#2897,#2898,#2899),
  .UNSPECIFIED.,.F.,.F.,(4,4),(0.753430275072,0.754162127429),
  .PIECEWISE_BEZIER_KNOTS.);
#2896 = CARTESIAN_POINT('',(0.905901639344,0.263278688525,2.8));
#2897 = CARTESIAN_POINT('',(0.905027322404,0.26349726776,2.8));
#2898 = CARTESIAN_POINT('',(0.904153005464,0.263715846995,2.8));
#2899 = CARTESIAN_POINT('',(0.903278688525,0.26393442623,2.8));
#2900 = ORIENTED_EDGE('',*,*,#2901,.F.);
#2901 = EDGE_CURVE('',#2902,#2893,#2904,.T.);
#2902 = VERTEX_POINT('',#2903);
#2903 = CARTESIAN_POINT('',(1.280983606557,-0.365573770492,2.8));
#2904 = B_SPLINE_CURVE_WITH_KNOTS('',3,(#2905,#2906,#2907,#2908,#2909,
    #2910,#2911,#2912,#2913),.UNSPECIFIED.,.F.,.F.,(4,3,2,4),(
    0.456811112161,0.606266338663,0.694048335819,0.753430275072),
  .UNSPECIFIED.);
#2905 = CARTESIAN_POINT('',(1.280983606557,-0.365573770492,2.8));
#2906 = CARTESIAN_POINT('',(1.280983606557,-0.181530054645,2.8));
#2907 = CARTESIAN_POINT('',(1.280983606557,2.513661202186E-03,2.8));
#2908 = CARTESIAN_POINT('',(1.280983606557,0.186557377049,2.8));
#2909 = CARTESIAN_POINT('',(1.280983606557,0.324262295082,2.8));
#2910 = CARTESIAN_POINT('',(1.204918032787,0.381967213115,2.8));
#2911 = CARTESIAN_POINT('',(1.018032786885,0.381967213115,2.8));
#2912 = CARTESIAN_POINT('',(0.949180327869,0.345901639344,2.8));
#2913 = CARTESIAN_POINT('',(0.905901639344,0.263278688525,2.8));
#2914 = ORIENTED_EDGE('',*,*,#2915,.F.);
#2915 = EDGE_CURVE('',#364,#2902,#2916,.T.);
#2916 = B_SPLINE_CURVE_WITH_KNOTS('',3,(#2917,#2918,#2919,#2920),
  .UNSPECIFIED.,.F.,.F.,(4,4),(0.434446078267,0.456811112161),
  .PIECEWISE_BEZIER_KNOTS.);
#2917 = CARTESIAN_POINT('',(1.198360655738,-0.365573770492,2.8));
#2918 = CARTESIAN_POINT('',(1.225901639344,-0.365573770492,2.8));
#2919 = CARTESIAN_POINT('',(1.253442622951,-0.365573770492,2.8));
#2920 = CARTESIAN_POINT('',(1.280983606557,-0.365573770492,2.8));
#2921 = ORIENTED_EDGE('',*,*,#371,.F.);
#2922 = ORIENTED_EDGE('',*,*,#405,.F.);
#2923 = FACE_BOUND('',#2924,.T.);
#2924 = EDGE_LOOP('',(#2925,#2926,#2927,#2928));
#2925 = ORIENTED_EDGE('',*,*,#583,.F.);
#2926 = ORIENTED_EDGE('',*,*,#507,.F.);
#2927 = ORIENTED_EDGE('',*,*,#537,.F.);
#2928 = ORIENTED_EDGE('',*,*,#560,.F.);
#2929 = FACE_BOUND('',#2930,.T.);
#2930 = EDGE_LOOP('',(#2931,#2932,#2933,#2934));
#2931 = ORIENTED_EDGE('',*,*,#711,.F.);
#2932 = ORIENTED_EDGE('',*,*,#635,.F.);
#2933 = ORIENTED_EDGE('',*,*,#665,.F.);
#2934 = ORIENTED_EDGE('',*,*,#688,.F.);
#2935 = FACE_BOUND('',#2936,.T.);
#2936 = EDGE_LOOP('',(#2937,#2938,#2939,#2940,#2941,#2942,#2943,#2944,
    #2945,#2946,#2947,#2948,#2949));
#2937 = ORIENTED_EDGE('',*,*,#1109,.F.);
#2938 = ORIENTED_EDGE('',*,*,#826,.F.);
#2939 = ORIENTED_EDGE('',*,*,#856,.F.);
#2940 = ORIENTED_EDGE('',*,*,#879,.F.);
#2941 = ORIENTED_EDGE('',*,*,#902,.F.);
#2942 = ORIENTED_EDGE('',*,*,#925,.F.);
#2943 = ORIENTED_EDGE('',*,*,#948,.F.);
#2944 = ORIENTED_EDGE('',*,*,#971,.F.);
#2945 = ORIENTED_EDGE('',*,*,#994,.F.);
#2946 = ORIENTED_EDGE('',*,*,#1017,.F.);
#2947 = ORIENTED_EDGE('',*,*,#1040,.F.);
#2948 = ORIENTED_EDGE('',*,*,#1063,.F.);
#2949 = ORIENTED_EDGE('',*,*,#1086,.F.);
#2950 = FACE_BOUND('',#2951,.T.);
#2951 = EDGE_LOOP('',(#2952,#2961,#2962,#2963,#2964,#2965,#2974,#2988));
#2952 = ORIENTED_EDGE('',*,*,#2953,.F.);
#2953 = EDGE_CURVE('',#1215,#2954,#2956,.T.);
#2954 = VERTEX_POINT('',#2955);
#2955 = CARTESIAN_POINT('',(-0.366229508197,-0.365573770492,2.8));
#2956 = B_SPLINE_CURVE_WITH_KNOTS('',3,(#2957,#2958,#2959,#2960),
  .UNSPECIFIED.,.F.,.F.,(4,4),(0.663177831208,1.),
  .PIECEWISE_BEZIER_KNOTS.);
#2957 = CARTESIAN_POINT('',(-0.366229508197,0.366229508197,2.8));
#2958 = CARTESIAN_POINT('',(-0.366229508197,0.122295081967,2.8));
#2959 = CARTESIAN_POINT('',(-0.366229508197,-0.121639344262,2.8));
#2960 = CARTESIAN_POINT('',(-0.366229508197,-0.365573770492,2.8));
#2961 = ORIENTED_EDGE('',*,*,#1212,.F.);
#2962 = ORIENTED_EDGE('',*,*,#1244,.F.);
#2963 = ORIENTED_EDGE('',*,*,#1269,.F.);
#2964 = ORIENTED_EDGE('',*,*,#1304,.F.);
#2965 = ORIENTED_EDGE('',*,*,#2966,.F.);
#2966 = EDGE_CURVE('',#2967,#1295,#2969,.T.);
#2967 = VERTEX_POINT('',#2968);
#2968 = CARTESIAN_POINT('',(-6.72131147541E-02,0.294754098361,2.8));
#2969 = B_SPLINE_CURVE_WITH_KNOTS('',3,(#2970,#2971,#2972,#2973),
  .UNSPECIFIED.,.F.,.F.,(4,4),(0.407809995646,0.445838305026),
  .PIECEWISE_BEZIER_KNOTS.);
#2970 = CARTESIAN_POINT('',(-6.72131147541E-02,0.294754098361,2.8));
#2971 = CARTESIAN_POINT('',(-6.72131147541E-02,0.322295081967,2.8));
#2972 = CARTESIAN_POINT('',(-6.72131147541E-02,0.349836065574,2.8));
#2973 = CARTESIAN_POINT('',(-6.72131147541E-02,0.37737704918,2.8));
#2974 = ORIENTED_EDGE('',*,*,#2975,.F.);
#2975 = EDGE_CURVE('',#2976,#2967,#2978,.T.);
#2976 = VERTEX_POINT('',#2977);
#2977 = CARTESIAN_POINT('',(-0.283606557377,-0.365573770492,2.8));
#2978 = B_SPLINE_CURVE_WITH_KNOTS('',3,(#2979,#2980,#2981,#2982,#2983,
    #2984,#2985,#2986,#2987),.UNSPECIFIED.,.F.,.F.,(4,3,2,4),(
    3.802830937977E-02,0.248089446906,0.388843180483,0.407809995646),
  .UNSPECIFIED.);
#2979 = CARTESIAN_POINT('',(-0.283606557377,-0.365573770492,2.8));
#2980 = CARTESIAN_POINT('',(-0.283606557377,-0.213442622951,2.8));
#2981 = CARTESIAN_POINT('',(-0.283606557377,-6.131147540984E-02,2.8));
#2982 = CARTESIAN_POINT('',(-0.283606557377,9.081967213115E-02,2.8));
#2983 = CARTESIAN_POINT('',(-0.283606557377,0.232459016393,2.8));
#2984 = CARTESIAN_POINT('',(-0.199672131148,0.29868852459,2.8));
#2985 = CARTESIAN_POINT('',(-9.475409836065E-02,0.29868852459,2.8));
#2986 = CARTESIAN_POINT('',(-8.098360655738E-02,0.29737704918,2.8));
#2987 = CARTESIAN_POINT('',(-6.72131147541E-02,0.294754098361,2.8));
#2988 = ORIENTED_EDGE('',*,*,#2989,.F.);
#2989 = EDGE_CURVE('',#2954,#2976,#2990,.T.);
#2990 = B_SPLINE_CURVE_WITH_KNOTS('',3,(#2991,#2992,#2993,#2994),
  .UNSPECIFIED.,.F.,.F.,(4,4),(0.,3.802830937977E-02),
  .PIECEWISE_BEZIER_KNOTS.);
#2991 = CARTESIAN_POINT('',(-0.366229508197,-0.365573770492,2.8));
#2992 = CARTESIAN_POINT('',(-0.33868852459,-0.365573770492,2.8));
#2993 = CARTESIAN_POINT('',(-0.311147540984,-0.365573770492,2.8));
#2994 = CARTESIAN_POINT('',(-0.283606557377,-0.365573770492,2.8));
#2995 = FACE_BOUND('',#2996,.T.);
#2996 = EDGE_LOOP('',(#2997,#2998,#3018,#3027,#3041,#3048));
#2997 = ORIENTED_EDGE('',*,*,#1413,.F.);
#2998 = ORIENTED_EDGE('',*,*,#2999,.F.);
#2999 = EDGE_CURVE('',#3000,#1414,#3002,.T.);
#3000 = VERTEX_POINT('',#3001);
#3001 = CARTESIAN_POINT('',(-0.469180327869,-0.305245901639,2.8));
#3002 = B_SPLINE_CURVE_WITH_KNOTS('',3,(#3003,#3004,#3005,#3006,#3007,
    #3008,#3009,#3010,#3011,#3012,#3013,#3014,#3015,#3016,#3017),
  .UNSPECIFIED.,.F.,.F.,(4,3,3,3,2,4),(0.588726595345,0.596073886305,
    0.62206655014,0.756970975822,0.86376237675,0.97428448164),
  .UNSPECIFIED.);
#3003 = CARTESIAN_POINT('',(-0.469180327869,-0.305245901639,2.8));
#3004 = CARTESIAN_POINT('',(-0.477049180328,-0.305245901639,2.8));
#3005 = CARTESIAN_POINT('',(-0.484918032787,-0.305245901639,2.8));
#3006 = CARTESIAN_POINT('',(-0.492786885246,-0.305245901639,2.8));
#3007 = CARTESIAN_POINT('',(-0.521639344262,-0.305245901639,2.8));
#3008 = CARTESIAN_POINT('',(-0.535409836066,-0.284918032787,2.8));
#3009 = CARTESIAN_POINT('',(-0.535409836066,-0.245573770492,2.8));
#3010 = CARTESIAN_POINT('',(-0.535409836066,-0.101092896175,2.8));
#3011 = CARTESIAN_POINT('',(-0.535409836066,4.338797814208E-02,2.8));
#3012 = CARTESIAN_POINT('',(-0.535409836066,0.187868852459,2.8));
#3013 = CARTESIAN_POINT('',(-0.535409836066,0.303278688525,2.8));
#3014 = CARTESIAN_POINT('',(-0.592459016393,0.381967213115,2.8));
#3015 = CARTESIAN_POINT('',(-0.898032786885,0.381967213115,2.8));
#3016 = CARTESIAN_POINT('',(-0.968196721311,0.298032786885,2.8));
#3017 = CARTESIAN_POINT('',(-0.968196721311,0.147868852459,2.8));
#3018 = ORIENTED_EDGE('',*,*,#3019,.F.);
#3019 = EDGE_CURVE('',#3020,#3000,#3022,.T.);
#3020 = VERTEX_POINT('',#3021);
#3021 = CARTESIAN_POINT('',(-0.469180327869,-0.366229508197,2.8));
#3022 = B_SPLINE_CURVE_WITH_KNOTS('',3,(#3023,#3024,#3025,#3026),
  .UNSPECIFIED.,.F.,.F.,(4,4),(0.569746093699,0.588726595345),
  .PIECEWISE_BEZIER_KNOTS.);
#3023 = CARTESIAN_POINT('',(-0.469180327869,-0.366229508197,2.8));
#3024 = CARTESIAN_POINT('',(-0.469180327869,-0.345901639344,2.8));
#3025 = CARTESIAN_POINT('',(-0.469180327869,-0.325573770492,2.8));
#3026 = CARTESIAN_POINT('',(-0.469180327869,-0.305245901639,2.8));
#3027 = ORIENTED_EDGE('',*,*,#3028,.F.);
#3028 = EDGE_CURVE('',#3029,#3020,#3031,.T.);
#3029 = VERTEX_POINT('',#3030);
#3030 = CARTESIAN_POINT('',(-0.614754098361,-0.259344262295,2.8));
#3031 = B_SPLINE_CURVE_WITH_KNOTS('',3,(#3032,#3033,#3034,#3035,#3036,
    #3037,#3038,#3039,#3040),.UNSPECIFIED.,.F.,.F.,(4,3,2,4),(
    0.498918257571,0.506469639946,0.561906533057,0.569746093699),
  .UNSPECIFIED.);
#3032 = CARTESIAN_POINT('',(-0.614754098361,-0.259344262295,2.8));
#3033 = CARTESIAN_POINT('',(-0.614754098361,-0.267431693989,2.8));
#3034 = CARTESIAN_POINT('',(-0.614754098361,-0.275519125683,2.8));
#3035 = CARTESIAN_POINT('',(-0.614754098361,-0.283606557377,2.8));
#3036 = CARTESIAN_POINT('',(-0.614754098361,-0.359016393443,2.8));
#3037 = CARTESIAN_POINT('',(-0.572786885246,-0.374754098361,2.8));
#3038 = CARTESIAN_POINT('',(-0.49868852459,-0.374754098361,2.8));
#3039 = CARTESIAN_POINT('',(-0.484918032787,-0.371475409836,2.8));
#3040 = CARTESIAN_POINT('',(-0.469180327869,-0.366229508197,2.8));
#3041 = ORIENTED_EDGE('',*,*,#3042,.F.);
#3042 = EDGE_CURVE('',#1360,#3029,#3043,.T.);
#3043 = B_SPLINE_CURVE_WITH_KNOTS('',3,(#3044,#3045,#3046,#3047),
  .UNSPECIFIED.,.F.,.F.,(4,4),(0.498101891908,0.498918257571),
  .PIECEWISE_BEZIER_KNOTS.);
#3044 = CARTESIAN_POINT('',(-0.61737704918,-0.259344262295,2.8));
#3045 = CARTESIAN_POINT('',(-0.61650273224,-0.259344262295,2.8));
#3046 = CARTESIAN_POINT('',(-0.615628415301,-0.259344262295,2.8));
#3047 = CARTESIAN_POINT('',(-0.614754098361,-0.259344262295,2.8));
#3048 = ORIENTED_EDGE('',*,*,#1367,.F.);
#3049 = FACE_BOUND('',#3050,.T.);
#3050 = EDGE_LOOP('',(#3051,#3052,#3053,#3054,#3055,#3056,#3057,#3058));
#3051 = ORIENTED_EDGE('',*,*,#2713,.T.);
#3052 = ORIENTED_EDGE('',*,*,#2664,.T.);
#3053 = ORIENTED_EDGE('',*,*,#2686,.T.);
#3054 = ORIENTED_EDGE('',*,*,#2736,.T.);
#3055 = ORIENTED_EDGE('',*,*,#2784,.T.);
#3056 = ORIENTED_EDGE('',*,*,#2829,.T.);
#3057 = ORIENTED_EDGE('',*,*,#2811,.T.);
#3058 = ORIENTED_EDGE('',*,*,#2762,.T.);
#3059 = FACE_BOUND('',#3060,.T.);
#3060 = EDGE_LOOP('',(#3061,#3062,#3063,#3064,#3065,#3066,#3067,#3068,
    #3069,#3070,#3071,#3072,#3073,#3074,#3075,#3076));
#3061 = ORIENTED_EDGE('',*,*,#1918,.F.);
#3062 = ORIENTED_EDGE('',*,*,#1566,.F.);
#3063 = ORIENTED_EDGE('',*,*,#1596,.F.);
#3064 = ORIENTED_EDGE('',*,*,#1619,.F.);
#3065 = ORIENTED_EDGE('',*,*,#1642,.F.);
#3066 = ORIENTED_EDGE('',*,*,#1665,.F.);
#3067 = ORIENTED_EDGE('',*,*,#1688,.F.);
#3068 = ORIENTED_EDGE('',*,*,#1711,.F.);
#3069 = ORIENTED_EDGE('',*,*,#1734,.F.);
#3070 = ORIENTED_EDGE('',*,*,#1757,.F.);
#3071 = ORIENTED_EDGE('',*,*,#1780,.F.);
#3072 = ORIENTED_EDGE('',*,*,#1803,.F.);
#3073 = ORIENTED_EDGE('',*,*,#1826,.F.);
#3074 = ORIENTED_EDGE('',*,*,#1849,.F.);
#3075 = ORIENTED_EDGE('',*,*,#1872,.F.);
#3076 = ORIENTED_EDGE('',*,*,#1895,.F.);
#3077 = PLANE('',#3078);
#3078 = AXIS2_PLACEMENT_3D('',#3079,#3080,#3081);
#3079 = CARTESIAN_POINT('',(2.6,2.6,2.8));
#3080 = DIRECTION('',(0.,0.,1.));
#3081 = DIRECTION('',(1.,0.,-0.));
#3082 = ADVANCED_FACE('',(#3083),#3086,.T.);
#3083 = FACE_BOUND('',#3084,.T.);
#3084 = EDGE_LOOP('',(#3085));
#3085 = ORIENTED_EDGE('',*,*,#65,.F.);
#3086 = PLANE('',#3087);
#3087 = AXIS2_PLACEMENT_3D('',#3088,#3089,#3090);
#3088 = CARTESIAN_POINT('',(2.6,2.6,2.8));
#3089 = DIRECTION('',(0.,0.,1.));
#3090 = DIRECTION('',(1.,0.,-0.));
#3091 = ADVANCED_FACE('',(#3092,#3095),#3125,.F.);
#3092 = FACE_BOUND('',#3093,.T.);
#3093 = EDGE_LOOP('',(#3094));
#3094 = ORIENTED_EDGE('',*,*,#43,.T.);
#3095 = FACE_BOUND('',#3096,.T.);
#3096 = EDGE_LOOP('',(#3097,#3106,#3113,#3114,#3115,#3116,#3123,#3124));
#3097 = ORIENTED_EDGE('',*,*,#3098,.T.);
#3098 = EDGE_CURVE('',#108,#3099,#3101,.T.);
#3099 = VERTEX_POINT('',#3100);
#3100 = CARTESIAN_POINT('',(1.81606557377,0.252131147541,2.79));
#3101 = B_SPLINE_CURVE_WITH_KNOTS('',3,(#3102,#3103,#3104,#3105),
  .UNSPECIFIED.,.F.,.F.,(4,4),(0.969765151352,1.),
  .PIECEWISE_BEZIER_KNOTS.);
#3102 = CARTESIAN_POINT('',(1.81606557377,0.366229508197,2.79));
#3103 = CARTESIAN_POINT('',(1.81606557377,0.328196721311,2.79));
#3104 = CARTESIAN_POINT('',(1.81606557377,0.290163934426,2.79));
#3105 = CARTESIAN_POINT('',(1.81606557377,0.252131147541,2.79));
#3106 = ORIENTED_EDGE('',*,*,#3107,.T.);
#3107 = EDGE_CURVE('',#3099,#283,#3108,.T.);
#3108 = B_SPLINE_CURVE_WITH_KNOTS('',3,(#3109,#3110,#3111,#3112),
  .UNSPECIFIED.,.F.,.F.,(4,4),(0.,6.950539919118E-04),
  .PIECEWISE_BEZIER_KNOTS.);
#3109 = CARTESIAN_POINT('',(1.81606557377,0.252131147541,2.79));
#3110 = CARTESIAN_POINT('',(1.815191256831,0.252131147541,2.79));
#3111 = CARTESIAN_POINT('',(1.814316939891,0.252131147541,2.79));
#3112 = CARTESIAN_POINT('',(1.813442622951,0.252131147541,2.79));
#3113 = ORIENTED_EDGE('',*,*,#292,.T.);
#3114 = ORIENTED_EDGE('',*,*,#259,.T.);
#3115 = ORIENTED_EDGE('',*,*,#199,.T.);
#3116 = ORIENTED_EDGE('',*,*,#3117,.T.);
#3117 = EDGE_CURVE('',#200,#139,#3118,.T.);
#3118 = B_SPLINE_CURVE_WITH_KNOTS('',3,(#3119,#3120,#3121,#3122),
  .UNSPECIFIED.,.F.,.F.,(4,4),(0.545626196095,0.56752039684),
  .PIECEWISE_BEZIER_KNOTS.);
#3119 = CARTESIAN_POINT('',(1.517049180328,-0.439672131148,2.79));
#3120 = CARTESIAN_POINT('',(1.489508196721,-0.439672131148,2.79));
#3121 = CARTESIAN_POINT('',(1.461967213115,-0.439672131148,2.79));
#3122 = CARTESIAN_POINT('',(1.434426229508,-0.439672131148,2.79));
#3123 = ORIENTED_EDGE('',*,*,#148,.T.);
#3124 = ORIENTED_EDGE('',*,*,#115,.T.);
#3125 = PLANE('',#3126);
#3126 = AXIS2_PLACEMENT_3D('',#3127,#3128,#3129);
#3127 = CARTESIAN_POINT('',(1.42043081943,-0.141264148386,2.79));
#3128 = DIRECTION('',(0.,0.,-1.));
#3129 = DIRECTION('',(-1.,0.,0.));
#3130 = ADVANCED_FACE('',(#3131),#3137,.F.);
#3131 = FACE_BOUND('',#3132,.T.);
#3132 = EDGE_LOOP('',(#3133,#3134,#3135,#3136));
#3133 = ORIENTED_EDGE('',*,*,#2854,.T.);
#3134 = ORIENTED_EDGE('',*,*,#138,.F.);
#3135 = ORIENTED_EDGE('',*,*,#3117,.F.);
#3136 = ORIENTED_EDGE('',*,*,#213,.T.);
#3137 = PLANE('',#3138);
#3138 = AXIS2_PLACEMENT_3D('',#3139,#3140,#3141);
#3139 = CARTESIAN_POINT('',(1.517049180328,-0.439672131148,2.79));
#3140 = DIRECTION('',(0.,1.,0.));
#3141 = DIRECTION('',(0.,-0.,1.));
#3142 = ADVANCED_FACE('',(#3143),#3154,.F.);
#3143 = FACE_BOUND('',#3144,.T.);
#3144 = EDGE_LOOP('',(#3145,#3146,#3147,#3148));
#3145 = ORIENTED_EDGE('',*,*,#2864,.T.);
#3146 = ORIENTED_EDGE('',*,*,#282,.F.);
#3147 = ORIENTED_EDGE('',*,*,#3107,.F.);
#3148 = ORIENTED_EDGE('',*,*,#3149,.T.);
#3149 = EDGE_CURVE('',#3099,#2844,#3150,.T.);
#3150 = LINE('',#3151,#3152);
#3151 = CARTESIAN_POINT('',(1.81606557377,0.252131147541,2.79));
#3152 = VECTOR('',#3153,1.);
#3153 = DIRECTION('',(0.,0.,1.));
#3154 = PLANE('',#3155);
#3155 = AXIS2_PLACEMENT_3D('',#3156,#3157,#3158);
#3156 = CARTESIAN_POINT('',(1.81606557377,0.252131147541,2.79));
#3157 = DIRECTION('',(0.,1.,0.));
#3158 = DIRECTION('',(0.,-0.,1.));
#3159 = ADVANCED_FACE('',(#3160),#3166,.F.);
#3160 = FACE_BOUND('',#3161,.T.);
#3161 = EDGE_LOOP('',(#3162,#3163,#3164,#3165));
#3162 = ORIENTED_EDGE('',*,*,#2843,.T.);
#3163 = ORIENTED_EDGE('',*,*,#3149,.F.);
#3164 = ORIENTED_EDGE('',*,*,#3098,.F.);
#3165 = ORIENTED_EDGE('',*,*,#107,.T.);
#3166 = PLANE('',#3167);
#3167 = AXIS2_PLACEMENT_3D('',#3168,#3169,#3170);
#3168 = CARTESIAN_POINT('',(1.81606557377,0.366229508197,2.79));
#3169 = DIRECTION('',(-1.,0.,0.));
#3170 = DIRECTION('',(0.,0.,1.));
#3171 = ADVANCED_FACE('',(#3172),#3225,.T.);
#3172 = FACE_BOUND('',#3173,.T.);
#3173 = EDGE_LOOP('',(#3174,#3175,#3176,#3177,#3186,#3200,#3209,#3218));
#3174 = ORIENTED_EDGE('',*,*,#448,.T.);
#3175 = ORIENTED_EDGE('',*,*,#415,.T.);
#3176 = ORIENTED_EDGE('',*,*,#346,.T.);
#3177 = ORIENTED_EDGE('',*,*,#3178,.T.);
#3178 = EDGE_CURVE('',#347,#3179,#3181,.T.);
#3179 = VERTEX_POINT('',#3180);
#3180 = CARTESIAN_POINT('',(1.280983606557,-0.365573770492,2.79));
#3181 = B_SPLINE_CURVE_WITH_KNOTS('',3,(#3182,#3183,#3184,#3185),
  .UNSPECIFIED.,.F.,.F.,(4,4),(0.434446078267,0.456811112161),
  .PIECEWISE_BEZIER_KNOTS.);
#3182 = CARTESIAN_POINT('',(1.198360655738,-0.365573770492,2.79));
#3183 = CARTESIAN_POINT('',(1.225901639344,-0.365573770492,2.79));
#3184 = CARTESIAN_POINT('',(1.253442622951,-0.365573770492,2.79));
#3185 = CARTESIAN_POINT('',(1.280983606557,-0.365573770492,2.79));
#3186 = ORIENTED_EDGE('',*,*,#3187,.T.);
#3187 = EDGE_CURVE('',#3179,#3188,#3190,.T.);
#3188 = VERTEX_POINT('',#3189);
#3189 = CARTESIAN_POINT('',(0.905901639344,0.263278688525,2.79));
#3190 = B_SPLINE_CURVE_WITH_KNOTS('',3,(#3191,#3192,#3193,#3194,#3195,
    #3196,#3197,#3198,#3199),.UNSPECIFIED.,.F.,.F.,(4,3,2,4),(
    0.456811112161,0.606266338663,0.694048335819,0.753430275072),
  .UNSPECIFIED.);
#3191 = CARTESIAN_POINT('',(1.280983606557,-0.365573770492,2.79));
#3192 = CARTESIAN_POINT('',(1.280983606557,-0.181530054645,2.79));
#3193 = CARTESIAN_POINT('',(1.280983606557,2.513661202186E-03,2.79));
#3194 = CARTESIAN_POINT('',(1.280983606557,0.186557377049,2.79));
#3195 = CARTESIAN_POINT('',(1.280983606557,0.324262295082,2.79));
#3196 = CARTESIAN_POINT('',(1.204918032787,0.381967213115,2.79));
#3197 = CARTESIAN_POINT('',(1.018032786885,0.381967213115,2.79));
#3198 = CARTESIAN_POINT('',(0.949180327869,0.345901639344,2.79));
#3199 = CARTESIAN_POINT('',(0.905901639344,0.263278688525,2.79));
#3200 = ORIENTED_EDGE('',*,*,#3201,.T.);
#3201 = EDGE_CURVE('',#3188,#3202,#3204,.T.);
#3202 = VERTEX_POINT('',#3203);
#3203 = CARTESIAN_POINT('',(0.903278688525,0.26393442623,2.79));
#3204 = B_SPLINE_CURVE_WITH_KNOTS('',3,(#3205,#3206,#3207,#3208),
  .UNSPECIFIED.,.F.,.F.,(4,4),(0.753430275072,0.754162127429),
  .PIECEWISE_BEZIER_KNOTS.);
#3205 = CARTESIAN_POINT('',(0.905901639344,0.263278688525,2.79));
#3206 = CARTESIAN_POINT('',(0.905027322404,0.26349726776,2.79));
#3207 = CARTESIAN_POINT('',(0.904153005464,0.263715846995,2.79));
#3208 = CARTESIAN_POINT('',(0.903278688525,0.26393442623,2.79));
#3209 = ORIENTED_EDGE('',*,*,#3210,.T.);
#3210 = EDGE_CURVE('',#3202,#3211,#3213,.T.);
#3211 = VERTEX_POINT('',#3212);
#3212 = CARTESIAN_POINT('',(0.903278688525,0.366229508197,2.79));
#3213 = B_SPLINE_CURVE_WITH_KNOTS('',3,(#3214,#3215,#3216,#3217),
  .UNSPECIFIED.,.F.,.F.,(4,4),(0.754162127429,0.781852169394),
  .PIECEWISE_BEZIER_KNOTS.);
#3214 = CARTESIAN_POINT('',(0.903278688525,0.26393442623,2.79));
#3215 = CARTESIAN_POINT('',(0.903278688525,0.298032786885,2.79));
#3216 = CARTESIAN_POINT('',(0.903278688525,0.332131147541,2.79));
#3217 = CARTESIAN_POINT('',(0.903278688525,0.366229508197,2.79));
#3218 = ORIENTED_EDGE('',*,*,#3219,.T.);
#3219 = EDGE_CURVE('',#3211,#449,#3220,.T.);
#3220 = B_SPLINE_CURVE_WITH_KNOTS('',3,(#3221,#3222,#3223,#3224),
  .UNSPECIFIED.,.F.,.F.,(4,4),(0.781852169394,0.801909699791),
  .PIECEWISE_BEZIER_KNOTS.);
#3221 = CARTESIAN_POINT('',(0.903278688525,0.366229508197,2.79));
#3222 = CARTESIAN_POINT('',(0.878579234973,0.366229508197,2.79));
#3223 = CARTESIAN_POINT('',(0.853879781421,0.366229508197,2.79));
#3224 = CARTESIAN_POINT('',(0.829180327869,0.366229508197,2.79));
#3225 = PLANE('',#3226);
#3226 = AXIS2_PLACEMENT_3D('',#3227,#3228,#3229);
#3227 = CARTESIAN_POINT('',(1.072718234051,0.313114350595,2.79));
#3228 = DIRECTION('',(0.,0.,1.));
#3229 = DIRECTION('',(1.,0.,-0.));
#3230 = ADVANCED_FACE('',(#3231),#3242,.F.);
#3231 = FACE_BOUND('',#3232,.T.);
#3232 = EDGE_LOOP('',(#3233,#3234,#3235,#3236));
#3233 = ORIENTED_EDGE('',*,*,#2874,.T.);
#3234 = ORIENTED_EDGE('',*,*,#457,.F.);
#3235 = ORIENTED_EDGE('',*,*,#3219,.F.);
#3236 = ORIENTED_EDGE('',*,*,#3237,.T.);
#3237 = EDGE_CURVE('',#3211,#2875,#3238,.T.);
#3238 = LINE('',#3239,#3240);
#3239 = CARTESIAN_POINT('',(0.903278688525,0.366229508197,2.79));
#3240 = VECTOR('',#3241,1.);
#3241 = DIRECTION('',(0.,0.,1.));
#3242 = PLANE('',#3243);
#3243 = AXIS2_PLACEMENT_3D('',#3244,#3245,#3246);
#3244 = CARTESIAN_POINT('',(0.903278688525,0.366229508197,2.79));
#3245 = DIRECTION('',(0.,1.,0.));
#3246 = DIRECTION('',(0.,-0.,1.));
#3247 = ADVANCED_FACE('',(#3248),#3259,.F.);
#3248 = FACE_BOUND('',#3249,.T.);
#3249 = EDGE_LOOP('',(#3250,#3251,#3252,#3253));
#3250 = ORIENTED_EDGE('',*,*,#2883,.T.);
#3251 = ORIENTED_EDGE('',*,*,#3237,.F.);
#3252 = ORIENTED_EDGE('',*,*,#3210,.F.);
#3253 = ORIENTED_EDGE('',*,*,#3254,.T.);
#3254 = EDGE_CURVE('',#3202,#2884,#3255,.T.);
#3255 = LINE('',#3256,#3257);
#3256 = CARTESIAN_POINT('',(0.903278688525,0.26393442623,2.79));
#3257 = VECTOR('',#3258,1.);
#3258 = DIRECTION('',(0.,0.,1.));
#3259 = PLANE('',#3260);
#3260 = AXIS2_PLACEMENT_3D('',#3261,#3262,#3263);
#3261 = CARTESIAN_POINT('',(0.903278688525,0.26393442623,2.79));
#3262 = DIRECTION('',(1.,0.,0.));
#3263 = DIRECTION('',(0.,0.,-1.));
#3264 = ADVANCED_FACE('',(#3265),#3276,.F.);
#3265 = FACE_BOUND('',#3266,.T.);
#3266 = EDGE_LOOP('',(#3267,#3268,#3269,#3270));
#3267 = ORIENTED_EDGE('',*,*,#2892,.T.);
#3268 = ORIENTED_EDGE('',*,*,#3254,.F.);
#3269 = ORIENTED_EDGE('',*,*,#3201,.F.);
#3270 = ORIENTED_EDGE('',*,*,#3271,.T.);
#3271 = EDGE_CURVE('',#3188,#2893,#3272,.T.);
#3272 = LINE('',#3273,#3274);
#3273 = CARTESIAN_POINT('',(0.905901639344,0.263278688525,2.79));
#3274 = VECTOR('',#3275,1.);
#3275 = DIRECTION('',(0.,0.,1.));
#3276 = PLANE('',#3277);
#3277 = AXIS2_PLACEMENT_3D('',#3278,#3279,#3280);
#3278 = CARTESIAN_POINT('',(0.905901639344,0.263278688525,2.79));
#3279 = DIRECTION('',(0.242535625036,0.970142500145,0.));
#3280 = DIRECTION('',(-0.970142500145,0.242535625036,0.));
#3281 = ADVANCED_FACE('',(#3282),#3293,.F.);
#3282 = FACE_BOUND('',#3283,.F.);
#3283 = EDGE_LOOP('',(#3284,#3290,#3291,#3292));
#3284 = ORIENTED_EDGE('',*,*,#3285,.F.);
#3285 = EDGE_CURVE('',#3179,#2902,#3286,.T.);
#3286 = LINE('',#3287,#3288);
#3287 = CARTESIAN_POINT('',(1.280983606557,-0.365573770492,2.79));
#3288 = VECTOR('',#3289,1.);
#3289 = DIRECTION('',(0.,0.,1.));
#3290 = ORIENTED_EDGE('',*,*,#3187,.T.);
#3291 = ORIENTED_EDGE('',*,*,#3271,.T.);
#3292 = ORIENTED_EDGE('',*,*,#2901,.F.);
#3293 = SURFACE_OF_LINEAR_EXTRUSION('',#3294,#3304);
#3294 = B_SPLINE_CURVE_WITH_KNOTS('',3,(#3295,#3296,#3297,#3298,#3299,
    #3300,#3301,#3302,#3303),.UNSPECIFIED.,.F.,.F.,(4,3,2,4),(
    0.456811112161,0.606266338663,0.694048335819,0.753430275072),
  .UNSPECIFIED.);
#3295 = CARTESIAN_POINT('',(1.280983606557,-0.365573770492,2.79));
#3296 = CARTESIAN_POINT('',(1.280983606557,-0.181530054645,2.79));
#3297 = CARTESIAN_POINT('',(1.280983606557,2.513661202186E-03,2.79));
#3298 = CARTESIAN_POINT('',(1.280983606557,0.186557377049,2.79));
#3299 = CARTESIAN_POINT('',(1.280983606557,0.324262295082,2.79));
#3300 = CARTESIAN_POINT('',(1.204918032787,0.381967213115,2.79));
#3301 = CARTESIAN_POINT('',(1.018032786885,0.381967213115,2.79));
#3302 = CARTESIAN_POINT('',(0.949180327869,0.345901639344,2.79));
#3303 = CARTESIAN_POINT('',(0.905901639344,0.263278688525,2.79));
#3304 = VECTOR('',#3305,1.);
#3305 = DIRECTION('',(0.,0.,1.));
#3306 = ADVANCED_FACE('',(#3307),#3313,.F.);
#3307 = FACE_BOUND('',#3308,.T.);
#3308 = EDGE_LOOP('',(#3309,#3310,#3311,#3312));
#3309 = ORIENTED_EDGE('',*,*,#2915,.T.);
#3310 = ORIENTED_EDGE('',*,*,#3285,.F.);
#3311 = ORIENTED_EDGE('',*,*,#3178,.F.);
#3312 = ORIENTED_EDGE('',*,*,#363,.T.);
#3313 = PLANE('',#3314);
#3314 = AXIS2_PLACEMENT_3D('',#3315,#3316,#3317);
#3315 = CARTESIAN_POINT('',(1.198360655738,-0.365573770492,2.79));
#3316 = DIRECTION('',(0.,-1.,0.));
#3317 = DIRECTION('',(0.,0.,-1.));
#3318 = ADVANCED_FACE('',(#3319),#3330,.F.);
#3319 = FACE_BOUND('',#3320,.T.);
#3320 = EDGE_LOOP('',(#3321,#3322,#3323,#3324));
#3321 = ORIENTED_EDGE('',*,*,#2966,.T.);
#3322 = ORIENTED_EDGE('',*,*,#1294,.F.);
#3323 = ORIENTED_EDGE('',*,*,#1159,.F.);
#3324 = ORIENTED_EDGE('',*,*,#3325,.T.);
#3325 = EDGE_CURVE('',#1146,#2967,#3326,.T.);
#3326 = LINE('',#3327,#3328);
#3327 = CARTESIAN_POINT('',(-6.72131147541E-02,0.294754098361,2.79));
#3328 = VECTOR('',#3329,1.);
#3329 = DIRECTION('',(0.,0.,1.));
#3330 = PLANE('',#3331);
#3331 = AXIS2_PLACEMENT_3D('',#3332,#3333,#3334);
#3332 = CARTESIAN_POINT('',(-6.72131147541E-02,0.294754098361,2.79));
#3333 = DIRECTION('',(1.,0.,0.));
#3334 = DIRECTION('',(0.,0.,-1.));
#3335 = ADVANCED_FACE('',(#3336),#3347,.F.);
#3336 = FACE_BOUND('',#3337,.F.);
#3337 = EDGE_LOOP('',(#3338,#3344,#3345,#3346));
#3338 = ORIENTED_EDGE('',*,*,#3339,.F.);
#3339 = EDGE_CURVE('',#1137,#2976,#3340,.T.);
#3340 = LINE('',#3341,#3342);
#3341 = CARTESIAN_POINT('',(-0.283606557377,-0.365573770492,2.79));
#3342 = VECTOR('',#3343,1.);
#3343 = DIRECTION('',(0.,0.,1.));
#3344 = ORIENTED_EDGE('',*,*,#1145,.T.);
#3345 = ORIENTED_EDGE('',*,*,#3325,.T.);
#3346 = ORIENTED_EDGE('',*,*,#2975,.F.);
#3347 = SURFACE_OF_LINEAR_EXTRUSION('',#3348,#3358);
#3348 = B_SPLINE_CURVE_WITH_KNOTS('',3,(#3349,#3350,#3351,#3352,#3353,
    #3354,#3355,#3356,#3357),.UNSPECIFIED.,.F.,.F.,(4,3,2,4),(
    3.802830937977E-02,0.248089446906,0.388843180483,0.407809995646),
  .UNSPECIFIED.);
#3349 = CARTESIAN_POINT('',(-0.283606557377,-0.365573770492,2.79));
#3350 = CARTESIAN_POINT('',(-0.283606557377,-0.213442622951,2.79));
#3351 = CARTESIAN_POINT('',(-0.283606557377,-6.131147540984E-02,2.79));
#3352 = CARTESIAN_POINT('',(-0.283606557377,9.081967213115E-02,2.79));
#3353 = CARTESIAN_POINT('',(-0.283606557377,0.232459016393,2.79));
#3354 = CARTESIAN_POINT('',(-0.199672131148,0.29868852459,2.79));
#3355 = CARTESIAN_POINT('',(-9.475409836065E-02,0.29868852459,2.79));
#3356 = CARTESIAN_POINT('',(-8.098360655738E-02,0.29737704918,2.79));
#3357 = CARTESIAN_POINT('',(-6.72131147541E-02,0.294754098361,2.79));
#3358 = VECTOR('',#3359,1.);
#3359 = DIRECTION('',(0.,0.,1.));
#3360 = ADVANCED_FACE('',(#3361),#3372,.F.);
#3361 = FACE_BOUND('',#3362,.T.);
#3362 = EDGE_LOOP('',(#3363,#3364,#3365,#3366));
#3363 = ORIENTED_EDGE('',*,*,#2989,.T.);
#3364 = ORIENTED_EDGE('',*,*,#3339,.F.);
#3365 = ORIENTED_EDGE('',*,*,#1136,.F.);
#3366 = ORIENTED_EDGE('',*,*,#3367,.T.);
#3367 = EDGE_CURVE('',#1128,#2954,#3368,.T.);
#3368 = LINE('',#3369,#3370);
#3369 = CARTESIAN_POINT('',(-0.366229508197,-0.365573770492,2.79));
#3370 = VECTOR('',#3371,1.);
#3371 = DIRECTION('',(0.,0.,1.));
#3372 = PLANE('',#3373);
#3373 = AXIS2_PLACEMENT_3D('',#3374,#3375,#3376);
#3374 = CARTESIAN_POINT('',(-0.366229508197,-0.365573770492,2.79));
#3375 = DIRECTION('',(0.,-1.,0.));
#3376 = DIRECTION('',(0.,0.,-1.));
#3377 = ADVANCED_FACE('',(#3378),#3384,.F.);
#3378 = FACE_BOUND('',#3379,.T.);
#3379 = EDGE_LOOP('',(#3380,#3381,#3382,#3383));
#3380 = ORIENTED_EDGE('',*,*,#2953,.T.);
#3381 = ORIENTED_EDGE('',*,*,#3367,.F.);
#3382 = ORIENTED_EDGE('',*,*,#1125,.F.);
#3383 = ORIENTED_EDGE('',*,*,#1223,.T.);
#3384 = PLANE('',#3385);
#3385 = AXIS2_PLACEMENT_3D('',#3386,#3387,#3388);
#3386 = CARTESIAN_POINT('',(-0.366229508197,0.366229508197,2.79));
#3387 = DIRECTION('',(-1.,0.,0.));
#3388 = DIRECTION('',(0.,0.,1.));
#3389 = ADVANCED_FACE('',(#3390,#3444),#3483,.T.);
#3390 = FACE_BOUND('',#3391,.T.);
#3391 = EDGE_LOOP('',(#3392,#3393,#3394,#3403,#3417,#3426));
#3392 = ORIENTED_EDGE('',*,*,#1423,.T.);
#3393 = ORIENTED_EDGE('',*,*,#1336,.T.);
#3394 = ORIENTED_EDGE('',*,*,#3395,.T.);
#3395 = EDGE_CURVE('',#1337,#3396,#3398,.T.);
#3396 = VERTEX_POINT('',#3397);
#3397 = CARTESIAN_POINT('',(-0.614754098361,-0.259344262295,2.79));
#3398 = B_SPLINE_CURVE_WITH_KNOTS('',3,(#3399,#3400,#3401,#3402),
  .UNSPECIFIED.,.F.,.F.,(4,4),(0.498101891908,0.498918257571),
  .PIECEWISE_BEZIER_KNOTS.);
#3399 = CARTESIAN_POINT('',(-0.61737704918,-0.259344262295,2.79));
#3400 = CARTESIAN_POINT('',(-0.61650273224,-0.259344262295,2.79));
#3401 = CARTESIAN_POINT('',(-0.615628415301,-0.259344262295,2.79));
#3402 = CARTESIAN_POINT('',(-0.614754098361,-0.259344262295,2.79));
#3403 = ORIENTED_EDGE('',*,*,#3404,.T.);
#3404 = EDGE_CURVE('',#3396,#3405,#3407,.T.);
#3405 = VERTEX_POINT('',#3406);
#3406 = CARTESIAN_POINT('',(-0.469180327869,-0.366229508197,2.79));
#3407 = B_SPLINE_CURVE_WITH_KNOTS('',3,(#3408,#3409,#3410,#3411,#3412,
    #3413,#3414,#3415,#3416),.UNSPECIFIED.,.F.,.F.,(4,3,2,4),(
    0.498918257571,0.506469639946,0.561906533057,0.569746093699),
  .UNSPECIFIED.);
#3408 = CARTESIAN_POINT('',(-0.614754098361,-0.259344262295,2.79));
#3409 = CARTESIAN_POINT('',(-0.614754098361,-0.267431693989,2.79));
#3410 = CARTESIAN_POINT('',(-0.614754098361,-0.275519125683,2.79));
#3411 = CARTESIAN_POINT('',(-0.614754098361,-0.283606557377,2.79));
#3412 = CARTESIAN_POINT('',(-0.614754098361,-0.359016393443,2.79));
#3413 = CARTESIAN_POINT('',(-0.572786885246,-0.374754098361,2.79));
#3414 = CARTESIAN_POINT('',(-0.49868852459,-0.374754098361,2.79));
#3415 = CARTESIAN_POINT('',(-0.484918032787,-0.371475409836,2.79));
#3416 = CARTESIAN_POINT('',(-0.469180327869,-0.366229508197,2.79));
#3417 = ORIENTED_EDGE('',*,*,#3418,.T.);
#3418 = EDGE_CURVE('',#3405,#3419,#3421,.T.);
#3419 = VERTEX_POINT('',#3420);
#3420 = CARTESIAN_POINT('',(-0.469180327869,-0.305245901639,2.79));
#3421 = B_SPLINE_CURVE_WITH_KNOTS('',3,(#3422,#3423,#3424,#3425),
  .UNSPECIFIED.,.F.,.F.,(4,4),(0.569746093699,0.588726595345),
  .PIECEWISE_BEZIER_KNOTS.);
#3422 = CARTESIAN_POINT('',(-0.469180327869,-0.366229508197,2.79));
#3423 = CARTESIAN_POINT('',(-0.469180327869,-0.345901639344,2.79));
#3424 = CARTESIAN_POINT('',(-0.469180327869,-0.325573770492,2.79));
#3425 = CARTESIAN_POINT('',(-0.469180327869,-0.305245901639,2.79));
#3426 = ORIENTED_EDGE('',*,*,#3427,.T.);
#3427 = EDGE_CURVE('',#3419,#1424,#3428,.T.);
#3428 = B_SPLINE_CURVE_WITH_KNOTS('',3,(#3429,#3430,#3431,#3432,#3433,
    #3434,#3435,#3436,#3437,#3438,#3439,#3440,#3441,#3442,#3443),
  .UNSPECIFIED.,.F.,.F.,(4,3,3,3,2,4),(0.588726595345,0.596073886305,
    0.62206655014,0.756970975822,0.86376237675,0.97428448164),
  .UNSPECIFIED.);
#3429 = CARTESIAN_POINT('',(-0.469180327869,-0.305245901639,2.79));
#3430 = CARTESIAN_POINT('',(-0.477049180328,-0.305245901639,2.79));
#3431 = CARTESIAN_POINT('',(-0.484918032787,-0.305245901639,2.79));
#3432 = CARTESIAN_POINT('',(-0.492786885246,-0.305245901639,2.79));
#3433 = CARTESIAN_POINT('',(-0.521639344262,-0.305245901639,2.79));
#3434 = CARTESIAN_POINT('',(-0.535409836066,-0.284918032787,2.79));
#3435 = CARTESIAN_POINT('',(-0.535409836066,-0.245573770492,2.79));
#3436 = CARTESIAN_POINT('',(-0.535409836066,-0.101092896175,2.79));
#3437 = CARTESIAN_POINT('',(-0.535409836066,4.338797814208E-02,2.79));
#3438 = CARTESIAN_POINT('',(-0.535409836066,0.187868852459,2.79));
#3439 = CARTESIAN_POINT('',(-0.535409836066,0.303278688525,2.79));
#3440 = CARTESIAN_POINT('',(-0.592459016393,0.381967213115,2.79));
#3441 = CARTESIAN_POINT('',(-0.898032786885,0.381967213115,2.79));
#3442 = CARTESIAN_POINT('',(-0.968196721311,0.298032786885,2.79));
#3443 = CARTESIAN_POINT('',(-0.968196721311,0.147868852459,2.79));
#3444 = FACE_BOUND('',#3445,.T.);
#3445 = EDGE_LOOP('',(#3446,#3457,#3466));
#3446 = ORIENTED_EDGE('',*,*,#3447,.T.);
#3447 = EDGE_CURVE('',#3448,#3450,#3452,.T.);
#3448 = VERTEX_POINT('',#3449);
#3449 = CARTESIAN_POINT('',(-0.62131147541,4.819672131148E-02,2.79));
#3450 = VERTEX_POINT('',#3451);
#3451 = CARTESIAN_POINT('',(-0.61868852459,4.819672131148E-02,2.79));
#3452 = B_SPLINE_CURVE_WITH_KNOTS('',3,(#3453,#3454,#3455,#3456),
  .UNSPECIFIED.,.F.,.F.,(4,4),(0.850331981942,0.852816098425),
  .PIECEWISE_BEZIER_KNOTS.);
#3453 = CARTESIAN_POINT('',(-0.62131147541,4.819672131148E-02,2.79));
#3454 = CARTESIAN_POINT('',(-0.62043715847,4.819672131148E-02,2.79));
#3455 = CARTESIAN_POINT('',(-0.61956284153,4.819672131148E-02,2.79));
#3456 = CARTESIAN_POINT('',(-0.61868852459,4.819672131148E-02,2.79));
#3457 = ORIENTED_EDGE('',*,*,#3458,.T.);
#3458 = EDGE_CURVE('',#3450,#3459,#3461,.T.);
#3459 = VERTEX_POINT('',#3460);
#3460 = CARTESIAN_POINT('',(-0.61868852459,-0.107213114754,2.79));
#3461 = B_SPLINE_CURVE_WITH_KNOTS('',3,(#3462,#3463,#3464,#3465),
  .UNSPECIFIED.,.F.,.F.,(4,4),(0.852816098425,1.),
  .PIECEWISE_BEZIER_KNOTS.);
#3462 = CARTESIAN_POINT('',(-0.61868852459,4.819672131148E-02,2.79));
#3463 = CARTESIAN_POINT('',(-0.61868852459,-3.606557377049E-03,2.79));
#3464 = CARTESIAN_POINT('',(-0.61868852459,-5.540983606557E-02,2.79));
#3465 = CARTESIAN_POINT('',(-0.61868852459,-0.107213114754,2.79));
#3466 = ORIENTED_EDGE('',*,*,#3467,.T.);
#3467 = EDGE_CURVE('',#3459,#3448,#3468,.T.);
#3468 = B_SPLINE_CURVE_WITH_KNOTS('',3,(#3469,#3470,#3471,#3472,#3473,
    #3474,#3475,#3476,#3477,#3478,#3479,#3480,#3481,#3482),
  .UNSPECIFIED.,.F.,.F.,(4,2,2,3,3,4),(0.,0.281158487643,0.481460939623,
    0.684775458551,0.752262299598,0.850331981942),.UNSPECIFIED.);
#3469 = CARTESIAN_POINT('',(-0.61868852459,-0.107213114754,2.79));
#3470 = CARTESIAN_POINT('',(-0.61868852459,-0.239672131148,2.79));
#3471 = CARTESIAN_POINT('',(-0.687540983607,-0.312459016393,2.79));
#3472 = CARTESIAN_POINT('',(-0.859344262295,-0.312459016393,2.79));
#3473 = CARTESIAN_POINT('',(-0.903278688525,-0.258032786885,2.79));
#3474 = CARTESIAN_POINT('',(-0.903278688525,-8.229508196721E-02,2.79));
#3475 = CARTESIAN_POINT('',(-0.860655737705,-4.032786885246E-02,2.79));
#3476 = CARTESIAN_POINT('',(-0.778032786885,-1.868852459016E-02,2.79));
#3477 = CARTESIAN_POINT('',(-0.755055181111,-1.267058022061E-02,2.79));
#3478 = CARTESIAN_POINT('',(-0.732131147541,-6.448087431694E-03,2.79));
#3479 = CARTESIAN_POINT('',(-0.709180327869,-3.27868852459E-04,2.79));
#3480 = CARTESIAN_POINT('',(-0.676121352289,8.487857968846E-03,2.79));
#3481 = CARTESIAN_POINT('',(-0.631147540984,2.196721311475E-02,2.79));
#3482 = CARTESIAN_POINT('',(-0.62131147541,4.819672131148E-02,2.79));
#3483 = PLANE('',#3484);
#3484 = AXIS2_PLACEMENT_3D('',#3485,#3486,#3487);
#3485 = CARTESIAN_POINT('',(-0.878296506822,1.504737396093E-02,2.79));
#3486 = DIRECTION('',(0.,0.,1.));
#3487 = DIRECTION('',(1.,0.,-0.));
#3488 = ADVANCED_FACE('',(#3489),#3505,.F.);
#3489 = FACE_BOUND('',#3490,.F.);
#3490 = EDGE_LOOP('',(#3491,#3497,#3498,#3504));
#3491 = ORIENTED_EDGE('',*,*,#3492,.F.);
#3492 = EDGE_CURVE('',#3459,#2316,#3493,.T.);
#3493 = LINE('',#3494,#3495);
#3494 = CARTESIAN_POINT('',(-0.61868852459,-0.107213114754,2.79));
#3495 = VECTOR('',#3496,1.);
#3496 = DIRECTION('',(0.,0.,1.));
#3497 = ORIENTED_EDGE('',*,*,#3467,.T.);
#3498 = ORIENTED_EDGE('',*,*,#3499,.T.);
#3499 = EDGE_CURVE('',#3448,#2305,#3500,.T.);
#3500 = LINE('',#3501,#3502);
#3501 = CARTESIAN_POINT('',(-0.62131147541,4.819672131148E-02,2.79));
#3502 = VECTOR('',#3503,1.);
#3503 = DIRECTION('',(0.,0.,1.));
#3504 = ORIENTED_EDGE('',*,*,#2315,.F.);
#3505 = SURFACE_OF_LINEAR_EXTRUSION('',#3506,#3521);
#3506 = B_SPLINE_CURVE_WITH_KNOTS('',3,(#3507,#3508,#3509,#3510,#3511,
    #3512,#3513,#3514,#3515,#3516,#3517,#3518,#3519,#3520),
  .UNSPECIFIED.,.F.,.F.,(4,2,2,3,3,4),(0.,0.281158487643,0.481460939623,
    0.684775458551,0.752262299598,0.850331981942),.UNSPECIFIED.);
#3507 = CARTESIAN_POINT('',(-0.61868852459,-0.107213114754,2.79));
#3508 = CARTESIAN_POINT('',(-0.61868852459,-0.239672131148,2.79));
#3509 = CARTESIAN_POINT('',(-0.687540983607,-0.312459016393,2.79));
#3510 = CARTESIAN_POINT('',(-0.859344262295,-0.312459016393,2.79));
#3511 = CARTESIAN_POINT('',(-0.903278688525,-0.258032786885,2.79));
#3512 = CARTESIAN_POINT('',(-0.903278688525,-8.229508196721E-02,2.79));
#3513 = CARTESIAN_POINT('',(-0.860655737705,-4.032786885246E-02,2.79));
#3514 = CARTESIAN_POINT('',(-0.778032786885,-1.868852459016E-02,2.79));
#3515 = CARTESIAN_POINT('',(-0.755055181111,-1.267058022061E-02,2.79));
#3516 = CARTESIAN_POINT('',(-0.732131147541,-6.448087431694E-03,2.79));
#3517 = CARTESIAN_POINT('',(-0.709180327869,-3.27868852459E-04,2.79));
#3518 = CARTESIAN_POINT('',(-0.676121352289,8.487857968846E-03,2.79));
#3519 = CARTESIAN_POINT('',(-0.631147540984,2.196721311475E-02,2.79));
#3520 = CARTESIAN_POINT('',(-0.62131147541,4.819672131148E-02,2.79));
#3521 = VECTOR('',#3522,1.);
#3522 = DIRECTION('',(0.,0.,1.));
#3523 = ADVANCED_FACE('',(#3524),#3535,.F.);
#3524 = FACE_BOUND('',#3525,.F.);
#3525 = EDGE_LOOP('',(#3526,#3532,#3533,#3534));
#3526 = ORIENTED_EDGE('',*,*,#3527,.F.);
#3527 = EDGE_CURVE('',#3419,#3000,#3528,.T.);
#3528 = LINE('',#3529,#3530);
#3529 = CARTESIAN_POINT('',(-0.469180327869,-0.305245901639,2.79));
#3530 = VECTOR('',#3531,1.);
#3531 = DIRECTION('',(0.,0.,1.));
#3532 = ORIENTED_EDGE('',*,*,#3427,.T.);
#3533 = ORIENTED_EDGE('',*,*,#1432,.T.);
#3534 = ORIENTED_EDGE('',*,*,#2999,.F.);
#3535 = SURFACE_OF_LINEAR_EXTRUSION('',#3536,#3552);
#3536 = B_SPLINE_CURVE_WITH_KNOTS('',3,(#3537,#3538,#3539,#3540,#3541,
    #3542,#3543,#3544,#3545,#3546,#3547,#3548,#3549,#3550,#3551),
  .UNSPECIFIED.,.F.,.F.,(4,3,3,3,2,4),(0.588726595345,0.596073886305,
    0.62206655014,0.756970975822,0.86376237675,0.97428448164),
  .UNSPECIFIED.);
#3537 = CARTESIAN_POINT('',(-0.469180327869,-0.305245901639,2.79));
#3538 = CARTESIAN_POINT('',(-0.477049180328,-0.305245901639,2.79));
#3539 = CARTESIAN_POINT('',(-0.484918032787,-0.305245901639,2.79));
#3540 = CARTESIAN_POINT('',(-0.492786885246,-0.305245901639,2.79));
#3541 = CARTESIAN_POINT('',(-0.521639344262,-0.305245901639,2.79));
#3542 = CARTESIAN_POINT('',(-0.535409836066,-0.284918032787,2.79));
#3543 = CARTESIAN_POINT('',(-0.535409836066,-0.245573770492,2.79));
#3544 = CARTESIAN_POINT('',(-0.535409836066,-0.101092896175,2.79));
#3545 = CARTESIAN_POINT('',(-0.535409836066,4.338797814208E-02,2.79));
#3546 = CARTESIAN_POINT('',(-0.535409836066,0.187868852459,2.79));
#3547 = CARTESIAN_POINT('',(-0.535409836066,0.303278688525,2.79));
#3548 = CARTESIAN_POINT('',(-0.592459016393,0.381967213115,2.79));
#3549 = CARTESIAN_POINT('',(-0.898032786885,0.381967213115,2.79));
#3550 = CARTESIAN_POINT('',(-0.968196721311,0.298032786885,2.79));
#3551 = CARTESIAN_POINT('',(-0.968196721311,0.147868852459,2.79));
#3552 = VECTOR('',#3553,1.);
#3553 = DIRECTION('',(0.,0.,1.));
#3554 = ADVANCED_FACE('',(#3555),#3566,.F.);
#3555 = FACE_BOUND('',#3556,.T.);
#3556 = EDGE_LOOP('',(#3557,#3558,#3559,#3560));
#3557 = ORIENTED_EDGE('',*,*,#3019,.T.);
#3558 = ORIENTED_EDGE('',*,*,#3527,.F.);
#3559 = ORIENTED_EDGE('',*,*,#3418,.F.);
#3560 = ORIENTED_EDGE('',*,*,#3561,.T.);
#3561 = EDGE_CURVE('',#3405,#3020,#3562,.T.);
#3562 = LINE('',#3563,#3564);
#3563 = CARTESIAN_POINT('',(-0.469180327869,-0.366229508197,2.79));
#3564 = VECTOR('',#3565,1.);
#3565 = DIRECTION('',(0.,0.,1.));
#3566 = PLANE('',#3567);
#3567 = AXIS2_PLACEMENT_3D('',#3568,#3569,#3570);
#3568 = CARTESIAN_POINT('',(-0.469180327869,-0.366229508197,2.79));
#3569 = DIRECTION('',(1.,0.,0.));
#3570 = DIRECTION('',(0.,0.,-1.));
#3571 = ADVANCED_FACE('',(#3572),#3583,.F.);
#3572 = FACE_BOUND('',#3573,.F.);
#3573 = EDGE_LOOP('',(#3574,#3580,#3581,#3582));
#3574 = ORIENTED_EDGE('',*,*,#3575,.F.);
#3575 = EDGE_CURVE('',#3396,#3029,#3576,.T.);
#3576 = LINE('',#3577,#3578);
#3577 = CARTESIAN_POINT('',(-0.614754098361,-0.259344262295,2.79));
#3578 = VECTOR('',#3579,1.);
#3579 = DIRECTION('',(0.,0.,1.));
#3580 = ORIENTED_EDGE('',*,*,#3404,.T.);
#3581 = ORIENTED_EDGE('',*,*,#3561,.T.);
#3582 = ORIENTED_EDGE('',*,*,#3028,.F.);
#3583 = SURFACE_OF_LINEAR_EXTRUSION('',#3584,#3594);
#3584 = B_SPLINE_CURVE_WITH_KNOTS('',3,(#3585,#3586,#3587,#3588,#3589,
    #3590,#3591,#3592,#3593),.UNSPECIFIED.,.F.,.F.,(4,3,2,4),(
    0.498918257571,0.506469639946,0.561906533057,0.569746093699),
  .UNSPECIFIED.);
#3585 = CARTESIAN_POINT('',(-0.614754098361,-0.259344262295,2.79));
#3586 = CARTESIAN_POINT('',(-0.614754098361,-0.267431693989,2.79));
#3587 = CARTESIAN_POINT('',(-0.614754098361,-0.275519125683,2.79));
#3588 = CARTESIAN_POINT('',(-0.614754098361,-0.283606557377,2.79));
#3589 = CARTESIAN_POINT('',(-0.614754098361,-0.359016393443,2.79));
#3590 = CARTESIAN_POINT('',(-0.572786885246,-0.374754098361,2.79));
#3591 = CARTESIAN_POINT('',(-0.49868852459,-0.374754098361,2.79));
#3592 = CARTESIAN_POINT('',(-0.484918032787,-0.371475409836,2.79));
#3593 = CARTESIAN_POINT('',(-0.469180327869,-0.366229508197,2.79));
#3594 = VECTOR('',#3595,1.);
#3595 = DIRECTION('',(0.,0.,1.));
#3596 = ADVANCED_FACE('',(#3597),#3603,.F.);
#3597 = FACE_BOUND('',#3598,.T.);
#3598 = EDGE_LOOP('',(#3599,#3600,#3601,#3602));
#3599 = ORIENTED_EDGE('',*,*,#3042,.T.);
#3600 = ORIENTED_EDGE('',*,*,#3575,.F.);
#3601 = ORIENTED_EDGE('',*,*,#3395,.F.);
#3602 = ORIENTED_EDGE('',*,*,#1359,.T.);
#3603 = PLANE('',#3604);
#3604 = AXIS2_PLACEMENT_3D('',#3605,#3606,#3607);
#3605 = CARTESIAN_POINT('',(-0.61737704918,-0.259344262295,2.79));
#3606 = DIRECTION('',(0.,-1.,0.));
#3607 = DIRECTION('',(0.,0.,-1.));
#3608 = ADVANCED_FACE('',(#3609),#3620,.F.);
#3609 = FACE_BOUND('',#3610,.T.);
#3610 = EDGE_LOOP('',(#3611,#3612,#3613,#3614));
#3611 = ORIENTED_EDGE('',*,*,#2334,.T.);
#3612 = ORIENTED_EDGE('',*,*,#3492,.F.);
#3613 = ORIENTED_EDGE('',*,*,#3458,.F.);
#3614 = ORIENTED_EDGE('',*,*,#3615,.T.);
#3615 = EDGE_CURVE('',#3450,#2307,#3616,.T.);
#3616 = LINE('',#3617,#3618);
#3617 = CARTESIAN_POINT('',(-0.61868852459,4.819672131148E-02,2.79));
#3618 = VECTOR('',#3619,1.);
#3619 = DIRECTION('',(0.,0.,1.));
#3620 = PLANE('',#3621);
#3621 = AXIS2_PLACEMENT_3D('',#3622,#3623,#3624);
#3622 = CARTESIAN_POINT('',(-0.61868852459,4.819672131148E-02,2.79));
#3623 = DIRECTION('',(-1.,0.,0.));
#3624 = DIRECTION('',(0.,0.,1.));
#3625 = ADVANCED_FACE('',(#3626),#3632,.F.);
#3626 = FACE_BOUND('',#3627,.T.);
#3627 = EDGE_LOOP('',(#3628,#3629,#3630,#3631));
#3628 = ORIENTED_EDGE('',*,*,#2304,.T.);
#3629 = ORIENTED_EDGE('',*,*,#3615,.F.);
#3630 = ORIENTED_EDGE('',*,*,#3447,.F.);
#3631 = ORIENTED_EDGE('',*,*,#3499,.T.);
#3632 = PLANE('',#3633);
#3633 = AXIS2_PLACEMENT_3D('',#3634,#3635,#3636);
#3634 = CARTESIAN_POINT('',(-0.62131147541,4.819672131148E-02,2.79));
#3635 = DIRECTION('',(0.,-1.,0.));
#3636 = DIRECTION('',(0.,0.,-1.));
#3637 = ( GEOMETRIC_REPRESENTATION_CONTEXT(3) 
GLOBAL_UNCERTAINTY_ASSIGNED_CONTEXT((#3641)) 
GLOBAL_UNIT_ASSIGNED_CONTEXT((#3638,#3639,#3640)) REPRESENTATION_CONTEXT
('Context #1','3D Context with UNIT and UNCERTAINTY') );
#3638 = ( LENGTH_UNIT() NAMED_UNIT(*) SI_UNIT(.MILLI.,.METRE.) );
#3639 = ( NAMED_UNIT(*) PLANE_ANGLE_UNIT() SI_UNIT($,.RADIAN.) );
#3640 = ( NAMED_UNIT(*) SI_UNIT($,.STERADIAN.) SOLID_ANGLE_UNIT() );
#3641 = UNCERTAINTY_MEASURE_WITH_UNIT(LENGTH_MEASURE(2.E-07),#3638,
  'distance_accuracy_value','confusion accuracy');
#3642 = CONTEXT_DEPENDENT_SHAPE_REPRESENTATION(#3643,#3645);
#3643 = ( REPRESENTATION_RELATIONSHIP('','',#36,#10) 
REPRESENTATION_RELATIONSHIP_WITH_TRANSFORMATION(#3644) 
SHAPE_REPRESENTATION_RELATIONSHIP() );
#3644 = ITEM_DEFINED_TRANSFORMATION('','',#11,#15);
#3645 = PRODUCT_DEFINITION_SHAPE('Placement','Placement of an item',
  #3646);
#3646 = NEXT_ASSEMBLY_USAGE_OCCURRENCE('1','=>[0:1:1:1]','',#5,#31,$);
#3647 = PRODUCT_RELATED_PRODUCT_CATEGORY('part',$,(#33));
#3648 = SHAPE_DEFINITION_REPRESENTATION(#3649,#3655);
#3649 = PRODUCT_DEFINITION_SHAPE('','',#3650);
#3650 = PRODUCT_DEFINITION('design','',#3651,#3654);
#3651 = PRODUCT_DEFINITION_FORMATION('','',#3652);
#3652 = PRODUCT('pin','pin','',(#3653));
#3653 = PRODUCT_CONTEXT('',#2,'mechanical');
#3654 = PRODUCT_DEFINITION_CONTEXT('part definition',#2,'design');
#3655 = ADVANCED_BREP_SHAPE_REPRESENTATION('',(#11,#3656),#4350);
#3656 = MANIFOLD_SOLID_BREP('',#3657);
#3657 = CLOSED_SHELL('',(#3658,#3698,#3731,#3764,#3915,#3946,#4088,#4105
    ,#4122,#4139,#4156,#4173,#4190,#4207,#4224,#4241,#4263,#4280,#4297,
    #4314,#4326,#4338));
#3658 = ADVANCED_FACE('',(#3659),#3693,.T.);
#3659 = FACE_BOUND('',#3660,.T.);
#3660 = EDGE_LOOP('',(#3661,#3671,#3679,#3687));
#3661 = ORIENTED_EDGE('',*,*,#3662,.F.);
#3662 = EDGE_CURVE('',#3663,#3665,#3667,.T.);
#3663 = VERTEX_POINT('',#3664);
#3664 = CARTESIAN_POINT('',(-2.85,-0.75,1.15));
#3665 = VERTEX_POINT('',#3666);
#3666 = CARTESIAN_POINT('',(-2.85,-0.75,0.35));
#3667 = LINE('',#3668,#3669);
#3668 = CARTESIAN_POINT('',(-2.85,-0.75,1.15));
#3669 = VECTOR('',#3670,1.);
#3670 = DIRECTION('',(0.,0.,-1.));
#3671 = ORIENTED_EDGE('',*,*,#3672,.F.);
#3672 = EDGE_CURVE('',#3673,#3663,#3675,.T.);
#3673 = VERTEX_POINT('',#3674);
#3674 = CARTESIAN_POINT('',(-2.85,0.75,1.15));
#3675 = LINE('',#3676,#3677);
#3676 = CARTESIAN_POINT('',(-2.85,0.75,1.15));
#3677 = VECTOR('',#3678,1.);
#3678 = DIRECTION('',(0.,-1.,0.));
#3679 = ORIENTED_EDGE('',*,*,#3680,.T.);
#3680 = EDGE_CURVE('',#3673,#3681,#3683,.T.);
#3681 = VERTEX_POINT('',#3682);
#3682 = CARTESIAN_POINT('',(-2.85,0.75,0.35));
#3683 = LINE('',#3684,#3685);
#3684 = CARTESIAN_POINT('',(-2.85,0.75,1.15));
#3685 = VECTOR('',#3686,1.);
#3686 = DIRECTION('',(0.,0.,-1.));
#3687 = ORIENTED_EDGE('',*,*,#3688,.T.);
#3688 = EDGE_CURVE('',#3681,#3665,#3689,.T.);
#3689 = LINE('',#3690,#3691);
#3690 = CARTESIAN_POINT('',(-2.85,0.75,0.35));
#3691 = VECTOR('',#3692,1.);
#3692 = DIRECTION('',(0.,-1.,0.));
#3693 = PLANE('',#3694);
#3694 = AXIS2_PLACEMENT_3D('',#3695,#3696,#3697);
#3695 = CARTESIAN_POINT('',(-2.85,0.75,1.15));
#3696 = DIRECTION('',(-1.,0.,0.));
#3697 = DIRECTION('',(0.,0.,1.));
#3698 = ADVANCED_FACE('',(#3699),#3726,.T.);
#3699 = FACE_BOUND('',#3700,.T.);
#3700 = EDGE_LOOP('',(#3701,#3710,#3711,#3720));
#3701 = ORIENTED_EDGE('',*,*,#3702,.F.);
#3702 = EDGE_CURVE('',#3665,#3703,#3705,.T.);
#3703 = VERTEX_POINT('',#3704);
#3704 = CARTESIAN_POINT('',(-2.5,-0.75,-9.75781955237E-16));
#3705 = CIRCLE('',#3706,0.35);
#3706 = AXIS2_PLACEMENT_3D('',#3707,#3708,#3709);
#3707 = CARTESIAN_POINT('',(-2.5,-0.75,0.35));
#3708 = DIRECTION('',(0.,-1.,0.));
#3709 = DIRECTION('',(1.,0.,0.));
#3710 = ORIENTED_EDGE('',*,*,#3688,.F.);
#3711 = ORIENTED_EDGE('',*,*,#3712,.T.);
#3712 = EDGE_CURVE('',#3681,#3713,#3715,.T.);
#3713 = VERTEX_POINT('',#3714);
#3714 = CARTESIAN_POINT('',(-2.5,0.75,-9.75781955237E-16));
#3715 = CIRCLE('',#3716,0.35);
#3716 = AXIS2_PLACEMENT_3D('',#3717,#3718,#3719);
#3717 = CARTESIAN_POINT('',(-2.5,0.75,0.35));
#3718 = DIRECTION('',(0.,-1.,0.));
#3719 = DIRECTION('',(1.,0.,0.));
#3720 = ORIENTED_EDGE('',*,*,#3721,.T.);
#3721 = EDGE_CURVE('',#3713,#3703,#3722,.T.);
#3722 = LINE('',#3723,#3724);
#3723 = CARTESIAN_POINT('',(-2.5,0.75,-9.75781955237E-16));
#3724 = VECTOR('',#3725,1.);
#3725 = DIRECTION('',(0.,-1.,0.));
#3726 = CYLINDRICAL_SURFACE('',#3727,0.35);
#3727 = AXIS2_PLACEMENT_3D('',#3728,#3729,#3730);
#3728 = CARTESIAN_POINT('',(-2.5,0.75,0.35));
#3729 = DIRECTION('',(-0.,1.,-0.));
#3730 = DIRECTION('',(0.,0.,-1.));
#3731 = ADVANCED_FACE('',(#3732),#3759,.T.);
#3732 = FACE_BOUND('',#3733,.T.);
#3733 = EDGE_LOOP('',(#3734,#3743,#3751,#3758));
#3734 = ORIENTED_EDGE('',*,*,#3735,.F.);
#3735 = EDGE_CURVE('',#3736,#3663,#3738,.T.);
#3736 = VERTEX_POINT('',#3737);
#3737 = CARTESIAN_POINT('',(-2.5,-0.75,1.5));
#3738 = CIRCLE('',#3739,0.35);
#3739 = AXIS2_PLACEMENT_3D('',#3740,#3741,#3742);
#3740 = CARTESIAN_POINT('',(-2.5,-0.75,1.15));
#3741 = DIRECTION('',(0.,-1.,0.));
#3742 = DIRECTION('',(1.,0.,0.));
#3743 = ORIENTED_EDGE('',*,*,#3744,.F.);
#3744 = EDGE_CURVE('',#3745,#3736,#3747,.T.);
#3745 = VERTEX_POINT('',#3746);
#3746 = CARTESIAN_POINT('',(-2.5,0.75,1.5));
#3747 = LINE('',#3748,#3749);
#3748 = CARTESIAN_POINT('',(-2.5,0.75,1.5));
#3749 = VECTOR('',#3750,1.);
#3750 = DIRECTION('',(0.,-1.,0.));
#3751 = ORIENTED_EDGE('',*,*,#3752,.T.);
#3752 = EDGE_CURVE('',#3745,#3673,#3753,.T.);
#3753 = CIRCLE('',#3754,0.35);
#3754 = AXIS2_PLACEMENT_3D('',#3755,#3756,#3757);
#3755 = CARTESIAN_POINT('',(-2.5,0.75,1.15));
#3756 = DIRECTION('',(0.,-1.,0.));
#3757 = DIRECTION('',(1.,0.,0.));
#3758 = ORIENTED_EDGE('',*,*,#3672,.T.);
#3759 = CYLINDRICAL_SURFACE('',#3760,0.35);
#3760 = AXIS2_PLACEMENT_3D('',#3761,#3762,#3763);
#3761 = CARTESIAN_POINT('',(-2.5,0.75,1.15));
#3762 = DIRECTION('',(-0.,1.,-0.));
#3763 = DIRECTION('',(0.,0.,-1.));
#3764 = ADVANCED_FACE('',(#3765),#3910,.T.);
#3765 = FACE_BOUND('',#3766,.T.);
#3766 = EDGE_LOOP('',(#3767,#3775,#3776,#3777,#3778,#3786,#3795,#3803,
    #3812,#3820,#3828,#3836,#3845,#3853,#3862,#3870,#3879,#3887,#3896,
    #3904));
#3767 = ORIENTED_EDGE('',*,*,#3768,.F.);
#3768 = EDGE_CURVE('',#3713,#3769,#3771,.T.);
#3769 = VERTEX_POINT('',#3770);
#3770 = CARTESIAN_POINT('',(-1.75,0.75,-9.54609440278E-16));
#3771 = LINE('',#3772,#3773);
#3772 = CARTESIAN_POINT('',(-2.5,0.75,-9.75781955237E-16));
#3773 = VECTOR('',#3774,1.);
#3774 = DIRECTION('',(1.,0.,2.823001994521E-17));
#3775 = ORIENTED_EDGE('',*,*,#3712,.F.);
#3776 = ORIENTED_EDGE('',*,*,#3680,.F.);
#3777 = ORIENTED_EDGE('',*,*,#3752,.F.);
#3778 = ORIENTED_EDGE('',*,*,#3779,.F.);
#3779 = EDGE_CURVE('',#3780,#3745,#3782,.T.);
#3780 = VERTEX_POINT('',#3781);
#3781 = CARTESIAN_POINT('',(2.5,0.75,1.5));
#3782 = LINE('',#3783,#3784);
#3783 = CARTESIAN_POINT('',(-2.5,0.75,1.5));
#3784 = VECTOR('',#3785,1.);
#3785 = DIRECTION('',(-1.,0.,0.));
#3786 = ORIENTED_EDGE('',*,*,#3787,.F.);
#3787 = EDGE_CURVE('',#3788,#3780,#3790,.T.);
#3788 = VERTEX_POINT('',#3789);
#3789 = CARTESIAN_POINT('',(2.85,0.75,1.15));
#3790 = CIRCLE('',#3791,0.35);
#3791 = AXIS2_PLACEMENT_3D('',#3792,#3793,#3794);
#3792 = CARTESIAN_POINT('',(2.5,0.75,1.15));
#3793 = DIRECTION('',(0.,-1.,0.));
#3794 = DIRECTION('',(1.,0.,0.));
#3795 = ORIENTED_EDGE('',*,*,#3796,.F.);
#3796 = EDGE_CURVE('',#3797,#3788,#3799,.T.);
#3797 = VERTEX_POINT('',#3798);
#3798 = CARTESIAN_POINT('',(2.85,0.75,0.35));
#3799 = LINE('',#3800,#3801);
#3800 = CARTESIAN_POINT('',(2.85,0.75,0.35));
#3801 = VECTOR('',#3802,1.);
#3802 = DIRECTION('',(0.,0.,1.));
#3803 = ORIENTED_EDGE('',*,*,#3804,.F.);
#3804 = EDGE_CURVE('',#3805,#3797,#3807,.T.);
#3805 = VERTEX_POINT('',#3806);
#3806 = CARTESIAN_POINT('',(2.5,0.75,-9.75781955237E-16));
#3807 = CIRCLE('',#3808,0.35);
#3808 = AXIS2_PLACEMENT_3D('',#3809,#3810,#3811);
#3809 = CARTESIAN_POINT('',(2.5,0.75,0.35));
#3810 = DIRECTION('',(0.,-1.,0.));
#3811 = DIRECTION('',(-1.,0.,0.));
#3812 = ORIENTED_EDGE('',*,*,#3813,.F.);
#3813 = EDGE_CURVE('',#3814,#3805,#3816,.T.);
#3814 = VERTEX_POINT('',#3815);
#3815 = CARTESIAN_POINT('',(1.75,0.75,-9.54609440278E-16));
#3816 = LINE('',#3817,#3818);
#3817 = CARTESIAN_POINT('',(1.75,0.75,-9.54609440278E-16));
#3818 = VECTOR('',#3819,1.);
#3819 = DIRECTION('',(1.,0.,-2.823001994521E-17));
#3820 = ORIENTED_EDGE('',*,*,#3821,.F.);
#3821 = EDGE_CURVE('',#3822,#3814,#3824,.T.);
#3822 = VERTEX_POINT('',#3823);
#3823 = CARTESIAN_POINT('',(1.75,0.75,0.2));
#3824 = LINE('',#3825,#3826);
#3825 = CARTESIAN_POINT('',(1.75,0.75,-9.54609440278E-16));
#3826 = VECTOR('',#3827,1.);
#3827 = DIRECTION('',(-2.823001994521E-17,0.,-1.));
#3828 = ORIENTED_EDGE('',*,*,#3829,.F.);
#3829 = EDGE_CURVE('',#3830,#3822,#3832,.T.);
#3830 = VERTEX_POINT('',#3831);
#3831 = CARTESIAN_POINT('',(2.5,0.75,0.2));
#3832 = LINE('',#3833,#3834);
#3833 = CARTESIAN_POINT('',(1.75,0.75,0.2));
#3834 = VECTOR('',#3835,1.);
#3835 = DIRECTION('',(-1.,0.,2.823001994521E-17));
#3836 = ORIENTED_EDGE('',*,*,#3837,.T.);
#3837 = EDGE_CURVE('',#3830,#3838,#3840,.T.);
#3838 = VERTEX_POINT('',#3839);
#3839 = CARTESIAN_POINT('',(2.65,0.75,0.35));
#3840 = CIRCLE('',#3841,0.15);
#3841 = AXIS2_PLACEMENT_3D('',#3842,#3843,#3844);
#3842 = CARTESIAN_POINT('',(2.5,0.75,0.35));
#3843 = DIRECTION('',(0.,-1.,0.));
#3844 = DIRECTION('',(0.,0.,-1.));
#3845 = ORIENTED_EDGE('',*,*,#3846,.F.);
#3846 = EDGE_CURVE('',#3847,#3838,#3849,.T.);
#3847 = VERTEX_POINT('',#3848);
#3848 = CARTESIAN_POINT('',(2.65,0.75,1.15));
#3849 = LINE('',#3850,#3851);
#3850 = CARTESIAN_POINT('',(2.65,0.75,0.35));
#3851 = VECTOR('',#3852,1.);
#3852 = DIRECTION('',(0.,0.,-1.));
#3853 = ORIENTED_EDGE('',*,*,#3854,.T.);
#3854 = EDGE_CURVE('',#3847,#3855,#3857,.T.);
#3855 = VERTEX_POINT('',#3856);
#3856 = CARTESIAN_POINT('',(2.5,0.75,1.3));
#3857 = CIRCLE('',#3858,0.15);
#3858 = AXIS2_PLACEMENT_3D('',#3859,#3860,#3861);
#3859 = CARTESIAN_POINT('',(2.5,0.75,1.15));
#3860 = DIRECTION('',(0.,-1.,0.));
#3861 = DIRECTION('',(0.,0.,-1.));
#3862 = ORIENTED_EDGE('',*,*,#3863,.F.);
#3863 = EDGE_CURVE('',#3864,#3855,#3866,.T.);
#3864 = VERTEX_POINT('',#3865);
#3865 = CARTESIAN_POINT('',(-2.5,0.75,1.3));
#3866 = LINE('',#3867,#3868);
#3867 = CARTESIAN_POINT('',(-2.5,0.75,1.3));
#3868 = VECTOR('',#3869,1.);
#3869 = DIRECTION('',(1.,0.,0.));
#3870 = ORIENTED_EDGE('',*,*,#3871,.T.);
#3871 = EDGE_CURVE('',#3864,#3872,#3874,.T.);
#3872 = VERTEX_POINT('',#3873);
#3873 = CARTESIAN_POINT('',(-2.65,0.75,1.15));
#3874 = CIRCLE('',#3875,0.15);
#3875 = AXIS2_PLACEMENT_3D('',#3876,#3877,#3878);
#3876 = CARTESIAN_POINT('',(-2.5,0.75,1.15));
#3877 = DIRECTION('',(0.,-1.,0.));
#3878 = DIRECTION('',(0.,0.,-1.));
#3879 = ORIENTED_EDGE('',*,*,#3880,.F.);
#3880 = EDGE_CURVE('',#3881,#3872,#3883,.T.);
#3881 = VERTEX_POINT('',#3882);
#3882 = CARTESIAN_POINT('',(-2.65,0.75,0.35));
#3883 = LINE('',#3884,#3885);
#3884 = CARTESIAN_POINT('',(-2.65,0.75,1.15));
#3885 = VECTOR('',#3886,1.);
#3886 = DIRECTION('',(0.,0.,1.));
#3887 = ORIENTED_EDGE('',*,*,#3888,.T.);
#3888 = EDGE_CURVE('',#3881,#3889,#3891,.T.);
#3889 = VERTEX_POINT('',#3890);
#3890 = CARTESIAN_POINT('',(-2.5,0.75,0.2));
#3891 = CIRCLE('',#3892,0.15);
#3892 = AXIS2_PLACEMENT_3D('',#3893,#3894,#3895);
#3893 = CARTESIAN_POINT('',(-2.5,0.75,0.35));
#3894 = DIRECTION('',(0.,-1.,0.));
#3895 = DIRECTION('',(0.,0.,-1.));
#3896 = ORIENTED_EDGE('',*,*,#3897,.F.);
#3897 = EDGE_CURVE('',#3898,#3889,#3900,.T.);
#3898 = VERTEX_POINT('',#3899);
#3899 = CARTESIAN_POINT('',(-1.75,0.75,0.2));
#3900 = LINE('',#3901,#3902);
#3901 = CARTESIAN_POINT('',(-2.5,0.75,0.2));
#3902 = VECTOR('',#3903,1.);
#3903 = DIRECTION('',(-1.,0.,-2.823001994521E-17));
#3904 = ORIENTED_EDGE('',*,*,#3905,.T.);
#3905 = EDGE_CURVE('',#3898,#3769,#3906,.T.);
#3906 = LINE('',#3907,#3908);
#3907 = CARTESIAN_POINT('',(-1.75,0.75,-9.54609440278E-16));
#3908 = VECTOR('',#3909,1.);
#3909 = DIRECTION('',(2.823001994521E-17,0.,-1.));
#3910 = PLANE('',#3911);
#3911 = AXIS2_PLACEMENT_3D('',#3912,#3913,#3914);
#3912 = CARTESIAN_POINT('',(-2.5,0.75,-9.75781955237E-16));
#3913 = DIRECTION('',(-0.,1.,0.));
#3914 = DIRECTION('',(1.,0.,2.823001994521E-17));
#3915 = ADVANCED_FACE('',(#3916),#3941,.T.);
#3916 = FACE_BOUND('',#3917,.T.);
#3917 = EDGE_LOOP('',(#3918,#3919,#3927,#3935));
#3918 = ORIENTED_EDGE('',*,*,#3905,.F.);
#3919 = ORIENTED_EDGE('',*,*,#3920,.F.);
#3920 = EDGE_CURVE('',#3921,#3898,#3923,.T.);
#3921 = VERTEX_POINT('',#3922);
#3922 = CARTESIAN_POINT('',(-1.75,-0.75,0.2));
#3923 = LINE('',#3924,#3925);
#3924 = CARTESIAN_POINT('',(-1.75,0.75,0.2));
#3925 = VECTOR('',#3926,1.);
#3926 = DIRECTION('',(0.,1.,0.));
#3927 = ORIENTED_EDGE('',*,*,#3928,.T.);
#3928 = EDGE_CURVE('',#3921,#3929,#3931,.T.);
#3929 = VERTEX_POINT('',#3930);
#3930 = CARTESIAN_POINT('',(-1.75,-0.75,-9.54609440278E-16));
#3931 = LINE('',#3932,#3933);
#3932 = CARTESIAN_POINT('',(-1.75,-0.75,-9.54609440278E-16));
#3933 = VECTOR('',#3934,1.);
#3934 = DIRECTION('',(2.823001994521E-17,0.,-1.));
#3935 = ORIENTED_EDGE('',*,*,#3936,.F.);
#3936 = EDGE_CURVE('',#3769,#3929,#3937,.T.);
#3937 = LINE('',#3938,#3939);
#3938 = CARTESIAN_POINT('',(-1.75,0.75,-9.54609440278E-16));
#3939 = VECTOR('',#3940,1.);
#3940 = DIRECTION('',(0.,-1.,0.));
#3941 = PLANE('',#3942);
#3942 = AXIS2_PLACEMENT_3D('',#3943,#3944,#3945);
#3943 = CARTESIAN_POINT('',(-1.75,0.75,-9.54609440278E-16));
#3944 = DIRECTION('',(1.,0.,2.823001994521E-17));
#3945 = DIRECTION('',(0.,-1.,0.));
#3946 = ADVANCED_FACE('',(#3947),#4083,.F.);
#3947 = FACE_BOUND('',#3948,.T.);
#3948 = EDGE_LOOP('',(#3949,#3959,#3968,#3976,#3985,#3991,#3992,#3993,
    #3994,#4000,#4001,#4009,#4018,#4026,#4035,#4043,#4052,#4060,#4069,
    #4077));
#3949 = ORIENTED_EDGE('',*,*,#3950,.T.);
#3950 = EDGE_CURVE('',#3951,#3953,#3955,.T.);
#3951 = VERTEX_POINT('',#3952);
#3952 = CARTESIAN_POINT('',(1.75,-0.75,-9.54609440278E-16));
#3953 = VERTEX_POINT('',#3954);
#3954 = CARTESIAN_POINT('',(2.5,-0.75,-9.75781955237E-16));
#3955 = LINE('',#3956,#3957);
#3956 = CARTESIAN_POINT('',(1.75,-0.75,-9.54609440278E-16));
#3957 = VECTOR('',#3958,1.);
#3958 = DIRECTION('',(1.,0.,-2.823001994521E-17));
#3959 = ORIENTED_EDGE('',*,*,#3960,.T.);
#3960 = EDGE_CURVE('',#3953,#3961,#3963,.T.);
#3961 = VERTEX_POINT('',#3962);
#3962 = CARTESIAN_POINT('',(2.85,-0.75,0.35));
#3963 = CIRCLE('',#3964,0.35);
#3964 = AXIS2_PLACEMENT_3D('',#3965,#3966,#3967);
#3965 = CARTESIAN_POINT('',(2.5,-0.75,0.35));
#3966 = DIRECTION('',(0.,-1.,0.));
#3967 = DIRECTION('',(-1.,0.,0.));
#3968 = ORIENTED_EDGE('',*,*,#3969,.T.);
#3969 = EDGE_CURVE('',#3961,#3970,#3972,.T.);
#3970 = VERTEX_POINT('',#3971);
#3971 = CARTESIAN_POINT('',(2.85,-0.75,1.15));
#3972 = LINE('',#3973,#3974);
#3973 = CARTESIAN_POINT('',(2.85,-0.75,0.35));
#3974 = VECTOR('',#3975,1.);
#3975 = DIRECTION('',(0.,0.,1.));
#3976 = ORIENTED_EDGE('',*,*,#3977,.T.);
#3977 = EDGE_CURVE('',#3970,#3978,#3980,.T.);
#3978 = VERTEX_POINT('',#3979);
#3979 = CARTESIAN_POINT('',(2.5,-0.75,1.5));
#3980 = CIRCLE('',#3981,0.35);
#3981 = AXIS2_PLACEMENT_3D('',#3982,#3983,#3984);
#3982 = CARTESIAN_POINT('',(2.5,-0.75,1.15));
#3983 = DIRECTION('',(0.,-1.,0.));
#3984 = DIRECTION('',(1.,0.,0.));
#3985 = ORIENTED_EDGE('',*,*,#3986,.T.);
#3986 = EDGE_CURVE('',#3978,#3736,#3987,.T.);
#3987 = LINE('',#3988,#3989);
#3988 = CARTESIAN_POINT('',(-2.5,-0.75,1.5));
#3989 = VECTOR('',#3990,1.);
#3990 = DIRECTION('',(-1.,0.,0.));
#3991 = ORIENTED_EDGE('',*,*,#3735,.T.);
#3992 = ORIENTED_EDGE('',*,*,#3662,.T.);
#3993 = ORIENTED_EDGE('',*,*,#3702,.T.);
#3994 = ORIENTED_EDGE('',*,*,#3995,.T.);
#3995 = EDGE_CURVE('',#3703,#3929,#3996,.T.);
#3996 = LINE('',#3997,#3998);
#3997 = CARTESIAN_POINT('',(-2.5,-0.75,-9.75781955237E-16));
#3998 = VECTOR('',#3999,1.);
#3999 = DIRECTION('',(1.,0.,2.823001994521E-17));
#4000 = ORIENTED_EDGE('',*,*,#3928,.F.);
#4001 = ORIENTED_EDGE('',*,*,#4002,.T.);
#4002 = EDGE_CURVE('',#3921,#4003,#4005,.T.);
#4003 = VERTEX_POINT('',#4004);
#4004 = CARTESIAN_POINT('',(-2.5,-0.75,0.2));
#4005 = LINE('',#4006,#4007);
#4006 = CARTESIAN_POINT('',(-2.5,-0.75,0.2));
#4007 = VECTOR('',#4008,1.);
#4008 = DIRECTION('',(-1.,0.,-2.823001994521E-17));
#4009 = ORIENTED_EDGE('',*,*,#4010,.F.);
#4010 = EDGE_CURVE('',#4011,#4003,#4013,.T.);
#4011 = VERTEX_POINT('',#4012);
#4012 = CARTESIAN_POINT('',(-2.65,-0.75,0.35));
#4013 = CIRCLE('',#4014,0.15);
#4014 = AXIS2_PLACEMENT_3D('',#4015,#4016,#4017);
#4015 = CARTESIAN_POINT('',(-2.5,-0.75,0.35));
#4016 = DIRECTION('',(0.,-1.,0.));
#4017 = DIRECTION('',(0.,0.,-1.));
#4018 = ORIENTED_EDGE('',*,*,#4019,.T.);
#4019 = EDGE_CURVE('',#4011,#4020,#4022,.T.);
#4020 = VERTEX_POINT('',#4021);
#4021 = CARTESIAN_POINT('',(-2.65,-0.75,1.15));
#4022 = LINE('',#4023,#4024);
#4023 = CARTESIAN_POINT('',(-2.65,-0.75,1.15));
#4024 = VECTOR('',#4025,1.);
#4025 = DIRECTION('',(0.,0.,1.));
#4026 = ORIENTED_EDGE('',*,*,#4027,.F.);
#4027 = EDGE_CURVE('',#4028,#4020,#4030,.T.);
#4028 = VERTEX_POINT('',#4029);
#4029 = CARTESIAN_POINT('',(-2.5,-0.75,1.3));
#4030 = CIRCLE('',#4031,0.15);
#4031 = AXIS2_PLACEMENT_3D('',#4032,#4033,#4034);
#4032 = CARTESIAN_POINT('',(-2.5,-0.75,1.15));
#4033 = DIRECTION('',(0.,-1.,0.));
#4034 = DIRECTION('',(0.,0.,-1.));
#4035 = ORIENTED_EDGE('',*,*,#4036,.T.);
#4036 = EDGE_CURVE('',#4028,#4037,#4039,.T.);
#4037 = VERTEX_POINT('',#4038);
#4038 = CARTESIAN_POINT('',(2.5,-0.75,1.3));
#4039 = LINE('',#4040,#4041);
#4040 = CARTESIAN_POINT('',(-2.5,-0.75,1.3));
#4041 = VECTOR('',#4042,1.);
#4042 = DIRECTION('',(1.,0.,0.));
#4043 = ORIENTED_EDGE('',*,*,#4044,.F.);
#4044 = EDGE_CURVE('',#4045,#4037,#4047,.T.);
#4045 = VERTEX_POINT('',#4046);
#4046 = CARTESIAN_POINT('',(2.65,-0.75,1.15));
#4047 = CIRCLE('',#4048,0.15);
#4048 = AXIS2_PLACEMENT_3D('',#4049,#4050,#4051);
#4049 = CARTESIAN_POINT('',(2.5,-0.75,1.15));
#4050 = DIRECTION('',(0.,-1.,0.));
#4051 = DIRECTION('',(0.,0.,-1.));
#4052 = ORIENTED_EDGE('',*,*,#4053,.T.);
#4053 = EDGE_CURVE('',#4045,#4054,#4056,.T.);
#4054 = VERTEX_POINT('',#4055);
#4055 = CARTESIAN_POINT('',(2.65,-0.75,0.35));
#4056 = LINE('',#4057,#4058);
#4057 = CARTESIAN_POINT('',(2.65,-0.75,0.35));
#4058 = VECTOR('',#4059,1.);
#4059 = DIRECTION('',(0.,0.,-1.));
#4060 = ORIENTED_EDGE('',*,*,#4061,.F.);
#4061 = EDGE_CURVE('',#4062,#4054,#4064,.T.);
#4062 = VERTEX_POINT('',#4063);
#4063 = CARTESIAN_POINT('',(2.5,-0.75,0.2));
#4064 = CIRCLE('',#4065,0.15);
#4065 = AXIS2_PLACEMENT_3D('',#4066,#4067,#4068);
#4066 = CARTESIAN_POINT('',(2.5,-0.75,0.35));
#4067 = DIRECTION('',(0.,-1.,0.));
#4068 = DIRECTION('',(0.,0.,-1.));
#4069 = ORIENTED_EDGE('',*,*,#4070,.T.);
#4070 = EDGE_CURVE('',#4062,#4071,#4073,.T.);
#4071 = VERTEX_POINT('',#4072);
#4072 = CARTESIAN_POINT('',(1.75,-0.75,0.2));
#4073 = LINE('',#4074,#4075);
#4074 = CARTESIAN_POINT('',(1.75,-0.75,0.2));
#4075 = VECTOR('',#4076,1.);
#4076 = DIRECTION('',(-1.,0.,2.823001994521E-17));
#4077 = ORIENTED_EDGE('',*,*,#4078,.T.);
#4078 = EDGE_CURVE('',#4071,#3951,#4079,.T.);
#4079 = LINE('',#4080,#4081);
#4080 = CARTESIAN_POINT('',(1.75,-0.75,-9.54609440278E-16));
#4081 = VECTOR('',#4082,1.);
#4082 = DIRECTION('',(-2.823001994521E-17,0.,-1.));
#4083 = PLANE('',#4084);
#4084 = AXIS2_PLACEMENT_3D('',#4085,#4086,#4087);
#4085 = CARTESIAN_POINT('',(1.75,-0.75,-9.54609440278E-16));
#4086 = DIRECTION('',(0.,1.,0.));
#4087 = DIRECTION('',(1.,0.,-2.823001994521E-17));
#4088 = ADVANCED_FACE('',(#4089),#4100,.F.);
#4089 = FACE_BOUND('',#4090,.T.);
#4090 = EDGE_LOOP('',(#4091,#4092,#4093,#4094));
#4091 = ORIENTED_EDGE('',*,*,#4002,.F.);
#4092 = ORIENTED_EDGE('',*,*,#3920,.T.);
#4093 = ORIENTED_EDGE('',*,*,#3897,.T.);
#4094 = ORIENTED_EDGE('',*,*,#4095,.T.);
#4095 = EDGE_CURVE('',#3889,#4003,#4096,.T.);
#4096 = LINE('',#4097,#4098);
#4097 = CARTESIAN_POINT('',(-2.5,0.75,0.2));
#4098 = VECTOR('',#4099,1.);
#4099 = DIRECTION('',(0.,-1.,0.));
#4100 = PLANE('',#4101);
#4101 = AXIS2_PLACEMENT_3D('',#4102,#4103,#4104);
#4102 = CARTESIAN_POINT('',(-2.5,0.75,0.2));
#4103 = DIRECTION('',(2.823001994521E-17,0.,-1.));
#4104 = DIRECTION('',(-1.,0.,-2.823001994521E-17));
#4105 = ADVANCED_FACE('',(#4106),#4117,.F.);
#4106 = FACE_BOUND('',#4107,.F.);
#4107 = EDGE_LOOP('',(#4108,#4114,#4115,#4116));
#4108 = ORIENTED_EDGE('',*,*,#4109,.T.);
#4109 = EDGE_CURVE('',#4011,#3881,#4110,.T.);
#4110 = LINE('',#4111,#4112);
#4111 = CARTESIAN_POINT('',(-2.65,0.75,0.35));
#4112 = VECTOR('',#4113,1.);
#4113 = DIRECTION('',(0.,1.,0.));
#4114 = ORIENTED_EDGE('',*,*,#3888,.T.);
#4115 = ORIENTED_EDGE('',*,*,#4095,.T.);
#4116 = ORIENTED_EDGE('',*,*,#4010,.F.);
#4117 = CYLINDRICAL_SURFACE('',#4118,0.15);
#4118 = AXIS2_PLACEMENT_3D('',#4119,#4120,#4121);
#4119 = CARTESIAN_POINT('',(-2.5,0.75,0.35));
#4120 = DIRECTION('',(-0.,1.,-0.));
#4121 = DIRECTION('',(0.,0.,-1.));
#4122 = ADVANCED_FACE('',(#4123),#4134,.F.);
#4123 = FACE_BOUND('',#4124,.T.);
#4124 = EDGE_LOOP('',(#4125,#4126,#4127,#4128));
#4125 = ORIENTED_EDGE('',*,*,#4019,.F.);
#4126 = ORIENTED_EDGE('',*,*,#4109,.T.);
#4127 = ORIENTED_EDGE('',*,*,#3880,.T.);
#4128 = ORIENTED_EDGE('',*,*,#4129,.T.);
#4129 = EDGE_CURVE('',#3872,#4020,#4130,.T.);
#4130 = LINE('',#4131,#4132);
#4131 = CARTESIAN_POINT('',(-2.65,0.75,1.15));
#4132 = VECTOR('',#4133,1.);
#4133 = DIRECTION('',(0.,-1.,0.));
#4134 = PLANE('',#4135);
#4135 = AXIS2_PLACEMENT_3D('',#4136,#4137,#4138);
#4136 = CARTESIAN_POINT('',(-2.65,0.75,1.15));
#4137 = DIRECTION('',(-1.,0.,0.));
#4138 = DIRECTION('',(0.,0.,1.));
#4139 = ADVANCED_FACE('',(#4140),#4151,.F.);
#4140 = FACE_BOUND('',#4141,.F.);
#4141 = EDGE_LOOP('',(#4142,#4148,#4149,#4150));
#4142 = ORIENTED_EDGE('',*,*,#4143,.T.);
#4143 = EDGE_CURVE('',#4028,#3864,#4144,.T.);
#4144 = LINE('',#4145,#4146);
#4145 = CARTESIAN_POINT('',(-2.5,0.75,1.3));
#4146 = VECTOR('',#4147,1.);
#4147 = DIRECTION('',(0.,1.,0.));
#4148 = ORIENTED_EDGE('',*,*,#3871,.T.);
#4149 = ORIENTED_EDGE('',*,*,#4129,.T.);
#4150 = ORIENTED_EDGE('',*,*,#4027,.F.);
#4151 = CYLINDRICAL_SURFACE('',#4152,0.15);
#4152 = AXIS2_PLACEMENT_3D('',#4153,#4154,#4155);
#4153 = CARTESIAN_POINT('',(-2.5,0.75,1.15));
#4154 = DIRECTION('',(-0.,1.,-0.));
#4155 = DIRECTION('',(0.,0.,-1.));
#4156 = ADVANCED_FACE('',(#4157),#4168,.F.);
#4157 = FACE_BOUND('',#4158,.T.);
#4158 = EDGE_LOOP('',(#4159,#4160,#4161,#4162));
#4159 = ORIENTED_EDGE('',*,*,#4036,.F.);
#4160 = ORIENTED_EDGE('',*,*,#4143,.T.);
#4161 = ORIENTED_EDGE('',*,*,#3863,.T.);
#4162 = ORIENTED_EDGE('',*,*,#4163,.T.);
#4163 = EDGE_CURVE('',#3855,#4037,#4164,.T.);
#4164 = LINE('',#4165,#4166);
#4165 = CARTESIAN_POINT('',(2.5,0.75,1.3));
#4166 = VECTOR('',#4167,1.);
#4167 = DIRECTION('',(0.,-1.,0.));
#4168 = PLANE('',#4169);
#4169 = AXIS2_PLACEMENT_3D('',#4170,#4171,#4172);
#4170 = CARTESIAN_POINT('',(-2.5,0.75,1.3));
#4171 = DIRECTION('',(0.,0.,1.));
#4172 = DIRECTION('',(1.,0.,-0.));
#4173 = ADVANCED_FACE('',(#4174),#4185,.F.);
#4174 = FACE_BOUND('',#4175,.F.);
#4175 = EDGE_LOOP('',(#4176,#4182,#4183,#4184));
#4176 = ORIENTED_EDGE('',*,*,#4177,.T.);
#4177 = EDGE_CURVE('',#4045,#3847,#4178,.T.);
#4178 = LINE('',#4179,#4180);
#4179 = CARTESIAN_POINT('',(2.65,0.75,1.15));
#4180 = VECTOR('',#4181,1.);
#4181 = DIRECTION('',(0.,1.,0.));
#4182 = ORIENTED_EDGE('',*,*,#3854,.T.);
#4183 = ORIENTED_EDGE('',*,*,#4163,.T.);
#4184 = ORIENTED_EDGE('',*,*,#4044,.F.);
#4185 = CYLINDRICAL_SURFACE('',#4186,0.15);
#4186 = AXIS2_PLACEMENT_3D('',#4187,#4188,#4189);
#4187 = CARTESIAN_POINT('',(2.5,0.75,1.15));
#4188 = DIRECTION('',(-0.,1.,-0.));
#4189 = DIRECTION('',(0.,0.,-1.));
#4190 = ADVANCED_FACE('',(#4191),#4202,.F.);
#4191 = FACE_BOUND('',#4192,.T.);
#4192 = EDGE_LOOP('',(#4193,#4194,#4195,#4196));
#4193 = ORIENTED_EDGE('',*,*,#4053,.F.);
#4194 = ORIENTED_EDGE('',*,*,#4177,.T.);
#4195 = ORIENTED_EDGE('',*,*,#3846,.T.);
#4196 = ORIENTED_EDGE('',*,*,#4197,.T.);
#4197 = EDGE_CURVE('',#3838,#4054,#4198,.T.);
#4198 = LINE('',#4199,#4200);
#4199 = CARTESIAN_POINT('',(2.65,0.75,0.35));
#4200 = VECTOR('',#4201,1.);
#4201 = DIRECTION('',(0.,-1.,0.));
#4202 = PLANE('',#4203);
#4203 = AXIS2_PLACEMENT_3D('',#4204,#4205,#4206);
#4204 = CARTESIAN_POINT('',(2.65,0.75,0.35));
#4205 = DIRECTION('',(1.,0.,0.));
#4206 = DIRECTION('',(0.,0.,-1.));
#4207 = ADVANCED_FACE('',(#4208),#4219,.F.);
#4208 = FACE_BOUND('',#4209,.F.);
#4209 = EDGE_LOOP('',(#4210,#4216,#4217,#4218));
#4210 = ORIENTED_EDGE('',*,*,#4211,.T.);
#4211 = EDGE_CURVE('',#4062,#3830,#4212,.T.);
#4212 = LINE('',#4213,#4214);
#4213 = CARTESIAN_POINT('',(2.5,0.75,0.2));
#4214 = VECTOR('',#4215,1.);
#4215 = DIRECTION('',(0.,1.,0.));
#4216 = ORIENTED_EDGE('',*,*,#3837,.T.);
#4217 = ORIENTED_EDGE('',*,*,#4197,.T.);
#4218 = ORIENTED_EDGE('',*,*,#4061,.F.);
#4219 = CYLINDRICAL_SURFACE('',#4220,0.15);
#4220 = AXIS2_PLACEMENT_3D('',#4221,#4222,#4223);
#4221 = CARTESIAN_POINT('',(2.5,0.75,0.35));
#4222 = DIRECTION('',(-0.,1.,-0.));
#4223 = DIRECTION('',(0.,0.,-1.));
#4224 = ADVANCED_FACE('',(#4225),#4236,.F.);
#4225 = FACE_BOUND('',#4226,.T.);
#4226 = EDGE_LOOP('',(#4227,#4228,#4229,#4230));
#4227 = ORIENTED_EDGE('',*,*,#4070,.F.);
#4228 = ORIENTED_EDGE('',*,*,#4211,.T.);
#4229 = ORIENTED_EDGE('',*,*,#3829,.T.);
#4230 = ORIENTED_EDGE('',*,*,#4231,.F.);
#4231 = EDGE_CURVE('',#4071,#3822,#4232,.T.);
#4232 = LINE('',#4233,#4234);
#4233 = CARTESIAN_POINT('',(1.75,0.75,0.2));
#4234 = VECTOR('',#4235,1.);
#4235 = DIRECTION('',(0.,1.,0.));
#4236 = PLANE('',#4237);
#4237 = AXIS2_PLACEMENT_3D('',#4238,#4239,#4240);
#4238 = CARTESIAN_POINT('',(1.75,0.75,0.2));
#4239 = DIRECTION('',(-2.823001994521E-17,0.,-1.));
#4240 = DIRECTION('',(-1.,0.,2.823001994521E-17));
#4241 = ADVANCED_FACE('',(#4242),#4258,.T.);
#4242 = FACE_BOUND('',#4243,.T.);
#4243 = EDGE_LOOP('',(#4244,#4245,#4251,#4252));
#4244 = ORIENTED_EDGE('',*,*,#3950,.F.);
#4245 = ORIENTED_EDGE('',*,*,#4246,.F.);
#4246 = EDGE_CURVE('',#3814,#3951,#4247,.T.);
#4247 = LINE('',#4248,#4249);
#4248 = CARTESIAN_POINT('',(1.75,0.75,-9.54609440278E-16));
#4249 = VECTOR('',#4250,1.);
#4250 = DIRECTION('',(0.,-1.,0.));
#4251 = ORIENTED_EDGE('',*,*,#3813,.T.);
#4252 = ORIENTED_EDGE('',*,*,#4253,.T.);
#4253 = EDGE_CURVE('',#3805,#3953,#4254,.T.);
#4254 = LINE('',#4255,#4256);
#4255 = CARTESIAN_POINT('',(2.5,0.75,-9.75781955237E-16));
#4256 = VECTOR('',#4257,1.);
#4257 = DIRECTION('',(0.,-1.,0.));
#4258 = PLANE('',#4259);
#4259 = AXIS2_PLACEMENT_3D('',#4260,#4261,#4262);
#4260 = CARTESIAN_POINT('',(1.75,0.75,-9.54609440278E-16));
#4261 = DIRECTION('',(-2.823001994521E-17,0.,-1.));
#4262 = DIRECTION('',(-1.,0.,2.823001994521E-17));
#4263 = ADVANCED_FACE('',(#4264),#4275,.T.);
#4264 = FACE_BOUND('',#4265,.T.);
#4265 = EDGE_LOOP('',(#4266,#4267,#4268,#4269));
#4266 = ORIENTED_EDGE('',*,*,#3960,.F.);
#4267 = ORIENTED_EDGE('',*,*,#4253,.F.);
#4268 = ORIENTED_EDGE('',*,*,#3804,.T.);
#4269 = ORIENTED_EDGE('',*,*,#4270,.T.);
#4270 = EDGE_CURVE('',#3797,#3961,#4271,.T.);
#4271 = LINE('',#4272,#4273);
#4272 = CARTESIAN_POINT('',(2.85,0.75,0.35));
#4273 = VECTOR('',#4274,1.);
#4274 = DIRECTION('',(0.,-1.,0.));
#4275 = CYLINDRICAL_SURFACE('',#4276,0.35);
#4276 = AXIS2_PLACEMENT_3D('',#4277,#4278,#4279);
#4277 = CARTESIAN_POINT('',(2.5,0.75,0.35));
#4278 = DIRECTION('',(-0.,1.,-0.));
#4279 = DIRECTION('',(0.,0.,-1.));
#4280 = ADVANCED_FACE('',(#4281),#4292,.T.);
#4281 = FACE_BOUND('',#4282,.T.);
#4282 = EDGE_LOOP('',(#4283,#4284,#4285,#4286));
#4283 = ORIENTED_EDGE('',*,*,#3969,.F.);
#4284 = ORIENTED_EDGE('',*,*,#4270,.F.);
#4285 = ORIENTED_EDGE('',*,*,#3796,.T.);
#4286 = ORIENTED_EDGE('',*,*,#4287,.T.);
#4287 = EDGE_CURVE('',#3788,#3970,#4288,.T.);
#4288 = LINE('',#4289,#4290);
#4289 = CARTESIAN_POINT('',(2.85,0.75,1.15));
#4290 = VECTOR('',#4291,1.);
#4291 = DIRECTION('',(0.,-1.,0.));
#4292 = PLANE('',#4293);
#4293 = AXIS2_PLACEMENT_3D('',#4294,#4295,#4296);
#4294 = CARTESIAN_POINT('',(2.85,0.75,0.35));
#4295 = DIRECTION('',(1.,0.,0.));
#4296 = DIRECTION('',(0.,0.,-1.));
#4297 = ADVANCED_FACE('',(#4298),#4309,.T.);
#4298 = FACE_BOUND('',#4299,.T.);
#4299 = EDGE_LOOP('',(#4300,#4301,#4302,#4303));
#4300 = ORIENTED_EDGE('',*,*,#3977,.F.);
#4301 = ORIENTED_EDGE('',*,*,#4287,.F.);
#4302 = ORIENTED_EDGE('',*,*,#3787,.T.);
#4303 = ORIENTED_EDGE('',*,*,#4304,.T.);
#4304 = EDGE_CURVE('',#3780,#3978,#4305,.T.);
#4305 = LINE('',#4306,#4307);
#4306 = CARTESIAN_POINT('',(2.5,0.75,1.5));
#4307 = VECTOR('',#4308,1.);
#4308 = DIRECTION('',(0.,-1.,0.));
#4309 = CYLINDRICAL_SURFACE('',#4310,0.35);
#4310 = AXIS2_PLACEMENT_3D('',#4311,#4312,#4313);
#4311 = CARTESIAN_POINT('',(2.5,0.75,1.15));
#4312 = DIRECTION('',(-0.,1.,-0.));
#4313 = DIRECTION('',(0.,0.,-1.));
#4314 = ADVANCED_FACE('',(#4315),#4321,.T.);
#4315 = FACE_BOUND('',#4316,.T.);
#4316 = EDGE_LOOP('',(#4317,#4318,#4319,#4320));
#4317 = ORIENTED_EDGE('',*,*,#3986,.F.);
#4318 = ORIENTED_EDGE('',*,*,#4304,.F.);
#4319 = ORIENTED_EDGE('',*,*,#3779,.T.);
#4320 = ORIENTED_EDGE('',*,*,#3744,.T.);
#4321 = PLANE('',#4322);
#4322 = AXIS2_PLACEMENT_3D('',#4323,#4324,#4325);
#4323 = CARTESIAN_POINT('',(-2.5,0.75,1.5));
#4324 = DIRECTION('',(0.,0.,1.));
#4325 = DIRECTION('',(1.,0.,-0.));
#4326 = ADVANCED_FACE('',(#4327),#4333,.T.);
#4327 = FACE_BOUND('',#4328,.T.);
#4328 = EDGE_LOOP('',(#4329,#4330,#4331,#4332));
#4329 = ORIENTED_EDGE('',*,*,#3995,.F.);
#4330 = ORIENTED_EDGE('',*,*,#3721,.F.);
#4331 = ORIENTED_EDGE('',*,*,#3768,.T.);
#4332 = ORIENTED_EDGE('',*,*,#3936,.T.);
#4333 = PLANE('',#4334);
#4334 = AXIS2_PLACEMENT_3D('',#4335,#4336,#4337);
#4335 = CARTESIAN_POINT('',(-2.5,0.75,-9.75781955237E-16));
#4336 = DIRECTION('',(2.823001994521E-17,0.,-1.));
#4337 = DIRECTION('',(-1.,0.,-2.823001994521E-17));
#4338 = ADVANCED_FACE('',(#4339),#4345,.F.);
#4339 = FACE_BOUND('',#4340,.T.);
#4340 = EDGE_LOOP('',(#4341,#4342,#4343,#4344));
#4341 = ORIENTED_EDGE('',*,*,#4231,.T.);
#4342 = ORIENTED_EDGE('',*,*,#3821,.T.);
#4343 = ORIENTED_EDGE('',*,*,#4246,.T.);
#4344 = ORIENTED_EDGE('',*,*,#4078,.F.);
#4345 = PLANE('',#4346);
#4346 = AXIS2_PLACEMENT_3D('',#4347,#4348,#4349);
#4347 = CARTESIAN_POINT('',(1.75,0.75,-9.54609440278E-16));
#4348 = DIRECTION('',(1.,0.,-2.823001994521E-17));
#4349 = DIRECTION('',(0.,-1.,0.));
#4350 = ( GEOMETRIC_REPRESENTATION_CONTEXT(3) 
GLOBAL_UNCERTAINTY_ASSIGNED_CONTEXT((#4354)) 
GLOBAL_UNIT_ASSIGNED_CONTEXT((#4351,#4352,#4353)) REPRESENTATION_CONTEXT
('Context #1','3D Context with UNIT and UNCERTAINTY') );
#4351 = ( LENGTH_UNIT() NAMED_UNIT(*) SI_UNIT(.MILLI.,.METRE.) );
#4352 = ( NAMED_UNIT(*) PLANE_ANGLE_UNIT() SI_UNIT($,.RADIAN.) );
#4353 = ( NAMED_UNIT(*) SI_UNIT($,.STERADIAN.) SOLID_ANGLE_UNIT() );
#4354 = UNCERTAINTY_MEASURE_WITH_UNIT(LENGTH_MEASURE(1.E-07),#4351,
  'distance_accuracy_value','confusion accuracy');
#4355 = CONTEXT_DEPENDENT_SHAPE_REPRESENTATION(#4356,#4358);
#4356 = ( REPRESENTATION_RELATIONSHIP('','',#3655,#10) 
REPRESENTATION_RELATIONSHIP_WITH_TRANSFORMATION(#4357) 
SHAPE_REPRESENTATION_RELATIONSHIP() );
#4357 = ITEM_DEFINED_TRANSFORMATION('','',#11,#19);
#4358 = PRODUCT_DEFINITION_SHAPE('Placement','Placement of an item',
  #4359);
#4359 = NEXT_ASSEMBLY_USAGE_OCCURRENCE('2','=>[0:1:1:2]','',#5,#3650,$);
#4360 = PRODUCT_RELATED_PRODUCT_CATEGORY('part',$,(#3652));
#4361 = MECHANICAL_DESIGN_GEOMETRIC_PRESENTATION_REPRESENTATION('',(
    #4362,#4370,#4377,#4384,#4391,#4398,#4405,#4412,#4419,#4426,#4433,
    #4440,#4447,#4454,#4461,#4468,#4475,#4482,#4489,#4496,#4503,#4510),
  #4350);
#4362 = STYLED_ITEM('color',(#4363),#3658);
#4363 = PRESENTATION_STYLE_ASSIGNMENT((#4364));
#4364 = SURFACE_STYLE_USAGE(.BOTH.,#4365);
#4365 = SURFACE_SIDE_STYLE('',(#4366));
#4366 = SURFACE_STYLE_FILL_AREA(#4367);
#4367 = FILL_AREA_STYLE('',(#4368));
#4368 = FILL_AREA_STYLE_COLOUR('',#4369);
#4369 = COLOUR_RGB('',0.690000002877,0.769999993182,0.870000009629);
#4370 = STYLED_ITEM('color',(#4371),#3698);
#4371 = PRESENTATION_STYLE_ASSIGNMENT((#4372));
#4372 = SURFACE_STYLE_USAGE(.BOTH.,#4373);
#4373 = SURFACE_SIDE_STYLE('',(#4374));
#4374 = SURFACE_STYLE_FILL_AREA(#4375);
#4375 = FILL_AREA_STYLE('',(#4376));
#4376 = FILL_AREA_STYLE_COLOUR('',#4369);
#4377 = STYLED_ITEM('color',(#4378),#3731);
#4378 = PRESENTATION_STYLE_ASSIGNMENT((#4379));
#4379 = SURFACE_STYLE_USAGE(.BOTH.,#4380);
#4380 = SURFACE_SIDE_STYLE('',(#4381));
#4381 = SURFACE_STYLE_FILL_AREA(#4382);
#4382 = FILL_AREA_STYLE('',(#4383));
#4383 = FILL_AREA_STYLE_COLOUR('',#4369);
#4384 = STYLED_ITEM('color',(#4385),#3764);
#4385 = PRESENTATION_STYLE_ASSIGNMENT((#4386));
#4386 = SURFACE_STYLE_USAGE(.BOTH.,#4387);
#4387 = SURFACE_SIDE_STYLE('',(#4388));
#4388 = SURFACE_STYLE_FILL_AREA(#4389);
#4389 = FILL_AREA_STYLE('',(#4390));
#4390 = FILL_AREA_STYLE_COLOUR('',#4369);
#4391 = STYLED_ITEM('color',(#4392),#3915);
#4392 = PRESENTATION_STYLE_ASSIGNMENT((#4393));
#4393 = SURFACE_STYLE_USAGE(.BOTH.,#4394);
#4394 = SURFACE_SIDE_STYLE('',(#4395));
#4395 = SURFACE_STYLE_FILL_AREA(#4396);
#4396 = FILL_AREA_STYLE('',(#4397));
#4397 = FILL_AREA_STYLE_COLOUR('',#4369);
#4398 = STYLED_ITEM('color',(#4399),#3946);
#4399 = PRESENTATION_STYLE_ASSIGNMENT((#4400));
#4400 = SURFACE_STYLE_USAGE(.BOTH.,#4401);
#4401 = SURFACE_SIDE_STYLE('',(#4402));
#4402 = SURFACE_STYLE_FILL_AREA(#4403);
#4403 = FILL_AREA_STYLE('',(#4404));
#4404 = FILL_AREA_STYLE_COLOUR('',#4369);
#4405 = STYLED_ITEM('color',(#4406),#4088);
#4406 = PRESENTATION_STYLE_ASSIGNMENT((#4407));
#4407 = SURFACE_STYLE_USAGE(.BOTH.,#4408);
#4408 = SURFACE_SIDE_STYLE('',(#4409));
#4409 = SURFACE_STYLE_FILL_AREA(#4410);
#4410 = FILL_AREA_STYLE('',(#4411));
#4411 = FILL_AREA_STYLE_COLOUR('',#4369);
#4412 = STYLED_ITEM('color',(#4413),#4105);
#4413 = PRESENTATION_STYLE_ASSIGNMENT((#4414));
#4414 = SURFACE_STYLE_USAGE(.BOTH.,#4415);
#4415 = SURFACE_SIDE_STYLE('',(#4416));
#4416 = SURFACE_STYLE_FILL_AREA(#4417);
#4417 = FILL_AREA_STYLE('',(#4418));
#4418 = FILL_AREA_STYLE_COLOUR('',#4369);
#4419 = STYLED_ITEM('color',(#4420),#4122);
#4420 = PRESENTATION_STYLE_ASSIGNMENT((#4421));
#4421 = SURFACE_STYLE_USAGE(.BOTH.,#4422);
#4422 = SURFACE_SIDE_STYLE('',(#4423));
#4423 = SURFACE_STYLE_FILL_AREA(#4424);
#4424 = FILL_AREA_STYLE('',(#4425));
#4425 = FILL_AREA_STYLE_COLOUR('',#4369);
#4426 = STYLED_ITEM('color',(#4427),#4139);
#4427 = PRESENTATION_STYLE_ASSIGNMENT((#4428));
#4428 = SURFACE_STYLE_USAGE(.BOTH.,#4429);
#4429 = SURFACE_SIDE_STYLE('',(#4430));
#4430 = SURFACE_STYLE_FILL_AREA(#4431);
#4431 = FILL_AREA_STYLE('',(#4432));
#4432 = FILL_AREA_STYLE_COLOUR('',#4369);
#4433 = STYLED_ITEM('color',(#4434),#4156);
#4434 = PRESENTATION_STYLE_ASSIGNMENT((#4435));
#4435 = SURFACE_STYLE_USAGE(.BOTH.,#4436);
#4436 = SURFACE_SIDE_STYLE('',(#4437));
#4437 = SURFACE_STYLE_FILL_AREA(#4438);
#4438 = FILL_AREA_STYLE('',(#4439));
#4439 = FILL_AREA_STYLE_COLOUR('',#4369);
#4440 = STYLED_ITEM('color',(#4441),#4173);
#4441 = PRESENTATION_STYLE_ASSIGNMENT((#4442));
#4442 = SURFACE_STYLE_USAGE(.BOTH.,#4443);
#4443 = SURFACE_SIDE_STYLE('',(#4444));
#4444 = SURFACE_STYLE_FILL_AREA(#4445);
#4445 = FILL_AREA_STYLE('',(#4446));
#4446 = FILL_AREA_STYLE_COLOUR('',#4369);
#4447 = STYLED_ITEM('color',(#4448),#4190);
#4448 = PRESENTATION_STYLE_ASSIGNMENT((#4449));
#4449 = SURFACE_STYLE_USAGE(.BOTH.,#4450);
#4450 = SURFACE_SIDE_STYLE('',(#4451));
#4451 = SURFACE_STYLE_FILL_AREA(#4452);
#4452 = FILL_AREA_STYLE('',(#4453));
#4453 = FILL_AREA_STYLE_COLOUR('',#4369);
#4454 = STYLED_ITEM('color',(#4455),#4207);
#4455 = PRESENTATION_STYLE_ASSIGNMENT((#4456));
#4456 = SURFACE_STYLE_USAGE(.BOTH.,#4457);
#4457 = SURFACE_SIDE_STYLE('',(#4458));
#4458 = SURFACE_STYLE_FILL_AREA(#4459);
#4459 = FILL_AREA_STYLE('',(#4460));
#4460 = FILL_AREA_STYLE_COLOUR('',#4369);
#4461 = STYLED_ITEM('color',(#4462),#4224);
#4462 = PRESENTATION_STYLE_ASSIGNMENT((#4463));
#4463 = SURFACE_STYLE_USAGE(.BOTH.,#4464);
#4464 = SURFACE_SIDE_STYLE('',(#4465));
#4465 = SURFACE_STYLE_FILL_AREA(#4466);
#4466 = FILL_AREA_STYLE('',(#4467));
#4467 = FILL_AREA_STYLE_COLOUR('',#4369);
#4468 = STYLED_ITEM('color',(#4469),#4241);
#4469 = PRESENTATION_STYLE_ASSIGNMENT((#4470));
#4470 = SURFACE_STYLE_USAGE(.BOTH.,#4471);
#4471 = SURFACE_SIDE_STYLE('',(#4472));
#4472 = SURFACE_STYLE_FILL_AREA(#4473);
#4473 = FILL_AREA_STYLE('',(#4474));
#4474 = FILL_AREA_STYLE_COLOUR('',#4369);
#4475 = STYLED_ITEM('color',(#4476),#4263);
#4476 = PRESENTATION_STYLE_ASSIGNMENT((#4477));
#4477 = SURFACE_STYLE_USAGE(.BOTH.,#4478);
#4478 = SURFACE_SIDE_STYLE('',(#4479));
#4479 = SURFACE_STYLE_FILL_AREA(#4480);
#4480 = FILL_AREA_STYLE('',(#4481));
#4481 = FILL_AREA_STYLE_COLOUR('',#4369);
#4482 = STYLED_ITEM('color',(#4483),#4280);
#4483 = PRESENTATION_STYLE_ASSIGNMENT((#4484));
#4484 = SURFACE_STYLE_USAGE(.BOTH.,#4485);
#4485 = SURFACE_SIDE_STYLE('',(#4486));
#4486 = SURFACE_STYLE_FILL_AREA(#4487);
#4487 = FILL_AREA_STYLE('',(#4488));
#4488 = FILL_AREA_STYLE_COLOUR('',#4369);
#4489 = STYLED_ITEM('color',(#4490),#4297);
#4490 = PRESENTATION_STYLE_ASSIGNMENT((#4491));
#4491 = SURFACE_STYLE_USAGE(.BOTH.,#4492);
#4492 = SURFACE_SIDE_STYLE('',(#4493));
#4493 = SURFACE_STYLE_FILL_AREA(#4494);
#4494 = FILL_AREA_STYLE('',(#4495));
#4495 = FILL_AREA_STYLE_COLOUR('',#4369);
#4496 = STYLED_ITEM('color',(#4497),#4314);
#4497 = PRESENTATION_STYLE_ASSIGNMENT((#4498));
#4498 = SURFACE_STYLE_USAGE(.BOTH.,#4499);
#4499 = SURFACE_SIDE_STYLE('',(#4500));
#4500 = SURFACE_STYLE_FILL_AREA(#4501);
#4501 = FILL_AREA_STYLE('',(#4502));
#4502 = FILL_AREA_STYLE_COLOUR('',#4369);
#4503 = STYLED_ITEM('color',(#4504),#4326);
#4504 = PRESENTATION_STYLE_ASSIGNMENT((#4505));
#4505 = SURFACE_STYLE_USAGE(.BOTH.,#4506);
#4506 = SURFACE_SIDE_STYLE('',(#4507));
#4507 = SURFACE_STYLE_FILL_AREA(#4508);
#4508 = FILL_AREA_STYLE('',(#4509));
#4509 = FILL_AREA_STYLE_COLOUR('',#4369);
#4510 = STYLED_ITEM('color',(#4511),#4338);
#4511 = PRESENTATION_STYLE_ASSIGNMENT((#4512));
#4512 = SURFACE_STYLE_USAGE(.BOTH.,#4513);
#4513 = SURFACE_SIDE_STYLE('',(#4514));
#4514 = SURFACE_STYLE_FILL_AREA(#4515);
#4515 = FILL_AREA_STYLE('',(#4516));
#4516 = FILL_AREA_STYLE_COLOUR('',#4369);
#4517 = MECHANICAL_DESIGN_GEOMETRIC_PRESENTATION_REPRESENTATION('',(
    #4518),#3637);
#4518 = STYLED_ITEM('color',(#4519),#37);
#4519 = PRESENTATION_STYLE_ASSIGNMENT((#4520,#4526));
#4520 = SURFACE_STYLE_USAGE(.BOTH.,#4521);
#4521 = SURFACE_SIDE_STYLE('',(#4522));
#4522 = SURFACE_STYLE_FILL_AREA(#4523);
#4523 = FILL_AREA_STYLE('',(#4524));
#4524 = FILL_AREA_STYLE_COLOUR('',#4525);
#4525 = COLOUR_RGB('',0.109800004037,0.109800004037,0.109800004037);
#4526 = CURVE_STYLE('',#4527,POSITIVE_LENGTH_MEASURE(0.1),#4525);
#4527 = DRAUGHTING_PRE_DEFINED_CURVE_FONT('continuous');
ENDSEC;
END-ISO-10303-21;
