ISO-10303-21;
HEADER;
FILE_DESCRIPTION(('FreeCAD Model'),'2;1');
FILE_NAME('Open CASCADE Shape Model','2025-10-28T20:50:46',(''),(''),
  'Open CASCADE STEP processor 7.8','FreeCAD','Unknown');
FILE_SCHEMA(('AUTOMOTIVE_DESIGN { 1 0 10303 214 1 1 1 1 }'));
ENDSEC;
DATA;
#1 = APPLICATION_PROTOCOL_DEFINITION('international standard',
  'automotive_design',2000,#2);
#2 = APPLICATION_CONTEXT(
  'core data for automotive mechanical design processes');
#3 = SHAPE_DEFINITION_REPRESENTATION(#4,#10);
#4 = PRODUCT_DEFINITION_SHAPE('','',#5);
#5 = PRODUCT_DEFINITION('design','',#6,#9);
#6 = PRODUCT_DEFINITION_FORMATION('','',#7);
#7 = PRODUCT('CUI_DEVICES_TBP02P1-381-03BE',
  'CUI_DEVICES_TBP02P1-381-03BE','',(#8));
#8 = PRODUCT_CONTEXT('',#2,'mechanical');
#9 = PRODUCT_DEFINITION_CONTEXT('part definition',#2,'design');
#10 = ADVANCED_BREP_SHAPE_REPRESENTATION('',(#11,#15),#6745);
#11 = AXIS2_PLACEMENT_3D('',#12,#13,#14);
#12 = CARTESIAN_POINT('',(0.,0.,0.));
#13 = DIRECTION('',(0.,0.,1.));
#14 = DIRECTION('',(1.,0.,-0.));
#15 = MANIFOLD_SOLID_BREP('',#16);
#16 = CLOSED_SHELL('',(#17,#99,#155,#193,#283,#339,#379,#469,#525,#565,
    #589,#607,#639,#679,#721,#754,#785,#822,#853,#890,#921,#954,#987,
    #1066,#1105,#1136,#1167,#1184,#1194,#1240,#1278,#1316,#1343,#1380,
    #1405,#1436,#1460,#1484,#1501,#1540,#1567,#1606,#1630,#1662,#1679,
    #1716,#1741,#1780,#1797,#1837,#1877,#1917,#1948,#1990,#2021,#2045,
    #2069,#2086,#2192,#2290,#2315,#2332,#2363,#2380,#2405,#2437,#2469,
    #2494,#2519,#2543,#2570,#2600,#2627,#2657,#2684,#2708,#2735,#2752,
    #3009,#3034,#3088,#3112,#3134,#3173,#3259,#3318,#3342,#3445,#3472,
    #3512,#3536,#3573,#3610,#3628,#3659,#3690,#3730,#3774,#3818,#3850,
    #3883,#3916,#3947,#3964,#4001,#4023,#4069,#4115,#4137,#4174,#4219,
    #4266,#4313,#4346,#4379,#4404,#4434,#4444,#4461,#4478,#4495,#4512,
    #4542,#4559,#4576,#4598,#4620,#4637,#4668,#4700,#4724,#4749,#4789,
    #4827,#4843,#4855,#4867,#4879,#4897,#4919,#4936,#4953,#4965,#4999,
    #5016,#5038,#5056,#5088,#5128,#5170,#5203,#5234,#5271,#5302,#5339,
    #5370,#5403,#5436,#5517,#5532,#5549,#5584,#5615,#5637,#5685,#5723,
    #5761,#5788,#5825,#5850,#5881,#5905,#5929,#5946,#5985,#6012,#6051,
    #6075,#6107,#6124,#6161,#6186,#6225,#6242,#6282,#6313,#6335,#6352,
    #6369,#6381,#6411,#6433,#6450,#6467,#6484,#6501,#6524,#6541,#6564,
    #6581,#6598,#6615,#6627,#6645,#6681,#6697,#6721));
#17 = ADVANCED_FACE('',(#18),#94,.F.);
#18 = FACE_BOUND('',#19,.F.);
#19 = EDGE_LOOP('',(#20,#30,#39,#47,#62,#70,#79,#87));
#20 = ORIENTED_EDGE('',*,*,#21,.T.);
#21 = EDGE_CURVE('',#22,#24,#26,.T.);
#22 = VERTEX_POINT('',#23);
#23 = CARTESIAN_POINT('',(-5.16,11.6,7.8));
#24 = VERTEX_POINT('',#25);
#25 = CARTESIAN_POINT('',(-5.16,11.6,6.2));
#26 = LINE('',#27,#28);
#27 = CARTESIAN_POINT('',(-5.16,11.6,16.7));
#28 = VECTOR('',#29,1.);
#29 = DIRECTION('',(2.22044604925E-16,0.,-1.));
#30 = ORIENTED_EDGE('',*,*,#31,.F.);
#31 = EDGE_CURVE('',#32,#24,#34,.T.);
#32 = VERTEX_POINT('',#33);
#33 = CARTESIAN_POINT('',(-5.126236820299,11.3,6.2));
#34 = B_SPLINE_CURVE_WITH_KNOTS('',3,(#35,#36,#37,#38),.UNSPECIFIED.,.F.
  ,.F.,(4,4),(0.,1.),.PIECEWISE_BEZIER_KNOTS.);
#35 = CARTESIAN_POINT('',(-5.126236820299,11.3,6.2));
#36 = CARTESIAN_POINT('',(-5.148653967339,11.39832044522,6.2));
#37 = CARTESIAN_POINT('',(-5.16,11.499158108464,6.2));
#38 = CARTESIAN_POINT('',(-5.16,11.6,6.2));
#39 = ORIENTED_EDGE('',*,*,#40,.F.);
#40 = EDGE_CURVE('',#41,#32,#43,.T.);
#41 = VERTEX_POINT('',#42);
#42 = CARTESIAN_POINT('',(-5.126269301653,11.3,6.8));
#43 = LINE('',#44,#45);
#44 = CARTESIAN_POINT('',(-5.126244658109,11.3,6.8));
#45 = VECTOR('',#46,1.);
#46 = DIRECTION('',(2.22044604925E-16,1.445602896647E-15,-1.));
#47 = ORIENTED_EDGE('',*,*,#48,.F.);
#48 = EDGE_CURVE('',#49,#41,#51,.T.);
#49 = VERTEX_POINT('',#50);
#50 = CARTESIAN_POINT('',(-2.493730699165,11.3,6.8));
#51 = B_SPLINE_CURVE_WITH_KNOTS('',3,(#52,#53,#54,#55,#56,#57,#58,#59,
    #60,#61),.UNSPECIFIED.,.F.,.F.,(4,2,2,2,4),(0.,0.25,0.5,0.75,1.),
  .UNSPECIFIED.);
#52 = CARTESIAN_POINT('',(-2.493730699165,11.3,6.8));
#53 = CARTESIAN_POINT('',(-2.561090503616,11.004568176923,6.8));
#54 = CARTESIAN_POINT('',(-2.731254660168,10.733615282982,6.8));
#55 = CARTESIAN_POINT('',(-3.204999515784,10.355697625097,6.8));
#56 = CARTESIAN_POINT('',(-3.506991772239,10.25,6.8));
#57 = CARTESIAN_POINT('',(-4.113008227761,10.25,6.8));
#58 = CARTESIAN_POINT('',(-4.415000484216,10.355697625097,6.8));
#59 = CARTESIAN_POINT('',(-4.888745339832,10.733615282982,6.8));
#60 = CARTESIAN_POINT('',(-5.058909496384,11.004568176923,6.8));
#61 = CARTESIAN_POINT('',(-5.126269301653,11.3,6.8));
#62 = ORIENTED_EDGE('',*,*,#63,.F.);
#63 = EDGE_CURVE('',#64,#49,#66,.T.);
#64 = VERTEX_POINT('',#65);
#65 = CARTESIAN_POINT('',(-2.493767091949,11.3,6.2));
#66 = LINE('',#67,#68);
#67 = CARTESIAN_POINT('',(-2.493755341891,11.3,6.8));
#68 = VECTOR('',#69,1.);
#69 = DIRECTION('',(-2.22044604925E-16,-1.445602896647E-15,1.));
#70 = ORIENTED_EDGE('',*,*,#71,.F.);
#71 = EDGE_CURVE('',#72,#64,#74,.T.);
#72 = VERTEX_POINT('',#73);
#73 = CARTESIAN_POINT('',(-2.460008330677,11.6,6.2));
#74 = B_SPLINE_CURVE_WITH_KNOTS('',3,(#75,#76,#77,#78),.UNSPECIFIED.,.F.
  ,.F.,(4,4),(0.,1.),.PIECEWISE_BEZIER_KNOTS.);
#75 = CARTESIAN_POINT('',(-2.460008330677,11.6,6.2));
#76 = CARTESIAN_POINT('',(-2.46,11.499158108464,6.2));
#77 = CARTESIAN_POINT('',(-2.471346032661,11.39832044522,6.2));
#78 = CARTESIAN_POINT('',(-2.493767091949,11.3,6.2));
#79 = ORIENTED_EDGE('',*,*,#80,.F.);
#80 = EDGE_CURVE('',#81,#72,#83,.T.);
#81 = VERTEX_POINT('',#82);
#82 = CARTESIAN_POINT('',(-2.46,11.6,7.8));
#83 = LINE('',#84,#85);
#84 = CARTESIAN_POINT('',(-2.46,11.6,16.7));
#85 = VECTOR('',#86,1.);
#86 = DIRECTION('',(2.22044604925E-16,0.,-1.));
#87 = ORIENTED_EDGE('',*,*,#88,.F.);
#88 = EDGE_CURVE('',#22,#81,#89,.T.);
#89 = CIRCLE('',#90,1.35);
#90 = AXIS2_PLACEMENT_3D('',#91,#92,#93);
#91 = CARTESIAN_POINT('',(-3.81,11.6,7.8));
#92 = DIRECTION('',(-2.22044604925E-16,0.,1.));
#93 = DIRECTION('',(-1.,0.,-2.22044604925E-16));
#94 = CYLINDRICAL_SURFACE('',#95,1.35);
#95 = AXIS2_PLACEMENT_3D('',#96,#97,#98);
#96 = CARTESIAN_POINT('',(-3.81,11.6,16.7));
#97 = DIRECTION('',(2.22044604925E-16,0.,-1.));
#98 = DIRECTION('',(-1.,0.,-2.22044604925E-16));
#99 = ADVANCED_FACE('',(#100),#150,.F.);
#100 = FACE_BOUND('',#101,.F.);
#101 = EDGE_LOOP('',(#102,#112,#135,#143));
#102 = ORIENTED_EDGE('',*,*,#103,.T.);
#103 = EDGE_CURVE('',#104,#106,#108,.T.);
#104 = VERTEX_POINT('',#105);
#105 = CARTESIAN_POINT('',(-4.859999999979,2.5,3.1));
#106 = VERTEX_POINT('',#107);
#107 = CARTESIAN_POINT('',(-4.86,1.6,3.1));
#108 = LINE('',#109,#110);
#109 = CARTESIAN_POINT('',(-4.86,1.6,3.1));
#110 = VECTOR('',#111,1.);
#111 = DIRECTION('',(0.,-1.,0.));
#112 = ORIENTED_EDGE('',*,*,#113,.F.);
#113 = EDGE_CURVE('',#114,#106,#116,.T.);
#114 = VERTEX_POINT('',#115);
#115 = CARTESIAN_POINT('',(-2.76,1.6,3.1));
#116 = B_SPLINE_CURVE_WITH_KNOTS('',3,(#117,#118,#119,#120,#121,#122,
    #123,#124,#125,#126,#127,#128,#129,#130,#131,#132,#133,#134),
  .UNSPECIFIED.,.F.,.F.,(4,2,2,2,2,2,2,2,4),(0.,0.125,0.25,0.375,0.5,
    0.625,0.75,0.875,1.),.UNSPECIFIED.);
#117 = CARTESIAN_POINT('',(-2.76,1.6,3.1));
#118 = CARTESIAN_POINT('',(-2.76,1.6,3.237444678595));
#119 = CARTESIAN_POINT('',(-2.787328689498,1.6,3.374835278577));
#120 = CARTESIAN_POINT('',(-2.892524292228,1.6,3.628799929389));
#121 = CARTESIAN_POINT('',(-2.970349815482,1.6,3.745274055974));
#122 = CARTESIAN_POINT('',(-3.164725944026,1.6,3.939650184518));
#123 = CARTESIAN_POINT('',(-3.281200070611,1.6,4.017475707772));
#124 = CARTESIAN_POINT('',(-3.535164721423,1.6,4.122671310502));
#125 = CARTESIAN_POINT('',(-3.672555321405,1.6,4.15));
#126 = CARTESIAN_POINT('',(-3.947444678595,1.6,4.15));
#127 = CARTESIAN_POINT('',(-4.084835278577,1.6,4.122671310502));
#128 = CARTESIAN_POINT('',(-4.338799929389,1.6,4.017475707772));
#129 = CARTESIAN_POINT('',(-4.455274055974,1.6,3.939650184518));
#130 = CARTESIAN_POINT('',(-4.649650184518,1.6,3.745274055974));
#131 = CARTESIAN_POINT('',(-4.727475707772,1.6,3.628799929389));
#132 = CARTESIAN_POINT('',(-4.832671310502,1.6,3.374835278577));
#133 = CARTESIAN_POINT('',(-4.86,1.6,3.237444678595));
#134 = CARTESIAN_POINT('',(-4.86,1.6,3.1));
#135 = ORIENTED_EDGE('',*,*,#136,.F.);
#136 = EDGE_CURVE('',#137,#114,#139,.T.);
#137 = VERTEX_POINT('',#138);
#138 = CARTESIAN_POINT('',(-2.760000000021,2.5,3.1));
#139 = LINE('',#140,#141);
#140 = CARTESIAN_POINT('',(-2.76,1.6,3.1));
#141 = VECTOR('',#142,1.);
#142 = DIRECTION('',(0.,-1.,0.));
#143 = ORIENTED_EDGE('',*,*,#144,.F.);
#144 = EDGE_CURVE('',#104,#137,#145,.T.);
#145 = CIRCLE('',#146,1.05);
#146 = AXIS2_PLACEMENT_3D('',#147,#148,#149);
#147 = CARTESIAN_POINT('',(-3.81,2.5,3.1));
#148 = DIRECTION('',(0.,1.,0.));
#149 = DIRECTION('',(-1.,0.,-2.22044604925E-16));
#150 = CYLINDRICAL_SURFACE('',#151,1.05);
#151 = AXIS2_PLACEMENT_3D('',#152,#153,#154);
#152 = CARTESIAN_POINT('',(-3.81,1.6,3.1));
#153 = DIRECTION('',(0.,-1.,0.));
#154 = DIRECTION('',(-1.,0.,-2.22044604925E-16));
#155 = ADVANCED_FACE('',(#156),#188,.F.);
#156 = FACE_BOUND('',#157,.F.);
#157 = EDGE_LOOP('',(#158,#166,#167,#175));
#158 = ORIENTED_EDGE('',*,*,#159,.T.);
#159 = EDGE_CURVE('',#160,#104,#162,.T.);
#160 = VERTEX_POINT('',#161);
#161 = CARTESIAN_POINT('',(-4.434999999991,2.600000000001,3.1));
#162 = LINE('',#163,#164);
#163 = CARTESIAN_POINT('',(-4.860000000046,2.499999999984,3.1));
#164 = VECTOR('',#165,1.);
#165 = DIRECTION('',(-0.973417168332,-0.229039333731,-2.161420305696E-16
    ));
#166 = ORIENTED_EDGE('',*,*,#144,.T.);
#167 = ORIENTED_EDGE('',*,*,#168,.F.);
#168 = EDGE_CURVE('',#169,#137,#171,.T.);
#169 = VERTEX_POINT('',#170);
#170 = CARTESIAN_POINT('',(-3.185000000011,2.600000000001,3.1));
#171 = LINE('',#172,#173);
#172 = CARTESIAN_POINT('',(-2.759999999954,2.499999999984,3.1));
#173 = VECTOR('',#174,1.);
#174 = DIRECTION('',(0.973417168332,-0.229039333731,9.693280862626E-17)
  );
#175 = ORIENTED_EDGE('',*,*,#176,.F.);
#176 = EDGE_CURVE('',#160,#169,#177,.T.);
#177 = B_SPLINE_CURVE_WITH_KNOTS('',3,(#178,#179,#180,#181,#182,#183,
    #184,#185,#186,#187),.UNSPECIFIED.,.F.,.F.,(4,2,2,2,4),(0.,0.25,0.5,
    0.75,1.),.UNSPECIFIED.);
#178 = CARTESIAN_POINT('',(-4.434999999991,2.600000000001,3.1));
#179 = CARTESIAN_POINT('',(-4.434999999982,2.600000000002,3.26362461737)
  );
#180 = CARTESIAN_POINT('',(-4.36764181474,2.600000000002,3.426241661718)
  );
#181 = CARTESIAN_POINT('',(-4.136241661718,2.600000000002,3.65764181474)
  );
#182 = CARTESIAN_POINT('',(-3.97362461737,2.600000000002,3.724999999982)
  );
#183 = CARTESIAN_POINT('',(-3.64637538263,2.600000000002,3.724999999982)
  );
#184 = CARTESIAN_POINT('',(-3.483758338282,2.600000000002,3.65764181474)
  );
#185 = CARTESIAN_POINT('',(-3.25235818526,2.600000000002,3.426241661718)
  );
#186 = CARTESIAN_POINT('',(-3.185000000018,2.600000000002,3.26362461737)
  );
#187 = CARTESIAN_POINT('',(-3.185000000011,2.600000000001,3.1));
#188 = CONICAL_SURFACE('',#189,1.050000000046,1.339705659593);
#189 = AXIS2_PLACEMENT_3D('',#190,#191,#192);
#190 = CARTESIAN_POINT('',(-3.81,2.499999999984,3.1));
#191 = DIRECTION('',(0.,-1.,0.));
#192 = DIRECTION('',(-1.,0.,-2.22044604925E-16));
#193 = ADVANCED_FACE('',(#194),#278,.F.);
#194 = FACE_BOUND('',#195,.F.);
#195 = EDGE_LOOP('',(#196,#206,#215,#223,#246,#254,#263,#271));
#196 = ORIENTED_EDGE('',*,*,#197,.T.);
#197 = EDGE_CURVE('',#198,#200,#202,.T.);
#198 = VERTEX_POINT('',#199);
#199 = CARTESIAN_POINT('',(1.35,11.6,7.8));
#200 = VERTEX_POINT('',#201);
#201 = CARTESIAN_POINT('',(1.35,11.6,6.2));
#202 = LINE('',#203,#204);
#203 = CARTESIAN_POINT('',(1.35,11.6,16.7));
#204 = VECTOR('',#205,1.);
#205 = DIRECTION('',(2.22044604925E-16,0.,-1.));
#206 = ORIENTED_EDGE('',*,*,#207,.T.);
#207 = EDGE_CURVE('',#200,#208,#210,.T.);
#208 = VERTEX_POINT('',#209);
#209 = CARTESIAN_POINT('',(1.316236820299,11.9,6.2));
#210 = B_SPLINE_CURVE_WITH_KNOTS('',3,(#211,#212,#213,#214),
  .UNSPECIFIED.,.F.,.F.,(4,4),(0.,1.),.PIECEWISE_BEZIER_KNOTS.);
#211 = CARTESIAN_POINT('',(1.35,11.6,6.2));
#212 = CARTESIAN_POINT('',(1.349989388876,11.701324057744,6.2));
#213 = CARTESIAN_POINT('',(1.338732383039,11.801324057744,6.2));
#214 = CARTESIAN_POINT('',(1.316236820299,11.9,6.2));
#215 = ORIENTED_EDGE('',*,*,#216,.T.);
#216 = EDGE_CURVE('',#208,#217,#219,.T.);
#217 = VERTEX_POINT('',#218);
#218 = CARTESIAN_POINT('',(1.316269300835,11.9,6.8));
#219 = LINE('',#220,#221);
#220 = CARTESIAN_POINT('',(1.316244658109,11.9,6.2));
#221 = VECTOR('',#222,1.);
#222 = DIRECTION('',(-2.22044604925E-16,0.,1.));
#223 = ORIENTED_EDGE('',*,*,#224,.T.);
#224 = EDGE_CURVE('',#217,#225,#227,.T.);
#225 = VERTEX_POINT('',#226);
#226 = CARTESIAN_POINT('',(-1.316269301653,11.9,6.8));
#227 = B_SPLINE_CURVE_WITH_KNOTS('',3,(#228,#229,#230,#231,#232,#233,
    #234,#235,#236,#237,#238,#239,#240,#241,#242,#243,#244,#245),
  .UNSPECIFIED.,.F.,.F.,(4,2,2,2,2,2,2,2,4),(0.,0.125,0.25,0.375,0.5,
    0.625,0.75,0.875,1.),.UNSPECIFIED.);
#228 = CARTESIAN_POINT('',(1.316269300835,11.9,6.8));
#229 = CARTESIAN_POINT('',(1.28157239221,12.050251550523,6.8));
#230 = CARTESIAN_POINT('',(1.225019845509,12.187747258965,6.8));
#231 = CARTESIAN_POINT('',(1.061616845588,12.447787413311,6.8));
#232 = CARTESIAN_POINT('',(0.961825646931,12.559761569003,6.8));
#233 = CARTESIAN_POINT('',(0.721920433082,12.750919539638,6.8));
#234 = CARTESIAN_POINT('',(0.590709907515,12.823607902283,6.8));
#235 = CARTESIAN_POINT('',(0.301228457032,12.924791866761,6.8));
#236 = CARTESIAN_POINT('',(0.153294361549,12.950057444367,6.8));
#237 = CARTESIAN_POINT('',(-0.153294225182,12.949934046067,6.8));
#238 = CARTESIAN_POINT('',(-0.301344894286,12.924881032804,6.8));
#239 = CARTESIAN_POINT('',(-0.590593228898,12.823518818033,6.8));
#240 = CARTESIAN_POINT('',(-0.722125371792,12.750913555579,6.8));
#241 = CARTESIAN_POINT('',(-0.961620540801,12.559767691189,6.8));
#242 = CARTESIAN_POINT('',(-1.062639902568,12.44638626263,6.8));
#243 = CARTESIAN_POINT('',(-1.223996747326,12.189148453074,6.8));
#244 = CARTESIAN_POINT('',(-1.28165528741,12.049892667124,6.8));
#245 = CARTESIAN_POINT('',(-1.316269301653,11.9,6.8));
#246 = ORIENTED_EDGE('',*,*,#247,.T.);
#247 = EDGE_CURVE('',#225,#248,#250,.T.);
#248 = VERTEX_POINT('',#249);
#249 = CARTESIAN_POINT('',(-1.316232908051,11.9,6.2));
#250 = LINE('',#251,#252);
#251 = CARTESIAN_POINT('',(-1.316244658109,11.9,6.2));
#252 = VECTOR('',#253,1.);
#253 = DIRECTION('',(2.22044604925E-16,0.,-1.));
#254 = ORIENTED_EDGE('',*,*,#255,.T.);
#255 = EDGE_CURVE('',#248,#256,#258,.T.);
#256 = VERTEX_POINT('',#257);
#257 = CARTESIAN_POINT('',(-1.349991669323,11.6,6.2));
#258 = B_SPLINE_CURVE_WITH_KNOTS('',3,(#259,#260,#261,#262),
  .UNSPECIFIED.,.F.,.F.,(4,4),(0.,1.),.PIECEWISE_BEZIER_KNOTS.);
#259 = CARTESIAN_POINT('',(-1.316232908051,11.9,6.2));
#260 = CARTESIAN_POINT('',(-1.338711301363,11.801264653248,6.2));
#261 = CARTESIAN_POINT('',(-1.349965361581,11.701264653248,6.2));
#262 = CARTESIAN_POINT('',(-1.349991669323,11.6,6.2));
#263 = ORIENTED_EDGE('',*,*,#264,.F.);
#264 = EDGE_CURVE('',#265,#256,#267,.T.);
#265 = VERTEX_POINT('',#266);
#266 = CARTESIAN_POINT('',(-1.35,11.6,7.8));
#267 = LINE('',#268,#269);
#268 = CARTESIAN_POINT('',(-1.35,11.6,16.7));
#269 = VECTOR('',#270,1.);
#270 = DIRECTION('',(2.22044604925E-16,0.,-1.));
#271 = ORIENTED_EDGE('',*,*,#272,.T.);
#272 = EDGE_CURVE('',#265,#198,#273,.T.);
#273 = CIRCLE('',#274,1.35);
#274 = AXIS2_PLACEMENT_3D('',#275,#276,#277);
#275 = CARTESIAN_POINT('',(-4.440892098501E-16,11.6,7.8));
#276 = DIRECTION('',(2.22044604925E-16,0.,-1.));
#277 = DIRECTION('',(1.,0.,2.22044604925E-16));
#278 = CYLINDRICAL_SURFACE('',#279,1.35);
#279 = AXIS2_PLACEMENT_3D('',#280,#281,#282);
#280 = CARTESIAN_POINT('',(-2.22044604925E-15,11.6,16.7));
#281 = DIRECTION('',(2.22044604925E-16,0.,-1.));
#282 = DIRECTION('',(1.,0.,2.22044604925E-16));
#283 = ADVANCED_FACE('',(#284),#334,.F.);
#284 = FACE_BOUND('',#285,.F.);
#285 = EDGE_LOOP('',(#286,#296,#319,#327));
#286 = ORIENTED_EDGE('',*,*,#287,.T.);
#287 = EDGE_CURVE('',#288,#290,#292,.T.);
#288 = VERTEX_POINT('',#289);
#289 = CARTESIAN_POINT('',(1.050000000031,2.5,3.1));
#290 = VERTEX_POINT('',#291);
#291 = CARTESIAN_POINT('',(1.05,1.6,3.1));
#292 = LINE('',#293,#294);
#293 = CARTESIAN_POINT('',(1.05,1.6,3.1));
#294 = VECTOR('',#295,1.);
#295 = DIRECTION('',(0.,-1.,0.));
#296 = ORIENTED_EDGE('',*,*,#297,.T.);
#297 = EDGE_CURVE('',#290,#298,#300,.T.);
#298 = VERTEX_POINT('',#299);
#299 = CARTESIAN_POINT('',(-1.05,1.6,3.1));
#300 = B_SPLINE_CURVE_WITH_KNOTS('',3,(#301,#302,#303,#304,#305,#306,
    #307,#308,#309,#310,#311,#312,#313,#314,#315,#316,#317,#318),
  .UNSPECIFIED.,.F.,.F.,(4,2,2,2,2,2,2,2,4),(0.,0.125,0.25,0.375,0.5,
    0.625,0.75,0.875,1.),.UNSPECIFIED.);
#301 = CARTESIAN_POINT('',(1.05,1.6,3.1));
#302 = CARTESIAN_POINT('',(1.049611024965,1.6,2.960211704658));
#303 = CARTESIAN_POINT('',(1.02307196291,1.6,2.826543705841));
#304 = CARTESIAN_POINT('',(0.91709431912,1.6,2.569997430234));
#305 = CARTESIAN_POINT('',(0.840635418994,1.6,2.45584105372));
#306 = CARTESIAN_POINT('',(0.644288580358,1.6,2.259276828702));
#307 = CARTESIAN_POINT('',(0.530152645486,1.6,2.183158362639));
#308 = CARTESIAN_POINT('',(0.273505913229,1.6,2.076721059974));
#309 = CARTESIAN_POINT('',(0.138850468481,1.6,2.050075247296));
#310 = CARTESIAN_POINT('',(-0.13882646207,1.6,2.049931523917));
#311 = CARTESIAN_POINT('',(-0.273505443317,1.6,2.076879472619));
#312 = CARTESIAN_POINT('',(-0.530104318593,1.6,2.182979071374));
#313 = CARTESIAN_POINT('',(-0.644090782344,1.6,2.259289702767));
#314 = CARTESIAN_POINT('',(-0.840799599349,1.6,2.455797167303));
#315 = CARTESIAN_POINT('',(-0.917195321208,1.6,2.570620788249));
#316 = CARTESIAN_POINT('',(-1.022964660754,1.6,2.825913984851));
#317 = CARTESIAN_POINT('',(-1.04960466376,1.6,2.959824856001));
#318 = CARTESIAN_POINT('',(-1.05,1.6,3.1));
#319 = ORIENTED_EDGE('',*,*,#320,.F.);
#320 = EDGE_CURVE('',#321,#298,#323,.T.);
#321 = VERTEX_POINT('',#322);
#322 = CARTESIAN_POINT('',(-1.050000000031,2.5,3.1));
#323 = LINE('',#324,#325);
#324 = CARTESIAN_POINT('',(-1.05,1.6,3.1));
#325 = VECTOR('',#326,1.);
#326 = DIRECTION('',(0.,-1.,0.));
#327 = ORIENTED_EDGE('',*,*,#328,.T.);
#328 = EDGE_CURVE('',#321,#288,#329,.T.);
#329 = CIRCLE('',#330,1.05);
#330 = AXIS2_PLACEMENT_3D('',#331,#332,#333);
#331 = CARTESIAN_POINT('',(8.881784197001E-16,2.5,3.1));
#332 = DIRECTION('',(0.,-1.,0.));
#333 = DIRECTION('',(1.,0.,2.22044604925E-16));
#334 = CYLINDRICAL_SURFACE('',#335,1.05);
#335 = AXIS2_PLACEMENT_3D('',#336,#337,#338);
#336 = CARTESIAN_POINT('',(8.881784197001E-16,1.6,3.1));
#337 = DIRECTION('',(0.,-1.,0.));
#338 = DIRECTION('',(1.,0.,2.22044604925E-16));
#339 = ADVANCED_FACE('',(#340),#374,.F.);
#340 = FACE_BOUND('',#341,.F.);
#341 = EDGE_LOOP('',(#342,#350,#351,#359));
#342 = ORIENTED_EDGE('',*,*,#343,.T.);
#343 = EDGE_CURVE('',#344,#288,#346,.T.);
#344 = VERTEX_POINT('',#345);
#345 = CARTESIAN_POINT('',(0.625000000011,2.600000000001,3.1));
#346 = LINE('',#347,#348);
#347 = CARTESIAN_POINT('',(1.049999999977,2.500000000013,3.1));
#348 = VECTOR('',#349,1.);
#349 = DIRECTION('',(0.973417168333,-0.229039333727,2.161420305698E-16)
  );
#350 = ORIENTED_EDGE('',*,*,#328,.F.);
#351 = ORIENTED_EDGE('',*,*,#352,.F.);
#352 = EDGE_CURVE('',#353,#321,#355,.T.);
#353 = VERTEX_POINT('',#354);
#354 = CARTESIAN_POINT('',(-0.625000000016,2.600000000001,3.1));
#355 = LINE('',#356,#357);
#356 = CARTESIAN_POINT('',(-1.049999999977,2.500000000013,3.1));
#357 = VECTOR('',#358,1.);
#358 = DIRECTION('',(-0.973417168333,-0.229039333727,-9.693280862635E-17
    ));
#359 = ORIENTED_EDGE('',*,*,#360,.T.);
#360 = EDGE_CURVE('',#353,#344,#361,.T.);
#361 = B_SPLINE_CURVE_WITH_KNOTS('',3,(#362,#363,#364,#365,#366,#367,
    #368,#369,#370,#371,#372,#373),.UNSPECIFIED.,.F.,.F.,(4,2,2,2,2,4),(
    0.,0.25,0.375,0.5,0.75,1.),.UNSPECIFIED.);
#362 = CARTESIAN_POINT('',(-0.625000000016,2.600000000001,3.1));
#363 = CARTESIAN_POINT('',(-0.624267176339,2.6,2.932330645463));
#364 = CARTESIAN_POINT('',(-0.559838653676,2.6,2.775697645272));
#365 = CARTESIAN_POINT('',(-0.382989508974,2.6,2.599239064359));
#366 = CARTESIAN_POINT('',(-0.316121566162,2.6,2.554378302845));
#367 = CARTESIAN_POINT('',(-0.162238301182,2.6,2.490793016934));
#368 = CARTESIAN_POINT('',(-8.32389327594E-02,2.6,2.474931721987));
#369 = CARTESIAN_POINT('',(0.166434284713,2.6,2.4751475004));
#370 = CARTESIAN_POINT('',(0.324374556497,2.6,2.540353365577));
#371 = CARTESIAN_POINT('',(0.559470591353,2.6,2.775729393384));
#372 = CARTESIAN_POINT('',(0.624260304111,2.6,2.933035873704));
#373 = CARTESIAN_POINT('',(0.625000000011,2.600000000001,3.1));
#374 = CONICAL_SURFACE('',#375,1.049999999977,1.339705659597);
#375 = AXIS2_PLACEMENT_3D('',#376,#377,#378);
#376 = CARTESIAN_POINT('',(8.881784197001E-16,2.500000000013,3.1));
#377 = DIRECTION('',(0.,-1.,0.));
#378 = DIRECTION('',(1.,0.,2.22044604925E-16));
#379 = ADVANCED_FACE('',(#380),#464,.F.);
#380 = FACE_BOUND('',#381,.F.);
#381 = EDGE_LOOP('',(#382,#392,#401,#409,#432,#440,#449,#457));
#382 = ORIENTED_EDGE('',*,*,#383,.T.);
#383 = EDGE_CURVE('',#384,#386,#388,.T.);
#384 = VERTEX_POINT('',#385);
#385 = CARTESIAN_POINT('',(5.16,11.6,7.8));
#386 = VERTEX_POINT('',#387);
#387 = CARTESIAN_POINT('',(5.16,11.6,6.2));
#388 = LINE('',#389,#390);
#389 = CARTESIAN_POINT('',(5.16,11.6,16.7));
#390 = VECTOR('',#391,1.);
#391 = DIRECTION('',(2.22044604925E-16,0.,-1.));
#392 = ORIENTED_EDGE('',*,*,#393,.T.);
#393 = EDGE_CURVE('',#386,#394,#396,.T.);
#394 = VERTEX_POINT('',#395);
#395 = CARTESIAN_POINT('',(5.126236820299,11.9,6.2));
#396 = B_SPLINE_CURVE_WITH_KNOTS('',3,(#397,#398,#399,#400),
  .UNSPECIFIED.,.F.,.F.,(4,4),(0.,1.),.PIECEWISE_BEZIER_KNOTS.);
#397 = CARTESIAN_POINT('',(5.16,11.6,6.2));
#398 = CARTESIAN_POINT('',(5.159989388876,11.701324057744,6.2));
#399 = CARTESIAN_POINT('',(5.148732383039,11.801324057744,6.2));
#400 = CARTESIAN_POINT('',(5.126236820299,11.9,6.2));
#401 = ORIENTED_EDGE('',*,*,#402,.T.);
#402 = EDGE_CURVE('',#394,#403,#405,.T.);
#403 = VERTEX_POINT('',#404);
#404 = CARTESIAN_POINT('',(5.126269300835,11.9,6.8));
#405 = LINE('',#406,#407);
#406 = CARTESIAN_POINT('',(5.126244658109,11.9,6.2));
#407 = VECTOR('',#408,1.);
#408 = DIRECTION('',(-2.22044604925E-16,0.,1.));
#409 = ORIENTED_EDGE('',*,*,#410,.T.);
#410 = EDGE_CURVE('',#403,#411,#413,.T.);
#411 = VERTEX_POINT('',#412);
#412 = CARTESIAN_POINT('',(2.493730698347,11.9,6.8));
#413 = B_SPLINE_CURVE_WITH_KNOTS('',3,(#414,#415,#416,#417,#418,#419,
    #420,#421,#422,#423,#424,#425,#426,#427,#428,#429,#430,#431),
  .UNSPECIFIED.,.F.,.F.,(4,2,2,2,2,2,2,2,4),(0.,0.125,0.25,0.375,0.5,
    0.625,0.75,0.875,1.),.UNSPECIFIED.);
#414 = CARTESIAN_POINT('',(5.126269300835,11.9,6.8));
#415 = CARTESIAN_POINT('',(5.09157239221,12.050251550523,6.8));
#416 = CARTESIAN_POINT('',(5.035019845508,12.187747258966,6.8));
#417 = CARTESIAN_POINT('',(4.871616845589,12.447787413311,6.8));
#418 = CARTESIAN_POINT('',(4.771825646931,12.559761569003,6.8));
#419 = CARTESIAN_POINT('',(4.531920433082,12.750919539637,6.8));
#420 = CARTESIAN_POINT('',(4.400709907515,12.823607902283,6.8));
#421 = CARTESIAN_POINT('',(4.111228457032,12.924791866761,6.8));
#422 = CARTESIAN_POINT('',(3.96329436155,12.950057444367,6.8));
#423 = CARTESIAN_POINT('',(3.656705774817,12.949934046066,6.8));
#424 = CARTESIAN_POINT('',(3.508655105714,12.924881032804,6.8));
#425 = CARTESIAN_POINT('',(3.219406771102,12.823518818032,6.8));
#426 = CARTESIAN_POINT('',(3.087874628207,12.750913555579,6.8));
#427 = CARTESIAN_POINT('',(2.848379459199,12.55976769119,6.8));
#428 = CARTESIAN_POINT('',(2.747360097432,12.44638626263,6.8));
#429 = CARTESIAN_POINT('',(2.586003252674,12.189148453074,6.8));
#430 = CARTESIAN_POINT('',(2.52834471259,12.049892667124,6.8));
#431 = CARTESIAN_POINT('',(2.493730698347,11.9,6.8));
#432 = ORIENTED_EDGE('',*,*,#433,.T.);
#433 = EDGE_CURVE('',#411,#434,#436,.T.);
#434 = VERTEX_POINT('',#435);
#435 = CARTESIAN_POINT('',(2.493767091949,11.9,6.2));
#436 = LINE('',#437,#438);
#437 = CARTESIAN_POINT('',(2.493755341891,11.9,6.2));
#438 = VECTOR('',#439,1.);
#439 = DIRECTION('',(2.22044604925E-16,0.,-1.));
#440 = ORIENTED_EDGE('',*,*,#441,.T.);
#441 = EDGE_CURVE('',#434,#442,#444,.T.);
#442 = VERTEX_POINT('',#443);
#443 = CARTESIAN_POINT('',(2.460008330677,11.6,6.2));
#444 = B_SPLINE_CURVE_WITH_KNOTS('',3,(#445,#446,#447,#448),
  .UNSPECIFIED.,.F.,.F.,(4,4),(0.,1.),.PIECEWISE_BEZIER_KNOTS.);
#445 = CARTESIAN_POINT('',(2.493767091949,11.9,6.2));
#446 = CARTESIAN_POINT('',(2.471288698637,11.801264653248,6.2));
#447 = CARTESIAN_POINT('',(2.460034638419,11.701264653248,6.2));
#448 = CARTESIAN_POINT('',(2.460008330677,11.6,6.2));
#449 = ORIENTED_EDGE('',*,*,#450,.F.);
#450 = EDGE_CURVE('',#451,#442,#453,.T.);
#451 = VERTEX_POINT('',#452);
#452 = CARTESIAN_POINT('',(2.46,11.6,7.8));
#453 = LINE('',#454,#455);
#454 = CARTESIAN_POINT('',(2.46,11.6,16.7));
#455 = VECTOR('',#456,1.);
#456 = DIRECTION('',(2.22044604925E-16,0.,-1.));
#457 = ORIENTED_EDGE('',*,*,#458,.T.);
#458 = EDGE_CURVE('',#451,#384,#459,.T.);
#459 = CIRCLE('',#460,1.35);
#460 = AXIS2_PLACEMENT_3D('',#461,#462,#463);
#461 = CARTESIAN_POINT('',(3.81,11.6,7.8));
#462 = DIRECTION('',(2.22044604925E-16,0.,-1.));
#463 = DIRECTION('',(1.,0.,2.22044604925E-16));
#464 = CYLINDRICAL_SURFACE('',#465,1.35);
#465 = AXIS2_PLACEMENT_3D('',#466,#467,#468);
#466 = CARTESIAN_POINT('',(3.81,11.6,16.7));
#467 = DIRECTION('',(2.22044604925E-16,0.,-1.));
#468 = DIRECTION('',(1.,0.,2.22044604925E-16));
#469 = ADVANCED_FACE('',(#470),#520,.F.);
#470 = FACE_BOUND('',#471,.F.);
#471 = EDGE_LOOP('',(#472,#482,#505,#513));
#472 = ORIENTED_EDGE('',*,*,#473,.T.);
#473 = EDGE_CURVE('',#474,#476,#478,.T.);
#474 = VERTEX_POINT('',#475);
#475 = CARTESIAN_POINT('',(4.859999999979,2.5,3.1));
#476 = VERTEX_POINT('',#477);
#477 = CARTESIAN_POINT('',(4.86,1.6,3.1));
#478 = LINE('',#479,#480);
#479 = CARTESIAN_POINT('',(4.86,1.6,3.1));
#480 = VECTOR('',#481,1.);
#481 = DIRECTION('',(0.,-1.,0.));
#482 = ORIENTED_EDGE('',*,*,#483,.T.);
#483 = EDGE_CURVE('',#476,#484,#486,.T.);
#484 = VERTEX_POINT('',#485);
#485 = CARTESIAN_POINT('',(2.76,1.6,3.1));
#486 = B_SPLINE_CURVE_WITH_KNOTS('',3,(#487,#488,#489,#490,#491,#492,
    #493,#494,#495,#496,#497,#498,#499,#500,#501,#502,#503,#504),
  .UNSPECIFIED.,.F.,.F.,(4,2,2,2,2,2,2,2,4),(0.,0.125,0.25,0.375,0.5,
    0.625,0.75,0.875,1.),.UNSPECIFIED.);
#487 = CARTESIAN_POINT('',(4.86,1.6,3.1));
#488 = CARTESIAN_POINT('',(4.859611024965,1.6,2.960211704659));
#489 = CARTESIAN_POINT('',(4.83307196291,1.6,2.82654370584));
#490 = CARTESIAN_POINT('',(4.727094319121,1.6,2.569997430235));
#491 = CARTESIAN_POINT('',(4.650635418994,1.6,2.45584105372));
#492 = CARTESIAN_POINT('',(4.454288580358,1.6,2.259276828702));
#493 = CARTESIAN_POINT('',(4.340152645485,1.6,2.183158362639));
#494 = CARTESIAN_POINT('',(4.08350591323,1.6,2.076721059974));
#495 = CARTESIAN_POINT('',(3.948850468481,1.6,2.050075247296));
#496 = CARTESIAN_POINT('',(3.67117353793,1.6,2.049931523917));
#497 = CARTESIAN_POINT('',(3.536494556684,1.6,2.076879472619));
#498 = CARTESIAN_POINT('',(3.279895681407,1.6,2.182979071374));
#499 = CARTESIAN_POINT('',(3.165909217656,1.6,2.259289702767));
#500 = CARTESIAN_POINT('',(2.969200400651,1.6,2.455797167303));
#501 = CARTESIAN_POINT('',(2.892804678792,1.6,2.57062078825));
#502 = CARTESIAN_POINT('',(2.787035339246,1.6,2.825913984851));
#503 = CARTESIAN_POINT('',(2.76039533624,1.6,2.959824856001));
#504 = CARTESIAN_POINT('',(2.76,1.6,3.1));
#505 = ORIENTED_EDGE('',*,*,#506,.F.);
#506 = EDGE_CURVE('',#507,#484,#509,.T.);
#507 = VERTEX_POINT('',#508);
#508 = CARTESIAN_POINT('',(2.760000000021,2.5,3.1));
#509 = LINE('',#510,#511);
#510 = CARTESIAN_POINT('',(2.76,1.6,3.1));
#511 = VECTOR('',#512,1.);
#512 = DIRECTION('',(0.,-1.,0.));
#513 = ORIENTED_EDGE('',*,*,#514,.T.);
#514 = EDGE_CURVE('',#507,#474,#515,.T.);
#515 = CIRCLE('',#516,1.05);
#516 = AXIS2_PLACEMENT_3D('',#517,#518,#519);
#517 = CARTESIAN_POINT('',(3.81,2.5,3.1));
#518 = DIRECTION('',(0.,-1.,0.));
#519 = DIRECTION('',(1.,0.,2.22044604925E-16));
#520 = CYLINDRICAL_SURFACE('',#521,1.05);
#521 = AXIS2_PLACEMENT_3D('',#522,#523,#524);
#522 = CARTESIAN_POINT('',(3.81,1.6,3.1));
#523 = DIRECTION('',(0.,-1.,0.));
#524 = DIRECTION('',(1.,0.,2.22044604925E-16));
#525 = ADVANCED_FACE('',(#526),#560,.F.);
#526 = FACE_BOUND('',#527,.F.);
#527 = EDGE_LOOP('',(#528,#536,#537,#545));
#528 = ORIENTED_EDGE('',*,*,#529,.T.);
#529 = EDGE_CURVE('',#530,#474,#532,.T.);
#530 = VERTEX_POINT('',#531);
#531 = CARTESIAN_POINT('',(4.434999999991,2.600000000001,3.1));
#532 = LINE('',#533,#534);
#533 = CARTESIAN_POINT('',(4.860000000046,2.499999999984,3.1));
#534 = VECTOR('',#535,1.);
#535 = DIRECTION('',(0.973417168332,-0.229039333731,2.161420305696E-16)
  );
#536 = ORIENTED_EDGE('',*,*,#514,.F.);
#537 = ORIENTED_EDGE('',*,*,#538,.F.);
#538 = EDGE_CURVE('',#539,#507,#541,.T.);
#539 = VERTEX_POINT('',#540);
#540 = CARTESIAN_POINT('',(3.185000000011,2.600000000001,3.1));
#541 = LINE('',#542,#543);
#542 = CARTESIAN_POINT('',(2.759999999954,2.499999999984,3.1));
#543 = VECTOR('',#544,1.);
#544 = DIRECTION('',(-0.973417168332,-0.229039333731,-9.693280862626E-17
    ));
#545 = ORIENTED_EDGE('',*,*,#546,.T.);
#546 = EDGE_CURVE('',#539,#530,#547,.T.);
#547 = B_SPLINE_CURVE_WITH_KNOTS('',3,(#548,#549,#550,#551,#552,#553,
    #554,#555,#556,#557,#558,#559),.UNSPECIFIED.,.F.,.F.,(4,2,2,2,2,4),(
    0.,0.25,0.375,0.5,0.75,1.),.UNSPECIFIED.);
#548 = CARTESIAN_POINT('',(3.185000000011,2.600000000001,3.1));
#549 = CARTESIAN_POINT('',(3.185732823661,2.6,2.932330645464));
#550 = CARTESIAN_POINT('',(3.250161346322,2.6,2.775697645273));
#551 = CARTESIAN_POINT('',(3.427010491027,2.6,2.599239064358));
#552 = CARTESIAN_POINT('',(3.493878433838,2.6,2.554378302845));
#553 = CARTESIAN_POINT('',(3.647761698817,2.6,2.490793016934));
#554 = CARTESIAN_POINT('',(3.726761067241,2.6,2.474931721987));
#555 = CARTESIAN_POINT('',(3.976434284712,2.6,2.4751475004));
#556 = CARTESIAN_POINT('',(4.134374556496,2.6,2.540353365576));
#557 = CARTESIAN_POINT('',(4.369470591354,2.6,2.775729393385));
#558 = CARTESIAN_POINT('',(4.434260304111,2.6,2.933035873705));
#559 = CARTESIAN_POINT('',(4.434999999991,2.600000000001,3.1));
#560 = CONICAL_SURFACE('',#561,1.050000000046,1.339705659593);
#561 = AXIS2_PLACEMENT_3D('',#562,#563,#564);
#562 = CARTESIAN_POINT('',(3.81,2.499999999984,3.1));
#563 = DIRECTION('',(0.,-1.,0.));
#564 = DIRECTION('',(1.,0.,2.22044604925E-16));
#565 = ADVANCED_FACE('',(#566),#584,.F.);
#566 = FACE_BOUND('',#567,.T.);
#567 = EDGE_LOOP('',(#568,#583));
#568 = ORIENTED_EDGE('',*,*,#569,.T.);
#569 = EDGE_CURVE('',#530,#539,#570,.T.);
#570 = B_SPLINE_CURVE_WITH_KNOTS('',3,(#571,#572,#573,#574,#575,#576,
    #577,#578,#579,#580,#581,#582),.UNSPECIFIED.,.F.,.F.,(4,2,2,2,2,4),(
    0.,0.25,0.375,0.5,0.75,1.),.UNSPECIFIED.);
#571 = CARTESIAN_POINT('',(4.434999999991,2.600000000001,3.1));
#572 = CARTESIAN_POINT('',(4.434267176339,2.6,3.267669354537));
#573 = CARTESIAN_POINT('',(4.369838653676,2.6,3.424302354729));
#574 = CARTESIAN_POINT('',(4.192989508974,2.6,3.600760935641));
#575 = CARTESIAN_POINT('',(4.126121566162,2.6,3.645621697155));
#576 = CARTESIAN_POINT('',(3.972238301183,2.6,3.709206983066));
#577 = CARTESIAN_POINT('',(3.893238932759,2.6,3.725068278013));
#578 = CARTESIAN_POINT('',(3.643565715288,2.6,3.7248524996));
#579 = CARTESIAN_POINT('',(3.485625443503,2.6,3.659646634423));
#580 = CARTESIAN_POINT('',(3.250529408647,2.6,3.424270606616));
#581 = CARTESIAN_POINT('',(3.185739695889,2.6,3.266964126296));
#582 = CARTESIAN_POINT('',(3.185000000011,2.600000000001,3.1));
#583 = ORIENTED_EDGE('',*,*,#546,.T.);
#584 = PLANE('',#585);
#585 = AXIS2_PLACEMENT_3D('',#586,#587,#588);
#586 = CARTESIAN_POINT('',(3.81,2.6,3.1));
#587 = DIRECTION('',(0.,1.,0.));
#588 = DIRECTION('',(-1.,0.,-2.22044604925E-16));
#589 = ADVANCED_FACE('',(#590),#602,.F.);
#590 = FACE_BOUND('',#591,.F.);
#591 = EDGE_LOOP('',(#592,#599,#600,#601));
#592 = ORIENTED_EDGE('',*,*,#593,.F.);
#593 = EDGE_CURVE('',#474,#507,#594,.T.);
#594 = CIRCLE('',#595,1.05);
#595 = AXIS2_PLACEMENT_3D('',#596,#597,#598);
#596 = CARTESIAN_POINT('',(3.81,2.5,3.1));
#597 = DIRECTION('',(0.,-1.,0.));
#598 = DIRECTION('',(1.,0.,2.22044604925E-16));
#599 = ORIENTED_EDGE('',*,*,#529,.F.);
#600 = ORIENTED_EDGE('',*,*,#569,.T.);
#601 = ORIENTED_EDGE('',*,*,#538,.T.);
#602 = CONICAL_SURFACE('',#603,1.050000000046,1.339705659593);
#603 = AXIS2_PLACEMENT_3D('',#604,#605,#606);
#604 = CARTESIAN_POINT('',(3.81,2.499999999984,3.1));
#605 = DIRECTION('',(0.,-1.,0.));
#606 = DIRECTION('',(1.,0.,2.22044604925E-16));
#607 = ADVANCED_FACE('',(#608),#634,.F.);
#608 = FACE_BOUND('',#609,.F.);
#609 = EDGE_LOOP('',(#610,#631,#632,#633));
#610 = ORIENTED_EDGE('',*,*,#611,.T.);
#611 = EDGE_CURVE('',#484,#476,#612,.T.);
#612 = B_SPLINE_CURVE_WITH_KNOTS('',3,(#613,#614,#615,#616,#617,#618,
    #619,#620,#621,#622,#623,#624,#625,#626,#627,#628,#629,#630),
  .UNSPECIFIED.,.F.,.F.,(4,2,2,2,2,2,2,2,4),(0.,0.125,0.25,0.375,0.5,
    0.625,0.75,0.875,1.),.UNSPECIFIED.);
#613 = CARTESIAN_POINT('',(2.76,1.6,3.1));
#614 = CARTESIAN_POINT('',(2.760388975035,1.6,3.239788295342));
#615 = CARTESIAN_POINT('',(2.786928037089,1.6,3.373456294159));
#616 = CARTESIAN_POINT('',(2.89290568088,1.6,3.630002569766));
#617 = CARTESIAN_POINT('',(2.969364581006,1.6,3.74415894628));
#618 = CARTESIAN_POINT('',(3.165711419642,1.6,3.940723171298));
#619 = CARTESIAN_POINT('',(3.279847354514,1.6,4.016841637361));
#620 = CARTESIAN_POINT('',(3.536494086771,1.6,4.123278940026));
#621 = CARTESIAN_POINT('',(3.671149531518,1.6,4.149924752704));
#622 = CARTESIAN_POINT('',(3.948826462071,1.6,4.150068476083));
#623 = CARTESIAN_POINT('',(4.083505443317,1.6,4.123120527381));
#624 = CARTESIAN_POINT('',(4.340104318592,1.6,4.017020928626));
#625 = CARTESIAN_POINT('',(4.454090782345,1.6,3.940710297231));
#626 = CARTESIAN_POINT('',(4.650799599348,1.6,3.744202832698));
#627 = CARTESIAN_POINT('',(4.727195321208,1.6,3.62937921175));
#628 = CARTESIAN_POINT('',(4.832964660754,1.6,3.37408601515));
#629 = CARTESIAN_POINT('',(4.85960466376,1.6,3.240175144));
#630 = CARTESIAN_POINT('',(4.86,1.6,3.1));
#631 = ORIENTED_EDGE('',*,*,#473,.F.);
#632 = ORIENTED_EDGE('',*,*,#593,.T.);
#633 = ORIENTED_EDGE('',*,*,#506,.T.);
#634 = CYLINDRICAL_SURFACE('',#635,1.05);
#635 = AXIS2_PLACEMENT_3D('',#636,#637,#638);
#636 = CARTESIAN_POINT('',(3.81,1.6,3.1));
#637 = DIRECTION('',(0.,-1.,0.));
#638 = DIRECTION('',(1.,0.,2.22044604925E-16));
#639 = ADVANCED_FACE('',(#640),#674,.F.);
#640 = FACE_BOUND('',#641,.T.);
#641 = EDGE_LOOP('',(#642,#652,#660,#668));
#642 = ORIENTED_EDGE('',*,*,#643,.T.);
#643 = EDGE_CURVE('',#644,#646,#648,.T.);
#644 = VERTEX_POINT('',#645);
#645 = CARTESIAN_POINT('',(5.59,5.1,4.));
#646 = VERTEX_POINT('',#647);
#647 = CARTESIAN_POINT('',(5.59,4.9,4.));
#648 = LINE('',#649,#650);
#649 = CARTESIAN_POINT('',(5.59,5.4,4.));
#650 = VECTOR('',#651,1.);
#651 = DIRECTION('',(0.,-1.,0.));
#652 = ORIENTED_EDGE('',*,*,#653,.T.);
#653 = EDGE_CURVE('',#646,#654,#656,.T.);
#654 = VERTEX_POINT('',#655);
#655 = CARTESIAN_POINT('',(5.59,4.9,3.1));
#656 = LINE('',#657,#658);
#657 = CARTESIAN_POINT('',(5.59,4.9,4.));
#658 = VECTOR('',#659,1.);
#659 = DIRECTION('',(2.22044604925E-16,0.,-1.));
#660 = ORIENTED_EDGE('',*,*,#661,.F.);
#661 = EDGE_CURVE('',#662,#654,#664,.T.);
#662 = VERTEX_POINT('',#663);
#663 = CARTESIAN_POINT('',(5.59,5.1,3.1));
#664 = LINE('',#665,#666);
#665 = CARTESIAN_POINT('',(5.59,5.4,3.1));
#666 = VECTOR('',#667,1.);
#667 = DIRECTION('',(0.,-1.,0.));
#668 = ORIENTED_EDGE('',*,*,#669,.T.);
#669 = EDGE_CURVE('',#662,#644,#670,.T.);
#670 = LINE('',#671,#672);
#671 = CARTESIAN_POINT('',(5.59,5.1,4.));
#672 = VECTOR('',#673,1.);
#673 = DIRECTION('',(-2.22044604925E-16,0.,1.));
#674 = PLANE('',#675);
#675 = AXIS2_PLACEMENT_3D('',#676,#677,#678);
#676 = CARTESIAN_POINT('',(5.59,4.9,4.));
#677 = DIRECTION('',(-1.,0.,-2.22044604925E-16));
#678 = DIRECTION('',(2.22044604925E-16,-0.,-1.));
#679 = ADVANCED_FACE('',(#680),#716,.F.);
#680 = FACE_BOUND('',#681,.F.);
#681 = EDGE_LOOP('',(#682,#692,#701,#709));
#682 = ORIENTED_EDGE('',*,*,#683,.T.);
#683 = EDGE_CURVE('',#684,#686,#688,.T.);
#684 = VERTEX_POINT('',#685);
#685 = CARTESIAN_POINT('',(4.135,1.9,5.46247578265));
#686 = VERTEX_POINT('',#687);
#687 = CARTESIAN_POINT('',(4.135,3.9,5.46247578265));
#688 = LINE('',#689,#690);
#689 = CARTESIAN_POINT('',(4.135,3.9,5.46247578265));
#690 = VECTOR('',#691,1.);
#691 = DIRECTION('',(5.676425099247E-31,1.,-2.556434596176E-15));
#692 = ORIENTED_EDGE('',*,*,#693,.T.);
#693 = EDGE_CURVE('',#686,#694,#696,.T.);
#694 = VERTEX_POINT('',#695);
#695 = CARTESIAN_POINT('',(4.06,3.9,5.30635083269));
#696 = B_SPLINE_CURVE_WITH_KNOTS('',3,(#697,#698,#699,#700),
  .UNSPECIFIED.,.F.,.F.,(4,4),(0.,1.),.PIECEWISE_BEZIER_KNOTS.);
#697 = CARTESIAN_POINT('',(4.135,3.9,5.46247578265));
#698 = CARTESIAN_POINT('',(4.085408290566,3.9,5.422247607755));
#699 = CARTESIAN_POINT('',(4.060408290566,3.9,5.370205957768));
#700 = CARTESIAN_POINT('',(4.06,3.9,5.30635083269));
#701 = ORIENTED_EDGE('',*,*,#702,.T.);
#702 = EDGE_CURVE('',#694,#703,#705,.T.);
#703 = VERTEX_POINT('',#704);
#704 = CARTESIAN_POINT('',(4.06,1.9,5.30635083269));
#705 = LINE('',#706,#707);
#706 = CARTESIAN_POINT('',(4.06,3.9,5.30635083269));
#707 = VECTOR('',#708,1.);
#708 = DIRECTION('',(0.,-1.,0.));
#709 = ORIENTED_EDGE('',*,*,#710,.T.);
#710 = EDGE_CURVE('',#703,#684,#711,.T.);
#711 = B_SPLINE_CURVE_WITH_KNOTS('',3,(#712,#713,#714,#715),
  .UNSPECIFIED.,.F.,.F.,(4,4),(0.,1.),.PIECEWISE_BEZIER_KNOTS.);
#712 = CARTESIAN_POINT('',(4.06,1.9,5.30635083269));
#713 = CARTESIAN_POINT('',(4.060408290566,1.9,5.370205957768));
#714 = CARTESIAN_POINT('',(4.085408290566,1.9,5.422247607755));
#715 = CARTESIAN_POINT('',(4.135,1.9,5.46247578265));
#716 = CYLINDRICAL_SURFACE('',#717,0.2);
#717 = AXIS2_PLACEMENT_3D('',#718,#719,#720);
#718 = CARTESIAN_POINT('',(4.26,3.9,5.30635083269));
#719 = DIRECTION('',(-5.676425099247E-31,-1.,2.556434596176E-15));
#720 = DIRECTION('',(2.22044604925E-16,-2.556434596176E-15,-1.));
#721 = ADVANCED_FACE('',(#722),#749,.T.);
#722 = FACE_BOUND('',#723,.T.);
#723 = EDGE_LOOP('',(#724,#725,#734,#742));
#724 = ORIENTED_EDGE('',*,*,#683,.T.);
#725 = ORIENTED_EDGE('',*,*,#726,.T.);
#726 = EDGE_CURVE('',#686,#727,#729,.T.);
#727 = VERTEX_POINT('',#728);
#728 = CARTESIAN_POINT('',(4.21,3.9,5.61860073261));
#729 = B_SPLINE_CURVE_WITH_KNOTS('',3,(#730,#731,#732,#733),
  .UNSPECIFIED.,.F.,.F.,(4,4),(0.,1.),.PIECEWISE_BEZIER_KNOTS.);
#730 = CARTESIAN_POINT('',(4.135,3.9,5.46247578265));
#731 = CARTESIAN_POINT('',(4.181611873707,3.9,5.49979514906));
#732 = CARTESIAN_POINT('',(4.21,3.9,5.558889746352));
#733 = CARTESIAN_POINT('',(4.21,3.9,5.61860073261));
#734 = ORIENTED_EDGE('',*,*,#735,.T.);
#735 = EDGE_CURVE('',#727,#736,#738,.T.);
#736 = VERTEX_POINT('',#737);
#737 = CARTESIAN_POINT('',(4.21,1.9,5.61860073261));
#738 = LINE('',#739,#740);
#739 = CARTESIAN_POINT('',(4.21,3.9,5.61860073261));
#740 = VECTOR('',#741,1.);
#741 = DIRECTION('',(-5.676425099247E-31,-1.,2.556434596176E-15));
#742 = ORIENTED_EDGE('',*,*,#743,.T.);
#743 = EDGE_CURVE('',#736,#684,#744,.T.);
#744 = B_SPLINE_CURVE_WITH_KNOTS('',3,(#745,#746,#747,#748),
  .UNSPECIFIED.,.F.,.F.,(4,4),(0.,1.),.PIECEWISE_BEZIER_KNOTS.);
#745 = CARTESIAN_POINT('',(4.21,1.9,5.61860073261));
#746 = CARTESIAN_POINT('',(4.21,1.9,5.558889746352));
#747 = CARTESIAN_POINT('',(4.181611873707,1.9,5.49979514906));
#748 = CARTESIAN_POINT('',(4.135,1.9,5.46247578265));
#749 = CYLINDRICAL_SURFACE('',#750,0.2);
#750 = AXIS2_PLACEMENT_3D('',#751,#752,#753);
#751 = CARTESIAN_POINT('',(4.01,3.9,5.61860073261));
#752 = DIRECTION('',(-5.676425099247E-31,-1.,2.556434596176E-15));
#753 = DIRECTION('',(2.22044604925E-16,-2.556434596176E-15,-1.));
#754 = ADVANCED_FACE('',(#755),#780,.T.);
#755 = FACE_BOUND('',#756,.T.);
#756 = EDGE_LOOP('',(#757,#767,#773,#774));
#757 = ORIENTED_EDGE('',*,*,#758,.T.);
#758 = EDGE_CURVE('',#759,#761,#763,.T.);
#759 = VERTEX_POINT('',#760);
#760 = CARTESIAN_POINT('',(4.21,3.9,6.05));
#761 = VERTEX_POINT('',#762);
#762 = CARTESIAN_POINT('',(4.21,1.9,6.05));
#763 = LINE('',#764,#765);
#764 = CARTESIAN_POINT('',(4.21,3.9,6.05));
#765 = VECTOR('',#766,1.);
#766 = DIRECTION('',(0.,-1.,0.));
#767 = ORIENTED_EDGE('',*,*,#768,.T.);
#768 = EDGE_CURVE('',#761,#736,#769,.T.);
#769 = LINE('',#770,#771);
#770 = CARTESIAN_POINT('',(4.21,1.9,5.5));
#771 = VECTOR('',#772,1.);
#772 = DIRECTION('',(2.22044604925E-16,0.,-1.));
#773 = ORIENTED_EDGE('',*,*,#735,.F.);
#774 = ORIENTED_EDGE('',*,*,#775,.T.);
#775 = EDGE_CURVE('',#727,#759,#776,.T.);
#776 = LINE('',#777,#778);
#777 = CARTESIAN_POINT('',(4.21,3.9,5.5));
#778 = VECTOR('',#779,1.);
#779 = DIRECTION('',(-2.22044604925E-16,0.,1.));
#780 = PLANE('',#781);
#781 = AXIS2_PLACEMENT_3D('',#782,#783,#784);
#782 = CARTESIAN_POINT('',(4.21,3.9,5.5));
#783 = DIRECTION('',(1.,0.,2.22044604925E-16));
#784 = DIRECTION('',(-2.22044604925E-16,0.,1.));
#785 = ADVANCED_FACE('',(#786),#817,.T.);
#786 = FACE_BOUND('',#787,.T.);
#787 = EDGE_LOOP('',(#788,#789,#800,#808));
#788 = ORIENTED_EDGE('',*,*,#758,.F.);
#789 = ORIENTED_EDGE('',*,*,#790,.T.);
#790 = EDGE_CURVE('',#759,#791,#793,.T.);
#791 = VERTEX_POINT('',#792);
#792 = CARTESIAN_POINT('',(4.01,3.9,6.25));
#793 = B_SPLINE_CURVE_WITH_KNOTS('',3,(#794,#795,#796,#797,#798,#799),
  .UNSPECIFIED.,.F.,.F.,(4,2,4),(0.,0.5,1.),.UNSPECIFIED.);
#794 = CARTESIAN_POINT('',(4.21,3.9,6.05));
#795 = CARTESIAN_POINT('',(4.21,3.9,6.10235987756));
#796 = CARTESIAN_POINT('',(4.188445380722,3.9,6.154397331753));
#797 = CARTESIAN_POINT('',(4.114397331753,3.9,6.228445380722));
#798 = CARTESIAN_POINT('',(4.06235987756,3.9,6.25));
#799 = CARTESIAN_POINT('',(4.01,3.9,6.25));
#800 = ORIENTED_EDGE('',*,*,#801,.T.);
#801 = EDGE_CURVE('',#791,#802,#804,.T.);
#802 = VERTEX_POINT('',#803);
#803 = CARTESIAN_POINT('',(4.01,1.9,6.25));
#804 = LINE('',#805,#806);
#805 = CARTESIAN_POINT('',(4.01,3.9,6.25));
#806 = VECTOR('',#807,1.);
#807 = DIRECTION('',(-5.676425099247E-31,-1.,2.556434596176E-15));
#808 = ORIENTED_EDGE('',*,*,#809,.T.);
#809 = EDGE_CURVE('',#802,#761,#810,.T.);
#810 = B_SPLINE_CURVE_WITH_KNOTS('',3,(#811,#812,#813,#814,#815,#816),
  .UNSPECIFIED.,.F.,.F.,(4,2,4),(0.,0.5,1.),.UNSPECIFIED.);
#811 = CARTESIAN_POINT('',(4.01,1.9,6.25));
#812 = CARTESIAN_POINT('',(4.06235987756,1.9,6.25));
#813 = CARTESIAN_POINT('',(4.114397331753,1.9,6.228445380722));
#814 = CARTESIAN_POINT('',(4.188445380722,1.9,6.154397331753));
#815 = CARTESIAN_POINT('',(4.21,1.9,6.10235987756));
#816 = CARTESIAN_POINT('',(4.21,1.9,6.05));
#817 = CYLINDRICAL_SURFACE('',#818,0.2);
#818 = AXIS2_PLACEMENT_3D('',#819,#820,#821);
#819 = CARTESIAN_POINT('',(4.01,3.9,6.05));
#820 = DIRECTION('',(-5.676425099247E-31,-1.,2.556434596176E-15));
#821 = DIRECTION('',(2.22044604925E-16,-2.556434596176E-15,-1.));
#822 = ADVANCED_FACE('',(#823),#848,.T.);
#823 = FACE_BOUND('',#824,.T.);
#824 = EDGE_LOOP('',(#825,#826,#834,#842));
#825 = ORIENTED_EDGE('',*,*,#801,.F.);
#826 = ORIENTED_EDGE('',*,*,#827,.T.);
#827 = EDGE_CURVE('',#791,#828,#830,.T.);
#828 = VERTEX_POINT('',#829);
#829 = CARTESIAN_POINT('',(3.61,3.9,6.25));
#830 = LINE('',#831,#832);
#831 = CARTESIAN_POINT('',(4.21,3.9,6.25));
#832 = VECTOR('',#833,1.);
#833 = DIRECTION('',(-1.,5.543383885983E-30,1.946359740046E-15));
#834 = ORIENTED_EDGE('',*,*,#835,.F.);
#835 = EDGE_CURVE('',#836,#828,#838,.T.);
#836 = VERTEX_POINT('',#837);
#837 = CARTESIAN_POINT('',(3.61,1.9,6.25));
#838 = LINE('',#839,#840);
#839 = CARTESIAN_POINT('',(3.61,3.9,6.25));
#840 = VECTOR('',#841,1.);
#841 = DIRECTION('',(5.676425099247E-31,1.,-2.556434596176E-15));
#842 = ORIENTED_EDGE('',*,*,#843,.T.);
#843 = EDGE_CURVE('',#836,#802,#844,.T.);
#844 = LINE('',#845,#846);
#845 = CARTESIAN_POINT('',(4.21,1.9,6.25));
#846 = VECTOR('',#847,1.);
#847 = DIRECTION('',(1.,-5.543383885983E-30,-1.946359740046E-15));
#848 = PLANE('',#849);
#849 = AXIS2_PLACEMENT_3D('',#850,#851,#852);
#850 = CARTESIAN_POINT('',(4.21,3.9,6.25));
#851 = DIRECTION('',(1.946359740046E-15,2.556434596176E-15,1.));
#852 = DIRECTION('',(-5.676425099247E-31,-1.,2.556434596176E-15));
#853 = ADVANCED_FACE('',(#854),#885,.T.);
#854 = FACE_BOUND('',#855,.T.);
#855 = EDGE_LOOP('',(#856,#857,#868,#876));
#856 = ORIENTED_EDGE('',*,*,#835,.T.);
#857 = ORIENTED_EDGE('',*,*,#858,.T.);
#858 = EDGE_CURVE('',#828,#859,#861,.T.);
#859 = VERTEX_POINT('',#860);
#860 = CARTESIAN_POINT('',(3.41,3.9,6.05));
#861 = B_SPLINE_CURVE_WITH_KNOTS('',3,(#862,#863,#864,#865,#866,#867),
  .UNSPECIFIED.,.F.,.F.,(4,2,4),(0.,0.5,1.),.UNSPECIFIED.);
#862 = CARTESIAN_POINT('',(3.61,3.9,6.25));
#863 = CARTESIAN_POINT('',(3.55764012244,3.9,6.25));
#864 = CARTESIAN_POINT('',(3.505602668247,3.9,6.228445380722));
#865 = CARTESIAN_POINT('',(3.431554619278,3.9,6.154397331753));
#866 = CARTESIAN_POINT('',(3.41,3.9,6.10235987756));
#867 = CARTESIAN_POINT('',(3.41,3.9,6.05));
#868 = ORIENTED_EDGE('',*,*,#869,.F.);
#869 = EDGE_CURVE('',#870,#859,#872,.T.);
#870 = VERTEX_POINT('',#871);
#871 = CARTESIAN_POINT('',(3.41,1.9,6.05));
#872 = LINE('',#873,#874);
#873 = CARTESIAN_POINT('',(3.41,3.9,6.05));
#874 = VECTOR('',#875,1.);
#875 = DIRECTION('',(0.,1.,0.));
#876 = ORIENTED_EDGE('',*,*,#877,.T.);
#877 = EDGE_CURVE('',#870,#836,#878,.T.);
#878 = B_SPLINE_CURVE_WITH_KNOTS('',3,(#879,#880,#881,#882,#883,#884),
  .UNSPECIFIED.,.F.,.F.,(4,2,4),(0.,0.5,1.),.UNSPECIFIED.);
#879 = CARTESIAN_POINT('',(3.41,1.9,6.05));
#880 = CARTESIAN_POINT('',(3.41,1.9,6.10235987756));
#881 = CARTESIAN_POINT('',(3.431554619278,1.9,6.154397331753));
#882 = CARTESIAN_POINT('',(3.505602668247,1.9,6.228445380722));
#883 = CARTESIAN_POINT('',(3.55764012244,1.9,6.25));
#884 = CARTESIAN_POINT('',(3.61,1.9,6.25));
#885 = CYLINDRICAL_SURFACE('',#886,0.2);
#886 = AXIS2_PLACEMENT_3D('',#887,#888,#889);
#887 = CARTESIAN_POINT('',(3.61,3.9,6.05));
#888 = DIRECTION('',(-5.676425099247E-31,-1.,2.556434596176E-15));
#889 = DIRECTION('',(2.22044604925E-16,-2.556434596176E-15,-1.));
#890 = ADVANCED_FACE('',(#891),#916,.T.);
#891 = FACE_BOUND('',#892,.T.);
#892 = EDGE_LOOP('',(#893,#894,#902,#910));
#893 = ORIENTED_EDGE('',*,*,#869,.T.);
#894 = ORIENTED_EDGE('',*,*,#895,.T.);
#895 = EDGE_CURVE('',#859,#896,#898,.T.);
#896 = VERTEX_POINT('',#897);
#897 = CARTESIAN_POINT('',(3.41,3.9,5.61860073261));
#898 = LINE('',#899,#900);
#899 = CARTESIAN_POINT('',(3.41,3.9,6.25));
#900 = VECTOR('',#901,1.);
#901 = DIRECTION('',(2.22044604925E-16,-0.,-1.));
#902 = ORIENTED_EDGE('',*,*,#903,.F.);
#903 = EDGE_CURVE('',#904,#896,#906,.T.);
#904 = VERTEX_POINT('',#905);
#905 = CARTESIAN_POINT('',(3.41,1.9,5.61860073261));
#906 = LINE('',#907,#908);
#907 = CARTESIAN_POINT('',(3.41,3.9,5.61860073261));
#908 = VECTOR('',#909,1.);
#909 = DIRECTION('',(5.676425099247E-31,1.,-2.556434596176E-15));
#910 = ORIENTED_EDGE('',*,*,#911,.T.);
#911 = EDGE_CURVE('',#904,#870,#912,.T.);
#912 = LINE('',#913,#914);
#913 = CARTESIAN_POINT('',(3.41,1.9,6.25));
#914 = VECTOR('',#915,1.);
#915 = DIRECTION('',(-2.22044604925E-16,0.,1.));
#916 = PLANE('',#917);
#917 = AXIS2_PLACEMENT_3D('',#918,#919,#920);
#918 = CARTESIAN_POINT('',(3.41,3.9,6.25));
#919 = DIRECTION('',(-1.,0.,-2.22044604925E-16));
#920 = DIRECTION('',(2.22044604925E-16,-0.,-1.));
#921 = ADVANCED_FACE('',(#922),#949,.T.);
#922 = FACE_BOUND('',#923,.T.);
#923 = EDGE_LOOP('',(#924,#925,#934,#942));
#924 = ORIENTED_EDGE('',*,*,#903,.T.);
#925 = ORIENTED_EDGE('',*,*,#926,.T.);
#926 = EDGE_CURVE('',#896,#927,#929,.T.);
#927 = VERTEX_POINT('',#928);
#928 = CARTESIAN_POINT('',(3.485,3.9,5.46247578265));
#929 = B_SPLINE_CURVE_WITH_KNOTS('',3,(#930,#931,#932,#933),
  .UNSPECIFIED.,.F.,.F.,(4,4),(0.,1.),.PIECEWISE_BEZIER_KNOTS.);
#930 = CARTESIAN_POINT('',(3.41,3.9,5.61860073261));
#931 = CARTESIAN_POINT('',(3.41,3.9,5.558889746352));
#932 = CARTESIAN_POINT('',(3.438388126293,3.9,5.49979514906));
#933 = CARTESIAN_POINT('',(3.485,3.9,5.46247578265));
#934 = ORIENTED_EDGE('',*,*,#935,.T.);
#935 = EDGE_CURVE('',#927,#936,#938,.T.);
#936 = VERTEX_POINT('',#937);
#937 = CARTESIAN_POINT('',(3.485,1.9,5.46247578265));
#938 = LINE('',#939,#940);
#939 = CARTESIAN_POINT('',(3.485,3.9,5.46247578265));
#940 = VECTOR('',#941,1.);
#941 = DIRECTION('',(-5.676425099247E-31,-1.,2.556434596176E-15));
#942 = ORIENTED_EDGE('',*,*,#943,.T.);
#943 = EDGE_CURVE('',#936,#904,#944,.T.);
#944 = B_SPLINE_CURVE_WITH_KNOTS('',3,(#945,#946,#947,#948),
  .UNSPECIFIED.,.F.,.F.,(4,4),(0.,1.),.PIECEWISE_BEZIER_KNOTS.);
#945 = CARTESIAN_POINT('',(3.485,1.9,5.46247578265));
#946 = CARTESIAN_POINT('',(3.438388126293,1.9,5.49979514906));
#947 = CARTESIAN_POINT('',(3.41,1.9,5.558889746352));
#948 = CARTESIAN_POINT('',(3.41,1.9,5.61860073261));
#949 = CYLINDRICAL_SURFACE('',#950,0.2);
#950 = AXIS2_PLACEMENT_3D('',#951,#952,#953);
#951 = CARTESIAN_POINT('',(3.61,3.9,5.61860073261));
#952 = DIRECTION('',(-5.676425099247E-31,-1.,2.556434596176E-15));
#953 = DIRECTION('',(2.22044604925E-16,-2.556434596176E-15,-1.));
#954 = ADVANCED_FACE('',(#955),#982,.F.);
#955 = FACE_BOUND('',#956,.F.);
#956 = EDGE_LOOP('',(#957,#958,#967,#975));
#957 = ORIENTED_EDGE('',*,*,#935,.T.);
#958 = ORIENTED_EDGE('',*,*,#959,.F.);
#959 = EDGE_CURVE('',#960,#936,#962,.T.);
#960 = VERTEX_POINT('',#961);
#961 = CARTESIAN_POINT('',(3.56,1.9,5.30635083269));
#962 = B_SPLINE_CURVE_WITH_KNOTS('',3,(#963,#964,#965,#966),
  .UNSPECIFIED.,.F.,.F.,(4,4),(0.,1.),.PIECEWISE_BEZIER_KNOTS.);
#963 = CARTESIAN_POINT('',(3.56,1.9,5.30635083269));
#964 = CARTESIAN_POINT('',(3.56,1.9,5.366061818947));
#965 = CARTESIAN_POINT('',(3.531611873707,1.9,5.425156416239));
#966 = CARTESIAN_POINT('',(3.485,1.9,5.46247578265));
#967 = ORIENTED_EDGE('',*,*,#968,.T.);
#968 = EDGE_CURVE('',#960,#969,#971,.T.);
#969 = VERTEX_POINT('',#970);
#970 = CARTESIAN_POINT('',(3.56,3.9,5.30635083269));
#971 = LINE('',#972,#973);
#972 = CARTESIAN_POINT('',(3.56,3.9,5.30635083269));
#973 = VECTOR('',#974,1.);
#974 = DIRECTION('',(0.,1.,0.));
#975 = ORIENTED_EDGE('',*,*,#976,.T.);
#976 = EDGE_CURVE('',#969,#927,#977,.T.);
#977 = B_SPLINE_CURVE_WITH_KNOTS('',3,(#978,#979,#980,#981),
  .UNSPECIFIED.,.F.,.F.,(4,4),(0.,1.),.PIECEWISE_BEZIER_KNOTS.);
#978 = CARTESIAN_POINT('',(3.56,3.9,5.30635083269));
#979 = CARTESIAN_POINT('',(3.559591709434,3.9,5.370205957768));
#980 = CARTESIAN_POINT('',(3.534591709434,3.9,5.422247607755));
#981 = CARTESIAN_POINT('',(3.485,3.9,5.46247578265));
#982 = CYLINDRICAL_SURFACE('',#983,0.2);
#983 = AXIS2_PLACEMENT_3D('',#984,#985,#986);
#984 = CARTESIAN_POINT('',(3.36,3.9,5.30635083269));
#985 = DIRECTION('',(-5.676425099247E-31,-1.,2.556434596176E-15));
#986 = DIRECTION('',(2.22044604925E-16,-2.556434596176E-15,-1.));
#987 = ADVANCED_FACE('',(#988,#992),#1061,.T.);
#988 = FACE_BOUND('',#989,.T.);
#989 = EDGE_LOOP('',(#990,#991));
#990 = ORIENTED_EDGE('',*,*,#611,.T.);
#991 = ORIENTED_EDGE('',*,*,#483,.T.);
#992 = FACE_BOUND('',#993,.T.);
#993 = EDGE_LOOP('',(#994,#1004,#1012,#1020,#1028,#1036,#1045,#1054));
#994 = ORIENTED_EDGE('',*,*,#995,.T.);
#995 = EDGE_CURVE('',#996,#998,#1000,.T.);
#996 = VERTEX_POINT('',#997);
#997 = CARTESIAN_POINT('',(4.849230484541,1.6,1.1));
#998 = VERTEX_POINT('',#999);
#999 = CARTESIAN_POINT('',(4.962580537058,1.6,1.1));
#1000 = LINE('',#1001,#1002);
#1001 = CARTESIAN_POINT('',(5.26,1.6,1.1));
#1002 = VECTOR('',#1003,1.);
#1003 = DIRECTION('',(1.,0.,2.22044604925E-16));
#1004 = ORIENTED_EDGE('',*,*,#1005,.F.);
#1005 = EDGE_CURVE('',#1006,#998,#1008,.T.);
#1006 = VERTEX_POINT('',#1007);
#1007 = CARTESIAN_POINT('',(4.962580537058,1.6,4.9));
#1008 = LINE('',#1009,#1010);
#1009 = CARTESIAN_POINT('',(4.962580537058,1.6,0.9));
#1010 = VECTOR('',#1011,1.);
#1011 = DIRECTION('',(2.22044604925E-16,0.,-1.));
#1012 = ORIENTED_EDGE('',*,*,#1013,.F.);
#1013 = EDGE_CURVE('',#1014,#1006,#1016,.T.);
#1014 = VERTEX_POINT('',#1015);
#1015 = CARTESIAN_POINT('',(2.657419462942,1.6,4.9));
#1016 = LINE('',#1017,#1018);
#1017 = CARTESIAN_POINT('',(5.26,1.6,4.9));
#1018 = VECTOR('',#1019,1.);
#1019 = DIRECTION('',(1.,0.,2.22044604925E-16));
#1020 = ORIENTED_EDGE('',*,*,#1021,.F.);
#1021 = EDGE_CURVE('',#1022,#1014,#1024,.T.);
#1022 = VERTEX_POINT('',#1023);
#1023 = CARTESIAN_POINT('',(2.657419462942,1.6,1.1));
#1024 = LINE('',#1025,#1026);
#1025 = CARTESIAN_POINT('',(2.657419462942,1.6,-4.4));
#1026 = VECTOR('',#1027,1.);
#1027 = DIRECTION('',(-2.22044604925E-16,0.,1.));
#1028 = ORIENTED_EDGE('',*,*,#1029,.T.);
#1029 = EDGE_CURVE('',#1022,#1030,#1032,.T.);
#1030 = VERTEX_POINT('',#1031);
#1031 = CARTESIAN_POINT('',(2.770769515459,1.6,1.1));
#1032 = LINE('',#1033,#1034);
#1033 = CARTESIAN_POINT('',(5.26,1.6,1.1));
#1034 = VECTOR('',#1035,1.);
#1035 = DIRECTION('',(1.,0.,2.22044604925E-16));
#1036 = ORIENTED_EDGE('',*,*,#1037,.F.);
#1037 = EDGE_CURVE('',#1038,#1030,#1040,.T.);
#1038 = VERTEX_POINT('',#1039);
#1039 = CARTESIAN_POINT('',(2.824063386496,1.6,1.115384615402));
#1040 = ( BOUNDED_CURVE() B_SPLINE_CURVE(3,(#1041,#1042,#1043,#1044),
.UNSPECIFIED.,.F.,.F.) B_SPLINE_CURVE_WITH_KNOTS((4,4),(0.,1.),
.PIECEWISE_BEZIER_KNOTS.) CURVE() GEOMETRIC_REPRESENTATION_ITEM() 
RATIONAL_B_SPLINE_CURVE((1.,0.973845948554,0.973845948554,1.)) 
REPRESENTATION_ITEM('') );
#1041 = CARTESIAN_POINT('',(2.824063386496,1.6,1.115384615402));
#1042 = CARTESIAN_POINT('',(2.807997816569,1.6,1.105265930547));
#1043 = CARTESIAN_POINT('',(2.789756098058,1.6,1.1));
#1044 = CARTESIAN_POINT('',(2.770769515459,1.6,1.1));
#1045 = ORIENTED_EDGE('',*,*,#1046,.F.);
#1046 = EDGE_CURVE('',#1047,#1038,#1049,.T.);
#1047 = VERTEX_POINT('',#1048);
#1048 = CARTESIAN_POINT('',(4.795936613546,1.6,1.115384615381));
#1049 = ( BOUNDED_CURVE() B_SPLINE_CURVE(3,(#1050,#1051,#1052,#1053),
.UNSPECIFIED.,.F.,.F.) B_SPLINE_CURVE_WITH_KNOTS((4,4),(0.,1.),
.PIECEWISE_BEZIER_KNOTS.) CURVE() GEOMETRIC_REPRESENTATION_ITEM() 
RATIONAL_B_SPLINE_CURVE((1.,0.897435897436,0.897435897436,1.)) 
REPRESENTATION_ITEM('') );
#1050 = CARTESIAN_POINT('',(4.795936613546,1.6,1.115384615381));
#1051 = CARTESIAN_POINT('',(4.176205027886,1.6,1.505714285714));
#1052 = CARTESIAN_POINT('',(3.443794972114,1.6,1.505714285714));
#1053 = CARTESIAN_POINT('',(2.824063386496,1.6,1.115384615402));
#1054 = ORIENTED_EDGE('',*,*,#1055,.T.);
#1055 = EDGE_CURVE('',#1047,#996,#1056,.T.);
#1056 = B_SPLINE_CURVE_WITH_KNOTS('',3,(#1057,#1058,#1059,#1060),
  .UNSPECIFIED.,.F.,.F.,(4,4),(0.,1.),.PIECEWISE_BEZIER_KNOTS.);
#1057 = CARTESIAN_POINT('',(4.795936613546,1.6,1.115384615381));
#1058 = CARTESIAN_POINT('',(4.812229857912,1.6,1.105159402822));
#1059 = CARTESIAN_POINT('',(4.829994481572,1.6,1.100031197697));
#1060 = CARTESIAN_POINT('',(4.849230484541,1.6,1.1));
#1061 = PLANE('',#1062);
#1062 = AXIS2_PLACEMENT_3D('',#1063,#1064,#1065);
#1063 = CARTESIAN_POINT('',(5.26,1.6,0.9));
#1064 = DIRECTION('',(0.,-1.,0.));
#1065 = DIRECTION('',(1.,0.,2.22044604925E-16));
#1066 = ADVANCED_FACE('',(#1067),#1100,.F.);
#1067 = FACE_BOUND('',#1068,.T.);
#1068 = EDGE_LOOP('',(#1069,#1079));
#1069 = ORIENTED_EDGE('',*,*,#1070,.F.);
#1070 = EDGE_CURVE('',#1071,#1073,#1075,.T.);
#1071 = VERTEX_POINT('',#1072);
#1072 = CARTESIAN_POINT('',(2.493730699165,11.3,6.8));
#1073 = VERTEX_POINT('',#1074);
#1074 = CARTESIAN_POINT('',(5.126269301653,11.3,6.8));
#1075 = LINE('',#1076,#1077);
#1076 = CARTESIAN_POINT('',(3.81,11.3,6.8));
#1077 = VECTOR('',#1078,1.);
#1078 = DIRECTION('',(1.,0.,6.891039463191E-17));
#1079 = ORIENTED_EDGE('',*,*,#1080,.T.);
#1080 = EDGE_CURVE('',#1071,#1073,#1081,.T.);
#1081 = B_SPLINE_CURVE_WITH_KNOTS('',3,(#1082,#1083,#1084,#1085,#1086,
    #1087,#1088,#1089,#1090,#1091,#1092,#1093,#1094,#1095,#1096,#1097,
    #1098,#1099),.UNSPECIFIED.,.F.,.F.,(4,2,2,2,2,2,2,2,4),(0.,0.125,
    0.25,0.375,0.5,0.625,0.75,0.875,1.),.UNSPECIFIED.);
#1082 = CARTESIAN_POINT('',(2.493730699165,11.3,6.8));
#1083 = CARTESIAN_POINT('',(2.52842760779,11.149748449478,6.8));
#1084 = CARTESIAN_POINT('',(2.584980154492,11.012252741034,6.8));
#1085 = CARTESIAN_POINT('',(2.748383154411,10.752212586689,6.8));
#1086 = CARTESIAN_POINT('',(2.848174353069,10.640238430997,6.8));
#1087 = CARTESIAN_POINT('',(3.088079566918,10.449080460362,6.8));
#1088 = CARTESIAN_POINT('',(3.219290092486,10.376392097717,6.8));
#1089 = CARTESIAN_POINT('',(3.508771542967,10.275208133239,6.8));
#1090 = CARTESIAN_POINT('',(3.656705638451,10.249942555634,6.8));
#1091 = CARTESIAN_POINT('',(3.963294225182,10.250065953933,6.8));
#1092 = CARTESIAN_POINT('',(4.111344894286,10.275118967196,6.8));
#1093 = CARTESIAN_POINT('',(4.400593228898,10.376481181967,6.8));
#1094 = CARTESIAN_POINT('',(4.532125371793,10.449086444421,6.8));
#1095 = CARTESIAN_POINT('',(4.771620540801,10.64023230881,6.8));
#1096 = CARTESIAN_POINT('',(4.872639902568,10.753613737371,6.8));
#1097 = CARTESIAN_POINT('',(5.033996747326,11.010851546925,6.8));
#1098 = CARTESIAN_POINT('',(5.091655287409,11.150107332876,6.8));
#1099 = CARTESIAN_POINT('',(5.126269301653,11.3,6.8));
#1100 = PLANE('',#1101);
#1101 = AXIS2_PLACEMENT_3D('',#1102,#1103,#1104);
#1102 = CARTESIAN_POINT('',(3.81,11.6,6.8));
#1103 = DIRECTION('',(6.891039463191E-17,-0.,-1.));
#1104 = DIRECTION('',(1.,0.,6.891039463191E-17));
#1105 = ADVANCED_FACE('',(#1106),#1131,.T.);
#1106 = FACE_BOUND('',#1107,.T.);
#1107 = EDGE_LOOP('',(#1108,#1118,#1124,#1125));
#1108 = ORIENTED_EDGE('',*,*,#1109,.T.);
#1109 = EDGE_CURVE('',#1110,#1112,#1114,.T.);
#1110 = VERTEX_POINT('',#1111);
#1111 = CARTESIAN_POINT('',(5.126236820299,11.3,6.2));
#1112 = VERTEX_POINT('',#1113);
#1113 = CARTESIAN_POINT('',(2.493767091949,11.3,6.2));
#1114 = LINE('',#1115,#1116);
#1115 = CARTESIAN_POINT('',(5.81,11.3,6.2));
#1116 = VECTOR('',#1117,1.);
#1117 = DIRECTION('',(-1.,0.,-2.22044604925E-16));
#1118 = ORIENTED_EDGE('',*,*,#1119,.T.);
#1119 = EDGE_CURVE('',#1112,#1071,#1120,.T.);
#1120 = LINE('',#1121,#1122);
#1121 = CARTESIAN_POINT('',(2.493755341891,11.3,6.8));
#1122 = VECTOR('',#1123,1.);
#1123 = DIRECTION('',(-2.22044604925E-16,-1.445602896647E-15,1.));
#1124 = ORIENTED_EDGE('',*,*,#1070,.T.);
#1125 = ORIENTED_EDGE('',*,*,#1126,.T.);
#1126 = EDGE_CURVE('',#1073,#1110,#1127,.T.);
#1127 = LINE('',#1128,#1129);
#1128 = CARTESIAN_POINT('',(5.126244658109,11.3,6.8));
#1129 = VECTOR('',#1130,1.);
#1130 = DIRECTION('',(2.22044604925E-16,1.445602896647E-15,-1.));
#1131 = PLANE('',#1132);
#1132 = AXIS2_PLACEMENT_3D('',#1133,#1134,#1135);
#1133 = CARTESIAN_POINT('',(5.81,11.3,6.8));
#1134 = DIRECTION('',(-3.209883240645E-31,1.,1.445602896647E-15));
#1135 = DIRECTION('',(-2.22044604925E-16,-1.445602896647E-15,1.));
#1136 = ADVANCED_FACE('',(#1137),#1162,.T.);
#1137 = FACE_BOUND('',#1138,.T.);
#1138 = EDGE_LOOP('',(#1139,#1140,#1147,#1148,#1155,#1156));
#1139 = ORIENTED_EDGE('',*,*,#441,.T.);
#1140 = ORIENTED_EDGE('',*,*,#1141,.T.);
#1141 = EDGE_CURVE('',#442,#1112,#1142,.T.);
#1142 = B_SPLINE_CURVE_WITH_KNOTS('',3,(#1143,#1144,#1145,#1146),
  .UNSPECIFIED.,.F.,.F.,(4,4),(0.,1.),.PIECEWISE_BEZIER_KNOTS.);
#1143 = CARTESIAN_POINT('',(2.460008330677,11.6,6.2));
#1144 = CARTESIAN_POINT('',(2.460034638419,11.498735346752,6.2));
#1145 = CARTESIAN_POINT('',(2.471288698637,11.398735346752,6.2));
#1146 = CARTESIAN_POINT('',(2.493767091949,11.3,6.2));
#1147 = ORIENTED_EDGE('',*,*,#1109,.F.);
#1148 = ORIENTED_EDGE('',*,*,#1149,.T.);
#1149 = EDGE_CURVE('',#1110,#386,#1150,.T.);
#1150 = B_SPLINE_CURVE_WITH_KNOTS('',3,(#1151,#1152,#1153,#1154),
  .UNSPECIFIED.,.F.,.F.,(4,4),(0.,1.),.PIECEWISE_BEZIER_KNOTS.);
#1151 = CARTESIAN_POINT('',(5.126236820299,11.3,6.2));
#1152 = CARTESIAN_POINT('',(5.148732383039,11.398675942256,6.2));
#1153 = CARTESIAN_POINT('',(5.159989388876,11.498675942256,6.2));
#1154 = CARTESIAN_POINT('',(5.16,11.6,6.2));
#1155 = ORIENTED_EDGE('',*,*,#393,.T.);
#1156 = ORIENTED_EDGE('',*,*,#1157,.F.);
#1157 = EDGE_CURVE('',#434,#394,#1158,.T.);
#1158 = LINE('',#1159,#1160);
#1159 = CARTESIAN_POINT('',(5.81,11.9,6.2));
#1160 = VECTOR('',#1161,1.);
#1161 = DIRECTION('',(1.,0.,2.22044604925E-16));
#1162 = PLANE('',#1163);
#1163 = AXIS2_PLACEMENT_3D('',#1164,#1165,#1166);
#1164 = CARTESIAN_POINT('',(5.81,11.3,6.2));
#1165 = DIRECTION('',(-2.22044604925E-16,0.,1.));
#1166 = DIRECTION('',(-1.,0.,-2.22044604925E-16));
#1167 = ADVANCED_FACE('',(#1168),#1179,.T.);
#1168 = FACE_BOUND('',#1169,.T.);
#1169 = EDGE_LOOP('',(#1170,#1176,#1177,#1178));
#1170 = ORIENTED_EDGE('',*,*,#1171,.T.);
#1171 = EDGE_CURVE('',#403,#411,#1172,.T.);
#1172 = LINE('',#1173,#1174);
#1173 = CARTESIAN_POINT('',(3.81,11.9,6.8));
#1174 = VECTOR('',#1175,1.);
#1175 = DIRECTION('',(-1.,0.,-6.891039463191E-17));
#1176 = ORIENTED_EDGE('',*,*,#433,.T.);
#1177 = ORIENTED_EDGE('',*,*,#1157,.T.);
#1178 = ORIENTED_EDGE('',*,*,#402,.T.);
#1179 = PLANE('',#1180);
#1180 = AXIS2_PLACEMENT_3D('',#1181,#1182,#1183);
#1181 = CARTESIAN_POINT('',(5.81,11.9,6.2));
#1182 = DIRECTION('',(0.,-1.,0.));
#1183 = DIRECTION('',(1.,0.,2.22044604925E-16));
#1184 = ADVANCED_FACE('',(#1185),#1189,.F.);
#1185 = FACE_BOUND('',#1186,.T.);
#1186 = EDGE_LOOP('',(#1187,#1188));
#1187 = ORIENTED_EDGE('',*,*,#1171,.F.);
#1188 = ORIENTED_EDGE('',*,*,#410,.T.);
#1189 = PLANE('',#1190);
#1190 = AXIS2_PLACEMENT_3D('',#1191,#1192,#1193);
#1191 = CARTESIAN_POINT('',(3.81,11.6,6.8));
#1192 = DIRECTION('',(6.891039463191E-17,-0.,-1.));
#1193 = DIRECTION('',(1.,0.,6.891039463191E-17));
#1194 = ADVANCED_FACE('',(#1195),#1223,.T.);
#1195 = FACE_BOUND('',#1196,.T.);
#1196 = EDGE_LOOP('',(#1197,#1198,#1207,#1216));
#1197 = ORIENTED_EDGE('',*,*,#1037,.T.);
#1198 = ORIENTED_EDGE('',*,*,#1199,.T.);
#1199 = EDGE_CURVE('',#1030,#1200,#1202,.T.);
#1200 = VERTEX_POINT('',#1201);
#1201 = CARTESIAN_POINT('',(2.770769515459,1.8,0.9));
#1202 = ( BOUNDED_CURVE() B_SPLINE_CURVE(3,(#1203,#1204,#1205,#1206),
.UNSPECIFIED.,.F.,.F.) B_SPLINE_CURVE_WITH_KNOTS((4,4),(0.,1.),
.PIECEWISE_BEZIER_KNOTS.) CURVE() GEOMETRIC_REPRESENTATION_ITEM() 
RATIONAL_B_SPLINE_CURVE((1.,0.804737854124,0.804737854124,1.)) 
REPRESENTATION_ITEM('') );
#1203 = CARTESIAN_POINT('',(2.770769515459,1.6,1.1));
#1204 = CARTESIAN_POINT('',(2.770769515459,1.6,0.982842712475));
#1205 = CARTESIAN_POINT('',(2.770769515459,1.682842712475,0.9));
#1206 = CARTESIAN_POINT('',(2.770769515459,1.8,0.9));
#1207 = ORIENTED_EDGE('',*,*,#1208,.F.);
#1208 = EDGE_CURVE('',#1209,#1200,#1211,.T.);
#1209 = VERTEX_POINT('',#1210);
#1210 = CARTESIAN_POINT('',(2.930651128465,1.8,0.946153846154));
#1211 = CIRCLE('',#1212,0.3);
#1212 = AXIS2_PLACEMENT_3D('',#1213,#1214,#1215);
#1213 = CARTESIAN_POINT('',(2.770769515459,1.8,1.2));
#1214 = DIRECTION('',(0.,1.,0.));
#1215 = DIRECTION('',(-1.,0.,-2.22044604925E-16));
#1216 = ORIENTED_EDGE('',*,*,#1217,.F.);
#1217 = EDGE_CURVE('',#1038,#1209,#1218,.T.);
#1218 = CIRCLE('',#1219,0.2);
#1219 = AXIS2_PLACEMENT_3D('',#1220,#1221,#1222);
#1220 = CARTESIAN_POINT('',(2.824063386461,1.8,1.115384615385));
#1221 = DIRECTION('',(0.846153846154,0.,0.532938710021));
#1222 = DIRECTION('',(-0.532938710021,0.,0.846153846154));
#1223 = ( BOUNDED_SURFACE() B_SPLINE_SURFACE(3,3,(
    (#1224,#1225,#1226,#1227)
    ,(#1228,#1229,#1230,#1231)
    ,(#1232,#1233,#1234,#1235)
    ,(#1236,#1237,#1238,#1239
)),.UNSPECIFIED.,.F.,.F.,.F.) B_SPLINE_SURFACE_WITH_KNOTS((4,4),(4,4),(
    0.,1.),(0.,1.),.PIECEWISE_BEZIER_KNOTS.) 
GEOMETRIC_REPRESENTATION_ITEM() RATIONAL_B_SPLINE_SURFACE((
    (1.,0.973845948554,0.973845948554,1.)
    ,(0.804737854124,0.783690698887,0.783690698887,0.804737854124)
    ,(0.804737854124,0.783690698887,0.783690698887,0.804737854124)
,(1.,0.973845948554,0.973845948554,1.
))) REPRESENTATION_ITEM('') SURFACE() );
#1224 = CARTESIAN_POINT('',(2.930651128465,1.8,0.946153846154));
#1225 = CARTESIAN_POINT('',(2.882454418791,1.8,0.91579779164));
#1226 = CARTESIAN_POINT('',(2.827729263255,1.8,0.9));
#1227 = CARTESIAN_POINT('',(2.770769515459,1.8,0.9));
#1228 = CARTESIAN_POINT('',(2.930651128465,1.682842712475,0.946153846154
    ));
#1229 = CARTESIAN_POINT('',(2.882454418791,1.682842712475,0.91579779164)
  );
#1230 = CARTESIAN_POINT('',(2.827729263255,1.682842712475,0.9));
#1231 = CARTESIAN_POINT('',(2.770769515459,1.682842712475,0.9));
#1232 = CARTESIAN_POINT('',(2.886501040144,1.6,1.01625152594));
#1233 = CARTESIAN_POINT('',(2.851613484343,1.6,0.994278064413));
#1234 = CARTESIAN_POINT('',(2.812000263224,1.6,0.982842712475));
#1235 = CARTESIAN_POINT('',(2.770769515459,1.6,0.982842712475));
#1236 = CARTESIAN_POINT('',(2.824063386461,1.6,1.115384615385));
#1237 = CARTESIAN_POINT('',(2.807997816569,1.6,1.105265930547));
#1238 = CARTESIAN_POINT('',(2.789756098058,1.6,1.1));
#1239 = CARTESIAN_POINT('',(2.770769515459,1.6,1.1));
#1240 = ADVANCED_FACE('',(#1241),#1261,.T.);
#1241 = FACE_BOUND('',#1242,.T.);
#1242 = EDGE_LOOP('',(#1243,#1244,#1245,#1254));
#1243 = ORIENTED_EDGE('',*,*,#1046,.T.);
#1244 = ORIENTED_EDGE('',*,*,#1217,.T.);
#1245 = ORIENTED_EDGE('',*,*,#1246,.T.);
#1246 = EDGE_CURVE('',#1209,#1247,#1249,.T.);
#1247 = VERTEX_POINT('',#1248);
#1248 = CARTESIAN_POINT('',(4.689348871535,1.8,0.946153846154));
#1249 = CIRCLE('',#1250,1.65);
#1250 = AXIS2_PLACEMENT_3D('',#1251,#1252,#1253);
#1251 = CARTESIAN_POINT('',(3.81,1.8,-0.45));
#1252 = DIRECTION('',(0.,1.,0.));
#1253 = DIRECTION('',(-1.,0.,-2.22044604925E-16));
#1254 = ORIENTED_EDGE('',*,*,#1255,.T.);
#1255 = EDGE_CURVE('',#1247,#1047,#1256,.T.);
#1256 = ( BOUNDED_CURVE() B_SPLINE_CURVE(3,(#1257,#1258,#1259,#1260),
.UNSPECIFIED.,.F.,.F.) B_SPLINE_CURVE_WITH_KNOTS((4,4),(0.,1.),
.PIECEWISE_BEZIER_KNOTS.) CURVE() GEOMETRIC_REPRESENTATION_ITEM() 
RATIONAL_B_SPLINE_CURVE((1.,0.804737854124,0.804737854124,1.)) 
REPRESENTATION_ITEM('') );
#1257 = CARTESIAN_POINT('',(4.689348871535,1.8,0.946153846154));
#1258 = CARTESIAN_POINT('',(4.689348871535,1.682842712475,0.946153846154
    ));
#1259 = CARTESIAN_POINT('',(4.733498959856,1.6,1.01625152594));
#1260 = CARTESIAN_POINT('',(4.795936613546,1.6,1.115384615381));
#1261 = ( BOUNDED_SURFACE() B_SPLINE_SURFACE(3,3,(
    (#1262,#1263,#1264,#1265)
    ,(#1266,#1267,#1268,#1269)
    ,(#1270,#1271,#1272,#1273)
    ,(#1274,#1275,#1276,#1277
)),.UNSPECIFIED.,.F.,.F.,.F.) B_SPLINE_SURFACE_WITH_KNOTS((4,4),(4,4),(
    0.,1.),(0.,1.),.PIECEWISE_BEZIER_KNOTS.) 
GEOMETRIC_REPRESENTATION_ITEM() RATIONAL_B_SPLINE_SURFACE((
    (1.,0.897435897436,0.897435897436,1.)
    ,(0.804737854124,0.722200638317,0.722200638317,0.804737854124)
    ,(0.804737854124,0.722200638317,0.722200638317,0.804737854124)
,(1.,0.897435897436,0.897435897436,1.
))) REPRESENTATION_ITEM('') SURFACE() );
#1262 = CARTESIAN_POINT('',(4.689348871535,1.8,0.946153846154));
#1263 = CARTESIAN_POINT('',(4.136615295142,1.8,1.294285714286));
#1264 = CARTESIAN_POINT('',(3.483384704858,1.8,1.294285714286));
#1265 = CARTESIAN_POINT('',(2.930651128465,1.8,0.946153846154));
#1266 = CARTESIAN_POINT('',(4.689348871535,1.682842712475,0.946153846154
    ));
#1267 = CARTESIAN_POINT('',(4.136615295142,1.682842712475,1.294285714286
    ));
#1268 = CARTESIAN_POINT('',(3.483384704858,1.682842712475,1.294285714286
    ));
#1269 = CARTESIAN_POINT('',(2.930651128465,1.682842712475,0.946153846154
    ));
#1270 = CARTESIAN_POINT('',(4.733498959856,1.6,1.01625152594));
#1271 = CARTESIAN_POINT('',(4.153013899375,1.6,1.381862296045));
#1272 = CARTESIAN_POINT('',(3.466986100625,1.6,1.381862296045));
#1273 = CARTESIAN_POINT('',(2.886501040144,1.6,1.01625152594));
#1274 = CARTESIAN_POINT('',(4.795936613539,1.6,1.115384615385));
#1275 = CARTESIAN_POINT('',(4.176205027886,1.6,1.505714285714));
#1276 = CARTESIAN_POINT('',(3.443794972114,1.6,1.505714285714));
#1277 = CARTESIAN_POINT('',(2.824063386461,1.6,1.115384615385));
#1278 = ADVANCED_FACE('',(#1279),#1299,.T.);
#1279 = FACE_BOUND('',#1280,.T.);
#1280 = EDGE_LOOP('',(#1281,#1282,#1283,#1292));
#1281 = ORIENTED_EDGE('',*,*,#1055,.F.);
#1282 = ORIENTED_EDGE('',*,*,#1255,.F.);
#1283 = ORIENTED_EDGE('',*,*,#1284,.F.);
#1284 = EDGE_CURVE('',#1285,#1247,#1287,.T.);
#1285 = VERTEX_POINT('',#1286);
#1286 = CARTESIAN_POINT('',(4.849230484541,1.8,0.9));
#1287 = CIRCLE('',#1288,0.3);
#1288 = AXIS2_PLACEMENT_3D('',#1289,#1290,#1291);
#1289 = CARTESIAN_POINT('',(4.849230484541,1.8,1.2));
#1290 = DIRECTION('',(0.,1.,0.));
#1291 = DIRECTION('',(-1.,0.,-2.22044604925E-16));
#1292 = ORIENTED_EDGE('',*,*,#1293,.T.);
#1293 = EDGE_CURVE('',#1285,#996,#1294,.T.);
#1294 = CIRCLE('',#1295,0.2);
#1295 = AXIS2_PLACEMENT_3D('',#1296,#1297,#1298);
#1296 = CARTESIAN_POINT('',(4.849230484541,1.8,1.1));
#1297 = DIRECTION('',(-1.,-1.68753899743E-13,-4.451994328747E-14));
#1298 = DIRECTION('',(4.451994328759E-14,-7.459310946701E-13,-1.));
#1299 = ( BOUNDED_SURFACE() B_SPLINE_SURFACE(3,3,(
    (#1300,#1301,#1302,#1303)
    ,(#1304,#1305,#1306,#1307)
    ,(#1308,#1309,#1310,#1311)
    ,(#1312,#1313,#1314,#1315
)),.UNSPECIFIED.,.F.,.F.,.F.) B_SPLINE_SURFACE_WITH_KNOTS((4,4),(4,4),(
    0.,1.),(0.,1.),.PIECEWISE_BEZIER_KNOTS.) 
GEOMETRIC_REPRESENTATION_ITEM() RATIONAL_B_SPLINE_SURFACE((
    (1.,0.973845948554,0.973845948554,1.)
    ,(0.804737854124,0.783690698887,0.783690698887,0.804737854124)
    ,(0.804737854124,0.783690698887,0.783690698887,0.804737854124)
,(1.,0.973845948554,0.973845948554,1.
))) REPRESENTATION_ITEM('') SURFACE() );
#1300 = CARTESIAN_POINT('',(4.849230484541,1.8,0.9));
#1301 = CARTESIAN_POINT('',(4.792270736745,1.8,0.9));
#1302 = CARTESIAN_POINT('',(4.737545581209,1.8,0.91579779164));
#1303 = CARTESIAN_POINT('',(4.689348871535,1.8,0.946153846154));
#1304 = CARTESIAN_POINT('',(4.849230484541,1.682842712475,0.9));
#1305 = CARTESIAN_POINT('',(4.792270736745,1.682842712475,0.9));
#1306 = CARTESIAN_POINT('',(4.737545581209,1.682842712475,0.91579779164)
  );
#1307 = CARTESIAN_POINT('',(4.689348871535,1.682842712475,0.946153846154
    ));
#1308 = CARTESIAN_POINT('',(4.849230484541,1.6,0.982842712475));
#1309 = CARTESIAN_POINT('',(4.807999736776,1.6,0.982842712475));
#1310 = CARTESIAN_POINT('',(4.768386515658,1.6,0.994278064413));
#1311 = CARTESIAN_POINT('',(4.733498959856,1.6,1.01625152594));
#1312 = CARTESIAN_POINT('',(4.849230484541,1.6,1.1));
#1313 = CARTESIAN_POINT('',(4.830243901942,1.6,1.1));
#1314 = CARTESIAN_POINT('',(4.812002183431,1.6,1.105265930547));
#1315 = CARTESIAN_POINT('',(4.795936613539,1.6,1.115384615385));
#1316 = ADVANCED_FACE('',(#1317),#1338,.T.);
#1317 = FACE_BOUND('',#1318,.T.);
#1318 = EDGE_LOOP('',(#1319,#1327,#1336,#1337));
#1319 = ORIENTED_EDGE('',*,*,#1320,.F.);
#1320 = EDGE_CURVE('',#1321,#1285,#1323,.T.);
#1321 = VERTEX_POINT('',#1322);
#1322 = CARTESIAN_POINT('',(4.962580537058,1.8,0.9));
#1323 = LINE('',#1324,#1325);
#1324 = CARTESIAN_POINT('',(5.26,1.8,0.9));
#1325 = VECTOR('',#1326,1.);
#1326 = DIRECTION('',(-1.,0.,-2.22044604925E-16));
#1327 = ORIENTED_EDGE('',*,*,#1328,.F.);
#1328 = EDGE_CURVE('',#998,#1321,#1329,.T.);
#1329 = B_SPLINE_CURVE_WITH_KNOTS('',3,(#1330,#1331,#1332,#1333,#1334,
    #1335),.UNSPECIFIED.,.F.,.F.,(4,2,4),(0.,0.5,1.),.UNSPECIFIED.);
#1330 = CARTESIAN_POINT('',(4.962580537058,1.6,1.1));
#1331 = CARTESIAN_POINT('',(4.962147660961,1.6,1.047644537456));
#1332 = CARTESIAN_POINT('',(4.961994674789,1.621552929639,0.995606856451
    ));
#1333 = CARTESIAN_POINT('',(4.962090523841,1.695600441752,0.921556393503
    ));
#1334 = CARTESIAN_POINT('',(4.962333435583,1.747638916162,0.9));
#1335 = CARTESIAN_POINT('',(4.962580537058,1.8,0.9));
#1336 = ORIENTED_EDGE('',*,*,#995,.F.);
#1337 = ORIENTED_EDGE('',*,*,#1293,.F.);
#1338 = CYLINDRICAL_SURFACE('',#1339,0.2);
#1339 = AXIS2_PLACEMENT_3D('',#1340,#1341,#1342);
#1340 = CARTESIAN_POINT('',(5.26,1.8,1.1));
#1341 = DIRECTION('',(-1.,0.,-2.22044604925E-16));
#1342 = DIRECTION('',(2.22044604925E-16,0.,-1.));
#1343 = ADVANCED_FACE('',(#1344),#1363,.T.);
#1344 = FACE_BOUND('',#1345,.T.);
#1345 = EDGE_LOOP('',(#1346,#1355,#1362));
#1346 = ORIENTED_EDGE('',*,*,#1347,.F.);
#1347 = EDGE_CURVE('',#1348,#1321,#1350,.T.);
#1348 = VERTEX_POINT('',#1349);
#1349 = CARTESIAN_POINT('',(5.16256367294,1.797402816417,1.1));
#1350 = CIRCLE('',#1351,0.2);
#1351 = AXIS2_PLACEMENT_3D('',#1352,#1353,#1354);
#1352 = CARTESIAN_POINT('',(4.962580537058,1.8,1.1));
#1353 = DIRECTION('',(1.298591791445E-02,0.999915679413,
    2.883453012904E-18));
#1354 = DIRECTION('',(0.999915679413,-1.298591791445E-02,
    2.220258819936E-16));
#1355 = ORIENTED_EDGE('',*,*,#1356,.F.);
#1356 = EDGE_CURVE('',#998,#1348,#1357,.T.);
#1357 = CIRCLE('',#1358,0.2);
#1358 = AXIS2_PLACEMENT_3D('',#1359,#1360,#1361);
#1359 = CARTESIAN_POINT('',(4.962580537058,1.8,1.1));
#1360 = DIRECTION('',(-2.22044604925E-16,0.,1.));
#1361 = DIRECTION('',(-1.,0.,-2.22044604925E-16));
#1362 = ORIENTED_EDGE('',*,*,#1328,.T.);
#1363 = ( BOUNDED_SURFACE() B_SPLINE_SURFACE(3,3,(
    (#1364,#1365,#1366,#1367)
    ,(#1368,#1369,#1370,#1371)
    ,(#1372,#1373,#1374,#1375)
    ,(#1376,#1377,#1378,#1379
)),.UNSPECIFIED.,.F.,.F.,.F.) B_SPLINE_SURFACE_WITH_KNOTS((4,4),(4,4),(
    0.,1.),(0.,1.),.PIECEWISE_BEZIER_KNOTS.) 
GEOMETRIC_REPRESENTATION_ITEM() RATIONAL_B_SPLINE_SURFACE((
    (1.,0.804737854124,0.804737854124,1.)
    ,(0.802511186739,0.645811130327,0.645811130327,0.802511186739)
    ,(0.802511186739,0.645811130327,0.645811130327,0.802511186739)
,(1.,0.804737854124,0.804737854124,1.
))) REPRESENTATION_ITEM('') SURFACE() );
#1364 = CARTESIAN_POINT('',(5.16256367294,1.797402816417,1.1));
#1365 = CARTESIAN_POINT('',(5.16256367294,1.797402816417,1.1));
#1366 = CARTESIAN_POINT('',(5.16256367294,1.797402816417,1.1));
#1367 = CARTESIAN_POINT('',(5.16256367294,1.797402816417,1.1));
#1368 = CARTESIAN_POINT('',(5.161030884391,1.679378098071,1.1));
#1369 = CARTESIAN_POINT('',(5.161030884391,1.679378098071,1.0308568905)
  );
#1370 = CARTESIAN_POINT('',(5.161665786196,1.728265537105,0.981965328901
    ));
#1371 = CARTESIAN_POINT('',(5.16256367294,1.797402816417,0.981965328901)
  );
#1372 = CARTESIAN_POINT('',(5.076103730624,1.597405162692,1.1));
#1373 = CARTESIAN_POINT('',(5.076103730624,1.597405162692,0.982196266961
    ));
#1374 = CARTESIAN_POINT('',(5.07718545523,1.680697957283,0.898896448481)
  );
#1375 = CARTESIAN_POINT('',(5.078715244837,1.798491757042,0.898896448481
    ));
#1376 = CARTESIAN_POINT('',(4.958098700075,1.600050223463,1.1));
#1377 = CARTESIAN_POINT('',(4.958098700075,1.600050223463,0.982847915768
    ));
#1378 = CARTESIAN_POINT('',(4.95917444096,1.682882271617,0.900008882578)
  );
#1379 = CARTESIAN_POINT('',(4.960695768309,1.800024477516,0.900008882578
    ));
#1380 = ADVANCED_FACE('',(#1381),#1400,.T.);
#1381 = FACE_BOUND('',#1382,.T.);
#1382 = EDGE_LOOP('',(#1383,#1384,#1392,#1399));
#1383 = ORIENTED_EDGE('',*,*,#1356,.T.);
#1384 = ORIENTED_EDGE('',*,*,#1385,.F.);
#1385 = EDGE_CURVE('',#1386,#1348,#1388,.T.);
#1386 = VERTEX_POINT('',#1387);
#1387 = CARTESIAN_POINT('',(5.16256367294,1.797402816417,4.9));
#1388 = LINE('',#1389,#1390);
#1389 = CARTESIAN_POINT('',(5.16256367294,1.797402816417,-4.4));
#1390 = VECTOR('',#1391,1.);
#1391 = DIRECTION('',(2.22044604925E-16,0.,-1.));
#1392 = ORIENTED_EDGE('',*,*,#1393,.T.);
#1393 = EDGE_CURVE('',#1386,#1006,#1394,.T.);
#1394 = CIRCLE('',#1395,0.2);
#1395 = AXIS2_PLACEMENT_3D('',#1396,#1397,#1398);
#1396 = CARTESIAN_POINT('',(4.962580537058,1.8,4.9));
#1397 = DIRECTION('',(2.22044604925E-16,0.,-1.));
#1398 = DIRECTION('',(-1.,0.,-2.22044604925E-16));
#1399 = ORIENTED_EDGE('',*,*,#1005,.T.);
#1400 = CYLINDRICAL_SURFACE('',#1401,0.2);
#1401 = AXIS2_PLACEMENT_3D('',#1402,#1403,#1404);
#1402 = CARTESIAN_POINT('',(4.962580537058,1.8,0.9));
#1403 = DIRECTION('',(-2.22044604925E-16,0.,1.));
#1404 = DIRECTION('',(-1.,0.,-2.22044604925E-16));
#1405 = ADVANCED_FACE('',(#1406),#1431,.F.);
#1406 = FACE_BOUND('',#1407,.T.);
#1407 = EDGE_LOOP('',(#1408,#1416,#1417,#1425));
#1408 = ORIENTED_EDGE('',*,*,#1409,.F.);
#1409 = EDGE_CURVE('',#644,#1410,#1412,.T.);
#1410 = VERTEX_POINT('',#1411);
#1411 = CARTESIAN_POINT('',(5.209350649351,5.4,4.));
#1412 = LINE('',#1413,#1414);
#1413 = CARTESIAN_POINT('',(5.59,5.1,4.));
#1414 = VECTOR('',#1415,1.);
#1415 = DIRECTION('',(-0.785396927414,0.618992460705,-1.743931504569E-16
    ));
#1416 = ORIENTED_EDGE('',*,*,#669,.F.);
#1417 = ORIENTED_EDGE('',*,*,#1418,.F.);
#1418 = EDGE_CURVE('',#1419,#662,#1421,.T.);
#1419 = VERTEX_POINT('',#1420);
#1420 = CARTESIAN_POINT('',(5.209350649351,5.4,3.1));
#1421 = LINE('',#1422,#1423);
#1422 = CARTESIAN_POINT('',(5.209350649351,5.4,3.1));
#1423 = VECTOR('',#1424,1.);
#1424 = DIRECTION('',(0.785396927414,-0.618992460705,1.743931504569E-16)
  );
#1425 = ORIENTED_EDGE('',*,*,#1426,.F.);
#1426 = EDGE_CURVE('',#1410,#1419,#1427,.T.);
#1427 = LINE('',#1428,#1429);
#1428 = CARTESIAN_POINT('',(5.209350649351,5.4,-4.4));
#1429 = VECTOR('',#1430,1.);
#1430 = DIRECTION('',(2.22044604925E-16,0.,-1.));
#1431 = PLANE('',#1432);
#1432 = AXIS2_PLACEMENT_3D('',#1433,#1434,#1435);
#1433 = CARTESIAN_POINT('',(5.59,5.1,4.));
#1434 = DIRECTION('',(-0.618992460705,-0.785396927414,
    -1.374439363887E-16));
#1435 = DIRECTION('',(0.785396927414,-0.618992460705,1.743931504569E-16)
  );
#1436 = ADVANCED_FACE('',(#1437),#1455,.F.);
#1437 = FACE_BOUND('',#1438,.T.);
#1438 = EDGE_LOOP('',(#1439,#1440,#1441,#1449));
#1439 = ORIENTED_EDGE('',*,*,#643,.F.);
#1440 = ORIENTED_EDGE('',*,*,#1409,.T.);
#1441 = ORIENTED_EDGE('',*,*,#1442,.F.);
#1442 = EDGE_CURVE('',#1443,#1410,#1445,.T.);
#1443 = VERTEX_POINT('',#1444);
#1444 = CARTESIAN_POINT('',(5.18987012987,3.9,4.));
#1445 = LINE('',#1446,#1447);
#1446 = CARTESIAN_POINT('',(5.16,1.6,4.));
#1447 = VECTOR('',#1448,1.);
#1448 = DIRECTION('',(1.298591791445E-02,0.999915679413,
    2.883453012904E-18));
#1449 = ORIENTED_EDGE('',*,*,#1450,.T.);
#1450 = EDGE_CURVE('',#1443,#646,#1451,.T.);
#1451 = LINE('',#1452,#1453);
#1452 = CARTESIAN_POINT('',(5.18987012987,3.9,4.));
#1453 = VECTOR('',#1454,1.);
#1454 = DIRECTION('',(0.371494618844,0.92843510714,8.248837587297E-17));
#1455 = PLANE('',#1456);
#1456 = AXIS2_PLACEMENT_3D('',#1457,#1458,#1459);
#1457 = CARTESIAN_POINT('',(5.209350649351,5.4,4.));
#1458 = DIRECTION('',(2.22044604925E-16,0.,-1.));
#1459 = DIRECTION('',(1.,0.,2.22044604925E-16));
#1460 = ADVANCED_FACE('',(#1461),#1479,.F.);
#1461 = FACE_BOUND('',#1462,.T.);
#1462 = EDGE_LOOP('',(#1463,#1464,#1472,#1478));
#1463 = ORIENTED_EDGE('',*,*,#1450,.F.);
#1464 = ORIENTED_EDGE('',*,*,#1465,.F.);
#1465 = EDGE_CURVE('',#1466,#1443,#1468,.T.);
#1466 = VERTEX_POINT('',#1467);
#1467 = CARTESIAN_POINT('',(5.18987012987,3.9,3.1));
#1468 = LINE('',#1469,#1470);
#1469 = CARTESIAN_POINT('',(5.18987012987,3.9,-4.4));
#1470 = VECTOR('',#1471,1.);
#1471 = DIRECTION('',(-2.22044604925E-16,0.,1.));
#1472 = ORIENTED_EDGE('',*,*,#1473,.F.);
#1473 = EDGE_CURVE('',#654,#1466,#1474,.T.);
#1474 = LINE('',#1475,#1476);
#1475 = CARTESIAN_POINT('',(5.18987012987,3.9,3.1));
#1476 = VECTOR('',#1477,1.);
#1477 = DIRECTION('',(-0.371494618844,-0.92843510714,-8.248837587297E-17
    ));
#1478 = ORIENTED_EDGE('',*,*,#653,.F.);
#1479 = PLANE('',#1480);
#1480 = AXIS2_PLACEMENT_3D('',#1481,#1482,#1483);
#1481 = CARTESIAN_POINT('',(5.18987012987,3.9,4.));
#1482 = DIRECTION('',(-0.92843510714,0.371494618844,-2.061540065634E-16)
  );
#1483 = DIRECTION('',(-0.371494618844,-0.92843510714,-8.248837587297E-17
    ));
#1484 = ADVANCED_FACE('',(#1485),#1496,.T.);
#1485 = FACE_BOUND('',#1486,.T.);
#1486 = EDGE_LOOP('',(#1487,#1488,#1494,#1495));
#1487 = ORIENTED_EDGE('',*,*,#1473,.T.);
#1488 = ORIENTED_EDGE('',*,*,#1489,.F.);
#1489 = EDGE_CURVE('',#1419,#1466,#1490,.T.);
#1490 = LINE('',#1491,#1492);
#1491 = CARTESIAN_POINT('',(5.16,1.6,3.1));
#1492 = VECTOR('',#1493,1.);
#1493 = DIRECTION('',(-1.298591791445E-02,-0.999915679413,
    -2.883453012904E-18));
#1494 = ORIENTED_EDGE('',*,*,#1418,.T.);
#1495 = ORIENTED_EDGE('',*,*,#661,.T.);
#1496 = PLANE('',#1497);
#1497 = AXIS2_PLACEMENT_3D('',#1498,#1499,#1500);
#1498 = CARTESIAN_POINT('',(5.209350649351,5.4,3.1));
#1499 = DIRECTION('',(2.22044604925E-16,0.,-1.));
#1500 = DIRECTION('',(1.,0.,2.22044604925E-16));
#1501 = ADVANCED_FACE('',(#1502),#1523,.T.);
#1502 = FACE_BOUND('',#1503,.T.);
#1503 = EDGE_LOOP('',(#1504,#1513,#1522));
#1504 = ORIENTED_EDGE('',*,*,#1505,.F.);
#1505 = EDGE_CURVE('',#1506,#1386,#1508,.T.);
#1506 = VERTEX_POINT('',#1507);
#1507 = CARTESIAN_POINT('',(4.962580537058,1.8,5.1));
#1508 = CIRCLE('',#1509,0.2);
#1509 = AXIS2_PLACEMENT_3D('',#1510,#1511,#1512);
#1510 = CARTESIAN_POINT('',(4.962580537058,1.8,4.9));
#1511 = DIRECTION('',(1.298591791445E-02,0.999915679413,
    2.883453012904E-18));
#1512 = DIRECTION('',(-0.999915679413,1.298591791445E-02,
    -2.220258819936E-16));
#1513 = ORIENTED_EDGE('',*,*,#1514,.F.);
#1514 = EDGE_CURVE('',#1006,#1506,#1515,.T.);
#1515 = B_SPLINE_CURVE_WITH_KNOTS('',3,(#1516,#1517,#1518,#1519,#1520,
    #1521),.UNSPECIFIED.,.F.,.F.,(4,2,4),(0.,0.5,1.),.UNSPECIFIED.);
#1516 = CARTESIAN_POINT('',(4.962580537058,1.6,4.9));
#1517 = CARTESIAN_POINT('',(4.962580537058,1.6,4.95235987756));
#1518 = CARTESIAN_POINT('',(4.962580537058,1.621554619278,5.004397331753
    ));
#1519 = CARTESIAN_POINT('',(4.962580537058,1.695602668247,5.078445380722
    ));
#1520 = CARTESIAN_POINT('',(4.962580537058,1.74764012244,5.1));
#1521 = CARTESIAN_POINT('',(4.962580537058,1.8,5.1));
#1522 = ORIENTED_EDGE('',*,*,#1393,.F.);
#1523 = ( BOUNDED_SURFACE() B_SPLINE_SURFACE(3,3,(
    (#1524,#1525,#1526,#1527)
    ,(#1528,#1529,#1530,#1531)
    ,(#1532,#1533,#1534,#1535)
    ,(#1536,#1537,#1538,#1539
)),.UNSPECIFIED.,.F.,.F.,.F.) B_SPLINE_SURFACE_WITH_KNOTS((4,4),(4,4),(
    0.,1.),(0.,1.),.PIECEWISE_BEZIER_KNOTS.) 
GEOMETRIC_REPRESENTATION_ITEM() RATIONAL_B_SPLINE_SURFACE((
    (1.,0.804737854124,0.804737854124,1.)
    ,(0.802511186739,0.645811130327,0.645811130327,0.802511186739)
    ,(0.802511186739,0.645811130327,0.645811130327,0.802511186739)
,(1.,0.804737854124,0.804737854124,1.
))) REPRESENTATION_ITEM('') SURFACE() );
#1524 = CARTESIAN_POINT('',(5.16256367294,1.797402816417,4.9));
#1525 = CARTESIAN_POINT('',(5.16256367294,1.797402816417,4.9));
#1526 = CARTESIAN_POINT('',(5.16256367294,1.797402816417,4.9));
#1527 = CARTESIAN_POINT('',(5.16256367294,1.797402816417,4.9));
#1528 = CARTESIAN_POINT('',(5.16256367294,1.797402816417,5.018034671099)
  );
#1529 = CARTESIAN_POINT('',(5.161665786196,1.728265537105,5.018034671099
    ));
#1530 = CARTESIAN_POINT('',(5.161030884391,1.679378098071,4.9691431095)
  );
#1531 = CARTESIAN_POINT('',(5.161030884391,1.679378098071,4.9));
#1532 = CARTESIAN_POINT('',(5.078715244837,1.798491757042,5.101103551519
    ));
#1533 = CARTESIAN_POINT('',(5.07718545523,1.680697957283,5.101103551519)
  );
#1534 = CARTESIAN_POINT('',(5.076103730624,1.597405162692,5.017803733039
    ));
#1535 = CARTESIAN_POINT('',(5.076103730624,1.597405162692,4.9));
#1536 = CARTESIAN_POINT('',(4.960695768309,1.800024477516,5.099991117422
    ));
#1537 = CARTESIAN_POINT('',(4.95917444096,1.682882271617,5.099991117422)
  );
#1538 = CARTESIAN_POINT('',(4.958098700075,1.600050223463,5.017152084232
    ));
#1539 = CARTESIAN_POINT('',(4.958098700075,1.600050223463,4.9));
#1540 = ADVANCED_FACE('',(#1541),#1562,.T.);
#1541 = FACE_BOUND('',#1542,.T.);
#1542 = EDGE_LOOP('',(#1543,#1551,#1560,#1561));
#1543 = ORIENTED_EDGE('',*,*,#1544,.F.);
#1544 = EDGE_CURVE('',#1545,#1506,#1547,.T.);
#1545 = VERTEX_POINT('',#1546);
#1546 = CARTESIAN_POINT('',(2.657419462942,1.8,5.1));
#1547 = LINE('',#1548,#1549);
#1548 = CARTESIAN_POINT('',(5.26,1.8,5.1));
#1549 = VECTOR('',#1550,1.);
#1550 = DIRECTION('',(1.,0.,2.22044604925E-16));
#1551 = ORIENTED_EDGE('',*,*,#1552,.T.);
#1552 = EDGE_CURVE('',#1545,#1014,#1553,.T.);
#1553 = B_SPLINE_CURVE_WITH_KNOTS('',3,(#1554,#1555,#1556,#1557,#1558,
    #1559),.UNSPECIFIED.,.F.,.F.,(4,2,4),(0.,0.5,1.),.UNSPECIFIED.);
#1554 = CARTESIAN_POINT('',(2.657419462942,1.8,5.1));
#1555 = CARTESIAN_POINT('',(2.657419462942,1.74764012244,5.1));
#1556 = CARTESIAN_POINT('',(2.657419462942,1.695602668247,5.078445380722
    ));
#1557 = CARTESIAN_POINT('',(2.657419462942,1.621554619278,5.004397331753
    ));
#1558 = CARTESIAN_POINT('',(2.657419462942,1.6,4.95235987756));
#1559 = CARTESIAN_POINT('',(2.657419462942,1.6,4.9));
#1560 = ORIENTED_EDGE('',*,*,#1013,.T.);
#1561 = ORIENTED_EDGE('',*,*,#1514,.T.);
#1562 = CYLINDRICAL_SURFACE('',#1563,0.2);
#1563 = AXIS2_PLACEMENT_3D('',#1564,#1565,#1566);
#1564 = CARTESIAN_POINT('',(5.26,1.8,4.9));
#1565 = DIRECTION('',(-1.,0.,-2.22044604925E-16));
#1566 = DIRECTION('',(2.22044604925E-16,0.,-1.));
#1567 = ADVANCED_FACE('',(#1568),#1601,.F.);
#1568 = FACE_BOUND('',#1569,.T.);
#1569 = EDGE_LOOP('',(#1570,#1571,#1579,#1587,#1593,#1594,#1595,#1596,
    #1597,#1598,#1599,#1600));
#1570 = ORIENTED_EDGE('',*,*,#959,.F.);
#1571 = ORIENTED_EDGE('',*,*,#1572,.F.);
#1572 = EDGE_CURVE('',#1573,#960,#1575,.T.);
#1573 = VERTEX_POINT('',#1574);
#1574 = CARTESIAN_POINT('',(3.56,1.9,5.1));
#1575 = LINE('',#1576,#1577);
#1576 = CARTESIAN_POINT('',(3.56,1.9,5.30635083269));
#1577 = VECTOR('',#1578,1.);
#1578 = DIRECTION('',(-2.22044604925E-16,0.,1.));
#1579 = ORIENTED_EDGE('',*,*,#1580,.F.);
#1580 = EDGE_CURVE('',#1581,#1573,#1583,.T.);
#1581 = VERTEX_POINT('',#1582);
#1582 = CARTESIAN_POINT('',(4.06,1.9,5.1));
#1583 = LINE('',#1584,#1585);
#1584 = CARTESIAN_POINT('',(5.26,1.9,5.1));
#1585 = VECTOR('',#1586,1.);
#1586 = DIRECTION('',(-1.,0.,-2.22044604925E-16));
#1587 = ORIENTED_EDGE('',*,*,#1588,.F.);
#1588 = EDGE_CURVE('',#703,#1581,#1589,.T.);
#1589 = LINE('',#1590,#1591);
#1590 = CARTESIAN_POINT('',(4.06,1.9,5.30635083269));
#1591 = VECTOR('',#1592,1.);
#1592 = DIRECTION('',(2.22044604925E-16,0.,-1.));
#1593 = ORIENTED_EDGE('',*,*,#710,.T.);
#1594 = ORIENTED_EDGE('',*,*,#743,.F.);
#1595 = ORIENTED_EDGE('',*,*,#768,.F.);
#1596 = ORIENTED_EDGE('',*,*,#809,.F.);
#1597 = ORIENTED_EDGE('',*,*,#843,.F.);
#1598 = ORIENTED_EDGE('',*,*,#877,.F.);
#1599 = ORIENTED_EDGE('',*,*,#911,.F.);
#1600 = ORIENTED_EDGE('',*,*,#943,.F.);
#1601 = PLANE('',#1602);
#1602 = AXIS2_PLACEMENT_3D('',#1603,#1604,#1605);
#1603 = CARTESIAN_POINT('',(4.26,1.9,5.30635083269));
#1604 = DIRECTION('',(0.,1.,0.));
#1605 = DIRECTION('',(-1.,0.,-2.22044604925E-16));
#1606 = ADVANCED_FACE('',(#1607),#1625,.T.);
#1607 = FACE_BOUND('',#1608,.T.);
#1608 = EDGE_LOOP('',(#1609,#1610,#1611,#1619));
#1609 = ORIENTED_EDGE('',*,*,#702,.T.);
#1610 = ORIENTED_EDGE('',*,*,#1588,.T.);
#1611 = ORIENTED_EDGE('',*,*,#1612,.F.);
#1612 = EDGE_CURVE('',#1613,#1581,#1615,.T.);
#1613 = VERTEX_POINT('',#1614);
#1614 = CARTESIAN_POINT('',(4.06,3.9,5.1));
#1615 = LINE('',#1616,#1617);
#1616 = CARTESIAN_POINT('',(4.06,1.6,5.1));
#1617 = VECTOR('',#1618,1.);
#1618 = DIRECTION('',(0.,-1.,0.));
#1619 = ORIENTED_EDGE('',*,*,#1620,.F.);
#1620 = EDGE_CURVE('',#694,#1613,#1621,.T.);
#1621 = LINE('',#1622,#1623);
#1622 = CARTESIAN_POINT('',(4.06,3.9,5.30635083269));
#1623 = VECTOR('',#1624,1.);
#1624 = DIRECTION('',(2.22044604925E-16,0.,-1.));
#1625 = PLANE('',#1626);
#1626 = AXIS2_PLACEMENT_3D('',#1627,#1628,#1629);
#1627 = CARTESIAN_POINT('',(4.06,3.9,5.1));
#1628 = DIRECTION('',(1.,0.,2.22044604925E-16));
#1629 = DIRECTION('',(-2.22044604925E-16,0.,1.));
#1630 = ADVANCED_FACE('',(#1631),#1657,.T.);
#1631 = FACE_BOUND('',#1632,.T.);
#1632 = EDGE_LOOP('',(#1633,#1641,#1642,#1643,#1644,#1645,#1646,#1647,
    #1648,#1649,#1650,#1651));
#1633 = ORIENTED_EDGE('',*,*,#1634,.T.);
#1634 = EDGE_CURVE('',#1635,#969,#1637,.T.);
#1635 = VERTEX_POINT('',#1636);
#1636 = CARTESIAN_POINT('',(3.56,3.9,5.1));
#1637 = LINE('',#1638,#1639);
#1638 = CARTESIAN_POINT('',(3.56,3.9,5.30635083269));
#1639 = VECTOR('',#1640,1.);
#1640 = DIRECTION('',(-2.22044604925E-16,0.,1.));
#1641 = ORIENTED_EDGE('',*,*,#976,.T.);
#1642 = ORIENTED_EDGE('',*,*,#926,.F.);
#1643 = ORIENTED_EDGE('',*,*,#895,.F.);
#1644 = ORIENTED_EDGE('',*,*,#858,.F.);
#1645 = ORIENTED_EDGE('',*,*,#827,.F.);
#1646 = ORIENTED_EDGE('',*,*,#790,.F.);
#1647 = ORIENTED_EDGE('',*,*,#775,.F.);
#1648 = ORIENTED_EDGE('',*,*,#726,.F.);
#1649 = ORIENTED_EDGE('',*,*,#693,.T.);
#1650 = ORIENTED_EDGE('',*,*,#1620,.T.);
#1651 = ORIENTED_EDGE('',*,*,#1652,.F.);
#1652 = EDGE_CURVE('',#1635,#1613,#1653,.T.);
#1653 = LINE('',#1654,#1655);
#1654 = CARTESIAN_POINT('',(5.26,3.9,5.1));
#1655 = VECTOR('',#1656,1.);
#1656 = DIRECTION('',(1.,0.,2.22044604925E-16));
#1657 = PLANE('',#1658);
#1658 = AXIS2_PLACEMENT_3D('',#1659,#1660,#1661);
#1659 = CARTESIAN_POINT('',(4.26,3.9,5.30635083269));
#1660 = DIRECTION('',(0.,1.,0.));
#1661 = DIRECTION('',(-1.,0.,-2.22044604925E-16));
#1662 = ADVANCED_FACE('',(#1663),#1674,.T.);
#1663 = FACE_BOUND('',#1664,.T.);
#1664 = EDGE_LOOP('',(#1665,#1671,#1672,#1673));
#1665 = ORIENTED_EDGE('',*,*,#1666,.F.);
#1666 = EDGE_CURVE('',#1573,#1635,#1667,.T.);
#1667 = LINE('',#1668,#1669);
#1668 = CARTESIAN_POINT('',(3.56,1.6,5.1));
#1669 = VECTOR('',#1670,1.);
#1670 = DIRECTION('',(0.,1.,0.));
#1671 = ORIENTED_EDGE('',*,*,#1572,.T.);
#1672 = ORIENTED_EDGE('',*,*,#968,.T.);
#1673 = ORIENTED_EDGE('',*,*,#1634,.F.);
#1674 = PLANE('',#1675);
#1675 = AXIS2_PLACEMENT_3D('',#1676,#1677,#1678);
#1676 = CARTESIAN_POINT('',(3.56,3.9,5.30635083269));
#1677 = DIRECTION('',(-1.,0.,-2.22044604925E-16));
#1678 = DIRECTION('',(2.22044604925E-16,-0.,-1.));
#1679 = ADVANCED_FACE('',(#1680),#1699,.T.);
#1680 = FACE_BOUND('',#1681,.T.);
#1681 = EDGE_LOOP('',(#1682,#1683,#1692));
#1682 = ORIENTED_EDGE('',*,*,#1552,.F.);
#1683 = ORIENTED_EDGE('',*,*,#1684,.F.);
#1684 = EDGE_CURVE('',#1685,#1545,#1687,.T.);
#1685 = VERTEX_POINT('',#1686);
#1686 = CARTESIAN_POINT('',(2.45743632706,1.797402816417,4.9));
#1687 = CIRCLE('',#1688,0.2);
#1688 = AXIS2_PLACEMENT_3D('',#1689,#1690,#1691);
#1689 = CARTESIAN_POINT('',(2.657419462942,1.8,4.9));
#1690 = DIRECTION('',(-1.298591791445E-02,0.999915679413,
    -2.883453012904E-18));
#1691 = DIRECTION('',(0.999915679413,1.298591791445E-02,
    2.220258819936E-16));
#1692 = ORIENTED_EDGE('',*,*,#1693,.F.);
#1693 = EDGE_CURVE('',#1014,#1685,#1694,.T.);
#1694 = CIRCLE('',#1695,0.2);
#1695 = AXIS2_PLACEMENT_3D('',#1696,#1697,#1698);
#1696 = CARTESIAN_POINT('',(2.657419462942,1.8,4.9));
#1697 = DIRECTION('',(2.22044604925E-16,0.,-1.));
#1698 = DIRECTION('',(-1.,0.,-2.22044604925E-16));
#1699 = ( BOUNDED_SURFACE() B_SPLINE_SURFACE(3,3,(
    (#1700,#1701,#1702,#1703)
    ,(#1704,#1705,#1706,#1707)
    ,(#1708,#1709,#1710,#1711)
    ,(#1712,#1713,#1714,#1715
)),.UNSPECIFIED.,.F.,.F.,.F.) B_SPLINE_SURFACE_WITH_KNOTS((4,4),(4,4),(
    0.,1.),(0.,1.),.PIECEWISE_BEZIER_KNOTS.) 
GEOMETRIC_REPRESENTATION_ITEM() RATIONAL_B_SPLINE_SURFACE((
    (1.,0.804737854124,0.804737854124,1.)
    ,(0.802511186739,0.645811130327,0.645811130327,0.802511186739)
    ,(0.802511186739,0.645811130327,0.645811130327,0.802511186739)
,(1.,0.804737854124,0.804737854124,1.
))) REPRESENTATION_ITEM('') SURFACE() );
#1700 = CARTESIAN_POINT('',(2.45743632706,1.797402816417,4.9));
#1701 = CARTESIAN_POINT('',(2.45743632706,1.797402816417,4.9));
#1702 = CARTESIAN_POINT('',(2.45743632706,1.797402816417,4.9));
#1703 = CARTESIAN_POINT('',(2.45743632706,1.797402816417,4.9));
#1704 = CARTESIAN_POINT('',(2.458969115609,1.679378098071,4.9));
#1705 = CARTESIAN_POINT('',(2.458969115609,1.679378098071,4.9691431095)
  );
#1706 = CARTESIAN_POINT('',(2.458334213804,1.728265537105,5.018034671099
    ));
#1707 = CARTESIAN_POINT('',(2.45743632706,1.797402816417,5.018034671099)
  );
#1708 = CARTESIAN_POINT('',(2.543896269376,1.597405162692,4.9));
#1709 = CARTESIAN_POINT('',(2.543896269376,1.597405162692,5.017803733039
    ));
#1710 = CARTESIAN_POINT('',(2.54281454477,1.680697957283,5.101103551519)
  );
#1711 = CARTESIAN_POINT('',(2.541284755163,1.798491757042,5.101103551519
    ));
#1712 = CARTESIAN_POINT('',(2.661901299925,1.600050223463,4.9));
#1713 = CARTESIAN_POINT('',(2.661901299925,1.600050223463,5.017152084232
    ));
#1714 = CARTESIAN_POINT('',(2.66082555904,1.682882271617,5.099991117422)
  );
#1715 = CARTESIAN_POINT('',(2.659304231691,1.800024477516,5.099991117422
    ));
#1716 = ADVANCED_FACE('',(#1717),#1736,.T.);
#1717 = FACE_BOUND('',#1718,.T.);
#1718 = EDGE_LOOP('',(#1719,#1728,#1729,#1730));
#1719 = ORIENTED_EDGE('',*,*,#1720,.T.);
#1720 = EDGE_CURVE('',#1721,#1022,#1723,.T.);
#1721 = VERTEX_POINT('',#1722);
#1722 = CARTESIAN_POINT('',(2.45743632706,1.797402816417,1.1));
#1723 = CIRCLE('',#1724,0.2);
#1724 = AXIS2_PLACEMENT_3D('',#1725,#1726,#1727);
#1725 = CARTESIAN_POINT('',(2.657419462942,1.8,1.1));
#1726 = DIRECTION('',(-2.22044604925E-16,0.,1.));
#1727 = DIRECTION('',(-1.,0.,-2.22044604925E-16));
#1728 = ORIENTED_EDGE('',*,*,#1021,.T.);
#1729 = ORIENTED_EDGE('',*,*,#1693,.T.);
#1730 = ORIENTED_EDGE('',*,*,#1731,.F.);
#1731 = EDGE_CURVE('',#1721,#1685,#1732,.T.);
#1732 = LINE('',#1733,#1734);
#1733 = CARTESIAN_POINT('',(2.45743632706,1.797402816417,-4.4));
#1734 = VECTOR('',#1735,1.);
#1735 = DIRECTION('',(-2.22044604925E-16,0.,1.));
#1736 = CYLINDRICAL_SURFACE('',#1737,0.2);
#1737 = AXIS2_PLACEMENT_3D('',#1738,#1739,#1740);
#1738 = CARTESIAN_POINT('',(2.657419462942,1.8,-4.4));
#1739 = DIRECTION('',(-2.22044604925E-16,0.,1.));
#1740 = DIRECTION('',(-1.,0.,-2.22044604925E-16));
#1741 = ADVANCED_FACE('',(#1742),#1763,.T.);
#1742 = FACE_BOUND('',#1743,.T.);
#1743 = EDGE_LOOP('',(#1744,#1755,#1756));
#1744 = ORIENTED_EDGE('',*,*,#1745,.T.);
#1745 = EDGE_CURVE('',#1746,#1022,#1748,.T.);
#1746 = VERTEX_POINT('',#1747);
#1747 = CARTESIAN_POINT('',(2.657419462942,1.8,0.9));
#1748 = B_SPLINE_CURVE_WITH_KNOTS('',3,(#1749,#1750,#1751,#1752,#1753,
    #1754),.UNSPECIFIED.,.F.,.F.,(4,2,4),(0.,0.5,1.),.UNSPECIFIED.);
#1749 = CARTESIAN_POINT('',(2.657419462942,1.8,0.9));
#1750 = CARTESIAN_POINT('',(2.657666564417,1.747638916162,0.9));
#1751 = CARTESIAN_POINT('',(2.657909476159,1.695600441752,0.921556393503
    ));
#1752 = CARTESIAN_POINT('',(2.658005325211,1.621552929639,0.995606856451
    ));
#1753 = CARTESIAN_POINT('',(2.657852339039,1.6,1.047644537456));
#1754 = CARTESIAN_POINT('',(2.657419462942,1.6,1.1));
#1755 = ORIENTED_EDGE('',*,*,#1720,.F.);
#1756 = ORIENTED_EDGE('',*,*,#1757,.F.);
#1757 = EDGE_CURVE('',#1746,#1721,#1758,.T.);
#1758 = CIRCLE('',#1759,0.2);
#1759 = AXIS2_PLACEMENT_3D('',#1760,#1761,#1762);
#1760 = CARTESIAN_POINT('',(2.657419462942,1.8,1.1));
#1761 = DIRECTION('',(-1.298591791445E-02,0.999915679413,
    -2.883453012904E-18));
#1762 = DIRECTION('',(-0.999915679413,-1.298591791445E-02,
    -2.220258819936E-16));
#1763 = ( BOUNDED_SURFACE() B_SPLINE_SURFACE(3,3,(
    (#1764,#1765,#1766,#1767)
    ,(#1768,#1769,#1770,#1771)
    ,(#1772,#1773,#1774,#1775)
    ,(#1776,#1777,#1778,#1779
)),.UNSPECIFIED.,.F.,.F.,.F.) B_SPLINE_SURFACE_WITH_KNOTS((4,4),(4,4),(
    0.,1.),(0.,1.),.PIECEWISE_BEZIER_KNOTS.) 
GEOMETRIC_REPRESENTATION_ITEM() RATIONAL_B_SPLINE_SURFACE((
    (1.,0.804737854124,0.804737854124,1.)
    ,(0.802511186739,0.645811130327,0.645811130327,0.802511186739)
    ,(0.802511186739,0.645811130327,0.645811130327,0.802511186739)
,(1.,0.804737854124,0.804737854124,1.
))) REPRESENTATION_ITEM('') SURFACE() );
#1764 = CARTESIAN_POINT('',(2.45743632706,1.797402816417,1.1));
#1765 = CARTESIAN_POINT('',(2.45743632706,1.797402816417,1.1));
#1766 = CARTESIAN_POINT('',(2.45743632706,1.797402816417,1.1));
#1767 = CARTESIAN_POINT('',(2.45743632706,1.797402816417,1.1));
#1768 = CARTESIAN_POINT('',(2.45743632706,1.797402816417,0.981965328901)
  );
#1769 = CARTESIAN_POINT('',(2.458334213804,1.728265537105,0.981965328901
    ));
#1770 = CARTESIAN_POINT('',(2.458969115609,1.679378098071,1.0308568905)
  );
#1771 = CARTESIAN_POINT('',(2.458969115609,1.679378098071,1.1));
#1772 = CARTESIAN_POINT('',(2.541284755163,1.798491757042,0.898896448481
    ));
#1773 = CARTESIAN_POINT('',(2.54281454477,1.680697957283,0.898896448481)
  );
#1774 = CARTESIAN_POINT('',(2.543896269376,1.597405162692,0.982196266961
    ));
#1775 = CARTESIAN_POINT('',(2.543896269376,1.597405162692,1.1));
#1776 = CARTESIAN_POINT('',(2.659304231691,1.800024477516,0.900008882578
    ));
#1777 = CARTESIAN_POINT('',(2.66082555904,1.682882271617,0.900008882578)
  );
#1778 = CARTESIAN_POINT('',(2.661901299925,1.600050223463,0.982847915768
    ));
#1779 = CARTESIAN_POINT('',(2.661901299925,1.600050223463,1.1));
#1780 = ADVANCED_FACE('',(#1781),#1792,.T.);
#1781 = FACE_BOUND('',#1782,.T.);
#1782 = EDGE_LOOP('',(#1783,#1784,#1785,#1791));
#1783 = ORIENTED_EDGE('',*,*,#1029,.F.);
#1784 = ORIENTED_EDGE('',*,*,#1745,.F.);
#1785 = ORIENTED_EDGE('',*,*,#1786,.F.);
#1786 = EDGE_CURVE('',#1200,#1746,#1787,.T.);
#1787 = LINE('',#1788,#1789);
#1788 = CARTESIAN_POINT('',(5.26,1.8,0.9));
#1789 = VECTOR('',#1790,1.);
#1790 = DIRECTION('',(-1.,0.,-2.22044604925E-16));
#1791 = ORIENTED_EDGE('',*,*,#1199,.F.);
#1792 = CYLINDRICAL_SURFACE('',#1793,0.2);
#1793 = AXIS2_PLACEMENT_3D('',#1794,#1795,#1796);
#1794 = CARTESIAN_POINT('',(5.26,1.8,1.1));
#1795 = DIRECTION('',(-1.,0.,-2.22044604925E-16));
#1796 = DIRECTION('',(2.22044604925E-16,0.,-1.));
#1797 = ADVANCED_FACE('',(#1798),#1832,.F.);
#1798 = FACE_BOUND('',#1799,.T.);
#1799 = EDGE_LOOP('',(#1800,#1810,#1818,#1826));
#1800 = ORIENTED_EDGE('',*,*,#1801,.F.);
#1801 = EDGE_CURVE('',#1802,#1804,#1806,.T.);
#1802 = VERTEX_POINT('',#1803);
#1803 = CARTESIAN_POINT('',(2.91,15.,0.675));
#1804 = VERTEX_POINT('',#1805);
#1805 = CARTESIAN_POINT('',(2.91,15.,-1.925));
#1806 = LINE('',#1807,#1808);
#1807 = CARTESIAN_POINT('',(2.91,15.,-1.925));
#1808 = VECTOR('',#1809,1.);
#1809 = DIRECTION('',(2.593575249743E-16,1.06608342998E-17,-1.));
#1810 = ORIENTED_EDGE('',*,*,#1811,.T.);
#1811 = EDGE_CURVE('',#1802,#1812,#1814,.T.);
#1812 = VERTEX_POINT('',#1813);
#1813 = CARTESIAN_POINT('',(4.71,15.,0.675));
#1814 = LINE('',#1815,#1816);
#1815 = CARTESIAN_POINT('',(80.538,15.,0.675));
#1816 = VECTOR('',#1817,1.);
#1817 = DIRECTION('',(1.,0.,2.22044604925E-16));
#1818 = ORIENTED_EDGE('',*,*,#1819,.T.);
#1819 = EDGE_CURVE('',#1812,#1820,#1822,.T.);
#1820 = VERTEX_POINT('',#1821);
#1821 = CARTESIAN_POINT('',(4.71,15.,-1.925));
#1822 = LINE('',#1823,#1824);
#1823 = CARTESIAN_POINT('',(4.71,15.,-2.625));
#1824 = VECTOR('',#1825,1.);
#1825 = DIRECTION('',(1.847316848757E-16,1.06608342998E-17,-1.));
#1826 = ORIENTED_EDGE('',*,*,#1827,.F.);
#1827 = EDGE_CURVE('',#1804,#1820,#1828,.T.);
#1828 = LINE('',#1829,#1830);
#1829 = CARTESIAN_POINT('',(4.71,15.,-1.925));
#1830 = VECTOR('',#1831,1.);
#1831 = DIRECTION('',(1.,0.,2.22044604925E-16));
#1832 = PLANE('',#1833);
#1833 = AXIS2_PLACEMENT_3D('',#1834,#1835,#1836);
#1834 = CARTESIAN_POINT('',(-190.306,15.,7.195292312849));
#1835 = DIRECTION('',(-9.127630068186E-33,-1.,4.110719137386E-17));
#1836 = DIRECTION('',(2.22044604925E-16,-4.110719137386E-17,-1.));
#1837 = ADVANCED_FACE('',(#1838),#1872,.T.);
#1838 = FACE_BOUND('',#1839,.T.);
#1839 = EDGE_LOOP('',(#1840,#1850,#1858,#1866));
#1840 = ORIENTED_EDGE('',*,*,#1841,.F.);
#1841 = EDGE_CURVE('',#1842,#1844,#1846,.T.);
#1842 = VERTEX_POINT('',#1843);
#1843 = CARTESIAN_POINT('',(6.11,9.3,5.95));
#1844 = VERTEX_POINT('',#1845);
#1845 = CARTESIAN_POINT('',(5.41,9.3,5.95));
#1846 = LINE('',#1847,#1848);
#1847 = CARTESIAN_POINT('',(6.11,9.3,5.95));
#1848 = VECTOR('',#1849,1.);
#1849 = DIRECTION('',(-1.,0.,-2.22044604925E-16));
#1850 = ORIENTED_EDGE('',*,*,#1851,.F.);
#1851 = EDGE_CURVE('',#1852,#1842,#1854,.T.);
#1852 = VERTEX_POINT('',#1853);
#1853 = CARTESIAN_POINT('',(6.11,9.3,7.5));
#1854 = LINE('',#1855,#1856);
#1855 = CARTESIAN_POINT('',(6.11,9.3,2.975));
#1856 = VECTOR('',#1857,1.);
#1857 = DIRECTION('',(2.22044604925E-16,0.,-1.));
#1858 = ORIENTED_EDGE('',*,*,#1859,.T.);
#1859 = EDGE_CURVE('',#1852,#1860,#1862,.T.);
#1860 = VERTEX_POINT('',#1861);
#1861 = CARTESIAN_POINT('',(5.41,9.3,7.5));
#1862 = LINE('',#1863,#1864);
#1863 = CARTESIAN_POINT('',(6.11,9.3,7.5));
#1864 = VECTOR('',#1865,1.);
#1865 = DIRECTION('',(-1.,0.,-2.22044604925E-16));
#1866 = ORIENTED_EDGE('',*,*,#1867,.T.);
#1867 = EDGE_CURVE('',#1860,#1844,#1868,.T.);
#1868 = LINE('',#1869,#1870);
#1869 = CARTESIAN_POINT('',(5.41,9.3,5.8));
#1870 = VECTOR('',#1871,1.);
#1871 = DIRECTION('',(2.22044604925E-16,4.336808689942E-16,-1.));
#1872 = PLANE('',#1873);
#1873 = AXIS2_PLACEMENT_3D('',#1874,#1875,#1876);
#1874 = CARTESIAN_POINT('',(6.11,9.3,5.8));
#1875 = DIRECTION('',(9.629649721936E-32,-1.,-4.336808689942E-16));
#1876 = DIRECTION('',(2.22044604925E-16,4.336808689942E-16,-1.));
#1877 = ADVANCED_FACE('',(#1878),#1912,.T.);
#1878 = FACE_BOUND('',#1879,.T.);
#1879 = EDGE_LOOP('',(#1880,#1890,#1898,#1906));
#1880 = ORIENTED_EDGE('',*,*,#1881,.F.);
#1881 = EDGE_CURVE('',#1882,#1884,#1886,.T.);
#1882 = VERTEX_POINT('',#1883);
#1883 = CARTESIAN_POINT('',(-6.11,8.4,-2.));
#1884 = VERTEX_POINT('',#1885);
#1885 = CARTESIAN_POINT('',(6.11,8.4,-2.));
#1886 = LINE('',#1887,#1888);
#1887 = CARTESIAN_POINT('',(6.11,8.4,-2.));
#1888 = VECTOR('',#1889,1.);
#1889 = DIRECTION('',(1.,0.,2.22044604925E-16));
#1890 = ORIENTED_EDGE('',*,*,#1891,.F.);
#1891 = EDGE_CURVE('',#1892,#1882,#1894,.T.);
#1892 = VERTEX_POINT('',#1893);
#1893 = CARTESIAN_POINT('',(-6.11,8.9,-2.));
#1894 = LINE('',#1895,#1896);
#1895 = CARTESIAN_POINT('',(-6.11,9.1,-2.));
#1896 = VECTOR('',#1897,1.);
#1897 = DIRECTION('',(9.629649721936E-32,-1.,-4.336808689942E-16));
#1898 = ORIENTED_EDGE('',*,*,#1899,.F.);
#1899 = EDGE_CURVE('',#1900,#1892,#1902,.T.);
#1900 = VERTEX_POINT('',#1901);
#1901 = CARTESIAN_POINT('',(6.11,8.9,-2.));
#1902 = LINE('',#1903,#1904);
#1903 = CARTESIAN_POINT('',(6.11,8.9,-2.));
#1904 = VECTOR('',#1905,1.);
#1905 = DIRECTION('',(-1.,-0.,-2.22044604925E-16));
#1906 = ORIENTED_EDGE('',*,*,#1907,.T.);
#1907 = EDGE_CURVE('',#1900,#1884,#1908,.T.);
#1908 = LINE('',#1909,#1910);
#1909 = CARTESIAN_POINT('',(6.11,9.1,-2.));
#1910 = VECTOR('',#1911,1.);
#1911 = DIRECTION('',(9.629649721936E-32,-1.,-4.336808689942E-16));
#1912 = PLANE('',#1913);
#1913 = AXIS2_PLACEMENT_3D('',#1914,#1915,#1916);
#1914 = CARTESIAN_POINT('',(6.11,9.1,-2.));
#1915 = DIRECTION('',(2.22044604925E-16,4.336808689942E-16,-1.));
#1916 = DIRECTION('',(-9.629649721936E-32,1.,4.336808689942E-16));
#1917 = ADVANCED_FACE('',(#1918),#1943,.T.);
#1918 = FACE_BOUND('',#1919,.T.);
#1919 = EDGE_LOOP('',(#1920,#1921,#1929,#1937));
#1920 = ORIENTED_EDGE('',*,*,#1899,.T.);
#1921 = ORIENTED_EDGE('',*,*,#1922,.F.);
#1922 = EDGE_CURVE('',#1923,#1892,#1925,.T.);
#1923 = VERTEX_POINT('',#1924);
#1924 = CARTESIAN_POINT('',(-6.11,8.9,-3.1));
#1925 = LINE('',#1926,#1927);
#1926 = CARTESIAN_POINT('',(-6.11,8.9,-3.4));
#1927 = VECTOR('',#1928,1.);
#1928 = DIRECTION('',(-2.22044604925E-16,0.,1.));
#1929 = ORIENTED_EDGE('',*,*,#1930,.F.);
#1930 = EDGE_CURVE('',#1931,#1923,#1933,.T.);
#1931 = VERTEX_POINT('',#1932);
#1932 = CARTESIAN_POINT('',(6.11,8.9,-3.1));
#1933 = LINE('',#1934,#1935);
#1934 = CARTESIAN_POINT('',(6.11,8.9,-3.1));
#1935 = VECTOR('',#1936,1.);
#1936 = DIRECTION('',(-1.,0.,-2.22044604925E-16));
#1937 = ORIENTED_EDGE('',*,*,#1938,.T.);
#1938 = EDGE_CURVE('',#1931,#1900,#1939,.T.);
#1939 = LINE('',#1940,#1941);
#1940 = CARTESIAN_POINT('',(6.11,8.9,-3.4));
#1941 = VECTOR('',#1942,1.);
#1942 = DIRECTION('',(-2.22044604925E-16,0.,1.));
#1943 = PLANE('',#1944);
#1944 = AXIS2_PLACEMENT_3D('',#1945,#1946,#1947);
#1945 = CARTESIAN_POINT('',(6.11,8.9,-3.4));
#1946 = DIRECTION('',(0.,-1.,0.));
#1947 = DIRECTION('',(1.,0.,2.22044604925E-16));
#1948 = ADVANCED_FACE('',(#1949),#1985,.T.);
#1949 = FACE_BOUND('',#1950,.T.);
#1950 = EDGE_LOOP('',(#1951,#1961,#1970,#1978));
#1951 = ORIENTED_EDGE('',*,*,#1952,.T.);
#1952 = EDGE_CURVE('',#1953,#1955,#1957,.T.);
#1953 = VERTEX_POINT('',#1954);
#1954 = CARTESIAN_POINT('',(6.11,17.1,2.475));
#1955 = VERTEX_POINT('',#1956);
#1956 = CARTESIAN_POINT('',(-6.11,17.1,2.475));
#1957 = LINE('',#1958,#1959);
#1958 = CARTESIAN_POINT('',(6.11,17.1,2.475));
#1959 = VECTOR('',#1960,1.);
#1960 = DIRECTION('',(-1.,0.,-2.22044604925E-16));
#1961 = ORIENTED_EDGE('',*,*,#1962,.F.);
#1962 = EDGE_CURVE('',#1963,#1955,#1965,.T.);
#1963 = VERTEX_POINT('',#1964);
#1964 = CARTESIAN_POINT('',(-6.11,16.6,2.975));
#1965 = CIRCLE('',#1966,0.5);
#1966 = AXIS2_PLACEMENT_3D('',#1967,#1968,#1969);
#1967 = CARTESIAN_POINT('',(-6.11,16.6,2.475));
#1968 = DIRECTION('',(-1.,-0.,-2.22044604925E-16));
#1969 = DIRECTION('',(2.22044604925E-16,0.,-1.));
#1970 = ORIENTED_EDGE('',*,*,#1971,.T.);
#1971 = EDGE_CURVE('',#1963,#1972,#1974,.T.);
#1972 = VERTEX_POINT('',#1973);
#1973 = CARTESIAN_POINT('',(6.11,16.6,2.975));
#1974 = LINE('',#1975,#1976);
#1975 = CARTESIAN_POINT('',(6.11,16.6,2.975));
#1976 = VECTOR('',#1977,1.);
#1977 = DIRECTION('',(1.,0.,2.22044604925E-16));
#1978 = ORIENTED_EDGE('',*,*,#1979,.T.);
#1979 = EDGE_CURVE('',#1972,#1953,#1980,.T.);
#1980 = CIRCLE('',#1981,0.5);
#1981 = AXIS2_PLACEMENT_3D('',#1982,#1983,#1984);
#1982 = CARTESIAN_POINT('',(6.11,16.6,2.475));
#1983 = DIRECTION('',(-1.,-0.,-2.22044604925E-16));
#1984 = DIRECTION('',(2.22044604925E-16,0.,-1.));
#1985 = CYLINDRICAL_SURFACE('',#1986,0.5);
#1986 = AXIS2_PLACEMENT_3D('',#1987,#1988,#1989);
#1987 = CARTESIAN_POINT('',(6.11,16.6,2.475));
#1988 = DIRECTION('',(-1.,0.,-2.22044604925E-16));
#1989 = DIRECTION('',(2.22044604925E-16,0.,-1.));
#1990 = ADVANCED_FACE('',(#1991),#2016,.T.);
#1991 = FACE_BOUND('',#1992,.T.);
#1992 = EDGE_LOOP('',(#1993,#1994,#2002,#2010));
#1993 = ORIENTED_EDGE('',*,*,#1801,.T.);
#1994 = ORIENTED_EDGE('',*,*,#1995,.T.);
#1995 = EDGE_CURVE('',#1804,#1996,#1998,.T.);
#1996 = VERTEX_POINT('',#1997);
#1997 = CARTESIAN_POINT('',(2.31,17.1,-2.125));
#1998 = LINE('',#1999,#2000);
#1999 = CARTESIAN_POINT('',(2.91,15.,-1.925));
#2000 = VECTOR('',#2001,1.);
#2001 = DIRECTION('',(-0.273576451553,0.957517580434,-9.119215051751E-02
    ));
#2002 = ORIENTED_EDGE('',*,*,#2003,.T.);
#2003 = EDGE_CURVE('',#1996,#2004,#2006,.T.);
#2004 = VERTEX_POINT('',#2005);
#2005 = CARTESIAN_POINT('',(2.31,17.1,1.875));
#2006 = LINE('',#2007,#2008);
#2007 = CARTESIAN_POINT('',(2.31,17.1,-2.625));
#2008 = VECTOR('',#2009,1.);
#2009 = DIRECTION('',(-2.22044604925E-16,-1.412560544724E-16,1.));
#2010 = ORIENTED_EDGE('',*,*,#2011,.T.);
#2011 = EDGE_CURVE('',#2004,#1802,#2012,.T.);
#2012 = LINE('',#2013,#2014);
#2013 = CARTESIAN_POINT('',(2.31,17.1,1.875));
#2014 = VECTOR('',#2015,1.);
#2015 = DIRECTION('',(0.240771706172,-0.8427009716,-0.481543412343));
#2016 = PLANE('',#2017);
#2017 = AXIS2_PLACEMENT_3D('',#2018,#2019,#2020);
#2018 = CARTESIAN_POINT('',(2.91,15.,-1.925));
#2019 = DIRECTION('',(0.961523947641,0.274721127897,2.523072276869E-16)
  );
#2020 = DIRECTION('',(-0.274721127897,0.961523947641,-6.100034430853E-17
    ));
#2021 = ADVANCED_FACE('',(#2022),#2040,.F.);
#2022 = FACE_BOUND('',#2023,.T.);
#2023 = EDGE_LOOP('',(#2024,#2032,#2038,#2039));
#2024 = ORIENTED_EDGE('',*,*,#2025,.T.);
#2025 = EDGE_CURVE('',#2004,#2026,#2028,.T.);
#2026 = VERTEX_POINT('',#2027);
#2027 = CARTESIAN_POINT('',(5.31,17.1,1.875));
#2028 = LINE('',#2029,#2030);
#2029 = CARTESIAN_POINT('',(6.11,17.1,1.875));
#2030 = VECTOR('',#2031,1.);
#2031 = DIRECTION('',(1.,0.,2.22044604925E-16));
#2032 = ORIENTED_EDGE('',*,*,#2033,.T.);
#2033 = EDGE_CURVE('',#2026,#1812,#2034,.T.);
#2034 = LINE('',#2035,#2036);
#2035 = CARTESIAN_POINT('',(5.31,17.1,1.875));
#2036 = VECTOR('',#2037,1.);
#2037 = DIRECTION('',(-0.240771706172,-0.8427009716,-0.481543412343));
#2038 = ORIENTED_EDGE('',*,*,#1811,.F.);
#2039 = ORIENTED_EDGE('',*,*,#2011,.F.);
#2040 = PLANE('',#2041);
#2041 = AXIS2_PLACEMENT_3D('',#2042,#2043,#2044);
#2042 = CARTESIAN_POINT('',(80.538,15.,0.675));
#2043 = DIRECTION('',(-1.927887054719E-16,-0.496138938357,0.868243142124
    ));
#2044 = DIRECTION('',(1.101649745554E-16,-0.868243142124,-0.496138938357
    ));
#2045 = ADVANCED_FACE('',(#2046),#2064,.F.);
#2046 = FACE_BOUND('',#2047,.T.);
#2047 = EDGE_LOOP('',(#2048,#2049,#2057,#2063));
#2048 = ORIENTED_EDGE('',*,*,#2033,.F.);
#2049 = ORIENTED_EDGE('',*,*,#2050,.T.);
#2050 = EDGE_CURVE('',#2026,#2051,#2053,.T.);
#2051 = VERTEX_POINT('',#2052);
#2052 = CARTESIAN_POINT('',(5.31,17.1,-2.125));
#2053 = LINE('',#2054,#2055);
#2054 = CARTESIAN_POINT('',(5.31,17.1,-2.625));
#2055 = VECTOR('',#2056,1.);
#2056 = DIRECTION('',(2.22044604925E-16,1.412560544724E-16,-1.));
#2057 = ORIENTED_EDGE('',*,*,#2058,.F.);
#2058 = EDGE_CURVE('',#1820,#2051,#2059,.T.);
#2059 = LINE('',#2060,#2061);
#2060 = CARTESIAN_POINT('',(4.71,15.,-1.925));
#2061 = VECTOR('',#2062,1.);
#2062 = DIRECTION('',(0.273576451553,0.957517580434,-9.119215051751E-02)
  );
#2063 = ORIENTED_EDGE('',*,*,#1819,.F.);
#2064 = PLANE('',#2065);
#2065 = AXIS2_PLACEMENT_3D('',#2066,#2067,#2068);
#2066 = CARTESIAN_POINT('',(5.31,17.1,-2.625));
#2067 = DIRECTION('',(0.961523947641,-0.274721127897,1.746951824729E-16)
  );
#2068 = DIRECTION('',(0.274721127897,0.961523947641,6.100034430853E-17)
  );
#2069 = ADVANCED_FACE('',(#2070),#2081,.T.);
#2070 = FACE_BOUND('',#2071,.T.);
#2071 = EDGE_LOOP('',(#2072,#2073,#2079,#2080));
#2072 = ORIENTED_EDGE('',*,*,#2058,.T.);
#2073 = ORIENTED_EDGE('',*,*,#2074,.T.);
#2074 = EDGE_CURVE('',#2051,#1996,#2075,.T.);
#2075 = LINE('',#2076,#2077);
#2076 = CARTESIAN_POINT('',(6.11,17.1,-2.125));
#2077 = VECTOR('',#2078,1.);
#2078 = DIRECTION('',(-1.,0.,-2.22044604925E-16));
#2079 = ORIENTED_EDGE('',*,*,#1995,.F.);
#2080 = ORIENTED_EDGE('',*,*,#1827,.T.);
#2081 = PLANE('',#2082);
#2082 = AXIS2_PLACEMENT_3D('',#2083,#2084,#2085);
#2083 = CARTESIAN_POINT('',(4.71,15.,-1.925));
#2084 = DIRECTION('',(-2.210443989168E-16,9.4809092628E-02,
    0.995495472594));
#2085 = DIRECTION('',(-2.105184751588E-17,-0.995495472594,
    9.4809092628E-02));
#2086 = ADVANCED_FACE('',(#2087),#2187,.T.);
#2087 = FACE_BOUND('',#2088,.T.);
#2088 = EDGE_LOOP('',(#2089,#2099,#2107,#2115,#2122,#2123,#2131,#2140,
    #2148,#2155,#2156,#2157,#2166,#2174,#2180,#2181));
#2089 = ORIENTED_EDGE('',*,*,#2090,.F.);
#2090 = EDGE_CURVE('',#2091,#2093,#2095,.T.);
#2091 = VERTEX_POINT('',#2092);
#2092 = CARTESIAN_POINT('',(6.11,15.8,7.1));
#2093 = VERTEX_POINT('',#2094);
#2094 = CARTESIAN_POINT('',(6.11,15.785185185185,7.1));
#2095 = LINE('',#2096,#2097);
#2096 = CARTESIAN_POINT('',(6.11,15.8,7.1));
#2097 = VECTOR('',#2098,1.);
#2098 = DIRECTION('',(0.,-1.,0.));
#2099 = ORIENTED_EDGE('',*,*,#2100,.F.);
#2100 = EDGE_CURVE('',#2101,#2091,#2103,.T.);
#2101 = VERTEX_POINT('',#2102);
#2102 = CARTESIAN_POINT('',(6.11,15.8,7.8));
#2103 = LINE('',#2104,#2105);
#2104 = CARTESIAN_POINT('',(6.11,15.8,7.8));
#2105 = VECTOR('',#2106,1.);
#2106 = DIRECTION('',(2.22044604925E-16,0.,-1.));
#2107 = ORIENTED_EDGE('',*,*,#2108,.T.);
#2108 = EDGE_CURVE('',#2101,#2109,#2111,.T.);
#2109 = VERTEX_POINT('',#2110);
#2110 = CARTESIAN_POINT('',(6.11,9.6,7.8));
#2111 = LINE('',#2112,#2113);
#2112 = CARTESIAN_POINT('',(6.11,17.1,7.8));
#2113 = VECTOR('',#2114,1.);
#2114 = DIRECTION('',(0.,-1.,0.));
#2115 = ORIENTED_EDGE('',*,*,#2116,.T.);
#2116 = EDGE_CURVE('',#2109,#1852,#2117,.T.);
#2117 = CIRCLE('',#2118,0.3);
#2118 = AXIS2_PLACEMENT_3D('',#2119,#2120,#2121);
#2119 = CARTESIAN_POINT('',(6.11,9.6,7.5));
#2120 = DIRECTION('',(1.,-0.,2.22044604925E-16));
#2121 = DIRECTION('',(2.22044604925E-16,0.,-1.));
#2122 = ORIENTED_EDGE('',*,*,#1851,.T.);
#2123 = ORIENTED_EDGE('',*,*,#2124,.F.);
#2124 = EDGE_CURVE('',#2125,#1842,#2127,.T.);
#2125 = VERTEX_POINT('',#2126);
#2126 = CARTESIAN_POINT('',(6.11,8.4,5.95));
#2127 = LINE('',#2128,#2129);
#2128 = CARTESIAN_POINT('',(6.11,8.1,5.95));
#2129 = VECTOR('',#2130,1.);
#2130 = DIRECTION('',(0.,1.,0.));
#2131 = ORIENTED_EDGE('',*,*,#2132,.F.);
#2132 = EDGE_CURVE('',#2133,#2125,#2135,.T.);
#2133 = VERTEX_POINT('',#2134);
#2134 = CARTESIAN_POINT('',(6.11,8.1,5.65));
#2135 = CIRCLE('',#2136,0.3);
#2136 = AXIS2_PLACEMENT_3D('',#2137,#2138,#2139);
#2137 = CARTESIAN_POINT('',(6.11,8.4,5.65));
#2138 = DIRECTION('',(-1.,-0.,-2.22044604925E-16));
#2139 = DIRECTION('',(2.22044604925E-16,0.,-1.));
#2140 = ORIENTED_EDGE('',*,*,#2141,.T.);
#2141 = EDGE_CURVE('',#2133,#2142,#2144,.T.);
#2142 = VERTEX_POINT('',#2143);
#2143 = CARTESIAN_POINT('',(6.11,8.1,-1.7));
#2144 = LINE('',#2145,#2146);
#2145 = CARTESIAN_POINT('',(6.11,8.1,2.975));
#2146 = VECTOR('',#2147,1.);
#2147 = DIRECTION('',(2.22044604925E-16,0.,-1.));
#2148 = ORIENTED_EDGE('',*,*,#2149,.F.);
#2149 = EDGE_CURVE('',#1884,#2142,#2150,.T.);
#2150 = CIRCLE('',#2151,0.3);
#2151 = AXIS2_PLACEMENT_3D('',#2152,#2153,#2154);
#2152 = CARTESIAN_POINT('',(6.11,8.4,-1.7));
#2153 = DIRECTION('',(-1.,-0.,-2.22044604925E-16));
#2154 = DIRECTION('',(2.22044604925E-16,0.,-1.));
#2155 = ORIENTED_EDGE('',*,*,#1907,.F.);
#2156 = ORIENTED_EDGE('',*,*,#1938,.F.);
#2157 = ORIENTED_EDGE('',*,*,#2158,.T.);
#2158 = EDGE_CURVE('',#1931,#2159,#2161,.T.);
#2159 = VERTEX_POINT('',#2160);
#2160 = CARTESIAN_POINT('',(6.11,9.2,-3.4));
#2161 = CIRCLE('',#2162,0.3);
#2162 = AXIS2_PLACEMENT_3D('',#2163,#2164,#2165);
#2163 = CARTESIAN_POINT('',(6.11,9.2,-3.1));
#2164 = DIRECTION('',(1.,-0.,2.22044604925E-16));
#2165 = DIRECTION('',(2.22044604925E-16,0.,-1.));
#2166 = ORIENTED_EDGE('',*,*,#2167,.F.);
#2167 = EDGE_CURVE('',#2168,#2159,#2170,.T.);
#2168 = VERTEX_POINT('',#2169);
#2169 = CARTESIAN_POINT('',(6.11,17.1,-3.4));
#2170 = LINE('',#2171,#2172);
#2171 = CARTESIAN_POINT('',(6.11,17.1,-3.4));
#2172 = VECTOR('',#2173,1.);
#2173 = DIRECTION('',(0.,-1.,0.));
#2174 = ORIENTED_EDGE('',*,*,#2175,.T.);
#2175 = EDGE_CURVE('',#2168,#1953,#2176,.T.);
#2176 = LINE('',#2177,#2178);
#2177 = CARTESIAN_POINT('',(6.11,17.1,2.975));
#2178 = VECTOR('',#2179,1.);
#2179 = DIRECTION('',(-2.22044604925E-16,0.,1.));
#2180 = ORIENTED_EDGE('',*,*,#1979,.F.);
#2181 = ORIENTED_EDGE('',*,*,#2182,.T.);
#2182 = EDGE_CURVE('',#1972,#2093,#2183,.T.);
#2183 = LINE('',#2184,#2185);
#2184 = CARTESIAN_POINT('',(6.11,16.6,2.975));
#2185 = VECTOR('',#2186,1.);
#2186 = DIRECTION('',(-2.178354701517E-16,-0.193786418213,0.981043742203
    ));
#2187 = PLANE('',#2188);
#2188 = AXIS2_PLACEMENT_3D('',#2189,#2190,#2191);
#2189 = CARTESIAN_POINT('',(6.11,17.1,2.975));
#2190 = DIRECTION('',(1.,0.,2.22044604925E-16));
#2191 = DIRECTION('',(-2.22044604925E-16,0.,1.));
#2192 = ADVANCED_FACE('',(#2193,#2199,#2217,#2251),#2285,.F.);
#2193 = FACE_BOUND('',#2194,.T.);
#2194 = EDGE_LOOP('',(#2195,#2196,#2197,#2198));
#2195 = ORIENTED_EDGE('',*,*,#2074,.F.);
#2196 = ORIENTED_EDGE('',*,*,#2050,.F.);
#2197 = ORIENTED_EDGE('',*,*,#2025,.F.);
#2198 = ORIENTED_EDGE('',*,*,#2003,.F.);
#2199 = FACE_BOUND('',#2200,.T.);
#2200 = EDGE_LOOP('',(#2201,#2209,#2215,#2216));
#2201 = ORIENTED_EDGE('',*,*,#2202,.F.);
#2202 = EDGE_CURVE('',#2203,#2168,#2205,.T.);
#2203 = VERTEX_POINT('',#2204);
#2204 = CARTESIAN_POINT('',(-6.11,17.1,-3.4));
#2205 = LINE('',#2206,#2207);
#2206 = CARTESIAN_POINT('',(6.11,17.1,-3.4));
#2207 = VECTOR('',#2208,1.);
#2208 = DIRECTION('',(1.,0.,2.22044604925E-16));
#2209 = ORIENTED_EDGE('',*,*,#2210,.T.);
#2210 = EDGE_CURVE('',#2203,#1955,#2211,.T.);
#2211 = LINE('',#2212,#2213);
#2212 = CARTESIAN_POINT('',(-6.11,17.1,2.975));
#2213 = VECTOR('',#2214,1.);
#2214 = DIRECTION('',(-2.22044604925E-16,0.,1.));
#2215 = ORIENTED_EDGE('',*,*,#1952,.F.);
#2216 = ORIENTED_EDGE('',*,*,#2175,.F.);
#2217 = FACE_BOUND('',#2218,.T.);
#2218 = EDGE_LOOP('',(#2219,#2229,#2237,#2245));
#2219 = ORIENTED_EDGE('',*,*,#2220,.F.);
#2220 = EDGE_CURVE('',#2221,#2223,#2225,.T.);
#2221 = VERTEX_POINT('',#2222);
#2222 = CARTESIAN_POINT('',(1.5,17.1,-2.125));
#2223 = VERTEX_POINT('',#2224);
#2224 = CARTESIAN_POINT('',(-1.5,17.1,-2.125));
#2225 = LINE('',#2226,#2227);
#2226 = CARTESIAN_POINT('',(6.11,17.1,-2.125));
#2227 = VECTOR('',#2228,1.);
#2228 = DIRECTION('',(-1.,0.,-2.22044604925E-16));
#2229 = ORIENTED_EDGE('',*,*,#2230,.F.);
#2230 = EDGE_CURVE('',#2231,#2221,#2233,.T.);
#2231 = VERTEX_POINT('',#2232);
#2232 = CARTESIAN_POINT('',(1.5,17.1,1.875));
#2233 = LINE('',#2234,#2235);
#2234 = CARTESIAN_POINT('',(1.5,17.1,-2.625));
#2235 = VECTOR('',#2236,1.);
#2236 = DIRECTION('',(2.22044604925E-16,1.412560544724E-16,-1.));
#2237 = ORIENTED_EDGE('',*,*,#2238,.F.);
#2238 = EDGE_CURVE('',#2239,#2231,#2241,.T.);
#2239 = VERTEX_POINT('',#2240);
#2240 = CARTESIAN_POINT('',(-1.5,17.1,1.875));
#2241 = LINE('',#2242,#2243);
#2242 = CARTESIAN_POINT('',(6.11,17.1,1.875));
#2243 = VECTOR('',#2244,1.);
#2244 = DIRECTION('',(1.,0.,2.22044604925E-16));
#2245 = ORIENTED_EDGE('',*,*,#2246,.F.);
#2246 = EDGE_CURVE('',#2223,#2239,#2247,.T.);
#2247 = LINE('',#2248,#2249);
#2248 = CARTESIAN_POINT('',(-1.5,17.1,-2.625));
#2249 = VECTOR('',#2250,1.);
#2250 = DIRECTION('',(-2.22044604925E-16,-1.412560544724E-16,1.));
#2251 = FACE_BOUND('',#2252,.T.);
#2252 = EDGE_LOOP('',(#2253,#2263,#2271,#2279));
#2253 = ORIENTED_EDGE('',*,*,#2254,.T.);
#2254 = EDGE_CURVE('',#2255,#2257,#2259,.T.);
#2255 = VERTEX_POINT('',#2256);
#2256 = CARTESIAN_POINT('',(-5.31,17.1,-2.125));
#2257 = VERTEX_POINT('',#2258);
#2258 = CARTESIAN_POINT('',(-2.31,17.1,-2.125));
#2259 = LINE('',#2260,#2261);
#2260 = CARTESIAN_POINT('',(-6.11,17.1,-2.125));
#2261 = VECTOR('',#2262,1.);
#2262 = DIRECTION('',(1.,0.,2.22044604925E-16));
#2263 = ORIENTED_EDGE('',*,*,#2264,.T.);
#2264 = EDGE_CURVE('',#2257,#2265,#2267,.T.);
#2265 = VERTEX_POINT('',#2266);
#2266 = CARTESIAN_POINT('',(-2.31,17.1,1.875));
#2267 = LINE('',#2268,#2269);
#2268 = CARTESIAN_POINT('',(-2.31,17.1,-2.625));
#2269 = VECTOR('',#2270,1.);
#2270 = DIRECTION('',(-2.22044604925E-16,-1.412560544724E-16,1.));
#2271 = ORIENTED_EDGE('',*,*,#2272,.T.);
#2272 = EDGE_CURVE('',#2265,#2273,#2275,.T.);
#2273 = VERTEX_POINT('',#2274);
#2274 = CARTESIAN_POINT('',(-5.31,17.1,1.875));
#2275 = LINE('',#2276,#2277);
#2276 = CARTESIAN_POINT('',(-6.11,17.1,1.875));
#2277 = VECTOR('',#2278,1.);
#2278 = DIRECTION('',(-1.,0.,-2.22044604925E-16));
#2279 = ORIENTED_EDGE('',*,*,#2280,.T.);
#2280 = EDGE_CURVE('',#2273,#2255,#2281,.T.);
#2281 = LINE('',#2282,#2283);
#2282 = CARTESIAN_POINT('',(-5.31,17.1,-2.625));
#2283 = VECTOR('',#2284,1.);
#2284 = DIRECTION('',(2.22044604925E-16,1.412560544724E-16,-1.));
#2285 = PLANE('',#2286);
#2286 = AXIS2_PLACEMENT_3D('',#2287,#2288,#2289);
#2287 = CARTESIAN_POINT('',(6.11,17.1,-2.625));
#2288 = DIRECTION('',(3.136514480859E-32,-1.,-1.412560544724E-16));
#2289 = DIRECTION('',(2.22044604925E-16,1.412560544724E-16,-1.));
#2290 = ADVANCED_FACE('',(#2291),#2310,.T.);
#2291 = FACE_BOUND('',#2292,.T.);
#2292 = EDGE_LOOP('',(#2293,#2294,#2303,#2309));
#2293 = ORIENTED_EDGE('',*,*,#1930,.T.);
#2294 = ORIENTED_EDGE('',*,*,#2295,.T.);
#2295 = EDGE_CURVE('',#1923,#2296,#2298,.T.);
#2296 = VERTEX_POINT('',#2297);
#2297 = CARTESIAN_POINT('',(-6.11,9.2,-3.4));
#2298 = CIRCLE('',#2299,0.3);
#2299 = AXIS2_PLACEMENT_3D('',#2300,#2301,#2302);
#2300 = CARTESIAN_POINT('',(-6.11,9.2,-3.1));
#2301 = DIRECTION('',(1.,-0.,2.22044604925E-16));
#2302 = DIRECTION('',(2.22044604925E-16,0.,-1.));
#2303 = ORIENTED_EDGE('',*,*,#2304,.F.);
#2304 = EDGE_CURVE('',#2159,#2296,#2305,.T.);
#2305 = LINE('',#2306,#2307);
#2306 = CARTESIAN_POINT('',(6.11,9.2,-3.4));
#2307 = VECTOR('',#2308,1.);
#2308 = DIRECTION('',(-1.,0.,-2.22044604925E-16));
#2309 = ORIENTED_EDGE('',*,*,#2158,.F.);
#2310 = CYLINDRICAL_SURFACE('',#2311,0.3);
#2311 = AXIS2_PLACEMENT_3D('',#2312,#2313,#2314);
#2312 = CARTESIAN_POINT('',(6.11,9.2,-3.1));
#2313 = DIRECTION('',(-1.,0.,-2.22044604925E-16));
#2314 = DIRECTION('',(2.22044604925E-16,0.,-1.));
#2315 = ADVANCED_FACE('',(#2316),#2327,.T.);
#2316 = FACE_BOUND('',#2317,.T.);
#2317 = EDGE_LOOP('',(#2318,#2319,#2325,#2326));
#2318 = ORIENTED_EDGE('',*,*,#2304,.T.);
#2319 = ORIENTED_EDGE('',*,*,#2320,.F.);
#2320 = EDGE_CURVE('',#2203,#2296,#2321,.T.);
#2321 = LINE('',#2322,#2323);
#2322 = CARTESIAN_POINT('',(-6.11,17.1,-3.4));
#2323 = VECTOR('',#2324,1.);
#2324 = DIRECTION('',(0.,-1.,0.));
#2325 = ORIENTED_EDGE('',*,*,#2202,.T.);
#2326 = ORIENTED_EDGE('',*,*,#2167,.T.);
#2327 = PLANE('',#2328);
#2328 = AXIS2_PLACEMENT_3D('',#2329,#2330,#2331);
#2329 = CARTESIAN_POINT('',(6.11,17.1,-3.4));
#2330 = DIRECTION('',(2.22044604925E-16,0.,-1.));
#2331 = DIRECTION('',(1.,0.,2.22044604925E-16));
#2332 = ADVANCED_FACE('',(#2333),#2358,.T.);
#2333 = FACE_BOUND('',#2334,.T.);
#2334 = EDGE_LOOP('',(#2335,#2343,#2351,#2357));
#2335 = ORIENTED_EDGE('',*,*,#2336,.T.);
#2336 = EDGE_CURVE('',#2093,#2337,#2339,.T.);
#2337 = VERTEX_POINT('',#2338);
#2338 = CARTESIAN_POINT('',(-6.11,15.785185185185,7.1));
#2339 = LINE('',#2340,#2341);
#2340 = CARTESIAN_POINT('',(6.11,15.785185185185,7.1));
#2341 = VECTOR('',#2342,1.);
#2342 = DIRECTION('',(-1.,0.,-2.22044604925E-16));
#2343 = ORIENTED_EDGE('',*,*,#2344,.F.);
#2344 = EDGE_CURVE('',#2345,#2337,#2347,.T.);
#2345 = VERTEX_POINT('',#2346);
#2346 = CARTESIAN_POINT('',(-6.11,15.8,7.1));
#2347 = LINE('',#2348,#2349);
#2348 = CARTESIAN_POINT('',(-6.11,15.8,7.1));
#2349 = VECTOR('',#2350,1.);
#2350 = DIRECTION('',(0.,-1.,0.));
#2351 = ORIENTED_EDGE('',*,*,#2352,.T.);
#2352 = EDGE_CURVE('',#2345,#2091,#2353,.T.);
#2353 = LINE('',#2354,#2355);
#2354 = CARTESIAN_POINT('',(6.11,15.8,7.1));
#2355 = VECTOR('',#2356,1.);
#2356 = DIRECTION('',(1.,0.,2.22044604925E-16));
#2357 = ORIENTED_EDGE('',*,*,#2090,.T.);
#2358 = PLANE('',#2359);
#2359 = AXIS2_PLACEMENT_3D('',#2360,#2361,#2362);
#2360 = CARTESIAN_POINT('',(6.11,15.8,7.1));
#2361 = DIRECTION('',(2.22044604925E-16,0.,-1.));
#2362 = DIRECTION('',(1.,0.,2.22044604925E-16));
#2363 = ADVANCED_FACE('',(#2364),#2375,.F.);
#2364 = FACE_BOUND('',#2365,.T.);
#2365 = EDGE_LOOP('',(#2366,#2367,#2373,#2374));
#2366 = ORIENTED_EDGE('',*,*,#1971,.F.);
#2367 = ORIENTED_EDGE('',*,*,#2368,.T.);
#2368 = EDGE_CURVE('',#1963,#2337,#2369,.T.);
#2369 = LINE('',#2370,#2371);
#2370 = CARTESIAN_POINT('',(-6.11,16.6,2.975));
#2371 = VECTOR('',#2372,1.);
#2372 = DIRECTION('',(-2.178354701517E-16,-0.193786418213,0.981043742203
    ));
#2373 = ORIENTED_EDGE('',*,*,#2336,.F.);
#2374 = ORIENTED_EDGE('',*,*,#2182,.F.);
#2375 = PLANE('',#2376);
#2376 = AXIS2_PLACEMENT_3D('',#2377,#2378,#2379);
#2377 = CARTESIAN_POINT('',(6.11,16.6,2.975));
#2378 = DIRECTION('',(4.302922867194E-17,-0.981043742203,-0.193786418213
    ));
#2379 = DIRECTION('',(2.178354701517E-16,0.193786418213,-0.981043742203)
  );
#2380 = ADVANCED_FACE('',(#2381),#2400,.T.);
#2381 = FACE_BOUND('',#2382,.T.);
#2382 = EDGE_LOOP('',(#2383,#2391,#2398,#2399));
#2383 = ORIENTED_EDGE('',*,*,#2384,.F.);
#2384 = EDGE_CURVE('',#2385,#2142,#2387,.T.);
#2385 = VERTEX_POINT('',#2386);
#2386 = CARTESIAN_POINT('',(-6.11,8.1,-1.7));
#2387 = LINE('',#2388,#2389);
#2388 = CARTESIAN_POINT('',(6.11,8.1,-1.7));
#2389 = VECTOR('',#2390,1.);
#2390 = DIRECTION('',(1.,0.,2.22044604925E-16));
#2391 = ORIENTED_EDGE('',*,*,#2392,.F.);
#2392 = EDGE_CURVE('',#1882,#2385,#2393,.T.);
#2393 = CIRCLE('',#2394,0.3);
#2394 = AXIS2_PLACEMENT_3D('',#2395,#2396,#2397);
#2395 = CARTESIAN_POINT('',(-6.11,8.4,-1.7));
#2396 = DIRECTION('',(-1.,-0.,-2.22044604925E-16));
#2397 = DIRECTION('',(2.22044604925E-16,0.,-1.));
#2398 = ORIENTED_EDGE('',*,*,#1881,.T.);
#2399 = ORIENTED_EDGE('',*,*,#2149,.T.);
#2400 = CYLINDRICAL_SURFACE('',#2401,0.3);
#2401 = AXIS2_PLACEMENT_3D('',#2402,#2403,#2404);
#2402 = CARTESIAN_POINT('',(6.11,8.4,-1.7));
#2403 = DIRECTION('',(-1.,0.,-2.22044604925E-16));
#2404 = DIRECTION('',(2.22044604925E-16,0.,-1.));
#2405 = ADVANCED_FACE('',(#2406),#2432,.T.);
#2406 = FACE_BOUND('',#2407,.T.);
#2407 = EDGE_LOOP('',(#2408,#2416,#2425,#2431));
#2408 = ORIENTED_EDGE('',*,*,#2409,.T.);
#2409 = EDGE_CURVE('',#2125,#2410,#2412,.T.);
#2410 = VERTEX_POINT('',#2411);
#2411 = CARTESIAN_POINT('',(-6.11,8.4,5.95));
#2412 = LINE('',#2413,#2414);
#2413 = CARTESIAN_POINT('',(6.11,8.4,5.95));
#2414 = VECTOR('',#2415,1.);
#2415 = DIRECTION('',(-1.,0.,-2.22044604925E-16));
#2416 = ORIENTED_EDGE('',*,*,#2417,.F.);
#2417 = EDGE_CURVE('',#2418,#2410,#2420,.T.);
#2418 = VERTEX_POINT('',#2419);
#2419 = CARTESIAN_POINT('',(-6.11,8.1,5.65));
#2420 = CIRCLE('',#2421,0.3);
#2421 = AXIS2_PLACEMENT_3D('',#2422,#2423,#2424);
#2422 = CARTESIAN_POINT('',(-6.11,8.4,5.65));
#2423 = DIRECTION('',(-1.,-0.,-2.22044604925E-16));
#2424 = DIRECTION('',(2.22044604925E-16,0.,-1.));
#2425 = ORIENTED_EDGE('',*,*,#2426,.F.);
#2426 = EDGE_CURVE('',#2133,#2418,#2427,.T.);
#2427 = LINE('',#2428,#2429);
#2428 = CARTESIAN_POINT('',(6.11,8.1,5.65));
#2429 = VECTOR('',#2430,1.);
#2430 = DIRECTION('',(-1.,-0.,-2.22044604925E-16));
#2431 = ORIENTED_EDGE('',*,*,#2132,.T.);
#2432 = CYLINDRICAL_SURFACE('',#2433,0.3);
#2433 = AXIS2_PLACEMENT_3D('',#2434,#2435,#2436);
#2434 = CARTESIAN_POINT('',(6.11,8.4,5.65));
#2435 = DIRECTION('',(-1.,0.,-2.22044604925E-16));
#2436 = DIRECTION('',(2.22044604925E-16,0.,-1.));
#2437 = ADVANCED_FACE('',(#2438),#2464,.T.);
#2438 = FACE_BOUND('',#2439,.T.);
#2439 = EDGE_LOOP('',(#2440,#2451,#2457,#2458));
#2440 = ORIENTED_EDGE('',*,*,#2441,.T.);
#2441 = EDGE_CURVE('',#2442,#2444,#2446,.T.);
#2442 = VERTEX_POINT('',#2443);
#2443 = CARTESIAN_POINT('',(2.770769515459,8.1,0.9));
#2444 = VERTEX_POINT('',#2445);
#2445 = CARTESIAN_POINT('',(2.930651128499,8.1,0.946153846171));
#2446 = B_SPLINE_CURVE_WITH_KNOTS('',3,(#2447,#2448,#2449,#2450),
  .UNSPECIFIED.,.F.,.F.,(4,4),(0.,1.),.PIECEWISE_BEZIER_KNOTS.);
#2447 = CARTESIAN_POINT('',(2.770769515459,8.1,0.9));
#2448 = CARTESIAN_POINT('',(2.826976495759,8.1,0.9));
#2449 = CARTESIAN_POINT('',(2.883091375903,8.1,0.916198970578));
#2450 = CARTESIAN_POINT('',(2.930651128499,8.1,0.946153846171));
#2451 = ORIENTED_EDGE('',*,*,#2452,.T.);
#2452 = EDGE_CURVE('',#2444,#1209,#2453,.T.);
#2453 = LINE('',#2454,#2455);
#2454 = CARTESIAN_POINT('',(2.930651128465,1.6,0.946153846154));
#2455 = VECTOR('',#2456,1.);
#2456 = DIRECTION('',(0.,-1.,-0.));
#2457 = ORIENTED_EDGE('',*,*,#1208,.T.);
#2458 = ORIENTED_EDGE('',*,*,#2459,.T.);
#2459 = EDGE_CURVE('',#1200,#2442,#2460,.T.);
#2460 = LINE('',#2461,#2462);
#2461 = CARTESIAN_POINT('',(2.770769515459,1.6,0.9));
#2462 = VECTOR('',#2463,1.);
#2463 = DIRECTION('',(0.,1.,0.));
#2464 = CYLINDRICAL_SURFACE('',#2465,0.3);
#2465 = AXIS2_PLACEMENT_3D('',#2466,#2467,#2468);
#2466 = CARTESIAN_POINT('',(2.770769515459,1.6,1.2));
#2467 = DIRECTION('',(0.,1.,0.));
#2468 = DIRECTION('',(-1.,0.,-2.22044604925E-16));
#2469 = ADVANCED_FACE('',(#2470),#2489,.F.);
#2470 = FACE_BOUND('',#2471,.F.);
#2471 = EDGE_LOOP('',(#2472,#2473,#2481,#2488));
#2472 = ORIENTED_EDGE('',*,*,#1246,.T.);
#2473 = ORIENTED_EDGE('',*,*,#2474,.T.);
#2474 = EDGE_CURVE('',#1247,#2475,#2477,.T.);
#2475 = VERTEX_POINT('',#2476);
#2476 = CARTESIAN_POINT('',(4.689348871544,8.1,0.946153846149));
#2477 = LINE('',#2478,#2479);
#2478 = CARTESIAN_POINT('',(4.689348871535,1.6,0.946153846154));
#2479 = VECTOR('',#2480,1.);
#2480 = DIRECTION('',(0.,1.,0.));
#2481 = ORIENTED_EDGE('',*,*,#2482,.T.);
#2482 = EDGE_CURVE('',#2475,#2444,#2483,.T.);
#2483 = CIRCLE('',#2484,1.65);
#2484 = AXIS2_PLACEMENT_3D('',#2485,#2486,#2487);
#2485 = CARTESIAN_POINT('',(3.81,8.1,-0.45));
#2486 = DIRECTION('',(0.,-1.,-0.));
#2487 = DIRECTION('',(-1.,0.,-1.010555275824E-15));
#2488 = ORIENTED_EDGE('',*,*,#2452,.T.);
#2489 = CYLINDRICAL_SURFACE('',#2490,1.65);
#2490 = AXIS2_PLACEMENT_3D('',#2491,#2492,#2493);
#2491 = CARTESIAN_POINT('',(3.81,1.6,-0.45));
#2492 = DIRECTION('',(0.,1.,0.));
#2493 = DIRECTION('',(-1.,0.,-2.22044604925E-16));
#2494 = ADVANCED_FACE('',(#2495),#2514,.T.);
#2495 = FACE_BOUND('',#2496,.T.);
#2496 = EDGE_LOOP('',(#2497,#2506,#2512,#2513));
#2497 = ORIENTED_EDGE('',*,*,#2498,.T.);
#2498 = EDGE_CURVE('',#2475,#2499,#2501,.T.);
#2499 = VERTEX_POINT('',#2500);
#2500 = CARTESIAN_POINT('',(4.849230484541,8.1,0.9));
#2501 = B_SPLINE_CURVE_WITH_KNOTS('',3,(#2502,#2503,#2504,#2505),
  .UNSPECIFIED.,.F.,.F.,(4,4),(0.,1.),.PIECEWISE_BEZIER_KNOTS.);
#2502 = CARTESIAN_POINT('',(4.689348871544,8.1,0.946153846149));
#2503 = CARTESIAN_POINT('',(4.736908624097,8.1,0.916198970578));
#2504 = CARTESIAN_POINT('',(4.793023504241,8.1,0.9));
#2505 = CARTESIAN_POINT('',(4.849230484541,8.1,0.9));
#2506 = ORIENTED_EDGE('',*,*,#2507,.T.);
#2507 = EDGE_CURVE('',#2499,#1285,#2508,.T.);
#2508 = LINE('',#2509,#2510);
#2509 = CARTESIAN_POINT('',(4.849230484541,1.6,0.9));
#2510 = VECTOR('',#2511,1.);
#2511 = DIRECTION('',(0.,-1.,-0.));
#2512 = ORIENTED_EDGE('',*,*,#1284,.T.);
#2513 = ORIENTED_EDGE('',*,*,#2474,.T.);
#2514 = CYLINDRICAL_SURFACE('',#2515,0.3);
#2515 = AXIS2_PLACEMENT_3D('',#2516,#2517,#2518);
#2516 = CARTESIAN_POINT('',(4.849230484541,1.6,1.2));
#2517 = DIRECTION('',(0.,1.,0.));
#2518 = DIRECTION('',(-1.,0.,-2.22044604925E-16));
#2519 = ADVANCED_FACE('',(#2520),#2538,.T.);
#2520 = FACE_BOUND('',#2521,.T.);
#2521 = EDGE_LOOP('',(#2522,#2523,#2531,#2537));
#2522 = ORIENTED_EDGE('',*,*,#2507,.F.);
#2523 = ORIENTED_EDGE('',*,*,#2524,.T.);
#2524 = EDGE_CURVE('',#2499,#2525,#2527,.T.);
#2525 = VERTEX_POINT('',#2526);
#2526 = CARTESIAN_POINT('',(5.044398718876,8.1,0.9));
#2527 = LINE('',#2528,#2529);
#2528 = CARTESIAN_POINT('',(5.26,8.1,0.9));
#2529 = VECTOR('',#2530,1.);
#2530 = DIRECTION('',(1.,0.,2.22044604925E-16));
#2531 = ORIENTED_EDGE('',*,*,#2532,.F.);
#2532 = EDGE_CURVE('',#1321,#2525,#2533,.T.);
#2533 = LINE('',#2534,#2535);
#2534 = CARTESIAN_POINT('',(5.044435076596,8.10279954446,0.9));
#2535 = VECTOR('',#2536,1.);
#2536 = DIRECTION('',(1.298591791445E-02,0.999915679413,
    2.883453012904E-18));
#2537 = ORIENTED_EDGE('',*,*,#1320,.T.);
#2538 = PLANE('',#2539);
#2539 = AXIS2_PLACEMENT_3D('',#2540,#2541,#2542);
#2540 = CARTESIAN_POINT('',(5.26,8.1,0.9));
#2541 = DIRECTION('',(2.22044604925E-16,0.,-1.));
#2542 = DIRECTION('',(1.,0.,2.22044604925E-16));
#2543 = ADVANCED_FACE('',(#2544),#2565,.T.);
#2544 = FACE_BOUND('',#2545,.T.);
#2545 = EDGE_LOOP('',(#2546,#2547,#2558,#2564));
#2546 = ORIENTED_EDGE('',*,*,#2532,.T.);
#2547 = ORIENTED_EDGE('',*,*,#2548,.T.);
#2548 = EDGE_CURVE('',#2525,#2549,#2551,.T.);
#2549 = VERTEX_POINT('',#2550);
#2550 = CARTESIAN_POINT('',(5.244415584416,8.1,1.1));
#2551 = B_SPLINE_CURVE_WITH_KNOTS('',3,(#2552,#2553,#2554,#2555,#2556,
    #2557),.UNSPECIFIED.,.F.,.F.,(4,2,4),(0.,0.5,1.),.UNSPECIFIED.);
#2552 = CARTESIAN_POINT('',(5.044398718876,8.1,0.9));
#2553 = CARTESIAN_POINT('',(5.09675980303,8.099752922858,0.9));
#2554 = CARTESIAN_POINT('',(5.148798491003,8.09951003268,0.921554619278)
  );
#2555 = CARTESIAN_POINT('',(5.222851539417,8.099414178656,0.995602668247
    ));
#2556 = CARTESIAN_POINT('',(5.244409962806,8.09956713607,1.04764012244)
  );
#2557 = CARTESIAN_POINT('',(5.244415584416,8.1,1.1));
#2558 = ORIENTED_EDGE('',*,*,#2559,.F.);
#2559 = EDGE_CURVE('',#1348,#2549,#2560,.T.);
#2560 = LINE('',#2561,#2562);
#2561 = CARTESIAN_POINT('',(5.16,1.6,1.1));
#2562 = VECTOR('',#2563,1.);
#2563 = DIRECTION('',(1.298591791445E-02,0.999915679413,
    2.883453012904E-18));
#2564 = ORIENTED_EDGE('',*,*,#1347,.T.);
#2565 = CYLINDRICAL_SURFACE('',#2566,0.2);
#2566 = AXIS2_PLACEMENT_3D('',#2567,#2568,#2569);
#2567 = CARTESIAN_POINT('',(5.044435076596,8.10279954446,1.1));
#2568 = DIRECTION('',(-1.298591791445E-02,-0.999915679413,
    -2.883453012904E-18));
#2569 = DIRECTION('',(0.999915679413,-1.298591791445E-02,
    2.220258819936E-16));
#2570 = ADVANCED_FACE('',(#2571,#2577),#2595,.T.);
#2571 = FACE_BOUND('',#2572,.T.);
#2572 = EDGE_LOOP('',(#2573,#2574,#2575,#2576));
#2573 = ORIENTED_EDGE('',*,*,#1489,.T.);
#2574 = ORIENTED_EDGE('',*,*,#1465,.T.);
#2575 = ORIENTED_EDGE('',*,*,#1442,.T.);
#2576 = ORIENTED_EDGE('',*,*,#1426,.T.);
#2577 = FACE_BOUND('',#2578,.T.);
#2578 = EDGE_LOOP('',(#2579,#2580,#2588,#2594));
#2579 = ORIENTED_EDGE('',*,*,#2559,.T.);
#2580 = ORIENTED_EDGE('',*,*,#2581,.F.);
#2581 = EDGE_CURVE('',#2582,#2549,#2584,.T.);
#2582 = VERTEX_POINT('',#2583);
#2583 = CARTESIAN_POINT('',(5.244415584416,8.1,4.9));
#2584 = LINE('',#2585,#2586);
#2585 = CARTESIAN_POINT('',(5.244415584416,8.1,5.1));
#2586 = VECTOR('',#2587,1.);
#2587 = DIRECTION('',(2.22044604925E-16,0.,-1.));
#2588 = ORIENTED_EDGE('',*,*,#2589,.T.);
#2589 = EDGE_CURVE('',#2582,#1386,#2590,.T.);
#2590 = LINE('',#2591,#2592);
#2591 = CARTESIAN_POINT('',(5.16,1.6,4.9));
#2592 = VECTOR('',#2593,1.);
#2593 = DIRECTION('',(-1.298591791445E-02,-0.999915679413,
    -2.883453012904E-18));
#2594 = ORIENTED_EDGE('',*,*,#1385,.T.);
#2595 = PLANE('',#2596);
#2596 = AXIS2_PLACEMENT_3D('',#2597,#2598,#2599);
#2597 = CARTESIAN_POINT('',(5.16,1.6,-4.4));
#2598 = DIRECTION('',(0.999915679413,-1.298591791445E-02,
    2.220258819936E-16));
#2599 = DIRECTION('',(1.298591791445E-02,0.999915679413,
    2.883453012904E-18));
#2600 = ADVANCED_FACE('',(#2601),#2622,.T.);
#2601 = FACE_BOUND('',#2602,.T.);
#2602 = EDGE_LOOP('',(#2603,#2611,#2612,#2613));
#2603 = ORIENTED_EDGE('',*,*,#2604,.F.);
#2604 = EDGE_CURVE('',#1506,#2605,#2607,.T.);
#2605 = VERTEX_POINT('',#2606);
#2606 = CARTESIAN_POINT('',(5.044398718876,8.1,5.1));
#2607 = LINE('',#2608,#2609);
#2608 = CARTESIAN_POINT('',(4.962580537058,1.8,5.1));
#2609 = VECTOR('',#2610,1.);
#2610 = DIRECTION('',(1.298591791445E-02,0.999915679413,
    2.883453012904E-18));
#2611 = ORIENTED_EDGE('',*,*,#1505,.T.);
#2612 = ORIENTED_EDGE('',*,*,#2589,.F.);
#2613 = ORIENTED_EDGE('',*,*,#2614,.T.);
#2614 = EDGE_CURVE('',#2582,#2605,#2615,.T.);
#2615 = B_SPLINE_CURVE_WITH_KNOTS('',3,(#2616,#2617,#2618,#2619,#2620,
    #2621),.UNSPECIFIED.,.F.,.F.,(4,2,4),(0.,0.5,1.),.UNSPECIFIED.);
#2616 = CARTESIAN_POINT('',(5.244415584416,8.1,4.9));
#2617 = CARTESIAN_POINT('',(5.244409962806,8.09956713607,4.95235987756)
  );
#2618 = CARTESIAN_POINT('',(5.222851539417,8.099414178656,5.004397331753
    ));
#2619 = CARTESIAN_POINT('',(5.148798491003,8.09951003268,5.078445380722)
  );
#2620 = CARTESIAN_POINT('',(5.09675980303,8.099752922858,5.1));
#2621 = CARTESIAN_POINT('',(5.044398718876,8.1,5.1));
#2622 = CYLINDRICAL_SURFACE('',#2623,0.2);
#2623 = AXIS2_PLACEMENT_3D('',#2624,#2625,#2626);
#2624 = CARTESIAN_POINT('',(4.960033727524,1.603895665876,4.9));
#2625 = DIRECTION('',(1.298591791445E-02,0.999915679413,
    2.883453012904E-18));
#2626 = DIRECTION('',(-0.999915679413,1.298591791445E-02,
    -2.220258819936E-16));
#2627 = ADVANCED_FACE('',(#2628,#2634),#2652,.T.);
#2628 = FACE_BOUND('',#2629,.T.);
#2629 = EDGE_LOOP('',(#2630,#2631,#2632,#2633));
#2630 = ORIENTED_EDGE('',*,*,#1666,.T.);
#2631 = ORIENTED_EDGE('',*,*,#1652,.T.);
#2632 = ORIENTED_EDGE('',*,*,#1612,.T.);
#2633 = ORIENTED_EDGE('',*,*,#1580,.T.);
#2634 = FACE_BOUND('',#2635,.T.);
#2635 = EDGE_LOOP('',(#2636,#2644,#2645,#2646));
#2636 = ORIENTED_EDGE('',*,*,#2637,.T.);
#2637 = EDGE_CURVE('',#2638,#1545,#2640,.T.);
#2638 = VERTEX_POINT('',#2639);
#2639 = CARTESIAN_POINT('',(2.575601281124,8.1,5.1));
#2640 = LINE('',#2641,#2642);
#2641 = CARTESIAN_POINT('',(2.575601281124,8.1,5.1));
#2642 = VECTOR('',#2643,1.);
#2643 = DIRECTION('',(1.298591791445E-02,-0.999915679413,
    2.883453012904E-18));
#2644 = ORIENTED_EDGE('',*,*,#1544,.T.);
#2645 = ORIENTED_EDGE('',*,*,#2604,.T.);
#2646 = ORIENTED_EDGE('',*,*,#2647,.F.);
#2647 = EDGE_CURVE('',#2638,#2605,#2648,.T.);
#2648 = LINE('',#2649,#2650);
#2649 = CARTESIAN_POINT('',(6.11,8.1,5.1));
#2650 = VECTOR('',#2651,1.);
#2651 = DIRECTION('',(1.,0.,2.22044604925E-16));
#2652 = PLANE('',#2653);
#2653 = AXIS2_PLACEMENT_3D('',#2654,#2655,#2656);
#2654 = CARTESIAN_POINT('',(5.26,1.6,5.1));
#2655 = DIRECTION('',(-2.22044604925E-16,0.,1.));
#2656 = DIRECTION('',(-1.,0.,-2.22044604925E-16));
#2657 = ADVANCED_FACE('',(#2658),#2679,.T.);
#2658 = FACE_BOUND('',#2659,.T.);
#2659 = EDGE_LOOP('',(#2660,#2661,#2672,#2678));
#2660 = ORIENTED_EDGE('',*,*,#2637,.F.);
#2661 = ORIENTED_EDGE('',*,*,#2662,.T.);
#2662 = EDGE_CURVE('',#2638,#2663,#2665,.T.);
#2663 = VERTEX_POINT('',#2664);
#2664 = CARTESIAN_POINT('',(2.375584415584,8.1,4.9));
#2665 = B_SPLINE_CURVE_WITH_KNOTS('',3,(#2666,#2667,#2668,#2669,#2670,
    #2671),.UNSPECIFIED.,.F.,.F.,(4,2,4),(0.,0.5,1.),.UNSPECIFIED.);
#2666 = CARTESIAN_POINT('',(2.575601281124,8.1,5.1));
#2667 = CARTESIAN_POINT('',(2.52324019697,8.099752922858,5.1));
#2668 = CARTESIAN_POINT('',(2.471201508997,8.09951003268,5.078445380722)
  );
#2669 = CARTESIAN_POINT('',(2.397148460583,8.099414178656,5.004397331753
    ));
#2670 = CARTESIAN_POINT('',(2.375590037194,8.09956713607,4.95235987756)
  );
#2671 = CARTESIAN_POINT('',(2.375584415584,8.1,4.9));
#2672 = ORIENTED_EDGE('',*,*,#2673,.F.);
#2673 = EDGE_CURVE('',#1685,#2663,#2674,.T.);
#2674 = LINE('',#2675,#2676);
#2675 = CARTESIAN_POINT('',(2.375584415584,8.1,4.9));
#2676 = VECTOR('',#2677,1.);
#2677 = DIRECTION('',(-1.298591791445E-02,0.999915679413,
    -2.883453012904E-18));
#2678 = ORIENTED_EDGE('',*,*,#1684,.T.);
#2679 = CYLINDRICAL_SURFACE('',#2680,0.2);
#2680 = AXIS2_PLACEMENT_3D('',#2681,#2682,#2683);
#2681 = CARTESIAN_POINT('',(2.660455311262,1.566239679367,4.9));
#2682 = DIRECTION('',(1.298591791445E-02,-0.999915679413,
    2.883453012904E-18));
#2683 = DIRECTION('',(0.999915679413,1.298591791445E-02,
    2.220258819936E-16));
#2684 = ADVANCED_FACE('',(#2685),#2703,.T.);
#2685 = FACE_BOUND('',#2686,.T.);
#2686 = EDGE_LOOP('',(#2687,#2688,#2696,#2702));
#2687 = ORIENTED_EDGE('',*,*,#2673,.T.);
#2688 = ORIENTED_EDGE('',*,*,#2689,.F.);
#2689 = EDGE_CURVE('',#2690,#2663,#2692,.T.);
#2690 = VERTEX_POINT('',#2691);
#2691 = CARTESIAN_POINT('',(2.375584415584,8.1,1.1));
#2692 = LINE('',#2693,#2694);
#2693 = CARTESIAN_POINT('',(2.375584415584,8.1,5.1));
#2694 = VECTOR('',#2695,1.);
#2695 = DIRECTION('',(-2.22044604925E-16,0.,1.));
#2696 = ORIENTED_EDGE('',*,*,#2697,.T.);
#2697 = EDGE_CURVE('',#2690,#1721,#2698,.T.);
#2698 = LINE('',#2699,#2700);
#2699 = CARTESIAN_POINT('',(2.375584415584,8.1,1.1));
#2700 = VECTOR('',#2701,1.);
#2701 = DIRECTION('',(1.298591791445E-02,-0.999915679413,
    2.883453012904E-18));
#2702 = ORIENTED_EDGE('',*,*,#1731,.T.);
#2703 = PLANE('',#2704);
#2704 = AXIS2_PLACEMENT_3D('',#2705,#2706,#2707);
#2705 = CARTESIAN_POINT('',(2.375584415584,8.1,-4.4));
#2706 = DIRECTION('',(-0.999915679413,-1.298591791445E-02,
    -2.220258819936E-16));
#2707 = DIRECTION('',(1.298591791445E-02,-0.999915679413,
    2.883453012904E-18));
#2708 = ADVANCED_FACE('',(#2709),#2730,.T.);
#2709 = FACE_BOUND('',#2710,.T.);
#2710 = EDGE_LOOP('',(#2711,#2719,#2720,#2721));
#2711 = ORIENTED_EDGE('',*,*,#2712,.T.);
#2712 = EDGE_CURVE('',#2713,#1746,#2715,.T.);
#2713 = VERTEX_POINT('',#2714);
#2714 = CARTESIAN_POINT('',(2.575601281124,8.1,0.9));
#2715 = LINE('',#2716,#2717);
#2716 = CARTESIAN_POINT('',(2.57605396219,8.065143557951,0.9));
#2717 = VECTOR('',#2718,1.);
#2718 = DIRECTION('',(1.298591791445E-02,-0.999915679413,
    2.883453012904E-18));
#2719 = ORIENTED_EDGE('',*,*,#1757,.T.);
#2720 = ORIENTED_EDGE('',*,*,#2697,.F.);
#2721 = ORIENTED_EDGE('',*,*,#2722,.T.);
#2722 = EDGE_CURVE('',#2690,#2713,#2723,.T.);
#2723 = B_SPLINE_CURVE_WITH_KNOTS('',3,(#2724,#2725,#2726,#2727,#2728,
    #2729),.UNSPECIFIED.,.F.,.F.,(4,2,4),(0.,0.5,1.),.UNSPECIFIED.);
#2724 = CARTESIAN_POINT('',(2.375584415584,8.1,1.1));
#2725 = CARTESIAN_POINT('',(2.375590037194,8.09956713607,1.04764012244)
  );
#2726 = CARTESIAN_POINT('',(2.397148460583,8.099414178656,0.995602668247
    ));
#2727 = CARTESIAN_POINT('',(2.471201508997,8.09951003268,0.921554619278)
  );
#2728 = CARTESIAN_POINT('',(2.52324019697,8.099752922858,0.9));
#2729 = CARTESIAN_POINT('',(2.575601281124,8.1,0.9));
#2730 = CYLINDRICAL_SURFACE('',#2731,0.2);
#2731 = AXIS2_PLACEMENT_3D('',#2732,#2733,#2734);
#2732 = CARTESIAN_POINT('',(2.57605396219,8.065143557951,1.1));
#2733 = DIRECTION('',(-1.298591791445E-02,0.999915679413,
    -2.883453012904E-18));
#2734 = DIRECTION('',(-0.999915679413,-1.298591791445E-02,
    -2.220258819936E-16));
#2735 = ADVANCED_FACE('',(#2736),#2747,.T.);
#2736 = FACE_BOUND('',#2737,.T.);
#2737 = EDGE_LOOP('',(#2738,#2744,#2745,#2746));
#2738 = ORIENTED_EDGE('',*,*,#2739,.T.);
#2739 = EDGE_CURVE('',#2713,#2442,#2740,.T.);
#2740 = LINE('',#2741,#2742);
#2741 = CARTESIAN_POINT('',(5.26,8.1,0.9));
#2742 = VECTOR('',#2743,1.);
#2743 = DIRECTION('',(1.,0.,2.22044604925E-16));
#2744 = ORIENTED_EDGE('',*,*,#2459,.F.);
#2745 = ORIENTED_EDGE('',*,*,#1786,.T.);
#2746 = ORIENTED_EDGE('',*,*,#2712,.F.);
#2747 = PLANE('',#2748);
#2748 = AXIS2_PLACEMENT_3D('',#2749,#2750,#2751);
#2749 = CARTESIAN_POINT('',(5.26,8.1,0.9));
#2750 = DIRECTION('',(2.22044604925E-16,0.,-1.));
#2751 = DIRECTION('',(1.,0.,2.22044604925E-16));
#2752 = ADVANCED_FACE('',(#2753,#2767,#2778,#2891),#3004,.T.);
#2753 = FACE_BOUND('',#2754,.T.);
#2754 = EDGE_LOOP('',(#2755,#2756,#2757,#2758,#2759,#2760,#2761,#2762,
    #2763,#2764,#2765,#2766));
#2755 = ORIENTED_EDGE('',*,*,#2739,.F.);
#2756 = ORIENTED_EDGE('',*,*,#2722,.F.);
#2757 = ORIENTED_EDGE('',*,*,#2689,.T.);
#2758 = ORIENTED_EDGE('',*,*,#2662,.F.);
#2759 = ORIENTED_EDGE('',*,*,#2647,.T.);
#2760 = ORIENTED_EDGE('',*,*,#2614,.F.);
#2761 = ORIENTED_EDGE('',*,*,#2581,.T.);
#2762 = ORIENTED_EDGE('',*,*,#2548,.F.);
#2763 = ORIENTED_EDGE('',*,*,#2524,.F.);
#2764 = ORIENTED_EDGE('',*,*,#2498,.F.);
#2765 = ORIENTED_EDGE('',*,*,#2482,.T.);
#2766 = ORIENTED_EDGE('',*,*,#2441,.F.);
#2767 = FACE_BOUND('',#2768,.T.);
#2768 = EDGE_LOOP('',(#2769,#2770,#2776,#2777));
#2769 = ORIENTED_EDGE('',*,*,#2426,.T.);
#2770 = ORIENTED_EDGE('',*,*,#2771,.T.);
#2771 = EDGE_CURVE('',#2418,#2385,#2772,.T.);
#2772 = LINE('',#2773,#2774);
#2773 = CARTESIAN_POINT('',(-6.11,8.1,2.975));
#2774 = VECTOR('',#2775,1.);
#2775 = DIRECTION('',(2.22044604925E-16,0.,-1.));
#2776 = ORIENTED_EDGE('',*,*,#2384,.T.);
#2777 = ORIENTED_EDGE('',*,*,#2141,.F.);
#2778 = FACE_BOUND('',#2779,.T.);
#2779 = EDGE_LOOP('',(#2780,#2790,#2801,#2809,#2820,#2828,#2837,#2846,
    #2855,#2863,#2874,#2882));
#2780 = ORIENTED_EDGE('',*,*,#2781,.T.);
#2781 = EDGE_CURVE('',#2782,#2784,#2786,.T.);
#2782 = VERTEX_POINT('',#2783);
#2783 = CARTESIAN_POINT('',(-1.234398718876,8.1,5.1));
#2784 = VERTEX_POINT('',#2785);
#2785 = CARTESIAN_POINT('',(1.234398718876,8.1,5.1));
#2786 = LINE('',#2787,#2788);
#2787 = CARTESIAN_POINT('',(6.11,8.1,5.1));
#2788 = VECTOR('',#2789,1.);
#2789 = DIRECTION('',(1.,0.,2.22044604925E-16));
#2790 = ORIENTED_EDGE('',*,*,#2791,.F.);
#2791 = EDGE_CURVE('',#2792,#2784,#2794,.T.);
#2792 = VERTEX_POINT('',#2793);
#2793 = CARTESIAN_POINT('',(1.434415584416,8.1,4.9));
#2794 = B_SPLINE_CURVE_WITH_KNOTS('',3,(#2795,#2796,#2797,#2798,#2799,
    #2800),.UNSPECIFIED.,.F.,.F.,(4,2,4),(0.,0.5,1.),.UNSPECIFIED.);
#2795 = CARTESIAN_POINT('',(1.434415584416,8.1,4.9));
#2796 = CARTESIAN_POINT('',(1.434409962806,8.09956713607,4.95235987756)
  );
#2797 = CARTESIAN_POINT('',(1.412851539417,8.099414178656,5.004397331753
    ));
#2798 = CARTESIAN_POINT('',(1.338798491003,8.09951003268,5.078445380722)
  );
#2799 = CARTESIAN_POINT('',(1.28675980303,8.099752922858,5.1));
#2800 = CARTESIAN_POINT('',(1.234398718876,8.1,5.1));
#2801 = ORIENTED_EDGE('',*,*,#2802,.T.);
#2802 = EDGE_CURVE('',#2792,#2803,#2805,.T.);
#2803 = VERTEX_POINT('',#2804);
#2804 = CARTESIAN_POINT('',(1.434415584416,8.1,1.1));
#2805 = LINE('',#2806,#2807);
#2806 = CARTESIAN_POINT('',(1.434415584416,8.1,5.1));
#2807 = VECTOR('',#2808,1.);
#2808 = DIRECTION('',(2.22044604925E-16,0.,-1.));
#2809 = ORIENTED_EDGE('',*,*,#2810,.F.);
#2810 = EDGE_CURVE('',#2811,#2803,#2813,.T.);
#2811 = VERTEX_POINT('',#2812);
#2812 = CARTESIAN_POINT('',(1.234398718876,8.1,0.9));
#2813 = B_SPLINE_CURVE_WITH_KNOTS('',3,(#2814,#2815,#2816,#2817,#2818,
    #2819),.UNSPECIFIED.,.F.,.F.,(4,2,4),(0.,0.5,1.),.UNSPECIFIED.);
#2814 = CARTESIAN_POINT('',(1.234398718876,8.1,0.9));
#2815 = CARTESIAN_POINT('',(1.28675980303,8.099752922858,0.9));
#2816 = CARTESIAN_POINT('',(1.338798491003,8.09951003268,0.921554619278)
  );
#2817 = CARTESIAN_POINT('',(1.412851539417,8.099414178656,0.995602668247
    ));
#2818 = CARTESIAN_POINT('',(1.434409962806,8.09956713607,1.04764012244)
  );
#2819 = CARTESIAN_POINT('',(1.434415584416,8.1,1.1));
#2820 = ORIENTED_EDGE('',*,*,#2821,.F.);
#2821 = EDGE_CURVE('',#2822,#2811,#2824,.T.);
#2822 = VERTEX_POINT('',#2823);
#2823 = CARTESIAN_POINT('',(1.039230484541,8.1,0.9));
#2824 = LINE('',#2825,#2826);
#2825 = CARTESIAN_POINT('',(1.45,8.1,0.9));
#2826 = VECTOR('',#2827,1.);
#2827 = DIRECTION('',(1.,0.,2.22044604925E-16));
#2828 = ORIENTED_EDGE('',*,*,#2829,.F.);
#2829 = EDGE_CURVE('',#2830,#2822,#2832,.T.);
#2830 = VERTEX_POINT('',#2831);
#2831 = CARTESIAN_POINT('',(0.879348871541,8.1,0.946153846151));
#2832 = B_SPLINE_CURVE_WITH_KNOTS('',3,(#2833,#2834,#2835,#2836),
  .UNSPECIFIED.,.F.,.F.,(4,4),(0.,1.),.PIECEWISE_BEZIER_KNOTS.);
#2833 = CARTESIAN_POINT('',(0.879348871541,8.1,0.946153846151));
#2834 = CARTESIAN_POINT('',(0.926908624097,8.1,0.916198970578));
#2835 = CARTESIAN_POINT('',(0.983023504241,8.1,0.9));
#2836 = CARTESIAN_POINT('',(1.039230484541,8.1,0.9));
#2837 = ORIENTED_EDGE('',*,*,#2838,.T.);
#2838 = EDGE_CURVE('',#2830,#2839,#2841,.T.);
#2839 = VERTEX_POINT('',#2840);
#2840 = CARTESIAN_POINT('',(-0.879348871501,8.1,0.946153846171));
#2841 = CIRCLE('',#2842,1.65);
#2842 = AXIS2_PLACEMENT_3D('',#2843,#2844,#2845);
#2843 = CARTESIAN_POINT('',(1.7763568394E-15,8.1,-0.45));
#2844 = DIRECTION('',(0.,-1.,-0.));
#2845 = DIRECTION('',(-1.,0.,-2.061902837022E-15));
#2846 = ORIENTED_EDGE('',*,*,#2847,.F.);
#2847 = EDGE_CURVE('',#2848,#2839,#2850,.T.);
#2848 = VERTEX_POINT('',#2849);
#2849 = CARTESIAN_POINT('',(-1.039230484541,8.1,0.9));
#2850 = B_SPLINE_CURVE_WITH_KNOTS('',3,(#2851,#2852,#2853,#2854),
  .UNSPECIFIED.,.F.,.F.,(4,4),(0.,1.),.PIECEWISE_BEZIER_KNOTS.);
#2851 = CARTESIAN_POINT('',(-1.039230484541,8.1,0.9));
#2852 = CARTESIAN_POINT('',(-0.983023504241,8.1,0.9));
#2853 = CARTESIAN_POINT('',(-0.926908624097,8.1,0.916198970578));
#2854 = CARTESIAN_POINT('',(-0.879348871501,8.1,0.946153846171));
#2855 = ORIENTED_EDGE('',*,*,#2856,.F.);
#2856 = EDGE_CURVE('',#2857,#2848,#2859,.T.);
#2857 = VERTEX_POINT('',#2858);
#2858 = CARTESIAN_POINT('',(-1.234398718876,8.1,0.9));
#2859 = LINE('',#2860,#2861);
#2860 = CARTESIAN_POINT('',(1.45,8.1,0.9));
#2861 = VECTOR('',#2862,1.);
#2862 = DIRECTION('',(1.,0.,2.22044604925E-16));
#2863 = ORIENTED_EDGE('',*,*,#2864,.F.);
#2864 = EDGE_CURVE('',#2865,#2857,#2867,.T.);
#2865 = VERTEX_POINT('',#2866);
#2866 = CARTESIAN_POINT('',(-1.434415584416,8.1,1.1));
#2867 = B_SPLINE_CURVE_WITH_KNOTS('',3,(#2868,#2869,#2870,#2871,#2872,
    #2873),.UNSPECIFIED.,.F.,.F.,(4,2,4),(0.,0.5,1.),.UNSPECIFIED.);
#2868 = CARTESIAN_POINT('',(-1.434415584416,8.1,1.1));
#2869 = CARTESIAN_POINT('',(-1.434409962806,8.09956713607,1.04764012244)
  );
#2870 = CARTESIAN_POINT('',(-1.412851539417,8.099414178656,
    0.995602668247));
#2871 = CARTESIAN_POINT('',(-1.338798491003,8.09951003268,0.921554619278
    ));
#2872 = CARTESIAN_POINT('',(-1.28675980303,8.099752922858,0.9));
#2873 = CARTESIAN_POINT('',(-1.234398718876,8.1,0.9));
#2874 = ORIENTED_EDGE('',*,*,#2875,.T.);
#2875 = EDGE_CURVE('',#2865,#2876,#2878,.T.);
#2876 = VERTEX_POINT('',#2877);
#2877 = CARTESIAN_POINT('',(-1.434415584416,8.1,4.9));
#2878 = LINE('',#2879,#2880);
#2879 = CARTESIAN_POINT('',(-1.434415584416,8.1,5.1));
#2880 = VECTOR('',#2881,1.);
#2881 = DIRECTION('',(-2.22044604925E-16,0.,1.));
#2882 = ORIENTED_EDGE('',*,*,#2883,.F.);
#2883 = EDGE_CURVE('',#2782,#2876,#2884,.T.);
#2884 = B_SPLINE_CURVE_WITH_KNOTS('',3,(#2885,#2886,#2887,#2888,#2889,
    #2890),.UNSPECIFIED.,.F.,.F.,(4,2,4),(0.,0.5,1.),.UNSPECIFIED.);
#2885 = CARTESIAN_POINT('',(-1.234398718876,8.1,5.1));
#2886 = CARTESIAN_POINT('',(-1.28675980303,8.099752922858,5.1));
#2887 = CARTESIAN_POINT('',(-1.338798491003,8.09951003268,5.078445380722
    ));
#2888 = CARTESIAN_POINT('',(-1.412851539417,8.099414178656,
    5.004397331753));
#2889 = CARTESIAN_POINT('',(-1.434409962806,8.09956713607,4.95235987756)
  );
#2890 = CARTESIAN_POINT('',(-1.434415584416,8.1,4.9));
#2891 = FACE_BOUND('',#2892,.T.);
#2892 = EDGE_LOOP('',(#2893,#2903,#2912,#2921,#2930,#2938,#2949,#2957,
    #2968,#2976,#2987,#2995));
#2893 = ORIENTED_EDGE('',*,*,#2894,.T.);
#2894 = EDGE_CURVE('',#2895,#2897,#2899,.T.);
#2895 = VERTEX_POINT('',#2896);
#2896 = CARTESIAN_POINT('',(-2.575601281124,8.1,0.9));
#2897 = VERTEX_POINT('',#2898);
#2898 = CARTESIAN_POINT('',(-2.770769515459,8.1,0.9));
#2899 = LINE('',#2900,#2901);
#2900 = CARTESIAN_POINT('',(-5.26,8.1,0.9));
#2901 = VECTOR('',#2902,1.);
#2902 = DIRECTION('',(-1.,0.,-2.22044604925E-16));
#2903 = ORIENTED_EDGE('',*,*,#2904,.T.);
#2904 = EDGE_CURVE('',#2897,#2905,#2907,.T.);
#2905 = VERTEX_POINT('',#2906);
#2906 = CARTESIAN_POINT('',(-2.930651128499,8.1,0.946153846171));
#2907 = B_SPLINE_CURVE_WITH_KNOTS('',3,(#2908,#2909,#2910,#2911),
  .UNSPECIFIED.,.F.,.F.,(4,4),(0.,1.),.PIECEWISE_BEZIER_KNOTS.);
#2908 = CARTESIAN_POINT('',(-2.770769515459,8.1,0.9));
#2909 = CARTESIAN_POINT('',(-2.828477524399,8.1,0.900093593091));
#2910 = CARTESIAN_POINT('',(-2.88177139543,8.1,0.915478208491));
#2911 = CARTESIAN_POINT('',(-2.930651128499,8.1,0.946153846171));
#2912 = ORIENTED_EDGE('',*,*,#2913,.F.);
#2913 = EDGE_CURVE('',#2914,#2905,#2916,.T.);
#2914 = VERTEX_POINT('',#2915);
#2915 = CARTESIAN_POINT('',(-4.689348871544,8.1,0.946153846149));
#2916 = CIRCLE('',#2917,1.65);
#2917 = AXIS2_PLACEMENT_3D('',#2918,#2919,#2920);
#2918 = CARTESIAN_POINT('',(-3.81,8.1,-0.45));
#2919 = DIRECTION('',(0.,1.,0.));
#2920 = DIRECTION('',(1.,0.,-5.664660659735E-16));
#2921 = ORIENTED_EDGE('',*,*,#2922,.T.);
#2922 = EDGE_CURVE('',#2914,#2923,#2925,.T.);
#2923 = VERTEX_POINT('',#2924);
#2924 = CARTESIAN_POINT('',(-4.849230484541,8.1,0.9));
#2925 = B_SPLINE_CURVE_WITH_KNOTS('',3,(#2926,#2927,#2928,#2929),
  .UNSPECIFIED.,.F.,.F.,(4,4),(0.,1.),.PIECEWISE_BEZIER_KNOTS.);
#2926 = CARTESIAN_POINT('',(-4.689348871544,8.1,0.946153846149));
#2927 = CARTESIAN_POINT('',(-4.73822860463,8.1,0.915478208472));
#2928 = CARTESIAN_POINT('',(-4.791522475625,8.1,0.900093593091));
#2929 = CARTESIAN_POINT('',(-4.849230484541,8.1,0.9));
#2930 = ORIENTED_EDGE('',*,*,#2931,.T.);
#2931 = EDGE_CURVE('',#2923,#2932,#2934,.T.);
#2932 = VERTEX_POINT('',#2933);
#2933 = CARTESIAN_POINT('',(-5.044398718876,8.1,0.9));
#2934 = LINE('',#2935,#2936);
#2935 = CARTESIAN_POINT('',(-5.26,8.1,0.9));
#2936 = VECTOR('',#2937,1.);
#2937 = DIRECTION('',(-1.,0.,-2.22044604925E-16));
#2938 = ORIENTED_EDGE('',*,*,#2939,.T.);
#2939 = EDGE_CURVE('',#2932,#2940,#2942,.T.);
#2940 = VERTEX_POINT('',#2941);
#2941 = CARTESIAN_POINT('',(-5.244415584416,8.1,1.1));
#2942 = B_SPLINE_CURVE_WITH_KNOTS('',3,(#2943,#2944,#2945,#2946,#2947,
    #2948),.UNSPECIFIED.,.F.,.F.,(4,2,4),(0.,0.5,1.),.UNSPECIFIED.);
#2943 = CARTESIAN_POINT('',(-5.044398718876,8.1,0.9));
#2944 = CARTESIAN_POINT('',(-5.100408616727,8.1,0.900413680925));
#2945 = CARTESIAN_POINT('',(-5.147202900839,8.1,0.919577526171));
#2946 = CARTESIAN_POINT('',(-5.224482295069,8.1,0.997546535267));
#2947 = CARTESIAN_POINT('',(-5.24400662389,8.1,1.044692525028));
#2948 = CARTESIAN_POINT('',(-5.244415584416,8.1,1.1));
#2949 = ORIENTED_EDGE('',*,*,#2950,.F.);
#2950 = EDGE_CURVE('',#2951,#2940,#2953,.T.);
#2951 = VERTEX_POINT('',#2952);
#2952 = CARTESIAN_POINT('',(-5.244415584416,8.1,4.9));
#2953 = LINE('',#2954,#2955);
#2954 = CARTESIAN_POINT('',(-5.244415584416,8.1,5.1));
#2955 = VECTOR('',#2956,1.);
#2956 = DIRECTION('',(2.22044604925E-16,0.,-1.));
#2957 = ORIENTED_EDGE('',*,*,#2958,.T.);
#2958 = EDGE_CURVE('',#2951,#2959,#2961,.T.);
#2959 = VERTEX_POINT('',#2960);
#2960 = CARTESIAN_POINT('',(-5.044398718876,8.1,5.1));
#2961 = B_SPLINE_CURVE_WITH_KNOTS('',3,(#2962,#2963,#2964,#2965,#2966,
    #2967),.UNSPECIFIED.,.F.,.F.,(4,2,4),(0.,0.5,1.),.UNSPECIFIED.);
#2962 = CARTESIAN_POINT('',(-5.244415584416,8.1,4.9));
#2963 = CARTESIAN_POINT('',(-5.244001425058,8.1,4.956008953468));
#2964 = CARTESIAN_POINT('',(-5.224830124208,8.1,5.002805126876));
#2965 = CARTESIAN_POINT('',(-5.146855071667,8.1,5.080070811679));
#2966 = CARTESIAN_POINT('',(-5.09970711198,8.1,5.099591488586));
#2967 = CARTESIAN_POINT('',(-5.044398718876,8.1,5.1));
#2968 = ORIENTED_EDGE('',*,*,#2969,.F.);
#2969 = EDGE_CURVE('',#2970,#2959,#2972,.T.);
#2970 = VERTEX_POINT('',#2971);
#2971 = CARTESIAN_POINT('',(-2.575601281124,8.1,5.1));
#2972 = LINE('',#2973,#2974);
#2973 = CARTESIAN_POINT('',(-6.11,8.1,5.1));
#2974 = VECTOR('',#2975,1.);
#2975 = DIRECTION('',(-1.,0.,-2.22044604925E-16));
#2976 = ORIENTED_EDGE('',*,*,#2977,.T.);
#2977 = EDGE_CURVE('',#2970,#2978,#2980,.T.);
#2978 = VERTEX_POINT('',#2979);
#2979 = CARTESIAN_POINT('',(-2.375584415584,8.1,4.9));
#2980 = B_SPLINE_CURVE_WITH_KNOTS('',3,(#2981,#2982,#2983,#2984,#2985,
    #2986),.UNSPECIFIED.,.F.,.F.,(4,2,4),(0.,0.5,1.),.UNSPECIFIED.);
#2981 = CARTESIAN_POINT('',(-2.575601281124,8.1,5.1));
#2982 = CARTESIAN_POINT('',(-2.519591383273,8.1,5.099586319075));
#2983 = CARTESIAN_POINT('',(-2.472797099161,8.1,5.080422473829));
#2984 = CARTESIAN_POINT('',(-2.395517704931,8.1,5.002453464733));
#2985 = CARTESIAN_POINT('',(-2.37599337611,8.1,4.955307474972));
#2986 = CARTESIAN_POINT('',(-2.375584415584,8.1,4.9));
#2987 = ORIENTED_EDGE('',*,*,#2988,.F.);
#2988 = EDGE_CURVE('',#2989,#2978,#2991,.T.);
#2989 = VERTEX_POINT('',#2990);
#2990 = CARTESIAN_POINT('',(-2.375584415584,8.1,1.1));
#2991 = LINE('',#2992,#2993);
#2992 = CARTESIAN_POINT('',(-2.375584415584,8.1,5.1));
#2993 = VECTOR('',#2994,1.);
#2994 = DIRECTION('',(-2.22044604925E-16,0.,1.));
#2995 = ORIENTED_EDGE('',*,*,#2996,.T.);
#2996 = EDGE_CURVE('',#2989,#2895,#2997,.T.);
#2997 = B_SPLINE_CURVE_WITH_KNOTS('',3,(#2998,#2999,#3000,#3001,#3002,
    #3003),.UNSPECIFIED.,.F.,.F.,(4,2,4),(0.,0.5,1.),.UNSPECIFIED.);
#2998 = CARTESIAN_POINT('',(-2.375584415584,8.1,1.1));
#2999 = CARTESIAN_POINT('',(-2.375998574942,8.1,1.043991046533));
#3000 = CARTESIAN_POINT('',(-2.395169875792,8.1,0.997194873124));
#3001 = CARTESIAN_POINT('',(-2.473144928333,8.1,0.919929188321));
#3002 = CARTESIAN_POINT('',(-2.52029288802,8.1,0.900408511414));
#3003 = CARTESIAN_POINT('',(-2.575601281124,8.1,0.9));
#3004 = PLANE('',#3005);
#3005 = AXIS2_PLACEMENT_3D('',#3006,#3007,#3008);
#3006 = CARTESIAN_POINT('',(6.11,8.1,5.1));
#3007 = DIRECTION('',(0.,-1.,0.));
#3008 = DIRECTION('',(1.,0.,2.22044604925E-16));
#3009 = ADVANCED_FACE('',(#3010),#3029,.T.);
#3010 = FACE_BOUND('',#3011,.T.);
#3011 = EDGE_LOOP('',(#3012,#3013,#3014,#3022));
#3012 = ORIENTED_EDGE('',*,*,#1859,.F.);
#3013 = ORIENTED_EDGE('',*,*,#2116,.F.);
#3014 = ORIENTED_EDGE('',*,*,#3015,.T.);
#3015 = EDGE_CURVE('',#2109,#3016,#3018,.T.);
#3016 = VERTEX_POINT('',#3017);
#3017 = CARTESIAN_POINT('',(5.41,9.6,7.8));
#3018 = LINE('',#3019,#3020);
#3019 = CARTESIAN_POINT('',(6.11,9.6,7.8));
#3020 = VECTOR('',#3021,1.);
#3021 = DIRECTION('',(-1.,0.,-2.22044604925E-16));
#3022 = ORIENTED_EDGE('',*,*,#3023,.T.);
#3023 = EDGE_CURVE('',#3016,#1860,#3024,.T.);
#3024 = CIRCLE('',#3025,0.3);
#3025 = AXIS2_PLACEMENT_3D('',#3026,#3027,#3028);
#3026 = CARTESIAN_POINT('',(5.41,9.6,7.5));
#3027 = DIRECTION('',(1.,-0.,2.22044604925E-16));
#3028 = DIRECTION('',(2.22044604925E-16,0.,-1.));
#3029 = CYLINDRICAL_SURFACE('',#3030,0.3);
#3030 = AXIS2_PLACEMENT_3D('',#3031,#3032,#3033);
#3031 = CARTESIAN_POINT('',(6.11,9.6,7.5));
#3032 = DIRECTION('',(-1.,0.,-2.22044604925E-16));
#3033 = DIRECTION('',(2.22044604925E-16,0.,-1.));
#3034 = ADVANCED_FACE('',(#3035),#3083,.T.);
#3035 = FACE_BOUND('',#3036,.T.);
#3036 = EDGE_LOOP('',(#3037,#3045,#3046,#3047,#3055,#3076));
#3037 = ORIENTED_EDGE('',*,*,#3038,.T.);
#3038 = EDGE_CURVE('',#3039,#1844,#3041,.T.);
#3039 = VERTEX_POINT('',#3040);
#3040 = CARTESIAN_POINT('',(5.41,10.090033112946,5.95));
#3041 = LINE('',#3042,#3043);
#3042 = CARTESIAN_POINT('',(5.41,10.090033112946,5.95));
#3043 = VECTOR('',#3044,1.);
#3044 = DIRECTION('',(0.,-1.,0.));
#3045 = ORIENTED_EDGE('',*,*,#1867,.F.);
#3046 = ORIENTED_EDGE('',*,*,#3023,.F.);
#3047 = ORIENTED_EDGE('',*,*,#3048,.F.);
#3048 = EDGE_CURVE('',#3049,#3016,#3051,.T.);
#3049 = VERTEX_POINT('',#3050);
#3050 = CARTESIAN_POINT('',(5.41,10.575304923404,7.8));
#3051 = LINE('',#3052,#3053);
#3052 = CARTESIAN_POINT('',(5.41,9.3,7.8));
#3053 = VECTOR('',#3054,1.);
#3054 = DIRECTION('',(0.,-1.,0.));
#3055 = ORIENTED_EDGE('',*,*,#3056,.T.);
#3056 = EDGE_CURVE('',#3049,#3057,#3059,.T.);
#3057 = VERTEX_POINT('',#3058);
#3058 = CARTESIAN_POINT('',(5.41,10.090033112946,7.5));
#3059 = B_SPLINE_CURVE_WITH_KNOTS('',3,(#3060,#3061,#3062,#3063,#3064,
    #3065,#3066,#3067,#3068,#3069,#3070,#3071,#3072,#3073,#3074,#3075),
  .UNSPECIFIED.,.F.,.F.,(4,2,1,2,2,1,2,2,4),(0.,0.25,0.375,0.4375,0.5,
    0.625,0.6875,0.75,1.),.UNSPECIFIED.);
#3060 = CARTESIAN_POINT('',(5.41,10.575304923404,7.8));
#3061 = CARTESIAN_POINT('',(5.41,10.524257475352,7.800771236797));
#3062 = CARTESIAN_POINT('',(5.41,10.473948335626,7.796613417467));
#3063 = CARTESIAN_POINT('',(5.41,10.39140241205,7.781481847028));
#3064 = CARTESIAN_POINT('',(5.41,10.352065069569,7.771787858019));
#3065 = CARTESIAN_POINT('',(5.41,10.315631156048,7.758901563326));
#3066 = CARTESIAN_POINT('',(5.41,10.291987086803,7.749601298934));
#3067 = CARTESIAN_POINT('',(5.41,10.282100866083,7.745370035898));
#3068 = CARTESIAN_POINT('',(5.41,10.243730749469,7.72697072615));
#3069 = CARTESIAN_POINT('',(5.41,10.208981060819,7.705956058304));
#3070 = CARTESIAN_POINT('',(5.41,10.179662014116,7.681018353312));
#3071 = CARTESIAN_POINT('',(5.41,10.161322792302,7.663521430618));
#3072 = CARTESIAN_POINT('',(5.41,10.153571927612,7.655322129993));
#3073 = CARTESIAN_POINT('',(5.41,10.109681211904,7.602295624406));
#3074 = CARTESIAN_POINT('',(5.41,10.091427654729,7.554056681447));
#3075 = CARTESIAN_POINT('',(5.41,10.090033112946,7.5));
#3076 = ORIENTED_EDGE('',*,*,#3077,.F.);
#3077 = EDGE_CURVE('',#3039,#3057,#3078,.T.);
#3078 = B_SPLINE_CURVE_WITH_KNOTS('',3,(#3079,#3080,#3081,#3082),
  .UNSPECIFIED.,.F.,.F.,(4,4),(0.,1.),.PIECEWISE_BEZIER_KNOTS.);
#3079 = CARTESIAN_POINT('',(5.41,10.090033112946,5.95));
#3080 = CARTESIAN_POINT('',(5.41,10.090033112946,6.466666666667));
#3081 = CARTESIAN_POINT('',(5.41,10.090033112946,6.983333333333));
#3082 = CARTESIAN_POINT('',(5.41,10.090033112946,7.5));
#3083 = PLANE('',#3084);
#3084 = AXIS2_PLACEMENT_3D('',#3085,#3086,#3087);
#3085 = CARTESIAN_POINT('',(5.41,10.090033112946,-12.));
#3086 = DIRECTION('',(-1.,0.,-2.22044604925E-16));
#3087 = DIRECTION('',(2.22044604925E-16,-0.,-1.));
#3088 = ADVANCED_FACE('',(#3089),#3107,.T.);
#3089 = FACE_BOUND('',#3090,.T.);
#3090 = EDGE_LOOP('',(#3091,#3092,#3100,#3106));
#3091 = ORIENTED_EDGE('',*,*,#2352,.F.);
#3092 = ORIENTED_EDGE('',*,*,#3093,.F.);
#3093 = EDGE_CURVE('',#3094,#2345,#3096,.T.);
#3094 = VERTEX_POINT('',#3095);
#3095 = CARTESIAN_POINT('',(-6.11,15.8,7.8));
#3096 = LINE('',#3097,#3098);
#3097 = CARTESIAN_POINT('',(-6.11,15.8,7.8));
#3098 = VECTOR('',#3099,1.);
#3099 = DIRECTION('',(2.22044604925E-16,0.,-1.));
#3100 = ORIENTED_EDGE('',*,*,#3101,.F.);
#3101 = EDGE_CURVE('',#2101,#3094,#3102,.T.);
#3102 = LINE('',#3103,#3104);
#3103 = CARTESIAN_POINT('',(6.11,15.8,7.8));
#3104 = VECTOR('',#3105,1.);
#3105 = DIRECTION('',(-1.,0.,-2.22044604925E-16));
#3106 = ORIENTED_EDGE('',*,*,#2100,.T.);
#3107 = PLANE('',#3108);
#3108 = AXIS2_PLACEMENT_3D('',#3109,#3110,#3111);
#3109 = CARTESIAN_POINT('',(6.11,15.8,7.8));
#3110 = DIRECTION('',(0.,1.,0.));
#3111 = DIRECTION('',(-1.,0.,-2.22044604925E-16));
#3112 = ADVANCED_FACE('',(#3113),#3129,.F.);
#3113 = FACE_BOUND('',#3114,.F.);
#3114 = EDGE_LOOP('',(#3115,#3116,#3117,#3118,#3119,#3120,#3121,#3128));
#3115 = ORIENTED_EDGE('',*,*,#1141,.T.);
#3116 = ORIENTED_EDGE('',*,*,#1119,.T.);
#3117 = ORIENTED_EDGE('',*,*,#1080,.T.);
#3118 = ORIENTED_EDGE('',*,*,#1126,.T.);
#3119 = ORIENTED_EDGE('',*,*,#1149,.T.);
#3120 = ORIENTED_EDGE('',*,*,#383,.F.);
#3121 = ORIENTED_EDGE('',*,*,#3122,.T.);
#3122 = EDGE_CURVE('',#384,#451,#3123,.T.);
#3123 = CIRCLE('',#3124,1.35);
#3124 = AXIS2_PLACEMENT_3D('',#3125,#3126,#3127);
#3125 = CARTESIAN_POINT('',(3.81,11.6,7.8));
#3126 = DIRECTION('',(2.22044604925E-16,0.,-1.));
#3127 = DIRECTION('',(1.,0.,2.22044604925E-16));
#3128 = ORIENTED_EDGE('',*,*,#450,.T.);
#3129 = CYLINDRICAL_SURFACE('',#3130,1.35);
#3130 = AXIS2_PLACEMENT_3D('',#3131,#3132,#3133);
#3131 = CARTESIAN_POINT('',(3.81,11.6,16.7));
#3132 = DIRECTION('',(2.22044604925E-16,0.,-1.));
#3133 = DIRECTION('',(1.,0.,2.22044604925E-16));
#3134 = ADVANCED_FACE('',(#3135),#3168,.T.);
#3135 = FACE_BOUND('',#3136,.T.);
#3136 = EDGE_LOOP('',(#3137,#3152,#3153,#3162));
#3137 = ORIENTED_EDGE('',*,*,#3138,.F.);
#3138 = EDGE_CURVE('',#3039,#3139,#3141,.T.);
#3139 = VERTEX_POINT('',#3140);
#3140 = CARTESIAN_POINT('',(2.005,10.342234123535,5.95));
#3141 = B_SPLINE_CURVE_WITH_KNOTS('',3,(#3142,#3143,#3144,#3145,#3146,
    #3147,#3148,#3149,#3150,#3151),.UNSPECIFIED.,.F.,.F.,(4,2,2,2,4),(0.
    ,0.25,0.5,0.75,1.),.UNSPECIFIED.);
#3142 = CARTESIAN_POINT('',(5.41,10.090033112946,5.95));
#3143 = CARTESIAN_POINT('',(5.181464865234,9.848789882105,5.95));
#3144 = CARTESIAN_POINT('',(4.914206261038,9.668747165932,5.95));
#3145 = CARTESIAN_POINT('',(4.297629958653,9.429271420501,5.95));
#3146 = CARTESIAN_POINT('',(3.977433455342,9.381660456864,5.95));
#3147 = CARTESIAN_POINT('',(3.31755938737,9.430372291046,5.95));
#3148 = CARTESIAN_POINT('',(3.006948345698,9.525521194565,5.95));
#3149 = CARTESIAN_POINT('',(2.434251624789,9.851780219677,5.95));
#3150 = CARTESIAN_POINT('',(2.195718296374,10.069641358481,5.95));
#3151 = CARTESIAN_POINT('',(2.005,10.342234123535,5.95));
#3152 = ORIENTED_EDGE('',*,*,#3077,.T.);
#3153 = ORIENTED_EDGE('',*,*,#3154,.F.);
#3154 = EDGE_CURVE('',#3155,#3057,#3157,.T.);
#3155 = VERTEX_POINT('',#3156);
#3156 = CARTESIAN_POINT('',(2.005,10.342234123535,7.5));
#3157 = ( BOUNDED_CURVE() B_SPLINE_CURVE(3,(#3158,#3159,#3160,#3161),
.UNSPECIFIED.,.F.,.F.) B_SPLINE_CURVE_WITH_KNOTS((4,4),(0.,1.),
.PIECEWISE_BEZIER_KNOTS.) CURVE() GEOMETRIC_REPRESENTATION_ITEM() 
RATIONAL_B_SPLINE_CURVE((1.,0.75383550509,0.75383550509,1.)) 
REPRESENTATION_ITEM('') );
#3158 = CARTESIAN_POINT('',(2.005,10.342234123535,7.5));
#3159 = CARTESIAN_POINT('',(2.86814632154,9.103546431706,7.5));
#3160 = CARTESIAN_POINT('',(4.373779834868,8.992027402737,7.5));
#3161 = CARTESIAN_POINT('',(5.41,10.090033112946,7.5));
#3162 = ORIENTED_EDGE('',*,*,#3163,.T.);
#3163 = EDGE_CURVE('',#3155,#3139,#3164,.T.);
#3164 = LINE('',#3165,#3166);
#3165 = CARTESIAN_POINT('',(2.005,10.342234123535,-12.));
#3166 = VECTOR('',#3167,1.);
#3167 = DIRECTION('',(2.22044604925E-16,0.,-1.));
#3168 = CYLINDRICAL_SURFACE('',#3169,2.2);
#3169 = AXIS2_PLACEMENT_3D('',#3170,#3171,#3172);
#3170 = CARTESIAN_POINT('',(3.81,11.6,-12.));
#3171 = DIRECTION('',(-2.22044604925E-16,0.,1.));
#3172 = DIRECTION('',(-1.,0.,-2.22044604925E-16));
#3173 = ADVANCED_FACE('',(#3174),#3254,.T.);
#3174 = FACE_BOUND('',#3175,.T.);
#3175 = EDGE_LOOP('',(#3176,#3184,#3204,#3212,#3227,#3235,#3243,#3249,
    #3250,#3251,#3252,#3253));
#3176 = ORIENTED_EDGE('',*,*,#3177,.T.);
#3177 = EDGE_CURVE('',#3139,#3178,#3180,.T.);
#3178 = VERTEX_POINT('',#3179);
#3179 = CARTESIAN_POINT('',(1.805,10.342234123535,5.95));
#3180 = LINE('',#3181,#3182);
#3181 = CARTESIAN_POINT('',(2.005,10.342234123535,5.95));
#3182 = VECTOR('',#3183,1.);
#3183 = DIRECTION('',(-1.,0.,-2.22044604925E-16));
#3184 = ORIENTED_EDGE('',*,*,#3185,.T.);
#3185 = EDGE_CURVE('',#3178,#3186,#3188,.T.);
#3186 = VERTEX_POINT('',#3187);
#3187 = CARTESIAN_POINT('',(-1.805,10.342234123535,5.95));
#3188 = B_SPLINE_CURVE_WITH_KNOTS('',3,(#3189,#3190,#3191,#3192,#3193,
    #3194,#3195,#3196,#3197,#3198,#3199,#3200,#3201,#3202,#3203),
  .UNSPECIFIED.,.F.,.F.,(4,1,2,2,2,2,2,4),(0.,0.125,0.1875,0.25,0.5,
    0.625,0.75,1.),.UNSPECIFIED.);
#3189 = CARTESIAN_POINT('',(1.805,10.342234123535,5.95));
#3190 = CARTESIAN_POINT('',(1.701581753797,10.194379071386,5.95));
#3191 = CARTESIAN_POINT('',(1.525644766632,9.996920355018,5.95));
#3192 = CARTESIAN_POINT('',(1.318493352675,9.835947431435,5.95));
#3193 = CARTESIAN_POINT('',(1.173455870749,9.736740102997,5.95));
#3194 = CARTESIAN_POINT('',(1.0963555837,9.690609004468,5.95));
#3195 = CARTESIAN_POINT('',(0.704645564666,9.486037509569,5.95));
#3196 = CARTESIAN_POINT('',(0.353892045776,9.400091261314,5.95));
#3197 = CARTESIAN_POINT('',(-0.176946022888,9.399959819835,5.95));
#3198 = CARTESIAN_POINT('',(-0.352230594204,9.421219177728,5.95));
#3199 = CARTESIAN_POINT('',(-0.696016516861,9.505495963767,5.95));
#3200 = CARTESIAN_POINT('',(-0.859213065551,9.566860615802,5.95));
#3201 = CARTESIAN_POINT('',(-1.335614608579,9.815362884861,5.95));
#3202 = CARTESIAN_POINT('',(-1.597943415281,10.046209357543,5.95));
#3203 = CARTESIAN_POINT('',(-1.805,10.342234123535,5.95));
#3204 = ORIENTED_EDGE('',*,*,#3205,.T.);
#3205 = EDGE_CURVE('',#3186,#3206,#3208,.T.);
#3206 = VERTEX_POINT('',#3207);
#3207 = CARTESIAN_POINT('',(-2.005,10.342234123535,5.95));
#3208 = LINE('',#3209,#3210);
#3209 = CARTESIAN_POINT('',(-1.805,10.342234123535,5.95));
#3210 = VECTOR('',#3211,1.);
#3211 = DIRECTION('',(-1.,0.,-2.22044604925E-16));
#3212 = ORIENTED_EDGE('',*,*,#3213,.F.);
#3213 = EDGE_CURVE('',#3214,#3206,#3216,.T.);
#3214 = VERTEX_POINT('',#3215);
#3215 = CARTESIAN_POINT('',(-5.41,10.090033112946,5.95));
#3216 = B_SPLINE_CURVE_WITH_KNOTS('',3,(#3217,#3218,#3219,#3220,#3221,
    #3222,#3223,#3224,#3225,#3226),.UNSPECIFIED.,.F.,.F.,(4,2,2,2,4),(0.
    ,0.25,0.5,0.75,1.),.UNSPECIFIED.);
#3217 = CARTESIAN_POINT('',(-5.41,10.090033112946,5.95));
#3218 = CARTESIAN_POINT('',(-5.186456251525,9.853160370487,5.95));
#3219 = CARTESIAN_POINT('',(-4.909606495276,9.666881778279,5.95));
#3220 = CARTESIAN_POINT('',(-4.302336383483,9.431201856073,5.95));
#3221 = CARTESIAN_POINT('',(-3.972306162376,9.381951936216,5.95));
#3222 = CARTESIAN_POINT('',(-3.322685607356,9.430067930482,5.95));
#3223 = CARTESIAN_POINT('',(-3.003512615486,9.527402932979,5.95));
#3224 = CARTESIAN_POINT('',(-2.437591293058,9.849978615927,5.95));
#3225 = CARTESIAN_POINT('',(-2.191206532831,10.075012060948,5.95));
#3226 = CARTESIAN_POINT('',(-2.005,10.342234123535,5.95));
#3227 = ORIENTED_EDGE('',*,*,#3228,.T.);
#3228 = EDGE_CURVE('',#3214,#3229,#3231,.T.);
#3229 = VERTEX_POINT('',#3230);
#3230 = CARTESIAN_POINT('',(-5.41,9.3,5.95));
#3231 = LINE('',#3232,#3233);
#3232 = CARTESIAN_POINT('',(-5.41,10.090033112946,5.95));
#3233 = VECTOR('',#3234,1.);
#3234 = DIRECTION('',(0.,-1.,0.));
#3235 = ORIENTED_EDGE('',*,*,#3236,.F.);
#3236 = EDGE_CURVE('',#3237,#3229,#3239,.T.);
#3237 = VERTEX_POINT('',#3238);
#3238 = CARTESIAN_POINT('',(-6.11,9.3,5.95));
#3239 = LINE('',#3240,#3241);
#3240 = CARTESIAN_POINT('',(-6.11,9.3,5.95));
#3241 = VECTOR('',#3242,1.);
#3242 = DIRECTION('',(1.,0.,2.22044604925E-16));
#3243 = ORIENTED_EDGE('',*,*,#3244,.F.);
#3244 = EDGE_CURVE('',#2410,#3237,#3245,.T.);
#3245 = LINE('',#3246,#3247);
#3246 = CARTESIAN_POINT('',(-6.11,8.1,5.95));
#3247 = VECTOR('',#3248,1.);
#3248 = DIRECTION('',(0.,1.,0.));
#3249 = ORIENTED_EDGE('',*,*,#2409,.F.);
#3250 = ORIENTED_EDGE('',*,*,#2124,.T.);
#3251 = ORIENTED_EDGE('',*,*,#1841,.T.);
#3252 = ORIENTED_EDGE('',*,*,#3038,.F.);
#3253 = ORIENTED_EDGE('',*,*,#3138,.T.);
#3254 = PLANE('',#3255);
#3255 = AXIS2_PLACEMENT_3D('',#3256,#3257,#3258);
#3256 = CARTESIAN_POINT('',(6.11,8.1,5.95));
#3257 = DIRECTION('',(-2.22044604925E-16,0.,1.));
#3258 = DIRECTION('',(-1.,0.,-2.22044604925E-16));
#3259 = ADVANCED_FACE('',(#3260),#3301,.T.);
#3260 = FACE_BOUND('',#3261,.T.);
#3261 = EDGE_LOOP('',(#3262,#3263,#3264,#3286));
#3262 = ORIENTED_EDGE('',*,*,#3154,.T.);
#3263 = ORIENTED_EDGE('',*,*,#3056,.F.);
#3264 = ORIENTED_EDGE('',*,*,#3265,.F.);
#3265 = EDGE_CURVE('',#3266,#3049,#3268,.T.);
#3266 = VERTEX_POINT('',#3267);
#3267 = CARTESIAN_POINT('',(2.169059865236,10.642234123535,7.8));
#3268 = B_SPLINE_CURVE_WITH_KNOTS('',3,(#3269,#3270,#3271,#3272,#3273,
    #3274,#3275,#3276,#3277,#3278,#3279,#3280,#3281,#3282,#3283,#3284,
    #3285),.UNSPECIFIED.,.F.,.F.,(4,1,2,2,2,2,2,2,4),(0.,0.125,0.1875,
    0.25,0.5,0.75,0.8125,0.875,1.),.UNSPECIFIED.);
#3269 = CARTESIAN_POINT('',(2.169059865236,10.642234123535,7.8));
#3270 = CARTESIAN_POINT('',(2.253024247029,10.499075590845,7.8));
#3271 = CARTESIAN_POINT('',(2.400737877918,10.306692935593,7.8));
#3272 = CARTESIAN_POINT('',(2.581102096106,10.147842996014,7.8));
#3273 = CARTESIAN_POINT('',(2.708600594298,10.049394750889,7.8));
#3274 = CARTESIAN_POINT('',(2.777092450013,10.003240666994,7.8));
#3275 = CARTESIAN_POINT('',(3.126543307897,9.797657720301,7.8));
#3276 = CARTESIAN_POINT('',(3.446118023721,9.707206484129,7.8));
#3277 = CARTESIAN_POINT('',(4.095424429762,9.693611531263,7.8));
#3278 = CARTESIAN_POINT('',(4.418520774359,9.771217930033,7.8));
#3279 = CARTESIAN_POINT('',(4.776091139036,9.961898745208,7.8));
#3280 = CARTESIAN_POINT('',(4.844740767678,10.00435536306,7.8));
#3281 = CARTESIAN_POINT('',(4.976311136376,10.097909508401,7.8));
#3282 = CARTESIAN_POINT('',(5.040149846582,10.149854108672,7.8));
#3283 = CARTESIAN_POINT('',(5.217564823415,10.313566837238,7.8));
#3284 = CARTESIAN_POINT('',(5.321135432684,10.437193472308,7.8));
#3285 = CARTESIAN_POINT('',(5.41,10.575304923404,7.8));
#3286 = ORIENTED_EDGE('',*,*,#3287,.T.);
#3287 = EDGE_CURVE('',#3266,#3155,#3288,.T.);
#3288 = B_SPLINE_CURVE_WITH_KNOTS('',3,(#3289,#3290,#3291,#3292,#3293,
    #3294,#3295,#3296,#3297,#3298,#3299,#3300),.UNSPECIFIED.,.F.,.F.,(4,
    2,2,2,2,4),(0.,0.25,0.375,0.4375,0.5,1.),.UNSPECIFIED.);
#3289 = CARTESIAN_POINT('',(2.169059865236,10.642234123535,7.8));
#3290 = CARTESIAN_POINT('',(2.144847903297,10.599924049929,7.8));
#3291 = CARTESIAN_POINT('',(2.122467963883,10.560466340632,
    7.791027936446));
#3292 = CARTESIAN_POINT('',(2.093810931423,10.508588339468,
    7.769158869446));
#3293 = CARTESIAN_POINT('',(2.08504343791,10.492495412538,7.760476132387
    ));
#3294 = CARTESIAN_POINT('',(2.073087616415,10.47036504777,7.745997972655
    ));
#3295 = CARTESIAN_POINT('',(2.069300120202,10.463321911577,
    7.740929218898));
#3296 = CARTESIAN_POINT('',(2.06210850659,10.449924269792,7.730405971654
    ));
#3297 = CARTESIAN_POINT('',(2.059525084088,10.445098796747,
    7.726377839528));
#3298 = CARTESIAN_POINT('',(2.023134900339,10.377303844635,
    7.663137635268));
#3299 = CARTESIAN_POINT('',(2.004680312293,10.342692902328,
    7.581606256149));
#3300 = CARTESIAN_POINT('',(2.005,10.342234123535,7.5));
#3301 = ( BOUNDED_SURFACE() B_SPLINE_SURFACE(3,3,(
    (#3302,#3303,#3304,#3305)
    ,(#3306,#3307,#3308,#3309)
    ,(#3310,#3311,#3312,#3313)
    ,(#3314,#3315,#3316,#3317
)),.UNSPECIFIED.,.F.,.F.,.F.) B_SPLINE_SURFACE_WITH_KNOTS((4,4),(4,4),(
    0.,1.),(0.,1.),.PIECEWISE_BEZIER_KNOTS.) 
GEOMETRIC_REPRESENTATION_ITEM() RATIONAL_B_SPLINE_SURFACE((
    (1.,0.674208259877,0.674208259877,1.)
    ,(0.804737854124,0.542560908286,0.542560908286,0.804737854124)
    ,(0.804737854124,0.542560908286,0.542560908286,0.804737854124)
,(1.,0.674208259877,0.674208259877,1.
))) REPRESENTATION_ITEM('') SURFACE() );
#3302 = CARTESIAN_POINT('',(2.157439509485,10.662426629437,7.8));
#3303 = CARTESIAN_POINT('',(2.95417235502,9.258110697089,7.8));
#3304 = CARTESIAN_POINT('',(4.568413718045,9.224774727045,7.8));
#3305 = CARTESIAN_POINT('',(5.422444090644,10.595000470374,7.8));
#3306 = CARTESIAN_POINT('',(2.004589900637,10.575708035002,7.8));
#3307 = CARTESIAN_POINT('',(2.875014634908,9.041503277289,7.8));
#3308 = CARTESIAN_POINT('',(4.638561371225,9.005083976855,7.8));
#3309 = CARTESIAN_POINT('',(5.571583229548,10.502045455488,7.8));
#3310 = CARTESIAN_POINT('',(1.896508905719,10.514388728822,
    7.675735931288));
#3311 = CARTESIAN_POINT('',(2.819041674233,8.888338701893,7.675735931288
    ));
#3312 = CARTESIAN_POINT('',(4.688163252473,8.849739157632,7.675735931288
    ));
#3313 = CARTESIAN_POINT('',(5.677040526008,10.436316334117,
    7.675735931288));
#3314 = CARTESIAN_POINT('',(1.896508905719,10.514388728822,7.5));
#3315 = CARTESIAN_POINT('',(2.819041674233,8.888338701893,7.5));
#3316 = CARTESIAN_POINT('',(4.688163252473,8.849739157632,7.5));
#3317 = CARTESIAN_POINT('',(5.677040526008,10.436316334117,7.5));
#3318 = ADVANCED_FACE('',(#3319),#3337,.F.);
#3319 = FACE_BOUND('',#3320,.T.);
#3320 = EDGE_LOOP('',(#3321,#3329,#3335,#3336));
#3321 = ORIENTED_EDGE('',*,*,#3322,.F.);
#3322 = EDGE_CURVE('',#3323,#3155,#3325,.T.);
#3323 = VERTEX_POINT('',#3324);
#3324 = CARTESIAN_POINT('',(1.805,10.342234123535,7.5));
#3325 = LINE('',#3326,#3327);
#3326 = CARTESIAN_POINT('',(2.005,10.342234123535,7.5));
#3327 = VECTOR('',#3328,1.);
#3328 = DIRECTION('',(1.,0.,2.22044604925E-16));
#3329 = ORIENTED_EDGE('',*,*,#3330,.F.);
#3330 = EDGE_CURVE('',#3178,#3323,#3331,.T.);
#3331 = LINE('',#3332,#3333);
#3332 = CARTESIAN_POINT('',(1.805,10.342234123535,-12.));
#3333 = VECTOR('',#3334,1.);
#3334 = DIRECTION('',(-2.22044604925E-16,0.,1.));
#3335 = ORIENTED_EDGE('',*,*,#3177,.F.);
#3336 = ORIENTED_EDGE('',*,*,#3163,.F.);
#3337 = PLANE('',#3338);
#3338 = AXIS2_PLACEMENT_3D('',#3339,#3340,#3341);
#3339 = CARTESIAN_POINT('',(2.005,10.342234123535,-12.));
#3340 = DIRECTION('',(0.,1.,0.));
#3341 = DIRECTION('',(-1.,0.,-2.22044604925E-16));
#3342 = ADVANCED_FACE('',(#3343,#3347,#3420,#3430),#3440,.T.);
#3343 = FACE_BOUND('',#3344,.T.);
#3344 = EDGE_LOOP('',(#3345,#3346));
#3345 = ORIENTED_EDGE('',*,*,#3122,.T.);
#3346 = ORIENTED_EDGE('',*,*,#458,.T.);
#3347 = FACE_BOUND('',#3348,.T.);
#3348 = EDGE_LOOP('',(#3349,#3350,#3358,#3366,#3374,#3383,#3391,#3410,
    #3416,#3417,#3418,#3419));
#3349 = ORIENTED_EDGE('',*,*,#3101,.T.);
#3350 = ORIENTED_EDGE('',*,*,#3351,.T.);
#3351 = EDGE_CURVE('',#3094,#3352,#3354,.T.);
#3352 = VERTEX_POINT('',#3353);
#3353 = CARTESIAN_POINT('',(-6.11,9.6,7.8));
#3354 = LINE('',#3355,#3356);
#3355 = CARTESIAN_POINT('',(-6.11,17.1,7.8));
#3356 = VECTOR('',#3357,1.);
#3357 = DIRECTION('',(0.,-1.,0.));
#3358 = ORIENTED_EDGE('',*,*,#3359,.T.);
#3359 = EDGE_CURVE('',#3352,#3360,#3362,.T.);
#3360 = VERTEX_POINT('',#3361);
#3361 = CARTESIAN_POINT('',(-5.41,9.6,7.8));
#3362 = LINE('',#3363,#3364);
#3363 = CARTESIAN_POINT('',(-6.11,9.6,7.8));
#3364 = VECTOR('',#3365,1.);
#3365 = DIRECTION('',(1.,0.,2.22044604925E-16));
#3366 = ORIENTED_EDGE('',*,*,#3367,.F.);
#3367 = EDGE_CURVE('',#3368,#3360,#3370,.T.);
#3368 = VERTEX_POINT('',#3369);
#3369 = CARTESIAN_POINT('',(-5.41,10.575304923404,7.8));
#3370 = LINE('',#3371,#3372);
#3371 = CARTESIAN_POINT('',(-5.41,9.3,7.8));
#3372 = VECTOR('',#3373,1.);
#3373 = DIRECTION('',(0.,-1.,0.));
#3374 = ORIENTED_EDGE('',*,*,#3375,.F.);
#3375 = EDGE_CURVE('',#3376,#3368,#3378,.T.);
#3376 = VERTEX_POINT('',#3377);
#3377 = CARTESIAN_POINT('',(-2.169059865236,10.642234123535,7.8));
#3378 = ( BOUNDED_CURVE() B_SPLINE_CURVE(3,(#3379,#3380,#3381,#3382),
.UNSPECIFIED.,.F.,.F.) B_SPLINE_CURVE_WITH_KNOTS((4,4),(0.,1.),
.PIECEWISE_BEZIER_KNOTS.) CURVE() GEOMETRIC_REPRESENTATION_ITEM() 
RATIONAL_B_SPLINE_CURVE((1.,0.681207655931,0.681207655931,1.)) 
REPRESENTATION_ITEM('') );
#3379 = CARTESIAN_POINT('',(-2.169059865236,10.642234123535,7.8));
#3380 = CARTESIAN_POINT('',(-2.968652122639,9.27229282696,7.8));
#3381 = CARTESIAN_POINT('',(-4.554531800956,9.23954255884,7.8));
#3382 = CARTESIAN_POINT('',(-5.41,10.575304923404,7.8));
#3383 = ORIENTED_EDGE('',*,*,#3384,.T.);
#3384 = EDGE_CURVE('',#3376,#3385,#3387,.T.);
#3385 = VERTEX_POINT('',#3386);
#3386 = CARTESIAN_POINT('',(-1.640940134764,10.642234123535,7.8));
#3387 = LINE('',#3388,#3389);
#3388 = CARTESIAN_POINT('',(6.11,10.642234123535,7.8));
#3389 = VECTOR('',#3390,1.);
#3390 = DIRECTION('',(1.,0.,2.22044604925E-16));
#3391 = ORIENTED_EDGE('',*,*,#3392,.T.);
#3392 = EDGE_CURVE('',#3385,#3393,#3395,.T.);
#3393 = VERTEX_POINT('',#3394);
#3394 = CARTESIAN_POINT('',(1.640940134764,10.642234123535,7.8));
#3395 = B_SPLINE_CURVE_WITH_KNOTS('',3,(#3396,#3397,#3398,#3399,#3400,
    #3401,#3402,#3403,#3404,#3405,#3406,#3407,#3408,#3409),
  .UNSPECIFIED.,.F.,.F.,(4,2,2,2,2,2,4),(0.,0.125,0.25,0.5,0.75,0.875,1.
    ),.UNSPECIFIED.);
#3396 = CARTESIAN_POINT('',(-1.640940134764,10.642234123535,7.8));
#3397 = CARTESIAN_POINT('',(-1.556605991484,10.498301181243,7.8));
#3398 = CARTESIAN_POINT('',(-1.456558709808,10.36883556968,7.8));
#3399 = CARTESIAN_POINT('',(-1.221138732348,10.134965541698,7.8));
#3400 = CARTESIAN_POINT('',(-1.089727402441,10.034814645297,7.8));
#3401 = CARTESIAN_POINT('',(-0.658806992353,9.78725220816,7.8));
#3402 = CARTESIAN_POINT('',(-0.331282147399,9.700105487647,7.8));
#3403 = CARTESIAN_POINT('',(0.331282234308,9.699916286645,7.8));
#3404 = CARTESIAN_POINT('',(0.658985353254,9.787573114678,7.8));
#3405 = CARTESIAN_POINT('',(1.08963831644,10.034654247113,7.8));
#3406 = CARTESIAN_POINT('',(1.221973812597,10.135927257823,7.8));
#3407 = CARTESIAN_POINT('',(1.455723666878,10.367873886742,7.8));
#3408 = CARTESIAN_POINT('',(1.556420798553,10.497985070493,7.8));
#3409 = CARTESIAN_POINT('',(1.640940134764,10.642234123535,7.8));
#3410 = ORIENTED_EDGE('',*,*,#3411,.T.);
#3411 = EDGE_CURVE('',#3393,#3266,#3412,.T.);
#3412 = LINE('',#3413,#3414);
#3413 = CARTESIAN_POINT('',(6.11,10.642234123535,7.8));
#3414 = VECTOR('',#3415,1.);
#3415 = DIRECTION('',(1.,0.,2.22044604925E-16));
#3416 = ORIENTED_EDGE('',*,*,#3265,.T.);
#3417 = ORIENTED_EDGE('',*,*,#3048,.T.);
#3418 = ORIENTED_EDGE('',*,*,#3015,.F.);
#3419 = ORIENTED_EDGE('',*,*,#2108,.F.);
#3420 = FACE_BOUND('',#3421,.T.);
#3421 = EDGE_LOOP('',(#3422,#3429));
#3422 = ORIENTED_EDGE('',*,*,#3423,.T.);
#3423 = EDGE_CURVE('',#198,#265,#3424,.T.);
#3424 = CIRCLE('',#3425,1.35);
#3425 = AXIS2_PLACEMENT_3D('',#3426,#3427,#3428);
#3426 = CARTESIAN_POINT('',(-4.440892098501E-16,11.6,7.8));
#3427 = DIRECTION('',(2.22044604925E-16,0.,-1.));
#3428 = DIRECTION('',(1.,0.,2.22044604925E-16));
#3429 = ORIENTED_EDGE('',*,*,#272,.T.);
#3430 = FACE_BOUND('',#3431,.T.);
#3431 = EDGE_LOOP('',(#3432,#3433));
#3432 = ORIENTED_EDGE('',*,*,#88,.F.);
#3433 = ORIENTED_EDGE('',*,*,#3434,.F.);
#3434 = EDGE_CURVE('',#81,#22,#3435,.T.);
#3435 = CIRCLE('',#3436,1.35);
#3436 = AXIS2_PLACEMENT_3D('',#3437,#3438,#3439);
#3437 = CARTESIAN_POINT('',(-3.81,11.6,7.8));
#3438 = DIRECTION('',(-2.22044604925E-16,0.,1.));
#3439 = DIRECTION('',(-1.,0.,-2.22044604925E-16));
#3440 = PLANE('',#3441);
#3441 = AXIS2_PLACEMENT_3D('',#3442,#3443,#3444);
#3442 = CARTESIAN_POINT('',(6.11,9.3,7.8));
#3443 = DIRECTION('',(-2.22044604925E-16,0.,1.));
#3444 = DIRECTION('',(-1.,0.,-2.22044604925E-16));
#3445 = ADVANCED_FACE('',(#3446),#3467,.T.);
#3446 = FACE_BOUND('',#3447,.T.);
#3447 = EDGE_LOOP('',(#3448,#3449,#3465,#3466));
#3448 = ORIENTED_EDGE('',*,*,#3411,.F.);
#3449 = ORIENTED_EDGE('',*,*,#3450,.T.);
#3450 = EDGE_CURVE('',#3393,#3323,#3451,.T.);
#3451 = B_SPLINE_CURVE_WITH_KNOTS('',3,(#3452,#3453,#3454,#3455,#3456,
    #3457,#3458,#3459,#3460,#3461,#3462,#3463,#3464),.UNSPECIFIED.,.F.,
  .F.,(4,2,2,1,2,2,4),(0.,0.25,0.375,0.4375,0.46875,0.5,1.),
  .UNSPECIFIED.);
#3452 = CARTESIAN_POINT('',(1.640940134764,10.642234123535,7.8));
#3453 = CARTESIAN_POINT('',(1.667645556978,10.595566381982,7.8));
#3454 = CARTESIAN_POINT('',(1.690464568578,10.553884090414,
    7.789142464278));
#3455 = CARTESIAN_POINT('',(1.718863470055,10.502494578558,
    7.766129917183));
#3456 = CARTESIAN_POINT('',(1.727358167893,10.487141128891,
    7.757328519687));
#3457 = CARTESIAN_POINT('',(1.73864281067,10.466693256257,7.743420120211
    ));
#3458 = CARTESIAN_POINT('',(1.743920781064,10.457110711525,
    7.736286315049));
#3459 = CARTESIAN_POINT('',(1.748652224965,10.44844456583,7.729039844646
    ));
#3460 = CARTESIAN_POINT('',(1.751685070567,10.442864198981,
    7.724199188879));
#3461 = CARTESIAN_POINT('',(1.75246089682,10.441438030247,7.722954759806
    ));
#3462 = CARTESIAN_POINT('',(1.787733242289,10.375787305219,
    7.661701790292));
#3463 = CARTESIAN_POINT('',(1.804554662066,10.342234123535,
    7.579501052881));
#3464 = CARTESIAN_POINT('',(1.805,10.342234123535,7.5));
#3465 = ORIENTED_EDGE('',*,*,#3322,.T.);
#3466 = ORIENTED_EDGE('',*,*,#3287,.F.);
#3467 = CYLINDRICAL_SURFACE('',#3468,0.3);
#3468 = AXIS2_PLACEMENT_3D('',#3469,#3470,#3471);
#3469 = CARTESIAN_POINT('',(2.005,10.642234123535,7.5));
#3470 = DIRECTION('',(1.,0.,2.22044604925E-16));
#3471 = DIRECTION('',(-2.22044604925E-16,0.,1.));
#3472 = ADVANCED_FACE('',(#3473),#3507,.T.);
#3473 = FACE_BOUND('',#3474,.T.);
#3474 = EDGE_LOOP('',(#3475,#3485,#3493,#3501));
#3475 = ORIENTED_EDGE('',*,*,#3476,.F.);
#3476 = EDGE_CURVE('',#3477,#3479,#3481,.T.);
#3477 = VERTEX_POINT('',#3478);
#3478 = CARTESIAN_POINT('',(0.2,3.9,6.25));
#3479 = VERTEX_POINT('',#3480);
#3480 = CARTESIAN_POINT('',(0.2,1.9,6.25));
#3481 = LINE('',#3482,#3483);
#3482 = CARTESIAN_POINT('',(0.2,3.9,6.25));
#3483 = VECTOR('',#3484,1.);
#3484 = DIRECTION('',(-5.676425099247E-31,-1.,2.556434596176E-15));
#3485 = ORIENTED_EDGE('',*,*,#3486,.T.);
#3486 = EDGE_CURVE('',#3477,#3487,#3489,.T.);
#3487 = VERTEX_POINT('',#3488);
#3488 = CARTESIAN_POINT('',(-0.2,3.9,6.25));
#3489 = LINE('',#3490,#3491);
#3490 = CARTESIAN_POINT('',(0.4,3.9,6.25));
#3491 = VECTOR('',#3492,1.);
#3492 = DIRECTION('',(-1.,5.543383885983E-30,1.946359740046E-15));
#3493 = ORIENTED_EDGE('',*,*,#3494,.F.);
#3494 = EDGE_CURVE('',#3495,#3487,#3497,.T.);
#3495 = VERTEX_POINT('',#3496);
#3496 = CARTESIAN_POINT('',(-0.2,1.9,6.25));
#3497 = LINE('',#3498,#3499);
#3498 = CARTESIAN_POINT('',(-0.2,3.9,6.25));
#3499 = VECTOR('',#3500,1.);
#3500 = DIRECTION('',(5.676425099247E-31,1.,-2.556434596176E-15));
#3501 = ORIENTED_EDGE('',*,*,#3502,.T.);
#3502 = EDGE_CURVE('',#3495,#3479,#3503,.T.);
#3503 = LINE('',#3504,#3505);
#3504 = CARTESIAN_POINT('',(0.4,1.9,6.25));
#3505 = VECTOR('',#3506,1.);
#3506 = DIRECTION('',(1.,-5.543383885983E-30,-1.946359740046E-15));
#3507 = PLANE('',#3508);
#3508 = AXIS2_PLACEMENT_3D('',#3509,#3510,#3511);
#3509 = CARTESIAN_POINT('',(0.4,3.9,6.25));
#3510 = DIRECTION('',(1.946359740046E-15,2.556434596176E-15,1.));
#3511 = DIRECTION('',(-5.676425099247E-31,-1.,2.556434596176E-15));
#3512 = ADVANCED_FACE('',(#3513),#3531,.F.);
#3513 = FACE_BOUND('',#3514,.T.);
#3514 = EDGE_LOOP('',(#3515,#3530));
#3515 = ORIENTED_EDGE('',*,*,#3516,.T.);
#3516 = EDGE_CURVE('',#344,#353,#3517,.T.);
#3517 = B_SPLINE_CURVE_WITH_KNOTS('',3,(#3518,#3519,#3520,#3521,#3522,
    #3523,#3524,#3525,#3526,#3527,#3528,#3529),.UNSPECIFIED.,.F.,.F.,(4,
    2,2,2,2,4),(0.,0.25,0.375,0.5,0.75,1.),.UNSPECIFIED.);
#3518 = CARTESIAN_POINT('',(0.625000000011,2.600000000001,3.1));
#3519 = CARTESIAN_POINT('',(0.624267176339,2.6,3.267669354536));
#3520 = CARTESIAN_POINT('',(0.559838653676,2.6,3.424302354728));
#3521 = CARTESIAN_POINT('',(0.382989508974,2.6,3.600760935641));
#3522 = CARTESIAN_POINT('',(0.316121566162,2.6,3.645621697155));
#3523 = CARTESIAN_POINT('',(0.162238301183,2.6,3.709206983066));
#3524 = CARTESIAN_POINT('',(8.323893275885E-02,2.6,3.725068278013));
#3525 = CARTESIAN_POINT('',(-0.166434284712,2.6,3.7248524996));
#3526 = CARTESIAN_POINT('',(-0.324374556497,2.6,3.659646634423));
#3527 = CARTESIAN_POINT('',(-0.559470591353,2.6,3.424270606616));
#3528 = CARTESIAN_POINT('',(-0.624260304111,2.6,3.266964126296));
#3529 = CARTESIAN_POINT('',(-0.625000000016,2.600000000001,3.1));
#3530 = ORIENTED_EDGE('',*,*,#360,.T.);
#3531 = PLANE('',#3532);
#3532 = AXIS2_PLACEMENT_3D('',#3533,#3534,#3535);
#3533 = CARTESIAN_POINT('',(8.881784197001E-16,2.6,3.1));
#3534 = DIRECTION('',(0.,1.,0.));
#3535 = DIRECTION('',(-1.,0.,-2.22044604925E-16));
#3536 = ADVANCED_FACE('',(#3537),#3568,.T.);
#3537 = FACE_BOUND('',#3538,.T.);
#3538 = EDGE_LOOP('',(#3539,#3549,#3558,#3559));
#3539 = ORIENTED_EDGE('',*,*,#3540,.F.);
#3540 = EDGE_CURVE('',#3541,#3543,#3545,.T.);
#3541 = VERTEX_POINT('',#3542);
#3542 = CARTESIAN_POINT('',(0.4,3.9,6.05));
#3543 = VERTEX_POINT('',#3544);
#3544 = CARTESIAN_POINT('',(0.4,1.9,6.05));
#3545 = LINE('',#3546,#3547);
#3546 = CARTESIAN_POINT('',(0.4,3.9,6.05));
#3547 = VECTOR('',#3548,1.);
#3548 = DIRECTION('',(0.,-1.,0.));
#3549 = ORIENTED_EDGE('',*,*,#3550,.T.);
#3550 = EDGE_CURVE('',#3541,#3477,#3551,.T.);
#3551 = B_SPLINE_CURVE_WITH_KNOTS('',3,(#3552,#3553,#3554,#3555,#3556,
    #3557),.UNSPECIFIED.,.F.,.F.,(4,2,4),(0.,0.5,1.),.UNSPECIFIED.);
#3552 = CARTESIAN_POINT('',(0.4,3.9,6.05));
#3553 = CARTESIAN_POINT('',(0.4,3.9,6.10235987756));
#3554 = CARTESIAN_POINT('',(0.378445380722,3.9,6.154397331753));
#3555 = CARTESIAN_POINT('',(0.304397331753,3.9,6.228445380722));
#3556 = CARTESIAN_POINT('',(0.25235987756,3.9,6.25));
#3557 = CARTESIAN_POINT('',(0.2,3.9,6.25));
#3558 = ORIENTED_EDGE('',*,*,#3476,.T.);
#3559 = ORIENTED_EDGE('',*,*,#3560,.T.);
#3560 = EDGE_CURVE('',#3479,#3543,#3561,.T.);
#3561 = B_SPLINE_CURVE_WITH_KNOTS('',3,(#3562,#3563,#3564,#3565,#3566,
    #3567),.UNSPECIFIED.,.F.,.F.,(4,2,4),(0.,0.5,1.),.UNSPECIFIED.);
#3562 = CARTESIAN_POINT('',(0.2,1.9,6.25));
#3563 = CARTESIAN_POINT('',(0.25235987756,1.9,6.25));
#3564 = CARTESIAN_POINT('',(0.304397331753,1.9,6.228445380722));
#3565 = CARTESIAN_POINT('',(0.378445380722,1.9,6.154397331753));
#3566 = CARTESIAN_POINT('',(0.4,1.9,6.10235987756));
#3567 = CARTESIAN_POINT('',(0.4,1.9,6.05));
#3568 = CYLINDRICAL_SURFACE('',#3569,0.2);
#3569 = AXIS2_PLACEMENT_3D('',#3570,#3571,#3572);
#3570 = CARTESIAN_POINT('',(0.2,3.9,6.05));
#3571 = DIRECTION('',(-5.676425099247E-31,-1.,2.556434596176E-15));
#3572 = DIRECTION('',(2.22044604925E-16,-2.556434596176E-15,-1.));
#3573 = ADVANCED_FACE('',(#3574),#3605,.T.);
#3574 = FACE_BOUND('',#3575,.T.);
#3575 = EDGE_LOOP('',(#3576,#3577,#3588,#3596));
#3576 = ORIENTED_EDGE('',*,*,#3494,.T.);
#3577 = ORIENTED_EDGE('',*,*,#3578,.T.);
#3578 = EDGE_CURVE('',#3487,#3579,#3581,.T.);
#3579 = VERTEX_POINT('',#3580);
#3580 = CARTESIAN_POINT('',(-0.4,3.9,6.05));
#3581 = B_SPLINE_CURVE_WITH_KNOTS('',3,(#3582,#3583,#3584,#3585,#3586,
    #3587),.UNSPECIFIED.,.F.,.F.,(4,2,4),(0.,0.5,1.),.UNSPECIFIED.);
#3582 = CARTESIAN_POINT('',(-0.2,3.9,6.25));
#3583 = CARTESIAN_POINT('',(-0.25235987756,3.9,6.25));
#3584 = CARTESIAN_POINT('',(-0.304397331753,3.9,6.228445380722));
#3585 = CARTESIAN_POINT('',(-0.378445380722,3.9,6.154397331753));
#3586 = CARTESIAN_POINT('',(-0.4,3.9,6.10235987756));
#3587 = CARTESIAN_POINT('',(-0.4,3.9,6.05));
#3588 = ORIENTED_EDGE('',*,*,#3589,.F.);
#3589 = EDGE_CURVE('',#3590,#3579,#3592,.T.);
#3590 = VERTEX_POINT('',#3591);
#3591 = CARTESIAN_POINT('',(-0.4,1.9,6.05));
#3592 = LINE('',#3593,#3594);
#3593 = CARTESIAN_POINT('',(-0.4,3.9,6.05));
#3594 = VECTOR('',#3595,1.);
#3595 = DIRECTION('',(0.,1.,0.));
#3596 = ORIENTED_EDGE('',*,*,#3597,.T.);
#3597 = EDGE_CURVE('',#3590,#3495,#3598,.T.);
#3598 = B_SPLINE_CURVE_WITH_KNOTS('',3,(#3599,#3600,#3601,#3602,#3603,
    #3604),.UNSPECIFIED.,.F.,.F.,(4,2,4),(0.,0.5,1.),.UNSPECIFIED.);
#3599 = CARTESIAN_POINT('',(-0.4,1.9,6.05));
#3600 = CARTESIAN_POINT('',(-0.4,1.9,6.10235987756));
#3601 = CARTESIAN_POINT('',(-0.378445380722,1.9,6.154397331753));
#3602 = CARTESIAN_POINT('',(-0.304397331753,1.9,6.228445380722));
#3603 = CARTESIAN_POINT('',(-0.25235987756,1.9,6.25));
#3604 = CARTESIAN_POINT('',(-0.2,1.9,6.25));
#3605 = CYLINDRICAL_SURFACE('',#3606,0.2);
#3606 = AXIS2_PLACEMENT_3D('',#3607,#3608,#3609);
#3607 = CARTESIAN_POINT('',(-0.2,3.9,6.05));
#3608 = DIRECTION('',(-5.676425099247E-31,-1.,2.556434596176E-15));
#3609 = DIRECTION('',(2.22044604925E-16,-2.556434596176E-15,-1.));
#3610 = ADVANCED_FACE('',(#3611),#3623,.F.);
#3611 = FACE_BOUND('',#3612,.F.);
#3612 = EDGE_LOOP('',(#3613,#3620,#3621,#3622));
#3613 = ORIENTED_EDGE('',*,*,#3614,.F.);
#3614 = EDGE_CURVE('',#288,#321,#3615,.T.);
#3615 = CIRCLE('',#3616,1.05);
#3616 = AXIS2_PLACEMENT_3D('',#3617,#3618,#3619);
#3617 = CARTESIAN_POINT('',(8.881784197001E-16,2.5,3.1));
#3618 = DIRECTION('',(0.,-1.,0.));
#3619 = DIRECTION('',(1.,0.,2.22044604925E-16));
#3620 = ORIENTED_EDGE('',*,*,#343,.F.);
#3621 = ORIENTED_EDGE('',*,*,#3516,.T.);
#3622 = ORIENTED_EDGE('',*,*,#352,.T.);
#3623 = CONICAL_SURFACE('',#3624,1.049999999977,1.339705659597);
#3624 = AXIS2_PLACEMENT_3D('',#3625,#3626,#3627);
#3625 = CARTESIAN_POINT('',(8.881784197001E-16,2.500000000013,3.1));
#3626 = DIRECTION('',(0.,-1.,0.));
#3627 = DIRECTION('',(1.,0.,2.22044604925E-16));
#3628 = ADVANCED_FACE('',(#3629),#3654,.T.);
#3629 = FACE_BOUND('',#3630,.T.);
#3630 = EDGE_LOOP('',(#3631,#3632,#3640,#3648));
#3631 = ORIENTED_EDGE('',*,*,#3540,.T.);
#3632 = ORIENTED_EDGE('',*,*,#3633,.T.);
#3633 = EDGE_CURVE('',#3543,#3634,#3636,.T.);
#3634 = VERTEX_POINT('',#3635);
#3635 = CARTESIAN_POINT('',(0.4,1.9,5.61860073261));
#3636 = LINE('',#3637,#3638);
#3637 = CARTESIAN_POINT('',(0.4,1.9,5.5));
#3638 = VECTOR('',#3639,1.);
#3639 = DIRECTION('',(2.22044604925E-16,0.,-1.));
#3640 = ORIENTED_EDGE('',*,*,#3641,.F.);
#3641 = EDGE_CURVE('',#3642,#3634,#3644,.T.);
#3642 = VERTEX_POINT('',#3643);
#3643 = CARTESIAN_POINT('',(0.4,3.9,5.61860073261));
#3644 = LINE('',#3645,#3646);
#3645 = CARTESIAN_POINT('',(0.4,3.9,5.61860073261));
#3646 = VECTOR('',#3647,1.);
#3647 = DIRECTION('',(-5.676425099247E-31,-1.,2.556434596176E-15));
#3648 = ORIENTED_EDGE('',*,*,#3649,.T.);
#3649 = EDGE_CURVE('',#3642,#3541,#3650,.T.);
#3650 = LINE('',#3651,#3652);
#3651 = CARTESIAN_POINT('',(0.4,3.9,5.5));
#3652 = VECTOR('',#3653,1.);
#3653 = DIRECTION('',(-2.22044604925E-16,0.,1.));
#3654 = PLANE('',#3655);
#3655 = AXIS2_PLACEMENT_3D('',#3656,#3657,#3658);
#3656 = CARTESIAN_POINT('',(0.4,3.9,5.5));
#3657 = DIRECTION('',(1.,0.,2.22044604925E-16));
#3658 = DIRECTION('',(-2.22044604925E-16,0.,1.));
#3659 = ADVANCED_FACE('',(#3660),#3685,.T.);
#3660 = FACE_BOUND('',#3661,.T.);
#3661 = EDGE_LOOP('',(#3662,#3663,#3671,#3679));
#3662 = ORIENTED_EDGE('',*,*,#3589,.T.);
#3663 = ORIENTED_EDGE('',*,*,#3664,.T.);
#3664 = EDGE_CURVE('',#3579,#3665,#3667,.T.);
#3665 = VERTEX_POINT('',#3666);
#3666 = CARTESIAN_POINT('',(-0.4,3.9,5.61860073261));
#3667 = LINE('',#3668,#3669);
#3668 = CARTESIAN_POINT('',(-0.4,3.9,6.25));
#3669 = VECTOR('',#3670,1.);
#3670 = DIRECTION('',(2.22044604925E-16,-0.,-1.));
#3671 = ORIENTED_EDGE('',*,*,#3672,.F.);
#3672 = EDGE_CURVE('',#3673,#3665,#3675,.T.);
#3673 = VERTEX_POINT('',#3674);
#3674 = CARTESIAN_POINT('',(-0.4,1.9,5.61860073261));
#3675 = LINE('',#3676,#3677);
#3676 = CARTESIAN_POINT('',(-0.4,3.9,5.61860073261));
#3677 = VECTOR('',#3678,1.);
#3678 = DIRECTION('',(5.676425099247E-31,1.,-2.556434596176E-15));
#3679 = ORIENTED_EDGE('',*,*,#3680,.T.);
#3680 = EDGE_CURVE('',#3673,#3590,#3681,.T.);
#3681 = LINE('',#3682,#3683);
#3682 = CARTESIAN_POINT('',(-0.4,1.9,6.25));
#3683 = VECTOR('',#3684,1.);
#3684 = DIRECTION('',(-2.22044604925E-16,0.,1.));
#3685 = PLANE('',#3686);
#3686 = AXIS2_PLACEMENT_3D('',#3687,#3688,#3689);
#3687 = CARTESIAN_POINT('',(-0.4,3.9,6.25));
#3688 = DIRECTION('',(-1.,0.,-2.22044604925E-16));
#3689 = DIRECTION('',(2.22044604925E-16,-0.,-1.));
#3690 = ADVANCED_FACE('',(#3691),#3725,.T.);
#3691 = FACE_BOUND('',#3692,.T.);
#3692 = EDGE_LOOP('',(#3693,#3694,#3703,#3711,#3718,#3719));
#3693 = ORIENTED_EDGE('',*,*,#255,.T.);
#3694 = ORIENTED_EDGE('',*,*,#3695,.T.);
#3695 = EDGE_CURVE('',#256,#3696,#3698,.T.);
#3696 = VERTEX_POINT('',#3697);
#3697 = CARTESIAN_POINT('',(-1.316232908051,11.3,6.2));
#3698 = B_SPLINE_CURVE_WITH_KNOTS('',3,(#3699,#3700,#3701,#3702),
  .UNSPECIFIED.,.F.,.F.,(4,4),(0.,1.),.PIECEWISE_BEZIER_KNOTS.);
#3699 = CARTESIAN_POINT('',(-1.349991669323,11.6,6.2));
#3700 = CARTESIAN_POINT('',(-1.349965361581,11.498735346752,6.2));
#3701 = CARTESIAN_POINT('',(-1.338711301363,11.398735346752,6.2));
#3702 = CARTESIAN_POINT('',(-1.316232908051,11.3,6.2));
#3703 = ORIENTED_EDGE('',*,*,#3704,.F.);
#3704 = EDGE_CURVE('',#3705,#3696,#3707,.T.);
#3705 = VERTEX_POINT('',#3706);
#3706 = CARTESIAN_POINT('',(1.316236820299,11.3,6.2));
#3707 = LINE('',#3708,#3709);
#3708 = CARTESIAN_POINT('',(2.,11.3,6.2));
#3709 = VECTOR('',#3710,1.);
#3710 = DIRECTION('',(-1.,0.,-2.22044604925E-16));
#3711 = ORIENTED_EDGE('',*,*,#3712,.T.);
#3712 = EDGE_CURVE('',#3705,#200,#3713,.T.);
#3713 = B_SPLINE_CURVE_WITH_KNOTS('',3,(#3714,#3715,#3716,#3717),
  .UNSPECIFIED.,.F.,.F.,(4,4),(0.,1.),.PIECEWISE_BEZIER_KNOTS.);
#3714 = CARTESIAN_POINT('',(1.316236820299,11.3,6.2));
#3715 = CARTESIAN_POINT('',(1.338732383039,11.398675942256,6.2));
#3716 = CARTESIAN_POINT('',(1.349989388876,11.498675942256,6.2));
#3717 = CARTESIAN_POINT('',(1.35,11.6,6.2));
#3718 = ORIENTED_EDGE('',*,*,#207,.T.);
#3719 = ORIENTED_EDGE('',*,*,#3720,.F.);
#3720 = EDGE_CURVE('',#248,#208,#3721,.T.);
#3721 = LINE('',#3722,#3723);
#3722 = CARTESIAN_POINT('',(2.,11.9,6.2));
#3723 = VECTOR('',#3724,1.);
#3724 = DIRECTION('',(1.,0.,2.22044604925E-16));
#3725 = PLANE('',#3726);
#3726 = AXIS2_PLACEMENT_3D('',#3727,#3728,#3729);
#3727 = CARTESIAN_POINT('',(2.,11.3,6.2));
#3728 = DIRECTION('',(-2.22044604925E-16,0.,1.));
#3729 = DIRECTION('',(-1.,0.,-2.22044604925E-16));
#3730 = ADVANCED_FACE('',(#3731),#3769,.T.);
#3731 = FACE_BOUND('',#3732,.T.);
#3732 = EDGE_LOOP('',(#3733,#3743,#3754,#3762));
#3733 = ORIENTED_EDGE('',*,*,#3734,.F.);
#3734 = EDGE_CURVE('',#3735,#3737,#3739,.T.);
#3735 = VERTEX_POINT('',#3736);
#3736 = CARTESIAN_POINT('',(-1.152580537058,1.6,1.1));
#3737 = VERTEX_POINT('',#3738);
#3738 = CARTESIAN_POINT('',(-1.039230484541,1.6,1.1));
#3739 = LINE('',#3740,#3741);
#3740 = CARTESIAN_POINT('',(1.45,1.6,1.1));
#3741 = VECTOR('',#3742,1.);
#3742 = DIRECTION('',(1.,0.,2.22044604925E-16));
#3743 = ORIENTED_EDGE('',*,*,#3744,.F.);
#3744 = EDGE_CURVE('',#3745,#3735,#3747,.T.);
#3745 = VERTEX_POINT('',#3746);
#3746 = CARTESIAN_POINT('',(-1.152580537058,1.8,0.9));
#3747 = B_SPLINE_CURVE_WITH_KNOTS('',3,(#3748,#3749,#3750,#3751,#3752,
    #3753),.UNSPECIFIED.,.F.,.F.,(4,2,4),(0.,0.5,1.),.UNSPECIFIED.);
#3748 = CARTESIAN_POINT('',(-1.152580537058,1.8,0.9));
#3749 = CARTESIAN_POINT('',(-1.152333435583,1.747638916162,0.9));
#3750 = CARTESIAN_POINT('',(-1.152090523841,1.695600441752,
    0.921556393503));
#3751 = CARTESIAN_POINT('',(-1.151994674789,1.621552929639,
    0.995606856451));
#3752 = CARTESIAN_POINT('',(-1.152147660961,1.6,1.047644537456));
#3753 = CARTESIAN_POINT('',(-1.152580537058,1.6,1.1));
#3754 = ORIENTED_EDGE('',*,*,#3755,.F.);
#3755 = EDGE_CURVE('',#3756,#3745,#3758,.T.);
#3756 = VERTEX_POINT('',#3757);
#3757 = CARTESIAN_POINT('',(-1.039230484541,1.8,0.9));
#3758 = LINE('',#3759,#3760);
#3759 = CARTESIAN_POINT('',(1.45,1.8,0.9));
#3760 = VECTOR('',#3761,1.);
#3761 = DIRECTION('',(-1.,0.,-2.22044604925E-16));
#3762 = ORIENTED_EDGE('',*,*,#3763,.F.);
#3763 = EDGE_CURVE('',#3737,#3756,#3764,.T.);
#3764 = ( BOUNDED_CURVE() B_SPLINE_CURVE(3,(#3765,#3766,#3767,#3768),
.UNSPECIFIED.,.F.,.F.) B_SPLINE_CURVE_WITH_KNOTS((4,4),(0.,1.),
.PIECEWISE_BEZIER_KNOTS.) CURVE() GEOMETRIC_REPRESENTATION_ITEM() 
RATIONAL_B_SPLINE_CURVE((1.,0.804737854124,0.804737854124,1.)) 
REPRESENTATION_ITEM('') );
#3765 = CARTESIAN_POINT('',(-1.039230484541,1.6,1.1));
#3766 = CARTESIAN_POINT('',(-1.039230484541,1.6,0.982842712475));
#3767 = CARTESIAN_POINT('',(-1.039230484541,1.682842712475,0.9));
#3768 = CARTESIAN_POINT('',(-1.039230484541,1.8,0.9));
#3769 = CYLINDRICAL_SURFACE('',#3770,0.2);
#3770 = AXIS2_PLACEMENT_3D('',#3771,#3772,#3773);
#3771 = CARTESIAN_POINT('',(1.45,1.8,1.1));
#3772 = DIRECTION('',(-1.,0.,-2.22044604925E-16));
#3773 = DIRECTION('',(2.22044604925E-16,0.,-1.));
#3774 = ADVANCED_FACE('',(#3775),#3813,.T.);
#3775 = FACE_BOUND('',#3776,.T.);
#3776 = EDGE_LOOP('',(#3777,#3787,#3798,#3806));
#3777 = ORIENTED_EDGE('',*,*,#3778,.F.);
#3778 = EDGE_CURVE('',#3779,#3781,#3783,.T.);
#3779 = VERTEX_POINT('',#3780);
#3780 = CARTESIAN_POINT('',(1.152580537058,1.8,0.9));
#3781 = VERTEX_POINT('',#3782);
#3782 = CARTESIAN_POINT('',(1.039230484541,1.8,0.9));
#3783 = LINE('',#3784,#3785);
#3784 = CARTESIAN_POINT('',(1.45,1.8,0.9));
#3785 = VECTOR('',#3786,1.);
#3786 = DIRECTION('',(-1.,0.,-2.22044604925E-16));
#3787 = ORIENTED_EDGE('',*,*,#3788,.F.);
#3788 = EDGE_CURVE('',#3789,#3779,#3791,.T.);
#3789 = VERTEX_POINT('',#3790);
#3790 = CARTESIAN_POINT('',(1.152580537058,1.6,1.1));
#3791 = B_SPLINE_CURVE_WITH_KNOTS('',3,(#3792,#3793,#3794,#3795,#3796,
    #3797),.UNSPECIFIED.,.F.,.F.,(4,2,4),(0.,0.5,1.),.UNSPECIFIED.);
#3792 = CARTESIAN_POINT('',(1.152580537058,1.6,1.1));
#3793 = CARTESIAN_POINT('',(1.152147660961,1.6,1.047644537456));
#3794 = CARTESIAN_POINT('',(1.151994674789,1.621552929639,0.995606856451
    ));
#3795 = CARTESIAN_POINT('',(1.152090523841,1.695600441752,0.921556393503
    ));
#3796 = CARTESIAN_POINT('',(1.152333435583,1.747638916162,0.9));
#3797 = CARTESIAN_POINT('',(1.152580537058,1.8,0.9));
#3798 = ORIENTED_EDGE('',*,*,#3799,.F.);
#3799 = EDGE_CURVE('',#3800,#3789,#3802,.T.);
#3800 = VERTEX_POINT('',#3801);
#3801 = CARTESIAN_POINT('',(1.039230484541,1.6,1.1));
#3802 = LINE('',#3803,#3804);
#3803 = CARTESIAN_POINT('',(1.45,1.6,1.1));
#3804 = VECTOR('',#3805,1.);
#3805 = DIRECTION('',(1.,0.,2.22044604925E-16));
#3806 = ORIENTED_EDGE('',*,*,#3807,.F.);
#3807 = EDGE_CURVE('',#3781,#3800,#3808,.T.);
#3808 = CIRCLE('',#3809,0.2);
#3809 = AXIS2_PLACEMENT_3D('',#3810,#3811,#3812);
#3810 = CARTESIAN_POINT('',(1.039230484541,1.8,1.1));
#3811 = DIRECTION('',(-1.,-7.993605777301E-14,-4.996003610813E-16));
#3812 = DIRECTION('',(4.99600361082E-16,-8.673617379885E-15,-1.));
#3813 = CYLINDRICAL_SURFACE('',#3814,0.2);
#3814 = AXIS2_PLACEMENT_3D('',#3815,#3816,#3817);
#3815 = CARTESIAN_POINT('',(1.45,1.8,1.1));
#3816 = DIRECTION('',(-1.,0.,-2.22044604925E-16));
#3817 = DIRECTION('',(2.22044604925E-16,0.,-1.));
#3818 = ADVANCED_FACE('',(#3819),#3845,.F.);
#3819 = FACE_BOUND('',#3820,.F.);
#3820 = EDGE_LOOP('',(#3821,#3842,#3843,#3844));
#3821 = ORIENTED_EDGE('',*,*,#3822,.T.);
#3822 = EDGE_CURVE('',#298,#290,#3823,.T.);
#3823 = B_SPLINE_CURVE_WITH_KNOTS('',3,(#3824,#3825,#3826,#3827,#3828,
    #3829,#3830,#3831,#3832,#3833,#3834,#3835,#3836,#3837,#3838,#3839,
    #3840,#3841),.UNSPECIFIED.,.F.,.F.,(4,2,2,2,2,2,2,2,4),(0.,0.125,
    0.25,0.375,0.5,0.625,0.75,0.875,1.),.UNSPECIFIED.);
#3824 = CARTESIAN_POINT('',(-1.05,1.6,3.1));
#3825 = CARTESIAN_POINT('',(-1.049611024965,1.6,3.239788295342));
#3826 = CARTESIAN_POINT('',(-1.023071962911,1.6,3.373456294159));
#3827 = CARTESIAN_POINT('',(-0.91709431912,1.6,3.630002569766));
#3828 = CARTESIAN_POINT('',(-0.840635418993,1.6,3.74415894628));
#3829 = CARTESIAN_POINT('',(-0.644288580358,1.6,3.940723171298));
#3830 = CARTESIAN_POINT('',(-0.530152645486,1.6,4.016841637361));
#3831 = CARTESIAN_POINT('',(-0.273505913229,1.6,4.123278940026));
#3832 = CARTESIAN_POINT('',(-0.138850468481,1.6,4.149924752704));
#3833 = CARTESIAN_POINT('',(0.138826462071,1.6,4.150068476083));
#3834 = CARTESIAN_POINT('',(0.273505443316,1.6,4.123120527381));
#3835 = CARTESIAN_POINT('',(0.530104318593,1.6,4.017020928626));
#3836 = CARTESIAN_POINT('',(0.644090782344,1.6,3.940710297232));
#3837 = CARTESIAN_POINT('',(0.840799599349,1.6,3.744202832697));
#3838 = CARTESIAN_POINT('',(0.917195321208,1.6,3.62937921175));
#3839 = CARTESIAN_POINT('',(1.022964660754,1.6,3.37408601515));
#3840 = CARTESIAN_POINT('',(1.04960466376,1.6,3.240175144));
#3841 = CARTESIAN_POINT('',(1.05,1.6,3.1));
#3842 = ORIENTED_EDGE('',*,*,#287,.F.);
#3843 = ORIENTED_EDGE('',*,*,#3614,.T.);
#3844 = ORIENTED_EDGE('',*,*,#320,.T.);
#3845 = CYLINDRICAL_SURFACE('',#3846,1.05);
#3846 = AXIS2_PLACEMENT_3D('',#3847,#3848,#3849);
#3847 = CARTESIAN_POINT('',(8.881784197001E-16,1.6,3.1));
#3848 = DIRECTION('',(0.,-1.,0.));
#3849 = DIRECTION('',(1.,0.,2.22044604925E-16));
#3850 = ADVANCED_FACE('',(#3851),#3878,.T.);
#3851 = FACE_BOUND('',#3852,.T.);
#3852 = EDGE_LOOP('',(#3853,#3863,#3870,#3871));
#3853 = ORIENTED_EDGE('',*,*,#3854,.T.);
#3854 = EDGE_CURVE('',#3855,#3857,#3859,.T.);
#3855 = VERTEX_POINT('',#3856);
#3856 = CARTESIAN_POINT('',(0.325,1.9,5.46247578265));
#3857 = VERTEX_POINT('',#3858);
#3858 = CARTESIAN_POINT('',(0.325,3.9,5.46247578265));
#3859 = LINE('',#3860,#3861);
#3860 = CARTESIAN_POINT('',(0.325,3.9,5.46247578265));
#3861 = VECTOR('',#3862,1.);
#3862 = DIRECTION('',(5.676425099247E-31,1.,-2.556434596176E-15));
#3863 = ORIENTED_EDGE('',*,*,#3864,.T.);
#3864 = EDGE_CURVE('',#3857,#3642,#3865,.T.);
#3865 = B_SPLINE_CURVE_WITH_KNOTS('',3,(#3866,#3867,#3868,#3869),
  .UNSPECIFIED.,.F.,.F.,(4,4),(0.,1.),.PIECEWISE_BEZIER_KNOTS.);
#3866 = CARTESIAN_POINT('',(0.325,3.9,5.46247578265));
#3867 = CARTESIAN_POINT('',(0.371611873707,3.9,5.49979514906));
#3868 = CARTESIAN_POINT('',(0.4,3.9,5.558889746352));
#3869 = CARTESIAN_POINT('',(0.4,3.9,5.61860073261));
#3870 = ORIENTED_EDGE('',*,*,#3641,.T.);
#3871 = ORIENTED_EDGE('',*,*,#3872,.T.);
#3872 = EDGE_CURVE('',#3634,#3855,#3873,.T.);
#3873 = B_SPLINE_CURVE_WITH_KNOTS('',3,(#3874,#3875,#3876,#3877),
  .UNSPECIFIED.,.F.,.F.,(4,4),(0.,1.),.PIECEWISE_BEZIER_KNOTS.);
#3874 = CARTESIAN_POINT('',(0.4,1.9,5.61860073261));
#3875 = CARTESIAN_POINT('',(0.4,1.9,5.558889746352));
#3876 = CARTESIAN_POINT('',(0.371611873707,1.9,5.49979514906));
#3877 = CARTESIAN_POINT('',(0.325,1.9,5.46247578265));
#3878 = CYLINDRICAL_SURFACE('',#3879,0.2);
#3879 = AXIS2_PLACEMENT_3D('',#3880,#3881,#3882);
#3880 = CARTESIAN_POINT('',(0.2,3.9,5.61860073261));
#3881 = DIRECTION('',(-5.676425099247E-31,-1.,2.556434596176E-15));
#3882 = DIRECTION('',(2.22044604925E-16,-2.556434596176E-15,-1.));
#3883 = ADVANCED_FACE('',(#3884),#3911,.T.);
#3884 = FACE_BOUND('',#3885,.T.);
#3885 = EDGE_LOOP('',(#3886,#3887,#3896,#3904));
#3886 = ORIENTED_EDGE('',*,*,#3672,.T.);
#3887 = ORIENTED_EDGE('',*,*,#3888,.T.);
#3888 = EDGE_CURVE('',#3665,#3889,#3891,.T.);
#3889 = VERTEX_POINT('',#3890);
#3890 = CARTESIAN_POINT('',(-0.325,3.9,5.46247578265));
#3891 = B_SPLINE_CURVE_WITH_KNOTS('',3,(#3892,#3893,#3894,#3895),
  .UNSPECIFIED.,.F.,.F.,(4,4),(0.,1.),.PIECEWISE_BEZIER_KNOTS.);
#3892 = CARTESIAN_POINT('',(-0.4,3.9,5.61860073261));
#3893 = CARTESIAN_POINT('',(-0.4,3.9,5.558889746352));
#3894 = CARTESIAN_POINT('',(-0.371611873707,3.9,5.49979514906));
#3895 = CARTESIAN_POINT('',(-0.325,3.9,5.46247578265));
#3896 = ORIENTED_EDGE('',*,*,#3897,.T.);
#3897 = EDGE_CURVE('',#3889,#3898,#3900,.T.);
#3898 = VERTEX_POINT('',#3899);
#3899 = CARTESIAN_POINT('',(-0.325,1.9,5.46247578265));
#3900 = LINE('',#3901,#3902);
#3901 = CARTESIAN_POINT('',(-0.325,3.9,5.46247578265));
#3902 = VECTOR('',#3903,1.);
#3903 = DIRECTION('',(-5.676425099247E-31,-1.,2.556434596176E-15));
#3904 = ORIENTED_EDGE('',*,*,#3905,.T.);
#3905 = EDGE_CURVE('',#3898,#3673,#3906,.T.);
#3906 = B_SPLINE_CURVE_WITH_KNOTS('',3,(#3907,#3908,#3909,#3910),
  .UNSPECIFIED.,.F.,.F.,(4,4),(0.,1.),.PIECEWISE_BEZIER_KNOTS.);
#3907 = CARTESIAN_POINT('',(-0.325,1.9,5.46247578265));
#3908 = CARTESIAN_POINT('',(-0.371611873707,1.9,5.49979514906));
#3909 = CARTESIAN_POINT('',(-0.4,1.9,5.558889746352));
#3910 = CARTESIAN_POINT('',(-0.4,1.9,5.61860073261));
#3911 = CYLINDRICAL_SURFACE('',#3912,0.2);
#3912 = AXIS2_PLACEMENT_3D('',#3913,#3914,#3915);
#3913 = CARTESIAN_POINT('',(-0.2,3.9,5.61860073261));
#3914 = DIRECTION('',(-5.676425099247E-31,-1.,2.556434596176E-15));
#3915 = DIRECTION('',(2.22044604925E-16,-2.556434596176E-15,-1.));
#3916 = ADVANCED_FACE('',(#3917),#3942,.T.);
#3917 = FACE_BOUND('',#3918,.T.);
#3918 = EDGE_LOOP('',(#3919,#3920,#3928,#3936));
#3919 = ORIENTED_EDGE('',*,*,#3704,.T.);
#3920 = ORIENTED_EDGE('',*,*,#3921,.T.);
#3921 = EDGE_CURVE('',#3696,#3922,#3924,.T.);
#3922 = VERTEX_POINT('',#3923);
#3923 = CARTESIAN_POINT('',(-1.316269300835,11.3,6.8));
#3924 = LINE('',#3925,#3926);
#3925 = CARTESIAN_POINT('',(-1.316244658109,11.3,6.8));
#3926 = VECTOR('',#3927,1.);
#3927 = DIRECTION('',(-2.22044604925E-16,-1.445602896647E-15,1.));
#3928 = ORIENTED_EDGE('',*,*,#3929,.T.);
#3929 = EDGE_CURVE('',#3922,#3930,#3932,.T.);
#3930 = VERTEX_POINT('',#3931);
#3931 = CARTESIAN_POINT('',(1.316269301653,11.3,6.8));
#3932 = LINE('',#3933,#3934);
#3933 = CARTESIAN_POINT('',(0.,11.3,6.8));
#3934 = VECTOR('',#3935,1.);
#3935 = DIRECTION('',(1.,0.,6.891039463191E-17));
#3936 = ORIENTED_EDGE('',*,*,#3937,.T.);
#3937 = EDGE_CURVE('',#3930,#3705,#3938,.T.);
#3938 = LINE('',#3939,#3940);
#3939 = CARTESIAN_POINT('',(1.316244658109,11.3,6.8));
#3940 = VECTOR('',#3941,1.);
#3941 = DIRECTION('',(2.22044604925E-16,1.445602896647E-15,-1.));
#3942 = PLANE('',#3943);
#3943 = AXIS2_PLACEMENT_3D('',#3944,#3945,#3946);
#3944 = CARTESIAN_POINT('',(2.,11.3,6.8));
#3945 = DIRECTION('',(-3.209883240645E-31,1.,1.445602896647E-15));
#3946 = DIRECTION('',(-2.22044604925E-16,-1.445602896647E-15,1.));
#3947 = ADVANCED_FACE('',(#3948),#3959,.T.);
#3948 = FACE_BOUND('',#3949,.T.);
#3949 = EDGE_LOOP('',(#3950,#3956,#3957,#3958));
#3950 = ORIENTED_EDGE('',*,*,#3951,.T.);
#3951 = EDGE_CURVE('',#217,#225,#3952,.T.);
#3952 = LINE('',#3953,#3954);
#3953 = CARTESIAN_POINT('',(0.,11.9,6.8));
#3954 = VECTOR('',#3955,1.);
#3955 = DIRECTION('',(-1.,0.,-6.891039463191E-17));
#3956 = ORIENTED_EDGE('',*,*,#247,.T.);
#3957 = ORIENTED_EDGE('',*,*,#3720,.T.);
#3958 = ORIENTED_EDGE('',*,*,#216,.T.);
#3959 = PLANE('',#3960);
#3960 = AXIS2_PLACEMENT_3D('',#3961,#3962,#3963);
#3961 = CARTESIAN_POINT('',(2.,11.9,6.2));
#3962 = DIRECTION('',(0.,-1.,0.));
#3963 = DIRECTION('',(1.,0.,2.22044604925E-16));
#3964 = ADVANCED_FACE('',(#3965),#3984,.T.);
#3965 = FACE_BOUND('',#3966,.T.);
#3966 = EDGE_LOOP('',(#3967,#3976,#3983));
#3967 = ORIENTED_EDGE('',*,*,#3968,.F.);
#3968 = EDGE_CURVE('',#3969,#3779,#3971,.T.);
#3969 = VERTEX_POINT('',#3970);
#3970 = CARTESIAN_POINT('',(1.35256367294,1.797402816417,1.1));
#3971 = CIRCLE('',#3972,0.2);
#3972 = AXIS2_PLACEMENT_3D('',#3973,#3974,#3975);
#3973 = CARTESIAN_POINT('',(1.152580537058,1.8,1.1));
#3974 = DIRECTION('',(1.298591791445E-02,0.999915679413,
    2.883453012904E-18));
#3975 = DIRECTION('',(0.999915679413,-1.298591791445E-02,
    2.220258819936E-16));
#3976 = ORIENTED_EDGE('',*,*,#3977,.F.);
#3977 = EDGE_CURVE('',#3789,#3969,#3978,.T.);
#3978 = CIRCLE('',#3979,0.2);
#3979 = AXIS2_PLACEMENT_3D('',#3980,#3981,#3982);
#3980 = CARTESIAN_POINT('',(1.152580537058,1.8,1.1));
#3981 = DIRECTION('',(-2.22044604925E-16,0.,1.));
#3982 = DIRECTION('',(-1.,0.,-2.22044604925E-16));
#3983 = ORIENTED_EDGE('',*,*,#3788,.T.);
#3984 = ( BOUNDED_SURFACE() B_SPLINE_SURFACE(3,3,(
    (#3985,#3986,#3987,#3988)
    ,(#3989,#3990,#3991,#3992)
    ,(#3993,#3994,#3995,#3996)
    ,(#3997,#3998,#3999,#4000
)),.UNSPECIFIED.,.F.,.F.,.F.) B_SPLINE_SURFACE_WITH_KNOTS((4,4),(4,4),(
    0.,1.),(0.,1.),.PIECEWISE_BEZIER_KNOTS.) 
GEOMETRIC_REPRESENTATION_ITEM() RATIONAL_B_SPLINE_SURFACE((
    (1.,0.804737854124,0.804737854124,1.)
    ,(0.802511186739,0.645811130327,0.645811130327,0.802511186739)
    ,(0.802511186739,0.645811130327,0.645811130327,0.802511186739)
,(1.,0.804737854124,0.804737854124,1.
))) REPRESENTATION_ITEM('') SURFACE() );
#3985 = CARTESIAN_POINT('',(1.35256367294,1.797402816417,1.1));
#3986 = CARTESIAN_POINT('',(1.35256367294,1.797402816417,1.1));
#3987 = CARTESIAN_POINT('',(1.35256367294,1.797402816417,1.1));
#3988 = CARTESIAN_POINT('',(1.35256367294,1.797402816417,1.1));
#3989 = CARTESIAN_POINT('',(1.351030884391,1.679378098071,1.1));
#3990 = CARTESIAN_POINT('',(1.351030884391,1.679378098071,1.0308568905)
  );
#3991 = CARTESIAN_POINT('',(1.351665786196,1.728265537105,0.981965328901
    ));
#3992 = CARTESIAN_POINT('',(1.35256367294,1.797402816417,0.981965328901)
  );
#3993 = CARTESIAN_POINT('',(1.266103730624,1.597405162692,1.1));
#3994 = CARTESIAN_POINT('',(1.266103730624,1.597405162692,0.982196266961
    ));
#3995 = CARTESIAN_POINT('',(1.26718545523,1.680697957283,0.898896448481)
  );
#3996 = CARTESIAN_POINT('',(1.268715244837,1.798491757042,0.898896448481
    ));
#3997 = CARTESIAN_POINT('',(1.148098700075,1.600050223463,1.1));
#3998 = CARTESIAN_POINT('',(1.148098700075,1.600050223463,0.982847915768
    ));
#3999 = CARTESIAN_POINT('',(1.14917444096,1.682882271617,0.900008882578)
  );
#4000 = CARTESIAN_POINT('',(1.150695768309,1.800024477516,0.900008882578
    ));
#4001 = ADVANCED_FACE('',(#4002),#4018,.T.);
#4002 = FACE_BOUND('',#4003,.T.);
#4003 = EDGE_LOOP('',(#4004,#4010,#4011,#4017));
#4004 = ORIENTED_EDGE('',*,*,#4005,.F.);
#4005 = EDGE_CURVE('',#2822,#3781,#4006,.T.);
#4006 = LINE('',#4007,#4008);
#4007 = CARTESIAN_POINT('',(1.039230484541,1.6,0.9));
#4008 = VECTOR('',#4009,1.);
#4009 = DIRECTION('',(0.,-1.,-0.));
#4010 = ORIENTED_EDGE('',*,*,#2821,.T.);
#4011 = ORIENTED_EDGE('',*,*,#4012,.F.);
#4012 = EDGE_CURVE('',#3779,#2811,#4013,.T.);
#4013 = LINE('',#4014,#4015);
#4014 = CARTESIAN_POINT('',(1.234435076596,8.10279954446,0.9));
#4015 = VECTOR('',#4016,1.);
#4016 = DIRECTION('',(1.298591791445E-02,0.999915679413,
    2.883453012904E-18));
#4017 = ORIENTED_EDGE('',*,*,#3778,.T.);
#4018 = PLANE('',#4019);
#4019 = AXIS2_PLACEMENT_3D('',#4020,#4021,#4022);
#4020 = CARTESIAN_POINT('',(1.45,8.1,0.9));
#4021 = DIRECTION('',(2.22044604925E-16,0.,-1.));
#4022 = DIRECTION('',(1.,0.,2.22044604925E-16));
#4023 = ADVANCED_FACE('',(#4024),#4052,.T.);
#4024 = FACE_BOUND('',#4025,.T.);
#4025 = EDGE_LOOP('',(#4026,#4035,#4044,#4051));
#4026 = ORIENTED_EDGE('',*,*,#4027,.F.);
#4027 = EDGE_CURVE('',#4028,#3800,#4030,.T.);
#4028 = VERTEX_POINT('',#4029);
#4029 = CARTESIAN_POINT('',(0.985936613544,1.6,1.115384615382));
#4030 = B_SPLINE_CURVE_WITH_KNOTS('',3,(#4031,#4032,#4033,#4034),
  .UNSPECIFIED.,.F.,.F.,(4,4),(0.,1.),.PIECEWISE_BEZIER_KNOTS.);
#4031 = CARTESIAN_POINT('',(0.985936613544,1.6,1.115384615382));
#4032 = CARTESIAN_POINT('',(1.002229857909,1.6,1.105159402823));
#4033 = CARTESIAN_POINT('',(1.019994481571,1.6,1.100031197697));
#4034 = CARTESIAN_POINT('',(1.039230484541,1.6,1.1));
#4035 = ORIENTED_EDGE('',*,*,#4036,.F.);
#4036 = EDGE_CURVE('',#4037,#4028,#4039,.T.);
#4037 = VERTEX_POINT('',#4038);
#4038 = CARTESIAN_POINT('',(0.879348871535,1.8,0.946153846154));
#4039 = ( BOUNDED_CURVE() B_SPLINE_CURVE(3,(#4040,#4041,#4042,#4043),
.UNSPECIFIED.,.F.,.F.) B_SPLINE_CURVE_WITH_KNOTS((4,4),(0.,1.),
.PIECEWISE_BEZIER_KNOTS.) CURVE() GEOMETRIC_REPRESENTATION_ITEM() 
RATIONAL_B_SPLINE_CURVE((1.,0.804737854124,0.804737854124,1.)) 
REPRESENTATION_ITEM('') );
#4040 = CARTESIAN_POINT('',(0.879348871535,1.8,0.946153846154));
#4041 = CARTESIAN_POINT('',(0.879348871535,1.682842712475,0.946153846154
    ));
#4042 = CARTESIAN_POINT('',(0.923498959856,1.6,1.01625152594));
#4043 = CARTESIAN_POINT('',(0.985936613544,1.6,1.115384615382));
#4044 = ORIENTED_EDGE('',*,*,#4045,.F.);
#4045 = EDGE_CURVE('',#3781,#4037,#4046,.T.);
#4046 = CIRCLE('',#4047,0.3);
#4047 = AXIS2_PLACEMENT_3D('',#4048,#4049,#4050);
#4048 = CARTESIAN_POINT('',(1.039230484541,1.8,1.2));
#4049 = DIRECTION('',(0.,1.,0.));
#4050 = DIRECTION('',(-1.,0.,-2.22044604925E-16));
#4051 = ORIENTED_EDGE('',*,*,#3807,.T.);
#4052 = ( BOUNDED_SURFACE() B_SPLINE_SURFACE(3,3,(
    (#4053,#4054,#4055,#4056)
    ,(#4057,#4058,#4059,#4060)
    ,(#4061,#4062,#4063,#4064)
    ,(#4065,#4066,#4067,#4068
)),.UNSPECIFIED.,.F.,.F.,.F.) B_SPLINE_SURFACE_WITH_KNOTS((4,4),(4,4),(
    0.,1.),(0.,1.),.PIECEWISE_BEZIER_KNOTS.) 
GEOMETRIC_REPRESENTATION_ITEM() RATIONAL_B_SPLINE_SURFACE((
    (1.,0.973845948554,0.973845948554,1.)
    ,(0.804737854124,0.783690698887,0.783690698887,0.804737854124)
    ,(0.804737854124,0.783690698887,0.783690698887,0.804737854124)
,(1.,0.973845948554,0.973845948554,1.
))) REPRESENTATION_ITEM('') SURFACE() );
#4053 = CARTESIAN_POINT('',(1.039230484541,1.8,0.9));
#4054 = CARTESIAN_POINT('',(0.982270736745,1.8,0.9));
#4055 = CARTESIAN_POINT('',(0.927545581209,1.8,0.91579779164));
#4056 = CARTESIAN_POINT('',(0.879348871535,1.8,0.946153846154));
#4057 = CARTESIAN_POINT('',(1.039230484541,1.682842712475,0.9));
#4058 = CARTESIAN_POINT('',(0.982270736745,1.682842712475,0.9));
#4059 = CARTESIAN_POINT('',(0.927545581209,1.682842712475,0.91579779164)
  );
#4060 = CARTESIAN_POINT('',(0.879348871535,1.682842712475,0.946153846154
    ));
#4061 = CARTESIAN_POINT('',(1.039230484541,1.6,0.982842712475));
#4062 = CARTESIAN_POINT('',(0.997999736776,1.6,0.982842712475));
#4063 = CARTESIAN_POINT('',(0.958386515658,1.6,0.994278064413));
#4064 = CARTESIAN_POINT('',(0.923498959856,1.6,1.01625152594));
#4065 = CARTESIAN_POINT('',(1.039230484541,1.6,1.1));
#4066 = CARTESIAN_POINT('',(1.020243901942,1.6,1.1));
#4067 = CARTESIAN_POINT('',(1.002002183431,1.6,1.105265930547));
#4068 = CARTESIAN_POINT('',(0.985936613539,1.6,1.115384615385));
#4069 = ADVANCED_FACE('',(#4070),#4098,.T.);
#4070 = FACE_BOUND('',#4071,.T.);
#4071 = EDGE_LOOP('',(#4072,#4081,#4082,#4091));
#4072 = ORIENTED_EDGE('',*,*,#4073,.F.);
#4073 = EDGE_CURVE('',#3737,#4074,#4076,.T.);
#4074 = VERTEX_POINT('',#4075);
#4075 = CARTESIAN_POINT('',(-0.985936613502,1.6,1.115384615403));
#4076 = B_SPLINE_CURVE_WITH_KNOTS('',3,(#4077,#4078,#4079,#4080),
  .UNSPECIFIED.,.F.,.F.,(4,4),(0.,1.),.PIECEWISE_BEZIER_KNOTS.);
#4077 = CARTESIAN_POINT('',(-1.039230484541,1.6,1.1));
#4078 = CARTESIAN_POINT('',(-1.019994481546,1.6,1.100031197697));
#4079 = CARTESIAN_POINT('',(-1.002229857848,1.6,1.105159402841));
#4080 = CARTESIAN_POINT('',(-0.985936613502,1.6,1.115384615403));
#4081 = ORIENTED_EDGE('',*,*,#3763,.T.);
#4082 = ORIENTED_EDGE('',*,*,#4083,.F.);
#4083 = EDGE_CURVE('',#4084,#3756,#4086,.T.);
#4084 = VERTEX_POINT('',#4085);
#4085 = CARTESIAN_POINT('',(-0.879348871535,1.8,0.946153846154));
#4086 = CIRCLE('',#4087,0.3);
#4087 = AXIS2_PLACEMENT_3D('',#4088,#4089,#4090);
#4088 = CARTESIAN_POINT('',(-1.039230484541,1.8,1.2));
#4089 = DIRECTION('',(0.,1.,0.));
#4090 = DIRECTION('',(-1.,0.,-2.22044604925E-16));
#4091 = ORIENTED_EDGE('',*,*,#4092,.F.);
#4092 = EDGE_CURVE('',#4074,#4084,#4093,.T.);
#4093 = CIRCLE('',#4094,0.2);
#4094 = AXIS2_PLACEMENT_3D('',#4095,#4096,#4097);
#4095 = CARTESIAN_POINT('',(-0.985936613539,1.8,1.115384615385));
#4096 = DIRECTION('',(0.846153846154,0.,0.532938710021));
#4097 = DIRECTION('',(-0.532938710021,0.,0.846153846154));
#4098 = ( BOUNDED_SURFACE() B_SPLINE_SURFACE(3,3,(
    (#4099,#4100,#4101,#4102)
    ,(#4103,#4104,#4105,#4106)
    ,(#4107,#4108,#4109,#4110)
    ,(#4111,#4112,#4113,#4114
)),.UNSPECIFIED.,.F.,.F.,.F.) B_SPLINE_SURFACE_WITH_KNOTS((4,4),(4,4),(
    0.,1.),(0.,1.),.PIECEWISE_BEZIER_KNOTS.) 
GEOMETRIC_REPRESENTATION_ITEM() RATIONAL_B_SPLINE_SURFACE((
    (1.,0.973845948554,0.973845948554,1.)
    ,(0.804737854124,0.783690698887,0.783690698887,0.804737854124)
    ,(0.804737854124,0.783690698887,0.783690698887,0.804737854124)
,(1.,0.973845948554,0.973845948554,1.
))) REPRESENTATION_ITEM('') SURFACE() );
#4099 = CARTESIAN_POINT('',(-0.879348871535,1.8,0.946153846154));
#4100 = CARTESIAN_POINT('',(-0.927545581209,1.8,0.91579779164));
#4101 = CARTESIAN_POINT('',(-0.982270736745,1.8,0.9));
#4102 = CARTESIAN_POINT('',(-1.039230484541,1.8,0.9));
#4103 = CARTESIAN_POINT('',(-0.879348871535,1.682842712475,
    0.946153846154));
#4104 = CARTESIAN_POINT('',(-0.927545581209,1.682842712475,0.91579779164
    ));
#4105 = CARTESIAN_POINT('',(-0.982270736745,1.682842712475,0.9));
#4106 = CARTESIAN_POINT('',(-1.039230484541,1.682842712475,0.9));
#4107 = CARTESIAN_POINT('',(-0.923498959856,1.6,1.01625152594));
#4108 = CARTESIAN_POINT('',(-0.958386515657,1.6,0.994278064413));
#4109 = CARTESIAN_POINT('',(-0.997999736776,1.6,0.982842712475));
#4110 = CARTESIAN_POINT('',(-1.039230484541,1.6,0.982842712475));
#4111 = CARTESIAN_POINT('',(-0.985936613539,1.6,1.115384615385));
#4112 = CARTESIAN_POINT('',(-1.002002183431,1.6,1.105265930547));
#4113 = CARTESIAN_POINT('',(-1.020243901942,1.6,1.1));
#4114 = CARTESIAN_POINT('',(-1.039230484541,1.6,1.1));
#4115 = ADVANCED_FACE('',(#4116),#4132,.T.);
#4116 = FACE_BOUND('',#4117,.T.);
#4117 = EDGE_LOOP('',(#4118,#4119,#4125,#4126));
#4118 = ORIENTED_EDGE('',*,*,#2856,.T.);
#4119 = ORIENTED_EDGE('',*,*,#4120,.F.);
#4120 = EDGE_CURVE('',#3756,#2848,#4121,.T.);
#4121 = LINE('',#4122,#4123);
#4122 = CARTESIAN_POINT('',(-1.039230484541,1.6,0.9));
#4123 = VECTOR('',#4124,1.);
#4124 = DIRECTION('',(0.,1.,0.));
#4125 = ORIENTED_EDGE('',*,*,#3755,.T.);
#4126 = ORIENTED_EDGE('',*,*,#4127,.F.);
#4127 = EDGE_CURVE('',#2857,#3745,#4128,.T.);
#4128 = LINE('',#4129,#4130);
#4129 = CARTESIAN_POINT('',(-1.23394603781,8.065143557951,0.9));
#4130 = VECTOR('',#4131,1.);
#4131 = DIRECTION('',(1.298591791445E-02,-0.999915679413,
    2.883453012904E-18));
#4132 = PLANE('',#4133);
#4133 = AXIS2_PLACEMENT_3D('',#4134,#4135,#4136);
#4134 = CARTESIAN_POINT('',(1.45,8.1,0.9));
#4135 = DIRECTION('',(2.22044604925E-16,0.,-1.));
#4136 = DIRECTION('',(1.,0.,2.22044604925E-16));
#4137 = ADVANCED_FACE('',(#4138),#4157,.T.);
#4138 = FACE_BOUND('',#4139,.T.);
#4139 = EDGE_LOOP('',(#4140,#4141,#4150));
#4140 = ORIENTED_EDGE('',*,*,#3744,.T.);
#4141 = ORIENTED_EDGE('',*,*,#4142,.F.);
#4142 = EDGE_CURVE('',#4143,#3735,#4145,.T.);
#4143 = VERTEX_POINT('',#4144);
#4144 = CARTESIAN_POINT('',(-1.35256367294,1.797402816417,1.1));
#4145 = CIRCLE('',#4146,0.2);
#4146 = AXIS2_PLACEMENT_3D('',#4147,#4148,#4149);
#4147 = CARTESIAN_POINT('',(-1.152580537058,1.8,1.1));
#4148 = DIRECTION('',(-2.22044604925E-16,0.,1.));
#4149 = DIRECTION('',(-1.,0.,-2.22044604925E-16));
#4150 = ORIENTED_EDGE('',*,*,#4151,.F.);
#4151 = EDGE_CURVE('',#3745,#4143,#4152,.T.);
#4152 = CIRCLE('',#4153,0.2);
#4153 = AXIS2_PLACEMENT_3D('',#4154,#4155,#4156);
#4154 = CARTESIAN_POINT('',(-1.152580537058,1.8,1.1));
#4155 = DIRECTION('',(-1.298591791445E-02,0.999915679413,
    -2.883453012904E-18));
#4156 = DIRECTION('',(-0.999915679413,-1.298591791445E-02,
    -2.220258819936E-16));
#4157 = ( BOUNDED_SURFACE() B_SPLINE_SURFACE(3,3,(
    (#4158,#4159,#4160,#4161)
    ,(#4162,#4163,#4164,#4165)
    ,(#4166,#4167,#4168,#4169)
    ,(#4170,#4171,#4172,#4173
)),.UNSPECIFIED.,.F.,.F.,.F.) B_SPLINE_SURFACE_WITH_KNOTS((4,4),(4,4),(
    0.,1.),(0.,1.),.PIECEWISE_BEZIER_KNOTS.) 
GEOMETRIC_REPRESENTATION_ITEM() RATIONAL_B_SPLINE_SURFACE((
    (1.,0.804737854124,0.804737854124,1.)
    ,(0.802511186739,0.645811130327,0.645811130327,0.802511186739)
    ,(0.802511186739,0.645811130327,0.645811130327,0.802511186739)
,(1.,0.804737854124,0.804737854124,1.
))) REPRESENTATION_ITEM('') SURFACE() );
#4158 = CARTESIAN_POINT('',(-1.35256367294,1.797402816417,1.1));
#4159 = CARTESIAN_POINT('',(-1.35256367294,1.797402816417,1.1));
#4160 = CARTESIAN_POINT('',(-1.35256367294,1.797402816417,1.1));
#4161 = CARTESIAN_POINT('',(-1.35256367294,1.797402816417,1.1));
#4162 = CARTESIAN_POINT('',(-1.35256367294,1.797402816417,0.981965328901
    ));
#4163 = CARTESIAN_POINT('',(-1.351665786196,1.728265537105,
    0.981965328901));
#4164 = CARTESIAN_POINT('',(-1.351030884391,1.679378098071,1.0308568905)
  );
#4165 = CARTESIAN_POINT('',(-1.351030884391,1.679378098071,1.1));
#4166 = CARTESIAN_POINT('',(-1.268715244837,1.798491757042,
    0.898896448481));
#4167 = CARTESIAN_POINT('',(-1.26718545523,1.680697957283,0.898896448481
    ));
#4168 = CARTESIAN_POINT('',(-1.266103730624,1.597405162692,
    0.982196266961));
#4169 = CARTESIAN_POINT('',(-1.266103730624,1.597405162692,1.1));
#4170 = CARTESIAN_POINT('',(-1.150695768309,1.800024477516,
    0.900008882578));
#4171 = CARTESIAN_POINT('',(-1.14917444096,1.682882271617,0.900008882578
    ));
#4172 = CARTESIAN_POINT('',(-1.148098700075,1.600050223463,
    0.982847915768));
#4173 = CARTESIAN_POINT('',(-1.148098700075,1.600050223463,1.1));
#4174 = ADVANCED_FACE('',(#4175,#4179),#4214,.T.);
#4175 = FACE_BOUND('',#4176,.T.);
#4176 = EDGE_LOOP('',(#4177,#4178));
#4177 = ORIENTED_EDGE('',*,*,#3822,.T.);
#4178 = ORIENTED_EDGE('',*,*,#297,.T.);
#4179 = FACE_BOUND('',#4180,.T.);
#4180 = EDGE_LOOP('',(#4181,#4182,#4190,#4198,#4204,#4205,#4206,#4213));
#4181 = ORIENTED_EDGE('',*,*,#3799,.T.);
#4182 = ORIENTED_EDGE('',*,*,#4183,.F.);
#4183 = EDGE_CURVE('',#4184,#3789,#4186,.T.);
#4184 = VERTEX_POINT('',#4185);
#4185 = CARTESIAN_POINT('',(1.152580537058,1.6,4.9));
#4186 = LINE('',#4187,#4188);
#4187 = CARTESIAN_POINT('',(1.152580537058,1.6,0.9));
#4188 = VECTOR('',#4189,1.);
#4189 = DIRECTION('',(2.22044604925E-16,0.,-1.));
#4190 = ORIENTED_EDGE('',*,*,#4191,.F.);
#4191 = EDGE_CURVE('',#4192,#4184,#4194,.T.);
#4192 = VERTEX_POINT('',#4193);
#4193 = CARTESIAN_POINT('',(-1.152580537058,1.6,4.9));
#4194 = LINE('',#4195,#4196);
#4195 = CARTESIAN_POINT('',(1.45,1.6,4.9));
#4196 = VECTOR('',#4197,1.);
#4197 = DIRECTION('',(1.,0.,2.22044604925E-16));
#4198 = ORIENTED_EDGE('',*,*,#4199,.F.);
#4199 = EDGE_CURVE('',#3735,#4192,#4200,.T.);
#4200 = LINE('',#4201,#4202);
#4201 = CARTESIAN_POINT('',(-1.152580537058,1.6,-4.4));
#4202 = VECTOR('',#4203,1.);
#4203 = DIRECTION('',(-2.22044604925E-16,0.,1.));
#4204 = ORIENTED_EDGE('',*,*,#3734,.T.);
#4205 = ORIENTED_EDGE('',*,*,#4073,.T.);
#4206 = ORIENTED_EDGE('',*,*,#4207,.F.);
#4207 = EDGE_CURVE('',#4028,#4074,#4208,.T.);
#4208 = ( BOUNDED_CURVE() B_SPLINE_CURVE(3,(#4209,#4210,#4211,#4212),
.UNSPECIFIED.,.F.,.F.) B_SPLINE_CURVE_WITH_KNOTS((4,4),(0.,1.),
.PIECEWISE_BEZIER_KNOTS.) CURVE() GEOMETRIC_REPRESENTATION_ITEM() 
RATIONAL_B_SPLINE_CURVE((1.,0.897435897436,0.897435897436,1.)) 
REPRESENTATION_ITEM('') );
#4209 = CARTESIAN_POINT('',(0.985936613544,1.6,1.115384615382));
#4210 = CARTESIAN_POINT('',(0.366205027886,1.6,1.505714285714));
#4211 = CARTESIAN_POINT('',(-0.366205027886,1.6,1.505714285714));
#4212 = CARTESIAN_POINT('',(-0.985936613502,1.6,1.115384615403));
#4213 = ORIENTED_EDGE('',*,*,#4027,.T.);
#4214 = PLANE('',#4215);
#4215 = AXIS2_PLACEMENT_3D('',#4216,#4217,#4218);
#4216 = CARTESIAN_POINT('',(1.45,1.6,0.9));
#4217 = DIRECTION('',(0.,-1.,0.));
#4218 = DIRECTION('',(1.,0.,2.22044604925E-16));
#4219 = ADVANCED_FACE('',(#4220),#4249,.T.);
#4220 = FACE_BOUND('',#4221,.T.);
#4221 = EDGE_LOOP('',(#4222,#4233,#4242));
#4222 = ORIENTED_EDGE('',*,*,#4223,.F.);
#4223 = EDGE_CURVE('',#4224,#4226,#4228,.T.);
#4224 = VERTEX_POINT('',#4225);
#4225 = CARTESIAN_POINT('',(1.152580537058,1.8,5.1));
#4226 = VERTEX_POINT('',#4227);
#4227 = CARTESIAN_POINT('',(1.35256367294,1.797402816417,4.9));
#4228 = CIRCLE('',#4229,0.2);
#4229 = AXIS2_PLACEMENT_3D('',#4230,#4231,#4232);
#4230 = CARTESIAN_POINT('',(1.152580537058,1.8,4.9));
#4231 = DIRECTION('',(1.298591791445E-02,0.999915679413,
    2.883453012904E-18));
#4232 = DIRECTION('',(-0.999915679413,1.298591791445E-02,
    -2.220258819936E-16));
#4233 = ORIENTED_EDGE('',*,*,#4234,.F.);
#4234 = EDGE_CURVE('',#4184,#4224,#4235,.T.);
#4235 = B_SPLINE_CURVE_WITH_KNOTS('',3,(#4236,#4237,#4238,#4239,#4240,
    #4241),.UNSPECIFIED.,.F.,.F.,(4,2,4),(0.,0.5,1.),.UNSPECIFIED.);
#4236 = CARTESIAN_POINT('',(1.152580537058,1.6,4.9));
#4237 = CARTESIAN_POINT('',(1.152580537058,1.6,4.95235987756));
#4238 = CARTESIAN_POINT('',(1.152580537058,1.621554619278,5.004397331753
    ));
#4239 = CARTESIAN_POINT('',(1.152580537058,1.695602668247,5.078445380722
    ));
#4240 = CARTESIAN_POINT('',(1.152580537058,1.74764012244,5.1));
#4241 = CARTESIAN_POINT('',(1.152580537058,1.8,5.1));
#4242 = ORIENTED_EDGE('',*,*,#4243,.F.);
#4243 = EDGE_CURVE('',#4226,#4184,#4244,.T.);
#4244 = CIRCLE('',#4245,0.2);
#4245 = AXIS2_PLACEMENT_3D('',#4246,#4247,#4248);
#4246 = CARTESIAN_POINT('',(1.152580537058,1.8,4.9));
#4247 = DIRECTION('',(2.22044604925E-16,0.,-1.));
#4248 = DIRECTION('',(-1.,0.,-2.22044604925E-16));
#4249 = ( BOUNDED_SURFACE() B_SPLINE_SURFACE(3,3,(
    (#4250,#4251,#4252,#4253)
    ,(#4254,#4255,#4256,#4257)
    ,(#4258,#4259,#4260,#4261)
    ,(#4262,#4263,#4264,#4265
)),.UNSPECIFIED.,.F.,.F.,.F.) B_SPLINE_SURFACE_WITH_KNOTS((4,4),(4,4),(
    0.,1.),(0.,1.),.PIECEWISE_BEZIER_KNOTS.) 
GEOMETRIC_REPRESENTATION_ITEM() RATIONAL_B_SPLINE_SURFACE((
    (1.,0.804737854124,0.804737854124,1.)
    ,(0.802511186739,0.645811130327,0.645811130327,0.802511186739)
    ,(0.802511186739,0.645811130327,0.645811130327,0.802511186739)
,(1.,0.804737854124,0.804737854124,1.
))) REPRESENTATION_ITEM('') SURFACE() );
#4250 = CARTESIAN_POINT('',(1.35256367294,1.797402816417,4.9));
#4251 = CARTESIAN_POINT('',(1.35256367294,1.797402816417,4.9));
#4252 = CARTESIAN_POINT('',(1.35256367294,1.797402816417,4.9));
#4253 = CARTESIAN_POINT('',(1.35256367294,1.797402816417,4.9));
#4254 = CARTESIAN_POINT('',(1.35256367294,1.797402816417,5.018034671099)
  );
#4255 = CARTESIAN_POINT('',(1.351665786196,1.728265537105,5.018034671099
    ));
#4256 = CARTESIAN_POINT('',(1.351030884391,1.679378098071,4.9691431095)
  );
#4257 = CARTESIAN_POINT('',(1.351030884391,1.679378098071,4.9));
#4258 = CARTESIAN_POINT('',(1.268715244837,1.798491757042,5.101103551519
    ));
#4259 = CARTESIAN_POINT('',(1.26718545523,1.680697957283,5.101103551519)
  );
#4260 = CARTESIAN_POINT('',(1.266103730624,1.597405162692,5.017803733039
    ));
#4261 = CARTESIAN_POINT('',(1.266103730624,1.597405162692,4.9));
#4262 = CARTESIAN_POINT('',(1.150695768309,1.800024477516,5.099991117422
    ));
#4263 = CARTESIAN_POINT('',(1.14917444096,1.682882271617,5.099991117422)
  );
#4264 = CARTESIAN_POINT('',(1.148098700075,1.600050223463,5.017152084232
    ));
#4265 = CARTESIAN_POINT('',(1.148098700075,1.600050223463,4.9));
#4266 = ADVANCED_FACE('',(#4267),#4296,.T.);
#4267 = FACE_BOUND('',#4268,.T.);
#4268 = EDGE_LOOP('',(#4269,#4280,#4289));
#4269 = ORIENTED_EDGE('',*,*,#4270,.F.);
#4270 = EDGE_CURVE('',#4271,#4192,#4273,.T.);
#4271 = VERTEX_POINT('',#4272);
#4272 = CARTESIAN_POINT('',(-1.152580537058,1.8,5.1));
#4273 = B_SPLINE_CURVE_WITH_KNOTS('',3,(#4274,#4275,#4276,#4277,#4278,
    #4279),.UNSPECIFIED.,.F.,.F.,(4,2,4),(0.,0.5,1.),.UNSPECIFIED.);
#4274 = CARTESIAN_POINT('',(-1.152580537058,1.8,5.1));
#4275 = CARTESIAN_POINT('',(-1.152580537058,1.74764012244,5.1));
#4276 = CARTESIAN_POINT('',(-1.152580537058,1.695602668247,
    5.078445380722));
#4277 = CARTESIAN_POINT('',(-1.152580537058,1.621554619278,
    5.004397331753));
#4278 = CARTESIAN_POINT('',(-1.152580537058,1.6,4.95235987756));
#4279 = CARTESIAN_POINT('',(-1.152580537058,1.6,4.9));
#4280 = ORIENTED_EDGE('',*,*,#4281,.F.);
#4281 = EDGE_CURVE('',#4282,#4271,#4284,.T.);
#4282 = VERTEX_POINT('',#4283);
#4283 = CARTESIAN_POINT('',(-1.35256367294,1.797402816417,4.9));
#4284 = CIRCLE('',#4285,0.2);
#4285 = AXIS2_PLACEMENT_3D('',#4286,#4287,#4288);
#4286 = CARTESIAN_POINT('',(-1.152580537058,1.8,4.9));
#4287 = DIRECTION('',(-1.298591791445E-02,0.999915679413,
    -2.883453012904E-18));
#4288 = DIRECTION('',(0.999915679413,1.298591791445E-02,
    2.220258819936E-16));
#4289 = ORIENTED_EDGE('',*,*,#4290,.F.);
#4290 = EDGE_CURVE('',#4192,#4282,#4291,.T.);
#4291 = CIRCLE('',#4292,0.2);
#4292 = AXIS2_PLACEMENT_3D('',#4293,#4294,#4295);
#4293 = CARTESIAN_POINT('',(-1.152580537058,1.8,4.9));
#4294 = DIRECTION('',(2.22044604925E-16,0.,-1.));
#4295 = DIRECTION('',(-1.,0.,-2.22044604925E-16));
#4296 = ( BOUNDED_SURFACE() B_SPLINE_SURFACE(3,3,(
    (#4297,#4298,#4299,#4300)
    ,(#4301,#4302,#4303,#4304)
    ,(#4305,#4306,#4307,#4308)
    ,(#4309,#4310,#4311,#4312
)),.UNSPECIFIED.,.F.,.F.,.F.) B_SPLINE_SURFACE_WITH_KNOTS((4,4),(4,4),(
    0.,1.),(0.,1.),.PIECEWISE_BEZIER_KNOTS.) 
GEOMETRIC_REPRESENTATION_ITEM() RATIONAL_B_SPLINE_SURFACE((
    (1.,0.804737854124,0.804737854124,1.)
    ,(0.802511186739,0.645811130327,0.645811130327,0.802511186739)
    ,(0.802511186739,0.645811130327,0.645811130327,0.802511186739)
,(1.,0.804737854124,0.804737854124,1.
))) REPRESENTATION_ITEM('') SURFACE() );
#4297 = CARTESIAN_POINT('',(-1.35256367294,1.797402816417,4.9));
#4298 = CARTESIAN_POINT('',(-1.35256367294,1.797402816417,4.9));
#4299 = CARTESIAN_POINT('',(-1.35256367294,1.797402816417,4.9));
#4300 = CARTESIAN_POINT('',(-1.35256367294,1.797402816417,4.9));
#4301 = CARTESIAN_POINT('',(-1.351030884391,1.679378098071,4.9));
#4302 = CARTESIAN_POINT('',(-1.351030884391,1.679378098071,4.9691431095)
  );
#4303 = CARTESIAN_POINT('',(-1.351665786196,1.728265537105,
    5.018034671099));
#4304 = CARTESIAN_POINT('',(-1.35256367294,1.797402816417,5.018034671099
    ));
#4305 = CARTESIAN_POINT('',(-1.266103730624,1.597405162692,4.9));
#4306 = CARTESIAN_POINT('',(-1.266103730624,1.597405162692,
    5.017803733039));
#4307 = CARTESIAN_POINT('',(-1.26718545523,1.680697957283,5.101103551519
    ));
#4308 = CARTESIAN_POINT('',(-1.268715244837,1.798491757042,
    5.101103551519));
#4309 = CARTESIAN_POINT('',(-1.148098700075,1.600050223463,4.9));
#4310 = CARTESIAN_POINT('',(-1.148098700075,1.600050223463,
    5.017152084232));
#4311 = CARTESIAN_POINT('',(-1.14917444096,1.682882271617,5.099991117422
    ));
#4312 = CARTESIAN_POINT('',(-1.150695768309,1.800024477516,
    5.099991117422));
#4313 = ADVANCED_FACE('',(#4314),#4341,.F.);
#4314 = FACE_BOUND('',#4315,.F.);
#4315 = EDGE_LOOP('',(#4316,#4317,#4326,#4334));
#4316 = ORIENTED_EDGE('',*,*,#3854,.T.);
#4317 = ORIENTED_EDGE('',*,*,#4318,.T.);
#4318 = EDGE_CURVE('',#3857,#4319,#4321,.T.);
#4319 = VERTEX_POINT('',#4320);
#4320 = CARTESIAN_POINT('',(0.25,3.9,5.30635083269));
#4321 = B_SPLINE_CURVE_WITH_KNOTS('',3,(#4322,#4323,#4324,#4325),
  .UNSPECIFIED.,.F.,.F.,(4,4),(0.,1.),.PIECEWISE_BEZIER_KNOTS.);
#4322 = CARTESIAN_POINT('',(0.325,3.9,5.46247578265));
#4323 = CARTESIAN_POINT('',(0.275408290566,3.9,5.422247607755));
#4324 = CARTESIAN_POINT('',(0.250408290566,3.9,5.370205957768));
#4325 = CARTESIAN_POINT('',(0.25,3.9,5.30635083269));
#4326 = ORIENTED_EDGE('',*,*,#4327,.T.);
#4327 = EDGE_CURVE('',#4319,#4328,#4330,.T.);
#4328 = VERTEX_POINT('',#4329);
#4329 = CARTESIAN_POINT('',(0.25,1.9,5.30635083269));
#4330 = LINE('',#4331,#4332);
#4331 = CARTESIAN_POINT('',(0.25,3.9,5.30635083269));
#4332 = VECTOR('',#4333,1.);
#4333 = DIRECTION('',(0.,-1.,0.));
#4334 = ORIENTED_EDGE('',*,*,#4335,.T.);
#4335 = EDGE_CURVE('',#4328,#3855,#4336,.T.);
#4336 = B_SPLINE_CURVE_WITH_KNOTS('',3,(#4337,#4338,#4339,#4340),
  .UNSPECIFIED.,.F.,.F.,(4,4),(0.,1.),.PIECEWISE_BEZIER_KNOTS.);
#4337 = CARTESIAN_POINT('',(0.25,1.9,5.30635083269));
#4338 = CARTESIAN_POINT('',(0.250408290566,1.9,5.370205957768));
#4339 = CARTESIAN_POINT('',(0.275408290566,1.9,5.422247607755));
#4340 = CARTESIAN_POINT('',(0.325,1.9,5.46247578265));
#4341 = CYLINDRICAL_SURFACE('',#4342,0.2);
#4342 = AXIS2_PLACEMENT_3D('',#4343,#4344,#4345);
#4343 = CARTESIAN_POINT('',(0.45,3.9,5.30635083269));
#4344 = DIRECTION('',(-5.676425099247E-31,-1.,2.556434596176E-15));
#4345 = DIRECTION('',(2.22044604925E-16,-2.556434596176E-15,-1.));
#4346 = ADVANCED_FACE('',(#4347),#4374,.F.);
#4347 = FACE_BOUND('',#4348,.F.);
#4348 = EDGE_LOOP('',(#4349,#4350,#4359,#4367));
#4349 = ORIENTED_EDGE('',*,*,#3897,.T.);
#4350 = ORIENTED_EDGE('',*,*,#4351,.F.);
#4351 = EDGE_CURVE('',#4352,#3898,#4354,.T.);
#4352 = VERTEX_POINT('',#4353);
#4353 = CARTESIAN_POINT('',(-0.25,1.9,5.30635083269));
#4354 = B_SPLINE_CURVE_WITH_KNOTS('',3,(#4355,#4356,#4357,#4358),
  .UNSPECIFIED.,.F.,.F.,(4,4),(0.,1.),.PIECEWISE_BEZIER_KNOTS.);
#4355 = CARTESIAN_POINT('',(-0.25,1.9,5.30635083269));
#4356 = CARTESIAN_POINT('',(-0.25,1.9,5.366061818947));
#4357 = CARTESIAN_POINT('',(-0.278388126293,1.9,5.425156416239));
#4358 = CARTESIAN_POINT('',(-0.325,1.9,5.46247578265));
#4359 = ORIENTED_EDGE('',*,*,#4360,.T.);
#4360 = EDGE_CURVE('',#4352,#4361,#4363,.T.);
#4361 = VERTEX_POINT('',#4362);
#4362 = CARTESIAN_POINT('',(-0.25,3.9,5.30635083269));
#4363 = LINE('',#4364,#4365);
#4364 = CARTESIAN_POINT('',(-0.25,3.9,5.30635083269));
#4365 = VECTOR('',#4366,1.);
#4366 = DIRECTION('',(0.,1.,0.));
#4367 = ORIENTED_EDGE('',*,*,#4368,.T.);
#4368 = EDGE_CURVE('',#4361,#3889,#4369,.T.);
#4369 = B_SPLINE_CURVE_WITH_KNOTS('',3,(#4370,#4371,#4372,#4373),
  .UNSPECIFIED.,.F.,.F.,(4,4),(0.,1.),.PIECEWISE_BEZIER_KNOTS.);
#4370 = CARTESIAN_POINT('',(-0.25,3.9,5.30635083269));
#4371 = CARTESIAN_POINT('',(-0.250408290566,3.9,5.370205957768));
#4372 = CARTESIAN_POINT('',(-0.275408290566,3.9,5.422247607755));
#4373 = CARTESIAN_POINT('',(-0.325,3.9,5.46247578265));
#4374 = CYLINDRICAL_SURFACE('',#4375,0.2);
#4375 = AXIS2_PLACEMENT_3D('',#4376,#4377,#4378);
#4376 = CARTESIAN_POINT('',(-0.45,3.9,5.30635083269));
#4377 = DIRECTION('',(-5.676425099247E-31,-1.,2.556434596176E-15));
#4378 = DIRECTION('',(2.22044604925E-16,-2.556434596176E-15,-1.));
#4379 = ADVANCED_FACE('',(#4380),#4399,.T.);
#4380 = FACE_BOUND('',#4381,.T.);
#4381 = EDGE_LOOP('',(#4382,#4383,#4384,#4393));
#4382 = ORIENTED_EDGE('',*,*,#3185,.F.);
#4383 = ORIENTED_EDGE('',*,*,#3330,.T.);
#4384 = ORIENTED_EDGE('',*,*,#4385,.F.);
#4385 = EDGE_CURVE('',#4386,#3323,#4388,.T.);
#4386 = VERTEX_POINT('',#4387);
#4387 = CARTESIAN_POINT('',(-1.805,10.342234123535,7.5));
#4388 = CIRCLE('',#4389,2.2);
#4389 = AXIS2_PLACEMENT_3D('',#4390,#4391,#4392);
#4390 = CARTESIAN_POINT('',(0.,11.6,7.5));
#4391 = DIRECTION('',(-2.22044604925E-16,0.,1.));
#4392 = DIRECTION('',(-1.,0.,-2.22044604925E-16));
#4393 = ORIENTED_EDGE('',*,*,#4394,.T.);
#4394 = EDGE_CURVE('',#4386,#3186,#4395,.T.);
#4395 = LINE('',#4396,#4397);
#4396 = CARTESIAN_POINT('',(-1.805,10.342234123535,-12.));
#4397 = VECTOR('',#4398,1.);
#4398 = DIRECTION('',(2.22044604925E-16,0.,-1.));
#4399 = CYLINDRICAL_SURFACE('',#4400,2.2);
#4400 = AXIS2_PLACEMENT_3D('',#4401,#4402,#4403);
#4401 = CARTESIAN_POINT('',(3.996802888651E-15,11.6,-12.));
#4402 = DIRECTION('',(-2.22044604925E-16,0.,1.));
#4403 = DIRECTION('',(-1.,0.,-2.22044604925E-16));
#4404 = ADVANCED_FACE('',(#4405),#4429,.F.);
#4405 = FACE_BOUND('',#4406,.T.);
#4406 = EDGE_LOOP('',(#4407,#4408));
#4407 = ORIENTED_EDGE('',*,*,#3929,.F.);
#4408 = ORIENTED_EDGE('',*,*,#4409,.T.);
#4409 = EDGE_CURVE('',#3922,#3930,#4410,.T.);
#4410 = B_SPLINE_CURVE_WITH_KNOTS('',3,(#4411,#4412,#4413,#4414,#4415,
    #4416,#4417,#4418,#4419,#4420,#4421,#4422,#4423,#4424,#4425,#4426,
    #4427,#4428),.UNSPECIFIED.,.F.,.F.,(4,2,2,2,2,2,2,2,4),(0.,0.125,
    0.25,0.375,0.5,0.625,0.75,0.875,1.),.UNSPECIFIED.);
#4411 = CARTESIAN_POINT('',(-1.316269300835,11.3,6.8));
#4412 = CARTESIAN_POINT('',(-1.28157239221,11.149748449477,6.8));
#4413 = CARTESIAN_POINT('',(-1.225019845509,11.012252741035,6.8));
#4414 = CARTESIAN_POINT('',(-1.061616845588,10.752212586688,6.8));
#4415 = CARTESIAN_POINT('',(-0.961825646931,10.640238430997,6.8));
#4416 = CARTESIAN_POINT('',(-0.721920433081,10.449080460362,6.8));
#4417 = CARTESIAN_POINT('',(-0.590709907515,10.376392097718,6.8));
#4418 = CARTESIAN_POINT('',(-0.301228457032,10.275208133239,6.8));
#4419 = CARTESIAN_POINT('',(-0.15329436155,10.249942555633,6.8));
#4420 = CARTESIAN_POINT('',(0.153294225183,10.250065953934,6.8));
#4421 = CARTESIAN_POINT('',(0.301344894286,10.275118967196,6.8));
#4422 = CARTESIAN_POINT('',(0.590593228898,10.376481181967,6.8));
#4423 = CARTESIAN_POINT('',(0.722125371793,10.449086444421,6.8));
#4424 = CARTESIAN_POINT('',(0.961620540801,10.640232308811,6.8));
#4425 = CARTESIAN_POINT('',(1.062639902568,10.753613737371,6.8));
#4426 = CARTESIAN_POINT('',(1.223996747326,11.010851546925,6.8));
#4427 = CARTESIAN_POINT('',(1.281655287409,11.150107332876,6.8));
#4428 = CARTESIAN_POINT('',(1.316269301653,11.3,6.8));
#4429 = PLANE('',#4430);
#4430 = AXIS2_PLACEMENT_3D('',#4431,#4432,#4433);
#4431 = CARTESIAN_POINT('',(0.,11.6,6.8));
#4432 = DIRECTION('',(6.891039463191E-17,-0.,-1.));
#4433 = DIRECTION('',(1.,0.,6.891039463191E-17));
#4434 = ADVANCED_FACE('',(#4435),#4439,.F.);
#4435 = FACE_BOUND('',#4436,.T.);
#4436 = EDGE_LOOP('',(#4437,#4438));
#4437 = ORIENTED_EDGE('',*,*,#3951,.F.);
#4438 = ORIENTED_EDGE('',*,*,#224,.T.);
#4439 = PLANE('',#4440);
#4440 = AXIS2_PLACEMENT_3D('',#4441,#4442,#4443);
#4441 = CARTESIAN_POINT('',(0.,11.6,6.8));
#4442 = DIRECTION('',(6.891039463191E-17,-0.,-1.));
#4443 = DIRECTION('',(1.,0.,6.891039463191E-17));
#4444 = ADVANCED_FACE('',(#4445),#4456,.T.);
#4445 = FACE_BOUND('',#4446,.T.);
#4446 = EDGE_LOOP('',(#4447,#4448,#4454,#4455));
#4447 = ORIENTED_EDGE('',*,*,#3977,.T.);
#4448 = ORIENTED_EDGE('',*,*,#4449,.F.);
#4449 = EDGE_CURVE('',#4226,#3969,#4450,.T.);
#4450 = LINE('',#4451,#4452);
#4451 = CARTESIAN_POINT('',(1.35256367294,1.797402816417,-4.4));
#4452 = VECTOR('',#4453,1.);
#4453 = DIRECTION('',(2.22044604925E-16,0.,-1.));
#4454 = ORIENTED_EDGE('',*,*,#4243,.T.);
#4455 = ORIENTED_EDGE('',*,*,#4183,.T.);
#4456 = CYLINDRICAL_SURFACE('',#4457,0.2);
#4457 = AXIS2_PLACEMENT_3D('',#4458,#4459,#4460);
#4458 = CARTESIAN_POINT('',(1.152580537058,1.8,0.9));
#4459 = DIRECTION('',(-2.22044604925E-16,0.,1.));
#4460 = DIRECTION('',(-1.,0.,-2.22044604925E-16));
#4461 = ADVANCED_FACE('',(#4462),#4473,.T.);
#4462 = FACE_BOUND('',#4463,.T.);
#4463 = EDGE_LOOP('',(#4464,#4465,#4466,#4472));
#4464 = ORIENTED_EDGE('',*,*,#4012,.T.);
#4465 = ORIENTED_EDGE('',*,*,#2810,.T.);
#4466 = ORIENTED_EDGE('',*,*,#4467,.F.);
#4467 = EDGE_CURVE('',#3969,#2803,#4468,.T.);
#4468 = LINE('',#4469,#4470);
#4469 = CARTESIAN_POINT('',(1.35,1.6,1.1));
#4470 = VECTOR('',#4471,1.);
#4471 = DIRECTION('',(1.298591791445E-02,0.999915679413,
    2.883453012904E-18));
#4472 = ORIENTED_EDGE('',*,*,#3968,.T.);
#4473 = CYLINDRICAL_SURFACE('',#4474,0.2);
#4474 = AXIS2_PLACEMENT_3D('',#4475,#4476,#4477);
#4475 = CARTESIAN_POINT('',(1.234435076596,8.10279954446,1.1));
#4476 = DIRECTION('',(-1.298591791445E-02,-0.999915679413,
    -2.883453012904E-18));
#4477 = DIRECTION('',(0.999915679413,-1.298591791445E-02,
    2.220258819936E-16));
#4478 = ADVANCED_FACE('',(#4479),#4490,.T.);
#4479 = FACE_BOUND('',#4480,.T.);
#4480 = EDGE_LOOP('',(#4481,#4482,#4483,#4484));
#4481 = ORIENTED_EDGE('',*,*,#2829,.T.);
#4482 = ORIENTED_EDGE('',*,*,#4005,.T.);
#4483 = ORIENTED_EDGE('',*,*,#4045,.T.);
#4484 = ORIENTED_EDGE('',*,*,#4485,.T.);
#4485 = EDGE_CURVE('',#4037,#2830,#4486,.T.);
#4486 = LINE('',#4487,#4488);
#4487 = CARTESIAN_POINT('',(0.879348871535,1.6,0.946153846154));
#4488 = VECTOR('',#4489,1.);
#4489 = DIRECTION('',(0.,1.,0.));
#4490 = CYLINDRICAL_SURFACE('',#4491,0.3);
#4491 = AXIS2_PLACEMENT_3D('',#4492,#4493,#4494);
#4492 = CARTESIAN_POINT('',(1.039230484541,1.6,1.2));
#4493 = DIRECTION('',(0.,1.,0.));
#4494 = DIRECTION('',(-1.,0.,-2.22044604925E-16));
#4495 = ADVANCED_FACE('',(#4496),#4507,.T.);
#4496 = FACE_BOUND('',#4497,.T.);
#4497 = EDGE_LOOP('',(#4498,#4499,#4505,#4506));
#4498 = ORIENTED_EDGE('',*,*,#2847,.T.);
#4499 = ORIENTED_EDGE('',*,*,#4500,.T.);
#4500 = EDGE_CURVE('',#2839,#4084,#4501,.T.);
#4501 = LINE('',#4502,#4503);
#4502 = CARTESIAN_POINT('',(-0.879348871535,1.6,0.946153846154));
#4503 = VECTOR('',#4504,1.);
#4504 = DIRECTION('',(0.,-1.,-0.));
#4505 = ORIENTED_EDGE('',*,*,#4083,.T.);
#4506 = ORIENTED_EDGE('',*,*,#4120,.T.);
#4507 = CYLINDRICAL_SURFACE('',#4508,0.3);
#4508 = AXIS2_PLACEMENT_3D('',#4509,#4510,#4511);
#4509 = CARTESIAN_POINT('',(-1.039230484541,1.6,1.2));
#4510 = DIRECTION('',(0.,1.,0.));
#4511 = DIRECTION('',(-1.,0.,-2.22044604925E-16));
#4512 = ADVANCED_FACE('',(#4513),#4525,.T.);
#4513 = FACE_BOUND('',#4514,.T.);
#4514 = EDGE_LOOP('',(#4515,#4516,#4517,#4524));
#4515 = ORIENTED_EDGE('',*,*,#4207,.T.);
#4516 = ORIENTED_EDGE('',*,*,#4092,.T.);
#4517 = ORIENTED_EDGE('',*,*,#4518,.T.);
#4518 = EDGE_CURVE('',#4084,#4037,#4519,.T.);
#4519 = CIRCLE('',#4520,1.65);
#4520 = AXIS2_PLACEMENT_3D('',#4521,#4522,#4523);
#4521 = CARTESIAN_POINT('',(1.7763568394E-15,1.8,-0.45));
#4522 = DIRECTION('',(0.,1.,0.));
#4523 = DIRECTION('',(-1.,0.,-2.22044604925E-16));
#4524 = ORIENTED_EDGE('',*,*,#4036,.T.);
#4525 = ( BOUNDED_SURFACE() B_SPLINE_SURFACE(3,3,(
    (#4526,#4527,#4528,#4529)
    ,(#4530,#4531,#4532,#4533)
    ,(#4534,#4535,#4536,#4537)
    ,(#4538,#4539,#4540,#4541
)),.UNSPECIFIED.,.F.,.F.,.F.) B_SPLINE_SURFACE_WITH_KNOTS((4,4),(4,4),(
    0.,1.),(0.,1.),.PIECEWISE_BEZIER_KNOTS.) 
GEOMETRIC_REPRESENTATION_ITEM() RATIONAL_B_SPLINE_SURFACE((
    (1.,0.897435897436,0.897435897436,1.)
    ,(0.804737854124,0.722200638317,0.722200638317,0.804737854124)
    ,(0.804737854124,0.722200638317,0.722200638317,0.804737854124)
,(1.,0.897435897436,0.897435897436,1.
))) REPRESENTATION_ITEM('') SURFACE() );
#4526 = CARTESIAN_POINT('',(0.879348871535,1.8,0.946153846154));
#4527 = CARTESIAN_POINT('',(0.326615295142,1.8,1.294285714286));
#4528 = CARTESIAN_POINT('',(-0.326615295142,1.8,1.294285714286));
#4529 = CARTESIAN_POINT('',(-0.879348871535,1.8,0.946153846154));
#4530 = CARTESIAN_POINT('',(0.879348871535,1.682842712475,0.946153846154
    ));
#4531 = CARTESIAN_POINT('',(0.326615295142,1.682842712475,1.294285714286
    ));
#4532 = CARTESIAN_POINT('',(-0.326615295142,1.682842712475,
    1.294285714286));
#4533 = CARTESIAN_POINT('',(-0.879348871535,1.682842712475,
    0.946153846154));
#4534 = CARTESIAN_POINT('',(0.923498959856,1.6,1.01625152594));
#4535 = CARTESIAN_POINT('',(0.343013899375,1.6,1.381862296045));
#4536 = CARTESIAN_POINT('',(-0.343013899375,1.6,1.381862296045));
#4537 = CARTESIAN_POINT('',(-0.923498959856,1.6,1.01625152594));
#4538 = CARTESIAN_POINT('',(0.985936613539,1.6,1.115384615385));
#4539 = CARTESIAN_POINT('',(0.366205027886,1.6,1.505714285714));
#4540 = CARTESIAN_POINT('',(-0.366205027886,1.6,1.505714285714));
#4541 = CARTESIAN_POINT('',(-0.985936613539,1.6,1.115384615385));
#4542 = ADVANCED_FACE('',(#4543),#4554,.T.);
#4543 = FACE_BOUND('',#4544,.T.);
#4544 = EDGE_LOOP('',(#4545,#4546,#4547,#4553));
#4545 = ORIENTED_EDGE('',*,*,#4127,.T.);
#4546 = ORIENTED_EDGE('',*,*,#4151,.T.);
#4547 = ORIENTED_EDGE('',*,*,#4548,.F.);
#4548 = EDGE_CURVE('',#2865,#4143,#4549,.T.);
#4549 = LINE('',#4550,#4551);
#4550 = CARTESIAN_POINT('',(-1.434415584416,8.1,1.1));
#4551 = VECTOR('',#4552,1.);
#4552 = DIRECTION('',(1.298591791445E-02,-0.999915679413,
    2.883453012904E-18));
#4553 = ORIENTED_EDGE('',*,*,#2864,.T.);
#4554 = CYLINDRICAL_SURFACE('',#4555,0.2);
#4555 = AXIS2_PLACEMENT_3D('',#4556,#4557,#4558);
#4556 = CARTESIAN_POINT('',(-1.23394603781,8.065143557951,1.1));
#4557 = DIRECTION('',(-1.298591791445E-02,0.999915679413,
    -2.883453012904E-18));
#4558 = DIRECTION('',(-0.999915679413,-1.298591791445E-02,
    -2.220258819936E-16));
#4559 = ADVANCED_FACE('',(#4560),#4571,.T.);
#4560 = FACE_BOUND('',#4561,.T.);
#4561 = EDGE_LOOP('',(#4562,#4563,#4564,#4565));
#4562 = ORIENTED_EDGE('',*,*,#4142,.T.);
#4563 = ORIENTED_EDGE('',*,*,#4199,.T.);
#4564 = ORIENTED_EDGE('',*,*,#4290,.T.);
#4565 = ORIENTED_EDGE('',*,*,#4566,.F.);
#4566 = EDGE_CURVE('',#4143,#4282,#4567,.T.);
#4567 = LINE('',#4568,#4569);
#4568 = CARTESIAN_POINT('',(-1.35256367294,1.797402816417,-4.4));
#4569 = VECTOR('',#4570,1.);
#4570 = DIRECTION('',(-2.22044604925E-16,0.,1.));
#4571 = CYLINDRICAL_SURFACE('',#4572,0.2);
#4572 = AXIS2_PLACEMENT_3D('',#4573,#4574,#4575);
#4573 = CARTESIAN_POINT('',(-1.152580537058,1.8,-4.4));
#4574 = DIRECTION('',(-2.22044604925E-16,0.,1.));
#4575 = DIRECTION('',(-1.,0.,-2.22044604925E-16));
#4576 = ADVANCED_FACE('',(#4577),#4593,.T.);
#4577 = FACE_BOUND('',#4578,.T.);
#4578 = EDGE_LOOP('',(#4579,#4585,#4586,#4592));
#4579 = ORIENTED_EDGE('',*,*,#4580,.F.);
#4580 = EDGE_CURVE('',#4224,#2784,#4581,.T.);
#4581 = LINE('',#4582,#4583);
#4582 = CARTESIAN_POINT('',(1.152580537058,1.8,5.1));
#4583 = VECTOR('',#4584,1.);
#4584 = DIRECTION('',(1.298591791445E-02,0.999915679413,
    2.883453012904E-18));
#4585 = ORIENTED_EDGE('',*,*,#4223,.T.);
#4586 = ORIENTED_EDGE('',*,*,#4587,.F.);
#4587 = EDGE_CURVE('',#2792,#4226,#4588,.T.);
#4588 = LINE('',#4589,#4590);
#4589 = CARTESIAN_POINT('',(1.35,1.6,4.9));
#4590 = VECTOR('',#4591,1.);
#4591 = DIRECTION('',(-1.298591791445E-02,-0.999915679413,
    -2.883453012904E-18));
#4592 = ORIENTED_EDGE('',*,*,#2791,.T.);
#4593 = CYLINDRICAL_SURFACE('',#4594,0.2);
#4594 = AXIS2_PLACEMENT_3D('',#4595,#4596,#4597);
#4595 = CARTESIAN_POINT('',(1.150033727524,1.603895665876,4.9));
#4596 = DIRECTION('',(1.298591791445E-02,0.999915679413,
    2.883453012904E-18));
#4597 = DIRECTION('',(-0.999915679413,1.298591791445E-02,
    -2.220258819936E-16));
#4598 = ADVANCED_FACE('',(#4599),#4615,.T.);
#4599 = FACE_BOUND('',#4600,.T.);
#4600 = EDGE_LOOP('',(#4601,#4607,#4608,#4614));
#4601 = ORIENTED_EDGE('',*,*,#4602,.F.);
#4602 = EDGE_CURVE('',#2782,#4271,#4603,.T.);
#4603 = LINE('',#4604,#4605);
#4604 = CARTESIAN_POINT('',(-1.234398718876,8.1,5.1));
#4605 = VECTOR('',#4606,1.);
#4606 = DIRECTION('',(1.298591791445E-02,-0.999915679413,
    2.883453012904E-18));
#4607 = ORIENTED_EDGE('',*,*,#2883,.T.);
#4608 = ORIENTED_EDGE('',*,*,#4609,.F.);
#4609 = EDGE_CURVE('',#4282,#2876,#4610,.T.);
#4610 = LINE('',#4611,#4612);
#4611 = CARTESIAN_POINT('',(-1.434415584416,8.1,4.9));
#4612 = VECTOR('',#4613,1.);
#4613 = DIRECTION('',(-1.298591791445E-02,0.999915679413,
    -2.883453012904E-18));
#4614 = ORIENTED_EDGE('',*,*,#4281,.T.);
#4615 = CYLINDRICAL_SURFACE('',#4616,0.2);
#4616 = AXIS2_PLACEMENT_3D('',#4617,#4618,#4619);
#4617 = CARTESIAN_POINT('',(-1.149544688738,1.566239679367,4.9));
#4618 = DIRECTION('',(1.298591791445E-02,-0.999915679413,
    2.883453012904E-18));
#4619 = DIRECTION('',(0.999915679413,1.298591791445E-02,
    2.220258819936E-16));
#4620 = ADVANCED_FACE('',(#4621),#4632,.T.);
#4621 = FACE_BOUND('',#4622,.T.);
#4622 = EDGE_LOOP('',(#4623,#4629,#4630,#4631));
#4623 = ORIENTED_EDGE('',*,*,#4624,.F.);
#4624 = EDGE_CURVE('',#4271,#4224,#4625,.T.);
#4625 = LINE('',#4626,#4627);
#4626 = CARTESIAN_POINT('',(1.45,1.8,5.1));
#4627 = VECTOR('',#4628,1.);
#4628 = DIRECTION('',(1.,0.,2.22044604925E-16));
#4629 = ORIENTED_EDGE('',*,*,#4270,.T.);
#4630 = ORIENTED_EDGE('',*,*,#4191,.T.);
#4631 = ORIENTED_EDGE('',*,*,#4234,.T.);
#4632 = CYLINDRICAL_SURFACE('',#4633,0.2);
#4633 = AXIS2_PLACEMENT_3D('',#4634,#4635,#4636);
#4634 = CARTESIAN_POINT('',(1.45,1.8,4.9));
#4635 = DIRECTION('',(-1.,0.,-2.22044604925E-16));
#4636 = DIRECTION('',(2.22044604925E-16,0.,-1.));
#4637 = ADVANCED_FACE('',(#4638),#4663,.T.);
#4638 = FACE_BOUND('',#4639,.T.);
#4639 = EDGE_LOOP('',(#4640,#4641,#4649,#4657));
#4640 = ORIENTED_EDGE('',*,*,#4327,.T.);
#4641 = ORIENTED_EDGE('',*,*,#4642,.T.);
#4642 = EDGE_CURVE('',#4328,#4643,#4645,.T.);
#4643 = VERTEX_POINT('',#4644);
#4644 = CARTESIAN_POINT('',(0.25,1.9,5.1));
#4645 = LINE('',#4646,#4647);
#4646 = CARTESIAN_POINT('',(0.25,1.9,5.30635083269));
#4647 = VECTOR('',#4648,1.);
#4648 = DIRECTION('',(2.22044604925E-16,0.,-1.));
#4649 = ORIENTED_EDGE('',*,*,#4650,.F.);
#4650 = EDGE_CURVE('',#4651,#4643,#4653,.T.);
#4651 = VERTEX_POINT('',#4652);
#4652 = CARTESIAN_POINT('',(0.25,3.9,5.1));
#4653 = LINE('',#4654,#4655);
#4654 = CARTESIAN_POINT('',(0.25,1.6,5.1));
#4655 = VECTOR('',#4656,1.);
#4656 = DIRECTION('',(0.,-1.,0.));
#4657 = ORIENTED_EDGE('',*,*,#4658,.F.);
#4658 = EDGE_CURVE('',#4319,#4651,#4659,.T.);
#4659 = LINE('',#4660,#4661);
#4660 = CARTESIAN_POINT('',(0.25,3.9,5.30635083269));
#4661 = VECTOR('',#4662,1.);
#4662 = DIRECTION('',(2.22044604925E-16,0.,-1.));
#4663 = PLANE('',#4664);
#4664 = AXIS2_PLACEMENT_3D('',#4665,#4666,#4667);
#4665 = CARTESIAN_POINT('',(0.25,3.9,5.1));
#4666 = DIRECTION('',(1.,0.,2.22044604925E-16));
#4667 = DIRECTION('',(-2.22044604925E-16,0.,1.));
#4668 = ADVANCED_FACE('',(#4669),#4695,.F.);
#4669 = FACE_BOUND('',#4670,.T.);
#4670 = EDGE_LOOP('',(#4671,#4672,#4673,#4674,#4675,#4676,#4677,#4678,
    #4686,#4692,#4693,#4694));
#4671 = ORIENTED_EDGE('',*,*,#3633,.F.);
#4672 = ORIENTED_EDGE('',*,*,#3560,.F.);
#4673 = ORIENTED_EDGE('',*,*,#3502,.F.);
#4674 = ORIENTED_EDGE('',*,*,#3597,.F.);
#4675 = ORIENTED_EDGE('',*,*,#3680,.F.);
#4676 = ORIENTED_EDGE('',*,*,#3905,.F.);
#4677 = ORIENTED_EDGE('',*,*,#4351,.F.);
#4678 = ORIENTED_EDGE('',*,*,#4679,.F.);
#4679 = EDGE_CURVE('',#4680,#4352,#4682,.T.);
#4680 = VERTEX_POINT('',#4681);
#4681 = CARTESIAN_POINT('',(-0.25,1.9,5.1));
#4682 = LINE('',#4683,#4684);
#4683 = CARTESIAN_POINT('',(-0.25,1.9,5.30635083269));
#4684 = VECTOR('',#4685,1.);
#4685 = DIRECTION('',(-2.22044604925E-16,0.,1.));
#4686 = ORIENTED_EDGE('',*,*,#4687,.F.);
#4687 = EDGE_CURVE('',#4643,#4680,#4688,.T.);
#4688 = LINE('',#4689,#4690);
#4689 = CARTESIAN_POINT('',(1.45,1.9,5.1));
#4690 = VECTOR('',#4691,1.);
#4691 = DIRECTION('',(-1.,0.,-2.22044604925E-16));
#4692 = ORIENTED_EDGE('',*,*,#4642,.F.);
#4693 = ORIENTED_EDGE('',*,*,#4335,.T.);
#4694 = ORIENTED_EDGE('',*,*,#3872,.F.);
#4695 = PLANE('',#4696);
#4696 = AXIS2_PLACEMENT_3D('',#4697,#4698,#4699);
#4697 = CARTESIAN_POINT('',(0.45,1.9,5.30635083269));
#4698 = DIRECTION('',(0.,1.,0.));
#4699 = DIRECTION('',(-1.,0.,-2.22044604925E-16));
#4700 = ADVANCED_FACE('',(#4701),#4719,.T.);
#4701 = FACE_BOUND('',#4702,.T.);
#4702 = EDGE_LOOP('',(#4703,#4711,#4712,#4713));
#4703 = ORIENTED_EDGE('',*,*,#4704,.F.);
#4704 = EDGE_CURVE('',#4680,#4705,#4707,.T.);
#4705 = VERTEX_POINT('',#4706);
#4706 = CARTESIAN_POINT('',(-0.25,3.9,5.1));
#4707 = LINE('',#4708,#4709);
#4708 = CARTESIAN_POINT('',(-0.25,1.6,5.1));
#4709 = VECTOR('',#4710,1.);
#4710 = DIRECTION('',(0.,1.,0.));
#4711 = ORIENTED_EDGE('',*,*,#4679,.T.);
#4712 = ORIENTED_EDGE('',*,*,#4360,.T.);
#4713 = ORIENTED_EDGE('',*,*,#4714,.F.);
#4714 = EDGE_CURVE('',#4705,#4361,#4715,.T.);
#4715 = LINE('',#4716,#4717);
#4716 = CARTESIAN_POINT('',(-0.25,3.9,5.30635083269));
#4717 = VECTOR('',#4718,1.);
#4718 = DIRECTION('',(-2.22044604925E-16,0.,1.));
#4719 = PLANE('',#4720);
#4720 = AXIS2_PLACEMENT_3D('',#4721,#4722,#4723);
#4721 = CARTESIAN_POINT('',(-0.25,3.9,5.30635083269));
#4722 = DIRECTION('',(-1.,0.,-2.22044604925E-16));
#4723 = DIRECTION('',(2.22044604925E-16,-0.,-1.));
#4724 = ADVANCED_FACE('',(#4725),#4744,.T.);
#4725 = FACE_BOUND('',#4726,.T.);
#4726 = EDGE_LOOP('',(#4727,#4728,#4729,#4730,#4731,#4732,#4738,#4739,
    #4740,#4741,#4742,#4743));
#4727 = ORIENTED_EDGE('',*,*,#3550,.F.);
#4728 = ORIENTED_EDGE('',*,*,#3649,.F.);
#4729 = ORIENTED_EDGE('',*,*,#3864,.F.);
#4730 = ORIENTED_EDGE('',*,*,#4318,.T.);
#4731 = ORIENTED_EDGE('',*,*,#4658,.T.);
#4732 = ORIENTED_EDGE('',*,*,#4733,.F.);
#4733 = EDGE_CURVE('',#4705,#4651,#4734,.T.);
#4734 = LINE('',#4735,#4736);
#4735 = CARTESIAN_POINT('',(1.45,3.9,5.1));
#4736 = VECTOR('',#4737,1.);
#4737 = DIRECTION('',(1.,0.,2.22044604925E-16));
#4738 = ORIENTED_EDGE('',*,*,#4714,.T.);
#4739 = ORIENTED_EDGE('',*,*,#4368,.T.);
#4740 = ORIENTED_EDGE('',*,*,#3888,.F.);
#4741 = ORIENTED_EDGE('',*,*,#3664,.F.);
#4742 = ORIENTED_EDGE('',*,*,#3578,.F.);
#4743 = ORIENTED_EDGE('',*,*,#3486,.F.);
#4744 = PLANE('',#4745);
#4745 = AXIS2_PLACEMENT_3D('',#4746,#4747,#4748);
#4746 = CARTESIAN_POINT('',(0.45,3.9,5.30635083269));
#4747 = DIRECTION('',(0.,1.,0.));
#4748 = DIRECTION('',(-1.,0.,-2.22044604925E-16));
#4749 = ADVANCED_FACE('',(#4750),#4784,.F.);
#4750 = FACE_BOUND('',#4751,.T.);
#4751 = EDGE_LOOP('',(#4752,#4762,#4770,#4778));
#4752 = ORIENTED_EDGE('',*,*,#4753,.F.);
#4753 = EDGE_CURVE('',#4754,#4756,#4758,.T.);
#4754 = VERTEX_POINT('',#4755);
#4755 = CARTESIAN_POINT('',(-0.9,15.,0.675));
#4756 = VERTEX_POINT('',#4757);
#4757 = CARTESIAN_POINT('',(-0.9,15.,-1.925));
#4758 = LINE('',#4759,#4760);
#4759 = CARTESIAN_POINT('',(-0.9,15.,-1.925));
#4760 = VECTOR('',#4761,1.);
#4761 = DIRECTION('',(2.593575249743E-16,1.06608342998E-17,-1.));
#4762 = ORIENTED_EDGE('',*,*,#4763,.T.);
#4763 = EDGE_CURVE('',#4754,#4764,#4766,.T.);
#4764 = VERTEX_POINT('',#4765);
#4765 = CARTESIAN_POINT('',(0.9,15.,0.675));
#4766 = LINE('',#4767,#4768);
#4767 = CARTESIAN_POINT('',(80.538,15.,0.675));
#4768 = VECTOR('',#4769,1.);
#4769 = DIRECTION('',(1.,0.,2.22044604925E-16));
#4770 = ORIENTED_EDGE('',*,*,#4771,.T.);
#4771 = EDGE_CURVE('',#4764,#4772,#4774,.T.);
#4772 = VERTEX_POINT('',#4773);
#4773 = CARTESIAN_POINT('',(0.9,15.,-1.925));
#4774 = LINE('',#4775,#4776);
#4775 = CARTESIAN_POINT('',(0.9,15.,-2.625));
#4776 = VECTOR('',#4777,1.);
#4777 = DIRECTION('',(1.847316848757E-16,1.06608342998E-17,-1.));
#4778 = ORIENTED_EDGE('',*,*,#4779,.F.);
#4779 = EDGE_CURVE('',#4756,#4772,#4780,.T.);
#4780 = LINE('',#4781,#4782);
#4781 = CARTESIAN_POINT('',(0.9,15.,-1.925));
#4782 = VECTOR('',#4783,1.);
#4783 = DIRECTION('',(1.,0.,2.22044604925E-16));
#4784 = PLANE('',#4785);
#4785 = AXIS2_PLACEMENT_3D('',#4786,#4787,#4788);
#4786 = CARTESIAN_POINT('',(-190.306,15.,7.195292312849));
#4787 = DIRECTION('',(-9.127630068186E-33,-1.,4.110719137386E-17));
#4788 = DIRECTION('',(2.22044604925E-16,-4.110719137386E-17,-1.));
#4789 = ADVANCED_FACE('',(#4790),#4810,.T.);
#4790 = FACE_BOUND('',#4791,.T.);
#4791 = EDGE_LOOP('',(#4792,#4793,#4794,#4795));
#4792 = ORIENTED_EDGE('',*,*,#4385,.T.);
#4793 = ORIENTED_EDGE('',*,*,#3450,.F.);
#4794 = ORIENTED_EDGE('',*,*,#3392,.F.);
#4795 = ORIENTED_EDGE('',*,*,#4796,.T.);
#4796 = EDGE_CURVE('',#3385,#4386,#4797,.T.);
#4797 = B_SPLINE_CURVE_WITH_KNOTS('',3,(#4798,#4799,#4800,#4801,#4802,
    #4803,#4804,#4805,#4806,#4807,#4808,#4809),.UNSPECIFIED.,.F.,.F.,(4,
    2,2,2,2,4),(0.,0.25,0.375,0.4375,0.5,1.),.UNSPECIFIED.);
#4798 = CARTESIAN_POINT('',(-1.640940134764,10.642234123535,7.8));
#4799 = CARTESIAN_POINT('',(-1.665152096699,10.599924049937,7.8));
#4800 = CARTESIAN_POINT('',(-1.68753203611,10.560466340644,
    7.791027936449));
#4801 = CARTESIAN_POINT('',(-1.716189068572,10.50858833948,
    7.769158869451));
#4802 = CARTESIAN_POINT('',(-1.724956562086,10.492495412549,
    7.760476132393));
#4803 = CARTESIAN_POINT('',(-1.736912383582,10.470365047778,
    7.74599797266));
#4804 = CARTESIAN_POINT('',(-1.740699879796,10.463321911584,
    7.740929218902));
#4805 = CARTESIAN_POINT('',(-1.747891493409,10.449924269796,
    7.730405971656));
#4806 = CARTESIAN_POINT('',(-1.750474915913,10.445098796746,
    7.726377839527));
#4807 = CARTESIAN_POINT('',(-1.786865099653,10.37730384464,
    7.663137635277));
#4808 = CARTESIAN_POINT('',(-1.805319687707,10.342692902328,
    7.581606256162));
#4809 = CARTESIAN_POINT('',(-1.805,10.342234123535,7.5));
#4810 = ( BOUNDED_SURFACE() B_SPLINE_SURFACE(3,3,(
    (#4811,#4812,#4813,#4814)
    ,(#4815,#4816,#4817,#4818)
    ,(#4819,#4820,#4821,#4822)
    ,(#4823,#4824,#4825,#4826
)),.UNSPECIFIED.,.F.,.F.,.F.) B_SPLINE_SURFACE_WITH_KNOTS((4,4),(4,4),(
    0.,1.),(0.,1.),.PIECEWISE_BEZIER_KNOTS.) 
GEOMETRIC_REPRESENTATION_ITEM() RATIONAL_B_SPLINE_SURFACE((
    (1.,0.662162762221,0.662162762221,1.)
    ,(0.804737854124,0.532867440351,0.532867440351,0.804737854124)
    ,(0.804737854124,0.532867440351,0.532867440351,0.804737854124)
,(1.,0.662162762221,0.662162762221,1.
))) REPRESENTATION_ITEM('') SURFACE() );
#4811 = CARTESIAN_POINT('',(-1.652792750589,10.662836127669,7.8));
#4812 = CARTESIAN_POINT('',(-0.83201736536,9.215307422584,7.8));
#4813 = CARTESIAN_POINT('',(0.83201736536,9.215307422584,7.8));
#4814 = CARTESIAN_POINT('',(1.652792750588,10.662836127669,7.8));
#4815 = CARTESIAN_POINT('',(-1.805663841773,10.576155408788,7.8));
#4816 = CARTESIAN_POINT('',(-0.908972810912,8.994741016833,7.8));
#4817 = CARTESIAN_POINT('',(0.908972810912,8.994741016833,7.8));
#4818 = CARTESIAN_POINT('',(1.805663841773,10.576155408788,7.8));
#4819 = CARTESIAN_POINT('',(-1.913760026997,10.51486288467,
    7.675735931288));
#4820 = CARTESIAN_POINT('',(-0.963388528312,8.838777015624,
    7.675735931288));
#4821 = CARTESIAN_POINT('',(0.963388528311,8.838777015624,7.675735931288
    ));
#4822 = CARTESIAN_POINT('',(1.913760026997,10.514862884669,
    7.675735931288));
#4823 = CARTESIAN_POINT('',(-1.913760026997,10.51486288467,7.5));
#4824 = CARTESIAN_POINT('',(-0.963388528312,8.838777015624,7.5));
#4825 = CARTESIAN_POINT('',(0.963388528311,8.838777015624,7.5));
#4826 = CARTESIAN_POINT('',(1.913760026997,10.514862884669,7.5));
#4827 = ADVANCED_FACE('',(#4828),#4838,.F.);
#4828 = FACE_BOUND('',#4829,.F.);
#4829 = EDGE_LOOP('',(#4830,#4831,#4832,#4833,#4834,#4835,#4836,#4837));
#4830 = ORIENTED_EDGE('',*,*,#3695,.T.);
#4831 = ORIENTED_EDGE('',*,*,#3921,.T.);
#4832 = ORIENTED_EDGE('',*,*,#4409,.T.);
#4833 = ORIENTED_EDGE('',*,*,#3937,.T.);
#4834 = ORIENTED_EDGE('',*,*,#3712,.T.);
#4835 = ORIENTED_EDGE('',*,*,#197,.F.);
#4836 = ORIENTED_EDGE('',*,*,#3423,.T.);
#4837 = ORIENTED_EDGE('',*,*,#264,.T.);
#4838 = CYLINDRICAL_SURFACE('',#4839,1.35);
#4839 = AXIS2_PLACEMENT_3D('',#4840,#4841,#4842);
#4840 = CARTESIAN_POINT('',(-2.22044604925E-15,11.6,16.7));
#4841 = DIRECTION('',(2.22044604925E-16,0.,-1.));
#4842 = DIRECTION('',(1.,0.,2.22044604925E-16));
#4843 = ADVANCED_FACE('',(#4844),#4850,.T.);
#4844 = FACE_BOUND('',#4845,.T.);
#4845 = EDGE_LOOP('',(#4846,#4847,#4848,#4849));
#4846 = ORIENTED_EDGE('',*,*,#4467,.T.);
#4847 = ORIENTED_EDGE('',*,*,#2802,.F.);
#4848 = ORIENTED_EDGE('',*,*,#4587,.T.);
#4849 = ORIENTED_EDGE('',*,*,#4449,.T.);
#4850 = PLANE('',#4851);
#4851 = AXIS2_PLACEMENT_3D('',#4852,#4853,#4854);
#4852 = CARTESIAN_POINT('',(1.35,1.6,-4.4));
#4853 = DIRECTION('',(0.999915679413,-1.298591791445E-02,
    2.220258819936E-16));
#4854 = DIRECTION('',(1.298591791445E-02,0.999915679413,
    2.883453012904E-18));
#4855 = ADVANCED_FACE('',(#4856),#4862,.F.);
#4856 = FACE_BOUND('',#4857,.F.);
#4857 = EDGE_LOOP('',(#4858,#4859,#4860,#4861));
#4858 = ORIENTED_EDGE('',*,*,#4518,.T.);
#4859 = ORIENTED_EDGE('',*,*,#4485,.T.);
#4860 = ORIENTED_EDGE('',*,*,#2838,.T.);
#4861 = ORIENTED_EDGE('',*,*,#4500,.T.);
#4862 = CYLINDRICAL_SURFACE('',#4863,1.65);
#4863 = AXIS2_PLACEMENT_3D('',#4864,#4865,#4866);
#4864 = CARTESIAN_POINT('',(1.7763568394E-15,1.6,-0.45));
#4865 = DIRECTION('',(0.,1.,0.));
#4866 = DIRECTION('',(-1.,0.,-2.22044604925E-16));
#4867 = ADVANCED_FACE('',(#4868),#4874,.T.);
#4868 = FACE_BOUND('',#4869,.T.);
#4869 = EDGE_LOOP('',(#4870,#4871,#4872,#4873));
#4870 = ORIENTED_EDGE('',*,*,#4609,.T.);
#4871 = ORIENTED_EDGE('',*,*,#2875,.F.);
#4872 = ORIENTED_EDGE('',*,*,#4548,.T.);
#4873 = ORIENTED_EDGE('',*,*,#4566,.T.);
#4874 = PLANE('',#4875);
#4875 = AXIS2_PLACEMENT_3D('',#4876,#4877,#4878);
#4876 = CARTESIAN_POINT('',(-1.434415584416,8.1,-4.4));
#4877 = DIRECTION('',(-0.999915679413,-1.298591791445E-02,
    -2.220258819936E-16));
#4878 = DIRECTION('',(1.298591791445E-02,-0.999915679413,
    2.883453012904E-18));
#4879 = ADVANCED_FACE('',(#4880,#4886),#4892,.T.);
#4880 = FACE_BOUND('',#4881,.T.);
#4881 = EDGE_LOOP('',(#4882,#4883,#4884,#4885));
#4882 = ORIENTED_EDGE('',*,*,#4704,.T.);
#4883 = ORIENTED_EDGE('',*,*,#4733,.T.);
#4884 = ORIENTED_EDGE('',*,*,#4650,.T.);
#4885 = ORIENTED_EDGE('',*,*,#4687,.T.);
#4886 = FACE_BOUND('',#4887,.T.);
#4887 = EDGE_LOOP('',(#4888,#4889,#4890,#4891));
#4888 = ORIENTED_EDGE('',*,*,#4602,.T.);
#4889 = ORIENTED_EDGE('',*,*,#4624,.T.);
#4890 = ORIENTED_EDGE('',*,*,#4580,.T.);
#4891 = ORIENTED_EDGE('',*,*,#2781,.F.);
#4892 = PLANE('',#4893);
#4893 = AXIS2_PLACEMENT_3D('',#4894,#4895,#4896);
#4894 = CARTESIAN_POINT('',(1.45,1.6,5.1));
#4895 = DIRECTION('',(-2.22044604925E-16,0.,1.));
#4896 = DIRECTION('',(-1.,0.,-2.22044604925E-16));
#4897 = ADVANCED_FACE('',(#4898),#4914,.F.);
#4898 = FACE_BOUND('',#4899,.T.);
#4899 = EDGE_LOOP('',(#4900,#4901,#4907,#4908));
#4900 = ORIENTED_EDGE('',*,*,#4763,.F.);
#4901 = ORIENTED_EDGE('',*,*,#4902,.F.);
#4902 = EDGE_CURVE('',#2239,#4754,#4903,.T.);
#4903 = LINE('',#4904,#4905);
#4904 = CARTESIAN_POINT('',(-1.5,17.1,1.875));
#4905 = VECTOR('',#4906,1.);
#4906 = DIRECTION('',(0.240771706172,-0.8427009716,-0.481543412343));
#4907 = ORIENTED_EDGE('',*,*,#2238,.T.);
#4908 = ORIENTED_EDGE('',*,*,#4909,.T.);
#4909 = EDGE_CURVE('',#2231,#4764,#4910,.T.);
#4910 = LINE('',#4911,#4912);
#4911 = CARTESIAN_POINT('',(1.5,17.1,1.875));
#4912 = VECTOR('',#4913,1.);
#4913 = DIRECTION('',(-0.240771706172,-0.8427009716,-0.481543412343));
#4914 = PLANE('',#4915);
#4915 = AXIS2_PLACEMENT_3D('',#4916,#4917,#4918);
#4916 = CARTESIAN_POINT('',(80.538,15.,0.675));
#4917 = DIRECTION('',(-1.927887054719E-16,-0.496138938357,0.868243142124
    ));
#4918 = DIRECTION('',(1.101649745554E-16,-0.868243142124,-0.496138938357
    ));
#4919 = ADVANCED_FACE('',(#4920),#4931,.F.);
#4920 = FACE_BOUND('',#4921,.T.);
#4921 = EDGE_LOOP('',(#4922,#4923,#4924,#4930));
#4922 = ORIENTED_EDGE('',*,*,#4909,.F.);
#4923 = ORIENTED_EDGE('',*,*,#2230,.T.);
#4924 = ORIENTED_EDGE('',*,*,#4925,.F.);
#4925 = EDGE_CURVE('',#4772,#2221,#4926,.T.);
#4926 = LINE('',#4927,#4928);
#4927 = CARTESIAN_POINT('',(0.9,15.,-1.925));
#4928 = VECTOR('',#4929,1.);
#4929 = DIRECTION('',(0.273576451553,0.957517580434,-9.119215051751E-02)
  );
#4930 = ORIENTED_EDGE('',*,*,#4771,.F.);
#4931 = PLANE('',#4932);
#4932 = AXIS2_PLACEMENT_3D('',#4933,#4934,#4935);
#4933 = CARTESIAN_POINT('',(1.5,17.1,-2.625));
#4934 = DIRECTION('',(0.961523947641,-0.274721127897,1.746951824729E-16)
  );
#4935 = DIRECTION('',(0.274721127897,0.961523947641,6.100034430853E-17)
  );
#4936 = ADVANCED_FACE('',(#4937),#4948,.T.);
#4937 = FACE_BOUND('',#4938,.T.);
#4938 = EDGE_LOOP('',(#4939,#4940,#4941,#4947));
#4939 = ORIENTED_EDGE('',*,*,#4925,.T.);
#4940 = ORIENTED_EDGE('',*,*,#2220,.T.);
#4941 = ORIENTED_EDGE('',*,*,#4942,.F.);
#4942 = EDGE_CURVE('',#4756,#2223,#4943,.T.);
#4943 = LINE('',#4944,#4945);
#4944 = CARTESIAN_POINT('',(-0.9,15.,-1.925));
#4945 = VECTOR('',#4946,1.);
#4946 = DIRECTION('',(-0.273576451553,0.957517580434,-9.119215051751E-02
    ));
#4947 = ORIENTED_EDGE('',*,*,#4779,.T.);
#4948 = PLANE('',#4949);
#4949 = AXIS2_PLACEMENT_3D('',#4950,#4951,#4952);
#4950 = CARTESIAN_POINT('',(0.9,15.,-1.925));
#4951 = DIRECTION('',(-2.210443989168E-16,9.4809092628E-02,
    0.995495472594));
#4952 = DIRECTION('',(-2.105184751588E-17,-0.995495472594,
    9.4809092628E-02));
#4953 = ADVANCED_FACE('',(#4954),#4960,.T.);
#4954 = FACE_BOUND('',#4955,.T.);
#4955 = EDGE_LOOP('',(#4956,#4957,#4958,#4959));
#4956 = ORIENTED_EDGE('',*,*,#4753,.T.);
#4957 = ORIENTED_EDGE('',*,*,#4942,.T.);
#4958 = ORIENTED_EDGE('',*,*,#2246,.T.);
#4959 = ORIENTED_EDGE('',*,*,#4902,.T.);
#4960 = PLANE('',#4961);
#4961 = AXIS2_PLACEMENT_3D('',#4962,#4963,#4964);
#4962 = CARTESIAN_POINT('',(-0.9,15.,-1.925));
#4963 = DIRECTION('',(0.961523947641,0.274721127897,2.523072276869E-16)
  );
#4964 = DIRECTION('',(-0.274721127897,0.961523947641,-6.100034430853E-17
    ));
#4965 = ADVANCED_FACE('',(#4966),#4994,.T.);
#4966 = FACE_BOUND('',#4967,.T.);
#4967 = EDGE_LOOP('',(#4968,#4969,#4987,#4993));
#4968 = ORIENTED_EDGE('',*,*,#3384,.F.);
#4969 = ORIENTED_EDGE('',*,*,#4970,.T.);
#4970 = EDGE_CURVE('',#3376,#4971,#4973,.T.);
#4971 = VERTEX_POINT('',#4972);
#4972 = CARTESIAN_POINT('',(-2.005,10.342234123535,7.5));
#4973 = B_SPLINE_CURVE_WITH_KNOTS('',3,(#4974,#4975,#4976,#4977,#4978,
    #4979,#4980,#4981,#4982,#4983,#4984,#4985,#4986),.UNSPECIFIED.,.F.,
  .F.,(4,2,2,1,2,2,4),(0.,0.25,0.375,0.4375,0.46875,0.5,1.),
  .UNSPECIFIED.);
#4974 = CARTESIAN_POINT('',(-2.169059865236,10.642234123535,7.8));
#4975 = CARTESIAN_POINT('',(-2.142364831981,10.595584744738,7.8));
#4976 = CARTESIAN_POINT('',(-2.11955115883,10.553910411544,
    7.789150560786));
#4977 = CARTESIAN_POINT('',(-2.091152689261,10.502518254174,
    7.76614236242));
#4978 = CARTESIAN_POINT('',(-2.082656872764,10.487161678327,
    7.757341218365));
#4979 = CARTESIAN_POINT('',(-2.071368658058,10.466706825207,
    7.743429987932));
#4980 = CARTESIAN_POINT('',(-2.066088428214,10.457120221422,
    7.736293976523));
#4981 = CARTESIAN_POINT('',(-2.061354014636,10.448449376158,
    7.72904394856));
#4982 = CARTESIAN_POINT('',(-2.05831903142,10.442865756475,
    7.724200608616));
#4983 = CARTESIAN_POINT('',(-2.057541179675,10.441436001352,
    7.722952928194));
#4984 = CARTESIAN_POINT('',(-2.022262903507,10.375788077088,
    7.661701528249));
#4985 = CARTESIAN_POINT('',(-2.005440907854,10.342234123535,
    7.579502288329));
#4986 = CARTESIAN_POINT('',(-2.005,10.342234123535,7.5));
#4987 = ORIENTED_EDGE('',*,*,#4988,.T.);
#4988 = EDGE_CURVE('',#4971,#4386,#4989,.T.);
#4989 = LINE('',#4990,#4991);
#4990 = CARTESIAN_POINT('',(-1.805,10.342234123535,7.5));
#4991 = VECTOR('',#4992,1.);
#4992 = DIRECTION('',(1.,0.,2.22044604925E-16));
#4993 = ORIENTED_EDGE('',*,*,#4796,.F.);
#4994 = CYLINDRICAL_SURFACE('',#4995,0.3);
#4995 = AXIS2_PLACEMENT_3D('',#4996,#4997,#4998);
#4996 = CARTESIAN_POINT('',(-1.805,10.642234123535,7.5));
#4997 = DIRECTION('',(1.,0.,2.22044604925E-16));
#4998 = DIRECTION('',(-2.22044604925E-16,0.,1.));
#4999 = ADVANCED_FACE('',(#5000),#5011,.F.);
#5000 = FACE_BOUND('',#5001,.T.);
#5001 = EDGE_LOOP('',(#5002,#5003,#5009,#5010));
#5002 = ORIENTED_EDGE('',*,*,#4988,.F.);
#5003 = ORIENTED_EDGE('',*,*,#5004,.T.);
#5004 = EDGE_CURVE('',#4971,#3206,#5005,.T.);
#5005 = LINE('',#5006,#5007);
#5006 = CARTESIAN_POINT('',(-2.005,10.342234123535,-12.));
#5007 = VECTOR('',#5008,1.);
#5008 = DIRECTION('',(2.22044604925E-16,0.,-1.));
#5009 = ORIENTED_EDGE('',*,*,#3205,.F.);
#5010 = ORIENTED_EDGE('',*,*,#4394,.F.);
#5011 = PLANE('',#5012);
#5012 = AXIS2_PLACEMENT_3D('',#5013,#5014,#5015);
#5013 = CARTESIAN_POINT('',(-1.805,10.342234123535,-12.));
#5014 = DIRECTION('',(0.,1.,0.));
#5015 = DIRECTION('',(-1.,0.,-2.22044604925E-16));
#5016 = ADVANCED_FACE('',(#5017),#5033,.F.);
#5017 = FACE_BOUND('',#5018,.T.);
#5018 = EDGE_LOOP('',(#5019,#5020));
#5019 = ORIENTED_EDGE('',*,*,#176,.F.);
#5020 = ORIENTED_EDGE('',*,*,#5021,.F.);
#5021 = EDGE_CURVE('',#169,#160,#5022,.T.);
#5022 = B_SPLINE_CURVE_WITH_KNOTS('',3,(#5023,#5024,#5025,#5026,#5027,
    #5028,#5029,#5030,#5031,#5032),.UNSPECIFIED.,.F.,.F.,(4,2,2,2,4),(0.
    ,0.25,0.5,0.75,1.),.UNSPECIFIED.);
#5023 = CARTESIAN_POINT('',(-3.185000000011,2.600000000001,3.1));
#5024 = CARTESIAN_POINT('',(-3.185000000018,2.600000000002,2.93637538263
    ));
#5025 = CARTESIAN_POINT('',(-3.25235818526,2.600000000002,2.773758338282
    ));
#5026 = CARTESIAN_POINT('',(-3.483758338282,2.600000000002,2.54235818526
    ));
#5027 = CARTESIAN_POINT('',(-3.64637538263,2.600000000002,2.475000000018
    ));
#5028 = CARTESIAN_POINT('',(-3.97362461737,2.600000000002,2.475000000018
    ));
#5029 = CARTESIAN_POINT('',(-4.136241661718,2.600000000002,2.54235818526
    ));
#5030 = CARTESIAN_POINT('',(-4.36764181474,2.600000000002,2.773758338282
    ));
#5031 = CARTESIAN_POINT('',(-4.434999999982,2.600000000002,2.93637538263
    ));
#5032 = CARTESIAN_POINT('',(-4.434999999991,2.600000000001,3.1));
#5033 = PLANE('',#5034);
#5034 = AXIS2_PLACEMENT_3D('',#5035,#5036,#5037);
#5035 = CARTESIAN_POINT('',(-3.81,2.6,3.1));
#5036 = DIRECTION('',(0.,1.,0.));
#5037 = DIRECTION('',(1.,0.,2.22044604925E-16));
#5038 = ADVANCED_FACE('',(#5039),#5051,.F.);
#5039 = FACE_BOUND('',#5040,.F.);
#5040 = EDGE_LOOP('',(#5041,#5048,#5049,#5050));
#5041 = ORIENTED_EDGE('',*,*,#5042,.T.);
#5042 = EDGE_CURVE('',#137,#104,#5043,.T.);
#5043 = CIRCLE('',#5044,1.05);
#5044 = AXIS2_PLACEMENT_3D('',#5045,#5046,#5047);
#5045 = CARTESIAN_POINT('',(-3.81,2.5,3.1));
#5046 = DIRECTION('',(0.,1.,0.));
#5047 = DIRECTION('',(-1.,0.,-2.22044604925E-16));
#5048 = ORIENTED_EDGE('',*,*,#159,.F.);
#5049 = ORIENTED_EDGE('',*,*,#5021,.F.);
#5050 = ORIENTED_EDGE('',*,*,#168,.T.);
#5051 = CONICAL_SURFACE('',#5052,1.050000000046,1.339705659593);
#5052 = AXIS2_PLACEMENT_3D('',#5053,#5054,#5055);
#5053 = CARTESIAN_POINT('',(-3.81,2.499999999984,3.1));
#5054 = DIRECTION('',(0.,-1.,0.));
#5055 = DIRECTION('',(-1.,0.,-2.22044604925E-16));
#5056 = ADVANCED_FACE('',(#5057),#5083,.F.);
#5057 = FACE_BOUND('',#5058,.F.);
#5058 = EDGE_LOOP('',(#5059,#5080,#5081,#5082));
#5059 = ORIENTED_EDGE('',*,*,#5060,.F.);
#5060 = EDGE_CURVE('',#106,#114,#5061,.T.);
#5061 = B_SPLINE_CURVE_WITH_KNOTS('',3,(#5062,#5063,#5064,#5065,#5066,
    #5067,#5068,#5069,#5070,#5071,#5072,#5073,#5074,#5075,#5076,#5077,
    #5078,#5079),.UNSPECIFIED.,.F.,.F.,(4,2,2,2,2,2,2,2,4),(0.,0.125,
    0.25,0.375,0.5,0.625,0.75,0.875,1.),.UNSPECIFIED.);
#5062 = CARTESIAN_POINT('',(-4.86,1.6,3.1));
#5063 = CARTESIAN_POINT('',(-4.86,1.6,2.962555321405));
#5064 = CARTESIAN_POINT('',(-4.832671310502,1.6,2.825164721423));
#5065 = CARTESIAN_POINT('',(-4.727475707772,1.6,2.571200070611));
#5066 = CARTESIAN_POINT('',(-4.649650184518,1.6,2.454725944026));
#5067 = CARTESIAN_POINT('',(-4.455274055974,1.6,2.260349815482));
#5068 = CARTESIAN_POINT('',(-4.338799929389,1.6,2.182524292228));
#5069 = CARTESIAN_POINT('',(-4.084835278577,1.6,2.077328689498));
#5070 = CARTESIAN_POINT('',(-3.947444678595,1.6,2.05));
#5071 = CARTESIAN_POINT('',(-3.672555321405,1.6,2.05));
#5072 = CARTESIAN_POINT('',(-3.535164721423,1.6,2.077328689498));
#5073 = CARTESIAN_POINT('',(-3.281200070611,1.6,2.182524292228));
#5074 = CARTESIAN_POINT('',(-3.164725944026,1.6,2.260349815482));
#5075 = CARTESIAN_POINT('',(-2.970349815482,1.6,2.454725944026));
#5076 = CARTESIAN_POINT('',(-2.892524292228,1.6,2.571200070611));
#5077 = CARTESIAN_POINT('',(-2.787328689498,1.6,2.825164721423));
#5078 = CARTESIAN_POINT('',(-2.76,1.6,2.962555321405));
#5079 = CARTESIAN_POINT('',(-2.76,1.6,3.1));
#5080 = ORIENTED_EDGE('',*,*,#103,.F.);
#5081 = ORIENTED_EDGE('',*,*,#5042,.F.);
#5082 = ORIENTED_EDGE('',*,*,#136,.T.);
#5083 = CYLINDRICAL_SURFACE('',#5084,1.05);
#5084 = AXIS2_PLACEMENT_3D('',#5085,#5086,#5087);
#5085 = CARTESIAN_POINT('',(-3.81,1.6,3.1));
#5086 = DIRECTION('',(0.,-1.,0.));
#5087 = DIRECTION('',(-1.,0.,-2.22044604925E-16));
#5088 = ADVANCED_FACE('',(#5089),#5123,.F.);
#5089 = FACE_BOUND('',#5090,.T.);
#5090 = EDGE_LOOP('',(#5091,#5101,#5109,#5117));
#5091 = ORIENTED_EDGE('',*,*,#5092,.F.);
#5092 = EDGE_CURVE('',#5093,#5095,#5097,.T.);
#5093 = VERTEX_POINT('',#5094);
#5094 = CARTESIAN_POINT('',(-5.59,5.1,4.));
#5095 = VERTEX_POINT('',#5096);
#5096 = CARTESIAN_POINT('',(-5.59,4.9,4.));
#5097 = LINE('',#5098,#5099);
#5098 = CARTESIAN_POINT('',(-5.59,5.4,4.));
#5099 = VECTOR('',#5100,1.);
#5100 = DIRECTION('',(0.,-1.,0.));
#5101 = ORIENTED_EDGE('',*,*,#5102,.F.);
#5102 = EDGE_CURVE('',#5103,#5093,#5105,.T.);
#5103 = VERTEX_POINT('',#5104);
#5104 = CARTESIAN_POINT('',(-5.59,5.1,3.1));
#5105 = LINE('',#5106,#5107);
#5106 = CARTESIAN_POINT('',(-5.59,5.1,4.));
#5107 = VECTOR('',#5108,1.);
#5108 = DIRECTION('',(-2.22044604925E-16,0.,1.));
#5109 = ORIENTED_EDGE('',*,*,#5110,.T.);
#5110 = EDGE_CURVE('',#5103,#5111,#5113,.T.);
#5111 = VERTEX_POINT('',#5112);
#5112 = CARTESIAN_POINT('',(-5.59,4.9,3.1));
#5113 = LINE('',#5114,#5115);
#5114 = CARTESIAN_POINT('',(-5.59,5.4,3.1));
#5115 = VECTOR('',#5116,1.);
#5116 = DIRECTION('',(0.,-1.,0.));
#5117 = ORIENTED_EDGE('',*,*,#5118,.F.);
#5118 = EDGE_CURVE('',#5095,#5111,#5119,.T.);
#5119 = LINE('',#5120,#5121);
#5120 = CARTESIAN_POINT('',(-5.59,4.9,4.));
#5121 = VECTOR('',#5122,1.);
#5122 = DIRECTION('',(2.22044604925E-16,0.,-1.));
#5123 = PLANE('',#5124);
#5124 = AXIS2_PLACEMENT_3D('',#5125,#5126,#5127);
#5125 = CARTESIAN_POINT('',(-5.59,4.9,4.));
#5126 = DIRECTION('',(1.,0.,2.22044604925E-16));
#5127 = DIRECTION('',(2.22044604925E-16,0.,-1.));
#5128 = ADVANCED_FACE('',(#5129),#5165,.F.);
#5129 = FACE_BOUND('',#5130,.F.);
#5130 = EDGE_LOOP('',(#5131,#5141,#5150,#5158));
#5131 = ORIENTED_EDGE('',*,*,#5132,.F.);
#5132 = EDGE_CURVE('',#5133,#5135,#5137,.T.);
#5133 = VERTEX_POINT('',#5134);
#5134 = CARTESIAN_POINT('',(-4.06,3.9,5.30635083269));
#5135 = VERTEX_POINT('',#5136);
#5136 = CARTESIAN_POINT('',(-4.06,1.9,5.30635083269));
#5137 = LINE('',#5138,#5139);
#5138 = CARTESIAN_POINT('',(-4.06,3.9,5.30635083269));
#5139 = VECTOR('',#5140,1.);
#5140 = DIRECTION('',(0.,-1.,0.));
#5141 = ORIENTED_EDGE('',*,*,#5142,.F.);
#5142 = EDGE_CURVE('',#5143,#5133,#5145,.T.);
#5143 = VERTEX_POINT('',#5144);
#5144 = CARTESIAN_POINT('',(-4.135,3.9,5.46247578265));
#5145 = B_SPLINE_CURVE_WITH_KNOTS('',3,(#5146,#5147,#5148,#5149),
  .UNSPECIFIED.,.F.,.F.,(4,4),(0.,1.),.PIECEWISE_BEZIER_KNOTS.);
#5146 = CARTESIAN_POINT('',(-4.135,3.9,5.46247578265));
#5147 = CARTESIAN_POINT('',(-4.088388126293,3.9,5.425156416239));
#5148 = CARTESIAN_POINT('',(-4.06,3.9,5.366061818947));
#5149 = CARTESIAN_POINT('',(-4.06,3.9,5.30635083269));
#5150 = ORIENTED_EDGE('',*,*,#5151,.F.);
#5151 = EDGE_CURVE('',#5152,#5143,#5154,.T.);
#5152 = VERTEX_POINT('',#5153);
#5153 = CARTESIAN_POINT('',(-4.135,1.9,5.46247578265));
#5154 = LINE('',#5155,#5156);
#5155 = CARTESIAN_POINT('',(-4.135,3.9,5.46247578265));
#5156 = VECTOR('',#5157,1.);
#5157 = DIRECTION('',(5.676425099247E-31,1.,-2.556434596176E-15));
#5158 = ORIENTED_EDGE('',*,*,#5159,.F.);
#5159 = EDGE_CURVE('',#5135,#5152,#5160,.T.);
#5160 = B_SPLINE_CURVE_WITH_KNOTS('',3,(#5161,#5162,#5163,#5164),
  .UNSPECIFIED.,.F.,.F.,(4,4),(0.,1.),.PIECEWISE_BEZIER_KNOTS.);
#5161 = CARTESIAN_POINT('',(-4.06,1.9,5.30635083269));
#5162 = CARTESIAN_POINT('',(-4.06,1.9,5.366061818947));
#5163 = CARTESIAN_POINT('',(-4.088388126293,1.9,5.425156416239));
#5164 = CARTESIAN_POINT('',(-4.135,1.9,5.46247578265));
#5165 = CYLINDRICAL_SURFACE('',#5166,0.2);
#5166 = AXIS2_PLACEMENT_3D('',#5167,#5168,#5169);
#5167 = CARTESIAN_POINT('',(-4.26,3.9,5.30635083269));
#5168 = DIRECTION('',(-5.676425099247E-31,-1.,2.556434596176E-15));
#5169 = DIRECTION('',(2.22044604925E-16,-2.556434596176E-15,-1.));
#5170 = ADVANCED_FACE('',(#5171),#5198,.T.);
#5171 = FACE_BOUND('',#5172,.T.);
#5172 = EDGE_LOOP('',(#5173,#5174,#5183,#5191));
#5173 = ORIENTED_EDGE('',*,*,#5151,.F.);
#5174 = ORIENTED_EDGE('',*,*,#5175,.F.);
#5175 = EDGE_CURVE('',#5176,#5152,#5178,.T.);
#5176 = VERTEX_POINT('',#5177);
#5177 = CARTESIAN_POINT('',(-4.21,1.9,5.61860073261));
#5178 = B_SPLINE_CURVE_WITH_KNOTS('',3,(#5179,#5180,#5181,#5182),
  .UNSPECIFIED.,.F.,.F.,(4,4),(0.,1.),.PIECEWISE_BEZIER_KNOTS.);
#5179 = CARTESIAN_POINT('',(-4.21,1.9,5.61860073261));
#5180 = CARTESIAN_POINT('',(-4.209591709434,1.9,5.554745607531));
#5181 = CARTESIAN_POINT('',(-4.184591709434,1.9,5.502703957544));
#5182 = CARTESIAN_POINT('',(-4.135,1.9,5.46247578265));
#5183 = ORIENTED_EDGE('',*,*,#5184,.F.);
#5184 = EDGE_CURVE('',#5185,#5176,#5187,.T.);
#5185 = VERTEX_POINT('',#5186);
#5186 = CARTESIAN_POINT('',(-4.21,3.9,5.61860073261));
#5187 = LINE('',#5188,#5189);
#5188 = CARTESIAN_POINT('',(-4.21,3.9,5.618600732609));
#5189 = VECTOR('',#5190,1.);
#5190 = DIRECTION('',(-5.676425099247E-31,-1.,2.556434596176E-15));
#5191 = ORIENTED_EDGE('',*,*,#5192,.F.);
#5192 = EDGE_CURVE('',#5143,#5185,#5193,.T.);
#5193 = B_SPLINE_CURVE_WITH_KNOTS('',3,(#5194,#5195,#5196,#5197),
  .UNSPECIFIED.,.F.,.F.,(4,4),(0.,1.),.PIECEWISE_BEZIER_KNOTS.);
#5194 = CARTESIAN_POINT('',(-4.135,3.9,5.46247578265));
#5195 = CARTESIAN_POINT('',(-4.184591709434,3.9,5.502703957544));
#5196 = CARTESIAN_POINT('',(-4.209591709434,3.9,5.554745607531));
#5197 = CARTESIAN_POINT('',(-4.21,3.9,5.61860073261));
#5198 = CYLINDRICAL_SURFACE('',#5199,0.2);
#5199 = AXIS2_PLACEMENT_3D('',#5200,#5201,#5202);
#5200 = CARTESIAN_POINT('',(-4.01,3.9,5.61860073261));
#5201 = DIRECTION('',(-5.676425099247E-31,-1.,2.556434596176E-15));
#5202 = DIRECTION('',(2.22044604925E-16,-2.556434596176E-15,-1.));
#5203 = ADVANCED_FACE('',(#5204),#5229,.T.);
#5204 = FACE_BOUND('',#5205,.T.);
#5205 = EDGE_LOOP('',(#5206,#5216,#5222,#5223));
#5206 = ORIENTED_EDGE('',*,*,#5207,.F.);
#5207 = EDGE_CURVE('',#5208,#5210,#5212,.T.);
#5208 = VERTEX_POINT('',#5209);
#5209 = CARTESIAN_POINT('',(-4.21,3.9,6.05));
#5210 = VERTEX_POINT('',#5211);
#5211 = CARTESIAN_POINT('',(-4.21,1.9,6.05));
#5212 = LINE('',#5213,#5214);
#5213 = CARTESIAN_POINT('',(-4.21,3.9,6.05));
#5214 = VECTOR('',#5215,1.);
#5215 = DIRECTION('',(0.,-1.,0.));
#5216 = ORIENTED_EDGE('',*,*,#5217,.F.);
#5217 = EDGE_CURVE('',#5185,#5208,#5218,.T.);
#5218 = LINE('',#5219,#5220);
#5219 = CARTESIAN_POINT('',(-4.21,3.9,5.5));
#5220 = VECTOR('',#5221,1.);
#5221 = DIRECTION('',(-2.22044604925E-16,0.,1.));
#5222 = ORIENTED_EDGE('',*,*,#5184,.T.);
#5223 = ORIENTED_EDGE('',*,*,#5224,.F.);
#5224 = EDGE_CURVE('',#5210,#5176,#5225,.T.);
#5225 = LINE('',#5226,#5227);
#5226 = CARTESIAN_POINT('',(-4.21,1.9,5.5));
#5227 = VECTOR('',#5228,1.);
#5228 = DIRECTION('',(2.22044604925E-16,0.,-1.));
#5229 = PLANE('',#5230);
#5230 = AXIS2_PLACEMENT_3D('',#5231,#5232,#5233);
#5231 = CARTESIAN_POINT('',(-4.21,3.9,5.5));
#5232 = DIRECTION('',(-1.,0.,-2.22044604925E-16));
#5233 = DIRECTION('',(-2.22044604925E-16,0.,1.));
#5234 = ADVANCED_FACE('',(#5235),#5266,.T.);
#5235 = FACE_BOUND('',#5236,.T.);
#5236 = EDGE_LOOP('',(#5237,#5238,#5249,#5257));
#5237 = ORIENTED_EDGE('',*,*,#5207,.T.);
#5238 = ORIENTED_EDGE('',*,*,#5239,.F.);
#5239 = EDGE_CURVE('',#5240,#5210,#5242,.T.);
#5240 = VERTEX_POINT('',#5241);
#5241 = CARTESIAN_POINT('',(-4.01,1.9,6.25));
#5242 = B_SPLINE_CURVE_WITH_KNOTS('',3,(#5243,#5244,#5245,#5246,#5247,
    #5248),.UNSPECIFIED.,.F.,.F.,(4,2,4),(0.,0.5,1.),.UNSPECIFIED.);
#5243 = CARTESIAN_POINT('',(-4.01,1.9,6.25));
#5244 = CARTESIAN_POINT('',(-4.065307271477,1.9,6.249587783238));
#5245 = CARTESIAN_POINT('',(-4.112806802666,1.9,6.229713818064));
#5246 = CARTESIAN_POINT('',(-4.19006025868,1.9,6.1531534072));
#5247 = CARTESIAN_POINT('',(-4.209582415122,1.9,6.106008869656));
#5248 = CARTESIAN_POINT('',(-4.21,1.9,6.05));
#5249 = ORIENTED_EDGE('',*,*,#5250,.F.);
#5250 = EDGE_CURVE('',#5251,#5240,#5253,.T.);
#5251 = VERTEX_POINT('',#5252);
#5252 = CARTESIAN_POINT('',(-4.01,3.9,6.25));
#5253 = LINE('',#5254,#5255);
#5254 = CARTESIAN_POINT('',(-4.01,3.9,6.25));
#5255 = VECTOR('',#5256,1.);
#5256 = DIRECTION('',(-5.676425099247E-31,-1.,2.556434596176E-15));
#5257 = ORIENTED_EDGE('',*,*,#5258,.F.);
#5258 = EDGE_CURVE('',#5208,#5251,#5259,.T.);
#5259 = B_SPLINE_CURVE_WITH_KNOTS('',3,(#5260,#5261,#5262,#5263,#5264,
    #5265),.UNSPECIFIED.,.F.,.F.,(4,2,4),(0.,0.5,1.),.UNSPECIFIED.);
#5260 = CARTESIAN_POINT('',(-4.21,3.9,6.05));
#5261 = CARTESIAN_POINT('',(-4.209582555232,3.9,6.106008714915));
#5262 = CARTESIAN_POINT('',(-4.190415261435,3.9,6.15280157292));
#5263 = CARTESIAN_POINT('',(-4.11245196383,3.9,6.230065488426));
#5264 = CARTESIAN_POINT('',(-4.065307426286,3.9,6.249587644868));
#5265 = CARTESIAN_POINT('',(-4.01,3.9,6.25));
#5266 = CYLINDRICAL_SURFACE('',#5267,0.2);
#5267 = AXIS2_PLACEMENT_3D('',#5268,#5269,#5270);
#5268 = CARTESIAN_POINT('',(-4.01,3.9,6.05));
#5269 = DIRECTION('',(-5.676425099247E-31,-1.,2.556434596176E-15));
#5270 = DIRECTION('',(2.22044604925E-16,-2.556434596176E-15,-1.));
#5271 = ADVANCED_FACE('',(#5272),#5297,.T.);
#5272 = FACE_BOUND('',#5273,.T.);
#5273 = EDGE_LOOP('',(#5274,#5275,#5283,#5291));
#5274 = ORIENTED_EDGE('',*,*,#5250,.T.);
#5275 = ORIENTED_EDGE('',*,*,#5276,.F.);
#5276 = EDGE_CURVE('',#5277,#5240,#5279,.T.);
#5277 = VERTEX_POINT('',#5278);
#5278 = CARTESIAN_POINT('',(-3.61,1.9,6.25));
#5279 = LINE('',#5280,#5281);
#5280 = CARTESIAN_POINT('',(-4.21,1.9,6.25));
#5281 = VECTOR('',#5282,1.);
#5282 = DIRECTION('',(-1.,-5.543383885983E-30,-2.390448949896E-15));
#5283 = ORIENTED_EDGE('',*,*,#5284,.T.);
#5284 = EDGE_CURVE('',#5277,#5285,#5287,.T.);
#5285 = VERTEX_POINT('',#5286);
#5286 = CARTESIAN_POINT('',(-3.61,3.9,6.25));
#5287 = LINE('',#5288,#5289);
#5288 = CARTESIAN_POINT('',(-3.61,3.9,6.25));
#5289 = VECTOR('',#5290,1.);
#5290 = DIRECTION('',(5.676425099247E-31,1.,-2.556434596176E-15));
#5291 = ORIENTED_EDGE('',*,*,#5292,.F.);
#5292 = EDGE_CURVE('',#5251,#5285,#5293,.T.);
#5293 = LINE('',#5294,#5295);
#5294 = CARTESIAN_POINT('',(-4.21,3.9,6.25));
#5295 = VECTOR('',#5296,1.);
#5296 = DIRECTION('',(1.,5.543383885983E-30,2.390448949896E-15));
#5297 = PLANE('',#5298);
#5298 = AXIS2_PLACEMENT_3D('',#5299,#5300,#5301);
#5299 = CARTESIAN_POINT('',(-4.21,3.9,6.25));
#5300 = DIRECTION('',(-2.390448949896E-15,2.556434596176E-15,1.));
#5301 = DIRECTION('',(-5.676425099247E-31,-1.,2.556434596176E-15));
#5302 = ADVANCED_FACE('',(#5303),#5334,.T.);
#5303 = FACE_BOUND('',#5304,.T.);
#5304 = EDGE_LOOP('',(#5305,#5306,#5317,#5325));
#5305 = ORIENTED_EDGE('',*,*,#5284,.F.);
#5306 = ORIENTED_EDGE('',*,*,#5307,.F.);
#5307 = EDGE_CURVE('',#5308,#5277,#5310,.T.);
#5308 = VERTEX_POINT('',#5309);
#5309 = CARTESIAN_POINT('',(-3.41,1.9,6.05));
#5310 = B_SPLINE_CURVE_WITH_KNOTS('',3,(#5311,#5312,#5313,#5314,#5315,
    #5316),.UNSPECIFIED.,.F.,.F.,(4,2,4),(0.,0.5,1.),.UNSPECIFIED.);
#5311 = CARTESIAN_POINT('',(-3.41,1.9,6.05));
#5312 = CARTESIAN_POINT('',(-3.410412216762,1.9,6.105307271477));
#5313 = CARTESIAN_POINT('',(-3.430286181936,1.9,6.152806802666));
#5314 = CARTESIAN_POINT('',(-3.5068465928,1.9,6.23006025868));
#5315 = CARTESIAN_POINT('',(-3.553991130344,1.9,6.249582415122));
#5316 = CARTESIAN_POINT('',(-3.61,1.9,6.25));
#5317 = ORIENTED_EDGE('',*,*,#5318,.T.);
#5318 = EDGE_CURVE('',#5308,#5319,#5321,.T.);
#5319 = VERTEX_POINT('',#5320);
#5320 = CARTESIAN_POINT('',(-3.41,3.9,6.05));
#5321 = LINE('',#5322,#5323);
#5322 = CARTESIAN_POINT('',(-3.41,3.9,6.05));
#5323 = VECTOR('',#5324,1.);
#5324 = DIRECTION('',(0.,1.,0.));
#5325 = ORIENTED_EDGE('',*,*,#5326,.F.);
#5326 = EDGE_CURVE('',#5285,#5319,#5327,.T.);
#5327 = B_SPLINE_CURVE_WITH_KNOTS('',3,(#5328,#5329,#5330,#5331,#5332,
    #5333),.UNSPECIFIED.,.F.,.F.,(4,2,4),(0.,0.5,1.),.UNSPECIFIED.);
#5328 = CARTESIAN_POINT('',(-3.61,3.9,6.25));
#5329 = CARTESIAN_POINT('',(-3.553991285085,3.9,6.249582555232));
#5330 = CARTESIAN_POINT('',(-3.50719842708,3.9,6.230415261435));
#5331 = CARTESIAN_POINT('',(-3.429934511574,3.9,6.15245196383));
#5332 = CARTESIAN_POINT('',(-3.410412355132,3.9,6.105307426286));
#5333 = CARTESIAN_POINT('',(-3.41,3.9,6.05));
#5334 = CYLINDRICAL_SURFACE('',#5335,0.2);
#5335 = AXIS2_PLACEMENT_3D('',#5336,#5337,#5338);
#5336 = CARTESIAN_POINT('',(-3.61,3.9,6.05));
#5337 = DIRECTION('',(-5.676425099247E-31,-1.,2.556434596176E-15));
#5338 = DIRECTION('',(2.22044604925E-16,-2.556434596176E-15,-1.));
#5339 = ADVANCED_FACE('',(#5340),#5365,.T.);
#5340 = FACE_BOUND('',#5341,.T.);
#5341 = EDGE_LOOP('',(#5342,#5343,#5351,#5359));
#5342 = ORIENTED_EDGE('',*,*,#5318,.F.);
#5343 = ORIENTED_EDGE('',*,*,#5344,.F.);
#5344 = EDGE_CURVE('',#5345,#5308,#5347,.T.);
#5345 = VERTEX_POINT('',#5346);
#5346 = CARTESIAN_POINT('',(-3.41,1.9,5.61860073261));
#5347 = LINE('',#5348,#5349);
#5348 = CARTESIAN_POINT('',(-3.41,1.9,6.25));
#5349 = VECTOR('',#5350,1.);
#5350 = DIRECTION('',(-2.22044604925E-16,0.,1.));
#5351 = ORIENTED_EDGE('',*,*,#5352,.T.);
#5352 = EDGE_CURVE('',#5345,#5353,#5355,.T.);
#5353 = VERTEX_POINT('',#5354);
#5354 = CARTESIAN_POINT('',(-3.41,3.9,5.61860073261));
#5355 = LINE('',#5356,#5357);
#5356 = CARTESIAN_POINT('',(-3.41,3.9,5.61860073261));
#5357 = VECTOR('',#5358,1.);
#5358 = DIRECTION('',(5.676425099247E-31,1.,-2.556434596176E-15));
#5359 = ORIENTED_EDGE('',*,*,#5360,.F.);
#5360 = EDGE_CURVE('',#5319,#5353,#5361,.T.);
#5361 = LINE('',#5362,#5363);
#5362 = CARTESIAN_POINT('',(-3.41,3.9,6.25));
#5363 = VECTOR('',#5364,1.);
#5364 = DIRECTION('',(2.22044604925E-16,0.,-1.));
#5365 = PLANE('',#5366);
#5366 = AXIS2_PLACEMENT_3D('',#5367,#5368,#5369);
#5367 = CARTESIAN_POINT('',(-3.41,3.9,6.25));
#5368 = DIRECTION('',(1.,0.,2.22044604925E-16));
#5369 = DIRECTION('',(2.22044604925E-16,0.,-1.));
#5370 = ADVANCED_FACE('',(#5371),#5398,.T.);
#5371 = FACE_BOUND('',#5372,.T.);
#5372 = EDGE_LOOP('',(#5373,#5374,#5383,#5391));
#5373 = ORIENTED_EDGE('',*,*,#5352,.F.);
#5374 = ORIENTED_EDGE('',*,*,#5375,.F.);
#5375 = EDGE_CURVE('',#5376,#5345,#5378,.T.);
#5376 = VERTEX_POINT('',#5377);
#5377 = CARTESIAN_POINT('',(-3.485,1.9,5.46247578265));
#5378 = B_SPLINE_CURVE_WITH_KNOTS('',3,(#5379,#5380,#5381,#5382),
  .UNSPECIFIED.,.F.,.F.,(4,4),(0.,1.),.PIECEWISE_BEZIER_KNOTS.);
#5379 = CARTESIAN_POINT('',(-3.485,1.9,5.46247578265));
#5380 = CARTESIAN_POINT('',(-3.435408290566,1.9,5.502703957544));
#5381 = CARTESIAN_POINT('',(-3.410408290566,1.9,5.554745607531));
#5382 = CARTESIAN_POINT('',(-3.41,1.9,5.61860073261));
#5383 = ORIENTED_EDGE('',*,*,#5384,.F.);
#5384 = EDGE_CURVE('',#5385,#5376,#5387,.T.);
#5385 = VERTEX_POINT('',#5386);
#5386 = CARTESIAN_POINT('',(-3.485,3.9,5.46247578265));
#5387 = LINE('',#5388,#5389);
#5388 = CARTESIAN_POINT('',(-3.485,3.9,5.46247578265));
#5389 = VECTOR('',#5390,1.);
#5390 = DIRECTION('',(-5.676425099247E-31,-1.,2.556434596176E-15));
#5391 = ORIENTED_EDGE('',*,*,#5392,.F.);
#5392 = EDGE_CURVE('',#5353,#5385,#5393,.T.);
#5393 = B_SPLINE_CURVE_WITH_KNOTS('',3,(#5394,#5395,#5396,#5397),
  .UNSPECIFIED.,.F.,.F.,(4,4),(0.,1.),.PIECEWISE_BEZIER_KNOTS.);
#5394 = CARTESIAN_POINT('',(-3.41,3.9,5.61860073261));
#5395 = CARTESIAN_POINT('',(-3.410408290566,3.9,5.554745607531));
#5396 = CARTESIAN_POINT('',(-3.435408290566,3.9,5.502703957544));
#5397 = CARTESIAN_POINT('',(-3.485,3.9,5.46247578265));
#5398 = CYLINDRICAL_SURFACE('',#5399,0.2);
#5399 = AXIS2_PLACEMENT_3D('',#5400,#5401,#5402);
#5400 = CARTESIAN_POINT('',(-3.61,3.9,5.61860073261));
#5401 = DIRECTION('',(-5.676425099247E-31,-1.,2.556434596176E-15));
#5402 = DIRECTION('',(2.22044604925E-16,-2.556434596176E-15,-1.));
#5403 = ADVANCED_FACE('',(#5404),#5431,.F.);
#5404 = FACE_BOUND('',#5405,.F.);
#5405 = EDGE_LOOP('',(#5406,#5416,#5423,#5424));
#5406 = ORIENTED_EDGE('',*,*,#5407,.F.);
#5407 = EDGE_CURVE('',#5408,#5410,#5412,.T.);
#5408 = VERTEX_POINT('',#5409);
#5409 = CARTESIAN_POINT('',(-3.56,1.9,5.30635083269));
#5410 = VERTEX_POINT('',#5411);
#5411 = CARTESIAN_POINT('',(-3.56,3.9,5.30635083269));
#5412 = LINE('',#5413,#5414);
#5413 = CARTESIAN_POINT('',(-3.56,3.9,5.30635083269));
#5414 = VECTOR('',#5415,1.);
#5415 = DIRECTION('',(0.,1.,0.));
#5416 = ORIENTED_EDGE('',*,*,#5417,.T.);
#5417 = EDGE_CURVE('',#5408,#5376,#5418,.T.);
#5418 = B_SPLINE_CURVE_WITH_KNOTS('',3,(#5419,#5420,#5421,#5422),
  .UNSPECIFIED.,.F.,.F.,(4,4),(0.,1.),.PIECEWISE_BEZIER_KNOTS.);
#5419 = CARTESIAN_POINT('',(-3.56,1.9,5.30635083269));
#5420 = CARTESIAN_POINT('',(-3.559591709434,1.9,5.370205957768));
#5421 = CARTESIAN_POINT('',(-3.534591709434,1.9,5.422247607755));
#5422 = CARTESIAN_POINT('',(-3.485,1.9,5.46247578265));
#5423 = ORIENTED_EDGE('',*,*,#5384,.F.);
#5424 = ORIENTED_EDGE('',*,*,#5425,.F.);
#5425 = EDGE_CURVE('',#5410,#5385,#5426,.T.);
#5426 = B_SPLINE_CURVE_WITH_KNOTS('',3,(#5427,#5428,#5429,#5430),
  .UNSPECIFIED.,.F.,.F.,(4,4),(0.,1.),.PIECEWISE_BEZIER_KNOTS.);
#5427 = CARTESIAN_POINT('',(-3.56,3.9,5.30635083269));
#5428 = CARTESIAN_POINT('',(-3.56,3.9,5.366061818947));
#5429 = CARTESIAN_POINT('',(-3.531611873707,3.9,5.425156416239));
#5430 = CARTESIAN_POINT('',(-3.485,3.9,5.46247578265));
#5431 = CYLINDRICAL_SURFACE('',#5432,0.2);
#5432 = AXIS2_PLACEMENT_3D('',#5433,#5434,#5435);
#5433 = CARTESIAN_POINT('',(-3.36,3.9,5.30635083269));
#5434 = DIRECTION('',(-5.676425099247E-31,-1.,2.556434596176E-15));
#5435 = DIRECTION('',(2.22044604925E-16,-2.556434596176E-15,-1.));
#5436 = ADVANCED_FACE('',(#5437,#5441),#5512,.T.);
#5437 = FACE_BOUND('',#5438,.T.);
#5438 = EDGE_LOOP('',(#5439,#5440));
#5439 = ORIENTED_EDGE('',*,*,#113,.F.);
#5440 = ORIENTED_EDGE('',*,*,#5060,.F.);
#5441 = FACE_BOUND('',#5442,.T.);
#5442 = EDGE_LOOP('',(#5443,#5453,#5462,#5473,#5482,#5490,#5498,#5506));
#5443 = ORIENTED_EDGE('',*,*,#5444,.F.);
#5444 = EDGE_CURVE('',#5445,#5447,#5449,.T.);
#5445 = VERTEX_POINT('',#5446);
#5446 = CARTESIAN_POINT('',(-4.849230484541,1.6,1.1));
#5447 = VERTEX_POINT('',#5448);
#5448 = CARTESIAN_POINT('',(-4.962580537058,1.6,1.1));
#5449 = LINE('',#5450,#5451);
#5450 = CARTESIAN_POINT('',(-5.26,1.6,1.1));
#5451 = VECTOR('',#5452,1.);
#5452 = DIRECTION('',(-1.,0.,-2.22044604925E-16));
#5453 = ORIENTED_EDGE('',*,*,#5454,.F.);
#5454 = EDGE_CURVE('',#5455,#5445,#5457,.T.);
#5455 = VERTEX_POINT('',#5456);
#5456 = CARTESIAN_POINT('',(-4.795936613546,1.6,1.115384615381));
#5457 = ( BOUNDED_CURVE() B_SPLINE_CURVE(3,(#5458,#5459,#5460,#5461),
.UNSPECIFIED.,.F.,.F.) B_SPLINE_CURVE_WITH_KNOTS((4,4),(0.,1.),
.PIECEWISE_BEZIER_KNOTS.) CURVE() GEOMETRIC_REPRESENTATION_ITEM() 
RATIONAL_B_SPLINE_CURVE((1.,0.973845948554,0.973845948554,1.)) 
REPRESENTATION_ITEM('') );
#5458 = CARTESIAN_POINT('',(-4.795936613546,1.6,1.115384615381));
#5459 = CARTESIAN_POINT('',(-4.812002183431,1.6,1.105265930547));
#5460 = CARTESIAN_POINT('',(-4.830243901942,1.6,1.1));
#5461 = CARTESIAN_POINT('',(-4.849230484541,1.6,1.1));
#5462 = ORIENTED_EDGE('',*,*,#5463,.T.);
#5463 = EDGE_CURVE('',#5455,#5464,#5466,.T.);
#5464 = VERTEX_POINT('',#5465);
#5465 = CARTESIAN_POINT('',(-2.824063386496,1.6,1.115384615402));
#5466 = B_SPLINE_CURVE_WITH_KNOTS('',3,(#5467,#5468,#5469,#5470,#5471,
    #5472),.UNSPECIFIED.,.F.,.F.,(4,2,4),(0.,0.5,1.),.UNSPECIFIED.);
#5467 = CARTESIAN_POINT('',(-4.795936613546,1.6,1.115384615381));
#5468 = CARTESIAN_POINT('',(-4.498629233025,1.6,1.301966396967));
#5469 = CARTESIAN_POINT('',(-4.159605793915,1.6,1.400100321853));
#5470 = CARTESIAN_POINT('',(-3.460394123952,1.6,1.39989483252));
#5471 = CARTESIAN_POINT('',(-3.120747121106,1.6,1.301575087876));
#5472 = CARTESIAN_POINT('',(-2.824063386496,1.6,1.115384615402));
#5473 = ORIENTED_EDGE('',*,*,#5474,.T.);
#5474 = EDGE_CURVE('',#5464,#5475,#5477,.T.);
#5475 = VERTEX_POINT('',#5476);
#5476 = CARTESIAN_POINT('',(-2.770769515459,1.6,1.1));
#5477 = B_SPLINE_CURVE_WITH_KNOTS('',3,(#5478,#5479,#5480,#5481),
  .UNSPECIFIED.,.F.,.F.,(4,4),(0.,1.),.PIECEWISE_BEZIER_KNOTS.);
#5478 = CARTESIAN_POINT('',(-2.824063386496,1.6,1.115384615402));
#5479 = CARTESIAN_POINT('',(-2.807770142149,1.6,1.10515940284));
#5480 = CARTESIAN_POINT('',(-2.790005518453,1.6,1.100031197697));
#5481 = CARTESIAN_POINT('',(-2.770769515459,1.6,1.1));
#5482 = ORIENTED_EDGE('',*,*,#5483,.F.);
#5483 = EDGE_CURVE('',#5484,#5475,#5486,.T.);
#5484 = VERTEX_POINT('',#5485);
#5485 = CARTESIAN_POINT('',(-2.657419462942,1.6,1.1));
#5486 = LINE('',#5487,#5488);
#5487 = CARTESIAN_POINT('',(-5.26,1.6,1.1));
#5488 = VECTOR('',#5489,1.);
#5489 = DIRECTION('',(-1.,0.,-2.22044604925E-16));
#5490 = ORIENTED_EDGE('',*,*,#5491,.T.);
#5491 = EDGE_CURVE('',#5484,#5492,#5494,.T.);
#5492 = VERTEX_POINT('',#5493);
#5493 = CARTESIAN_POINT('',(-2.657419462942,1.6,4.9));
#5494 = LINE('',#5495,#5496);
#5495 = CARTESIAN_POINT('',(-2.657419462942,1.6,-4.4));
#5496 = VECTOR('',#5497,1.);
#5497 = DIRECTION('',(-2.22044604925E-16,0.,1.));
#5498 = ORIENTED_EDGE('',*,*,#5499,.T.);
#5499 = EDGE_CURVE('',#5492,#5500,#5502,.T.);
#5500 = VERTEX_POINT('',#5501);
#5501 = CARTESIAN_POINT('',(-4.962580537058,1.6,4.9));
#5502 = LINE('',#5503,#5504);
#5503 = CARTESIAN_POINT('',(-5.26,1.6,4.9));
#5504 = VECTOR('',#5505,1.);
#5505 = DIRECTION('',(-1.,0.,-2.22044604925E-16));
#5506 = ORIENTED_EDGE('',*,*,#5507,.T.);
#5507 = EDGE_CURVE('',#5500,#5447,#5508,.T.);
#5508 = LINE('',#5509,#5510);
#5509 = CARTESIAN_POINT('',(-4.962580537058,1.6,0.9));
#5510 = VECTOR('',#5511,1.);
#5511 = DIRECTION('',(2.22044604925E-16,0.,-1.));
#5512 = PLANE('',#5513);
#5513 = AXIS2_PLACEMENT_3D('',#5514,#5515,#5516);
#5514 = CARTESIAN_POINT('',(-5.26,1.6,0.9));
#5515 = DIRECTION('',(0.,-1.,0.));
#5516 = DIRECTION('',(-1.,0.,-2.22044604925E-16));
#5517 = ADVANCED_FACE('',(#5518),#5527,.F.);
#5518 = FACE_BOUND('',#5519,.T.);
#5519 = EDGE_LOOP('',(#5520,#5526));
#5520 = ORIENTED_EDGE('',*,*,#5521,.T.);
#5521 = EDGE_CURVE('',#49,#41,#5522,.T.);
#5522 = LINE('',#5523,#5524);
#5523 = CARTESIAN_POINT('',(-3.81,11.3,6.8));
#5524 = VECTOR('',#5525,1.);
#5525 = DIRECTION('',(-1.,-0.,-3.751788152182E-16));
#5526 = ORIENTED_EDGE('',*,*,#48,.F.);
#5527 = PLANE('',#5528);
#5528 = AXIS2_PLACEMENT_3D('',#5529,#5530,#5531);
#5529 = CARTESIAN_POINT('',(-3.81,11.6,6.8));
#5530 = DIRECTION('',(3.751788152182E-16,0.,-1.));
#5531 = DIRECTION('',(-1.,-0.,-3.751788152182E-16));
#5532 = ADVANCED_FACE('',(#5533),#5544,.T.);
#5533 = FACE_BOUND('',#5534,.T.);
#5534 = EDGE_LOOP('',(#5535,#5541,#5542,#5543));
#5535 = ORIENTED_EDGE('',*,*,#5536,.F.);
#5536 = EDGE_CURVE('',#32,#64,#5537,.T.);
#5537 = LINE('',#5538,#5539);
#5538 = CARTESIAN_POINT('',(-5.81,11.3,6.2));
#5539 = VECTOR('',#5540,1.);
#5540 = DIRECTION('',(1.,0.,2.22044604925E-16));
#5541 = ORIENTED_EDGE('',*,*,#40,.F.);
#5542 = ORIENTED_EDGE('',*,*,#5521,.F.);
#5543 = ORIENTED_EDGE('',*,*,#63,.F.);
#5544 = PLANE('',#5545);
#5545 = AXIS2_PLACEMENT_3D('',#5546,#5547,#5548);
#5546 = CARTESIAN_POINT('',(-5.81,11.3,6.8));
#5547 = DIRECTION('',(-3.209883240645E-31,1.,1.445602896647E-15));
#5548 = DIRECTION('',(-2.22044604925E-16,-1.445602896647E-15,1.));
#5549 = ADVANCED_FACE('',(#5550),#5579,.T.);
#5550 = FACE_BOUND('',#5551,.T.);
#5551 = EDGE_LOOP('',(#5552,#5561,#5569,#5576,#5577,#5578));
#5552 = ORIENTED_EDGE('',*,*,#5553,.F.);
#5553 = EDGE_CURVE('',#5554,#72,#5556,.T.);
#5554 = VERTEX_POINT('',#5555);
#5555 = CARTESIAN_POINT('',(-2.493767091949,11.9,6.2));
#5556 = B_SPLINE_CURVE_WITH_KNOTS('',3,(#5557,#5558,#5559,#5560),
  .UNSPECIFIED.,.F.,.F.,(4,4),(0.,1.),.PIECEWISE_BEZIER_KNOTS.);
#5557 = CARTESIAN_POINT('',(-2.493767091949,11.9,6.2));
#5558 = CARTESIAN_POINT('',(-2.471346032661,11.80167955478,6.2));
#5559 = CARTESIAN_POINT('',(-2.46,11.700841891536,6.2));
#5560 = CARTESIAN_POINT('',(-2.460008330677,11.6,6.2));
#5561 = ORIENTED_EDGE('',*,*,#5562,.T.);
#5562 = EDGE_CURVE('',#5554,#5563,#5565,.T.);
#5563 = VERTEX_POINT('',#5564);
#5564 = CARTESIAN_POINT('',(-5.126236820299,11.9,6.2));
#5565 = LINE('',#5566,#5567);
#5566 = CARTESIAN_POINT('',(-5.81,11.9,6.2));
#5567 = VECTOR('',#5568,1.);
#5568 = DIRECTION('',(-1.,0.,-2.22044604925E-16));
#5569 = ORIENTED_EDGE('',*,*,#5570,.F.);
#5570 = EDGE_CURVE('',#24,#5563,#5571,.T.);
#5571 = B_SPLINE_CURVE_WITH_KNOTS('',3,(#5572,#5573,#5574,#5575),
  .UNSPECIFIED.,.F.,.F.,(4,4),(0.,1.),.PIECEWISE_BEZIER_KNOTS.);
#5572 = CARTESIAN_POINT('',(-5.16,11.6,6.2));
#5573 = CARTESIAN_POINT('',(-5.16,11.700841891536,6.2));
#5574 = CARTESIAN_POINT('',(-5.148653967339,11.80167955478,6.2));
#5575 = CARTESIAN_POINT('',(-5.126236820299,11.9,6.2));
#5576 = ORIENTED_EDGE('',*,*,#31,.F.);
#5577 = ORIENTED_EDGE('',*,*,#5536,.T.);
#5578 = ORIENTED_EDGE('',*,*,#71,.F.);
#5579 = PLANE('',#5580);
#5580 = AXIS2_PLACEMENT_3D('',#5581,#5582,#5583);
#5581 = CARTESIAN_POINT('',(-5.81,11.3,6.2));
#5582 = DIRECTION('',(-2.22044604925E-16,0.,1.));
#5583 = DIRECTION('',(1.,0.,2.22044604925E-16));
#5584 = ADVANCED_FACE('',(#5585),#5610,.T.);
#5585 = FACE_BOUND('',#5586,.T.);
#5586 = EDGE_LOOP('',(#5587,#5597,#5603,#5604));
#5587 = ORIENTED_EDGE('',*,*,#5588,.F.);
#5588 = EDGE_CURVE('',#5589,#5591,#5593,.T.);
#5589 = VERTEX_POINT('',#5590);
#5590 = CARTESIAN_POINT('',(-5.126269300835,11.9,6.8));
#5591 = VERTEX_POINT('',#5592);
#5592 = CARTESIAN_POINT('',(-2.493730698347,11.9,6.8));
#5593 = LINE('',#5594,#5595);
#5594 = CARTESIAN_POINT('',(-3.81,11.9,6.8));
#5595 = VECTOR('',#5596,1.);
#5596 = DIRECTION('',(1.,0.,3.751788152182E-16));
#5597 = ORIENTED_EDGE('',*,*,#5598,.F.);
#5598 = EDGE_CURVE('',#5563,#5589,#5599,.T.);
#5599 = LINE('',#5600,#5601);
#5600 = CARTESIAN_POINT('',(-5.126244658109,11.9,6.2));
#5601 = VECTOR('',#5602,1.);
#5602 = DIRECTION('',(-2.22044604925E-16,0.,1.));
#5603 = ORIENTED_EDGE('',*,*,#5562,.F.);
#5604 = ORIENTED_EDGE('',*,*,#5605,.F.);
#5605 = EDGE_CURVE('',#5591,#5554,#5606,.T.);
#5606 = LINE('',#5607,#5608);
#5607 = CARTESIAN_POINT('',(-2.493755341891,11.9,6.2));
#5608 = VECTOR('',#5609,1.);
#5609 = DIRECTION('',(2.22044604925E-16,0.,-1.));
#5610 = PLANE('',#5611);
#5611 = AXIS2_PLACEMENT_3D('',#5612,#5613,#5614);
#5612 = CARTESIAN_POINT('',(-5.81,11.9,6.2));
#5613 = DIRECTION('',(0.,-1.,0.));
#5614 = DIRECTION('',(-1.,0.,-2.22044604925E-16));
#5615 = ADVANCED_FACE('',(#5616),#5632,.F.);
#5616 = FACE_BOUND('',#5617,.T.);
#5617 = EDGE_LOOP('',(#5618,#5619));
#5618 = ORIENTED_EDGE('',*,*,#5588,.T.);
#5619 = ORIENTED_EDGE('',*,*,#5620,.F.);
#5620 = EDGE_CURVE('',#5589,#5591,#5621,.T.);
#5621 = B_SPLINE_CURVE_WITH_KNOTS('',3,(#5622,#5623,#5624,#5625,#5626,
    #5627,#5628,#5629,#5630,#5631),.UNSPECIFIED.,.F.,.F.,(4,2,2,2,4),(0.
    ,0.25,0.5,0.75,1.),.UNSPECIFIED.);
#5622 = CARTESIAN_POINT('',(-5.126269300835,11.9,6.8));
#5623 = CARTESIAN_POINT('',(-5.058909496384,12.195431823077,6.8));
#5624 = CARTESIAN_POINT('',(-4.888745339832,12.466384717018,6.8));
#5625 = CARTESIAN_POINT('',(-4.415000484216,12.844302374903,6.8));
#5626 = CARTESIAN_POINT('',(-4.113008227761,12.95,6.8));
#5627 = CARTESIAN_POINT('',(-3.506991772239,12.95,6.8));
#5628 = CARTESIAN_POINT('',(-3.204999515784,12.844302374903,6.8));
#5629 = CARTESIAN_POINT('',(-2.731254660168,12.466384717018,6.8));
#5630 = CARTESIAN_POINT('',(-2.561090503616,12.195431823077,6.8));
#5631 = CARTESIAN_POINT('',(-2.493730698347,11.9,6.8));
#5632 = PLANE('',#5633);
#5633 = AXIS2_PLACEMENT_3D('',#5634,#5635,#5636);
#5634 = CARTESIAN_POINT('',(-3.81,11.6,6.8));
#5635 = DIRECTION('',(3.751788152182E-16,0.,-1.));
#5636 = DIRECTION('',(-1.,-0.,-3.751788152182E-16));
#5637 = ADVANCED_FACE('',(#5638),#5668,.T.);
#5638 = FACE_BOUND('',#5639,.T.);
#5639 = EDGE_LOOP('',(#5640,#5641,#5650,#5659));
#5640 = ORIENTED_EDGE('',*,*,#5474,.F.);
#5641 = ORIENTED_EDGE('',*,*,#5642,.T.);
#5642 = EDGE_CURVE('',#5464,#5643,#5645,.T.);
#5643 = VERTEX_POINT('',#5644);
#5644 = CARTESIAN_POINT('',(-2.930651128465,1.8,0.946153846154));
#5645 = CIRCLE('',#5646,0.2);
#5646 = AXIS2_PLACEMENT_3D('',#5647,#5648,#5649);
#5647 = CARTESIAN_POINT('',(-2.824063386461,1.8,1.115384615385));
#5648 = DIRECTION('',(0.846153846154,0.,-0.532938710021));
#5649 = DIRECTION('',(0.532938710021,0.,0.846153846154));
#5650 = ORIENTED_EDGE('',*,*,#5651,.T.);
#5651 = EDGE_CURVE('',#5643,#5652,#5654,.T.);
#5652 = VERTEX_POINT('',#5653);
#5653 = CARTESIAN_POINT('',(-2.770769515459,1.8,0.9));
#5654 = CIRCLE('',#5655,0.3);
#5655 = AXIS2_PLACEMENT_3D('',#5656,#5657,#5658);
#5656 = CARTESIAN_POINT('',(-2.770769515459,1.8,1.2));
#5657 = DIRECTION('',(0.,-1.,0.));
#5658 = DIRECTION('',(1.,0.,2.22044604925E-16));
#5659 = ORIENTED_EDGE('',*,*,#5660,.F.);
#5660 = EDGE_CURVE('',#5475,#5652,#5661,.T.);
#5661 = B_SPLINE_CURVE_WITH_KNOTS('',3,(#5662,#5663,#5664,#5665,#5666,
    #5667),.UNSPECIFIED.,.F.,.F.,(4,2,4),(0.,0.5,1.),.UNSPECIFIED.);
#5662 = CARTESIAN_POINT('',(-2.770769515459,1.6,1.1));
#5663 = CARTESIAN_POINT('',(-2.770769515459,1.6,1.04764012244));
#5664 = CARTESIAN_POINT('',(-2.770769515459,1.621554619278,
    0.995602668247));
#5665 = CARTESIAN_POINT('',(-2.770769515459,1.695602668247,
    0.921554619278));
#5666 = CARTESIAN_POINT('',(-2.770769515459,1.74764012244,0.9));
#5667 = CARTESIAN_POINT('',(-2.770769515459,1.8,0.9));
#5668 = ( BOUNDED_SURFACE() B_SPLINE_SURFACE(3,3,(
    (#5669,#5670,#5671,#5672)
    ,(#5673,#5674,#5675,#5676)
    ,(#5677,#5678,#5679,#5680)
    ,(#5681,#5682,#5683,#5684
)),.UNSPECIFIED.,.F.,.F.,.F.) B_SPLINE_SURFACE_WITH_KNOTS((4,4),(4,4),(
    0.,1.),(0.,1.),.PIECEWISE_BEZIER_KNOTS.) 
GEOMETRIC_REPRESENTATION_ITEM() RATIONAL_B_SPLINE_SURFACE((
    (1.,0.973845948554,0.973845948554,1.)
    ,(0.804737854124,0.783690698887,0.783690698887,0.804737854124)
    ,(0.804737854124,0.783690698887,0.783690698887,0.804737854124)
,(1.,0.973845948554,0.973845948554,1.
))) REPRESENTATION_ITEM('') SURFACE() );
#5669 = CARTESIAN_POINT('',(-2.770769515459,1.8,0.9));
#5670 = CARTESIAN_POINT('',(-2.827729263255,1.8,0.9));
#5671 = CARTESIAN_POINT('',(-2.882454418791,1.8,0.91579779164));
#5672 = CARTESIAN_POINT('',(-2.930651128465,1.8,0.946153846154));
#5673 = CARTESIAN_POINT('',(-2.770769515459,1.682842712475,0.9));
#5674 = CARTESIAN_POINT('',(-2.827729263255,1.682842712475,0.9));
#5675 = CARTESIAN_POINT('',(-2.882454418791,1.682842712475,0.91579779164
    ));
#5676 = CARTESIAN_POINT('',(-2.930651128465,1.682842712475,
    0.946153846154));
#5677 = CARTESIAN_POINT('',(-2.770769515459,1.6,0.982842712475));
#5678 = CARTESIAN_POINT('',(-2.812000263224,1.6,0.982842712475));
#5679 = CARTESIAN_POINT('',(-2.851613484343,1.6,0.994278064413));
#5680 = CARTESIAN_POINT('',(-2.886501040144,1.6,1.01625152594));
#5681 = CARTESIAN_POINT('',(-2.770769515459,1.6,1.1));
#5682 = CARTESIAN_POINT('',(-2.789756098058,1.6,1.1));
#5683 = CARTESIAN_POINT('',(-2.807997816569,1.6,1.105265930547));
#5684 = CARTESIAN_POINT('',(-2.824063386461,1.6,1.115384615385));
#5685 = ADVANCED_FACE('',(#5686),#5706,.T.);
#5686 = FACE_BOUND('',#5687,.T.);
#5687 = EDGE_LOOP('',(#5688,#5689,#5698,#5705));
#5688 = ORIENTED_EDGE('',*,*,#5463,.F.);
#5689 = ORIENTED_EDGE('',*,*,#5690,.F.);
#5690 = EDGE_CURVE('',#5691,#5455,#5693,.T.);
#5691 = VERTEX_POINT('',#5692);
#5692 = CARTESIAN_POINT('',(-4.689348871535,1.8,0.946153846154));
#5693 = ( BOUNDED_CURVE() B_SPLINE_CURVE(3,(#5694,#5695,#5696,#5697),
.UNSPECIFIED.,.F.,.F.) B_SPLINE_CURVE_WITH_KNOTS((4,4),(0.,1.),
.PIECEWISE_BEZIER_KNOTS.) CURVE() GEOMETRIC_REPRESENTATION_ITEM() 
RATIONAL_B_SPLINE_CURVE((1.,0.804737854124,0.804737854124,1.)) 
REPRESENTATION_ITEM('') );
#5694 = CARTESIAN_POINT('',(-4.689348871535,1.8,0.946153846154));
#5695 = CARTESIAN_POINT('',(-4.689348871535,1.682842712475,
    0.946153846154));
#5696 = CARTESIAN_POINT('',(-4.733498959856,1.6,1.01625152594));
#5697 = CARTESIAN_POINT('',(-4.795936613546,1.6,1.115384615381));
#5698 = ORIENTED_EDGE('',*,*,#5699,.F.);
#5699 = EDGE_CURVE('',#5643,#5691,#5700,.T.);
#5700 = CIRCLE('',#5701,1.65);
#5701 = AXIS2_PLACEMENT_3D('',#5702,#5703,#5704);
#5702 = CARTESIAN_POINT('',(-3.81,1.8,-0.45));
#5703 = DIRECTION('',(0.,-1.,0.));
#5704 = DIRECTION('',(1.,0.,2.22044604925E-16));
#5705 = ORIENTED_EDGE('',*,*,#5642,.F.);
#5706 = ( BOUNDED_SURFACE() B_SPLINE_SURFACE(3,3,(
    (#5707,#5708,#5709,#5710)
    ,(#5711,#5712,#5713,#5714)
    ,(#5715,#5716,#5717,#5718)
    ,(#5719,#5720,#5721,#5722
)),.UNSPECIFIED.,.F.,.F.,.F.) B_SPLINE_SURFACE_WITH_KNOTS((4,4),(4,4),(
    0.,1.),(0.,1.),.PIECEWISE_BEZIER_KNOTS.) 
GEOMETRIC_REPRESENTATION_ITEM() RATIONAL_B_SPLINE_SURFACE((
    (1.,0.897435897436,0.897435897436,1.)
    ,(0.804737854124,0.722200638317,0.722200638317,0.804737854124)
    ,(0.804737854124,0.722200638317,0.722200638317,0.804737854124)
,(1.,0.897435897436,0.897435897436,1.
))) REPRESENTATION_ITEM('') SURFACE() );
#5707 = CARTESIAN_POINT('',(-2.930651128465,1.8,0.946153846154));
#5708 = CARTESIAN_POINT('',(-3.483384704858,1.8,1.294285714286));
#5709 = CARTESIAN_POINT('',(-4.136615295142,1.8,1.294285714286));
#5710 = CARTESIAN_POINT('',(-4.689348871535,1.8,0.946153846154));
#5711 = CARTESIAN_POINT('',(-2.930651128465,1.682842712475,
    0.946153846154));
#5712 = CARTESIAN_POINT('',(-3.483384704858,1.682842712475,
    1.294285714286));
#5713 = CARTESIAN_POINT('',(-4.136615295142,1.682842712475,
    1.294285714286));
#5714 = CARTESIAN_POINT('',(-4.689348871535,1.682842712475,
    0.946153846154));
#5715 = CARTESIAN_POINT('',(-2.886501040144,1.6,1.01625152594));
#5716 = CARTESIAN_POINT('',(-3.466986100625,1.6,1.381862296045));
#5717 = CARTESIAN_POINT('',(-4.153013899375,1.6,1.381862296045));
#5718 = CARTESIAN_POINT('',(-4.733498959856,1.6,1.01625152594));
#5719 = CARTESIAN_POINT('',(-2.824063386461,1.6,1.115384615385));
#5720 = CARTESIAN_POINT('',(-3.443794972114,1.6,1.505714285714));
#5721 = CARTESIAN_POINT('',(-4.176205027886,1.6,1.505714285714));
#5722 = CARTESIAN_POINT('',(-4.795936613539,1.6,1.115384615385));
#5723 = ADVANCED_FACE('',(#5724),#5744,.T.);
#5724 = FACE_BOUND('',#5725,.T.);
#5725 = EDGE_LOOP('',(#5726,#5727,#5736,#5743));
#5726 = ORIENTED_EDGE('',*,*,#5454,.T.);
#5727 = ORIENTED_EDGE('',*,*,#5728,.F.);
#5728 = EDGE_CURVE('',#5729,#5445,#5731,.T.);
#5729 = VERTEX_POINT('',#5730);
#5730 = CARTESIAN_POINT('',(-4.849230484541,1.8,0.9));
#5731 = CIRCLE('',#5732,0.2);
#5732 = AXIS2_PLACEMENT_3D('',#5733,#5734,#5735);
#5733 = CARTESIAN_POINT('',(-4.849230484541,1.8,1.1));
#5734 = DIRECTION('',(-1.,1.68753899743E-13,4.407585407762E-14));
#5735 = DIRECTION('',(-4.407585407774E-14,-7.459310946701E-13,-1.));
#5736 = ORIENTED_EDGE('',*,*,#5737,.T.);
#5737 = EDGE_CURVE('',#5729,#5691,#5738,.T.);
#5738 = CIRCLE('',#5739,0.3);
#5739 = AXIS2_PLACEMENT_3D('',#5740,#5741,#5742);
#5740 = CARTESIAN_POINT('',(-4.849230484541,1.8,1.2));
#5741 = DIRECTION('',(0.,-1.,0.));
#5742 = DIRECTION('',(1.,0.,2.22044604925E-16));
#5743 = ORIENTED_EDGE('',*,*,#5690,.T.);
#5744 = ( BOUNDED_SURFACE() B_SPLINE_SURFACE(3,3,(
    (#5745,#5746,#5747,#5748)
    ,(#5749,#5750,#5751,#5752)
    ,(#5753,#5754,#5755,#5756)
    ,(#5757,#5758,#5759,#5760
)),.UNSPECIFIED.,.F.,.F.,.F.) B_SPLINE_SURFACE_WITH_KNOTS((4,4),(4,4),(
    0.,1.),(0.,1.),.PIECEWISE_BEZIER_KNOTS.) 
GEOMETRIC_REPRESENTATION_ITEM() RATIONAL_B_SPLINE_SURFACE((
    (1.,0.973845948554,0.973845948554,1.)
    ,(0.804737854124,0.783690698887,0.783690698887,0.804737854124)
    ,(0.804737854124,0.783690698887,0.783690698887,0.804737854124)
,(1.,0.973845948554,0.973845948554,1.
))) REPRESENTATION_ITEM('') SURFACE() );
#5745 = CARTESIAN_POINT('',(-4.689348871535,1.8,0.946153846154));
#5746 = CARTESIAN_POINT('',(-4.737545581209,1.8,0.91579779164));
#5747 = CARTESIAN_POINT('',(-4.792270736745,1.8,0.9));
#5748 = CARTESIAN_POINT('',(-4.849230484541,1.8,0.9));
#5749 = CARTESIAN_POINT('',(-4.689348871535,1.682842712475,
    0.946153846154));
#5750 = CARTESIAN_POINT('',(-4.737545581209,1.682842712475,0.91579779164
    ));
#5751 = CARTESIAN_POINT('',(-4.792270736745,1.682842712475,0.9));
#5752 = CARTESIAN_POINT('',(-4.849230484541,1.682842712475,0.9));
#5753 = CARTESIAN_POINT('',(-4.733498959856,1.6,1.01625152594));
#5754 = CARTESIAN_POINT('',(-4.768386515658,1.6,0.994278064413));
#5755 = CARTESIAN_POINT('',(-4.807999736776,1.6,0.982842712475));
#5756 = CARTESIAN_POINT('',(-4.849230484541,1.6,0.982842712475));
#5757 = CARTESIAN_POINT('',(-4.795936613539,1.6,1.115384615385));
#5758 = CARTESIAN_POINT('',(-4.812002183431,1.6,1.105265930547));
#5759 = CARTESIAN_POINT('',(-4.830243901942,1.6,1.1));
#5760 = CARTESIAN_POINT('',(-4.849230484541,1.6,1.1));
#5761 = ADVANCED_FACE('',(#5762),#5783,.T.);
#5762 = FACE_BOUND('',#5763,.T.);
#5763 = EDGE_LOOP('',(#5764,#5772,#5773,#5774));
#5764 = ORIENTED_EDGE('',*,*,#5765,.T.);
#5765 = EDGE_CURVE('',#5766,#5729,#5768,.T.);
#5766 = VERTEX_POINT('',#5767);
#5767 = CARTESIAN_POINT('',(-4.962580537058,1.8,0.9));
#5768 = LINE('',#5769,#5770);
#5769 = CARTESIAN_POINT('',(-5.26,1.8,0.9));
#5770 = VECTOR('',#5771,1.);
#5771 = DIRECTION('',(1.,0.,2.22044604925E-16));
#5772 = ORIENTED_EDGE('',*,*,#5728,.T.);
#5773 = ORIENTED_EDGE('',*,*,#5444,.T.);
#5774 = ORIENTED_EDGE('',*,*,#5775,.T.);
#5775 = EDGE_CURVE('',#5447,#5766,#5776,.T.);
#5776 = B_SPLINE_CURVE_WITH_KNOTS('',3,(#5777,#5778,#5779,#5780,#5781,
    #5782),.UNSPECIFIED.,.F.,.F.,(4,2,4),(0.,0.5,1.),.UNSPECIFIED.);
#5777 = CARTESIAN_POINT('',(-4.962580537058,1.6,1.1));
#5778 = CARTESIAN_POINT('',(-4.962580537058,1.6,1.04764012244));
#5779 = CARTESIAN_POINT('',(-4.962580537058,1.621554619278,
    0.995602668247));
#5780 = CARTESIAN_POINT('',(-4.962580537058,1.695602668247,
    0.921554619278));
#5781 = CARTESIAN_POINT('',(-4.962580537058,1.74764012244,0.9));
#5782 = CARTESIAN_POINT('',(-4.962580537058,1.8,0.9));
#5783 = CYLINDRICAL_SURFACE('',#5784,0.2);
#5784 = AXIS2_PLACEMENT_3D('',#5785,#5786,#5787);
#5785 = CARTESIAN_POINT('',(-5.26,1.8,1.1));
#5786 = DIRECTION('',(1.,0.,2.22044604925E-16));
#5787 = DIRECTION('',(2.22044604925E-16,0.,-1.));
#5788 = ADVANCED_FACE('',(#5789),#5808,.T.);
#5789 = FACE_BOUND('',#5790,.T.);
#5790 = EDGE_LOOP('',(#5791,#5800,#5801));
#5791 = ORIENTED_EDGE('',*,*,#5792,.T.);
#5792 = EDGE_CURVE('',#5793,#5766,#5795,.T.);
#5793 = VERTEX_POINT('',#5794);
#5794 = CARTESIAN_POINT('',(-5.16256367294,1.797402816417,1.1));
#5795 = CIRCLE('',#5796,0.2);
#5796 = AXIS2_PLACEMENT_3D('',#5797,#5798,#5799);
#5797 = CARTESIAN_POINT('',(-4.962580537058,1.8,1.1));
#5798 = DIRECTION('',(1.298591791445E-02,-0.999915679413,
    2.883453012904E-18));
#5799 = DIRECTION('',(-0.999915679413,-1.298591791445E-02,
    -2.220258819936E-16));
#5800 = ORIENTED_EDGE('',*,*,#5775,.F.);
#5801 = ORIENTED_EDGE('',*,*,#5802,.T.);
#5802 = EDGE_CURVE('',#5447,#5793,#5803,.T.);
#5803 = CIRCLE('',#5804,0.2);
#5804 = AXIS2_PLACEMENT_3D('',#5805,#5806,#5807);
#5805 = CARTESIAN_POINT('',(-4.962580537058,1.8,1.1));
#5806 = DIRECTION('',(2.22044604925E-16,0.,-1.));
#5807 = DIRECTION('',(1.,0.,2.22044604925E-16));
#5808 = ( BOUNDED_SURFACE() B_SPLINE_SURFACE(3,3,(
    (#5809,#5810,#5811,#5812)
    ,(#5813,#5814,#5815,#5816)
    ,(#5817,#5818,#5819,#5820)
    ,(#5821,#5822,#5823,#5824
)),.UNSPECIFIED.,.F.,.F.,.F.) B_SPLINE_SURFACE_WITH_KNOTS((4,4),(4,4),(
    0.,1.),(0.,1.),.PIECEWISE_BEZIER_KNOTS.) 
GEOMETRIC_REPRESENTATION_ITEM() RATIONAL_B_SPLINE_SURFACE((
    (1.,0.804737854124,0.804737854124,1.)
    ,(0.802511186739,0.645811130327,0.645811130327,0.802511186739)
    ,(0.802511186739,0.645811130327,0.645811130327,0.802511186739)
,(1.,0.804737854124,0.804737854124,1.
))) REPRESENTATION_ITEM('') SURFACE() );
#5809 = CARTESIAN_POINT('',(-5.16256367294,1.797402816417,1.1));
#5810 = CARTESIAN_POINT('',(-5.16256367294,1.797402816417,1.1));
#5811 = CARTESIAN_POINT('',(-5.16256367294,1.797402816417,1.1));
#5812 = CARTESIAN_POINT('',(-5.16256367294,1.797402816417,1.1));
#5813 = CARTESIAN_POINT('',(-5.16256367294,1.797402816417,0.981965328901
    ));
#5814 = CARTESIAN_POINT('',(-5.161665786196,1.728265537105,
    0.981965328901));
#5815 = CARTESIAN_POINT('',(-5.161030884391,1.679378098071,1.0308568905)
  );
#5816 = CARTESIAN_POINT('',(-5.161030884391,1.679378098071,1.1));
#5817 = CARTESIAN_POINT('',(-5.078715244837,1.798491757042,
    0.898896448481));
#5818 = CARTESIAN_POINT('',(-5.07718545523,1.680697957283,0.898896448481
    ));
#5819 = CARTESIAN_POINT('',(-5.076103730624,1.597405162692,
    0.982196266961));
#5820 = CARTESIAN_POINT('',(-5.076103730624,1.597405162692,1.1));
#5821 = CARTESIAN_POINT('',(-4.960695768309,1.800024477516,
    0.900008882578));
#5822 = CARTESIAN_POINT('',(-4.95917444096,1.682882271617,0.900008882578
    ));
#5823 = CARTESIAN_POINT('',(-4.958098700075,1.600050223463,
    0.982847915768));
#5824 = CARTESIAN_POINT('',(-4.958098700075,1.600050223463,1.1));
#5825 = ADVANCED_FACE('',(#5826),#5845,.T.);
#5826 = FACE_BOUND('',#5827,.T.);
#5827 = EDGE_LOOP('',(#5828,#5829,#5830,#5839));
#5828 = ORIENTED_EDGE('',*,*,#5802,.F.);
#5829 = ORIENTED_EDGE('',*,*,#5507,.F.);
#5830 = ORIENTED_EDGE('',*,*,#5831,.F.);
#5831 = EDGE_CURVE('',#5832,#5500,#5834,.T.);
#5832 = VERTEX_POINT('',#5833);
#5833 = CARTESIAN_POINT('',(-5.16256367294,1.797402816417,4.9));
#5834 = CIRCLE('',#5835,0.2);
#5835 = AXIS2_PLACEMENT_3D('',#5836,#5837,#5838);
#5836 = CARTESIAN_POINT('',(-4.962580537058,1.8,4.9));
#5837 = DIRECTION('',(-2.22044604925E-16,0.,1.));
#5838 = DIRECTION('',(1.,0.,2.22044604925E-16));
#5839 = ORIENTED_EDGE('',*,*,#5840,.T.);
#5840 = EDGE_CURVE('',#5832,#5793,#5841,.T.);
#5841 = LINE('',#5842,#5843);
#5842 = CARTESIAN_POINT('',(-5.16256367294,1.797402816417,-4.4));
#5843 = VECTOR('',#5844,1.);
#5844 = DIRECTION('',(2.22044604925E-16,0.,-1.));
#5845 = CYLINDRICAL_SURFACE('',#5846,0.2);
#5846 = AXIS2_PLACEMENT_3D('',#5847,#5848,#5849);
#5847 = CARTESIAN_POINT('',(-4.962580537058,1.8,0.9));
#5848 = DIRECTION('',(-2.22044604925E-16,0.,1.));
#5849 = DIRECTION('',(1.,0.,2.22044604925E-16));
#5850 = ADVANCED_FACE('',(#5851),#5876,.F.);
#5851 = FACE_BOUND('',#5852,.T.);
#5852 = EDGE_LOOP('',(#5853,#5861,#5869,#5875));
#5853 = ORIENTED_EDGE('',*,*,#5854,.T.);
#5854 = EDGE_CURVE('',#5093,#5855,#5857,.T.);
#5855 = VERTEX_POINT('',#5856);
#5856 = CARTESIAN_POINT('',(-5.209350649351,5.4,4.));
#5857 = LINE('',#5858,#5859);
#5858 = CARTESIAN_POINT('',(-5.59,5.1,4.));
#5859 = VECTOR('',#5860,1.);
#5860 = DIRECTION('',(0.785396927414,0.618992460705,1.743931504569E-16)
  );
#5861 = ORIENTED_EDGE('',*,*,#5862,.T.);
#5862 = EDGE_CURVE('',#5855,#5863,#5865,.T.);
#5863 = VERTEX_POINT('',#5864);
#5864 = CARTESIAN_POINT('',(-5.209350649351,5.4,3.1));
#5865 = LINE('',#5866,#5867);
#5866 = CARTESIAN_POINT('',(-5.209350649351,5.4,-4.4));
#5867 = VECTOR('',#5868,1.);
#5868 = DIRECTION('',(2.22044604925E-16,0.,-1.));
#5869 = ORIENTED_EDGE('',*,*,#5870,.T.);
#5870 = EDGE_CURVE('',#5863,#5103,#5871,.T.);
#5871 = LINE('',#5872,#5873);
#5872 = CARTESIAN_POINT('',(-5.209350649351,5.4,3.1));
#5873 = VECTOR('',#5874,1.);
#5874 = DIRECTION('',(-0.785396927414,-0.618992460705,
    -1.743931504569E-16));
#5875 = ORIENTED_EDGE('',*,*,#5102,.T.);
#5876 = PLANE('',#5877);
#5877 = AXIS2_PLACEMENT_3D('',#5878,#5879,#5880);
#5878 = CARTESIAN_POINT('',(-5.59,5.1,4.));
#5879 = DIRECTION('',(0.618992460705,-0.785396927414,1.374439363887E-16)
  );
#5880 = DIRECTION('',(-0.785396927414,-0.618992460705,
    -1.743931504569E-16));
#5881 = ADVANCED_FACE('',(#5882),#5900,.F.);
#5882 = FACE_BOUND('',#5883,.T.);
#5883 = EDGE_LOOP('',(#5884,#5885,#5893,#5899));
#5884 = ORIENTED_EDGE('',*,*,#5092,.T.);
#5885 = ORIENTED_EDGE('',*,*,#5886,.F.);
#5886 = EDGE_CURVE('',#5887,#5095,#5889,.T.);
#5887 = VERTEX_POINT('',#5888);
#5888 = CARTESIAN_POINT('',(-5.18987012987,3.9,4.));
#5889 = LINE('',#5890,#5891);
#5890 = CARTESIAN_POINT('',(-5.18987012987,3.9,4.));
#5891 = VECTOR('',#5892,1.);
#5892 = DIRECTION('',(-0.371494618844,0.92843510714,-8.248837587297E-17)
  );
#5893 = ORIENTED_EDGE('',*,*,#5894,.T.);
#5894 = EDGE_CURVE('',#5887,#5855,#5895,.T.);
#5895 = LINE('',#5896,#5897);
#5896 = CARTESIAN_POINT('',(-5.16,1.6,4.));
#5897 = VECTOR('',#5898,1.);
#5898 = DIRECTION('',(-1.298591791445E-02,0.999915679413,
    -2.883453012904E-18));
#5899 = ORIENTED_EDGE('',*,*,#5854,.F.);
#5900 = PLANE('',#5901);
#5901 = AXIS2_PLACEMENT_3D('',#5902,#5903,#5904);
#5902 = CARTESIAN_POINT('',(-5.209350649351,5.4,4.));
#5903 = DIRECTION('',(2.22044604925E-16,0.,-1.));
#5904 = DIRECTION('',(-1.,0.,-2.22044604925E-16));
#5905 = ADVANCED_FACE('',(#5906),#5924,.F.);
#5906 = FACE_BOUND('',#5907,.T.);
#5907 = EDGE_LOOP('',(#5908,#5909,#5910,#5918));
#5908 = ORIENTED_EDGE('',*,*,#5886,.T.);
#5909 = ORIENTED_EDGE('',*,*,#5118,.T.);
#5910 = ORIENTED_EDGE('',*,*,#5911,.T.);
#5911 = EDGE_CURVE('',#5111,#5912,#5914,.T.);
#5912 = VERTEX_POINT('',#5913);
#5913 = CARTESIAN_POINT('',(-5.18987012987,3.9,3.1));
#5914 = LINE('',#5915,#5916);
#5915 = CARTESIAN_POINT('',(-5.18987012987,3.9,3.1));
#5916 = VECTOR('',#5917,1.);
#5917 = DIRECTION('',(0.371494618844,-0.92843510714,8.248837587297E-17)
  );
#5918 = ORIENTED_EDGE('',*,*,#5919,.T.);
#5919 = EDGE_CURVE('',#5912,#5887,#5920,.T.);
#5920 = LINE('',#5921,#5922);
#5921 = CARTESIAN_POINT('',(-5.18987012987,3.9,-4.4));
#5922 = VECTOR('',#5923,1.);
#5923 = DIRECTION('',(-2.22044604925E-16,0.,1.));
#5924 = PLANE('',#5925);
#5925 = AXIS2_PLACEMENT_3D('',#5926,#5927,#5928);
#5926 = CARTESIAN_POINT('',(-5.18987012987,3.9,4.));
#5927 = DIRECTION('',(0.92843510714,0.371494618844,2.061540065634E-16));
#5928 = DIRECTION('',(0.371494618844,-0.92843510714,8.248837587297E-17)
  );
#5929 = ADVANCED_FACE('',(#5930),#5941,.T.);
#5930 = FACE_BOUND('',#5931,.T.);
#5931 = EDGE_LOOP('',(#5932,#5933,#5934,#5935));
#5932 = ORIENTED_EDGE('',*,*,#5911,.F.);
#5933 = ORIENTED_EDGE('',*,*,#5110,.F.);
#5934 = ORIENTED_EDGE('',*,*,#5870,.F.);
#5935 = ORIENTED_EDGE('',*,*,#5936,.T.);
#5936 = EDGE_CURVE('',#5863,#5912,#5937,.T.);
#5937 = LINE('',#5938,#5939);
#5938 = CARTESIAN_POINT('',(-5.16,1.6,3.1));
#5939 = VECTOR('',#5940,1.);
#5940 = DIRECTION('',(1.298591791445E-02,-0.999915679413,
    2.883453012904E-18));
#5941 = PLANE('',#5942);
#5942 = AXIS2_PLACEMENT_3D('',#5943,#5944,#5945);
#5943 = CARTESIAN_POINT('',(-5.209350649351,5.4,3.1));
#5944 = DIRECTION('',(2.22044604925E-16,0.,-1.));
#5945 = DIRECTION('',(-1.,0.,-2.22044604925E-16));
#5946 = ADVANCED_FACE('',(#5947),#5968,.T.);
#5947 = FACE_BOUND('',#5948,.T.);
#5948 = EDGE_LOOP('',(#5949,#5958,#5959));
#5949 = ORIENTED_EDGE('',*,*,#5950,.T.);
#5950 = EDGE_CURVE('',#5951,#5832,#5953,.T.);
#5951 = VERTEX_POINT('',#5952);
#5952 = CARTESIAN_POINT('',(-4.962580537058,1.8,5.1));
#5953 = CIRCLE('',#5954,0.2);
#5954 = AXIS2_PLACEMENT_3D('',#5955,#5956,#5957);
#5955 = CARTESIAN_POINT('',(-4.962580537058,1.8,4.9));
#5956 = DIRECTION('',(1.298591791445E-02,-0.999915679413,
    2.883453012904E-18));
#5957 = DIRECTION('',(0.999915679413,1.298591791445E-02,
    2.220258819936E-16));
#5958 = ORIENTED_EDGE('',*,*,#5831,.T.);
#5959 = ORIENTED_EDGE('',*,*,#5960,.T.);
#5960 = EDGE_CURVE('',#5500,#5951,#5961,.T.);
#5961 = B_SPLINE_CURVE_WITH_KNOTS('',3,(#5962,#5963,#5964,#5965,#5966,
    #5967),.UNSPECIFIED.,.F.,.F.,(4,2,4),(0.,0.5,1.),.UNSPECIFIED.);
#5962 = CARTESIAN_POINT('',(-4.962580537058,1.6,4.9));
#5963 = CARTESIAN_POINT('',(-4.962147660961,1.6,4.952355462544));
#5964 = CARTESIAN_POINT('',(-4.961994674789,1.621552929639,
    5.004393143549));
#5965 = CARTESIAN_POINT('',(-4.962090523841,1.695600441752,
    5.078443606497));
#5966 = CARTESIAN_POINT('',(-4.962333435583,1.747638916162,5.1));
#5967 = CARTESIAN_POINT('',(-4.962580537058,1.8,5.1));
#5968 = ( BOUNDED_SURFACE() B_SPLINE_SURFACE(3,3,(
    (#5969,#5970,#5971,#5972)
    ,(#5973,#5974,#5975,#5976)
    ,(#5977,#5978,#5979,#5980)
    ,(#5981,#5982,#5983,#5984
)),.UNSPECIFIED.,.F.,.F.,.F.) B_SPLINE_SURFACE_WITH_KNOTS((4,4),(4,4),(
    0.,1.),(0.,1.),.PIECEWISE_BEZIER_KNOTS.) 
GEOMETRIC_REPRESENTATION_ITEM() RATIONAL_B_SPLINE_SURFACE((
    (1.,0.804737854124,0.804737854124,1.)
    ,(0.802511186739,0.645811130327,0.645811130327,0.802511186739)
    ,(0.802511186739,0.645811130327,0.645811130327,0.802511186739)
,(1.,0.804737854124,0.804737854124,1.
))) REPRESENTATION_ITEM('') SURFACE() );
#5969 = CARTESIAN_POINT('',(-5.16256367294,1.797402816417,4.9));
#5970 = CARTESIAN_POINT('',(-5.16256367294,1.797402816417,4.9));
#5971 = CARTESIAN_POINT('',(-5.16256367294,1.797402816417,4.9));
#5972 = CARTESIAN_POINT('',(-5.16256367294,1.797402816417,4.9));
#5973 = CARTESIAN_POINT('',(-5.161030884391,1.679378098071,4.9));
#5974 = CARTESIAN_POINT('',(-5.161030884391,1.679378098071,4.9691431095)
  );
#5975 = CARTESIAN_POINT('',(-5.161665786196,1.728265537105,
    5.018034671099));
#5976 = CARTESIAN_POINT('',(-5.16256367294,1.797402816417,5.018034671099
    ));
#5977 = CARTESIAN_POINT('',(-5.076103730624,1.597405162692,4.9));
#5978 = CARTESIAN_POINT('',(-5.076103730624,1.597405162692,
    5.017803733039));
#5979 = CARTESIAN_POINT('',(-5.07718545523,1.680697957283,5.101103551519
    ));
#5980 = CARTESIAN_POINT('',(-5.078715244837,1.798491757042,
    5.101103551519));
#5981 = CARTESIAN_POINT('',(-4.958098700075,1.600050223463,4.9));
#5982 = CARTESIAN_POINT('',(-4.958098700075,1.600050223463,
    5.017152084232));
#5983 = CARTESIAN_POINT('',(-4.95917444096,1.682882271617,5.099991117422
    ));
#5984 = CARTESIAN_POINT('',(-4.960695768309,1.800024477516,
    5.099991117422));
#5985 = ADVANCED_FACE('',(#5986),#6007,.T.);
#5986 = FACE_BOUND('',#5987,.T.);
#5987 = EDGE_LOOP('',(#5988,#5996,#5997,#5998));
#5988 = ORIENTED_EDGE('',*,*,#5989,.T.);
#5989 = EDGE_CURVE('',#5990,#5951,#5992,.T.);
#5990 = VERTEX_POINT('',#5991);
#5991 = CARTESIAN_POINT('',(-2.657419462942,1.8,5.1));
#5992 = LINE('',#5993,#5994);
#5993 = CARTESIAN_POINT('',(-5.26,1.8,5.1));
#5994 = VECTOR('',#5995,1.);
#5995 = DIRECTION('',(-1.,0.,-2.22044604925E-16));
#5996 = ORIENTED_EDGE('',*,*,#5960,.F.);
#5997 = ORIENTED_EDGE('',*,*,#5499,.F.);
#5998 = ORIENTED_EDGE('',*,*,#5999,.F.);
#5999 = EDGE_CURVE('',#5990,#5492,#6000,.T.);
#6000 = B_SPLINE_CURVE_WITH_KNOTS('',3,(#6001,#6002,#6003,#6004,#6005,
    #6006),.UNSPECIFIED.,.F.,.F.,(4,2,4),(0.,0.5,1.),.UNSPECIFIED.);
#6001 = CARTESIAN_POINT('',(-2.657419462942,1.8,5.1));
#6002 = CARTESIAN_POINT('',(-2.657666564417,1.747638916162,5.1));
#6003 = CARTESIAN_POINT('',(-2.657909476159,1.695600441752,
    5.078443606497));
#6004 = CARTESIAN_POINT('',(-2.658005325211,1.621552929639,
    5.004393143549));
#6005 = CARTESIAN_POINT('',(-2.657852339039,1.6,4.952355462544));
#6006 = CARTESIAN_POINT('',(-2.657419462942,1.6,4.9));
#6007 = CYLINDRICAL_SURFACE('',#6008,0.2);
#6008 = AXIS2_PLACEMENT_3D('',#6009,#6010,#6011);
#6009 = CARTESIAN_POINT('',(-5.26,1.8,4.9));
#6010 = DIRECTION('',(1.,0.,2.22044604925E-16));
#6011 = DIRECTION('',(2.22044604925E-16,0.,-1.));
#6012 = ADVANCED_FACE('',(#6013),#6046,.F.);
#6013 = FACE_BOUND('',#6014,.T.);
#6014 = EDGE_LOOP('',(#6015,#6016,#6017,#6018,#6019,#6020,#6021,#6022,
    #6023,#6024,#6032,#6040));
#6015 = ORIENTED_EDGE('',*,*,#5417,.T.);
#6016 = ORIENTED_EDGE('',*,*,#5375,.T.);
#6017 = ORIENTED_EDGE('',*,*,#5344,.T.);
#6018 = ORIENTED_EDGE('',*,*,#5307,.T.);
#6019 = ORIENTED_EDGE('',*,*,#5276,.T.);
#6020 = ORIENTED_EDGE('',*,*,#5239,.T.);
#6021 = ORIENTED_EDGE('',*,*,#5224,.T.);
#6022 = ORIENTED_EDGE('',*,*,#5175,.T.);
#6023 = ORIENTED_EDGE('',*,*,#5159,.F.);
#6024 = ORIENTED_EDGE('',*,*,#6025,.T.);
#6025 = EDGE_CURVE('',#5135,#6026,#6028,.T.);
#6026 = VERTEX_POINT('',#6027);
#6027 = CARTESIAN_POINT('',(-4.06,1.9,5.1));
#6028 = LINE('',#6029,#6030);
#6029 = CARTESIAN_POINT('',(-4.06,1.9,5.30635083269));
#6030 = VECTOR('',#6031,1.);
#6031 = DIRECTION('',(2.22044604925E-16,0.,-1.));
#6032 = ORIENTED_EDGE('',*,*,#6033,.T.);
#6033 = EDGE_CURVE('',#6026,#6034,#6036,.T.);
#6034 = VERTEX_POINT('',#6035);
#6035 = CARTESIAN_POINT('',(-3.56,1.9,5.1));
#6036 = LINE('',#6037,#6038);
#6037 = CARTESIAN_POINT('',(-5.26,1.9,5.1));
#6038 = VECTOR('',#6039,1.);
#6039 = DIRECTION('',(1.,0.,2.22044604925E-16));
#6040 = ORIENTED_EDGE('',*,*,#6041,.T.);
#6041 = EDGE_CURVE('',#6034,#5408,#6042,.T.);
#6042 = LINE('',#6043,#6044);
#6043 = CARTESIAN_POINT('',(-3.56,1.9,5.30635083269));
#6044 = VECTOR('',#6045,1.);
#6045 = DIRECTION('',(-2.22044604925E-16,0.,1.));
#6046 = PLANE('',#6047);
#6047 = AXIS2_PLACEMENT_3D('',#6048,#6049,#6050);
#6048 = CARTESIAN_POINT('',(-4.26,1.9,5.30635083269));
#6049 = DIRECTION('',(0.,1.,0.));
#6050 = DIRECTION('',(1.,0.,2.22044604925E-16));
#6051 = ADVANCED_FACE('',(#6052),#6070,.T.);
#6052 = FACE_BOUND('',#6053,.T.);
#6053 = EDGE_LOOP('',(#6054,#6055,#6063,#6069));
#6054 = ORIENTED_EDGE('',*,*,#5132,.F.);
#6055 = ORIENTED_EDGE('',*,*,#6056,.T.);
#6056 = EDGE_CURVE('',#5133,#6057,#6059,.T.);
#6057 = VERTEX_POINT('',#6058);
#6058 = CARTESIAN_POINT('',(-4.06,3.9,5.1));
#6059 = LINE('',#6060,#6061);
#6060 = CARTESIAN_POINT('',(-4.06,3.9,5.30635083269));
#6061 = VECTOR('',#6062,1.);
#6062 = DIRECTION('',(2.22044604925E-16,0.,-1.));
#6063 = ORIENTED_EDGE('',*,*,#6064,.T.);
#6064 = EDGE_CURVE('',#6057,#6026,#6065,.T.);
#6065 = LINE('',#6066,#6067);
#6066 = CARTESIAN_POINT('',(-4.06,1.6,5.1));
#6067 = VECTOR('',#6068,1.);
#6068 = DIRECTION('',(0.,-1.,0.));
#6069 = ORIENTED_EDGE('',*,*,#6025,.F.);
#6070 = PLANE('',#6071);
#6071 = AXIS2_PLACEMENT_3D('',#6072,#6073,#6074);
#6072 = CARTESIAN_POINT('',(-4.06,3.9,5.1));
#6073 = DIRECTION('',(-1.,0.,-2.22044604925E-16));
#6074 = DIRECTION('',(-2.22044604925E-16,0.,1.));
#6075 = ADVANCED_FACE('',(#6076),#6102,.T.);
#6076 = FACE_BOUND('',#6077,.T.);
#6077 = EDGE_LOOP('',(#6078,#6086,#6092,#6093,#6094,#6095,#6096,#6097,
    #6098,#6099,#6100,#6101));
#6078 = ORIENTED_EDGE('',*,*,#6079,.F.);
#6079 = EDGE_CURVE('',#6080,#5410,#6082,.T.);
#6080 = VERTEX_POINT('',#6081);
#6081 = CARTESIAN_POINT('',(-3.56,3.9,5.1));
#6082 = LINE('',#6083,#6084);
#6083 = CARTESIAN_POINT('',(-3.56,3.9,5.30635083269));
#6084 = VECTOR('',#6085,1.);
#6085 = DIRECTION('',(-2.22044604925E-16,0.,1.));
#6086 = ORIENTED_EDGE('',*,*,#6087,.T.);
#6087 = EDGE_CURVE('',#6080,#6057,#6088,.T.);
#6088 = LINE('',#6089,#6090);
#6089 = CARTESIAN_POINT('',(-5.26,3.9,5.1));
#6090 = VECTOR('',#6091,1.);
#6091 = DIRECTION('',(-1.,0.,-2.22044604925E-16));
#6092 = ORIENTED_EDGE('',*,*,#6056,.F.);
#6093 = ORIENTED_EDGE('',*,*,#5142,.F.);
#6094 = ORIENTED_EDGE('',*,*,#5192,.T.);
#6095 = ORIENTED_EDGE('',*,*,#5217,.T.);
#6096 = ORIENTED_EDGE('',*,*,#5258,.T.);
#6097 = ORIENTED_EDGE('',*,*,#5292,.T.);
#6098 = ORIENTED_EDGE('',*,*,#5326,.T.);
#6099 = ORIENTED_EDGE('',*,*,#5360,.T.);
#6100 = ORIENTED_EDGE('',*,*,#5392,.T.);
#6101 = ORIENTED_EDGE('',*,*,#5425,.F.);
#6102 = PLANE('',#6103);
#6103 = AXIS2_PLACEMENT_3D('',#6104,#6105,#6106);
#6104 = CARTESIAN_POINT('',(-4.26,3.9,5.30635083269));
#6105 = DIRECTION('',(0.,1.,0.));
#6106 = DIRECTION('',(1.,0.,2.22044604925E-16));
#6107 = ADVANCED_FACE('',(#6108),#6119,.T.);
#6108 = FACE_BOUND('',#6109,.T.);
#6109 = EDGE_LOOP('',(#6110,#6116,#6117,#6118));
#6110 = ORIENTED_EDGE('',*,*,#6111,.T.);
#6111 = EDGE_CURVE('',#6034,#6080,#6112,.T.);
#6112 = LINE('',#6113,#6114);
#6113 = CARTESIAN_POINT('',(-3.56,1.6,5.1));
#6114 = VECTOR('',#6115,1.);
#6115 = DIRECTION('',(0.,1.,0.));
#6116 = ORIENTED_EDGE('',*,*,#6079,.T.);
#6117 = ORIENTED_EDGE('',*,*,#5407,.F.);
#6118 = ORIENTED_EDGE('',*,*,#6041,.F.);
#6119 = PLANE('',#6120);
#6120 = AXIS2_PLACEMENT_3D('',#6121,#6122,#6123);
#6121 = CARTESIAN_POINT('',(-3.56,3.9,5.30635083269));
#6122 = DIRECTION('',(1.,0.,2.22044604925E-16));
#6123 = DIRECTION('',(2.22044604925E-16,0.,-1.));
#6124 = ADVANCED_FACE('',(#6125),#6144,.T.);
#6125 = FACE_BOUND('',#6126,.T.);
#6126 = EDGE_LOOP('',(#6127,#6128,#6137));
#6127 = ORIENTED_EDGE('',*,*,#5999,.T.);
#6128 = ORIENTED_EDGE('',*,*,#6129,.T.);
#6129 = EDGE_CURVE('',#5492,#6130,#6132,.T.);
#6130 = VERTEX_POINT('',#6131);
#6131 = CARTESIAN_POINT('',(-2.45743632706,1.797402816417,4.9));
#6132 = CIRCLE('',#6133,0.2);
#6133 = AXIS2_PLACEMENT_3D('',#6134,#6135,#6136);
#6134 = CARTESIAN_POINT('',(-2.657419462942,1.8,4.9));
#6135 = DIRECTION('',(-2.22044604925E-16,0.,1.));
#6136 = DIRECTION('',(1.,0.,2.22044604925E-16));
#6137 = ORIENTED_EDGE('',*,*,#6138,.T.);
#6138 = EDGE_CURVE('',#6130,#5990,#6139,.T.);
#6139 = CIRCLE('',#6140,0.2);
#6140 = AXIS2_PLACEMENT_3D('',#6141,#6142,#6143);
#6141 = CARTESIAN_POINT('',(-2.657419462942,1.8,4.9));
#6142 = DIRECTION('',(-1.298591791445E-02,-0.999915679413,
    -2.883453012904E-18));
#6143 = DIRECTION('',(-0.999915679413,1.298591791445E-02,
    -2.220258819936E-16));
#6144 = ( BOUNDED_SURFACE() B_SPLINE_SURFACE(3,3,(
    (#6145,#6146,#6147,#6148)
    ,(#6149,#6150,#6151,#6152)
    ,(#6153,#6154,#6155,#6156)
    ,(#6157,#6158,#6159,#6160
)),.UNSPECIFIED.,.F.,.F.,.F.) B_SPLINE_SURFACE_WITH_KNOTS((4,4),(4,4),(
    0.,1.),(0.,1.),.PIECEWISE_BEZIER_KNOTS.) 
GEOMETRIC_REPRESENTATION_ITEM() RATIONAL_B_SPLINE_SURFACE((
    (1.,0.804737854124,0.804737854124,1.)
    ,(0.802511186739,0.645811130327,0.645811130327,0.802511186739)
    ,(0.802511186739,0.645811130327,0.645811130327,0.802511186739)
,(1.,0.804737854124,0.804737854124,1.
))) REPRESENTATION_ITEM('') SURFACE() );
#6145 = CARTESIAN_POINT('',(-2.45743632706,1.797402816417,4.9));
#6146 = CARTESIAN_POINT('',(-2.45743632706,1.797402816417,4.9));
#6147 = CARTESIAN_POINT('',(-2.45743632706,1.797402816417,4.9));
#6148 = CARTESIAN_POINT('',(-2.45743632706,1.797402816417,4.9));
#6149 = CARTESIAN_POINT('',(-2.45743632706,1.797402816417,5.018034671099
    ));
#6150 = CARTESIAN_POINT('',(-2.458334213804,1.728265537105,
    5.018034671099));
#6151 = CARTESIAN_POINT('',(-2.458969115609,1.679378098071,4.9691431095)
  );
#6152 = CARTESIAN_POINT('',(-2.458969115609,1.679378098071,4.9));
#6153 = CARTESIAN_POINT('',(-2.541284755163,1.798491757042,
    5.101103551519));
#6154 = CARTESIAN_POINT('',(-2.54281454477,1.680697957283,5.101103551519
    ));
#6155 = CARTESIAN_POINT('',(-2.543896269376,1.597405162692,
    5.017803733039));
#6156 = CARTESIAN_POINT('',(-2.543896269376,1.597405162692,4.9));
#6157 = CARTESIAN_POINT('',(-2.659304231691,1.800024477516,
    5.099991117422));
#6158 = CARTESIAN_POINT('',(-2.66082555904,1.682882271617,5.099991117422
    ));
#6159 = CARTESIAN_POINT('',(-2.661901299925,1.600050223463,
    5.017152084232));
#6160 = CARTESIAN_POINT('',(-2.661901299925,1.600050223463,4.9));
#6161 = ADVANCED_FACE('',(#6162),#6181,.T.);
#6162 = FACE_BOUND('',#6163,.T.);
#6163 = EDGE_LOOP('',(#6164,#6173,#6179,#6180));
#6164 = ORIENTED_EDGE('',*,*,#6165,.F.);
#6165 = EDGE_CURVE('',#6166,#5484,#6168,.T.);
#6166 = VERTEX_POINT('',#6167);
#6167 = CARTESIAN_POINT('',(-2.45743632706,1.797402816417,1.1));
#6168 = CIRCLE('',#6169,0.2);
#6169 = AXIS2_PLACEMENT_3D('',#6170,#6171,#6172);
#6170 = CARTESIAN_POINT('',(-2.657419462942,1.8,1.1));
#6171 = DIRECTION('',(2.22044604925E-16,0.,-1.));
#6172 = DIRECTION('',(1.,0.,2.22044604925E-16));
#6173 = ORIENTED_EDGE('',*,*,#6174,.T.);
#6174 = EDGE_CURVE('',#6166,#6130,#6175,.T.);
#6175 = LINE('',#6176,#6177);
#6176 = CARTESIAN_POINT('',(-2.45743632706,1.797402816417,-4.4));
#6177 = VECTOR('',#6178,1.);
#6178 = DIRECTION('',(-2.22044604925E-16,0.,1.));
#6179 = ORIENTED_EDGE('',*,*,#6129,.F.);
#6180 = ORIENTED_EDGE('',*,*,#5491,.F.);
#6181 = CYLINDRICAL_SURFACE('',#6182,0.2);
#6182 = AXIS2_PLACEMENT_3D('',#6183,#6184,#6185);
#6183 = CARTESIAN_POINT('',(-2.657419462942,1.8,-4.4));
#6184 = DIRECTION('',(-2.22044604925E-16,0.,1.));
#6185 = DIRECTION('',(1.,0.,2.22044604925E-16));
#6186 = ADVANCED_FACE('',(#6187),#6208,.T.);
#6187 = FACE_BOUND('',#6188,.T.);
#6188 = EDGE_LOOP('',(#6189,#6200,#6207));
#6189 = ORIENTED_EDGE('',*,*,#6190,.F.);
#6190 = EDGE_CURVE('',#6191,#5484,#6193,.T.);
#6191 = VERTEX_POINT('',#6192);
#6192 = CARTESIAN_POINT('',(-2.657419462942,1.8,0.9));
#6193 = B_SPLINE_CURVE_WITH_KNOTS('',3,(#6194,#6195,#6196,#6197,#6198,
    #6199),.UNSPECIFIED.,.F.,.F.,(4,2,4),(0.,0.5,1.),.UNSPECIFIED.);
#6194 = CARTESIAN_POINT('',(-2.657419462942,1.8,0.9));
#6195 = CARTESIAN_POINT('',(-2.657419462942,1.74764012244,0.9));
#6196 = CARTESIAN_POINT('',(-2.657419462942,1.695602668247,
    0.921554619278));
#6197 = CARTESIAN_POINT('',(-2.657419462942,1.621554619278,
    0.995602668247));
#6198 = CARTESIAN_POINT('',(-2.657419462942,1.6,1.04764012244));
#6199 = CARTESIAN_POINT('',(-2.657419462942,1.6,1.1));
#6200 = ORIENTED_EDGE('',*,*,#6201,.T.);
#6201 = EDGE_CURVE('',#6191,#6166,#6202,.T.);
#6202 = CIRCLE('',#6203,0.2);
#6203 = AXIS2_PLACEMENT_3D('',#6204,#6205,#6206);
#6204 = CARTESIAN_POINT('',(-2.657419462942,1.8,1.1));
#6205 = DIRECTION('',(-1.298591791445E-02,-0.999915679413,
    -2.883453012904E-18));
#6206 = DIRECTION('',(0.999915679413,-1.298591791445E-02,
    2.220258819936E-16));
#6207 = ORIENTED_EDGE('',*,*,#6165,.T.);
#6208 = ( BOUNDED_SURFACE() B_SPLINE_SURFACE(3,3,(
    (#6209,#6210,#6211,#6212)
    ,(#6213,#6214,#6215,#6216)
    ,(#6217,#6218,#6219,#6220)
    ,(#6221,#6222,#6223,#6224
)),.UNSPECIFIED.,.F.,.F.,.F.) B_SPLINE_SURFACE_WITH_KNOTS((4,4),(4,4),(
    0.,1.),(0.,1.),.PIECEWISE_BEZIER_KNOTS.) 
GEOMETRIC_REPRESENTATION_ITEM() RATIONAL_B_SPLINE_SURFACE((
    (1.,0.804737854124,0.804737854124,1.)
    ,(0.802511186739,0.645811130327,0.645811130327,0.802511186739)
    ,(0.802511186739,0.645811130327,0.645811130327,0.802511186739)
,(1.,0.804737854124,0.804737854124,1.
))) REPRESENTATION_ITEM('') SURFACE() );
#6209 = CARTESIAN_POINT('',(-2.45743632706,1.797402816417,1.1));
#6210 = CARTESIAN_POINT('',(-2.45743632706,1.797402816417,1.1));
#6211 = CARTESIAN_POINT('',(-2.45743632706,1.797402816417,1.1));
#6212 = CARTESIAN_POINT('',(-2.45743632706,1.797402816417,1.1));
#6213 = CARTESIAN_POINT('',(-2.458969115609,1.679378098071,1.1));
#6214 = CARTESIAN_POINT('',(-2.458969115609,1.679378098071,1.0308568905)
  );
#6215 = CARTESIAN_POINT('',(-2.458334213804,1.728265537105,
    0.981965328901));
#6216 = CARTESIAN_POINT('',(-2.45743632706,1.797402816417,0.981965328901
    ));
#6217 = CARTESIAN_POINT('',(-2.543896269376,1.597405162692,1.1));
#6218 = CARTESIAN_POINT('',(-2.543896269376,1.597405162692,
    0.982196266961));
#6219 = CARTESIAN_POINT('',(-2.54281454477,1.680697957283,0.898896448481
    ));
#6220 = CARTESIAN_POINT('',(-2.541284755163,1.798491757042,
    0.898896448481));
#6221 = CARTESIAN_POINT('',(-2.661901299925,1.600050223463,1.1));
#6222 = CARTESIAN_POINT('',(-2.661901299925,1.600050223463,
    0.982847915768));
#6223 = CARTESIAN_POINT('',(-2.66082555904,1.682882271617,0.900008882578
    ));
#6224 = CARTESIAN_POINT('',(-2.659304231691,1.800024477516,
    0.900008882578));
#6225 = ADVANCED_FACE('',(#6226),#6237,.T.);
#6226 = FACE_BOUND('',#6227,.T.);
#6227 = EDGE_LOOP('',(#6228,#6229,#6230,#6236));
#6228 = ORIENTED_EDGE('',*,*,#5483,.T.);
#6229 = ORIENTED_EDGE('',*,*,#5660,.T.);
#6230 = ORIENTED_EDGE('',*,*,#6231,.T.);
#6231 = EDGE_CURVE('',#5652,#6191,#6232,.T.);
#6232 = LINE('',#6233,#6234);
#6233 = CARTESIAN_POINT('',(-5.26,1.8,0.9));
#6234 = VECTOR('',#6235,1.);
#6235 = DIRECTION('',(1.,0.,2.22044604925E-16));
#6236 = ORIENTED_EDGE('',*,*,#6190,.T.);
#6237 = CYLINDRICAL_SURFACE('',#6238,0.2);
#6238 = AXIS2_PLACEMENT_3D('',#6239,#6240,#6241);
#6239 = CARTESIAN_POINT('',(-5.26,1.8,1.1));
#6240 = DIRECTION('',(1.,0.,2.22044604925E-16));
#6241 = DIRECTION('',(2.22044604925E-16,0.,-1.));
#6242 = ADVANCED_FACE('',(#6243),#6277,.F.);
#6243 = FACE_BOUND('',#6244,.T.);
#6244 = EDGE_LOOP('',(#6245,#6255,#6263,#6271));
#6245 = ORIENTED_EDGE('',*,*,#6246,.T.);
#6246 = EDGE_CURVE('',#6247,#6249,#6251,.T.);
#6247 = VERTEX_POINT('',#6248);
#6248 = CARTESIAN_POINT('',(-2.91,15.,0.675));
#6249 = VERTEX_POINT('',#6250);
#6250 = CARTESIAN_POINT('',(-2.91,15.,-1.925));
#6251 = LINE('',#6252,#6253);
#6252 = CARTESIAN_POINT('',(-2.91,15.,-1.925));
#6253 = VECTOR('',#6254,1.);
#6254 = DIRECTION('',(1.847316848757E-16,1.06608342998E-17,-1.));
#6255 = ORIENTED_EDGE('',*,*,#6256,.T.);
#6256 = EDGE_CURVE('',#6249,#6257,#6259,.T.);
#6257 = VERTEX_POINT('',#6258);
#6258 = CARTESIAN_POINT('',(-4.71,15.,-1.925));
#6259 = LINE('',#6260,#6261);
#6260 = CARTESIAN_POINT('',(-4.71,15.,-1.925));
#6261 = VECTOR('',#6262,1.);
#6262 = DIRECTION('',(-1.,0.,-2.22044604925E-16));
#6263 = ORIENTED_EDGE('',*,*,#6264,.F.);
#6264 = EDGE_CURVE('',#6265,#6257,#6267,.T.);
#6265 = VERTEX_POINT('',#6266);
#6266 = CARTESIAN_POINT('',(-4.71,15.,0.675));
#6267 = LINE('',#6268,#6269);
#6268 = CARTESIAN_POINT('',(-4.71,15.,-2.625));
#6269 = VECTOR('',#6270,1.);
#6270 = DIRECTION('',(2.593575249743E-16,1.06608342998E-17,-1.));
#6271 = ORIENTED_EDGE('',*,*,#6272,.F.);
#6272 = EDGE_CURVE('',#6247,#6265,#6273,.T.);
#6273 = LINE('',#6274,#6275);
#6274 = CARTESIAN_POINT('',(-80.538,15.,0.675));
#6275 = VECTOR('',#6276,1.);
#6276 = DIRECTION('',(-1.,0.,-2.22044604925E-16));
#6277 = PLANE('',#6278);
#6278 = AXIS2_PLACEMENT_3D('',#6279,#6280,#6281);
#6279 = CARTESIAN_POINT('',(190.306,15.,7.19529231285));
#6280 = DIRECTION('',(-9.127630068186E-33,-1.,4.110719137386E-17));
#6281 = DIRECTION('',(2.22044604925E-16,-4.110719137386E-17,-1.));
#6282 = ADVANCED_FACE('',(#6283),#6308,.T.);
#6283 = FACE_BOUND('',#6284,.T.);
#6284 = EDGE_LOOP('',(#6285,#6286,#6294,#6302));
#6285 = ORIENTED_EDGE('',*,*,#3236,.T.);
#6286 = ORIENTED_EDGE('',*,*,#6287,.F.);
#6287 = EDGE_CURVE('',#6288,#3229,#6290,.T.);
#6288 = VERTEX_POINT('',#6289);
#6289 = CARTESIAN_POINT('',(-5.41,9.3,7.5));
#6290 = LINE('',#6291,#6292);
#6291 = CARTESIAN_POINT('',(-5.41,9.3,5.8));
#6292 = VECTOR('',#6293,1.);
#6293 = DIRECTION('',(2.22044604925E-16,4.336808689942E-16,-1.));
#6294 = ORIENTED_EDGE('',*,*,#6295,.F.);
#6295 = EDGE_CURVE('',#6296,#6288,#6298,.T.);
#6296 = VERTEX_POINT('',#6297);
#6297 = CARTESIAN_POINT('',(-6.11,9.3,7.5));
#6298 = LINE('',#6299,#6300);
#6299 = CARTESIAN_POINT('',(-6.11,9.3,7.5));
#6300 = VECTOR('',#6301,1.);
#6301 = DIRECTION('',(1.,0.,2.22044604925E-16));
#6302 = ORIENTED_EDGE('',*,*,#6303,.T.);
#6303 = EDGE_CURVE('',#6296,#3237,#6304,.T.);
#6304 = LINE('',#6305,#6306);
#6305 = CARTESIAN_POINT('',(-6.11,9.3,2.975));
#6306 = VECTOR('',#6307,1.);
#6307 = DIRECTION('',(2.22044604925E-16,0.,-1.));
#6308 = PLANE('',#6309);
#6309 = AXIS2_PLACEMENT_3D('',#6310,#6311,#6312);
#6310 = CARTESIAN_POINT('',(-6.11,9.3,5.8));
#6311 = DIRECTION('',(9.629649721936E-32,-1.,-4.336808689942E-16));
#6312 = DIRECTION('',(2.22044604925E-16,4.336808689942E-16,-1.));
#6313 = ADVANCED_FACE('',(#6314),#6330,.T.);
#6314 = FACE_BOUND('',#6315,.T.);
#6315 = EDGE_LOOP('',(#6316,#6317,#6323,#6324));
#6316 = ORIENTED_EDGE('',*,*,#6246,.F.);
#6317 = ORIENTED_EDGE('',*,*,#6318,.F.);
#6318 = EDGE_CURVE('',#2265,#6247,#6319,.T.);
#6319 = LINE('',#6320,#6321);
#6320 = CARTESIAN_POINT('',(-2.31,17.1,1.875));
#6321 = VECTOR('',#6322,1.);
#6322 = DIRECTION('',(-0.240771706172,-0.8427009716,-0.481543412343));
#6323 = ORIENTED_EDGE('',*,*,#2264,.F.);
#6324 = ORIENTED_EDGE('',*,*,#6325,.F.);
#6325 = EDGE_CURVE('',#6249,#2257,#6326,.T.);
#6326 = LINE('',#6327,#6328);
#6327 = CARTESIAN_POINT('',(-2.91,15.,-1.925));
#6328 = VECTOR('',#6329,1.);
#6329 = DIRECTION('',(0.273576451553,0.957517580434,-9.119215051751E-02)
  );
#6330 = PLANE('',#6331);
#6331 = AXIS2_PLACEMENT_3D('',#6332,#6333,#6334);
#6332 = CARTESIAN_POINT('',(-2.91,15.,-1.925));
#6333 = DIRECTION('',(-0.961523947641,0.274721127897,-1.746951824729E-16
    ));
#6334 = DIRECTION('',(0.274721127897,0.961523947641,6.100034430853E-17)
  );
#6335 = ADVANCED_FACE('',(#6336),#6347,.F.);
#6336 = FACE_BOUND('',#6337,.T.);
#6337 = EDGE_LOOP('',(#6338,#6339,#6340,#6341));
#6338 = ORIENTED_EDGE('',*,*,#2272,.F.);
#6339 = ORIENTED_EDGE('',*,*,#6318,.T.);
#6340 = ORIENTED_EDGE('',*,*,#6272,.T.);
#6341 = ORIENTED_EDGE('',*,*,#6342,.F.);
#6342 = EDGE_CURVE('',#2273,#6265,#6343,.T.);
#6343 = LINE('',#6344,#6345);
#6344 = CARTESIAN_POINT('',(-5.31,17.1,1.875));
#6345 = VECTOR('',#6346,1.);
#6346 = DIRECTION('',(0.240771706172,-0.8427009716,-0.481543412343));
#6347 = PLANE('',#6348);
#6348 = AXIS2_PLACEMENT_3D('',#6349,#6350,#6351);
#6349 = CARTESIAN_POINT('',(-80.538,15.,0.675));
#6350 = DIRECTION('',(-1.927887054719E-16,-0.496138938357,0.868243142124
    ));
#6351 = DIRECTION('',(1.101649745554E-16,-0.868243142124,-0.496138938357
    ));
#6352 = ADVANCED_FACE('',(#6353),#6364,.F.);
#6353 = FACE_BOUND('',#6354,.T.);
#6354 = EDGE_LOOP('',(#6355,#6356,#6357,#6363));
#6355 = ORIENTED_EDGE('',*,*,#6342,.T.);
#6356 = ORIENTED_EDGE('',*,*,#6264,.T.);
#6357 = ORIENTED_EDGE('',*,*,#6358,.T.);
#6358 = EDGE_CURVE('',#6257,#2255,#6359,.T.);
#6359 = LINE('',#6360,#6361);
#6360 = CARTESIAN_POINT('',(-4.71,15.,-1.925));
#6361 = VECTOR('',#6362,1.);
#6362 = DIRECTION('',(-0.273576451553,0.957517580434,-9.119215051751E-02
    ));
#6363 = ORIENTED_EDGE('',*,*,#2280,.F.);
#6364 = PLANE('',#6365);
#6365 = AXIS2_PLACEMENT_3D('',#6366,#6367,#6368);
#6366 = CARTESIAN_POINT('',(-5.31,17.1,-2.625));
#6367 = DIRECTION('',(-0.961523947641,-0.274721127897,
    -2.523072276869E-16));
#6368 = DIRECTION('',(-0.274721127897,0.961523947641,-6.100034430853E-17
    ));
#6369 = ADVANCED_FACE('',(#6370),#6376,.T.);
#6370 = FACE_BOUND('',#6371,.T.);
#6371 = EDGE_LOOP('',(#6372,#6373,#6374,#6375));
#6372 = ORIENTED_EDGE('',*,*,#6358,.F.);
#6373 = ORIENTED_EDGE('',*,*,#6256,.F.);
#6374 = ORIENTED_EDGE('',*,*,#6325,.T.);
#6375 = ORIENTED_EDGE('',*,*,#2254,.F.);
#6376 = PLANE('',#6377);
#6377 = AXIS2_PLACEMENT_3D('',#6378,#6379,#6380);
#6378 = CARTESIAN_POINT('',(-4.71,15.,-1.925));
#6379 = DIRECTION('',(-2.210443989168E-16,9.4809092628E-02,
    0.995495472594));
#6380 = DIRECTION('',(-2.105184751588E-17,-0.995495472594,
    9.4809092628E-02));
#6381 = ADVANCED_FACE('',(#6382),#6406,.T.);
#6382 = FACE_BOUND('',#6383,.T.);
#6383 = EDGE_LOOP('',(#6384,#6385,#6386,#6387,#6388,#6389,#6390,#6391,
    #6392,#6393,#6394,#6395,#6396,#6397,#6404,#6405));
#6384 = ORIENTED_EDGE('',*,*,#2344,.T.);
#6385 = ORIENTED_EDGE('',*,*,#2368,.F.);
#6386 = ORIENTED_EDGE('',*,*,#1962,.T.);
#6387 = ORIENTED_EDGE('',*,*,#2210,.F.);
#6388 = ORIENTED_EDGE('',*,*,#2320,.T.);
#6389 = ORIENTED_EDGE('',*,*,#2295,.F.);
#6390 = ORIENTED_EDGE('',*,*,#1922,.T.);
#6391 = ORIENTED_EDGE('',*,*,#1891,.T.);
#6392 = ORIENTED_EDGE('',*,*,#2392,.T.);
#6393 = ORIENTED_EDGE('',*,*,#2771,.F.);
#6394 = ORIENTED_EDGE('',*,*,#2417,.T.);
#6395 = ORIENTED_EDGE('',*,*,#3244,.T.);
#6396 = ORIENTED_EDGE('',*,*,#6303,.F.);
#6397 = ORIENTED_EDGE('',*,*,#6398,.F.);
#6398 = EDGE_CURVE('',#3352,#6296,#6399,.T.);
#6399 = CIRCLE('',#6400,0.3);
#6400 = AXIS2_PLACEMENT_3D('',#6401,#6402,#6403);
#6401 = CARTESIAN_POINT('',(-6.11,9.6,7.5));
#6402 = DIRECTION('',(1.,-0.,2.22044604925E-16));
#6403 = DIRECTION('',(2.22044604925E-16,0.,-1.));
#6404 = ORIENTED_EDGE('',*,*,#3351,.F.);
#6405 = ORIENTED_EDGE('',*,*,#3093,.T.);
#6406 = PLANE('',#6407);
#6407 = AXIS2_PLACEMENT_3D('',#6408,#6409,#6410);
#6408 = CARTESIAN_POINT('',(-6.11,17.1,2.975));
#6409 = DIRECTION('',(-1.,0.,-2.22044604925E-16));
#6410 = DIRECTION('',(-2.22044604925E-16,0.,1.));
#6411 = ADVANCED_FACE('',(#6412),#6428,.T.);
#6412 = FACE_BOUND('',#6413,.T.);
#6413 = EDGE_LOOP('',(#6414,#6415,#6421,#6422));
#6414 = ORIENTED_EDGE('',*,*,#2904,.F.);
#6415 = ORIENTED_EDGE('',*,*,#6416,.F.);
#6416 = EDGE_CURVE('',#5652,#2897,#6417,.T.);
#6417 = LINE('',#6418,#6419);
#6418 = CARTESIAN_POINT('',(-2.770769515459,1.6,0.9));
#6419 = VECTOR('',#6420,1.);
#6420 = DIRECTION('',(0.,1.,0.));
#6421 = ORIENTED_EDGE('',*,*,#5651,.F.);
#6422 = ORIENTED_EDGE('',*,*,#6423,.F.);
#6423 = EDGE_CURVE('',#2905,#5643,#6424,.T.);
#6424 = LINE('',#6425,#6426);
#6425 = CARTESIAN_POINT('',(-2.930651128465,1.6,0.946153846154));
#6426 = VECTOR('',#6427,1.);
#6427 = DIRECTION('',(0.,-1.,-0.));
#6428 = CYLINDRICAL_SURFACE('',#6429,0.3);
#6429 = AXIS2_PLACEMENT_3D('',#6430,#6431,#6432);
#6430 = CARTESIAN_POINT('',(-2.770769515459,1.6,1.2));
#6431 = DIRECTION('',(0.,1.,0.));
#6432 = DIRECTION('',(1.,0.,2.22044604925E-16));
#6433 = ADVANCED_FACE('',(#6434),#6445,.F.);
#6434 = FACE_BOUND('',#6435,.F.);
#6435 = EDGE_LOOP('',(#6436,#6437,#6443,#6444));
#6436 = ORIENTED_EDGE('',*,*,#2913,.F.);
#6437 = ORIENTED_EDGE('',*,*,#6438,.F.);
#6438 = EDGE_CURVE('',#5691,#2914,#6439,.T.);
#6439 = LINE('',#6440,#6441);
#6440 = CARTESIAN_POINT('',(-4.689348871535,1.6,0.946153846154));
#6441 = VECTOR('',#6442,1.);
#6442 = DIRECTION('',(0.,1.,0.));
#6443 = ORIENTED_EDGE('',*,*,#5699,.F.);
#6444 = ORIENTED_EDGE('',*,*,#6423,.F.);
#6445 = CYLINDRICAL_SURFACE('',#6446,1.65);
#6446 = AXIS2_PLACEMENT_3D('',#6447,#6448,#6449);
#6447 = CARTESIAN_POINT('',(-3.81,1.6,-0.45));
#6448 = DIRECTION('',(0.,1.,0.));
#6449 = DIRECTION('',(1.,0.,2.22044604925E-16));
#6450 = ADVANCED_FACE('',(#6451),#6462,.T.);
#6451 = FACE_BOUND('',#6452,.T.);
#6452 = EDGE_LOOP('',(#6453,#6454,#6455,#6456));
#6453 = ORIENTED_EDGE('',*,*,#2922,.F.);
#6454 = ORIENTED_EDGE('',*,*,#6438,.F.);
#6455 = ORIENTED_EDGE('',*,*,#5737,.F.);
#6456 = ORIENTED_EDGE('',*,*,#6457,.F.);
#6457 = EDGE_CURVE('',#2923,#5729,#6458,.T.);
#6458 = LINE('',#6459,#6460);
#6459 = CARTESIAN_POINT('',(-4.849230484541,1.6,0.9));
#6460 = VECTOR('',#6461,1.);
#6461 = DIRECTION('',(0.,-1.,-0.));
#6462 = CYLINDRICAL_SURFACE('',#6463,0.3);
#6463 = AXIS2_PLACEMENT_3D('',#6464,#6465,#6466);
#6464 = CARTESIAN_POINT('',(-4.849230484541,1.6,1.2));
#6465 = DIRECTION('',(0.,1.,0.));
#6466 = DIRECTION('',(1.,0.,2.22044604925E-16));
#6467 = ADVANCED_FACE('',(#6468),#6479,.T.);
#6468 = FACE_BOUND('',#6469,.T.);
#6469 = EDGE_LOOP('',(#6470,#6471,#6472,#6478));
#6470 = ORIENTED_EDGE('',*,*,#6457,.T.);
#6471 = ORIENTED_EDGE('',*,*,#5765,.F.);
#6472 = ORIENTED_EDGE('',*,*,#6473,.T.);
#6473 = EDGE_CURVE('',#5766,#2932,#6474,.T.);
#6474 = LINE('',#6475,#6476);
#6475 = CARTESIAN_POINT('',(-5.044435076596,8.10279954446,0.9));
#6476 = VECTOR('',#6477,1.);
#6477 = DIRECTION('',(-1.298591791445E-02,0.999915679413,
    -2.883453012904E-18));
#6478 = ORIENTED_EDGE('',*,*,#2931,.F.);
#6479 = PLANE('',#6480);
#6480 = AXIS2_PLACEMENT_3D('',#6481,#6482,#6483);
#6481 = CARTESIAN_POINT('',(-5.26,8.1,0.9));
#6482 = DIRECTION('',(2.22044604925E-16,0.,-1.));
#6483 = DIRECTION('',(-1.,0.,-2.22044604925E-16));
#6484 = ADVANCED_FACE('',(#6485),#6496,.T.);
#6485 = FACE_BOUND('',#6486,.T.);
#6486 = EDGE_LOOP('',(#6487,#6488,#6489,#6495));
#6487 = ORIENTED_EDGE('',*,*,#6473,.F.);
#6488 = ORIENTED_EDGE('',*,*,#5792,.F.);
#6489 = ORIENTED_EDGE('',*,*,#6490,.T.);
#6490 = EDGE_CURVE('',#5793,#2940,#6491,.T.);
#6491 = LINE('',#6492,#6493);
#6492 = CARTESIAN_POINT('',(-5.16,1.6,1.1));
#6493 = VECTOR('',#6494,1.);
#6494 = DIRECTION('',(-1.298591791445E-02,0.999915679413,
    -2.883453012904E-18));
#6495 = ORIENTED_EDGE('',*,*,#2939,.F.);
#6496 = CYLINDRICAL_SURFACE('',#6497,0.2);
#6497 = AXIS2_PLACEMENT_3D('',#6498,#6499,#6500);
#6498 = CARTESIAN_POINT('',(-5.044435076596,8.10279954446,1.1));
#6499 = DIRECTION('',(1.298591791445E-02,-0.999915679413,
    2.883453012904E-18));
#6500 = DIRECTION('',(-0.999915679413,-1.298591791445E-02,
    -2.220258819936E-16));
#6501 = ADVANCED_FACE('',(#6502,#6508),#6519,.T.);
#6502 = FACE_BOUND('',#6503,.T.);
#6503 = EDGE_LOOP('',(#6504,#6505,#6506,#6507));
#6504 = ORIENTED_EDGE('',*,*,#5936,.F.);
#6505 = ORIENTED_EDGE('',*,*,#5862,.F.);
#6506 = ORIENTED_EDGE('',*,*,#5894,.F.);
#6507 = ORIENTED_EDGE('',*,*,#5919,.F.);
#6508 = FACE_BOUND('',#6509,.T.);
#6509 = EDGE_LOOP('',(#6510,#6511,#6512,#6518));
#6510 = ORIENTED_EDGE('',*,*,#6490,.F.);
#6511 = ORIENTED_EDGE('',*,*,#5840,.F.);
#6512 = ORIENTED_EDGE('',*,*,#6513,.F.);
#6513 = EDGE_CURVE('',#2951,#5832,#6514,.T.);
#6514 = LINE('',#6515,#6516);
#6515 = CARTESIAN_POINT('',(-5.16,1.6,4.9));
#6516 = VECTOR('',#6517,1.);
#6517 = DIRECTION('',(1.298591791445E-02,-0.999915679413,
    2.883453012904E-18));
#6518 = ORIENTED_EDGE('',*,*,#2950,.T.);
#6519 = PLANE('',#6520);
#6520 = AXIS2_PLACEMENT_3D('',#6521,#6522,#6523);
#6521 = CARTESIAN_POINT('',(-5.16,1.6,-4.4));
#6522 = DIRECTION('',(-0.999915679413,-1.298591791445E-02,
    -2.220258819936E-16));
#6523 = DIRECTION('',(-1.298591791445E-02,0.999915679413,
    -2.883453012904E-18));
#6524 = ADVANCED_FACE('',(#6525),#6536,.T.);
#6525 = FACE_BOUND('',#6526,.T.);
#6526 = EDGE_LOOP('',(#6527,#6533,#6534,#6535));
#6527 = ORIENTED_EDGE('',*,*,#6528,.T.);
#6528 = EDGE_CURVE('',#5951,#2959,#6529,.T.);
#6529 = LINE('',#6530,#6531);
#6530 = CARTESIAN_POINT('',(-4.962580537058,1.8,5.1));
#6531 = VECTOR('',#6532,1.);
#6532 = DIRECTION('',(-1.298591791445E-02,0.999915679413,
    -2.883453012904E-18));
#6533 = ORIENTED_EDGE('',*,*,#2958,.F.);
#6534 = ORIENTED_EDGE('',*,*,#6513,.T.);
#6535 = ORIENTED_EDGE('',*,*,#5950,.F.);
#6536 = CYLINDRICAL_SURFACE('',#6537,0.2);
#6537 = AXIS2_PLACEMENT_3D('',#6538,#6539,#6540);
#6538 = CARTESIAN_POINT('',(-4.960033727524,1.603895665876,4.9));
#6539 = DIRECTION('',(-1.298591791445E-02,0.999915679413,
    -2.883453012904E-18));
#6540 = DIRECTION('',(0.999915679413,1.298591791445E-02,
    2.220258819936E-16));
#6541 = ADVANCED_FACE('',(#6542,#6548),#6559,.T.);
#6542 = FACE_BOUND('',#6543,.T.);
#6543 = EDGE_LOOP('',(#6544,#6545,#6546,#6547));
#6544 = ORIENTED_EDGE('',*,*,#6111,.F.);
#6545 = ORIENTED_EDGE('',*,*,#6033,.F.);
#6546 = ORIENTED_EDGE('',*,*,#6064,.F.);
#6547 = ORIENTED_EDGE('',*,*,#6087,.F.);
#6548 = FACE_BOUND('',#6549,.T.);
#6549 = EDGE_LOOP('',(#6550,#6556,#6557,#6558));
#6550 = ORIENTED_EDGE('',*,*,#6551,.F.);
#6551 = EDGE_CURVE('',#2970,#5990,#6552,.T.);
#6552 = LINE('',#6553,#6554);
#6553 = CARTESIAN_POINT('',(-2.575601281124,8.1,5.1));
#6554 = VECTOR('',#6555,1.);
#6555 = DIRECTION('',(-1.298591791445E-02,-0.999915679413,
    -2.883453012904E-18));
#6556 = ORIENTED_EDGE('',*,*,#2969,.T.);
#6557 = ORIENTED_EDGE('',*,*,#6528,.F.);
#6558 = ORIENTED_EDGE('',*,*,#5989,.F.);
#6559 = PLANE('',#6560);
#6560 = AXIS2_PLACEMENT_3D('',#6561,#6562,#6563);
#6561 = CARTESIAN_POINT('',(-5.26,1.6,5.1));
#6562 = DIRECTION('',(-2.22044604925E-16,0.,1.));
#6563 = DIRECTION('',(1.,0.,2.22044604925E-16));
#6564 = ADVANCED_FACE('',(#6565),#6576,.T.);
#6565 = FACE_BOUND('',#6566,.T.);
#6566 = EDGE_LOOP('',(#6567,#6568,#6569,#6575));
#6567 = ORIENTED_EDGE('',*,*,#6551,.T.);
#6568 = ORIENTED_EDGE('',*,*,#6138,.F.);
#6569 = ORIENTED_EDGE('',*,*,#6570,.T.);
#6570 = EDGE_CURVE('',#6130,#2978,#6571,.T.);
#6571 = LINE('',#6572,#6573);
#6572 = CARTESIAN_POINT('',(-2.375584415584,8.1,4.9));
#6573 = VECTOR('',#6574,1.);
#6574 = DIRECTION('',(1.298591791445E-02,0.999915679413,
    2.883453012904E-18));
#6575 = ORIENTED_EDGE('',*,*,#2977,.F.);
#6576 = CYLINDRICAL_SURFACE('',#6577,0.2);
#6577 = AXIS2_PLACEMENT_3D('',#6578,#6579,#6580);
#6578 = CARTESIAN_POINT('',(-2.660455311262,1.566239679367,4.9));
#6579 = DIRECTION('',(-1.298591791445E-02,-0.999915679413,
    -2.883453012904E-18));
#6580 = DIRECTION('',(-0.999915679413,1.298591791445E-02,
    -2.220258819936E-16));
#6581 = ADVANCED_FACE('',(#6582),#6593,.T.);
#6582 = FACE_BOUND('',#6583,.T.);
#6583 = EDGE_LOOP('',(#6584,#6585,#6586,#6592));
#6584 = ORIENTED_EDGE('',*,*,#6570,.F.);
#6585 = ORIENTED_EDGE('',*,*,#6174,.F.);
#6586 = ORIENTED_EDGE('',*,*,#6587,.F.);
#6587 = EDGE_CURVE('',#2989,#6166,#6588,.T.);
#6588 = LINE('',#6589,#6590);
#6589 = CARTESIAN_POINT('',(-2.375584415584,8.1,1.1));
#6590 = VECTOR('',#6591,1.);
#6591 = DIRECTION('',(-1.298591791445E-02,-0.999915679413,
    -2.883453012904E-18));
#6592 = ORIENTED_EDGE('',*,*,#2988,.T.);
#6593 = PLANE('',#6594);
#6594 = AXIS2_PLACEMENT_3D('',#6595,#6596,#6597);
#6595 = CARTESIAN_POINT('',(-2.375584415584,8.1,-4.4));
#6596 = DIRECTION('',(0.999915679413,-1.298591791445E-02,
    2.220258819936E-16));
#6597 = DIRECTION('',(-1.298591791445E-02,-0.999915679413,
    -2.883453012904E-18));
#6598 = ADVANCED_FACE('',(#6599),#6610,.T.);
#6599 = FACE_BOUND('',#6600,.T.);
#6600 = EDGE_LOOP('',(#6601,#6607,#6608,#6609));
#6601 = ORIENTED_EDGE('',*,*,#6602,.F.);
#6602 = EDGE_CURVE('',#2895,#6191,#6603,.T.);
#6603 = LINE('',#6604,#6605);
#6604 = CARTESIAN_POINT('',(-2.57605396219,8.065143557951,0.9));
#6605 = VECTOR('',#6606,1.);
#6606 = DIRECTION('',(-1.298591791445E-02,-0.999915679413,
    -2.883453012904E-18));
#6607 = ORIENTED_EDGE('',*,*,#2996,.F.);
#6608 = ORIENTED_EDGE('',*,*,#6587,.T.);
#6609 = ORIENTED_EDGE('',*,*,#6201,.F.);
#6610 = CYLINDRICAL_SURFACE('',#6611,0.2);
#6611 = AXIS2_PLACEMENT_3D('',#6612,#6613,#6614);
#6612 = CARTESIAN_POINT('',(-2.57605396219,8.065143557951,1.1));
#6613 = DIRECTION('',(1.298591791445E-02,0.999915679413,
    2.883453012904E-18));
#6614 = DIRECTION('',(0.999915679413,-1.298591791445E-02,
    2.220258819936E-16));
#6615 = ADVANCED_FACE('',(#6616),#6622,.T.);
#6616 = FACE_BOUND('',#6617,.T.);
#6617 = EDGE_LOOP('',(#6618,#6619,#6620,#6621));
#6618 = ORIENTED_EDGE('',*,*,#2894,.F.);
#6619 = ORIENTED_EDGE('',*,*,#6602,.T.);
#6620 = ORIENTED_EDGE('',*,*,#6231,.F.);
#6621 = ORIENTED_EDGE('',*,*,#6416,.T.);
#6622 = PLANE('',#6623);
#6623 = AXIS2_PLACEMENT_3D('',#6624,#6625,#6626);
#6624 = CARTESIAN_POINT('',(-5.26,8.1,0.9));
#6625 = DIRECTION('',(2.22044604925E-16,0.,-1.));
#6626 = DIRECTION('',(-1.,0.,-2.22044604925E-16));
#6627 = ADVANCED_FACE('',(#6628),#6640,.T.);
#6628 = FACE_BOUND('',#6629,.T.);
#6629 = EDGE_LOOP('',(#6630,#6631,#6638,#6639));
#6630 = ORIENTED_EDGE('',*,*,#6295,.T.);
#6631 = ORIENTED_EDGE('',*,*,#6632,.F.);
#6632 = EDGE_CURVE('',#3360,#6288,#6633,.T.);
#6633 = CIRCLE('',#6634,0.3);
#6634 = AXIS2_PLACEMENT_3D('',#6635,#6636,#6637);
#6635 = CARTESIAN_POINT('',(-5.41,9.6,7.5));
#6636 = DIRECTION('',(1.,-0.,2.22044604925E-16));
#6637 = DIRECTION('',(2.22044604925E-16,0.,-1.));
#6638 = ORIENTED_EDGE('',*,*,#3359,.F.);
#6639 = ORIENTED_EDGE('',*,*,#6398,.T.);
#6640 = CYLINDRICAL_SURFACE('',#6641,0.3);
#6641 = AXIS2_PLACEMENT_3D('',#6642,#6643,#6644);
#6642 = CARTESIAN_POINT('',(-6.11,9.6,7.5));
#6643 = DIRECTION('',(1.,0.,2.22044604925E-16));
#6644 = DIRECTION('',(2.22044604925E-16,0.,-1.));
#6645 = ADVANCED_FACE('',(#6646),#6676,.T.);
#6646 = FACE_BOUND('',#6647,.T.);
#6647 = EDGE_LOOP('',(#6648,#6649,#6658,#6673,#6674,#6675));
#6648 = ORIENTED_EDGE('',*,*,#3228,.F.);
#6649 = ORIENTED_EDGE('',*,*,#6650,.T.);
#6650 = EDGE_CURVE('',#3214,#6651,#6653,.T.);
#6651 = VERTEX_POINT('',#6652);
#6652 = CARTESIAN_POINT('',(-5.41,10.090033112946,7.5));
#6653 = B_SPLINE_CURVE_WITH_KNOTS('',3,(#6654,#6655,#6656,#6657),
  .UNSPECIFIED.,.F.,.F.,(4,4),(0.,1.),.PIECEWISE_BEZIER_KNOTS.);
#6654 = CARTESIAN_POINT('',(-5.41,10.090033112946,5.95));
#6655 = CARTESIAN_POINT('',(-5.41,10.090033112946,6.466666666666));
#6656 = CARTESIAN_POINT('',(-5.41,10.090033112946,6.983333333333));
#6657 = CARTESIAN_POINT('',(-5.41,10.090033112946,7.5));
#6658 = ORIENTED_EDGE('',*,*,#6659,.F.);
#6659 = EDGE_CURVE('',#3368,#6651,#6660,.T.);
#6660 = B_SPLINE_CURVE_WITH_KNOTS('',3,(#6661,#6662,#6663,#6664,#6665,
    #6666,#6667,#6668,#6669,#6670,#6671,#6672),.UNSPECIFIED.,.F.,.F.,(4,
    2,2,2,2,4),(0.,0.25,0.375,0.4375,0.5,1.),.UNSPECIFIED.);
#6661 = CARTESIAN_POINT('',(-5.41,10.575304923404,7.8));
#6662 = CARTESIAN_POINT('',(-5.409989812583,10.517351404738,7.8));
#6663 = CARTESIAN_POINT('',(-5.410007156375,10.46249205522,
    7.795076866818));
#6664 = CARTESIAN_POINT('',(-5.410007368372,10.386642777511,
    7.78035499976));
#6665 = CARTESIAN_POINT('',(-5.410004460417,10.362437308066,
    7.774232673601));
#6666 = CARTESIAN_POINT('',(-5.409998151808,10.327994206442,
    7.763304869819));
#6667 = CARTESIAN_POINT('',(-5.409993931714,10.318961894155,
    7.760256757109));
#6668 = CARTESIAN_POINT('',(-5.409994144294,10.289747499314,
    7.74878547815));
#6669 = CARTESIAN_POINT('',(-5.410004612536,10.275733128496,
    7.742526490893));
#6670 = CARTESIAN_POINT('',(-5.410171862253,10.155417225536,
    7.681706508495));
#6671 = CARTESIAN_POINT('',(-5.411201785546,10.091306556019,
    7.593400164035));
#6672 = CARTESIAN_POINT('',(-5.41,10.090033112946,7.5));
#6673 = ORIENTED_EDGE('',*,*,#3367,.T.);
#6674 = ORIENTED_EDGE('',*,*,#6632,.T.);
#6675 = ORIENTED_EDGE('',*,*,#6287,.T.);
#6676 = PLANE('',#6677);
#6677 = AXIS2_PLACEMENT_3D('',#6678,#6679,#6680);
#6678 = CARTESIAN_POINT('',(-5.41,10.090033112946,-12.));
#6679 = DIRECTION('',(1.,0.,2.22044604925E-16));
#6680 = DIRECTION('',(2.22044604925E-16,0.,-1.));
#6681 = ADVANCED_FACE('',(#6682),#6692,.F.);
#6682 = FACE_BOUND('',#6683,.F.);
#6683 = EDGE_LOOP('',(#6684,#6685,#6686,#6687,#6688,#6689,#6690,#6691));
#6684 = ORIENTED_EDGE('',*,*,#5553,.F.);
#6685 = ORIENTED_EDGE('',*,*,#5605,.F.);
#6686 = ORIENTED_EDGE('',*,*,#5620,.F.);
#6687 = ORIENTED_EDGE('',*,*,#5598,.F.);
#6688 = ORIENTED_EDGE('',*,*,#5570,.F.);
#6689 = ORIENTED_EDGE('',*,*,#21,.F.);
#6690 = ORIENTED_EDGE('',*,*,#3434,.F.);
#6691 = ORIENTED_EDGE('',*,*,#80,.T.);
#6692 = CYLINDRICAL_SURFACE('',#6693,1.35);
#6693 = AXIS2_PLACEMENT_3D('',#6694,#6695,#6696);
#6694 = CARTESIAN_POINT('',(-3.81,11.6,16.7));
#6695 = DIRECTION('',(2.22044604925E-16,0.,-1.));
#6696 = DIRECTION('',(-1.,0.,-2.22044604925E-16));
#6697 = ADVANCED_FACE('',(#6698),#6716,.T.);
#6698 = FACE_BOUND('',#6699,.T.);
#6699 = EDGE_LOOP('',(#6700,#6701,#6702,#6715));
#6700 = ORIENTED_EDGE('',*,*,#3213,.T.);
#6701 = ORIENTED_EDGE('',*,*,#5004,.F.);
#6702 = ORIENTED_EDGE('',*,*,#6703,.T.);
#6703 = EDGE_CURVE('',#4971,#6651,#6704,.T.);
#6704 = B_SPLINE_CURVE_WITH_KNOTS('',3,(#6705,#6706,#6707,#6708,#6709,
    #6710,#6711,#6712,#6713,#6714),.UNSPECIFIED.,.F.,.F.,(4,2,2,2,4),(0.
    ,0.25,0.5,0.75,1.),.UNSPECIFIED.);
#6705 = CARTESIAN_POINT('',(-2.005,10.342234123535,7.5));
#6706 = CARTESIAN_POINT('',(-2.191206532831,10.075012060948,7.5));
#6707 = CARTESIAN_POINT('',(-2.437591293058,9.849978615927,7.5));
#6708 = CARTESIAN_POINT('',(-3.003512615486,9.527402932979,7.5));
#6709 = CARTESIAN_POINT('',(-3.322685607356,9.430067930482,7.5));
#6710 = CARTESIAN_POINT('',(-3.972306162376,9.381951936216,7.5));
#6711 = CARTESIAN_POINT('',(-4.302336383483,9.431201856073,7.5));
#6712 = CARTESIAN_POINT('',(-4.909606495276,9.666881778279,7.5));
#6713 = CARTESIAN_POINT('',(-5.186456251525,9.853160370486,7.5));
#6714 = CARTESIAN_POINT('',(-5.41,10.090033112946,7.5));
#6715 = ORIENTED_EDGE('',*,*,#6650,.F.);
#6716 = CYLINDRICAL_SURFACE('',#6717,2.2);
#6717 = AXIS2_PLACEMENT_3D('',#6718,#6719,#6720);
#6718 = CARTESIAN_POINT('',(-3.81,11.6,-12.));
#6719 = DIRECTION('',(-2.22044604925E-16,0.,1.));
#6720 = DIRECTION('',(1.,0.,2.22044604925E-16));
#6721 = ADVANCED_FACE('',(#6722),#6728,.T.);
#6722 = FACE_BOUND('',#6723,.T.);
#6723 = EDGE_LOOP('',(#6724,#6725,#6726,#6727));
#6724 = ORIENTED_EDGE('',*,*,#6703,.F.);
#6725 = ORIENTED_EDGE('',*,*,#4970,.F.);
#6726 = ORIENTED_EDGE('',*,*,#3375,.T.);
#6727 = ORIENTED_EDGE('',*,*,#6659,.T.);
#6728 = ( BOUNDED_SURFACE() B_SPLINE_SURFACE(3,3,(
    (#6729,#6730,#6731,#6732)
    ,(#6733,#6734,#6735,#6736)
    ,(#6737,#6738,#6739,#6740)
    ,(#6741,#6742,#6743,#6744
)),.UNSPECIFIED.,.F.,.F.,.F.) B_SPLINE_SURFACE_WITH_KNOTS((4,4),(4,4),(
    0.,1.),(0.,1.),.PIECEWISE_BEZIER_KNOTS.) 
GEOMETRIC_REPRESENTATION_ITEM() RATIONAL_B_SPLINE_SURFACE((
    (1.,0.674208259877,0.674208259877,1.)
    ,(0.804737854124,0.542560908286,0.542560908286,0.804737854124)
    ,(0.804737854124,0.542560908286,0.542560908286,0.804737854124)
,(1.,0.674208259877,0.674208259877,1.
))) REPRESENTATION_ITEM('') SURFACE() );
#6729 = CARTESIAN_POINT('',(-5.422444090644,10.595000470374,7.8));
#6730 = CARTESIAN_POINT('',(-4.568413718045,9.224774727045,7.8));
#6731 = CARTESIAN_POINT('',(-2.95417235502,9.258110697089,7.8));
#6732 = CARTESIAN_POINT('',(-2.157439509485,10.662426629437,7.8));
#6733 = CARTESIAN_POINT('',(-5.571583229548,10.502045455488,7.8));
#6734 = CARTESIAN_POINT('',(-4.638561371225,9.005083976855,7.8));
#6735 = CARTESIAN_POINT('',(-2.875014634908,9.041503277289,7.8));
#6736 = CARTESIAN_POINT('',(-2.004589900637,10.575708035002,7.8));
#6737 = CARTESIAN_POINT('',(-5.677040526008,10.436316334117,
    7.675735931288));
#6738 = CARTESIAN_POINT('',(-4.688163252473,8.849739157632,
    7.675735931288));
#6739 = CARTESIAN_POINT('',(-2.819041674233,8.888338701893,
    7.675735931288));
#6740 = CARTESIAN_POINT('',(-1.896508905719,10.514388728822,
    7.675735931288));
#6741 = CARTESIAN_POINT('',(-5.677040526008,10.436316334117,7.5));
#6742 = CARTESIAN_POINT('',(-4.688163252473,8.849739157632,7.5));
#6743 = CARTESIAN_POINT('',(-2.819041674233,8.888338701893,7.5));
#6744 = CARTESIAN_POINT('',(-1.896508905719,10.514388728822,7.5));
#6745 = ( GEOMETRIC_REPRESENTATION_CONTEXT(3) 
GLOBAL_UNCERTAINTY_ASSIGNED_CONTEXT((#6749)) 
GLOBAL_UNIT_ASSIGNED_CONTEXT((#6746,#6747,#6748)) REPRESENTATION_CONTEXT
('Context #1','3D Context with UNIT and UNCERTAINTY') );
#6746 = ( LENGTH_UNIT() NAMED_UNIT(*) SI_UNIT(.MILLI.,.METRE.) );
#6747 = ( NAMED_UNIT(*) PLANE_ANGLE_UNIT() SI_UNIT($,.RADIAN.) );
#6748 = ( NAMED_UNIT(*) SI_UNIT($,.STERADIAN.) SOLID_ANGLE_UNIT() );
#6749 = UNCERTAINTY_MEASURE_WITH_UNIT(LENGTH_MEASURE(2.E-04),#6746,
  'distance_accuracy_value','confusion accuracy');
#6750 = PRODUCT_RELATED_PRODUCT_CATEGORY('part',$,(#7));
#6751 = MECHANICAL_DESIGN_GEOMETRIC_PRESENTATION_REPRESENTATION('',(
    #6752,#6760,#6767,#6774,#6781,#6788,#6795,#6802,#6809,#6816,#6823,
    #6830,#6837,#6844,#6851,#6858,#6865,#6872,#6879,#6886,#6893,#6900,
    #6907,#6914,#6922,#6929,#6936,#6943,#6950,#6957,#6964,#6971,#6978,
    #6985,#6992,#6999,#7006,#7013,#7020,#7027,#7034,#7041,#7048,#7055,
    #7062,#7069,#7076,#7083,#7090,#7097,#7104,#7111,#7118,#7125,#7132,
    #7139,#7146,#7153,#7160,#7167,#7174,#7181,#7188,#7195,#7202,#7209,
    #7216,#7223,#7230,#7237,#7244,#7251,#7258,#7265,#7272,#7279,#7286,
    #7293,#7300,#7307,#7314,#7321,#7328,#7335,#7342,#7349,#7356,#7363,
    #7370,#7377,#7384,#7391,#7398,#7405,#7412,#7419,#7426,#7433,#7440,
    #7447,#7454,#7461,#7468,#7475,#7482,#7489,#7496,#7503,#7510,#7517,
    #7524,#7531,#7538,#7545,#7552,#7559,#7566,#7573,#7580,#7587,#7594,
    #7601,#7608,#7615,#7622,#7629,#7636,#7643,#7650,#7657,#7664,#7671,
    #7678,#7685,#7692,#7699,#7706,#7713,#7720,#7727,#7734,#7741,#7748,
    #7755,#7762,#7769,#7776,#7783,#7790,#7797,#7804,#7811,#7818,#7825,
    #7832,#7839,#7846,#7853,#7860,#7867,#7874,#7881,#7888,#7895,#7902,
    #7909,#7916,#7923,#7930,#7937,#7944,#7951,#7958,#7965,#7972,#7979,
    #7986,#7993,#8000,#8007,#8014,#8021,#8028,#8035,#8042,#8049,#8056,
    #8063,#8070,#8077,#8084,#8091,#8098,#8105,#8112,#8119,#8126,#8133,
    #8140,#8147,#8154,#8161,#8168,#8175,#8182,#8189,#8196),#6745);
#6752 = STYLED_ITEM('color',(#6753),#17);
#6753 = PRESENTATION_STYLE_ASSIGNMENT((#6754));
#6754 = SURFACE_STYLE_USAGE(.BOTH.,#6755);
#6755 = SURFACE_SIDE_STYLE('',(#6756));
#6756 = SURFACE_STYLE_FILL_AREA(#6757);
#6757 = FILL_AREA_STYLE('',(#6758));
#6758 = FILL_AREA_STYLE_COLOUR('',#6759);
#6759 = COLOUR_RGB('',0.286274523946,0.643137266454,0.866666664203);
#6760 = STYLED_ITEM('color',(#6761),#99);
#6761 = PRESENTATION_STYLE_ASSIGNMENT((#6762));
#6762 = SURFACE_STYLE_USAGE(.BOTH.,#6763);
#6763 = SURFACE_SIDE_STYLE('',(#6764));
#6764 = SURFACE_STYLE_FILL_AREA(#6765);
#6765 = FILL_AREA_STYLE('',(#6766));
#6766 = FILL_AREA_STYLE_COLOUR('',#6759);
#6767 = STYLED_ITEM('color',(#6768),#155);
#6768 = PRESENTATION_STYLE_ASSIGNMENT((#6769));
#6769 = SURFACE_STYLE_USAGE(.BOTH.,#6770);
#6770 = SURFACE_SIDE_STYLE('',(#6771));
#6771 = SURFACE_STYLE_FILL_AREA(#6772);
#6772 = FILL_AREA_STYLE('',(#6773));
#6773 = FILL_AREA_STYLE_COLOUR('',#6759);
#6774 = STYLED_ITEM('color',(#6775),#193);
#6775 = PRESENTATION_STYLE_ASSIGNMENT((#6776));
#6776 = SURFACE_STYLE_USAGE(.BOTH.,#6777);
#6777 = SURFACE_SIDE_STYLE('',(#6778));
#6778 = SURFACE_STYLE_FILL_AREA(#6779);
#6779 = FILL_AREA_STYLE('',(#6780));
#6780 = FILL_AREA_STYLE_COLOUR('',#6759);
#6781 = STYLED_ITEM('color',(#6782),#283);
#6782 = PRESENTATION_STYLE_ASSIGNMENT((#6783));
#6783 = SURFACE_STYLE_USAGE(.BOTH.,#6784);
#6784 = SURFACE_SIDE_STYLE('',(#6785));
#6785 = SURFACE_STYLE_FILL_AREA(#6786);
#6786 = FILL_AREA_STYLE('',(#6787));
#6787 = FILL_AREA_STYLE_COLOUR('',#6759);
#6788 = STYLED_ITEM('color',(#6789),#339);
#6789 = PRESENTATION_STYLE_ASSIGNMENT((#6790));
#6790 = SURFACE_STYLE_USAGE(.BOTH.,#6791);
#6791 = SURFACE_SIDE_STYLE('',(#6792));
#6792 = SURFACE_STYLE_FILL_AREA(#6793);
#6793 = FILL_AREA_STYLE('',(#6794));
#6794 = FILL_AREA_STYLE_COLOUR('',#6759);
#6795 = STYLED_ITEM('color',(#6796),#379);
#6796 = PRESENTATION_STYLE_ASSIGNMENT((#6797));
#6797 = SURFACE_STYLE_USAGE(.BOTH.,#6798);
#6798 = SURFACE_SIDE_STYLE('',(#6799));
#6799 = SURFACE_STYLE_FILL_AREA(#6800);
#6800 = FILL_AREA_STYLE('',(#6801));
#6801 = FILL_AREA_STYLE_COLOUR('',#6759);
#6802 = STYLED_ITEM('color',(#6803),#469);
#6803 = PRESENTATION_STYLE_ASSIGNMENT((#6804));
#6804 = SURFACE_STYLE_USAGE(.BOTH.,#6805);
#6805 = SURFACE_SIDE_STYLE('',(#6806));
#6806 = SURFACE_STYLE_FILL_AREA(#6807);
#6807 = FILL_AREA_STYLE('',(#6808));
#6808 = FILL_AREA_STYLE_COLOUR('',#6759);
#6809 = STYLED_ITEM('color',(#6810),#525);
#6810 = PRESENTATION_STYLE_ASSIGNMENT((#6811));
#6811 = SURFACE_STYLE_USAGE(.BOTH.,#6812);
#6812 = SURFACE_SIDE_STYLE('',(#6813));
#6813 = SURFACE_STYLE_FILL_AREA(#6814);
#6814 = FILL_AREA_STYLE('',(#6815));
#6815 = FILL_AREA_STYLE_COLOUR('',#6759);
#6816 = STYLED_ITEM('color',(#6817),#565);
#6817 = PRESENTATION_STYLE_ASSIGNMENT((#6818));
#6818 = SURFACE_STYLE_USAGE(.BOTH.,#6819);
#6819 = SURFACE_SIDE_STYLE('',(#6820));
#6820 = SURFACE_STYLE_FILL_AREA(#6821);
#6821 = FILL_AREA_STYLE('',(#6822));
#6822 = FILL_AREA_STYLE_COLOUR('',#6759);
#6823 = STYLED_ITEM('color',(#6824),#589);
#6824 = PRESENTATION_STYLE_ASSIGNMENT((#6825));
#6825 = SURFACE_STYLE_USAGE(.BOTH.,#6826);
#6826 = SURFACE_SIDE_STYLE('',(#6827));
#6827 = SURFACE_STYLE_FILL_AREA(#6828);
#6828 = FILL_AREA_STYLE('',(#6829));
#6829 = FILL_AREA_STYLE_COLOUR('',#6759);
#6830 = STYLED_ITEM('color',(#6831),#607);
#6831 = PRESENTATION_STYLE_ASSIGNMENT((#6832));
#6832 = SURFACE_STYLE_USAGE(.BOTH.,#6833);
#6833 = SURFACE_SIDE_STYLE('',(#6834));
#6834 = SURFACE_STYLE_FILL_AREA(#6835);
#6835 = FILL_AREA_STYLE('',(#6836));
#6836 = FILL_AREA_STYLE_COLOUR('',#6759);
#6837 = STYLED_ITEM('color',(#6838),#639);
#6838 = PRESENTATION_STYLE_ASSIGNMENT((#6839));
#6839 = SURFACE_STYLE_USAGE(.BOTH.,#6840);
#6840 = SURFACE_SIDE_STYLE('',(#6841));
#6841 = SURFACE_STYLE_FILL_AREA(#6842);
#6842 = FILL_AREA_STYLE('',(#6843));
#6843 = FILL_AREA_STYLE_COLOUR('',#6759);
#6844 = STYLED_ITEM('color',(#6845),#679);
#6845 = PRESENTATION_STYLE_ASSIGNMENT((#6846));
#6846 = SURFACE_STYLE_USAGE(.BOTH.,#6847);
#6847 = SURFACE_SIDE_STYLE('',(#6848));
#6848 = SURFACE_STYLE_FILL_AREA(#6849);
#6849 = FILL_AREA_STYLE('',(#6850));
#6850 = FILL_AREA_STYLE_COLOUR('',#6759);
#6851 = STYLED_ITEM('color',(#6852),#721);
#6852 = PRESENTATION_STYLE_ASSIGNMENT((#6853));
#6853 = SURFACE_STYLE_USAGE(.BOTH.,#6854);
#6854 = SURFACE_SIDE_STYLE('',(#6855));
#6855 = SURFACE_STYLE_FILL_AREA(#6856);
#6856 = FILL_AREA_STYLE('',(#6857));
#6857 = FILL_AREA_STYLE_COLOUR('',#6759);
#6858 = STYLED_ITEM('color',(#6859),#754);
#6859 = PRESENTATION_STYLE_ASSIGNMENT((#6860));
#6860 = SURFACE_STYLE_USAGE(.BOTH.,#6861);
#6861 = SURFACE_SIDE_STYLE('',(#6862));
#6862 = SURFACE_STYLE_FILL_AREA(#6863);
#6863 = FILL_AREA_STYLE('',(#6864));
#6864 = FILL_AREA_STYLE_COLOUR('',#6759);
#6865 = STYLED_ITEM('color',(#6866),#785);
#6866 = PRESENTATION_STYLE_ASSIGNMENT((#6867));
#6867 = SURFACE_STYLE_USAGE(.BOTH.,#6868);
#6868 = SURFACE_SIDE_STYLE('',(#6869));
#6869 = SURFACE_STYLE_FILL_AREA(#6870);
#6870 = FILL_AREA_STYLE('',(#6871));
#6871 = FILL_AREA_STYLE_COLOUR('',#6759);
#6872 = STYLED_ITEM('color',(#6873),#822);
#6873 = PRESENTATION_STYLE_ASSIGNMENT((#6874));
#6874 = SURFACE_STYLE_USAGE(.BOTH.,#6875);
#6875 = SURFACE_SIDE_STYLE('',(#6876));
#6876 = SURFACE_STYLE_FILL_AREA(#6877);
#6877 = FILL_AREA_STYLE('',(#6878));
#6878 = FILL_AREA_STYLE_COLOUR('',#6759);
#6879 = STYLED_ITEM('color',(#6880),#853);
#6880 = PRESENTATION_STYLE_ASSIGNMENT((#6881));
#6881 = SURFACE_STYLE_USAGE(.BOTH.,#6882);
#6882 = SURFACE_SIDE_STYLE('',(#6883));
#6883 = SURFACE_STYLE_FILL_AREA(#6884);
#6884 = FILL_AREA_STYLE('',(#6885));
#6885 = FILL_AREA_STYLE_COLOUR('',#6759);
#6886 = STYLED_ITEM('color',(#6887),#890);
#6887 = PRESENTATION_STYLE_ASSIGNMENT((#6888));
#6888 = SURFACE_STYLE_USAGE(.BOTH.,#6889);
#6889 = SURFACE_SIDE_STYLE('',(#6890));
#6890 = SURFACE_STYLE_FILL_AREA(#6891);
#6891 = FILL_AREA_STYLE('',(#6892));
#6892 = FILL_AREA_STYLE_COLOUR('',#6759);
#6893 = STYLED_ITEM('color',(#6894),#921);
#6894 = PRESENTATION_STYLE_ASSIGNMENT((#6895));
#6895 = SURFACE_STYLE_USAGE(.BOTH.,#6896);
#6896 = SURFACE_SIDE_STYLE('',(#6897));
#6897 = SURFACE_STYLE_FILL_AREA(#6898);
#6898 = FILL_AREA_STYLE('',(#6899));
#6899 = FILL_AREA_STYLE_COLOUR('',#6759);
#6900 = STYLED_ITEM('color',(#6901),#954);
#6901 = PRESENTATION_STYLE_ASSIGNMENT((#6902));
#6902 = SURFACE_STYLE_USAGE(.BOTH.,#6903);
#6903 = SURFACE_SIDE_STYLE('',(#6904));
#6904 = SURFACE_STYLE_FILL_AREA(#6905);
#6905 = FILL_AREA_STYLE('',(#6906));
#6906 = FILL_AREA_STYLE_COLOUR('',#6759);
#6907 = STYLED_ITEM('color',(#6908),#987);
#6908 = PRESENTATION_STYLE_ASSIGNMENT((#6909));
#6909 = SURFACE_STYLE_USAGE(.BOTH.,#6910);
#6910 = SURFACE_SIDE_STYLE('',(#6911));
#6911 = SURFACE_STYLE_FILL_AREA(#6912);
#6912 = FILL_AREA_STYLE('',(#6913));
#6913 = FILL_AREA_STYLE_COLOUR('',#6759);
#6914 = STYLED_ITEM('color',(#6915),#1066);
#6915 = PRESENTATION_STYLE_ASSIGNMENT((#6916));
#6916 = SURFACE_STYLE_USAGE(.BOTH.,#6917);
#6917 = SURFACE_SIDE_STYLE('',(#6918));
#6918 = SURFACE_STYLE_FILL_AREA(#6919);
#6919 = FILL_AREA_STYLE('',(#6920));
#6920 = FILL_AREA_STYLE_COLOUR('',#6921);
#6921 = DRAUGHTING_PRE_DEFINED_COLOUR('white');
#6922 = STYLED_ITEM('color',(#6923),#1105);
#6923 = PRESENTATION_STYLE_ASSIGNMENT((#6924));
#6924 = SURFACE_STYLE_USAGE(.BOTH.,#6925);
#6925 = SURFACE_SIDE_STYLE('',(#6926));
#6926 = SURFACE_STYLE_FILL_AREA(#6927);
#6927 = FILL_AREA_STYLE('',(#6928));
#6928 = FILL_AREA_STYLE_COLOUR('',#6921);
#6929 = STYLED_ITEM('color',(#6930),#1136);
#6930 = PRESENTATION_STYLE_ASSIGNMENT((#6931));
#6931 = SURFACE_STYLE_USAGE(.BOTH.,#6932);
#6932 = SURFACE_SIDE_STYLE('',(#6933));
#6933 = SURFACE_STYLE_FILL_AREA(#6934);
#6934 = FILL_AREA_STYLE('',(#6935));
#6935 = FILL_AREA_STYLE_COLOUR('',#6921);
#6936 = STYLED_ITEM('color',(#6937),#1167);
#6937 = PRESENTATION_STYLE_ASSIGNMENT((#6938));
#6938 = SURFACE_STYLE_USAGE(.BOTH.,#6939);
#6939 = SURFACE_SIDE_STYLE('',(#6940));
#6940 = SURFACE_STYLE_FILL_AREA(#6941);
#6941 = FILL_AREA_STYLE('',(#6942));
#6942 = FILL_AREA_STYLE_COLOUR('',#6921);
#6943 = STYLED_ITEM('color',(#6944),#1184);
#6944 = PRESENTATION_STYLE_ASSIGNMENT((#6945));
#6945 = SURFACE_STYLE_USAGE(.BOTH.,#6946);
#6946 = SURFACE_SIDE_STYLE('',(#6947));
#6947 = SURFACE_STYLE_FILL_AREA(#6948);
#6948 = FILL_AREA_STYLE('',(#6949));
#6949 = FILL_AREA_STYLE_COLOUR('',#6921);
#6950 = STYLED_ITEM('color',(#6951),#1194);
#6951 = PRESENTATION_STYLE_ASSIGNMENT((#6952));
#6952 = SURFACE_STYLE_USAGE(.BOTH.,#6953);
#6953 = SURFACE_SIDE_STYLE('',(#6954));
#6954 = SURFACE_STYLE_FILL_AREA(#6955);
#6955 = FILL_AREA_STYLE('',(#6956));
#6956 = FILL_AREA_STYLE_COLOUR('',#6759);
#6957 = STYLED_ITEM('color',(#6958),#1240);
#6958 = PRESENTATION_STYLE_ASSIGNMENT((#6959));
#6959 = SURFACE_STYLE_USAGE(.BOTH.,#6960);
#6960 = SURFACE_SIDE_STYLE('',(#6961));
#6961 = SURFACE_STYLE_FILL_AREA(#6962);
#6962 = FILL_AREA_STYLE('',(#6963));
#6963 = FILL_AREA_STYLE_COLOUR('',#6759);
#6964 = STYLED_ITEM('color',(#6965),#1278);
#6965 = PRESENTATION_STYLE_ASSIGNMENT((#6966));
#6966 = SURFACE_STYLE_USAGE(.BOTH.,#6967);
#6967 = SURFACE_SIDE_STYLE('',(#6968));
#6968 = SURFACE_STYLE_FILL_AREA(#6969);
#6969 = FILL_AREA_STYLE('',(#6970));
#6970 = FILL_AREA_STYLE_COLOUR('',#6759);
#6971 = STYLED_ITEM('color',(#6972),#1316);
#6972 = PRESENTATION_STYLE_ASSIGNMENT((#6973));
#6973 = SURFACE_STYLE_USAGE(.BOTH.,#6974);
#6974 = SURFACE_SIDE_STYLE('',(#6975));
#6975 = SURFACE_STYLE_FILL_AREA(#6976);
#6976 = FILL_AREA_STYLE('',(#6977));
#6977 = FILL_AREA_STYLE_COLOUR('',#6759);
#6978 = STYLED_ITEM('color',(#6979),#1343);
#6979 = PRESENTATION_STYLE_ASSIGNMENT((#6980));
#6980 = SURFACE_STYLE_USAGE(.BOTH.,#6981);
#6981 = SURFACE_SIDE_STYLE('',(#6982));
#6982 = SURFACE_STYLE_FILL_AREA(#6983);
#6983 = FILL_AREA_STYLE('',(#6984));
#6984 = FILL_AREA_STYLE_COLOUR('',#6759);
#6985 = STYLED_ITEM('color',(#6986),#1380);
#6986 = PRESENTATION_STYLE_ASSIGNMENT((#6987));
#6987 = SURFACE_STYLE_USAGE(.BOTH.,#6988);
#6988 = SURFACE_SIDE_STYLE('',(#6989));
#6989 = SURFACE_STYLE_FILL_AREA(#6990);
#6990 = FILL_AREA_STYLE('',(#6991));
#6991 = FILL_AREA_STYLE_COLOUR('',#6759);
#6992 = STYLED_ITEM('color',(#6993),#1405);
#6993 = PRESENTATION_STYLE_ASSIGNMENT((#6994));
#6994 = SURFACE_STYLE_USAGE(.BOTH.,#6995);
#6995 = SURFACE_SIDE_STYLE('',(#6996));
#6996 = SURFACE_STYLE_FILL_AREA(#6997);
#6997 = FILL_AREA_STYLE('',(#6998));
#6998 = FILL_AREA_STYLE_COLOUR('',#6759);
#6999 = STYLED_ITEM('color',(#7000),#1436);
#7000 = PRESENTATION_STYLE_ASSIGNMENT((#7001));
#7001 = SURFACE_STYLE_USAGE(.BOTH.,#7002);
#7002 = SURFACE_SIDE_STYLE('',(#7003));
#7003 = SURFACE_STYLE_FILL_AREA(#7004);
#7004 = FILL_AREA_STYLE('',(#7005));
#7005 = FILL_AREA_STYLE_COLOUR('',#6759);
#7006 = STYLED_ITEM('color',(#7007),#1460);
#7007 = PRESENTATION_STYLE_ASSIGNMENT((#7008));
#7008 = SURFACE_STYLE_USAGE(.BOTH.,#7009);
#7009 = SURFACE_SIDE_STYLE('',(#7010));
#7010 = SURFACE_STYLE_FILL_AREA(#7011);
#7011 = FILL_AREA_STYLE('',(#7012));
#7012 = FILL_AREA_STYLE_COLOUR('',#6759);
#7013 = STYLED_ITEM('color',(#7014),#1484);
#7014 = PRESENTATION_STYLE_ASSIGNMENT((#7015));
#7015 = SURFACE_STYLE_USAGE(.BOTH.,#7016);
#7016 = SURFACE_SIDE_STYLE('',(#7017));
#7017 = SURFACE_STYLE_FILL_AREA(#7018);
#7018 = FILL_AREA_STYLE('',(#7019));
#7019 = FILL_AREA_STYLE_COLOUR('',#6759);
#7020 = STYLED_ITEM('color',(#7021),#1501);
#7021 = PRESENTATION_STYLE_ASSIGNMENT((#7022));
#7022 = SURFACE_STYLE_USAGE(.BOTH.,#7023);
#7023 = SURFACE_SIDE_STYLE('',(#7024));
#7024 = SURFACE_STYLE_FILL_AREA(#7025);
#7025 = FILL_AREA_STYLE('',(#7026));
#7026 = FILL_AREA_STYLE_COLOUR('',#6759);
#7027 = STYLED_ITEM('color',(#7028),#1540);
#7028 = PRESENTATION_STYLE_ASSIGNMENT((#7029));
#7029 = SURFACE_STYLE_USAGE(.BOTH.,#7030);
#7030 = SURFACE_SIDE_STYLE('',(#7031));
#7031 = SURFACE_STYLE_FILL_AREA(#7032);
#7032 = FILL_AREA_STYLE('',(#7033));
#7033 = FILL_AREA_STYLE_COLOUR('',#6759);
#7034 = STYLED_ITEM('color',(#7035),#1567);
#7035 = PRESENTATION_STYLE_ASSIGNMENT((#7036));
#7036 = SURFACE_STYLE_USAGE(.BOTH.,#7037);
#7037 = SURFACE_SIDE_STYLE('',(#7038));
#7038 = SURFACE_STYLE_FILL_AREA(#7039);
#7039 = FILL_AREA_STYLE('',(#7040));
#7040 = FILL_AREA_STYLE_COLOUR('',#6759);
#7041 = STYLED_ITEM('color',(#7042),#1606);
#7042 = PRESENTATION_STYLE_ASSIGNMENT((#7043));
#7043 = SURFACE_STYLE_USAGE(.BOTH.,#7044);
#7044 = SURFACE_SIDE_STYLE('',(#7045));
#7045 = SURFACE_STYLE_FILL_AREA(#7046);
#7046 = FILL_AREA_STYLE('',(#7047));
#7047 = FILL_AREA_STYLE_COLOUR('',#6759);
#7048 = STYLED_ITEM('color',(#7049),#1630);
#7049 = PRESENTATION_STYLE_ASSIGNMENT((#7050));
#7050 = SURFACE_STYLE_USAGE(.BOTH.,#7051);
#7051 = SURFACE_SIDE_STYLE('',(#7052));
#7052 = SURFACE_STYLE_FILL_AREA(#7053);
#7053 = FILL_AREA_STYLE('',(#7054));
#7054 = FILL_AREA_STYLE_COLOUR('',#6759);
#7055 = STYLED_ITEM('color',(#7056),#1662);
#7056 = PRESENTATION_STYLE_ASSIGNMENT((#7057));
#7057 = SURFACE_STYLE_USAGE(.BOTH.,#7058);
#7058 = SURFACE_SIDE_STYLE('',(#7059));
#7059 = SURFACE_STYLE_FILL_AREA(#7060);
#7060 = FILL_AREA_STYLE('',(#7061));
#7061 = FILL_AREA_STYLE_COLOUR('',#6759);
#7062 = STYLED_ITEM('color',(#7063),#1679);
#7063 = PRESENTATION_STYLE_ASSIGNMENT((#7064));
#7064 = SURFACE_STYLE_USAGE(.BOTH.,#7065);
#7065 = SURFACE_SIDE_STYLE('',(#7066));
#7066 = SURFACE_STYLE_FILL_AREA(#7067);
#7067 = FILL_AREA_STYLE('',(#7068));
#7068 = FILL_AREA_STYLE_COLOUR('',#6759);
#7069 = STYLED_ITEM('color',(#7070),#1716);
#7070 = PRESENTATION_STYLE_ASSIGNMENT((#7071));
#7071 = SURFACE_STYLE_USAGE(.BOTH.,#7072);
#7072 = SURFACE_SIDE_STYLE('',(#7073));
#7073 = SURFACE_STYLE_FILL_AREA(#7074);
#7074 = FILL_AREA_STYLE('',(#7075));
#7075 = FILL_AREA_STYLE_COLOUR('',#6759);
#7076 = STYLED_ITEM('color',(#7077),#1741);
#7077 = PRESENTATION_STYLE_ASSIGNMENT((#7078));
#7078 = SURFACE_STYLE_USAGE(.BOTH.,#7079);
#7079 = SURFACE_SIDE_STYLE('',(#7080));
#7080 = SURFACE_STYLE_FILL_AREA(#7081);
#7081 = FILL_AREA_STYLE('',(#7082));
#7082 = FILL_AREA_STYLE_COLOUR('',#6759);
#7083 = STYLED_ITEM('color',(#7084),#1780);
#7084 = PRESENTATION_STYLE_ASSIGNMENT((#7085));
#7085 = SURFACE_STYLE_USAGE(.BOTH.,#7086);
#7086 = SURFACE_SIDE_STYLE('',(#7087));
#7087 = SURFACE_STYLE_FILL_AREA(#7088);
#7088 = FILL_AREA_STYLE('',(#7089));
#7089 = FILL_AREA_STYLE_COLOUR('',#6759);
#7090 = STYLED_ITEM('color',(#7091),#1797);
#7091 = PRESENTATION_STYLE_ASSIGNMENT((#7092));
#7092 = SURFACE_STYLE_USAGE(.BOTH.,#7093);
#7093 = SURFACE_SIDE_STYLE('',(#7094));
#7094 = SURFACE_STYLE_FILL_AREA(#7095);
#7095 = FILL_AREA_STYLE('',(#7096));
#7096 = FILL_AREA_STYLE_COLOUR('',#6921);
#7097 = STYLED_ITEM('color',(#7098),#1837);
#7098 = PRESENTATION_STYLE_ASSIGNMENT((#7099));
#7099 = SURFACE_STYLE_USAGE(.BOTH.,#7100);
#7100 = SURFACE_SIDE_STYLE('',(#7101));
#7101 = SURFACE_STYLE_FILL_AREA(#7102);
#7102 = FILL_AREA_STYLE('',(#7103));
#7103 = FILL_AREA_STYLE_COLOUR('',#6759);
#7104 = STYLED_ITEM('color',(#7105),#1877);
#7105 = PRESENTATION_STYLE_ASSIGNMENT((#7106));
#7106 = SURFACE_STYLE_USAGE(.BOTH.,#7107);
#7107 = SURFACE_SIDE_STYLE('',(#7108));
#7108 = SURFACE_STYLE_FILL_AREA(#7109);
#7109 = FILL_AREA_STYLE('',(#7110));
#7110 = FILL_AREA_STYLE_COLOUR('',#6759);
#7111 = STYLED_ITEM('color',(#7112),#1917);
#7112 = PRESENTATION_STYLE_ASSIGNMENT((#7113));
#7113 = SURFACE_STYLE_USAGE(.BOTH.,#7114);
#7114 = SURFACE_SIDE_STYLE('',(#7115));
#7115 = SURFACE_STYLE_FILL_AREA(#7116);
#7116 = FILL_AREA_STYLE('',(#7117));
#7117 = FILL_AREA_STYLE_COLOUR('',#6759);
#7118 = STYLED_ITEM('color',(#7119),#1948);
#7119 = PRESENTATION_STYLE_ASSIGNMENT((#7120));
#7120 = SURFACE_STYLE_USAGE(.BOTH.,#7121);
#7121 = SURFACE_SIDE_STYLE('',(#7122));
#7122 = SURFACE_STYLE_FILL_AREA(#7123);
#7123 = FILL_AREA_STYLE('',(#7124));
#7124 = FILL_AREA_STYLE_COLOUR('',#6759);
#7125 = STYLED_ITEM('color',(#7126),#1990);
#7126 = PRESENTATION_STYLE_ASSIGNMENT((#7127));
#7127 = SURFACE_STYLE_USAGE(.BOTH.,#7128);
#7128 = SURFACE_SIDE_STYLE('',(#7129));
#7129 = SURFACE_STYLE_FILL_AREA(#7130);
#7130 = FILL_AREA_STYLE('',(#7131));
#7131 = FILL_AREA_STYLE_COLOUR('',#6759);
#7132 = STYLED_ITEM('color',(#7133),#2021);
#7133 = PRESENTATION_STYLE_ASSIGNMENT((#7134));
#7134 = SURFACE_STYLE_USAGE(.BOTH.,#7135);
#7135 = SURFACE_SIDE_STYLE('',(#7136));
#7136 = SURFACE_STYLE_FILL_AREA(#7137);
#7137 = FILL_AREA_STYLE('',(#7138));
#7138 = FILL_AREA_STYLE_COLOUR('',#6759);
#7139 = STYLED_ITEM('color',(#7140),#2045);
#7140 = PRESENTATION_STYLE_ASSIGNMENT((#7141));
#7141 = SURFACE_STYLE_USAGE(.BOTH.,#7142);
#7142 = SURFACE_SIDE_STYLE('',(#7143));
#7143 = SURFACE_STYLE_FILL_AREA(#7144);
#7144 = FILL_AREA_STYLE('',(#7145));
#7145 = FILL_AREA_STYLE_COLOUR('',#6759);
#7146 = STYLED_ITEM('color',(#7147),#2069);
#7147 = PRESENTATION_STYLE_ASSIGNMENT((#7148));
#7148 = SURFACE_STYLE_USAGE(.BOTH.,#7149);
#7149 = SURFACE_SIDE_STYLE('',(#7150));
#7150 = SURFACE_STYLE_FILL_AREA(#7151);
#7151 = FILL_AREA_STYLE('',(#7152));
#7152 = FILL_AREA_STYLE_COLOUR('',#6759);
#7153 = STYLED_ITEM('color',(#7154),#2086);
#7154 = PRESENTATION_STYLE_ASSIGNMENT((#7155));
#7155 = SURFACE_STYLE_USAGE(.BOTH.,#7156);
#7156 = SURFACE_SIDE_STYLE('',(#7157));
#7157 = SURFACE_STYLE_FILL_AREA(#7158);
#7158 = FILL_AREA_STYLE('',(#7159));
#7159 = FILL_AREA_STYLE_COLOUR('',#6759);
#7160 = STYLED_ITEM('color',(#7161),#2192);
#7161 = PRESENTATION_STYLE_ASSIGNMENT((#7162));
#7162 = SURFACE_STYLE_USAGE(.BOTH.,#7163);
#7163 = SURFACE_SIDE_STYLE('',(#7164));
#7164 = SURFACE_STYLE_FILL_AREA(#7165);
#7165 = FILL_AREA_STYLE('',(#7166));
#7166 = FILL_AREA_STYLE_COLOUR('',#6759);
#7167 = STYLED_ITEM('color',(#7168),#2290);
#7168 = PRESENTATION_STYLE_ASSIGNMENT((#7169));
#7169 = SURFACE_STYLE_USAGE(.BOTH.,#7170);
#7170 = SURFACE_SIDE_STYLE('',(#7171));
#7171 = SURFACE_STYLE_FILL_AREA(#7172);
#7172 = FILL_AREA_STYLE('',(#7173));
#7173 = FILL_AREA_STYLE_COLOUR('',#6759);
#7174 = STYLED_ITEM('color',(#7175),#2315);
#7175 = PRESENTATION_STYLE_ASSIGNMENT((#7176));
#7176 = SURFACE_STYLE_USAGE(.BOTH.,#7177);
#7177 = SURFACE_SIDE_STYLE('',(#7178));
#7178 = SURFACE_STYLE_FILL_AREA(#7179);
#7179 = FILL_AREA_STYLE('',(#7180));
#7180 = FILL_AREA_STYLE_COLOUR('',#6759);
#7181 = STYLED_ITEM('color',(#7182),#2332);
#7182 = PRESENTATION_STYLE_ASSIGNMENT((#7183));
#7183 = SURFACE_STYLE_USAGE(.BOTH.,#7184);
#7184 = SURFACE_SIDE_STYLE('',(#7185));
#7185 = SURFACE_STYLE_FILL_AREA(#7186);
#7186 = FILL_AREA_STYLE('',(#7187));
#7187 = FILL_AREA_STYLE_COLOUR('',#6759);
#7188 = STYLED_ITEM('color',(#7189),#2363);
#7189 = PRESENTATION_STYLE_ASSIGNMENT((#7190));
#7190 = SURFACE_STYLE_USAGE(.BOTH.,#7191);
#7191 = SURFACE_SIDE_STYLE('',(#7192));
#7192 = SURFACE_STYLE_FILL_AREA(#7193);
#7193 = FILL_AREA_STYLE('',(#7194));
#7194 = FILL_AREA_STYLE_COLOUR('',#6759);
#7195 = STYLED_ITEM('color',(#7196),#2380);
#7196 = PRESENTATION_STYLE_ASSIGNMENT((#7197));
#7197 = SURFACE_STYLE_USAGE(.BOTH.,#7198);
#7198 = SURFACE_SIDE_STYLE('',(#7199));
#7199 = SURFACE_STYLE_FILL_AREA(#7200);
#7200 = FILL_AREA_STYLE('',(#7201));
#7201 = FILL_AREA_STYLE_COLOUR('',#6759);
#7202 = STYLED_ITEM('color',(#7203),#2405);
#7203 = PRESENTATION_STYLE_ASSIGNMENT((#7204));
#7204 = SURFACE_STYLE_USAGE(.BOTH.,#7205);
#7205 = SURFACE_SIDE_STYLE('',(#7206));
#7206 = SURFACE_STYLE_FILL_AREA(#7207);
#7207 = FILL_AREA_STYLE('',(#7208));
#7208 = FILL_AREA_STYLE_COLOUR('',#6759);
#7209 = STYLED_ITEM('color',(#7210),#2437);
#7210 = PRESENTATION_STYLE_ASSIGNMENT((#7211));
#7211 = SURFACE_STYLE_USAGE(.BOTH.,#7212);
#7212 = SURFACE_SIDE_STYLE('',(#7213));
#7213 = SURFACE_STYLE_FILL_AREA(#7214);
#7214 = FILL_AREA_STYLE('',(#7215));
#7215 = FILL_AREA_STYLE_COLOUR('',#6759);
#7216 = STYLED_ITEM('color',(#7217),#2469);
#7217 = PRESENTATION_STYLE_ASSIGNMENT((#7218));
#7218 = SURFACE_STYLE_USAGE(.BOTH.,#7219);
#7219 = SURFACE_SIDE_STYLE('',(#7220));
#7220 = SURFACE_STYLE_FILL_AREA(#7221);
#7221 = FILL_AREA_STYLE('',(#7222));
#7222 = FILL_AREA_STYLE_COLOUR('',#6759);
#7223 = STYLED_ITEM('color',(#7224),#2494);
#7224 = PRESENTATION_STYLE_ASSIGNMENT((#7225));
#7225 = SURFACE_STYLE_USAGE(.BOTH.,#7226);
#7226 = SURFACE_SIDE_STYLE('',(#7227));
#7227 = SURFACE_STYLE_FILL_AREA(#7228);
#7228 = FILL_AREA_STYLE('',(#7229));
#7229 = FILL_AREA_STYLE_COLOUR('',#6759);
#7230 = STYLED_ITEM('color',(#7231),#2519);
#7231 = PRESENTATION_STYLE_ASSIGNMENT((#7232));
#7232 = SURFACE_STYLE_USAGE(.BOTH.,#7233);
#7233 = SURFACE_SIDE_STYLE('',(#7234));
#7234 = SURFACE_STYLE_FILL_AREA(#7235);
#7235 = FILL_AREA_STYLE('',(#7236));
#7236 = FILL_AREA_STYLE_COLOUR('',#6759);
#7237 = STYLED_ITEM('color',(#7238),#2543);
#7238 = PRESENTATION_STYLE_ASSIGNMENT((#7239));
#7239 = SURFACE_STYLE_USAGE(.BOTH.,#7240);
#7240 = SURFACE_SIDE_STYLE('',(#7241));
#7241 = SURFACE_STYLE_FILL_AREA(#7242);
#7242 = FILL_AREA_STYLE('',(#7243));
#7243 = FILL_AREA_STYLE_COLOUR('',#6759);
#7244 = STYLED_ITEM('color',(#7245),#2570);
#7245 = PRESENTATION_STYLE_ASSIGNMENT((#7246));
#7246 = SURFACE_STYLE_USAGE(.BOTH.,#7247);
#7247 = SURFACE_SIDE_STYLE('',(#7248));
#7248 = SURFACE_STYLE_FILL_AREA(#7249);
#7249 = FILL_AREA_STYLE('',(#7250));
#7250 = FILL_AREA_STYLE_COLOUR('',#6759);
#7251 = STYLED_ITEM('color',(#7252),#2600);
#7252 = PRESENTATION_STYLE_ASSIGNMENT((#7253));
#7253 = SURFACE_STYLE_USAGE(.BOTH.,#7254);
#7254 = SURFACE_SIDE_STYLE('',(#7255));
#7255 = SURFACE_STYLE_FILL_AREA(#7256);
#7256 = FILL_AREA_STYLE('',(#7257));
#7257 = FILL_AREA_STYLE_COLOUR('',#6759);
#7258 = STYLED_ITEM('color',(#7259),#2627);
#7259 = PRESENTATION_STYLE_ASSIGNMENT((#7260));
#7260 = SURFACE_STYLE_USAGE(.BOTH.,#7261);
#7261 = SURFACE_SIDE_STYLE('',(#7262));
#7262 = SURFACE_STYLE_FILL_AREA(#7263);
#7263 = FILL_AREA_STYLE('',(#7264));
#7264 = FILL_AREA_STYLE_COLOUR('',#6759);
#7265 = STYLED_ITEM('color',(#7266),#2657);
#7266 = PRESENTATION_STYLE_ASSIGNMENT((#7267));
#7267 = SURFACE_STYLE_USAGE(.BOTH.,#7268);
#7268 = SURFACE_SIDE_STYLE('',(#7269));
#7269 = SURFACE_STYLE_FILL_AREA(#7270);
#7270 = FILL_AREA_STYLE('',(#7271));
#7271 = FILL_AREA_STYLE_COLOUR('',#6759);
#7272 = STYLED_ITEM('color',(#7273),#2684);
#7273 = PRESENTATION_STYLE_ASSIGNMENT((#7274));
#7274 = SURFACE_STYLE_USAGE(.BOTH.,#7275);
#7275 = SURFACE_SIDE_STYLE('',(#7276));
#7276 = SURFACE_STYLE_FILL_AREA(#7277);
#7277 = FILL_AREA_STYLE('',(#7278));
#7278 = FILL_AREA_STYLE_COLOUR('',#6759);
#7279 = STYLED_ITEM('color',(#7280),#2708);
#7280 = PRESENTATION_STYLE_ASSIGNMENT((#7281));
#7281 = SURFACE_STYLE_USAGE(.BOTH.,#7282);
#7282 = SURFACE_SIDE_STYLE('',(#7283));
#7283 = SURFACE_STYLE_FILL_AREA(#7284);
#7284 = FILL_AREA_STYLE('',(#7285));
#7285 = FILL_AREA_STYLE_COLOUR('',#6759);
#7286 = STYLED_ITEM('color',(#7287),#2735);
#7287 = PRESENTATION_STYLE_ASSIGNMENT((#7288));
#7288 = SURFACE_STYLE_USAGE(.BOTH.,#7289);
#7289 = SURFACE_SIDE_STYLE('',(#7290));
#7290 = SURFACE_STYLE_FILL_AREA(#7291);
#7291 = FILL_AREA_STYLE('',(#7292));
#7292 = FILL_AREA_STYLE_COLOUR('',#6759);
#7293 = STYLED_ITEM('color',(#7294),#2752);
#7294 = PRESENTATION_STYLE_ASSIGNMENT((#7295));
#7295 = SURFACE_STYLE_USAGE(.BOTH.,#7296);
#7296 = SURFACE_SIDE_STYLE('',(#7297));
#7297 = SURFACE_STYLE_FILL_AREA(#7298);
#7298 = FILL_AREA_STYLE('',(#7299));
#7299 = FILL_AREA_STYLE_COLOUR('',#6759);
#7300 = STYLED_ITEM('color',(#7301),#3009);
#7301 = PRESENTATION_STYLE_ASSIGNMENT((#7302));
#7302 = SURFACE_STYLE_USAGE(.BOTH.,#7303);
#7303 = SURFACE_SIDE_STYLE('',(#7304));
#7304 = SURFACE_STYLE_FILL_AREA(#7305);
#7305 = FILL_AREA_STYLE('',(#7306));
#7306 = FILL_AREA_STYLE_COLOUR('',#6759);
#7307 = STYLED_ITEM('color',(#7308),#3034);
#7308 = PRESENTATION_STYLE_ASSIGNMENT((#7309));
#7309 = SURFACE_STYLE_USAGE(.BOTH.,#7310);
#7310 = SURFACE_SIDE_STYLE('',(#7311));
#7311 = SURFACE_STYLE_FILL_AREA(#7312);
#7312 = FILL_AREA_STYLE('',(#7313));
#7313 = FILL_AREA_STYLE_COLOUR('',#6759);
#7314 = STYLED_ITEM('color',(#7315),#3088);
#7315 = PRESENTATION_STYLE_ASSIGNMENT((#7316));
#7316 = SURFACE_STYLE_USAGE(.BOTH.,#7317);
#7317 = SURFACE_SIDE_STYLE('',(#7318));
#7318 = SURFACE_STYLE_FILL_AREA(#7319);
#7319 = FILL_AREA_STYLE('',(#7320));
#7320 = FILL_AREA_STYLE_COLOUR('',#6759);
#7321 = STYLED_ITEM('color',(#7322),#3112);
#7322 = PRESENTATION_STYLE_ASSIGNMENT((#7323));
#7323 = SURFACE_STYLE_USAGE(.BOTH.,#7324);
#7324 = SURFACE_SIDE_STYLE('',(#7325));
#7325 = SURFACE_STYLE_FILL_AREA(#7326);
#7326 = FILL_AREA_STYLE('',(#7327));
#7327 = FILL_AREA_STYLE_COLOUR('',#6759);
#7328 = STYLED_ITEM('color',(#7329),#3134);
#7329 = PRESENTATION_STYLE_ASSIGNMENT((#7330));
#7330 = SURFACE_STYLE_USAGE(.BOTH.,#7331);
#7331 = SURFACE_SIDE_STYLE('',(#7332));
#7332 = SURFACE_STYLE_FILL_AREA(#7333);
#7333 = FILL_AREA_STYLE('',(#7334));
#7334 = FILL_AREA_STYLE_COLOUR('',#6759);
#7335 = STYLED_ITEM('color',(#7336),#3173);
#7336 = PRESENTATION_STYLE_ASSIGNMENT((#7337));
#7337 = SURFACE_STYLE_USAGE(.BOTH.,#7338);
#7338 = SURFACE_SIDE_STYLE('',(#7339));
#7339 = SURFACE_STYLE_FILL_AREA(#7340);
#7340 = FILL_AREA_STYLE('',(#7341));
#7341 = FILL_AREA_STYLE_COLOUR('',#6759);
#7342 = STYLED_ITEM('color',(#7343),#3259);
#7343 = PRESENTATION_STYLE_ASSIGNMENT((#7344));
#7344 = SURFACE_STYLE_USAGE(.BOTH.,#7345);
#7345 = SURFACE_SIDE_STYLE('',(#7346));
#7346 = SURFACE_STYLE_FILL_AREA(#7347);
#7347 = FILL_AREA_STYLE('',(#7348));
#7348 = FILL_AREA_STYLE_COLOUR('',#6759);
#7349 = STYLED_ITEM('color',(#7350),#3318);
#7350 = PRESENTATION_STYLE_ASSIGNMENT((#7351));
#7351 = SURFACE_STYLE_USAGE(.BOTH.,#7352);
#7352 = SURFACE_SIDE_STYLE('',(#7353));
#7353 = SURFACE_STYLE_FILL_AREA(#7354);
#7354 = FILL_AREA_STYLE('',(#7355));
#7355 = FILL_AREA_STYLE_COLOUR('',#6759);
#7356 = STYLED_ITEM('color',(#7357),#3342);
#7357 = PRESENTATION_STYLE_ASSIGNMENT((#7358));
#7358 = SURFACE_STYLE_USAGE(.BOTH.,#7359);
#7359 = SURFACE_SIDE_STYLE('',(#7360));
#7360 = SURFACE_STYLE_FILL_AREA(#7361);
#7361 = FILL_AREA_STYLE('',(#7362));
#7362 = FILL_AREA_STYLE_COLOUR('',#6759);
#7363 = STYLED_ITEM('color',(#7364),#3445);
#7364 = PRESENTATION_STYLE_ASSIGNMENT((#7365));
#7365 = SURFACE_STYLE_USAGE(.BOTH.,#7366);
#7366 = SURFACE_SIDE_STYLE('',(#7367));
#7367 = SURFACE_STYLE_FILL_AREA(#7368);
#7368 = FILL_AREA_STYLE('',(#7369));
#7369 = FILL_AREA_STYLE_COLOUR('',#6759);
#7370 = STYLED_ITEM('color',(#7371),#3472);
#7371 = PRESENTATION_STYLE_ASSIGNMENT((#7372));
#7372 = SURFACE_STYLE_USAGE(.BOTH.,#7373);
#7373 = SURFACE_SIDE_STYLE('',(#7374));
#7374 = SURFACE_STYLE_FILL_AREA(#7375);
#7375 = FILL_AREA_STYLE('',(#7376));
#7376 = FILL_AREA_STYLE_COLOUR('',#6759);
#7377 = STYLED_ITEM('color',(#7378),#3512);
#7378 = PRESENTATION_STYLE_ASSIGNMENT((#7379));
#7379 = SURFACE_STYLE_USAGE(.BOTH.,#7380);
#7380 = SURFACE_SIDE_STYLE('',(#7381));
#7381 = SURFACE_STYLE_FILL_AREA(#7382);
#7382 = FILL_AREA_STYLE('',(#7383));
#7383 = FILL_AREA_STYLE_COLOUR('',#6759);
#7384 = STYLED_ITEM('color',(#7385),#3536);
#7385 = PRESENTATION_STYLE_ASSIGNMENT((#7386));
#7386 = SURFACE_STYLE_USAGE(.BOTH.,#7387);
#7387 = SURFACE_SIDE_STYLE('',(#7388));
#7388 = SURFACE_STYLE_FILL_AREA(#7389);
#7389 = FILL_AREA_STYLE('',(#7390));
#7390 = FILL_AREA_STYLE_COLOUR('',#6759);
#7391 = STYLED_ITEM('color',(#7392),#3573);
#7392 = PRESENTATION_STYLE_ASSIGNMENT((#7393));
#7393 = SURFACE_STYLE_USAGE(.BOTH.,#7394);
#7394 = SURFACE_SIDE_STYLE('',(#7395));
#7395 = SURFACE_STYLE_FILL_AREA(#7396);
#7396 = FILL_AREA_STYLE('',(#7397));
#7397 = FILL_AREA_STYLE_COLOUR('',#6759);
#7398 = STYLED_ITEM('color',(#7399),#3610);
#7399 = PRESENTATION_STYLE_ASSIGNMENT((#7400));
#7400 = SURFACE_STYLE_USAGE(.BOTH.,#7401);
#7401 = SURFACE_SIDE_STYLE('',(#7402));
#7402 = SURFACE_STYLE_FILL_AREA(#7403);
#7403 = FILL_AREA_STYLE('',(#7404));
#7404 = FILL_AREA_STYLE_COLOUR('',#6759);
#7405 = STYLED_ITEM('color',(#7406),#3628);
#7406 = PRESENTATION_STYLE_ASSIGNMENT((#7407));
#7407 = SURFACE_STYLE_USAGE(.BOTH.,#7408);
#7408 = SURFACE_SIDE_STYLE('',(#7409));
#7409 = SURFACE_STYLE_FILL_AREA(#7410);
#7410 = FILL_AREA_STYLE('',(#7411));
#7411 = FILL_AREA_STYLE_COLOUR('',#6759);
#7412 = STYLED_ITEM('color',(#7413),#3659);
#7413 = PRESENTATION_STYLE_ASSIGNMENT((#7414));
#7414 = SURFACE_STYLE_USAGE(.BOTH.,#7415);
#7415 = SURFACE_SIDE_STYLE('',(#7416));
#7416 = SURFACE_STYLE_FILL_AREA(#7417);
#7417 = FILL_AREA_STYLE('',(#7418));
#7418 = FILL_AREA_STYLE_COLOUR('',#6759);
#7419 = STYLED_ITEM('color',(#7420),#3690);
#7420 = PRESENTATION_STYLE_ASSIGNMENT((#7421));
#7421 = SURFACE_STYLE_USAGE(.BOTH.,#7422);
#7422 = SURFACE_SIDE_STYLE('',(#7423));
#7423 = SURFACE_STYLE_FILL_AREA(#7424);
#7424 = FILL_AREA_STYLE('',(#7425));
#7425 = FILL_AREA_STYLE_COLOUR('',#6921);
#7426 = STYLED_ITEM('color',(#7427),#3730);
#7427 = PRESENTATION_STYLE_ASSIGNMENT((#7428));
#7428 = SURFACE_STYLE_USAGE(.BOTH.,#7429);
#7429 = SURFACE_SIDE_STYLE('',(#7430));
#7430 = SURFACE_STYLE_FILL_AREA(#7431);
#7431 = FILL_AREA_STYLE('',(#7432));
#7432 = FILL_AREA_STYLE_COLOUR('',#6759);
#7433 = STYLED_ITEM('color',(#7434),#3774);
#7434 = PRESENTATION_STYLE_ASSIGNMENT((#7435));
#7435 = SURFACE_STYLE_USAGE(.BOTH.,#7436);
#7436 = SURFACE_SIDE_STYLE('',(#7437));
#7437 = SURFACE_STYLE_FILL_AREA(#7438);
#7438 = FILL_AREA_STYLE('',(#7439));
#7439 = FILL_AREA_STYLE_COLOUR('',#6759);
#7440 = STYLED_ITEM('color',(#7441),#3818);
#7441 = PRESENTATION_STYLE_ASSIGNMENT((#7442));
#7442 = SURFACE_STYLE_USAGE(.BOTH.,#7443);
#7443 = SURFACE_SIDE_STYLE('',(#7444));
#7444 = SURFACE_STYLE_FILL_AREA(#7445);
#7445 = FILL_AREA_STYLE('',(#7446));
#7446 = FILL_AREA_STYLE_COLOUR('',#6759);
#7447 = STYLED_ITEM('color',(#7448),#3850);
#7448 = PRESENTATION_STYLE_ASSIGNMENT((#7449));
#7449 = SURFACE_STYLE_USAGE(.BOTH.,#7450);
#7450 = SURFACE_SIDE_STYLE('',(#7451));
#7451 = SURFACE_STYLE_FILL_AREA(#7452);
#7452 = FILL_AREA_STYLE('',(#7453));
#7453 = FILL_AREA_STYLE_COLOUR('',#6759);
#7454 = STYLED_ITEM('color',(#7455),#3883);
#7455 = PRESENTATION_STYLE_ASSIGNMENT((#7456));
#7456 = SURFACE_STYLE_USAGE(.BOTH.,#7457);
#7457 = SURFACE_SIDE_STYLE('',(#7458));
#7458 = SURFACE_STYLE_FILL_AREA(#7459);
#7459 = FILL_AREA_STYLE('',(#7460));
#7460 = FILL_AREA_STYLE_COLOUR('',#6759);
#7461 = STYLED_ITEM('color',(#7462),#3916);
#7462 = PRESENTATION_STYLE_ASSIGNMENT((#7463));
#7463 = SURFACE_STYLE_USAGE(.BOTH.,#7464);
#7464 = SURFACE_SIDE_STYLE('',(#7465));
#7465 = SURFACE_STYLE_FILL_AREA(#7466);
#7466 = FILL_AREA_STYLE('',(#7467));
#7467 = FILL_AREA_STYLE_COLOUR('',#6921);
#7468 = STYLED_ITEM('color',(#7469),#3947);
#7469 = PRESENTATION_STYLE_ASSIGNMENT((#7470));
#7470 = SURFACE_STYLE_USAGE(.BOTH.,#7471);
#7471 = SURFACE_SIDE_STYLE('',(#7472));
#7472 = SURFACE_STYLE_FILL_AREA(#7473);
#7473 = FILL_AREA_STYLE('',(#7474));
#7474 = FILL_AREA_STYLE_COLOUR('',#6921);
#7475 = STYLED_ITEM('color',(#7476),#3964);
#7476 = PRESENTATION_STYLE_ASSIGNMENT((#7477));
#7477 = SURFACE_STYLE_USAGE(.BOTH.,#7478);
#7478 = SURFACE_SIDE_STYLE('',(#7479));
#7479 = SURFACE_STYLE_FILL_AREA(#7480);
#7480 = FILL_AREA_STYLE('',(#7481));
#7481 = FILL_AREA_STYLE_COLOUR('',#6759);
#7482 = STYLED_ITEM('color',(#7483),#4001);
#7483 = PRESENTATION_STYLE_ASSIGNMENT((#7484));
#7484 = SURFACE_STYLE_USAGE(.BOTH.,#7485);
#7485 = SURFACE_SIDE_STYLE('',(#7486));
#7486 = SURFACE_STYLE_FILL_AREA(#7487);
#7487 = FILL_AREA_STYLE('',(#7488));
#7488 = FILL_AREA_STYLE_COLOUR('',#6759);
#7489 = STYLED_ITEM('color',(#7490),#4023);
#7490 = PRESENTATION_STYLE_ASSIGNMENT((#7491));
#7491 = SURFACE_STYLE_USAGE(.BOTH.,#7492);
#7492 = SURFACE_SIDE_STYLE('',(#7493));
#7493 = SURFACE_STYLE_FILL_AREA(#7494);
#7494 = FILL_AREA_STYLE('',(#7495));
#7495 = FILL_AREA_STYLE_COLOUR('',#6759);
#7496 = STYLED_ITEM('color',(#7497),#4069);
#7497 = PRESENTATION_STYLE_ASSIGNMENT((#7498));
#7498 = SURFACE_STYLE_USAGE(.BOTH.,#7499);
#7499 = SURFACE_SIDE_STYLE('',(#7500));
#7500 = SURFACE_STYLE_FILL_AREA(#7501);
#7501 = FILL_AREA_STYLE('',(#7502));
#7502 = FILL_AREA_STYLE_COLOUR('',#6759);
#7503 = STYLED_ITEM('color',(#7504),#4115);
#7504 = PRESENTATION_STYLE_ASSIGNMENT((#7505));
#7505 = SURFACE_STYLE_USAGE(.BOTH.,#7506);
#7506 = SURFACE_SIDE_STYLE('',(#7507));
#7507 = SURFACE_STYLE_FILL_AREA(#7508);
#7508 = FILL_AREA_STYLE('',(#7509));
#7509 = FILL_AREA_STYLE_COLOUR('',#6759);
#7510 = STYLED_ITEM('color',(#7511),#4137);
#7511 = PRESENTATION_STYLE_ASSIGNMENT((#7512));
#7512 = SURFACE_STYLE_USAGE(.BOTH.,#7513);
#7513 = SURFACE_SIDE_STYLE('',(#7514));
#7514 = SURFACE_STYLE_FILL_AREA(#7515);
#7515 = FILL_AREA_STYLE('',(#7516));
#7516 = FILL_AREA_STYLE_COLOUR('',#6759);
#7517 = STYLED_ITEM('color',(#7518),#4174);
#7518 = PRESENTATION_STYLE_ASSIGNMENT((#7519));
#7519 = SURFACE_STYLE_USAGE(.BOTH.,#7520);
#7520 = SURFACE_SIDE_STYLE('',(#7521));
#7521 = SURFACE_STYLE_FILL_AREA(#7522);
#7522 = FILL_AREA_STYLE('',(#7523));
#7523 = FILL_AREA_STYLE_COLOUR('',#6759);
#7524 = STYLED_ITEM('color',(#7525),#4219);
#7525 = PRESENTATION_STYLE_ASSIGNMENT((#7526));
#7526 = SURFACE_STYLE_USAGE(.BOTH.,#7527);
#7527 = SURFACE_SIDE_STYLE('',(#7528));
#7528 = SURFACE_STYLE_FILL_AREA(#7529);
#7529 = FILL_AREA_STYLE('',(#7530));
#7530 = FILL_AREA_STYLE_COLOUR('',#6759);
#7531 = STYLED_ITEM('color',(#7532),#4266);
#7532 = PRESENTATION_STYLE_ASSIGNMENT((#7533));
#7533 = SURFACE_STYLE_USAGE(.BOTH.,#7534);
#7534 = SURFACE_SIDE_STYLE('',(#7535));
#7535 = SURFACE_STYLE_FILL_AREA(#7536);
#7536 = FILL_AREA_STYLE('',(#7537));
#7537 = FILL_AREA_STYLE_COLOUR('',#6759);
#7538 = STYLED_ITEM('color',(#7539),#4313);
#7539 = PRESENTATION_STYLE_ASSIGNMENT((#7540));
#7540 = SURFACE_STYLE_USAGE(.BOTH.,#7541);
#7541 = SURFACE_SIDE_STYLE('',(#7542));
#7542 = SURFACE_STYLE_FILL_AREA(#7543);
#7543 = FILL_AREA_STYLE('',(#7544));
#7544 = FILL_AREA_STYLE_COLOUR('',#6759);
#7545 = STYLED_ITEM('color',(#7546),#4346);
#7546 = PRESENTATION_STYLE_ASSIGNMENT((#7547));
#7547 = SURFACE_STYLE_USAGE(.BOTH.,#7548);
#7548 = SURFACE_SIDE_STYLE('',(#7549));
#7549 = SURFACE_STYLE_FILL_AREA(#7550);
#7550 = FILL_AREA_STYLE('',(#7551));
#7551 = FILL_AREA_STYLE_COLOUR('',#6759);
#7552 = STYLED_ITEM('color',(#7553),#4379);
#7553 = PRESENTATION_STYLE_ASSIGNMENT((#7554));
#7554 = SURFACE_STYLE_USAGE(.BOTH.,#7555);
#7555 = SURFACE_SIDE_STYLE('',(#7556));
#7556 = SURFACE_STYLE_FILL_AREA(#7557);
#7557 = FILL_AREA_STYLE('',(#7558));
#7558 = FILL_AREA_STYLE_COLOUR('',#6759);
#7559 = STYLED_ITEM('color',(#7560),#4404);
#7560 = PRESENTATION_STYLE_ASSIGNMENT((#7561));
#7561 = SURFACE_STYLE_USAGE(.BOTH.,#7562);
#7562 = SURFACE_SIDE_STYLE('',(#7563));
#7563 = SURFACE_STYLE_FILL_AREA(#7564);
#7564 = FILL_AREA_STYLE('',(#7565));
#7565 = FILL_AREA_STYLE_COLOUR('',#6921);
#7566 = STYLED_ITEM('color',(#7567),#4434);
#7567 = PRESENTATION_STYLE_ASSIGNMENT((#7568));
#7568 = SURFACE_STYLE_USAGE(.BOTH.,#7569);
#7569 = SURFACE_SIDE_STYLE('',(#7570));
#7570 = SURFACE_STYLE_FILL_AREA(#7571);
#7571 = FILL_AREA_STYLE('',(#7572));
#7572 = FILL_AREA_STYLE_COLOUR('',#6921);
#7573 = STYLED_ITEM('color',(#7574),#4444);
#7574 = PRESENTATION_STYLE_ASSIGNMENT((#7575));
#7575 = SURFACE_STYLE_USAGE(.BOTH.,#7576);
#7576 = SURFACE_SIDE_STYLE('',(#7577));
#7577 = SURFACE_STYLE_FILL_AREA(#7578);
#7578 = FILL_AREA_STYLE('',(#7579));
#7579 = FILL_AREA_STYLE_COLOUR('',#6759);
#7580 = STYLED_ITEM('color',(#7581),#4461);
#7581 = PRESENTATION_STYLE_ASSIGNMENT((#7582));
#7582 = SURFACE_STYLE_USAGE(.BOTH.,#7583);
#7583 = SURFACE_SIDE_STYLE('',(#7584));
#7584 = SURFACE_STYLE_FILL_AREA(#7585);
#7585 = FILL_AREA_STYLE('',(#7586));
#7586 = FILL_AREA_STYLE_COLOUR('',#6759);
#7587 = STYLED_ITEM('color',(#7588),#4478);
#7588 = PRESENTATION_STYLE_ASSIGNMENT((#7589));
#7589 = SURFACE_STYLE_USAGE(.BOTH.,#7590);
#7590 = SURFACE_SIDE_STYLE('',(#7591));
#7591 = SURFACE_STYLE_FILL_AREA(#7592);
#7592 = FILL_AREA_STYLE('',(#7593));
#7593 = FILL_AREA_STYLE_COLOUR('',#6759);
#7594 = STYLED_ITEM('color',(#7595),#4495);
#7595 = PRESENTATION_STYLE_ASSIGNMENT((#7596));
#7596 = SURFACE_STYLE_USAGE(.BOTH.,#7597);
#7597 = SURFACE_SIDE_STYLE('',(#7598));
#7598 = SURFACE_STYLE_FILL_AREA(#7599);
#7599 = FILL_AREA_STYLE('',(#7600));
#7600 = FILL_AREA_STYLE_COLOUR('',#6759);
#7601 = STYLED_ITEM('color',(#7602),#4512);
#7602 = PRESENTATION_STYLE_ASSIGNMENT((#7603));
#7603 = SURFACE_STYLE_USAGE(.BOTH.,#7604);
#7604 = SURFACE_SIDE_STYLE('',(#7605));
#7605 = SURFACE_STYLE_FILL_AREA(#7606);
#7606 = FILL_AREA_STYLE('',(#7607));
#7607 = FILL_AREA_STYLE_COLOUR('',#6759);
#7608 = STYLED_ITEM('color',(#7609),#4542);
#7609 = PRESENTATION_STYLE_ASSIGNMENT((#7610));
#7610 = SURFACE_STYLE_USAGE(.BOTH.,#7611);
#7611 = SURFACE_SIDE_STYLE('',(#7612));
#7612 = SURFACE_STYLE_FILL_AREA(#7613);
#7613 = FILL_AREA_STYLE('',(#7614));
#7614 = FILL_AREA_STYLE_COLOUR('',#6759);
#7615 = STYLED_ITEM('color',(#7616),#4559);
#7616 = PRESENTATION_STYLE_ASSIGNMENT((#7617));
#7617 = SURFACE_STYLE_USAGE(.BOTH.,#7618);
#7618 = SURFACE_SIDE_STYLE('',(#7619));
#7619 = SURFACE_STYLE_FILL_AREA(#7620);
#7620 = FILL_AREA_STYLE('',(#7621));
#7621 = FILL_AREA_STYLE_COLOUR('',#6759);
#7622 = STYLED_ITEM('color',(#7623),#4576);
#7623 = PRESENTATION_STYLE_ASSIGNMENT((#7624));
#7624 = SURFACE_STYLE_USAGE(.BOTH.,#7625);
#7625 = SURFACE_SIDE_STYLE('',(#7626));
#7626 = SURFACE_STYLE_FILL_AREA(#7627);
#7627 = FILL_AREA_STYLE('',(#7628));
#7628 = FILL_AREA_STYLE_COLOUR('',#6759);
#7629 = STYLED_ITEM('color',(#7630),#4598);
#7630 = PRESENTATION_STYLE_ASSIGNMENT((#7631));
#7631 = SURFACE_STYLE_USAGE(.BOTH.,#7632);
#7632 = SURFACE_SIDE_STYLE('',(#7633));
#7633 = SURFACE_STYLE_FILL_AREA(#7634);
#7634 = FILL_AREA_STYLE('',(#7635));
#7635 = FILL_AREA_STYLE_COLOUR('',#6759);
#7636 = STYLED_ITEM('color',(#7637),#4620);
#7637 = PRESENTATION_STYLE_ASSIGNMENT((#7638));
#7638 = SURFACE_STYLE_USAGE(.BOTH.,#7639);
#7639 = SURFACE_SIDE_STYLE('',(#7640));
#7640 = SURFACE_STYLE_FILL_AREA(#7641);
#7641 = FILL_AREA_STYLE('',(#7642));
#7642 = FILL_AREA_STYLE_COLOUR('',#6759);
#7643 = STYLED_ITEM('color',(#7644),#4637);
#7644 = PRESENTATION_STYLE_ASSIGNMENT((#7645));
#7645 = SURFACE_STYLE_USAGE(.BOTH.,#7646);
#7646 = SURFACE_SIDE_STYLE('',(#7647));
#7647 = SURFACE_STYLE_FILL_AREA(#7648);
#7648 = FILL_AREA_STYLE('',(#7649));
#7649 = FILL_AREA_STYLE_COLOUR('',#6759);
#7650 = STYLED_ITEM('color',(#7651),#4668);
#7651 = PRESENTATION_STYLE_ASSIGNMENT((#7652));
#7652 = SURFACE_STYLE_USAGE(.BOTH.,#7653);
#7653 = SURFACE_SIDE_STYLE('',(#7654));
#7654 = SURFACE_STYLE_FILL_AREA(#7655);
#7655 = FILL_AREA_STYLE('',(#7656));
#7656 = FILL_AREA_STYLE_COLOUR('',#6759);
#7657 = STYLED_ITEM('color',(#7658),#4700);
#7658 = PRESENTATION_STYLE_ASSIGNMENT((#7659));
#7659 = SURFACE_STYLE_USAGE(.BOTH.,#7660);
#7660 = SURFACE_SIDE_STYLE('',(#7661));
#7661 = SURFACE_STYLE_FILL_AREA(#7662);
#7662 = FILL_AREA_STYLE('',(#7663));
#7663 = FILL_AREA_STYLE_COLOUR('',#6759);
#7664 = STYLED_ITEM('color',(#7665),#4724);
#7665 = PRESENTATION_STYLE_ASSIGNMENT((#7666));
#7666 = SURFACE_STYLE_USAGE(.BOTH.,#7667);
#7667 = SURFACE_SIDE_STYLE('',(#7668));
#7668 = SURFACE_STYLE_FILL_AREA(#7669);
#7669 = FILL_AREA_STYLE('',(#7670));
#7670 = FILL_AREA_STYLE_COLOUR('',#6759);
#7671 = STYLED_ITEM('color',(#7672),#4749);
#7672 = PRESENTATION_STYLE_ASSIGNMENT((#7673));
#7673 = SURFACE_STYLE_USAGE(.BOTH.,#7674);
#7674 = SURFACE_SIDE_STYLE('',(#7675));
#7675 = SURFACE_STYLE_FILL_AREA(#7676);
#7676 = FILL_AREA_STYLE('',(#7677));
#7677 = FILL_AREA_STYLE_COLOUR('',#6921);
#7678 = STYLED_ITEM('color',(#7679),#4789);
#7679 = PRESENTATION_STYLE_ASSIGNMENT((#7680));
#7680 = SURFACE_STYLE_USAGE(.BOTH.,#7681);
#7681 = SURFACE_SIDE_STYLE('',(#7682));
#7682 = SURFACE_STYLE_FILL_AREA(#7683);
#7683 = FILL_AREA_STYLE('',(#7684));
#7684 = FILL_AREA_STYLE_COLOUR('',#6759);
#7685 = STYLED_ITEM('color',(#7686),#4827);
#7686 = PRESENTATION_STYLE_ASSIGNMENT((#7687));
#7687 = SURFACE_STYLE_USAGE(.BOTH.,#7688);
#7688 = SURFACE_SIDE_STYLE('',(#7689));
#7689 = SURFACE_STYLE_FILL_AREA(#7690);
#7690 = FILL_AREA_STYLE('',(#7691));
#7691 = FILL_AREA_STYLE_COLOUR('',#6759);
#7692 = STYLED_ITEM('color',(#7693),#4843);
#7693 = PRESENTATION_STYLE_ASSIGNMENT((#7694));
#7694 = SURFACE_STYLE_USAGE(.BOTH.,#7695);
#7695 = SURFACE_SIDE_STYLE('',(#7696));
#7696 = SURFACE_STYLE_FILL_AREA(#7697);
#7697 = FILL_AREA_STYLE('',(#7698));
#7698 = FILL_AREA_STYLE_COLOUR('',#6759);
#7699 = STYLED_ITEM('color',(#7700),#4855);
#7700 = PRESENTATION_STYLE_ASSIGNMENT((#7701));
#7701 = SURFACE_STYLE_USAGE(.BOTH.,#7702);
#7702 = SURFACE_SIDE_STYLE('',(#7703));
#7703 = SURFACE_STYLE_FILL_AREA(#7704);
#7704 = FILL_AREA_STYLE('',(#7705));
#7705 = FILL_AREA_STYLE_COLOUR('',#6759);
#7706 = STYLED_ITEM('color',(#7707),#4867);
#7707 = PRESENTATION_STYLE_ASSIGNMENT((#7708));
#7708 = SURFACE_STYLE_USAGE(.BOTH.,#7709);
#7709 = SURFACE_SIDE_STYLE('',(#7710));
#7710 = SURFACE_STYLE_FILL_AREA(#7711);
#7711 = FILL_AREA_STYLE('',(#7712));
#7712 = FILL_AREA_STYLE_COLOUR('',#6759);
#7713 = STYLED_ITEM('color',(#7714),#4879);
#7714 = PRESENTATION_STYLE_ASSIGNMENT((#7715));
#7715 = SURFACE_STYLE_USAGE(.BOTH.,#7716);
#7716 = SURFACE_SIDE_STYLE('',(#7717));
#7717 = SURFACE_STYLE_FILL_AREA(#7718);
#7718 = FILL_AREA_STYLE('',(#7719));
#7719 = FILL_AREA_STYLE_COLOUR('',#6759);
#7720 = STYLED_ITEM('color',(#7721),#4897);
#7721 = PRESENTATION_STYLE_ASSIGNMENT((#7722));
#7722 = SURFACE_STYLE_USAGE(.BOTH.,#7723);
#7723 = SURFACE_SIDE_STYLE('',(#7724));
#7724 = SURFACE_STYLE_FILL_AREA(#7725);
#7725 = FILL_AREA_STYLE('',(#7726));
#7726 = FILL_AREA_STYLE_COLOUR('',#6759);
#7727 = STYLED_ITEM('color',(#7728),#4919);
#7728 = PRESENTATION_STYLE_ASSIGNMENT((#7729));
#7729 = SURFACE_STYLE_USAGE(.BOTH.,#7730);
#7730 = SURFACE_SIDE_STYLE('',(#7731));
#7731 = SURFACE_STYLE_FILL_AREA(#7732);
#7732 = FILL_AREA_STYLE('',(#7733));
#7733 = FILL_AREA_STYLE_COLOUR('',#6759);
#7734 = STYLED_ITEM('color',(#7735),#4936);
#7735 = PRESENTATION_STYLE_ASSIGNMENT((#7736));
#7736 = SURFACE_STYLE_USAGE(.BOTH.,#7737);
#7737 = SURFACE_SIDE_STYLE('',(#7738));
#7738 = SURFACE_STYLE_FILL_AREA(#7739);
#7739 = FILL_AREA_STYLE('',(#7740));
#7740 = FILL_AREA_STYLE_COLOUR('',#6759);
#7741 = STYLED_ITEM('color',(#7742),#4953);
#7742 = PRESENTATION_STYLE_ASSIGNMENT((#7743));
#7743 = SURFACE_STYLE_USAGE(.BOTH.,#7744);
#7744 = SURFACE_SIDE_STYLE('',(#7745));
#7745 = SURFACE_STYLE_FILL_AREA(#7746);
#7746 = FILL_AREA_STYLE('',(#7747));
#7747 = FILL_AREA_STYLE_COLOUR('',#6759);
#7748 = STYLED_ITEM('color',(#7749),#4965);
#7749 = PRESENTATION_STYLE_ASSIGNMENT((#7750));
#7750 = SURFACE_STYLE_USAGE(.BOTH.,#7751);
#7751 = SURFACE_SIDE_STYLE('',(#7752));
#7752 = SURFACE_STYLE_FILL_AREA(#7753);
#7753 = FILL_AREA_STYLE('',(#7754));
#7754 = FILL_AREA_STYLE_COLOUR('',#6759);
#7755 = STYLED_ITEM('color',(#7756),#4999);
#7756 = PRESENTATION_STYLE_ASSIGNMENT((#7757));
#7757 = SURFACE_STYLE_USAGE(.BOTH.,#7758);
#7758 = SURFACE_SIDE_STYLE('',(#7759));
#7759 = SURFACE_STYLE_FILL_AREA(#7760);
#7760 = FILL_AREA_STYLE('',(#7761));
#7761 = FILL_AREA_STYLE_COLOUR('',#6759);
#7762 = STYLED_ITEM('color',(#7763),#5016);
#7763 = PRESENTATION_STYLE_ASSIGNMENT((#7764));
#7764 = SURFACE_STYLE_USAGE(.BOTH.,#7765);
#7765 = SURFACE_SIDE_STYLE('',(#7766));
#7766 = SURFACE_STYLE_FILL_AREA(#7767);
#7767 = FILL_AREA_STYLE('',(#7768));
#7768 = FILL_AREA_STYLE_COLOUR('',#6759);
#7769 = STYLED_ITEM('color',(#7770),#5038);
#7770 = PRESENTATION_STYLE_ASSIGNMENT((#7771));
#7771 = SURFACE_STYLE_USAGE(.BOTH.,#7772);
#7772 = SURFACE_SIDE_STYLE('',(#7773));
#7773 = SURFACE_STYLE_FILL_AREA(#7774);
#7774 = FILL_AREA_STYLE('',(#7775));
#7775 = FILL_AREA_STYLE_COLOUR('',#6759);
#7776 = STYLED_ITEM('color',(#7777),#5056);
#7777 = PRESENTATION_STYLE_ASSIGNMENT((#7778));
#7778 = SURFACE_STYLE_USAGE(.BOTH.,#7779);
#7779 = SURFACE_SIDE_STYLE('',(#7780));
#7780 = SURFACE_STYLE_FILL_AREA(#7781);
#7781 = FILL_AREA_STYLE('',(#7782));
#7782 = FILL_AREA_STYLE_COLOUR('',#6759);
#7783 = STYLED_ITEM('color',(#7784),#5088);
#7784 = PRESENTATION_STYLE_ASSIGNMENT((#7785));
#7785 = SURFACE_STYLE_USAGE(.BOTH.,#7786);
#7786 = SURFACE_SIDE_STYLE('',(#7787));
#7787 = SURFACE_STYLE_FILL_AREA(#7788);
#7788 = FILL_AREA_STYLE('',(#7789));
#7789 = FILL_AREA_STYLE_COLOUR('',#6759);
#7790 = STYLED_ITEM('color',(#7791),#5128);
#7791 = PRESENTATION_STYLE_ASSIGNMENT((#7792));
#7792 = SURFACE_STYLE_USAGE(.BOTH.,#7793);
#7793 = SURFACE_SIDE_STYLE('',(#7794));
#7794 = SURFACE_STYLE_FILL_AREA(#7795);
#7795 = FILL_AREA_STYLE('',(#7796));
#7796 = FILL_AREA_STYLE_COLOUR('',#6759);
#7797 = STYLED_ITEM('color',(#7798),#5170);
#7798 = PRESENTATION_STYLE_ASSIGNMENT((#7799));
#7799 = SURFACE_STYLE_USAGE(.BOTH.,#7800);
#7800 = SURFACE_SIDE_STYLE('',(#7801));
#7801 = SURFACE_STYLE_FILL_AREA(#7802);
#7802 = FILL_AREA_STYLE('',(#7803));
#7803 = FILL_AREA_STYLE_COLOUR('',#6759);
#7804 = STYLED_ITEM('color',(#7805),#5203);
#7805 = PRESENTATION_STYLE_ASSIGNMENT((#7806));
#7806 = SURFACE_STYLE_USAGE(.BOTH.,#7807);
#7807 = SURFACE_SIDE_STYLE('',(#7808));
#7808 = SURFACE_STYLE_FILL_AREA(#7809);
#7809 = FILL_AREA_STYLE('',(#7810));
#7810 = FILL_AREA_STYLE_COLOUR('',#6759);
#7811 = STYLED_ITEM('color',(#7812),#5234);
#7812 = PRESENTATION_STYLE_ASSIGNMENT((#7813));
#7813 = SURFACE_STYLE_USAGE(.BOTH.,#7814);
#7814 = SURFACE_SIDE_STYLE('',(#7815));
#7815 = SURFACE_STYLE_FILL_AREA(#7816);
#7816 = FILL_AREA_STYLE('',(#7817));
#7817 = FILL_AREA_STYLE_COLOUR('',#6759);
#7818 = STYLED_ITEM('color',(#7819),#5271);
#7819 = PRESENTATION_STYLE_ASSIGNMENT((#7820));
#7820 = SURFACE_STYLE_USAGE(.BOTH.,#7821);
#7821 = SURFACE_SIDE_STYLE('',(#7822));
#7822 = SURFACE_STYLE_FILL_AREA(#7823);
#7823 = FILL_AREA_STYLE('',(#7824));
#7824 = FILL_AREA_STYLE_COLOUR('',#6759);
#7825 = STYLED_ITEM('color',(#7826),#5302);
#7826 = PRESENTATION_STYLE_ASSIGNMENT((#7827));
#7827 = SURFACE_STYLE_USAGE(.BOTH.,#7828);
#7828 = SURFACE_SIDE_STYLE('',(#7829));
#7829 = SURFACE_STYLE_FILL_AREA(#7830);
#7830 = FILL_AREA_STYLE('',(#7831));
#7831 = FILL_AREA_STYLE_COLOUR('',#6759);
#7832 = STYLED_ITEM('color',(#7833),#5339);
#7833 = PRESENTATION_STYLE_ASSIGNMENT((#7834));
#7834 = SURFACE_STYLE_USAGE(.BOTH.,#7835);
#7835 = SURFACE_SIDE_STYLE('',(#7836));
#7836 = SURFACE_STYLE_FILL_AREA(#7837);
#7837 = FILL_AREA_STYLE('',(#7838));
#7838 = FILL_AREA_STYLE_COLOUR('',#6759);
#7839 = STYLED_ITEM('color',(#7840),#5370);
#7840 = PRESENTATION_STYLE_ASSIGNMENT((#7841));
#7841 = SURFACE_STYLE_USAGE(.BOTH.,#7842);
#7842 = SURFACE_SIDE_STYLE('',(#7843));
#7843 = SURFACE_STYLE_FILL_AREA(#7844);
#7844 = FILL_AREA_STYLE('',(#7845));
#7845 = FILL_AREA_STYLE_COLOUR('',#6759);
#7846 = STYLED_ITEM('color',(#7847),#5403);
#7847 = PRESENTATION_STYLE_ASSIGNMENT((#7848));
#7848 = SURFACE_STYLE_USAGE(.BOTH.,#7849);
#7849 = SURFACE_SIDE_STYLE('',(#7850));
#7850 = SURFACE_STYLE_FILL_AREA(#7851);
#7851 = FILL_AREA_STYLE('',(#7852));
#7852 = FILL_AREA_STYLE_COLOUR('',#6759);
#7853 = STYLED_ITEM('color',(#7854),#5436);
#7854 = PRESENTATION_STYLE_ASSIGNMENT((#7855));
#7855 = SURFACE_STYLE_USAGE(.BOTH.,#7856);
#7856 = SURFACE_SIDE_STYLE('',(#7857));
#7857 = SURFACE_STYLE_FILL_AREA(#7858);
#7858 = FILL_AREA_STYLE('',(#7859));
#7859 = FILL_AREA_STYLE_COLOUR('',#6759);
#7860 = STYLED_ITEM('color',(#7861),#5517);
#7861 = PRESENTATION_STYLE_ASSIGNMENT((#7862));
#7862 = SURFACE_STYLE_USAGE(.BOTH.,#7863);
#7863 = SURFACE_SIDE_STYLE('',(#7864));
#7864 = SURFACE_STYLE_FILL_AREA(#7865);
#7865 = FILL_AREA_STYLE('',(#7866));
#7866 = FILL_AREA_STYLE_COLOUR('',#6921);
#7867 = STYLED_ITEM('color',(#7868),#5532);
#7868 = PRESENTATION_STYLE_ASSIGNMENT((#7869));
#7869 = SURFACE_STYLE_USAGE(.BOTH.,#7870);
#7870 = SURFACE_SIDE_STYLE('',(#7871));
#7871 = SURFACE_STYLE_FILL_AREA(#7872);
#7872 = FILL_AREA_STYLE('',(#7873));
#7873 = FILL_AREA_STYLE_COLOUR('',#6921);
#7874 = STYLED_ITEM('color',(#7875),#5549);
#7875 = PRESENTATION_STYLE_ASSIGNMENT((#7876));
#7876 = SURFACE_STYLE_USAGE(.BOTH.,#7877);
#7877 = SURFACE_SIDE_STYLE('',(#7878));
#7878 = SURFACE_STYLE_FILL_AREA(#7879);
#7879 = FILL_AREA_STYLE('',(#7880));
#7880 = FILL_AREA_STYLE_COLOUR('',#6921);
#7881 = STYLED_ITEM('color',(#7882),#5584);
#7882 = PRESENTATION_STYLE_ASSIGNMENT((#7883));
#7883 = SURFACE_STYLE_USAGE(.BOTH.,#7884);
#7884 = SURFACE_SIDE_STYLE('',(#7885));
#7885 = SURFACE_STYLE_FILL_AREA(#7886);
#7886 = FILL_AREA_STYLE('',(#7887));
#7887 = FILL_AREA_STYLE_COLOUR('',#6921);
#7888 = STYLED_ITEM('color',(#7889),#5615);
#7889 = PRESENTATION_STYLE_ASSIGNMENT((#7890));
#7890 = SURFACE_STYLE_USAGE(.BOTH.,#7891);
#7891 = SURFACE_SIDE_STYLE('',(#7892));
#7892 = SURFACE_STYLE_FILL_AREA(#7893);
#7893 = FILL_AREA_STYLE('',(#7894));
#7894 = FILL_AREA_STYLE_COLOUR('',#6921);
#7895 = STYLED_ITEM('color',(#7896),#5637);
#7896 = PRESENTATION_STYLE_ASSIGNMENT((#7897));
#7897 = SURFACE_STYLE_USAGE(.BOTH.,#7898);
#7898 = SURFACE_SIDE_STYLE('',(#7899));
#7899 = SURFACE_STYLE_FILL_AREA(#7900);
#7900 = FILL_AREA_STYLE('',(#7901));
#7901 = FILL_AREA_STYLE_COLOUR('',#6759);
#7902 = STYLED_ITEM('color',(#7903),#5685);
#7903 = PRESENTATION_STYLE_ASSIGNMENT((#7904));
#7904 = SURFACE_STYLE_USAGE(.BOTH.,#7905);
#7905 = SURFACE_SIDE_STYLE('',(#7906));
#7906 = SURFACE_STYLE_FILL_AREA(#7907);
#7907 = FILL_AREA_STYLE('',(#7908));
#7908 = FILL_AREA_STYLE_COLOUR('',#6759);
#7909 = STYLED_ITEM('color',(#7910),#5723);
#7910 = PRESENTATION_STYLE_ASSIGNMENT((#7911));
#7911 = SURFACE_STYLE_USAGE(.BOTH.,#7912);
#7912 = SURFACE_SIDE_STYLE('',(#7913));
#7913 = SURFACE_STYLE_FILL_AREA(#7914);
#7914 = FILL_AREA_STYLE('',(#7915));
#7915 = FILL_AREA_STYLE_COLOUR('',#6759);
#7916 = STYLED_ITEM('color',(#7917),#5761);
#7917 = PRESENTATION_STYLE_ASSIGNMENT((#7918));
#7918 = SURFACE_STYLE_USAGE(.BOTH.,#7919);
#7919 = SURFACE_SIDE_STYLE('',(#7920));
#7920 = SURFACE_STYLE_FILL_AREA(#7921);
#7921 = FILL_AREA_STYLE('',(#7922));
#7922 = FILL_AREA_STYLE_COLOUR('',#6759);
#7923 = STYLED_ITEM('color',(#7924),#5788);
#7924 = PRESENTATION_STYLE_ASSIGNMENT((#7925));
#7925 = SURFACE_STYLE_USAGE(.BOTH.,#7926);
#7926 = SURFACE_SIDE_STYLE('',(#7927));
#7927 = SURFACE_STYLE_FILL_AREA(#7928);
#7928 = FILL_AREA_STYLE('',(#7929));
#7929 = FILL_AREA_STYLE_COLOUR('',#6759);
#7930 = STYLED_ITEM('color',(#7931),#5825);
#7931 = PRESENTATION_STYLE_ASSIGNMENT((#7932));
#7932 = SURFACE_STYLE_USAGE(.BOTH.,#7933);
#7933 = SURFACE_SIDE_STYLE('',(#7934));
#7934 = SURFACE_STYLE_FILL_AREA(#7935);
#7935 = FILL_AREA_STYLE('',(#7936));
#7936 = FILL_AREA_STYLE_COLOUR('',#6759);
#7937 = STYLED_ITEM('color',(#7938),#5850);
#7938 = PRESENTATION_STYLE_ASSIGNMENT((#7939));
#7939 = SURFACE_STYLE_USAGE(.BOTH.,#7940);
#7940 = SURFACE_SIDE_STYLE('',(#7941));
#7941 = SURFACE_STYLE_FILL_AREA(#7942);
#7942 = FILL_AREA_STYLE('',(#7943));
#7943 = FILL_AREA_STYLE_COLOUR('',#6759);
#7944 = STYLED_ITEM('color',(#7945),#5881);
#7945 = PRESENTATION_STYLE_ASSIGNMENT((#7946));
#7946 = SURFACE_STYLE_USAGE(.BOTH.,#7947);
#7947 = SURFACE_SIDE_STYLE('',(#7948));
#7948 = SURFACE_STYLE_FILL_AREA(#7949);
#7949 = FILL_AREA_STYLE('',(#7950));
#7950 = FILL_AREA_STYLE_COLOUR('',#6759);
#7951 = STYLED_ITEM('color',(#7952),#5905);
#7952 = PRESENTATION_STYLE_ASSIGNMENT((#7953));
#7953 = SURFACE_STYLE_USAGE(.BOTH.,#7954);
#7954 = SURFACE_SIDE_STYLE('',(#7955));
#7955 = SURFACE_STYLE_FILL_AREA(#7956);
#7956 = FILL_AREA_STYLE('',(#7957));
#7957 = FILL_AREA_STYLE_COLOUR('',#6759);
#7958 = STYLED_ITEM('color',(#7959),#5929);
#7959 = PRESENTATION_STYLE_ASSIGNMENT((#7960));
#7960 = SURFACE_STYLE_USAGE(.BOTH.,#7961);
#7961 = SURFACE_SIDE_STYLE('',(#7962));
#7962 = SURFACE_STYLE_FILL_AREA(#7963);
#7963 = FILL_AREA_STYLE('',(#7964));
#7964 = FILL_AREA_STYLE_COLOUR('',#6759);
#7965 = STYLED_ITEM('color',(#7966),#5946);
#7966 = PRESENTATION_STYLE_ASSIGNMENT((#7967));
#7967 = SURFACE_STYLE_USAGE(.BOTH.,#7968);
#7968 = SURFACE_SIDE_STYLE('',(#7969));
#7969 = SURFACE_STYLE_FILL_AREA(#7970);
#7970 = FILL_AREA_STYLE('',(#7971));
#7971 = FILL_AREA_STYLE_COLOUR('',#6759);
#7972 = STYLED_ITEM('color',(#7973),#5985);
#7973 = PRESENTATION_STYLE_ASSIGNMENT((#7974));
#7974 = SURFACE_STYLE_USAGE(.BOTH.,#7975);
#7975 = SURFACE_SIDE_STYLE('',(#7976));
#7976 = SURFACE_STYLE_FILL_AREA(#7977);
#7977 = FILL_AREA_STYLE('',(#7978));
#7978 = FILL_AREA_STYLE_COLOUR('',#6759);
#7979 = STYLED_ITEM('color',(#7980),#6012);
#7980 = PRESENTATION_STYLE_ASSIGNMENT((#7981));
#7981 = SURFACE_STYLE_USAGE(.BOTH.,#7982);
#7982 = SURFACE_SIDE_STYLE('',(#7983));
#7983 = SURFACE_STYLE_FILL_AREA(#7984);
#7984 = FILL_AREA_STYLE('',(#7985));
#7985 = FILL_AREA_STYLE_COLOUR('',#6759);
#7986 = STYLED_ITEM('color',(#7987),#6051);
#7987 = PRESENTATION_STYLE_ASSIGNMENT((#7988));
#7988 = SURFACE_STYLE_USAGE(.BOTH.,#7989);
#7989 = SURFACE_SIDE_STYLE('',(#7990));
#7990 = SURFACE_STYLE_FILL_AREA(#7991);
#7991 = FILL_AREA_STYLE('',(#7992));
#7992 = FILL_AREA_STYLE_COLOUR('',#6759);
#7993 = STYLED_ITEM('color',(#7994),#6075);
#7994 = PRESENTATION_STYLE_ASSIGNMENT((#7995));
#7995 = SURFACE_STYLE_USAGE(.BOTH.,#7996);
#7996 = SURFACE_SIDE_STYLE('',(#7997));
#7997 = SURFACE_STYLE_FILL_AREA(#7998);
#7998 = FILL_AREA_STYLE('',(#7999));
#7999 = FILL_AREA_STYLE_COLOUR('',#6759);
#8000 = STYLED_ITEM('color',(#8001),#6107);
#8001 = PRESENTATION_STYLE_ASSIGNMENT((#8002));
#8002 = SURFACE_STYLE_USAGE(.BOTH.,#8003);
#8003 = SURFACE_SIDE_STYLE('',(#8004));
#8004 = SURFACE_STYLE_FILL_AREA(#8005);
#8005 = FILL_AREA_STYLE('',(#8006));
#8006 = FILL_AREA_STYLE_COLOUR('',#6759);
#8007 = STYLED_ITEM('color',(#8008),#6124);
#8008 = PRESENTATION_STYLE_ASSIGNMENT((#8009));
#8009 = SURFACE_STYLE_USAGE(.BOTH.,#8010);
#8010 = SURFACE_SIDE_STYLE('',(#8011));
#8011 = SURFACE_STYLE_FILL_AREA(#8012);
#8012 = FILL_AREA_STYLE('',(#8013));
#8013 = FILL_AREA_STYLE_COLOUR('',#6759);
#8014 = STYLED_ITEM('color',(#8015),#6161);
#8015 = PRESENTATION_STYLE_ASSIGNMENT((#8016));
#8016 = SURFACE_STYLE_USAGE(.BOTH.,#8017);
#8017 = SURFACE_SIDE_STYLE('',(#8018));
#8018 = SURFACE_STYLE_FILL_AREA(#8019);
#8019 = FILL_AREA_STYLE('',(#8020));
#8020 = FILL_AREA_STYLE_COLOUR('',#6759);
#8021 = STYLED_ITEM('color',(#8022),#6186);
#8022 = PRESENTATION_STYLE_ASSIGNMENT((#8023));
#8023 = SURFACE_STYLE_USAGE(.BOTH.,#8024);
#8024 = SURFACE_SIDE_STYLE('',(#8025));
#8025 = SURFACE_STYLE_FILL_AREA(#8026);
#8026 = FILL_AREA_STYLE('',(#8027));
#8027 = FILL_AREA_STYLE_COLOUR('',#6759);
#8028 = STYLED_ITEM('color',(#8029),#6225);
#8029 = PRESENTATION_STYLE_ASSIGNMENT((#8030));
#8030 = SURFACE_STYLE_USAGE(.BOTH.,#8031);
#8031 = SURFACE_SIDE_STYLE('',(#8032));
#8032 = SURFACE_STYLE_FILL_AREA(#8033);
#8033 = FILL_AREA_STYLE('',(#8034));
#8034 = FILL_AREA_STYLE_COLOUR('',#6759);
#8035 = STYLED_ITEM('color',(#8036),#6242);
#8036 = PRESENTATION_STYLE_ASSIGNMENT((#8037));
#8037 = SURFACE_STYLE_USAGE(.BOTH.,#8038);
#8038 = SURFACE_SIDE_STYLE('',(#8039));
#8039 = SURFACE_STYLE_FILL_AREA(#8040);
#8040 = FILL_AREA_STYLE('',(#8041));
#8041 = FILL_AREA_STYLE_COLOUR('',#6921);
#8042 = STYLED_ITEM('color',(#8043),#6282);
#8043 = PRESENTATION_STYLE_ASSIGNMENT((#8044));
#8044 = SURFACE_STYLE_USAGE(.BOTH.,#8045);
#8045 = SURFACE_SIDE_STYLE('',(#8046));
#8046 = SURFACE_STYLE_FILL_AREA(#8047);
#8047 = FILL_AREA_STYLE('',(#8048));
#8048 = FILL_AREA_STYLE_COLOUR('',#6759);
#8049 = STYLED_ITEM('color',(#8050),#6313);
#8050 = PRESENTATION_STYLE_ASSIGNMENT((#8051));
#8051 = SURFACE_STYLE_USAGE(.BOTH.,#8052);
#8052 = SURFACE_SIDE_STYLE('',(#8053));
#8053 = SURFACE_STYLE_FILL_AREA(#8054);
#8054 = FILL_AREA_STYLE('',(#8055));
#8055 = FILL_AREA_STYLE_COLOUR('',#6759);
#8056 = STYLED_ITEM('color',(#8057),#6335);
#8057 = PRESENTATION_STYLE_ASSIGNMENT((#8058));
#8058 = SURFACE_STYLE_USAGE(.BOTH.,#8059);
#8059 = SURFACE_SIDE_STYLE('',(#8060));
#8060 = SURFACE_STYLE_FILL_AREA(#8061);
#8061 = FILL_AREA_STYLE('',(#8062));
#8062 = FILL_AREA_STYLE_COLOUR('',#6759);
#8063 = STYLED_ITEM('color',(#8064),#6352);
#8064 = PRESENTATION_STYLE_ASSIGNMENT((#8065));
#8065 = SURFACE_STYLE_USAGE(.BOTH.,#8066);
#8066 = SURFACE_SIDE_STYLE('',(#8067));
#8067 = SURFACE_STYLE_FILL_AREA(#8068);
#8068 = FILL_AREA_STYLE('',(#8069));
#8069 = FILL_AREA_STYLE_COLOUR('',#6759);
#8070 = STYLED_ITEM('color',(#8071),#6369);
#8071 = PRESENTATION_STYLE_ASSIGNMENT((#8072));
#8072 = SURFACE_STYLE_USAGE(.BOTH.,#8073);
#8073 = SURFACE_SIDE_STYLE('',(#8074));
#8074 = SURFACE_STYLE_FILL_AREA(#8075);
#8075 = FILL_AREA_STYLE('',(#8076));
#8076 = FILL_AREA_STYLE_COLOUR('',#6759);
#8077 = STYLED_ITEM('color',(#8078),#6381);
#8078 = PRESENTATION_STYLE_ASSIGNMENT((#8079));
#8079 = SURFACE_STYLE_USAGE(.BOTH.,#8080);
#8080 = SURFACE_SIDE_STYLE('',(#8081));
#8081 = SURFACE_STYLE_FILL_AREA(#8082);
#8082 = FILL_AREA_STYLE('',(#8083));
#8083 = FILL_AREA_STYLE_COLOUR('',#6759);
#8084 = STYLED_ITEM('color',(#8085),#6411);
#8085 = PRESENTATION_STYLE_ASSIGNMENT((#8086));
#8086 = SURFACE_STYLE_USAGE(.BOTH.,#8087);
#8087 = SURFACE_SIDE_STYLE('',(#8088));
#8088 = SURFACE_STYLE_FILL_AREA(#8089);
#8089 = FILL_AREA_STYLE('',(#8090));
#8090 = FILL_AREA_STYLE_COLOUR('',#6759);
#8091 = STYLED_ITEM('color',(#8092),#6433);
#8092 = PRESENTATION_STYLE_ASSIGNMENT((#8093));
#8093 = SURFACE_STYLE_USAGE(.BOTH.,#8094);
#8094 = SURFACE_SIDE_STYLE('',(#8095));
#8095 = SURFACE_STYLE_FILL_AREA(#8096);
#8096 = FILL_AREA_STYLE('',(#8097));
#8097 = FILL_AREA_STYLE_COLOUR('',#6759);
#8098 = STYLED_ITEM('color',(#8099),#6450);
#8099 = PRESENTATION_STYLE_ASSIGNMENT((#8100));
#8100 = SURFACE_STYLE_USAGE(.BOTH.,#8101);
#8101 = SURFACE_SIDE_STYLE('',(#8102));
#8102 = SURFACE_STYLE_FILL_AREA(#8103);
#8103 = FILL_AREA_STYLE('',(#8104));
#8104 = FILL_AREA_STYLE_COLOUR('',#6759);
#8105 = STYLED_ITEM('color',(#8106),#6467);
#8106 = PRESENTATION_STYLE_ASSIGNMENT((#8107));
#8107 = SURFACE_STYLE_USAGE(.BOTH.,#8108);
#8108 = SURFACE_SIDE_STYLE('',(#8109));
#8109 = SURFACE_STYLE_FILL_AREA(#8110);
#8110 = FILL_AREA_STYLE('',(#8111));
#8111 = FILL_AREA_STYLE_COLOUR('',#6759);
#8112 = STYLED_ITEM('color',(#8113),#6484);
#8113 = PRESENTATION_STYLE_ASSIGNMENT((#8114));
#8114 = SURFACE_STYLE_USAGE(.BOTH.,#8115);
#8115 = SURFACE_SIDE_STYLE('',(#8116));
#8116 = SURFACE_STYLE_FILL_AREA(#8117);
#8117 = FILL_AREA_STYLE('',(#8118));
#8118 = FILL_AREA_STYLE_COLOUR('',#6759);
#8119 = STYLED_ITEM('color',(#8120),#6501);
#8120 = PRESENTATION_STYLE_ASSIGNMENT((#8121));
#8121 = SURFACE_STYLE_USAGE(.BOTH.,#8122);
#8122 = SURFACE_SIDE_STYLE('',(#8123));
#8123 = SURFACE_STYLE_FILL_AREA(#8124);
#8124 = FILL_AREA_STYLE('',(#8125));
#8125 = FILL_AREA_STYLE_COLOUR('',#6759);
#8126 = STYLED_ITEM('color',(#8127),#6524);
#8127 = PRESENTATION_STYLE_ASSIGNMENT((#8128));
#8128 = SURFACE_STYLE_USAGE(.BOTH.,#8129);
#8129 = SURFACE_SIDE_STYLE('',(#8130));
#8130 = SURFACE_STYLE_FILL_AREA(#8131);
#8131 = FILL_AREA_STYLE('',(#8132));
#8132 = FILL_AREA_STYLE_COLOUR('',#6759);
#8133 = STYLED_ITEM('color',(#8134),#6541);
#8134 = PRESENTATION_STYLE_ASSIGNMENT((#8135));
#8135 = SURFACE_STYLE_USAGE(.BOTH.,#8136);
#8136 = SURFACE_SIDE_STYLE('',(#8137));
#8137 = SURFACE_STYLE_FILL_AREA(#8138);
#8138 = FILL_AREA_STYLE('',(#8139));
#8139 = FILL_AREA_STYLE_COLOUR('',#6759);
#8140 = STYLED_ITEM('color',(#8141),#6564);
#8141 = PRESENTATION_STYLE_ASSIGNMENT((#8142));
#8142 = SURFACE_STYLE_USAGE(.BOTH.,#8143);
#8143 = SURFACE_SIDE_STYLE('',(#8144));
#8144 = SURFACE_STYLE_FILL_AREA(#8145);
#8145 = FILL_AREA_STYLE('',(#8146));
#8146 = FILL_AREA_STYLE_COLOUR('',#6759);
#8147 = STYLED_ITEM('color',(#8148),#6581);
#8148 = PRESENTATION_STYLE_ASSIGNMENT((#8149));
#8149 = SURFACE_STYLE_USAGE(.BOTH.,#8150);
#8150 = SURFACE_SIDE_STYLE('',(#8151));
#8151 = SURFACE_STYLE_FILL_AREA(#8152);
#8152 = FILL_AREA_STYLE('',(#8153));
#8153 = FILL_AREA_STYLE_COLOUR('',#6759);
#8154 = STYLED_ITEM('color',(#8155),#6598);
#8155 = PRESENTATION_STYLE_ASSIGNMENT((#8156));
#8156 = SURFACE_STYLE_USAGE(.BOTH.,#8157);
#8157 = SURFACE_SIDE_STYLE('',(#8158));
#8158 = SURFACE_STYLE_FILL_AREA(#8159);
#8159 = FILL_AREA_STYLE('',(#8160));
#8160 = FILL_AREA_STYLE_COLOUR('',#6759);
#8161 = STYLED_ITEM('color',(#8162),#6615);
#8162 = PRESENTATION_STYLE_ASSIGNMENT((#8163));
#8163 = SURFACE_STYLE_USAGE(.BOTH.,#8164);
#8164 = SURFACE_SIDE_STYLE('',(#8165));
#8165 = SURFACE_STYLE_FILL_AREA(#8166);
#8166 = FILL_AREA_STYLE('',(#8167));
#8167 = FILL_AREA_STYLE_COLOUR('',#6759);
#8168 = STYLED_ITEM('color',(#8169),#6627);
#8169 = PRESENTATION_STYLE_ASSIGNMENT((#8170));
#8170 = SURFACE_STYLE_USAGE(.BOTH.,#8171);
#8171 = SURFACE_SIDE_STYLE('',(#8172));
#8172 = SURFACE_STYLE_FILL_AREA(#8173);
#8173 = FILL_AREA_STYLE('',(#8174));
#8174 = FILL_AREA_STYLE_COLOUR('',#6759);
#8175 = STYLED_ITEM('color',(#8176),#6645);
#8176 = PRESENTATION_STYLE_ASSIGNMENT((#8177));
#8177 = SURFACE_STYLE_USAGE(.BOTH.,#8178);
#8178 = SURFACE_SIDE_STYLE('',(#8179));
#8179 = SURFACE_STYLE_FILL_AREA(#8180);
#8180 = FILL_AREA_STYLE('',(#8181));
#8181 = FILL_AREA_STYLE_COLOUR('',#6759);
#8182 = STYLED_ITEM('color',(#8183),#6681);
#8183 = PRESENTATION_STYLE_ASSIGNMENT((#8184));
#8184 = SURFACE_STYLE_USAGE(.BOTH.,#8185);
#8185 = SURFACE_SIDE_STYLE('',(#8186));
#8186 = SURFACE_STYLE_FILL_AREA(#8187);
#8187 = FILL_AREA_STYLE('',(#8188));
#8188 = FILL_AREA_STYLE_COLOUR('',#6759);
#8189 = STYLED_ITEM('color',(#8190),#6697);
#8190 = PRESENTATION_STYLE_ASSIGNMENT((#8191));
#8191 = SURFACE_STYLE_USAGE(.BOTH.,#8192);
#8192 = SURFACE_SIDE_STYLE('',(#8193));
#8193 = SURFACE_STYLE_FILL_AREA(#8194);
#8194 = FILL_AREA_STYLE('',(#8195));
#8195 = FILL_AREA_STYLE_COLOUR('',#6759);
#8196 = STYLED_ITEM('color',(#8197),#6721);
#8197 = PRESENTATION_STYLE_ASSIGNMENT((#8198));
#8198 = SURFACE_STYLE_USAGE(.BOTH.,#8199);
#8199 = SURFACE_SIDE_STYLE('',(#8200));
#8200 = SURFACE_STYLE_FILL_AREA(#8201);
#8201 = FILL_AREA_STYLE('',(#8202));
#8202 = FILL_AREA_STYLE_COLOUR('',#6759);
ENDSEC;
END-ISO-10303-21;
