ISO-10303-21;
HEADER;
FILE_DESCRIPTION(('KiCad electronic assembly'),'2;1');
FILE_NAME('minimal_adpl76030.step','2025-09-30T22:15:29',('Pcbnew'),(
    'Kicad'),'Open CASCADE STEP processor 7.9','KiCad to STEP converter'
  ,'Unknown');
FILE_SCHEMA(('AUTOMOTIVE_DESIGN { 1 0 10303 214 1 1 1 1 }'));
ENDSEC;
DATA;
#1 = APPLICATION_PROTOCOL_DEFINITION('international standard',
  'automotive_design',2000,#2);
#2 = APPLICATION_CONTEXT(
  'core data for automotive mechanical design processes');
#3 = SHAPE_DEFINITION_REPRESENTATION(#4,#10);
#4 = PRODUCT_DEFINITION_SHAPE('','',#5);
#5 = PRODUCT_DEFINITION('design','',#6,#9);
#6 = PRODUCT_DEFINITION_FORMATION('','',#7);
#7 = PRODUCT('minimal_adpl76030 1','minimal_adpl76030 1','',(#8));
#8 = PRODUCT_CONTEXT('',#2,'mechanical');
#9 = PRODUCT_DEFINITION_CONTEXT('part definition',#2,'design');
#10 = SHAPE_REPRESENTATION('',(#11,#15,#19,#23,#27,#31,#35,#39,#43,#47,
    #51,#55,#59,#63,#67,#71,#75,#79,#83,#87,#91,#95,#99,#103,#107,#111,
    #115,#119,#123,#127,#131,#135,#139,#143,#147,#151,#155,#159),#163);
#11 = AXIS2_PLACEMENT_3D('',#12,#13,#14);
#12 = CARTESIAN_POINT('',(0.,0.,0.));
#13 = DIRECTION('',(0.,0.,1.));
#14 = DIRECTION('',(1.,0.,-0.));
#15 = AXIS2_PLACEMENT_3D('',#16,#17,#18);
#16 = CARTESIAN_POINT('',(-3.05054,6.83359,1.595));
#17 = DIRECTION('',(0.,-0.,1.));
#18 = DIRECTION('',(1.110223024625E-16,1.,0.));
#19 = AXIS2_PLACEMENT_3D('',#20,#21,#22);
#20 = CARTESIAN_POINT('',(-4.1021,-5.23742,1.595));
#21 = DIRECTION('',(-0.,0.,1.));
#22 = DIRECTION('',(1.110223024625E-16,-1.,0.));
#23 = AXIS2_PLACEMENT_3D('',#24,#25,#26);
#24 = CARTESIAN_POINT('',(-1.62157,-7.00278,1.595));
#25 = DIRECTION('',(0.,0.,1.));
#26 = DIRECTION('',(1.,0.,0.));
#27 = AXIS2_PLACEMENT_3D('',#28,#29,#30);
#28 = CARTESIAN_POINT('',(11.40908,-3.2131,1.595));
#29 = DIRECTION('',(0.,0.,1.));
#30 = DIRECTION('',(1.,0.,0.));
#31 = AXIS2_PLACEMENT_3D('',#32,#33,#34);
#32 = CARTESIAN_POINT('',(-5.42236,-5.23742,1.595));
#33 = DIRECTION('',(0.,-0.,1.));
#34 = DIRECTION('',(1.110223024625E-16,1.,0.));
#35 = AXIS2_PLACEMENT_3D('',#36,#37,#38);
#36 = CARTESIAN_POINT('',(12.007219,-5.97662,1.595));
#37 = DIRECTION('',(-0.,0.,1.));
#38 = DIRECTION('',(1.110223024625E-16,-1.,0.));
#39 = AXIS2_PLACEMENT_3D('',#40,#41,#42);
#40 = CARTESIAN_POINT('',(2.2733,-6.49278,1.595));
#41 = DIRECTION('',(-0.,0.,1.));
#42 = DIRECTION('',(1.110223024625E-16,-1.,0.));
#43 = AXIS2_PLACEMENT_3D('',#44,#45,#46);
#44 = CARTESIAN_POINT('',(3.584315,-5.23742,1.595));
#45 = DIRECTION('',(-0.,0.,1.));
#46 = DIRECTION('',(1.110223024625E-16,-1.,0.));
#47 = AXIS2_PLACEMENT_3D('',#48,#49,#50);
#48 = CARTESIAN_POINT('',(8.01818,0.320979,1.595));
#49 = DIRECTION('',(0.,0.,1.));
#50 = DIRECTION('',(1.,0.,0.));
#51 = AXIS2_PLACEMENT_3D('',#52,#53,#54);
#52 = CARTESIAN_POINT('',(6.21538,-5.23742,1.595));
#53 = DIRECTION('',(0.,-0.,1.));
#54 = DIRECTION('',(1.110223024625E-16,1.,0.));
#55 = AXIS2_PLACEMENT_3D('',#56,#57,#58);
#56 = CARTESIAN_POINT('',(13.31722,-7.34662,1.595));
#57 = DIRECTION('',(-0.,0.,1.));
#58 = DIRECTION('',(1.110223024625E-16,-1.,0.));
#59 = AXIS2_PLACEMENT_3D('',#60,#61,#62);
#60 = CARTESIAN_POINT('',(-2.34182,-5.69214,1.595));
#61 = DIRECTION('',(0.,0.,1.));
#62 = DIRECTION('',(-1.,1.224646799147E-16,0.));
#63 = AXIS2_PLACEMENT_3D('',#64,#65,#66);
#64 = CARTESIAN_POINT('',(-8.01818,0.320979,1.595));
#65 = DIRECTION('',(0.,0.,1.));
#66 = DIRECTION('',(-1.,1.224646799147E-16,0.));
#67 = AXIS2_PLACEMENT_3D('',#68,#69,#70);
#68 = CARTESIAN_POINT('',(-11.40968,-0.144021,1.595));
#69 = DIRECTION('',(0.,0.,1.));
#70 = DIRECTION('',(-1.,1.224646799147E-16,0.));
#71 = AXIS2_PLACEMENT_3D('',#72,#73,#74);
#72 = CARTESIAN_POINT('',(-6.584259,6.830319,1.595));
#73 = DIRECTION('',(0.,-0.,1.));
#74 = DIRECTION('',(1.110223024625E-16,1.,0.));
#75 = AXIS2_PLACEMENT_3D('',#76,#77,#78);
#76 = CARTESIAN_POINT('',(-10.38018,5.08428,1.595));
#77 = DIRECTION('',(0.,-0.,1.));
#78 = DIRECTION('',(1.110223024625E-16,1.,0.));
#79 = AXIS2_PLACEMENT_3D('',#80,#81,#82);
#80 = CARTESIAN_POINT('',(3.828155,-1.451261,1.595));
#81 = DIRECTION('',(0.,-0.,1.));
#82 = DIRECTION('',(1.110223024625E-16,1.,0.));
#83 = AXIS2_PLACEMENT_3D('',#84,#85,#86);
#84 = CARTESIAN_POINT('',(1.8796,6.8326,1.595));
#85 = DIRECTION('',(0.,-0.,1.));
#86 = DIRECTION('',(1.110223024625E-16,1.,0.));
#87 = AXIS2_PLACEMENT_3D('',#88,#89,#90);
#88 = CARTESIAN_POINT('',(4.89458,-3.114262,1.595));
#89 = DIRECTION('',(-0.,0.,1.));
#90 = DIRECTION('',(1.110223024625E-16,-1.,0.));
#91 = AXIS2_PLACEMENT_3D('',#92,#93,#94);
#92 = CARTESIAN_POINT('',(4.89458,-5.23742,1.595));
#93 = DIRECTION('',(0.,-0.,1.));
#94 = DIRECTION('',(1.110223024625E-16,1.,0.));
#95 = AXIS2_PLACEMENT_3D('',#96,#97,#98);
#96 = CARTESIAN_POINT('',(-11.40968,1.15824,1.595));
#97 = DIRECTION('',(0.,0.,1.));
#98 = DIRECTION('',(-1.,1.224646799147E-16,0.));
#99 = AXIS2_PLACEMENT_3D('',#100,#101,#102);
#100 = CARTESIAN_POINT('',(0.49276,-7.00278,1.595));
#101 = DIRECTION('',(0.,0.,1.));
#102 = DIRECTION('',(1.,0.,0.));
#103 = AXIS2_PLACEMENT_3D('',#104,#105,#106);
#104 = CARTESIAN_POINT('',(13.18768,5.08428,1.595));
#105 = DIRECTION('',(0.,-0.,1.));
#106 = DIRECTION('',(1.110223024625E-16,1.,0.));
#107 = AXIS2_PLACEMENT_3D('',#108,#109,#110);
#108 = CARTESIAN_POINT('',(0.,-1.854261,1.595));
#109 = DIRECTION('',(0.,0.,1.));
#110 = DIRECTION('',(1.,0.,0.));
#111 = AXIS2_PLACEMENT_3D('',#112,#113,#114);
#112 = CARTESIAN_POINT('',(11.40968,-0.144021,1.595));
#113 = DIRECTION('',(0.,0.,1.));
#114 = DIRECTION('',(1.,0.,0.));
#115 = AXIS2_PLACEMENT_3D('',#116,#117,#118);
#116 = CARTESIAN_POINT('',(11.40968,1.15824,1.595));
#117 = DIRECTION('',(0.,0.,1.));
#118 = DIRECTION('',(1.,0.,0.));
#119 = AXIS2_PLACEMENT_3D('',#120,#121,#122);
#120 = CARTESIAN_POINT('',(11.40908,-7.62,1.595));
#121 = DIRECTION('',(0.,0.,1.));
#122 = DIRECTION('',(1.,0.,0.));
#123 = AXIS2_PLACEMENT_3D('',#124,#125,#126);
#124 = CARTESIAN_POINT('',(6.21538,-3.144262,1.595));
#125 = DIRECTION('',(0.,-0.,1.));
#126 = DIRECTION('',(1.110223024625E-16,1.,0.));
#127 = AXIS2_PLACEMENT_3D('',#128,#129,#130);
#128 = CARTESIAN_POINT('',(6.5848,6.83142,1.595));
#129 = DIRECTION('',(0.,-0.,1.));
#130 = DIRECTION('',(1.110223024625E-16,1.,0.));
#131 = AXIS2_PLACEMENT_3D('',#132,#133,#134);
#132 = CARTESIAN_POINT('',(-1.891001,1.98374,1.595));
#133 = DIRECTION('',(0.,0.,1.));
#134 = DIRECTION('',(1.,0.,0.));
#135 = AXIS2_PLACEMENT_3D('',#136,#137,#138);
#136 = CARTESIAN_POINT('',(1.891001,1.98374,1.595));
#137 = DIRECTION('',(0.,0.,1.));
#138 = DIRECTION('',(-1.,1.224646799147E-16,0.));
#139 = AXIS2_PLACEMENT_3D('',#140,#141,#142);
#140 = CARTESIAN_POINT('',(10.37906,5.08428,1.595));
#141 = DIRECTION('',(0.,-0.,1.));
#142 = DIRECTION('',(1.110223024625E-16,1.,0.));
#143 = AXIS2_PLACEMENT_3D('',#144,#145,#146);
#144 = CARTESIAN_POINT('',(15.09268,-7.34662,1.595));
#145 = DIRECTION('',(-0.,0.,1.));
#146 = DIRECTION('',(1.110223024625E-16,-1.,0.));
#147 = AXIS2_PLACEMENT_3D('',#148,#149,#150);
#148 = CARTESIAN_POINT('',(10.841359,-5.97662,1.595));
#149 = DIRECTION('',(-0.,0.,1.));
#150 = DIRECTION('',(1.110223024625E-16,-1.,0.));
#151 = AXIS2_PLACEMENT_3D('',#152,#153,#154);
#152 = CARTESIAN_POINT('',(-13.18768,5.08428,1.595));
#153 = DIRECTION('',(0.,-0.,1.));
#154 = DIRECTION('',(1.110223024625E-16,1.,0.));
#155 = AXIS2_PLACEMENT_3D('',#156,#157,#158);
#156 = CARTESIAN_POINT('',(-5.60686,-3.115682,1.595));
#157 = DIRECTION('',(0.,0.,1.));
#158 = DIRECTION('',(-1.,1.224646799147E-16,0.));
#159 = AXIS2_PLACEMENT_3D('',#160,#161,#162);
#160 = CARTESIAN_POINT('',(0.,0.,0.));
#161 = DIRECTION('',(0.,0.,1.));
#162 = DIRECTION('',(1.,0.,-0.));
#163 = ( GEOMETRIC_REPRESENTATION_CONTEXT(3) 
GLOBAL_UNCERTAINTY_ASSIGNED_CONTEXT((#167)) GLOBAL_UNIT_ASSIGNED_CONTEXT
((#164,#165,#166)) REPRESENTATION_CONTEXT('Context #1',
  '3D Context with UNIT and UNCERTAINTY') );
#164 = ( LENGTH_UNIT() NAMED_UNIT(*) SI_UNIT(.MILLI.,.METRE.) );
#165 = ( NAMED_UNIT(*) PLANE_ANGLE_UNIT() SI_UNIT($,.RADIAN.) );
#166 = ( NAMED_UNIT(*) SI_UNIT($,.STERADIAN.) SOLID_ANGLE_UNIT() );
#167 = UNCERTAINTY_MEASURE_WITH_UNIT(LENGTH_MEASURE(2.E-07),#164,
  'distance_accuracy_value','confusion accuracy');
#168 = PRODUCT_RELATED_PRODUCT_CATEGORY('part',$,(#7));
#169 = SHAPE_DEFINITION_REPRESENTATION(#170,#176);
#170 = PRODUCT_DEFINITION_SHAPE('','',#171);
#171 = PRODUCT_DEFINITION('design','',#172,#175);
#172 = PRODUCT_DEFINITION_FORMATION('','',#173);
#173 = PRODUCT('R_2010','R_2010','',(#174));
#174 = PRODUCT_CONTEXT('',#2,'mechanical');
#175 = PRODUCT_DEFINITION_CONTEXT('part definition',#2,'design');
#176 = ADVANCED_BREP_SHAPE_REPRESENTATION('',(#11,#177),#967);
#177 = MANIFOLD_SOLID_BREP('',#178);
#178 = CLOSED_SHELL('',(#179,#219,#302,#327,#352,#419,#436,#453,#502,
    #519,#536,#585,#602,#671,#702,#726,#795,#819,#836,#853,#870,#887,
    #904,#921,#938,#955));
#179 = ADVANCED_FACE('',(#180),#214,.F.);
#180 = FACE_BOUND('',#181,.F.);
#181 = EDGE_LOOP('',(#182,#192,#200,#208));
#182 = ORIENTED_EDGE('',*,*,#183,.F.);
#183 = EDGE_CURVE('',#184,#186,#188,.T.);
#184 = VERTEX_POINT('',#185);
#185 = CARTESIAN_POINT('',(-2.5,-1.25,6.E-02));
#186 = VERTEX_POINT('',#187);
#187 = CARTESIAN_POINT('',(-2.5,-1.25,0.54));
#188 = LINE('',#189,#190);
#189 = CARTESIAN_POINT('',(-2.5,-1.25,0.));
#190 = VECTOR('',#191,1.);
#191 = DIRECTION('',(0.,0.,1.));
#192 = ORIENTED_EDGE('',*,*,#193,.T.);
#193 = EDGE_CURVE('',#184,#194,#196,.T.);
#194 = VERTEX_POINT('',#195);
#195 = CARTESIAN_POINT('',(-2.5,1.25,6.E-02));
#196 = LINE('',#197,#198);
#197 = CARTESIAN_POINT('',(-2.5,-1.25,6.E-02));
#198 = VECTOR('',#199,1.);
#199 = DIRECTION('',(0.,1.,0.));
#200 = ORIENTED_EDGE('',*,*,#201,.T.);
#201 = EDGE_CURVE('',#194,#202,#204,.T.);
#202 = VERTEX_POINT('',#203);
#203 = CARTESIAN_POINT('',(-2.5,1.25,0.54));
#204 = LINE('',#205,#206);
#205 = CARTESIAN_POINT('',(-2.5,1.25,0.));
#206 = VECTOR('',#207,1.);
#207 = DIRECTION('',(0.,0.,1.));
#208 = ORIENTED_EDGE('',*,*,#209,.F.);
#209 = EDGE_CURVE('',#186,#202,#210,.T.);
#210 = LINE('',#211,#212);
#211 = CARTESIAN_POINT('',(-2.5,-1.25,0.54));
#212 = VECTOR('',#213,1.);
#213 = DIRECTION('',(0.,1.,0.));
#214 = PLANE('',#215);
#215 = AXIS2_PLACEMENT_3D('',#216,#217,#218);
#216 = CARTESIAN_POINT('',(-2.5,-1.25,0.));
#217 = DIRECTION('',(1.,0.,0.));
#218 = DIRECTION('',(0.,0.,1.));
#219 = ADVANCED_FACE('',(#220),#297,.F.);
#220 = FACE_BOUND('',#221,.F.);
#221 = EDGE_LOOP('',(#222,#232,#239,#240,#249,#257,#266,#274,#282,#290)
  );
#222 = ORIENTED_EDGE('',*,*,#223,.F.);
#223 = EDGE_CURVE('',#224,#226,#228,.T.);
#224 = VERTEX_POINT('',#225);
#225 = CARTESIAN_POINT('',(-2.44,-1.25,0.));
#226 = VERTEX_POINT('',#227);
#227 = CARTESIAN_POINT('',(-1.96,-1.25,0.));
#228 = LINE('',#229,#230);
#229 = CARTESIAN_POINT('',(-2.5,-1.25,0.));
#230 = VECTOR('',#231,1.);
#231 = DIRECTION('',(1.,0.,0.));
#232 = ORIENTED_EDGE('',*,*,#233,.F.);
#233 = EDGE_CURVE('',#184,#224,#234,.T.);
#234 = CIRCLE('',#235,6.E-02);
#235 = AXIS2_PLACEMENT_3D('',#236,#237,#238);
#236 = CARTESIAN_POINT('',(-2.44,-1.25,6.E-02));
#237 = DIRECTION('',(0.,-1.,0.));
#238 = DIRECTION('',(0.,0.,1.));
#239 = ORIENTED_EDGE('',*,*,#183,.T.);
#240 = ORIENTED_EDGE('',*,*,#241,.T.);
#241 = EDGE_CURVE('',#186,#242,#244,.T.);
#242 = VERTEX_POINT('',#243);
#243 = CARTESIAN_POINT('',(-2.44,-1.25,0.6));
#244 = CIRCLE('',#245,6.E-02);
#245 = AXIS2_PLACEMENT_3D('',#246,#247,#248);
#246 = CARTESIAN_POINT('',(-2.44,-1.25,0.54));
#247 = DIRECTION('',(0.,1.,0.));
#248 = DIRECTION('',(0.,-0.,1.));
#249 = ORIENTED_EDGE('',*,*,#250,.T.);
#250 = EDGE_CURVE('',#242,#251,#253,.T.);
#251 = VERTEX_POINT('',#252);
#252 = CARTESIAN_POINT('',(-1.96,-1.25,0.6));
#253 = LINE('',#254,#255);
#254 = CARTESIAN_POINT('',(-2.5,-1.25,0.6));
#255 = VECTOR('',#256,1.);
#256 = DIRECTION('',(1.,0.,0.));
#257 = ORIENTED_EDGE('',*,*,#258,.F.);
#258 = EDGE_CURVE('',#259,#251,#261,.T.);
#259 = VERTEX_POINT('',#260);
#260 = CARTESIAN_POINT('',(-1.9,-1.25,0.54));
#261 = CIRCLE('',#262,6.E-02);
#262 = AXIS2_PLACEMENT_3D('',#263,#264,#265);
#263 = CARTESIAN_POINT('',(-1.96,-1.25,0.54));
#264 = DIRECTION('',(0.,-1.,0.));
#265 = DIRECTION('',(0.,0.,1.));
#266 = ORIENTED_EDGE('',*,*,#267,.F.);
#267 = EDGE_CURVE('',#268,#259,#270,.T.);
#268 = VERTEX_POINT('',#269);
#269 = CARTESIAN_POINT('',(-2.44,-1.25,0.54));
#270 = LINE('',#271,#272);
#271 = CARTESIAN_POINT('',(-2.44,-1.25,0.54));
#272 = VECTOR('',#273,1.);
#273 = DIRECTION('',(1.,0.,0.));
#274 = ORIENTED_EDGE('',*,*,#275,.F.);
#275 = EDGE_CURVE('',#276,#268,#278,.T.);
#276 = VERTEX_POINT('',#277);
#277 = CARTESIAN_POINT('',(-2.44,-1.25,6.E-02));
#278 = LINE('',#279,#280);
#279 = CARTESIAN_POINT('',(-2.44,-1.25,6.E-02));
#280 = VECTOR('',#281,1.);
#281 = DIRECTION('',(0.,0.,1.));
#282 = ORIENTED_EDGE('',*,*,#283,.T.);
#283 = EDGE_CURVE('',#276,#284,#286,.T.);
#284 = VERTEX_POINT('',#285);
#285 = CARTESIAN_POINT('',(-1.9,-1.25,6.E-02));
#286 = LINE('',#287,#288);
#287 = CARTESIAN_POINT('',(-2.44,-1.25,6.E-02));
#288 = VECTOR('',#289,1.);
#289 = DIRECTION('',(1.,0.,0.));
#290 = ORIENTED_EDGE('',*,*,#291,.T.);
#291 = EDGE_CURVE('',#284,#226,#292,.T.);
#292 = CIRCLE('',#293,6.E-02);
#293 = AXIS2_PLACEMENT_3D('',#294,#295,#296);
#294 = CARTESIAN_POINT('',(-1.96,-1.25,6.E-02));
#295 = DIRECTION('',(0.,1.,0.));
#296 = DIRECTION('',(0.,-0.,1.));
#297 = PLANE('',#298);
#298 = AXIS2_PLACEMENT_3D('',#299,#300,#301);
#299 = CARTESIAN_POINT('',(-2.5,-1.25,0.));
#300 = DIRECTION('',(0.,1.,0.));
#301 = DIRECTION('',(0.,-0.,1.));
#302 = ADVANCED_FACE('',(#303),#322,.T.);
#303 = FACE_BOUND('',#304,.T.);
#304 = EDGE_LOOP('',(#305,#306,#315,#321));
#305 = ORIENTED_EDGE('',*,*,#193,.T.);
#306 = ORIENTED_EDGE('',*,*,#307,.T.);
#307 = EDGE_CURVE('',#194,#308,#310,.T.);
#308 = VERTEX_POINT('',#309);
#309 = CARTESIAN_POINT('',(-2.44,1.25,0.));
#310 = CIRCLE('',#311,6.E-02);
#311 = AXIS2_PLACEMENT_3D('',#312,#313,#314);
#312 = CARTESIAN_POINT('',(-2.44,1.25,6.E-02));
#313 = DIRECTION('',(0.,-1.,0.));
#314 = DIRECTION('',(0.,0.,1.));
#315 = ORIENTED_EDGE('',*,*,#316,.F.);
#316 = EDGE_CURVE('',#224,#308,#317,.T.);
#317 = LINE('',#318,#319);
#318 = CARTESIAN_POINT('',(-2.44,-1.25,0.));
#319 = VECTOR('',#320,1.);
#320 = DIRECTION('',(0.,1.,0.));
#321 = ORIENTED_EDGE('',*,*,#233,.F.);
#322 = CYLINDRICAL_SURFACE('',#323,6.E-02);
#323 = AXIS2_PLACEMENT_3D('',#324,#325,#326);
#324 = CARTESIAN_POINT('',(-2.44,-1.25,6.E-02));
#325 = DIRECTION('',(0.,1.,0.));
#326 = DIRECTION('',(-1.,0.,0.));
#327 = ADVANCED_FACE('',(#328),#347,.T.);
#328 = FACE_BOUND('',#329,.T.);
#329 = EDGE_LOOP('',(#330,#331,#339,#346));
#330 = ORIENTED_EDGE('',*,*,#241,.T.);
#331 = ORIENTED_EDGE('',*,*,#332,.T.);
#332 = EDGE_CURVE('',#242,#333,#335,.T.);
#333 = VERTEX_POINT('',#334);
#334 = CARTESIAN_POINT('',(-2.44,1.25,0.6));
#335 = LINE('',#336,#337);
#336 = CARTESIAN_POINT('',(-2.44,-1.25,0.6));
#337 = VECTOR('',#338,1.);
#338 = DIRECTION('',(0.,1.,0.));
#339 = ORIENTED_EDGE('',*,*,#340,.F.);
#340 = EDGE_CURVE('',#202,#333,#341,.T.);
#341 = CIRCLE('',#342,6.E-02);
#342 = AXIS2_PLACEMENT_3D('',#343,#344,#345);
#343 = CARTESIAN_POINT('',(-2.44,1.25,0.54));
#344 = DIRECTION('',(0.,1.,0.));
#345 = DIRECTION('',(0.,-0.,1.));
#346 = ORIENTED_EDGE('',*,*,#209,.F.);
#347 = CYLINDRICAL_SURFACE('',#348,6.E-02);
#348 = AXIS2_PLACEMENT_3D('',#349,#350,#351);
#349 = CARTESIAN_POINT('',(-2.44,-1.25,0.54));
#350 = DIRECTION('',(0.,1.,0.));
#351 = DIRECTION('',(-1.,0.,0.));
#352 = ADVANCED_FACE('',(#353),#414,.T.);
#353 = FACE_BOUND('',#354,.T.);
#354 = EDGE_LOOP('',(#355,#363,#364,#365,#366,#374,#383,#391,#399,#407)
  );
#355 = ORIENTED_EDGE('',*,*,#356,.F.);
#356 = EDGE_CURVE('',#308,#357,#359,.T.);
#357 = VERTEX_POINT('',#358);
#358 = CARTESIAN_POINT('',(-1.96,1.25,0.));
#359 = LINE('',#360,#361);
#360 = CARTESIAN_POINT('',(-2.5,1.25,0.));
#361 = VECTOR('',#362,1.);
#362 = DIRECTION('',(1.,0.,0.));
#363 = ORIENTED_EDGE('',*,*,#307,.F.);
#364 = ORIENTED_EDGE('',*,*,#201,.T.);
#365 = ORIENTED_EDGE('',*,*,#340,.T.);
#366 = ORIENTED_EDGE('',*,*,#367,.T.);
#367 = EDGE_CURVE('',#333,#368,#370,.T.);
#368 = VERTEX_POINT('',#369);
#369 = CARTESIAN_POINT('',(-1.96,1.25,0.6));
#370 = LINE('',#371,#372);
#371 = CARTESIAN_POINT('',(-2.5,1.25,0.6));
#372 = VECTOR('',#373,1.);
#373 = DIRECTION('',(1.,0.,0.));
#374 = ORIENTED_EDGE('',*,*,#375,.F.);
#375 = EDGE_CURVE('',#376,#368,#378,.T.);
#376 = VERTEX_POINT('',#377);
#377 = CARTESIAN_POINT('',(-1.9,1.25,0.54));
#378 = CIRCLE('',#379,6.E-02);
#379 = AXIS2_PLACEMENT_3D('',#380,#381,#382);
#380 = CARTESIAN_POINT('',(-1.96,1.25,0.54));
#381 = DIRECTION('',(0.,-1.,0.));
#382 = DIRECTION('',(0.,0.,1.));
#383 = ORIENTED_EDGE('',*,*,#384,.F.);
#384 = EDGE_CURVE('',#385,#376,#387,.T.);
#385 = VERTEX_POINT('',#386);
#386 = CARTESIAN_POINT('',(-2.44,1.25,0.54));
#387 = LINE('',#388,#389);
#388 = CARTESIAN_POINT('',(-2.44,1.25,0.54));
#389 = VECTOR('',#390,1.);
#390 = DIRECTION('',(1.,0.,0.));
#391 = ORIENTED_EDGE('',*,*,#392,.F.);
#392 = EDGE_CURVE('',#393,#385,#395,.T.);
#393 = VERTEX_POINT('',#394);
#394 = CARTESIAN_POINT('',(-2.44,1.25,6.E-02));
#395 = LINE('',#396,#397);
#396 = CARTESIAN_POINT('',(-2.44,1.25,6.E-02));
#397 = VECTOR('',#398,1.);
#398 = DIRECTION('',(0.,0.,1.));
#399 = ORIENTED_EDGE('',*,*,#400,.T.);
#400 = EDGE_CURVE('',#393,#401,#403,.T.);
#401 = VERTEX_POINT('',#402);
#402 = CARTESIAN_POINT('',(-1.9,1.25,6.E-02));
#403 = LINE('',#404,#405);
#404 = CARTESIAN_POINT('',(-2.44,1.25,6.E-02));
#405 = VECTOR('',#406,1.);
#406 = DIRECTION('',(1.,0.,0.));
#407 = ORIENTED_EDGE('',*,*,#408,.T.);
#408 = EDGE_CURVE('',#401,#357,#409,.T.);
#409 = CIRCLE('',#410,6.E-02);
#410 = AXIS2_PLACEMENT_3D('',#411,#412,#413);
#411 = CARTESIAN_POINT('',(-1.96,1.25,6.E-02));
#412 = DIRECTION('',(0.,1.,0.));
#413 = DIRECTION('',(0.,-0.,1.));
#414 = PLANE('',#415);
#415 = AXIS2_PLACEMENT_3D('',#416,#417,#418);
#416 = CARTESIAN_POINT('',(-2.5,1.25,0.));
#417 = DIRECTION('',(0.,1.,0.));
#418 = DIRECTION('',(0.,-0.,1.));
#419 = ADVANCED_FACE('',(#420),#431,.F.);
#420 = FACE_BOUND('',#421,.F.);
#421 = EDGE_LOOP('',(#422,#423,#424,#425));
#422 = ORIENTED_EDGE('',*,*,#356,.F.);
#423 = ORIENTED_EDGE('',*,*,#316,.F.);
#424 = ORIENTED_EDGE('',*,*,#223,.T.);
#425 = ORIENTED_EDGE('',*,*,#426,.T.);
#426 = EDGE_CURVE('',#226,#357,#427,.T.);
#427 = LINE('',#428,#429);
#428 = CARTESIAN_POINT('',(-1.96,-1.25,0.));
#429 = VECTOR('',#430,1.);
#430 = DIRECTION('',(0.,1.,0.));
#431 = PLANE('',#432);
#432 = AXIS2_PLACEMENT_3D('',#433,#434,#435);
#433 = CARTESIAN_POINT('',(-2.5,-1.25,0.));
#434 = DIRECTION('',(0.,0.,1.));
#435 = DIRECTION('',(1.,0.,-0.));
#436 = ADVANCED_FACE('',(#437),#448,.T.);
#437 = FACE_BOUND('',#438,.T.);
#438 = EDGE_LOOP('',(#439,#440,#441,#442));
#439 = ORIENTED_EDGE('',*,*,#291,.T.);
#440 = ORIENTED_EDGE('',*,*,#426,.T.);
#441 = ORIENTED_EDGE('',*,*,#408,.F.);
#442 = ORIENTED_EDGE('',*,*,#443,.F.);
#443 = EDGE_CURVE('',#284,#401,#444,.T.);
#444 = LINE('',#445,#446);
#445 = CARTESIAN_POINT('',(-1.9,-1.25,6.E-02));
#446 = VECTOR('',#447,1.);
#447 = DIRECTION('',(0.,1.,0.));
#448 = CYLINDRICAL_SURFACE('',#449,6.E-02);
#449 = AXIS2_PLACEMENT_3D('',#450,#451,#452);
#450 = CARTESIAN_POINT('',(-1.96,-1.25,6.E-02));
#451 = DIRECTION('',(0.,1.,0.));
#452 = DIRECTION('',(1.,0.,0.));
#453 = ADVANCED_FACE('',(#454),#497,.F.);
#454 = FACE_BOUND('',#455,.F.);
#455 = EDGE_LOOP('',(#456,#457,#458,#459,#467,#475,#483,#491));
#456 = ORIENTED_EDGE('',*,*,#283,.F.);
#457 = ORIENTED_EDGE('',*,*,#275,.T.);
#458 = ORIENTED_EDGE('',*,*,#267,.T.);
#459 = ORIENTED_EDGE('',*,*,#460,.T.);
#460 = EDGE_CURVE('',#259,#461,#463,.T.);
#461 = VERTEX_POINT('',#462);
#462 = CARTESIAN_POINT('',(1.9,-1.25,0.54));
#463 = LINE('',#464,#465);
#464 = CARTESIAN_POINT('',(-1.9,-1.25,0.54));
#465 = VECTOR('',#466,1.);
#466 = DIRECTION('',(1.,0.,0.));
#467 = ORIENTED_EDGE('',*,*,#468,.T.);
#468 = EDGE_CURVE('',#461,#469,#471,.T.);
#469 = VERTEX_POINT('',#470);
#470 = CARTESIAN_POINT('',(2.44,-1.25,0.54));
#471 = LINE('',#472,#473);
#472 = CARTESIAN_POINT('',(-2.44,-1.25,0.54));
#473 = VECTOR('',#474,1.);
#474 = DIRECTION('',(1.,0.,0.));
#475 = ORIENTED_EDGE('',*,*,#476,.F.);
#476 = EDGE_CURVE('',#477,#469,#479,.T.);
#477 = VERTEX_POINT('',#478);
#478 = CARTESIAN_POINT('',(2.44,-1.25,6.E-02));
#479 = LINE('',#480,#481);
#480 = CARTESIAN_POINT('',(2.44,-1.25,6.E-02));
#481 = VECTOR('',#482,1.);
#482 = DIRECTION('',(0.,0.,1.));
#483 = ORIENTED_EDGE('',*,*,#484,.F.);
#484 = EDGE_CURVE('',#485,#477,#487,.T.);
#485 = VERTEX_POINT('',#486);
#486 = CARTESIAN_POINT('',(1.9,-1.25,6.E-02));
#487 = LINE('',#488,#489);
#488 = CARTESIAN_POINT('',(-2.44,-1.25,6.E-02));
#489 = VECTOR('',#490,1.);
#490 = DIRECTION('',(1.,0.,0.));
#491 = ORIENTED_EDGE('',*,*,#492,.F.);
#492 = EDGE_CURVE('',#284,#485,#493,.T.);
#493 = LINE('',#494,#495);
#494 = CARTESIAN_POINT('',(-2.44,-1.25,6.E-02));
#495 = VECTOR('',#496,1.);
#496 = DIRECTION('',(1.,0.,0.));
#497 = PLANE('',#498);
#498 = AXIS2_PLACEMENT_3D('',#499,#500,#501);
#499 = CARTESIAN_POINT('',(-2.44,-1.25,6.E-02));
#500 = DIRECTION('',(0.,1.,0.));
#501 = DIRECTION('',(0.,-0.,1.));
#502 = ADVANCED_FACE('',(#503),#514,.T.);
#503 = FACE_BOUND('',#504,.T.);
#504 = EDGE_LOOP('',(#505,#506,#507,#508));
#505 = ORIENTED_EDGE('',*,*,#367,.F.);
#506 = ORIENTED_EDGE('',*,*,#332,.F.);
#507 = ORIENTED_EDGE('',*,*,#250,.T.);
#508 = ORIENTED_EDGE('',*,*,#509,.T.);
#509 = EDGE_CURVE('',#251,#368,#510,.T.);
#510 = LINE('',#511,#512);
#511 = CARTESIAN_POINT('',(-1.96,-1.25,0.6));
#512 = VECTOR('',#513,1.);
#513 = DIRECTION('',(0.,1.,0.));
#514 = PLANE('',#515);
#515 = AXIS2_PLACEMENT_3D('',#516,#517,#518);
#516 = CARTESIAN_POINT('',(-2.5,-1.25,0.6));
#517 = DIRECTION('',(0.,0.,1.));
#518 = DIRECTION('',(1.,0.,-0.));
#519 = ADVANCED_FACE('',(#520),#531,.T.);
#520 = FACE_BOUND('',#521,.T.);
#521 = EDGE_LOOP('',(#522,#528,#529,#530));
#522 = ORIENTED_EDGE('',*,*,#523,.T.);
#523 = EDGE_CURVE('',#259,#376,#524,.T.);
#524 = LINE('',#525,#526);
#525 = CARTESIAN_POINT('',(-1.9,-1.25,0.54));
#526 = VECTOR('',#527,1.);
#527 = DIRECTION('',(0.,1.,0.));
#528 = ORIENTED_EDGE('',*,*,#375,.T.);
#529 = ORIENTED_EDGE('',*,*,#509,.F.);
#530 = ORIENTED_EDGE('',*,*,#258,.F.);
#531 = CYLINDRICAL_SURFACE('',#532,6.E-02);
#532 = AXIS2_PLACEMENT_3D('',#533,#534,#535);
#533 = CARTESIAN_POINT('',(-1.96,-1.25,0.54));
#534 = DIRECTION('',(0.,1.,0.));
#535 = DIRECTION('',(1.,0.,0.));
#536 = ADVANCED_FACE('',(#537),#580,.T.);
#537 = FACE_BOUND('',#538,.T.);
#538 = EDGE_LOOP('',(#539,#540,#541,#542,#550,#558,#566,#574));
#539 = ORIENTED_EDGE('',*,*,#400,.F.);
#540 = ORIENTED_EDGE('',*,*,#392,.T.);
#541 = ORIENTED_EDGE('',*,*,#384,.T.);
#542 = ORIENTED_EDGE('',*,*,#543,.T.);
#543 = EDGE_CURVE('',#376,#544,#546,.T.);
#544 = VERTEX_POINT('',#545);
#545 = CARTESIAN_POINT('',(1.9,1.25,0.54));
#546 = LINE('',#547,#548);
#547 = CARTESIAN_POINT('',(-1.9,1.25,0.54));
#548 = VECTOR('',#549,1.);
#549 = DIRECTION('',(1.,0.,0.));
#550 = ORIENTED_EDGE('',*,*,#551,.T.);
#551 = EDGE_CURVE('',#544,#552,#554,.T.);
#552 = VERTEX_POINT('',#553);
#553 = CARTESIAN_POINT('',(2.44,1.25,0.54));
#554 = LINE('',#555,#556);
#555 = CARTESIAN_POINT('',(-2.44,1.25,0.54));
#556 = VECTOR('',#557,1.);
#557 = DIRECTION('',(1.,0.,0.));
#558 = ORIENTED_EDGE('',*,*,#559,.F.);
#559 = EDGE_CURVE('',#560,#552,#562,.T.);
#560 = VERTEX_POINT('',#561);
#561 = CARTESIAN_POINT('',(2.44,1.25,6.E-02));
#562 = LINE('',#563,#564);
#563 = CARTESIAN_POINT('',(2.44,1.25,6.E-02));
#564 = VECTOR('',#565,1.);
#565 = DIRECTION('',(0.,0.,1.));
#566 = ORIENTED_EDGE('',*,*,#567,.F.);
#567 = EDGE_CURVE('',#568,#560,#570,.T.);
#568 = VERTEX_POINT('',#569);
#569 = CARTESIAN_POINT('',(1.9,1.25,6.E-02));
#570 = LINE('',#571,#572);
#571 = CARTESIAN_POINT('',(-2.44,1.25,6.E-02));
#572 = VECTOR('',#573,1.);
#573 = DIRECTION('',(1.,0.,0.));
#574 = ORIENTED_EDGE('',*,*,#575,.F.);
#575 = EDGE_CURVE('',#401,#568,#576,.T.);
#576 = LINE('',#577,#578);
#577 = CARTESIAN_POINT('',(-2.44,1.25,6.E-02));
#578 = VECTOR('',#579,1.);
#579 = DIRECTION('',(1.,0.,0.));
#580 = PLANE('',#581);
#581 = AXIS2_PLACEMENT_3D('',#582,#583,#584);
#582 = CARTESIAN_POINT('',(-2.44,1.25,6.E-02));
#583 = DIRECTION('',(0.,1.,0.));
#584 = DIRECTION('',(0.,-0.,1.));
#585 = ADVANCED_FACE('',(#586),#597,.F.);
#586 = FACE_BOUND('',#587,.F.);
#587 = EDGE_LOOP('',(#588,#589,#590,#596));
#588 = ORIENTED_EDGE('',*,*,#443,.F.);
#589 = ORIENTED_EDGE('',*,*,#492,.T.);
#590 = ORIENTED_EDGE('',*,*,#591,.T.);
#591 = EDGE_CURVE('',#485,#568,#592,.T.);
#592 = LINE('',#593,#594);
#593 = CARTESIAN_POINT('',(1.9,-1.25,6.E-02));
#594 = VECTOR('',#595,1.);
#595 = DIRECTION('',(0.,1.,0.));
#596 = ORIENTED_EDGE('',*,*,#575,.F.);
#597 = PLANE('',#598);
#598 = AXIS2_PLACEMENT_3D('',#599,#600,#601);
#599 = CARTESIAN_POINT('',(-2.44,-1.25,6.E-02));
#600 = DIRECTION('',(0.,0.,1.));
#601 = DIRECTION('',(1.,0.,-0.));
#602 = ADVANCED_FACE('',(#603),#666,.F.);
#603 = FACE_BOUND('',#604,.F.);
#604 = EDGE_LOOP('',(#605,#615,#622,#623,#624,#625,#634,#642,#651,#659)
  );
#605 = ORIENTED_EDGE('',*,*,#606,.F.);
#606 = EDGE_CURVE('',#607,#609,#611,.T.);
#607 = VERTEX_POINT('',#608);
#608 = CARTESIAN_POINT('',(1.96,-1.25,0.));
#609 = VERTEX_POINT('',#610);
#610 = CARTESIAN_POINT('',(2.44,-1.25,0.));
#611 = LINE('',#612,#613);
#612 = CARTESIAN_POINT('',(1.9,-1.25,0.));
#613 = VECTOR('',#614,1.);
#614 = DIRECTION('',(1.,0.,0.));
#615 = ORIENTED_EDGE('',*,*,#616,.F.);
#616 = EDGE_CURVE('',#485,#607,#617,.T.);
#617 = CIRCLE('',#618,6.E-02);
#618 = AXIS2_PLACEMENT_3D('',#619,#620,#621);
#619 = CARTESIAN_POINT('',(1.96,-1.25,6.E-02));
#620 = DIRECTION('',(0.,-1.,0.));
#621 = DIRECTION('',(0.,0.,1.));
#622 = ORIENTED_EDGE('',*,*,#484,.T.);
#623 = ORIENTED_EDGE('',*,*,#476,.T.);
#624 = ORIENTED_EDGE('',*,*,#468,.F.);
#625 = ORIENTED_EDGE('',*,*,#626,.T.);
#626 = EDGE_CURVE('',#461,#627,#629,.T.);
#627 = VERTEX_POINT('',#628);
#628 = CARTESIAN_POINT('',(1.96,-1.25,0.6));
#629 = CIRCLE('',#630,6.E-02);
#630 = AXIS2_PLACEMENT_3D('',#631,#632,#633);
#631 = CARTESIAN_POINT('',(1.96,-1.25,0.54));
#632 = DIRECTION('',(0.,1.,0.));
#633 = DIRECTION('',(0.,-0.,1.));
#634 = ORIENTED_EDGE('',*,*,#635,.T.);
#635 = EDGE_CURVE('',#627,#636,#638,.T.);
#636 = VERTEX_POINT('',#637);
#637 = CARTESIAN_POINT('',(2.44,-1.25,0.6));
#638 = LINE('',#639,#640);
#639 = CARTESIAN_POINT('',(1.9,-1.25,0.6));
#640 = VECTOR('',#641,1.);
#641 = DIRECTION('',(1.,0.,0.));
#642 = ORIENTED_EDGE('',*,*,#643,.F.);
#643 = EDGE_CURVE('',#644,#636,#646,.T.);
#644 = VERTEX_POINT('',#645);
#645 = CARTESIAN_POINT('',(2.5,-1.25,0.54));
#646 = CIRCLE('',#647,6.E-02);
#647 = AXIS2_PLACEMENT_3D('',#648,#649,#650);
#648 = CARTESIAN_POINT('',(2.44,-1.25,0.54));
#649 = DIRECTION('',(0.,-1.,0.));
#650 = DIRECTION('',(0.,0.,1.));
#651 = ORIENTED_EDGE('',*,*,#652,.F.);
#652 = EDGE_CURVE('',#653,#644,#655,.T.);
#653 = VERTEX_POINT('',#654);
#654 = CARTESIAN_POINT('',(2.5,-1.25,6.E-02));
#655 = LINE('',#656,#657);
#656 = CARTESIAN_POINT('',(2.5,-1.25,0.));
#657 = VECTOR('',#658,1.);
#658 = DIRECTION('',(0.,0.,1.));
#659 = ORIENTED_EDGE('',*,*,#660,.T.);
#660 = EDGE_CURVE('',#653,#609,#661,.T.);
#661 = CIRCLE('',#662,6.E-02);
#662 = AXIS2_PLACEMENT_3D('',#663,#664,#665);
#663 = CARTESIAN_POINT('',(2.44,-1.25,6.E-02));
#664 = DIRECTION('',(0.,1.,0.));
#665 = DIRECTION('',(0.,-0.,1.));
#666 = PLANE('',#667);
#667 = AXIS2_PLACEMENT_3D('',#668,#669,#670);
#668 = CARTESIAN_POINT('',(1.9,-1.25,0.));
#669 = DIRECTION('',(0.,1.,0.));
#670 = DIRECTION('',(0.,-0.,1.));
#671 = ADVANCED_FACE('',(#672),#697,.F.);
#672 = FACE_BOUND('',#673,.F.);
#673 = EDGE_LOOP('',(#674,#675,#683,#691));
#674 = ORIENTED_EDGE('',*,*,#460,.F.);
#675 = ORIENTED_EDGE('',*,*,#676,.T.);
#676 = EDGE_CURVE('',#259,#677,#679,.T.);
#677 = VERTEX_POINT('',#678);
#678 = CARTESIAN_POINT('',(-1.9,-1.25,0.6));
#679 = LINE('',#680,#681);
#680 = CARTESIAN_POINT('',(-1.9,-1.25,0.54));
#681 = VECTOR('',#682,1.);
#682 = DIRECTION('',(0.,0.,1.));
#683 = ORIENTED_EDGE('',*,*,#684,.T.);
#684 = EDGE_CURVE('',#677,#685,#687,.T.);
#685 = VERTEX_POINT('',#686);
#686 = CARTESIAN_POINT('',(1.9,-1.25,0.6));
#687 = LINE('',#688,#689);
#688 = CARTESIAN_POINT('',(-1.9,-1.25,0.6));
#689 = VECTOR('',#690,1.);
#690 = DIRECTION('',(1.,0.,0.));
#691 = ORIENTED_EDGE('',*,*,#692,.F.);
#692 = EDGE_CURVE('',#461,#685,#693,.T.);
#693 = LINE('',#694,#695);
#694 = CARTESIAN_POINT('',(1.9,-1.25,0.54));
#695 = VECTOR('',#696,1.);
#696 = DIRECTION('',(0.,0.,1.));
#697 = PLANE('',#698);
#698 = AXIS2_PLACEMENT_3D('',#699,#700,#701);
#699 = CARTESIAN_POINT('',(-1.9,-1.25,0.54));
#700 = DIRECTION('',(0.,1.,0.));
#701 = DIRECTION('',(0.,-0.,1.));
#702 = ADVANCED_FACE('',(#703),#721,.F.);
#703 = FACE_BOUND('',#704,.F.);
#704 = EDGE_LOOP('',(#705,#706,#707,#715));
#705 = ORIENTED_EDGE('',*,*,#676,.F.);
#706 = ORIENTED_EDGE('',*,*,#523,.T.);
#707 = ORIENTED_EDGE('',*,*,#708,.T.);
#708 = EDGE_CURVE('',#376,#709,#711,.T.);
#709 = VERTEX_POINT('',#710);
#710 = CARTESIAN_POINT('',(-1.9,1.25,0.6));
#711 = LINE('',#712,#713);
#712 = CARTESIAN_POINT('',(-1.9,1.25,0.54));
#713 = VECTOR('',#714,1.);
#714 = DIRECTION('',(0.,0.,1.));
#715 = ORIENTED_EDGE('',*,*,#716,.F.);
#716 = EDGE_CURVE('',#677,#709,#717,.T.);
#717 = LINE('',#718,#719);
#718 = CARTESIAN_POINT('',(-1.9,-1.25,0.6));
#719 = VECTOR('',#720,1.);
#720 = DIRECTION('',(0.,1.,0.));
#721 = PLANE('',#722);
#722 = AXIS2_PLACEMENT_3D('',#723,#724,#725);
#723 = CARTESIAN_POINT('',(-1.9,-1.25,0.54));
#724 = DIRECTION('',(1.,0.,0.));
#725 = DIRECTION('',(0.,0.,1.));
#726 = ADVANCED_FACE('',(#727),#790,.T.);
#727 = FACE_BOUND('',#728,.T.);
#728 = EDGE_LOOP('',(#729,#739,#746,#747,#748,#749,#758,#766,#775,#783)
  );
#729 = ORIENTED_EDGE('',*,*,#730,.F.);
#730 = EDGE_CURVE('',#731,#733,#735,.T.);
#731 = VERTEX_POINT('',#732);
#732 = CARTESIAN_POINT('',(1.96,1.25,0.));
#733 = VERTEX_POINT('',#734);
#734 = CARTESIAN_POINT('',(2.44,1.25,0.));
#735 = LINE('',#736,#737);
#736 = CARTESIAN_POINT('',(1.9,1.25,0.));
#737 = VECTOR('',#738,1.);
#738 = DIRECTION('',(1.,0.,0.));
#739 = ORIENTED_EDGE('',*,*,#740,.F.);
#740 = EDGE_CURVE('',#568,#731,#741,.T.);
#741 = CIRCLE('',#742,6.E-02);
#742 = AXIS2_PLACEMENT_3D('',#743,#744,#745);
#743 = CARTESIAN_POINT('',(1.96,1.25,6.E-02));
#744 = DIRECTION('',(0.,-1.,0.));
#745 = DIRECTION('',(0.,0.,1.));
#746 = ORIENTED_EDGE('',*,*,#567,.T.);
#747 = ORIENTED_EDGE('',*,*,#559,.T.);
#748 = ORIENTED_EDGE('',*,*,#551,.F.);
#749 = ORIENTED_EDGE('',*,*,#750,.T.);
#750 = EDGE_CURVE('',#544,#751,#753,.T.);
#751 = VERTEX_POINT('',#752);
#752 = CARTESIAN_POINT('',(1.96,1.25,0.6));
#753 = CIRCLE('',#754,6.E-02);
#754 = AXIS2_PLACEMENT_3D('',#755,#756,#757);
#755 = CARTESIAN_POINT('',(1.96,1.25,0.54));
#756 = DIRECTION('',(0.,1.,0.));
#757 = DIRECTION('',(0.,-0.,1.));
#758 = ORIENTED_EDGE('',*,*,#759,.T.);
#759 = EDGE_CURVE('',#751,#760,#762,.T.);
#760 = VERTEX_POINT('',#761);
#761 = CARTESIAN_POINT('',(2.44,1.25,0.6));
#762 = LINE('',#763,#764);
#763 = CARTESIAN_POINT('',(1.9,1.25,0.6));
#764 = VECTOR('',#765,1.);
#765 = DIRECTION('',(1.,0.,0.));
#766 = ORIENTED_EDGE('',*,*,#767,.F.);
#767 = EDGE_CURVE('',#768,#760,#770,.T.);
#768 = VERTEX_POINT('',#769);
#769 = CARTESIAN_POINT('',(2.5,1.25,0.54));
#770 = CIRCLE('',#771,6.E-02);
#771 = AXIS2_PLACEMENT_3D('',#772,#773,#774);
#772 = CARTESIAN_POINT('',(2.44,1.25,0.54));
#773 = DIRECTION('',(0.,-1.,0.));
#774 = DIRECTION('',(0.,0.,1.));
#775 = ORIENTED_EDGE('',*,*,#776,.F.);
#776 = EDGE_CURVE('',#777,#768,#779,.T.);
#777 = VERTEX_POINT('',#778);
#778 = CARTESIAN_POINT('',(2.5,1.25,6.E-02));
#779 = LINE('',#780,#781);
#780 = CARTESIAN_POINT('',(2.5,1.25,0.));
#781 = VECTOR('',#782,1.);
#782 = DIRECTION('',(0.,0.,1.));
#783 = ORIENTED_EDGE('',*,*,#784,.T.);
#784 = EDGE_CURVE('',#777,#733,#785,.T.);
#785 = CIRCLE('',#786,6.E-02);
#786 = AXIS2_PLACEMENT_3D('',#787,#788,#789);
#787 = CARTESIAN_POINT('',(2.44,1.25,6.E-02));
#788 = DIRECTION('',(0.,1.,0.));
#789 = DIRECTION('',(0.,-0.,1.));
#790 = PLANE('',#791);
#791 = AXIS2_PLACEMENT_3D('',#792,#793,#794);
#792 = CARTESIAN_POINT('',(1.9,1.25,0.));
#793 = DIRECTION('',(0.,1.,0.));
#794 = DIRECTION('',(0.,-0.,1.));
#795 = ADVANCED_FACE('',(#796),#814,.T.);
#796 = FACE_BOUND('',#797,.T.);
#797 = EDGE_LOOP('',(#798,#799,#800,#808));
#798 = ORIENTED_EDGE('',*,*,#543,.F.);
#799 = ORIENTED_EDGE('',*,*,#708,.T.);
#800 = ORIENTED_EDGE('',*,*,#801,.T.);
#801 = EDGE_CURVE('',#709,#802,#804,.T.);
#802 = VERTEX_POINT('',#803);
#803 = CARTESIAN_POINT('',(1.9,1.25,0.6));
#804 = LINE('',#805,#806);
#805 = CARTESIAN_POINT('',(-1.9,1.25,0.6));
#806 = VECTOR('',#807,1.);
#807 = DIRECTION('',(1.,0.,0.));
#808 = ORIENTED_EDGE('',*,*,#809,.F.);
#809 = EDGE_CURVE('',#544,#802,#810,.T.);
#810 = LINE('',#811,#812);
#811 = CARTESIAN_POINT('',(1.9,1.25,0.54));
#812 = VECTOR('',#813,1.);
#813 = DIRECTION('',(0.,0.,1.));
#814 = PLANE('',#815);
#815 = AXIS2_PLACEMENT_3D('',#816,#817,#818);
#816 = CARTESIAN_POINT('',(-1.9,1.25,0.54));
#817 = DIRECTION('',(0.,1.,0.));
#818 = DIRECTION('',(0.,-0.,1.));
#819 = ADVANCED_FACE('',(#820),#831,.T.);
#820 = FACE_BOUND('',#821,.T.);
#821 = EDGE_LOOP('',(#822,#823,#824,#830));
#822 = ORIENTED_EDGE('',*,*,#591,.T.);
#823 = ORIENTED_EDGE('',*,*,#740,.T.);
#824 = ORIENTED_EDGE('',*,*,#825,.F.);
#825 = EDGE_CURVE('',#607,#731,#826,.T.);
#826 = LINE('',#827,#828);
#827 = CARTESIAN_POINT('',(1.96,-1.25,0.));
#828 = VECTOR('',#829,1.);
#829 = DIRECTION('',(0.,1.,0.));
#830 = ORIENTED_EDGE('',*,*,#616,.F.);
#831 = CYLINDRICAL_SURFACE('',#832,6.E-02);
#832 = AXIS2_PLACEMENT_3D('',#833,#834,#835);
#833 = CARTESIAN_POINT('',(1.96,-1.25,6.E-02));
#834 = DIRECTION('',(0.,1.,0.));
#835 = DIRECTION('',(-1.,0.,0.));
#836 = ADVANCED_FACE('',(#837),#848,.F.);
#837 = FACE_BOUND('',#838,.F.);
#838 = EDGE_LOOP('',(#839,#840,#841,#842));
#839 = ORIENTED_EDGE('',*,*,#730,.F.);
#840 = ORIENTED_EDGE('',*,*,#825,.F.);
#841 = ORIENTED_EDGE('',*,*,#606,.T.);
#842 = ORIENTED_EDGE('',*,*,#843,.T.);
#843 = EDGE_CURVE('',#609,#733,#844,.T.);
#844 = LINE('',#845,#846);
#845 = CARTESIAN_POINT('',(2.44,-1.25,0.));
#846 = VECTOR('',#847,1.);
#847 = DIRECTION('',(0.,1.,0.));
#848 = PLANE('',#849);
#849 = AXIS2_PLACEMENT_3D('',#850,#851,#852);
#850 = CARTESIAN_POINT('',(1.9,-1.25,0.));
#851 = DIRECTION('',(0.,0.,1.));
#852 = DIRECTION('',(1.,0.,-0.));
#853 = ADVANCED_FACE('',(#854),#865,.T.);
#854 = FACE_BOUND('',#855,.T.);
#855 = EDGE_LOOP('',(#856,#857,#858,#859));
#856 = ORIENTED_EDGE('',*,*,#660,.T.);
#857 = ORIENTED_EDGE('',*,*,#843,.T.);
#858 = ORIENTED_EDGE('',*,*,#784,.F.);
#859 = ORIENTED_EDGE('',*,*,#860,.F.);
#860 = EDGE_CURVE('',#653,#777,#861,.T.);
#861 = LINE('',#862,#863);
#862 = CARTESIAN_POINT('',(2.5,-1.25,6.E-02));
#863 = VECTOR('',#864,1.);
#864 = DIRECTION('',(0.,1.,0.));
#865 = CYLINDRICAL_SURFACE('',#866,6.E-02);
#866 = AXIS2_PLACEMENT_3D('',#867,#868,#869);
#867 = CARTESIAN_POINT('',(2.44,-1.25,6.E-02));
#868 = DIRECTION('',(0.,1.,0.));
#869 = DIRECTION('',(1.,0.,0.));
#870 = ADVANCED_FACE('',(#871),#882,.T.);
#871 = FACE_BOUND('',#872,.T.);
#872 = EDGE_LOOP('',(#873,#874,#875,#876));
#873 = ORIENTED_EDGE('',*,*,#652,.F.);
#874 = ORIENTED_EDGE('',*,*,#860,.T.);
#875 = ORIENTED_EDGE('',*,*,#776,.T.);
#876 = ORIENTED_EDGE('',*,*,#877,.F.);
#877 = EDGE_CURVE('',#644,#768,#878,.T.);
#878 = LINE('',#879,#880);
#879 = CARTESIAN_POINT('',(2.5,-1.25,0.54));
#880 = VECTOR('',#881,1.);
#881 = DIRECTION('',(0.,1.,0.));
#882 = PLANE('',#883);
#883 = AXIS2_PLACEMENT_3D('',#884,#885,#886);
#884 = CARTESIAN_POINT('',(2.5,-1.25,0.));
#885 = DIRECTION('',(1.,0.,0.));
#886 = DIRECTION('',(0.,0.,1.));
#887 = ADVANCED_FACE('',(#888),#899,.T.);
#888 = FACE_BOUND('',#889,.T.);
#889 = EDGE_LOOP('',(#890,#891,#892,#898));
#890 = ORIENTED_EDGE('',*,*,#877,.T.);
#891 = ORIENTED_EDGE('',*,*,#767,.T.);
#892 = ORIENTED_EDGE('',*,*,#893,.F.);
#893 = EDGE_CURVE('',#636,#760,#894,.T.);
#894 = LINE('',#895,#896);
#895 = CARTESIAN_POINT('',(2.44,-1.25,0.6));
#896 = VECTOR('',#897,1.);
#897 = DIRECTION('',(0.,1.,0.));
#898 = ORIENTED_EDGE('',*,*,#643,.F.);
#899 = CYLINDRICAL_SURFACE('',#900,6.E-02);
#900 = AXIS2_PLACEMENT_3D('',#901,#902,#903);
#901 = CARTESIAN_POINT('',(2.44,-1.25,0.54));
#902 = DIRECTION('',(0.,1.,0.));
#903 = DIRECTION('',(1.,0.,0.));
#904 = ADVANCED_FACE('',(#905),#916,.T.);
#905 = FACE_BOUND('',#906,.T.);
#906 = EDGE_LOOP('',(#907,#908,#914,#915));
#907 = ORIENTED_EDGE('',*,*,#759,.F.);
#908 = ORIENTED_EDGE('',*,*,#909,.F.);
#909 = EDGE_CURVE('',#627,#751,#910,.T.);
#910 = LINE('',#911,#912);
#911 = CARTESIAN_POINT('',(1.96,-1.25,0.6));
#912 = VECTOR('',#913,1.);
#913 = DIRECTION('',(0.,1.,0.));
#914 = ORIENTED_EDGE('',*,*,#635,.T.);
#915 = ORIENTED_EDGE('',*,*,#893,.T.);
#916 = PLANE('',#917);
#917 = AXIS2_PLACEMENT_3D('',#918,#919,#920);
#918 = CARTESIAN_POINT('',(1.9,-1.25,0.6));
#919 = DIRECTION('',(0.,0.,1.));
#920 = DIRECTION('',(1.,0.,-0.));
#921 = ADVANCED_FACE('',(#922),#933,.T.);
#922 = FACE_BOUND('',#923,.T.);
#923 = EDGE_LOOP('',(#924,#925,#926,#927));
#924 = ORIENTED_EDGE('',*,*,#626,.T.);
#925 = ORIENTED_EDGE('',*,*,#909,.T.);
#926 = ORIENTED_EDGE('',*,*,#750,.F.);
#927 = ORIENTED_EDGE('',*,*,#928,.F.);
#928 = EDGE_CURVE('',#461,#544,#929,.T.);
#929 = LINE('',#930,#931);
#930 = CARTESIAN_POINT('',(1.9,-1.25,0.54));
#931 = VECTOR('',#932,1.);
#932 = DIRECTION('',(0.,1.,0.));
#933 = CYLINDRICAL_SURFACE('',#934,6.E-02);
#934 = AXIS2_PLACEMENT_3D('',#935,#936,#937);
#935 = CARTESIAN_POINT('',(1.96,-1.25,0.54));
#936 = DIRECTION('',(0.,1.,0.));
#937 = DIRECTION('',(-1.,0.,0.));
#938 = ADVANCED_FACE('',(#939),#950,.T.);
#939 = FACE_BOUND('',#940,.T.);
#940 = EDGE_LOOP('',(#941,#942,#943,#944));
#941 = ORIENTED_EDGE('',*,*,#692,.F.);
#942 = ORIENTED_EDGE('',*,*,#928,.T.);
#943 = ORIENTED_EDGE('',*,*,#809,.T.);
#944 = ORIENTED_EDGE('',*,*,#945,.F.);
#945 = EDGE_CURVE('',#685,#802,#946,.T.);
#946 = LINE('',#947,#948);
#947 = CARTESIAN_POINT('',(1.9,-1.25,0.6));
#948 = VECTOR('',#949,1.);
#949 = DIRECTION('',(0.,1.,0.));
#950 = PLANE('',#951);
#951 = AXIS2_PLACEMENT_3D('',#952,#953,#954);
#952 = CARTESIAN_POINT('',(1.9,-1.25,0.54));
#953 = DIRECTION('',(1.,0.,0.));
#954 = DIRECTION('',(0.,0.,1.));
#955 = ADVANCED_FACE('',(#956),#962,.T.);
#956 = FACE_BOUND('',#957,.T.);
#957 = EDGE_LOOP('',(#958,#959,#960,#961));
#958 = ORIENTED_EDGE('',*,*,#716,.F.);
#959 = ORIENTED_EDGE('',*,*,#684,.T.);
#960 = ORIENTED_EDGE('',*,*,#945,.T.);
#961 = ORIENTED_EDGE('',*,*,#801,.F.);
#962 = PLANE('',#963);
#963 = AXIS2_PLACEMENT_3D('',#964,#965,#966);
#964 = CARTESIAN_POINT('',(-1.9,-1.25,0.6));
#965 = DIRECTION('',(0.,0.,1.));
#966 = DIRECTION('',(1.,0.,-0.));
#967 = ( GEOMETRIC_REPRESENTATION_CONTEXT(3) 
GLOBAL_UNCERTAINTY_ASSIGNED_CONTEXT((#971)) GLOBAL_UNIT_ASSIGNED_CONTEXT
((#968,#969,#970)) REPRESENTATION_CONTEXT('Context #1',
  '3D Context with UNIT and UNCERTAINTY') );
#968 = ( LENGTH_UNIT() NAMED_UNIT(*) SI_UNIT(.MILLI.,.METRE.) );
#969 = ( NAMED_UNIT(*) PLANE_ANGLE_UNIT() SI_UNIT($,.RADIAN.) );
#970 = ( NAMED_UNIT(*) SI_UNIT($,.STERADIAN.) SOLID_ANGLE_UNIT() );
#971 = UNCERTAINTY_MEASURE_WITH_UNIT(LENGTH_MEASURE(1.E-07),#968,
  'distance_accuracy_value','confusion accuracy');
#972 = CONTEXT_DEPENDENT_SHAPE_REPRESENTATION(#973,#975);
#973 = ( REPRESENTATION_RELATIONSHIP('','',#176,#10) 
REPRESENTATION_RELATIONSHIP_WITH_TRANSFORMATION(#974) 
SHAPE_REPRESENTATION_RELATIONSHIP() );
#974 = ITEM_DEFINED_TRANSFORMATION('','',#11,#15);
#975 = PRODUCT_DEFINITION_SHAPE('Placement','Placement of an item',#976
  );
#976 = NEXT_ASSEMBLY_USAGE_OCCURRENCE('1','R1','',#5,#171,$);
#977 = PRODUCT_RELATED_PRODUCT_CATEGORY('part',$,(#173));
#978 = SHAPE_DEFINITION_REPRESENTATION(#979,#985);
#979 = PRODUCT_DEFINITION_SHAPE('','',#980);
#980 = PRODUCT_DEFINITION('design','',#981,#984);
#981 = PRODUCT_DEFINITION_FORMATION('','',#982);
#982 = PRODUCT('R_0402','R_0402','',(#983));
#983 = PRODUCT_CONTEXT('',#2,'mechanical');
#984 = PRODUCT_DEFINITION_CONTEXT('part definition',#2,'design');
#985 = ADVANCED_BREP_SHAPE_REPRESENTATION('',(#11,#986),#1776);
#986 = MANIFOLD_SOLID_BREP('',#987);
#987 = CLOSED_SHELL('',(#988,#1028,#1111,#1136,#1161,#1228,#1245,#1262,
    #1311,#1328,#1345,#1394,#1411,#1480,#1511,#1535,#1604,#1628,#1645,
    #1662,#1679,#1696,#1713,#1730,#1747,#1764));
#988 = ADVANCED_FACE('',(#989),#1023,.F.);
#989 = FACE_BOUND('',#990,.F.);
#990 = EDGE_LOOP('',(#991,#1001,#1009,#1017));
#991 = ORIENTED_EDGE('',*,*,#992,.F.);
#992 = EDGE_CURVE('',#993,#995,#997,.T.);
#993 = VERTEX_POINT('',#994);
#994 = CARTESIAN_POINT('',(-0.5,-0.25,3.5E-02));
#995 = VERTEX_POINT('',#996);
#996 = CARTESIAN_POINT('',(-0.5,-0.25,0.315));
#997 = LINE('',#998,#999);
#998 = CARTESIAN_POINT('',(-0.5,-0.25,0.));
#999 = VECTOR('',#1000,1.);
#1000 = DIRECTION('',(0.,0.,1.));
#1001 = ORIENTED_EDGE('',*,*,#1002,.T.);
#1002 = EDGE_CURVE('',#993,#1003,#1005,.T.);
#1003 = VERTEX_POINT('',#1004);
#1004 = CARTESIAN_POINT('',(-0.5,0.25,3.5E-02));
#1005 = LINE('',#1006,#1007);
#1006 = CARTESIAN_POINT('',(-0.5,-0.25,3.5E-02));
#1007 = VECTOR('',#1008,1.);
#1008 = DIRECTION('',(0.,1.,0.));
#1009 = ORIENTED_EDGE('',*,*,#1010,.T.);
#1010 = EDGE_CURVE('',#1003,#1011,#1013,.T.);
#1011 = VERTEX_POINT('',#1012);
#1012 = CARTESIAN_POINT('',(-0.5,0.25,0.315));
#1013 = LINE('',#1014,#1015);
#1014 = CARTESIAN_POINT('',(-0.5,0.25,0.));
#1015 = VECTOR('',#1016,1.);
#1016 = DIRECTION('',(0.,0.,1.));
#1017 = ORIENTED_EDGE('',*,*,#1018,.F.);
#1018 = EDGE_CURVE('',#995,#1011,#1019,.T.);
#1019 = LINE('',#1020,#1021);
#1020 = CARTESIAN_POINT('',(-0.5,-0.25,0.315));
#1021 = VECTOR('',#1022,1.);
#1022 = DIRECTION('',(0.,1.,0.));
#1023 = PLANE('',#1024);
#1024 = AXIS2_PLACEMENT_3D('',#1025,#1026,#1027);
#1025 = CARTESIAN_POINT('',(-0.5,-0.25,0.));
#1026 = DIRECTION('',(1.,0.,0.));
#1027 = DIRECTION('',(0.,0.,1.));
#1028 = ADVANCED_FACE('',(#1029),#1106,.F.);
#1029 = FACE_BOUND('',#1030,.F.);
#1030 = EDGE_LOOP('',(#1031,#1041,#1048,#1049,#1058,#1066,#1075,#1083,
    #1091,#1099));
#1031 = ORIENTED_EDGE('',*,*,#1032,.F.);
#1032 = EDGE_CURVE('',#1033,#1035,#1037,.T.);
#1033 = VERTEX_POINT('',#1034);
#1034 = CARTESIAN_POINT('',(-0.465,-0.25,-2.775557561563E-17));
#1035 = VERTEX_POINT('',#1036);
#1036 = CARTESIAN_POINT('',(-0.335,-0.25,-2.775557561563E-17));
#1037 = LINE('',#1038,#1039);
#1038 = CARTESIAN_POINT('',(-0.5,-0.25,0.));
#1039 = VECTOR('',#1040,1.);
#1040 = DIRECTION('',(1.,0.,0.));
#1041 = ORIENTED_EDGE('',*,*,#1042,.F.);
#1042 = EDGE_CURVE('',#993,#1033,#1043,.T.);
#1043 = CIRCLE('',#1044,3.5E-02);
#1044 = AXIS2_PLACEMENT_3D('',#1045,#1046,#1047);
#1045 = CARTESIAN_POINT('',(-0.465,-0.25,3.5E-02));
#1046 = DIRECTION('',(0.,-1.,0.));
#1047 = DIRECTION('',(0.,0.,1.));
#1048 = ORIENTED_EDGE('',*,*,#992,.T.);
#1049 = ORIENTED_EDGE('',*,*,#1050,.T.);
#1050 = EDGE_CURVE('',#995,#1051,#1053,.T.);
#1051 = VERTEX_POINT('',#1052);
#1052 = CARTESIAN_POINT('',(-0.465,-0.25,0.35));
#1053 = CIRCLE('',#1054,3.5E-02);
#1054 = AXIS2_PLACEMENT_3D('',#1055,#1056,#1057);
#1055 = CARTESIAN_POINT('',(-0.465,-0.25,0.315));
#1056 = DIRECTION('',(0.,1.,0.));
#1057 = DIRECTION('',(0.,-0.,1.));
#1058 = ORIENTED_EDGE('',*,*,#1059,.T.);
#1059 = EDGE_CURVE('',#1051,#1060,#1062,.T.);
#1060 = VERTEX_POINT('',#1061);
#1061 = CARTESIAN_POINT('',(-0.335,-0.25,0.35));
#1062 = LINE('',#1063,#1064);
#1063 = CARTESIAN_POINT('',(-0.5,-0.25,0.35));
#1064 = VECTOR('',#1065,1.);
#1065 = DIRECTION('',(1.,0.,0.));
#1066 = ORIENTED_EDGE('',*,*,#1067,.F.);
#1067 = EDGE_CURVE('',#1068,#1060,#1070,.T.);
#1068 = VERTEX_POINT('',#1069);
#1069 = CARTESIAN_POINT('',(-0.3,-0.25,0.315));
#1070 = CIRCLE('',#1071,3.5E-02);
#1071 = AXIS2_PLACEMENT_3D('',#1072,#1073,#1074);
#1072 = CARTESIAN_POINT('',(-0.335,-0.25,0.315));
#1073 = DIRECTION('',(0.,-1.,0.));
#1074 = DIRECTION('',(0.,0.,1.));
#1075 = ORIENTED_EDGE('',*,*,#1076,.F.);
#1076 = EDGE_CURVE('',#1077,#1068,#1079,.T.);
#1077 = VERTEX_POINT('',#1078);
#1078 = CARTESIAN_POINT('',(-0.465,-0.25,0.315));
#1079 = LINE('',#1080,#1081);
#1080 = CARTESIAN_POINT('',(-0.465,-0.25,0.315));
#1081 = VECTOR('',#1082,1.);
#1082 = DIRECTION('',(1.,0.,0.));
#1083 = ORIENTED_EDGE('',*,*,#1084,.F.);
#1084 = EDGE_CURVE('',#1085,#1077,#1087,.T.);
#1085 = VERTEX_POINT('',#1086);
#1086 = CARTESIAN_POINT('',(-0.465,-0.25,3.5E-02));
#1087 = LINE('',#1088,#1089);
#1088 = CARTESIAN_POINT('',(-0.465,-0.25,3.5E-02));
#1089 = VECTOR('',#1090,1.);
#1090 = DIRECTION('',(0.,0.,1.));
#1091 = ORIENTED_EDGE('',*,*,#1092,.T.);
#1092 = EDGE_CURVE('',#1085,#1093,#1095,.T.);
#1093 = VERTEX_POINT('',#1094);
#1094 = CARTESIAN_POINT('',(-0.3,-0.25,3.5E-02));
#1095 = LINE('',#1096,#1097);
#1096 = CARTESIAN_POINT('',(-0.465,-0.25,3.5E-02));
#1097 = VECTOR('',#1098,1.);
#1098 = DIRECTION('',(1.,0.,0.));
#1099 = ORIENTED_EDGE('',*,*,#1100,.T.);
#1100 = EDGE_CURVE('',#1093,#1035,#1101,.T.);
#1101 = CIRCLE('',#1102,3.5E-02);
#1102 = AXIS2_PLACEMENT_3D('',#1103,#1104,#1105);
#1103 = CARTESIAN_POINT('',(-0.335,-0.25,3.5E-02));
#1104 = DIRECTION('',(0.,1.,0.));
#1105 = DIRECTION('',(0.,-0.,1.));
#1106 = PLANE('',#1107);
#1107 = AXIS2_PLACEMENT_3D('',#1108,#1109,#1110);
#1108 = CARTESIAN_POINT('',(-0.5,-0.25,0.));
#1109 = DIRECTION('',(0.,1.,0.));
#1110 = DIRECTION('',(0.,-0.,1.));
#1111 = ADVANCED_FACE('',(#1112),#1131,.T.);
#1112 = FACE_BOUND('',#1113,.T.);
#1113 = EDGE_LOOP('',(#1114,#1115,#1124,#1130));
#1114 = ORIENTED_EDGE('',*,*,#1002,.T.);
#1115 = ORIENTED_EDGE('',*,*,#1116,.T.);
#1116 = EDGE_CURVE('',#1003,#1117,#1119,.T.);
#1117 = VERTEX_POINT('',#1118);
#1118 = CARTESIAN_POINT('',(-0.465,0.25,-2.775557561563E-17));
#1119 = CIRCLE('',#1120,3.5E-02);
#1120 = AXIS2_PLACEMENT_3D('',#1121,#1122,#1123);
#1121 = CARTESIAN_POINT('',(-0.465,0.25,3.5E-02));
#1122 = DIRECTION('',(0.,-1.,0.));
#1123 = DIRECTION('',(0.,0.,1.));
#1124 = ORIENTED_EDGE('',*,*,#1125,.F.);
#1125 = EDGE_CURVE('',#1033,#1117,#1126,.T.);
#1126 = LINE('',#1127,#1128);
#1127 = CARTESIAN_POINT('',(-0.465,-0.25,-2.775557561563E-17));
#1128 = VECTOR('',#1129,1.);
#1129 = DIRECTION('',(0.,1.,0.));
#1130 = ORIENTED_EDGE('',*,*,#1042,.F.);
#1131 = CYLINDRICAL_SURFACE('',#1132,3.5E-02);
#1132 = AXIS2_PLACEMENT_3D('',#1133,#1134,#1135);
#1133 = CARTESIAN_POINT('',(-0.465,-0.25,3.5E-02));
#1134 = DIRECTION('',(0.,1.,0.));
#1135 = DIRECTION('',(-1.,0.,0.));
#1136 = ADVANCED_FACE('',(#1137),#1156,.T.);
#1137 = FACE_BOUND('',#1138,.T.);
#1138 = EDGE_LOOP('',(#1139,#1140,#1148,#1155));
#1139 = ORIENTED_EDGE('',*,*,#1050,.T.);
#1140 = ORIENTED_EDGE('',*,*,#1141,.T.);
#1141 = EDGE_CURVE('',#1051,#1142,#1144,.T.);
#1142 = VERTEX_POINT('',#1143);
#1143 = CARTESIAN_POINT('',(-0.465,0.25,0.35));
#1144 = LINE('',#1145,#1146);
#1145 = CARTESIAN_POINT('',(-0.465,-0.25,0.35));
#1146 = VECTOR('',#1147,1.);
#1147 = DIRECTION('',(0.,1.,0.));
#1148 = ORIENTED_EDGE('',*,*,#1149,.F.);
#1149 = EDGE_CURVE('',#1011,#1142,#1150,.T.);
#1150 = CIRCLE('',#1151,3.5E-02);
#1151 = AXIS2_PLACEMENT_3D('',#1152,#1153,#1154);
#1152 = CARTESIAN_POINT('',(-0.465,0.25,0.315));
#1153 = DIRECTION('',(0.,1.,0.));
#1154 = DIRECTION('',(0.,-0.,1.));
#1155 = ORIENTED_EDGE('',*,*,#1018,.F.);
#1156 = CYLINDRICAL_SURFACE('',#1157,3.5E-02);
#1157 = AXIS2_PLACEMENT_3D('',#1158,#1159,#1160);
#1158 = CARTESIAN_POINT('',(-0.465,-0.25,0.315));
#1159 = DIRECTION('',(0.,1.,0.));
#1160 = DIRECTION('',(-1.,0.,0.));
#1161 = ADVANCED_FACE('',(#1162),#1223,.T.);
#1162 = FACE_BOUND('',#1163,.T.);
#1163 = EDGE_LOOP('',(#1164,#1172,#1173,#1174,#1175,#1183,#1192,#1200,
    #1208,#1216));
#1164 = ORIENTED_EDGE('',*,*,#1165,.F.);
#1165 = EDGE_CURVE('',#1117,#1166,#1168,.T.);
#1166 = VERTEX_POINT('',#1167);
#1167 = CARTESIAN_POINT('',(-0.335,0.25,-2.775557561563E-17));
#1168 = LINE('',#1169,#1170);
#1169 = CARTESIAN_POINT('',(-0.5,0.25,0.));
#1170 = VECTOR('',#1171,1.);
#1171 = DIRECTION('',(1.,0.,0.));
#1172 = ORIENTED_EDGE('',*,*,#1116,.F.);
#1173 = ORIENTED_EDGE('',*,*,#1010,.T.);
#1174 = ORIENTED_EDGE('',*,*,#1149,.T.);
#1175 = ORIENTED_EDGE('',*,*,#1176,.T.);
#1176 = EDGE_CURVE('',#1142,#1177,#1179,.T.);
#1177 = VERTEX_POINT('',#1178);
#1178 = CARTESIAN_POINT('',(-0.335,0.25,0.35));
#1179 = LINE('',#1180,#1181);
#1180 = CARTESIAN_POINT('',(-0.5,0.25,0.35));
#1181 = VECTOR('',#1182,1.);
#1182 = DIRECTION('',(1.,0.,0.));
#1183 = ORIENTED_EDGE('',*,*,#1184,.F.);
#1184 = EDGE_CURVE('',#1185,#1177,#1187,.T.);
#1185 = VERTEX_POINT('',#1186);
#1186 = CARTESIAN_POINT('',(-0.3,0.25,0.315));
#1187 = CIRCLE('',#1188,3.5E-02);
#1188 = AXIS2_PLACEMENT_3D('',#1189,#1190,#1191);
#1189 = CARTESIAN_POINT('',(-0.335,0.25,0.315));
#1190 = DIRECTION('',(0.,-1.,0.));
#1191 = DIRECTION('',(0.,0.,1.));
#1192 = ORIENTED_EDGE('',*,*,#1193,.F.);
#1193 = EDGE_CURVE('',#1194,#1185,#1196,.T.);
#1194 = VERTEX_POINT('',#1195);
#1195 = CARTESIAN_POINT('',(-0.465,0.25,0.315));
#1196 = LINE('',#1197,#1198);
#1197 = CARTESIAN_POINT('',(-0.465,0.25,0.315));
#1198 = VECTOR('',#1199,1.);
#1199 = DIRECTION('',(1.,0.,0.));
#1200 = ORIENTED_EDGE('',*,*,#1201,.F.);
#1201 = EDGE_CURVE('',#1202,#1194,#1204,.T.);
#1202 = VERTEX_POINT('',#1203);
#1203 = CARTESIAN_POINT('',(-0.465,0.25,3.5E-02));
#1204 = LINE('',#1205,#1206);
#1205 = CARTESIAN_POINT('',(-0.465,0.25,3.5E-02));
#1206 = VECTOR('',#1207,1.);
#1207 = DIRECTION('',(0.,0.,1.));
#1208 = ORIENTED_EDGE('',*,*,#1209,.T.);
#1209 = EDGE_CURVE('',#1202,#1210,#1212,.T.);
#1210 = VERTEX_POINT('',#1211);
#1211 = CARTESIAN_POINT('',(-0.3,0.25,3.5E-02));
#1212 = LINE('',#1213,#1214);
#1213 = CARTESIAN_POINT('',(-0.465,0.25,3.5E-02));
#1214 = VECTOR('',#1215,1.);
#1215 = DIRECTION('',(1.,0.,0.));
#1216 = ORIENTED_EDGE('',*,*,#1217,.T.);
#1217 = EDGE_CURVE('',#1210,#1166,#1218,.T.);
#1218 = CIRCLE('',#1219,3.5E-02);
#1219 = AXIS2_PLACEMENT_3D('',#1220,#1221,#1222);
#1220 = CARTESIAN_POINT('',(-0.335,0.25,3.5E-02));
#1221 = DIRECTION('',(0.,1.,0.));
#1222 = DIRECTION('',(0.,-0.,1.));
#1223 = PLANE('',#1224);
#1224 = AXIS2_PLACEMENT_3D('',#1225,#1226,#1227);
#1225 = CARTESIAN_POINT('',(-0.5,0.25,0.));
#1226 = DIRECTION('',(0.,1.,0.));
#1227 = DIRECTION('',(0.,-0.,1.));
#1228 = ADVANCED_FACE('',(#1229),#1240,.F.);
#1229 = FACE_BOUND('',#1230,.F.);
#1230 = EDGE_LOOP('',(#1231,#1232,#1233,#1234));
#1231 = ORIENTED_EDGE('',*,*,#1165,.F.);
#1232 = ORIENTED_EDGE('',*,*,#1125,.F.);
#1233 = ORIENTED_EDGE('',*,*,#1032,.T.);
#1234 = ORIENTED_EDGE('',*,*,#1235,.T.);
#1235 = EDGE_CURVE('',#1035,#1166,#1236,.T.);
#1236 = LINE('',#1237,#1238);
#1237 = CARTESIAN_POINT('',(-0.335,-0.25,-2.775557561563E-17));
#1238 = VECTOR('',#1239,1.);
#1239 = DIRECTION('',(0.,1.,0.));
#1240 = PLANE('',#1241);
#1241 = AXIS2_PLACEMENT_3D('',#1242,#1243,#1244);
#1242 = CARTESIAN_POINT('',(-0.5,-0.25,0.));
#1243 = DIRECTION('',(0.,0.,1.));
#1244 = DIRECTION('',(1.,0.,-0.));
#1245 = ADVANCED_FACE('',(#1246),#1257,.T.);
#1246 = FACE_BOUND('',#1247,.T.);
#1247 = EDGE_LOOP('',(#1248,#1249,#1250,#1251));
#1248 = ORIENTED_EDGE('',*,*,#1100,.T.);
#1249 = ORIENTED_EDGE('',*,*,#1235,.T.);
#1250 = ORIENTED_EDGE('',*,*,#1217,.F.);
#1251 = ORIENTED_EDGE('',*,*,#1252,.F.);
#1252 = EDGE_CURVE('',#1093,#1210,#1253,.T.);
#1253 = LINE('',#1254,#1255);
#1254 = CARTESIAN_POINT('',(-0.3,-0.25,3.5E-02));
#1255 = VECTOR('',#1256,1.);
#1256 = DIRECTION('',(0.,1.,0.));
#1257 = CYLINDRICAL_SURFACE('',#1258,3.5E-02);
#1258 = AXIS2_PLACEMENT_3D('',#1259,#1260,#1261);
#1259 = CARTESIAN_POINT('',(-0.335,-0.25,3.5E-02));
#1260 = DIRECTION('',(0.,1.,0.));
#1261 = DIRECTION('',(1.,0.,0.));
#1262 = ADVANCED_FACE('',(#1263),#1306,.F.);
#1263 = FACE_BOUND('',#1264,.F.);
#1264 = EDGE_LOOP('',(#1265,#1266,#1267,#1268,#1276,#1284,#1292,#1300));
#1265 = ORIENTED_EDGE('',*,*,#1092,.F.);
#1266 = ORIENTED_EDGE('',*,*,#1084,.T.);
#1267 = ORIENTED_EDGE('',*,*,#1076,.T.);
#1268 = ORIENTED_EDGE('',*,*,#1269,.T.);
#1269 = EDGE_CURVE('',#1068,#1270,#1272,.T.);
#1270 = VERTEX_POINT('',#1271);
#1271 = CARTESIAN_POINT('',(0.3,-0.25,0.315));
#1272 = LINE('',#1273,#1274);
#1273 = CARTESIAN_POINT('',(-0.3,-0.25,0.315));
#1274 = VECTOR('',#1275,1.);
#1275 = DIRECTION('',(1.,0.,0.));
#1276 = ORIENTED_EDGE('',*,*,#1277,.T.);
#1277 = EDGE_CURVE('',#1270,#1278,#1280,.T.);
#1278 = VERTEX_POINT('',#1279);
#1279 = CARTESIAN_POINT('',(0.465,-0.25,0.315));
#1280 = LINE('',#1281,#1282);
#1281 = CARTESIAN_POINT('',(-0.465,-0.25,0.315));
#1282 = VECTOR('',#1283,1.);
#1283 = DIRECTION('',(1.,0.,0.));
#1284 = ORIENTED_EDGE('',*,*,#1285,.F.);
#1285 = EDGE_CURVE('',#1286,#1278,#1288,.T.);
#1286 = VERTEX_POINT('',#1287);
#1287 = CARTESIAN_POINT('',(0.465,-0.25,3.5E-02));
#1288 = LINE('',#1289,#1290);
#1289 = CARTESIAN_POINT('',(0.465,-0.25,3.5E-02));
#1290 = VECTOR('',#1291,1.);
#1291 = DIRECTION('',(0.,0.,1.));
#1292 = ORIENTED_EDGE('',*,*,#1293,.F.);
#1293 = EDGE_CURVE('',#1294,#1286,#1296,.T.);
#1294 = VERTEX_POINT('',#1295);
#1295 = CARTESIAN_POINT('',(0.3,-0.25,3.5E-02));
#1296 = LINE('',#1297,#1298);
#1297 = CARTESIAN_POINT('',(-0.465,-0.25,3.5E-02));
#1298 = VECTOR('',#1299,1.);
#1299 = DIRECTION('',(1.,0.,0.));
#1300 = ORIENTED_EDGE('',*,*,#1301,.F.);
#1301 = EDGE_CURVE('',#1093,#1294,#1302,.T.);
#1302 = LINE('',#1303,#1304);
#1303 = CARTESIAN_POINT('',(-0.465,-0.25,3.5E-02));
#1304 = VECTOR('',#1305,1.);
#1305 = DIRECTION('',(1.,0.,0.));
#1306 = PLANE('',#1307);
#1307 = AXIS2_PLACEMENT_3D('',#1308,#1309,#1310);
#1308 = CARTESIAN_POINT('',(-0.465,-0.25,3.5E-02));
#1309 = DIRECTION('',(0.,1.,0.));
#1310 = DIRECTION('',(0.,-0.,1.));
#1311 = ADVANCED_FACE('',(#1312),#1323,.T.);
#1312 = FACE_BOUND('',#1313,.T.);
#1313 = EDGE_LOOP('',(#1314,#1315,#1316,#1317));
#1314 = ORIENTED_EDGE('',*,*,#1176,.F.);
#1315 = ORIENTED_EDGE('',*,*,#1141,.F.);
#1316 = ORIENTED_EDGE('',*,*,#1059,.T.);
#1317 = ORIENTED_EDGE('',*,*,#1318,.T.);
#1318 = EDGE_CURVE('',#1060,#1177,#1319,.T.);
#1319 = LINE('',#1320,#1321);
#1320 = CARTESIAN_POINT('',(-0.335,-0.25,0.35));
#1321 = VECTOR('',#1322,1.);
#1322 = DIRECTION('',(0.,1.,0.));
#1323 = PLANE('',#1324);
#1324 = AXIS2_PLACEMENT_3D('',#1325,#1326,#1327);
#1325 = CARTESIAN_POINT('',(-0.5,-0.25,0.35));
#1326 = DIRECTION('',(0.,0.,1.));
#1327 = DIRECTION('',(1.,0.,-0.));
#1328 = ADVANCED_FACE('',(#1329),#1340,.T.);
#1329 = FACE_BOUND('',#1330,.T.);
#1330 = EDGE_LOOP('',(#1331,#1337,#1338,#1339));
#1331 = ORIENTED_EDGE('',*,*,#1332,.T.);
#1332 = EDGE_CURVE('',#1068,#1185,#1333,.T.);
#1333 = LINE('',#1334,#1335);
#1334 = CARTESIAN_POINT('',(-0.3,-0.25,0.315));
#1335 = VECTOR('',#1336,1.);
#1336 = DIRECTION('',(0.,1.,0.));
#1337 = ORIENTED_EDGE('',*,*,#1184,.T.);
#1338 = ORIENTED_EDGE('',*,*,#1318,.F.);
#1339 = ORIENTED_EDGE('',*,*,#1067,.F.);
#1340 = CYLINDRICAL_SURFACE('',#1341,3.5E-02);
#1341 = AXIS2_PLACEMENT_3D('',#1342,#1343,#1344);
#1342 = CARTESIAN_POINT('',(-0.335,-0.25,0.315));
#1343 = DIRECTION('',(0.,1.,0.));
#1344 = DIRECTION('',(1.,0.,0.));
#1345 = ADVANCED_FACE('',(#1346),#1389,.T.);
#1346 = FACE_BOUND('',#1347,.T.);
#1347 = EDGE_LOOP('',(#1348,#1349,#1350,#1351,#1359,#1367,#1375,#1383));
#1348 = ORIENTED_EDGE('',*,*,#1209,.F.);
#1349 = ORIENTED_EDGE('',*,*,#1201,.T.);
#1350 = ORIENTED_EDGE('',*,*,#1193,.T.);
#1351 = ORIENTED_EDGE('',*,*,#1352,.T.);
#1352 = EDGE_CURVE('',#1185,#1353,#1355,.T.);
#1353 = VERTEX_POINT('',#1354);
#1354 = CARTESIAN_POINT('',(0.3,0.25,0.315));
#1355 = LINE('',#1356,#1357);
#1356 = CARTESIAN_POINT('',(-0.3,0.25,0.315));
#1357 = VECTOR('',#1358,1.);
#1358 = DIRECTION('',(1.,0.,0.));
#1359 = ORIENTED_EDGE('',*,*,#1360,.T.);
#1360 = EDGE_CURVE('',#1353,#1361,#1363,.T.);
#1361 = VERTEX_POINT('',#1362);
#1362 = CARTESIAN_POINT('',(0.465,0.25,0.315));
#1363 = LINE('',#1364,#1365);
#1364 = CARTESIAN_POINT('',(-0.465,0.25,0.315));
#1365 = VECTOR('',#1366,1.);
#1366 = DIRECTION('',(1.,0.,0.));
#1367 = ORIENTED_EDGE('',*,*,#1368,.F.);
#1368 = EDGE_CURVE('',#1369,#1361,#1371,.T.);
#1369 = VERTEX_POINT('',#1370);
#1370 = CARTESIAN_POINT('',(0.465,0.25,3.5E-02));
#1371 = LINE('',#1372,#1373);
#1372 = CARTESIAN_POINT('',(0.465,0.25,3.5E-02));
#1373 = VECTOR('',#1374,1.);
#1374 = DIRECTION('',(0.,0.,1.));
#1375 = ORIENTED_EDGE('',*,*,#1376,.F.);
#1376 = EDGE_CURVE('',#1377,#1369,#1379,.T.);
#1377 = VERTEX_POINT('',#1378);
#1378 = CARTESIAN_POINT('',(0.3,0.25,3.5E-02));
#1379 = LINE('',#1380,#1381);
#1380 = CARTESIAN_POINT('',(-0.465,0.25,3.5E-02));
#1381 = VECTOR('',#1382,1.);
#1382 = DIRECTION('',(1.,0.,0.));
#1383 = ORIENTED_EDGE('',*,*,#1384,.F.);
#1384 = EDGE_CURVE('',#1210,#1377,#1385,.T.);
#1385 = LINE('',#1386,#1387);
#1386 = CARTESIAN_POINT('',(-0.465,0.25,3.5E-02));
#1387 = VECTOR('',#1388,1.);
#1388 = DIRECTION('',(1.,0.,0.));
#1389 = PLANE('',#1390);
#1390 = AXIS2_PLACEMENT_3D('',#1391,#1392,#1393);
#1391 = CARTESIAN_POINT('',(-0.465,0.25,3.5E-02));
#1392 = DIRECTION('',(0.,1.,0.));
#1393 = DIRECTION('',(0.,-0.,1.));
#1394 = ADVANCED_FACE('',(#1395),#1406,.F.);
#1395 = FACE_BOUND('',#1396,.F.);
#1396 = EDGE_LOOP('',(#1397,#1398,#1399,#1405));
#1397 = ORIENTED_EDGE('',*,*,#1252,.F.);
#1398 = ORIENTED_EDGE('',*,*,#1301,.T.);
#1399 = ORIENTED_EDGE('',*,*,#1400,.T.);
#1400 = EDGE_CURVE('',#1294,#1377,#1401,.T.);
#1401 = LINE('',#1402,#1403);
#1402 = CARTESIAN_POINT('',(0.3,-0.25,3.5E-02));
#1403 = VECTOR('',#1404,1.);
#1404 = DIRECTION('',(0.,1.,0.));
#1405 = ORIENTED_EDGE('',*,*,#1384,.F.);
#1406 = PLANE('',#1407);
#1407 = AXIS2_PLACEMENT_3D('',#1408,#1409,#1410);
#1408 = CARTESIAN_POINT('',(-0.465,-0.25,3.5E-02));
#1409 = DIRECTION('',(0.,0.,1.));
#1410 = DIRECTION('',(1.,0.,-0.));
#1411 = ADVANCED_FACE('',(#1412),#1475,.F.);
#1412 = FACE_BOUND('',#1413,.F.);
#1413 = EDGE_LOOP('',(#1414,#1424,#1431,#1432,#1433,#1434,#1443,#1451,
    #1460,#1468));
#1414 = ORIENTED_EDGE('',*,*,#1415,.F.);
#1415 = EDGE_CURVE('',#1416,#1418,#1420,.T.);
#1416 = VERTEX_POINT('',#1417);
#1417 = CARTESIAN_POINT('',(0.335,-0.25,-2.775557561563E-17));
#1418 = VERTEX_POINT('',#1419);
#1419 = CARTESIAN_POINT('',(0.465,-0.25,-2.775557561563E-17));
#1420 = LINE('',#1421,#1422);
#1421 = CARTESIAN_POINT('',(0.3,-0.25,0.));
#1422 = VECTOR('',#1423,1.);
#1423 = DIRECTION('',(1.,0.,0.));
#1424 = ORIENTED_EDGE('',*,*,#1425,.F.);
#1425 = EDGE_CURVE('',#1294,#1416,#1426,.T.);
#1426 = CIRCLE('',#1427,3.5E-02);
#1427 = AXIS2_PLACEMENT_3D('',#1428,#1429,#1430);
#1428 = CARTESIAN_POINT('',(0.335,-0.25,3.5E-02));
#1429 = DIRECTION('',(0.,-1.,0.));
#1430 = DIRECTION('',(0.,0.,1.));
#1431 = ORIENTED_EDGE('',*,*,#1293,.T.);
#1432 = ORIENTED_EDGE('',*,*,#1285,.T.);
#1433 = ORIENTED_EDGE('',*,*,#1277,.F.);
#1434 = ORIENTED_EDGE('',*,*,#1435,.T.);
#1435 = EDGE_CURVE('',#1270,#1436,#1438,.T.);
#1436 = VERTEX_POINT('',#1437);
#1437 = CARTESIAN_POINT('',(0.335,-0.25,0.35));
#1438 = CIRCLE('',#1439,3.5E-02);
#1439 = AXIS2_PLACEMENT_3D('',#1440,#1441,#1442);
#1440 = CARTESIAN_POINT('',(0.335,-0.25,0.315));
#1441 = DIRECTION('',(0.,1.,0.));
#1442 = DIRECTION('',(0.,-0.,1.));
#1443 = ORIENTED_EDGE('',*,*,#1444,.T.);
#1444 = EDGE_CURVE('',#1436,#1445,#1447,.T.);
#1445 = VERTEX_POINT('',#1446);
#1446 = CARTESIAN_POINT('',(0.465,-0.25,0.35));
#1447 = LINE('',#1448,#1449);
#1448 = CARTESIAN_POINT('',(0.3,-0.25,0.35));
#1449 = VECTOR('',#1450,1.);
#1450 = DIRECTION('',(1.,0.,0.));
#1451 = ORIENTED_EDGE('',*,*,#1452,.F.);
#1452 = EDGE_CURVE('',#1453,#1445,#1455,.T.);
#1453 = VERTEX_POINT('',#1454);
#1454 = CARTESIAN_POINT('',(0.5,-0.25,0.315));
#1455 = CIRCLE('',#1456,3.5E-02);
#1456 = AXIS2_PLACEMENT_3D('',#1457,#1458,#1459);
#1457 = CARTESIAN_POINT('',(0.465,-0.25,0.315));
#1458 = DIRECTION('',(0.,-1.,0.));
#1459 = DIRECTION('',(0.,0.,1.));
#1460 = ORIENTED_EDGE('',*,*,#1461,.F.);
#1461 = EDGE_CURVE('',#1462,#1453,#1464,.T.);
#1462 = VERTEX_POINT('',#1463);
#1463 = CARTESIAN_POINT('',(0.5,-0.25,3.5E-02));
#1464 = LINE('',#1465,#1466);
#1465 = CARTESIAN_POINT('',(0.5,-0.25,0.));
#1466 = VECTOR('',#1467,1.);
#1467 = DIRECTION('',(0.,0.,1.));
#1468 = ORIENTED_EDGE('',*,*,#1469,.T.);
#1469 = EDGE_CURVE('',#1462,#1418,#1470,.T.);
#1470 = CIRCLE('',#1471,3.5E-02);
#1471 = AXIS2_PLACEMENT_3D('',#1472,#1473,#1474);
#1472 = CARTESIAN_POINT('',(0.465,-0.25,3.5E-02));
#1473 = DIRECTION('',(0.,1.,0.));
#1474 = DIRECTION('',(0.,-0.,1.));
#1475 = PLANE('',#1476);
#1476 = AXIS2_PLACEMENT_3D('',#1477,#1478,#1479);
#1477 = CARTESIAN_POINT('',(0.3,-0.25,0.));
#1478 = DIRECTION('',(0.,1.,0.));
#1479 = DIRECTION('',(0.,-0.,1.));
#1480 = ADVANCED_FACE('',(#1481),#1506,.F.);
#1481 = FACE_BOUND('',#1482,.F.);
#1482 = EDGE_LOOP('',(#1483,#1484,#1492,#1500));
#1483 = ORIENTED_EDGE('',*,*,#1269,.F.);
#1484 = ORIENTED_EDGE('',*,*,#1485,.T.);
#1485 = EDGE_CURVE('',#1068,#1486,#1488,.T.);
#1486 = VERTEX_POINT('',#1487);
#1487 = CARTESIAN_POINT('',(-0.3,-0.25,0.35));
#1488 = LINE('',#1489,#1490);
#1489 = CARTESIAN_POINT('',(-0.3,-0.25,0.315));
#1490 = VECTOR('',#1491,1.);
#1491 = DIRECTION('',(0.,0.,1.));
#1492 = ORIENTED_EDGE('',*,*,#1493,.T.);
#1493 = EDGE_CURVE('',#1486,#1494,#1496,.T.);
#1494 = VERTEX_POINT('',#1495);
#1495 = CARTESIAN_POINT('',(0.3,-0.25,0.35));
#1496 = LINE('',#1497,#1498);
#1497 = CARTESIAN_POINT('',(-0.3,-0.25,0.35));
#1498 = VECTOR('',#1499,1.);
#1499 = DIRECTION('',(1.,0.,0.));
#1500 = ORIENTED_EDGE('',*,*,#1501,.F.);
#1501 = EDGE_CURVE('',#1270,#1494,#1502,.T.);
#1502 = LINE('',#1503,#1504);
#1503 = CARTESIAN_POINT('',(0.3,-0.25,0.315));
#1504 = VECTOR('',#1505,1.);
#1505 = DIRECTION('',(0.,0.,1.));
#1506 = PLANE('',#1507);
#1507 = AXIS2_PLACEMENT_3D('',#1508,#1509,#1510);
#1508 = CARTESIAN_POINT('',(-0.3,-0.25,0.315));
#1509 = DIRECTION('',(0.,1.,0.));
#1510 = DIRECTION('',(0.,-0.,1.));
#1511 = ADVANCED_FACE('',(#1512),#1530,.F.);
#1512 = FACE_BOUND('',#1513,.F.);
#1513 = EDGE_LOOP('',(#1514,#1515,#1516,#1524));
#1514 = ORIENTED_EDGE('',*,*,#1485,.F.);
#1515 = ORIENTED_EDGE('',*,*,#1332,.T.);
#1516 = ORIENTED_EDGE('',*,*,#1517,.T.);
#1517 = EDGE_CURVE('',#1185,#1518,#1520,.T.);
#1518 = VERTEX_POINT('',#1519);
#1519 = CARTESIAN_POINT('',(-0.3,0.25,0.35));
#1520 = LINE('',#1521,#1522);
#1521 = CARTESIAN_POINT('',(-0.3,0.25,0.315));
#1522 = VECTOR('',#1523,1.);
#1523 = DIRECTION('',(0.,0.,1.));
#1524 = ORIENTED_EDGE('',*,*,#1525,.F.);
#1525 = EDGE_CURVE('',#1486,#1518,#1526,.T.);
#1526 = LINE('',#1527,#1528);
#1527 = CARTESIAN_POINT('',(-0.3,-0.25,0.35));
#1528 = VECTOR('',#1529,1.);
#1529 = DIRECTION('',(0.,1.,0.));
#1530 = PLANE('',#1531);
#1531 = AXIS2_PLACEMENT_3D('',#1532,#1533,#1534);
#1532 = CARTESIAN_POINT('',(-0.3,-0.25,0.315));
#1533 = DIRECTION('',(1.,0.,0.));
#1534 = DIRECTION('',(0.,0.,1.));
#1535 = ADVANCED_FACE('',(#1536),#1599,.T.);
#1536 = FACE_BOUND('',#1537,.T.);
#1537 = EDGE_LOOP('',(#1538,#1548,#1555,#1556,#1557,#1558,#1567,#1575,
    #1584,#1592));
#1538 = ORIENTED_EDGE('',*,*,#1539,.F.);
#1539 = EDGE_CURVE('',#1540,#1542,#1544,.T.);
#1540 = VERTEX_POINT('',#1541);
#1541 = CARTESIAN_POINT('',(0.335,0.25,-2.775557561563E-17));
#1542 = VERTEX_POINT('',#1543);
#1543 = CARTESIAN_POINT('',(0.465,0.25,-2.775557561563E-17));
#1544 = LINE('',#1545,#1546);
#1545 = CARTESIAN_POINT('',(0.3,0.25,0.));
#1546 = VECTOR('',#1547,1.);
#1547 = DIRECTION('',(1.,0.,0.));
#1548 = ORIENTED_EDGE('',*,*,#1549,.F.);
#1549 = EDGE_CURVE('',#1377,#1540,#1550,.T.);
#1550 = CIRCLE('',#1551,3.5E-02);
#1551 = AXIS2_PLACEMENT_3D('',#1552,#1553,#1554);
#1552 = CARTESIAN_POINT('',(0.335,0.25,3.5E-02));
#1553 = DIRECTION('',(0.,-1.,0.));
#1554 = DIRECTION('',(0.,0.,1.));
#1555 = ORIENTED_EDGE('',*,*,#1376,.T.);
#1556 = ORIENTED_EDGE('',*,*,#1368,.T.);
#1557 = ORIENTED_EDGE('',*,*,#1360,.F.);
#1558 = ORIENTED_EDGE('',*,*,#1559,.T.);
#1559 = EDGE_CURVE('',#1353,#1560,#1562,.T.);
#1560 = VERTEX_POINT('',#1561);
#1561 = CARTESIAN_POINT('',(0.335,0.25,0.35));
#1562 = CIRCLE('',#1563,3.5E-02);
#1563 = AXIS2_PLACEMENT_3D('',#1564,#1565,#1566);
#1564 = CARTESIAN_POINT('',(0.335,0.25,0.315));
#1565 = DIRECTION('',(0.,1.,0.));
#1566 = DIRECTION('',(0.,-0.,1.));
#1567 = ORIENTED_EDGE('',*,*,#1568,.T.);
#1568 = EDGE_CURVE('',#1560,#1569,#1571,.T.);
#1569 = VERTEX_POINT('',#1570);
#1570 = CARTESIAN_POINT('',(0.465,0.25,0.35));
#1571 = LINE('',#1572,#1573);
#1572 = CARTESIAN_POINT('',(0.3,0.25,0.35));
#1573 = VECTOR('',#1574,1.);
#1574 = DIRECTION('',(1.,0.,0.));
#1575 = ORIENTED_EDGE('',*,*,#1576,.F.);
#1576 = EDGE_CURVE('',#1577,#1569,#1579,.T.);
#1577 = VERTEX_POINT('',#1578);
#1578 = CARTESIAN_POINT('',(0.5,0.25,0.315));
#1579 = CIRCLE('',#1580,3.5E-02);
#1580 = AXIS2_PLACEMENT_3D('',#1581,#1582,#1583);
#1581 = CARTESIAN_POINT('',(0.465,0.25,0.315));
#1582 = DIRECTION('',(0.,-1.,0.));
#1583 = DIRECTION('',(0.,0.,1.));
#1584 = ORIENTED_EDGE('',*,*,#1585,.F.);
#1585 = EDGE_CURVE('',#1586,#1577,#1588,.T.);
#1586 = VERTEX_POINT('',#1587);
#1587 = CARTESIAN_POINT('',(0.5,0.25,3.5E-02));
#1588 = LINE('',#1589,#1590);
#1589 = CARTESIAN_POINT('',(0.5,0.25,0.));
#1590 = VECTOR('',#1591,1.);
#1591 = DIRECTION('',(0.,0.,1.));
#1592 = ORIENTED_EDGE('',*,*,#1593,.T.);
#1593 = EDGE_CURVE('',#1586,#1542,#1594,.T.);
#1594 = CIRCLE('',#1595,3.5E-02);
#1595 = AXIS2_PLACEMENT_3D('',#1596,#1597,#1598);
#1596 = CARTESIAN_POINT('',(0.465,0.25,3.5E-02));
#1597 = DIRECTION('',(0.,1.,0.));
#1598 = DIRECTION('',(0.,-0.,1.));
#1599 = PLANE('',#1600);
#1600 = AXIS2_PLACEMENT_3D('',#1601,#1602,#1603);
#1601 = CARTESIAN_POINT('',(0.3,0.25,0.));
#1602 = DIRECTION('',(0.,1.,0.));
#1603 = DIRECTION('',(0.,-0.,1.));
#1604 = ADVANCED_FACE('',(#1605),#1623,.T.);
#1605 = FACE_BOUND('',#1606,.T.);
#1606 = EDGE_LOOP('',(#1607,#1608,#1609,#1617));
#1607 = ORIENTED_EDGE('',*,*,#1352,.F.);
#1608 = ORIENTED_EDGE('',*,*,#1517,.T.);
#1609 = ORIENTED_EDGE('',*,*,#1610,.T.);
#1610 = EDGE_CURVE('',#1518,#1611,#1613,.T.);
#1611 = VERTEX_POINT('',#1612);
#1612 = CARTESIAN_POINT('',(0.3,0.25,0.35));
#1613 = LINE('',#1614,#1615);
#1614 = CARTESIAN_POINT('',(-0.3,0.25,0.35));
#1615 = VECTOR('',#1616,1.);
#1616 = DIRECTION('',(1.,0.,0.));
#1617 = ORIENTED_EDGE('',*,*,#1618,.F.);
#1618 = EDGE_CURVE('',#1353,#1611,#1619,.T.);
#1619 = LINE('',#1620,#1621);
#1620 = CARTESIAN_POINT('',(0.3,0.25,0.315));
#1621 = VECTOR('',#1622,1.);
#1622 = DIRECTION('',(0.,0.,1.));
#1623 = PLANE('',#1624);
#1624 = AXIS2_PLACEMENT_3D('',#1625,#1626,#1627);
#1625 = CARTESIAN_POINT('',(-0.3,0.25,0.315));
#1626 = DIRECTION('',(0.,1.,0.));
#1627 = DIRECTION('',(0.,-0.,1.));
#1628 = ADVANCED_FACE('',(#1629),#1640,.T.);
#1629 = FACE_BOUND('',#1630,.T.);
#1630 = EDGE_LOOP('',(#1631,#1632,#1633,#1639));
#1631 = ORIENTED_EDGE('',*,*,#1400,.T.);
#1632 = ORIENTED_EDGE('',*,*,#1549,.T.);
#1633 = ORIENTED_EDGE('',*,*,#1634,.F.);
#1634 = EDGE_CURVE('',#1416,#1540,#1635,.T.);
#1635 = LINE('',#1636,#1637);
#1636 = CARTESIAN_POINT('',(0.335,-0.25,-2.775557561563E-17));
#1637 = VECTOR('',#1638,1.);
#1638 = DIRECTION('',(0.,1.,0.));
#1639 = ORIENTED_EDGE('',*,*,#1425,.F.);
#1640 = CYLINDRICAL_SURFACE('',#1641,3.5E-02);
#1641 = AXIS2_PLACEMENT_3D('',#1642,#1643,#1644);
#1642 = CARTESIAN_POINT('',(0.335,-0.25,3.5E-02));
#1643 = DIRECTION('',(0.,1.,0.));
#1644 = DIRECTION('',(-1.,0.,0.));
#1645 = ADVANCED_FACE('',(#1646),#1657,.F.);
#1646 = FACE_BOUND('',#1647,.F.);
#1647 = EDGE_LOOP('',(#1648,#1649,#1650,#1651));
#1648 = ORIENTED_EDGE('',*,*,#1539,.F.);
#1649 = ORIENTED_EDGE('',*,*,#1634,.F.);
#1650 = ORIENTED_EDGE('',*,*,#1415,.T.);
#1651 = ORIENTED_EDGE('',*,*,#1652,.T.);
#1652 = EDGE_CURVE('',#1418,#1542,#1653,.T.);
#1653 = LINE('',#1654,#1655);
#1654 = CARTESIAN_POINT('',(0.465,-0.25,-2.775557561563E-17));
#1655 = VECTOR('',#1656,1.);
#1656 = DIRECTION('',(0.,1.,0.));
#1657 = PLANE('',#1658);
#1658 = AXIS2_PLACEMENT_3D('',#1659,#1660,#1661);
#1659 = CARTESIAN_POINT('',(0.3,-0.25,0.));
#1660 = DIRECTION('',(0.,0.,1.));
#1661 = DIRECTION('',(1.,0.,-0.));
#1662 = ADVANCED_FACE('',(#1663),#1674,.T.);
#1663 = FACE_BOUND('',#1664,.T.);
#1664 = EDGE_LOOP('',(#1665,#1666,#1667,#1668));
#1665 = ORIENTED_EDGE('',*,*,#1469,.T.);
#1666 = ORIENTED_EDGE('',*,*,#1652,.T.);
#1667 = ORIENTED_EDGE('',*,*,#1593,.F.);
#1668 = ORIENTED_EDGE('',*,*,#1669,.F.);
#1669 = EDGE_CURVE('',#1462,#1586,#1670,.T.);
#1670 = LINE('',#1671,#1672);
#1671 = CARTESIAN_POINT('',(0.5,-0.25,3.5E-02));
#1672 = VECTOR('',#1673,1.);
#1673 = DIRECTION('',(0.,1.,0.));
#1674 = CYLINDRICAL_SURFACE('',#1675,3.5E-02);
#1675 = AXIS2_PLACEMENT_3D('',#1676,#1677,#1678);
#1676 = CARTESIAN_POINT('',(0.465,-0.25,3.5E-02));
#1677 = DIRECTION('',(0.,1.,0.));
#1678 = DIRECTION('',(1.,0.,0.));
#1679 = ADVANCED_FACE('',(#1680),#1691,.T.);
#1680 = FACE_BOUND('',#1681,.T.);
#1681 = EDGE_LOOP('',(#1682,#1683,#1684,#1685));
#1682 = ORIENTED_EDGE('',*,*,#1461,.F.);
#1683 = ORIENTED_EDGE('',*,*,#1669,.T.);
#1684 = ORIENTED_EDGE('',*,*,#1585,.T.);
#1685 = ORIENTED_EDGE('',*,*,#1686,.F.);
#1686 = EDGE_CURVE('',#1453,#1577,#1687,.T.);
#1687 = LINE('',#1688,#1689);
#1688 = CARTESIAN_POINT('',(0.5,-0.25,0.315));
#1689 = VECTOR('',#1690,1.);
#1690 = DIRECTION('',(0.,1.,0.));
#1691 = PLANE('',#1692);
#1692 = AXIS2_PLACEMENT_3D('',#1693,#1694,#1695);
#1693 = CARTESIAN_POINT('',(0.5,-0.25,0.));
#1694 = DIRECTION('',(1.,0.,0.));
#1695 = DIRECTION('',(0.,0.,1.));
#1696 = ADVANCED_FACE('',(#1697),#1708,.T.);
#1697 = FACE_BOUND('',#1698,.T.);
#1698 = EDGE_LOOP('',(#1699,#1700,#1701,#1707));
#1699 = ORIENTED_EDGE('',*,*,#1686,.T.);
#1700 = ORIENTED_EDGE('',*,*,#1576,.T.);
#1701 = ORIENTED_EDGE('',*,*,#1702,.F.);
#1702 = EDGE_CURVE('',#1445,#1569,#1703,.T.);
#1703 = LINE('',#1704,#1705);
#1704 = CARTESIAN_POINT('',(0.465,-0.25,0.35));
#1705 = VECTOR('',#1706,1.);
#1706 = DIRECTION('',(0.,1.,0.));
#1707 = ORIENTED_EDGE('',*,*,#1452,.F.);
#1708 = CYLINDRICAL_SURFACE('',#1709,3.5E-02);
#1709 = AXIS2_PLACEMENT_3D('',#1710,#1711,#1712);
#1710 = CARTESIAN_POINT('',(0.465,-0.25,0.315));
#1711 = DIRECTION('',(0.,1.,0.));
#1712 = DIRECTION('',(1.,0.,0.));
#1713 = ADVANCED_FACE('',(#1714),#1725,.T.);
#1714 = FACE_BOUND('',#1715,.T.);
#1715 = EDGE_LOOP('',(#1716,#1717,#1723,#1724));
#1716 = ORIENTED_EDGE('',*,*,#1568,.F.);
#1717 = ORIENTED_EDGE('',*,*,#1718,.F.);
#1718 = EDGE_CURVE('',#1436,#1560,#1719,.T.);
#1719 = LINE('',#1720,#1721);
#1720 = CARTESIAN_POINT('',(0.335,-0.25,0.35));
#1721 = VECTOR('',#1722,1.);
#1722 = DIRECTION('',(0.,1.,0.));
#1723 = ORIENTED_EDGE('',*,*,#1444,.T.);
#1724 = ORIENTED_EDGE('',*,*,#1702,.T.);
#1725 = PLANE('',#1726);
#1726 = AXIS2_PLACEMENT_3D('',#1727,#1728,#1729);
#1727 = CARTESIAN_POINT('',(0.3,-0.25,0.35));
#1728 = DIRECTION('',(0.,0.,1.));
#1729 = DIRECTION('',(1.,0.,-0.));
#1730 = ADVANCED_FACE('',(#1731),#1742,.T.);
#1731 = FACE_BOUND('',#1732,.T.);
#1732 = EDGE_LOOP('',(#1733,#1734,#1735,#1736));
#1733 = ORIENTED_EDGE('',*,*,#1435,.T.);
#1734 = ORIENTED_EDGE('',*,*,#1718,.T.);
#1735 = ORIENTED_EDGE('',*,*,#1559,.F.);
#1736 = ORIENTED_EDGE('',*,*,#1737,.F.);
#1737 = EDGE_CURVE('',#1270,#1353,#1738,.T.);
#1738 = LINE('',#1739,#1740);
#1739 = CARTESIAN_POINT('',(0.3,-0.25,0.315));
#1740 = VECTOR('',#1741,1.);
#1741 = DIRECTION('',(0.,1.,0.));
#1742 = CYLINDRICAL_SURFACE('',#1743,3.5E-02);
#1743 = AXIS2_PLACEMENT_3D('',#1744,#1745,#1746);
#1744 = CARTESIAN_POINT('',(0.335,-0.25,0.315));
#1745 = DIRECTION('',(0.,1.,0.));
#1746 = DIRECTION('',(-1.,0.,0.));
#1747 = ADVANCED_FACE('',(#1748),#1759,.T.);
#1748 = FACE_BOUND('',#1749,.T.);
#1749 = EDGE_LOOP('',(#1750,#1751,#1752,#1753));
#1750 = ORIENTED_EDGE('',*,*,#1501,.F.);
#1751 = ORIENTED_EDGE('',*,*,#1737,.T.);
#1752 = ORIENTED_EDGE('',*,*,#1618,.T.);
#1753 = ORIENTED_EDGE('',*,*,#1754,.F.);
#1754 = EDGE_CURVE('',#1494,#1611,#1755,.T.);
#1755 = LINE('',#1756,#1757);
#1756 = CARTESIAN_POINT('',(0.3,-0.25,0.35));
#1757 = VECTOR('',#1758,1.);
#1758 = DIRECTION('',(0.,1.,0.));
#1759 = PLANE('',#1760);
#1760 = AXIS2_PLACEMENT_3D('',#1761,#1762,#1763);
#1761 = CARTESIAN_POINT('',(0.3,-0.25,0.315));
#1762 = DIRECTION('',(1.,0.,0.));
#1763 = DIRECTION('',(0.,0.,1.));
#1764 = ADVANCED_FACE('',(#1765),#1771,.T.);
#1765 = FACE_BOUND('',#1766,.T.);
#1766 = EDGE_LOOP('',(#1767,#1768,#1769,#1770));
#1767 = ORIENTED_EDGE('',*,*,#1525,.F.);
#1768 = ORIENTED_EDGE('',*,*,#1493,.T.);
#1769 = ORIENTED_EDGE('',*,*,#1754,.T.);
#1770 = ORIENTED_EDGE('',*,*,#1610,.F.);
#1771 = PLANE('',#1772);
#1772 = AXIS2_PLACEMENT_3D('',#1773,#1774,#1775);
#1773 = CARTESIAN_POINT('',(-0.3,-0.25,0.35));
#1774 = DIRECTION('',(0.,0.,1.));
#1775 = DIRECTION('',(1.,0.,-0.));
#1776 = ( GEOMETRIC_REPRESENTATION_CONTEXT(3) 
GLOBAL_UNCERTAINTY_ASSIGNED_CONTEXT((#1780)) 
GLOBAL_UNIT_ASSIGNED_CONTEXT((#1777,#1778,#1779)) REPRESENTATION_CONTEXT
('Context #1','3D Context with UNIT and UNCERTAINTY') );
#1777 = ( LENGTH_UNIT() NAMED_UNIT(*) SI_UNIT(.MILLI.,.METRE.) );
#1778 = ( NAMED_UNIT(*) PLANE_ANGLE_UNIT() SI_UNIT($,.RADIAN.) );
#1779 = ( NAMED_UNIT(*) SI_UNIT($,.STERADIAN.) SOLID_ANGLE_UNIT() );
#1780 = UNCERTAINTY_MEASURE_WITH_UNIT(LENGTH_MEASURE(1.E-07),#1777,
  'distance_accuracy_value','confusion accuracy');
#1781 = CONTEXT_DEPENDENT_SHAPE_REPRESENTATION(#1782,#1784);
#1782 = ( REPRESENTATION_RELATIONSHIP('','',#985,#10) 
REPRESENTATION_RELATIONSHIP_WITH_TRANSFORMATION(#1783) 
SHAPE_REPRESENTATION_RELATIONSHIP() );
#1783 = ITEM_DEFINED_TRANSFORMATION('','',#11,#19);
#1784 = PRODUCT_DEFINITION_SHAPE('Placement','Placement of an item',
  #1785);
#1785 = NEXT_ASSEMBLY_USAGE_OCCURRENCE('2','R7','',#5,#980,$);
#1786 = PRODUCT_RELATED_PRODUCT_CATEGORY('part',$,(#982));
#1787 = CONTEXT_DEPENDENT_SHAPE_REPRESENTATION(#1788,#1790);
#1788 = ( REPRESENTATION_RELATIONSHIP('','',#985,#10) 
REPRESENTATION_RELATIONSHIP_WITH_TRANSFORMATION(#1789) 
SHAPE_REPRESENTATION_RELATIONSHIP() );
#1789 = ITEM_DEFINED_TRANSFORMATION('','',#11,#23);
#1790 = PRODUCT_DEFINITION_SHAPE('Placement','Placement of an item',
  #1791);
#1791 = NEXT_ASSEMBLY_USAGE_OCCURRENCE('3','R9','',#5,#980,$);
#1792 = CONTEXT_DEPENDENT_SHAPE_REPRESENTATION(#1793,#1795);
#1793 = ( REPRESENTATION_RELATIONSHIP('','',#176,#10) 
REPRESENTATION_RELATIONSHIP_WITH_TRANSFORMATION(#1794) 
SHAPE_REPRESENTATION_RELATIONSHIP() );
#1794 = ITEM_DEFINED_TRANSFORMATION('','',#11,#27);
#1795 = PRODUCT_DEFINITION_SHAPE('Placement','Placement of an item',
  #1796);
#1796 = NEXT_ASSEMBLY_USAGE_OCCURRENCE('4','R2','',#5,#171,$);
#1797 = CONTEXT_DEPENDENT_SHAPE_REPRESENTATION(#1798,#1800);
#1798 = ( REPRESENTATION_RELATIONSHIP('','',#985,#10) 
REPRESENTATION_RELATIONSHIP_WITH_TRANSFORMATION(#1799) 
SHAPE_REPRESENTATION_RELATIONSHIP() );
#1799 = ITEM_DEFINED_TRANSFORMATION('','',#11,#31);
#1800 = PRODUCT_DEFINITION_SHAPE('Placement','Placement of an item',
  #1801);
#1801 = NEXT_ASSEMBLY_USAGE_OCCURRENCE('5','R6','',#5,#980,$);
#1802 = CONTEXT_DEPENDENT_SHAPE_REPRESENTATION(#1803,#1805);
#1803 = ( REPRESENTATION_RELATIONSHIP('','',#985,#10) 
REPRESENTATION_RELATIONSHIP_WITH_TRANSFORMATION(#1804) 
SHAPE_REPRESENTATION_RELATIONSHIP() );
#1804 = ITEM_DEFINED_TRANSFORMATION('','',#11,#35);
#1805 = PRODUCT_DEFINITION_SHAPE('Placement','Placement of an item',
  #1806);
#1806 = NEXT_ASSEMBLY_USAGE_OCCURRENCE('6','R4','',#5,#980,$);
#1807 = CONTEXT_DEPENDENT_SHAPE_REPRESENTATION(#1808,#1810);
#1808 = ( REPRESENTATION_RELATIONSHIP('','',#985,#10) 
REPRESENTATION_RELATIONSHIP_WITH_TRANSFORMATION(#1809) 
SHAPE_REPRESENTATION_RELATIONSHIP() );
#1809 = ITEM_DEFINED_TRANSFORMATION('','',#11,#39);
#1810 = PRODUCT_DEFINITION_SHAPE('Placement','Placement of an item',
  #1811);
#1811 = NEXT_ASSEMBLY_USAGE_OCCURRENCE('7','R8','',#5,#980,$);
#1812 = SHAPE_DEFINITION_REPRESENTATION(#1813,#1819);
#1813 = PRODUCT_DEFINITION_SHAPE('','',#1814);
#1814 = PRODUCT_DEFINITION('design','',#1815,#1818);
#1815 = PRODUCT_DEFINITION_FORMATION('','',#1816);
#1816 = PRODUCT('C_0402','C_0402','',(#1817));
#1817 = PRODUCT_CONTEXT('',#2,'mechanical');
#1818 = PRODUCT_DEFINITION_CONTEXT('part definition',#2,'design');
#1819 = ADVANCED_BREP_SHAPE_REPRESENTATION('',(#11,#1820),#2674);
#1820 = MANIFOLD_SOLID_BREP('',#1821);
#1821 = CLOSED_SHELL('',(#1822,#1898,#1929,#1954,#1979,#2003,#2027,#2052
    ,#2077,#2094,#2180,#2212,#2236,#2261,#2285,#2310,#2334,#2359,#2376,
    #2462,#2493,#2518,#2543,#2567,#2591,#2616,#2641,#2658));
#1822 = ADVANCED_FACE('',(#1823),#1893,.F.);
#1823 = FACE_BOUND('',#1824,.F.);
#1824 = EDGE_LOOP('',(#1825,#1835,#1844,#1852,#1861,#1869,#1878,#1886));
#1825 = ORIENTED_EDGE('',*,*,#1826,.F.);
#1826 = EDGE_CURVE('',#1827,#1829,#1831,.T.);
#1827 = VERTEX_POINT('',#1828);
#1828 = CARTESIAN_POINT('',(-0.5,-0.25,2.E-02));
#1829 = VERTEX_POINT('',#1830);
#1830 = CARTESIAN_POINT('',(-0.5,-0.25,0.48));
#1831 = LINE('',#1832,#1833);
#1832 = CARTESIAN_POINT('',(-0.5,-0.25,0.));
#1833 = VECTOR('',#1834,1.);
#1834 = DIRECTION('',(0.,0.,1.));
#1835 = ORIENTED_EDGE('',*,*,#1836,.T.);
#1836 = EDGE_CURVE('',#1827,#1837,#1839,.T.);
#1837 = VERTEX_POINT('',#1838);
#1838 = CARTESIAN_POINT('',(-0.5,-0.23,0.));
#1839 = CIRCLE('',#1840,2.E-02);
#1840 = AXIS2_PLACEMENT_3D('',#1841,#1842,#1843);
#1841 = CARTESIAN_POINT('',(-0.5,-0.23,2.E-02));
#1842 = DIRECTION('',(1.,0.,-0.));
#1843 = DIRECTION('',(0.,0.,1.));
#1844 = ORIENTED_EDGE('',*,*,#1845,.T.);
#1845 = EDGE_CURVE('',#1837,#1846,#1848,.T.);
#1846 = VERTEX_POINT('',#1847);
#1847 = CARTESIAN_POINT('',(-0.5,0.23,0.));
#1848 = LINE('',#1849,#1850);
#1849 = CARTESIAN_POINT('',(-0.5,-0.25,0.));
#1850 = VECTOR('',#1851,1.);
#1851 = DIRECTION('',(0.,1.,0.));
#1852 = ORIENTED_EDGE('',*,*,#1853,.F.);
#1853 = EDGE_CURVE('',#1854,#1846,#1856,.T.);
#1854 = VERTEX_POINT('',#1855);
#1855 = CARTESIAN_POINT('',(-0.5,0.25,2.E-02));
#1856 = CIRCLE('',#1857,2.E-02);
#1857 = AXIS2_PLACEMENT_3D('',#1858,#1859,#1860);
#1858 = CARTESIAN_POINT('',(-0.5,0.23,2.E-02));
#1859 = DIRECTION('',(-1.,0.,0.));
#1860 = DIRECTION('',(0.,0.,1.));
#1861 = ORIENTED_EDGE('',*,*,#1862,.T.);
#1862 = EDGE_CURVE('',#1854,#1863,#1865,.T.);
#1863 = VERTEX_POINT('',#1864);
#1864 = CARTESIAN_POINT('',(-0.5,0.25,0.48));
#1865 = LINE('',#1866,#1867);
#1866 = CARTESIAN_POINT('',(-0.5,0.25,0.));
#1867 = VECTOR('',#1868,1.);
#1868 = DIRECTION('',(0.,0.,1.));
#1869 = ORIENTED_EDGE('',*,*,#1870,.T.);
#1870 = EDGE_CURVE('',#1863,#1871,#1873,.T.);
#1871 = VERTEX_POINT('',#1872);
#1872 = CARTESIAN_POINT('',(-0.5,0.23,0.5));
#1873 = CIRCLE('',#1874,2.E-02);
#1874 = AXIS2_PLACEMENT_3D('',#1875,#1876,#1877);
#1875 = CARTESIAN_POINT('',(-0.5,0.23,0.48));
#1876 = DIRECTION('',(1.,0.,-0.));
#1877 = DIRECTION('',(0.,0.,1.));
#1878 = ORIENTED_EDGE('',*,*,#1879,.F.);
#1879 = EDGE_CURVE('',#1880,#1871,#1882,.T.);
#1880 = VERTEX_POINT('',#1881);
#1881 = CARTESIAN_POINT('',(-0.5,-0.23,0.5));
#1882 = LINE('',#1883,#1884);
#1883 = CARTESIAN_POINT('',(-0.5,-0.25,0.5));
#1884 = VECTOR('',#1885,1.);
#1885 = DIRECTION('',(0.,1.,0.));
#1886 = ORIENTED_EDGE('',*,*,#1887,.F.);
#1887 = EDGE_CURVE('',#1829,#1880,#1888,.T.);
#1888 = CIRCLE('',#1889,2.E-02);
#1889 = AXIS2_PLACEMENT_3D('',#1890,#1891,#1892);
#1890 = CARTESIAN_POINT('',(-0.5,-0.23,0.48));
#1891 = DIRECTION('',(-1.,0.,0.));
#1892 = DIRECTION('',(0.,0.,1.));
#1893 = PLANE('',#1894);
#1894 = AXIS2_PLACEMENT_3D('',#1895,#1896,#1897);
#1895 = CARTESIAN_POINT('',(-0.5,-0.25,0.));
#1896 = DIRECTION('',(1.,0.,0.));
#1897 = DIRECTION('',(0.,0.,1.));
#1898 = ADVANCED_FACE('',(#1899),#1924,.F.);
#1899 = FACE_BOUND('',#1900,.F.);
#1900 = EDGE_LOOP('',(#1901,#1911,#1917,#1918));
#1901 = ORIENTED_EDGE('',*,*,#1902,.F.);
#1902 = EDGE_CURVE('',#1903,#1905,#1907,.T.);
#1903 = VERTEX_POINT('',#1904);
#1904 = CARTESIAN_POINT('',(-0.3,-0.25,2.E-02));
#1905 = VERTEX_POINT('',#1906);
#1906 = CARTESIAN_POINT('',(-0.3,-0.25,0.48));
#1907 = LINE('',#1908,#1909);
#1908 = CARTESIAN_POINT('',(-0.3,-0.25,0.));
#1909 = VECTOR('',#1910,1.);
#1910 = DIRECTION('',(0.,0.,1.));
#1911 = ORIENTED_EDGE('',*,*,#1912,.F.);
#1912 = EDGE_CURVE('',#1827,#1903,#1913,.T.);
#1913 = LINE('',#1914,#1915);
#1914 = CARTESIAN_POINT('',(-0.5,-0.25,2.E-02));
#1915 = VECTOR('',#1916,1.);
#1916 = DIRECTION('',(1.,0.,0.));
#1917 = ORIENTED_EDGE('',*,*,#1826,.T.);
#1918 = ORIENTED_EDGE('',*,*,#1919,.T.);
#1919 = EDGE_CURVE('',#1829,#1905,#1920,.T.);
#1920 = LINE('',#1921,#1922);
#1921 = CARTESIAN_POINT('',(-0.5,-0.25,0.48));
#1922 = VECTOR('',#1923,1.);
#1923 = DIRECTION('',(1.,0.,0.));
#1924 = PLANE('',#1925);
#1925 = AXIS2_PLACEMENT_3D('',#1926,#1927,#1928);
#1926 = CARTESIAN_POINT('',(-0.5,-0.25,0.));
#1927 = DIRECTION('',(0.,1.,0.));
#1928 = DIRECTION('',(0.,-0.,1.));
#1929 = ADVANCED_FACE('',(#1930),#1949,.T.);
#1930 = FACE_BOUND('',#1931,.T.);
#1931 = EDGE_LOOP('',(#1932,#1933,#1941,#1948));
#1932 = ORIENTED_EDGE('',*,*,#1836,.T.);
#1933 = ORIENTED_EDGE('',*,*,#1934,.T.);
#1934 = EDGE_CURVE('',#1837,#1935,#1937,.T.);
#1935 = VERTEX_POINT('',#1936);
#1936 = CARTESIAN_POINT('',(-0.3,-0.23,0.));
#1937 = LINE('',#1938,#1939);
#1938 = CARTESIAN_POINT('',(-0.5,-0.23,0.));
#1939 = VECTOR('',#1940,1.);
#1940 = DIRECTION('',(1.,0.,0.));
#1941 = ORIENTED_EDGE('',*,*,#1942,.F.);
#1942 = EDGE_CURVE('',#1903,#1935,#1943,.T.);
#1943 = CIRCLE('',#1944,2.E-02);
#1944 = AXIS2_PLACEMENT_3D('',#1945,#1946,#1947);
#1945 = CARTESIAN_POINT('',(-0.3,-0.23,2.E-02));
#1946 = DIRECTION('',(1.,0.,-0.));
#1947 = DIRECTION('',(0.,0.,1.));
#1948 = ORIENTED_EDGE('',*,*,#1912,.F.);
#1949 = CYLINDRICAL_SURFACE('',#1950,2.E-02);
#1950 = AXIS2_PLACEMENT_3D('',#1951,#1952,#1953);
#1951 = CARTESIAN_POINT('',(-0.5,-0.23,2.E-02));
#1952 = DIRECTION('',(1.,0.,0.));
#1953 = DIRECTION('',(0.,-1.,0.));
#1954 = ADVANCED_FACE('',(#1955),#1974,.T.);
#1955 = FACE_BOUND('',#1956,.T.);
#1956 = EDGE_LOOP('',(#1957,#1958,#1967,#1973));
#1957 = ORIENTED_EDGE('',*,*,#1919,.T.);
#1958 = ORIENTED_EDGE('',*,*,#1959,.T.);
#1959 = EDGE_CURVE('',#1905,#1960,#1962,.T.);
#1960 = VERTEX_POINT('',#1961);
#1961 = CARTESIAN_POINT('',(-0.3,-0.23,0.5));
#1962 = CIRCLE('',#1963,2.E-02);
#1963 = AXIS2_PLACEMENT_3D('',#1964,#1965,#1966);
#1964 = CARTESIAN_POINT('',(-0.3,-0.23,0.48));
#1965 = DIRECTION('',(-1.,0.,0.));
#1966 = DIRECTION('',(0.,0.,1.));
#1967 = ORIENTED_EDGE('',*,*,#1968,.F.);
#1968 = EDGE_CURVE('',#1880,#1960,#1969,.T.);
#1969 = LINE('',#1970,#1971);
#1970 = CARTESIAN_POINT('',(-0.5,-0.23,0.5));
#1971 = VECTOR('',#1972,1.);
#1972 = DIRECTION('',(1.,0.,0.));
#1973 = ORIENTED_EDGE('',*,*,#1887,.F.);
#1974 = CYLINDRICAL_SURFACE('',#1975,2.E-02);
#1975 = AXIS2_PLACEMENT_3D('',#1976,#1977,#1978);
#1976 = CARTESIAN_POINT('',(-0.5,-0.23,0.48));
#1977 = DIRECTION('',(1.,0.,0.));
#1978 = DIRECTION('',(0.,-1.,0.));
#1979 = ADVANCED_FACE('',(#1980),#1998,.F.);
#1980 = FACE_BOUND('',#1981,.F.);
#1981 = EDGE_LOOP('',(#1982,#1983,#1984,#1992));
#1982 = ORIENTED_EDGE('',*,*,#1845,.F.);
#1983 = ORIENTED_EDGE('',*,*,#1934,.T.);
#1984 = ORIENTED_EDGE('',*,*,#1985,.T.);
#1985 = EDGE_CURVE('',#1935,#1986,#1988,.T.);
#1986 = VERTEX_POINT('',#1987);
#1987 = CARTESIAN_POINT('',(-0.3,0.23,0.));
#1988 = LINE('',#1989,#1990);
#1989 = CARTESIAN_POINT('',(-0.3,-0.25,0.));
#1990 = VECTOR('',#1991,1.);
#1991 = DIRECTION('',(0.,1.,0.));
#1992 = ORIENTED_EDGE('',*,*,#1993,.F.);
#1993 = EDGE_CURVE('',#1846,#1986,#1994,.T.);
#1994 = LINE('',#1995,#1996);
#1995 = CARTESIAN_POINT('',(-0.5,0.23,0.));
#1996 = VECTOR('',#1997,1.);
#1997 = DIRECTION('',(1.,0.,0.));
#1998 = PLANE('',#1999);
#1999 = AXIS2_PLACEMENT_3D('',#2000,#2001,#2002);
#2000 = CARTESIAN_POINT('',(-0.5,-0.25,0.));
#2001 = DIRECTION('',(0.,0.,1.));
#2002 = DIRECTION('',(1.,0.,-0.));
#2003 = ADVANCED_FACE('',(#2004),#2022,.T.);
#2004 = FACE_BOUND('',#2005,.T.);
#2005 = EDGE_LOOP('',(#2006,#2007,#2008,#2016));
#2006 = ORIENTED_EDGE('',*,*,#1879,.F.);
#2007 = ORIENTED_EDGE('',*,*,#1968,.T.);
#2008 = ORIENTED_EDGE('',*,*,#2009,.T.);
#2009 = EDGE_CURVE('',#1960,#2010,#2012,.T.);
#2010 = VERTEX_POINT('',#2011);
#2011 = CARTESIAN_POINT('',(-0.3,0.23,0.5));
#2012 = LINE('',#2013,#2014);
#2013 = CARTESIAN_POINT('',(-0.3,-0.25,0.5));
#2014 = VECTOR('',#2015,1.);
#2015 = DIRECTION('',(0.,1.,0.));
#2016 = ORIENTED_EDGE('',*,*,#2017,.F.);
#2017 = EDGE_CURVE('',#1871,#2010,#2018,.T.);
#2018 = LINE('',#2019,#2020);
#2019 = CARTESIAN_POINT('',(-0.5,0.23,0.5));
#2020 = VECTOR('',#2021,1.);
#2021 = DIRECTION('',(1.,0.,0.));
#2022 = PLANE('',#2023);
#2023 = AXIS2_PLACEMENT_3D('',#2024,#2025,#2026);
#2024 = CARTESIAN_POINT('',(-0.5,-0.25,0.5));
#2025 = DIRECTION('',(0.,0.,1.));
#2026 = DIRECTION('',(1.,0.,-0.));
#2027 = ADVANCED_FACE('',(#2028),#2047,.T.);
#2028 = FACE_BOUND('',#2029,.T.);
#2029 = EDGE_LOOP('',(#2030,#2038,#2045,#2046));
#2030 = ORIENTED_EDGE('',*,*,#2031,.T.);
#2031 = EDGE_CURVE('',#1854,#2032,#2034,.T.);
#2032 = VERTEX_POINT('',#2033);
#2033 = CARTESIAN_POINT('',(-0.3,0.25,2.E-02));
#2034 = LINE('',#2035,#2036);
#2035 = CARTESIAN_POINT('',(-0.5,0.25,2.E-02));
#2036 = VECTOR('',#2037,1.);
#2037 = DIRECTION('',(1.,0.,0.));
#2038 = ORIENTED_EDGE('',*,*,#2039,.T.);
#2039 = EDGE_CURVE('',#2032,#1986,#2040,.T.);
#2040 = CIRCLE('',#2041,2.E-02);
#2041 = AXIS2_PLACEMENT_3D('',#2042,#2043,#2044);
#2042 = CARTESIAN_POINT('',(-0.3,0.23,2.E-02));
#2043 = DIRECTION('',(-1.,0.,0.));
#2044 = DIRECTION('',(0.,0.,1.));
#2045 = ORIENTED_EDGE('',*,*,#1993,.F.);
#2046 = ORIENTED_EDGE('',*,*,#1853,.F.);
#2047 = CYLINDRICAL_SURFACE('',#2048,2.E-02);
#2048 = AXIS2_PLACEMENT_3D('',#2049,#2050,#2051);
#2049 = CARTESIAN_POINT('',(-0.5,0.23,2.E-02));
#2050 = DIRECTION('',(1.,0.,0.));
#2051 = DIRECTION('',(-0.,1.,0.));
#2052 = ADVANCED_FACE('',(#2053),#2072,.T.);
#2053 = FACE_BOUND('',#2054,.T.);
#2054 = EDGE_LOOP('',(#2055,#2056,#2057,#2066));
#2055 = ORIENTED_EDGE('',*,*,#1870,.T.);
#2056 = ORIENTED_EDGE('',*,*,#2017,.T.);
#2057 = ORIENTED_EDGE('',*,*,#2058,.F.);
#2058 = EDGE_CURVE('',#2059,#2010,#2061,.T.);
#2059 = VERTEX_POINT('',#2060);
#2060 = CARTESIAN_POINT('',(-0.3,0.25,0.48));
#2061 = CIRCLE('',#2062,2.E-02);
#2062 = AXIS2_PLACEMENT_3D('',#2063,#2064,#2065);
#2063 = CARTESIAN_POINT('',(-0.3,0.23,0.48));
#2064 = DIRECTION('',(1.,0.,-0.));
#2065 = DIRECTION('',(0.,0.,1.));
#2066 = ORIENTED_EDGE('',*,*,#2067,.F.);
#2067 = EDGE_CURVE('',#1863,#2059,#2068,.T.);
#2068 = LINE('',#2069,#2070);
#2069 = CARTESIAN_POINT('',(-0.5,0.25,0.48));
#2070 = VECTOR('',#2071,1.);
#2071 = DIRECTION('',(1.,0.,0.));
#2072 = CYLINDRICAL_SURFACE('',#2073,2.E-02);
#2073 = AXIS2_PLACEMENT_3D('',#2074,#2075,#2076);
#2074 = CARTESIAN_POINT('',(-0.5,0.23,0.48));
#2075 = DIRECTION('',(1.,0.,0.));
#2076 = DIRECTION('',(-0.,1.,0.));
#2077 = ADVANCED_FACE('',(#2078),#2089,.T.);
#2078 = FACE_BOUND('',#2079,.T.);
#2079 = EDGE_LOOP('',(#2080,#2086,#2087,#2088));
#2080 = ORIENTED_EDGE('',*,*,#2081,.F.);
#2081 = EDGE_CURVE('',#2032,#2059,#2082,.T.);
#2082 = LINE('',#2083,#2084);
#2083 = CARTESIAN_POINT('',(-0.3,0.25,0.));
#2084 = VECTOR('',#2085,1.);
#2085 = DIRECTION('',(0.,0.,1.));
#2086 = ORIENTED_EDGE('',*,*,#2031,.F.);
#2087 = ORIENTED_EDGE('',*,*,#1862,.T.);
#2088 = ORIENTED_EDGE('',*,*,#2067,.T.);
#2089 = PLANE('',#2090);
#2090 = AXIS2_PLACEMENT_3D('',#2091,#2092,#2093);
#2091 = CARTESIAN_POINT('',(-0.5,0.25,0.));
#2092 = DIRECTION('',(0.,1.,0.));
#2093 = DIRECTION('',(0.,-0.,1.));
#2094 = ADVANCED_FACE('',(#2095,#2105),#2175,.T.);
#2095 = FACE_BOUND('',#2096,.T.);
#2096 = EDGE_LOOP('',(#2097,#2098,#2099,#2100,#2101,#2102,#2103,#2104));
#2097 = ORIENTED_EDGE('',*,*,#1902,.F.);
#2098 = ORIENTED_EDGE('',*,*,#1942,.T.);
#2099 = ORIENTED_EDGE('',*,*,#1985,.T.);
#2100 = ORIENTED_EDGE('',*,*,#2039,.F.);
#2101 = ORIENTED_EDGE('',*,*,#2081,.T.);
#2102 = ORIENTED_EDGE('',*,*,#2058,.T.);
#2103 = ORIENTED_EDGE('',*,*,#2009,.F.);
#2104 = ORIENTED_EDGE('',*,*,#1959,.F.);
#2105 = FACE_BOUND('',#2106,.T.);
#2106 = EDGE_LOOP('',(#2107,#2118,#2126,#2135,#2143,#2152,#2160,#2169));
#2107 = ORIENTED_EDGE('',*,*,#2108,.F.);
#2108 = EDGE_CURVE('',#2109,#2111,#2113,.T.);
#2109 = VERTEX_POINT('',#2110);
#2110 = CARTESIAN_POINT('',(-0.3,-0.23,4.E-02));
#2111 = VERTEX_POINT('',#2112);
#2112 = CARTESIAN_POINT('',(-0.3,-0.21,2.E-02));
#2113 = CIRCLE('',#2114,2.E-02);
#2114 = AXIS2_PLACEMENT_3D('',#2115,#2116,#2117);
#2115 = CARTESIAN_POINT('',(-0.3,-0.21,4.E-02));
#2116 = DIRECTION('',(1.,0.,-0.));
#2117 = DIRECTION('',(0.,0.,1.));
#2118 = ORIENTED_EDGE('',*,*,#2119,.T.);
#2119 = EDGE_CURVE('',#2109,#2120,#2122,.T.);
#2120 = VERTEX_POINT('',#2121);
#2121 = CARTESIAN_POINT('',(-0.3,-0.23,0.46));
#2122 = LINE('',#2123,#2124);
#2123 = CARTESIAN_POINT('',(-0.3,-0.23,2.E-02));
#2124 = VECTOR('',#2125,1.);
#2125 = DIRECTION('',(0.,0.,1.));
#2126 = ORIENTED_EDGE('',*,*,#2127,.T.);
#2127 = EDGE_CURVE('',#2120,#2128,#2130,.T.);
#2128 = VERTEX_POINT('',#2129);
#2129 = CARTESIAN_POINT('',(-0.3,-0.21,0.48));
#2130 = CIRCLE('',#2131,2.E-02);
#2131 = AXIS2_PLACEMENT_3D('',#2132,#2133,#2134);
#2132 = CARTESIAN_POINT('',(-0.3,-0.21,0.46));
#2133 = DIRECTION('',(-1.,0.,0.));
#2134 = DIRECTION('',(0.,0.,1.));
#2135 = ORIENTED_EDGE('',*,*,#2136,.T.);
#2136 = EDGE_CURVE('',#2128,#2137,#2139,.T.);
#2137 = VERTEX_POINT('',#2138);
#2138 = CARTESIAN_POINT('',(-0.3,0.21,0.48));
#2139 = LINE('',#2140,#2141);
#2140 = CARTESIAN_POINT('',(-0.3,-0.23,0.48));
#2141 = VECTOR('',#2142,1.);
#2142 = DIRECTION('',(0.,1.,0.));
#2143 = ORIENTED_EDGE('',*,*,#2144,.F.);
#2144 = EDGE_CURVE('',#2145,#2137,#2147,.T.);
#2145 = VERTEX_POINT('',#2146);
#2146 = CARTESIAN_POINT('',(-0.3,0.23,0.46));
#2147 = CIRCLE('',#2148,2.E-02);
#2148 = AXIS2_PLACEMENT_3D('',#2149,#2150,#2151);
#2149 = CARTESIAN_POINT('',(-0.3,0.21,0.46));
#2150 = DIRECTION('',(1.,0.,-0.));
#2151 = DIRECTION('',(0.,0.,1.));
#2152 = ORIENTED_EDGE('',*,*,#2153,.F.);
#2153 = EDGE_CURVE('',#2154,#2145,#2156,.T.);
#2154 = VERTEX_POINT('',#2155);
#2155 = CARTESIAN_POINT('',(-0.3,0.23,4.E-02));
#2156 = LINE('',#2157,#2158);
#2157 = CARTESIAN_POINT('',(-0.3,0.23,2.E-02));
#2158 = VECTOR('',#2159,1.);
#2159 = DIRECTION('',(0.,0.,1.));
#2160 = ORIENTED_EDGE('',*,*,#2161,.T.);
#2161 = EDGE_CURVE('',#2154,#2162,#2164,.T.);
#2162 = VERTEX_POINT('',#2163);
#2163 = CARTESIAN_POINT('',(-0.3,0.21,2.E-02));
#2164 = CIRCLE('',#2165,2.E-02);
#2165 = AXIS2_PLACEMENT_3D('',#2166,#2167,#2168);
#2166 = CARTESIAN_POINT('',(-0.3,0.21,4.E-02));
#2167 = DIRECTION('',(-1.,0.,0.));
#2168 = DIRECTION('',(0.,0.,1.));
#2169 = ORIENTED_EDGE('',*,*,#2170,.F.);
#2170 = EDGE_CURVE('',#2111,#2162,#2171,.T.);
#2171 = LINE('',#2172,#2173);
#2172 = CARTESIAN_POINT('',(-0.3,-0.23,2.E-02));
#2173 = VECTOR('',#2174,1.);
#2174 = DIRECTION('',(0.,1.,0.));
#2175 = PLANE('',#2176);
#2176 = AXIS2_PLACEMENT_3D('',#2177,#2178,#2179);
#2177 = CARTESIAN_POINT('',(-0.3,-0.25,0.));
#2178 = DIRECTION('',(1.,0.,0.));
#2179 = DIRECTION('',(0.,0.,1.));
#2180 = ADVANCED_FACE('',(#2181),#2207,.T.);
#2181 = FACE_BOUND('',#2182,.T.);
#2182 = EDGE_LOOP('',(#2183,#2184,#2192,#2201));
#2183 = ORIENTED_EDGE('',*,*,#2108,.T.);
#2184 = ORIENTED_EDGE('',*,*,#2185,.T.);
#2185 = EDGE_CURVE('',#2111,#2186,#2188,.T.);
#2186 = VERTEX_POINT('',#2187);
#2187 = CARTESIAN_POINT('',(0.3,-0.21,2.E-02));
#2188 = LINE('',#2189,#2190);
#2189 = CARTESIAN_POINT('',(-0.3,-0.21,2.E-02));
#2190 = VECTOR('',#2191,1.);
#2191 = DIRECTION('',(1.,0.,0.));
#2192 = ORIENTED_EDGE('',*,*,#2193,.F.);
#2193 = EDGE_CURVE('',#2194,#2186,#2196,.T.);
#2194 = VERTEX_POINT('',#2195);
#2195 = CARTESIAN_POINT('',(0.3,-0.23,4.E-02));
#2196 = CIRCLE('',#2197,2.E-02);
#2197 = AXIS2_PLACEMENT_3D('',#2198,#2199,#2200);
#2198 = CARTESIAN_POINT('',(0.3,-0.21,4.E-02));
#2199 = DIRECTION('',(1.,0.,-0.));
#2200 = DIRECTION('',(0.,0.,1.));
#2201 = ORIENTED_EDGE('',*,*,#2202,.F.);
#2202 = EDGE_CURVE('',#2109,#2194,#2203,.T.);
#2203 = LINE('',#2204,#2205);
#2204 = CARTESIAN_POINT('',(-0.3,-0.23,4.E-02));
#2205 = VECTOR('',#2206,1.);
#2206 = DIRECTION('',(1.,0.,0.));
#2207 = CYLINDRICAL_SURFACE('',#2208,2.E-02);
#2208 = AXIS2_PLACEMENT_3D('',#2209,#2210,#2211);
#2209 = CARTESIAN_POINT('',(-0.3,-0.21,4.E-02));
#2210 = DIRECTION('',(1.,0.,0.));
#2211 = DIRECTION('',(0.,-1.,0.));
#2212 = ADVANCED_FACE('',(#2213),#2231,.F.);
#2213 = FACE_BOUND('',#2214,.F.);
#2214 = EDGE_LOOP('',(#2215,#2216,#2217,#2225));
#2215 = ORIENTED_EDGE('',*,*,#2170,.F.);
#2216 = ORIENTED_EDGE('',*,*,#2185,.T.);
#2217 = ORIENTED_EDGE('',*,*,#2218,.T.);
#2218 = EDGE_CURVE('',#2186,#2219,#2221,.T.);
#2219 = VERTEX_POINT('',#2220);
#2220 = CARTESIAN_POINT('',(0.3,0.21,2.E-02));
#2221 = LINE('',#2222,#2223);
#2222 = CARTESIAN_POINT('',(0.3,-0.23,2.E-02));
#2223 = VECTOR('',#2224,1.);
#2224 = DIRECTION('',(0.,1.,0.));
#2225 = ORIENTED_EDGE('',*,*,#2226,.F.);
#2226 = EDGE_CURVE('',#2162,#2219,#2227,.T.);
#2227 = LINE('',#2228,#2229);
#2228 = CARTESIAN_POINT('',(-0.3,0.21,2.E-02));
#2229 = VECTOR('',#2230,1.);
#2230 = DIRECTION('',(1.,0.,0.));
#2231 = PLANE('',#2232);
#2232 = AXIS2_PLACEMENT_3D('',#2233,#2234,#2235);
#2233 = CARTESIAN_POINT('',(-0.3,-0.23,2.E-02));
#2234 = DIRECTION('',(0.,0.,1.));
#2235 = DIRECTION('',(1.,0.,-0.));
#2236 = ADVANCED_FACE('',(#2237),#2256,.T.);
#2237 = FACE_BOUND('',#2238,.T.);
#2238 = EDGE_LOOP('',(#2239,#2247,#2254,#2255));
#2239 = ORIENTED_EDGE('',*,*,#2240,.T.);
#2240 = EDGE_CURVE('',#2154,#2241,#2243,.T.);
#2241 = VERTEX_POINT('',#2242);
#2242 = CARTESIAN_POINT('',(0.3,0.23,4.E-02));
#2243 = LINE('',#2244,#2245);
#2244 = CARTESIAN_POINT('',(-0.3,0.23,4.E-02));
#2245 = VECTOR('',#2246,1.);
#2246 = DIRECTION('',(1.,0.,0.));
#2247 = ORIENTED_EDGE('',*,*,#2248,.T.);
#2248 = EDGE_CURVE('',#2241,#2219,#2249,.T.);
#2249 = CIRCLE('',#2250,2.E-02);
#2250 = AXIS2_PLACEMENT_3D('',#2251,#2252,#2253);
#2251 = CARTESIAN_POINT('',(0.3,0.21,4.E-02));
#2252 = DIRECTION('',(-1.,0.,0.));
#2253 = DIRECTION('',(0.,0.,1.));
#2254 = ORIENTED_EDGE('',*,*,#2226,.F.);
#2255 = ORIENTED_EDGE('',*,*,#2161,.F.);
#2256 = CYLINDRICAL_SURFACE('',#2257,2.E-02);
#2257 = AXIS2_PLACEMENT_3D('',#2258,#2259,#2260);
#2258 = CARTESIAN_POINT('',(-0.3,0.21,4.E-02));
#2259 = DIRECTION('',(1.,0.,0.));
#2260 = DIRECTION('',(-0.,1.,0.));
#2261 = ADVANCED_FACE('',(#2262),#2280,.T.);
#2262 = FACE_BOUND('',#2263,.T.);
#2263 = EDGE_LOOP('',(#2264,#2272,#2273,#2274));
#2264 = ORIENTED_EDGE('',*,*,#2265,.F.);
#2265 = EDGE_CURVE('',#2241,#2266,#2268,.T.);
#2266 = VERTEX_POINT('',#2267);
#2267 = CARTESIAN_POINT('',(0.3,0.23,0.46));
#2268 = LINE('',#2269,#2270);
#2269 = CARTESIAN_POINT('',(0.3,0.23,2.E-02));
#2270 = VECTOR('',#2271,1.);
#2271 = DIRECTION('',(0.,0.,1.));
#2272 = ORIENTED_EDGE('',*,*,#2240,.F.);
#2273 = ORIENTED_EDGE('',*,*,#2153,.T.);
#2274 = ORIENTED_EDGE('',*,*,#2275,.T.);
#2275 = EDGE_CURVE('',#2145,#2266,#2276,.T.);
#2276 = LINE('',#2277,#2278);
#2277 = CARTESIAN_POINT('',(-0.3,0.23,0.46));
#2278 = VECTOR('',#2279,1.);
#2279 = DIRECTION('',(1.,0.,0.));
#2280 = PLANE('',#2281);
#2281 = AXIS2_PLACEMENT_3D('',#2282,#2283,#2284);
#2282 = CARTESIAN_POINT('',(-0.3,0.23,2.E-02));
#2283 = DIRECTION('',(0.,1.,0.));
#2284 = DIRECTION('',(0.,-0.,1.));
#2285 = ADVANCED_FACE('',(#2286),#2305,.T.);
#2286 = FACE_BOUND('',#2287,.T.);
#2287 = EDGE_LOOP('',(#2288,#2289,#2297,#2304));
#2288 = ORIENTED_EDGE('',*,*,#2144,.T.);
#2289 = ORIENTED_EDGE('',*,*,#2290,.T.);
#2290 = EDGE_CURVE('',#2137,#2291,#2293,.T.);
#2291 = VERTEX_POINT('',#2292);
#2292 = CARTESIAN_POINT('',(0.3,0.21,0.48));
#2293 = LINE('',#2294,#2295);
#2294 = CARTESIAN_POINT('',(-0.3,0.21,0.48));
#2295 = VECTOR('',#2296,1.);
#2296 = DIRECTION('',(1.,0.,0.));
#2297 = ORIENTED_EDGE('',*,*,#2298,.F.);
#2298 = EDGE_CURVE('',#2266,#2291,#2299,.T.);
#2299 = CIRCLE('',#2300,2.E-02);
#2300 = AXIS2_PLACEMENT_3D('',#2301,#2302,#2303);
#2301 = CARTESIAN_POINT('',(0.3,0.21,0.46));
#2302 = DIRECTION('',(1.,0.,-0.));
#2303 = DIRECTION('',(0.,0.,1.));
#2304 = ORIENTED_EDGE('',*,*,#2275,.F.);
#2305 = CYLINDRICAL_SURFACE('',#2306,2.E-02);
#2306 = AXIS2_PLACEMENT_3D('',#2307,#2308,#2309);
#2307 = CARTESIAN_POINT('',(-0.3,0.21,0.46));
#2308 = DIRECTION('',(1.,0.,0.));
#2309 = DIRECTION('',(-0.,1.,0.));
#2310 = ADVANCED_FACE('',(#2311),#2329,.T.);
#2311 = FACE_BOUND('',#2312,.T.);
#2312 = EDGE_LOOP('',(#2313,#2314,#2322,#2328));
#2313 = ORIENTED_EDGE('',*,*,#2136,.F.);
#2314 = ORIENTED_EDGE('',*,*,#2315,.T.);
#2315 = EDGE_CURVE('',#2128,#2316,#2318,.T.);
#2316 = VERTEX_POINT('',#2317);
#2317 = CARTESIAN_POINT('',(0.3,-0.21,0.48));
#2318 = LINE('',#2319,#2320);
#2319 = CARTESIAN_POINT('',(-0.3,-0.21,0.48));
#2320 = VECTOR('',#2321,1.);
#2321 = DIRECTION('',(1.,0.,0.));
#2322 = ORIENTED_EDGE('',*,*,#2323,.T.);
#2323 = EDGE_CURVE('',#2316,#2291,#2324,.T.);
#2324 = LINE('',#2325,#2326);
#2325 = CARTESIAN_POINT('',(0.3,-0.23,0.48));
#2326 = VECTOR('',#2327,1.);
#2327 = DIRECTION('',(0.,1.,0.));
#2328 = ORIENTED_EDGE('',*,*,#2290,.F.);
#2329 = PLANE('',#2330);
#2330 = AXIS2_PLACEMENT_3D('',#2331,#2332,#2333);
#2331 = CARTESIAN_POINT('',(-0.3,-0.23,0.48));
#2332 = DIRECTION('',(0.,0.,1.));
#2333 = DIRECTION('',(1.,0.,-0.));
#2334 = ADVANCED_FACE('',(#2335),#2354,.T.);
#2335 = FACE_BOUND('',#2336,.T.);
#2336 = EDGE_LOOP('',(#2337,#2345,#2352,#2353));
#2337 = ORIENTED_EDGE('',*,*,#2338,.T.);
#2338 = EDGE_CURVE('',#2120,#2339,#2341,.T.);
#2339 = VERTEX_POINT('',#2340);
#2340 = CARTESIAN_POINT('',(0.3,-0.23,0.46));
#2341 = LINE('',#2342,#2343);
#2342 = CARTESIAN_POINT('',(-0.3,-0.23,0.46));
#2343 = VECTOR('',#2344,1.);
#2344 = DIRECTION('',(1.,0.,0.));
#2345 = ORIENTED_EDGE('',*,*,#2346,.T.);
#2346 = EDGE_CURVE('',#2339,#2316,#2347,.T.);
#2347 = CIRCLE('',#2348,2.E-02);
#2348 = AXIS2_PLACEMENT_3D('',#2349,#2350,#2351);
#2349 = CARTESIAN_POINT('',(0.3,-0.21,0.46));
#2350 = DIRECTION('',(-1.,0.,0.));
#2351 = DIRECTION('',(0.,0.,1.));
#2352 = ORIENTED_EDGE('',*,*,#2315,.F.);
#2353 = ORIENTED_EDGE('',*,*,#2127,.F.);
#2354 = CYLINDRICAL_SURFACE('',#2355,2.E-02);
#2355 = AXIS2_PLACEMENT_3D('',#2356,#2357,#2358);
#2356 = CARTESIAN_POINT('',(-0.3,-0.21,0.46));
#2357 = DIRECTION('',(1.,0.,0.));
#2358 = DIRECTION('',(0.,-1.,0.));
#2359 = ADVANCED_FACE('',(#2360),#2371,.F.);
#2360 = FACE_BOUND('',#2361,.F.);
#2361 = EDGE_LOOP('',(#2362,#2368,#2369,#2370));
#2362 = ORIENTED_EDGE('',*,*,#2363,.F.);
#2363 = EDGE_CURVE('',#2194,#2339,#2364,.T.);
#2364 = LINE('',#2365,#2366);
#2365 = CARTESIAN_POINT('',(0.3,-0.23,2.E-02));
#2366 = VECTOR('',#2367,1.);
#2367 = DIRECTION('',(0.,0.,1.));
#2368 = ORIENTED_EDGE('',*,*,#2202,.F.);
#2369 = ORIENTED_EDGE('',*,*,#2119,.T.);
#2370 = ORIENTED_EDGE('',*,*,#2338,.T.);
#2371 = PLANE('',#2372);
#2372 = AXIS2_PLACEMENT_3D('',#2373,#2374,#2375);
#2373 = CARTESIAN_POINT('',(-0.3,-0.23,2.E-02));
#2374 = DIRECTION('',(0.,1.,0.));
#2375 = DIRECTION('',(0.,-0.,1.));
#2376 = ADVANCED_FACE('',(#2377,#2447),#2457,.F.);
#2377 = FACE_BOUND('',#2378,.F.);
#2378 = EDGE_LOOP('',(#2379,#2389,#2398,#2406,#2415,#2423,#2432,#2440));
#2379 = ORIENTED_EDGE('',*,*,#2380,.F.);
#2380 = EDGE_CURVE('',#2381,#2383,#2385,.T.);
#2381 = VERTEX_POINT('',#2382);
#2382 = CARTESIAN_POINT('',(0.3,-0.25,2.E-02));
#2383 = VERTEX_POINT('',#2384);
#2384 = CARTESIAN_POINT('',(0.3,-0.25,0.48));
#2385 = LINE('',#2386,#2387);
#2386 = CARTESIAN_POINT('',(0.3,-0.25,0.));
#2387 = VECTOR('',#2388,1.);
#2388 = DIRECTION('',(0.,0.,1.));
#2389 = ORIENTED_EDGE('',*,*,#2390,.T.);
#2390 = EDGE_CURVE('',#2381,#2391,#2393,.T.);
#2391 = VERTEX_POINT('',#2392);
#2392 = CARTESIAN_POINT('',(0.3,-0.23,0.));
#2393 = CIRCLE('',#2394,2.E-02);
#2394 = AXIS2_PLACEMENT_3D('',#2395,#2396,#2397);
#2395 = CARTESIAN_POINT('',(0.3,-0.23,2.E-02));
#2396 = DIRECTION('',(1.,0.,-0.));
#2397 = DIRECTION('',(0.,0.,1.));
#2398 = ORIENTED_EDGE('',*,*,#2399,.T.);
#2399 = EDGE_CURVE('',#2391,#2400,#2402,.T.);
#2400 = VERTEX_POINT('',#2401);
#2401 = CARTESIAN_POINT('',(0.3,0.23,0.));
#2402 = LINE('',#2403,#2404);
#2403 = CARTESIAN_POINT('',(0.3,-0.25,0.));
#2404 = VECTOR('',#2405,1.);
#2405 = DIRECTION('',(0.,1.,0.));
#2406 = ORIENTED_EDGE('',*,*,#2407,.F.);
#2407 = EDGE_CURVE('',#2408,#2400,#2410,.T.);
#2408 = VERTEX_POINT('',#2409);
#2409 = CARTESIAN_POINT('',(0.3,0.25,2.E-02));
#2410 = CIRCLE('',#2411,2.E-02);
#2411 = AXIS2_PLACEMENT_3D('',#2412,#2413,#2414);
#2412 = CARTESIAN_POINT('',(0.3,0.23,2.E-02));
#2413 = DIRECTION('',(-1.,0.,0.));
#2414 = DIRECTION('',(0.,0.,1.));
#2415 = ORIENTED_EDGE('',*,*,#2416,.T.);
#2416 = EDGE_CURVE('',#2408,#2417,#2419,.T.);
#2417 = VERTEX_POINT('',#2418);
#2418 = CARTESIAN_POINT('',(0.3,0.25,0.48));
#2419 = LINE('',#2420,#2421);
#2420 = CARTESIAN_POINT('',(0.3,0.25,0.));
#2421 = VECTOR('',#2422,1.);
#2422 = DIRECTION('',(0.,0.,1.));
#2423 = ORIENTED_EDGE('',*,*,#2424,.T.);
#2424 = EDGE_CURVE('',#2417,#2425,#2427,.T.);
#2425 = VERTEX_POINT('',#2426);
#2426 = CARTESIAN_POINT('',(0.3,0.23,0.5));
#2427 = CIRCLE('',#2428,2.E-02);
#2428 = AXIS2_PLACEMENT_3D('',#2429,#2430,#2431);
#2429 = CARTESIAN_POINT('',(0.3,0.23,0.48));
#2430 = DIRECTION('',(1.,0.,-0.));
#2431 = DIRECTION('',(0.,0.,1.));
#2432 = ORIENTED_EDGE('',*,*,#2433,.F.);
#2433 = EDGE_CURVE('',#2434,#2425,#2436,.T.);
#2434 = VERTEX_POINT('',#2435);
#2435 = CARTESIAN_POINT('',(0.3,-0.23,0.5));
#2436 = LINE('',#2437,#2438);
#2437 = CARTESIAN_POINT('',(0.3,-0.25,0.5));
#2438 = VECTOR('',#2439,1.);
#2439 = DIRECTION('',(0.,1.,0.));
#2440 = ORIENTED_EDGE('',*,*,#2441,.F.);
#2441 = EDGE_CURVE('',#2383,#2434,#2442,.T.);
#2442 = CIRCLE('',#2443,2.E-02);
#2443 = AXIS2_PLACEMENT_3D('',#2444,#2445,#2446);
#2444 = CARTESIAN_POINT('',(0.3,-0.23,0.48));
#2445 = DIRECTION('',(-1.,0.,0.));
#2446 = DIRECTION('',(0.,0.,1.));
#2447 = FACE_BOUND('',#2448,.F.);
#2448 = EDGE_LOOP('',(#2449,#2450,#2451,#2452,#2453,#2454,#2455,#2456));
#2449 = ORIENTED_EDGE('',*,*,#2193,.F.);
#2450 = ORIENTED_EDGE('',*,*,#2363,.T.);
#2451 = ORIENTED_EDGE('',*,*,#2346,.T.);
#2452 = ORIENTED_EDGE('',*,*,#2323,.T.);
#2453 = ORIENTED_EDGE('',*,*,#2298,.F.);
#2454 = ORIENTED_EDGE('',*,*,#2265,.F.);
#2455 = ORIENTED_EDGE('',*,*,#2248,.T.);
#2456 = ORIENTED_EDGE('',*,*,#2218,.F.);
#2457 = PLANE('',#2458);
#2458 = AXIS2_PLACEMENT_3D('',#2459,#2460,#2461);
#2459 = CARTESIAN_POINT('',(0.3,-0.25,0.));
#2460 = DIRECTION('',(1.,0.,0.));
#2461 = DIRECTION('',(0.,0.,1.));
#2462 = ADVANCED_FACE('',(#2463),#2488,.F.);
#2463 = FACE_BOUND('',#2464,.F.);
#2464 = EDGE_LOOP('',(#2465,#2475,#2481,#2482));
#2465 = ORIENTED_EDGE('',*,*,#2466,.F.);
#2466 = EDGE_CURVE('',#2467,#2469,#2471,.T.);
#2467 = VERTEX_POINT('',#2468);
#2468 = CARTESIAN_POINT('',(0.5,-0.25,2.E-02));
#2469 = VERTEX_POINT('',#2470);
#2470 = CARTESIAN_POINT('',(0.5,-0.25,0.48));
#2471 = LINE('',#2472,#2473);
#2472 = CARTESIAN_POINT('',(0.5,-0.25,0.));
#2473 = VECTOR('',#2474,1.);
#2474 = DIRECTION('',(0.,0.,1.));
#2475 = ORIENTED_EDGE('',*,*,#2476,.F.);
#2476 = EDGE_CURVE('',#2381,#2467,#2477,.T.);
#2477 = LINE('',#2478,#2479);
#2478 = CARTESIAN_POINT('',(0.3,-0.25,2.E-02));
#2479 = VECTOR('',#2480,1.);
#2480 = DIRECTION('',(1.,0.,0.));
#2481 = ORIENTED_EDGE('',*,*,#2380,.T.);
#2482 = ORIENTED_EDGE('',*,*,#2483,.T.);
#2483 = EDGE_CURVE('',#2383,#2469,#2484,.T.);
#2484 = LINE('',#2485,#2486);
#2485 = CARTESIAN_POINT('',(0.3,-0.25,0.48));
#2486 = VECTOR('',#2487,1.);
#2487 = DIRECTION('',(1.,0.,0.));
#2488 = PLANE('',#2489);
#2489 = AXIS2_PLACEMENT_3D('',#2490,#2491,#2492);
#2490 = CARTESIAN_POINT('',(0.3,-0.25,0.));
#2491 = DIRECTION('',(0.,1.,0.));
#2492 = DIRECTION('',(0.,-0.,1.));
#2493 = ADVANCED_FACE('',(#2494),#2513,.T.);
#2494 = FACE_BOUND('',#2495,.T.);
#2495 = EDGE_LOOP('',(#2496,#2497,#2505,#2512));
#2496 = ORIENTED_EDGE('',*,*,#2390,.T.);
#2497 = ORIENTED_EDGE('',*,*,#2498,.T.);
#2498 = EDGE_CURVE('',#2391,#2499,#2501,.T.);
#2499 = VERTEX_POINT('',#2500);
#2500 = CARTESIAN_POINT('',(0.5,-0.23,0.));
#2501 = LINE('',#2502,#2503);
#2502 = CARTESIAN_POINT('',(0.3,-0.23,0.));
#2503 = VECTOR('',#2504,1.);
#2504 = DIRECTION('',(1.,0.,0.));
#2505 = ORIENTED_EDGE('',*,*,#2506,.F.);
#2506 = EDGE_CURVE('',#2467,#2499,#2507,.T.);
#2507 = CIRCLE('',#2508,2.E-02);
#2508 = AXIS2_PLACEMENT_3D('',#2509,#2510,#2511);
#2509 = CARTESIAN_POINT('',(0.5,-0.23,2.E-02));
#2510 = DIRECTION('',(1.,0.,-0.));
#2511 = DIRECTION('',(0.,0.,1.));
#2512 = ORIENTED_EDGE('',*,*,#2476,.F.);
#2513 = CYLINDRICAL_SURFACE('',#2514,2.E-02);
#2514 = AXIS2_PLACEMENT_3D('',#2515,#2516,#2517);
#2515 = CARTESIAN_POINT('',(0.3,-0.23,2.E-02));
#2516 = DIRECTION('',(1.,0.,0.));
#2517 = DIRECTION('',(0.,-1.,0.));
#2518 = ADVANCED_FACE('',(#2519),#2538,.T.);
#2519 = FACE_BOUND('',#2520,.T.);
#2520 = EDGE_LOOP('',(#2521,#2522,#2531,#2537));
#2521 = ORIENTED_EDGE('',*,*,#2483,.T.);
#2522 = ORIENTED_EDGE('',*,*,#2523,.T.);
#2523 = EDGE_CURVE('',#2469,#2524,#2526,.T.);
#2524 = VERTEX_POINT('',#2525);
#2525 = CARTESIAN_POINT('',(0.5,-0.23,0.5));
#2526 = CIRCLE('',#2527,2.E-02);
#2527 = AXIS2_PLACEMENT_3D('',#2528,#2529,#2530);
#2528 = CARTESIAN_POINT('',(0.5,-0.23,0.48));
#2529 = DIRECTION('',(-1.,0.,0.));
#2530 = DIRECTION('',(0.,0.,1.));
#2531 = ORIENTED_EDGE('',*,*,#2532,.F.);
#2532 = EDGE_CURVE('',#2434,#2524,#2533,.T.);
#2533 = LINE('',#2534,#2535);
#2534 = CARTESIAN_POINT('',(0.3,-0.23,0.5));
#2535 = VECTOR('',#2536,1.);
#2536 = DIRECTION('',(1.,0.,0.));
#2537 = ORIENTED_EDGE('',*,*,#2441,.F.);
#2538 = CYLINDRICAL_SURFACE('',#2539,2.E-02);
#2539 = AXIS2_PLACEMENT_3D('',#2540,#2541,#2542);
#2540 = CARTESIAN_POINT('',(0.3,-0.23,0.48));
#2541 = DIRECTION('',(1.,0.,0.));
#2542 = DIRECTION('',(0.,-1.,0.));
#2543 = ADVANCED_FACE('',(#2544),#2562,.F.);
#2544 = FACE_BOUND('',#2545,.F.);
#2545 = EDGE_LOOP('',(#2546,#2547,#2548,#2556));
#2546 = ORIENTED_EDGE('',*,*,#2399,.F.);
#2547 = ORIENTED_EDGE('',*,*,#2498,.T.);
#2548 = ORIENTED_EDGE('',*,*,#2549,.T.);
#2549 = EDGE_CURVE('',#2499,#2550,#2552,.T.);
#2550 = VERTEX_POINT('',#2551);
#2551 = CARTESIAN_POINT('',(0.5,0.23,0.));
#2552 = LINE('',#2553,#2554);
#2553 = CARTESIAN_POINT('',(0.5,-0.25,0.));
#2554 = VECTOR('',#2555,1.);
#2555 = DIRECTION('',(0.,1.,0.));
#2556 = ORIENTED_EDGE('',*,*,#2557,.F.);
#2557 = EDGE_CURVE('',#2400,#2550,#2558,.T.);
#2558 = LINE('',#2559,#2560);
#2559 = CARTESIAN_POINT('',(0.3,0.23,0.));
#2560 = VECTOR('',#2561,1.);
#2561 = DIRECTION('',(1.,0.,0.));
#2562 = PLANE('',#2563);
#2563 = AXIS2_PLACEMENT_3D('',#2564,#2565,#2566);
#2564 = CARTESIAN_POINT('',(0.3,-0.25,0.));
#2565 = DIRECTION('',(0.,0.,1.));
#2566 = DIRECTION('',(1.,0.,-0.));
#2567 = ADVANCED_FACE('',(#2568),#2586,.T.);
#2568 = FACE_BOUND('',#2569,.T.);
#2569 = EDGE_LOOP('',(#2570,#2571,#2572,#2580));
#2570 = ORIENTED_EDGE('',*,*,#2433,.F.);
#2571 = ORIENTED_EDGE('',*,*,#2532,.T.);
#2572 = ORIENTED_EDGE('',*,*,#2573,.T.);
#2573 = EDGE_CURVE('',#2524,#2574,#2576,.T.);
#2574 = VERTEX_POINT('',#2575);
#2575 = CARTESIAN_POINT('',(0.5,0.23,0.5));
#2576 = LINE('',#2577,#2578);
#2577 = CARTESIAN_POINT('',(0.5,-0.25,0.5));
#2578 = VECTOR('',#2579,1.);
#2579 = DIRECTION('',(0.,1.,0.));
#2580 = ORIENTED_EDGE('',*,*,#2581,.F.);
#2581 = EDGE_CURVE('',#2425,#2574,#2582,.T.);
#2582 = LINE('',#2583,#2584);
#2583 = CARTESIAN_POINT('',(0.3,0.23,0.5));
#2584 = VECTOR('',#2585,1.);
#2585 = DIRECTION('',(1.,0.,0.));
#2586 = PLANE('',#2587);
#2587 = AXIS2_PLACEMENT_3D('',#2588,#2589,#2590);
#2588 = CARTESIAN_POINT('',(0.3,-0.25,0.5));
#2589 = DIRECTION('',(0.,0.,1.));
#2590 = DIRECTION('',(1.,0.,-0.));
#2591 = ADVANCED_FACE('',(#2592),#2611,.T.);
#2592 = FACE_BOUND('',#2593,.T.);
#2593 = EDGE_LOOP('',(#2594,#2602,#2609,#2610));
#2594 = ORIENTED_EDGE('',*,*,#2595,.T.);
#2595 = EDGE_CURVE('',#2408,#2596,#2598,.T.);
#2596 = VERTEX_POINT('',#2597);
#2597 = CARTESIAN_POINT('',(0.5,0.25,2.E-02));
#2598 = LINE('',#2599,#2600);
#2599 = CARTESIAN_POINT('',(0.3,0.25,2.E-02));
#2600 = VECTOR('',#2601,1.);
#2601 = DIRECTION('',(1.,0.,0.));
#2602 = ORIENTED_EDGE('',*,*,#2603,.T.);
#2603 = EDGE_CURVE('',#2596,#2550,#2604,.T.);
#2604 = CIRCLE('',#2605,2.E-02);
#2605 = AXIS2_PLACEMENT_3D('',#2606,#2607,#2608);
#2606 = CARTESIAN_POINT('',(0.5,0.23,2.E-02));
#2607 = DIRECTION('',(-1.,0.,0.));
#2608 = DIRECTION('',(0.,0.,1.));
#2609 = ORIENTED_EDGE('',*,*,#2557,.F.);
#2610 = ORIENTED_EDGE('',*,*,#2407,.F.);
#2611 = CYLINDRICAL_SURFACE('',#2612,2.E-02);
#2612 = AXIS2_PLACEMENT_3D('',#2613,#2614,#2615);
#2613 = CARTESIAN_POINT('',(0.3,0.23,2.E-02));
#2614 = DIRECTION('',(1.,0.,0.));
#2615 = DIRECTION('',(-0.,1.,0.));
#2616 = ADVANCED_FACE('',(#2617),#2636,.T.);
#2617 = FACE_BOUND('',#2618,.T.);
#2618 = EDGE_LOOP('',(#2619,#2620,#2621,#2630));
#2619 = ORIENTED_EDGE('',*,*,#2424,.T.);
#2620 = ORIENTED_EDGE('',*,*,#2581,.T.);
#2621 = ORIENTED_EDGE('',*,*,#2622,.F.);
#2622 = EDGE_CURVE('',#2623,#2574,#2625,.T.);
#2623 = VERTEX_POINT('',#2624);
#2624 = CARTESIAN_POINT('',(0.5,0.25,0.48));
#2625 = CIRCLE('',#2626,2.E-02);
#2626 = AXIS2_PLACEMENT_3D('',#2627,#2628,#2629);
#2627 = CARTESIAN_POINT('',(0.5,0.23,0.48));
#2628 = DIRECTION('',(1.,0.,-0.));
#2629 = DIRECTION('',(0.,0.,1.));
#2630 = ORIENTED_EDGE('',*,*,#2631,.F.);
#2631 = EDGE_CURVE('',#2417,#2623,#2632,.T.);
#2632 = LINE('',#2633,#2634);
#2633 = CARTESIAN_POINT('',(0.3,0.25,0.48));
#2634 = VECTOR('',#2635,1.);
#2635 = DIRECTION('',(1.,0.,0.));
#2636 = CYLINDRICAL_SURFACE('',#2637,2.E-02);
#2637 = AXIS2_PLACEMENT_3D('',#2638,#2639,#2640);
#2638 = CARTESIAN_POINT('',(0.3,0.23,0.48));
#2639 = DIRECTION('',(1.,0.,0.));
#2640 = DIRECTION('',(-0.,1.,0.));
#2641 = ADVANCED_FACE('',(#2642),#2653,.T.);
#2642 = FACE_BOUND('',#2643,.T.);
#2643 = EDGE_LOOP('',(#2644,#2650,#2651,#2652));
#2644 = ORIENTED_EDGE('',*,*,#2645,.F.);
#2645 = EDGE_CURVE('',#2596,#2623,#2646,.T.);
#2646 = LINE('',#2647,#2648);
#2647 = CARTESIAN_POINT('',(0.5,0.25,0.));
#2648 = VECTOR('',#2649,1.);
#2649 = DIRECTION('',(0.,0.,1.));
#2650 = ORIENTED_EDGE('',*,*,#2595,.F.);
#2651 = ORIENTED_EDGE('',*,*,#2416,.T.);
#2652 = ORIENTED_EDGE('',*,*,#2631,.T.);
#2653 = PLANE('',#2654);
#2654 = AXIS2_PLACEMENT_3D('',#2655,#2656,#2657);
#2655 = CARTESIAN_POINT('',(0.3,0.25,0.));
#2656 = DIRECTION('',(0.,1.,0.));
#2657 = DIRECTION('',(0.,-0.,1.));
#2658 = ADVANCED_FACE('',(#2659),#2669,.T.);
#2659 = FACE_BOUND('',#2660,.T.);
#2660 = EDGE_LOOP('',(#2661,#2662,#2663,#2664,#2665,#2666,#2667,#2668));
#2661 = ORIENTED_EDGE('',*,*,#2466,.F.);
#2662 = ORIENTED_EDGE('',*,*,#2506,.T.);
#2663 = ORIENTED_EDGE('',*,*,#2549,.T.);
#2664 = ORIENTED_EDGE('',*,*,#2603,.F.);
#2665 = ORIENTED_EDGE('',*,*,#2645,.T.);
#2666 = ORIENTED_EDGE('',*,*,#2622,.T.);
#2667 = ORIENTED_EDGE('',*,*,#2573,.F.);
#2668 = ORIENTED_EDGE('',*,*,#2523,.F.);
#2669 = PLANE('',#2670);
#2670 = AXIS2_PLACEMENT_3D('',#2671,#2672,#2673);
#2671 = CARTESIAN_POINT('',(0.5,-0.25,0.));
#2672 = DIRECTION('',(1.,0.,0.));
#2673 = DIRECTION('',(0.,0.,1.));
#2674 = ( GEOMETRIC_REPRESENTATION_CONTEXT(3) 
GLOBAL_UNCERTAINTY_ASSIGNED_CONTEXT((#2678)) 
GLOBAL_UNIT_ASSIGNED_CONTEXT((#2675,#2676,#2677)) REPRESENTATION_CONTEXT
('Context #1','3D Context with UNIT and UNCERTAINTY') );
#2675 = ( LENGTH_UNIT() NAMED_UNIT(*) SI_UNIT(.MILLI.,.METRE.) );
#2676 = ( NAMED_UNIT(*) PLANE_ANGLE_UNIT() SI_UNIT($,.RADIAN.) );
#2677 = ( NAMED_UNIT(*) SI_UNIT($,.STERADIAN.) SOLID_ANGLE_UNIT() );
#2678 = UNCERTAINTY_MEASURE_WITH_UNIT(LENGTH_MEASURE(1.E-07),#2675,
  'distance_accuracy_value','confusion accuracy');
#2679 = CONTEXT_DEPENDENT_SHAPE_REPRESENTATION(#2680,#2682);
#2680 = ( REPRESENTATION_RELATIONSHIP('','',#1819,#10) 
REPRESENTATION_RELATIONSHIP_WITH_TRANSFORMATION(#2681) 
SHAPE_REPRESENTATION_RELATIONSHIP() );
#2681 = ITEM_DEFINED_TRANSFORMATION('','',#11,#43);
#2682 = PRODUCT_DEFINITION_SHAPE('Placement','Placement of an item',
  #2683);
#2683 = NEXT_ASSEMBLY_USAGE_OCCURRENCE('8','C6','',#5,#1814,$);
#2684 = PRODUCT_RELATED_PRODUCT_CATEGORY('part',$,(#1816));
#2685 = SHAPE_DEFINITION_REPRESENTATION(#2686,#2692);
#2686 = PRODUCT_DEFINITION_SHAPE('','',#2687);
#2687 = PRODUCT_DEFINITION('design','',#2688,#2691);
#2688 = PRODUCT_DEFINITION_FORMATION('','',#2689);
#2689 = PRODUCT('TSDSON-8FL','TSDSON-8FL','',(#2690));
#2690 = PRODUCT_CONTEXT('',#2,'mechanical');
#2691 = PRODUCT_DEFINITION_CONTEXT('part definition',#2,'design');
#2692 = SHAPE_REPRESENTATION('',(#11,#2693),#2697);
#2693 = AXIS2_PLACEMENT_3D('',#2694,#2695,#2696);
#2694 = CARTESIAN_POINT('',(0.,0.,0.));
#2695 = DIRECTION('',(0.,0.,1.));
#2696 = DIRECTION('',(1.,0.,0.));
#2697 = ( GEOMETRIC_REPRESENTATION_CONTEXT(3) 
GLOBAL_UNCERTAINTY_ASSIGNED_CONTEXT((#2701)) 
GLOBAL_UNIT_ASSIGNED_CONTEXT((#2698,#2699,#2700)) REPRESENTATION_CONTEXT
('Context #1','3D Context with UNIT and UNCERTAINTY') );
#2698 = ( LENGTH_UNIT() NAMED_UNIT(*) SI_UNIT(.MILLI.,.METRE.) );
#2699 = ( NAMED_UNIT(*) PLANE_ANGLE_UNIT() SI_UNIT($,.RADIAN.) );
#2700 = ( NAMED_UNIT(*) SI_UNIT($,.STERADIAN.) SOLID_ANGLE_UNIT() );
#2701 = UNCERTAINTY_MEASURE_WITH_UNIT(LENGTH_MEASURE(1.E-07),#2698,
  'distance_accuracy_value','confusion accuracy');
#2702 = CONTEXT_DEPENDENT_SHAPE_REPRESENTATION(#2703,#2705);
#2703 = ( REPRESENTATION_RELATIONSHIP('','',#2692,#10) 
REPRESENTATION_RELATIONSHIP_WITH_TRANSFORMATION(#2704) 
SHAPE_REPRESENTATION_RELATIONSHIP() );
#2704 = ITEM_DEFINED_TRANSFORMATION('','',#11,#47);
#2705 = PRODUCT_DEFINITION_SHAPE('Placement','Placement of an item',
  #2706);
#2706 = NEXT_ASSEMBLY_USAGE_OCCURRENCE('10','Q3','',#5,#2687,$);
#2707 = PRODUCT_RELATED_PRODUCT_CATEGORY('part',$,(#2689));
#2708 = SHAPE_DEFINITION_REPRESENTATION(#2709,#2715);
#2709 = PRODUCT_DEFINITION_SHAPE('','',#2710);
#2710 = PRODUCT_DEFINITION('design','',#2711,#2714);
#2711 = PRODUCT_DEFINITION_FORMATION('','',#2712);
#2712 = PRODUCT('minimal_adpl76030 1.9.1','minimal_adpl76030 1.9.1','',(
    #2713));
#2713 = PRODUCT_CONTEXT('',#2,'mechanical');
#2714 = PRODUCT_DEFINITION_CONTEXT('part definition',#2,'design');
#2715 = SHAPE_REPRESENTATION('',(#11,#2716,#3130,#3676,#3826,#5112),
  #5200);
#2716 = MANIFOLD_SOLID_BREP('',#2717);
#2717 = CLOSED_SHELL('',(#2718,#2822,#2853,#2877,#2901,#2925,#2949,#2973
    ,#2997,#3021,#3045,#3069,#3093,#3110));
#2718 = ADVANCED_FACE('',(#2719),#2817,.T.);
#2719 = FACE_BOUND('',#2720,.T.);
#2720 = EDGE_LOOP('',(#2721,#2731,#2739,#2747,#2755,#2763,#2771,#2779,
    #2787,#2795,#2803,#2811));
#2721 = ORIENTED_EDGE('',*,*,#2722,.T.);
#2722 = EDGE_CURVE('',#2723,#2725,#2727,.T.);
#2723 = VERTEX_POINT('',#2724);
#2724 = CARTESIAN_POINT('',(-1.45,0.495,0.));
#2725 = VERTEX_POINT('',#2726);
#2726 = CARTESIAN_POINT('',(-1.45,0.805,0.));
#2727 = LINE('',#2728,#2729);
#2728 = CARTESIAN_POINT('',(-1.45,3.219646771412E-16,0.));
#2729 = VECTOR('',#2730,1.);
#2730 = DIRECTION('',(2.22044604925E-16,1.,0.));
#2731 = ORIENTED_EDGE('',*,*,#2732,.T.);
#2732 = EDGE_CURVE('',#2725,#2733,#2735,.T.);
#2733 = VERTEX_POINT('',#2734);
#2734 = CARTESIAN_POINT('',(-1.65,0.805,0.));
#2735 = LINE('',#2736,#2737);
#2736 = CARTESIAN_POINT('',(1.787459069646E-16,0.805,0.));
#2737 = VECTOR('',#2738,1.);
#2738 = DIRECTION('',(-1.,2.22044604925E-16,0.));
#2739 = ORIENTED_EDGE('',*,*,#2740,.T.);
#2740 = EDGE_CURVE('',#2733,#2741,#2743,.T.);
#2741 = VERTEX_POINT('',#2742);
#2742 = CARTESIAN_POINT('',(-1.65,1.145,0.));
#2743 = LINE('',#2744,#2745);
#2744 = CARTESIAN_POINT('',(-1.65,3.663735981262E-16,0.));
#2745 = VECTOR('',#2746,1.);
#2746 = DIRECTION('',(2.22044604925E-16,1.,0.));
#2747 = ORIENTED_EDGE('',*,*,#2748,.T.);
#2748 = EDGE_CURVE('',#2741,#2749,#2751,.T.);
#2749 = VERTEX_POINT('',#2750);
#2750 = CARTESIAN_POINT('',(-1.05,1.145,0.));
#2751 = LINE('',#2752,#2753);
#2752 = CARTESIAN_POINT('',(2.542410726391E-16,1.145,0.));
#2753 = VECTOR('',#2754,1.);
#2754 = DIRECTION('',(1.,-2.22044604925E-16,0.));
#2755 = ORIENTED_EDGE('',*,*,#2756,.T.);
#2756 = EDGE_CURVE('',#2749,#2757,#2759,.T.);
#2757 = VERTEX_POINT('',#2758);
#2758 = CARTESIAN_POINT('',(-1.05,-0.495,0.));
#2759 = LINE('',#2760,#2761);
#2760 = CARTESIAN_POINT('',(-1.05,2.331468351712E-16,0.));
#2761 = VECTOR('',#2762,1.);
#2762 = DIRECTION('',(-2.22044604925E-16,-1.,-0.));
#2763 = ORIENTED_EDGE('',*,*,#2764,.T.);
#2764 = EDGE_CURVE('',#2757,#2765,#2767,.T.);
#2765 = VERTEX_POINT('',#2766);
#2766 = CARTESIAN_POINT('',(-1.65,-0.495,0.));
#2767 = LINE('',#2768,#2769);
#2768 = CARTESIAN_POINT('',(-1.099120794379E-16,-0.495,0.));
#2769 = VECTOR('',#2770,1.);
#2770 = DIRECTION('',(-1.,2.22044604925E-16,0.));
#2771 = ORIENTED_EDGE('',*,*,#2772,.T.);
#2772 = EDGE_CURVE('',#2765,#2773,#2775,.T.);
#2773 = VERTEX_POINT('',#2774);
#2774 = CARTESIAN_POINT('',(-1.65,-0.155,0.));
#2775 = LINE('',#2776,#2777);
#2776 = CARTESIAN_POINT('',(-1.65,3.663735981262E-16,0.));
#2777 = VECTOR('',#2778,1.);
#2778 = DIRECTION('',(2.22044604925E-16,1.,0.));
#2779 = ORIENTED_EDGE('',*,*,#2780,.T.);
#2780 = EDGE_CURVE('',#2773,#2781,#2783,.T.);
#2781 = VERTEX_POINT('',#2782);
#2782 = CARTESIAN_POINT('',(-1.45,-0.155,0.));
#2783 = LINE('',#2784,#2785);
#2784 = CARTESIAN_POINT('',(-3.441691376338E-17,-0.155,0.));
#2785 = VECTOR('',#2786,1.);
#2786 = DIRECTION('',(1.,-2.22044604925E-16,0.));
#2787 = ORIENTED_EDGE('',*,*,#2788,.T.);
#2788 = EDGE_CURVE('',#2781,#2789,#2791,.T.);
#2789 = VERTEX_POINT('',#2790);
#2790 = CARTESIAN_POINT('',(-1.45,0.155,0.));
#2791 = LINE('',#2792,#2793);
#2792 = CARTESIAN_POINT('',(-1.45,3.219646771412E-16,0.));
#2793 = VECTOR('',#2794,1.);
#2794 = DIRECTION('',(2.22044604925E-16,1.,0.));
#2795 = ORIENTED_EDGE('',*,*,#2796,.T.);
#2796 = EDGE_CURVE('',#2789,#2797,#2799,.T.);
#2797 = VERTEX_POINT('',#2798);
#2798 = CARTESIAN_POINT('',(-1.65,0.155,0.));
#2799 = LINE('',#2800,#2801);
#2800 = CARTESIAN_POINT('',(3.441691376338E-17,0.155,0.));
#2801 = VECTOR('',#2802,1.);
#2802 = DIRECTION('',(-1.,2.22044604925E-16,0.));
#2803 = ORIENTED_EDGE('',*,*,#2804,.T.);
#2804 = EDGE_CURVE('',#2797,#2805,#2807,.T.);
#2805 = VERTEX_POINT('',#2806);
#2806 = CARTESIAN_POINT('',(-1.65,0.495,0.));
#2807 = LINE('',#2808,#2809);
#2808 = CARTESIAN_POINT('',(-1.65,3.663735981262E-16,0.));
#2809 = VECTOR('',#2810,1.);
#2810 = DIRECTION('',(2.22044604925E-16,1.,0.));
#2811 = ORIENTED_EDGE('',*,*,#2812,.T.);
#2812 = EDGE_CURVE('',#2805,#2723,#2813,.T.);
#2813 = LINE('',#2814,#2815);
#2814 = CARTESIAN_POINT('',(1.099120794379E-16,0.495,0.));
#2815 = VECTOR('',#2816,1.);
#2816 = DIRECTION('',(1.,-2.22044604925E-16,0.));
#2817 = PLANE('',#2818);
#2818 = AXIS2_PLACEMENT_3D('',#2819,#2820,#2821);
#2819 = CARTESIAN_POINT('',(0.,-9.629649721936E-36,0.));
#2820 = DIRECTION('',(0.,0.,-1.));
#2821 = DIRECTION('',(-1.,2.22044604925E-16,0.));
#2822 = ADVANCED_FACE('',(#2823),#2848,.F.);
#2823 = FACE_BOUND('',#2824,.T.);
#2824 = EDGE_LOOP('',(#2825,#2833,#2834,#2842));
#2825 = ORIENTED_EDGE('',*,*,#2826,.F.);
#2826 = EDGE_CURVE('',#2733,#2827,#2829,.T.);
#2827 = VERTEX_POINT('',#2828);
#2828 = CARTESIAN_POINT('',(-1.65,0.805,0.2));
#2829 = LINE('',#2830,#2831);
#2830 = CARTESIAN_POINT('',(-1.65,0.805,0.));
#2831 = VECTOR('',#2832,1.);
#2832 = DIRECTION('',(0.,0.,1.));
#2833 = ORIENTED_EDGE('',*,*,#2732,.F.);
#2834 = ORIENTED_EDGE('',*,*,#2835,.F.);
#2835 = EDGE_CURVE('',#2836,#2725,#2838,.T.);
#2836 = VERTEX_POINT('',#2837);
#2837 = CARTESIAN_POINT('',(-1.45,0.805,0.2));
#2838 = LINE('',#2839,#2840);
#2839 = CARTESIAN_POINT('',(-1.45,0.805,0.));
#2840 = VECTOR('',#2841,1.);
#2841 = DIRECTION('',(-0.,0.,-1.));
#2842 = ORIENTED_EDGE('',*,*,#2843,.T.);
#2843 = EDGE_CURVE('',#2836,#2827,#2844,.T.);
#2844 = LINE('',#2845,#2846);
#2845 = CARTESIAN_POINT('',(1.787459069646E-16,0.805,0.2));
#2846 = VECTOR('',#2847,1.);
#2847 = DIRECTION('',(-1.,2.22044604925E-16,0.));
#2848 = PLANE('',#2849);
#2849 = AXIS2_PLACEMENT_3D('',#2850,#2851,#2852);
#2850 = CARTESIAN_POINT('',(-1.45,0.805,0.));
#2851 = DIRECTION('',(-1.404258653803E-15,1.,0.));
#2852 = DIRECTION('',(-1.,-1.404258653803E-15,0.));
#2853 = ADVANCED_FACE('',(#2854),#2872,.F.);
#2854 = FACE_BOUND('',#2855,.T.);
#2855 = EDGE_LOOP('',(#2856,#2857,#2858,#2866));
#2856 = ORIENTED_EDGE('',*,*,#2835,.T.);
#2857 = ORIENTED_EDGE('',*,*,#2722,.F.);
#2858 = ORIENTED_EDGE('',*,*,#2859,.F.);
#2859 = EDGE_CURVE('',#2860,#2723,#2862,.T.);
#2860 = VERTEX_POINT('',#2861);
#2861 = CARTESIAN_POINT('',(-1.45,0.495,0.2));
#2862 = LINE('',#2863,#2864);
#2863 = CARTESIAN_POINT('',(-1.45,0.495,0.));
#2864 = VECTOR('',#2865,1.);
#2865 = DIRECTION('',(0.,0.,-1.));
#2866 = ORIENTED_EDGE('',*,*,#2867,.T.);
#2867 = EDGE_CURVE('',#2860,#2836,#2868,.T.);
#2868 = LINE('',#2869,#2870);
#2869 = CARTESIAN_POINT('',(-1.45,3.219646771412E-16,0.2));
#2870 = VECTOR('',#2871,1.);
#2871 = DIRECTION('',(2.22044604925E-16,1.,0.));
#2872 = PLANE('',#2873);
#2873 = AXIS2_PLACEMENT_3D('',#2874,#2875,#2876);
#2874 = CARTESIAN_POINT('',(-1.45,0.495,0.));
#2875 = DIRECTION('',(1.,-2.22044604925E-16,0.));
#2876 = DIRECTION('',(2.22044604925E-16,1.,0.));
#2877 = ADVANCED_FACE('',(#2878),#2896,.F.);
#2878 = FACE_BOUND('',#2879,.T.);
#2879 = EDGE_LOOP('',(#2880,#2881,#2882,#2890));
#2880 = ORIENTED_EDGE('',*,*,#2859,.T.);
#2881 = ORIENTED_EDGE('',*,*,#2812,.F.);
#2882 = ORIENTED_EDGE('',*,*,#2883,.F.);
#2883 = EDGE_CURVE('',#2884,#2805,#2886,.T.);
#2884 = VERTEX_POINT('',#2885);
#2885 = CARTESIAN_POINT('',(-1.65,0.495,0.2));
#2886 = LINE('',#2887,#2888);
#2887 = CARTESIAN_POINT('',(-1.65,0.495,0.));
#2888 = VECTOR('',#2889,1.);
#2889 = DIRECTION('',(0.,-0.,-1.));
#2890 = ORIENTED_EDGE('',*,*,#2891,.T.);
#2891 = EDGE_CURVE('',#2884,#2860,#2892,.T.);
#2892 = LINE('',#2893,#2894);
#2893 = CARTESIAN_POINT('',(1.099120794379E-16,0.495,0.2));
#2894 = VECTOR('',#2895,1.);
#2895 = DIRECTION('',(1.,-2.22044604925E-16,0.));
#2896 = PLANE('',#2897);
#2897 = AXIS2_PLACEMENT_3D('',#2898,#2899,#2900);
#2898 = CARTESIAN_POINT('',(-1.65,0.495,0.));
#2899 = DIRECTION('',(-2.22044604925E-16,-1.,0.));
#2900 = DIRECTION('',(1.,-2.22044604925E-16,0.));
#2901 = ADVANCED_FACE('',(#2902),#2920,.F.);
#2902 = FACE_BOUND('',#2903,.T.);
#2903 = EDGE_LOOP('',(#2904,#2905,#2906,#2914));
#2904 = ORIENTED_EDGE('',*,*,#2883,.T.);
#2905 = ORIENTED_EDGE('',*,*,#2804,.F.);
#2906 = ORIENTED_EDGE('',*,*,#2907,.F.);
#2907 = EDGE_CURVE('',#2908,#2797,#2910,.T.);
#2908 = VERTEX_POINT('',#2909);
#2909 = CARTESIAN_POINT('',(-1.65,0.155,0.2));
#2910 = LINE('',#2911,#2912);
#2911 = CARTESIAN_POINT('',(-1.65,0.155,0.));
#2912 = VECTOR('',#2913,1.);
#2913 = DIRECTION('',(0.,-0.,-1.));
#2914 = ORIENTED_EDGE('',*,*,#2915,.T.);
#2915 = EDGE_CURVE('',#2908,#2884,#2916,.T.);
#2916 = LINE('',#2917,#2918);
#2917 = CARTESIAN_POINT('',(-1.65,3.663735981262E-16,0.2));
#2918 = VECTOR('',#2919,1.);
#2919 = DIRECTION('',(2.22044604925E-16,1.,0.));
#2920 = PLANE('',#2921);
#2921 = AXIS2_PLACEMENT_3D('',#2922,#2923,#2924);
#2922 = CARTESIAN_POINT('',(-1.65,0.155,0.));
#2923 = DIRECTION('',(1.,-8.5981058874E-16,0.));
#2924 = DIRECTION('',(8.5981058874E-16,1.,0.));
#2925 = ADVANCED_FACE('',(#2926),#2944,.F.);
#2926 = FACE_BOUND('',#2927,.T.);
#2927 = EDGE_LOOP('',(#2928,#2929,#2930,#2938));
#2928 = ORIENTED_EDGE('',*,*,#2907,.T.);
#2929 = ORIENTED_EDGE('',*,*,#2796,.F.);
#2930 = ORIENTED_EDGE('',*,*,#2931,.F.);
#2931 = EDGE_CURVE('',#2932,#2789,#2934,.T.);
#2932 = VERTEX_POINT('',#2933);
#2933 = CARTESIAN_POINT('',(-1.45,0.155,0.2));
#2934 = LINE('',#2935,#2936);
#2935 = CARTESIAN_POINT('',(-1.45,0.155,0.));
#2936 = VECTOR('',#2937,1.);
#2937 = DIRECTION('',(-0.,0.,-1.));
#2938 = ORIENTED_EDGE('',*,*,#2939,.T.);
#2939 = EDGE_CURVE('',#2932,#2908,#2940,.T.);
#2940 = LINE('',#2941,#2942);
#2941 = CARTESIAN_POINT('',(3.441691376338E-17,0.155,0.2));
#2942 = VECTOR('',#2943,1.);
#2943 = DIRECTION('',(-1.,2.22044604925E-16,0.));
#2944 = PLANE('',#2945);
#2945 = AXIS2_PLACEMENT_3D('',#2946,#2947,#2948);
#2946 = CARTESIAN_POINT('',(-1.45,0.155,0.));
#2947 = DIRECTION('',(2.22044604925E-16,1.,0.));
#2948 = DIRECTION('',(-1.,2.22044604925E-16,0.));
#2949 = ADVANCED_FACE('',(#2950),#2968,.F.);
#2950 = FACE_BOUND('',#2951,.T.);
#2951 = EDGE_LOOP('',(#2952,#2953,#2954,#2962));
#2952 = ORIENTED_EDGE('',*,*,#2931,.T.);
#2953 = ORIENTED_EDGE('',*,*,#2788,.F.);
#2954 = ORIENTED_EDGE('',*,*,#2955,.F.);
#2955 = EDGE_CURVE('',#2956,#2781,#2958,.T.);
#2956 = VERTEX_POINT('',#2957);
#2957 = CARTESIAN_POINT('',(-1.45,-0.155,0.2));
#2958 = LINE('',#2959,#2960);
#2959 = CARTESIAN_POINT('',(-1.45,-0.155,0.));
#2960 = VECTOR('',#2961,1.);
#2961 = DIRECTION('',(0.,0.,-1.));
#2962 = ORIENTED_EDGE('',*,*,#2963,.T.);
#2963 = EDGE_CURVE('',#2956,#2932,#2964,.T.);
#2964 = LINE('',#2965,#2966);
#2965 = CARTESIAN_POINT('',(-1.45,3.219646771412E-16,0.2));
#2966 = VECTOR('',#2967,1.);
#2967 = DIRECTION('',(2.22044604925E-16,1.,0.));
#2968 = PLANE('',#2969);
#2969 = AXIS2_PLACEMENT_3D('',#2970,#2971,#2972);
#2970 = CARTESIAN_POINT('',(-1.45,-0.155,0.));
#2971 = DIRECTION('',(1.,-2.22044604925E-16,0.));
#2972 = DIRECTION('',(2.22044604925E-16,1.,0.));
#2973 = ADVANCED_FACE('',(#2974),#2992,.F.);
#2974 = FACE_BOUND('',#2975,.T.);
#2975 = EDGE_LOOP('',(#2976,#2977,#2978,#2986));
#2976 = ORIENTED_EDGE('',*,*,#2955,.T.);
#2977 = ORIENTED_EDGE('',*,*,#2780,.F.);
#2978 = ORIENTED_EDGE('',*,*,#2979,.F.);
#2979 = EDGE_CURVE('',#2980,#2773,#2982,.T.);
#2980 = VERTEX_POINT('',#2981);
#2981 = CARTESIAN_POINT('',(-1.65,-0.155,0.2));
#2982 = LINE('',#2983,#2984);
#2983 = CARTESIAN_POINT('',(-1.65,-0.155,0.));
#2984 = VECTOR('',#2985,1.);
#2985 = DIRECTION('',(-0.,0.,-1.));
#2986 = ORIENTED_EDGE('',*,*,#2987,.T.);
#2987 = EDGE_CURVE('',#2980,#2956,#2988,.T.);
#2988 = LINE('',#2989,#2990);
#2989 = CARTESIAN_POINT('',(-3.441691376338E-17,-0.155,0.2));
#2990 = VECTOR('',#2991,1.);
#2991 = DIRECTION('',(1.,-2.22044604925E-16,0.));
#2992 = PLANE('',#2993);
#2993 = AXIS2_PLACEMENT_3D('',#2994,#2995,#2996);
#2994 = CARTESIAN_POINT('',(-1.65,-0.155,0.));
#2995 = DIRECTION('',(-2.119398406775E-15,-1.,0.));
#2996 = DIRECTION('',(1.,-2.119398406775E-15,0.));
#2997 = ADVANCED_FACE('',(#2998),#3016,.F.);
#2998 = FACE_BOUND('',#2999,.T.);
#2999 = EDGE_LOOP('',(#3000,#3001,#3002,#3010));
#3000 = ORIENTED_EDGE('',*,*,#2979,.T.);
#3001 = ORIENTED_EDGE('',*,*,#2772,.F.);
#3002 = ORIENTED_EDGE('',*,*,#3003,.F.);
#3003 = EDGE_CURVE('',#3004,#2765,#3006,.T.);
#3004 = VERTEX_POINT('',#3005);
#3005 = CARTESIAN_POINT('',(-1.65,-0.495,0.2));
#3006 = LINE('',#3007,#3008);
#3007 = CARTESIAN_POINT('',(-1.65,-0.495,0.));
#3008 = VECTOR('',#3009,1.);
#3009 = DIRECTION('',(0.,0.,-1.));
#3010 = ORIENTED_EDGE('',*,*,#3011,.T.);
#3011 = EDGE_CURVE('',#3004,#2980,#3012,.T.);
#3012 = LINE('',#3013,#3014);
#3013 = CARTESIAN_POINT('',(-1.65,3.663735981262E-16,0.2));
#3014 = VECTOR('',#3015,1.);
#3015 = DIRECTION('',(2.22044604925E-16,1.,0.));
#3016 = PLANE('',#3017);
#3017 = AXIS2_PLACEMENT_3D('',#3018,#3019,#3020);
#3018 = CARTESIAN_POINT('',(-1.65,-0.495,0.));
#3019 = DIRECTION('',(1.,-2.22044604925E-16,0.));
#3020 = DIRECTION('',(2.22044604925E-16,1.,0.));
#3021 = ADVANCED_FACE('',(#3022),#3040,.F.);
#3022 = FACE_BOUND('',#3023,.T.);
#3023 = EDGE_LOOP('',(#3024,#3025,#3026,#3034));
#3024 = ORIENTED_EDGE('',*,*,#3003,.T.);
#3025 = ORIENTED_EDGE('',*,*,#2764,.F.);
#3026 = ORIENTED_EDGE('',*,*,#3027,.F.);
#3027 = EDGE_CURVE('',#3028,#2757,#3030,.T.);
#3028 = VERTEX_POINT('',#3029);
#3029 = CARTESIAN_POINT('',(-1.05,-0.495,0.2));
#3030 = LINE('',#3031,#3032);
#3031 = CARTESIAN_POINT('',(-1.05,-0.495,0.));
#3032 = VECTOR('',#3033,1.);
#3033 = DIRECTION('',(-0.,0.,-1.));
#3034 = ORIENTED_EDGE('',*,*,#3035,.T.);
#3035 = EDGE_CURVE('',#3028,#3004,#3036,.T.);
#3036 = LINE('',#3037,#3038);
#3037 = CARTESIAN_POINT('',(-1.099120794379E-16,-0.495,0.2));
#3038 = VECTOR('',#3039,1.);
#3039 = DIRECTION('',(-1.,2.22044604925E-16,0.));
#3040 = PLANE('',#3041);
#3041 = AXIS2_PLACEMENT_3D('',#3042,#3043,#3044);
#3042 = CARTESIAN_POINT('',(-1.05,-0.495,0.));
#3043 = DIRECTION('',(2.22044604925E-16,1.,0.));
#3044 = DIRECTION('',(-1.,2.22044604925E-16,0.));
#3045 = ADVANCED_FACE('',(#3046),#3064,.F.);
#3046 = FACE_BOUND('',#3047,.T.);
#3047 = EDGE_LOOP('',(#3048,#3049,#3050,#3058));
#3048 = ORIENTED_EDGE('',*,*,#3027,.T.);
#3049 = ORIENTED_EDGE('',*,*,#2756,.F.);
#3050 = ORIENTED_EDGE('',*,*,#3051,.F.);
#3051 = EDGE_CURVE('',#3052,#2749,#3054,.T.);
#3052 = VERTEX_POINT('',#3053);
#3053 = CARTESIAN_POINT('',(-1.05,1.145,0.2));
#3054 = LINE('',#3055,#3056);
#3055 = CARTESIAN_POINT('',(-1.05,1.145,0.));
#3056 = VECTOR('',#3057,1.);
#3057 = DIRECTION('',(-0.,0.,-1.));
#3058 = ORIENTED_EDGE('',*,*,#3059,.F.);
#3059 = EDGE_CURVE('',#3028,#3052,#3060,.T.);
#3060 = LINE('',#3061,#3062);
#3061 = CARTESIAN_POINT('',(-1.05,1.145,0.2));
#3062 = VECTOR('',#3063,1.);
#3063 = DIRECTION('',(2.22044604925E-16,1.,0.));
#3064 = PLANE('',#3065);
#3065 = AXIS2_PLACEMENT_3D('',#3066,#3067,#3068);
#3066 = CARTESIAN_POINT('',(-1.05,1.145,0.));
#3067 = DIRECTION('',(-1.,2.22044604925E-16,0.));
#3068 = DIRECTION('',(-2.22044604925E-16,-1.,0.));
#3069 = ADVANCED_FACE('',(#3070),#3088,.F.);
#3070 = FACE_BOUND('',#3071,.T.);
#3071 = EDGE_LOOP('',(#3072,#3073,#3074,#3082));
#3072 = ORIENTED_EDGE('',*,*,#3051,.T.);
#3073 = ORIENTED_EDGE('',*,*,#2748,.F.);
#3074 = ORIENTED_EDGE('',*,*,#3075,.F.);
#3075 = EDGE_CURVE('',#3076,#2741,#3078,.T.);
#3076 = VERTEX_POINT('',#3077);
#3077 = CARTESIAN_POINT('',(-1.65,1.145,0.2));
#3078 = LINE('',#3079,#3080);
#3079 = CARTESIAN_POINT('',(-1.65,1.145,0.));
#3080 = VECTOR('',#3081,1.);
#3081 = DIRECTION('',(0.,-0.,-1.));
#3082 = ORIENTED_EDGE('',*,*,#3083,.F.);
#3083 = EDGE_CURVE('',#3052,#3076,#3084,.T.);
#3084 = LINE('',#3085,#3086);
#3085 = CARTESIAN_POINT('',(-1.65,1.145,0.2));
#3086 = VECTOR('',#3087,1.);
#3087 = DIRECTION('',(-1.,-5.007568433987E-16,-0.));
#3088 = PLANE('',#3089);
#3089 = AXIS2_PLACEMENT_3D('',#3090,#3091,#3092);
#3090 = CARTESIAN_POINT('',(-1.65,1.145,0.));
#3091 = DIRECTION('',(5.007568433987E-16,-1.,0.));
#3092 = DIRECTION('',(1.,5.007568433987E-16,0.));
#3093 = ADVANCED_FACE('',(#3094),#3105,.F.);
#3094 = FACE_BOUND('',#3095,.T.);
#3095 = EDGE_LOOP('',(#3096,#3097,#3098,#3099));
#3096 = ORIENTED_EDGE('',*,*,#3075,.T.);
#3097 = ORIENTED_EDGE('',*,*,#2740,.F.);
#3098 = ORIENTED_EDGE('',*,*,#2826,.T.);
#3099 = ORIENTED_EDGE('',*,*,#3100,.F.);
#3100 = EDGE_CURVE('',#3076,#2827,#3101,.T.);
#3101 = LINE('',#3102,#3103);
#3102 = CARTESIAN_POINT('',(-1.65,0.805,0.2));
#3103 = VECTOR('',#3104,1.);
#3104 = DIRECTION('',(-2.22044604925E-16,-1.,0.));
#3105 = PLANE('',#3106);
#3106 = AXIS2_PLACEMENT_3D('',#3107,#3108,#3109);
#3107 = CARTESIAN_POINT('',(-1.65,0.805,0.));
#3108 = DIRECTION('',(1.,-2.22044604925E-16,0.));
#3109 = DIRECTION('',(2.22044604925E-16,1.,0.));
#3110 = ADVANCED_FACE('',(#3111),#3125,.F.);
#3111 = FACE_BOUND('',#3112,.T.);
#3112 = EDGE_LOOP('',(#3113,#3114,#3115,#3116,#3117,#3118,#3119,#3120,
    #3121,#3122,#3123,#3124));
#3113 = ORIENTED_EDGE('',*,*,#2843,.F.);
#3114 = ORIENTED_EDGE('',*,*,#2867,.F.);
#3115 = ORIENTED_EDGE('',*,*,#2891,.F.);
#3116 = ORIENTED_EDGE('',*,*,#2915,.F.);
#3117 = ORIENTED_EDGE('',*,*,#2939,.F.);
#3118 = ORIENTED_EDGE('',*,*,#2963,.F.);
#3119 = ORIENTED_EDGE('',*,*,#2987,.F.);
#3120 = ORIENTED_EDGE('',*,*,#3011,.F.);
#3121 = ORIENTED_EDGE('',*,*,#3035,.F.);
#3122 = ORIENTED_EDGE('',*,*,#3059,.T.);
#3123 = ORIENTED_EDGE('',*,*,#3083,.T.);
#3124 = ORIENTED_EDGE('',*,*,#3100,.T.);
#3125 = PLANE('',#3126);
#3126 = AXIS2_PLACEMENT_3D('',#3127,#3128,#3129);
#3127 = CARTESIAN_POINT('',(0.,-9.629649721936E-36,0.2));
#3128 = DIRECTION('',(0.,0.,-1.));
#3129 = DIRECTION('',(-1.,2.22044604925E-16,0.));
#3130 = MANIFOLD_SOLID_BREP('',#3131);
#3131 = CLOSED_SHELL('',(#3132,#3268,#3299,#3323,#3347,#3371,#3395,#3419
    ,#3443,#3467,#3491,#3515,#3539,#3563,#3587,#3611,#3635,#3652));
#3132 = ADVANCED_FACE('',(#3133),#3263,.F.);
#3133 = FACE_BOUND('',#3134,.T.);
#3134 = EDGE_LOOP('',(#3135,#3145,#3153,#3161,#3169,#3177,#3185,#3193,
    #3201,#3209,#3217,#3225,#3233,#3241,#3249,#3257));
#3135 = ORIENTED_EDGE('',*,*,#3136,.F.);
#3136 = EDGE_CURVE('',#3137,#3139,#3141,.T.);
#3137 = VERTEX_POINT('',#3138);
#3138 = CARTESIAN_POINT('',(1.25,-0.805,0.));
#3139 = VERTEX_POINT('',#3140);
#3140 = CARTESIAN_POINT('',(1.25,-0.495,0.));
#3141 = LINE('',#3142,#3143);
#3142 = CARTESIAN_POINT('',(1.25,-2.762172349557E-16,0.));
#3143 = VECTOR('',#3144,1.);
#3144 = DIRECTION('',(2.22044604925E-16,1.,0.));
#3145 = ORIENTED_EDGE('',*,*,#3146,.F.);
#3146 = EDGE_CURVE('',#3147,#3137,#3149,.T.);
#3147 = VERTEX_POINT('',#3148);
#3148 = CARTESIAN_POINT('',(1.65,-0.805,0.));
#3149 = LINE('',#3150,#3151);
#3150 = CARTESIAN_POINT('',(-1.787459069646E-16,-0.805,0.));
#3151 = VECTOR('',#3152,1.);
#3152 = DIRECTION('',(-1.,2.22044604925E-16,0.));
#3153 = ORIENTED_EDGE('',*,*,#3154,.F.);
#3154 = EDGE_CURVE('',#3155,#3147,#3157,.T.);
#3155 = VERTEX_POINT('',#3156);
#3156 = CARTESIAN_POINT('',(1.65,-1.145,0.));
#3157 = LINE('',#3158,#3159);
#3158 = CARTESIAN_POINT('',(1.65,-3.663735981262E-16,0.));
#3159 = VECTOR('',#3160,1.);
#3160 = DIRECTION('',(2.22044604925E-16,1.,0.));
#3161 = ORIENTED_EDGE('',*,*,#3162,.F.);
#3162 = EDGE_CURVE('',#3163,#3155,#3165,.T.);
#3163 = VERTEX_POINT('',#3164);
#3164 = CARTESIAN_POINT('',(-0.46,-1.145,0.));
#3165 = LINE('',#3166,#3167);
#3166 = CARTESIAN_POINT('',(-2.542410726391E-16,-1.145,0.));
#3167 = VECTOR('',#3168,1.);
#3168 = DIRECTION('',(1.,-2.22044604925E-16,0.));
#3169 = ORIENTED_EDGE('',*,*,#3170,.F.);
#3170 = EDGE_CURVE('',#3171,#3163,#3173,.T.);
#3171 = VERTEX_POINT('',#3172);
#3172 = CARTESIAN_POINT('',(-0.46,1.145,0.));
#3173 = LINE('',#3174,#3175);
#3174 = CARTESIAN_POINT('',(-0.46,1.021405182655E-16,0.));
#3175 = VECTOR('',#3176,1.);
#3176 = DIRECTION('',(-2.22044604925E-16,-1.,0.));
#3177 = ORIENTED_EDGE('',*,*,#3178,.F.);
#3178 = EDGE_CURVE('',#3179,#3171,#3181,.T.);
#3179 = VERTEX_POINT('',#3180);
#3180 = CARTESIAN_POINT('',(1.65,1.145,0.));
#3181 = LINE('',#3182,#3183);
#3182 = CARTESIAN_POINT('',(2.542410726391E-16,1.145,0.));
#3183 = VECTOR('',#3184,1.);
#3184 = DIRECTION('',(-1.,2.22044604925E-16,0.));
#3185 = ORIENTED_EDGE('',*,*,#3186,.F.);
#3186 = EDGE_CURVE('',#3187,#3179,#3189,.T.);
#3187 = VERTEX_POINT('',#3188);
#3188 = CARTESIAN_POINT('',(1.65,0.805,0.));
#3189 = LINE('',#3190,#3191);
#3190 = CARTESIAN_POINT('',(1.65,-3.663735981262E-16,0.));
#3191 = VECTOR('',#3192,1.);
#3192 = DIRECTION('',(2.22044604925E-16,1.,0.));
#3193 = ORIENTED_EDGE('',*,*,#3194,.F.);
#3194 = EDGE_CURVE('',#3195,#3187,#3197,.T.);
#3195 = VERTEX_POINT('',#3196);
#3196 = CARTESIAN_POINT('',(1.25,0.805,0.));
#3197 = LINE('',#3198,#3199);
#3198 = CARTESIAN_POINT('',(1.787459069646E-16,0.805,0.));
#3199 = VECTOR('',#3200,1.);
#3200 = DIRECTION('',(1.,-2.22044604925E-16,0.));
#3201 = ORIENTED_EDGE('',*,*,#3202,.F.);
#3202 = EDGE_CURVE('',#3203,#3195,#3205,.T.);
#3203 = VERTEX_POINT('',#3204);
#3204 = CARTESIAN_POINT('',(1.25,0.495,0.));
#3205 = LINE('',#3206,#3207);
#3206 = CARTESIAN_POINT('',(1.25,-2.762172349557E-16,0.));
#3207 = VECTOR('',#3208,1.);
#3208 = DIRECTION('',(2.22044604925E-16,1.,0.));
#3209 = ORIENTED_EDGE('',*,*,#3210,.F.);
#3210 = EDGE_CURVE('',#3211,#3203,#3213,.T.);
#3211 = VERTEX_POINT('',#3212);
#3212 = CARTESIAN_POINT('',(1.65,0.495,0.));
#3213 = LINE('',#3214,#3215);
#3214 = CARTESIAN_POINT('',(1.099120794379E-16,0.495,0.));
#3215 = VECTOR('',#3216,1.);
#3216 = DIRECTION('',(-1.,2.22044604925E-16,0.));
#3217 = ORIENTED_EDGE('',*,*,#3218,.F.);
#3218 = EDGE_CURVE('',#3219,#3211,#3221,.T.);
#3219 = VERTEX_POINT('',#3220);
#3220 = CARTESIAN_POINT('',(1.65,0.155,0.));
#3221 = LINE('',#3222,#3223);
#3222 = CARTESIAN_POINT('',(1.65,-3.663735981262E-16,0.));
#3223 = VECTOR('',#3224,1.);
#3224 = DIRECTION('',(2.22044604925E-16,1.,0.));
#3225 = ORIENTED_EDGE('',*,*,#3226,.F.);
#3226 = EDGE_CURVE('',#3227,#3219,#3229,.T.);
#3227 = VERTEX_POINT('',#3228);
#3228 = CARTESIAN_POINT('',(1.25,0.155,0.));
#3229 = LINE('',#3230,#3231);
#3230 = CARTESIAN_POINT('',(3.441691376338E-17,0.155,0.));
#3231 = VECTOR('',#3232,1.);
#3232 = DIRECTION('',(1.,-2.22044604925E-16,0.));
#3233 = ORIENTED_EDGE('',*,*,#3234,.F.);
#3234 = EDGE_CURVE('',#3235,#3227,#3237,.T.);
#3235 = VERTEX_POINT('',#3236);
#3236 = CARTESIAN_POINT('',(1.25,-0.155,0.));
#3237 = LINE('',#3238,#3239);
#3238 = CARTESIAN_POINT('',(1.25,-2.762172349557E-16,0.));
#3239 = VECTOR('',#3240,1.);
#3240 = DIRECTION('',(2.22044604925E-16,1.,0.));
#3241 = ORIENTED_EDGE('',*,*,#3242,.F.);
#3242 = EDGE_CURVE('',#3243,#3235,#3245,.T.);
#3243 = VERTEX_POINT('',#3244);
#3244 = CARTESIAN_POINT('',(1.65,-0.155,0.));
#3245 = LINE('',#3246,#3247);
#3246 = CARTESIAN_POINT('',(-3.441691376338E-17,-0.155,0.));
#3247 = VECTOR('',#3248,1.);
#3248 = DIRECTION('',(-1.,2.22044604925E-16,0.));
#3249 = ORIENTED_EDGE('',*,*,#3250,.F.);
#3250 = EDGE_CURVE('',#3251,#3243,#3253,.T.);
#3251 = VERTEX_POINT('',#3252);
#3252 = CARTESIAN_POINT('',(1.65,-0.495,0.));
#3253 = LINE('',#3254,#3255);
#3254 = CARTESIAN_POINT('',(1.65,-3.663735981262E-16,0.));
#3255 = VECTOR('',#3256,1.);
#3256 = DIRECTION('',(2.22044604925E-16,1.,0.));
#3257 = ORIENTED_EDGE('',*,*,#3258,.F.);
#3258 = EDGE_CURVE('',#3139,#3251,#3259,.T.);
#3259 = LINE('',#3260,#3261);
#3260 = CARTESIAN_POINT('',(-1.099120794379E-16,-0.495,0.));
#3261 = VECTOR('',#3262,1.);
#3262 = DIRECTION('',(1.,-2.22044604925E-16,0.));
#3263 = PLANE('',#3264);
#3264 = AXIS2_PLACEMENT_3D('',#3265,#3266,#3267);
#3265 = CARTESIAN_POINT('',(0.,-9.629649721936E-36,0.));
#3266 = DIRECTION('',(0.,0.,1.));
#3267 = DIRECTION('',(1.,-2.22044604925E-16,0.));
#3268 = ADVANCED_FACE('',(#3269),#3294,.F.);
#3269 = FACE_BOUND('',#3270,.T.);
#3270 = EDGE_LOOP('',(#3271,#3279,#3280,#3288));
#3271 = ORIENTED_EDGE('',*,*,#3272,.F.);
#3272 = EDGE_CURVE('',#3139,#3273,#3275,.T.);
#3273 = VERTEX_POINT('',#3274);
#3274 = CARTESIAN_POINT('',(1.25,-0.495,0.2));
#3275 = LINE('',#3276,#3277);
#3276 = CARTESIAN_POINT('',(1.25,-0.495,0.));
#3277 = VECTOR('',#3278,1.);
#3278 = DIRECTION('',(0.,0.,1.));
#3279 = ORIENTED_EDGE('',*,*,#3258,.T.);
#3280 = ORIENTED_EDGE('',*,*,#3281,.F.);
#3281 = EDGE_CURVE('',#3282,#3251,#3284,.T.);
#3282 = VERTEX_POINT('',#3283);
#3283 = CARTESIAN_POINT('',(1.65,-0.495,0.2));
#3284 = LINE('',#3285,#3286);
#3285 = CARTESIAN_POINT('',(1.65,-0.495,0.));
#3286 = VECTOR('',#3287,1.);
#3287 = DIRECTION('',(-0.,0.,-1.));
#3288 = ORIENTED_EDGE('',*,*,#3289,.F.);
#3289 = EDGE_CURVE('',#3273,#3282,#3290,.T.);
#3290 = LINE('',#3291,#3292);
#3291 = CARTESIAN_POINT('',(-1.099120794379E-16,-0.495,0.2));
#3292 = VECTOR('',#3293,1.);
#3293 = DIRECTION('',(1.,-2.22044604925E-16,0.));
#3294 = PLANE('',#3295);
#3295 = AXIS2_PLACEMENT_3D('',#3296,#3297,#3298);
#3296 = CARTESIAN_POINT('',(1.65,-0.495,0.));
#3297 = DIRECTION('',(2.22044604925E-16,1.,0.));
#3298 = DIRECTION('',(-1.,2.22044604925E-16,0.));
#3299 = ADVANCED_FACE('',(#3300),#3318,.F.);
#3300 = FACE_BOUND('',#3301,.T.);
#3301 = EDGE_LOOP('',(#3302,#3310,#3311,#3312));
#3302 = ORIENTED_EDGE('',*,*,#3303,.F.);
#3303 = EDGE_CURVE('',#3137,#3304,#3306,.T.);
#3304 = VERTEX_POINT('',#3305);
#3305 = CARTESIAN_POINT('',(1.25,-0.805,0.2));
#3306 = LINE('',#3307,#3308);
#3307 = CARTESIAN_POINT('',(1.25,-0.805,0.));
#3308 = VECTOR('',#3309,1.);
#3309 = DIRECTION('',(0.,0.,1.));
#3310 = ORIENTED_EDGE('',*,*,#3136,.T.);
#3311 = ORIENTED_EDGE('',*,*,#3272,.T.);
#3312 = ORIENTED_EDGE('',*,*,#3313,.F.);
#3313 = EDGE_CURVE('',#3304,#3273,#3314,.T.);
#3314 = LINE('',#3315,#3316);
#3315 = CARTESIAN_POINT('',(1.25,-2.762172349557E-16,0.2));
#3316 = VECTOR('',#3317,1.);
#3317 = DIRECTION('',(2.22044604925E-16,1.,0.));
#3318 = PLANE('',#3319);
#3319 = AXIS2_PLACEMENT_3D('',#3320,#3321,#3322);
#3320 = CARTESIAN_POINT('',(1.25,-0.495,0.));
#3321 = DIRECTION('',(-1.,2.22044604925E-16,0.));
#3322 = DIRECTION('',(-2.22044604925E-16,-1.,0.));
#3323 = ADVANCED_FACE('',(#3324),#3342,.F.);
#3324 = FACE_BOUND('',#3325,.T.);
#3325 = EDGE_LOOP('',(#3326,#3334,#3335,#3336));
#3326 = ORIENTED_EDGE('',*,*,#3327,.F.);
#3327 = EDGE_CURVE('',#3147,#3328,#3330,.T.);
#3328 = VERTEX_POINT('',#3329);
#3329 = CARTESIAN_POINT('',(1.65,-0.805,0.2));
#3330 = LINE('',#3331,#3332);
#3331 = CARTESIAN_POINT('',(1.65,-0.805,0.));
#3332 = VECTOR('',#3333,1.);
#3333 = DIRECTION('',(0.,0.,1.));
#3334 = ORIENTED_EDGE('',*,*,#3146,.T.);
#3335 = ORIENTED_EDGE('',*,*,#3303,.T.);
#3336 = ORIENTED_EDGE('',*,*,#3337,.F.);
#3337 = EDGE_CURVE('',#3328,#3304,#3338,.T.);
#3338 = LINE('',#3339,#3340);
#3339 = CARTESIAN_POINT('',(-1.787459069646E-16,-0.805,0.2));
#3340 = VECTOR('',#3341,1.);
#3341 = DIRECTION('',(-1.,2.22044604925E-16,0.));
#3342 = PLANE('',#3343);
#3343 = AXIS2_PLACEMENT_3D('',#3344,#3345,#3346);
#3344 = CARTESIAN_POINT('',(1.245,-0.805,0.));
#3345 = DIRECTION('',(-2.22044604925E-16,-1.,0.));
#3346 = DIRECTION('',(1.,-2.22044604925E-16,0.));
#3347 = ADVANCED_FACE('',(#3348),#3366,.F.);
#3348 = FACE_BOUND('',#3349,.T.);
#3349 = EDGE_LOOP('',(#3350,#3358,#3359,#3360));
#3350 = ORIENTED_EDGE('',*,*,#3351,.F.);
#3351 = EDGE_CURVE('',#3155,#3352,#3354,.T.);
#3352 = VERTEX_POINT('',#3353);
#3353 = CARTESIAN_POINT('',(1.65,-1.145,0.2));
#3354 = LINE('',#3355,#3356);
#3355 = CARTESIAN_POINT('',(1.65,-1.145,0.));
#3356 = VECTOR('',#3357,1.);
#3357 = DIRECTION('',(0.,0.,1.));
#3358 = ORIENTED_EDGE('',*,*,#3154,.T.);
#3359 = ORIENTED_EDGE('',*,*,#3327,.T.);
#3360 = ORIENTED_EDGE('',*,*,#3361,.F.);
#3361 = EDGE_CURVE('',#3352,#3328,#3362,.T.);
#3362 = LINE('',#3363,#3364);
#3363 = CARTESIAN_POINT('',(1.65,-3.663735981262E-16,0.2));
#3364 = VECTOR('',#3365,1.);
#3365 = DIRECTION('',(2.22044604925E-16,1.,0.));
#3366 = PLANE('',#3367);
#3367 = AXIS2_PLACEMENT_3D('',#3368,#3369,#3370);
#3368 = CARTESIAN_POINT('',(1.65,-0.805,0.));
#3369 = DIRECTION('',(-1.,2.22044604925E-16,0.));
#3370 = DIRECTION('',(-2.22044604925E-16,-1.,0.));
#3371 = ADVANCED_FACE('',(#3372),#3390,.F.);
#3372 = FACE_BOUND('',#3373,.T.);
#3373 = EDGE_LOOP('',(#3374,#3382,#3383,#3384));
#3374 = ORIENTED_EDGE('',*,*,#3375,.F.);
#3375 = EDGE_CURVE('',#3163,#3376,#3378,.T.);
#3376 = VERTEX_POINT('',#3377);
#3377 = CARTESIAN_POINT('',(-0.46,-1.145,0.2));
#3378 = LINE('',#3379,#3380);
#3379 = CARTESIAN_POINT('',(-0.46,-1.145,0.));
#3380 = VECTOR('',#3381,1.);
#3381 = DIRECTION('',(0.,0.,1.));
#3382 = ORIENTED_EDGE('',*,*,#3162,.T.);
#3383 = ORIENTED_EDGE('',*,*,#3351,.T.);
#3384 = ORIENTED_EDGE('',*,*,#3385,.F.);
#3385 = EDGE_CURVE('',#3376,#3352,#3386,.T.);
#3386 = LINE('',#3387,#3388);
#3387 = CARTESIAN_POINT('',(1.65,-1.145,0.2));
#3388 = VECTOR('',#3389,1.);
#3389 = DIRECTION('',(1.,-1.192766264904E-16,0.));
#3390 = PLANE('',#3391);
#3391 = AXIS2_PLACEMENT_3D('',#3392,#3393,#3394);
#3392 = CARTESIAN_POINT('',(1.65,-1.145,0.));
#3393 = DIRECTION('',(1.192766264904E-16,1.,0.));
#3394 = DIRECTION('',(-1.,1.192766264904E-16,0.));
#3395 = ADVANCED_FACE('',(#3396),#3414,.F.);
#3396 = FACE_BOUND('',#3397,.T.);
#3397 = EDGE_LOOP('',(#3398,#3406,#3407,#3408));
#3398 = ORIENTED_EDGE('',*,*,#3399,.F.);
#3399 = EDGE_CURVE('',#3171,#3400,#3402,.T.);
#3400 = VERTEX_POINT('',#3401);
#3401 = CARTESIAN_POINT('',(-0.46,1.145,0.2));
#3402 = LINE('',#3403,#3404);
#3403 = CARTESIAN_POINT('',(-0.46,1.145,0.));
#3404 = VECTOR('',#3405,1.);
#3405 = DIRECTION('',(0.,0.,1.));
#3406 = ORIENTED_EDGE('',*,*,#3170,.T.);
#3407 = ORIENTED_EDGE('',*,*,#3375,.T.);
#3408 = ORIENTED_EDGE('',*,*,#3409,.F.);
#3409 = EDGE_CURVE('',#3400,#3376,#3410,.T.);
#3410 = LINE('',#3411,#3412);
#3411 = CARTESIAN_POINT('',(-0.46,-1.145,0.2));
#3412 = VECTOR('',#3413,1.);
#3413 = DIRECTION('',(-1.983720684079E-16,-1.,0.));
#3414 = PLANE('',#3415);
#3415 = AXIS2_PLACEMENT_3D('',#3416,#3417,#3418);
#3416 = CARTESIAN_POINT('',(-0.46,-1.145,0.));
#3417 = DIRECTION('',(1.,-1.983720684079E-16,0.));
#3418 = DIRECTION('',(1.983720684079E-16,1.,0.));
#3419 = ADVANCED_FACE('',(#3420),#3438,.F.);
#3420 = FACE_BOUND('',#3421,.T.);
#3421 = EDGE_LOOP('',(#3422,#3430,#3431,#3432));
#3422 = ORIENTED_EDGE('',*,*,#3423,.F.);
#3423 = EDGE_CURVE('',#3179,#3424,#3426,.T.);
#3424 = VERTEX_POINT('',#3425);
#3425 = CARTESIAN_POINT('',(1.65,1.145,0.2));
#3426 = LINE('',#3427,#3428);
#3427 = CARTESIAN_POINT('',(1.65,1.145,0.));
#3428 = VECTOR('',#3429,1.);
#3429 = DIRECTION('',(0.,0.,1.));
#3430 = ORIENTED_EDGE('',*,*,#3178,.T.);
#3431 = ORIENTED_EDGE('',*,*,#3399,.T.);
#3432 = ORIENTED_EDGE('',*,*,#3433,.F.);
#3433 = EDGE_CURVE('',#3424,#3400,#3434,.T.);
#3434 = LINE('',#3435,#3436);
#3435 = CARTESIAN_POINT('',(-0.46,1.145,0.2));
#3436 = VECTOR('',#3437,1.);
#3437 = DIRECTION('',(-1.,3.248125833596E-16,0.));
#3438 = PLANE('',#3439);
#3439 = AXIS2_PLACEMENT_3D('',#3440,#3441,#3442);
#3440 = CARTESIAN_POINT('',(-0.46,1.145,0.));
#3441 = DIRECTION('',(-3.248125833596E-16,-1.,0.));
#3442 = DIRECTION('',(1.,-3.248125833596E-16,0.));
#3443 = ADVANCED_FACE('',(#3444),#3462,.F.);
#3444 = FACE_BOUND('',#3445,.T.);
#3445 = EDGE_LOOP('',(#3446,#3454,#3455,#3456));
#3446 = ORIENTED_EDGE('',*,*,#3447,.F.);
#3447 = EDGE_CURVE('',#3187,#3448,#3450,.T.);
#3448 = VERTEX_POINT('',#3449);
#3449 = CARTESIAN_POINT('',(1.65,0.805,0.2));
#3450 = LINE('',#3451,#3452);
#3451 = CARTESIAN_POINT('',(1.65,0.805,0.));
#3452 = VECTOR('',#3453,1.);
#3453 = DIRECTION('',(0.,0.,1.));
#3454 = ORIENTED_EDGE('',*,*,#3186,.T.);
#3455 = ORIENTED_EDGE('',*,*,#3423,.T.);
#3456 = ORIENTED_EDGE('',*,*,#3457,.F.);
#3457 = EDGE_CURVE('',#3448,#3424,#3458,.T.);
#3458 = LINE('',#3459,#3460);
#3459 = CARTESIAN_POINT('',(1.65,1.145,0.2));
#3460 = VECTOR('',#3461,1.);
#3461 = DIRECTION('',(2.22044604925E-16,1.,0.));
#3462 = PLANE('',#3463);
#3463 = AXIS2_PLACEMENT_3D('',#3464,#3465,#3466);
#3464 = CARTESIAN_POINT('',(1.65,1.145,0.));
#3465 = DIRECTION('',(-1.,2.22044604925E-16,0.));
#3466 = DIRECTION('',(-2.22044604925E-16,-1.,0.));
#3467 = ADVANCED_FACE('',(#3468),#3486,.F.);
#3468 = FACE_BOUND('',#3469,.T.);
#3469 = EDGE_LOOP('',(#3470,#3478,#3479,#3480));
#3470 = ORIENTED_EDGE('',*,*,#3471,.F.);
#3471 = EDGE_CURVE('',#3195,#3472,#3474,.T.);
#3472 = VERTEX_POINT('',#3473);
#3473 = CARTESIAN_POINT('',(1.25,0.805,0.2));
#3474 = LINE('',#3475,#3476);
#3475 = CARTESIAN_POINT('',(1.25,0.805,0.));
#3476 = VECTOR('',#3477,1.);
#3477 = DIRECTION('',(0.,0.,1.));
#3478 = ORIENTED_EDGE('',*,*,#3194,.T.);
#3479 = ORIENTED_EDGE('',*,*,#3447,.T.);
#3480 = ORIENTED_EDGE('',*,*,#3481,.F.);
#3481 = EDGE_CURVE('',#3472,#3448,#3482,.T.);
#3482 = LINE('',#3483,#3484);
#3483 = CARTESIAN_POINT('',(1.65,0.805,0.2));
#3484 = VECTOR('',#3485,1.);
#3485 = DIRECTION('',(1.,-2.22044604925E-16,0.));
#3486 = PLANE('',#3487);
#3487 = AXIS2_PLACEMENT_3D('',#3488,#3489,#3490);
#3488 = CARTESIAN_POINT('',(1.65,0.805,0.));
#3489 = DIRECTION('',(2.22044604925E-16,1.,0.));
#3490 = DIRECTION('',(-1.,2.22044604925E-16,0.));
#3491 = ADVANCED_FACE('',(#3492),#3510,.F.);
#3492 = FACE_BOUND('',#3493,.T.);
#3493 = EDGE_LOOP('',(#3494,#3502,#3503,#3504));
#3494 = ORIENTED_EDGE('',*,*,#3495,.F.);
#3495 = EDGE_CURVE('',#3203,#3496,#3498,.T.);
#3496 = VERTEX_POINT('',#3497);
#3497 = CARTESIAN_POINT('',(1.25,0.495,0.2));
#3498 = LINE('',#3499,#3500);
#3499 = CARTESIAN_POINT('',(1.25,0.495,0.));
#3500 = VECTOR('',#3501,1.);
#3501 = DIRECTION('',(0.,0.,1.));
#3502 = ORIENTED_EDGE('',*,*,#3202,.T.);
#3503 = ORIENTED_EDGE('',*,*,#3471,.T.);
#3504 = ORIENTED_EDGE('',*,*,#3505,.F.);
#3505 = EDGE_CURVE('',#3496,#3472,#3506,.T.);
#3506 = LINE('',#3507,#3508);
#3507 = CARTESIAN_POINT('',(1.25,0.805,0.2));
#3508 = VECTOR('',#3509,1.);
#3509 = DIRECTION('',(1.621015150068E-15,1.,0.));
#3510 = PLANE('',#3511);
#3511 = AXIS2_PLACEMENT_3D('',#3512,#3513,#3514);
#3512 = CARTESIAN_POINT('',(1.25,0.805,0.));
#3513 = DIRECTION('',(-1.,1.621015150068E-15,0.));
#3514 = DIRECTION('',(-1.621015150068E-15,-1.,0.));
#3515 = ADVANCED_FACE('',(#3516),#3534,.F.);
#3516 = FACE_BOUND('',#3517,.T.);
#3517 = EDGE_LOOP('',(#3518,#3526,#3527,#3528));
#3518 = ORIENTED_EDGE('',*,*,#3519,.F.);
#3519 = EDGE_CURVE('',#3211,#3520,#3522,.T.);
#3520 = VERTEX_POINT('',#3521);
#3521 = CARTESIAN_POINT('',(1.65,0.495,0.2));
#3522 = LINE('',#3523,#3524);
#3523 = CARTESIAN_POINT('',(1.65,0.495,0.));
#3524 = VECTOR('',#3525,1.);
#3525 = DIRECTION('',(0.,0.,1.));
#3526 = ORIENTED_EDGE('',*,*,#3210,.T.);
#3527 = ORIENTED_EDGE('',*,*,#3495,.T.);
#3528 = ORIENTED_EDGE('',*,*,#3529,.F.);
#3529 = EDGE_CURVE('',#3520,#3496,#3530,.T.);
#3530 = LINE('',#3531,#3532);
#3531 = CARTESIAN_POINT('',(1.245,0.495,0.2));
#3532 = VECTOR('',#3533,1.);
#3533 = DIRECTION('',(-1.,2.22044604925E-16,-0.));
#3534 = PLANE('',#3535);
#3535 = AXIS2_PLACEMENT_3D('',#3536,#3537,#3538);
#3536 = CARTESIAN_POINT('',(1.245,0.495,0.));
#3537 = DIRECTION('',(-2.22044604925E-16,-1.,0.));
#3538 = DIRECTION('',(1.,-2.22044604925E-16,0.));
#3539 = ADVANCED_FACE('',(#3540),#3558,.F.);
#3540 = FACE_BOUND('',#3541,.T.);
#3541 = EDGE_LOOP('',(#3542,#3550,#3551,#3552));
#3542 = ORIENTED_EDGE('',*,*,#3543,.F.);
#3543 = EDGE_CURVE('',#3219,#3544,#3546,.T.);
#3544 = VERTEX_POINT('',#3545);
#3545 = CARTESIAN_POINT('',(1.65,0.155,0.2));
#3546 = LINE('',#3547,#3548);
#3547 = CARTESIAN_POINT('',(1.65,0.155,0.));
#3548 = VECTOR('',#3549,1.);
#3549 = DIRECTION('',(0.,0.,1.));
#3550 = ORIENTED_EDGE('',*,*,#3218,.T.);
#3551 = ORIENTED_EDGE('',*,*,#3519,.T.);
#3552 = ORIENTED_EDGE('',*,*,#3553,.F.);
#3553 = EDGE_CURVE('',#3544,#3520,#3554,.T.);
#3554 = LINE('',#3555,#3556);
#3555 = CARTESIAN_POINT('',(1.65,0.495,0.2));
#3556 = VECTOR('',#3557,1.);
#3557 = DIRECTION('',(2.22044604925E-16,1.,0.));
#3558 = PLANE('',#3559);
#3559 = AXIS2_PLACEMENT_3D('',#3560,#3561,#3562);
#3560 = CARTESIAN_POINT('',(1.65,0.495,0.));
#3561 = DIRECTION('',(-1.,2.22044604925E-16,0.));
#3562 = DIRECTION('',(-2.22044604925E-16,-1.,0.));
#3563 = ADVANCED_FACE('',(#3564),#3582,.F.);
#3564 = FACE_BOUND('',#3565,.T.);
#3565 = EDGE_LOOP('',(#3566,#3574,#3575,#3576));
#3566 = ORIENTED_EDGE('',*,*,#3567,.F.);
#3567 = EDGE_CURVE('',#3227,#3568,#3570,.T.);
#3568 = VERTEX_POINT('',#3569);
#3569 = CARTESIAN_POINT('',(1.25,0.155,0.2));
#3570 = LINE('',#3571,#3572);
#3571 = CARTESIAN_POINT('',(1.25,0.155,0.));
#3572 = VECTOR('',#3573,1.);
#3573 = DIRECTION('',(0.,0.,1.));
#3574 = ORIENTED_EDGE('',*,*,#3226,.T.);
#3575 = ORIENTED_EDGE('',*,*,#3543,.T.);
#3576 = ORIENTED_EDGE('',*,*,#3577,.F.);
#3577 = EDGE_CURVE('',#3568,#3544,#3578,.T.);
#3578 = LINE('',#3579,#3580);
#3579 = CARTESIAN_POINT('',(1.65,0.155,0.2));
#3580 = VECTOR('',#3581,1.);
#3581 = DIRECTION('',(1.,-2.12664248351E-17,0.));
#3582 = PLANE('',#3583);
#3583 = AXIS2_PLACEMENT_3D('',#3584,#3585,#3586);
#3584 = CARTESIAN_POINT('',(1.65,0.155,0.));
#3585 = DIRECTION('',(2.12664248351E-17,1.,0.));
#3586 = DIRECTION('',(-1.,2.12664248351E-17,0.));
#3587 = ADVANCED_FACE('',(#3588),#3606,.F.);
#3588 = FACE_BOUND('',#3589,.T.);
#3589 = EDGE_LOOP('',(#3590,#3598,#3599,#3600));
#3590 = ORIENTED_EDGE('',*,*,#3591,.F.);
#3591 = EDGE_CURVE('',#3235,#3592,#3594,.T.);
#3592 = VERTEX_POINT('',#3593);
#3593 = CARTESIAN_POINT('',(1.25,-0.155,0.2));
#3594 = LINE('',#3595,#3596);
#3595 = CARTESIAN_POINT('',(1.25,-0.155,0.));
#3596 = VECTOR('',#3597,1.);
#3597 = DIRECTION('',(0.,0.,1.));
#3598 = ORIENTED_EDGE('',*,*,#3234,.T.);
#3599 = ORIENTED_EDGE('',*,*,#3567,.T.);
#3600 = ORIENTED_EDGE('',*,*,#3601,.F.);
#3601 = EDGE_CURVE('',#3592,#3568,#3602,.T.);
#3602 = LINE('',#3603,#3604);
#3603 = CARTESIAN_POINT('',(1.25,0.155,0.2));
#3604 = VECTOR('',#3605,1.);
#3605 = DIRECTION('',(1.621015150068E-15,1.,0.));
#3606 = PLANE('',#3607);
#3607 = AXIS2_PLACEMENT_3D('',#3608,#3609,#3610);
#3608 = CARTESIAN_POINT('',(1.25,0.155,0.));
#3609 = DIRECTION('',(-1.,1.621015150068E-15,0.));
#3610 = DIRECTION('',(-1.621015150068E-15,-1.,0.));
#3611 = ADVANCED_FACE('',(#3612),#3630,.F.);
#3612 = FACE_BOUND('',#3613,.T.);
#3613 = EDGE_LOOP('',(#3614,#3622,#3623,#3624));
#3614 = ORIENTED_EDGE('',*,*,#3615,.F.);
#3615 = EDGE_CURVE('',#3243,#3616,#3618,.T.);
#3616 = VERTEX_POINT('',#3617);
#3617 = CARTESIAN_POINT('',(1.65,-0.155,0.2));
#3618 = LINE('',#3619,#3620);
#3619 = CARTESIAN_POINT('',(1.65,-0.155,0.));
#3620 = VECTOR('',#3621,1.);
#3621 = DIRECTION('',(0.,0.,1.));
#3622 = ORIENTED_EDGE('',*,*,#3242,.T.);
#3623 = ORIENTED_EDGE('',*,*,#3591,.T.);
#3624 = ORIENTED_EDGE('',*,*,#3625,.F.);
#3625 = EDGE_CURVE('',#3616,#3592,#3626,.T.);
#3626 = LINE('',#3627,#3628);
#3627 = CARTESIAN_POINT('',(1.245,-0.155,0.2));
#3628 = VECTOR('',#3629,1.);
#3629 = DIRECTION('',(-1.,4.897488450449E-16,0.));
#3630 = PLANE('',#3631);
#3631 = AXIS2_PLACEMENT_3D('',#3632,#3633,#3634);
#3632 = CARTESIAN_POINT('',(1.245,-0.155,0.));
#3633 = DIRECTION('',(-4.897488450449E-16,-1.,0.));
#3634 = DIRECTION('',(1.,-4.897488450449E-16,0.));
#3635 = ADVANCED_FACE('',(#3636),#3647,.F.);
#3636 = FACE_BOUND('',#3637,.T.);
#3637 = EDGE_LOOP('',(#3638,#3639,#3640,#3641));
#3638 = ORIENTED_EDGE('',*,*,#3281,.T.);
#3639 = ORIENTED_EDGE('',*,*,#3250,.T.);
#3640 = ORIENTED_EDGE('',*,*,#3615,.T.);
#3641 = ORIENTED_EDGE('',*,*,#3642,.F.);
#3642 = EDGE_CURVE('',#3282,#3616,#3643,.T.);
#3643 = LINE('',#3644,#3645);
#3644 = CARTESIAN_POINT('',(1.65,-0.155,0.2));
#3645 = VECTOR('',#3646,1.);
#3646 = DIRECTION('',(2.22044604925E-16,1.,0.));
#3647 = PLANE('',#3648);
#3648 = AXIS2_PLACEMENT_3D('',#3649,#3650,#3651);
#3649 = CARTESIAN_POINT('',(1.65,-0.155,0.));
#3650 = DIRECTION('',(-1.,2.22044604925E-16,0.));
#3651 = DIRECTION('',(-2.22044604925E-16,-1.,0.));
#3652 = ADVANCED_FACE('',(#3653),#3671,.T.);
#3653 = FACE_BOUND('',#3654,.T.);
#3654 = EDGE_LOOP('',(#3655,#3656,#3657,#3658,#3659,#3660,#3661,#3662,
    #3663,#3664,#3665,#3666,#3667,#3668,#3669,#3670));
#3655 = ORIENTED_EDGE('',*,*,#3337,.T.);
#3656 = ORIENTED_EDGE('',*,*,#3313,.T.);
#3657 = ORIENTED_EDGE('',*,*,#3289,.T.);
#3658 = ORIENTED_EDGE('',*,*,#3642,.T.);
#3659 = ORIENTED_EDGE('',*,*,#3625,.T.);
#3660 = ORIENTED_EDGE('',*,*,#3601,.T.);
#3661 = ORIENTED_EDGE('',*,*,#3577,.T.);
#3662 = ORIENTED_EDGE('',*,*,#3553,.T.);
#3663 = ORIENTED_EDGE('',*,*,#3529,.T.);
#3664 = ORIENTED_EDGE('',*,*,#3505,.T.);
#3665 = ORIENTED_EDGE('',*,*,#3481,.T.);
#3666 = ORIENTED_EDGE('',*,*,#3457,.T.);
#3667 = ORIENTED_EDGE('',*,*,#3433,.T.);
#3668 = ORIENTED_EDGE('',*,*,#3409,.T.);
#3669 = ORIENTED_EDGE('',*,*,#3385,.T.);
#3670 = ORIENTED_EDGE('',*,*,#3361,.T.);
#3671 = PLANE('',#3672);
#3672 = AXIS2_PLACEMENT_3D('',#3673,#3674,#3675);
#3673 = CARTESIAN_POINT('',(0.,-9.629649721936E-36,0.2));
#3674 = DIRECTION('',(0.,0.,1.));
#3675 = DIRECTION('',(1.,-2.22044604925E-16,0.));
#3676 = MANIFOLD_SOLID_BREP('',#3677);
#3677 = CLOSED_SHELL('',(#3678,#3718,#3749,#3773,#3797,#3814));
#3678 = ADVANCED_FACE('',(#3679),#3713,.T.);
#3679 = FACE_BOUND('',#3680,.T.);
#3680 = EDGE_LOOP('',(#3681,#3691,#3699,#3707));
#3681 = ORIENTED_EDGE('',*,*,#3682,.T.);
#3682 = EDGE_CURVE('',#3683,#3685,#3687,.T.);
#3683 = VERTEX_POINT('',#3684);
#3684 = CARTESIAN_POINT('',(-1.65,-0.805,0.));
#3685 = VERTEX_POINT('',#3686);
#3686 = CARTESIAN_POINT('',(-1.15,-0.805,0.));
#3687 = LINE('',#3688,#3689);
#3688 = CARTESIAN_POINT('',(-1.787459069646E-16,-0.805,0.));
#3689 = VECTOR('',#3690,1.);
#3690 = DIRECTION('',(1.,-2.22044604925E-16,0.));
#3691 = ORIENTED_EDGE('',*,*,#3692,.T.);
#3692 = EDGE_CURVE('',#3685,#3693,#3695,.T.);
#3693 = VERTEX_POINT('',#3694);
#3694 = CARTESIAN_POINT('',(-1.15,-1.145,0.));
#3695 = LINE('',#3696,#3697);
#3696 = CARTESIAN_POINT('',(-1.15,2.553512956637E-16,0.));
#3697 = VECTOR('',#3698,1.);
#3698 = DIRECTION('',(-2.22044604925E-16,-1.,-0.));
#3699 = ORIENTED_EDGE('',*,*,#3700,.T.);
#3700 = EDGE_CURVE('',#3693,#3701,#3703,.T.);
#3701 = VERTEX_POINT('',#3702);
#3702 = CARTESIAN_POINT('',(-1.65,-1.145,0.));
#3703 = LINE('',#3704,#3705);
#3704 = CARTESIAN_POINT('',(-2.542410726391E-16,-1.145,0.));
#3705 = VECTOR('',#3706,1.);
#3706 = DIRECTION('',(-1.,2.22044604925E-16,0.));
#3707 = ORIENTED_EDGE('',*,*,#3708,.T.);
#3708 = EDGE_CURVE('',#3701,#3683,#3709,.T.);
#3709 = LINE('',#3710,#3711);
#3710 = CARTESIAN_POINT('',(-1.65,3.663735981262E-16,0.));
#3711 = VECTOR('',#3712,1.);
#3712 = DIRECTION('',(2.22044604925E-16,1.,0.));
#3713 = PLANE('',#3714);
#3714 = AXIS2_PLACEMENT_3D('',#3715,#3716,#3717);
#3715 = CARTESIAN_POINT('',(0.,-9.629649721936E-36,0.));
#3716 = DIRECTION('',(0.,0.,-1.));
#3717 = DIRECTION('',(-1.,2.22044604925E-16,0.));
#3718 = ADVANCED_FACE('',(#3719),#3744,.F.);
#3719 = FACE_BOUND('',#3720,.T.);
#3720 = EDGE_LOOP('',(#3721,#3729,#3730,#3738));
#3721 = ORIENTED_EDGE('',*,*,#3722,.F.);
#3722 = EDGE_CURVE('',#3693,#3723,#3725,.T.);
#3723 = VERTEX_POINT('',#3724);
#3724 = CARTESIAN_POINT('',(-1.15,-1.145,0.2));
#3725 = LINE('',#3726,#3727);
#3726 = CARTESIAN_POINT('',(-1.15,-1.145,0.));
#3727 = VECTOR('',#3728,1.);
#3728 = DIRECTION('',(0.,0.,1.));
#3729 = ORIENTED_EDGE('',*,*,#3692,.F.);
#3730 = ORIENTED_EDGE('',*,*,#3731,.F.);
#3731 = EDGE_CURVE('',#3732,#3685,#3734,.T.);
#3732 = VERTEX_POINT('',#3733);
#3733 = CARTESIAN_POINT('',(-1.15,-0.805,0.2));
#3734 = LINE('',#3735,#3736);
#3735 = CARTESIAN_POINT('',(-1.15,-0.805,0.));
#3736 = VECTOR('',#3737,1.);
#3737 = DIRECTION('',(-0.,0.,-1.));
#3738 = ORIENTED_EDGE('',*,*,#3739,.F.);
#3739 = EDGE_CURVE('',#3723,#3732,#3740,.T.);
#3740 = LINE('',#3741,#3742);
#3741 = CARTESIAN_POINT('',(-1.15,-0.805,0.2));
#3742 = VECTOR('',#3743,1.);
#3743 = DIRECTION('',(2.22044604925E-16,1.,0.));
#3744 = PLANE('',#3745);
#3745 = AXIS2_PLACEMENT_3D('',#3746,#3747,#3748);
#3746 = CARTESIAN_POINT('',(-1.15,-0.805,0.));
#3747 = DIRECTION('',(-1.,2.22044604925E-16,0.));
#3748 = DIRECTION('',(-2.22044604925E-16,-1.,0.));
#3749 = ADVANCED_FACE('',(#3750),#3768,.F.);
#3750 = FACE_BOUND('',#3751,.T.);
#3751 = EDGE_LOOP('',(#3752,#3753,#3754,#3762));
#3752 = ORIENTED_EDGE('',*,*,#3731,.T.);
#3753 = ORIENTED_EDGE('',*,*,#3682,.F.);
#3754 = ORIENTED_EDGE('',*,*,#3755,.F.);
#3755 = EDGE_CURVE('',#3756,#3683,#3758,.T.);
#3756 = VERTEX_POINT('',#3757);
#3757 = CARTESIAN_POINT('',(-1.65,-0.805,0.2));
#3758 = LINE('',#3759,#3760);
#3759 = CARTESIAN_POINT('',(-1.65,-0.805,0.));
#3760 = VECTOR('',#3761,1.);
#3761 = DIRECTION('',(-0.,0.,-1.));
#3762 = ORIENTED_EDGE('',*,*,#3763,.F.);
#3763 = EDGE_CURVE('',#3732,#3756,#3764,.T.);
#3764 = LINE('',#3765,#3766);
#3765 = CARTESIAN_POINT('',(-1.65,-0.805,0.2));
#3766 = VECTOR('',#3767,1.);
#3767 = DIRECTION('',(-1.,4.191722726496E-16,0.));
#3768 = PLANE('',#3769);
#3769 = AXIS2_PLACEMENT_3D('',#3770,#3771,#3772);
#3770 = CARTESIAN_POINT('',(-1.65,-0.805,0.));
#3771 = DIRECTION('',(-4.191722726496E-16,-1.,0.));
#3772 = DIRECTION('',(1.,-4.191722726496E-16,0.));
#3773 = ADVANCED_FACE('',(#3774),#3792,.F.);
#3774 = FACE_BOUND('',#3775,.T.);
#3775 = EDGE_LOOP('',(#3776,#3777,#3778,#3786));
#3776 = ORIENTED_EDGE('',*,*,#3755,.T.);
#3777 = ORIENTED_EDGE('',*,*,#3708,.F.);
#3778 = ORIENTED_EDGE('',*,*,#3779,.F.);
#3779 = EDGE_CURVE('',#3780,#3701,#3782,.T.);
#3780 = VERTEX_POINT('',#3781);
#3781 = CARTESIAN_POINT('',(-1.65,-1.145,0.2));
#3782 = LINE('',#3783,#3784);
#3783 = CARTESIAN_POINT('',(-1.65,-1.145,0.));
#3784 = VECTOR('',#3785,1.);
#3785 = DIRECTION('',(-0.,0.,-1.));
#3786 = ORIENTED_EDGE('',*,*,#3787,.F.);
#3787 = EDGE_CURVE('',#3756,#3780,#3788,.T.);
#3788 = LINE('',#3789,#3790);
#3789 = CARTESIAN_POINT('',(-1.65,-1.145,0.2));
#3790 = VECTOR('',#3791,1.);
#3791 = DIRECTION('',(1.053487362705E-15,-1.,0.));
#3792 = PLANE('',#3793);
#3793 = AXIS2_PLACEMENT_3D('',#3794,#3795,#3796);
#3794 = CARTESIAN_POINT('',(-1.65,-1.145,0.));
#3795 = DIRECTION('',(1.,1.053487362705E-15,0.));
#3796 = DIRECTION('',(-1.053487362705E-15,1.,0.));
#3797 = ADVANCED_FACE('',(#3798),#3809,.F.);
#3798 = FACE_BOUND('',#3799,.T.);
#3799 = EDGE_LOOP('',(#3800,#3801,#3802,#3803));
#3800 = ORIENTED_EDGE('',*,*,#3779,.T.);
#3801 = ORIENTED_EDGE('',*,*,#3700,.F.);
#3802 = ORIENTED_EDGE('',*,*,#3722,.T.);
#3803 = ORIENTED_EDGE('',*,*,#3804,.F.);
#3804 = EDGE_CURVE('',#3780,#3723,#3805,.T.);
#3805 = LINE('',#3806,#3807);
#3806 = CARTESIAN_POINT('',(-1.1,-1.145,0.2));
#3807 = VECTOR('',#3808,1.);
#3808 = DIRECTION('',(1.,-2.22044604925E-16,0.));
#3809 = PLANE('',#3810);
#3810 = AXIS2_PLACEMENT_3D('',#3811,#3812,#3813);
#3811 = CARTESIAN_POINT('',(-1.1,-1.145,0.));
#3812 = DIRECTION('',(2.22044604925E-16,1.,0.));
#3813 = DIRECTION('',(-1.,2.22044604925E-16,0.));
#3814 = ADVANCED_FACE('',(#3815),#3821,.F.);
#3815 = FACE_BOUND('',#3816,.T.);
#3816 = EDGE_LOOP('',(#3817,#3818,#3819,#3820));
#3817 = ORIENTED_EDGE('',*,*,#3739,.T.);
#3818 = ORIENTED_EDGE('',*,*,#3763,.T.);
#3819 = ORIENTED_EDGE('',*,*,#3787,.T.);
#3820 = ORIENTED_EDGE('',*,*,#3804,.T.);
#3821 = PLANE('',#3822);
#3822 = AXIS2_PLACEMENT_3D('',#3823,#3824,#3825);
#3823 = CARTESIAN_POINT('',(0.,-9.629649721936E-36,0.2));
#3824 = DIRECTION('',(0.,0.,-1.));
#3825 = DIRECTION('',(-1.,2.22044604925E-16,0.));
#3826 = MANIFOLD_SOLID_BREP('',#3827);
#3827 = CLOSED_SHELL('',(#3828,#3870,#3920,#4079,#4103,#4255,#4272,#4303
    ,#4327,#4358,#4389,#4413,#4437,#4468,#4492,#4516,#4547,#4571,#4624,
    #4655,#4679,#4710,#4734,#4758,#4789,#4813,#4837,#4861,#4873,#4890,
    #4907,#4931,#4955,#4972,#4989,#5006,#5023,#5040,#5064,#5084,#5102));
#3828 = ADVANCED_FACE('',(#3829),#3865,.F.);
#3829 = FACE_BOUND('',#3830,.F.);
#3830 = EDGE_LOOP('',(#3831,#3841,#3850,#3858));
#3831 = ORIENTED_EDGE('',*,*,#3832,.T.);
#3832 = EDGE_CURVE('',#3833,#3835,#3837,.T.);
#3833 = VERTEX_POINT('',#3834);
#3834 = CARTESIAN_POINT('',(-1.125,1.25,1.05));
#3835 = VERTEX_POINT('',#3836);
#3836 = CARTESIAN_POINT('',(-1.125,1.25,1.1));
#3837 = LINE('',#3838,#3839);
#3838 = CARTESIAN_POINT('',(-1.125,1.25,1.05));
#3839 = VECTOR('',#3840,1.);
#3840 = DIRECTION('',(0.,0.,1.));
#3841 = ORIENTED_EDGE('',*,*,#3842,.F.);
#3842 = EDGE_CURVE('',#3843,#3835,#3845,.T.);
#3843 = VERTEX_POINT('',#3844);
#3844 = CARTESIAN_POINT('',(-1.375,1.25,1.1));
#3845 = CIRCLE('',#3846,0.125);
#3846 = AXIS2_PLACEMENT_3D('',#3847,#3848,#3849);
#3847 = CARTESIAN_POINT('',(-1.25,1.25,1.1));
#3848 = DIRECTION('',(-0.,0.,1.));
#3849 = DIRECTION('',(1.,-2.22044604925E-16,0.));
#3850 = ORIENTED_EDGE('',*,*,#3851,.F.);
#3851 = EDGE_CURVE('',#3852,#3843,#3854,.T.);
#3852 = VERTEX_POINT('',#3853);
#3853 = CARTESIAN_POINT('',(-1.375,1.25,1.05));
#3854 = LINE('',#3855,#3856);
#3855 = CARTESIAN_POINT('',(-1.375,1.25,1.05));
#3856 = VECTOR('',#3857,1.);
#3857 = DIRECTION('',(0.,0.,1.));
#3858 = ORIENTED_EDGE('',*,*,#3859,.T.);
#3859 = EDGE_CURVE('',#3852,#3833,#3860,.T.);
#3860 = CIRCLE('',#3861,0.125);
#3861 = AXIS2_PLACEMENT_3D('',#3862,#3863,#3864);
#3862 = CARTESIAN_POINT('',(-1.25,1.25,1.05));
#3863 = DIRECTION('',(-0.,0.,1.));
#3864 = DIRECTION('',(1.,-2.22044604925E-16,0.));
#3865 = CYLINDRICAL_SURFACE('',#3866,0.125);
#3866 = AXIS2_PLACEMENT_3D('',#3867,#3868,#3869);
#3867 = CARTESIAN_POINT('',(-1.25,1.25,1.05));
#3868 = DIRECTION('',(0.,0.,1.));
#3869 = DIRECTION('',(1.,-2.22044604925E-16,0.));
#3870 = ADVANCED_FACE('',(#3871,#3881),#3915,.T.);
#3871 = FACE_BOUND('',#3872,.T.);
#3872 = EDGE_LOOP('',(#3873,#3880));
#3873 = ORIENTED_EDGE('',*,*,#3874,.F.);
#3874 = EDGE_CURVE('',#3835,#3843,#3875,.T.);
#3875 = CIRCLE('',#3876,0.125);
#3876 = AXIS2_PLACEMENT_3D('',#3877,#3878,#3879);
#3877 = CARTESIAN_POINT('',(-1.25,1.25,1.1));
#3878 = DIRECTION('',(-0.,0.,1.));
#3879 = DIRECTION('',(1.,-2.22044604925E-16,0.));
#3880 = ORIENTED_EDGE('',*,*,#3842,.F.);
#3881 = FACE_BOUND('',#3882,.T.);
#3882 = EDGE_LOOP('',(#3883,#3893,#3901,#3909));
#3883 = ORIENTED_EDGE('',*,*,#3884,.T.);
#3884 = EDGE_CURVE('',#3885,#3887,#3889,.T.);
#3885 = VERTEX_POINT('',#3886);
#3886 = CARTESIAN_POINT('',(1.65,1.65,1.1));
#3887 = VERTEX_POINT('',#3888);
#3888 = CARTESIAN_POINT('',(-1.65,1.65,1.1));
#3889 = LINE('',#3890,#3891);
#3890 = CARTESIAN_POINT('',(3.663735981262E-16,1.65,1.1));
#3891 = VECTOR('',#3892,1.);
#3892 = DIRECTION('',(-1.,2.22044604925E-16,0.));
#3893 = ORIENTED_EDGE('',*,*,#3894,.T.);
#3894 = EDGE_CURVE('',#3887,#3895,#3897,.T.);
#3895 = VERTEX_POINT('',#3896);
#3896 = CARTESIAN_POINT('',(-1.65,-1.65,1.1));
#3897 = LINE('',#3898,#3899);
#3898 = CARTESIAN_POINT('',(-1.65,3.663735981262E-16,1.1));
#3899 = VECTOR('',#3900,1.);
#3900 = DIRECTION('',(-2.22044604925E-16,-1.,0.));
#3901 = ORIENTED_EDGE('',*,*,#3902,.T.);
#3902 = EDGE_CURVE('',#3895,#3903,#3905,.T.);
#3903 = VERTEX_POINT('',#3904);
#3904 = CARTESIAN_POINT('',(1.65,-1.65,1.1));
#3905 = LINE('',#3906,#3907);
#3906 = CARTESIAN_POINT('',(-3.663735981262E-16,-1.65,1.1));
#3907 = VECTOR('',#3908,1.);
#3908 = DIRECTION('',(1.,-2.22044604925E-16,0.));
#3909 = ORIENTED_EDGE('',*,*,#3910,.T.);
#3910 = EDGE_CURVE('',#3903,#3885,#3911,.T.);
#3911 = LINE('',#3912,#3913);
#3912 = CARTESIAN_POINT('',(1.65,-3.663735981262E-16,1.1));
#3913 = VECTOR('',#3914,1.);
#3914 = DIRECTION('',(2.22044604925E-16,1.,0.));
#3915 = PLANE('',#3916);
#3916 = AXIS2_PLACEMENT_3D('',#3917,#3918,#3919);
#3917 = CARTESIAN_POINT('',(0.,-9.629649721936E-36,1.1));
#3918 = DIRECTION('',(0.,0.,1.));
#3919 = DIRECTION('',(1.,-2.22044604925E-16,0.));
#3920 = ADVANCED_FACE('',(#3921),#4074,.F.);
#3921 = FACE_BOUND('',#3922,.T.);
#3922 = EDGE_LOOP('',(#3923,#3933,#3941,#3947,#3948,#3956,#3964,#3972,
    #3980,#3988,#3996,#4004,#4012,#4020,#4028,#4036,#4044,#4052,#4060,
    #4068));
#3923 = ORIENTED_EDGE('',*,*,#3924,.F.);
#3924 = EDGE_CURVE('',#3925,#3927,#3929,.T.);
#3925 = VERTEX_POINT('',#3926);
#3926 = CARTESIAN_POINT('',(-1.65,-1.145,5.E-02));
#3927 = VERTEX_POINT('',#3928);
#3928 = CARTESIAN_POINT('',(-1.65,-1.145,0.2));
#3929 = LINE('',#3930,#3931);
#3930 = CARTESIAN_POINT('',(-1.65,-1.145,1.1));
#3931 = VECTOR('',#3932,1.);
#3932 = DIRECTION('',(0.,0.,1.));
#3933 = ORIENTED_EDGE('',*,*,#3934,.T.);
#3934 = EDGE_CURVE('',#3925,#3935,#3937,.T.);
#3935 = VERTEX_POINT('',#3936);
#3936 = CARTESIAN_POINT('',(-1.65,-1.65,5.E-02));
#3937 = LINE('',#3938,#3939);
#3938 = CARTESIAN_POINT('',(-1.65,3.663735981262E-16,5.E-02));
#3939 = VECTOR('',#3940,1.);
#3940 = DIRECTION('',(-2.22044604925E-16,-1.,0.));
#3941 = ORIENTED_EDGE('',*,*,#3942,.F.);
#3942 = EDGE_CURVE('',#3895,#3935,#3943,.T.);
#3943 = LINE('',#3944,#3945);
#3944 = CARTESIAN_POINT('',(-1.65,-1.65,1.1));
#3945 = VECTOR('',#3946,1.);
#3946 = DIRECTION('',(-0.,0.,-1.));
#3947 = ORIENTED_EDGE('',*,*,#3894,.F.);
#3948 = ORIENTED_EDGE('',*,*,#3949,.F.);
#3949 = EDGE_CURVE('',#3950,#3887,#3952,.T.);
#3950 = VERTEX_POINT('',#3951);
#3951 = CARTESIAN_POINT('',(-1.65,1.65,5.E-02));
#3952 = LINE('',#3953,#3954);
#3953 = CARTESIAN_POINT('',(-1.65,1.65,1.1));
#3954 = VECTOR('',#3955,1.);
#3955 = DIRECTION('',(0.,0.,1.));
#3956 = ORIENTED_EDGE('',*,*,#3957,.T.);
#3957 = EDGE_CURVE('',#3950,#3958,#3960,.T.);
#3958 = VERTEX_POINT('',#3959);
#3959 = CARTESIAN_POINT('',(-1.65,1.145,5.E-02));
#3960 = LINE('',#3961,#3962);
#3961 = CARTESIAN_POINT('',(-1.65,3.663735981262E-16,5.E-02));
#3962 = VECTOR('',#3963,1.);
#3963 = DIRECTION('',(-2.22044604925E-16,-1.,0.));
#3964 = ORIENTED_EDGE('',*,*,#3965,.F.);
#3965 = EDGE_CURVE('',#3966,#3958,#3968,.T.);
#3966 = VERTEX_POINT('',#3967);
#3967 = CARTESIAN_POINT('',(-1.65,1.145,0.2));
#3968 = LINE('',#3969,#3970);
#3969 = CARTESIAN_POINT('',(-1.65,1.145,1.1));
#3970 = VECTOR('',#3971,1.);
#3971 = DIRECTION('',(-0.,0.,-1.));
#3972 = ORIENTED_EDGE('',*,*,#3973,.T.);
#3973 = EDGE_CURVE('',#3966,#3974,#3976,.T.);
#3974 = VERTEX_POINT('',#3975);
#3975 = CARTESIAN_POINT('',(-1.65,0.805,0.2));
#3976 = LINE('',#3977,#3978);
#3977 = CARTESIAN_POINT('',(-1.65,3.663735981262E-16,0.2));
#3978 = VECTOR('',#3979,1.);
#3979 = DIRECTION('',(-2.22044604925E-16,-1.,0.));
#3980 = ORIENTED_EDGE('',*,*,#3981,.F.);
#3981 = EDGE_CURVE('',#3982,#3974,#3984,.T.);
#3982 = VERTEX_POINT('',#3983);
#3983 = CARTESIAN_POINT('',(-1.65,0.805,5.E-02));
#3984 = LINE('',#3985,#3986);
#3985 = CARTESIAN_POINT('',(-1.65,0.805,1.1));
#3986 = VECTOR('',#3987,1.);
#3987 = DIRECTION('',(0.,0.,1.));
#3988 = ORIENTED_EDGE('',*,*,#3989,.F.);
#3989 = EDGE_CURVE('',#3990,#3982,#3992,.T.);
#3990 = VERTEX_POINT('',#3991);
#3991 = CARTESIAN_POINT('',(-1.65,0.495,5.E-02));
#3992 = LINE('',#3993,#3994);
#3993 = CARTESIAN_POINT('',(-1.65,1.65,5.E-02));
#3994 = VECTOR('',#3995,1.);
#3995 = DIRECTION('',(9.06261597752E-17,1.,0.));
#3996 = ORIENTED_EDGE('',*,*,#3997,.F.);
#3997 = EDGE_CURVE('',#3998,#3990,#4000,.T.);
#3998 = VERTEX_POINT('',#3999);
#3999 = CARTESIAN_POINT('',(-1.65,0.495,0.2));
#4000 = LINE('',#4001,#4002);
#4001 = CARTESIAN_POINT('',(-1.65,0.495,1.1));
#4002 = VECTOR('',#4003,1.);
#4003 = DIRECTION('',(-0.,0.,-1.));
#4004 = ORIENTED_EDGE('',*,*,#4005,.T.);
#4005 = EDGE_CURVE('',#3998,#4006,#4008,.T.);
#4006 = VERTEX_POINT('',#4007);
#4007 = CARTESIAN_POINT('',(-1.65,0.155,0.2));
#4008 = LINE('',#4009,#4010);
#4009 = CARTESIAN_POINT('',(-1.65,3.663735981262E-16,0.2));
#4010 = VECTOR('',#4011,1.);
#4011 = DIRECTION('',(-2.22044604925E-16,-1.,0.));
#4012 = ORIENTED_EDGE('',*,*,#4013,.F.);
#4013 = EDGE_CURVE('',#4014,#4006,#4016,.T.);
#4014 = VERTEX_POINT('',#4015);
#4015 = CARTESIAN_POINT('',(-1.65,0.155,5.E-02));
#4016 = LINE('',#4017,#4018);
#4017 = CARTESIAN_POINT('',(-1.65,0.155,1.1));
#4018 = VECTOR('',#4019,1.);
#4019 = DIRECTION('',(0.,0.,1.));
#4020 = ORIENTED_EDGE('',*,*,#4021,.F.);
#4021 = EDGE_CURVE('',#4022,#4014,#4024,.T.);
#4022 = VERTEX_POINT('',#4023);
#4023 = CARTESIAN_POINT('',(-1.65,-0.155,5.E-02));
#4024 = LINE('',#4025,#4026);
#4025 = CARTESIAN_POINT('',(-1.65,1.65,5.E-02));
#4026 = VECTOR('',#4027,1.);
#4027 = DIRECTION('',(9.06261597752E-17,1.,0.));
#4028 = ORIENTED_EDGE('',*,*,#4029,.F.);
#4029 = EDGE_CURVE('',#4030,#4022,#4032,.T.);
#4030 = VERTEX_POINT('',#4031);
#4031 = CARTESIAN_POINT('',(-1.65,-0.155,0.2));
#4032 = LINE('',#4033,#4034);
#4033 = CARTESIAN_POINT('',(-1.65,-0.155,1.1));
#4034 = VECTOR('',#4035,1.);
#4035 = DIRECTION('',(-0.,0.,-1.));
#4036 = ORIENTED_EDGE('',*,*,#4037,.T.);
#4037 = EDGE_CURVE('',#4030,#4038,#4040,.T.);
#4038 = VERTEX_POINT('',#4039);
#4039 = CARTESIAN_POINT('',(-1.65,-0.495,0.2));
#4040 = LINE('',#4041,#4042);
#4041 = CARTESIAN_POINT('',(-1.65,3.663735981262E-16,0.2));
#4042 = VECTOR('',#4043,1.);
#4043 = DIRECTION('',(-2.22044604925E-16,-1.,0.));
#4044 = ORIENTED_EDGE('',*,*,#4045,.F.);
#4045 = EDGE_CURVE('',#4046,#4038,#4048,.T.);
#4046 = VERTEX_POINT('',#4047);
#4047 = CARTESIAN_POINT('',(-1.65,-0.495,5.E-02));
#4048 = LINE('',#4049,#4050);
#4049 = CARTESIAN_POINT('',(-1.65,-0.495,1.1));
#4050 = VECTOR('',#4051,1.);
#4051 = DIRECTION('',(0.,0.,1.));
#4052 = ORIENTED_EDGE('',*,*,#4053,.T.);
#4053 = EDGE_CURVE('',#4046,#4054,#4056,.T.);
#4054 = VERTEX_POINT('',#4055);
#4055 = CARTESIAN_POINT('',(-1.65,-0.805,5.E-02));
#4056 = LINE('',#4057,#4058);
#4057 = CARTESIAN_POINT('',(-1.65,3.663735981262E-16,5.E-02));
#4058 = VECTOR('',#4059,1.);
#4059 = DIRECTION('',(-2.22044604925E-16,-1.,0.));
#4060 = ORIENTED_EDGE('',*,*,#4061,.F.);
#4061 = EDGE_CURVE('',#4062,#4054,#4064,.T.);
#4062 = VERTEX_POINT('',#4063);
#4063 = CARTESIAN_POINT('',(-1.65,-0.805,0.2));
#4064 = LINE('',#4065,#4066);
#4065 = CARTESIAN_POINT('',(-1.65,-0.805,1.1));
#4066 = VECTOR('',#4067,1.);
#4067 = DIRECTION('',(-0.,0.,-1.));
#4068 = ORIENTED_EDGE('',*,*,#4069,.F.);
#4069 = EDGE_CURVE('',#3927,#4062,#4070,.T.);
#4070 = LINE('',#4071,#4072);
#4071 = CARTESIAN_POINT('',(-1.65,1.65,0.2));
#4072 = VECTOR('',#4073,1.);
#4073 = DIRECTION('',(9.06261597752E-17,1.,0.));
#4074 = PLANE('',#4075);
#4075 = AXIS2_PLACEMENT_3D('',#4076,#4077,#4078);
#4076 = CARTESIAN_POINT('',(-1.65,1.65,1.1));
#4077 = DIRECTION('',(1.,-9.06261597752E-17,0.));
#4078 = DIRECTION('',(9.06261597752E-17,1.,0.));
#4079 = ADVANCED_FACE('',(#4080),#4098,.F.);
#4080 = FACE_BOUND('',#4081,.T.);
#4081 = EDGE_LOOP('',(#4082,#4083,#4084,#4092));
#4082 = ORIENTED_EDGE('',*,*,#3949,.T.);
#4083 = ORIENTED_EDGE('',*,*,#3884,.F.);
#4084 = ORIENTED_EDGE('',*,*,#4085,.F.);
#4085 = EDGE_CURVE('',#4086,#3885,#4088,.T.);
#4086 = VERTEX_POINT('',#4087);
#4087 = CARTESIAN_POINT('',(1.65,1.65,5.E-02));
#4088 = LINE('',#4089,#4090);
#4089 = CARTESIAN_POINT('',(1.65,1.65,1.1));
#4090 = VECTOR('',#4091,1.);
#4091 = DIRECTION('',(0.,0.,1.));
#4092 = ORIENTED_EDGE('',*,*,#4093,.F.);
#4093 = EDGE_CURVE('',#3950,#4086,#4094,.T.);
#4094 = LINE('',#4095,#4096);
#4095 = CARTESIAN_POINT('',(1.65,1.65,5.E-02));
#4096 = VECTOR('',#4097,1.);
#4097 = DIRECTION('',(1.,-2.22044604925E-16,0.));
#4098 = PLANE('',#4099);
#4099 = AXIS2_PLACEMENT_3D('',#4100,#4101,#4102);
#4100 = CARTESIAN_POINT('',(1.65,1.65,1.1));
#4101 = DIRECTION('',(-2.22044604925E-16,-1.,0.));
#4102 = DIRECTION('',(1.,-2.22044604925E-16,0.));
#4103 = ADVANCED_FACE('',(#4104),#4250,.F.);
#4104 = FACE_BOUND('',#4105,.T.);
#4105 = EDGE_LOOP('',(#4106,#4116,#4124,#4132,#4138,#4139,#4140,#4148,
    #4156,#4164,#4172,#4180,#4188,#4196,#4204,#4212,#4220,#4228,#4236,
    #4244));
#4106 = ORIENTED_EDGE('',*,*,#4107,.F.);
#4107 = EDGE_CURVE('',#4108,#4110,#4112,.T.);
#4108 = VERTEX_POINT('',#4109);
#4109 = CARTESIAN_POINT('',(1.65,0.805,0.2));
#4110 = VERTEX_POINT('',#4111);
#4111 = CARTESIAN_POINT('',(1.65,0.805,5.E-02));
#4112 = LINE('',#4113,#4114);
#4113 = CARTESIAN_POINT('',(1.65,0.805,1.1));
#4114 = VECTOR('',#4115,1.);
#4115 = DIRECTION('',(-0.,0.,-1.));
#4116 = ORIENTED_EDGE('',*,*,#4117,.F.);
#4117 = EDGE_CURVE('',#4118,#4108,#4120,.T.);
#4118 = VERTEX_POINT('',#4119);
#4119 = CARTESIAN_POINT('',(1.65,1.145,0.2));
#4120 = LINE('',#4121,#4122);
#4121 = CARTESIAN_POINT('',(1.65,-3.663735981262E-16,0.2));
#4122 = VECTOR('',#4123,1.);
#4123 = DIRECTION('',(-2.22044604925E-16,-1.,-0.));
#4124 = ORIENTED_EDGE('',*,*,#4125,.T.);
#4125 = EDGE_CURVE('',#4118,#4126,#4128,.T.);
#4126 = VERTEX_POINT('',#4127);
#4127 = CARTESIAN_POINT('',(1.65,1.145,5.E-02));
#4128 = LINE('',#4129,#4130);
#4129 = CARTESIAN_POINT('',(1.65,1.145,0.2));
#4130 = VECTOR('',#4131,1.);
#4131 = DIRECTION('',(-0.,0.,-1.));
#4132 = ORIENTED_EDGE('',*,*,#4133,.F.);
#4133 = EDGE_CURVE('',#4086,#4126,#4134,.T.);
#4134 = LINE('',#4135,#4136);
#4135 = CARTESIAN_POINT('',(1.65,1.65,5.E-02));
#4136 = VECTOR('',#4137,1.);
#4137 = DIRECTION('',(-9.06261597752E-17,-1.,0.));
#4138 = ORIENTED_EDGE('',*,*,#4085,.T.);
#4139 = ORIENTED_EDGE('',*,*,#3910,.F.);
#4140 = ORIENTED_EDGE('',*,*,#4141,.F.);
#4141 = EDGE_CURVE('',#4142,#3903,#4144,.T.);
#4142 = VERTEX_POINT('',#4143);
#4143 = CARTESIAN_POINT('',(1.65,-1.65,5.E-02));
#4144 = LINE('',#4145,#4146);
#4145 = CARTESIAN_POINT('',(1.65,-1.65,1.1));
#4146 = VECTOR('',#4147,1.);
#4147 = DIRECTION('',(0.,0.,1.));
#4148 = ORIENTED_EDGE('',*,*,#4149,.F.);
#4149 = EDGE_CURVE('',#4150,#4142,#4152,.T.);
#4150 = VERTEX_POINT('',#4151);
#4151 = CARTESIAN_POINT('',(1.65,-1.145,5.E-02));
#4152 = LINE('',#4153,#4154);
#4153 = CARTESIAN_POINT('',(1.65,1.65,5.E-02));
#4154 = VECTOR('',#4155,1.);
#4155 = DIRECTION('',(-9.06261597752E-17,-1.,0.));
#4156 = ORIENTED_EDGE('',*,*,#4157,.T.);
#4157 = EDGE_CURVE('',#4150,#4158,#4160,.T.);
#4158 = VERTEX_POINT('',#4159);
#4159 = CARTESIAN_POINT('',(1.65,-1.145,0.2));
#4160 = LINE('',#4161,#4162);
#4161 = CARTESIAN_POINT('',(1.65,-1.145,0.2));
#4162 = VECTOR('',#4163,1.);
#4163 = DIRECTION('',(0.,0.,1.));
#4164 = ORIENTED_EDGE('',*,*,#4165,.F.);
#4165 = EDGE_CURVE('',#4166,#4158,#4168,.T.);
#4166 = VERTEX_POINT('',#4167);
#4167 = CARTESIAN_POINT('',(1.65,-0.805,0.2));
#4168 = LINE('',#4169,#4170);
#4169 = CARTESIAN_POINT('',(1.65,-3.663735981262E-16,0.2));
#4170 = VECTOR('',#4171,1.);
#4171 = DIRECTION('',(-2.22044604925E-16,-1.,-0.));
#4172 = ORIENTED_EDGE('',*,*,#4173,.F.);
#4173 = EDGE_CURVE('',#4174,#4166,#4176,.T.);
#4174 = VERTEX_POINT('',#4175);
#4175 = CARTESIAN_POINT('',(1.65,-0.805,5.E-02));
#4176 = LINE('',#4177,#4178);
#4177 = CARTESIAN_POINT('',(1.65,-0.805,1.1));
#4178 = VECTOR('',#4179,1.);
#4179 = DIRECTION('',(0.,0.,1.));
#4180 = ORIENTED_EDGE('',*,*,#4181,.F.);
#4181 = EDGE_CURVE('',#4182,#4174,#4184,.T.);
#4182 = VERTEX_POINT('',#4183);
#4183 = CARTESIAN_POINT('',(1.65,-0.495,5.E-02));
#4184 = LINE('',#4185,#4186);
#4185 = CARTESIAN_POINT('',(1.65,1.65,5.E-02));
#4186 = VECTOR('',#4187,1.);
#4187 = DIRECTION('',(-9.06261597752E-17,-1.,0.));
#4188 = ORIENTED_EDGE('',*,*,#4189,.F.);
#4189 = EDGE_CURVE('',#4190,#4182,#4192,.T.);
#4190 = VERTEX_POINT('',#4191);
#4191 = CARTESIAN_POINT('',(1.65,-0.495,0.2));
#4192 = LINE('',#4193,#4194);
#4193 = CARTESIAN_POINT('',(1.65,-0.495,1.1));
#4194 = VECTOR('',#4195,1.);
#4195 = DIRECTION('',(-0.,0.,-1.));
#4196 = ORIENTED_EDGE('',*,*,#4197,.F.);
#4197 = EDGE_CURVE('',#4198,#4190,#4200,.T.);
#4198 = VERTEX_POINT('',#4199);
#4199 = CARTESIAN_POINT('',(1.65,-0.155,0.2));
#4200 = LINE('',#4201,#4202);
#4201 = CARTESIAN_POINT('',(1.65,-3.663735981262E-16,0.2));
#4202 = VECTOR('',#4203,1.);
#4203 = DIRECTION('',(-2.22044604925E-16,-1.,-0.));
#4204 = ORIENTED_EDGE('',*,*,#4205,.F.);
#4205 = EDGE_CURVE('',#4206,#4198,#4208,.T.);
#4206 = VERTEX_POINT('',#4207);
#4207 = CARTESIAN_POINT('',(1.65,-0.155,5.E-02));
#4208 = LINE('',#4209,#4210);
#4209 = CARTESIAN_POINT('',(1.65,-0.155,1.1));
#4210 = VECTOR('',#4211,1.);
#4211 = DIRECTION('',(0.,0.,1.));
#4212 = ORIENTED_EDGE('',*,*,#4213,.F.);
#4213 = EDGE_CURVE('',#4214,#4206,#4216,.T.);
#4214 = VERTEX_POINT('',#4215);
#4215 = CARTESIAN_POINT('',(1.65,0.155,5.E-02));
#4216 = LINE('',#4217,#4218);
#4217 = CARTESIAN_POINT('',(1.65,1.65,5.E-02));
#4218 = VECTOR('',#4219,1.);
#4219 = DIRECTION('',(-9.06261597752E-17,-1.,0.));
#4220 = ORIENTED_EDGE('',*,*,#4221,.F.);
#4221 = EDGE_CURVE('',#4222,#4214,#4224,.T.);
#4222 = VERTEX_POINT('',#4223);
#4223 = CARTESIAN_POINT('',(1.65,0.155,0.2));
#4224 = LINE('',#4225,#4226);
#4225 = CARTESIAN_POINT('',(1.65,0.155,1.1));
#4226 = VECTOR('',#4227,1.);
#4227 = DIRECTION('',(-0.,0.,-1.));
#4228 = ORIENTED_EDGE('',*,*,#4229,.F.);
#4229 = EDGE_CURVE('',#4230,#4222,#4232,.T.);
#4230 = VERTEX_POINT('',#4231);
#4231 = CARTESIAN_POINT('',(1.65,0.495,0.2));
#4232 = LINE('',#4233,#4234);
#4233 = CARTESIAN_POINT('',(1.65,-3.663735981262E-16,0.2));
#4234 = VECTOR('',#4235,1.);
#4235 = DIRECTION('',(-2.22044604925E-16,-1.,-0.));
#4236 = ORIENTED_EDGE('',*,*,#4237,.F.);
#4237 = EDGE_CURVE('',#4238,#4230,#4240,.T.);
#4238 = VERTEX_POINT('',#4239);
#4239 = CARTESIAN_POINT('',(1.65,0.495,5.E-02));
#4240 = LINE('',#4241,#4242);
#4241 = CARTESIAN_POINT('',(1.65,0.495,1.1));
#4242 = VECTOR('',#4243,1.);
#4243 = DIRECTION('',(0.,0.,1.));
#4244 = ORIENTED_EDGE('',*,*,#4245,.F.);
#4245 = EDGE_CURVE('',#4110,#4238,#4246,.T.);
#4246 = LINE('',#4247,#4248);
#4247 = CARTESIAN_POINT('',(1.65,1.65,5.E-02));
#4248 = VECTOR('',#4249,1.);
#4249 = DIRECTION('',(-9.06261597752E-17,-1.,0.));
#4250 = PLANE('',#4251);
#4251 = AXIS2_PLACEMENT_3D('',#4252,#4253,#4254);
#4252 = CARTESIAN_POINT('',(1.65,1.65,1.1));
#4253 = DIRECTION('',(-1.,9.06261597752E-17,0.));
#4254 = DIRECTION('',(-9.06261597752E-17,-1.,0.));
#4255 = ADVANCED_FACE('',(#4256),#4267,.F.);
#4256 = FACE_BOUND('',#4257,.T.);
#4257 = EDGE_LOOP('',(#4258,#4259,#4260,#4261));
#4258 = ORIENTED_EDGE('',*,*,#4141,.T.);
#4259 = ORIENTED_EDGE('',*,*,#3902,.F.);
#4260 = ORIENTED_EDGE('',*,*,#3942,.T.);
#4261 = ORIENTED_EDGE('',*,*,#4262,.F.);
#4262 = EDGE_CURVE('',#4142,#3935,#4263,.T.);
#4263 = LINE('',#4264,#4265);
#4264 = CARTESIAN_POINT('',(1.65,-1.65,5.E-02));
#4265 = VECTOR('',#4266,1.);
#4266 = DIRECTION('',(-1.,2.22044604925E-16,0.));
#4267 = PLANE('',#4268);
#4268 = AXIS2_PLACEMENT_3D('',#4269,#4270,#4271);
#4269 = CARTESIAN_POINT('',(1.65,-1.65,1.1));
#4270 = DIRECTION('',(2.22044604925E-16,1.,0.));
#4271 = DIRECTION('',(-1.,2.22044604925E-16,0.));
#4272 = ADVANCED_FACE('',(#4273),#4298,.F.);
#4273 = FACE_BOUND('',#4274,.T.);
#4274 = EDGE_LOOP('',(#4275,#4283,#4291,#4297));
#4275 = ORIENTED_EDGE('',*,*,#4276,.F.);
#4276 = EDGE_CURVE('',#4277,#4062,#4279,.T.);
#4277 = VERTEX_POINT('',#4278);
#4278 = CARTESIAN_POINT('',(-1.15,-0.805,0.2));
#4279 = LINE('',#4280,#4281);
#4280 = CARTESIAN_POINT('',(-1.787459069646E-16,-0.805,0.2));
#4281 = VECTOR('',#4282,1.);
#4282 = DIRECTION('',(-1.,2.22044604925E-16,0.));
#4283 = ORIENTED_EDGE('',*,*,#4284,.F.);
#4284 = EDGE_CURVE('',#4285,#4277,#4287,.T.);
#4285 = VERTEX_POINT('',#4286);
#4286 = CARTESIAN_POINT('',(-1.15,-1.145,0.2));
#4287 = LINE('',#4288,#4289);
#4288 = CARTESIAN_POINT('',(-1.15,2.553512956637E-16,0.2));
#4289 = VECTOR('',#4290,1.);
#4290 = DIRECTION('',(2.22044604925E-16,1.,0.));
#4291 = ORIENTED_EDGE('',*,*,#4292,.F.);
#4292 = EDGE_CURVE('',#3927,#4285,#4293,.T.);
#4293 = LINE('',#4294,#4295);
#4294 = CARTESIAN_POINT('',(-2.542410726391E-16,-1.145,0.2));
#4295 = VECTOR('',#4296,1.);
#4296 = DIRECTION('',(1.,-2.22044604925E-16,0.));
#4297 = ORIENTED_EDGE('',*,*,#4069,.T.);
#4298 = PLANE('',#4299);
#4299 = AXIS2_PLACEMENT_3D('',#4300,#4301,#4302);
#4300 = CARTESIAN_POINT('',(0.,-9.629649721936E-36,0.2));
#4301 = DIRECTION('',(0.,0.,1.));
#4302 = DIRECTION('',(1.,-2.22044604925E-16,0.));
#4303 = ADVANCED_FACE('',(#4304),#4322,.F.);
#4304 = FACE_BOUND('',#4305,.T.);
#4305 = EDGE_LOOP('',(#4306,#4307,#4308,#4316));
#4306 = ORIENTED_EDGE('',*,*,#3924,.T.);
#4307 = ORIENTED_EDGE('',*,*,#4292,.T.);
#4308 = ORIENTED_EDGE('',*,*,#4309,.F.);
#4309 = EDGE_CURVE('',#4310,#4285,#4312,.T.);
#4310 = VERTEX_POINT('',#4311);
#4311 = CARTESIAN_POINT('',(-1.15,-1.145,5.E-02));
#4312 = LINE('',#4313,#4314);
#4313 = CARTESIAN_POINT('',(-1.15,-1.145,0.2));
#4314 = VECTOR('',#4315,1.);
#4315 = DIRECTION('',(0.,0.,1.));
#4316 = ORIENTED_EDGE('',*,*,#4317,.F.);
#4317 = EDGE_CURVE('',#3925,#4310,#4318,.T.);
#4318 = LINE('',#4319,#4320);
#4319 = CARTESIAN_POINT('',(-1.65,-1.145,5.E-02));
#4320 = VECTOR('',#4321,1.);
#4321 = DIRECTION('',(1.,-2.22044604925E-16,0.));
#4322 = PLANE('',#4323);
#4323 = AXIS2_PLACEMENT_3D('',#4324,#4325,#4326);
#4324 = CARTESIAN_POINT('',(-1.65,-1.145,0.2));
#4325 = DIRECTION('',(-2.22044604925E-16,-1.,0.));
#4326 = DIRECTION('',(1.,-2.22044604925E-16,0.));
#4327 = ADVANCED_FACE('',(#4328),#4353,.F.);
#4328 = FACE_BOUND('',#4329,.T.);
#4329 = EDGE_LOOP('',(#4330,#4340,#4346,#4347));
#4330 = ORIENTED_EDGE('',*,*,#4331,.T.);
#4331 = EDGE_CURVE('',#4332,#4334,#4336,.T.);
#4332 = VERTEX_POINT('',#4333);
#4333 = CARTESIAN_POINT('',(-1.05,1.145,5.E-02));
#4334 = VERTEX_POINT('',#4335);
#4335 = CARTESIAN_POINT('',(-1.05,1.145,0.2));
#4336 = LINE('',#4337,#4338);
#4337 = CARTESIAN_POINT('',(-1.05,1.145,0.2));
#4338 = VECTOR('',#4339,1.);
#4339 = DIRECTION('',(0.,0.,1.));
#4340 = ORIENTED_EDGE('',*,*,#4341,.T.);
#4341 = EDGE_CURVE('',#4334,#3966,#4342,.T.);
#4342 = LINE('',#4343,#4344);
#4343 = CARTESIAN_POINT('',(2.542410726391E-16,1.145,0.2));
#4344 = VECTOR('',#4345,1.);
#4345 = DIRECTION('',(-1.,2.22044604925E-16,0.));
#4346 = ORIENTED_EDGE('',*,*,#3965,.T.);
#4347 = ORIENTED_EDGE('',*,*,#4348,.F.);
#4348 = EDGE_CURVE('',#4332,#3958,#4349,.T.);
#4349 = LINE('',#4350,#4351);
#4350 = CARTESIAN_POINT('',(-1.05,1.145,5.E-02));
#4351 = VECTOR('',#4352,1.);
#4352 = DIRECTION('',(-1.,-5.007568433987E-16,0.));
#4353 = PLANE('',#4354);
#4354 = AXIS2_PLACEMENT_3D('',#4355,#4356,#4357);
#4355 = CARTESIAN_POINT('',(-1.05,1.145,0.2));
#4356 = DIRECTION('',(-5.007568433987E-16,1.,0.));
#4357 = DIRECTION('',(-1.,-5.007568433987E-16,0.));
#4358 = ADVANCED_FACE('',(#4359),#4384,.F.);
#4359 = FACE_BOUND('',#4360,.T.);
#4360 = EDGE_LOOP('',(#4361,#4362,#4370,#4378));
#4361 = ORIENTED_EDGE('',*,*,#3981,.T.);
#4362 = ORIENTED_EDGE('',*,*,#4363,.T.);
#4363 = EDGE_CURVE('',#3974,#4364,#4366,.T.);
#4364 = VERTEX_POINT('',#4365);
#4365 = CARTESIAN_POINT('',(-1.45,0.805,0.2));
#4366 = LINE('',#4367,#4368);
#4367 = CARTESIAN_POINT('',(1.787459069646E-16,0.805,0.2));
#4368 = VECTOR('',#4369,1.);
#4369 = DIRECTION('',(1.,-2.22044604925E-16,0.));
#4370 = ORIENTED_EDGE('',*,*,#4371,.F.);
#4371 = EDGE_CURVE('',#4372,#4364,#4374,.T.);
#4372 = VERTEX_POINT('',#4373);
#4373 = CARTESIAN_POINT('',(-1.45,0.805,5.E-02));
#4374 = LINE('',#4375,#4376);
#4375 = CARTESIAN_POINT('',(-1.45,0.805,0.2));
#4376 = VECTOR('',#4377,1.);
#4377 = DIRECTION('',(0.,0.,1.));
#4378 = ORIENTED_EDGE('',*,*,#4379,.F.);
#4379 = EDGE_CURVE('',#3982,#4372,#4380,.T.);
#4380 = LINE('',#4381,#4382);
#4381 = CARTESIAN_POINT('',(-1.65,0.805,5.E-02));
#4382 = VECTOR('',#4383,1.);
#4383 = DIRECTION('',(1.,1.404258653803E-15,0.));
#4384 = PLANE('',#4385);
#4385 = AXIS2_PLACEMENT_3D('',#4386,#4387,#4388);
#4386 = CARTESIAN_POINT('',(-1.65,0.805,0.2));
#4387 = DIRECTION('',(1.404258653803E-15,-1.,0.));
#4388 = DIRECTION('',(1.,1.404258653803E-15,0.));
#4389 = ADVANCED_FACE('',(#4390),#4408,.F.);
#4390 = FACE_BOUND('',#4391,.T.);
#4391 = EDGE_LOOP('',(#4392,#4393,#4401,#4407));
#4392 = ORIENTED_EDGE('',*,*,#4379,.T.);
#4393 = ORIENTED_EDGE('',*,*,#4394,.F.);
#4394 = EDGE_CURVE('',#4395,#4372,#4397,.T.);
#4395 = VERTEX_POINT('',#4396);
#4396 = CARTESIAN_POINT('',(-1.45,0.495,5.E-02));
#4397 = LINE('',#4398,#4399);
#4398 = CARTESIAN_POINT('',(-1.45,3.219646771412E-16,5.E-02));
#4399 = VECTOR('',#4400,1.);
#4400 = DIRECTION('',(2.22044604925E-16,1.,0.));
#4401 = ORIENTED_EDGE('',*,*,#4402,.F.);
#4402 = EDGE_CURVE('',#3990,#4395,#4403,.T.);
#4403 = LINE('',#4404,#4405);
#4404 = CARTESIAN_POINT('',(1.099120794379E-16,0.495,5.E-02));
#4405 = VECTOR('',#4406,1.);
#4406 = DIRECTION('',(1.,-2.22044604925E-16,0.));
#4407 = ORIENTED_EDGE('',*,*,#3989,.T.);
#4408 = PLANE('',#4409);
#4409 = AXIS2_PLACEMENT_3D('',#4410,#4411,#4412);
#4410 = CARTESIAN_POINT('',(0.,-9.629649721936E-36,5.E-02));
#4411 = DIRECTION('',(0.,0.,1.));
#4412 = DIRECTION('',(1.,-2.22044604925E-16,0.));
#4413 = ADVANCED_FACE('',(#4414),#4432,.F.);
#4414 = FACE_BOUND('',#4415,.T.);
#4415 = EDGE_LOOP('',(#4416,#4424,#4430,#4431));
#4416 = ORIENTED_EDGE('',*,*,#4417,.F.);
#4417 = EDGE_CURVE('',#4418,#4395,#4420,.T.);
#4418 = VERTEX_POINT('',#4419);
#4419 = CARTESIAN_POINT('',(-1.45,0.495,0.2));
#4420 = LINE('',#4421,#4422);
#4421 = CARTESIAN_POINT('',(-1.45,0.495,0.2));
#4422 = VECTOR('',#4423,1.);
#4423 = DIRECTION('',(-0.,0.,-1.));
#4424 = ORIENTED_EDGE('',*,*,#4425,.T.);
#4425 = EDGE_CURVE('',#4418,#3998,#4426,.T.);
#4426 = LINE('',#4427,#4428);
#4427 = CARTESIAN_POINT('',(1.099120794379E-16,0.495,0.2));
#4428 = VECTOR('',#4429,1.);
#4429 = DIRECTION('',(-1.,2.22044604925E-16,0.));
#4430 = ORIENTED_EDGE('',*,*,#3997,.T.);
#4431 = ORIENTED_EDGE('',*,*,#4402,.T.);
#4432 = PLANE('',#4433);
#4433 = AXIS2_PLACEMENT_3D('',#4434,#4435,#4436);
#4434 = CARTESIAN_POINT('',(-1.45,0.495,0.2));
#4435 = DIRECTION('',(2.22044604925E-16,1.,0.));
#4436 = DIRECTION('',(-1.,2.22044604925E-16,0.));
#4437 = ADVANCED_FACE('',(#4438),#4463,.F.);
#4438 = FACE_BOUND('',#4439,.T.);
#4439 = EDGE_LOOP('',(#4440,#4441,#4449,#4457));
#4440 = ORIENTED_EDGE('',*,*,#4013,.T.);
#4441 = ORIENTED_EDGE('',*,*,#4442,.T.);
#4442 = EDGE_CURVE('',#4006,#4443,#4445,.T.);
#4443 = VERTEX_POINT('',#4444);
#4444 = CARTESIAN_POINT('',(-1.45,0.155,0.2));
#4445 = LINE('',#4446,#4447);
#4446 = CARTESIAN_POINT('',(3.441691376338E-17,0.155,0.2));
#4447 = VECTOR('',#4448,1.);
#4448 = DIRECTION('',(1.,-2.22044604925E-16,0.));
#4449 = ORIENTED_EDGE('',*,*,#4450,.F.);
#4450 = EDGE_CURVE('',#4451,#4443,#4453,.T.);
#4451 = VERTEX_POINT('',#4452);
#4452 = CARTESIAN_POINT('',(-1.45,0.155,5.E-02));
#4453 = LINE('',#4454,#4455);
#4454 = CARTESIAN_POINT('',(-1.45,0.155,0.2));
#4455 = VECTOR('',#4456,1.);
#4456 = DIRECTION('',(0.,0.,1.));
#4457 = ORIENTED_EDGE('',*,*,#4458,.F.);
#4458 = EDGE_CURVE('',#4014,#4451,#4459,.T.);
#4459 = LINE('',#4460,#4461);
#4460 = CARTESIAN_POINT('',(-1.65,0.155,5.E-02));
#4461 = VECTOR('',#4462,1.);
#4462 = DIRECTION('',(1.,-2.22044604925E-16,0.));
#4463 = PLANE('',#4464);
#4464 = AXIS2_PLACEMENT_3D('',#4465,#4466,#4467);
#4465 = CARTESIAN_POINT('',(-1.65,0.155,0.2));
#4466 = DIRECTION('',(-2.22044604925E-16,-1.,0.));
#4467 = DIRECTION('',(1.,-2.22044604925E-16,0.));
#4468 = ADVANCED_FACE('',(#4469),#4487,.F.);
#4469 = FACE_BOUND('',#4470,.T.);
#4470 = EDGE_LOOP('',(#4471,#4472,#4480,#4486));
#4471 = ORIENTED_EDGE('',*,*,#4458,.T.);
#4472 = ORIENTED_EDGE('',*,*,#4473,.F.);
#4473 = EDGE_CURVE('',#4474,#4451,#4476,.T.);
#4474 = VERTEX_POINT('',#4475);
#4475 = CARTESIAN_POINT('',(-1.45,-0.155,5.E-02));
#4476 = LINE('',#4477,#4478);
#4477 = CARTESIAN_POINT('',(-1.45,3.219646771412E-16,5.E-02));
#4478 = VECTOR('',#4479,1.);
#4479 = DIRECTION('',(2.22044604925E-16,1.,0.));
#4480 = ORIENTED_EDGE('',*,*,#4481,.F.);
#4481 = EDGE_CURVE('',#4022,#4474,#4482,.T.);
#4482 = LINE('',#4483,#4484);
#4483 = CARTESIAN_POINT('',(-3.441691376338E-17,-0.155,5.E-02));
#4484 = VECTOR('',#4485,1.);
#4485 = DIRECTION('',(1.,-2.22044604925E-16,0.));
#4486 = ORIENTED_EDGE('',*,*,#4021,.T.);
#4487 = PLANE('',#4488);
#4488 = AXIS2_PLACEMENT_3D('',#4489,#4490,#4491);
#4489 = CARTESIAN_POINT('',(0.,-9.629649721936E-36,5.E-02));
#4490 = DIRECTION('',(0.,0.,1.));
#4491 = DIRECTION('',(1.,-2.22044604925E-16,0.));
#4492 = ADVANCED_FACE('',(#4493),#4511,.F.);
#4493 = FACE_BOUND('',#4494,.T.);
#4494 = EDGE_LOOP('',(#4495,#4503,#4509,#4510));
#4495 = ORIENTED_EDGE('',*,*,#4496,.F.);
#4496 = EDGE_CURVE('',#4497,#4474,#4499,.T.);
#4497 = VERTEX_POINT('',#4498);
#4498 = CARTESIAN_POINT('',(-1.45,-0.155,0.2));
#4499 = LINE('',#4500,#4501);
#4500 = CARTESIAN_POINT('',(-1.45,-0.155,0.2));
#4501 = VECTOR('',#4502,1.);
#4502 = DIRECTION('',(-0.,0.,-1.));
#4503 = ORIENTED_EDGE('',*,*,#4504,.T.);
#4504 = EDGE_CURVE('',#4497,#4030,#4505,.T.);
#4505 = LINE('',#4506,#4507);
#4506 = CARTESIAN_POINT('',(-3.441691376338E-17,-0.155,0.2));
#4507 = VECTOR('',#4508,1.);
#4508 = DIRECTION('',(-1.,2.22044604925E-16,0.));
#4509 = ORIENTED_EDGE('',*,*,#4029,.T.);
#4510 = ORIENTED_EDGE('',*,*,#4481,.T.);
#4511 = PLANE('',#4512);
#4512 = AXIS2_PLACEMENT_3D('',#4513,#4514,#4515);
#4513 = CARTESIAN_POINT('',(-1.45,-0.155,0.2));
#4514 = DIRECTION('',(2.119398406775E-15,1.,0.));
#4515 = DIRECTION('',(-1.,2.119398406775E-15,0.));
#4516 = ADVANCED_FACE('',(#4517),#4542,.F.);
#4517 = FACE_BOUND('',#4518,.T.);
#4518 = EDGE_LOOP('',(#4519,#4520,#4528,#4536));
#4519 = ORIENTED_EDGE('',*,*,#4045,.T.);
#4520 = ORIENTED_EDGE('',*,*,#4521,.T.);
#4521 = EDGE_CURVE('',#4038,#4522,#4524,.T.);
#4522 = VERTEX_POINT('',#4523);
#4523 = CARTESIAN_POINT('',(-1.05,-0.495,0.2));
#4524 = LINE('',#4525,#4526);
#4525 = CARTESIAN_POINT('',(-1.099120794379E-16,-0.495,0.2));
#4526 = VECTOR('',#4527,1.);
#4527 = DIRECTION('',(1.,-2.22044604925E-16,0.));
#4528 = ORIENTED_EDGE('',*,*,#4529,.T.);
#4529 = EDGE_CURVE('',#4522,#4530,#4532,.T.);
#4530 = VERTEX_POINT('',#4531);
#4531 = CARTESIAN_POINT('',(-1.05,-0.495,5.E-02));
#4532 = LINE('',#4533,#4534);
#4533 = CARTESIAN_POINT('',(-1.05,-0.495,0.2));
#4534 = VECTOR('',#4535,1.);
#4535 = DIRECTION('',(0.,0.,-1.));
#4536 = ORIENTED_EDGE('',*,*,#4537,.F.);
#4537 = EDGE_CURVE('',#4046,#4530,#4538,.T.);
#4538 = LINE('',#4539,#4540);
#4539 = CARTESIAN_POINT('',(-1.65,-0.495,5.E-02));
#4540 = VECTOR('',#4541,1.);
#4541 = DIRECTION('',(1.,-2.22044604925E-16,0.));
#4542 = PLANE('',#4543);
#4543 = AXIS2_PLACEMENT_3D('',#4544,#4545,#4546);
#4544 = CARTESIAN_POINT('',(-1.65,-0.495,0.2));
#4545 = DIRECTION('',(-2.22044604925E-16,-1.,0.));
#4546 = DIRECTION('',(1.,-2.22044604925E-16,0.));
#4547 = ADVANCED_FACE('',(#4548),#4566,.F.);
#4548 = FACE_BOUND('',#4549,.T.);
#4549 = EDGE_LOOP('',(#4550,#4558,#4559,#4560));
#4550 = ORIENTED_EDGE('',*,*,#4551,.F.);
#4551 = EDGE_CURVE('',#4277,#4552,#4554,.T.);
#4552 = VERTEX_POINT('',#4553);
#4553 = CARTESIAN_POINT('',(-1.15,-0.805,5.E-02));
#4554 = LINE('',#4555,#4556);
#4555 = CARTESIAN_POINT('',(-1.15,-0.805,0.2));
#4556 = VECTOR('',#4557,1.);
#4557 = DIRECTION('',(-0.,0.,-1.));
#4558 = ORIENTED_EDGE('',*,*,#4276,.T.);
#4559 = ORIENTED_EDGE('',*,*,#4061,.T.);
#4560 = ORIENTED_EDGE('',*,*,#4561,.F.);
#4561 = EDGE_CURVE('',#4552,#4054,#4562,.T.);
#4562 = LINE('',#4563,#4564);
#4563 = CARTESIAN_POINT('',(-1.1,-0.805,5.E-02));
#4564 = VECTOR('',#4565,1.);
#4565 = DIRECTION('',(-1.,4.191722726496E-16,0.));
#4566 = PLANE('',#4567);
#4567 = AXIS2_PLACEMENT_3D('',#4568,#4569,#4570);
#4568 = CARTESIAN_POINT('',(-1.1,-0.805,0.2));
#4569 = DIRECTION('',(4.191722726496E-16,1.,0.));
#4570 = DIRECTION('',(-1.,4.191722726496E-16,0.));
#4571 = ADVANCED_FACE('',(#4572),#4619,.F.);
#4572 = FACE_BOUND('',#4573,.T.);
#4573 = EDGE_LOOP('',(#4574,#4582,#4590,#4596,#4597,#4598,#4599,#4600,
    #4606,#4607,#4608,#4609,#4615,#4616,#4617,#4618));
#4574 = ORIENTED_EDGE('',*,*,#4575,.F.);
#4575 = EDGE_CURVE('',#4576,#4126,#4578,.T.);
#4576 = VERTEX_POINT('',#4577);
#4577 = CARTESIAN_POINT('',(-0.46,1.145,5.E-02));
#4578 = LINE('',#4579,#4580);
#4579 = CARTESIAN_POINT('',(2.542410726391E-16,1.145,5.E-02));
#4580 = VECTOR('',#4581,1.);
#4581 = DIRECTION('',(1.,-2.22044604925E-16,0.));
#4582 = ORIENTED_EDGE('',*,*,#4583,.F.);
#4583 = EDGE_CURVE('',#4584,#4576,#4586,.T.);
#4584 = VERTEX_POINT('',#4585);
#4585 = CARTESIAN_POINT('',(-0.46,-1.145,5.E-02));
#4586 = LINE('',#4587,#4588);
#4587 = CARTESIAN_POINT('',(-0.46,1.021405182655E-16,5.E-02));
#4588 = VECTOR('',#4589,1.);
#4589 = DIRECTION('',(2.22044604925E-16,1.,0.));
#4590 = ORIENTED_EDGE('',*,*,#4591,.F.);
#4591 = EDGE_CURVE('',#4150,#4584,#4592,.T.);
#4592 = LINE('',#4593,#4594);
#4593 = CARTESIAN_POINT('',(-2.542410726391E-16,-1.145,5.E-02));
#4594 = VECTOR('',#4595,1.);
#4595 = DIRECTION('',(-1.,2.22044604925E-16,0.));
#4596 = ORIENTED_EDGE('',*,*,#4149,.T.);
#4597 = ORIENTED_EDGE('',*,*,#4262,.T.);
#4598 = ORIENTED_EDGE('',*,*,#3934,.F.);
#4599 = ORIENTED_EDGE('',*,*,#4317,.T.);
#4600 = ORIENTED_EDGE('',*,*,#4601,.F.);
#4601 = EDGE_CURVE('',#4552,#4310,#4602,.T.);
#4602 = LINE('',#4603,#4604);
#4603 = CARTESIAN_POINT('',(-1.15,2.553512956637E-16,5.E-02));
#4604 = VECTOR('',#4605,1.);
#4605 = DIRECTION('',(-2.22044604925E-16,-1.,0.));
#4606 = ORIENTED_EDGE('',*,*,#4561,.T.);
#4607 = ORIENTED_EDGE('',*,*,#4053,.F.);
#4608 = ORIENTED_EDGE('',*,*,#4537,.T.);
#4609 = ORIENTED_EDGE('',*,*,#4610,.F.);
#4610 = EDGE_CURVE('',#4332,#4530,#4611,.T.);
#4611 = LINE('',#4612,#4613);
#4612 = CARTESIAN_POINT('',(-1.05,2.331468351712E-16,5.E-02));
#4613 = VECTOR('',#4614,1.);
#4614 = DIRECTION('',(-2.22044604925E-16,-1.,0.));
#4615 = ORIENTED_EDGE('',*,*,#4348,.T.);
#4616 = ORIENTED_EDGE('',*,*,#3957,.F.);
#4617 = ORIENTED_EDGE('',*,*,#4093,.T.);
#4618 = ORIENTED_EDGE('',*,*,#4133,.T.);
#4619 = PLANE('',#4620);
#4620 = AXIS2_PLACEMENT_3D('',#4621,#4622,#4623);
#4621 = CARTESIAN_POINT('',(0.,-9.629649721936E-36,5.E-02));
#4622 = DIRECTION('',(0.,0.,1.));
#4623 = DIRECTION('',(1.,-2.22044604925E-16,0.));
#4624 = ADVANCED_FACE('',(#4625),#4650,.F.);
#4625 = FACE_BOUND('',#4626,.T.);
#4626 = EDGE_LOOP('',(#4627,#4635,#4643,#4649));
#4627 = ORIENTED_EDGE('',*,*,#4628,.F.);
#4628 = EDGE_CURVE('',#4629,#4238,#4631,.T.);
#4629 = VERTEX_POINT('',#4630);
#4630 = CARTESIAN_POINT('',(1.25,0.495,5.E-02));
#4631 = LINE('',#4632,#4633);
#4632 = CARTESIAN_POINT('',(1.099120794379E-16,0.495,5.E-02));
#4633 = VECTOR('',#4634,1.);
#4634 = DIRECTION('',(1.,-2.22044604925E-16,0.));
#4635 = ORIENTED_EDGE('',*,*,#4636,.F.);
#4636 = EDGE_CURVE('',#4637,#4629,#4639,.T.);
#4637 = VERTEX_POINT('',#4638);
#4638 = CARTESIAN_POINT('',(1.25,0.805,5.E-02));
#4639 = LINE('',#4640,#4641);
#4640 = CARTESIAN_POINT('',(1.25,-2.762172349557E-16,5.E-02));
#4641 = VECTOR('',#4642,1.);
#4642 = DIRECTION('',(-2.22044604925E-16,-1.,0.));
#4643 = ORIENTED_EDGE('',*,*,#4644,.F.);
#4644 = EDGE_CURVE('',#4110,#4637,#4645,.T.);
#4645 = LINE('',#4646,#4647);
#4646 = CARTESIAN_POINT('',(1.787459069646E-16,0.805,5.E-02));
#4647 = VECTOR('',#4648,1.);
#4648 = DIRECTION('',(-1.,2.22044604925E-16,0.));
#4649 = ORIENTED_EDGE('',*,*,#4245,.T.);
#4650 = PLANE('',#4651);
#4651 = AXIS2_PLACEMENT_3D('',#4652,#4653,#4654);
#4652 = CARTESIAN_POINT('',(0.,-9.629649721936E-36,5.E-02));
#4653 = DIRECTION('',(0.,0.,1.));
#4654 = DIRECTION('',(1.,-2.22044604925E-16,0.));
#4655 = ADVANCED_FACE('',(#4656),#4674,.F.);
#4656 = FACE_BOUND('',#4657,.T.);
#4657 = EDGE_LOOP('',(#4658,#4666,#4672,#4673));
#4658 = ORIENTED_EDGE('',*,*,#4659,.F.);
#4659 = EDGE_CURVE('',#4660,#4637,#4662,.T.);
#4660 = VERTEX_POINT('',#4661);
#4661 = CARTESIAN_POINT('',(1.25,0.805,0.2));
#4662 = LINE('',#4663,#4664);
#4663 = CARTESIAN_POINT('',(1.25,0.805,0.2));
#4664 = VECTOR('',#4665,1.);
#4665 = DIRECTION('',(0.,-0.,-1.));
#4666 = ORIENTED_EDGE('',*,*,#4667,.F.);
#4667 = EDGE_CURVE('',#4108,#4660,#4668,.T.);
#4668 = LINE('',#4669,#4670);
#4669 = CARTESIAN_POINT('',(1.787459069646E-16,0.805,0.2));
#4670 = VECTOR('',#4671,1.);
#4671 = DIRECTION('',(-1.,2.22044604925E-16,0.));
#4672 = ORIENTED_EDGE('',*,*,#4107,.T.);
#4673 = ORIENTED_EDGE('',*,*,#4644,.T.);
#4674 = PLANE('',#4675);
#4675 = AXIS2_PLACEMENT_3D('',#4676,#4677,#4678);
#4676 = CARTESIAN_POINT('',(1.65,0.805,0.2));
#4677 = DIRECTION('',(-2.22044604925E-16,-1.,0.));
#4678 = DIRECTION('',(1.,-2.22044604925E-16,0.));
#4679 = ADVANCED_FACE('',(#4680),#4705,.F.);
#4680 = FACE_BOUND('',#4681,.T.);
#4681 = EDGE_LOOP('',(#4682,#4683,#4691,#4699));
#4682 = ORIENTED_EDGE('',*,*,#4173,.T.);
#4683 = ORIENTED_EDGE('',*,*,#4684,.F.);
#4684 = EDGE_CURVE('',#4685,#4166,#4687,.T.);
#4685 = VERTEX_POINT('',#4686);
#4686 = CARTESIAN_POINT('',(1.25,-0.805,0.2));
#4687 = LINE('',#4688,#4689);
#4688 = CARTESIAN_POINT('',(-1.787459069646E-16,-0.805,0.2));
#4689 = VECTOR('',#4690,1.);
#4690 = DIRECTION('',(1.,-2.22044604925E-16,0.));
#4691 = ORIENTED_EDGE('',*,*,#4692,.F.);
#4692 = EDGE_CURVE('',#4693,#4685,#4695,.T.);
#4693 = VERTEX_POINT('',#4694);
#4694 = CARTESIAN_POINT('',(1.25,-0.805,5.E-02));
#4695 = LINE('',#4696,#4697);
#4696 = CARTESIAN_POINT('',(1.25,-0.805,0.2));
#4697 = VECTOR('',#4698,1.);
#4698 = DIRECTION('',(0.,0.,1.));
#4699 = ORIENTED_EDGE('',*,*,#4700,.F.);
#4700 = EDGE_CURVE('',#4174,#4693,#4701,.T.);
#4701 = LINE('',#4702,#4703);
#4702 = CARTESIAN_POINT('',(1.245,-0.805,5.E-02));
#4703 = VECTOR('',#4704,1.);
#4704 = DIRECTION('',(-1.,2.22044604925E-16,0.));
#4705 = PLANE('',#4706);
#4706 = AXIS2_PLACEMENT_3D('',#4707,#4708,#4709);
#4707 = CARTESIAN_POINT('',(1.245,-0.805,0.2));
#4708 = DIRECTION('',(2.22044604925E-16,1.,0.));
#4709 = DIRECTION('',(-1.,2.22044604925E-16,0.));
#4710 = ADVANCED_FACE('',(#4711),#4729,.F.);
#4711 = FACE_BOUND('',#4712,.T.);
#4712 = EDGE_LOOP('',(#4713,#4714,#4722,#4728));
#4713 = ORIENTED_EDGE('',*,*,#4700,.T.);
#4714 = ORIENTED_EDGE('',*,*,#4715,.F.);
#4715 = EDGE_CURVE('',#4716,#4693,#4718,.T.);
#4716 = VERTEX_POINT('',#4717);
#4717 = CARTESIAN_POINT('',(1.25,-0.495,5.E-02));
#4718 = LINE('',#4719,#4720);
#4719 = CARTESIAN_POINT('',(1.25,-2.762172349557E-16,5.E-02));
#4720 = VECTOR('',#4721,1.);
#4721 = DIRECTION('',(-2.22044604925E-16,-1.,0.));
#4722 = ORIENTED_EDGE('',*,*,#4723,.F.);
#4723 = EDGE_CURVE('',#4182,#4716,#4724,.T.);
#4724 = LINE('',#4725,#4726);
#4725 = CARTESIAN_POINT('',(-1.099120794379E-16,-0.495,5.E-02));
#4726 = VECTOR('',#4727,1.);
#4727 = DIRECTION('',(-1.,2.22044604925E-16,0.));
#4728 = ORIENTED_EDGE('',*,*,#4181,.T.);
#4729 = PLANE('',#4730);
#4730 = AXIS2_PLACEMENT_3D('',#4731,#4732,#4733);
#4731 = CARTESIAN_POINT('',(0.,-9.629649721936E-36,5.E-02));
#4732 = DIRECTION('',(0.,0.,1.));
#4733 = DIRECTION('',(1.,-2.22044604925E-16,0.));
#4734 = ADVANCED_FACE('',(#4735),#4753,.F.);
#4735 = FACE_BOUND('',#4736,.T.);
#4736 = EDGE_LOOP('',(#4737,#4745,#4751,#4752));
#4737 = ORIENTED_EDGE('',*,*,#4738,.F.);
#4738 = EDGE_CURVE('',#4739,#4716,#4741,.T.);
#4739 = VERTEX_POINT('',#4740);
#4740 = CARTESIAN_POINT('',(1.25,-0.495,0.2));
#4741 = LINE('',#4742,#4743);
#4742 = CARTESIAN_POINT('',(1.25,-0.495,0.2));
#4743 = VECTOR('',#4744,1.);
#4744 = DIRECTION('',(0.,-0.,-1.));
#4745 = ORIENTED_EDGE('',*,*,#4746,.F.);
#4746 = EDGE_CURVE('',#4190,#4739,#4747,.T.);
#4747 = LINE('',#4748,#4749);
#4748 = CARTESIAN_POINT('',(-1.099120794379E-16,-0.495,0.2));
#4749 = VECTOR('',#4750,1.);
#4750 = DIRECTION('',(-1.,2.22044604925E-16,0.));
#4751 = ORIENTED_EDGE('',*,*,#4189,.T.);
#4752 = ORIENTED_EDGE('',*,*,#4723,.T.);
#4753 = PLANE('',#4754);
#4754 = AXIS2_PLACEMENT_3D('',#4755,#4756,#4757);
#4755 = CARTESIAN_POINT('',(1.65,-0.495,0.2));
#4756 = DIRECTION('',(-2.22044604925E-16,-1.,0.));
#4757 = DIRECTION('',(1.,-2.22044604925E-16,0.));
#4758 = ADVANCED_FACE('',(#4759),#4784,.F.);
#4759 = FACE_BOUND('',#4760,.T.);
#4760 = EDGE_LOOP('',(#4761,#4762,#4770,#4778));
#4761 = ORIENTED_EDGE('',*,*,#4205,.T.);
#4762 = ORIENTED_EDGE('',*,*,#4763,.F.);
#4763 = EDGE_CURVE('',#4764,#4198,#4766,.T.);
#4764 = VERTEX_POINT('',#4765);
#4765 = CARTESIAN_POINT('',(1.25,-0.155,0.2));
#4766 = LINE('',#4767,#4768);
#4767 = CARTESIAN_POINT('',(-3.441691376338E-17,-0.155,0.2));
#4768 = VECTOR('',#4769,1.);
#4769 = DIRECTION('',(1.,-2.22044604925E-16,0.));
#4770 = ORIENTED_EDGE('',*,*,#4771,.F.);
#4771 = EDGE_CURVE('',#4772,#4764,#4774,.T.);
#4772 = VERTEX_POINT('',#4773);
#4773 = CARTESIAN_POINT('',(1.25,-0.155,5.E-02));
#4774 = LINE('',#4775,#4776);
#4775 = CARTESIAN_POINT('',(1.25,-0.155,0.2));
#4776 = VECTOR('',#4777,1.);
#4777 = DIRECTION('',(0.,0.,1.));
#4778 = ORIENTED_EDGE('',*,*,#4779,.F.);
#4779 = EDGE_CURVE('',#4206,#4772,#4780,.T.);
#4780 = LINE('',#4781,#4782);
#4781 = CARTESIAN_POINT('',(1.245,-0.155,5.E-02));
#4782 = VECTOR('',#4783,1.);
#4783 = DIRECTION('',(-1.,4.897488450449E-16,0.));
#4784 = PLANE('',#4785);
#4785 = AXIS2_PLACEMENT_3D('',#4786,#4787,#4788);
#4786 = CARTESIAN_POINT('',(1.245,-0.155,0.2));
#4787 = DIRECTION('',(4.897488450449E-16,1.,0.));
#4788 = DIRECTION('',(-1.,4.897488450449E-16,0.));
#4789 = ADVANCED_FACE('',(#4790),#4808,.F.);
#4790 = FACE_BOUND('',#4791,.T.);
#4791 = EDGE_LOOP('',(#4792,#4793,#4801,#4807));
#4792 = ORIENTED_EDGE('',*,*,#4779,.T.);
#4793 = ORIENTED_EDGE('',*,*,#4794,.F.);
#4794 = EDGE_CURVE('',#4795,#4772,#4797,.T.);
#4795 = VERTEX_POINT('',#4796);
#4796 = CARTESIAN_POINT('',(1.25,0.155,5.E-02));
#4797 = LINE('',#4798,#4799);
#4798 = CARTESIAN_POINT('',(1.25,-2.762172349557E-16,5.E-02));
#4799 = VECTOR('',#4800,1.);
#4800 = DIRECTION('',(-2.22044604925E-16,-1.,0.));
#4801 = ORIENTED_EDGE('',*,*,#4802,.F.);
#4802 = EDGE_CURVE('',#4214,#4795,#4803,.T.);
#4803 = LINE('',#4804,#4805);
#4804 = CARTESIAN_POINT('',(3.441691376338E-17,0.155,5.E-02));
#4805 = VECTOR('',#4806,1.);
#4806 = DIRECTION('',(-1.,2.22044604925E-16,0.));
#4807 = ORIENTED_EDGE('',*,*,#4213,.T.);
#4808 = PLANE('',#4809);
#4809 = AXIS2_PLACEMENT_3D('',#4810,#4811,#4812);
#4810 = CARTESIAN_POINT('',(0.,-9.629649721936E-36,5.E-02));
#4811 = DIRECTION('',(0.,0.,1.));
#4812 = DIRECTION('',(1.,-2.22044604925E-16,0.));
#4813 = ADVANCED_FACE('',(#4814),#4832,.F.);
#4814 = FACE_BOUND('',#4815,.T.);
#4815 = EDGE_LOOP('',(#4816,#4824,#4830,#4831));
#4816 = ORIENTED_EDGE('',*,*,#4817,.F.);
#4817 = EDGE_CURVE('',#4818,#4795,#4820,.T.);
#4818 = VERTEX_POINT('',#4819);
#4819 = CARTESIAN_POINT('',(1.25,0.155,0.2));
#4820 = LINE('',#4821,#4822);
#4821 = CARTESIAN_POINT('',(1.25,0.155,0.2));
#4822 = VECTOR('',#4823,1.);
#4823 = DIRECTION('',(0.,-0.,-1.));
#4824 = ORIENTED_EDGE('',*,*,#4825,.F.);
#4825 = EDGE_CURVE('',#4222,#4818,#4826,.T.);
#4826 = LINE('',#4827,#4828);
#4827 = CARTESIAN_POINT('',(3.441691376338E-17,0.155,0.2));
#4828 = VECTOR('',#4829,1.);
#4829 = DIRECTION('',(-1.,2.22044604925E-16,0.));
#4830 = ORIENTED_EDGE('',*,*,#4221,.T.);
#4831 = ORIENTED_EDGE('',*,*,#4802,.T.);
#4832 = PLANE('',#4833);
#4833 = AXIS2_PLACEMENT_3D('',#4834,#4835,#4836);
#4834 = CARTESIAN_POINT('',(1.65,0.155,0.2));
#4835 = DIRECTION('',(-2.12664248351E-17,-1.,0.));
#4836 = DIRECTION('',(1.,-2.12664248351E-17,0.));
#4837 = ADVANCED_FACE('',(#4838),#4856,.F.);
#4838 = FACE_BOUND('',#4839,.T.);
#4839 = EDGE_LOOP('',(#4840,#4841,#4849,#4855));
#4840 = ORIENTED_EDGE('',*,*,#4237,.T.);
#4841 = ORIENTED_EDGE('',*,*,#4842,.F.);
#4842 = EDGE_CURVE('',#4843,#4230,#4845,.T.);
#4843 = VERTEX_POINT('',#4844);
#4844 = CARTESIAN_POINT('',(1.25,0.495,0.2));
#4845 = LINE('',#4846,#4847);
#4846 = CARTESIAN_POINT('',(1.099120794379E-16,0.495,0.2));
#4847 = VECTOR('',#4848,1.);
#4848 = DIRECTION('',(1.,-2.22044604925E-16,0.));
#4849 = ORIENTED_EDGE('',*,*,#4850,.F.);
#4850 = EDGE_CURVE('',#4629,#4843,#4851,.T.);
#4851 = LINE('',#4852,#4853);
#4852 = CARTESIAN_POINT('',(1.25,0.495,0.2));
#4853 = VECTOR('',#4854,1.);
#4854 = DIRECTION('',(0.,0.,1.));
#4855 = ORIENTED_EDGE('',*,*,#4628,.T.);
#4856 = PLANE('',#4857);
#4857 = AXIS2_PLACEMENT_3D('',#4858,#4859,#4860);
#4858 = CARTESIAN_POINT('',(1.245,0.495,0.2));
#4859 = DIRECTION('',(2.22044604925E-16,1.,0.));
#4860 = DIRECTION('',(-1.,2.22044604925E-16,0.));
#4861 = ADVANCED_FACE('',(#4862),#4868,.F.);
#4862 = FACE_BOUND('',#4863,.T.);
#4863 = EDGE_LOOP('',(#4864,#4865,#4866,#4867));
#4864 = ORIENTED_EDGE('',*,*,#4309,.T.);
#4865 = ORIENTED_EDGE('',*,*,#4284,.T.);
#4866 = ORIENTED_EDGE('',*,*,#4551,.T.);
#4867 = ORIENTED_EDGE('',*,*,#4601,.T.);
#4868 = PLANE('',#4869);
#4869 = AXIS2_PLACEMENT_3D('',#4870,#4871,#4872);
#4870 = CARTESIAN_POINT('',(-1.15,-1.145,0.2));
#4871 = DIRECTION('',(1.,-2.22044604925E-16,0.));
#4872 = DIRECTION('',(2.22044604925E-16,1.,0.));
#4873 = ADVANCED_FACE('',(#4874),#4885,.F.);
#4874 = FACE_BOUND('',#4875,.T.);
#4875 = EDGE_LOOP('',(#4876,#4877,#4883,#4884));
#4876 = ORIENTED_EDGE('',*,*,#4371,.T.);
#4877 = ORIENTED_EDGE('',*,*,#4878,.T.);
#4878 = EDGE_CURVE('',#4364,#4418,#4879,.T.);
#4879 = LINE('',#4880,#4881);
#4880 = CARTESIAN_POINT('',(-1.45,3.219646771412E-16,0.2));
#4881 = VECTOR('',#4882,1.);
#4882 = DIRECTION('',(-2.22044604925E-16,-1.,0.));
#4883 = ORIENTED_EDGE('',*,*,#4417,.T.);
#4884 = ORIENTED_EDGE('',*,*,#4394,.T.);
#4885 = PLANE('',#4886);
#4886 = AXIS2_PLACEMENT_3D('',#4887,#4888,#4889);
#4887 = CARTESIAN_POINT('',(-1.45,0.805,0.2));
#4888 = DIRECTION('',(-1.,2.22044604925E-16,0.));
#4889 = DIRECTION('',(-2.22044604925E-16,-1.,0.));
#4890 = ADVANCED_FACE('',(#4891),#4902,.F.);
#4891 = FACE_BOUND('',#4892,.T.);
#4892 = EDGE_LOOP('',(#4893,#4894,#4900,#4901));
#4893 = ORIENTED_EDGE('',*,*,#4450,.T.);
#4894 = ORIENTED_EDGE('',*,*,#4895,.T.);
#4895 = EDGE_CURVE('',#4443,#4497,#4896,.T.);
#4896 = LINE('',#4897,#4898);
#4897 = CARTESIAN_POINT('',(-1.45,3.219646771412E-16,0.2));
#4898 = VECTOR('',#4899,1.);
#4899 = DIRECTION('',(-2.22044604925E-16,-1.,0.));
#4900 = ORIENTED_EDGE('',*,*,#4496,.T.);
#4901 = ORIENTED_EDGE('',*,*,#4473,.T.);
#4902 = PLANE('',#4903);
#4903 = AXIS2_PLACEMENT_3D('',#4904,#4905,#4906);
#4904 = CARTESIAN_POINT('',(-1.45,0.155,0.2));
#4905 = DIRECTION('',(-1.,2.22044604925E-16,0.));
#4906 = DIRECTION('',(-2.22044604925E-16,-1.,0.));
#4907 = ADVANCED_FACE('',(#4908),#4926,.F.);
#4908 = FACE_BOUND('',#4909,.T.);
#4909 = EDGE_LOOP('',(#4910,#4911,#4919,#4925));
#4910 = ORIENTED_EDGE('',*,*,#4125,.F.);
#4911 = ORIENTED_EDGE('',*,*,#4912,.F.);
#4912 = EDGE_CURVE('',#4913,#4118,#4915,.T.);
#4913 = VERTEX_POINT('',#4914);
#4914 = CARTESIAN_POINT('',(-0.46,1.145,0.2));
#4915 = LINE('',#4916,#4917);
#4916 = CARTESIAN_POINT('',(-0.46,1.145,0.2));
#4917 = VECTOR('',#4918,1.);
#4918 = DIRECTION('',(1.,-3.248125833596E-16,0.));
#4919 = ORIENTED_EDGE('',*,*,#4920,.F.);
#4920 = EDGE_CURVE('',#4576,#4913,#4921,.T.);
#4921 = LINE('',#4922,#4923);
#4922 = CARTESIAN_POINT('',(-0.46,1.145,0.2));
#4923 = VECTOR('',#4924,1.);
#4924 = DIRECTION('',(0.,0.,1.));
#4925 = ORIENTED_EDGE('',*,*,#4575,.T.);
#4926 = PLANE('',#4927);
#4927 = AXIS2_PLACEMENT_3D('',#4928,#4929,#4930);
#4928 = CARTESIAN_POINT('',(-0.46,1.145,0.2));
#4929 = DIRECTION('',(3.248125833596E-16,1.,0.));
#4930 = DIRECTION('',(-1.,3.248125833596E-16,0.));
#4931 = ADVANCED_FACE('',(#4932),#4950,.F.);
#4932 = FACE_BOUND('',#4933,.T.);
#4933 = EDGE_LOOP('',(#4934,#4935,#4943,#4949));
#4934 = ORIENTED_EDGE('',*,*,#4920,.T.);
#4935 = ORIENTED_EDGE('',*,*,#4936,.F.);
#4936 = EDGE_CURVE('',#4937,#4913,#4939,.T.);
#4937 = VERTEX_POINT('',#4938);
#4938 = CARTESIAN_POINT('',(-0.46,-1.145,0.2));
#4939 = LINE('',#4940,#4941);
#4940 = CARTESIAN_POINT('',(-0.46,-1.145,0.2));
#4941 = VECTOR('',#4942,1.);
#4942 = DIRECTION('',(1.983720684079E-16,1.,0.));
#4943 = ORIENTED_EDGE('',*,*,#4944,.F.);
#4944 = EDGE_CURVE('',#4584,#4937,#4945,.T.);
#4945 = LINE('',#4946,#4947);
#4946 = CARTESIAN_POINT('',(-0.46,-1.145,0.2));
#4947 = VECTOR('',#4948,1.);
#4948 = DIRECTION('',(0.,0.,1.));
#4949 = ORIENTED_EDGE('',*,*,#4583,.T.);
#4950 = PLANE('',#4951);
#4951 = AXIS2_PLACEMENT_3D('',#4952,#4953,#4954);
#4952 = CARTESIAN_POINT('',(-0.46,-1.145,0.2));
#4953 = DIRECTION('',(-1.,1.983720684079E-16,0.));
#4954 = DIRECTION('',(-1.983720684079E-16,-1.,0.));
#4955 = ADVANCED_FACE('',(#4956),#4967,.F.);
#4956 = FACE_BOUND('',#4957,.T.);
#4957 = EDGE_LOOP('',(#4958,#4959,#4965,#4966));
#4958 = ORIENTED_EDGE('',*,*,#4944,.T.);
#4959 = ORIENTED_EDGE('',*,*,#4960,.F.);
#4960 = EDGE_CURVE('',#4158,#4937,#4961,.T.);
#4961 = LINE('',#4962,#4963);
#4962 = CARTESIAN_POINT('',(1.65,-1.145,0.2));
#4963 = VECTOR('',#4964,1.);
#4964 = DIRECTION('',(-1.,1.192766264904E-16,-0.));
#4965 = ORIENTED_EDGE('',*,*,#4157,.F.);
#4966 = ORIENTED_EDGE('',*,*,#4591,.T.);
#4967 = PLANE('',#4968);
#4968 = AXIS2_PLACEMENT_3D('',#4969,#4970,#4971);
#4969 = CARTESIAN_POINT('',(1.65,-1.145,0.2));
#4970 = DIRECTION('',(-1.192766264904E-16,-1.,0.));
#4971 = DIRECTION('',(1.,-1.192766264904E-16,0.));
#4972 = ADVANCED_FACE('',(#4973),#4984,.F.);
#4973 = FACE_BOUND('',#4974,.T.);
#4974 = EDGE_LOOP('',(#4975,#4976,#4982,#4983));
#4975 = ORIENTED_EDGE('',*,*,#4529,.F.);
#4976 = ORIENTED_EDGE('',*,*,#4977,.F.);
#4977 = EDGE_CURVE('',#4334,#4522,#4978,.T.);
#4978 = LINE('',#4979,#4980);
#4979 = CARTESIAN_POINT('',(-1.05,-0.495,0.2));
#4980 = VECTOR('',#4981,1.);
#4981 = DIRECTION('',(-2.22044604925E-16,-1.,0.));
#4982 = ORIENTED_EDGE('',*,*,#4331,.F.);
#4983 = ORIENTED_EDGE('',*,*,#4610,.T.);
#4984 = PLANE('',#4985);
#4985 = AXIS2_PLACEMENT_3D('',#4986,#4987,#4988);
#4986 = CARTESIAN_POINT('',(-1.05,-0.495,0.2));
#4987 = DIRECTION('',(1.,-2.22044604925E-16,0.));
#4988 = DIRECTION('',(2.22044604925E-16,1.,0.));
#4989 = ADVANCED_FACE('',(#4990),#5001,.F.);
#4990 = FACE_BOUND('',#4991,.T.);
#4991 = EDGE_LOOP('',(#4992,#4993,#4999,#5000));
#4992 = ORIENTED_EDGE('',*,*,#4850,.T.);
#4993 = ORIENTED_EDGE('',*,*,#4994,.F.);
#4994 = EDGE_CURVE('',#4660,#4843,#4995,.T.);
#4995 = LINE('',#4996,#4997);
#4996 = CARTESIAN_POINT('',(1.25,0.805,0.2));
#4997 = VECTOR('',#4998,1.);
#4998 = DIRECTION('',(-1.621015150068E-15,-1.,-0.));
#4999 = ORIENTED_EDGE('',*,*,#4659,.T.);
#5000 = ORIENTED_EDGE('',*,*,#4636,.T.);
#5001 = PLANE('',#5002);
#5002 = AXIS2_PLACEMENT_3D('',#5003,#5004,#5005);
#5003 = CARTESIAN_POINT('',(1.25,0.805,0.2));
#5004 = DIRECTION('',(1.,-1.621015150068E-15,0.));
#5005 = DIRECTION('',(1.621015150068E-15,1.,0.));
#5006 = ADVANCED_FACE('',(#5007),#5018,.F.);
#5007 = FACE_BOUND('',#5008,.T.);
#5008 = EDGE_LOOP('',(#5009,#5010,#5016,#5017));
#5009 = ORIENTED_EDGE('',*,*,#4692,.T.);
#5010 = ORIENTED_EDGE('',*,*,#5011,.F.);
#5011 = EDGE_CURVE('',#4739,#4685,#5012,.T.);
#5012 = LINE('',#5013,#5014);
#5013 = CARTESIAN_POINT('',(1.25,-0.495,0.2));
#5014 = VECTOR('',#5015,1.);
#5015 = DIRECTION('',(-2.22044604925E-16,-1.,0.));
#5016 = ORIENTED_EDGE('',*,*,#4738,.T.);
#5017 = ORIENTED_EDGE('',*,*,#4715,.T.);
#5018 = PLANE('',#5019);
#5019 = AXIS2_PLACEMENT_3D('',#5020,#5021,#5022);
#5020 = CARTESIAN_POINT('',(1.25,-0.495,0.2));
#5021 = DIRECTION('',(1.,-2.22044604925E-16,0.));
#5022 = DIRECTION('',(2.22044604925E-16,1.,0.));
#5023 = ADVANCED_FACE('',(#5024),#5035,.F.);
#5024 = FACE_BOUND('',#5025,.T.);
#5025 = EDGE_LOOP('',(#5026,#5027,#5033,#5034));
#5026 = ORIENTED_EDGE('',*,*,#4771,.T.);
#5027 = ORIENTED_EDGE('',*,*,#5028,.F.);
#5028 = EDGE_CURVE('',#4818,#4764,#5029,.T.);
#5029 = LINE('',#5030,#5031);
#5030 = CARTESIAN_POINT('',(1.25,0.155,0.2));
#5031 = VECTOR('',#5032,1.);
#5032 = DIRECTION('',(-1.621015150068E-15,-1.,-0.));
#5033 = ORIENTED_EDGE('',*,*,#4817,.T.);
#5034 = ORIENTED_EDGE('',*,*,#4794,.T.);
#5035 = PLANE('',#5036);
#5036 = AXIS2_PLACEMENT_3D('',#5037,#5038,#5039);
#5037 = CARTESIAN_POINT('',(1.25,0.155,0.2));
#5038 = DIRECTION('',(1.,-1.621015150068E-15,0.));
#5039 = DIRECTION('',(1.621015150068E-15,1.,0.));
#5040 = ADVANCED_FACE('',(#5041),#5059,.T.);
#5041 = FACE_BOUND('',#5042,.T.);
#5042 = EDGE_LOOP('',(#5043,#5044,#5045,#5046,#5047,#5048,#5049,#5050,
    #5051,#5052,#5053,#5054,#5055,#5056,#5057,#5058));
#5043 = ORIENTED_EDGE('',*,*,#5011,.T.);
#5044 = ORIENTED_EDGE('',*,*,#4684,.T.);
#5045 = ORIENTED_EDGE('',*,*,#4165,.T.);
#5046 = ORIENTED_EDGE('',*,*,#4960,.T.);
#5047 = ORIENTED_EDGE('',*,*,#4936,.T.);
#5048 = ORIENTED_EDGE('',*,*,#4912,.T.);
#5049 = ORIENTED_EDGE('',*,*,#4117,.T.);
#5050 = ORIENTED_EDGE('',*,*,#4667,.T.);
#5051 = ORIENTED_EDGE('',*,*,#4994,.T.);
#5052 = ORIENTED_EDGE('',*,*,#4842,.T.);
#5053 = ORIENTED_EDGE('',*,*,#4229,.T.);
#5054 = ORIENTED_EDGE('',*,*,#4825,.T.);
#5055 = ORIENTED_EDGE('',*,*,#5028,.T.);
#5056 = ORIENTED_EDGE('',*,*,#4763,.T.);
#5057 = ORIENTED_EDGE('',*,*,#4197,.T.);
#5058 = ORIENTED_EDGE('',*,*,#4746,.T.);
#5059 = PLANE('',#5060);
#5060 = AXIS2_PLACEMENT_3D('',#5061,#5062,#5063);
#5061 = CARTESIAN_POINT('',(0.,-9.629649721936E-36,0.2));
#5062 = DIRECTION('',(0.,0.,-1.));
#5063 = DIRECTION('',(-1.,2.22044604925E-16,0.));
#5064 = ADVANCED_FACE('',(#5065),#5079,.F.);
#5065 = FACE_BOUND('',#5066,.T.);
#5066 = EDGE_LOOP('',(#5067,#5068,#5069,#5070,#5071,#5072,#5073,#5074,
    #5075,#5076,#5077,#5078));
#5067 = ORIENTED_EDGE('',*,*,#4504,.F.);
#5068 = ORIENTED_EDGE('',*,*,#4895,.F.);
#5069 = ORIENTED_EDGE('',*,*,#4442,.F.);
#5070 = ORIENTED_EDGE('',*,*,#4005,.F.);
#5071 = ORIENTED_EDGE('',*,*,#4425,.F.);
#5072 = ORIENTED_EDGE('',*,*,#4878,.F.);
#5073 = ORIENTED_EDGE('',*,*,#4363,.F.);
#5074 = ORIENTED_EDGE('',*,*,#3973,.F.);
#5075 = ORIENTED_EDGE('',*,*,#4341,.F.);
#5076 = ORIENTED_EDGE('',*,*,#4977,.T.);
#5077 = ORIENTED_EDGE('',*,*,#4521,.F.);
#5078 = ORIENTED_EDGE('',*,*,#4037,.F.);
#5079 = PLANE('',#5080);
#5080 = AXIS2_PLACEMENT_3D('',#5081,#5082,#5083);
#5081 = CARTESIAN_POINT('',(0.,-9.629649721936E-36,0.2));
#5082 = DIRECTION('',(0.,0.,1.));
#5083 = DIRECTION('',(1.,-2.22044604925E-16,0.));
#5084 = ADVANCED_FACE('',(#5085),#5097,.F.);
#5085 = FACE_BOUND('',#5086,.F.);
#5086 = EDGE_LOOP('',(#5087,#5088,#5089,#5096));
#5087 = ORIENTED_EDGE('',*,*,#3874,.F.);
#5088 = ORIENTED_EDGE('',*,*,#3832,.F.);
#5089 = ORIENTED_EDGE('',*,*,#5090,.T.);
#5090 = EDGE_CURVE('',#3833,#3852,#5091,.T.);
#5091 = CIRCLE('',#5092,0.125);
#5092 = AXIS2_PLACEMENT_3D('',#5093,#5094,#5095);
#5093 = CARTESIAN_POINT('',(-1.25,1.25,1.05));
#5094 = DIRECTION('',(-0.,0.,1.));
#5095 = DIRECTION('',(1.,-2.22044604925E-16,0.));
#5096 = ORIENTED_EDGE('',*,*,#3851,.T.);
#5097 = CYLINDRICAL_SURFACE('',#5098,0.125);
#5098 = AXIS2_PLACEMENT_3D('',#5099,#5100,#5101);
#5099 = CARTESIAN_POINT('',(-1.25,1.25,1.05));
#5100 = DIRECTION('',(0.,0.,1.));
#5101 = DIRECTION('',(1.,-2.22044604925E-16,0.));
#5102 = ADVANCED_FACE('',(#5103),#5107,.T.);
#5103 = FACE_BOUND('',#5104,.T.);
#5104 = EDGE_LOOP('',(#5105,#5106));
#5105 = ORIENTED_EDGE('',*,*,#5090,.T.);
#5106 = ORIENTED_EDGE('',*,*,#3859,.T.);
#5107 = PLANE('',#5108);
#5108 = AXIS2_PLACEMENT_3D('',#5109,#5110,#5111);
#5109 = CARTESIAN_POINT('',(-1.25,1.25,1.05));
#5110 = DIRECTION('',(0.,0.,1.));
#5111 = DIRECTION('',(1.,-2.22044604925E-16,0.));
#5112 = MANIFOLD_SOLID_BREP('',#5113);
#5113 = CLOSED_SHELL('',(#5114,#5156,#5180,#5190));
#5114 = ADVANCED_FACE('',(#5115),#5151,.T.);
#5115 = FACE_BOUND('',#5116,.T.);
#5116 = EDGE_LOOP('',(#5117,#5128,#5136,#5145));
#5117 = ORIENTED_EDGE('',*,*,#5118,.F.);
#5118 = EDGE_CURVE('',#5119,#5121,#5123,.T.);
#5119 = VERTEX_POINT('',#5120);
#5120 = CARTESIAN_POINT('',(-1.375,1.25,1.05));
#5121 = VERTEX_POINT('',#5122);
#5122 = CARTESIAN_POINT('',(-1.125,1.25,1.05));
#5123 = CIRCLE('',#5124,0.125);
#5124 = AXIS2_PLACEMENT_3D('',#5125,#5126,#5127);
#5125 = CARTESIAN_POINT('',(-1.25,1.25,1.05));
#5126 = DIRECTION('',(0.,-0.,-1.));
#5127 = DIRECTION('',(1.,-2.22044604925E-16,0.));
#5128 = ORIENTED_EDGE('',*,*,#5129,.T.);
#5129 = EDGE_CURVE('',#5119,#5130,#5132,.T.);
#5130 = VERTEX_POINT('',#5131);
#5131 = CARTESIAN_POINT('',(-1.375,1.25,1.1));
#5132 = LINE('',#5133,#5134);
#5133 = CARTESIAN_POINT('',(-1.375,1.25,0.696446609407));
#5134 = VECTOR('',#5135,1.);
#5135 = DIRECTION('',(0.,0.,1.));
#5136 = ORIENTED_EDGE('',*,*,#5137,.F.);
#5137 = EDGE_CURVE('',#5138,#5130,#5140,.T.);
#5138 = VERTEX_POINT('',#5139);
#5139 = CARTESIAN_POINT('',(-1.125,1.25,1.1));
#5140 = CIRCLE('',#5141,0.125);
#5141 = AXIS2_PLACEMENT_3D('',#5142,#5143,#5144);
#5142 = CARTESIAN_POINT('',(-1.25,1.25,1.1));
#5143 = DIRECTION('',(-0.,0.,1.));
#5144 = DIRECTION('',(1.,-2.22044604925E-16,0.));
#5145 = ORIENTED_EDGE('',*,*,#5146,.F.);
#5146 = EDGE_CURVE('',#5121,#5138,#5147,.T.);
#5147 = LINE('',#5148,#5149);
#5148 = CARTESIAN_POINT('',(-1.125,1.25,0.696446609407));
#5149 = VECTOR('',#5150,1.);
#5150 = DIRECTION('',(0.,0.,1.));
#5151 = CYLINDRICAL_SURFACE('',#5152,0.125);
#5152 = AXIS2_PLACEMENT_3D('',#5153,#5154,#5155);
#5153 = CARTESIAN_POINT('',(-1.25,1.25,0.696446609407));
#5154 = DIRECTION('',(0.,0.,1.));
#5155 = DIRECTION('',(1.,-2.22044604925E-16,0.));
#5156 = ADVANCED_FACE('',(#5157),#5175,.T.);
#5157 = FACE_BOUND('',#5158,.T.);
#5158 = EDGE_LOOP('',(#5159,#5160,#5167,#5168));
#5159 = ORIENTED_EDGE('',*,*,#5129,.F.);
#5160 = ORIENTED_EDGE('',*,*,#5161,.F.);
#5161 = EDGE_CURVE('',#5121,#5119,#5162,.T.);
#5162 = CIRCLE('',#5163,0.125);
#5163 = AXIS2_PLACEMENT_3D('',#5164,#5165,#5166);
#5164 = CARTESIAN_POINT('',(-1.25,1.25,1.05));
#5165 = DIRECTION('',(0.,-0.,-1.));
#5166 = DIRECTION('',(1.,-2.22044604925E-16,0.));
#5167 = ORIENTED_EDGE('',*,*,#5146,.T.);
#5168 = ORIENTED_EDGE('',*,*,#5169,.F.);
#5169 = EDGE_CURVE('',#5130,#5138,#5170,.T.);
#5170 = CIRCLE('',#5171,0.125);
#5171 = AXIS2_PLACEMENT_3D('',#5172,#5173,#5174);
#5172 = CARTESIAN_POINT('',(-1.25,1.25,1.1));
#5173 = DIRECTION('',(-0.,0.,1.));
#5174 = DIRECTION('',(1.,-2.22044604925E-16,0.));
#5175 = CYLINDRICAL_SURFACE('',#5176,0.125);
#5176 = AXIS2_PLACEMENT_3D('',#5177,#5178,#5179);
#5177 = CARTESIAN_POINT('',(-1.25,1.25,0.696446609407));
#5178 = DIRECTION('',(0.,0.,1.));
#5179 = DIRECTION('',(1.,-2.22044604925E-16,0.));
#5180 = ADVANCED_FACE('',(#5181),#5185,.T.);
#5181 = FACE_BOUND('',#5182,.T.);
#5182 = EDGE_LOOP('',(#5183,#5184));
#5183 = ORIENTED_EDGE('',*,*,#5137,.T.);
#5184 = ORIENTED_EDGE('',*,*,#5169,.T.);
#5185 = PLANE('',#5186);
#5186 = AXIS2_PLACEMENT_3D('',#5187,#5188,#5189);
#5187 = CARTESIAN_POINT('',(-1.25,1.25,1.1));
#5188 = DIRECTION('',(0.,0.,1.));
#5189 = DIRECTION('',(1.,-2.22044604925E-16,0.));
#5190 = ADVANCED_FACE('',(#5191),#5195,.F.);
#5191 = FACE_BOUND('',#5192,.T.);
#5192 = EDGE_LOOP('',(#5193,#5194));
#5193 = ORIENTED_EDGE('',*,*,#5161,.T.);
#5194 = ORIENTED_EDGE('',*,*,#5118,.T.);
#5195 = PLANE('',#5196);
#5196 = AXIS2_PLACEMENT_3D('',#5197,#5198,#5199);
#5197 = CARTESIAN_POINT('',(-1.25,1.25,1.05));
#5198 = DIRECTION('',(0.,0.,1.));
#5199 = DIRECTION('',(1.,-2.22044604925E-16,0.));
#5200 = ( GEOMETRIC_REPRESENTATION_CONTEXT(3) 
GLOBAL_UNCERTAINTY_ASSIGNED_CONTEXT((#5204)) 
GLOBAL_UNIT_ASSIGNED_CONTEXT((#5201,#5202,#5203)) REPRESENTATION_CONTEXT
('Context #1','3D Context with UNIT and UNCERTAINTY') );
#5201 = ( LENGTH_UNIT() NAMED_UNIT(*) SI_UNIT(.MILLI.,.METRE.) );
#5202 = ( NAMED_UNIT(*) PLANE_ANGLE_UNIT() SI_UNIT($,.RADIAN.) );
#5203 = ( NAMED_UNIT(*) SI_UNIT($,.STERADIAN.) SOLID_ANGLE_UNIT() );
#5204 = UNCERTAINTY_MEASURE_WITH_UNIT(LENGTH_MEASURE(1.E-07),#5201,
  'distance_accuracy_value','confusion accuracy');
#5205 = CONTEXT_DEPENDENT_SHAPE_REPRESENTATION(#5206,#5208);
#5206 = ( REPRESENTATION_RELATIONSHIP('','',#2715,#2692) 
REPRESENTATION_RELATIONSHIP_WITH_TRANSFORMATION(#5207) 
SHAPE_REPRESENTATION_RELATIONSHIP() );
#5207 = ITEM_DEFINED_TRANSFORMATION('','',#11,#2693);
#5208 = PRODUCT_DEFINITION_SHAPE('Placement','Placement of an item',
  #5209);
#5209 = NEXT_ASSEMBLY_USAGE_OCCURRENCE('9','','',#2687,#2710,$);
#5210 = PRODUCT_RELATED_PRODUCT_CATEGORY('part',$,(#2712));
#5211 = CONTEXT_DEPENDENT_SHAPE_REPRESENTATION(#5212,#5214);
#5212 = ( REPRESENTATION_RELATIONSHIP('','',#985,#10) 
REPRESENTATION_RELATIONSHIP_WITH_TRANSFORMATION(#5213) 
SHAPE_REPRESENTATION_RELATIONSHIP() );
#5213 = ITEM_DEFINED_TRANSFORMATION('','',#11,#51);
#5214 = PRODUCT_DEFINITION_SHAPE('Placement','Placement of an item',
  #5215);
#5215 = NEXT_ASSEMBLY_USAGE_OCCURRENCE('11','R11','',#5,#980,$);
#5216 = CONTEXT_DEPENDENT_SHAPE_REPRESENTATION(#5217,#5219);
#5217 = ( REPRESENTATION_RELATIONSHIP('','',#1819,#10) 
REPRESENTATION_RELATIONSHIP_WITH_TRANSFORMATION(#5218) 
SHAPE_REPRESENTATION_RELATIONSHIP() );
#5218 = ITEM_DEFINED_TRANSFORMATION('','',#11,#55);
#5219 = PRODUCT_DEFINITION_SHAPE('Placement','Placement of an item',
  #5220);
#5220 = NEXT_ASSEMBLY_USAGE_OCCURRENCE('12','C16','',#5,#1814,$);
#5221 = CONTEXT_DEPENDENT_SHAPE_REPRESENTATION(#5222,#5224);
#5222 = ( REPRESENTATION_RELATIONSHIP('','',#1819,#10) 
REPRESENTATION_RELATIONSHIP_WITH_TRANSFORMATION(#5223) 
SHAPE_REPRESENTATION_RELATIONSHIP() );
#5223 = ITEM_DEFINED_TRANSFORMATION('','',#11,#59);
#5224 = PRODUCT_DEFINITION_SHAPE('Placement','Placement of an item',
  #5225);
#5225 = NEXT_ASSEMBLY_USAGE_OCCURRENCE('13','C7','',#5,#1814,$);
#5226 = CONTEXT_DEPENDENT_SHAPE_REPRESENTATION(#5227,#5229);
#5227 = ( REPRESENTATION_RELATIONSHIP('','',#2692,#10) 
REPRESENTATION_RELATIONSHIP_WITH_TRANSFORMATION(#5228) 
SHAPE_REPRESENTATION_RELATIONSHIP() );
#5228 = ITEM_DEFINED_TRANSFORMATION('','',#11,#63);
#5229 = PRODUCT_DEFINITION_SHAPE('Placement','Placement of an item',
  #5230);
#5230 = NEXT_ASSEMBLY_USAGE_OCCURRENCE('14','Q1','',#5,#2687,$);
#5231 = CONTEXT_DEPENDENT_SHAPE_REPRESENTATION(#5232,#5234);
#5232 = ( REPRESENTATION_RELATIONSHIP('','',#1819,#10) 
REPRESENTATION_RELATIONSHIP_WITH_TRANSFORMATION(#5233) 
SHAPE_REPRESENTATION_RELATIONSHIP() );
#5233 = ITEM_DEFINED_TRANSFORMATION('','',#11,#67);
#5234 = PRODUCT_DEFINITION_SHAPE('Placement','Placement of an item',
  #5235);
#5235 = NEXT_ASSEMBLY_USAGE_OCCURRENCE('15','C9','',#5,#1814,$);
#5236 = CONTEXT_DEPENDENT_SHAPE_REPRESENTATION(#5237,#5239);
#5237 = ( REPRESENTATION_RELATIONSHIP('','',#2692,#10) 
REPRESENTATION_RELATIONSHIP_WITH_TRANSFORMATION(#5238) 
SHAPE_REPRESENTATION_RELATIONSHIP() );
#5238 = ITEM_DEFINED_TRANSFORMATION('','',#11,#71);
#5239 = PRODUCT_DEFINITION_SHAPE('Placement','Placement of an item',
  #5240);
#5240 = NEXT_ASSEMBLY_USAGE_OCCURRENCE('16','Q2','',#5,#2687,$);
#5241 = SHAPE_DEFINITION_REPRESENTATION(#5242,#5248);
#5242 = PRODUCT_DEFINITION_SHAPE('','',#5243);
#5243 = PRODUCT_DEFINITION('design','',#5244,#5247);
#5244 = PRODUCT_DEFINITION_FORMATION('','',#5245);
#5245 = PRODUCT('C_1206','C_1206','',(#5246));
#5246 = PRODUCT_CONTEXT('',#2,'mechanical');
#5247 = PRODUCT_DEFINITION_CONTEXT('part definition',#2,'design');
#5248 = ADVANCED_BREP_SHAPE_REPRESENTATION('',(#11,#5249),#6103);
#5249 = MANIFOLD_SOLID_BREP('',#5250);
#5250 = CLOSED_SHELL('',(#5251,#5327,#5358,#5383,#5408,#5432,#5456,#5481
    ,#5506,#5523,#5609,#5641,#5665,#5690,#5714,#5739,#5763,#5788,#5805,
    #5891,#5922,#5947,#5972,#5996,#6020,#6045,#6070,#6087));
#5251 = ADVANCED_FACE('',(#5252),#5322,.F.);
#5252 = FACE_BOUND('',#5253,.F.);
#5253 = EDGE_LOOP('',(#5254,#5264,#5273,#5281,#5290,#5298,#5307,#5315));
#5254 = ORIENTED_EDGE('',*,*,#5255,.F.);
#5255 = EDGE_CURVE('',#5256,#5258,#5260,.T.);
#5256 = VERTEX_POINT('',#5257);
#5257 = CARTESIAN_POINT('',(-1.6,-0.8,4.E-02));
#5258 = VERTEX_POINT('',#5259);
#5259 = CARTESIAN_POINT('',(-1.6,-0.8,1.56));
#5260 = LINE('',#5261,#5262);
#5261 = CARTESIAN_POINT('',(-1.6,-0.8,0.));
#5262 = VECTOR('',#5263,1.);
#5263 = DIRECTION('',(0.,0.,1.));
#5264 = ORIENTED_EDGE('',*,*,#5265,.T.);
#5265 = EDGE_CURVE('',#5256,#5266,#5268,.T.);
#5266 = VERTEX_POINT('',#5267);
#5267 = CARTESIAN_POINT('',(-1.6,-0.76,0.));
#5268 = CIRCLE('',#5269,4.E-02);
#5269 = AXIS2_PLACEMENT_3D('',#5270,#5271,#5272);
#5270 = CARTESIAN_POINT('',(-1.6,-0.76,4.E-02));
#5271 = DIRECTION('',(1.,0.,-0.));
#5272 = DIRECTION('',(0.,0.,1.));
#5273 = ORIENTED_EDGE('',*,*,#5274,.T.);
#5274 = EDGE_CURVE('',#5266,#5275,#5277,.T.);
#5275 = VERTEX_POINT('',#5276);
#5276 = CARTESIAN_POINT('',(-1.6,0.76,0.));
#5277 = LINE('',#5278,#5279);
#5278 = CARTESIAN_POINT('',(-1.6,-0.8,0.));
#5279 = VECTOR('',#5280,1.);
#5280 = DIRECTION('',(0.,1.,0.));
#5281 = ORIENTED_EDGE('',*,*,#5282,.F.);
#5282 = EDGE_CURVE('',#5283,#5275,#5285,.T.);
#5283 = VERTEX_POINT('',#5284);
#5284 = CARTESIAN_POINT('',(-1.6,0.8,4.E-02));
#5285 = CIRCLE('',#5286,4.E-02);
#5286 = AXIS2_PLACEMENT_3D('',#5287,#5288,#5289);
#5287 = CARTESIAN_POINT('',(-1.6,0.76,4.E-02));
#5288 = DIRECTION('',(-1.,0.,0.));
#5289 = DIRECTION('',(0.,0.,1.));
#5290 = ORIENTED_EDGE('',*,*,#5291,.T.);
#5291 = EDGE_CURVE('',#5283,#5292,#5294,.T.);
#5292 = VERTEX_POINT('',#5293);
#5293 = CARTESIAN_POINT('',(-1.6,0.8,1.56));
#5294 = LINE('',#5295,#5296);
#5295 = CARTESIAN_POINT('',(-1.6,0.8,0.));
#5296 = VECTOR('',#5297,1.);
#5297 = DIRECTION('',(0.,0.,1.));
#5298 = ORIENTED_EDGE('',*,*,#5299,.T.);
#5299 = EDGE_CURVE('',#5292,#5300,#5302,.T.);
#5300 = VERTEX_POINT('',#5301);
#5301 = CARTESIAN_POINT('',(-1.6,0.76,1.6));
#5302 = CIRCLE('',#5303,4.E-02);
#5303 = AXIS2_PLACEMENT_3D('',#5304,#5305,#5306);
#5304 = CARTESIAN_POINT('',(-1.6,0.76,1.56));
#5305 = DIRECTION('',(1.,0.,-0.));
#5306 = DIRECTION('',(0.,0.,1.));
#5307 = ORIENTED_EDGE('',*,*,#5308,.F.);
#5308 = EDGE_CURVE('',#5309,#5300,#5311,.T.);
#5309 = VERTEX_POINT('',#5310);
#5310 = CARTESIAN_POINT('',(-1.6,-0.76,1.6));
#5311 = LINE('',#5312,#5313);
#5312 = CARTESIAN_POINT('',(-1.6,-0.8,1.6));
#5313 = VECTOR('',#5314,1.);
#5314 = DIRECTION('',(0.,1.,0.));
#5315 = ORIENTED_EDGE('',*,*,#5316,.F.);
#5316 = EDGE_CURVE('',#5258,#5309,#5317,.T.);
#5317 = CIRCLE('',#5318,4.E-02);
#5318 = AXIS2_PLACEMENT_3D('',#5319,#5320,#5321);
#5319 = CARTESIAN_POINT('',(-1.6,-0.76,1.56));
#5320 = DIRECTION('',(-1.,0.,0.));
#5321 = DIRECTION('',(0.,0.,1.));
#5322 = PLANE('',#5323);
#5323 = AXIS2_PLACEMENT_3D('',#5324,#5325,#5326);
#5324 = CARTESIAN_POINT('',(-1.6,-0.8,0.));
#5325 = DIRECTION('',(1.,0.,0.));
#5326 = DIRECTION('',(0.,0.,1.));
#5327 = ADVANCED_FACE('',(#5328),#5353,.F.);
#5328 = FACE_BOUND('',#5329,.F.);
#5329 = EDGE_LOOP('',(#5330,#5340,#5346,#5347));
#5330 = ORIENTED_EDGE('',*,*,#5331,.F.);
#5331 = EDGE_CURVE('',#5332,#5334,#5336,.T.);
#5332 = VERTEX_POINT('',#5333);
#5333 = CARTESIAN_POINT('',(-1.2,-0.8,4.E-02));
#5334 = VERTEX_POINT('',#5335);
#5335 = CARTESIAN_POINT('',(-1.2,-0.8,1.56));
#5336 = LINE('',#5337,#5338);
#5337 = CARTESIAN_POINT('',(-1.2,-0.8,0.));
#5338 = VECTOR('',#5339,1.);
#5339 = DIRECTION('',(0.,0.,1.));
#5340 = ORIENTED_EDGE('',*,*,#5341,.F.);
#5341 = EDGE_CURVE('',#5256,#5332,#5342,.T.);
#5342 = LINE('',#5343,#5344);
#5343 = CARTESIAN_POINT('',(-1.6,-0.8,4.E-02));
#5344 = VECTOR('',#5345,1.);
#5345 = DIRECTION('',(1.,0.,0.));
#5346 = ORIENTED_EDGE('',*,*,#5255,.T.);
#5347 = ORIENTED_EDGE('',*,*,#5348,.T.);
#5348 = EDGE_CURVE('',#5258,#5334,#5349,.T.);
#5349 = LINE('',#5350,#5351);
#5350 = CARTESIAN_POINT('',(-1.6,-0.8,1.56));
#5351 = VECTOR('',#5352,1.);
#5352 = DIRECTION('',(1.,0.,0.));
#5353 = PLANE('',#5354);
#5354 = AXIS2_PLACEMENT_3D('',#5355,#5356,#5357);
#5355 = CARTESIAN_POINT('',(-1.6,-0.8,0.));
#5356 = DIRECTION('',(0.,1.,0.));
#5357 = DIRECTION('',(0.,-0.,1.));
#5358 = ADVANCED_FACE('',(#5359),#5378,.T.);
#5359 = FACE_BOUND('',#5360,.T.);
#5360 = EDGE_LOOP('',(#5361,#5362,#5370,#5377));
#5361 = ORIENTED_EDGE('',*,*,#5265,.T.);
#5362 = ORIENTED_EDGE('',*,*,#5363,.T.);
#5363 = EDGE_CURVE('',#5266,#5364,#5366,.T.);
#5364 = VERTEX_POINT('',#5365);
#5365 = CARTESIAN_POINT('',(-1.2,-0.76,0.));
#5366 = LINE('',#5367,#5368);
#5367 = CARTESIAN_POINT('',(-1.6,-0.76,0.));
#5368 = VECTOR('',#5369,1.);
#5369 = DIRECTION('',(1.,0.,0.));
#5370 = ORIENTED_EDGE('',*,*,#5371,.F.);
#5371 = EDGE_CURVE('',#5332,#5364,#5372,.T.);
#5372 = CIRCLE('',#5373,4.E-02);
#5373 = AXIS2_PLACEMENT_3D('',#5374,#5375,#5376);
#5374 = CARTESIAN_POINT('',(-1.2,-0.76,4.E-02));
#5375 = DIRECTION('',(1.,0.,-0.));
#5376 = DIRECTION('',(0.,0.,1.));
#5377 = ORIENTED_EDGE('',*,*,#5341,.F.);
#5378 = CYLINDRICAL_SURFACE('',#5379,4.E-02);
#5379 = AXIS2_PLACEMENT_3D('',#5380,#5381,#5382);
#5380 = CARTESIAN_POINT('',(-1.6,-0.76,4.E-02));
#5381 = DIRECTION('',(1.,0.,0.));
#5382 = DIRECTION('',(0.,-1.,0.));
#5383 = ADVANCED_FACE('',(#5384),#5403,.T.);
#5384 = FACE_BOUND('',#5385,.T.);
#5385 = EDGE_LOOP('',(#5386,#5387,#5396,#5402));
#5386 = ORIENTED_EDGE('',*,*,#5348,.T.);
#5387 = ORIENTED_EDGE('',*,*,#5388,.T.);
#5388 = EDGE_CURVE('',#5334,#5389,#5391,.T.);
#5389 = VERTEX_POINT('',#5390);
#5390 = CARTESIAN_POINT('',(-1.2,-0.76,1.6));
#5391 = CIRCLE('',#5392,4.E-02);
#5392 = AXIS2_PLACEMENT_3D('',#5393,#5394,#5395);
#5393 = CARTESIAN_POINT('',(-1.2,-0.76,1.56));
#5394 = DIRECTION('',(-1.,0.,0.));
#5395 = DIRECTION('',(0.,0.,1.));
#5396 = ORIENTED_EDGE('',*,*,#5397,.F.);
#5397 = EDGE_CURVE('',#5309,#5389,#5398,.T.);
#5398 = LINE('',#5399,#5400);
#5399 = CARTESIAN_POINT('',(-1.6,-0.76,1.6));
#5400 = VECTOR('',#5401,1.);
#5401 = DIRECTION('',(1.,0.,0.));
#5402 = ORIENTED_EDGE('',*,*,#5316,.F.);
#5403 = CYLINDRICAL_SURFACE('',#5404,4.E-02);
#5404 = AXIS2_PLACEMENT_3D('',#5405,#5406,#5407);
#5405 = CARTESIAN_POINT('',(-1.6,-0.76,1.56));
#5406 = DIRECTION('',(1.,0.,0.));
#5407 = DIRECTION('',(0.,-1.,0.));
#5408 = ADVANCED_FACE('',(#5409),#5427,.F.);
#5409 = FACE_BOUND('',#5410,.F.);
#5410 = EDGE_LOOP('',(#5411,#5412,#5413,#5421));
#5411 = ORIENTED_EDGE('',*,*,#5274,.F.);
#5412 = ORIENTED_EDGE('',*,*,#5363,.T.);
#5413 = ORIENTED_EDGE('',*,*,#5414,.T.);
#5414 = EDGE_CURVE('',#5364,#5415,#5417,.T.);
#5415 = VERTEX_POINT('',#5416);
#5416 = CARTESIAN_POINT('',(-1.2,0.76,0.));
#5417 = LINE('',#5418,#5419);
#5418 = CARTESIAN_POINT('',(-1.2,-0.8,0.));
#5419 = VECTOR('',#5420,1.);
#5420 = DIRECTION('',(0.,1.,0.));
#5421 = ORIENTED_EDGE('',*,*,#5422,.F.);
#5422 = EDGE_CURVE('',#5275,#5415,#5423,.T.);
#5423 = LINE('',#5424,#5425);
#5424 = CARTESIAN_POINT('',(-1.6,0.76,0.));
#5425 = VECTOR('',#5426,1.);
#5426 = DIRECTION('',(1.,0.,0.));
#5427 = PLANE('',#5428);
#5428 = AXIS2_PLACEMENT_3D('',#5429,#5430,#5431);
#5429 = CARTESIAN_POINT('',(-1.6,-0.8,0.));
#5430 = DIRECTION('',(0.,0.,1.));
#5431 = DIRECTION('',(1.,0.,-0.));
#5432 = ADVANCED_FACE('',(#5433),#5451,.T.);
#5433 = FACE_BOUND('',#5434,.T.);
#5434 = EDGE_LOOP('',(#5435,#5436,#5437,#5445));
#5435 = ORIENTED_EDGE('',*,*,#5308,.F.);
#5436 = ORIENTED_EDGE('',*,*,#5397,.T.);
#5437 = ORIENTED_EDGE('',*,*,#5438,.T.);
#5438 = EDGE_CURVE('',#5389,#5439,#5441,.T.);
#5439 = VERTEX_POINT('',#5440);
#5440 = CARTESIAN_POINT('',(-1.2,0.76,1.6));
#5441 = LINE('',#5442,#5443);
#5442 = CARTESIAN_POINT('',(-1.2,-0.8,1.6));
#5443 = VECTOR('',#5444,1.);
#5444 = DIRECTION('',(0.,1.,0.));
#5445 = ORIENTED_EDGE('',*,*,#5446,.F.);
#5446 = EDGE_CURVE('',#5300,#5439,#5447,.T.);
#5447 = LINE('',#5448,#5449);
#5448 = CARTESIAN_POINT('',(-1.6,0.76,1.6));
#5449 = VECTOR('',#5450,1.);
#5450 = DIRECTION('',(1.,0.,0.));
#5451 = PLANE('',#5452);
#5452 = AXIS2_PLACEMENT_3D('',#5453,#5454,#5455);
#5453 = CARTESIAN_POINT('',(-1.6,-0.8,1.6));
#5454 = DIRECTION('',(0.,0.,1.));
#5455 = DIRECTION('',(1.,0.,-0.));
#5456 = ADVANCED_FACE('',(#5457),#5476,.T.);
#5457 = FACE_BOUND('',#5458,.T.);
#5458 = EDGE_LOOP('',(#5459,#5467,#5474,#5475));
#5459 = ORIENTED_EDGE('',*,*,#5460,.T.);
#5460 = EDGE_CURVE('',#5283,#5461,#5463,.T.);
#5461 = VERTEX_POINT('',#5462);
#5462 = CARTESIAN_POINT('',(-1.2,0.8,4.E-02));
#5463 = LINE('',#5464,#5465);
#5464 = CARTESIAN_POINT('',(-1.6,0.8,4.E-02));
#5465 = VECTOR('',#5466,1.);
#5466 = DIRECTION('',(1.,0.,0.));
#5467 = ORIENTED_EDGE('',*,*,#5468,.T.);
#5468 = EDGE_CURVE('',#5461,#5415,#5469,.T.);
#5469 = CIRCLE('',#5470,4.E-02);
#5470 = AXIS2_PLACEMENT_3D('',#5471,#5472,#5473);
#5471 = CARTESIAN_POINT('',(-1.2,0.76,4.E-02));
#5472 = DIRECTION('',(-1.,0.,0.));
#5473 = DIRECTION('',(0.,0.,1.));
#5474 = ORIENTED_EDGE('',*,*,#5422,.F.);
#5475 = ORIENTED_EDGE('',*,*,#5282,.F.);
#5476 = CYLINDRICAL_SURFACE('',#5477,4.E-02);
#5477 = AXIS2_PLACEMENT_3D('',#5478,#5479,#5480);
#5478 = CARTESIAN_POINT('',(-1.6,0.76,4.E-02));
#5479 = DIRECTION('',(1.,0.,0.));
#5480 = DIRECTION('',(-0.,1.,0.));
#5481 = ADVANCED_FACE('',(#5482),#5501,.T.);
#5482 = FACE_BOUND('',#5483,.T.);
#5483 = EDGE_LOOP('',(#5484,#5485,#5486,#5495));
#5484 = ORIENTED_EDGE('',*,*,#5299,.T.);
#5485 = ORIENTED_EDGE('',*,*,#5446,.T.);
#5486 = ORIENTED_EDGE('',*,*,#5487,.F.);
#5487 = EDGE_CURVE('',#5488,#5439,#5490,.T.);
#5488 = VERTEX_POINT('',#5489);
#5489 = CARTESIAN_POINT('',(-1.2,0.8,1.56));
#5490 = CIRCLE('',#5491,4.E-02);
#5491 = AXIS2_PLACEMENT_3D('',#5492,#5493,#5494);
#5492 = CARTESIAN_POINT('',(-1.2,0.76,1.56));
#5493 = DIRECTION('',(1.,0.,-0.));
#5494 = DIRECTION('',(0.,0.,1.));
#5495 = ORIENTED_EDGE('',*,*,#5496,.F.);
#5496 = EDGE_CURVE('',#5292,#5488,#5497,.T.);
#5497 = LINE('',#5498,#5499);
#5498 = CARTESIAN_POINT('',(-1.6,0.8,1.56));
#5499 = VECTOR('',#5500,1.);
#5500 = DIRECTION('',(1.,0.,0.));
#5501 = CYLINDRICAL_SURFACE('',#5502,4.E-02);
#5502 = AXIS2_PLACEMENT_3D('',#5503,#5504,#5505);
#5503 = CARTESIAN_POINT('',(-1.6,0.76,1.56));
#5504 = DIRECTION('',(1.,0.,0.));
#5505 = DIRECTION('',(-0.,1.,0.));
#5506 = ADVANCED_FACE('',(#5507),#5518,.T.);
#5507 = FACE_BOUND('',#5508,.T.);
#5508 = EDGE_LOOP('',(#5509,#5515,#5516,#5517));
#5509 = ORIENTED_EDGE('',*,*,#5510,.F.);
#5510 = EDGE_CURVE('',#5461,#5488,#5511,.T.);
#5511 = LINE('',#5512,#5513);
#5512 = CARTESIAN_POINT('',(-1.2,0.8,0.));
#5513 = VECTOR('',#5514,1.);
#5514 = DIRECTION('',(0.,0.,1.));
#5515 = ORIENTED_EDGE('',*,*,#5460,.F.);
#5516 = ORIENTED_EDGE('',*,*,#5291,.T.);
#5517 = ORIENTED_EDGE('',*,*,#5496,.T.);
#5518 = PLANE('',#5519);
#5519 = AXIS2_PLACEMENT_3D('',#5520,#5521,#5522);
#5520 = CARTESIAN_POINT('',(-1.6,0.8,0.));
#5521 = DIRECTION('',(0.,1.,0.));
#5522 = DIRECTION('',(0.,-0.,1.));
#5523 = ADVANCED_FACE('',(#5524,#5534),#5604,.T.);
#5524 = FACE_BOUND('',#5525,.T.);
#5525 = EDGE_LOOP('',(#5526,#5527,#5528,#5529,#5530,#5531,#5532,#5533));
#5526 = ORIENTED_EDGE('',*,*,#5331,.F.);
#5527 = ORIENTED_EDGE('',*,*,#5371,.T.);
#5528 = ORIENTED_EDGE('',*,*,#5414,.T.);
#5529 = ORIENTED_EDGE('',*,*,#5468,.F.);
#5530 = ORIENTED_EDGE('',*,*,#5510,.T.);
#5531 = ORIENTED_EDGE('',*,*,#5487,.T.);
#5532 = ORIENTED_EDGE('',*,*,#5438,.F.);
#5533 = ORIENTED_EDGE('',*,*,#5388,.F.);
#5534 = FACE_BOUND('',#5535,.T.);
#5535 = EDGE_LOOP('',(#5536,#5547,#5555,#5564,#5572,#5581,#5589,#5598));
#5536 = ORIENTED_EDGE('',*,*,#5537,.F.);
#5537 = EDGE_CURVE('',#5538,#5540,#5542,.T.);
#5538 = VERTEX_POINT('',#5539);
#5539 = CARTESIAN_POINT('',(-1.2,-0.76,8.E-02));
#5540 = VERTEX_POINT('',#5541);
#5541 = CARTESIAN_POINT('',(-1.2,-0.72,4.E-02));
#5542 = CIRCLE('',#5543,4.E-02);
#5543 = AXIS2_PLACEMENT_3D('',#5544,#5545,#5546);
#5544 = CARTESIAN_POINT('',(-1.2,-0.72,8.E-02));
#5545 = DIRECTION('',(1.,0.,-0.));
#5546 = DIRECTION('',(0.,0.,1.));
#5547 = ORIENTED_EDGE('',*,*,#5548,.T.);
#5548 = EDGE_CURVE('',#5538,#5549,#5551,.T.);
#5549 = VERTEX_POINT('',#5550);
#5550 = CARTESIAN_POINT('',(-1.2,-0.76,1.52));
#5551 = LINE('',#5552,#5553);
#5552 = CARTESIAN_POINT('',(-1.2,-0.76,4.E-02));
#5553 = VECTOR('',#5554,1.);
#5554 = DIRECTION('',(0.,0.,1.));
#5555 = ORIENTED_EDGE('',*,*,#5556,.T.);
#5556 = EDGE_CURVE('',#5549,#5557,#5559,.T.);
#5557 = VERTEX_POINT('',#5558);
#5558 = CARTESIAN_POINT('',(-1.2,-0.72,1.56));
#5559 = CIRCLE('',#5560,4.E-02);
#5560 = AXIS2_PLACEMENT_3D('',#5561,#5562,#5563);
#5561 = CARTESIAN_POINT('',(-1.2,-0.72,1.52));
#5562 = DIRECTION('',(-1.,0.,0.));
#5563 = DIRECTION('',(0.,0.,1.));
#5564 = ORIENTED_EDGE('',*,*,#5565,.T.);
#5565 = EDGE_CURVE('',#5557,#5566,#5568,.T.);
#5566 = VERTEX_POINT('',#5567);
#5567 = CARTESIAN_POINT('',(-1.2,0.72,1.56));
#5568 = LINE('',#5569,#5570);
#5569 = CARTESIAN_POINT('',(-1.2,-0.76,1.56));
#5570 = VECTOR('',#5571,1.);
#5571 = DIRECTION('',(0.,1.,0.));
#5572 = ORIENTED_EDGE('',*,*,#5573,.F.);
#5573 = EDGE_CURVE('',#5574,#5566,#5576,.T.);
#5574 = VERTEX_POINT('',#5575);
#5575 = CARTESIAN_POINT('',(-1.2,0.76,1.52));
#5576 = CIRCLE('',#5577,4.E-02);
#5577 = AXIS2_PLACEMENT_3D('',#5578,#5579,#5580);
#5578 = CARTESIAN_POINT('',(-1.2,0.72,1.52));
#5579 = DIRECTION('',(1.,0.,-0.));
#5580 = DIRECTION('',(0.,0.,1.));
#5581 = ORIENTED_EDGE('',*,*,#5582,.F.);
#5582 = EDGE_CURVE('',#5583,#5574,#5585,.T.);
#5583 = VERTEX_POINT('',#5584);
#5584 = CARTESIAN_POINT('',(-1.2,0.76,8.E-02));
#5585 = LINE('',#5586,#5587);
#5586 = CARTESIAN_POINT('',(-1.2,0.76,4.E-02));
#5587 = VECTOR('',#5588,1.);
#5588 = DIRECTION('',(0.,0.,1.));
#5589 = ORIENTED_EDGE('',*,*,#5590,.T.);
#5590 = EDGE_CURVE('',#5583,#5591,#5593,.T.);
#5591 = VERTEX_POINT('',#5592);
#5592 = CARTESIAN_POINT('',(-1.2,0.72,4.E-02));
#5593 = CIRCLE('',#5594,4.E-02);
#5594 = AXIS2_PLACEMENT_3D('',#5595,#5596,#5597);
#5595 = CARTESIAN_POINT('',(-1.2,0.72,8.E-02));
#5596 = DIRECTION('',(-1.,0.,0.));
#5597 = DIRECTION('',(0.,0.,1.));
#5598 = ORIENTED_EDGE('',*,*,#5599,.F.);
#5599 = EDGE_CURVE('',#5540,#5591,#5600,.T.);
#5600 = LINE('',#5601,#5602);
#5601 = CARTESIAN_POINT('',(-1.2,-0.76,4.E-02));
#5602 = VECTOR('',#5603,1.);
#5603 = DIRECTION('',(0.,1.,0.));
#5604 = PLANE('',#5605);
#5605 = AXIS2_PLACEMENT_3D('',#5606,#5607,#5608);
#5606 = CARTESIAN_POINT('',(-1.2,-0.8,0.));
#5607 = DIRECTION('',(1.,0.,0.));
#5608 = DIRECTION('',(0.,0.,1.));
#5609 = ADVANCED_FACE('',(#5610),#5636,.T.);
#5610 = FACE_BOUND('',#5611,.T.);
#5611 = EDGE_LOOP('',(#5612,#5613,#5621,#5630));
#5612 = ORIENTED_EDGE('',*,*,#5537,.T.);
#5613 = ORIENTED_EDGE('',*,*,#5614,.T.);
#5614 = EDGE_CURVE('',#5540,#5615,#5617,.T.);
#5615 = VERTEX_POINT('',#5616);
#5616 = CARTESIAN_POINT('',(1.2,-0.72,4.E-02));
#5617 = LINE('',#5618,#5619);
#5618 = CARTESIAN_POINT('',(-1.2,-0.72,4.E-02));
#5619 = VECTOR('',#5620,1.);
#5620 = DIRECTION('',(1.,0.,0.));
#5621 = ORIENTED_EDGE('',*,*,#5622,.F.);
#5622 = EDGE_CURVE('',#5623,#5615,#5625,.T.);
#5623 = VERTEX_POINT('',#5624);
#5624 = CARTESIAN_POINT('',(1.2,-0.76,8.E-02));
#5625 = CIRCLE('',#5626,4.E-02);
#5626 = AXIS2_PLACEMENT_3D('',#5627,#5628,#5629);
#5627 = CARTESIAN_POINT('',(1.2,-0.72,8.E-02));
#5628 = DIRECTION('',(1.,0.,-0.));
#5629 = DIRECTION('',(0.,0.,1.));
#5630 = ORIENTED_EDGE('',*,*,#5631,.F.);
#5631 = EDGE_CURVE('',#5538,#5623,#5632,.T.);
#5632 = LINE('',#5633,#5634);
#5633 = CARTESIAN_POINT('',(-1.2,-0.76,8.E-02));
#5634 = VECTOR('',#5635,1.);
#5635 = DIRECTION('',(1.,0.,0.));
#5636 = CYLINDRICAL_SURFACE('',#5637,4.E-02);
#5637 = AXIS2_PLACEMENT_3D('',#5638,#5639,#5640);
#5638 = CARTESIAN_POINT('',(-1.2,-0.72,8.E-02));
#5639 = DIRECTION('',(1.,0.,0.));
#5640 = DIRECTION('',(0.,-1.,0.));
#5641 = ADVANCED_FACE('',(#5642),#5660,.F.);
#5642 = FACE_BOUND('',#5643,.F.);
#5643 = EDGE_LOOP('',(#5644,#5645,#5646,#5654));
#5644 = ORIENTED_EDGE('',*,*,#5599,.F.);
#5645 = ORIENTED_EDGE('',*,*,#5614,.T.);
#5646 = ORIENTED_EDGE('',*,*,#5647,.T.);
#5647 = EDGE_CURVE('',#5615,#5648,#5650,.T.);
#5648 = VERTEX_POINT('',#5649);
#5649 = CARTESIAN_POINT('',(1.2,0.72,4.E-02));
#5650 = LINE('',#5651,#5652);
#5651 = CARTESIAN_POINT('',(1.2,-0.76,4.E-02));
#5652 = VECTOR('',#5653,1.);
#5653 = DIRECTION('',(0.,1.,0.));
#5654 = ORIENTED_EDGE('',*,*,#5655,.F.);
#5655 = EDGE_CURVE('',#5591,#5648,#5656,.T.);
#5656 = LINE('',#5657,#5658);
#5657 = CARTESIAN_POINT('',(-1.2,0.72,4.E-02));
#5658 = VECTOR('',#5659,1.);
#5659 = DIRECTION('',(1.,0.,0.));
#5660 = PLANE('',#5661);
#5661 = AXIS2_PLACEMENT_3D('',#5662,#5663,#5664);
#5662 = CARTESIAN_POINT('',(-1.2,-0.76,4.E-02));
#5663 = DIRECTION('',(0.,0.,1.));
#5664 = DIRECTION('',(1.,0.,-0.));
#5665 = ADVANCED_FACE('',(#5666),#5685,.T.);
#5666 = FACE_BOUND('',#5667,.T.);
#5667 = EDGE_LOOP('',(#5668,#5676,#5683,#5684));
#5668 = ORIENTED_EDGE('',*,*,#5669,.T.);
#5669 = EDGE_CURVE('',#5583,#5670,#5672,.T.);
#5670 = VERTEX_POINT('',#5671);
#5671 = CARTESIAN_POINT('',(1.2,0.76,8.E-02));
#5672 = LINE('',#5673,#5674);
#5673 = CARTESIAN_POINT('',(-1.2,0.76,8.E-02));
#5674 = VECTOR('',#5675,1.);
#5675 = DIRECTION('',(1.,0.,0.));
#5676 = ORIENTED_EDGE('',*,*,#5677,.T.);
#5677 = EDGE_CURVE('',#5670,#5648,#5678,.T.);
#5678 = CIRCLE('',#5679,4.E-02);
#5679 = AXIS2_PLACEMENT_3D('',#5680,#5681,#5682);
#5680 = CARTESIAN_POINT('',(1.2,0.72,8.E-02));
#5681 = DIRECTION('',(-1.,0.,0.));
#5682 = DIRECTION('',(0.,0.,1.));
#5683 = ORIENTED_EDGE('',*,*,#5655,.F.);
#5684 = ORIENTED_EDGE('',*,*,#5590,.F.);
#5685 = CYLINDRICAL_SURFACE('',#5686,4.E-02);
#5686 = AXIS2_PLACEMENT_3D('',#5687,#5688,#5689);
#5687 = CARTESIAN_POINT('',(-1.2,0.72,8.E-02));
#5688 = DIRECTION('',(1.,0.,0.));
#5689 = DIRECTION('',(-0.,1.,0.));
#5690 = ADVANCED_FACE('',(#5691),#5709,.T.);
#5691 = FACE_BOUND('',#5692,.T.);
#5692 = EDGE_LOOP('',(#5693,#5701,#5702,#5703));
#5693 = ORIENTED_EDGE('',*,*,#5694,.F.);
#5694 = EDGE_CURVE('',#5670,#5695,#5697,.T.);
#5695 = VERTEX_POINT('',#5696);
#5696 = CARTESIAN_POINT('',(1.2,0.76,1.52));
#5697 = LINE('',#5698,#5699);
#5698 = CARTESIAN_POINT('',(1.2,0.76,4.E-02));
#5699 = VECTOR('',#5700,1.);
#5700 = DIRECTION('',(0.,0.,1.));
#5701 = ORIENTED_EDGE('',*,*,#5669,.F.);
#5702 = ORIENTED_EDGE('',*,*,#5582,.T.);
#5703 = ORIENTED_EDGE('',*,*,#5704,.T.);
#5704 = EDGE_CURVE('',#5574,#5695,#5705,.T.);
#5705 = LINE('',#5706,#5707);
#5706 = CARTESIAN_POINT('',(-1.2,0.76,1.52));
#5707 = VECTOR('',#5708,1.);
#5708 = DIRECTION('',(1.,0.,0.));
#5709 = PLANE('',#5710);
#5710 = AXIS2_PLACEMENT_3D('',#5711,#5712,#5713);
#5711 = CARTESIAN_POINT('',(-1.2,0.76,4.E-02));
#5712 = DIRECTION('',(0.,1.,0.));
#5713 = DIRECTION('',(0.,-0.,1.));
#5714 = ADVANCED_FACE('',(#5715),#5734,.T.);
#5715 = FACE_BOUND('',#5716,.T.);
#5716 = EDGE_LOOP('',(#5717,#5718,#5726,#5733));
#5717 = ORIENTED_EDGE('',*,*,#5573,.T.);
#5718 = ORIENTED_EDGE('',*,*,#5719,.T.);
#5719 = EDGE_CURVE('',#5566,#5720,#5722,.T.);
#5720 = VERTEX_POINT('',#5721);
#5721 = CARTESIAN_POINT('',(1.2,0.72,1.56));
#5722 = LINE('',#5723,#5724);
#5723 = CARTESIAN_POINT('',(-1.2,0.72,1.56));
#5724 = VECTOR('',#5725,1.);
#5725 = DIRECTION('',(1.,0.,0.));
#5726 = ORIENTED_EDGE('',*,*,#5727,.F.);
#5727 = EDGE_CURVE('',#5695,#5720,#5728,.T.);
#5728 = CIRCLE('',#5729,4.E-02);
#5729 = AXIS2_PLACEMENT_3D('',#5730,#5731,#5732);
#5730 = CARTESIAN_POINT('',(1.2,0.72,1.52));
#5731 = DIRECTION('',(1.,0.,-0.));
#5732 = DIRECTION('',(0.,0.,1.));
#5733 = ORIENTED_EDGE('',*,*,#5704,.F.);
#5734 = CYLINDRICAL_SURFACE('',#5735,4.E-02);
#5735 = AXIS2_PLACEMENT_3D('',#5736,#5737,#5738);
#5736 = CARTESIAN_POINT('',(-1.2,0.72,1.52));
#5737 = DIRECTION('',(1.,0.,0.));
#5738 = DIRECTION('',(-0.,1.,0.));
#5739 = ADVANCED_FACE('',(#5740),#5758,.T.);
#5740 = FACE_BOUND('',#5741,.T.);
#5741 = EDGE_LOOP('',(#5742,#5743,#5751,#5757));
#5742 = ORIENTED_EDGE('',*,*,#5565,.F.);
#5743 = ORIENTED_EDGE('',*,*,#5744,.T.);
#5744 = EDGE_CURVE('',#5557,#5745,#5747,.T.);
#5745 = VERTEX_POINT('',#5746);
#5746 = CARTESIAN_POINT('',(1.2,-0.72,1.56));
#5747 = LINE('',#5748,#5749);
#5748 = CARTESIAN_POINT('',(-1.2,-0.72,1.56));
#5749 = VECTOR('',#5750,1.);
#5750 = DIRECTION('',(1.,0.,0.));
#5751 = ORIENTED_EDGE('',*,*,#5752,.T.);
#5752 = EDGE_CURVE('',#5745,#5720,#5753,.T.);
#5753 = LINE('',#5754,#5755);
#5754 = CARTESIAN_POINT('',(1.2,-0.76,1.56));
#5755 = VECTOR('',#5756,1.);
#5756 = DIRECTION('',(0.,1.,0.));
#5757 = ORIENTED_EDGE('',*,*,#5719,.F.);
#5758 = PLANE('',#5759);
#5759 = AXIS2_PLACEMENT_3D('',#5760,#5761,#5762);
#5760 = CARTESIAN_POINT('',(-1.2,-0.76,1.56));
#5761 = DIRECTION('',(0.,0.,1.));
#5762 = DIRECTION('',(1.,0.,-0.));
#5763 = ADVANCED_FACE('',(#5764),#5783,.T.);
#5764 = FACE_BOUND('',#5765,.T.);
#5765 = EDGE_LOOP('',(#5766,#5774,#5781,#5782));
#5766 = ORIENTED_EDGE('',*,*,#5767,.T.);
#5767 = EDGE_CURVE('',#5549,#5768,#5770,.T.);
#5768 = VERTEX_POINT('',#5769);
#5769 = CARTESIAN_POINT('',(1.2,-0.76,1.52));
#5770 = LINE('',#5771,#5772);
#5771 = CARTESIAN_POINT('',(-1.2,-0.76,1.52));
#5772 = VECTOR('',#5773,1.);
#5773 = DIRECTION('',(1.,0.,0.));
#5774 = ORIENTED_EDGE('',*,*,#5775,.T.);
#5775 = EDGE_CURVE('',#5768,#5745,#5776,.T.);
#5776 = CIRCLE('',#5777,4.E-02);
#5777 = AXIS2_PLACEMENT_3D('',#5778,#5779,#5780);
#5778 = CARTESIAN_POINT('',(1.2,-0.72,1.52));
#5779 = DIRECTION('',(-1.,0.,0.));
#5780 = DIRECTION('',(0.,0.,1.));
#5781 = ORIENTED_EDGE('',*,*,#5744,.F.);
#5782 = ORIENTED_EDGE('',*,*,#5556,.F.);
#5783 = CYLINDRICAL_SURFACE('',#5784,4.E-02);
#5784 = AXIS2_PLACEMENT_3D('',#5785,#5786,#5787);
#5785 = CARTESIAN_POINT('',(-1.2,-0.72,1.52));
#5786 = DIRECTION('',(1.,0.,0.));
#5787 = DIRECTION('',(0.,-1.,0.));
#5788 = ADVANCED_FACE('',(#5789),#5800,.F.);
#5789 = FACE_BOUND('',#5790,.F.);
#5790 = EDGE_LOOP('',(#5791,#5797,#5798,#5799));
#5791 = ORIENTED_EDGE('',*,*,#5792,.F.);
#5792 = EDGE_CURVE('',#5623,#5768,#5793,.T.);
#5793 = LINE('',#5794,#5795);
#5794 = CARTESIAN_POINT('',(1.2,-0.76,4.E-02));
#5795 = VECTOR('',#5796,1.);
#5796 = DIRECTION('',(0.,0.,1.));
#5797 = ORIENTED_EDGE('',*,*,#5631,.F.);
#5798 = ORIENTED_EDGE('',*,*,#5548,.T.);
#5799 = ORIENTED_EDGE('',*,*,#5767,.T.);
#5800 = PLANE('',#5801);
#5801 = AXIS2_PLACEMENT_3D('',#5802,#5803,#5804);
#5802 = CARTESIAN_POINT('',(-1.2,-0.76,4.E-02));
#5803 = DIRECTION('',(0.,1.,0.));
#5804 = DIRECTION('',(0.,-0.,1.));
#5805 = ADVANCED_FACE('',(#5806,#5876),#5886,.F.);
#5806 = FACE_BOUND('',#5807,.F.);
#5807 = EDGE_LOOP('',(#5808,#5818,#5827,#5835,#5844,#5852,#5861,#5869));
#5808 = ORIENTED_EDGE('',*,*,#5809,.F.);
#5809 = EDGE_CURVE('',#5810,#5812,#5814,.T.);
#5810 = VERTEX_POINT('',#5811);
#5811 = CARTESIAN_POINT('',(1.2,-0.8,4.E-02));
#5812 = VERTEX_POINT('',#5813);
#5813 = CARTESIAN_POINT('',(1.2,-0.8,1.56));
#5814 = LINE('',#5815,#5816);
#5815 = CARTESIAN_POINT('',(1.2,-0.8,0.));
#5816 = VECTOR('',#5817,1.);
#5817 = DIRECTION('',(0.,0.,1.));
#5818 = ORIENTED_EDGE('',*,*,#5819,.T.);
#5819 = EDGE_CURVE('',#5810,#5820,#5822,.T.);
#5820 = VERTEX_POINT('',#5821);
#5821 = CARTESIAN_POINT('',(1.2,-0.76,0.));
#5822 = CIRCLE('',#5823,4.E-02);
#5823 = AXIS2_PLACEMENT_3D('',#5824,#5825,#5826);
#5824 = CARTESIAN_POINT('',(1.2,-0.76,4.E-02));
#5825 = DIRECTION('',(1.,0.,-0.));
#5826 = DIRECTION('',(0.,0.,1.));
#5827 = ORIENTED_EDGE('',*,*,#5828,.T.);
#5828 = EDGE_CURVE('',#5820,#5829,#5831,.T.);
#5829 = VERTEX_POINT('',#5830);
#5830 = CARTESIAN_POINT('',(1.2,0.76,0.));
#5831 = LINE('',#5832,#5833);
#5832 = CARTESIAN_POINT('',(1.2,-0.8,0.));
#5833 = VECTOR('',#5834,1.);
#5834 = DIRECTION('',(0.,1.,0.));
#5835 = ORIENTED_EDGE('',*,*,#5836,.F.);
#5836 = EDGE_CURVE('',#5837,#5829,#5839,.T.);
#5837 = VERTEX_POINT('',#5838);
#5838 = CARTESIAN_POINT('',(1.2,0.8,4.E-02));
#5839 = CIRCLE('',#5840,4.E-02);
#5840 = AXIS2_PLACEMENT_3D('',#5841,#5842,#5843);
#5841 = CARTESIAN_POINT('',(1.2,0.76,4.E-02));
#5842 = DIRECTION('',(-1.,0.,0.));
#5843 = DIRECTION('',(0.,0.,1.));
#5844 = ORIENTED_EDGE('',*,*,#5845,.T.);
#5845 = EDGE_CURVE('',#5837,#5846,#5848,.T.);
#5846 = VERTEX_POINT('',#5847);
#5847 = CARTESIAN_POINT('',(1.2,0.8,1.56));
#5848 = LINE('',#5849,#5850);
#5849 = CARTESIAN_POINT('',(1.2,0.8,0.));
#5850 = VECTOR('',#5851,1.);
#5851 = DIRECTION('',(0.,0.,1.));
#5852 = ORIENTED_EDGE('',*,*,#5853,.T.);
#5853 = EDGE_CURVE('',#5846,#5854,#5856,.T.);
#5854 = VERTEX_POINT('',#5855);
#5855 = CARTESIAN_POINT('',(1.2,0.76,1.6));
#5856 = CIRCLE('',#5857,4.E-02);
#5857 = AXIS2_PLACEMENT_3D('',#5858,#5859,#5860);
#5858 = CARTESIAN_POINT('',(1.2,0.76,1.56));
#5859 = DIRECTION('',(1.,0.,-0.));
#5860 = DIRECTION('',(0.,0.,1.));
#5861 = ORIENTED_EDGE('',*,*,#5862,.F.);
#5862 = EDGE_CURVE('',#5863,#5854,#5865,.T.);
#5863 = VERTEX_POINT('',#5864);
#5864 = CARTESIAN_POINT('',(1.2,-0.76,1.6));
#5865 = LINE('',#5866,#5867);
#5866 = CARTESIAN_POINT('',(1.2,-0.8,1.6));
#5867 = VECTOR('',#5868,1.);
#5868 = DIRECTION('',(0.,1.,0.));
#5869 = ORIENTED_EDGE('',*,*,#5870,.F.);
#5870 = EDGE_CURVE('',#5812,#5863,#5871,.T.);
#5871 = CIRCLE('',#5872,4.E-02);
#5872 = AXIS2_PLACEMENT_3D('',#5873,#5874,#5875);
#5873 = CARTESIAN_POINT('',(1.2,-0.76,1.56));
#5874 = DIRECTION('',(-1.,0.,0.));
#5875 = DIRECTION('',(0.,0.,1.));
#5876 = FACE_BOUND('',#5877,.F.);
#5877 = EDGE_LOOP('',(#5878,#5879,#5880,#5881,#5882,#5883,#5884,#5885));
#5878 = ORIENTED_EDGE('',*,*,#5622,.F.);
#5879 = ORIENTED_EDGE('',*,*,#5792,.T.);
#5880 = ORIENTED_EDGE('',*,*,#5775,.T.);
#5881 = ORIENTED_EDGE('',*,*,#5752,.T.);
#5882 = ORIENTED_EDGE('',*,*,#5727,.F.);
#5883 = ORIENTED_EDGE('',*,*,#5694,.F.);
#5884 = ORIENTED_EDGE('',*,*,#5677,.T.);
#5885 = ORIENTED_EDGE('',*,*,#5647,.F.);
#5886 = PLANE('',#5887);
#5887 = AXIS2_PLACEMENT_3D('',#5888,#5889,#5890);
#5888 = CARTESIAN_POINT('',(1.2,-0.8,0.));
#5889 = DIRECTION('',(1.,0.,0.));
#5890 = DIRECTION('',(0.,0.,1.));
#5891 = ADVANCED_FACE('',(#5892),#5917,.F.);
#5892 = FACE_BOUND('',#5893,.F.);
#5893 = EDGE_LOOP('',(#5894,#5904,#5910,#5911));
#5894 = ORIENTED_EDGE('',*,*,#5895,.F.);
#5895 = EDGE_CURVE('',#5896,#5898,#5900,.T.);
#5896 = VERTEX_POINT('',#5897);
#5897 = CARTESIAN_POINT('',(1.6,-0.8,4.E-02));
#5898 = VERTEX_POINT('',#5899);
#5899 = CARTESIAN_POINT('',(1.6,-0.8,1.56));
#5900 = LINE('',#5901,#5902);
#5901 = CARTESIAN_POINT('',(1.6,-0.8,0.));
#5902 = VECTOR('',#5903,1.);
#5903 = DIRECTION('',(0.,0.,1.));
#5904 = ORIENTED_EDGE('',*,*,#5905,.F.);
#5905 = EDGE_CURVE('',#5810,#5896,#5906,.T.);
#5906 = LINE('',#5907,#5908);
#5907 = CARTESIAN_POINT('',(1.2,-0.8,4.E-02));
#5908 = VECTOR('',#5909,1.);
#5909 = DIRECTION('',(1.,0.,0.));
#5910 = ORIENTED_EDGE('',*,*,#5809,.T.);
#5911 = ORIENTED_EDGE('',*,*,#5912,.T.);
#5912 = EDGE_CURVE('',#5812,#5898,#5913,.T.);
#5913 = LINE('',#5914,#5915);
#5914 = CARTESIAN_POINT('',(1.2,-0.8,1.56));
#5915 = VECTOR('',#5916,1.);
#5916 = DIRECTION('',(1.,0.,0.));
#5917 = PLANE('',#5918);
#5918 = AXIS2_PLACEMENT_3D('',#5919,#5920,#5921);
#5919 = CARTESIAN_POINT('',(1.2,-0.8,0.));
#5920 = DIRECTION('',(0.,1.,0.));
#5921 = DIRECTION('',(0.,-0.,1.));
#5922 = ADVANCED_FACE('',(#5923),#5942,.T.);
#5923 = FACE_BOUND('',#5924,.T.);
#5924 = EDGE_LOOP('',(#5925,#5926,#5934,#5941));
#5925 = ORIENTED_EDGE('',*,*,#5819,.T.);
#5926 = ORIENTED_EDGE('',*,*,#5927,.T.);
#5927 = EDGE_CURVE('',#5820,#5928,#5930,.T.);
#5928 = VERTEX_POINT('',#5929);
#5929 = CARTESIAN_POINT('',(1.6,-0.76,0.));
#5930 = LINE('',#5931,#5932);
#5931 = CARTESIAN_POINT('',(1.2,-0.76,0.));
#5932 = VECTOR('',#5933,1.);
#5933 = DIRECTION('',(1.,0.,0.));
#5934 = ORIENTED_EDGE('',*,*,#5935,.F.);
#5935 = EDGE_CURVE('',#5896,#5928,#5936,.T.);
#5936 = CIRCLE('',#5937,4.E-02);
#5937 = AXIS2_PLACEMENT_3D('',#5938,#5939,#5940);
#5938 = CARTESIAN_POINT('',(1.6,-0.76,4.E-02));
#5939 = DIRECTION('',(1.,0.,-0.));
#5940 = DIRECTION('',(0.,0.,1.));
#5941 = ORIENTED_EDGE('',*,*,#5905,.F.);
#5942 = CYLINDRICAL_SURFACE('',#5943,4.E-02);
#5943 = AXIS2_PLACEMENT_3D('',#5944,#5945,#5946);
#5944 = CARTESIAN_POINT('',(1.2,-0.76,4.E-02));
#5945 = DIRECTION('',(1.,0.,0.));
#5946 = DIRECTION('',(0.,-1.,0.));
#5947 = ADVANCED_FACE('',(#5948),#5967,.T.);
#5948 = FACE_BOUND('',#5949,.T.);
#5949 = EDGE_LOOP('',(#5950,#5951,#5960,#5966));
#5950 = ORIENTED_EDGE('',*,*,#5912,.T.);
#5951 = ORIENTED_EDGE('',*,*,#5952,.T.);
#5952 = EDGE_CURVE('',#5898,#5953,#5955,.T.);
#5953 = VERTEX_POINT('',#5954);
#5954 = CARTESIAN_POINT('',(1.6,-0.76,1.6));
#5955 = CIRCLE('',#5956,4.E-02);
#5956 = AXIS2_PLACEMENT_3D('',#5957,#5958,#5959);
#5957 = CARTESIAN_POINT('',(1.6,-0.76,1.56));
#5958 = DIRECTION('',(-1.,0.,0.));
#5959 = DIRECTION('',(0.,0.,1.));
#5960 = ORIENTED_EDGE('',*,*,#5961,.F.);
#5961 = EDGE_CURVE('',#5863,#5953,#5962,.T.);
#5962 = LINE('',#5963,#5964);
#5963 = CARTESIAN_POINT('',(1.2,-0.76,1.6));
#5964 = VECTOR('',#5965,1.);
#5965 = DIRECTION('',(1.,0.,0.));
#5966 = ORIENTED_EDGE('',*,*,#5870,.F.);
#5967 = CYLINDRICAL_SURFACE('',#5968,4.E-02);
#5968 = AXIS2_PLACEMENT_3D('',#5969,#5970,#5971);
#5969 = CARTESIAN_POINT('',(1.2,-0.76,1.56));
#5970 = DIRECTION('',(1.,0.,0.));
#5971 = DIRECTION('',(0.,-1.,0.));
#5972 = ADVANCED_FACE('',(#5973),#5991,.F.);
#5973 = FACE_BOUND('',#5974,.F.);
#5974 = EDGE_LOOP('',(#5975,#5976,#5977,#5985));
#5975 = ORIENTED_EDGE('',*,*,#5828,.F.);
#5976 = ORIENTED_EDGE('',*,*,#5927,.T.);
#5977 = ORIENTED_EDGE('',*,*,#5978,.T.);
#5978 = EDGE_CURVE('',#5928,#5979,#5981,.T.);
#5979 = VERTEX_POINT('',#5980);
#5980 = CARTESIAN_POINT('',(1.6,0.76,0.));
#5981 = LINE('',#5982,#5983);
#5982 = CARTESIAN_POINT('',(1.6,-0.8,0.));
#5983 = VECTOR('',#5984,1.);
#5984 = DIRECTION('',(0.,1.,0.));
#5985 = ORIENTED_EDGE('',*,*,#5986,.F.);
#5986 = EDGE_CURVE('',#5829,#5979,#5987,.T.);
#5987 = LINE('',#5988,#5989);
#5988 = CARTESIAN_POINT('',(1.2,0.76,0.));
#5989 = VECTOR('',#5990,1.);
#5990 = DIRECTION('',(1.,0.,0.));
#5991 = PLANE('',#5992);
#5992 = AXIS2_PLACEMENT_3D('',#5993,#5994,#5995);
#5993 = CARTESIAN_POINT('',(1.2,-0.8,0.));
#5994 = DIRECTION('',(0.,0.,1.));
#5995 = DIRECTION('',(1.,0.,-0.));
#5996 = ADVANCED_FACE('',(#5997),#6015,.T.);
#5997 = FACE_BOUND('',#5998,.T.);
#5998 = EDGE_LOOP('',(#5999,#6000,#6001,#6009));
#5999 = ORIENTED_EDGE('',*,*,#5862,.F.);
#6000 = ORIENTED_EDGE('',*,*,#5961,.T.);
#6001 = ORIENTED_EDGE('',*,*,#6002,.T.);
#6002 = EDGE_CURVE('',#5953,#6003,#6005,.T.);
#6003 = VERTEX_POINT('',#6004);
#6004 = CARTESIAN_POINT('',(1.6,0.76,1.6));
#6005 = LINE('',#6006,#6007);
#6006 = CARTESIAN_POINT('',(1.6,-0.8,1.6));
#6007 = VECTOR('',#6008,1.);
#6008 = DIRECTION('',(0.,1.,0.));
#6009 = ORIENTED_EDGE('',*,*,#6010,.F.);
#6010 = EDGE_CURVE('',#5854,#6003,#6011,.T.);
#6011 = LINE('',#6012,#6013);
#6012 = CARTESIAN_POINT('',(1.2,0.76,1.6));
#6013 = VECTOR('',#6014,1.);
#6014 = DIRECTION('',(1.,0.,0.));
#6015 = PLANE('',#6016);
#6016 = AXIS2_PLACEMENT_3D('',#6017,#6018,#6019);
#6017 = CARTESIAN_POINT('',(1.2,-0.8,1.6));
#6018 = DIRECTION('',(0.,0.,1.));
#6019 = DIRECTION('',(1.,0.,-0.));
#6020 = ADVANCED_FACE('',(#6021),#6040,.T.);
#6021 = FACE_BOUND('',#6022,.T.);
#6022 = EDGE_LOOP('',(#6023,#6031,#6038,#6039));
#6023 = ORIENTED_EDGE('',*,*,#6024,.T.);
#6024 = EDGE_CURVE('',#5837,#6025,#6027,.T.);
#6025 = VERTEX_POINT('',#6026);
#6026 = CARTESIAN_POINT('',(1.6,0.8,4.E-02));
#6027 = LINE('',#6028,#6029);
#6028 = CARTESIAN_POINT('',(1.2,0.8,4.E-02));
#6029 = VECTOR('',#6030,1.);
#6030 = DIRECTION('',(1.,0.,0.));
#6031 = ORIENTED_EDGE('',*,*,#6032,.T.);
#6032 = EDGE_CURVE('',#6025,#5979,#6033,.T.);
#6033 = CIRCLE('',#6034,4.E-02);
#6034 = AXIS2_PLACEMENT_3D('',#6035,#6036,#6037);
#6035 = CARTESIAN_POINT('',(1.6,0.76,4.E-02));
#6036 = DIRECTION('',(-1.,0.,0.));
#6037 = DIRECTION('',(0.,0.,1.));
#6038 = ORIENTED_EDGE('',*,*,#5986,.F.);
#6039 = ORIENTED_EDGE('',*,*,#5836,.F.);
#6040 = CYLINDRICAL_SURFACE('',#6041,4.E-02);
#6041 = AXIS2_PLACEMENT_3D('',#6042,#6043,#6044);
#6042 = CARTESIAN_POINT('',(1.2,0.76,4.E-02));
#6043 = DIRECTION('',(1.,0.,0.));
#6044 = DIRECTION('',(-0.,1.,0.));
#6045 = ADVANCED_FACE('',(#6046),#6065,.T.);
#6046 = FACE_BOUND('',#6047,.T.);
#6047 = EDGE_LOOP('',(#6048,#6049,#6050,#6059));
#6048 = ORIENTED_EDGE('',*,*,#5853,.T.);
#6049 = ORIENTED_EDGE('',*,*,#6010,.T.);
#6050 = ORIENTED_EDGE('',*,*,#6051,.F.);
#6051 = EDGE_CURVE('',#6052,#6003,#6054,.T.);
#6052 = VERTEX_POINT('',#6053);
#6053 = CARTESIAN_POINT('',(1.6,0.8,1.56));
#6054 = CIRCLE('',#6055,4.E-02);
#6055 = AXIS2_PLACEMENT_3D('',#6056,#6057,#6058);
#6056 = CARTESIAN_POINT('',(1.6,0.76,1.56));
#6057 = DIRECTION('',(1.,0.,-0.));
#6058 = DIRECTION('',(0.,0.,1.));
#6059 = ORIENTED_EDGE('',*,*,#6060,.F.);
#6060 = EDGE_CURVE('',#5846,#6052,#6061,.T.);
#6061 = LINE('',#6062,#6063);
#6062 = CARTESIAN_POINT('',(1.2,0.8,1.56));
#6063 = VECTOR('',#6064,1.);
#6064 = DIRECTION('',(1.,0.,0.));
#6065 = CYLINDRICAL_SURFACE('',#6066,4.E-02);
#6066 = AXIS2_PLACEMENT_3D('',#6067,#6068,#6069);
#6067 = CARTESIAN_POINT('',(1.2,0.76,1.56));
#6068 = DIRECTION('',(1.,0.,0.));
#6069 = DIRECTION('',(-0.,1.,0.));
#6070 = ADVANCED_FACE('',(#6071),#6082,.T.);
#6071 = FACE_BOUND('',#6072,.T.);
#6072 = EDGE_LOOP('',(#6073,#6079,#6080,#6081));
#6073 = ORIENTED_EDGE('',*,*,#6074,.F.);
#6074 = EDGE_CURVE('',#6025,#6052,#6075,.T.);
#6075 = LINE('',#6076,#6077);
#6076 = CARTESIAN_POINT('',(1.6,0.8,0.));
#6077 = VECTOR('',#6078,1.);
#6078 = DIRECTION('',(0.,0.,1.));
#6079 = ORIENTED_EDGE('',*,*,#6024,.F.);
#6080 = ORIENTED_EDGE('',*,*,#5845,.T.);
#6081 = ORIENTED_EDGE('',*,*,#6060,.T.);
#6082 = PLANE('',#6083);
#6083 = AXIS2_PLACEMENT_3D('',#6084,#6085,#6086);
#6084 = CARTESIAN_POINT('',(1.2,0.8,0.));
#6085 = DIRECTION('',(0.,1.,0.));
#6086 = DIRECTION('',(0.,-0.,1.));
#6087 = ADVANCED_FACE('',(#6088),#6098,.T.);
#6088 = FACE_BOUND('',#6089,.T.);
#6089 = EDGE_LOOP('',(#6090,#6091,#6092,#6093,#6094,#6095,#6096,#6097));
#6090 = ORIENTED_EDGE('',*,*,#5895,.F.);
#6091 = ORIENTED_EDGE('',*,*,#5935,.T.);
#6092 = ORIENTED_EDGE('',*,*,#5978,.T.);
#6093 = ORIENTED_EDGE('',*,*,#6032,.F.);
#6094 = ORIENTED_EDGE('',*,*,#6074,.T.);
#6095 = ORIENTED_EDGE('',*,*,#6051,.T.);
#6096 = ORIENTED_EDGE('',*,*,#6002,.F.);
#6097 = ORIENTED_EDGE('',*,*,#5952,.F.);
#6098 = PLANE('',#6099);
#6099 = AXIS2_PLACEMENT_3D('',#6100,#6101,#6102);
#6100 = CARTESIAN_POINT('',(1.6,-0.8,0.));
#6101 = DIRECTION('',(1.,0.,0.));
#6102 = DIRECTION('',(0.,0.,1.));
#6103 = ( GEOMETRIC_REPRESENTATION_CONTEXT(3) 
GLOBAL_UNCERTAINTY_ASSIGNED_CONTEXT((#6107)) 
GLOBAL_UNIT_ASSIGNED_CONTEXT((#6104,#6105,#6106)) REPRESENTATION_CONTEXT
('Context #1','3D Context with UNIT and UNCERTAINTY') );
#6104 = ( LENGTH_UNIT() NAMED_UNIT(*) SI_UNIT(.MILLI.,.METRE.) );
#6105 = ( NAMED_UNIT(*) PLANE_ANGLE_UNIT() SI_UNIT($,.RADIAN.) );
#6106 = ( NAMED_UNIT(*) SI_UNIT($,.STERADIAN.) SOLID_ANGLE_UNIT() );
#6107 = UNCERTAINTY_MEASURE_WITH_UNIT(LENGTH_MEASURE(1.E-07),#6104,
  'distance_accuracy_value','confusion accuracy');
#6108 = CONTEXT_DEPENDENT_SHAPE_REPRESENTATION(#6109,#6111);
#6109 = ( REPRESENTATION_RELATIONSHIP('','',#5248,#10) 
REPRESENTATION_RELATIONSHIP_WITH_TRANSFORMATION(#6110) 
SHAPE_REPRESENTATION_RELATIONSHIP() );
#6110 = ITEM_DEFINED_TRANSFORMATION('','',#11,#75);
#6111 = PRODUCT_DEFINITION_SHAPE('Placement','Placement of an item',
  #6112);
#6112 = NEXT_ASSEMBLY_USAGE_OCCURRENCE('17','C8','',#5,#5243,$);
#6113 = PRODUCT_RELATED_PRODUCT_CATEGORY('part',$,(#5245));
#6114 = CONTEXT_DEPENDENT_SHAPE_REPRESENTATION(#6115,#6117);
#6115 = ( REPRESENTATION_RELATIONSHIP('','',#985,#10) 
REPRESENTATION_RELATIONSHIP_WITH_TRANSFORMATION(#6116) 
SHAPE_REPRESENTATION_RELATIONSHIP() );
#6116 = ITEM_DEFINED_TRANSFORMATION('','',#11,#79);
#6117 = PRODUCT_DEFINITION_SHAPE('Placement','Placement of an item',
  #6118);
#6118 = NEXT_ASSEMBLY_USAGE_OCCURRENCE('18','R13','',#5,#980,$);
#6119 = SHAPE_DEFINITION_REPRESENTATION(#6120,#6126);
#6120 = PRODUCT_DEFINITION_SHAPE('','',#6121);
#6121 = PRODUCT_DEFINITION('design','',#6122,#6125);
#6122 = PRODUCT_DEFINITION_FORMATION('','',#6123);
#6123 = PRODUCT('74437336','74437336','',(#6124));
#6124 = PRODUCT_CONTEXT('',#2,'mechanical');
#6125 = PRODUCT_DEFINITION_CONTEXT('part definition',#2,'design');
#6126 = SHAPE_REPRESENTATION('',(#11,#6127,#6131),#6135);
#6127 = AXIS2_PLACEMENT_3D('',#6128,#6129,#6130);
#6128 = CARTESIAN_POINT('',(0.,0.,0.));
#6129 = DIRECTION('',(0.,0.,1.));
#6130 = DIRECTION('',(1.,0.,0.));
#6131 = AXIS2_PLACEMENT_3D('',#6132,#6133,#6134);
#6132 = CARTESIAN_POINT('',(0.,0.,0.));
#6133 = DIRECTION('',(0.,0.,1.));
#6134 = DIRECTION('',(1.,0.,0.));
#6135 = ( GEOMETRIC_REPRESENTATION_CONTEXT(3) 
GLOBAL_UNCERTAINTY_ASSIGNED_CONTEXT((#6139)) 
GLOBAL_UNIT_ASSIGNED_CONTEXT((#6136,#6137,#6138)) REPRESENTATION_CONTEXT
('Context #1','3D Context with UNIT and UNCERTAINTY') );
#6136 = ( LENGTH_UNIT() NAMED_UNIT(*) SI_UNIT(.MILLI.,.METRE.) );
#6137 = ( NAMED_UNIT(*) PLANE_ANGLE_UNIT() SI_UNIT($,.RADIAN.) );
#6138 = ( NAMED_UNIT(*) SI_UNIT($,.STERADIAN.) SOLID_ANGLE_UNIT() );
#6139 = UNCERTAINTY_MEASURE_WITH_UNIT(LENGTH_MEASURE(1.E-07),#6136,
  'distance_accuracy_value','confusion accuracy');
#6140 = CONTEXT_DEPENDENT_SHAPE_REPRESENTATION(#6141,#6143);
#6141 = ( REPRESENTATION_RELATIONSHIP('','',#6126,#10) 
REPRESENTATION_RELATIONSHIP_WITH_TRANSFORMATION(#6142) 
SHAPE_REPRESENTATION_RELATIONSHIP() );
#6142 = ITEM_DEFINED_TRANSFORMATION('','',#11,#83);
#6143 = PRODUCT_DEFINITION_SHAPE('Placement','Placement of an item',
  #6144);
#6144 = NEXT_ASSEMBLY_USAGE_OCCURRENCE('21','L1','',#5,#6121,$);
#6145 = PRODUCT_RELATED_PRODUCT_CATEGORY('part',$,(#6123));
#6146 = SHAPE_DEFINITION_REPRESENTATION(#6147,#6153);
#6147 = PRODUCT_DEFINITION_SHAPE('','',#6148);
#6148 = PRODUCT_DEFINITION('design','',#6149,#6152);
#6149 = PRODUCT_DEFINITION_FORMATION('','',#6150);
#6150 = PRODUCT('base','base','',(#6151));
#6151 = PRODUCT_CONTEXT('',#2,'mechanical');
#6152 = PRODUCT_DEFINITION_CONTEXT('part definition',#2,'design');
#6153 = ADVANCED_BREP_SHAPE_REPRESENTATION('',(#11,#6154),#9754);
#6154 = MANIFOLD_SOLID_BREP('',#6155);
#6155 = CLOSED_SHELL('',(#6156,#6209,#6251,#6302,#6362,#6395,#6449,#6518
    ,#6551,#6584,#6620,#6650,#6673,#6696,#6712,#6748,#6778,#6801,#6824,
    #6840,#6939,#6969,#6992,#7015,#7038,#7061,#7084,#7107,#7130,#7153,
    #7176,#7199,#7222,#7238,#7325,#7357,#7382,#7407,#7439,#7526,#7559,
    #7679,#7709,#7732,#7755,#7778,#7801,#7824,#7847,#7870,#7893,#7916,
    #7939,#7962,#7985,#8008,#8031,#8047,#8087,#8118,#8158,#8189,#8220,
    #8253,#8286,#8303,#8334,#8367,#8400,#8417,#8462,#8556,#8587,#8622,
    #8653,#8688,#8706,#8724,#8742,#8760,#8791,#8816,#8841,#8865,#8889,
    #8914,#8939,#8956,#9199,#9208,#9247,#9259,#9276,#9288,#9347,#9364,
    #9381,#9398,#9423,#9435,#9452,#9477,#9494,#9506,#9605,#9640,#9671,
    #9688,#9713,#9725,#9742));
#6156 = ADVANCED_FACE('',(#6157),#6195,.F.);
#6157 = FACE_BOUND('',#6158,.F.);
#6158 = EDGE_LOOP('',(#6159,#6174,#6181,#6194));
#6159 = ORIENTED_EDGE('',*,*,#6160,.T.);
#6160 = EDGE_CURVE('',#6161,#6161,#6163,.T.);
#6161 = VERTEX_POINT('',#6162);
#6162 = CARTESIAN_POINT('',(1.498032786885,8.852459016393E-03,2.79));
#6163 = B_SPLINE_CURVE_WITH_KNOTS('',3,(#6164,#6165,#6166,#6167,#6168,
    #6169,#6170,#6171,#6172,#6173),.UNSPECIFIED.,.T.,.F.,(1,3,2,2,2,3,1)
  ,(-0.251057827927,0.,0.248942172073,0.497884344147,0.748942172073,1.,
    1.248942172073),.UNSPECIFIED.);
#6164 = CARTESIAN_POINT('',(1.498032786885,8.852459016393E-03,2.79));
#6165 = CARTESIAN_POINT('',(1.498032786885,0.240327868852,2.79));
#6166 = CARTESIAN_POINT('',(1.554426229508,0.313114754098,2.79));
#6167 = CARTESIAN_POINT('',(1.752459016393,0.313114754098,2.79));
#6168 = CARTESIAN_POINT('',(1.809508196721,0.240327868852,2.79));
#6169 = CARTESIAN_POINT('',(1.809508196721,-0.224590163934,2.79));
#6170 = CARTESIAN_POINT('',(1.752459016393,-0.296721311475,2.79));
#6171 = CARTESIAN_POINT('',(1.554426229508,-0.296721311475,2.79));
#6172 = CARTESIAN_POINT('',(1.498032786885,-0.224590163934,2.79));
#6173 = CARTESIAN_POINT('',(1.498032786885,8.852459016393E-03,2.79));
#6174 = ORIENTED_EDGE('',*,*,#6175,.T.);
#6175 = EDGE_CURVE('',#6161,#6176,#6178,.T.);
#6176 = VERTEX_POINT('',#6177);
#6177 = CARTESIAN_POINT('',(1.498032786885,8.852459016393E-03,2.8));
#6178 = B_SPLINE_CURVE_WITH_KNOTS('',1,(#6179,#6180),.UNSPECIFIED.,.F.,
  .F.,(2,2),(0.,1.E-02),.PIECEWISE_BEZIER_KNOTS.);
#6179 = CARTESIAN_POINT('',(1.498032786885,8.852459016393E-03,2.79));
#6180 = CARTESIAN_POINT('',(1.498032786885,8.852459016393E-03,2.8));
#6181 = ORIENTED_EDGE('',*,*,#6182,.F.);
#6182 = EDGE_CURVE('',#6176,#6176,#6183,.T.);
#6183 = B_SPLINE_CURVE_WITH_KNOTS('',3,(#6184,#6185,#6186,#6187,#6188,
    #6189,#6190,#6191,#6192,#6193),.UNSPECIFIED.,.T.,.F.,(1,3,2,2,2,3,1)
  ,(-0.251057827927,0.,0.248942172073,0.497884344147,0.748942172073,1.,
    1.248942172073),.UNSPECIFIED.);
#6184 = CARTESIAN_POINT('',(1.498032786885,8.852459016393E-03,2.8));
#6185 = CARTESIAN_POINT('',(1.498032786885,0.240327868852,2.8));
#6186 = CARTESIAN_POINT('',(1.554426229508,0.313114754098,2.8));
#6187 = CARTESIAN_POINT('',(1.752459016393,0.313114754098,2.8));
#6188 = CARTESIAN_POINT('',(1.809508196721,0.240327868852,2.8));
#6189 = CARTESIAN_POINT('',(1.809508196721,-0.224590163934,2.8));
#6190 = CARTESIAN_POINT('',(1.752459016393,-0.296721311475,2.8));
#6191 = CARTESIAN_POINT('',(1.554426229508,-0.296721311475,2.8));
#6192 = CARTESIAN_POINT('',(1.498032786885,-0.224590163934,2.8));
#6193 = CARTESIAN_POINT('',(1.498032786885,8.852459016393E-03,2.8));
#6194 = ORIENTED_EDGE('',*,*,#6175,.F.);
#6195 = SURFACE_OF_LINEAR_EXTRUSION('',#6196,#6207);
#6196 = B_SPLINE_CURVE_WITH_KNOTS('',3,(#6197,#6198,#6199,#6200,#6201,
    #6202,#6203,#6204,#6205,#6206),.UNSPECIFIED.,.T.,.F.,(1,3,2,2,2,3,1)
  ,(-0.251057827927,0.,0.248942172073,0.497884344147,0.748942172073,1.,
    1.248942172073),.UNSPECIFIED.);
#6197 = CARTESIAN_POINT('',(1.498032786885,8.852459016393E-03,2.79));
#6198 = CARTESIAN_POINT('',(1.498032786885,0.240327868852,2.79));
#6199 = CARTESIAN_POINT('',(1.554426229508,0.313114754098,2.79));
#6200 = CARTESIAN_POINT('',(1.752459016393,0.313114754098,2.79));
#6201 = CARTESIAN_POINT('',(1.809508196721,0.240327868852,2.79));
#6202 = CARTESIAN_POINT('',(1.809508196721,-0.224590163934,2.79));
#6203 = CARTESIAN_POINT('',(1.752459016393,-0.296721311475,2.79));
#6204 = CARTESIAN_POINT('',(1.554426229508,-0.296721311475,2.79));
#6205 = CARTESIAN_POINT('',(1.498032786885,-0.224590163934,2.79));
#6206 = CARTESIAN_POINT('',(1.498032786885,8.852459016393E-03,2.79));
#6207 = VECTOR('',#6208,1.);
#6208 = DIRECTION('',(0.,0.,1.));
#6209 = ADVANCED_FACE('',(#6210),#6246,.F.);
#6210 = FACE_BOUND('',#6211,.T.);
#6211 = EDGE_LOOP('',(#6212,#6223,#6231,#6240));
#6212 = ORIENTED_EDGE('',*,*,#6213,.T.);
#6213 = EDGE_CURVE('',#6214,#6216,#6218,.T.);
#6214 = VERTEX_POINT('',#6215);
#6215 = CARTESIAN_POINT('',(1.892131147541,0.366229508197,2.8));
#6216 = VERTEX_POINT('',#6217);
#6217 = CARTESIAN_POINT('',(1.81606557377,0.366229508197,2.8));
#6218 = B_SPLINE_CURVE_WITH_KNOTS('',3,(#6219,#6220,#6221,#6222),
  .UNSPECIFIED.,.F.,.F.,(4,4),(0.949608585586,0.969765151352),
  .PIECEWISE_BEZIER_KNOTS.);
#6219 = CARTESIAN_POINT('',(1.892131147541,0.366229508197,2.8));
#6220 = CARTESIAN_POINT('',(1.866775956284,0.366229508197,2.8));
#6221 = CARTESIAN_POINT('',(1.841420765027,0.366229508197,2.8));
#6222 = CARTESIAN_POINT('',(1.81606557377,0.366229508197,2.8));
#6223 = ORIENTED_EDGE('',*,*,#6224,.F.);
#6224 = EDGE_CURVE('',#6225,#6216,#6227,.T.);
#6225 = VERTEX_POINT('',#6226);
#6226 = CARTESIAN_POINT('',(1.81606557377,0.366229508197,2.79));
#6227 = LINE('',#6228,#6229);
#6228 = CARTESIAN_POINT('',(1.81606557377,0.366229508197,2.79));
#6229 = VECTOR('',#6230,1.);
#6230 = DIRECTION('',(0.,0.,1.));
#6231 = ORIENTED_EDGE('',*,*,#6232,.F.);
#6232 = EDGE_CURVE('',#6233,#6225,#6235,.T.);
#6233 = VERTEX_POINT('',#6234);
#6234 = CARTESIAN_POINT('',(1.892131147541,0.366229508197,2.79));
#6235 = B_SPLINE_CURVE_WITH_KNOTS('',3,(#6236,#6237,#6238,#6239),
  .UNSPECIFIED.,.F.,.F.,(4,4),(0.949608585586,0.969765151352),
  .PIECEWISE_BEZIER_KNOTS.);
#6236 = CARTESIAN_POINT('',(1.892131147541,0.366229508197,2.79));
#6237 = CARTESIAN_POINT('',(1.866775956284,0.366229508197,2.79));
#6238 = CARTESIAN_POINT('',(1.841420765027,0.366229508197,2.79));
#6239 = CARTESIAN_POINT('',(1.81606557377,0.366229508197,2.79));
#6240 = ORIENTED_EDGE('',*,*,#6241,.T.);
#6241 = EDGE_CURVE('',#6233,#6214,#6242,.T.);
#6242 = LINE('',#6243,#6244);
#6243 = CARTESIAN_POINT('',(1.892131147541,0.366229508197,2.79));
#6244 = VECTOR('',#6245,1.);
#6245 = DIRECTION('',(0.,0.,1.));
#6246 = PLANE('',#6247);
#6247 = AXIS2_PLACEMENT_3D('',#6248,#6249,#6250);
#6248 = CARTESIAN_POINT('',(1.892131147541,0.366229508197,2.79));
#6249 = DIRECTION('',(0.,1.,0.));
#6250 = DIRECTION('',(0.,-0.,1.));
#6251 = ADVANCED_FACE('',(#6252),#6289,.F.);
#6252 = FACE_BOUND('',#6253,.F.);
#6253 = EDGE_LOOP('',(#6254,#6264,#6276,#6277));
#6254 = ORIENTED_EDGE('',*,*,#6255,.F.);
#6255 = EDGE_CURVE('',#6256,#6258,#6260,.T.);
#6256 = VERTEX_POINT('',#6257);
#6257 = CARTESIAN_POINT('',(1.434426229508,-0.439672131148,2.79));
#6258 = VERTEX_POINT('',#6259);
#6259 = CARTESIAN_POINT('',(1.434426229508,-0.439672131148,2.8));
#6260 = LINE('',#6261,#6262);
#6261 = CARTESIAN_POINT('',(1.434426229508,-0.439672131148,2.79));
#6262 = VECTOR('',#6263,1.);
#6263 = DIRECTION('',(0.,0.,1.));
#6264 = ORIENTED_EDGE('',*,*,#6265,.T.);
#6265 = EDGE_CURVE('',#6256,#6233,#6266,.T.);
#6266 = B_SPLINE_CURVE_WITH_KNOTS('',3,(#6267,#6268,#6269,#6270,#6271,
    #6272,#6273,#6274,#6275),.UNSPECIFIED.,.F.,.F.,(4,2,3,4),(
    0.56752039684,0.661078865889,0.769589601681,0.949608585586),
  .UNSPECIFIED.);
#6267 = CARTESIAN_POINT('',(1.434426229508,-0.439672131148,2.79));
#6268 = CARTESIAN_POINT('',(1.435737704918,-0.543278688525,2.79));
#6269 = CARTESIAN_POINT('',(1.508524590164,-0.618032786885,2.79));
#6270 = CARTESIAN_POINT('',(1.81868852459,-0.618032786885,2.79));
#6271 = CARTESIAN_POINT('',(1.892131147541,-0.515737704918,2.79));
#6272 = CARTESIAN_POINT('',(1.892131147541,-0.313114754098,2.79));
#6273 = CARTESIAN_POINT('',(1.892131147541,-8.666666666667E-02,2.79));
#6274 = CARTESIAN_POINT('',(1.892131147541,0.139781420765,2.79));
#6275 = CARTESIAN_POINT('',(1.892131147541,0.366229508197,2.79));
#6276 = ORIENTED_EDGE('',*,*,#6241,.T.);
#6277 = ORIENTED_EDGE('',*,*,#6278,.F.);
#6278 = EDGE_CURVE('',#6258,#6214,#6279,.T.);
#6279 = B_SPLINE_CURVE_WITH_KNOTS('',3,(#6280,#6281,#6282,#6283,#6284,
    #6285,#6286,#6287,#6288),.UNSPECIFIED.,.F.,.F.,(4,2,3,4),(
    0.56752039684,0.661078865889,0.769589601681,0.949608585586),
  .UNSPECIFIED.);
#6280 = CARTESIAN_POINT('',(1.434426229508,-0.439672131148,2.8));
#6281 = CARTESIAN_POINT('',(1.435737704918,-0.543278688525,2.8));
#6282 = CARTESIAN_POINT('',(1.508524590164,-0.618032786885,2.8));
#6283 = CARTESIAN_POINT('',(1.81868852459,-0.618032786885,2.8));
#6284 = CARTESIAN_POINT('',(1.892131147541,-0.515737704918,2.8));
#6285 = CARTESIAN_POINT('',(1.892131147541,-0.313114754098,2.8));
#6286 = CARTESIAN_POINT('',(1.892131147541,-8.666666666667E-02,2.8));
#6287 = CARTESIAN_POINT('',(1.892131147541,0.139781420765,2.8));
#6288 = CARTESIAN_POINT('',(1.892131147541,0.366229508197,2.8));
#6289 = SURFACE_OF_LINEAR_EXTRUSION('',#6290,#6300);
#6290 = B_SPLINE_CURVE_WITH_KNOTS('',3,(#6291,#6292,#6293,#6294,#6295,
    #6296,#6297,#6298,#6299),.UNSPECIFIED.,.F.,.F.,(4,2,3,4),(
    0.56752039684,0.661078865889,0.769589601681,0.949608585586),
  .UNSPECIFIED.);
#6291 = CARTESIAN_POINT('',(1.434426229508,-0.439672131148,2.79));
#6292 = CARTESIAN_POINT('',(1.435737704918,-0.543278688525,2.79));
#6293 = CARTESIAN_POINT('',(1.508524590164,-0.618032786885,2.79));
#6294 = CARTESIAN_POINT('',(1.81868852459,-0.618032786885,2.79));
#6295 = CARTESIAN_POINT('',(1.892131147541,-0.515737704918,2.79));
#6296 = CARTESIAN_POINT('',(1.892131147541,-0.313114754098,2.79));
#6297 = CARTESIAN_POINT('',(1.892131147541,-8.666666666667E-02,2.79));
#6298 = CARTESIAN_POINT('',(1.892131147541,0.139781420765,2.79));
#6299 = CARTESIAN_POINT('',(1.892131147541,0.366229508197,2.79));
#6300 = VECTOR('',#6301,1.);
#6301 = DIRECTION('',(0.,0.,1.));
#6302 = ADVANCED_FACE('',(#6303),#6349,.F.);
#6303 = FACE_BOUND('',#6304,.F.);
#6304 = EDGE_LOOP('',(#6305,#6315,#6329,#6337));
#6305 = ORIENTED_EDGE('',*,*,#6306,.F.);
#6306 = EDGE_CURVE('',#6307,#6309,#6311,.T.);
#6307 = VERTEX_POINT('',#6308);
#6308 = CARTESIAN_POINT('',(1.809508196721,-0.234426229508,2.79));
#6309 = VERTEX_POINT('',#6310);
#6310 = CARTESIAN_POINT('',(1.809508196721,-0.234426229508,2.8));
#6311 = LINE('',#6312,#6313);
#6312 = CARTESIAN_POINT('',(1.809508196721,-0.234426229508,2.79));
#6313 = VECTOR('',#6314,1.);
#6314 = DIRECTION('',(0.,0.,1.));
#6315 = ORIENTED_EDGE('',*,*,#6316,.T.);
#6316 = EDGE_CURVE('',#6307,#6317,#6319,.T.);
#6317 = VERTEX_POINT('',#6318);
#6318 = CARTESIAN_POINT('',(1.517049180328,-0.439672131148,2.79));
#6319 = B_SPLINE_CURVE_WITH_KNOTS('',3,(#6320,#6321,#6322,#6323,#6324,
    #6325,#6326,#6327,#6328),.UNSPECIFIED.,.F.,.F.,(4,3,2,4),(
    0.38708352353,0.417839662672,0.492100516057,0.545626196095),
  .UNSPECIFIED.);
#6320 = CARTESIAN_POINT('',(1.809508196721,-0.234426229508,2.79));
#6321 = CARTESIAN_POINT('',(1.809508196721,-0.273114754098,2.79));
#6322 = CARTESIAN_POINT('',(1.809508196721,-0.311803278689,2.79));
#6323 = CARTESIAN_POINT('',(1.809508196721,-0.350491803279,2.79));
#6324 = CARTESIAN_POINT('',(1.809508196721,-0.480327868852,2.79));
#6325 = CARTESIAN_POINT('',(1.755737704918,-0.548524590164,2.79));
#6326 = CARTESIAN_POINT('',(1.581967213115,-0.548524590164,2.79));
#6327 = CARTESIAN_POINT('',(1.517049180328,-0.509180327869,2.79));
#6328 = CARTESIAN_POINT('',(1.517049180328,-0.439672131148,2.79));
#6329 = ORIENTED_EDGE('',*,*,#6330,.T.);
#6330 = EDGE_CURVE('',#6317,#6331,#6333,.T.);
#6331 = VERTEX_POINT('',#6332);
#6332 = CARTESIAN_POINT('',(1.517049180328,-0.439672131148,2.8));
#6333 = LINE('',#6334,#6335);
#6334 = CARTESIAN_POINT('',(1.517049180328,-0.439672131148,2.79));
#6335 = VECTOR('',#6336,1.);
#6336 = DIRECTION('',(0.,0.,1.));
#6337 = ORIENTED_EDGE('',*,*,#6338,.F.);
#6338 = EDGE_CURVE('',#6309,#6331,#6339,.T.);
#6339 = B_SPLINE_CURVE_WITH_KNOTS('',3,(#6340,#6341,#6342,#6343,#6344,
    #6345,#6346,#6347,#6348),.UNSPECIFIED.,.F.,.F.,(4,3,2,4),(
    0.38708352353,0.417839662672,0.492100516057,0.545626196095),
  .UNSPECIFIED.);
#6340 = CARTESIAN_POINT('',(1.809508196721,-0.234426229508,2.8));
#6341 = CARTESIAN_POINT('',(1.809508196721,-0.273114754098,2.8));
#6342 = CARTESIAN_POINT('',(1.809508196721,-0.311803278689,2.8));
#6343 = CARTESIAN_POINT('',(1.809508196721,-0.350491803279,2.8));
#6344 = CARTESIAN_POINT('',(1.809508196721,-0.480327868852,2.8));
#6345 = CARTESIAN_POINT('',(1.755737704918,-0.548524590164,2.8));
#6346 = CARTESIAN_POINT('',(1.581967213115,-0.548524590164,2.8));
#6347 = CARTESIAN_POINT('',(1.517049180328,-0.509180327869,2.8));
#6348 = CARTESIAN_POINT('',(1.517049180328,-0.439672131148,2.8));
#6349 = SURFACE_OF_LINEAR_EXTRUSION('',#6350,#6360);
#6350 = B_SPLINE_CURVE_WITH_KNOTS('',3,(#6351,#6352,#6353,#6354,#6355,
    #6356,#6357,#6358,#6359),.UNSPECIFIED.,.F.,.F.,(4,3,2,4),(
    0.38708352353,0.417839662672,0.492100516057,0.545626196095),
  .UNSPECIFIED.);
#6351 = CARTESIAN_POINT('',(1.809508196721,-0.234426229508,2.79));
#6352 = CARTESIAN_POINT('',(1.809508196721,-0.273114754098,2.79));
#6353 = CARTESIAN_POINT('',(1.809508196721,-0.311803278689,2.79));
#6354 = CARTESIAN_POINT('',(1.809508196721,-0.350491803279,2.79));
#6355 = CARTESIAN_POINT('',(1.809508196721,-0.480327868852,2.79));
#6356 = CARTESIAN_POINT('',(1.755737704918,-0.548524590164,2.79));
#6357 = CARTESIAN_POINT('',(1.581967213115,-0.548524590164,2.79));
#6358 = CARTESIAN_POINT('',(1.517049180328,-0.509180327869,2.79));
#6359 = CARTESIAN_POINT('',(1.517049180328,-0.439672131148,2.79));
#6360 = VECTOR('',#6361,1.);
#6361 = DIRECTION('',(0.,0.,1.));
#6362 = ADVANCED_FACE('',(#6363),#6390,.F.);
#6363 = FACE_BOUND('',#6364,.T.);
#6364 = EDGE_LOOP('',(#6365,#6374,#6375,#6384));
#6365 = ORIENTED_EDGE('',*,*,#6366,.T.);
#6366 = EDGE_CURVE('',#6367,#6309,#6369,.T.);
#6367 = VERTEX_POINT('',#6368);
#6368 = CARTESIAN_POINT('',(1.804918032787,-0.234426229508,2.8));
#6369 = B_SPLINE_CURVE_WITH_KNOTS('',3,(#6370,#6371,#6372,#6373),
  .UNSPECIFIED.,.F.,.F.,(4,4),(0.385867179044,0.38708352353),
  .PIECEWISE_BEZIER_KNOTS.);
#6370 = CARTESIAN_POINT('',(1.804918032787,-0.234426229508,2.8));
#6371 = CARTESIAN_POINT('',(1.806448087432,-0.234426229508,2.8));
#6372 = CARTESIAN_POINT('',(1.807978142077,-0.234426229508,2.8));
#6373 = CARTESIAN_POINT('',(1.809508196721,-0.234426229508,2.8));
#6374 = ORIENTED_EDGE('',*,*,#6306,.F.);
#6375 = ORIENTED_EDGE('',*,*,#6376,.F.);
#6376 = EDGE_CURVE('',#6377,#6307,#6379,.T.);
#6377 = VERTEX_POINT('',#6378);
#6378 = CARTESIAN_POINT('',(1.804918032787,-0.234426229508,2.79));
#6379 = B_SPLINE_CURVE_WITH_KNOTS('',3,(#6380,#6381,#6382,#6383),
  .UNSPECIFIED.,.F.,.F.,(4,4),(0.385867179044,0.38708352353),
  .PIECEWISE_BEZIER_KNOTS.);
#6380 = CARTESIAN_POINT('',(1.804918032787,-0.234426229508,2.79));
#6381 = CARTESIAN_POINT('',(1.806448087432,-0.234426229508,2.79));
#6382 = CARTESIAN_POINT('',(1.807978142077,-0.234426229508,2.79));
#6383 = CARTESIAN_POINT('',(1.809508196721,-0.234426229508,2.79));
#6384 = ORIENTED_EDGE('',*,*,#6385,.T.);
#6385 = EDGE_CURVE('',#6377,#6367,#6386,.T.);
#6386 = LINE('',#6387,#6388);
#6387 = CARTESIAN_POINT('',(1.804918032787,-0.234426229508,2.79));
#6388 = VECTOR('',#6389,1.);
#6389 = DIRECTION('',(0.,0.,1.));
#6390 = PLANE('',#6391);
#6391 = AXIS2_PLACEMENT_3D('',#6392,#6393,#6394);
#6392 = CARTESIAN_POINT('',(1.804918032787,-0.234426229508,2.79));
#6393 = DIRECTION('',(0.,-1.,0.));
#6394 = DIRECTION('',(0.,0.,-1.));
#6395 = ADVANCED_FACE('',(#6396),#6435,.F.);
#6396 = FACE_BOUND('',#6397,.F.);
#6397 = EDGE_LOOP('',(#6398,#6408,#6421,#6422));
#6398 = ORIENTED_EDGE('',*,*,#6399,.F.);
#6399 = EDGE_CURVE('',#6400,#6402,#6404,.T.);
#6400 = VERTEX_POINT('',#6401);
#6401 = CARTESIAN_POINT('',(1.813442622951,0.252131147541,2.79));
#6402 = VERTEX_POINT('',#6403);
#6403 = CARTESIAN_POINT('',(1.813442622951,0.252131147541,2.8));
#6404 = LINE('',#6405,#6406);
#6405 = CARTESIAN_POINT('',(1.813442622951,0.252131147541,2.79));
#6406 = VECTOR('',#6407,1.);
#6407 = DIRECTION('',(0.,0.,1.));
#6408 = ORIENTED_EDGE('',*,*,#6409,.T.);
#6409 = EDGE_CURVE('',#6400,#6377,#6410,.T.);
#6410 = B_SPLINE_CURVE_WITH_KNOTS('',3,(#6411,#6412,#6413,#6414,#6415,
    #6416,#6417,#6418,#6419,#6420),.UNSPECIFIED.,.F.,.F.,(4,2,2,2,4),(
    6.950539919118E-04,5.744477453301E-02,0.169113579469,0.298718824575,
    0.385867179044),.UNSPECIFIED.);
#6411 = CARTESIAN_POINT('',(1.813442622951,0.252131147541,2.79));
#6412 = CARTESIAN_POINT('',(1.787213114754,0.334754098361,2.79));
#6413 = CARTESIAN_POINT('',(1.724262295082,0.381967213115,2.79));
#6414 = CARTESIAN_POINT('',(1.482950819672,0.381967213115,2.79));
#6415 = CARTESIAN_POINT('',(1.409508196721,0.254098360656,2.79));
#6416 = CARTESIAN_POINT('',(1.409508196721,-0.292786885246,2.79));
#6417 = CARTESIAN_POINT('',(1.520983606557,-0.365573770492,2.79));
#6418 = CARTESIAN_POINT('',(1.711803278689,-0.365573770492,2.79));
#6419 = CARTESIAN_POINT('',(1.779344262295,-0.324262295082,2.79));
#6420 = CARTESIAN_POINT('',(1.804918032787,-0.234426229508,2.79));
#6421 = ORIENTED_EDGE('',*,*,#6385,.T.);
#6422 = ORIENTED_EDGE('',*,*,#6423,.F.);
#6423 = EDGE_CURVE('',#6402,#6367,#6424,.T.);
#6424 = B_SPLINE_CURVE_WITH_KNOTS('',3,(#6425,#6426,#6427,#6428,#6429,
    #6430,#6431,#6432,#6433,#6434),.UNSPECIFIED.,.F.,.F.,(4,2,2,2,4),(
    6.950539919118E-04,5.744477453301E-02,0.169113579469,0.298718824575,
    0.385867179044),.UNSPECIFIED.);
#6425 = CARTESIAN_POINT('',(1.813442622951,0.252131147541,2.8));
#6426 = CARTESIAN_POINT('',(1.787213114754,0.334754098361,2.8));
#6427 = CARTESIAN_POINT('',(1.724262295082,0.381967213115,2.8));
#6428 = CARTESIAN_POINT('',(1.482950819672,0.381967213115,2.8));
#6429 = CARTESIAN_POINT('',(1.409508196721,0.254098360656,2.8));
#6430 = CARTESIAN_POINT('',(1.409508196721,-0.292786885246,2.8));
#6431 = CARTESIAN_POINT('',(1.520983606557,-0.365573770492,2.8));
#6432 = CARTESIAN_POINT('',(1.711803278689,-0.365573770492,2.8));
#6433 = CARTESIAN_POINT('',(1.779344262295,-0.324262295082,2.8));
#6434 = CARTESIAN_POINT('',(1.804918032787,-0.234426229508,2.8));
#6435 = SURFACE_OF_LINEAR_EXTRUSION('',#6436,#6447);
#6436 = B_SPLINE_CURVE_WITH_KNOTS('',3,(#6437,#6438,#6439,#6440,#6441,
    #6442,#6443,#6444,#6445,#6446),.UNSPECIFIED.,.F.,.F.,(4,2,2,2,4),(
    6.950539919118E-04,5.744477453301E-02,0.169113579469,0.298718824575,
    0.385867179044),.UNSPECIFIED.);
#6437 = CARTESIAN_POINT('',(1.813442622951,0.252131147541,2.79));
#6438 = CARTESIAN_POINT('',(1.787213114754,0.334754098361,2.79));
#6439 = CARTESIAN_POINT('',(1.724262295082,0.381967213115,2.79));
#6440 = CARTESIAN_POINT('',(1.482950819672,0.381967213115,2.79));
#6441 = CARTESIAN_POINT('',(1.409508196721,0.254098360656,2.79));
#6442 = CARTESIAN_POINT('',(1.409508196721,-0.292786885246,2.79));
#6443 = CARTESIAN_POINT('',(1.520983606557,-0.365573770492,2.79));
#6444 = CARTESIAN_POINT('',(1.711803278689,-0.365573770492,2.79));
#6445 = CARTESIAN_POINT('',(1.779344262295,-0.324262295082,2.79));
#6446 = CARTESIAN_POINT('',(1.804918032787,-0.234426229508,2.79));
#6447 = VECTOR('',#6448,1.);
#6448 = DIRECTION('',(0.,0.,1.));
#6449 = ADVANCED_FACE('',(#6450),#6502,.F.);
#6450 = FACE_BOUND('',#6451,.F.);
#6451 = EDGE_LOOP('',(#6452,#6462,#6479,#6487));
#6452 = ORIENTED_EDGE('',*,*,#6453,.F.);
#6453 = EDGE_CURVE('',#6454,#6456,#6458,.T.);
#6454 = VERTEX_POINT('',#6455);
#6455 = CARTESIAN_POINT('',(0.911803278689,-0.365573770492,2.79));
#6456 = VERTEX_POINT('',#6457);
#6457 = CARTESIAN_POINT('',(0.911803278689,-0.365573770492,2.8));
#6458 = LINE('',#6459,#6460);
#6459 = CARTESIAN_POINT('',(0.911803278689,-0.365573770492,2.79));
#6460 = VECTOR('',#6461,1.);
#6461 = DIRECTION('',(0.,0.,1.));
#6462 = ORIENTED_EDGE('',*,*,#6463,.T.);
#6463 = EDGE_CURVE('',#6454,#6464,#6466,.T.);
#6464 = VERTEX_POINT('',#6465);
#6465 = CARTESIAN_POINT('',(1.198360655738,-0.365573770492,2.79));
#6466 = B_SPLINE_CURVE_WITH_KNOTS('',3,(#6467,#6468,#6469,#6470,#6471,
    #6472,#6473,#6474,#6475,#6476,#6477,#6478),.UNSPECIFIED.,.F.,.F.,(4,
    3,2,3,4),(2.236503389453E-02,0.155312735379,0.228504615467,
    0.291380861449,0.434446078267),.UNSPECIFIED.);
#6467 = CARTESIAN_POINT('',(0.911803278689,-0.365573770492,2.79));
#6468 = CARTESIAN_POINT('',(0.911803278689,-0.201857923497,2.79));
#6469 = CARTESIAN_POINT('',(0.911803278689,-3.814207650273E-02,2.79));
#6470 = CARTESIAN_POINT('',(0.911803278689,0.125573770492,2.79));
#6471 = CARTESIAN_POINT('',(0.911803278689,0.239672131148,2.79));
#6472 = CARTESIAN_POINT('',(0.975409836066,0.313114754098,2.79));
#6473 = CARTESIAN_POINT('',(1.157049180328,0.313114754098,2.79));
#6474 = CARTESIAN_POINT('',(1.198360655738,0.263278688525,2.79));
#6475 = CARTESIAN_POINT('',(1.198360655738,0.162950819672,2.79));
#6476 = CARTESIAN_POINT('',(1.198360655738,-1.322404371585E-02,2.79));
#6477 = CARTESIAN_POINT('',(1.198360655738,-0.189398907104,2.79));
#6478 = CARTESIAN_POINT('',(1.198360655738,-0.365573770492,2.79));
#6479 = ORIENTED_EDGE('',*,*,#6480,.T.);
#6480 = EDGE_CURVE('',#6464,#6481,#6483,.T.);
#6481 = VERTEX_POINT('',#6482);
#6482 = CARTESIAN_POINT('',(1.198360655738,-0.365573770492,2.8));
#6483 = LINE('',#6484,#6485);
#6484 = CARTESIAN_POINT('',(1.198360655738,-0.365573770492,2.79));
#6485 = VECTOR('',#6486,1.);
#6486 = DIRECTION('',(0.,0.,1.));
#6487 = ORIENTED_EDGE('',*,*,#6488,.F.);
#6488 = EDGE_CURVE('',#6456,#6481,#6489,.T.);
#6489 = B_SPLINE_CURVE_WITH_KNOTS('',3,(#6490,#6491,#6492,#6493,#6494,
    #6495,#6496,#6497,#6498,#6499,#6500,#6501),.UNSPECIFIED.,.F.,.F.,(4,
    3,2,3,4),(2.236503389453E-02,0.155312735379,0.228504615467,
    0.291380861449,0.434446078267),.UNSPECIFIED.);
#6490 = CARTESIAN_POINT('',(0.911803278689,-0.365573770492,2.8));
#6491 = CARTESIAN_POINT('',(0.911803278689,-0.201857923497,2.8));
#6492 = CARTESIAN_POINT('',(0.911803278689,-3.814207650273E-02,2.8));
#6493 = CARTESIAN_POINT('',(0.911803278689,0.125573770492,2.8));
#6494 = CARTESIAN_POINT('',(0.911803278689,0.239672131148,2.8));
#6495 = CARTESIAN_POINT('',(0.975409836066,0.313114754098,2.8));
#6496 = CARTESIAN_POINT('',(1.157049180328,0.313114754098,2.8));
#6497 = CARTESIAN_POINT('',(1.198360655738,0.263278688525,2.8));
#6498 = CARTESIAN_POINT('',(1.198360655738,0.162950819672,2.8));
#6499 = CARTESIAN_POINT('',(1.198360655738,-1.322404371585E-02,2.8));
#6500 = CARTESIAN_POINT('',(1.198360655738,-0.189398907104,2.8));
#6501 = CARTESIAN_POINT('',(1.198360655738,-0.365573770492,2.8));
#6502 = SURFACE_OF_LINEAR_EXTRUSION('',#6503,#6516);
#6503 = B_SPLINE_CURVE_WITH_KNOTS('',3,(#6504,#6505,#6506,#6507,#6508,
    #6509,#6510,#6511,#6512,#6513,#6514,#6515),.UNSPECIFIED.,.F.,.F.,(4,
    3,2,3,4),(2.236503389453E-02,0.155312735379,0.228504615467,
    0.291380861449,0.434446078267),.UNSPECIFIED.);
#6504 = CARTESIAN_POINT('',(0.911803278689,-0.365573770492,2.79));
#6505 = CARTESIAN_POINT('',(0.911803278689,-0.201857923497,2.79));
#6506 = CARTESIAN_POINT('',(0.911803278689,-3.814207650273E-02,2.79));
#6507 = CARTESIAN_POINT('',(0.911803278689,0.125573770492,2.79));
#6508 = CARTESIAN_POINT('',(0.911803278689,0.239672131148,2.79));
#6509 = CARTESIAN_POINT('',(0.975409836066,0.313114754098,2.79));
#6510 = CARTESIAN_POINT('',(1.157049180328,0.313114754098,2.79));
#6511 = CARTESIAN_POINT('',(1.198360655738,0.263278688525,2.79));
#6512 = CARTESIAN_POINT('',(1.198360655738,0.162950819672,2.79));
#6513 = CARTESIAN_POINT('',(1.198360655738,-1.322404371585E-02,2.79));
#6514 = CARTESIAN_POINT('',(1.198360655738,-0.189398907104,2.79));
#6515 = CARTESIAN_POINT('',(1.198360655738,-0.365573770492,2.79));
#6516 = VECTOR('',#6517,1.);
#6517 = DIRECTION('',(0.,0.,1.));
#6518 = ADVANCED_FACE('',(#6519),#6546,.F.);
#6519 = FACE_BOUND('',#6520,.T.);
#6520 = EDGE_LOOP('',(#6521,#6530,#6531,#6540));
#6521 = ORIENTED_EDGE('',*,*,#6522,.T.);
#6522 = EDGE_CURVE('',#6523,#6456,#6525,.T.);
#6523 = VERTEX_POINT('',#6524);
#6524 = CARTESIAN_POINT('',(0.829180327869,-0.365573770492,2.8));
#6525 = B_SPLINE_CURVE_WITH_KNOTS('',3,(#6526,#6527,#6528,#6529),
  .UNSPECIFIED.,.F.,.F.,(4,4),(0.,2.236503389453E-02),
  .PIECEWISE_BEZIER_KNOTS.);
#6526 = CARTESIAN_POINT('',(0.829180327869,-0.365573770492,2.8));
#6527 = CARTESIAN_POINT('',(0.856721311475,-0.365573770492,2.8));
#6528 = CARTESIAN_POINT('',(0.884262295082,-0.365573770492,2.8));
#6529 = CARTESIAN_POINT('',(0.911803278689,-0.365573770492,2.8));
#6530 = ORIENTED_EDGE('',*,*,#6453,.F.);
#6531 = ORIENTED_EDGE('',*,*,#6532,.F.);
#6532 = EDGE_CURVE('',#6533,#6454,#6535,.T.);
#6533 = VERTEX_POINT('',#6534);
#6534 = CARTESIAN_POINT('',(0.829180327869,-0.365573770492,2.79));
#6535 = B_SPLINE_CURVE_WITH_KNOTS('',3,(#6536,#6537,#6538,#6539),
  .UNSPECIFIED.,.F.,.F.,(4,4),(0.,2.236503389453E-02),
  .PIECEWISE_BEZIER_KNOTS.);
#6536 = CARTESIAN_POINT('',(0.829180327869,-0.365573770492,2.79));
#6537 = CARTESIAN_POINT('',(0.856721311475,-0.365573770492,2.79));
#6538 = CARTESIAN_POINT('',(0.884262295082,-0.365573770492,2.79));
#6539 = CARTESIAN_POINT('',(0.911803278689,-0.365573770492,2.79));
#6540 = ORIENTED_EDGE('',*,*,#6541,.T.);
#6541 = EDGE_CURVE('',#6533,#6523,#6542,.T.);
#6542 = LINE('',#6543,#6544);
#6543 = CARTESIAN_POINT('',(0.829180327869,-0.365573770492,2.79));
#6544 = VECTOR('',#6545,1.);
#6545 = DIRECTION('',(0.,0.,1.));
#6546 = PLANE('',#6547);
#6547 = AXIS2_PLACEMENT_3D('',#6548,#6549,#6550);
#6548 = CARTESIAN_POINT('',(0.829180327869,-0.365573770492,2.79));
#6549 = DIRECTION('',(0.,-1.,0.));
#6550 = DIRECTION('',(0.,0.,-1.));
#6551 = ADVANCED_FACE('',(#6552),#6579,.F.);
#6552 = FACE_BOUND('',#6553,.T.);
#6553 = EDGE_LOOP('',(#6554,#6563,#6564,#6573));
#6554 = ORIENTED_EDGE('',*,*,#6555,.T.);
#6555 = EDGE_CURVE('',#6556,#6523,#6558,.T.);
#6556 = VERTEX_POINT('',#6557);
#6557 = CARTESIAN_POINT('',(0.829180327869,0.366229508197,2.8));
#6558 = B_SPLINE_CURVE_WITH_KNOTS('',3,(#6559,#6560,#6561,#6562),
  .UNSPECIFIED.,.F.,.F.,(4,4),(0.801909699791,1.),
  .PIECEWISE_BEZIER_KNOTS.);
#6559 = CARTESIAN_POINT('',(0.829180327869,0.366229508197,2.8));
#6560 = CARTESIAN_POINT('',(0.829180327869,0.122295081967,2.8));
#6561 = CARTESIAN_POINT('',(0.829180327869,-0.121639344262,2.8));
#6562 = CARTESIAN_POINT('',(0.829180327869,-0.365573770492,2.8));
#6563 = ORIENTED_EDGE('',*,*,#6541,.F.);
#6564 = ORIENTED_EDGE('',*,*,#6565,.F.);
#6565 = EDGE_CURVE('',#6566,#6533,#6568,.T.);
#6566 = VERTEX_POINT('',#6567);
#6567 = CARTESIAN_POINT('',(0.829180327869,0.366229508197,2.79));
#6568 = B_SPLINE_CURVE_WITH_KNOTS('',3,(#6569,#6570,#6571,#6572),
  .UNSPECIFIED.,.F.,.F.,(4,4),(0.801909699791,1.),
  .PIECEWISE_BEZIER_KNOTS.);
#6569 = CARTESIAN_POINT('',(0.829180327869,0.366229508197,2.79));
#6570 = CARTESIAN_POINT('',(0.829180327869,0.122295081967,2.79));
#6571 = CARTESIAN_POINT('',(0.829180327869,-0.121639344262,2.79));
#6572 = CARTESIAN_POINT('',(0.829180327869,-0.365573770492,2.79));
#6573 = ORIENTED_EDGE('',*,*,#6574,.T.);
#6574 = EDGE_CURVE('',#6566,#6556,#6575,.T.);
#6575 = LINE('',#6576,#6577);
#6576 = CARTESIAN_POINT('',(0.829180327869,0.366229508197,2.79));
#6577 = VECTOR('',#6578,1.);
#6578 = DIRECTION('',(0.,0.,1.));
#6579 = PLANE('',#6580);
#6580 = AXIS2_PLACEMENT_3D('',#6581,#6582,#6583);
#6581 = CARTESIAN_POINT('',(0.829180327869,0.366229508197,2.79));
#6582 = DIRECTION('',(-1.,0.,0.));
#6583 = DIRECTION('',(0.,0.,1.));
#6584 = ADVANCED_FACE('',(#6585),#6615,.F.);
#6585 = FACE_BOUND('',#6586,.T.);
#6586 = EDGE_LOOP('',(#6587,#6596,#6603,#6610));
#6587 = ORIENTED_EDGE('',*,*,#6588,.T.);
#6588 = EDGE_CURVE('',#6589,#6591,#6593,.T.);
#6589 = VERTEX_POINT('',#6590);
#6590 = CARTESIAN_POINT('',(0.58,0.366229508197,2.79));
#6591 = VERTEX_POINT('',#6592);
#6592 = CARTESIAN_POINT('',(0.58,-0.365573770492,2.79));
#6593 = B_SPLINE_CURVE_WITH_KNOTS('',1,(#6594,#6595),.UNSPECIFIED.,.F.,
  .F.,(2,2),(0.55108608206,1.),.PIECEWISE_BEZIER_KNOTS.);
#6594 = CARTESIAN_POINT('',(0.58,0.366229508197,2.79));
#6595 = CARTESIAN_POINT('',(0.58,-0.365573770492,2.79));
#6596 = ORIENTED_EDGE('',*,*,#6597,.T.);
#6597 = EDGE_CURVE('',#6591,#6598,#6600,.T.);
#6598 = VERTEX_POINT('',#6599);
#6599 = CARTESIAN_POINT('',(0.663278688525,-0.365573770492,2.79));
#6600 = B_SPLINE_CURVE_WITH_KNOTS('',1,(#6601,#6602),.UNSPECIFIED.,.F.,
  .F.,(2,2),(0.,5.108608205953E-02),.PIECEWISE_BEZIER_KNOTS.);
#6601 = CARTESIAN_POINT('',(0.58,-0.365573770492,2.79));
#6602 = CARTESIAN_POINT('',(0.663278688525,-0.365573770492,2.79));
#6603 = ORIENTED_EDGE('',*,*,#6604,.T.);
#6604 = EDGE_CURVE('',#6598,#6605,#6607,.T.);
#6605 = VERTEX_POINT('',#6606);
#6606 = CARTESIAN_POINT('',(0.663278688525,0.366229508197,2.79));
#6607 = B_SPLINE_CURVE_WITH_KNOTS('',1,(#6608,#6609),.UNSPECIFIED.,.F.,
  .F.,(2,2),(5.108608205953E-02,0.5),.PIECEWISE_BEZIER_KNOTS.);
#6608 = CARTESIAN_POINT('',(0.663278688525,-0.365573770492,2.79));
#6609 = CARTESIAN_POINT('',(0.663278688525,0.366229508197,2.79));
#6610 = ORIENTED_EDGE('',*,*,#6611,.T.);
#6611 = EDGE_CURVE('',#6605,#6589,#6612,.T.);
#6612 = B_SPLINE_CURVE_WITH_KNOTS('',1,(#6613,#6614),.UNSPECIFIED.,.F.,
  .F.,(2,2),(0.5,0.55108608206),.PIECEWISE_BEZIER_KNOTS.);
#6613 = CARTESIAN_POINT('',(0.663278688525,0.366229508197,2.79));
#6614 = CARTESIAN_POINT('',(0.58,0.366229508197,2.79));
#6615 = PLANE('',#6616);
#6616 = AXIS2_PLACEMENT_3D('',#6617,#6618,#6619);
#6617 = CARTESIAN_POINT('',(0.58,3.27868852459E-04,2.79));
#6618 = DIRECTION('',(0.,0.,-1.));
#6619 = DIRECTION('',(-1.,0.,0.));
#6620 = ADVANCED_FACE('',(#6621),#6645,.F.);
#6621 = FACE_BOUND('',#6622,.T.);
#6622 = EDGE_LOOP('',(#6623,#6632,#6638,#6639));
#6623 = ORIENTED_EDGE('',*,*,#6624,.T.);
#6624 = EDGE_CURVE('',#6625,#6627,#6629,.T.);
#6625 = VERTEX_POINT('',#6626);
#6626 = CARTESIAN_POINT('',(0.663278688525,0.366229508197,2.8));
#6627 = VERTEX_POINT('',#6628);
#6628 = CARTESIAN_POINT('',(0.58,0.366229508197,2.8));
#6629 = B_SPLINE_CURVE_WITH_KNOTS('',1,(#6630,#6631),.UNSPECIFIED.,.F.,
  .F.,(2,2),(0.5,0.55108608206),.PIECEWISE_BEZIER_KNOTS.);
#6630 = CARTESIAN_POINT('',(0.663278688525,0.366229508197,2.8));
#6631 = CARTESIAN_POINT('',(0.58,0.366229508197,2.8));
#6632 = ORIENTED_EDGE('',*,*,#6633,.F.);
#6633 = EDGE_CURVE('',#6589,#6627,#6634,.T.);
#6634 = LINE('',#6635,#6636);
#6635 = CARTESIAN_POINT('',(0.58,0.366229508197,2.79));
#6636 = VECTOR('',#6637,1.);
#6637 = DIRECTION('',(0.,0.,1.));
#6638 = ORIENTED_EDGE('',*,*,#6611,.F.);
#6639 = ORIENTED_EDGE('',*,*,#6640,.T.);
#6640 = EDGE_CURVE('',#6605,#6625,#6641,.T.);
#6641 = LINE('',#6642,#6643);
#6642 = CARTESIAN_POINT('',(0.663278688525,0.366229508197,2.79));
#6643 = VECTOR('',#6644,1.);
#6644 = DIRECTION('',(0.,0.,1.));
#6645 = PLANE('',#6646);
#6646 = AXIS2_PLACEMENT_3D('',#6647,#6648,#6649);
#6647 = CARTESIAN_POINT('',(0.663278688525,0.366229508197,2.79));
#6648 = DIRECTION('',(0.,1.,0.));
#6649 = DIRECTION('',(0.,-0.,1.));
#6650 = ADVANCED_FACE('',(#6651),#6668,.F.);
#6651 = FACE_BOUND('',#6652,.T.);
#6652 = EDGE_LOOP('',(#6653,#6660,#6661,#6662));
#6653 = ORIENTED_EDGE('',*,*,#6654,.T.);
#6654 = EDGE_CURVE('',#6655,#6625,#6657,.T.);
#6655 = VERTEX_POINT('',#6656);
#6656 = CARTESIAN_POINT('',(0.663278688525,-0.365573770492,2.8));
#6657 = B_SPLINE_CURVE_WITH_KNOTS('',1,(#6658,#6659),.UNSPECIFIED.,.F.,
  .F.,(2,2),(5.108608205953E-02,0.5),.PIECEWISE_BEZIER_KNOTS.);
#6658 = CARTESIAN_POINT('',(0.663278688525,-0.365573770492,2.8));
#6659 = CARTESIAN_POINT('',(0.663278688525,0.366229508197,2.8));
#6660 = ORIENTED_EDGE('',*,*,#6640,.F.);
#6661 = ORIENTED_EDGE('',*,*,#6604,.F.);
#6662 = ORIENTED_EDGE('',*,*,#6663,.T.);
#6663 = EDGE_CURVE('',#6598,#6655,#6664,.T.);
#6664 = LINE('',#6665,#6666);
#6665 = CARTESIAN_POINT('',(0.663278688525,-0.365573770492,2.79));
#6666 = VECTOR('',#6667,1.);
#6667 = DIRECTION('',(0.,0.,1.));
#6668 = PLANE('',#6669);
#6669 = AXIS2_PLACEMENT_3D('',#6670,#6671,#6672);
#6670 = CARTESIAN_POINT('',(0.663278688525,-0.365573770492,2.79));
#6671 = DIRECTION('',(1.,0.,0.));
#6672 = DIRECTION('',(0.,0.,-1.));
#6673 = ADVANCED_FACE('',(#6674),#6691,.F.);
#6674 = FACE_BOUND('',#6675,.T.);
#6675 = EDGE_LOOP('',(#6676,#6683,#6684,#6685));
#6676 = ORIENTED_EDGE('',*,*,#6677,.T.);
#6677 = EDGE_CURVE('',#6678,#6655,#6680,.T.);
#6678 = VERTEX_POINT('',#6679);
#6679 = CARTESIAN_POINT('',(0.58,-0.365573770492,2.8));
#6680 = B_SPLINE_CURVE_WITH_KNOTS('',1,(#6681,#6682),.UNSPECIFIED.,.F.,
  .F.,(2,2),(0.,5.108608205953E-02),.PIECEWISE_BEZIER_KNOTS.);
#6681 = CARTESIAN_POINT('',(0.58,-0.365573770492,2.8));
#6682 = CARTESIAN_POINT('',(0.663278688525,-0.365573770492,2.8));
#6683 = ORIENTED_EDGE('',*,*,#6663,.F.);
#6684 = ORIENTED_EDGE('',*,*,#6597,.F.);
#6685 = ORIENTED_EDGE('',*,*,#6686,.T.);
#6686 = EDGE_CURVE('',#6591,#6678,#6687,.T.);
#6687 = LINE('',#6688,#6689);
#6688 = CARTESIAN_POINT('',(0.58,-0.365573770492,2.79));
#6689 = VECTOR('',#6690,1.);
#6690 = DIRECTION('',(0.,0.,1.));
#6691 = PLANE('',#6692);
#6692 = AXIS2_PLACEMENT_3D('',#6693,#6694,#6695);
#6693 = CARTESIAN_POINT('',(0.58,-0.365573770492,2.79));
#6694 = DIRECTION('',(0.,-1.,0.));
#6695 = DIRECTION('',(0.,0.,-1.));
#6696 = ADVANCED_FACE('',(#6697),#6707,.F.);
#6697 = FACE_BOUND('',#6698,.T.);
#6698 = EDGE_LOOP('',(#6699,#6704,#6705,#6706));
#6699 = ORIENTED_EDGE('',*,*,#6700,.T.);
#6700 = EDGE_CURVE('',#6627,#6678,#6701,.T.);
#6701 = B_SPLINE_CURVE_WITH_KNOTS('',1,(#6702,#6703),.UNSPECIFIED.,.F.,
  .F.,(2,2),(0.55108608206,1.),.PIECEWISE_BEZIER_KNOTS.);
#6702 = CARTESIAN_POINT('',(0.58,0.366229508197,2.8));
#6703 = CARTESIAN_POINT('',(0.58,-0.365573770492,2.8));
#6704 = ORIENTED_EDGE('',*,*,#6686,.F.);
#6705 = ORIENTED_EDGE('',*,*,#6588,.F.);
#6706 = ORIENTED_EDGE('',*,*,#6633,.T.);
#6707 = PLANE('',#6708);
#6708 = AXIS2_PLACEMENT_3D('',#6709,#6710,#6711);
#6709 = CARTESIAN_POINT('',(0.58,0.366229508197,2.79));
#6710 = DIRECTION('',(-1.,0.,0.));
#6711 = DIRECTION('',(0.,0.,1.));
#6712 = ADVANCED_FACE('',(#6713),#6743,.F.);
#6713 = FACE_BOUND('',#6714,.T.);
#6714 = EDGE_LOOP('',(#6715,#6724,#6731,#6738));
#6715 = ORIENTED_EDGE('',*,*,#6716,.T.);
#6716 = EDGE_CURVE('',#6717,#6719,#6721,.T.);
#6717 = VERTEX_POINT('',#6718);
#6718 = CARTESIAN_POINT('',(0.58,0.618032786885,2.79));
#6719 = VERTEX_POINT('',#6720);
#6720 = CARTESIAN_POINT('',(0.58,0.477704918033,2.79));
#6721 = B_SPLINE_CURVE_WITH_KNOTS('',1,(#6722,#6723),.UNSPECIFIED.,.F.,
  .F.,(2,2),(0.686217008798,1.),.PIECEWISE_BEZIER_KNOTS.);
#6722 = CARTESIAN_POINT('',(0.58,0.618032786885,2.79));
#6723 = CARTESIAN_POINT('',(0.58,0.477704918033,2.79));
#6724 = ORIENTED_EDGE('',*,*,#6725,.T.);
#6725 = EDGE_CURVE('',#6719,#6726,#6728,.T.);
#6726 = VERTEX_POINT('',#6727);
#6727 = CARTESIAN_POINT('',(0.663278688525,0.477704918033,2.79));
#6728 = B_SPLINE_CURVE_WITH_KNOTS('',1,(#6729,#6730),.UNSPECIFIED.,.F.,
  .F.,(2,2),(0.,0.186217008798),.PIECEWISE_BEZIER_KNOTS.);
#6729 = CARTESIAN_POINT('',(0.58,0.477704918033,2.79));
#6730 = CARTESIAN_POINT('',(0.663278688525,0.477704918033,2.79));
#6731 = ORIENTED_EDGE('',*,*,#6732,.T.);
#6732 = EDGE_CURVE('',#6726,#6733,#6735,.T.);
#6733 = VERTEX_POINT('',#6734);
#6734 = CARTESIAN_POINT('',(0.663278688525,0.618032786885,2.79));
#6735 = B_SPLINE_CURVE_WITH_KNOTS('',1,(#6736,#6737),.UNSPECIFIED.,.F.,
  .F.,(2,2),(0.186217008798,0.5),.PIECEWISE_BEZIER_KNOTS.);
#6736 = CARTESIAN_POINT('',(0.663278688525,0.477704918033,2.79));
#6737 = CARTESIAN_POINT('',(0.663278688525,0.618032786885,2.79));
#6738 = ORIENTED_EDGE('',*,*,#6739,.T.);
#6739 = EDGE_CURVE('',#6733,#6717,#6740,.T.);
#6740 = B_SPLINE_CURVE_WITH_KNOTS('',1,(#6741,#6742),.UNSPECIFIED.,.F.,
  .F.,(2,2),(0.5,0.686217008798),.PIECEWISE_BEZIER_KNOTS.);
#6741 = CARTESIAN_POINT('',(0.663278688525,0.618032786885,2.79));
#6742 = CARTESIAN_POINT('',(0.58,0.618032786885,2.79));
#6743 = PLANE('',#6744);
#6744 = AXIS2_PLACEMENT_3D('',#6745,#6746,#6747);
#6745 = CARTESIAN_POINT('',(0.58,0.547868852459,2.79));
#6746 = DIRECTION('',(0.,0.,-1.));
#6747 = DIRECTION('',(-1.,0.,0.));
#6748 = ADVANCED_FACE('',(#6749),#6773,.F.);
#6749 = FACE_BOUND('',#6750,.T.);
#6750 = EDGE_LOOP('',(#6751,#6760,#6766,#6767));
#6751 = ORIENTED_EDGE('',*,*,#6752,.T.);
#6752 = EDGE_CURVE('',#6753,#6755,#6757,.T.);
#6753 = VERTEX_POINT('',#6754);
#6754 = CARTESIAN_POINT('',(0.663278688525,0.618032786885,2.8));
#6755 = VERTEX_POINT('',#6756);
#6756 = CARTESIAN_POINT('',(0.58,0.618032786885,2.8));
#6757 = B_SPLINE_CURVE_WITH_KNOTS('',1,(#6758,#6759),.UNSPECIFIED.,.F.,
  .F.,(2,2),(0.5,0.686217008798),.PIECEWISE_BEZIER_KNOTS.);
#6758 = CARTESIAN_POINT('',(0.663278688525,0.618032786885,2.8));
#6759 = CARTESIAN_POINT('',(0.58,0.618032786885,2.8));
#6760 = ORIENTED_EDGE('',*,*,#6761,.F.);
#6761 = EDGE_CURVE('',#6717,#6755,#6762,.T.);
#6762 = LINE('',#6763,#6764);
#6763 = CARTESIAN_POINT('',(0.58,0.618032786885,2.79));
#6764 = VECTOR('',#6765,1.);
#6765 = DIRECTION('',(0.,0.,1.));
#6766 = ORIENTED_EDGE('',*,*,#6739,.F.);
#6767 = ORIENTED_EDGE('',*,*,#6768,.T.);
#6768 = EDGE_CURVE('',#6733,#6753,#6769,.T.);
#6769 = LINE('',#6770,#6771);
#6770 = CARTESIAN_POINT('',(0.663278688525,0.618032786885,2.79));
#6771 = VECTOR('',#6772,1.);
#6772 = DIRECTION('',(0.,0.,1.));
#6773 = PLANE('',#6774);
#6774 = AXIS2_PLACEMENT_3D('',#6775,#6776,#6777);
#6775 = CARTESIAN_POINT('',(0.663278688525,0.618032786885,2.79));
#6776 = DIRECTION('',(0.,1.,0.));
#6777 = DIRECTION('',(0.,-0.,1.));
#6778 = ADVANCED_FACE('',(#6779),#6796,.F.);
#6779 = FACE_BOUND('',#6780,.T.);
#6780 = EDGE_LOOP('',(#6781,#6788,#6789,#6790));
#6781 = ORIENTED_EDGE('',*,*,#6782,.T.);
#6782 = EDGE_CURVE('',#6783,#6753,#6785,.T.);
#6783 = VERTEX_POINT('',#6784);
#6784 = CARTESIAN_POINT('',(0.663278688525,0.477704918033,2.8));
#6785 = B_SPLINE_CURVE_WITH_KNOTS('',1,(#6786,#6787),.UNSPECIFIED.,.F.,
  .F.,(2,2),(0.186217008798,0.5),.PIECEWISE_BEZIER_KNOTS.);
#6786 = CARTESIAN_POINT('',(0.663278688525,0.477704918033,2.8));
#6787 = CARTESIAN_POINT('',(0.663278688525,0.618032786885,2.8));
#6788 = ORIENTED_EDGE('',*,*,#6768,.F.);
#6789 = ORIENTED_EDGE('',*,*,#6732,.F.);
#6790 = ORIENTED_EDGE('',*,*,#6791,.T.);
#6791 = EDGE_CURVE('',#6726,#6783,#6792,.T.);
#6792 = LINE('',#6793,#6794);
#6793 = CARTESIAN_POINT('',(0.663278688525,0.477704918033,2.79));
#6794 = VECTOR('',#6795,1.);
#6795 = DIRECTION('',(0.,0.,1.));
#6796 = PLANE('',#6797);
#6797 = AXIS2_PLACEMENT_3D('',#6798,#6799,#6800);
#6798 = CARTESIAN_POINT('',(0.663278688525,0.477704918033,2.79));
#6799 = DIRECTION('',(1.,0.,0.));
#6800 = DIRECTION('',(0.,0.,-1.));
#6801 = ADVANCED_FACE('',(#6802),#6819,.F.);
#6802 = FACE_BOUND('',#6803,.T.);
#6803 = EDGE_LOOP('',(#6804,#6811,#6812,#6813));
#6804 = ORIENTED_EDGE('',*,*,#6805,.T.);
#6805 = EDGE_CURVE('',#6806,#6783,#6808,.T.);
#6806 = VERTEX_POINT('',#6807);
#6807 = CARTESIAN_POINT('',(0.58,0.477704918033,2.8));
#6808 = B_SPLINE_CURVE_WITH_KNOTS('',1,(#6809,#6810),.UNSPECIFIED.,.F.,
  .F.,(2,2),(0.,0.186217008798),.PIECEWISE_BEZIER_KNOTS.);
#6809 = CARTESIAN_POINT('',(0.58,0.477704918033,2.8));
#6810 = CARTESIAN_POINT('',(0.663278688525,0.477704918033,2.8));
#6811 = ORIENTED_EDGE('',*,*,#6791,.F.);
#6812 = ORIENTED_EDGE('',*,*,#6725,.F.);
#6813 = ORIENTED_EDGE('',*,*,#6814,.T.);
#6814 = EDGE_CURVE('',#6719,#6806,#6815,.T.);
#6815 = LINE('',#6816,#6817);
#6816 = CARTESIAN_POINT('',(0.58,0.477704918033,2.79));
#6817 = VECTOR('',#6818,1.);
#6818 = DIRECTION('',(0.,0.,1.));
#6819 = PLANE('',#6820);
#6820 = AXIS2_PLACEMENT_3D('',#6821,#6822,#6823);
#6821 = CARTESIAN_POINT('',(0.58,0.477704918033,2.79));
#6822 = DIRECTION('',(0.,-1.,0.));
#6823 = DIRECTION('',(0.,0.,-1.));
#6824 = ADVANCED_FACE('',(#6825),#6835,.F.);
#6825 = FACE_BOUND('',#6826,.T.);
#6826 = EDGE_LOOP('',(#6827,#6832,#6833,#6834));
#6827 = ORIENTED_EDGE('',*,*,#6828,.T.);
#6828 = EDGE_CURVE('',#6755,#6806,#6829,.T.);
#6829 = B_SPLINE_CURVE_WITH_KNOTS('',1,(#6830,#6831),.UNSPECIFIED.,.F.,
  .F.,(2,2),(0.686217008798,1.),.PIECEWISE_BEZIER_KNOTS.);
#6830 = CARTESIAN_POINT('',(0.58,0.618032786885,2.8));
#6831 = CARTESIAN_POINT('',(0.58,0.477704918033,2.8));
#6832 = ORIENTED_EDGE('',*,*,#6814,.F.);
#6833 = ORIENTED_EDGE('',*,*,#6716,.F.);
#6834 = ORIENTED_EDGE('',*,*,#6761,.T.);
#6835 = PLANE('',#6836);
#6836 = AXIS2_PLACEMENT_3D('',#6837,#6838,#6839);
#6837 = CARTESIAN_POINT('',(0.58,0.618032786885,2.79));
#6838 = DIRECTION('',(-1.,0.,0.));
#6839 = DIRECTION('',(0.,0.,1.));
#6840 = ADVANCED_FACE('',(#6841),#6934,.F.);
#6841 = FACE_BOUND('',#6842,.T.);
#6842 = EDGE_LOOP('',(#6843,#6852,#6859,#6866,#6873,#6880,#6887,#6894,
    #6901,#6908,#6915,#6922,#6929));
#6843 = ORIENTED_EDGE('',*,*,#6844,.T.);
#6844 = EDGE_CURVE('',#6845,#6847,#6849,.T.);
#6845 = VERTEX_POINT('',#6846);
#6846 = CARTESIAN_POINT('',(6.88524590164E-03,0.618032786885,2.79));
#6847 = VERTEX_POINT('',#6848);
#6848 = CARTESIAN_POINT('',(6.88524590164E-03,-0.365573770492,2.79));
#6849 = B_SPLINE_CURVE_WITH_KNOTS('',1,(#6850,#6851),.UNSPECIFIED.,.F.,
  .F.,(2,2),(0.764666333132,1.),.PIECEWISE_BEZIER_KNOTS.);
#6850 = CARTESIAN_POINT('',(6.88524590164E-03,0.618032786885,2.79));
#6851 = CARTESIAN_POINT('',(6.88524590164E-03,-0.365573770492,2.79));
#6852 = ORIENTED_EDGE('',*,*,#6853,.T.);
#6853 = EDGE_CURVE('',#6847,#6854,#6856,.T.);
#6854 = VERTEX_POINT('',#6855);
#6855 = CARTESIAN_POINT('',(8.950819672131E-02,-0.365573770492,2.79));
#6856 = B_SPLINE_CURVE_WITH_KNOTS('',1,(#6857,#6858),.UNSPECIFIED.,.F.,
  .F.,(2,2),(0.,1.976802801689E-02),.PIECEWISE_BEZIER_KNOTS.);
#6857 = CARTESIAN_POINT('',(6.88524590164E-03,-0.365573770492,2.79));
#6858 = CARTESIAN_POINT('',(8.950819672131E-02,-0.365573770492,2.79));
#6859 = ORIENTED_EDGE('',*,*,#6860,.T.);
#6860 = EDGE_CURVE('',#6854,#6861,#6863,.T.);
#6861 = VERTEX_POINT('',#6862);
#6862 = CARTESIAN_POINT('',(8.950819672131E-02,-0.109836065574,2.79));
#6863 = B_SPLINE_CURVE_WITH_KNOTS('',1,(#6864,#6865),.UNSPECIFIED.,.F.,
  .F.,(2,2),(1.976802801689E-02,8.095478140252E-02),
  .PIECEWISE_BEZIER_KNOTS.);
#6864 = CARTESIAN_POINT('',(8.950819672131E-02,-0.365573770492,2.79));
#6865 = CARTESIAN_POINT('',(8.950819672131E-02,-0.109836065574,2.79));
#6866 = ORIENTED_EDGE('',*,*,#6867,.T.);
#6867 = EDGE_CURVE('',#6861,#6868,#6870,.T.);
#6868 = VERTEX_POINT('',#6869);
#6869 = CARTESIAN_POINT('',(0.198360655738,2.E-02,2.79));
#6870 = B_SPLINE_CURVE_WITH_KNOTS('',1,(#6871,#6872),.UNSPECIFIED.,.F.,
  .F.,(2,2),(8.095478140252E-02,0.121491721838),
  .PIECEWISE_BEZIER_KNOTS.);
#6871 = CARTESIAN_POINT('',(8.950819672131E-02,-0.109836065574,2.79));
#6872 = CARTESIAN_POINT('',(0.198360655738,2.E-02,2.79));
#6873 = ORIENTED_EDGE('',*,*,#6874,.T.);
#6874 = EDGE_CURVE('',#6868,#6875,#6877,.T.);
#6875 = VERTEX_POINT('',#6876);
#6876 = CARTESIAN_POINT('',(0.41606557377,-0.365573770492,2.79));
#6877 = B_SPLINE_CURVE_WITH_KNOTS('',1,(#6878,#6879),.UNSPECIFIED.,.F.,
  .F.,(2,2),(0.121491721838,0.227431725885),.PIECEWISE_BEZIER_KNOTS.);
#6878 = CARTESIAN_POINT('',(0.198360655738,2.E-02,2.79));
#6879 = CARTESIAN_POINT('',(0.41606557377,-0.365573770492,2.79));
#6880 = ORIENTED_EDGE('',*,*,#6881,.T.);
#6881 = EDGE_CURVE('',#6875,#6882,#6884,.T.);
#6882 = VERTEX_POINT('',#6883);
#6883 = CARTESIAN_POINT('',(0.517704918033,-0.365573770492,2.79));
#6884 = B_SPLINE_CURVE_WITH_KNOTS('',1,(#6885,#6886),.UNSPECIFIED.,.F.,
  .F.,(2,2),(0.227431725885,0.251749538128),.PIECEWISE_BEZIER_KNOTS.);
#6885 = CARTESIAN_POINT('',(0.41606557377,-0.365573770492,2.79));
#6886 = CARTESIAN_POINT('',(0.517704918033,-0.365573770492,2.79));
#6887 = ORIENTED_EDGE('',*,*,#6888,.T.);
#6888 = EDGE_CURVE('',#6882,#6889,#6891,.T.);
#6889 = VERTEX_POINT('',#6890);
#6890 = CARTESIAN_POINT('',(0.25737704918,9.409836065574E-02,2.79));
#6891 = B_SPLINE_CURVE_WITH_KNOTS('',1,(#6892,#6893),.UNSPECIFIED.,.F.,
  .F.,(2,2),(0.251749538128,0.378141221187),.PIECEWISE_BEZIER_KNOTS.);
#6892 = CARTESIAN_POINT('',(0.517704918033,-0.365573770492,2.79));
#6893 = CARTESIAN_POINT('',(0.25737704918,9.409836065574E-02,2.79));
#6894 = ORIENTED_EDGE('',*,*,#6895,.T.);
#6895 = EDGE_CURVE('',#6889,#6896,#6898,.T.);
#6896 = VERTEX_POINT('',#6897);
#6897 = CARTESIAN_POINT('',(0.477704918033,0.366229508197,2.79));
#6898 = B_SPLINE_CURVE_WITH_KNOTS('',1,(#6899,#6900),.UNSPECIFIED.,.F.,
  .F.,(2,2),(0.378141221187,0.461914864937),.PIECEWISE_BEZIER_KNOTS.);
#6899 = CARTESIAN_POINT('',(0.25737704918,9.409836065574E-02,2.79));
#6900 = CARTESIAN_POINT('',(0.477704918033,0.366229508197,2.79));
#6901 = ORIENTED_EDGE('',*,*,#6902,.T.);
#6902 = EDGE_CURVE('',#6896,#6903,#6905,.T.);
#6903 = VERTEX_POINT('',#6904);
#6904 = CARTESIAN_POINT('',(0.37606557377,0.366229508197,2.79));
#6905 = B_SPLINE_CURVE_WITH_KNOTS('',1,(#6906,#6907),.UNSPECIFIED.,.F.,
  .F.,(2,2),(0.461914864937,0.48623267718),.PIECEWISE_BEZIER_KNOTS.);
#6906 = CARTESIAN_POINT('',(0.477704918033,0.366229508197,2.79));
#6907 = CARTESIAN_POINT('',(0.37606557377,0.366229508197,2.79));
#6908 = ORIENTED_EDGE('',*,*,#6909,.T.);
#6909 = EDGE_CURVE('',#6903,#6910,#6912,.T.);
#6910 = VERTEX_POINT('',#6911);
#6911 = CARTESIAN_POINT('',(9.213114754098E-02,1.639344262295E-03,2.79)
  );
#6912 = B_SPLINE_CURVE_WITH_KNOTS('',1,(#6913,#6914),.UNSPECIFIED.,.F.,
  .F.,(2,2),(0.48623267718,0.5967949841),.PIECEWISE_BEZIER_KNOTS.);
#6913 = CARTESIAN_POINT('',(0.37606557377,0.366229508197,2.79));
#6914 = CARTESIAN_POINT('',(9.213114754098E-02,1.639344262295E-03,2.79)
  );
#6915 = ORIENTED_EDGE('',*,*,#6916,.T.);
#6916 = EDGE_CURVE('',#6910,#6917,#6919,.T.);
#6917 = VERTEX_POINT('',#6918);
#6918 = CARTESIAN_POINT('',(8.950819672131E-02,1.639344262295E-03,2.79)
  );
#6919 = B_SPLINE_CURVE_WITH_KNOTS('',1,(#6920,#6921),.UNSPECIFIED.,.F.,
  .F.,(2,2),(0.5967949841,0.597422540545),.PIECEWISE_BEZIER_KNOTS.);
#6920 = CARTESIAN_POINT('',(9.213114754098E-02,1.639344262295E-03,2.79)
  );
#6921 = CARTESIAN_POINT('',(8.950819672131E-02,1.639344262295E-03,2.79)
  );
#6922 = ORIENTED_EDGE('',*,*,#6923,.T.);
#6923 = EDGE_CURVE('',#6917,#6924,#6926,.T.);
#6924 = VERTEX_POINT('',#6925);
#6925 = CARTESIAN_POINT('',(8.950819672131E-02,0.618032786885,2.79));
#6926 = B_SPLINE_CURVE_WITH_KNOTS('',1,(#6927,#6928),.UNSPECIFIED.,.F.,
  .F.,(2,2),(0.597422540545,0.744898305115),.PIECEWISE_BEZIER_KNOTS.);
#6927 = CARTESIAN_POINT('',(8.950819672131E-02,1.639344262295E-03,2.79)
  );
#6928 = CARTESIAN_POINT('',(8.950819672131E-02,0.618032786885,2.79));
#6929 = ORIENTED_EDGE('',*,*,#6930,.T.);
#6930 = EDGE_CURVE('',#6924,#6845,#6931,.T.);
#6931 = B_SPLINE_CURVE_WITH_KNOTS('',1,(#6932,#6933),.UNSPECIFIED.,.F.,
  .F.,(2,2),(0.744898305115,0.764666333132),.PIECEWISE_BEZIER_KNOTS.);
#6932 = CARTESIAN_POINT('',(8.950819672131E-02,0.618032786885,2.79));
#6933 = CARTESIAN_POINT('',(6.88524590164E-03,0.618032786885,2.79));
#6934 = PLANE('',#6935);
#6935 = AXIS2_PLACEMENT_3D('',#6936,#6937,#6938);
#6936 = CARTESIAN_POINT('',(6.88524590164E-03,0.126229508197,2.79));
#6937 = DIRECTION('',(0.,0.,-1.));
#6938 = DIRECTION('',(-1.,0.,0.));
#6939 = ADVANCED_FACE('',(#6940),#6964,.F.);
#6940 = FACE_BOUND('',#6941,.T.);
#6941 = EDGE_LOOP('',(#6942,#6951,#6957,#6958));
#6942 = ORIENTED_EDGE('',*,*,#6943,.T.);
#6943 = EDGE_CURVE('',#6944,#6946,#6948,.T.);
#6944 = VERTEX_POINT('',#6945);
#6945 = CARTESIAN_POINT('',(8.950819672131E-02,0.618032786885,2.8));
#6946 = VERTEX_POINT('',#6947);
#6947 = CARTESIAN_POINT('',(6.88524590164E-03,0.618032786885,2.8));
#6948 = B_SPLINE_CURVE_WITH_KNOTS('',1,(#6949,#6950),.UNSPECIFIED.,.F.,
  .F.,(2,2),(0.744898305115,0.764666333132),.PIECEWISE_BEZIER_KNOTS.);
#6949 = CARTESIAN_POINT('',(8.950819672131E-02,0.618032786885,2.8));
#6950 = CARTESIAN_POINT('',(6.88524590164E-03,0.618032786885,2.8));
#6951 = ORIENTED_EDGE('',*,*,#6952,.F.);
#6952 = EDGE_CURVE('',#6845,#6946,#6953,.T.);
#6953 = LINE('',#6954,#6955);
#6954 = CARTESIAN_POINT('',(6.88524590164E-03,0.618032786885,2.79));
#6955 = VECTOR('',#6956,1.);
#6956 = DIRECTION('',(0.,0.,1.));
#6957 = ORIENTED_EDGE('',*,*,#6930,.F.);
#6958 = ORIENTED_EDGE('',*,*,#6959,.T.);
#6959 = EDGE_CURVE('',#6924,#6944,#6960,.T.);
#6960 = LINE('',#6961,#6962);
#6961 = CARTESIAN_POINT('',(8.950819672131E-02,0.618032786885,2.79));
#6962 = VECTOR('',#6963,1.);
#6963 = DIRECTION('',(0.,0.,1.));
#6964 = PLANE('',#6965);
#6965 = AXIS2_PLACEMENT_3D('',#6966,#6967,#6968);
#6966 = CARTESIAN_POINT('',(8.950819672131E-02,0.618032786885,2.79));
#6967 = DIRECTION('',(0.,1.,0.));
#6968 = DIRECTION('',(0.,-0.,1.));
#6969 = ADVANCED_FACE('',(#6970),#6987,.F.);
#6970 = FACE_BOUND('',#6971,.T.);
#6971 = EDGE_LOOP('',(#6972,#6979,#6980,#6981));
#6972 = ORIENTED_EDGE('',*,*,#6973,.T.);
#6973 = EDGE_CURVE('',#6974,#6944,#6976,.T.);
#6974 = VERTEX_POINT('',#6975);
#6975 = CARTESIAN_POINT('',(8.950819672131E-02,1.639344262295E-03,2.8));
#6976 = B_SPLINE_CURVE_WITH_KNOTS('',1,(#6977,#6978),.UNSPECIFIED.,.F.,
  .F.,(2,2),(0.597422540545,0.744898305115),.PIECEWISE_BEZIER_KNOTS.);
#6977 = CARTESIAN_POINT('',(8.950819672131E-02,1.639344262295E-03,2.8));
#6978 = CARTESIAN_POINT('',(8.950819672131E-02,0.618032786885,2.8));
#6979 = ORIENTED_EDGE('',*,*,#6959,.F.);
#6980 = ORIENTED_EDGE('',*,*,#6923,.F.);
#6981 = ORIENTED_EDGE('',*,*,#6982,.T.);
#6982 = EDGE_CURVE('',#6917,#6974,#6983,.T.);
#6983 = LINE('',#6984,#6985);
#6984 = CARTESIAN_POINT('',(8.950819672131E-02,1.639344262295E-03,2.79)
  );
#6985 = VECTOR('',#6986,1.);
#6986 = DIRECTION('',(0.,0.,1.));
#6987 = PLANE('',#6988);
#6988 = AXIS2_PLACEMENT_3D('',#6989,#6990,#6991);
#6989 = CARTESIAN_POINT('',(8.950819672131E-02,1.639344262295E-03,2.79)
  );
#6990 = DIRECTION('',(1.,0.,0.));
#6991 = DIRECTION('',(0.,0.,-1.));
#6992 = ADVANCED_FACE('',(#6993),#7010,.F.);
#6993 = FACE_BOUND('',#6994,.T.);
#6994 = EDGE_LOOP('',(#6995,#7002,#7003,#7004));
#6995 = ORIENTED_EDGE('',*,*,#6996,.T.);
#6996 = EDGE_CURVE('',#6997,#6974,#6999,.T.);
#6997 = VERTEX_POINT('',#6998);
#6998 = CARTESIAN_POINT('',(9.213114754098E-02,1.639344262295E-03,2.8));
#6999 = B_SPLINE_CURVE_WITH_KNOTS('',1,(#7000,#7001),.UNSPECIFIED.,.F.,
  .F.,(2,2),(0.5967949841,0.597422540545),.PIECEWISE_BEZIER_KNOTS.);
#7000 = CARTESIAN_POINT('',(9.213114754098E-02,1.639344262295E-03,2.8));
#7001 = CARTESIAN_POINT('',(8.950819672131E-02,1.639344262295E-03,2.8));
#7002 = ORIENTED_EDGE('',*,*,#6982,.F.);
#7003 = ORIENTED_EDGE('',*,*,#6916,.F.);
#7004 = ORIENTED_EDGE('',*,*,#7005,.T.);
#7005 = EDGE_CURVE('',#6910,#6997,#7006,.T.);
#7006 = LINE('',#7007,#7008);
#7007 = CARTESIAN_POINT('',(9.213114754098E-02,1.639344262295E-03,2.79)
  );
#7008 = VECTOR('',#7009,1.);
#7009 = DIRECTION('',(0.,0.,1.));
#7010 = PLANE('',#7011);
#7011 = AXIS2_PLACEMENT_3D('',#7012,#7013,#7014);
#7012 = CARTESIAN_POINT('',(9.213114754098E-02,1.639344262295E-03,2.79)
  );
#7013 = DIRECTION('',(0.,1.,0.));
#7014 = DIRECTION('',(0.,-0.,1.));
#7015 = ADVANCED_FACE('',(#7016),#7033,.F.);
#7016 = FACE_BOUND('',#7017,.T.);
#7017 = EDGE_LOOP('',(#7018,#7025,#7026,#7027));
#7018 = ORIENTED_EDGE('',*,*,#7019,.T.);
#7019 = EDGE_CURVE('',#7020,#6997,#7022,.T.);
#7020 = VERTEX_POINT('',#7021);
#7021 = CARTESIAN_POINT('',(0.37606557377,0.366229508197,2.8));
#7022 = B_SPLINE_CURVE_WITH_KNOTS('',1,(#7023,#7024),.UNSPECIFIED.,.F.,
  .F.,(2,2),(0.48623267718,0.5967949841),.PIECEWISE_BEZIER_KNOTS.);
#7023 = CARTESIAN_POINT('',(0.37606557377,0.366229508197,2.8));
#7024 = CARTESIAN_POINT('',(9.213114754098E-02,1.639344262295E-03,2.8));
#7025 = ORIENTED_EDGE('',*,*,#7005,.F.);
#7026 = ORIENTED_EDGE('',*,*,#6909,.F.);
#7027 = ORIENTED_EDGE('',*,*,#7028,.T.);
#7028 = EDGE_CURVE('',#6903,#7020,#7029,.T.);
#7029 = LINE('',#7030,#7031);
#7030 = CARTESIAN_POINT('',(0.37606557377,0.366229508197,2.79));
#7031 = VECTOR('',#7032,1.);
#7032 = DIRECTION('',(0.,0.,1.));
#7033 = PLANE('',#7034);
#7034 = AXIS2_PLACEMENT_3D('',#7035,#7036,#7037);
#7035 = CARTESIAN_POINT('',(0.37606557377,0.366229508197,2.79));
#7036 = DIRECTION('',(-0.788970023168,0.614431690705,0.));
#7037 = DIRECTION('',(-0.614431690705,-0.788970023168,0.));
#7038 = ADVANCED_FACE('',(#7039),#7056,.F.);
#7039 = FACE_BOUND('',#7040,.T.);
#7040 = EDGE_LOOP('',(#7041,#7048,#7049,#7050));
#7041 = ORIENTED_EDGE('',*,*,#7042,.T.);
#7042 = EDGE_CURVE('',#7043,#7020,#7045,.T.);
#7043 = VERTEX_POINT('',#7044);
#7044 = CARTESIAN_POINT('',(0.477704918033,0.366229508197,2.8));
#7045 = B_SPLINE_CURVE_WITH_KNOTS('',1,(#7046,#7047),.UNSPECIFIED.,.F.,
  .F.,(2,2),(0.461914864937,0.48623267718),.PIECEWISE_BEZIER_KNOTS.);
#7046 = CARTESIAN_POINT('',(0.477704918033,0.366229508197,2.8));
#7047 = CARTESIAN_POINT('',(0.37606557377,0.366229508197,2.8));
#7048 = ORIENTED_EDGE('',*,*,#7028,.F.);
#7049 = ORIENTED_EDGE('',*,*,#6902,.F.);
#7050 = ORIENTED_EDGE('',*,*,#7051,.T.);
#7051 = EDGE_CURVE('',#6896,#7043,#7052,.T.);
#7052 = LINE('',#7053,#7054);
#7053 = CARTESIAN_POINT('',(0.477704918033,0.366229508197,2.79));
#7054 = VECTOR('',#7055,1.);
#7055 = DIRECTION('',(0.,0.,1.));
#7056 = PLANE('',#7057);
#7057 = AXIS2_PLACEMENT_3D('',#7058,#7059,#7060);
#7058 = CARTESIAN_POINT('',(0.477704918033,0.366229508197,2.79));
#7059 = DIRECTION('',(0.,1.,0.));
#7060 = DIRECTION('',(0.,-0.,1.));
#7061 = ADVANCED_FACE('',(#7062),#7079,.F.);
#7062 = FACE_BOUND('',#7063,.T.);
#7063 = EDGE_LOOP('',(#7064,#7071,#7072,#7073));
#7064 = ORIENTED_EDGE('',*,*,#7065,.T.);
#7065 = EDGE_CURVE('',#7066,#7043,#7068,.T.);
#7066 = VERTEX_POINT('',#7067);
#7067 = CARTESIAN_POINT('',(0.25737704918,9.409836065574E-02,2.8));
#7068 = B_SPLINE_CURVE_WITH_KNOTS('',1,(#7069,#7070),.UNSPECIFIED.,.F.,
  .F.,(2,2),(0.378141221187,0.461914864937),.PIECEWISE_BEZIER_KNOTS.);
#7069 = CARTESIAN_POINT('',(0.25737704918,9.409836065574E-02,2.8));
#7070 = CARTESIAN_POINT('',(0.477704918033,0.366229508197,2.8));
#7071 = ORIENTED_EDGE('',*,*,#7051,.F.);
#7072 = ORIENTED_EDGE('',*,*,#6895,.F.);
#7073 = ORIENTED_EDGE('',*,*,#7074,.T.);
#7074 = EDGE_CURVE('',#6889,#7066,#7075,.T.);
#7075 = LINE('',#7076,#7077);
#7076 = CARTESIAN_POINT('',(0.25737704918,9.409836065574E-02,2.79));
#7077 = VECTOR('',#7078,1.);
#7078 = DIRECTION('',(0.,0.,1.));
#7079 = PLANE('',#7080);
#7080 = AXIS2_PLACEMENT_3D('',#7081,#7082,#7083);
#7081 = CARTESIAN_POINT('',(0.25737704918,9.409836065574E-02,2.79));
#7082 = DIRECTION('',(0.777201256293,-0.62925210148,0.));
#7083 = DIRECTION('',(0.62925210148,0.777201256293,0.));
#7084 = ADVANCED_FACE('',(#7085),#7102,.F.);
#7085 = FACE_BOUND('',#7086,.T.);
#7086 = EDGE_LOOP('',(#7087,#7094,#7095,#7096));
#7087 = ORIENTED_EDGE('',*,*,#7088,.T.);
#7088 = EDGE_CURVE('',#7089,#7066,#7091,.T.);
#7089 = VERTEX_POINT('',#7090);
#7090 = CARTESIAN_POINT('',(0.517704918033,-0.365573770492,2.8));
#7091 = B_SPLINE_CURVE_WITH_KNOTS('',1,(#7092,#7093),.UNSPECIFIED.,.F.,
  .F.,(2,2),(0.251749538128,0.378141221187),.PIECEWISE_BEZIER_KNOTS.);
#7092 = CARTESIAN_POINT('',(0.517704918033,-0.365573770492,2.8));
#7093 = CARTESIAN_POINT('',(0.25737704918,9.409836065574E-02,2.8));
#7094 = ORIENTED_EDGE('',*,*,#7074,.F.);
#7095 = ORIENTED_EDGE('',*,*,#6888,.F.);
#7096 = ORIENTED_EDGE('',*,*,#7097,.T.);
#7097 = EDGE_CURVE('',#6882,#7089,#7098,.T.);
#7098 = LINE('',#7099,#7100);
#7099 = CARTESIAN_POINT('',(0.517704918033,-0.365573770492,2.79));
#7100 = VECTOR('',#7101,1.);
#7101 = DIRECTION('',(0.,0.,1.));
#7102 = PLANE('',#7103);
#7103 = AXIS2_PLACEMENT_3D('',#7104,#7105,#7106);
#7104 = CARTESIAN_POINT('',(0.517704918033,-0.365573770492,2.79));
#7105 = DIRECTION('',(0.870146391924,0.492793320391,0.));
#7106 = DIRECTION('',(-0.492793320391,0.870146391924,0.));
#7107 = ADVANCED_FACE('',(#7108),#7125,.F.);
#7108 = FACE_BOUND('',#7109,.T.);
#7109 = EDGE_LOOP('',(#7110,#7117,#7118,#7119));
#7110 = ORIENTED_EDGE('',*,*,#7111,.T.);
#7111 = EDGE_CURVE('',#7112,#7089,#7114,.T.);
#7112 = VERTEX_POINT('',#7113);
#7113 = CARTESIAN_POINT('',(0.41606557377,-0.365573770492,2.8));
#7114 = B_SPLINE_CURVE_WITH_KNOTS('',1,(#7115,#7116),.UNSPECIFIED.,.F.,
  .F.,(2,2),(0.227431725885,0.251749538128),.PIECEWISE_BEZIER_KNOTS.);
#7115 = CARTESIAN_POINT('',(0.41606557377,-0.365573770492,2.8));
#7116 = CARTESIAN_POINT('',(0.517704918033,-0.365573770492,2.8));
#7117 = ORIENTED_EDGE('',*,*,#7097,.F.);
#7118 = ORIENTED_EDGE('',*,*,#6881,.F.);
#7119 = ORIENTED_EDGE('',*,*,#7120,.T.);
#7120 = EDGE_CURVE('',#6875,#7112,#7121,.T.);
#7121 = LINE('',#7122,#7123);
#7122 = CARTESIAN_POINT('',(0.41606557377,-0.365573770492,2.79));
#7123 = VECTOR('',#7124,1.);
#7124 = DIRECTION('',(0.,0.,1.));
#7125 = PLANE('',#7126);
#7126 = AXIS2_PLACEMENT_3D('',#7127,#7128,#7129);
#7127 = CARTESIAN_POINT('',(0.41606557377,-0.365573770492,2.79));
#7128 = DIRECTION('',(0.,-1.,0.));
#7129 = DIRECTION('',(0.,0.,-1.));
#7130 = ADVANCED_FACE('',(#7131),#7148,.F.);
#7131 = FACE_BOUND('',#7132,.T.);
#7132 = EDGE_LOOP('',(#7133,#7140,#7141,#7142));
#7133 = ORIENTED_EDGE('',*,*,#7134,.T.);
#7134 = EDGE_CURVE('',#7135,#7112,#7137,.T.);
#7135 = VERTEX_POINT('',#7136);
#7136 = CARTESIAN_POINT('',(0.198360655738,2.E-02,2.8));
#7137 = B_SPLINE_CURVE_WITH_KNOTS('',1,(#7138,#7139),.UNSPECIFIED.,.F.,
  .F.,(2,2),(0.121491721838,0.227431725885),.PIECEWISE_BEZIER_KNOTS.);
#7138 = CARTESIAN_POINT('',(0.198360655738,2.E-02,2.8));
#7139 = CARTESIAN_POINT('',(0.41606557377,-0.365573770492,2.8));
#7140 = ORIENTED_EDGE('',*,*,#7120,.F.);
#7141 = ORIENTED_EDGE('',*,*,#6874,.F.);
#7142 = ORIENTED_EDGE('',*,*,#7143,.T.);
#7143 = EDGE_CURVE('',#6868,#7135,#7144,.T.);
#7144 = LINE('',#7145,#7146);
#7145 = CARTESIAN_POINT('',(0.198360655738,2.E-02,2.79));
#7146 = VECTOR('',#7147,1.);
#7147 = DIRECTION('',(0.,0.,1.));
#7148 = PLANE('',#7149);
#7149 = AXIS2_PLACEMENT_3D('',#7150,#7151,#7152);
#7150 = CARTESIAN_POINT('',(0.198360655738,2.E-02,2.79));
#7151 = DIRECTION('',(-0.870783404646,-0.49166682031,0.));
#7152 = DIRECTION('',(0.49166682031,-0.870783404646,0.));
#7153 = ADVANCED_FACE('',(#7154),#7171,.F.);
#7154 = FACE_BOUND('',#7155,.T.);
#7155 = EDGE_LOOP('',(#7156,#7163,#7164,#7165));
#7156 = ORIENTED_EDGE('',*,*,#7157,.T.);
#7157 = EDGE_CURVE('',#7158,#7135,#7160,.T.);
#7158 = VERTEX_POINT('',#7159);
#7159 = CARTESIAN_POINT('',(8.950819672131E-02,-0.109836065574,2.8));
#7160 = B_SPLINE_CURVE_WITH_KNOTS('',1,(#7161,#7162),.UNSPECIFIED.,.F.,
  .F.,(2,2),(8.095478140252E-02,0.121491721838),
  .PIECEWISE_BEZIER_KNOTS.);
#7161 = CARTESIAN_POINT('',(8.950819672131E-02,-0.109836065574,2.8));
#7162 = CARTESIAN_POINT('',(0.198360655738,2.E-02,2.8));
#7163 = ORIENTED_EDGE('',*,*,#7143,.F.);
#7164 = ORIENTED_EDGE('',*,*,#6867,.F.);
#7165 = ORIENTED_EDGE('',*,*,#7166,.T.);
#7166 = EDGE_CURVE('',#6861,#7158,#7167,.T.);
#7167 = LINE('',#7168,#7169);
#7168 = CARTESIAN_POINT('',(8.950819672131E-02,-0.109836065574,2.79));
#7169 = VECTOR('',#7170,1.);
#7170 = DIRECTION('',(0.,0.,1.));
#7171 = PLANE('',#7172);
#7172 = AXIS2_PLACEMENT_3D('',#7173,#7174,#7175);
#7173 = CARTESIAN_POINT('',(8.950819672131E-02,-0.109836065574,2.79));
#7174 = DIRECTION('',(0.766314470036,-0.642465666798,0.));
#7175 = DIRECTION('',(0.642465666798,0.766314470036,0.));
#7176 = ADVANCED_FACE('',(#7177),#7194,.F.);
#7177 = FACE_BOUND('',#7178,.T.);
#7178 = EDGE_LOOP('',(#7179,#7186,#7187,#7188));
#7179 = ORIENTED_EDGE('',*,*,#7180,.T.);
#7180 = EDGE_CURVE('',#7181,#7158,#7183,.T.);
#7181 = VERTEX_POINT('',#7182);
#7182 = CARTESIAN_POINT('',(8.950819672131E-02,-0.365573770492,2.8));
#7183 = B_SPLINE_CURVE_WITH_KNOTS('',1,(#7184,#7185),.UNSPECIFIED.,.F.,
  .F.,(2,2),(1.976802801689E-02,8.095478140252E-02),
  .PIECEWISE_BEZIER_KNOTS.);
#7184 = CARTESIAN_POINT('',(8.950819672131E-02,-0.365573770492,2.8));
#7185 = CARTESIAN_POINT('',(8.950819672131E-02,-0.109836065574,2.8));
#7186 = ORIENTED_EDGE('',*,*,#7166,.F.);
#7187 = ORIENTED_EDGE('',*,*,#6860,.F.);
#7188 = ORIENTED_EDGE('',*,*,#7189,.T.);
#7189 = EDGE_CURVE('',#6854,#7181,#7190,.T.);
#7190 = LINE('',#7191,#7192);
#7191 = CARTESIAN_POINT('',(8.950819672131E-02,-0.365573770492,2.79));
#7192 = VECTOR('',#7193,1.);
#7193 = DIRECTION('',(0.,0.,1.));
#7194 = PLANE('',#7195);
#7195 = AXIS2_PLACEMENT_3D('',#7196,#7197,#7198);
#7196 = CARTESIAN_POINT('',(8.950819672131E-02,-0.365573770492,2.79));
#7197 = DIRECTION('',(1.,0.,0.));
#7198 = DIRECTION('',(0.,0.,-1.));
#7199 = ADVANCED_FACE('',(#7200),#7217,.F.);
#7200 = FACE_BOUND('',#7201,.T.);
#7201 = EDGE_LOOP('',(#7202,#7209,#7210,#7211));
#7202 = ORIENTED_EDGE('',*,*,#7203,.T.);
#7203 = EDGE_CURVE('',#7204,#7181,#7206,.T.);
#7204 = VERTEX_POINT('',#7205);
#7205 = CARTESIAN_POINT('',(6.88524590164E-03,-0.365573770492,2.8));
#7206 = B_SPLINE_CURVE_WITH_KNOTS('',1,(#7207,#7208),.UNSPECIFIED.,.F.,
  .F.,(2,2),(0.,1.976802801689E-02),.PIECEWISE_BEZIER_KNOTS.);
#7207 = CARTESIAN_POINT('',(6.88524590164E-03,-0.365573770492,2.8));
#7208 = CARTESIAN_POINT('',(8.950819672131E-02,-0.365573770492,2.8));
#7209 = ORIENTED_EDGE('',*,*,#7189,.F.);
#7210 = ORIENTED_EDGE('',*,*,#6853,.F.);
#7211 = ORIENTED_EDGE('',*,*,#7212,.T.);
#7212 = EDGE_CURVE('',#6847,#7204,#7213,.T.);
#7213 = LINE('',#7214,#7215);
#7214 = CARTESIAN_POINT('',(6.88524590164E-03,-0.365573770492,2.79));
#7215 = VECTOR('',#7216,1.);
#7216 = DIRECTION('',(0.,0.,1.));
#7217 = PLANE('',#7218);
#7218 = AXIS2_PLACEMENT_3D('',#7219,#7220,#7221);
#7219 = CARTESIAN_POINT('',(6.88524590164E-03,-0.365573770492,2.79));
#7220 = DIRECTION('',(0.,-1.,0.));
#7221 = DIRECTION('',(0.,0.,-1.));
#7222 = ADVANCED_FACE('',(#7223),#7233,.F.);
#7223 = FACE_BOUND('',#7224,.T.);
#7224 = EDGE_LOOP('',(#7225,#7230,#7231,#7232));
#7225 = ORIENTED_EDGE('',*,*,#7226,.T.);
#7226 = EDGE_CURVE('',#6946,#7204,#7227,.T.);
#7227 = B_SPLINE_CURVE_WITH_KNOTS('',1,(#7228,#7229),.UNSPECIFIED.,.F.,
  .F.,(2,2),(0.764666333132,1.),.PIECEWISE_BEZIER_KNOTS.);
#7228 = CARTESIAN_POINT('',(6.88524590164E-03,0.618032786885,2.8));
#7229 = CARTESIAN_POINT('',(6.88524590164E-03,-0.365573770492,2.8));
#7230 = ORIENTED_EDGE('',*,*,#7212,.F.);
#7231 = ORIENTED_EDGE('',*,*,#6844,.F.);
#7232 = ORIENTED_EDGE('',*,*,#6952,.T.);
#7233 = PLANE('',#7234);
#7234 = AXIS2_PLACEMENT_3D('',#7235,#7236,#7237);
#7235 = CARTESIAN_POINT('',(6.88524590164E-03,0.618032786885,2.79));
#7236 = DIRECTION('',(-1.,0.,0.));
#7237 = DIRECTION('',(0.,0.,1.));
#7238 = ADVANCED_FACE('',(#7239),#7320,.T.);
#7239 = FACE_BOUND('',#7240,.T.);
#7240 = EDGE_LOOP('',(#7241,#7252,#7261,#7275,#7284,#7295,#7304,#7313));
#7241 = ORIENTED_EDGE('',*,*,#7242,.T.);
#7242 = EDGE_CURVE('',#7243,#7245,#7247,.T.);
#7243 = VERTEX_POINT('',#7244);
#7244 = CARTESIAN_POINT('',(-0.366229508197,0.366229508197,2.79));
#7245 = VERTEX_POINT('',#7246);
#7246 = CARTESIAN_POINT('',(-0.366229508197,-0.365573770492,2.79));
#7247 = B_SPLINE_CURVE_WITH_KNOTS('',3,(#7248,#7249,#7250,#7251),
  .UNSPECIFIED.,.F.,.F.,(4,4),(0.663177831208,1.),
  .PIECEWISE_BEZIER_KNOTS.);
#7248 = CARTESIAN_POINT('',(-0.366229508197,0.366229508197,2.79));
#7249 = CARTESIAN_POINT('',(-0.366229508197,0.122295081967,2.79));
#7250 = CARTESIAN_POINT('',(-0.366229508197,-0.121639344262,2.79));
#7251 = CARTESIAN_POINT('',(-0.366229508197,-0.365573770492,2.79));
#7252 = ORIENTED_EDGE('',*,*,#7253,.T.);
#7253 = EDGE_CURVE('',#7245,#7254,#7256,.T.);
#7254 = VERTEX_POINT('',#7255);
#7255 = CARTESIAN_POINT('',(-0.283606557377,-0.365573770492,2.79));
#7256 = B_SPLINE_CURVE_WITH_KNOTS('',3,(#7257,#7258,#7259,#7260),
  .UNSPECIFIED.,.F.,.F.,(4,4),(0.,3.802830937977E-02),
  .PIECEWISE_BEZIER_KNOTS.);
#7257 = CARTESIAN_POINT('',(-0.366229508197,-0.365573770492,2.79));
#7258 = CARTESIAN_POINT('',(-0.33868852459,-0.365573770492,2.79));
#7259 = CARTESIAN_POINT('',(-0.311147540984,-0.365573770492,2.79));
#7260 = CARTESIAN_POINT('',(-0.283606557377,-0.365573770492,2.79));
#7261 = ORIENTED_EDGE('',*,*,#7262,.T.);
#7262 = EDGE_CURVE('',#7254,#7263,#7265,.T.);
#7263 = VERTEX_POINT('',#7264);
#7264 = CARTESIAN_POINT('',(-6.72131147541E-02,0.294754098361,2.79));
#7265 = B_SPLINE_CURVE_WITH_KNOTS('',3,(#7266,#7267,#7268,#7269,#7270,
    #7271,#7272,#7273,#7274),.UNSPECIFIED.,.F.,.F.,(4,3,2,4),(
    3.802830937977E-02,0.248089446906,0.388843180483,0.407809995646),
  .UNSPECIFIED.);
#7266 = CARTESIAN_POINT('',(-0.283606557377,-0.365573770492,2.79));
#7267 = CARTESIAN_POINT('',(-0.283606557377,-0.213442622951,2.79));
#7268 = CARTESIAN_POINT('',(-0.283606557377,-6.131147540984E-02,2.79));
#7269 = CARTESIAN_POINT('',(-0.283606557377,9.081967213115E-02,2.79));
#7270 = CARTESIAN_POINT('',(-0.283606557377,0.232459016393,2.79));
#7271 = CARTESIAN_POINT('',(-0.199672131148,0.29868852459,2.79));
#7272 = CARTESIAN_POINT('',(-9.475409836065E-02,0.29868852459,2.79));
#7273 = CARTESIAN_POINT('',(-8.098360655738E-02,0.29737704918,2.79));
#7274 = CARTESIAN_POINT('',(-6.72131147541E-02,0.294754098361,2.79));
#7275 = ORIENTED_EDGE('',*,*,#7276,.T.);
#7276 = EDGE_CURVE('',#7263,#7277,#7279,.T.);
#7277 = VERTEX_POINT('',#7278);
#7278 = CARTESIAN_POINT('',(-6.72131147541E-02,0.37737704918,2.79));
#7279 = B_SPLINE_CURVE_WITH_KNOTS('',3,(#7280,#7281,#7282,#7283),
  .UNSPECIFIED.,.F.,.F.,(4,4),(0.407809995646,0.445838305026),
  .PIECEWISE_BEZIER_KNOTS.);
#7280 = CARTESIAN_POINT('',(-6.72131147541E-02,0.294754098361,2.79));
#7281 = CARTESIAN_POINT('',(-6.72131147541E-02,0.322295081967,2.79));
#7282 = CARTESIAN_POINT('',(-6.72131147541E-02,0.349836065574,2.79));
#7283 = CARTESIAN_POINT('',(-6.72131147541E-02,0.37737704918,2.79));
#7284 = ORIENTED_EDGE('',*,*,#7285,.T.);
#7285 = EDGE_CURVE('',#7277,#7286,#7288,.T.);
#7286 = VERTEX_POINT('',#7287);
#7287 = CARTESIAN_POINT('',(-0.280983606557,0.250819672131,2.79));
#7288 = B_SPLINE_CURVE_WITH_KNOTS('',3,(#7289,#7290,#7291,#7292,#7293,
    #7294),.UNSPECIFIED.,.F.,.F.,(4,2,4),(0.445838305026,0.458591882632,
    0.570823365571),.UNSPECIFIED.);
#7289 = CARTESIAN_POINT('',(-6.72131147541E-02,0.37737704918,2.79));
#7290 = CARTESIAN_POINT('',(-7.704918032787E-02,0.380655737705,2.79));
#7291 = CARTESIAN_POINT('',(-8.622950819672E-02,0.381967213115,2.79));
#7292 = CARTESIAN_POINT('',(-0.18262295082,0.381967213115,2.79));
#7293 = CARTESIAN_POINT('',(-0.248852459016,0.333442622951,2.79));
#7294 = CARTESIAN_POINT('',(-0.280983606557,0.250819672131,2.79));
#7295 = ORIENTED_EDGE('',*,*,#7296,.T.);
#7296 = EDGE_CURVE('',#7286,#7297,#7299,.T.);
#7297 = VERTEX_POINT('',#7298);
#7298 = CARTESIAN_POINT('',(-0.283606557377,0.250819672131,2.79));
#7299 = B_SPLINE_CURVE_WITH_KNOTS('',3,(#7300,#7301,#7302,#7303),
  .UNSPECIFIED.,.F.,.F.,(4,4),(0.570823365571,0.572030613488),
  .PIECEWISE_BEZIER_KNOTS.);
#7300 = CARTESIAN_POINT('',(-0.280983606557,0.250819672131,2.79));
#7301 = CARTESIAN_POINT('',(-0.281857923497,0.250819672131,2.79));
#7302 = CARTESIAN_POINT('',(-0.282732240437,0.250819672131,2.79));
#7303 = CARTESIAN_POINT('',(-0.283606557377,0.250819672131,2.79));
#7304 = ORIENTED_EDGE('',*,*,#7305,.T.);
#7305 = EDGE_CURVE('',#7297,#7306,#7308,.T.);
#7306 = VERTEX_POINT('',#7307);
#7307 = CARTESIAN_POINT('',(-0.283606557377,0.366229508197,2.79));
#7308 = B_SPLINE_CURVE_WITH_KNOTS('',3,(#7309,#7310,#7311,#7312),
  .UNSPECIFIED.,.F.,.F.,(4,4),(0.572030613488,0.625149521828),
  .PIECEWISE_BEZIER_KNOTS.);
#7309 = CARTESIAN_POINT('',(-0.283606557377,0.250819672131,2.79));
#7310 = CARTESIAN_POINT('',(-0.283606557377,0.289289617486,2.79));
#7311 = CARTESIAN_POINT('',(-0.283606557377,0.327759562842,2.79));
#7312 = CARTESIAN_POINT('',(-0.283606557377,0.366229508197,2.79));
#7313 = ORIENTED_EDGE('',*,*,#7314,.T.);
#7314 = EDGE_CURVE('',#7306,#7243,#7315,.T.);
#7315 = B_SPLINE_CURVE_WITH_KNOTS('',3,(#7316,#7317,#7318,#7319),
  .UNSPECIFIED.,.F.,.F.,(4,4),(0.625149521828,0.663177831208),
  .PIECEWISE_BEZIER_KNOTS.);
#7316 = CARTESIAN_POINT('',(-0.283606557377,0.366229508197,2.79));
#7317 = CARTESIAN_POINT('',(-0.311147540984,0.366229508197,2.79));
#7318 = CARTESIAN_POINT('',(-0.33868852459,0.366229508197,2.79));
#7319 = CARTESIAN_POINT('',(-0.366229508197,0.366229508197,2.79));
#7320 = PLANE('',#7321);
#7321 = AXIS2_PLACEMENT_3D('',#7322,#7323,#7324);
#7322 = CARTESIAN_POINT('',(-0.283606557377,3.613293928163E-02,2.79));
#7323 = DIRECTION('',(0.,0.,1.));
#7324 = DIRECTION('',(1.,0.,-0.));
#7325 = ADVANCED_FACE('',(#7326),#7352,.F.);
#7326 = FACE_BOUND('',#7327,.T.);
#7327 = EDGE_LOOP('',(#7328,#7339,#7345,#7346));
#7328 = ORIENTED_EDGE('',*,*,#7329,.T.);
#7329 = EDGE_CURVE('',#7330,#7332,#7334,.T.);
#7330 = VERTEX_POINT('',#7331);
#7331 = CARTESIAN_POINT('',(-0.283606557377,0.366229508197,2.8));
#7332 = VERTEX_POINT('',#7333);
#7333 = CARTESIAN_POINT('',(-0.366229508197,0.366229508197,2.8));
#7334 = B_SPLINE_CURVE_WITH_KNOTS('',3,(#7335,#7336,#7337,#7338),
  .UNSPECIFIED.,.F.,.F.,(4,4),(0.625149521828,0.663177831208),
  .PIECEWISE_BEZIER_KNOTS.);
#7335 = CARTESIAN_POINT('',(-0.283606557377,0.366229508197,2.8));
#7336 = CARTESIAN_POINT('',(-0.311147540984,0.366229508197,2.8));
#7337 = CARTESIAN_POINT('',(-0.33868852459,0.366229508197,2.8));
#7338 = CARTESIAN_POINT('',(-0.366229508197,0.366229508197,2.8));
#7339 = ORIENTED_EDGE('',*,*,#7340,.F.);
#7340 = EDGE_CURVE('',#7243,#7332,#7341,.T.);
#7341 = LINE('',#7342,#7343);
#7342 = CARTESIAN_POINT('',(-0.366229508197,0.366229508197,2.79));
#7343 = VECTOR('',#7344,1.);
#7344 = DIRECTION('',(0.,0.,1.));
#7345 = ORIENTED_EDGE('',*,*,#7314,.F.);
#7346 = ORIENTED_EDGE('',*,*,#7347,.T.);
#7347 = EDGE_CURVE('',#7306,#7330,#7348,.T.);
#7348 = LINE('',#7349,#7350);
#7349 = CARTESIAN_POINT('',(-0.283606557377,0.366229508197,2.79));
#7350 = VECTOR('',#7351,1.);
#7351 = DIRECTION('',(0.,0.,1.));
#7352 = PLANE('',#7353);
#7353 = AXIS2_PLACEMENT_3D('',#7354,#7355,#7356);
#7354 = CARTESIAN_POINT('',(-0.283606557377,0.366229508197,2.79));
#7355 = DIRECTION('',(0.,1.,0.));
#7356 = DIRECTION('',(0.,-0.,1.));
#7357 = ADVANCED_FACE('',(#7358),#7377,.F.);
#7358 = FACE_BOUND('',#7359,.T.);
#7359 = EDGE_LOOP('',(#7360,#7369,#7370,#7371));
#7360 = ORIENTED_EDGE('',*,*,#7361,.T.);
#7361 = EDGE_CURVE('',#7362,#7330,#7364,.T.);
#7362 = VERTEX_POINT('',#7363);
#7363 = CARTESIAN_POINT('',(-0.283606557377,0.250819672131,2.8));
#7364 = B_SPLINE_CURVE_WITH_KNOTS('',3,(#7365,#7366,#7367,#7368),
  .UNSPECIFIED.,.F.,.F.,(4,4),(0.572030613488,0.625149521828),
  .PIECEWISE_BEZIER_KNOTS.);
#7365 = CARTESIAN_POINT('',(-0.283606557377,0.250819672131,2.8));
#7366 = CARTESIAN_POINT('',(-0.283606557377,0.289289617486,2.8));
#7367 = CARTESIAN_POINT('',(-0.283606557377,0.327759562842,2.8));
#7368 = CARTESIAN_POINT('',(-0.283606557377,0.366229508197,2.8));
#7369 = ORIENTED_EDGE('',*,*,#7347,.F.);
#7370 = ORIENTED_EDGE('',*,*,#7305,.F.);
#7371 = ORIENTED_EDGE('',*,*,#7372,.T.);
#7372 = EDGE_CURVE('',#7297,#7362,#7373,.T.);
#7373 = LINE('',#7374,#7375);
#7374 = CARTESIAN_POINT('',(-0.283606557377,0.250819672131,2.79));
#7375 = VECTOR('',#7376,1.);
#7376 = DIRECTION('',(0.,0.,1.));
#7377 = PLANE('',#7378);
#7378 = AXIS2_PLACEMENT_3D('',#7379,#7380,#7381);
#7379 = CARTESIAN_POINT('',(-0.283606557377,0.250819672131,2.79));
#7380 = DIRECTION('',(1.,0.,0.));
#7381 = DIRECTION('',(0.,0.,-1.));
#7382 = ADVANCED_FACE('',(#7383),#7402,.F.);
#7383 = FACE_BOUND('',#7384,.T.);
#7384 = EDGE_LOOP('',(#7385,#7394,#7395,#7396));
#7385 = ORIENTED_EDGE('',*,*,#7386,.T.);
#7386 = EDGE_CURVE('',#7387,#7362,#7389,.T.);
#7387 = VERTEX_POINT('',#7388);
#7388 = CARTESIAN_POINT('',(-0.280983606557,0.250819672131,2.8));
#7389 = B_SPLINE_CURVE_WITH_KNOTS('',3,(#7390,#7391,#7392,#7393),
  .UNSPECIFIED.,.F.,.F.,(4,4),(0.570823365571,0.572030613488),
  .PIECEWISE_BEZIER_KNOTS.);
#7390 = CARTESIAN_POINT('',(-0.280983606557,0.250819672131,2.8));
#7391 = CARTESIAN_POINT('',(-0.281857923497,0.250819672131,2.8));
#7392 = CARTESIAN_POINT('',(-0.282732240437,0.250819672131,2.8));
#7393 = CARTESIAN_POINT('',(-0.283606557377,0.250819672131,2.8));
#7394 = ORIENTED_EDGE('',*,*,#7372,.F.);
#7395 = ORIENTED_EDGE('',*,*,#7296,.F.);
#7396 = ORIENTED_EDGE('',*,*,#7397,.T.);
#7397 = EDGE_CURVE('',#7286,#7387,#7398,.T.);
#7398 = LINE('',#7399,#7400);
#7399 = CARTESIAN_POINT('',(-0.280983606557,0.250819672131,2.79));
#7400 = VECTOR('',#7401,1.);
#7401 = DIRECTION('',(0.,0.,1.));
#7402 = PLANE('',#7403);
#7403 = AXIS2_PLACEMENT_3D('',#7404,#7405,#7406);
#7404 = CARTESIAN_POINT('',(-0.280983606557,0.250819672131,2.79));
#7405 = DIRECTION('',(0.,1.,0.));
#7406 = DIRECTION('',(0.,-0.,1.));
#7407 = ADVANCED_FACE('',(#7408),#7429,.F.);
#7408 = FACE_BOUND('',#7409,.F.);
#7409 = EDGE_LOOP('',(#7410,#7418,#7419,#7420));
#7410 = ORIENTED_EDGE('',*,*,#7411,.F.);
#7411 = EDGE_CURVE('',#7277,#7412,#7414,.T.);
#7412 = VERTEX_POINT('',#7413);
#7413 = CARTESIAN_POINT('',(-6.72131147541E-02,0.37737704918,2.8));
#7414 = LINE('',#7415,#7416);
#7415 = CARTESIAN_POINT('',(-6.72131147541E-02,0.37737704918,2.79));
#7416 = VECTOR('',#7417,1.);
#7417 = DIRECTION('',(0.,0.,1.));
#7418 = ORIENTED_EDGE('',*,*,#7285,.T.);
#7419 = ORIENTED_EDGE('',*,*,#7397,.T.);
#7420 = ORIENTED_EDGE('',*,*,#7421,.F.);
#7421 = EDGE_CURVE('',#7412,#7387,#7422,.T.);
#7422 = B_SPLINE_CURVE_WITH_KNOTS('',3,(#7423,#7424,#7425,#7426,#7427,
    #7428),.UNSPECIFIED.,.F.,.F.,(4,2,4),(0.445838305026,0.458591882632,
    0.570823365571),.UNSPECIFIED.);
#7423 = CARTESIAN_POINT('',(-6.72131147541E-02,0.37737704918,2.8));
#7424 = CARTESIAN_POINT('',(-7.704918032787E-02,0.380655737705,2.8));
#7425 = CARTESIAN_POINT('',(-8.622950819672E-02,0.381967213115,2.8));
#7426 = CARTESIAN_POINT('',(-0.18262295082,0.381967213115,2.8));
#7427 = CARTESIAN_POINT('',(-0.248852459016,0.333442622951,2.8));
#7428 = CARTESIAN_POINT('',(-0.280983606557,0.250819672131,2.8));
#7429 = SURFACE_OF_LINEAR_EXTRUSION('',#7430,#7437);
#7430 = B_SPLINE_CURVE_WITH_KNOTS('',3,(#7431,#7432,#7433,#7434,#7435,
    #7436),.UNSPECIFIED.,.F.,.F.,(4,2,4),(0.445838305026,0.458591882632,
    0.570823365571),.UNSPECIFIED.);
#7431 = CARTESIAN_POINT('',(-6.72131147541E-02,0.37737704918,2.79));
#7432 = CARTESIAN_POINT('',(-7.704918032787E-02,0.380655737705,2.79));
#7433 = CARTESIAN_POINT('',(-8.622950819672E-02,0.381967213115,2.79));
#7434 = CARTESIAN_POINT('',(-0.18262295082,0.381967213115,2.79));
#7435 = CARTESIAN_POINT('',(-0.248852459016,0.333442622951,2.79));
#7436 = CARTESIAN_POINT('',(-0.280983606557,0.250819672131,2.79));
#7437 = VECTOR('',#7438,1.);
#7438 = DIRECTION('',(0.,0.,1.));
#7439 = ADVANCED_FACE('',(#7440),#7504,.F.);
#7440 = FACE_BOUND('',#7441,.F.);
#7441 = EDGE_LOOP('',(#7442,#7452,#7475,#7483));
#7442 = ORIENTED_EDGE('',*,*,#7443,.F.);
#7443 = EDGE_CURVE('',#7444,#7446,#7448,.T.);
#7444 = VERTEX_POINT('',#7445);
#7445 = CARTESIAN_POINT('',(-0.885573770492,0.147868852459,2.79));
#7446 = VERTEX_POINT('',#7447);
#7447 = CARTESIAN_POINT('',(-0.885573770492,0.147868852459,2.8));
#7448 = LINE('',#7449,#7450);
#7449 = CARTESIAN_POINT('',(-0.885573770492,0.147868852459,2.79));
#7450 = VECTOR('',#7451,1.);
#7451 = DIRECTION('',(0.,0.,1.));
#7452 = ORIENTED_EDGE('',*,*,#7453,.T.);
#7453 = EDGE_CURVE('',#7444,#7454,#7456,.T.);
#7454 = VERTEX_POINT('',#7455);
#7455 = CARTESIAN_POINT('',(-0.61737704918,-0.259344262295,2.79));
#7456 = B_SPLINE_CURVE_WITH_KNOTS('',3,(#7457,#7458,#7459,#7460,#7461,
    #7462,#7463,#7464,#7465,#7466,#7467,#7468,#7469,#7470,#7471,#7472,
    #7473,#7474),.UNSPECIFIED.,.F.,.F.,(4,2,2,3,3,2,2,4),(0.,
    7.698027471058E-02,0.136117439389,0.189051404975,0.239318908466,
    0.322607153286,0.429216106655,0.498101891908),.UNSPECIFIED.);
#7457 = CARTESIAN_POINT('',(-0.885573770492,0.147868852459,2.79));
#7458 = CARTESIAN_POINT('',(-0.885573770492,0.254098360656,2.79));
#7459 = CARTESIAN_POINT('',(-0.844262295082,0.313114754098,2.79));
#7460 = CARTESIAN_POINT('',(-0.669180327869,0.313114754098,2.79));
#7461 = CARTESIAN_POINT('',(-0.61868852459,0.280327868852,2.79));
#7462 = CARTESIAN_POINT('',(-0.61868852459,0.10262295082,2.79));
#7463 = CARTESIAN_POINT('',(-0.629836065574,8.622950819672E-02,2.79));
#7464 = CARTESIAN_POINT('',(-0.688852459016,7.114754098361E-02,2.79));
#7465 = CARTESIAN_POINT('',(-0.740993067601,5.78227187898E-02,2.79));
#7466 = CARTESIAN_POINT('',(-0.792459016393,4.185792349727E-02,2.79));
#7467 = CARTESIAN_POINT('',(-0.844262295082,2.72131147541E-02,2.79));
#7468 = CARTESIAN_POINT('',(-0.948361623269,-2.215809248196E-03,2.79));
#7469 = CARTESIAN_POINT('',(-0.991803278689,-7.770491803279E-02,2.79));
#7470 = CARTESIAN_POINT('',(-0.991803278689,-0.301967213115,2.79));
#7471 = CARTESIAN_POINT('',(-0.933442622951,-0.38131147541,2.79));
#7472 = CARTESIAN_POINT('',(-0.722950819672,-0.38131147541,2.79));
#7473 = CARTESIAN_POINT('',(-0.650163934426,-0.353770491803,2.79));
#7474 = CARTESIAN_POINT('',(-0.61737704918,-0.259344262295,2.79));
#7475 = ORIENTED_EDGE('',*,*,#7476,.T.);
#7476 = EDGE_CURVE('',#7454,#7477,#7479,.T.);
#7477 = VERTEX_POINT('',#7478);
#7478 = CARTESIAN_POINT('',(-0.61737704918,-0.259344262295,2.8));
#7479 = LINE('',#7480,#7481);
#7480 = CARTESIAN_POINT('',(-0.61737704918,-0.259344262295,2.79));
#7481 = VECTOR('',#7482,1.);
#7482 = DIRECTION('',(0.,0.,1.));
#7483 = ORIENTED_EDGE('',*,*,#7484,.F.);
#7484 = EDGE_CURVE('',#7446,#7477,#7485,.T.);
#7485 = B_SPLINE_CURVE_WITH_KNOTS('',3,(#7486,#7487,#7488,#7489,#7490,
    #7491,#7492,#7493,#7494,#7495,#7496,#7497,#7498,#7499,#7500,#7501,
    #7502,#7503),.UNSPECIFIED.,.F.,.F.,(4,2,2,3,3,2,2,4),(0.,
    7.698027471058E-02,0.136117439389,0.189051404975,0.239318908466,
    0.322607153286,0.429216106655,0.498101891908),.UNSPECIFIED.);
#7486 = CARTESIAN_POINT('',(-0.885573770492,0.147868852459,2.8));
#7487 = CARTESIAN_POINT('',(-0.885573770492,0.254098360656,2.8));
#7488 = CARTESIAN_POINT('',(-0.844262295082,0.313114754098,2.8));
#7489 = CARTESIAN_POINT('',(-0.669180327869,0.313114754098,2.8));
#7490 = CARTESIAN_POINT('',(-0.61868852459,0.280327868852,2.8));
#7491 = CARTESIAN_POINT('',(-0.61868852459,0.10262295082,2.8));
#7492 = CARTESIAN_POINT('',(-0.629836065574,8.622950819672E-02,2.8));
#7493 = CARTESIAN_POINT('',(-0.688852459016,7.114754098361E-02,2.8));
#7494 = CARTESIAN_POINT('',(-0.740993067601,5.78227187898E-02,2.8));
#7495 = CARTESIAN_POINT('',(-0.792459016393,4.185792349727E-02,2.8));
#7496 = CARTESIAN_POINT('',(-0.844262295082,2.72131147541E-02,2.8));
#7497 = CARTESIAN_POINT('',(-0.948361623269,-2.215809248196E-03,2.8));
#7498 = CARTESIAN_POINT('',(-0.991803278689,-7.770491803279E-02,2.8));
#7499 = CARTESIAN_POINT('',(-0.991803278689,-0.301967213115,2.8));
#7500 = CARTESIAN_POINT('',(-0.933442622951,-0.38131147541,2.8));
#7501 = CARTESIAN_POINT('',(-0.722950819672,-0.38131147541,2.8));
#7502 = CARTESIAN_POINT('',(-0.650163934426,-0.353770491803,2.8));
#7503 = CARTESIAN_POINT('',(-0.61737704918,-0.259344262295,2.8));
#7504 = SURFACE_OF_LINEAR_EXTRUSION('',#7505,#7524);
#7505 = B_SPLINE_CURVE_WITH_KNOTS('',3,(#7506,#7507,#7508,#7509,#7510,
    #7511,#7512,#7513,#7514,#7515,#7516,#7517,#7518,#7519,#7520,#7521,
    #7522,#7523),.UNSPECIFIED.,.F.,.F.,(4,2,2,3,3,2,2,4),(0.,
    7.698027471058E-02,0.136117439389,0.189051404975,0.239318908466,
    0.322607153286,0.429216106655,0.498101891908),.UNSPECIFIED.);
#7506 = CARTESIAN_POINT('',(-0.885573770492,0.147868852459,2.79));
#7507 = CARTESIAN_POINT('',(-0.885573770492,0.254098360656,2.79));
#7508 = CARTESIAN_POINT('',(-0.844262295082,0.313114754098,2.79));
#7509 = CARTESIAN_POINT('',(-0.669180327869,0.313114754098,2.79));
#7510 = CARTESIAN_POINT('',(-0.61868852459,0.280327868852,2.79));
#7511 = CARTESIAN_POINT('',(-0.61868852459,0.10262295082,2.79));
#7512 = CARTESIAN_POINT('',(-0.629836065574,8.622950819672E-02,2.79));
#7513 = CARTESIAN_POINT('',(-0.688852459016,7.114754098361E-02,2.79));
#7514 = CARTESIAN_POINT('',(-0.740993067601,5.78227187898E-02,2.79));
#7515 = CARTESIAN_POINT('',(-0.792459016393,4.185792349727E-02,2.79));
#7516 = CARTESIAN_POINT('',(-0.844262295082,2.72131147541E-02,2.79));
#7517 = CARTESIAN_POINT('',(-0.948361623269,-2.215809248196E-03,2.79));
#7518 = CARTESIAN_POINT('',(-0.991803278689,-7.770491803279E-02,2.79));
#7519 = CARTESIAN_POINT('',(-0.991803278689,-0.301967213115,2.79));
#7520 = CARTESIAN_POINT('',(-0.933442622951,-0.38131147541,2.79));
#7521 = CARTESIAN_POINT('',(-0.722950819672,-0.38131147541,2.79));
#7522 = CARTESIAN_POINT('',(-0.650163934426,-0.353770491803,2.79));
#7523 = CARTESIAN_POINT('',(-0.61737704918,-0.259344262295,2.79));
#7524 = VECTOR('',#7525,1.);
#7525 = DIRECTION('',(0.,0.,1.));
#7526 = ADVANCED_FACE('',(#7527),#7554,.F.);
#7527 = FACE_BOUND('',#7528,.T.);
#7528 = EDGE_LOOP('',(#7529,#7538,#7539,#7548));
#7529 = ORIENTED_EDGE('',*,*,#7530,.T.);
#7530 = EDGE_CURVE('',#7531,#7446,#7533,.T.);
#7531 = VERTEX_POINT('',#7532);
#7532 = CARTESIAN_POINT('',(-0.968196721311,0.147868852459,2.8));
#7533 = B_SPLINE_CURVE_WITH_KNOTS('',3,(#7534,#7535,#7536,#7537),
  .UNSPECIFIED.,.F.,.F.,(4,4),(0.97428448164,1.),
  .PIECEWISE_BEZIER_KNOTS.);
#7534 = CARTESIAN_POINT('',(-0.968196721311,0.147868852459,2.8));
#7535 = CARTESIAN_POINT('',(-0.940655737705,0.147868852459,2.8));
#7536 = CARTESIAN_POINT('',(-0.913114754098,0.147868852459,2.8));
#7537 = CARTESIAN_POINT('',(-0.885573770492,0.147868852459,2.8));
#7538 = ORIENTED_EDGE('',*,*,#7443,.F.);
#7539 = ORIENTED_EDGE('',*,*,#7540,.F.);
#7540 = EDGE_CURVE('',#7541,#7444,#7543,.T.);
#7541 = VERTEX_POINT('',#7542);
#7542 = CARTESIAN_POINT('',(-0.968196721311,0.147868852459,2.79));
#7543 = B_SPLINE_CURVE_WITH_KNOTS('',3,(#7544,#7545,#7546,#7547),
  .UNSPECIFIED.,.F.,.F.,(4,4),(0.97428448164,1.),
  .PIECEWISE_BEZIER_KNOTS.);
#7544 = CARTESIAN_POINT('',(-0.968196721311,0.147868852459,2.79));
#7545 = CARTESIAN_POINT('',(-0.940655737705,0.147868852459,2.79));
#7546 = CARTESIAN_POINT('',(-0.913114754098,0.147868852459,2.79));
#7547 = CARTESIAN_POINT('',(-0.885573770492,0.147868852459,2.79));
#7548 = ORIENTED_EDGE('',*,*,#7549,.T.);
#7549 = EDGE_CURVE('',#7541,#7531,#7550,.T.);
#7550 = LINE('',#7551,#7552);
#7551 = CARTESIAN_POINT('',(-0.968196721311,0.147868852459,2.79));
#7552 = VECTOR('',#7553,1.);
#7553 = DIRECTION('',(0.,0.,1.));
#7554 = PLANE('',#7555);
#7555 = AXIS2_PLACEMENT_3D('',#7556,#7557,#7558);
#7556 = CARTESIAN_POINT('',(-0.968196721311,0.147868852459,2.79));
#7557 = DIRECTION('',(0.,-1.,0.));
#7558 = DIRECTION('',(0.,0.,-1.));
#7559 = ADVANCED_FACE('',(#7560),#7674,.F.);
#7560 = FACE_BOUND('',#7561,.T.);
#7561 = EDGE_LOOP('',(#7562,#7571,#7578,#7585,#7592,#7599,#7606,#7613,
    #7620,#7627,#7634,#7641,#7648,#7655,#7662,#7669));
#7562 = ORIENTED_EDGE('',*,*,#7563,.T.);
#7563 = EDGE_CURVE('',#7564,#7566,#7568,.T.);
#7564 = VERTEX_POINT('',#7565);
#7565 = CARTESIAN_POINT('',(-1.892131147541,0.618032786885,2.79));
#7566 = VERTEX_POINT('',#7567);
#7567 = CARTESIAN_POINT('',(-1.892131147541,-0.365573770492,2.79));
#7568 = B_SPLINE_CURVE_WITH_KNOTS('',1,(#7569,#7570),.UNSPECIFIED.,.F.,
  .F.,(2,2),(0.877306443007,1.),.PIECEWISE_BEZIER_KNOTS.);
#7569 = CARTESIAN_POINT('',(-1.892131147541,0.618032786885,2.79));
#7570 = CARTESIAN_POINT('',(-1.892131147541,-0.365573770492,2.79));
#7571 = ORIENTED_EDGE('',*,*,#7572,.T.);
#7572 = EDGE_CURVE('',#7566,#7573,#7575,.T.);
#7573 = VERTEX_POINT('',#7574);
#7574 = CARTESIAN_POINT('',(-1.803606557377,-0.365573770492,2.79));
#7575 = B_SPLINE_CURVE_WITH_KNOTS('',1,(#7576,#7577),.UNSPECIFIED.,.F.,
  .F.,(2,2),(0.,1.104242012937E-02),.PIECEWISE_BEZIER_KNOTS.);
#7576 = CARTESIAN_POINT('',(-1.892131147541,-0.365573770492,2.79));
#7577 = CARTESIAN_POINT('',(-1.803606557377,-0.365573770492,2.79));
#7578 = ORIENTED_EDGE('',*,*,#7579,.T.);
#7579 = EDGE_CURVE('',#7573,#7580,#7582,.T.);
#7580 = VERTEX_POINT('',#7581);
#7581 = CARTESIAN_POINT('',(-1.803606557377,0.535409836066,2.79));
#7582 = B_SPLINE_CURVE_WITH_KNOTS('',1,(#7583,#7584),.UNSPECIFIED.,.F.,
  .F.,(2,2),(1.104242012937E-02,0.123429718335),
  .PIECEWISE_BEZIER_KNOTS.);
#7583 = CARTESIAN_POINT('',(-1.803606557377,-0.365573770492,2.79));
#7584 = CARTESIAN_POINT('',(-1.803606557377,0.535409836066,2.79));
#7585 = ORIENTED_EDGE('',*,*,#7586,.T.);
#7586 = EDGE_CURVE('',#7580,#7587,#7589,.T.);
#7587 = VERTEX_POINT('',#7588);
#7588 = CARTESIAN_POINT('',(-1.800983606557,0.535409836066,2.79));
#7589 = B_SPLINE_CURVE_WITH_KNOTS('',1,(#7590,#7591),.UNSPECIFIED.,.F.,
  .F.,(2,2),(0.123429718335,0.123756901154),.PIECEWISE_BEZIER_KNOTS.);
#7590 = CARTESIAN_POINT('',(-1.803606557377,0.535409836066,2.79));
#7591 = CARTESIAN_POINT('',(-1.800983606557,0.535409836066,2.79));
#7592 = ORIENTED_EDGE('',*,*,#7593,.T.);
#7593 = EDGE_CURVE('',#7587,#7594,#7596,.T.);
#7594 = VERTEX_POINT('',#7595);
#7595 = CARTESIAN_POINT('',(-1.546557377049,-0.365573770492,2.79));
#7596 = B_SPLINE_CURVE_WITH_KNOTS('',1,(#7597,#7598),.UNSPECIFIED.,.F.,
  .F.,(2,2),(0.123756901154,0.240539284437),.PIECEWISE_BEZIER_KNOTS.);
#7597 = CARTESIAN_POINT('',(-1.800983606557,0.535409836066,2.79));
#7598 = CARTESIAN_POINT('',(-1.546557377049,-0.365573770492,2.79));
#7599 = ORIENTED_EDGE('',*,*,#7600,.T.);
#7600 = EDGE_CURVE('',#7594,#7601,#7603,.T.);
#7601 = VERTEX_POINT('',#7602);
#7602 = CARTESIAN_POINT('',(-1.46393442623,-0.365573770492,2.79));
#7603 = B_SPLINE_CURVE_WITH_KNOTS('',1,(#7604,#7605),.UNSPECIFIED.,.F.,
  .F.,(2,2),(0.240539284437,0.250845543225),.PIECEWISE_BEZIER_KNOTS.);
#7604 = CARTESIAN_POINT('',(-1.546557377049,-0.365573770492,2.79));
#7605 = CARTESIAN_POINT('',(-1.46393442623,-0.365573770492,2.79));
#7606 = ORIENTED_EDGE('',*,*,#7607,.T.);
#7607 = EDGE_CURVE('',#7601,#7608,#7610,.T.);
#7608 = VERTEX_POINT('',#7609);
#7609 = CARTESIAN_POINT('',(-1.208852459016,0.535409836066,2.79));
#7610 = B_SPLINE_CURVE_WITH_KNOTS('',1,(#7611,#7612),.UNSPECIFIED.,.F.,
  .F.,(2,2),(0.250845543225,0.367650181801),.PIECEWISE_BEZIER_KNOTS.);
#7611 = CARTESIAN_POINT('',(-1.46393442623,-0.365573770492,2.79));
#7612 = CARTESIAN_POINT('',(-1.208852459016,0.535409836066,2.79));
#7613 = ORIENTED_EDGE('',*,*,#7614,.T.);
#7614 = EDGE_CURVE('',#7608,#7615,#7617,.T.);
#7615 = VERTEX_POINT('',#7616);
#7616 = CARTESIAN_POINT('',(-1.206229508197,0.535409836066,2.79));
#7617 = B_SPLINE_CURVE_WITH_KNOTS('',1,(#7618,#7619),.UNSPECIFIED.,.F.,
  .F.,(2,2),(0.367650181801,0.367977364619),.PIECEWISE_BEZIER_KNOTS.);
#7618 = CARTESIAN_POINT('',(-1.208852459016,0.535409836066,2.79));
#7619 = CARTESIAN_POINT('',(-1.206229508197,0.535409836066,2.79));
#7620 = ORIENTED_EDGE('',*,*,#7621,.T.);
#7621 = EDGE_CURVE('',#7615,#7622,#7624,.T.);
#7622 = VERTEX_POINT('',#7623);
#7623 = CARTESIAN_POINT('',(-1.206229508197,-0.365573770492,2.79));
#7624 = B_SPLINE_CURVE_WITH_KNOTS('',1,(#7625,#7626),.UNSPECIFIED.,.F.,
  .F.,(2,2),(0.367977364619,0.480364662825),.PIECEWISE_BEZIER_KNOTS.);
#7625 = CARTESIAN_POINT('',(-1.206229508197,0.535409836066,2.79));
#7626 = CARTESIAN_POINT('',(-1.206229508197,-0.365573770492,2.79));
#7627 = ORIENTED_EDGE('',*,*,#7628,.T.);
#7628 = EDGE_CURVE('',#7622,#7629,#7631,.T.);
#7629 = VERTEX_POINT('',#7630);
#7630 = CARTESIAN_POINT('',(-1.118360655738,-0.365573770492,2.79));
#7631 = B_SPLINE_CURVE_WITH_KNOTS('',1,(#7632,#7633),.UNSPECIFIED.,.F.,
  .F.,(2,2),(0.480364662825,0.49132528725),.PIECEWISE_BEZIER_KNOTS.);
#7632 = CARTESIAN_POINT('',(-1.206229508197,-0.365573770492,2.79));
#7633 = CARTESIAN_POINT('',(-1.118360655738,-0.365573770492,2.79));
#7634 = ORIENTED_EDGE('',*,*,#7635,.T.);
#7635 = EDGE_CURVE('',#7629,#7636,#7638,.T.);
#7636 = VERTEX_POINT('',#7637);
#7637 = CARTESIAN_POINT('',(-1.118360655738,0.618032786885,2.79));
#7638 = B_SPLINE_CURVE_WITH_KNOTS('',1,(#7639,#7640),.UNSPECIFIED.,.F.,
  .F.,(2,2),(0.49132528725,0.614018844243),.PIECEWISE_BEZIER_KNOTS.);
#7639 = CARTESIAN_POINT('',(-1.118360655738,-0.365573770492,2.79));
#7640 = CARTESIAN_POINT('',(-1.118360655738,0.618032786885,2.79));
#7641 = ORIENTED_EDGE('',*,*,#7642,.T.);
#7642 = EDGE_CURVE('',#7636,#7643,#7645,.T.);
#7643 = VERTEX_POINT('',#7644);
#7644 = CARTESIAN_POINT('',(-1.26262295082,0.618032786885,2.79));
#7645 = B_SPLINE_CURVE_WITH_KNOTS('',1,(#7646,#7647),.UNSPECIFIED.,.F.,
  .F.,(2,2),(0.614018844243,0.632013899268),.PIECEWISE_BEZIER_KNOTS.);
#7646 = CARTESIAN_POINT('',(-1.118360655738,0.618032786885,2.79));
#7647 = CARTESIAN_POINT('',(-1.26262295082,0.618032786885,2.79));
#7648 = ORIENTED_EDGE('',*,*,#7649,.T.);
#7649 = EDGE_CURVE('',#7643,#7650,#7652,.T.);
#7650 = VERTEX_POINT('',#7651);
#7651 = CARTESIAN_POINT('',(-1.499344262295,-0.255409836066,2.79));
#7652 = B_SPLINE_CURVE_WITH_KNOTS('',1,(#7653,#7654),.UNSPECIFIED.,.F.,
  .F.,(2,2),(0.632013899268,0.744896268858),.PIECEWISE_BEZIER_KNOTS.);
#7653 = CARTESIAN_POINT('',(-1.26262295082,0.618032786885,2.79));
#7654 = CARTESIAN_POINT('',(-1.499344262295,-0.255409836066,2.79));
#7655 = ORIENTED_EDGE('',*,*,#7656,.T.);
#7656 = EDGE_CURVE('',#7650,#7657,#7659,.T.);
#7657 = VERTEX_POINT('',#7658);
#7658 = CARTESIAN_POINT('',(-1.50262295082,-0.255409836066,2.79));
#7659 = B_SPLINE_CURVE_WITH_KNOTS('',1,(#7660,#7661),.UNSPECIFIED.,.F.,
  .F.,(2,2),(0.744896268858,0.745305247381),.PIECEWISE_BEZIER_KNOTS.);
#7660 = CARTESIAN_POINT('',(-1.499344262295,-0.255409836066,2.79));
#7661 = CARTESIAN_POINT('',(-1.50262295082,-0.255409836066,2.79));
#7662 = ORIENTED_EDGE('',*,*,#7663,.T.);
#7663 = EDGE_CURVE('',#7657,#7664,#7666,.T.);
#7664 = VERTEX_POINT('',#7665);
#7665 = CARTESIAN_POINT('',(-1.73868852459,0.618032786885,2.79));
#7666 = B_SPLINE_CURVE_WITH_KNOTS('',1,(#7667,#7668),.UNSPECIFIED.,.F.,
  .F.,(2,2),(0.745305247381,0.858166248116),.PIECEWISE_BEZIER_KNOTS.);
#7667 = CARTESIAN_POINT('',(-1.50262295082,-0.255409836066,2.79));
#7668 = CARTESIAN_POINT('',(-1.73868852459,0.618032786885,2.79));
#7669 = ORIENTED_EDGE('',*,*,#7670,.T.);
#7670 = EDGE_CURVE('',#7664,#7564,#7671,.T.);
#7671 = B_SPLINE_CURVE_WITH_KNOTS('',1,(#7672,#7673),.UNSPECIFIED.,.F.,
  .F.,(2,2),(0.858166248116,0.877306443007),.PIECEWISE_BEZIER_KNOTS.);
#7672 = CARTESIAN_POINT('',(-1.73868852459,0.618032786885,2.79));
#7673 = CARTESIAN_POINT('',(-1.892131147541,0.618032786885,2.79));
#7674 = PLANE('',#7675);
#7675 = AXIS2_PLACEMENT_3D('',#7676,#7677,#7678);
#7676 = CARTESIAN_POINT('',(-1.892131147541,0.126229508197,2.79));
#7677 = DIRECTION('',(0.,0.,-1.));
#7678 = DIRECTION('',(-1.,0.,0.));
#7679 = ADVANCED_FACE('',(#7680),#7704,.F.);
#7680 = FACE_BOUND('',#7681,.T.);
#7681 = EDGE_LOOP('',(#7682,#7691,#7697,#7698));
#7682 = ORIENTED_EDGE('',*,*,#7683,.T.);
#7683 = EDGE_CURVE('',#7684,#7686,#7688,.T.);
#7684 = VERTEX_POINT('',#7685);
#7685 = CARTESIAN_POINT('',(-1.73868852459,0.618032786885,2.8));
#7686 = VERTEX_POINT('',#7687);
#7687 = CARTESIAN_POINT('',(-1.892131147541,0.618032786885,2.8));
#7688 = B_SPLINE_CURVE_WITH_KNOTS('',1,(#7689,#7690),.UNSPECIFIED.,.F.,
  .F.,(2,2),(0.858166248116,0.877306443007),.PIECEWISE_BEZIER_KNOTS.);
#7689 = CARTESIAN_POINT('',(-1.73868852459,0.618032786885,2.8));
#7690 = CARTESIAN_POINT('',(-1.892131147541,0.618032786885,2.8));
#7691 = ORIENTED_EDGE('',*,*,#7692,.F.);
#7692 = EDGE_CURVE('',#7564,#7686,#7693,.T.);
#7693 = LINE('',#7694,#7695);
#7694 = CARTESIAN_POINT('',(-1.892131147541,0.618032786885,2.79));
#7695 = VECTOR('',#7696,1.);
#7696 = DIRECTION('',(0.,0.,1.));
#7697 = ORIENTED_EDGE('',*,*,#7670,.F.);
#7698 = ORIENTED_EDGE('',*,*,#7699,.T.);
#7699 = EDGE_CURVE('',#7664,#7684,#7700,.T.);
#7700 = LINE('',#7701,#7702);
#7701 = CARTESIAN_POINT('',(-1.73868852459,0.618032786885,2.79));
#7702 = VECTOR('',#7703,1.);
#7703 = DIRECTION('',(0.,0.,1.));
#7704 = PLANE('',#7705);
#7705 = AXIS2_PLACEMENT_3D('',#7706,#7707,#7708);
#7706 = CARTESIAN_POINT('',(-1.73868852459,0.618032786885,2.79));
#7707 = DIRECTION('',(0.,1.,0.));
#7708 = DIRECTION('',(0.,-0.,1.));
#7709 = ADVANCED_FACE('',(#7710),#7727,.F.);
#7710 = FACE_BOUND('',#7711,.T.);
#7711 = EDGE_LOOP('',(#7712,#7719,#7720,#7721));
#7712 = ORIENTED_EDGE('',*,*,#7713,.T.);
#7713 = EDGE_CURVE('',#7714,#7684,#7716,.T.);
#7714 = VERTEX_POINT('',#7715);
#7715 = CARTESIAN_POINT('',(-1.50262295082,-0.255409836066,2.8));
#7716 = B_SPLINE_CURVE_WITH_KNOTS('',1,(#7717,#7718),.UNSPECIFIED.,.F.,
  .F.,(2,2),(0.745305247381,0.858166248116),.PIECEWISE_BEZIER_KNOTS.);
#7717 = CARTESIAN_POINT('',(-1.50262295082,-0.255409836066,2.8));
#7718 = CARTESIAN_POINT('',(-1.73868852459,0.618032786885,2.8));
#7719 = ORIENTED_EDGE('',*,*,#7699,.F.);
#7720 = ORIENTED_EDGE('',*,*,#7663,.F.);
#7721 = ORIENTED_EDGE('',*,*,#7722,.T.);
#7722 = EDGE_CURVE('',#7657,#7714,#7723,.T.);
#7723 = LINE('',#7724,#7725);
#7724 = CARTESIAN_POINT('',(-1.50262295082,-0.255409836066,2.79));
#7725 = VECTOR('',#7726,1.);
#7726 = DIRECTION('',(0.,0.,1.));
#7727 = PLANE('',#7728);
#7728 = AXIS2_PLACEMENT_3D('',#7729,#7730,#7731);
#7729 = CARTESIAN_POINT('',(-1.50262295082,-0.255409836066,2.79));
#7730 = DIRECTION('',(0.965363393028,0.260909025143,0.));
#7731 = DIRECTION('',(-0.260909025143,0.965363393028,0.));
#7732 = ADVANCED_FACE('',(#7733),#7750,.F.);
#7733 = FACE_BOUND('',#7734,.T.);
#7734 = EDGE_LOOP('',(#7735,#7742,#7743,#7744));
#7735 = ORIENTED_EDGE('',*,*,#7736,.T.);
#7736 = EDGE_CURVE('',#7737,#7714,#7739,.T.);
#7737 = VERTEX_POINT('',#7738);
#7738 = CARTESIAN_POINT('',(-1.499344262295,-0.255409836066,2.8));
#7739 = B_SPLINE_CURVE_WITH_KNOTS('',1,(#7740,#7741),.UNSPECIFIED.,.F.,
  .F.,(2,2),(0.744896268858,0.745305247381),.PIECEWISE_BEZIER_KNOTS.);
#7740 = CARTESIAN_POINT('',(-1.499344262295,-0.255409836066,2.8));
#7741 = CARTESIAN_POINT('',(-1.50262295082,-0.255409836066,2.8));
#7742 = ORIENTED_EDGE('',*,*,#7722,.F.);
#7743 = ORIENTED_EDGE('',*,*,#7656,.F.);
#7744 = ORIENTED_EDGE('',*,*,#7745,.T.);
#7745 = EDGE_CURVE('',#7650,#7737,#7746,.T.);
#7746 = LINE('',#7747,#7748);
#7747 = CARTESIAN_POINT('',(-1.499344262295,-0.255409836066,2.79));
#7748 = VECTOR('',#7749,1.);
#7749 = DIRECTION('',(0.,0.,1.));
#7750 = PLANE('',#7751);
#7751 = AXIS2_PLACEMENT_3D('',#7752,#7753,#7754);
#7752 = CARTESIAN_POINT('',(-1.499344262295,-0.255409836066,2.79));
#7753 = DIRECTION('',(0.,1.,0.));
#7754 = DIRECTION('',(0.,-0.,1.));
#7755 = ADVANCED_FACE('',(#7756),#7773,.F.);
#7756 = FACE_BOUND('',#7757,.T.);
#7757 = EDGE_LOOP('',(#7758,#7765,#7766,#7767));
#7758 = ORIENTED_EDGE('',*,*,#7759,.T.);
#7759 = EDGE_CURVE('',#7760,#7737,#7762,.T.);
#7760 = VERTEX_POINT('',#7761);
#7761 = CARTESIAN_POINT('',(-1.26262295082,0.618032786885,2.8));
#7762 = B_SPLINE_CURVE_WITH_KNOTS('',1,(#7763,#7764),.UNSPECIFIED.,.F.,
  .F.,(2,2),(0.632013899268,0.744896268858),.PIECEWISE_BEZIER_KNOTS.);
#7763 = CARTESIAN_POINT('',(-1.26262295082,0.618032786885,2.8));
#7764 = CARTESIAN_POINT('',(-1.499344262295,-0.255409836066,2.8));
#7765 = ORIENTED_EDGE('',*,*,#7745,.F.);
#7766 = ORIENTED_EDGE('',*,*,#7649,.F.);
#7767 = ORIENTED_EDGE('',*,*,#7768,.T.);
#7768 = EDGE_CURVE('',#7643,#7760,#7769,.T.);
#7769 = LINE('',#7770,#7771);
#7770 = CARTESIAN_POINT('',(-1.26262295082,0.618032786885,2.79));
#7771 = VECTOR('',#7772,1.);
#7772 = DIRECTION('',(0.,0.,1.));
#7773 = PLANE('',#7774);
#7774 = AXIS2_PLACEMENT_3D('',#7775,#7776,#7777);
#7775 = CARTESIAN_POINT('',(-1.26262295082,0.618032786885,2.79));
#7776 = DIRECTION('',(-0.965180647834,0.261584244646,0.));
#7777 = DIRECTION('',(-0.261584244646,-0.965180647834,0.));
#7778 = ADVANCED_FACE('',(#7779),#7796,.F.);
#7779 = FACE_BOUND('',#7780,.T.);
#7780 = EDGE_LOOP('',(#7781,#7788,#7789,#7790));
#7781 = ORIENTED_EDGE('',*,*,#7782,.T.);
#7782 = EDGE_CURVE('',#7783,#7760,#7785,.T.);
#7783 = VERTEX_POINT('',#7784);
#7784 = CARTESIAN_POINT('',(-1.118360655738,0.618032786885,2.8));
#7785 = B_SPLINE_CURVE_WITH_KNOTS('',1,(#7786,#7787),.UNSPECIFIED.,.F.,
  .F.,(2,2),(0.614018844243,0.632013899268),.PIECEWISE_BEZIER_KNOTS.);
#7786 = CARTESIAN_POINT('',(-1.118360655738,0.618032786885,2.8));
#7787 = CARTESIAN_POINT('',(-1.26262295082,0.618032786885,2.8));
#7788 = ORIENTED_EDGE('',*,*,#7768,.F.);
#7789 = ORIENTED_EDGE('',*,*,#7642,.F.);
#7790 = ORIENTED_EDGE('',*,*,#7791,.T.);
#7791 = EDGE_CURVE('',#7636,#7783,#7792,.T.);
#7792 = LINE('',#7793,#7794);
#7793 = CARTESIAN_POINT('',(-1.118360655738,0.618032786885,2.79));
#7794 = VECTOR('',#7795,1.);
#7795 = DIRECTION('',(0.,0.,1.));
#7796 = PLANE('',#7797);
#7797 = AXIS2_PLACEMENT_3D('',#7798,#7799,#7800);
#7798 = CARTESIAN_POINT('',(-1.118360655738,0.618032786885,2.79));
#7799 = DIRECTION('',(0.,1.,0.));
#7800 = DIRECTION('',(0.,-0.,1.));
#7801 = ADVANCED_FACE('',(#7802),#7819,.F.);
#7802 = FACE_BOUND('',#7803,.T.);
#7803 = EDGE_LOOP('',(#7804,#7811,#7812,#7813));
#7804 = ORIENTED_EDGE('',*,*,#7805,.T.);
#7805 = EDGE_CURVE('',#7806,#7783,#7808,.T.);
#7806 = VERTEX_POINT('',#7807);
#7807 = CARTESIAN_POINT('',(-1.118360655738,-0.365573770492,2.8));
#7808 = B_SPLINE_CURVE_WITH_KNOTS('',1,(#7809,#7810),.UNSPECIFIED.,.F.,
  .F.,(2,2),(0.49132528725,0.614018844243),.PIECEWISE_BEZIER_KNOTS.);
#7809 = CARTESIAN_POINT('',(-1.118360655738,-0.365573770492,2.8));
#7810 = CARTESIAN_POINT('',(-1.118360655738,0.618032786885,2.8));
#7811 = ORIENTED_EDGE('',*,*,#7791,.F.);
#7812 = ORIENTED_EDGE('',*,*,#7635,.F.);
#7813 = ORIENTED_EDGE('',*,*,#7814,.T.);
#7814 = EDGE_CURVE('',#7629,#7806,#7815,.T.);
#7815 = LINE('',#7816,#7817);
#7816 = CARTESIAN_POINT('',(-1.118360655738,-0.365573770492,2.79));
#7817 = VECTOR('',#7818,1.);
#7818 = DIRECTION('',(0.,0.,1.));
#7819 = PLANE('',#7820);
#7820 = AXIS2_PLACEMENT_3D('',#7821,#7822,#7823);
#7821 = CARTESIAN_POINT('',(-1.118360655738,-0.365573770492,2.79));
#7822 = DIRECTION('',(1.,0.,0.));
#7823 = DIRECTION('',(0.,0.,-1.));
#7824 = ADVANCED_FACE('',(#7825),#7842,.F.);
#7825 = FACE_BOUND('',#7826,.T.);
#7826 = EDGE_LOOP('',(#7827,#7834,#7835,#7836));
#7827 = ORIENTED_EDGE('',*,*,#7828,.T.);
#7828 = EDGE_CURVE('',#7829,#7806,#7831,.T.);
#7829 = VERTEX_POINT('',#7830);
#7830 = CARTESIAN_POINT('',(-1.206229508197,-0.365573770492,2.8));
#7831 = B_SPLINE_CURVE_WITH_KNOTS('',1,(#7832,#7833),.UNSPECIFIED.,.F.,
  .F.,(2,2),(0.480364662825,0.49132528725),.PIECEWISE_BEZIER_KNOTS.);
#7832 = CARTESIAN_POINT('',(-1.206229508197,-0.365573770492,2.8));
#7833 = CARTESIAN_POINT('',(-1.118360655738,-0.365573770492,2.8));
#7834 = ORIENTED_EDGE('',*,*,#7814,.F.);
#7835 = ORIENTED_EDGE('',*,*,#7628,.F.);
#7836 = ORIENTED_EDGE('',*,*,#7837,.T.);
#7837 = EDGE_CURVE('',#7622,#7829,#7838,.T.);
#7838 = LINE('',#7839,#7840);
#7839 = CARTESIAN_POINT('',(-1.206229508197,-0.365573770492,2.79));
#7840 = VECTOR('',#7841,1.);
#7841 = DIRECTION('',(0.,0.,1.));
#7842 = PLANE('',#7843);
#7843 = AXIS2_PLACEMENT_3D('',#7844,#7845,#7846);
#7844 = CARTESIAN_POINT('',(-1.206229508197,-0.365573770492,2.79));
#7845 = DIRECTION('',(0.,-1.,0.));
#7846 = DIRECTION('',(0.,0.,-1.));
#7847 = ADVANCED_FACE('',(#7848),#7865,.F.);
#7848 = FACE_BOUND('',#7849,.T.);
#7849 = EDGE_LOOP('',(#7850,#7857,#7858,#7859));
#7850 = ORIENTED_EDGE('',*,*,#7851,.T.);
#7851 = EDGE_CURVE('',#7852,#7829,#7854,.T.);
#7852 = VERTEX_POINT('',#7853);
#7853 = CARTESIAN_POINT('',(-1.206229508197,0.535409836066,2.8));
#7854 = B_SPLINE_CURVE_WITH_KNOTS('',1,(#7855,#7856),.UNSPECIFIED.,.F.,
  .F.,(2,2),(0.367977364619,0.480364662825),.PIECEWISE_BEZIER_KNOTS.);
#7855 = CARTESIAN_POINT('',(-1.206229508197,0.535409836066,2.8));
#7856 = CARTESIAN_POINT('',(-1.206229508197,-0.365573770492,2.8));
#7857 = ORIENTED_EDGE('',*,*,#7837,.F.);
#7858 = ORIENTED_EDGE('',*,*,#7621,.F.);
#7859 = ORIENTED_EDGE('',*,*,#7860,.T.);
#7860 = EDGE_CURVE('',#7615,#7852,#7861,.T.);
#7861 = LINE('',#7862,#7863);
#7862 = CARTESIAN_POINT('',(-1.206229508197,0.535409836066,2.79));
#7863 = VECTOR('',#7864,1.);
#7864 = DIRECTION('',(0.,0.,1.));
#7865 = PLANE('',#7866);
#7866 = AXIS2_PLACEMENT_3D('',#7867,#7868,#7869);
#7867 = CARTESIAN_POINT('',(-1.206229508197,0.535409836066,2.79));
#7868 = DIRECTION('',(-1.,0.,0.));
#7869 = DIRECTION('',(0.,0.,1.));
#7870 = ADVANCED_FACE('',(#7871),#7888,.F.);
#7871 = FACE_BOUND('',#7872,.T.);
#7872 = EDGE_LOOP('',(#7873,#7880,#7881,#7882));
#7873 = ORIENTED_EDGE('',*,*,#7874,.T.);
#7874 = EDGE_CURVE('',#7875,#7852,#7877,.T.);
#7875 = VERTEX_POINT('',#7876);
#7876 = CARTESIAN_POINT('',(-1.208852459016,0.535409836066,2.8));
#7877 = B_SPLINE_CURVE_WITH_KNOTS('',1,(#7878,#7879),.UNSPECIFIED.,.F.,
  .F.,(2,2),(0.367650181801,0.367977364619),.PIECEWISE_BEZIER_KNOTS.);
#7878 = CARTESIAN_POINT('',(-1.208852459016,0.535409836066,2.8));
#7879 = CARTESIAN_POINT('',(-1.206229508197,0.535409836066,2.8));
#7880 = ORIENTED_EDGE('',*,*,#7860,.F.);
#7881 = ORIENTED_EDGE('',*,*,#7614,.F.);
#7882 = ORIENTED_EDGE('',*,*,#7883,.T.);
#7883 = EDGE_CURVE('',#7608,#7875,#7884,.T.);
#7884 = LINE('',#7885,#7886);
#7885 = CARTESIAN_POINT('',(-1.208852459016,0.535409836066,2.79));
#7886 = VECTOR('',#7887,1.);
#7887 = DIRECTION('',(0.,0.,1.));
#7888 = PLANE('',#7889);
#7889 = AXIS2_PLACEMENT_3D('',#7890,#7891,#7892);
#7890 = CARTESIAN_POINT('',(-1.208852459016,0.535409836066,2.79));
#7891 = DIRECTION('',(0.,-1.,0.));
#7892 = DIRECTION('',(0.,0.,-1.));
#7893 = ADVANCED_FACE('',(#7894),#7911,.F.);
#7894 = FACE_BOUND('',#7895,.T.);
#7895 = EDGE_LOOP('',(#7896,#7903,#7904,#7905));
#7896 = ORIENTED_EDGE('',*,*,#7897,.T.);
#7897 = EDGE_CURVE('',#7898,#7875,#7900,.T.);
#7898 = VERTEX_POINT('',#7899);
#7899 = CARTESIAN_POINT('',(-1.46393442623,-0.365573770492,2.8));
#7900 = B_SPLINE_CURVE_WITH_KNOTS('',1,(#7901,#7902),.UNSPECIFIED.,.F.,
  .F.,(2,2),(0.250845543225,0.367650181801),.PIECEWISE_BEZIER_KNOTS.);
#7901 = CARTESIAN_POINT('',(-1.46393442623,-0.365573770492,2.8));
#7902 = CARTESIAN_POINT('',(-1.208852459016,0.535409836066,2.8));
#7903 = ORIENTED_EDGE('',*,*,#7883,.F.);
#7904 = ORIENTED_EDGE('',*,*,#7607,.F.);
#7905 = ORIENTED_EDGE('',*,*,#7906,.T.);
#7906 = EDGE_CURVE('',#7601,#7898,#7907,.T.);
#7907 = LINE('',#7908,#7909);
#7908 = CARTESIAN_POINT('',(-1.46393442623,-0.365573770492,2.79));
#7909 = VECTOR('',#7910,1.);
#7910 = DIRECTION('',(0.,0.,1.));
#7911 = PLANE('',#7912);
#7912 = AXIS2_PLACEMENT_3D('',#7913,#7914,#7915);
#7913 = CARTESIAN_POINT('',(-1.46393442623,-0.365573770492,2.79));
#7914 = DIRECTION('',(0.962181806952,-0.272408095273,0.));
#7915 = DIRECTION('',(0.272408095273,0.962181806952,0.));
#7916 = ADVANCED_FACE('',(#7917),#7934,.F.);
#7917 = FACE_BOUND('',#7918,.T.);
#7918 = EDGE_LOOP('',(#7919,#7926,#7927,#7928));
#7919 = ORIENTED_EDGE('',*,*,#7920,.T.);
#7920 = EDGE_CURVE('',#7921,#7898,#7923,.T.);
#7921 = VERTEX_POINT('',#7922);
#7922 = CARTESIAN_POINT('',(-1.546557377049,-0.365573770492,2.8));
#7923 = B_SPLINE_CURVE_WITH_KNOTS('',1,(#7924,#7925),.UNSPECIFIED.,.F.,
  .F.,(2,2),(0.240539284437,0.250845543225),.PIECEWISE_BEZIER_KNOTS.);
#7924 = CARTESIAN_POINT('',(-1.546557377049,-0.365573770492,2.8));
#7925 = CARTESIAN_POINT('',(-1.46393442623,-0.365573770492,2.8));
#7926 = ORIENTED_EDGE('',*,*,#7906,.F.);
#7927 = ORIENTED_EDGE('',*,*,#7600,.F.);
#7928 = ORIENTED_EDGE('',*,*,#7929,.T.);
#7929 = EDGE_CURVE('',#7594,#7921,#7930,.T.);
#7930 = LINE('',#7931,#7932);
#7931 = CARTESIAN_POINT('',(-1.546557377049,-0.365573770492,2.79));
#7932 = VECTOR('',#7933,1.);
#7933 = DIRECTION('',(0.,0.,1.));
#7934 = PLANE('',#7935);
#7935 = AXIS2_PLACEMENT_3D('',#7936,#7937,#7938);
#7936 = CARTESIAN_POINT('',(-1.546557377049,-0.365573770492,2.79));
#7937 = DIRECTION('',(0.,-1.,0.));
#7938 = DIRECTION('',(0.,0.,-1.));
#7939 = ADVANCED_FACE('',(#7940),#7957,.F.);
#7940 = FACE_BOUND('',#7941,.T.);
#7941 = EDGE_LOOP('',(#7942,#7949,#7950,#7951));
#7942 = ORIENTED_EDGE('',*,*,#7943,.T.);
#7943 = EDGE_CURVE('',#7944,#7921,#7946,.T.);
#7944 = VERTEX_POINT('',#7945);
#7945 = CARTESIAN_POINT('',(-1.800983606557,0.535409836066,2.8));
#7946 = B_SPLINE_CURVE_WITH_KNOTS('',1,(#7947,#7948),.UNSPECIFIED.,.F.,
  .F.,(2,2),(0.123756901154,0.240539284437),.PIECEWISE_BEZIER_KNOTS.);
#7947 = CARTESIAN_POINT('',(-1.800983606557,0.535409836066,2.8));
#7948 = CARTESIAN_POINT('',(-1.546557377049,-0.365573770492,2.8));
#7949 = ORIENTED_EDGE('',*,*,#7929,.F.);
#7950 = ORIENTED_EDGE('',*,*,#7593,.F.);
#7951 = ORIENTED_EDGE('',*,*,#7952,.T.);
#7952 = EDGE_CURVE('',#7587,#7944,#7953,.T.);
#7953 = LINE('',#7954,#7955);
#7954 = CARTESIAN_POINT('',(-1.800983606557,0.535409836066,2.79));
#7955 = VECTOR('',#7956,1.);
#7956 = DIRECTION('',(0.,0.,1.));
#7957 = PLANE('',#7958);
#7958 = AXIS2_PLACEMENT_3D('',#7959,#7960,#7961);
#7959 = CARTESIAN_POINT('',(-1.800983606557,0.535409836066,2.79));
#7960 = DIRECTION('',(-0.962365170546,-0.271759596923,0.));
#7961 = DIRECTION('',(0.271759596923,-0.962365170546,0.));
#7962 = ADVANCED_FACE('',(#7963),#7980,.F.);
#7963 = FACE_BOUND('',#7964,.T.);
#7964 = EDGE_LOOP('',(#7965,#7972,#7973,#7974));
#7965 = ORIENTED_EDGE('',*,*,#7966,.T.);
#7966 = EDGE_CURVE('',#7967,#7944,#7969,.T.);
#7967 = VERTEX_POINT('',#7968);
#7968 = CARTESIAN_POINT('',(-1.803606557377,0.535409836066,2.8));
#7969 = B_SPLINE_CURVE_WITH_KNOTS('',1,(#7970,#7971),.UNSPECIFIED.,.F.,
  .F.,(2,2),(0.123429718335,0.123756901154),.PIECEWISE_BEZIER_KNOTS.);
#7970 = CARTESIAN_POINT('',(-1.803606557377,0.535409836066,2.8));
#7971 = CARTESIAN_POINT('',(-1.800983606557,0.535409836066,2.8));
#7972 = ORIENTED_EDGE('',*,*,#7952,.F.);
#7973 = ORIENTED_EDGE('',*,*,#7586,.F.);
#7974 = ORIENTED_EDGE('',*,*,#7975,.T.);
#7975 = EDGE_CURVE('',#7580,#7967,#7976,.T.);
#7976 = LINE('',#7977,#7978);
#7977 = CARTESIAN_POINT('',(-1.803606557377,0.535409836066,2.79));
#7978 = VECTOR('',#7979,1.);
#7979 = DIRECTION('',(0.,0.,1.));
#7980 = PLANE('',#7981);
#7981 = AXIS2_PLACEMENT_3D('',#7982,#7983,#7984);
#7982 = CARTESIAN_POINT('',(-1.803606557377,0.535409836066,2.79));
#7983 = DIRECTION('',(0.,-1.,0.));
#7984 = DIRECTION('',(0.,0.,-1.));
#7985 = ADVANCED_FACE('',(#7986),#8003,.F.);
#7986 = FACE_BOUND('',#7987,.T.);
#7987 = EDGE_LOOP('',(#7988,#7995,#7996,#7997));
#7988 = ORIENTED_EDGE('',*,*,#7989,.T.);
#7989 = EDGE_CURVE('',#7990,#7967,#7992,.T.);
#7990 = VERTEX_POINT('',#7991);
#7991 = CARTESIAN_POINT('',(-1.803606557377,-0.365573770492,2.8));
#7992 = B_SPLINE_CURVE_WITH_KNOTS('',1,(#7993,#7994),.UNSPECIFIED.,.F.,
  .F.,(2,2),(1.104242012937E-02,0.123429718335),
  .PIECEWISE_BEZIER_KNOTS.);
#7993 = CARTESIAN_POINT('',(-1.803606557377,-0.365573770492,2.8));
#7994 = CARTESIAN_POINT('',(-1.803606557377,0.535409836066,2.8));
#7995 = ORIENTED_EDGE('',*,*,#7975,.F.);
#7996 = ORIENTED_EDGE('',*,*,#7579,.F.);
#7997 = ORIENTED_EDGE('',*,*,#7998,.T.);
#7998 = EDGE_CURVE('',#7573,#7990,#7999,.T.);
#7999 = LINE('',#8000,#8001);
#8000 = CARTESIAN_POINT('',(-1.803606557377,-0.365573770492,2.79));
#8001 = VECTOR('',#8002,1.);
#8002 = DIRECTION('',(0.,0.,1.));
#8003 = PLANE('',#8004);
#8004 = AXIS2_PLACEMENT_3D('',#8005,#8006,#8007);
#8005 = CARTESIAN_POINT('',(-1.803606557377,-0.365573770492,2.79));
#8006 = DIRECTION('',(1.,0.,0.));
#8007 = DIRECTION('',(0.,0.,-1.));
#8008 = ADVANCED_FACE('',(#8009),#8026,.F.);
#8009 = FACE_BOUND('',#8010,.T.);
#8010 = EDGE_LOOP('',(#8011,#8018,#8019,#8020));
#8011 = ORIENTED_EDGE('',*,*,#8012,.T.);
#8012 = EDGE_CURVE('',#8013,#7990,#8015,.T.);
#8013 = VERTEX_POINT('',#8014);
#8014 = CARTESIAN_POINT('',(-1.892131147541,-0.365573770492,2.8));
#8015 = B_SPLINE_CURVE_WITH_KNOTS('',1,(#8016,#8017),.UNSPECIFIED.,.F.,
  .F.,(2,2),(0.,1.104242012937E-02),.PIECEWISE_BEZIER_KNOTS.);
#8016 = CARTESIAN_POINT('',(-1.892131147541,-0.365573770492,2.8));
#8017 = CARTESIAN_POINT('',(-1.803606557377,-0.365573770492,2.8));
#8018 = ORIENTED_EDGE('',*,*,#7998,.F.);
#8019 = ORIENTED_EDGE('',*,*,#7572,.F.);
#8020 = ORIENTED_EDGE('',*,*,#8021,.T.);
#8021 = EDGE_CURVE('',#7566,#8013,#8022,.T.);
#8022 = LINE('',#8023,#8024);
#8023 = CARTESIAN_POINT('',(-1.892131147541,-0.365573770492,2.79));
#8024 = VECTOR('',#8025,1.);
#8025 = DIRECTION('',(0.,0.,1.));
#8026 = PLANE('',#8027);
#8027 = AXIS2_PLACEMENT_3D('',#8028,#8029,#8030);
#8028 = CARTESIAN_POINT('',(-1.892131147541,-0.365573770492,2.79));
#8029 = DIRECTION('',(0.,-1.,0.));
#8030 = DIRECTION('',(0.,0.,-1.));
#8031 = ADVANCED_FACE('',(#8032),#8042,.F.);
#8032 = FACE_BOUND('',#8033,.T.);
#8033 = EDGE_LOOP('',(#8034,#8039,#8040,#8041));
#8034 = ORIENTED_EDGE('',*,*,#8035,.T.);
#8035 = EDGE_CURVE('',#7686,#8013,#8036,.T.);
#8036 = B_SPLINE_CURVE_WITH_KNOTS('',1,(#8037,#8038),.UNSPECIFIED.,.F.,
  .F.,(2,2),(0.877306443007,1.),.PIECEWISE_BEZIER_KNOTS.);
#8037 = CARTESIAN_POINT('',(-1.892131147541,0.618032786885,2.8));
#8038 = CARTESIAN_POINT('',(-1.892131147541,-0.365573770492,2.8));
#8039 = ORIENTED_EDGE('',*,*,#8021,.F.);
#8040 = ORIENTED_EDGE('',*,*,#7563,.F.);
#8041 = ORIENTED_EDGE('',*,*,#7692,.T.);
#8042 = PLANE('',#8043);
#8043 = AXIS2_PLACEMENT_3D('',#8044,#8045,#8046);
#8044 = CARTESIAN_POINT('',(-1.892131147541,0.618032786885,2.79));
#8045 = DIRECTION('',(-1.,0.,0.));
#8046 = DIRECTION('',(0.,0.,1.));
#8047 = ADVANCED_FACE('',(#8048),#8082,.T.);
#8048 = FACE_BOUND('',#8049,.T.);
#8049 = EDGE_LOOP('',(#8050,#8060,#8068,#8076));
#8050 = ORIENTED_EDGE('',*,*,#8051,.T.);
#8051 = EDGE_CURVE('',#8052,#8054,#8056,.T.);
#8052 = VERTEX_POINT('',#8053);
#8053 = CARTESIAN_POINT('',(2.6,0.75,1.5));
#8054 = VERTEX_POINT('',#8055);
#8055 = CARTESIAN_POINT('',(2.6,-0.75,1.5));
#8056 = LINE('',#8057,#8058);
#8057 = CARTESIAN_POINT('',(2.6,0.75,1.5));
#8058 = VECTOR('',#8059,1.);
#8059 = DIRECTION('',(0.,-1.,0.));
#8060 = ORIENTED_EDGE('',*,*,#8061,.T.);
#8061 = EDGE_CURVE('',#8054,#8062,#8064,.T.);
#8062 = VERTEX_POINT('',#8063);
#8063 = CARTESIAN_POINT('',(2.4,-0.75,1.5));
#8064 = LINE('',#8065,#8066);
#8065 = CARTESIAN_POINT('',(2.6,-0.75,1.5));
#8066 = VECTOR('',#8067,1.);
#8067 = DIRECTION('',(-1.,-1.084202172486E-15,0.));
#8068 = ORIENTED_EDGE('',*,*,#8069,.T.);
#8069 = EDGE_CURVE('',#8062,#8070,#8072,.T.);
#8070 = VERTEX_POINT('',#8071);
#8071 = CARTESIAN_POINT('',(2.4,0.75,1.5));
#8072 = LINE('',#8073,#8074);
#8073 = CARTESIAN_POINT('',(2.4,-0.75,1.5));
#8074 = VECTOR('',#8075,1.);
#8075 = DIRECTION('',(0.,1.,0.));
#8076 = ORIENTED_EDGE('',*,*,#8077,.T.);
#8077 = EDGE_CURVE('',#8070,#8052,#8078,.T.);
#8078 = LINE('',#8079,#8080);
#8079 = CARTESIAN_POINT('',(2.4,0.75,1.5));
#8080 = VECTOR('',#8081,1.);
#8081 = DIRECTION('',(1.,-1.084202172486E-15,0.));
#8082 = PLANE('',#8083);
#8083 = AXIS2_PLACEMENT_3D('',#8084,#8085,#8086);
#8084 = CARTESIAN_POINT('',(0.,0.,1.5));
#8085 = DIRECTION('',(0.,0.,-1.));
#8086 = DIRECTION('',(-1.,0.,0.));
#8087 = ADVANCED_FACE('',(#8088),#8113,.F.);
#8088 = FACE_BOUND('',#8089,.T.);
#8089 = EDGE_LOOP('',(#8090,#8098,#8099,#8107));
#8090 = ORIENTED_EDGE('',*,*,#8091,.F.);
#8091 = EDGE_CURVE('',#8070,#8092,#8094,.T.);
#8092 = VERTEX_POINT('',#8093);
#8093 = CARTESIAN_POINT('',(2.4,0.75,0.2));
#8094 = LINE('',#8095,#8096);
#8095 = CARTESIAN_POINT('',(2.4,0.75,1.5));
#8096 = VECTOR('',#8097,1.);
#8097 = DIRECTION('',(0.,0.,-1.));
#8098 = ORIENTED_EDGE('',*,*,#8069,.F.);
#8099 = ORIENTED_EDGE('',*,*,#8100,.T.);
#8100 = EDGE_CURVE('',#8062,#8101,#8103,.T.);
#8101 = VERTEX_POINT('',#8102);
#8102 = CARTESIAN_POINT('',(2.4,-0.75,0.2));
#8103 = LINE('',#8104,#8105);
#8104 = CARTESIAN_POINT('',(2.4,-0.75,1.5));
#8105 = VECTOR('',#8106,1.);
#8106 = DIRECTION('',(0.,0.,-1.));
#8107 = ORIENTED_EDGE('',*,*,#8108,.F.);
#8108 = EDGE_CURVE('',#8092,#8101,#8109,.T.);
#8109 = LINE('',#8110,#8111);
#8110 = CARTESIAN_POINT('',(2.4,-0.75,0.2));
#8111 = VECTOR('',#8112,1.);
#8112 = DIRECTION('',(0.,-1.,0.));
#8113 = PLANE('',#8114);
#8114 = AXIS2_PLACEMENT_3D('',#8115,#8116,#8117);
#8115 = CARTESIAN_POINT('',(2.4,-0.75,1.5));
#8116 = DIRECTION('',(-1.,0.,0.));
#8117 = DIRECTION('',(0.,0.,1.));
#8118 = ADVANCED_FACE('',(#8119),#8153,.F.);
#8119 = FACE_BOUND('',#8120,.T.);
#8120 = EDGE_LOOP('',(#8121,#8131,#8139,#8147));
#8121 = ORIENTED_EDGE('',*,*,#8122,.F.);
#8122 = EDGE_CURVE('',#8123,#8125,#8127,.T.);
#8123 = VERTEX_POINT('',#8124);
#8124 = CARTESIAN_POINT('',(-2.6,0.75,1.5));
#8125 = VERTEX_POINT('',#8126);
#8126 = CARTESIAN_POINT('',(-2.6,-0.75,1.5));
#8127 = LINE('',#8128,#8129);
#8128 = CARTESIAN_POINT('',(-2.6,0.75,1.5));
#8129 = VECTOR('',#8130,1.);
#8130 = DIRECTION('',(-2.891205793295E-16,-1.,0.));
#8131 = ORIENTED_EDGE('',*,*,#8132,.F.);
#8132 = EDGE_CURVE('',#8133,#8123,#8135,.T.);
#8133 = VERTEX_POINT('',#8134);
#8134 = CARTESIAN_POINT('',(-2.4,0.75,1.5));
#8135 = LINE('',#8136,#8137);
#8136 = CARTESIAN_POINT('',(-2.4,0.75,1.5));
#8137 = VECTOR('',#8138,1.);
#8138 = DIRECTION('',(-1.,5.421010862428E-16,0.));
#8139 = ORIENTED_EDGE('',*,*,#8140,.F.);
#8140 = EDGE_CURVE('',#8141,#8133,#8143,.T.);
#8141 = VERTEX_POINT('',#8142);
#8142 = CARTESIAN_POINT('',(-2.4,-0.75,1.5));
#8143 = LINE('',#8144,#8145);
#8144 = CARTESIAN_POINT('',(-2.4,-0.75,1.5));
#8145 = VECTOR('',#8146,1.);
#8146 = DIRECTION('',(0.,1.,0.));
#8147 = ORIENTED_EDGE('',*,*,#8148,.F.);
#8148 = EDGE_CURVE('',#8125,#8141,#8149,.T.);
#8149 = LINE('',#8150,#8151);
#8150 = CARTESIAN_POINT('',(-2.6,-0.75,1.5));
#8151 = VECTOR('',#8152,1.);
#8152 = DIRECTION('',(1.,7.047314121156E-15,0.));
#8153 = PLANE('',#8154);
#8154 = AXIS2_PLACEMENT_3D('',#8155,#8156,#8157);
#8155 = CARTESIAN_POINT('',(0.,0.,1.5));
#8156 = DIRECTION('',(0.,0.,1.));
#8157 = DIRECTION('',(1.,0.,-0.));
#8158 = ADVANCED_FACE('',(#8159),#8184,.T.);
#8159 = FACE_BOUND('',#8160,.T.);
#8160 = EDGE_LOOP('',(#8161,#8169,#8170,#8178));
#8161 = ORIENTED_EDGE('',*,*,#8162,.F.);
#8162 = EDGE_CURVE('',#8141,#8163,#8165,.T.);
#8163 = VERTEX_POINT('',#8164);
#8164 = CARTESIAN_POINT('',(-2.4,-0.75,0.2));
#8165 = LINE('',#8166,#8167);
#8166 = CARTESIAN_POINT('',(-2.4,-0.75,1.5));
#8167 = VECTOR('',#8168,1.);
#8168 = DIRECTION('',(0.,0.,-1.));
#8169 = ORIENTED_EDGE('',*,*,#8140,.T.);
#8170 = ORIENTED_EDGE('',*,*,#8171,.T.);
#8171 = EDGE_CURVE('',#8133,#8172,#8174,.T.);
#8172 = VERTEX_POINT('',#8173);
#8173 = CARTESIAN_POINT('',(-2.4,0.75,0.2));
#8174 = LINE('',#8175,#8176);
#8175 = CARTESIAN_POINT('',(-2.4,0.75,1.5));
#8176 = VECTOR('',#8177,1.);
#8177 = DIRECTION('',(0.,0.,-1.));
#8178 = ORIENTED_EDGE('',*,*,#8179,.F.);
#8179 = EDGE_CURVE('',#8163,#8172,#8180,.T.);
#8180 = LINE('',#8181,#8182);
#8181 = CARTESIAN_POINT('',(-2.4,-0.75,0.2));
#8182 = VECTOR('',#8183,1.);
#8183 = DIRECTION('',(0.,1.,0.));
#8184 = PLANE('',#8185);
#8185 = AXIS2_PLACEMENT_3D('',#8186,#8187,#8188);
#8186 = CARTESIAN_POINT('',(-2.4,-0.75,1.5));
#8187 = DIRECTION('',(-1.,0.,0.));
#8188 = DIRECTION('',(0.,0.,1.));
#8189 = ADVANCED_FACE('',(#8190),#8215,.F.);
#8190 = FACE_BOUND('',#8191,.T.);
#8191 = EDGE_LOOP('',(#8192,#8200,#8201,#8209));
#8192 = ORIENTED_EDGE('',*,*,#8193,.F.);
#8193 = EDGE_CURVE('',#8092,#8194,#8196,.T.);
#8194 = VERTEX_POINT('',#8195);
#8195 = CARTESIAN_POINT('',(1.1,0.75,0.2));
#8196 = LINE('',#8197,#8198);
#8197 = CARTESIAN_POINT('',(2.6,0.75,0.2));
#8198 = VECTOR('',#8199,1.);
#8199 = DIRECTION('',(-1.,5.059610138266E-16,0.));
#8200 = ORIENTED_EDGE('',*,*,#8108,.T.);
#8201 = ORIENTED_EDGE('',*,*,#8202,.F.);
#8202 = EDGE_CURVE('',#8203,#8101,#8205,.T.);
#8203 = VERTEX_POINT('',#8204);
#8204 = CARTESIAN_POINT('',(1.1,-0.75,0.2));
#8205 = LINE('',#8206,#8207);
#8206 = CARTESIAN_POINT('',(1.1,-0.75,0.2));
#8207 = VECTOR('',#8208,1.);
#8208 = DIRECTION('',(1.,7.95081593156E-16,0.));
#8209 = ORIENTED_EDGE('',*,*,#8210,.F.);
#8210 = EDGE_CURVE('',#8194,#8203,#8211,.T.);
#8211 = LINE('',#8212,#8213);
#8212 = CARTESIAN_POINT('',(1.1,0.75,0.2));
#8213 = VECTOR('',#8214,1.);
#8214 = DIRECTION('',(1.445602896647E-16,-1.,0.));
#8215 = PLANE('',#8216);
#8216 = AXIS2_PLACEMENT_3D('',#8217,#8218,#8219);
#8217 = CARTESIAN_POINT('',(1.1,-0.75,0.2));
#8218 = DIRECTION('',(0.,0.,1.));
#8219 = DIRECTION('',(1.,0.,-0.));
#8220 = ADVANCED_FACE('',(#8221),#8248,.F.);
#8221 = FACE_BOUND('',#8222,.T.);
#8222 = EDGE_LOOP('',(#8223,#8231,#8239,#8245,#8246,#8247));
#8223 = ORIENTED_EDGE('',*,*,#8224,.F.);
#8224 = EDGE_CURVE('',#8225,#8194,#8227,.T.);
#8225 = VERTEX_POINT('',#8226);
#8226 = CARTESIAN_POINT('',(1.1,0.75,0.));
#8227 = LINE('',#8228,#8229);
#8228 = CARTESIAN_POINT('',(1.1,0.75,-7.668926229162));
#8229 = VECTOR('',#8230,1.);
#8230 = DIRECTION('',(0.,0.,1.));
#8231 = ORIENTED_EDGE('',*,*,#8232,.F.);
#8232 = EDGE_CURVE('',#8233,#8225,#8235,.T.);
#8233 = VERTEX_POINT('',#8234);
#8234 = CARTESIAN_POINT('',(2.6,0.75,0.));
#8235 = LINE('',#8236,#8237);
#8236 = CARTESIAN_POINT('',(2.6,0.75,0.));
#8237 = VECTOR('',#8238,1.);
#8238 = DIRECTION('',(-1.,5.059610138266E-16,0.));
#8239 = ORIENTED_EDGE('',*,*,#8240,.F.);
#8240 = EDGE_CURVE('',#8052,#8233,#8241,.T.);
#8241 = LINE('',#8242,#8243);
#8242 = CARTESIAN_POINT('',(2.6,0.75,2.8));
#8243 = VECTOR('',#8244,1.);
#8244 = DIRECTION('',(0.,0.,-1.));
#8245 = ORIENTED_EDGE('',*,*,#8077,.F.);
#8246 = ORIENTED_EDGE('',*,*,#8091,.T.);
#8247 = ORIENTED_EDGE('',*,*,#8193,.T.);
#8248 = PLANE('',#8249);
#8249 = AXIS2_PLACEMENT_3D('',#8250,#8251,#8252);
#8250 = CARTESIAN_POINT('',(2.6,0.75,-7.668926229162));
#8251 = DIRECTION('',(5.059610138266E-16,1.,0.));
#8252 = DIRECTION('',(-1.,5.059610138266E-16,0.));
#8253 = ADVANCED_FACE('',(#8254),#8281,.F.);
#8254 = FACE_BOUND('',#8255,.T.);
#8255 = EDGE_LOOP('',(#8256,#8257,#8258,#8259,#8267,#8275));
#8256 = ORIENTED_EDGE('',*,*,#8202,.T.);
#8257 = ORIENTED_EDGE('',*,*,#8100,.F.);
#8258 = ORIENTED_EDGE('',*,*,#8061,.F.);
#8259 = ORIENTED_EDGE('',*,*,#8260,.F.);
#8260 = EDGE_CURVE('',#8261,#8054,#8263,.T.);
#8261 = VERTEX_POINT('',#8262);
#8262 = CARTESIAN_POINT('',(2.6,-0.75,0.));
#8263 = LINE('',#8264,#8265);
#8264 = CARTESIAN_POINT('',(2.6,-0.75,2.8));
#8265 = VECTOR('',#8266,1.);
#8266 = DIRECTION('',(0.,0.,1.));
#8267 = ORIENTED_EDGE('',*,*,#8268,.F.);
#8268 = EDGE_CURVE('',#8269,#8261,#8271,.T.);
#8269 = VERTEX_POINT('',#8270);
#8270 = CARTESIAN_POINT('',(1.1,-0.75,0.));
#8271 = LINE('',#8272,#8273);
#8272 = CARTESIAN_POINT('',(2.6,-0.75,0.));
#8273 = VECTOR('',#8274,1.);
#8274 = DIRECTION('',(1.,7.95081593156E-16,0.));
#8275 = ORIENTED_EDGE('',*,*,#8276,.T.);
#8276 = EDGE_CURVE('',#8269,#8203,#8277,.T.);
#8277 = LINE('',#8278,#8279);
#8278 = CARTESIAN_POINT('',(1.1,-0.75,-7.668926229162));
#8279 = VECTOR('',#8280,1.);
#8280 = DIRECTION('',(0.,0.,1.));
#8281 = PLANE('',#8282);
#8282 = AXIS2_PLACEMENT_3D('',#8283,#8284,#8285);
#8283 = CARTESIAN_POINT('',(1.1,-0.75,-7.668926229162));
#8284 = DIRECTION('',(7.95081593156E-16,-1.,0.));
#8285 = DIRECTION('',(1.,7.95081593156E-16,0.));
#8286 = ADVANCED_FACE('',(#8287),#8298,.F.);
#8287 = FACE_BOUND('',#8288,.T.);
#8288 = EDGE_LOOP('',(#8289,#8290,#8291,#8292));
#8289 = ORIENTED_EDGE('',*,*,#8224,.T.);
#8290 = ORIENTED_EDGE('',*,*,#8210,.T.);
#8291 = ORIENTED_EDGE('',*,*,#8276,.F.);
#8292 = ORIENTED_EDGE('',*,*,#8293,.F.);
#8293 = EDGE_CURVE('',#8225,#8269,#8294,.T.);
#8294 = LINE('',#8295,#8296);
#8295 = CARTESIAN_POINT('',(1.1,2.6,0.));
#8296 = VECTOR('',#8297,1.);
#8297 = DIRECTION('',(1.445602896647E-16,-1.,0.));
#8298 = PLANE('',#8299);
#8299 = AXIS2_PLACEMENT_3D('',#8300,#8301,#8302);
#8300 = CARTESIAN_POINT('',(1.1,0.75,-7.668926229162));
#8301 = DIRECTION('',(-1.,-1.445602896647E-16,0.));
#8302 = DIRECTION('',(1.445602896647E-16,-1.,0.));
#8303 = ADVANCED_FACE('',(#8304),#8329,.T.);
#8304 = FACE_BOUND('',#8305,.T.);
#8305 = EDGE_LOOP('',(#8306,#8314,#8315,#8323));
#8306 = ORIENTED_EDGE('',*,*,#8307,.T.);
#8307 = EDGE_CURVE('',#8308,#8163,#8310,.T.);
#8308 = VERTEX_POINT('',#8309);
#8309 = CARTESIAN_POINT('',(-1.1,-0.75,0.2));
#8310 = LINE('',#8311,#8312);
#8311 = CARTESIAN_POINT('',(-1.1,-0.75,0.2));
#8312 = VECTOR('',#8313,1.);
#8313 = DIRECTION('',(-1.,0.,0.));
#8314 = ORIENTED_EDGE('',*,*,#8179,.T.);
#8315 = ORIENTED_EDGE('',*,*,#8316,.T.);
#8316 = EDGE_CURVE('',#8172,#8317,#8319,.T.);
#8317 = VERTEX_POINT('',#8318);
#8318 = CARTESIAN_POINT('',(-1.1,0.75,0.2));
#8319 = LINE('',#8320,#8321);
#8320 = CARTESIAN_POINT('',(-2.6,0.75,0.2));
#8321 = VECTOR('',#8322,1.);
#8322 = DIRECTION('',(1.,2.891205793295E-16,0.));
#8323 = ORIENTED_EDGE('',*,*,#8324,.T.);
#8324 = EDGE_CURVE('',#8317,#8308,#8325,.T.);
#8325 = LINE('',#8326,#8327);
#8326 = CARTESIAN_POINT('',(-1.1,0.75,0.2));
#8327 = VECTOR('',#8328,1.);
#8328 = DIRECTION('',(1.445602896647E-16,-1.,0.));
#8329 = PLANE('',#8330);
#8330 = AXIS2_PLACEMENT_3D('',#8331,#8332,#8333);
#8331 = CARTESIAN_POINT('',(-1.1,-0.75,0.2));
#8332 = DIRECTION('',(0.,0.,-1.));
#8333 = DIRECTION('',(-1.,0.,0.));
#8334 = ADVANCED_FACE('',(#8335),#8362,.T.);
#8335 = FACE_BOUND('',#8336,.T.);
#8336 = EDGE_LOOP('',(#8337,#8347,#8353,#8354,#8355,#8356));
#8337 = ORIENTED_EDGE('',*,*,#8338,.T.);
#8338 = EDGE_CURVE('',#8339,#8341,#8343,.T.);
#8339 = VERTEX_POINT('',#8340);
#8340 = CARTESIAN_POINT('',(-2.6,0.75,0.));
#8341 = VERTEX_POINT('',#8342);
#8342 = CARTESIAN_POINT('',(-1.1,0.75,0.));
#8343 = LINE('',#8344,#8345);
#8344 = CARTESIAN_POINT('',(2.6,0.75,0.));
#8345 = VECTOR('',#8346,1.);
#8346 = DIRECTION('',(1.,2.891205793295E-16,0.));
#8347 = ORIENTED_EDGE('',*,*,#8348,.T.);
#8348 = EDGE_CURVE('',#8341,#8317,#8349,.T.);
#8349 = LINE('',#8350,#8351);
#8350 = CARTESIAN_POINT('',(-1.1,0.75,-7.668926229162));
#8351 = VECTOR('',#8352,1.);
#8352 = DIRECTION('',(0.,0.,1.));
#8353 = ORIENTED_EDGE('',*,*,#8316,.F.);
#8354 = ORIENTED_EDGE('',*,*,#8171,.F.);
#8355 = ORIENTED_EDGE('',*,*,#8132,.T.);
#8356 = ORIENTED_EDGE('',*,*,#8357,.F.);
#8357 = EDGE_CURVE('',#8339,#8123,#8358,.T.);
#8358 = LINE('',#8359,#8360);
#8359 = CARTESIAN_POINT('',(-2.6,0.75,-7.668926229162));
#8360 = VECTOR('',#8361,1.);
#8361 = DIRECTION('',(0.,0.,1.));
#8362 = PLANE('',#8363);
#8363 = AXIS2_PLACEMENT_3D('',#8364,#8365,#8366);
#8364 = CARTESIAN_POINT('',(-2.6,0.75,-7.668926229162));
#8365 = DIRECTION('',(2.891205793295E-16,-1.,0.));
#8366 = DIRECTION('',(1.,2.891205793295E-16,0.));
#8367 = ADVANCED_FACE('',(#8368),#8395,.T.);
#8368 = FACE_BOUND('',#8369,.T.);
#8369 = EDGE_LOOP('',(#8370,#8371,#8372,#8380,#8388,#8394));
#8370 = ORIENTED_EDGE('',*,*,#8162,.T.);
#8371 = ORIENTED_EDGE('',*,*,#8307,.F.);
#8372 = ORIENTED_EDGE('',*,*,#8373,.F.);
#8373 = EDGE_CURVE('',#8374,#8308,#8376,.T.);
#8374 = VERTEX_POINT('',#8375);
#8375 = CARTESIAN_POINT('',(-1.1,-0.75,0.));
#8376 = LINE('',#8377,#8378);
#8377 = CARTESIAN_POINT('',(-1.1,-0.75,-7.668926229162));
#8378 = VECTOR('',#8379,1.);
#8379 = DIRECTION('',(0.,0.,1.));
#8380 = ORIENTED_EDGE('',*,*,#8381,.T.);
#8381 = EDGE_CURVE('',#8374,#8382,#8384,.T.);
#8382 = VERTEX_POINT('',#8383);
#8383 = CARTESIAN_POINT('',(-2.6,-0.75,0.));
#8384 = LINE('',#8385,#8386);
#8385 = CARTESIAN_POINT('',(2.6,-0.75,0.));
#8386 = VECTOR('',#8387,1.);
#8387 = DIRECTION('',(-1.,0.,0.));
#8388 = ORIENTED_EDGE('',*,*,#8389,.T.);
#8389 = EDGE_CURVE('',#8382,#8125,#8390,.T.);
#8390 = LINE('',#8391,#8392);
#8391 = CARTESIAN_POINT('',(-2.6,-0.75,-7.668926229162));
#8392 = VECTOR('',#8393,1.);
#8393 = DIRECTION('',(0.,0.,1.));
#8394 = ORIENTED_EDGE('',*,*,#8148,.T.);
#8395 = PLANE('',#8396);
#8396 = AXIS2_PLACEMENT_3D('',#8397,#8398,#8399);
#8397 = CARTESIAN_POINT('',(-1.1,-0.75,-7.668926229162));
#8398 = DIRECTION('',(0.,1.,0.));
#8399 = DIRECTION('',(0.,-0.,1.));
#8400 = ADVANCED_FACE('',(#8401),#8412,.T.);
#8401 = FACE_BOUND('',#8402,.T.);
#8402 = EDGE_LOOP('',(#8403,#8409,#8410,#8411));
#8403 = ORIENTED_EDGE('',*,*,#8404,.T.);
#8404 = EDGE_CURVE('',#8341,#8374,#8405,.T.);
#8405 = LINE('',#8406,#8407);
#8406 = CARTESIAN_POINT('',(-1.1,2.6,0.));
#8407 = VECTOR('',#8408,1.);
#8408 = DIRECTION('',(1.445602896647E-16,-1.,0.));
#8409 = ORIENTED_EDGE('',*,*,#8373,.T.);
#8410 = ORIENTED_EDGE('',*,*,#8324,.F.);
#8411 = ORIENTED_EDGE('',*,*,#8348,.F.);
#8412 = PLANE('',#8413);
#8413 = AXIS2_PLACEMENT_3D('',#8414,#8415,#8416);
#8414 = CARTESIAN_POINT('',(-1.1,0.75,-7.668926229162));
#8415 = DIRECTION('',(-1.,-1.445602896647E-16,0.));
#8416 = DIRECTION('',(1.445602896647E-16,-1.,0.));
#8417 = ADVANCED_FACE('',(#8418),#8457,.T.);
#8418 = FACE_BOUND('',#8419,.T.);
#8419 = EDGE_LOOP('',(#8420,#8431,#8450));
#8420 = ORIENTED_EDGE('',*,*,#8421,.F.);
#8421 = EDGE_CURVE('',#8422,#8424,#8426,.T.);
#8422 = VERTEX_POINT('',#8423);
#8423 = CARTESIAN_POINT('',(-0.62131147541,4.819672131148E-02,2.8));
#8424 = VERTEX_POINT('',#8425);
#8425 = CARTESIAN_POINT('',(-0.61868852459,4.819672131148E-02,2.8));
#8426 = B_SPLINE_CURVE_WITH_KNOTS('',3,(#8427,#8428,#8429,#8430),
  .UNSPECIFIED.,.F.,.F.,(4,4),(0.850331981942,0.852816098425),
  .PIECEWISE_BEZIER_KNOTS.);
#8427 = CARTESIAN_POINT('',(-0.62131147541,4.819672131148E-02,2.8));
#8428 = CARTESIAN_POINT('',(-0.62043715847,4.819672131148E-02,2.8));
#8429 = CARTESIAN_POINT('',(-0.61956284153,4.819672131148E-02,2.8));
#8430 = CARTESIAN_POINT('',(-0.61868852459,4.819672131148E-02,2.8));
#8431 = ORIENTED_EDGE('',*,*,#8432,.F.);
#8432 = EDGE_CURVE('',#8433,#8422,#8435,.T.);
#8433 = VERTEX_POINT('',#8434);
#8434 = CARTESIAN_POINT('',(-0.61868852459,-0.107213114754,2.8));
#8435 = B_SPLINE_CURVE_WITH_KNOTS('',3,(#8436,#8437,#8438,#8439,#8440,
    #8441,#8442,#8443,#8444,#8445,#8446,#8447,#8448,#8449),
  .UNSPECIFIED.,.F.,.F.,(4,2,2,3,3,4),(0.,0.281158487643,0.481460939623,
    0.684775458551,0.752262299598,0.850331981942),.UNSPECIFIED.);
#8436 = CARTESIAN_POINT('',(-0.61868852459,-0.107213114754,2.8));
#8437 = CARTESIAN_POINT('',(-0.61868852459,-0.239672131148,2.8));
#8438 = CARTESIAN_POINT('',(-0.687540983607,-0.312459016393,2.8));
#8439 = CARTESIAN_POINT('',(-0.859344262295,-0.312459016393,2.8));
#8440 = CARTESIAN_POINT('',(-0.903278688525,-0.258032786885,2.8));
#8441 = CARTESIAN_POINT('',(-0.903278688525,-8.229508196721E-02,2.8));
#8442 = CARTESIAN_POINT('',(-0.860655737705,-4.032786885246E-02,2.8));
#8443 = CARTESIAN_POINT('',(-0.778032786885,-1.868852459016E-02,2.8));
#8444 = CARTESIAN_POINT('',(-0.755055181111,-1.267058022061E-02,2.8));
#8445 = CARTESIAN_POINT('',(-0.732131147541,-6.448087431694E-03,2.8));
#8446 = CARTESIAN_POINT('',(-0.709180327869,-3.27868852459E-04,2.8));
#8447 = CARTESIAN_POINT('',(-0.676121352289,8.487857968846E-03,2.8));
#8448 = CARTESIAN_POINT('',(-0.631147540984,2.196721311475E-02,2.8));
#8449 = CARTESIAN_POINT('',(-0.62131147541,4.819672131148E-02,2.8));
#8450 = ORIENTED_EDGE('',*,*,#8451,.F.);
#8451 = EDGE_CURVE('',#8424,#8433,#8452,.T.);
#8452 = B_SPLINE_CURVE_WITH_KNOTS('',3,(#8453,#8454,#8455,#8456),
  .UNSPECIFIED.,.F.,.F.,(4,4),(0.852816098425,1.),
  .PIECEWISE_BEZIER_KNOTS.);
#8453 = CARTESIAN_POINT('',(-0.61868852459,4.819672131148E-02,2.8));
#8454 = CARTESIAN_POINT('',(-0.61868852459,-3.606557377049E-03,2.8));
#8455 = CARTESIAN_POINT('',(-0.61868852459,-5.540983606557E-02,2.8));
#8456 = CARTESIAN_POINT('',(-0.61868852459,-0.107213114754,2.8));
#8457 = PLANE('',#8458);
#8458 = AXIS2_PLACEMENT_3D('',#8459,#8460,#8461);
#8459 = CARTESIAN_POINT('',(2.6,2.6,2.8));
#8460 = DIRECTION('',(0.,0.,1.));
#8461 = DIRECTION('',(1.,0.,-0.));
#8462 = ADVANCED_FACE('',(#8463),#8551,.F.);
#8463 = FACE_BOUND('',#8464,.T.);
#8464 = EDGE_LOOP('',(#8465,#8466,#8467,#8475,#8484,#8492,#8501,#8507,
    #8508,#8509,#8510,#8518,#8527,#8535,#8544,#8550));
#8465 = ORIENTED_EDGE('',*,*,#8293,.T.);
#8466 = ORIENTED_EDGE('',*,*,#8268,.T.);
#8467 = ORIENTED_EDGE('',*,*,#8468,.F.);
#8468 = EDGE_CURVE('',#8469,#8261,#8471,.T.);
#8469 = VERTEX_POINT('',#8470);
#8470 = CARTESIAN_POINT('',(2.6,-1.6,0.));
#8471 = LINE('',#8472,#8473);
#8472 = CARTESIAN_POINT('',(2.6,-2.6,0.));
#8473 = VECTOR('',#8474,1.);
#8474 = DIRECTION('',(0.,1.,0.));
#8475 = ORIENTED_EDGE('',*,*,#8476,.F.);
#8476 = EDGE_CURVE('',#8477,#8469,#8479,.T.);
#8477 = VERTEX_POINT('',#8478);
#8478 = CARTESIAN_POINT('',(1.6,-2.6,0.));
#8479 = CIRCLE('',#8480,1.);
#8480 = AXIS2_PLACEMENT_3D('',#8481,#8482,#8483);
#8481 = CARTESIAN_POINT('',(1.6,-1.6,0.));
#8482 = DIRECTION('',(0.,0.,1.));
#8483 = DIRECTION('',(1.,0.,-0.));
#8484 = ORIENTED_EDGE('',*,*,#8485,.F.);
#8485 = EDGE_CURVE('',#8486,#8477,#8488,.T.);
#8486 = VERTEX_POINT('',#8487);
#8487 = CARTESIAN_POINT('',(-1.6,-2.6,0.));
#8488 = LINE('',#8489,#8490);
#8489 = CARTESIAN_POINT('',(-2.6,-2.6,0.));
#8490 = VECTOR('',#8491,1.);
#8491 = DIRECTION('',(1.,8.340016711427E-17,0.));
#8492 = ORIENTED_EDGE('',*,*,#8493,.F.);
#8493 = EDGE_CURVE('',#8494,#8486,#8496,.T.);
#8494 = VERTEX_POINT('',#8495);
#8495 = CARTESIAN_POINT('',(-2.6,-1.6,0.));
#8496 = CIRCLE('',#8497,1.);
#8497 = AXIS2_PLACEMENT_3D('',#8498,#8499,#8500);
#8498 = CARTESIAN_POINT('',(-1.6,-1.6,0.));
#8499 = DIRECTION('',(0.,0.,1.));
#8500 = DIRECTION('',(1.,0.,-0.));
#8501 = ORIENTED_EDGE('',*,*,#8502,.F.);
#8502 = EDGE_CURVE('',#8382,#8494,#8503,.T.);
#8503 = LINE('',#8504,#8505);
#8504 = CARTESIAN_POINT('',(-2.6,2.6,0.));
#8505 = VECTOR('',#8506,1.);
#8506 = DIRECTION('',(0.,-1.,0.));
#8507 = ORIENTED_EDGE('',*,*,#8381,.F.);
#8508 = ORIENTED_EDGE('',*,*,#8404,.F.);
#8509 = ORIENTED_EDGE('',*,*,#8338,.F.);
#8510 = ORIENTED_EDGE('',*,*,#8511,.F.);
#8511 = EDGE_CURVE('',#8512,#8339,#8514,.T.);
#8512 = VERTEX_POINT('',#8513);
#8513 = CARTESIAN_POINT('',(-2.6,1.6,0.));
#8514 = LINE('',#8515,#8516);
#8515 = CARTESIAN_POINT('',(-2.6,2.6,0.));
#8516 = VECTOR('',#8517,1.);
#8517 = DIRECTION('',(0.,-1.,0.));
#8518 = ORIENTED_EDGE('',*,*,#8519,.F.);
#8519 = EDGE_CURVE('',#8520,#8512,#8522,.T.);
#8520 = VERTEX_POINT('',#8521);
#8521 = CARTESIAN_POINT('',(-1.6,2.6,0.));
#8522 = CIRCLE('',#8523,1.);
#8523 = AXIS2_PLACEMENT_3D('',#8524,#8525,#8526);
#8524 = CARTESIAN_POINT('',(-1.6,1.6,0.));
#8525 = DIRECTION('',(0.,0.,1.));
#8526 = DIRECTION('',(1.,0.,-0.));
#8527 = ORIENTED_EDGE('',*,*,#8528,.F.);
#8528 = EDGE_CURVE('',#8529,#8520,#8531,.T.);
#8529 = VERTEX_POINT('',#8530);
#8530 = CARTESIAN_POINT('',(1.6,2.6,0.));
#8531 = LINE('',#8532,#8533);
#8532 = CARTESIAN_POINT('',(2.6,2.6,0.));
#8533 = VECTOR('',#8534,1.);
#8534 = DIRECTION('',(-1.,8.340016711427E-17,0.));
#8535 = ORIENTED_EDGE('',*,*,#8536,.F.);
#8536 = EDGE_CURVE('',#8537,#8529,#8539,.T.);
#8537 = VERTEX_POINT('',#8538);
#8538 = CARTESIAN_POINT('',(2.6,1.6,0.));
#8539 = CIRCLE('',#8540,1.);
#8540 = AXIS2_PLACEMENT_3D('',#8541,#8542,#8543);
#8541 = CARTESIAN_POINT('',(1.6,1.6,0.));
#8542 = DIRECTION('',(0.,0.,1.));
#8543 = DIRECTION('',(1.,0.,-0.));
#8544 = ORIENTED_EDGE('',*,*,#8545,.F.);
#8545 = EDGE_CURVE('',#8233,#8537,#8546,.T.);
#8546 = LINE('',#8547,#8548);
#8547 = CARTESIAN_POINT('',(2.6,-2.6,0.));
#8548 = VECTOR('',#8549,1.);
#8549 = DIRECTION('',(0.,1.,0.));
#8550 = ORIENTED_EDGE('',*,*,#8232,.T.);
#8551 = PLANE('',#8552);
#8552 = AXIS2_PLACEMENT_3D('',#8553,#8554,#8555);
#8553 = CARTESIAN_POINT('',(2.6,2.6,0.));
#8554 = DIRECTION('',(0.,0.,1.));
#8555 = DIRECTION('',(1.,0.,-0.));
#8556 = ADVANCED_FACE('',(#8557),#8582,.F.);
#8557 = FACE_BOUND('',#8558,.T.);
#8558 = EDGE_LOOP('',(#8559,#8567,#8575,#8581));
#8559 = ORIENTED_EDGE('',*,*,#8560,.F.);
#8560 = EDGE_CURVE('',#8561,#8477,#8563,.T.);
#8561 = VERTEX_POINT('',#8562);
#8562 = CARTESIAN_POINT('',(1.6,-2.6,2.7));
#8563 = LINE('',#8564,#8565);
#8564 = CARTESIAN_POINT('',(1.6,-2.6,2.8));
#8565 = VECTOR('',#8566,1.);
#8566 = DIRECTION('',(0.,0.,-1.));
#8567 = ORIENTED_EDGE('',*,*,#8568,.T.);
#8568 = EDGE_CURVE('',#8561,#8569,#8571,.T.);
#8569 = VERTEX_POINT('',#8570);
#8570 = CARTESIAN_POINT('',(-1.6,-2.6,2.7));
#8571 = LINE('',#8572,#8573);
#8572 = CARTESIAN_POINT('',(-1.6,-2.6,2.7));
#8573 = VECTOR('',#8574,1.);
#8574 = DIRECTION('',(-1.,-8.340016711427E-17,0.));
#8575 = ORIENTED_EDGE('',*,*,#8576,.T.);
#8576 = EDGE_CURVE('',#8569,#8486,#8577,.T.);
#8577 = LINE('',#8578,#8579);
#8578 = CARTESIAN_POINT('',(-1.6,-2.6,2.8));
#8579 = VECTOR('',#8580,1.);
#8580 = DIRECTION('',(0.,0.,-1.));
#8581 = ORIENTED_EDGE('',*,*,#8485,.T.);
#8582 = PLANE('',#8583);
#8583 = AXIS2_PLACEMENT_3D('',#8584,#8585,#8586);
#8584 = CARTESIAN_POINT('',(-2.6,-2.6,2.8));
#8585 = DIRECTION('',(-8.340016711427E-17,1.,0.));
#8586 = DIRECTION('',(-1.,-8.340016711427E-17,0.));
#8587 = ADVANCED_FACE('',(#8588),#8617,.F.);
#8588 = FACE_BOUND('',#8589,.T.);
#8589 = EDGE_LOOP('',(#8590,#8591,#8592,#8593,#8601,#8609,#8615,#8616));
#8590 = ORIENTED_EDGE('',*,*,#8122,.T.);
#8591 = ORIENTED_EDGE('',*,*,#8389,.F.);
#8592 = ORIENTED_EDGE('',*,*,#8502,.T.);
#8593 = ORIENTED_EDGE('',*,*,#8594,.F.);
#8594 = EDGE_CURVE('',#8595,#8494,#8597,.T.);
#8595 = VERTEX_POINT('',#8596);
#8596 = CARTESIAN_POINT('',(-2.6,-1.6,2.7));
#8597 = LINE('',#8598,#8599);
#8598 = CARTESIAN_POINT('',(-2.6,-1.6,2.8));
#8599 = VECTOR('',#8600,1.);
#8600 = DIRECTION('',(0.,0.,-1.));
#8601 = ORIENTED_EDGE('',*,*,#8602,.T.);
#8602 = EDGE_CURVE('',#8595,#8603,#8605,.T.);
#8603 = VERTEX_POINT('',#8604);
#8604 = CARTESIAN_POINT('',(-2.6,1.6,2.7));
#8605 = LINE('',#8606,#8607);
#8606 = CARTESIAN_POINT('',(-2.6,1.6,2.7));
#8607 = VECTOR('',#8608,1.);
#8608 = DIRECTION('',(0.,1.,0.));
#8609 = ORIENTED_EDGE('',*,*,#8610,.T.);
#8610 = EDGE_CURVE('',#8603,#8512,#8611,.T.);
#8611 = LINE('',#8612,#8613);
#8612 = CARTESIAN_POINT('',(-2.6,1.6,2.8));
#8613 = VECTOR('',#8614,1.);
#8614 = DIRECTION('',(0.,0.,-1.));
#8615 = ORIENTED_EDGE('',*,*,#8511,.T.);
#8616 = ORIENTED_EDGE('',*,*,#8357,.T.);
#8617 = PLANE('',#8618);
#8618 = AXIS2_PLACEMENT_3D('',#8619,#8620,#8621);
#8619 = CARTESIAN_POINT('',(-2.6,2.6,2.8));
#8620 = DIRECTION('',(1.,0.,0.));
#8621 = DIRECTION('',(0.,0.,-1.));
#8622 = ADVANCED_FACE('',(#8623),#8648,.F.);
#8623 = FACE_BOUND('',#8624,.T.);
#8624 = EDGE_LOOP('',(#8625,#8633,#8641,#8647));
#8625 = ORIENTED_EDGE('',*,*,#8626,.F.);
#8626 = EDGE_CURVE('',#8627,#8520,#8629,.T.);
#8627 = VERTEX_POINT('',#8628);
#8628 = CARTESIAN_POINT('',(-1.6,2.6,2.7));
#8629 = LINE('',#8630,#8631);
#8630 = CARTESIAN_POINT('',(-1.6,2.6,2.8));
#8631 = VECTOR('',#8632,1.);
#8632 = DIRECTION('',(0.,0.,-1.));
#8633 = ORIENTED_EDGE('',*,*,#8634,.T.);
#8634 = EDGE_CURVE('',#8627,#8635,#8637,.T.);
#8635 = VERTEX_POINT('',#8636);
#8636 = CARTESIAN_POINT('',(1.6,2.6,2.7));
#8637 = LINE('',#8638,#8639);
#8638 = CARTESIAN_POINT('',(1.6,2.6,2.7));
#8639 = VECTOR('',#8640,1.);
#8640 = DIRECTION('',(1.,-8.340016711427E-17,0.));
#8641 = ORIENTED_EDGE('',*,*,#8642,.T.);
#8642 = EDGE_CURVE('',#8635,#8529,#8643,.T.);
#8643 = LINE('',#8644,#8645);
#8644 = CARTESIAN_POINT('',(1.6,2.6,2.8));
#8645 = VECTOR('',#8646,1.);
#8646 = DIRECTION('',(0.,0.,-1.));
#8647 = ORIENTED_EDGE('',*,*,#8528,.T.);
#8648 = PLANE('',#8649);
#8649 = AXIS2_PLACEMENT_3D('',#8650,#8651,#8652);
#8650 = CARTESIAN_POINT('',(2.6,2.6,2.8));
#8651 = DIRECTION('',(-8.340016711427E-17,-1.,0.));
#8652 = DIRECTION('',(1.,-8.340016711427E-17,0.));
#8653 = ADVANCED_FACE('',(#8654),#8683,.F.);
#8654 = FACE_BOUND('',#8655,.T.);
#8655 = EDGE_LOOP('',(#8656,#8657,#8658,#8659,#8660,#8668,#8676,#8682));
#8656 = ORIENTED_EDGE('',*,*,#8260,.T.);
#8657 = ORIENTED_EDGE('',*,*,#8051,.F.);
#8658 = ORIENTED_EDGE('',*,*,#8240,.T.);
#8659 = ORIENTED_EDGE('',*,*,#8545,.T.);
#8660 = ORIENTED_EDGE('',*,*,#8661,.F.);
#8661 = EDGE_CURVE('',#8662,#8537,#8664,.T.);
#8662 = VERTEX_POINT('',#8663);
#8663 = CARTESIAN_POINT('',(2.6,1.6,2.7));
#8664 = LINE('',#8665,#8666);
#8665 = CARTESIAN_POINT('',(2.6,1.6,2.8));
#8666 = VECTOR('',#8667,1.);
#8667 = DIRECTION('',(0.,0.,-1.));
#8668 = ORIENTED_EDGE('',*,*,#8669,.T.);
#8669 = EDGE_CURVE('',#8662,#8670,#8672,.T.);
#8670 = VERTEX_POINT('',#8671);
#8671 = CARTESIAN_POINT('',(2.6,-1.6,2.7));
#8672 = LINE('',#8673,#8674);
#8673 = CARTESIAN_POINT('',(2.6,-1.6,2.7));
#8674 = VECTOR('',#8675,1.);
#8675 = DIRECTION('',(0.,-1.,0.));
#8676 = ORIENTED_EDGE('',*,*,#8677,.T.);
#8677 = EDGE_CURVE('',#8670,#8469,#8678,.T.);
#8678 = LINE('',#8679,#8680);
#8679 = CARTESIAN_POINT('',(2.6,-1.6,2.8));
#8680 = VECTOR('',#8681,1.);
#8681 = DIRECTION('',(0.,0.,-1.));
#8682 = ORIENTED_EDGE('',*,*,#8468,.T.);
#8683 = PLANE('',#8684);
#8684 = AXIS2_PLACEMENT_3D('',#8685,#8686,#8687);
#8685 = CARTESIAN_POINT('',(2.6,-2.6,2.8));
#8686 = DIRECTION('',(-1.,0.,0.));
#8687 = DIRECTION('',(0.,0.,1.));
#8688 = ADVANCED_FACE('',(#8689),#8701,.T.);
#8689 = FACE_BOUND('',#8690,.T.);
#8690 = EDGE_LOOP('',(#8691,#8692,#8699,#8700));
#8691 = ORIENTED_EDGE('',*,*,#8677,.F.);
#8692 = ORIENTED_EDGE('',*,*,#8693,.F.);
#8693 = EDGE_CURVE('',#8561,#8670,#8694,.T.);
#8694 = CIRCLE('',#8695,1.);
#8695 = AXIS2_PLACEMENT_3D('',#8696,#8697,#8698);
#8696 = CARTESIAN_POINT('',(1.6,-1.6,2.7));
#8697 = DIRECTION('',(0.,0.,1.));
#8698 = DIRECTION('',(1.,0.,-0.));
#8699 = ORIENTED_EDGE('',*,*,#8560,.T.);
#8700 = ORIENTED_EDGE('',*,*,#8476,.T.);
#8701 = CYLINDRICAL_SURFACE('',#8702,1.);
#8702 = AXIS2_PLACEMENT_3D('',#8703,#8704,#8705);
#8703 = CARTESIAN_POINT('',(1.6,-1.6,2.8));
#8704 = DIRECTION('',(-0.,-0.,1.));
#8705 = DIRECTION('',(-1.,0.,0.));
#8706 = ADVANCED_FACE('',(#8707),#8719,.T.);
#8707 = FACE_BOUND('',#8708,.T.);
#8708 = EDGE_LOOP('',(#8709,#8710,#8717,#8718));
#8709 = ORIENTED_EDGE('',*,*,#8642,.F.);
#8710 = ORIENTED_EDGE('',*,*,#8711,.F.);
#8711 = EDGE_CURVE('',#8662,#8635,#8712,.T.);
#8712 = CIRCLE('',#8713,1.);
#8713 = AXIS2_PLACEMENT_3D('',#8714,#8715,#8716);
#8714 = CARTESIAN_POINT('',(1.6,1.6,2.7));
#8715 = DIRECTION('',(0.,0.,1.));
#8716 = DIRECTION('',(1.,0.,-0.));
#8717 = ORIENTED_EDGE('',*,*,#8661,.T.);
#8718 = ORIENTED_EDGE('',*,*,#8536,.T.);
#8719 = CYLINDRICAL_SURFACE('',#8720,1.);
#8720 = AXIS2_PLACEMENT_3D('',#8721,#8722,#8723);
#8721 = CARTESIAN_POINT('',(1.6,1.6,2.8));
#8722 = DIRECTION('',(-0.,-0.,1.));
#8723 = DIRECTION('',(-1.,0.,0.));
#8724 = ADVANCED_FACE('',(#8725),#8737,.T.);
#8725 = FACE_BOUND('',#8726,.T.);
#8726 = EDGE_LOOP('',(#8727,#8728,#8735,#8736));
#8727 = ORIENTED_EDGE('',*,*,#8610,.F.);
#8728 = ORIENTED_EDGE('',*,*,#8729,.F.);
#8729 = EDGE_CURVE('',#8627,#8603,#8730,.T.);
#8730 = CIRCLE('',#8731,1.);
#8731 = AXIS2_PLACEMENT_3D('',#8732,#8733,#8734);
#8732 = CARTESIAN_POINT('',(-1.6,1.6,2.7));
#8733 = DIRECTION('',(0.,0.,1.));
#8734 = DIRECTION('',(1.,0.,-0.));
#8735 = ORIENTED_EDGE('',*,*,#8626,.T.);
#8736 = ORIENTED_EDGE('',*,*,#8519,.T.);
#8737 = CYLINDRICAL_SURFACE('',#8738,1.);
#8738 = AXIS2_PLACEMENT_3D('',#8739,#8740,#8741);
#8739 = CARTESIAN_POINT('',(-1.6,1.6,2.8));
#8740 = DIRECTION('',(-0.,-0.,1.));
#8741 = DIRECTION('',(-1.,0.,0.));
#8742 = ADVANCED_FACE('',(#8743),#8755,.T.);
#8743 = FACE_BOUND('',#8744,.T.);
#8744 = EDGE_LOOP('',(#8745,#8746,#8753,#8754));
#8745 = ORIENTED_EDGE('',*,*,#8576,.F.);
#8746 = ORIENTED_EDGE('',*,*,#8747,.F.);
#8747 = EDGE_CURVE('',#8595,#8569,#8748,.T.);
#8748 = CIRCLE('',#8749,1.);
#8749 = AXIS2_PLACEMENT_3D('',#8750,#8751,#8752);
#8750 = CARTESIAN_POINT('',(-1.6,-1.6,2.7));
#8751 = DIRECTION('',(0.,0.,1.));
#8752 = DIRECTION('',(1.,0.,-0.));
#8753 = ORIENTED_EDGE('',*,*,#8594,.T.);
#8754 = ORIENTED_EDGE('',*,*,#8493,.T.);
#8755 = CYLINDRICAL_SURFACE('',#8756,1.);
#8756 = AXIS2_PLACEMENT_3D('',#8757,#8758,#8759);
#8757 = CARTESIAN_POINT('',(-1.6,-1.6,2.8));
#8758 = DIRECTION('',(-0.,-0.,1.));
#8759 = DIRECTION('',(-1.,0.,0.));
#8760 = ADVANCED_FACE('',(#8761),#8786,.T.);
#8761 = FACE_BOUND('',#8762,.T.);
#8762 = EDGE_LOOP('',(#8763,#8771,#8772,#8780));
#8763 = ORIENTED_EDGE('',*,*,#8764,.T.);
#8764 = EDGE_CURVE('',#8765,#8635,#8767,.T.);
#8765 = VERTEX_POINT('',#8766);
#8766 = CARTESIAN_POINT('',(1.6,2.4,2.8));
#8767 = LINE('',#8768,#8769);
#8768 = CARTESIAN_POINT('',(1.6,2.4,2.8));
#8769 = VECTOR('',#8770,1.);
#8770 = DIRECTION('',(0.,0.894427191,-0.4472135955));
#8771 = ORIENTED_EDGE('',*,*,#8634,.F.);
#8772 = ORIENTED_EDGE('',*,*,#8773,.T.);
#8773 = EDGE_CURVE('',#8627,#8774,#8776,.T.);
#8774 = VERTEX_POINT('',#8775);
#8775 = CARTESIAN_POINT('',(-1.6,2.4,2.8));
#8776 = LINE('',#8777,#8778);
#8777 = CARTESIAN_POINT('',(-1.6,2.6,2.7));
#8778 = VECTOR('',#8779,1.);
#8779 = DIRECTION('',(0.,-0.894427191,0.4472135955));
#8780 = ORIENTED_EDGE('',*,*,#8781,.F.);
#8781 = EDGE_CURVE('',#8765,#8774,#8782,.T.);
#8782 = LINE('',#8783,#8784);
#8783 = CARTESIAN_POINT('',(-1.6,2.4,2.8));
#8784 = VECTOR('',#8785,1.);
#8785 = DIRECTION('',(-1.,8.340016711427E-17,0.));
#8786 = PLANE('',#8787);
#8787 = AXIS2_PLACEMENT_3D('',#8788,#8789,#8790);
#8788 = CARTESIAN_POINT('',(2.6,2.4,2.8));
#8789 = DIRECTION('',(3.729768860047E-17,0.4472135955,0.894427191));
#8790 = DIRECTION('',(0.,-0.894427191,0.4472135955));
#8791 = ADVANCED_FACE('',(#8792),#8811,.T.);
#8792 = FACE_BOUND('',#8793,.T.);
#8793 = EDGE_LOOP('',(#8794,#8802,#8809,#8810));
#8794 = ORIENTED_EDGE('',*,*,#8795,.T.);
#8795 = EDGE_CURVE('',#8603,#8796,#8798,.T.);
#8796 = VERTEX_POINT('',#8797);
#8797 = CARTESIAN_POINT('',(-2.4,1.6,2.8));
#8798 = LINE('',#8799,#8800);
#8799 = CARTESIAN_POINT('',(-2.6,1.6,2.7));
#8800 = VECTOR('',#8801,1.);
#8801 = DIRECTION('',(0.894427191,0.,0.4472135955));
#8802 = ORIENTED_EDGE('',*,*,#8803,.F.);
#8803 = EDGE_CURVE('',#8774,#8796,#8804,.T.);
#8804 = CIRCLE('',#8805,0.8);
#8805 = AXIS2_PLACEMENT_3D('',#8806,#8807,#8808);
#8806 = CARTESIAN_POINT('',(-1.6,1.6,2.8));
#8807 = DIRECTION('',(0.,0.,1.));
#8808 = DIRECTION('',(1.,0.,-0.));
#8809 = ORIENTED_EDGE('',*,*,#8773,.F.);
#8810 = ORIENTED_EDGE('',*,*,#8729,.T.);
#8811 = CONICAL_SURFACE('',#8812,0.8,1.107148717794);
#8812 = AXIS2_PLACEMENT_3D('',#8813,#8814,#8815);
#8813 = CARTESIAN_POINT('',(-1.6,1.6,2.8));
#8814 = DIRECTION('',(-0.,0.,-1.));
#8815 = DIRECTION('',(-1.,0.,0.));
#8816 = ADVANCED_FACE('',(#8817),#8836,.T.);
#8817 = FACE_BOUND('',#8818,.T.);
#8818 = EDGE_LOOP('',(#8819,#8827,#8828,#8829));
#8819 = ORIENTED_EDGE('',*,*,#8820,.T.);
#8820 = EDGE_CURVE('',#8821,#8662,#8823,.T.);
#8821 = VERTEX_POINT('',#8822);
#8822 = CARTESIAN_POINT('',(2.4,1.6,2.8));
#8823 = LINE('',#8824,#8825);
#8824 = CARTESIAN_POINT('',(2.4,1.6,2.8));
#8825 = VECTOR('',#8826,1.);
#8826 = DIRECTION('',(0.894427191,0.,-0.4472135955));
#8827 = ORIENTED_EDGE('',*,*,#8711,.T.);
#8828 = ORIENTED_EDGE('',*,*,#8764,.F.);
#8829 = ORIENTED_EDGE('',*,*,#8830,.F.);
#8830 = EDGE_CURVE('',#8821,#8765,#8831,.T.);
#8831 = CIRCLE('',#8832,0.8);
#8832 = AXIS2_PLACEMENT_3D('',#8833,#8834,#8835);
#8833 = CARTESIAN_POINT('',(1.6,1.6,2.8));
#8834 = DIRECTION('',(0.,0.,1.));
#8835 = DIRECTION('',(1.,0.,-0.));
#8836 = CONICAL_SURFACE('',#8837,0.8,1.107148717794);
#8837 = AXIS2_PLACEMENT_3D('',#8838,#8839,#8840);
#8838 = CARTESIAN_POINT('',(1.6,1.6,2.8));
#8839 = DIRECTION('',(-0.,0.,-1.));
#8840 = DIRECTION('',(-1.,0.,0.));
#8841 = ADVANCED_FACE('',(#8842),#8860,.T.);
#8842 = FACE_BOUND('',#8843,.T.);
#8843 = EDGE_LOOP('',(#8844,#8852,#8858,#8859));
#8844 = ORIENTED_EDGE('',*,*,#8845,.T.);
#8845 = EDGE_CURVE('',#8595,#8846,#8848,.T.);
#8846 = VERTEX_POINT('',#8847);
#8847 = CARTESIAN_POINT('',(-2.4,-1.6,2.8));
#8848 = LINE('',#8849,#8850);
#8849 = CARTESIAN_POINT('',(-2.6,-1.6,2.7));
#8850 = VECTOR('',#8851,1.);
#8851 = DIRECTION('',(0.894427191,0.,0.4472135955));
#8852 = ORIENTED_EDGE('',*,*,#8853,.F.);
#8853 = EDGE_CURVE('',#8796,#8846,#8854,.T.);
#8854 = LINE('',#8855,#8856);
#8855 = CARTESIAN_POINT('',(-2.4,-1.6,2.8));
#8856 = VECTOR('',#8857,1.);
#8857 = DIRECTION('',(0.,-1.,0.));
#8858 = ORIENTED_EDGE('',*,*,#8795,.F.);
#8859 = ORIENTED_EDGE('',*,*,#8602,.F.);
#8860 = PLANE('',#8861);
#8861 = AXIS2_PLACEMENT_3D('',#8862,#8863,#8864);
#8862 = CARTESIAN_POINT('',(-2.4,2.6,2.8));
#8863 = DIRECTION('',(-0.4472135955,0.,0.894427191));
#8864 = DIRECTION('',(0.894427191,0.,0.4472135955));
#8865 = ADVANCED_FACE('',(#8866),#8884,.T.);
#8866 = FACE_BOUND('',#8867,.T.);
#8867 = EDGE_LOOP('',(#8868,#8876,#8877,#8878));
#8868 = ORIENTED_EDGE('',*,*,#8869,.T.);
#8869 = EDGE_CURVE('',#8870,#8670,#8872,.T.);
#8870 = VERTEX_POINT('',#8871);
#8871 = CARTESIAN_POINT('',(2.4,-1.6,2.8));
#8872 = LINE('',#8873,#8874);
#8873 = CARTESIAN_POINT('',(2.4,-1.6,2.8));
#8874 = VECTOR('',#8875,1.);
#8875 = DIRECTION('',(0.894427191,0.,-0.4472135955));
#8876 = ORIENTED_EDGE('',*,*,#8669,.F.);
#8877 = ORIENTED_EDGE('',*,*,#8820,.F.);
#8878 = ORIENTED_EDGE('',*,*,#8879,.F.);
#8879 = EDGE_CURVE('',#8870,#8821,#8880,.T.);
#8880 = LINE('',#8881,#8882);
#8881 = CARTESIAN_POINT('',(2.4,1.6,2.8));
#8882 = VECTOR('',#8883,1.);
#8883 = DIRECTION('',(0.,1.,0.));
#8884 = PLANE('',#8885);
#8885 = AXIS2_PLACEMENT_3D('',#8886,#8887,#8888);
#8886 = CARTESIAN_POINT('',(2.4,2.6,2.8));
#8887 = DIRECTION('',(0.4472135955,0.,0.894427191));
#8888 = DIRECTION('',(0.894427191,0.,-0.4472135955));
#8889 = ADVANCED_FACE('',(#8890),#8909,.T.);
#8890 = FACE_BOUND('',#8891,.T.);
#8891 = EDGE_LOOP('',(#8892,#8900,#8907,#8908));
#8892 = ORIENTED_EDGE('',*,*,#8893,.T.);
#8893 = EDGE_CURVE('',#8569,#8894,#8896,.T.);
#8894 = VERTEX_POINT('',#8895);
#8895 = CARTESIAN_POINT('',(-1.6,-2.4,2.8));
#8896 = LINE('',#8897,#8898);
#8897 = CARTESIAN_POINT('',(-1.6,-2.6,2.7));
#8898 = VECTOR('',#8899,1.);
#8899 = DIRECTION('',(0.,0.894427191,0.4472135955));
#8900 = ORIENTED_EDGE('',*,*,#8901,.F.);
#8901 = EDGE_CURVE('',#8846,#8894,#8902,.T.);
#8902 = CIRCLE('',#8903,0.8);
#8903 = AXIS2_PLACEMENT_3D('',#8904,#8905,#8906);
#8904 = CARTESIAN_POINT('',(-1.6,-1.6,2.8));
#8905 = DIRECTION('',(0.,0.,1.));
#8906 = DIRECTION('',(1.,0.,-0.));
#8907 = ORIENTED_EDGE('',*,*,#8845,.F.);
#8908 = ORIENTED_EDGE('',*,*,#8747,.T.);
#8909 = CONICAL_SURFACE('',#8910,0.8,1.107148717794);
#8910 = AXIS2_PLACEMENT_3D('',#8911,#8912,#8913);
#8911 = CARTESIAN_POINT('',(-1.6,-1.6,2.8));
#8912 = DIRECTION('',(-0.,0.,-1.));
#8913 = DIRECTION('',(-1.,0.,0.));
#8914 = ADVANCED_FACE('',(#8915),#8934,.T.);
#8915 = FACE_BOUND('',#8916,.T.);
#8916 = EDGE_LOOP('',(#8917,#8925,#8926,#8927));
#8917 = ORIENTED_EDGE('',*,*,#8918,.T.);
#8918 = EDGE_CURVE('',#8919,#8561,#8921,.T.);
#8919 = VERTEX_POINT('',#8920);
#8920 = CARTESIAN_POINT('',(1.6,-2.4,2.8));
#8921 = LINE('',#8922,#8923);
#8922 = CARTESIAN_POINT('',(1.6,-2.4,2.8));
#8923 = VECTOR('',#8924,1.);
#8924 = DIRECTION('',(0.,-0.894427191,-0.4472135955));
#8925 = ORIENTED_EDGE('',*,*,#8693,.T.);
#8926 = ORIENTED_EDGE('',*,*,#8869,.F.);
#8927 = ORIENTED_EDGE('',*,*,#8928,.F.);
#8928 = EDGE_CURVE('',#8919,#8870,#8929,.T.);
#8929 = CIRCLE('',#8930,0.8);
#8930 = AXIS2_PLACEMENT_3D('',#8931,#8932,#8933);
#8931 = CARTESIAN_POINT('',(1.6,-1.6,2.8));
#8932 = DIRECTION('',(0.,0.,1.));
#8933 = DIRECTION('',(1.,0.,-0.));
#8934 = CONICAL_SURFACE('',#8935,0.8,1.107148717794);
#8935 = AXIS2_PLACEMENT_3D('',#8936,#8937,#8938);
#8936 = CARTESIAN_POINT('',(1.6,-1.6,2.8));
#8937 = DIRECTION('',(-0.,0.,-1.));
#8938 = DIRECTION('',(-1.,0.,0.));
#8939 = ADVANCED_FACE('',(#8940),#8951,.T.);
#8940 = FACE_BOUND('',#8941,.T.);
#8941 = EDGE_LOOP('',(#8942,#8943,#8944,#8945));
#8942 = ORIENTED_EDGE('',*,*,#8893,.F.);
#8943 = ORIENTED_EDGE('',*,*,#8568,.F.);
#8944 = ORIENTED_EDGE('',*,*,#8918,.F.);
#8945 = ORIENTED_EDGE('',*,*,#8946,.F.);
#8946 = EDGE_CURVE('',#8894,#8919,#8947,.T.);
#8947 = LINE('',#8948,#8949);
#8948 = CARTESIAN_POINT('',(1.6,-2.4,2.8));
#8949 = VECTOR('',#8950,1.);
#8950 = DIRECTION('',(1.,8.340016711427E-17,0.));
#8951 = PLANE('',#8952);
#8952 = AXIS2_PLACEMENT_3D('',#8953,#8954,#8955);
#8953 = CARTESIAN_POINT('',(2.6,-2.4,2.8));
#8954 = DIRECTION('',(3.729768860047E-17,-0.4472135955,0.894427191));
#8955 = DIRECTION('',(0.,-0.894427191,-0.4472135955));
#8956 = ADVANCED_FACE('',(#8957,#8987,#9040,#9046,#9052,#9067,#9112,
    #9166,#9176),#9194,.T.);
#8957 = FACE_BOUND('',#8958,.T.);
#8958 = EDGE_LOOP('',(#8959,#8968,#8969,#8970,#8977,#8978,#8979,#8980));
#8959 = ORIENTED_EDGE('',*,*,#8960,.F.);
#8960 = EDGE_CURVE('',#6216,#8961,#8963,.T.);
#8961 = VERTEX_POINT('',#8962);
#8962 = CARTESIAN_POINT('',(1.81606557377,0.252131147541,2.8));
#8963 = B_SPLINE_CURVE_WITH_KNOTS('',3,(#8964,#8965,#8966,#8967),
  .UNSPECIFIED.,.F.,.F.,(4,4),(0.969765151352,1.),
  .PIECEWISE_BEZIER_KNOTS.);
#8964 = CARTESIAN_POINT('',(1.81606557377,0.366229508197,2.8));
#8965 = CARTESIAN_POINT('',(1.81606557377,0.328196721311,2.8));
#8966 = CARTESIAN_POINT('',(1.81606557377,0.290163934426,2.8));
#8967 = CARTESIAN_POINT('',(1.81606557377,0.252131147541,2.8));
#8968 = ORIENTED_EDGE('',*,*,#6213,.F.);
#8969 = ORIENTED_EDGE('',*,*,#6278,.F.);
#8970 = ORIENTED_EDGE('',*,*,#8971,.F.);
#8971 = EDGE_CURVE('',#6331,#6258,#8972,.T.);
#8972 = B_SPLINE_CURVE_WITH_KNOTS('',3,(#8973,#8974,#8975,#8976),
  .UNSPECIFIED.,.F.,.F.,(4,4),(0.545626196095,0.56752039684),
  .PIECEWISE_BEZIER_KNOTS.);
#8973 = CARTESIAN_POINT('',(1.517049180328,-0.439672131148,2.8));
#8974 = CARTESIAN_POINT('',(1.489508196721,-0.439672131148,2.8));
#8975 = CARTESIAN_POINT('',(1.461967213115,-0.439672131148,2.8));
#8976 = CARTESIAN_POINT('',(1.434426229508,-0.439672131148,2.8));
#8977 = ORIENTED_EDGE('',*,*,#6338,.F.);
#8978 = ORIENTED_EDGE('',*,*,#6366,.F.);
#8979 = ORIENTED_EDGE('',*,*,#6423,.F.);
#8980 = ORIENTED_EDGE('',*,*,#8981,.F.);
#8981 = EDGE_CURVE('',#8961,#6402,#8982,.T.);
#8982 = B_SPLINE_CURVE_WITH_KNOTS('',3,(#8983,#8984,#8985,#8986),
  .UNSPECIFIED.,.F.,.F.,(4,4),(0.,6.950539919118E-04),
  .PIECEWISE_BEZIER_KNOTS.);
#8983 = CARTESIAN_POINT('',(1.81606557377,0.252131147541,2.8));
#8984 = CARTESIAN_POINT('',(1.815191256831,0.252131147541,2.8));
#8985 = CARTESIAN_POINT('',(1.814316939891,0.252131147541,2.8));
#8986 = CARTESIAN_POINT('',(1.813442622951,0.252131147541,2.8));
#8987 = FACE_BOUND('',#8988,.T.);
#8988 = EDGE_LOOP('',(#8989,#8990,#8999,#9008,#9017,#9031,#9038,#9039));
#8989 = ORIENTED_EDGE('',*,*,#6555,.F.);
#8990 = ORIENTED_EDGE('',*,*,#8991,.F.);
#8991 = EDGE_CURVE('',#8992,#6556,#8994,.T.);
#8992 = VERTEX_POINT('',#8993);
#8993 = CARTESIAN_POINT('',(0.903278688525,0.366229508197,2.8));
#8994 = B_SPLINE_CURVE_WITH_KNOTS('',3,(#8995,#8996,#8997,#8998),
  .UNSPECIFIED.,.F.,.F.,(4,4),(0.781852169394,0.801909699791),
  .PIECEWISE_BEZIER_KNOTS.);
#8995 = CARTESIAN_POINT('',(0.903278688525,0.366229508197,2.8));
#8996 = CARTESIAN_POINT('',(0.878579234973,0.366229508197,2.8));
#8997 = CARTESIAN_POINT('',(0.853879781421,0.366229508197,2.8));
#8998 = CARTESIAN_POINT('',(0.829180327869,0.366229508197,2.8));
#8999 = ORIENTED_EDGE('',*,*,#9000,.F.);
#9000 = EDGE_CURVE('',#9001,#8992,#9003,.T.);
#9001 = VERTEX_POINT('',#9002);
#9002 = CARTESIAN_POINT('',(0.903278688525,0.26393442623,2.8));
#9003 = B_SPLINE_CURVE_WITH_KNOTS('',3,(#9004,#9005,#9006,#9007),
  .UNSPECIFIED.,.F.,.F.,(4,4),(0.754162127429,0.781852169394),
  .PIECEWISE_BEZIER_KNOTS.);
#9004 = CARTESIAN_POINT('',(0.903278688525,0.26393442623,2.8));
#9005 = CARTESIAN_POINT('',(0.903278688525,0.298032786885,2.8));
#9006 = CARTESIAN_POINT('',(0.903278688525,0.332131147541,2.8));
#9007 = CARTESIAN_POINT('',(0.903278688525,0.366229508197,2.8));
#9008 = ORIENTED_EDGE('',*,*,#9009,.F.);
#9009 = EDGE_CURVE('',#9010,#9001,#9012,.T.);
#9010 = VERTEX_POINT('',#9011);
#9011 = CARTESIAN_POINT('',(0.905901639344,0.263278688525,2.8));
#9012 = B_SPLINE_CURVE_WITH_KNOTS('',3,(#9013,#9014,#9015,#9016),
  .UNSPECIFIED.,.F.,.F.,(4,4),(0.753430275072,0.754162127429),
  .PIECEWISE_BEZIER_KNOTS.);
#9013 = CARTESIAN_POINT('',(0.905901639344,0.263278688525,2.8));
#9014 = CARTESIAN_POINT('',(0.905027322404,0.26349726776,2.8));
#9015 = CARTESIAN_POINT('',(0.904153005464,0.263715846995,2.8));
#9016 = CARTESIAN_POINT('',(0.903278688525,0.26393442623,2.8));
#9017 = ORIENTED_EDGE('',*,*,#9018,.F.);
#9018 = EDGE_CURVE('',#9019,#9010,#9021,.T.);
#9019 = VERTEX_POINT('',#9020);
#9020 = CARTESIAN_POINT('',(1.280983606557,-0.365573770492,2.8));
#9021 = B_SPLINE_CURVE_WITH_KNOTS('',3,(#9022,#9023,#9024,#9025,#9026,
    #9027,#9028,#9029,#9030),.UNSPECIFIED.,.F.,.F.,(4,3,2,4),(
    0.456811112161,0.606266338663,0.694048335819,0.753430275072),
  .UNSPECIFIED.);
#9022 = CARTESIAN_POINT('',(1.280983606557,-0.365573770492,2.8));
#9023 = CARTESIAN_POINT('',(1.280983606557,-0.181530054645,2.8));
#9024 = CARTESIAN_POINT('',(1.280983606557,2.513661202186E-03,2.8));
#9025 = CARTESIAN_POINT('',(1.280983606557,0.186557377049,2.8));
#9026 = CARTESIAN_POINT('',(1.280983606557,0.324262295082,2.8));
#9027 = CARTESIAN_POINT('',(1.204918032787,0.381967213115,2.8));
#9028 = CARTESIAN_POINT('',(1.018032786885,0.381967213115,2.8));
#9029 = CARTESIAN_POINT('',(0.949180327869,0.345901639344,2.8));
#9030 = CARTESIAN_POINT('',(0.905901639344,0.263278688525,2.8));
#9031 = ORIENTED_EDGE('',*,*,#9032,.F.);
#9032 = EDGE_CURVE('',#6481,#9019,#9033,.T.);
#9033 = B_SPLINE_CURVE_WITH_KNOTS('',3,(#9034,#9035,#9036,#9037),
  .UNSPECIFIED.,.F.,.F.,(4,4),(0.434446078267,0.456811112161),
  .PIECEWISE_BEZIER_KNOTS.);
#9034 = CARTESIAN_POINT('',(1.198360655738,-0.365573770492,2.8));
#9035 = CARTESIAN_POINT('',(1.225901639344,-0.365573770492,2.8));
#9036 = CARTESIAN_POINT('',(1.253442622951,-0.365573770492,2.8));
#9037 = CARTESIAN_POINT('',(1.280983606557,-0.365573770492,2.8));
#9038 = ORIENTED_EDGE('',*,*,#6488,.F.);
#9039 = ORIENTED_EDGE('',*,*,#6522,.F.);
#9040 = FACE_BOUND('',#9041,.T.);
#9041 = EDGE_LOOP('',(#9042,#9043,#9044,#9045));
#9042 = ORIENTED_EDGE('',*,*,#6700,.F.);
#9043 = ORIENTED_EDGE('',*,*,#6624,.F.);
#9044 = ORIENTED_EDGE('',*,*,#6654,.F.);
#9045 = ORIENTED_EDGE('',*,*,#6677,.F.);
#9046 = FACE_BOUND('',#9047,.T.);
#9047 = EDGE_LOOP('',(#9048,#9049,#9050,#9051));
#9048 = ORIENTED_EDGE('',*,*,#6828,.F.);
#9049 = ORIENTED_EDGE('',*,*,#6752,.F.);
#9050 = ORIENTED_EDGE('',*,*,#6782,.F.);
#9051 = ORIENTED_EDGE('',*,*,#6805,.F.);
#9052 = FACE_BOUND('',#9053,.T.);
#9053 = EDGE_LOOP('',(#9054,#9055,#9056,#9057,#9058,#9059,#9060,#9061,
    #9062,#9063,#9064,#9065,#9066));
#9054 = ORIENTED_EDGE('',*,*,#7226,.F.);
#9055 = ORIENTED_EDGE('',*,*,#6943,.F.);
#9056 = ORIENTED_EDGE('',*,*,#6973,.F.);
#9057 = ORIENTED_EDGE('',*,*,#6996,.F.);
#9058 = ORIENTED_EDGE('',*,*,#7019,.F.);
#9059 = ORIENTED_EDGE('',*,*,#7042,.F.);
#9060 = ORIENTED_EDGE('',*,*,#7065,.F.);
#9061 = ORIENTED_EDGE('',*,*,#7088,.F.);
#9062 = ORIENTED_EDGE('',*,*,#7111,.F.);
#9063 = ORIENTED_EDGE('',*,*,#7134,.F.);
#9064 = ORIENTED_EDGE('',*,*,#7157,.F.);
#9065 = ORIENTED_EDGE('',*,*,#7180,.F.);
#9066 = ORIENTED_EDGE('',*,*,#7203,.F.);
#9067 = FACE_BOUND('',#9068,.T.);
#9068 = EDGE_LOOP('',(#9069,#9078,#9079,#9080,#9081,#9082,#9091,#9105));
#9069 = ORIENTED_EDGE('',*,*,#9070,.F.);
#9070 = EDGE_CURVE('',#7332,#9071,#9073,.T.);
#9071 = VERTEX_POINT('',#9072);
#9072 = CARTESIAN_POINT('',(-0.366229508197,-0.365573770492,2.8));
#9073 = B_SPLINE_CURVE_WITH_KNOTS('',3,(#9074,#9075,#9076,#9077),
  .UNSPECIFIED.,.F.,.F.,(4,4),(0.663177831208,1.),
  .PIECEWISE_BEZIER_KNOTS.);
#9074 = CARTESIAN_POINT('',(-0.366229508197,0.366229508197,2.8));
#9075 = CARTESIAN_POINT('',(-0.366229508197,0.122295081967,2.8));
#9076 = CARTESIAN_POINT('',(-0.366229508197,-0.121639344262,2.8));
#9077 = CARTESIAN_POINT('',(-0.366229508197,-0.365573770492,2.8));
#9078 = ORIENTED_EDGE('',*,*,#7329,.F.);
#9079 = ORIENTED_EDGE('',*,*,#7361,.F.);
#9080 = ORIENTED_EDGE('',*,*,#7386,.F.);
#9081 = ORIENTED_EDGE('',*,*,#7421,.F.);
#9082 = ORIENTED_EDGE('',*,*,#9083,.F.);
#9083 = EDGE_CURVE('',#9084,#7412,#9086,.T.);
#9084 = VERTEX_POINT('',#9085);
#9085 = CARTESIAN_POINT('',(-6.72131147541E-02,0.294754098361,2.8));
#9086 = B_SPLINE_CURVE_WITH_KNOTS('',3,(#9087,#9088,#9089,#9090),
  .UNSPECIFIED.,.F.,.F.,(4,4),(0.407809995646,0.445838305026),
  .PIECEWISE_BEZIER_KNOTS.);
#9087 = CARTESIAN_POINT('',(-6.72131147541E-02,0.294754098361,2.8));
#9088 = CARTESIAN_POINT('',(-6.72131147541E-02,0.322295081967,2.8));
#9089 = CARTESIAN_POINT('',(-6.72131147541E-02,0.349836065574,2.8));
#9090 = CARTESIAN_POINT('',(-6.72131147541E-02,0.37737704918,2.8));
#9091 = ORIENTED_EDGE('',*,*,#9092,.F.);
#9092 = EDGE_CURVE('',#9093,#9084,#9095,.T.);
#9093 = VERTEX_POINT('',#9094);
#9094 = CARTESIAN_POINT('',(-0.283606557377,-0.365573770492,2.8));
#9095 = B_SPLINE_CURVE_WITH_KNOTS('',3,(#9096,#9097,#9098,#9099,#9100,
    #9101,#9102,#9103,#9104),.UNSPECIFIED.,.F.,.F.,(4,3,2,4),(
    3.802830937977E-02,0.248089446906,0.388843180483,0.407809995646),
  .UNSPECIFIED.);
#9096 = CARTESIAN_POINT('',(-0.283606557377,-0.365573770492,2.8));
#9097 = CARTESIAN_POINT('',(-0.283606557377,-0.213442622951,2.8));
#9098 = CARTESIAN_POINT('',(-0.283606557377,-6.131147540984E-02,2.8));
#9099 = CARTESIAN_POINT('',(-0.283606557377,9.081967213115E-02,2.8));
#9100 = CARTESIAN_POINT('',(-0.283606557377,0.232459016393,2.8));
#9101 = CARTESIAN_POINT('',(-0.199672131148,0.29868852459,2.8));
#9102 = CARTESIAN_POINT('',(-9.475409836065E-02,0.29868852459,2.8));
#9103 = CARTESIAN_POINT('',(-8.098360655738E-02,0.29737704918,2.8));
#9104 = CARTESIAN_POINT('',(-6.72131147541E-02,0.294754098361,2.8));
#9105 = ORIENTED_EDGE('',*,*,#9106,.F.);
#9106 = EDGE_CURVE('',#9071,#9093,#9107,.T.);
#9107 = B_SPLINE_CURVE_WITH_KNOTS('',3,(#9108,#9109,#9110,#9111),
  .UNSPECIFIED.,.F.,.F.,(4,4),(0.,3.802830937977E-02),
  .PIECEWISE_BEZIER_KNOTS.);
#9108 = CARTESIAN_POINT('',(-0.366229508197,-0.365573770492,2.8));
#9109 = CARTESIAN_POINT('',(-0.33868852459,-0.365573770492,2.8));
#9110 = CARTESIAN_POINT('',(-0.311147540984,-0.365573770492,2.8));
#9111 = CARTESIAN_POINT('',(-0.283606557377,-0.365573770492,2.8));
#9112 = FACE_BOUND('',#9113,.T.);
#9113 = EDGE_LOOP('',(#9114,#9115,#9135,#9144,#9158,#9165));
#9114 = ORIENTED_EDGE('',*,*,#7530,.F.);
#9115 = ORIENTED_EDGE('',*,*,#9116,.F.);
#9116 = EDGE_CURVE('',#9117,#7531,#9119,.T.);
#9117 = VERTEX_POINT('',#9118);
#9118 = CARTESIAN_POINT('',(-0.469180327869,-0.305245901639,2.8));
#9119 = B_SPLINE_CURVE_WITH_KNOTS('',3,(#9120,#9121,#9122,#9123,#9124,
    #9125,#9126,#9127,#9128,#9129,#9130,#9131,#9132,#9133,#9134),
  .UNSPECIFIED.,.F.,.F.,(4,3,3,3,2,4),(0.588726595345,0.596073886305,
    0.62206655014,0.756970975822,0.86376237675,0.97428448164),
  .UNSPECIFIED.);
#9120 = CARTESIAN_POINT('',(-0.469180327869,-0.305245901639,2.8));
#9121 = CARTESIAN_POINT('',(-0.477049180328,-0.305245901639,2.8));
#9122 = CARTESIAN_POINT('',(-0.484918032787,-0.305245901639,2.8));
#9123 = CARTESIAN_POINT('',(-0.492786885246,-0.305245901639,2.8));
#9124 = CARTESIAN_POINT('',(-0.521639344262,-0.305245901639,2.8));
#9125 = CARTESIAN_POINT('',(-0.535409836066,-0.284918032787,2.8));
#9126 = CARTESIAN_POINT('',(-0.535409836066,-0.245573770492,2.8));
#9127 = CARTESIAN_POINT('',(-0.535409836066,-0.101092896175,2.8));
#9128 = CARTESIAN_POINT('',(-0.535409836066,4.338797814208E-02,2.8));
#9129 = CARTESIAN_POINT('',(-0.535409836066,0.187868852459,2.8));
#9130 = CARTESIAN_POINT('',(-0.535409836066,0.303278688525,2.8));
#9131 = CARTESIAN_POINT('',(-0.592459016393,0.381967213115,2.8));
#9132 = CARTESIAN_POINT('',(-0.898032786885,0.381967213115,2.8));
#9133 = CARTESIAN_POINT('',(-0.968196721311,0.298032786885,2.8));
#9134 = CARTESIAN_POINT('',(-0.968196721311,0.147868852459,2.8));
#9135 = ORIENTED_EDGE('',*,*,#9136,.F.);
#9136 = EDGE_CURVE('',#9137,#9117,#9139,.T.);
#9137 = VERTEX_POINT('',#9138);
#9138 = CARTESIAN_POINT('',(-0.469180327869,-0.366229508197,2.8));
#9139 = B_SPLINE_CURVE_WITH_KNOTS('',3,(#9140,#9141,#9142,#9143),
  .UNSPECIFIED.,.F.,.F.,(4,4),(0.569746093699,0.588726595345),
  .PIECEWISE_BEZIER_KNOTS.);
#9140 = CARTESIAN_POINT('',(-0.469180327869,-0.366229508197,2.8));
#9141 = CARTESIAN_POINT('',(-0.469180327869,-0.345901639344,2.8));
#9142 = CARTESIAN_POINT('',(-0.469180327869,-0.325573770492,2.8));
#9143 = CARTESIAN_POINT('',(-0.469180327869,-0.305245901639,2.8));
#9144 = ORIENTED_EDGE('',*,*,#9145,.F.);
#9145 = EDGE_CURVE('',#9146,#9137,#9148,.T.);
#9146 = VERTEX_POINT('',#9147);
#9147 = CARTESIAN_POINT('',(-0.614754098361,-0.259344262295,2.8));
#9148 = B_SPLINE_CURVE_WITH_KNOTS('',3,(#9149,#9150,#9151,#9152,#9153,
    #9154,#9155,#9156,#9157),.UNSPECIFIED.,.F.,.F.,(4,3,2,4),(
    0.498918257571,0.506469639946,0.561906533057,0.569746093699),
  .UNSPECIFIED.);
#9149 = CARTESIAN_POINT('',(-0.614754098361,-0.259344262295,2.8));
#9150 = CARTESIAN_POINT('',(-0.614754098361,-0.267431693989,2.8));
#9151 = CARTESIAN_POINT('',(-0.614754098361,-0.275519125683,2.8));
#9152 = CARTESIAN_POINT('',(-0.614754098361,-0.283606557377,2.8));
#9153 = CARTESIAN_POINT('',(-0.614754098361,-0.359016393443,2.8));
#9154 = CARTESIAN_POINT('',(-0.572786885246,-0.374754098361,2.8));
#9155 = CARTESIAN_POINT('',(-0.49868852459,-0.374754098361,2.8));
#9156 = CARTESIAN_POINT('',(-0.484918032787,-0.371475409836,2.8));
#9157 = CARTESIAN_POINT('',(-0.469180327869,-0.366229508197,2.8));
#9158 = ORIENTED_EDGE('',*,*,#9159,.F.);
#9159 = EDGE_CURVE('',#7477,#9146,#9160,.T.);
#9160 = B_SPLINE_CURVE_WITH_KNOTS('',3,(#9161,#9162,#9163,#9164),
  .UNSPECIFIED.,.F.,.F.,(4,4),(0.498101891908,0.498918257571),
  .PIECEWISE_BEZIER_KNOTS.);
#9161 = CARTESIAN_POINT('',(-0.61737704918,-0.259344262295,2.8));
#9162 = CARTESIAN_POINT('',(-0.61650273224,-0.259344262295,2.8));
#9163 = CARTESIAN_POINT('',(-0.615628415301,-0.259344262295,2.8));
#9164 = CARTESIAN_POINT('',(-0.614754098361,-0.259344262295,2.8));
#9165 = ORIENTED_EDGE('',*,*,#7484,.F.);
#9166 = FACE_BOUND('',#9167,.T.);
#9167 = EDGE_LOOP('',(#9168,#9169,#9170,#9171,#9172,#9173,#9174,#9175));
#9168 = ORIENTED_EDGE('',*,*,#8830,.T.);
#9169 = ORIENTED_EDGE('',*,*,#8781,.T.);
#9170 = ORIENTED_EDGE('',*,*,#8803,.T.);
#9171 = ORIENTED_EDGE('',*,*,#8853,.T.);
#9172 = ORIENTED_EDGE('',*,*,#8901,.T.);
#9173 = ORIENTED_EDGE('',*,*,#8946,.T.);
#9174 = ORIENTED_EDGE('',*,*,#8928,.T.);
#9175 = ORIENTED_EDGE('',*,*,#8879,.T.);
#9176 = FACE_BOUND('',#9177,.T.);
#9177 = EDGE_LOOP('',(#9178,#9179,#9180,#9181,#9182,#9183,#9184,#9185,
    #9186,#9187,#9188,#9189,#9190,#9191,#9192,#9193));
#9178 = ORIENTED_EDGE('',*,*,#8035,.F.);
#9179 = ORIENTED_EDGE('',*,*,#7683,.F.);
#9180 = ORIENTED_EDGE('',*,*,#7713,.F.);
#9181 = ORIENTED_EDGE('',*,*,#7736,.F.);
#9182 = ORIENTED_EDGE('',*,*,#7759,.F.);
#9183 = ORIENTED_EDGE('',*,*,#7782,.F.);
#9184 = ORIENTED_EDGE('',*,*,#7805,.F.);
#9185 = ORIENTED_EDGE('',*,*,#7828,.F.);
#9186 = ORIENTED_EDGE('',*,*,#7851,.F.);
#9187 = ORIENTED_EDGE('',*,*,#7874,.F.);
#9188 = ORIENTED_EDGE('',*,*,#7897,.F.);
#9189 = ORIENTED_EDGE('',*,*,#7920,.F.);
#9190 = ORIENTED_EDGE('',*,*,#7943,.F.);
#9191 = ORIENTED_EDGE('',*,*,#7966,.F.);
#9192 = ORIENTED_EDGE('',*,*,#7989,.F.);
#9193 = ORIENTED_EDGE('',*,*,#8012,.F.);
#9194 = PLANE('',#9195);
#9195 = AXIS2_PLACEMENT_3D('',#9196,#9197,#9198);
#9196 = CARTESIAN_POINT('',(2.6,2.6,2.8));
#9197 = DIRECTION('',(0.,0.,1.));
#9198 = DIRECTION('',(1.,0.,-0.));
#9199 = ADVANCED_FACE('',(#9200),#9203,.T.);
#9200 = FACE_BOUND('',#9201,.T.);
#9201 = EDGE_LOOP('',(#9202));
#9202 = ORIENTED_EDGE('',*,*,#6182,.F.);
#9203 = PLANE('',#9204);
#9204 = AXIS2_PLACEMENT_3D('',#9205,#9206,#9207);
#9205 = CARTESIAN_POINT('',(2.6,2.6,2.8));
#9206 = DIRECTION('',(0.,0.,1.));
#9207 = DIRECTION('',(1.,0.,-0.));
#9208 = ADVANCED_FACE('',(#9209,#9212),#9242,.F.);
#9209 = FACE_BOUND('',#9210,.T.);
#9210 = EDGE_LOOP('',(#9211));
#9211 = ORIENTED_EDGE('',*,*,#6160,.T.);
#9212 = FACE_BOUND('',#9213,.T.);
#9213 = EDGE_LOOP('',(#9214,#9223,#9230,#9231,#9232,#9233,#9240,#9241));
#9214 = ORIENTED_EDGE('',*,*,#9215,.T.);
#9215 = EDGE_CURVE('',#6225,#9216,#9218,.T.);
#9216 = VERTEX_POINT('',#9217);
#9217 = CARTESIAN_POINT('',(1.81606557377,0.252131147541,2.79));
#9218 = B_SPLINE_CURVE_WITH_KNOTS('',3,(#9219,#9220,#9221,#9222),
  .UNSPECIFIED.,.F.,.F.,(4,4),(0.969765151352,1.),
  .PIECEWISE_BEZIER_KNOTS.);
#9219 = CARTESIAN_POINT('',(1.81606557377,0.366229508197,2.79));
#9220 = CARTESIAN_POINT('',(1.81606557377,0.328196721311,2.79));
#9221 = CARTESIAN_POINT('',(1.81606557377,0.290163934426,2.79));
#9222 = CARTESIAN_POINT('',(1.81606557377,0.252131147541,2.79));
#9223 = ORIENTED_EDGE('',*,*,#9224,.T.);
#9224 = EDGE_CURVE('',#9216,#6400,#9225,.T.);
#9225 = B_SPLINE_CURVE_WITH_KNOTS('',3,(#9226,#9227,#9228,#9229),
  .UNSPECIFIED.,.F.,.F.,(4,4),(0.,6.950539919118E-04),
  .PIECEWISE_BEZIER_KNOTS.);
#9226 = CARTESIAN_POINT('',(1.81606557377,0.252131147541,2.79));
#9227 = CARTESIAN_POINT('',(1.815191256831,0.252131147541,2.79));
#9228 = CARTESIAN_POINT('',(1.814316939891,0.252131147541,2.79));
#9229 = CARTESIAN_POINT('',(1.813442622951,0.252131147541,2.79));
#9230 = ORIENTED_EDGE('',*,*,#6409,.T.);
#9231 = ORIENTED_EDGE('',*,*,#6376,.T.);
#9232 = ORIENTED_EDGE('',*,*,#6316,.T.);
#9233 = ORIENTED_EDGE('',*,*,#9234,.T.);
#9234 = EDGE_CURVE('',#6317,#6256,#9235,.T.);
#9235 = B_SPLINE_CURVE_WITH_KNOTS('',3,(#9236,#9237,#9238,#9239),
  .UNSPECIFIED.,.F.,.F.,(4,4),(0.545626196095,0.56752039684),
  .PIECEWISE_BEZIER_KNOTS.);
#9236 = CARTESIAN_POINT('',(1.517049180328,-0.439672131148,2.79));
#9237 = CARTESIAN_POINT('',(1.489508196721,-0.439672131148,2.79));
#9238 = CARTESIAN_POINT('',(1.461967213115,-0.439672131148,2.79));
#9239 = CARTESIAN_POINT('',(1.434426229508,-0.439672131148,2.79));
#9240 = ORIENTED_EDGE('',*,*,#6265,.T.);
#9241 = ORIENTED_EDGE('',*,*,#6232,.T.);
#9242 = PLANE('',#9243);
#9243 = AXIS2_PLACEMENT_3D('',#9244,#9245,#9246);
#9244 = CARTESIAN_POINT('',(1.42043081943,-0.141264148386,2.79));
#9245 = DIRECTION('',(0.,0.,-1.));
#9246 = DIRECTION('',(-1.,0.,0.));
#9247 = ADVANCED_FACE('',(#9248),#9254,.F.);
#9248 = FACE_BOUND('',#9249,.T.);
#9249 = EDGE_LOOP('',(#9250,#9251,#9252,#9253));
#9250 = ORIENTED_EDGE('',*,*,#8971,.T.);
#9251 = ORIENTED_EDGE('',*,*,#6255,.F.);
#9252 = ORIENTED_EDGE('',*,*,#9234,.F.);
#9253 = ORIENTED_EDGE('',*,*,#6330,.T.);
#9254 = PLANE('',#9255);
#9255 = AXIS2_PLACEMENT_3D('',#9256,#9257,#9258);
#9256 = CARTESIAN_POINT('',(1.517049180328,-0.439672131148,2.79));
#9257 = DIRECTION('',(0.,1.,0.));
#9258 = DIRECTION('',(0.,-0.,1.));
#9259 = ADVANCED_FACE('',(#9260),#9271,.F.);
#9260 = FACE_BOUND('',#9261,.T.);
#9261 = EDGE_LOOP('',(#9262,#9263,#9264,#9265));
#9262 = ORIENTED_EDGE('',*,*,#8981,.T.);
#9263 = ORIENTED_EDGE('',*,*,#6399,.F.);
#9264 = ORIENTED_EDGE('',*,*,#9224,.F.);
#9265 = ORIENTED_EDGE('',*,*,#9266,.T.);
#9266 = EDGE_CURVE('',#9216,#8961,#9267,.T.);
#9267 = LINE('',#9268,#9269);
#9268 = CARTESIAN_POINT('',(1.81606557377,0.252131147541,2.79));
#9269 = VECTOR('',#9270,1.);
#9270 = DIRECTION('',(0.,0.,1.));
#9271 = PLANE('',#9272);
#9272 = AXIS2_PLACEMENT_3D('',#9273,#9274,#9275);
#9273 = CARTESIAN_POINT('',(1.81606557377,0.252131147541,2.79));
#9274 = DIRECTION('',(0.,1.,0.));
#9275 = DIRECTION('',(0.,-0.,1.));
#9276 = ADVANCED_FACE('',(#9277),#9283,.F.);
#9277 = FACE_BOUND('',#9278,.T.);
#9278 = EDGE_LOOP('',(#9279,#9280,#9281,#9282));
#9279 = ORIENTED_EDGE('',*,*,#8960,.T.);
#9280 = ORIENTED_EDGE('',*,*,#9266,.F.);
#9281 = ORIENTED_EDGE('',*,*,#9215,.F.);
#9282 = ORIENTED_EDGE('',*,*,#6224,.T.);
#9283 = PLANE('',#9284);
#9284 = AXIS2_PLACEMENT_3D('',#9285,#9286,#9287);
#9285 = CARTESIAN_POINT('',(1.81606557377,0.366229508197,2.79));
#9286 = DIRECTION('',(-1.,0.,0.));
#9287 = DIRECTION('',(0.,0.,1.));
#9288 = ADVANCED_FACE('',(#9289),#9342,.T.);
#9289 = FACE_BOUND('',#9290,.T.);
#9290 = EDGE_LOOP('',(#9291,#9292,#9293,#9294,#9303,#9317,#9326,#9335));
#9291 = ORIENTED_EDGE('',*,*,#6565,.T.);
#9292 = ORIENTED_EDGE('',*,*,#6532,.T.);
#9293 = ORIENTED_EDGE('',*,*,#6463,.T.);
#9294 = ORIENTED_EDGE('',*,*,#9295,.T.);
#9295 = EDGE_CURVE('',#6464,#9296,#9298,.T.);
#9296 = VERTEX_POINT('',#9297);
#9297 = CARTESIAN_POINT('',(1.280983606557,-0.365573770492,2.79));
#9298 = B_SPLINE_CURVE_WITH_KNOTS('',3,(#9299,#9300,#9301,#9302),
  .UNSPECIFIED.,.F.,.F.,(4,4),(0.434446078267,0.456811112161),
  .PIECEWISE_BEZIER_KNOTS.);
#9299 = CARTESIAN_POINT('',(1.198360655738,-0.365573770492,2.79));
#9300 = CARTESIAN_POINT('',(1.225901639344,-0.365573770492,2.79));
#9301 = CARTESIAN_POINT('',(1.253442622951,-0.365573770492,2.79));
#9302 = CARTESIAN_POINT('',(1.280983606557,-0.365573770492,2.79));
#9303 = ORIENTED_EDGE('',*,*,#9304,.T.);
#9304 = EDGE_CURVE('',#9296,#9305,#9307,.T.);
#9305 = VERTEX_POINT('',#9306);
#9306 = CARTESIAN_POINT('',(0.905901639344,0.263278688525,2.79));
#9307 = B_SPLINE_CURVE_WITH_KNOTS('',3,(#9308,#9309,#9310,#9311,#9312,
    #9313,#9314,#9315,#9316),.UNSPECIFIED.,.F.,.F.,(4,3,2,4),(
    0.456811112161,0.606266338663,0.694048335819,0.753430275072),
  .UNSPECIFIED.);
#9308 = CARTESIAN_POINT('',(1.280983606557,-0.365573770492,2.79));
#9309 = CARTESIAN_POINT('',(1.280983606557,-0.181530054645,2.79));
#9310 = CARTESIAN_POINT('',(1.280983606557,2.513661202186E-03,2.79));
#9311 = CARTESIAN_POINT('',(1.280983606557,0.186557377049,2.79));
#9312 = CARTESIAN_POINT('',(1.280983606557,0.324262295082,2.79));
#9313 = CARTESIAN_POINT('',(1.204918032787,0.381967213115,2.79));
#9314 = CARTESIAN_POINT('',(1.018032786885,0.381967213115,2.79));
#9315 = CARTESIAN_POINT('',(0.949180327869,0.345901639344,2.79));
#9316 = CARTESIAN_POINT('',(0.905901639344,0.263278688525,2.79));
#9317 = ORIENTED_EDGE('',*,*,#9318,.T.);
#9318 = EDGE_CURVE('',#9305,#9319,#9321,.T.);
#9319 = VERTEX_POINT('',#9320);
#9320 = CARTESIAN_POINT('',(0.903278688525,0.26393442623,2.79));
#9321 = B_SPLINE_CURVE_WITH_KNOTS('',3,(#9322,#9323,#9324,#9325),
  .UNSPECIFIED.,.F.,.F.,(4,4),(0.753430275072,0.754162127429),
  .PIECEWISE_BEZIER_KNOTS.);
#9322 = CARTESIAN_POINT('',(0.905901639344,0.263278688525,2.79));
#9323 = CARTESIAN_POINT('',(0.905027322404,0.26349726776,2.79));
#9324 = CARTESIAN_POINT('',(0.904153005464,0.263715846995,2.79));
#9325 = CARTESIAN_POINT('',(0.903278688525,0.26393442623,2.79));
#9326 = ORIENTED_EDGE('',*,*,#9327,.T.);
#9327 = EDGE_CURVE('',#9319,#9328,#9330,.T.);
#9328 = VERTEX_POINT('',#9329);
#9329 = CARTESIAN_POINT('',(0.903278688525,0.366229508197,2.79));
#9330 = B_SPLINE_CURVE_WITH_KNOTS('',3,(#9331,#9332,#9333,#9334),
  .UNSPECIFIED.,.F.,.F.,(4,4),(0.754162127429,0.781852169394),
  .PIECEWISE_BEZIER_KNOTS.);
#9331 = CARTESIAN_POINT('',(0.903278688525,0.26393442623,2.79));
#9332 = CARTESIAN_POINT('',(0.903278688525,0.298032786885,2.79));
#9333 = CARTESIAN_POINT('',(0.903278688525,0.332131147541,2.79));
#9334 = CARTESIAN_POINT('',(0.903278688525,0.366229508197,2.79));
#9335 = ORIENTED_EDGE('',*,*,#9336,.T.);
#9336 = EDGE_CURVE('',#9328,#6566,#9337,.T.);
#9337 = B_SPLINE_CURVE_WITH_KNOTS('',3,(#9338,#9339,#9340,#9341),
  .UNSPECIFIED.,.F.,.F.,(4,4),(0.781852169394,0.801909699791),
  .PIECEWISE_BEZIER_KNOTS.);
#9338 = CARTESIAN_POINT('',(0.903278688525,0.366229508197,2.79));
#9339 = CARTESIAN_POINT('',(0.878579234973,0.366229508197,2.79));
#9340 = CARTESIAN_POINT('',(0.853879781421,0.366229508197,2.79));
#9341 = CARTESIAN_POINT('',(0.829180327869,0.366229508197,2.79));
#9342 = PLANE('',#9343);
#9343 = AXIS2_PLACEMENT_3D('',#9344,#9345,#9346);
#9344 = CARTESIAN_POINT('',(1.072718234051,0.313114350595,2.79));
#9345 = DIRECTION('',(0.,0.,1.));
#9346 = DIRECTION('',(1.,0.,-0.));
#9347 = ADVANCED_FACE('',(#9348),#9359,.F.);
#9348 = FACE_BOUND('',#9349,.T.);
#9349 = EDGE_LOOP('',(#9350,#9351,#9352,#9353));
#9350 = ORIENTED_EDGE('',*,*,#8991,.T.);
#9351 = ORIENTED_EDGE('',*,*,#6574,.F.);
#9352 = ORIENTED_EDGE('',*,*,#9336,.F.);
#9353 = ORIENTED_EDGE('',*,*,#9354,.T.);
#9354 = EDGE_CURVE('',#9328,#8992,#9355,.T.);
#9355 = LINE('',#9356,#9357);
#9356 = CARTESIAN_POINT('',(0.903278688525,0.366229508197,2.79));
#9357 = VECTOR('',#9358,1.);
#9358 = DIRECTION('',(0.,0.,1.));
#9359 = PLANE('',#9360);
#9360 = AXIS2_PLACEMENT_3D('',#9361,#9362,#9363);
#9361 = CARTESIAN_POINT('',(0.903278688525,0.366229508197,2.79));
#9362 = DIRECTION('',(0.,1.,0.));
#9363 = DIRECTION('',(0.,-0.,1.));
#9364 = ADVANCED_FACE('',(#9365),#9376,.F.);
#9365 = FACE_BOUND('',#9366,.T.);
#9366 = EDGE_LOOP('',(#9367,#9368,#9369,#9370));
#9367 = ORIENTED_EDGE('',*,*,#9000,.T.);
#9368 = ORIENTED_EDGE('',*,*,#9354,.F.);
#9369 = ORIENTED_EDGE('',*,*,#9327,.F.);
#9370 = ORIENTED_EDGE('',*,*,#9371,.T.);
#9371 = EDGE_CURVE('',#9319,#9001,#9372,.T.);
#9372 = LINE('',#9373,#9374);
#9373 = CARTESIAN_POINT('',(0.903278688525,0.26393442623,2.79));
#9374 = VECTOR('',#9375,1.);
#9375 = DIRECTION('',(0.,0.,1.));
#9376 = PLANE('',#9377);
#9377 = AXIS2_PLACEMENT_3D('',#9378,#9379,#9380);
#9378 = CARTESIAN_POINT('',(0.903278688525,0.26393442623,2.79));
#9379 = DIRECTION('',(1.,0.,0.));
#9380 = DIRECTION('',(0.,0.,-1.));
#9381 = ADVANCED_FACE('',(#9382),#9393,.F.);
#9382 = FACE_BOUND('',#9383,.T.);
#9383 = EDGE_LOOP('',(#9384,#9385,#9386,#9387));
#9384 = ORIENTED_EDGE('',*,*,#9009,.T.);
#9385 = ORIENTED_EDGE('',*,*,#9371,.F.);
#9386 = ORIENTED_EDGE('',*,*,#9318,.F.);
#9387 = ORIENTED_EDGE('',*,*,#9388,.T.);
#9388 = EDGE_CURVE('',#9305,#9010,#9389,.T.);
#9389 = LINE('',#9390,#9391);
#9390 = CARTESIAN_POINT('',(0.905901639344,0.263278688525,2.79));
#9391 = VECTOR('',#9392,1.);
#9392 = DIRECTION('',(0.,0.,1.));
#9393 = PLANE('',#9394);
#9394 = AXIS2_PLACEMENT_3D('',#9395,#9396,#9397);
#9395 = CARTESIAN_POINT('',(0.905901639344,0.263278688525,2.79));
#9396 = DIRECTION('',(0.242535625036,0.970142500145,0.));
#9397 = DIRECTION('',(-0.970142500145,0.242535625036,0.));
#9398 = ADVANCED_FACE('',(#9399),#9410,.F.);
#9399 = FACE_BOUND('',#9400,.F.);
#9400 = EDGE_LOOP('',(#9401,#9407,#9408,#9409));
#9401 = ORIENTED_EDGE('',*,*,#9402,.F.);
#9402 = EDGE_CURVE('',#9296,#9019,#9403,.T.);
#9403 = LINE('',#9404,#9405);
#9404 = CARTESIAN_POINT('',(1.280983606557,-0.365573770492,2.79));
#9405 = VECTOR('',#9406,1.);
#9406 = DIRECTION('',(0.,0.,1.));
#9407 = ORIENTED_EDGE('',*,*,#9304,.T.);
#9408 = ORIENTED_EDGE('',*,*,#9388,.T.);
#9409 = ORIENTED_EDGE('',*,*,#9018,.F.);
#9410 = SURFACE_OF_LINEAR_EXTRUSION('',#9411,#9421);
#9411 = B_SPLINE_CURVE_WITH_KNOTS('',3,(#9412,#9413,#9414,#9415,#9416,
    #9417,#9418,#9419,#9420),.UNSPECIFIED.,.F.,.F.,(4,3,2,4),(
    0.456811112161,0.606266338663,0.694048335819,0.753430275072),
  .UNSPECIFIED.);
#9412 = CARTESIAN_POINT('',(1.280983606557,-0.365573770492,2.79));
#9413 = CARTESIAN_POINT('',(1.280983606557,-0.181530054645,2.79));
#9414 = CARTESIAN_POINT('',(1.280983606557,2.513661202186E-03,2.79));
#9415 = CARTESIAN_POINT('',(1.280983606557,0.186557377049,2.79));
#9416 = CARTESIAN_POINT('',(1.280983606557,0.324262295082,2.79));
#9417 = CARTESIAN_POINT('',(1.204918032787,0.381967213115,2.79));
#9418 = CARTESIAN_POINT('',(1.018032786885,0.381967213115,2.79));
#9419 = CARTESIAN_POINT('',(0.949180327869,0.345901639344,2.79));
#9420 = CARTESIAN_POINT('',(0.905901639344,0.263278688525,2.79));
#9421 = VECTOR('',#9422,1.);
#9422 = DIRECTION('',(0.,0.,1.));
#9423 = ADVANCED_FACE('',(#9424),#9430,.F.);
#9424 = FACE_BOUND('',#9425,.T.);
#9425 = EDGE_LOOP('',(#9426,#9427,#9428,#9429));
#9426 = ORIENTED_EDGE('',*,*,#9032,.T.);
#9427 = ORIENTED_EDGE('',*,*,#9402,.F.);
#9428 = ORIENTED_EDGE('',*,*,#9295,.F.);
#9429 = ORIENTED_EDGE('',*,*,#6480,.T.);
#9430 = PLANE('',#9431);
#9431 = AXIS2_PLACEMENT_3D('',#9432,#9433,#9434);
#9432 = CARTESIAN_POINT('',(1.198360655738,-0.365573770492,2.79));
#9433 = DIRECTION('',(0.,-1.,0.));
#9434 = DIRECTION('',(0.,0.,-1.));
#9435 = ADVANCED_FACE('',(#9436),#9447,.F.);
#9436 = FACE_BOUND('',#9437,.T.);
#9437 = EDGE_LOOP('',(#9438,#9439,#9440,#9441));
#9438 = ORIENTED_EDGE('',*,*,#9083,.T.);
#9439 = ORIENTED_EDGE('',*,*,#7411,.F.);
#9440 = ORIENTED_EDGE('',*,*,#7276,.F.);
#9441 = ORIENTED_EDGE('',*,*,#9442,.T.);
#9442 = EDGE_CURVE('',#7263,#9084,#9443,.T.);
#9443 = LINE('',#9444,#9445);
#9444 = CARTESIAN_POINT('',(-6.72131147541E-02,0.294754098361,2.79));
#9445 = VECTOR('',#9446,1.);
#9446 = DIRECTION('',(0.,0.,1.));
#9447 = PLANE('',#9448);
#9448 = AXIS2_PLACEMENT_3D('',#9449,#9450,#9451);
#9449 = CARTESIAN_POINT('',(-6.72131147541E-02,0.294754098361,2.79));
#9450 = DIRECTION('',(1.,0.,0.));
#9451 = DIRECTION('',(0.,0.,-1.));
#9452 = ADVANCED_FACE('',(#9453),#9464,.F.);
#9453 = FACE_BOUND('',#9454,.F.);
#9454 = EDGE_LOOP('',(#9455,#9461,#9462,#9463));
#9455 = ORIENTED_EDGE('',*,*,#9456,.F.);
#9456 = EDGE_CURVE('',#7254,#9093,#9457,.T.);
#9457 = LINE('',#9458,#9459);
#9458 = CARTESIAN_POINT('',(-0.283606557377,-0.365573770492,2.79));
#9459 = VECTOR('',#9460,1.);
#9460 = DIRECTION('',(0.,0.,1.));
#9461 = ORIENTED_EDGE('',*,*,#7262,.T.);
#9462 = ORIENTED_EDGE('',*,*,#9442,.T.);
#9463 = ORIENTED_EDGE('',*,*,#9092,.F.);
#9464 = SURFACE_OF_LINEAR_EXTRUSION('',#9465,#9475);
#9465 = B_SPLINE_CURVE_WITH_KNOTS('',3,(#9466,#9467,#9468,#9469,#9470,
    #9471,#9472,#9473,#9474),.UNSPECIFIED.,.F.,.F.,(4,3,2,4),(
    3.802830937977E-02,0.248089446906,0.388843180483,0.407809995646),
  .UNSPECIFIED.);
#9466 = CARTESIAN_POINT('',(-0.283606557377,-0.365573770492,2.79));
#9467 = CARTESIAN_POINT('',(-0.283606557377,-0.213442622951,2.79));
#9468 = CARTESIAN_POINT('',(-0.283606557377,-6.131147540984E-02,2.79));
#9469 = CARTESIAN_POINT('',(-0.283606557377,9.081967213115E-02,2.79));
#9470 = CARTESIAN_POINT('',(-0.283606557377,0.232459016393,2.79));
#9471 = CARTESIAN_POINT('',(-0.199672131148,0.29868852459,2.79));
#9472 = CARTESIAN_POINT('',(-9.475409836065E-02,0.29868852459,2.79));
#9473 = CARTESIAN_POINT('',(-8.098360655738E-02,0.29737704918,2.79));
#9474 = CARTESIAN_POINT('',(-6.72131147541E-02,0.294754098361,2.79));
#9475 = VECTOR('',#9476,1.);
#9476 = DIRECTION('',(0.,0.,1.));
#9477 = ADVANCED_FACE('',(#9478),#9489,.F.);
#9478 = FACE_BOUND('',#9479,.T.);
#9479 = EDGE_LOOP('',(#9480,#9481,#9482,#9483));
#9480 = ORIENTED_EDGE('',*,*,#9106,.T.);
#9481 = ORIENTED_EDGE('',*,*,#9456,.F.);
#9482 = ORIENTED_EDGE('',*,*,#7253,.F.);
#9483 = ORIENTED_EDGE('',*,*,#9484,.T.);
#9484 = EDGE_CURVE('',#7245,#9071,#9485,.T.);
#9485 = LINE('',#9486,#9487);
#9486 = CARTESIAN_POINT('',(-0.366229508197,-0.365573770492,2.79));
#9487 = VECTOR('',#9488,1.);
#9488 = DIRECTION('',(0.,0.,1.));
#9489 = PLANE('',#9490);
#9490 = AXIS2_PLACEMENT_3D('',#9491,#9492,#9493);
#9491 = CARTESIAN_POINT('',(-0.366229508197,-0.365573770492,2.79));
#9492 = DIRECTION('',(0.,-1.,0.));
#9493 = DIRECTION('',(0.,0.,-1.));
#9494 = ADVANCED_FACE('',(#9495),#9501,.F.);
#9495 = FACE_BOUND('',#9496,.T.);
#9496 = EDGE_LOOP('',(#9497,#9498,#9499,#9500));
#9497 = ORIENTED_EDGE('',*,*,#9070,.T.);
#9498 = ORIENTED_EDGE('',*,*,#9484,.F.);
#9499 = ORIENTED_EDGE('',*,*,#7242,.F.);
#9500 = ORIENTED_EDGE('',*,*,#7340,.T.);
#9501 = PLANE('',#9502);
#9502 = AXIS2_PLACEMENT_3D('',#9503,#9504,#9505);
#9503 = CARTESIAN_POINT('',(-0.366229508197,0.366229508197,2.79));
#9504 = DIRECTION('',(-1.,0.,0.));
#9505 = DIRECTION('',(0.,0.,1.));
#9506 = ADVANCED_FACE('',(#9507,#9561),#9600,.T.);
#9507 = FACE_BOUND('',#9508,.T.);
#9508 = EDGE_LOOP('',(#9509,#9510,#9511,#9520,#9534,#9543));
#9509 = ORIENTED_EDGE('',*,*,#7540,.T.);
#9510 = ORIENTED_EDGE('',*,*,#7453,.T.);
#9511 = ORIENTED_EDGE('',*,*,#9512,.T.);
#9512 = EDGE_CURVE('',#7454,#9513,#9515,.T.);
#9513 = VERTEX_POINT('',#9514);
#9514 = CARTESIAN_POINT('',(-0.614754098361,-0.259344262295,2.79));
#9515 = B_SPLINE_CURVE_WITH_KNOTS('',3,(#9516,#9517,#9518,#9519),
  .UNSPECIFIED.,.F.,.F.,(4,4),(0.498101891908,0.498918257571),
  .PIECEWISE_BEZIER_KNOTS.);
#9516 = CARTESIAN_POINT('',(-0.61737704918,-0.259344262295,2.79));
#9517 = CARTESIAN_POINT('',(-0.61650273224,-0.259344262295,2.79));
#9518 = CARTESIAN_POINT('',(-0.615628415301,-0.259344262295,2.79));
#9519 = CARTESIAN_POINT('',(-0.614754098361,-0.259344262295,2.79));
#9520 = ORIENTED_EDGE('',*,*,#9521,.T.);
#9521 = EDGE_CURVE('',#9513,#9522,#9524,.T.);
#9522 = VERTEX_POINT('',#9523);
#9523 = CARTESIAN_POINT('',(-0.469180327869,-0.366229508197,2.79));
#9524 = B_SPLINE_CURVE_WITH_KNOTS('',3,(#9525,#9526,#9527,#9528,#9529,
    #9530,#9531,#9532,#9533),.UNSPECIFIED.,.F.,.F.,(4,3,2,4),(
    0.498918257571,0.506469639946,0.561906533057,0.569746093699),
  .UNSPECIFIED.);
#9525 = CARTESIAN_POINT('',(-0.614754098361,-0.259344262295,2.79));
#9526 = CARTESIAN_POINT('',(-0.614754098361,-0.267431693989,2.79));
#9527 = CARTESIAN_POINT('',(-0.614754098361,-0.275519125683,2.79));
#9528 = CARTESIAN_POINT('',(-0.614754098361,-0.283606557377,2.79));
#9529 = CARTESIAN_POINT('',(-0.614754098361,-0.359016393443,2.79));
#9530 = CARTESIAN_POINT('',(-0.572786885246,-0.374754098361,2.79));
#9531 = CARTESIAN_POINT('',(-0.49868852459,-0.374754098361,2.79));
#9532 = CARTESIAN_POINT('',(-0.484918032787,-0.371475409836,2.79));
#9533 = CARTESIAN_POINT('',(-0.469180327869,-0.366229508197,2.79));
#9534 = ORIENTED_EDGE('',*,*,#9535,.T.);
#9535 = EDGE_CURVE('',#9522,#9536,#9538,.T.);
#9536 = VERTEX_POINT('',#9537);
#9537 = CARTESIAN_POINT('',(-0.469180327869,-0.305245901639,2.79));
#9538 = B_SPLINE_CURVE_WITH_KNOTS('',3,(#9539,#9540,#9541,#9542),
  .UNSPECIFIED.,.F.,.F.,(4,4),(0.569746093699,0.588726595345),
  .PIECEWISE_BEZIER_KNOTS.);
#9539 = CARTESIAN_POINT('',(-0.469180327869,-0.366229508197,2.79));
#9540 = CARTESIAN_POINT('',(-0.469180327869,-0.345901639344,2.79));
#9541 = CARTESIAN_POINT('',(-0.469180327869,-0.325573770492,2.79));
#9542 = CARTESIAN_POINT('',(-0.469180327869,-0.305245901639,2.79));
#9543 = ORIENTED_EDGE('',*,*,#9544,.T.);
#9544 = EDGE_CURVE('',#9536,#7541,#9545,.T.);
#9545 = B_SPLINE_CURVE_WITH_KNOTS('',3,(#9546,#9547,#9548,#9549,#9550,
    #9551,#9552,#9553,#9554,#9555,#9556,#9557,#9558,#9559,#9560),
  .UNSPECIFIED.,.F.,.F.,(4,3,3,3,2,4),(0.588726595345,0.596073886305,
    0.62206655014,0.756970975822,0.86376237675,0.97428448164),
  .UNSPECIFIED.);
#9546 = CARTESIAN_POINT('',(-0.469180327869,-0.305245901639,2.79));
#9547 = CARTESIAN_POINT('',(-0.477049180328,-0.305245901639,2.79));
#9548 = CARTESIAN_POINT('',(-0.484918032787,-0.305245901639,2.79));
#9549 = CARTESIAN_POINT('',(-0.492786885246,-0.305245901639,2.79));
#9550 = CARTESIAN_POINT('',(-0.521639344262,-0.305245901639,2.79));
#9551 = CARTESIAN_POINT('',(-0.535409836066,-0.284918032787,2.79));
#9552 = CARTESIAN_POINT('',(-0.535409836066,-0.245573770492,2.79));
#9553 = CARTESIAN_POINT('',(-0.535409836066,-0.101092896175,2.79));
#9554 = CARTESIAN_POINT('',(-0.535409836066,4.338797814208E-02,2.79));
#9555 = CARTESIAN_POINT('',(-0.535409836066,0.187868852459,2.79));
#9556 = CARTESIAN_POINT('',(-0.535409836066,0.303278688525,2.79));
#9557 = CARTESIAN_POINT('',(-0.592459016393,0.381967213115,2.79));
#9558 = CARTESIAN_POINT('',(-0.898032786885,0.381967213115,2.79));
#9559 = CARTESIAN_POINT('',(-0.968196721311,0.298032786885,2.79));
#9560 = CARTESIAN_POINT('',(-0.968196721311,0.147868852459,2.79));
#9561 = FACE_BOUND('',#9562,.T.);
#9562 = EDGE_LOOP('',(#9563,#9574,#9583));
#9563 = ORIENTED_EDGE('',*,*,#9564,.T.);
#9564 = EDGE_CURVE('',#9565,#9567,#9569,.T.);
#9565 = VERTEX_POINT('',#9566);
#9566 = CARTESIAN_POINT('',(-0.62131147541,4.819672131148E-02,2.79));
#9567 = VERTEX_POINT('',#9568);
#9568 = CARTESIAN_POINT('',(-0.61868852459,4.819672131148E-02,2.79));
#9569 = B_SPLINE_CURVE_WITH_KNOTS('',3,(#9570,#9571,#9572,#9573),
  .UNSPECIFIED.,.F.,.F.,(4,4),(0.850331981942,0.852816098425),
  .PIECEWISE_BEZIER_KNOTS.);
#9570 = CARTESIAN_POINT('',(-0.62131147541,4.819672131148E-02,2.79));
#9571 = CARTESIAN_POINT('',(-0.62043715847,4.819672131148E-02,2.79));
#9572 = CARTESIAN_POINT('',(-0.61956284153,4.819672131148E-02,2.79));
#9573 = CARTESIAN_POINT('',(-0.61868852459,4.819672131148E-02,2.79));
#9574 = ORIENTED_EDGE('',*,*,#9575,.T.);
#9575 = EDGE_CURVE('',#9567,#9576,#9578,.T.);
#9576 = VERTEX_POINT('',#9577);
#9577 = CARTESIAN_POINT('',(-0.61868852459,-0.107213114754,2.79));
#9578 = B_SPLINE_CURVE_WITH_KNOTS('',3,(#9579,#9580,#9581,#9582),
  .UNSPECIFIED.,.F.,.F.,(4,4),(0.852816098425,1.),
  .PIECEWISE_BEZIER_KNOTS.);
#9579 = CARTESIAN_POINT('',(-0.61868852459,4.819672131148E-02,2.79));
#9580 = CARTESIAN_POINT('',(-0.61868852459,-3.606557377049E-03,2.79));
#9581 = CARTESIAN_POINT('',(-0.61868852459,-5.540983606557E-02,2.79));
#9582 = CARTESIAN_POINT('',(-0.61868852459,-0.107213114754,2.79));
#9583 = ORIENTED_EDGE('',*,*,#9584,.T.);
#9584 = EDGE_CURVE('',#9576,#9565,#9585,.T.);
#9585 = B_SPLINE_CURVE_WITH_KNOTS('',3,(#9586,#9587,#9588,#9589,#9590,
    #9591,#9592,#9593,#9594,#9595,#9596,#9597,#9598,#9599),
  .UNSPECIFIED.,.F.,.F.,(4,2,2,3,3,4),(0.,0.281158487643,0.481460939623,
    0.684775458551,0.752262299598,0.850331981942),.UNSPECIFIED.);
#9586 = CARTESIAN_POINT('',(-0.61868852459,-0.107213114754,2.79));
#9587 = CARTESIAN_POINT('',(-0.61868852459,-0.239672131148,2.79));
#9588 = CARTESIAN_POINT('',(-0.687540983607,-0.312459016393,2.79));
#9589 = CARTESIAN_POINT('',(-0.859344262295,-0.312459016393,2.79));
#9590 = CARTESIAN_POINT('',(-0.903278688525,-0.258032786885,2.79));
#9591 = CARTESIAN_POINT('',(-0.903278688525,-8.229508196721E-02,2.79));
#9592 = CARTESIAN_POINT('',(-0.860655737705,-4.032786885246E-02,2.79));
#9593 = CARTESIAN_POINT('',(-0.778032786885,-1.868852459016E-02,2.79));
#9594 = CARTESIAN_POINT('',(-0.755055181111,-1.267058022061E-02,2.79));
#9595 = CARTESIAN_POINT('',(-0.732131147541,-6.448087431694E-03,2.79));
#9596 = CARTESIAN_POINT('',(-0.709180327869,-3.27868852459E-04,2.79));
#9597 = CARTESIAN_POINT('',(-0.676121352289,8.487857968846E-03,2.79));
#9598 = CARTESIAN_POINT('',(-0.631147540984,2.196721311475E-02,2.79));
#9599 = CARTESIAN_POINT('',(-0.62131147541,4.819672131148E-02,2.79));
#9600 = PLANE('',#9601);
#9601 = AXIS2_PLACEMENT_3D('',#9602,#9603,#9604);
#9602 = CARTESIAN_POINT('',(-0.878296506822,1.504737396093E-02,2.79));
#9603 = DIRECTION('',(0.,0.,1.));
#9604 = DIRECTION('',(1.,0.,-0.));
#9605 = ADVANCED_FACE('',(#9606),#9622,.F.);
#9606 = FACE_BOUND('',#9607,.F.);
#9607 = EDGE_LOOP('',(#9608,#9614,#9615,#9621));
#9608 = ORIENTED_EDGE('',*,*,#9609,.F.);
#9609 = EDGE_CURVE('',#9576,#8433,#9610,.T.);
#9610 = LINE('',#9611,#9612);
#9611 = CARTESIAN_POINT('',(-0.61868852459,-0.107213114754,2.79));
#9612 = VECTOR('',#9613,1.);
#9613 = DIRECTION('',(0.,0.,1.));
#9614 = ORIENTED_EDGE('',*,*,#9584,.T.);
#9615 = ORIENTED_EDGE('',*,*,#9616,.T.);
#9616 = EDGE_CURVE('',#9565,#8422,#9617,.T.);
#9617 = LINE('',#9618,#9619);
#9618 = CARTESIAN_POINT('',(-0.62131147541,4.819672131148E-02,2.79));
#9619 = VECTOR('',#9620,1.);
#9620 = DIRECTION('',(0.,0.,1.));
#9621 = ORIENTED_EDGE('',*,*,#8432,.F.);
#9622 = SURFACE_OF_LINEAR_EXTRUSION('',#9623,#9638);
#9623 = B_SPLINE_CURVE_WITH_KNOTS('',3,(#9624,#9625,#9626,#9627,#9628,
    #9629,#9630,#9631,#9632,#9633,#9634,#9635,#9636,#9637),
  .UNSPECIFIED.,.F.,.F.,(4,2,2,3,3,4),(0.,0.281158487643,0.481460939623,
    0.684775458551,0.752262299598,0.850331981942),.UNSPECIFIED.);
#9624 = CARTESIAN_POINT('',(-0.61868852459,-0.107213114754,2.79));
#9625 = CARTESIAN_POINT('',(-0.61868852459,-0.239672131148,2.79));
#9626 = CARTESIAN_POINT('',(-0.687540983607,-0.312459016393,2.79));
#9627 = CARTESIAN_POINT('',(-0.859344262295,-0.312459016393,2.79));
#9628 = CARTESIAN_POINT('',(-0.903278688525,-0.258032786885,2.79));
#9629 = CARTESIAN_POINT('',(-0.903278688525,-8.229508196721E-02,2.79));
#9630 = CARTESIAN_POINT('',(-0.860655737705,-4.032786885246E-02,2.79));
#9631 = CARTESIAN_POINT('',(-0.778032786885,-1.868852459016E-02,2.79));
#9632 = CARTESIAN_POINT('',(-0.755055181111,-1.267058022061E-02,2.79));
#9633 = CARTESIAN_POINT('',(-0.732131147541,-6.448087431694E-03,2.79));
#9634 = CARTESIAN_POINT('',(-0.709180327869,-3.27868852459E-04,2.79));
#9635 = CARTESIAN_POINT('',(-0.676121352289,8.487857968846E-03,2.79));
#9636 = CARTESIAN_POINT('',(-0.631147540984,2.196721311475E-02,2.79));
#9637 = CARTESIAN_POINT('',(-0.62131147541,4.819672131148E-02,2.79));
#9638 = VECTOR('',#9639,1.);
#9639 = DIRECTION('',(0.,0.,1.));
#9640 = ADVANCED_FACE('',(#9641),#9652,.F.);
#9641 = FACE_BOUND('',#9642,.F.);
#9642 = EDGE_LOOP('',(#9643,#9649,#9650,#9651));
#9643 = ORIENTED_EDGE('',*,*,#9644,.F.);
#9644 = EDGE_CURVE('',#9536,#9117,#9645,.T.);
#9645 = LINE('',#9646,#9647);
#9646 = CARTESIAN_POINT('',(-0.469180327869,-0.305245901639,2.79));
#9647 = VECTOR('',#9648,1.);
#9648 = DIRECTION('',(0.,0.,1.));
#9649 = ORIENTED_EDGE('',*,*,#9544,.T.);
#9650 = ORIENTED_EDGE('',*,*,#7549,.T.);
#9651 = ORIENTED_EDGE('',*,*,#9116,.F.);
#9652 = SURFACE_OF_LINEAR_EXTRUSION('',#9653,#9669);
#9653 = B_SPLINE_CURVE_WITH_KNOTS('',3,(#9654,#9655,#9656,#9657,#9658,
    #9659,#9660,#9661,#9662,#9663,#9664,#9665,#9666,#9667,#9668),
  .UNSPECIFIED.,.F.,.F.,(4,3,3,3,2,4),(0.588726595345,0.596073886305,
    0.62206655014,0.756970975822,0.86376237675,0.97428448164),
  .UNSPECIFIED.);
#9654 = CARTESIAN_POINT('',(-0.469180327869,-0.305245901639,2.79));
#9655 = CARTESIAN_POINT('',(-0.477049180328,-0.305245901639,2.79));
#9656 = CARTESIAN_POINT('',(-0.484918032787,-0.305245901639,2.79));
#9657 = CARTESIAN_POINT('',(-0.492786885246,-0.305245901639,2.79));
#9658 = CARTESIAN_POINT('',(-0.521639344262,-0.305245901639,2.79));
#9659 = CARTESIAN_POINT('',(-0.535409836066,-0.284918032787,2.79));
#9660 = CARTESIAN_POINT('',(-0.535409836066,-0.245573770492,2.79));
#9661 = CARTESIAN_POINT('',(-0.535409836066,-0.101092896175,2.79));
#9662 = CARTESIAN_POINT('',(-0.535409836066,4.338797814208E-02,2.79));
#9663 = CARTESIAN_POINT('',(-0.535409836066,0.187868852459,2.79));
#9664 = CARTESIAN_POINT('',(-0.535409836066,0.303278688525,2.79));
#9665 = CARTESIAN_POINT('',(-0.592459016393,0.381967213115,2.79));
#9666 = CARTESIAN_POINT('',(-0.898032786885,0.381967213115,2.79));
#9667 = CARTESIAN_POINT('',(-0.968196721311,0.298032786885,2.79));
#9668 = CARTESIAN_POINT('',(-0.968196721311,0.147868852459,2.79));
#9669 = VECTOR('',#9670,1.);
#9670 = DIRECTION('',(0.,0.,1.));
#9671 = ADVANCED_FACE('',(#9672),#9683,.F.);
#9672 = FACE_BOUND('',#9673,.T.);
#9673 = EDGE_LOOP('',(#9674,#9675,#9676,#9677));
#9674 = ORIENTED_EDGE('',*,*,#9136,.T.);
#9675 = ORIENTED_EDGE('',*,*,#9644,.F.);
#9676 = ORIENTED_EDGE('',*,*,#9535,.F.);
#9677 = ORIENTED_EDGE('',*,*,#9678,.T.);
#9678 = EDGE_CURVE('',#9522,#9137,#9679,.T.);
#9679 = LINE('',#9680,#9681);
#9680 = CARTESIAN_POINT('',(-0.469180327869,-0.366229508197,2.79));
#9681 = VECTOR('',#9682,1.);
#9682 = DIRECTION('',(0.,0.,1.));
#9683 = PLANE('',#9684);
#9684 = AXIS2_PLACEMENT_3D('',#9685,#9686,#9687);
#9685 = CARTESIAN_POINT('',(-0.469180327869,-0.366229508197,2.79));
#9686 = DIRECTION('',(1.,0.,0.));
#9687 = DIRECTION('',(0.,0.,-1.));
#9688 = ADVANCED_FACE('',(#9689),#9700,.F.);
#9689 = FACE_BOUND('',#9690,.F.);
#9690 = EDGE_LOOP('',(#9691,#9697,#9698,#9699));
#9691 = ORIENTED_EDGE('',*,*,#9692,.F.);
#9692 = EDGE_CURVE('',#9513,#9146,#9693,.T.);
#9693 = LINE('',#9694,#9695);
#9694 = CARTESIAN_POINT('',(-0.614754098361,-0.259344262295,2.79));
#9695 = VECTOR('',#9696,1.);
#9696 = DIRECTION('',(0.,0.,1.));
#9697 = ORIENTED_EDGE('',*,*,#9521,.T.);
#9698 = ORIENTED_EDGE('',*,*,#9678,.T.);
#9699 = ORIENTED_EDGE('',*,*,#9145,.F.);
#9700 = SURFACE_OF_LINEAR_EXTRUSION('',#9701,#9711);
#9701 = B_SPLINE_CURVE_WITH_KNOTS('',3,(#9702,#9703,#9704,#9705,#9706,
    #9707,#9708,#9709,#9710),.UNSPECIFIED.,.F.,.F.,(4,3,2,4),(
    0.498918257571,0.506469639946,0.561906533057,0.569746093699),
  .UNSPECIFIED.);
#9702 = CARTESIAN_POINT('',(-0.614754098361,-0.259344262295,2.79));
#9703 = CARTESIAN_POINT('',(-0.614754098361,-0.267431693989,2.79));
#9704 = CARTESIAN_POINT('',(-0.614754098361,-0.275519125683,2.79));
#9705 = CARTESIAN_POINT('',(-0.614754098361,-0.283606557377,2.79));
#9706 = CARTESIAN_POINT('',(-0.614754098361,-0.359016393443,2.79));
#9707 = CARTESIAN_POINT('',(-0.572786885246,-0.374754098361,2.79));
#9708 = CARTESIAN_POINT('',(-0.49868852459,-0.374754098361,2.79));
#9709 = CARTESIAN_POINT('',(-0.484918032787,-0.371475409836,2.79));
#9710 = CARTESIAN_POINT('',(-0.469180327869,-0.366229508197,2.79));
#9711 = VECTOR('',#9712,1.);
#9712 = DIRECTION('',(0.,0.,1.));
#9713 = ADVANCED_FACE('',(#9714),#9720,.F.);
#9714 = FACE_BOUND('',#9715,.T.);
#9715 = EDGE_LOOP('',(#9716,#9717,#9718,#9719));
#9716 = ORIENTED_EDGE('',*,*,#9159,.T.);
#9717 = ORIENTED_EDGE('',*,*,#9692,.F.);
#9718 = ORIENTED_EDGE('',*,*,#9512,.F.);
#9719 = ORIENTED_EDGE('',*,*,#7476,.T.);
#9720 = PLANE('',#9721);
#9721 = AXIS2_PLACEMENT_3D('',#9722,#9723,#9724);
#9722 = CARTESIAN_POINT('',(-0.61737704918,-0.259344262295,2.79));
#9723 = DIRECTION('',(0.,-1.,0.));
#9724 = DIRECTION('',(0.,0.,-1.));
#9725 = ADVANCED_FACE('',(#9726),#9737,.F.);
#9726 = FACE_BOUND('',#9727,.T.);
#9727 = EDGE_LOOP('',(#9728,#9729,#9730,#9731));
#9728 = ORIENTED_EDGE('',*,*,#8451,.T.);
#9729 = ORIENTED_EDGE('',*,*,#9609,.F.);
#9730 = ORIENTED_EDGE('',*,*,#9575,.F.);
#9731 = ORIENTED_EDGE('',*,*,#9732,.T.);
#9732 = EDGE_CURVE('',#9567,#8424,#9733,.T.);
#9733 = LINE('',#9734,#9735);
#9734 = CARTESIAN_POINT('',(-0.61868852459,4.819672131148E-02,2.79));
#9735 = VECTOR('',#9736,1.);
#9736 = DIRECTION('',(0.,0.,1.));
#9737 = PLANE('',#9738);
#9738 = AXIS2_PLACEMENT_3D('',#9739,#9740,#9741);
#9739 = CARTESIAN_POINT('',(-0.61868852459,4.819672131148E-02,2.79));
#9740 = DIRECTION('',(-1.,0.,0.));
#9741 = DIRECTION('',(0.,0.,1.));
#9742 = ADVANCED_FACE('',(#9743),#9749,.F.);
#9743 = FACE_BOUND('',#9744,.T.);
#9744 = EDGE_LOOP('',(#9745,#9746,#9747,#9748));
#9745 = ORIENTED_EDGE('',*,*,#8421,.T.);
#9746 = ORIENTED_EDGE('',*,*,#9732,.F.);
#9747 = ORIENTED_EDGE('',*,*,#9564,.F.);
#9748 = ORIENTED_EDGE('',*,*,#9616,.T.);
#9749 = PLANE('',#9750);
#9750 = AXIS2_PLACEMENT_3D('',#9751,#9752,#9753);
#9751 = CARTESIAN_POINT('',(-0.62131147541,4.819672131148E-02,2.79));
#9752 = DIRECTION('',(0.,-1.,0.));
#9753 = DIRECTION('',(0.,0.,-1.));
#9754 = ( GEOMETRIC_REPRESENTATION_CONTEXT(3) 
GLOBAL_UNCERTAINTY_ASSIGNED_CONTEXT((#9758)) 
GLOBAL_UNIT_ASSIGNED_CONTEXT((#9755,#9756,#9757)) REPRESENTATION_CONTEXT
('Context #1','3D Context with UNIT and UNCERTAINTY') );
#9755 = ( LENGTH_UNIT() NAMED_UNIT(*) SI_UNIT(.MILLI.,.METRE.) );
#9756 = ( NAMED_UNIT(*) PLANE_ANGLE_UNIT() SI_UNIT($,.RADIAN.) );
#9757 = ( NAMED_UNIT(*) SI_UNIT($,.STERADIAN.) SOLID_ANGLE_UNIT() );
#9758 = UNCERTAINTY_MEASURE_WITH_UNIT(LENGTH_MEASURE(1.E-07),#9755,
  'distance_accuracy_value','confusion accuracy');
#9759 = CONTEXT_DEPENDENT_SHAPE_REPRESENTATION(#9760,#9762);
#9760 = ( REPRESENTATION_RELATIONSHIP('','',#6153,#6126) 
REPRESENTATION_RELATIONSHIP_WITH_TRANSFORMATION(#9761) 
SHAPE_REPRESENTATION_RELATIONSHIP() );
#9761 = ITEM_DEFINED_TRANSFORMATION('','',#11,#6127);
#9762 = PRODUCT_DEFINITION_SHAPE('Placement','Placement of an item',
  #9763);
#9763 = NEXT_ASSEMBLY_USAGE_OCCURRENCE('19','=>[0:1:1:1]','',#6121,#6148
  ,$);
#9764 = PRODUCT_RELATED_PRODUCT_CATEGORY('part',$,(#6150));
#9765 = SHAPE_DEFINITION_REPRESENTATION(#9766,#9772);
#9766 = PRODUCT_DEFINITION_SHAPE('','',#9767);
#9767 = PRODUCT_DEFINITION('design','',#9768,#9771);
#9768 = PRODUCT_DEFINITION_FORMATION('','',#9769);
#9769 = PRODUCT('pin','pin','',(#9770));
#9770 = PRODUCT_CONTEXT('',#2,'mechanical');
#9771 = PRODUCT_DEFINITION_CONTEXT('part definition',#2,'design');
#9772 = ADVANCED_BREP_SHAPE_REPRESENTATION('',(#11,#9773),#10467);
#9773 = MANIFOLD_SOLID_BREP('',#9774);
#9774 = CLOSED_SHELL('',(#9775,#9815,#9848,#9881,#10032,#10063,#10205,
    #10222,#10239,#10256,#10273,#10290,#10307,#10324,#10341,#10358,
    #10380,#10397,#10414,#10431,#10443,#10455));
#9775 = ADVANCED_FACE('',(#9776),#9810,.T.);
#9776 = FACE_BOUND('',#9777,.T.);
#9777 = EDGE_LOOP('',(#9778,#9788,#9796,#9804));
#9778 = ORIENTED_EDGE('',*,*,#9779,.F.);
#9779 = EDGE_CURVE('',#9780,#9782,#9784,.T.);
#9780 = VERTEX_POINT('',#9781);
#9781 = CARTESIAN_POINT('',(-2.85,-0.75,1.15));
#9782 = VERTEX_POINT('',#9783);
#9783 = CARTESIAN_POINT('',(-2.85,-0.75,0.35));
#9784 = LINE('',#9785,#9786);
#9785 = CARTESIAN_POINT('',(-2.85,-0.75,1.15));
#9786 = VECTOR('',#9787,1.);
#9787 = DIRECTION('',(0.,0.,-1.));
#9788 = ORIENTED_EDGE('',*,*,#9789,.F.);
#9789 = EDGE_CURVE('',#9790,#9780,#9792,.T.);
#9790 = VERTEX_POINT('',#9791);
#9791 = CARTESIAN_POINT('',(-2.85,0.75,1.15));
#9792 = LINE('',#9793,#9794);
#9793 = CARTESIAN_POINT('',(-2.85,0.75,1.15));
#9794 = VECTOR('',#9795,1.);
#9795 = DIRECTION('',(0.,-1.,0.));
#9796 = ORIENTED_EDGE('',*,*,#9797,.T.);
#9797 = EDGE_CURVE('',#9790,#9798,#9800,.T.);
#9798 = VERTEX_POINT('',#9799);
#9799 = CARTESIAN_POINT('',(-2.85,0.75,0.35));
#9800 = LINE('',#9801,#9802);
#9801 = CARTESIAN_POINT('',(-2.85,0.75,1.15));
#9802 = VECTOR('',#9803,1.);
#9803 = DIRECTION('',(0.,0.,-1.));
#9804 = ORIENTED_EDGE('',*,*,#9805,.T.);
#9805 = EDGE_CURVE('',#9798,#9782,#9806,.T.);
#9806 = LINE('',#9807,#9808);
#9807 = CARTESIAN_POINT('',(-2.85,0.75,0.35));
#9808 = VECTOR('',#9809,1.);
#9809 = DIRECTION('',(0.,-1.,0.));
#9810 = PLANE('',#9811);
#9811 = AXIS2_PLACEMENT_3D('',#9812,#9813,#9814);
#9812 = CARTESIAN_POINT('',(-2.85,0.75,1.15));
#9813 = DIRECTION('',(-1.,0.,0.));
#9814 = DIRECTION('',(0.,0.,1.));
#9815 = ADVANCED_FACE('',(#9816),#9843,.T.);
#9816 = FACE_BOUND('',#9817,.T.);
#9817 = EDGE_LOOP('',(#9818,#9827,#9828,#9837));
#9818 = ORIENTED_EDGE('',*,*,#9819,.F.);
#9819 = EDGE_CURVE('',#9782,#9820,#9822,.T.);
#9820 = VERTEX_POINT('',#9821);
#9821 = CARTESIAN_POINT('',(-2.5,-0.75,-9.75781955237E-16));
#9822 = CIRCLE('',#9823,0.35);
#9823 = AXIS2_PLACEMENT_3D('',#9824,#9825,#9826);
#9824 = CARTESIAN_POINT('',(-2.5,-0.75,0.35));
#9825 = DIRECTION('',(0.,-1.,0.));
#9826 = DIRECTION('',(1.,0.,0.));
#9827 = ORIENTED_EDGE('',*,*,#9805,.F.);
#9828 = ORIENTED_EDGE('',*,*,#9829,.T.);
#9829 = EDGE_CURVE('',#9798,#9830,#9832,.T.);
#9830 = VERTEX_POINT('',#9831);
#9831 = CARTESIAN_POINT('',(-2.5,0.75,-9.75781955237E-16));
#9832 = CIRCLE('',#9833,0.35);
#9833 = AXIS2_PLACEMENT_3D('',#9834,#9835,#9836);
#9834 = CARTESIAN_POINT('',(-2.5,0.75,0.35));
#9835 = DIRECTION('',(0.,-1.,0.));
#9836 = DIRECTION('',(1.,0.,0.));
#9837 = ORIENTED_EDGE('',*,*,#9838,.T.);
#9838 = EDGE_CURVE('',#9830,#9820,#9839,.T.);
#9839 = LINE('',#9840,#9841);
#9840 = CARTESIAN_POINT('',(-2.5,0.75,-9.75781955237E-16));
#9841 = VECTOR('',#9842,1.);
#9842 = DIRECTION('',(0.,-1.,0.));
#9843 = CYLINDRICAL_SURFACE('',#9844,0.35);
#9844 = AXIS2_PLACEMENT_3D('',#9845,#9846,#9847);
#9845 = CARTESIAN_POINT('',(-2.5,0.75,0.35));
#9846 = DIRECTION('',(-0.,1.,-0.));
#9847 = DIRECTION('',(0.,0.,-1.));
#9848 = ADVANCED_FACE('',(#9849),#9876,.T.);
#9849 = FACE_BOUND('',#9850,.T.);
#9850 = EDGE_LOOP('',(#9851,#9860,#9868,#9875));
#9851 = ORIENTED_EDGE('',*,*,#9852,.F.);
#9852 = EDGE_CURVE('',#9853,#9780,#9855,.T.);
#9853 = VERTEX_POINT('',#9854);
#9854 = CARTESIAN_POINT('',(-2.5,-0.75,1.5));
#9855 = CIRCLE('',#9856,0.35);
#9856 = AXIS2_PLACEMENT_3D('',#9857,#9858,#9859);
#9857 = CARTESIAN_POINT('',(-2.5,-0.75,1.15));
#9858 = DIRECTION('',(0.,-1.,0.));
#9859 = DIRECTION('',(1.,0.,0.));
#9860 = ORIENTED_EDGE('',*,*,#9861,.F.);
#9861 = EDGE_CURVE('',#9862,#9853,#9864,.T.);
#9862 = VERTEX_POINT('',#9863);
#9863 = CARTESIAN_POINT('',(-2.5,0.75,1.5));
#9864 = LINE('',#9865,#9866);
#9865 = CARTESIAN_POINT('',(-2.5,0.75,1.5));
#9866 = VECTOR('',#9867,1.);
#9867 = DIRECTION('',(0.,-1.,0.));
#9868 = ORIENTED_EDGE('',*,*,#9869,.T.);
#9869 = EDGE_CURVE('',#9862,#9790,#9870,.T.);
#9870 = CIRCLE('',#9871,0.35);
#9871 = AXIS2_PLACEMENT_3D('',#9872,#9873,#9874);
#9872 = CARTESIAN_POINT('',(-2.5,0.75,1.15));
#9873 = DIRECTION('',(0.,-1.,0.));
#9874 = DIRECTION('',(1.,0.,0.));
#9875 = ORIENTED_EDGE('',*,*,#9789,.T.);
#9876 = CYLINDRICAL_SURFACE('',#9877,0.35);
#9877 = AXIS2_PLACEMENT_3D('',#9878,#9879,#9880);
#9878 = CARTESIAN_POINT('',(-2.5,0.75,1.15));
#9879 = DIRECTION('',(-0.,1.,-0.));
#9880 = DIRECTION('',(0.,0.,-1.));
#9881 = ADVANCED_FACE('',(#9882),#10027,.T.);
#9882 = FACE_BOUND('',#9883,.T.);
#9883 = EDGE_LOOP('',(#9884,#9892,#9893,#9894,#9895,#9903,#9912,#9920,
    #9929,#9937,#9945,#9953,#9962,#9970,#9979,#9987,#9996,#10004,#10013,
    #10021));
#9884 = ORIENTED_EDGE('',*,*,#9885,.F.);
#9885 = EDGE_CURVE('',#9830,#9886,#9888,.T.);
#9886 = VERTEX_POINT('',#9887);
#9887 = CARTESIAN_POINT('',(-1.75,0.75,-9.54609440278E-16));
#9888 = LINE('',#9889,#9890);
#9889 = CARTESIAN_POINT('',(-2.5,0.75,-9.75781955237E-16));
#9890 = VECTOR('',#9891,1.);
#9891 = DIRECTION('',(1.,0.,2.823001994521E-17));
#9892 = ORIENTED_EDGE('',*,*,#9829,.F.);
#9893 = ORIENTED_EDGE('',*,*,#9797,.F.);
#9894 = ORIENTED_EDGE('',*,*,#9869,.F.);
#9895 = ORIENTED_EDGE('',*,*,#9896,.F.);
#9896 = EDGE_CURVE('',#9897,#9862,#9899,.T.);
#9897 = VERTEX_POINT('',#9898);
#9898 = CARTESIAN_POINT('',(2.5,0.75,1.5));
#9899 = LINE('',#9900,#9901);
#9900 = CARTESIAN_POINT('',(-2.5,0.75,1.5));
#9901 = VECTOR('',#9902,1.);
#9902 = DIRECTION('',(-1.,0.,0.));
#9903 = ORIENTED_EDGE('',*,*,#9904,.F.);
#9904 = EDGE_CURVE('',#9905,#9897,#9907,.T.);
#9905 = VERTEX_POINT('',#9906);
#9906 = CARTESIAN_POINT('',(2.85,0.75,1.15));
#9907 = CIRCLE('',#9908,0.35);
#9908 = AXIS2_PLACEMENT_3D('',#9909,#9910,#9911);
#9909 = CARTESIAN_POINT('',(2.5,0.75,1.15));
#9910 = DIRECTION('',(0.,-1.,0.));
#9911 = DIRECTION('',(1.,0.,0.));
#9912 = ORIENTED_EDGE('',*,*,#9913,.F.);
#9913 = EDGE_CURVE('',#9914,#9905,#9916,.T.);
#9914 = VERTEX_POINT('',#9915);
#9915 = CARTESIAN_POINT('',(2.85,0.75,0.35));
#9916 = LINE('',#9917,#9918);
#9917 = CARTESIAN_POINT('',(2.85,0.75,0.35));
#9918 = VECTOR('',#9919,1.);
#9919 = DIRECTION('',(0.,0.,1.));
#9920 = ORIENTED_EDGE('',*,*,#9921,.F.);
#9921 = EDGE_CURVE('',#9922,#9914,#9924,.T.);
#9922 = VERTEX_POINT('',#9923);
#9923 = CARTESIAN_POINT('',(2.5,0.75,-9.75781955237E-16));
#9924 = CIRCLE('',#9925,0.35);
#9925 = AXIS2_PLACEMENT_3D('',#9926,#9927,#9928);
#9926 = CARTESIAN_POINT('',(2.5,0.75,0.35));
#9927 = DIRECTION('',(0.,-1.,0.));
#9928 = DIRECTION('',(-1.,0.,0.));
#9929 = ORIENTED_EDGE('',*,*,#9930,.F.);
#9930 = EDGE_CURVE('',#9931,#9922,#9933,.T.);
#9931 = VERTEX_POINT('',#9932);
#9932 = CARTESIAN_POINT('',(1.75,0.75,-9.54609440278E-16));
#9933 = LINE('',#9934,#9935);
#9934 = CARTESIAN_POINT('',(1.75,0.75,-9.54609440278E-16));
#9935 = VECTOR('',#9936,1.);
#9936 = DIRECTION('',(1.,0.,-2.823001994521E-17));
#9937 = ORIENTED_EDGE('',*,*,#9938,.F.);
#9938 = EDGE_CURVE('',#9939,#9931,#9941,.T.);
#9939 = VERTEX_POINT('',#9940);
#9940 = CARTESIAN_POINT('',(1.75,0.75,0.2));
#9941 = LINE('',#9942,#9943);
#9942 = CARTESIAN_POINT('',(1.75,0.75,-9.54609440278E-16));
#9943 = VECTOR('',#9944,1.);
#9944 = DIRECTION('',(-2.823001994521E-17,0.,-1.));
#9945 = ORIENTED_EDGE('',*,*,#9946,.F.);
#9946 = EDGE_CURVE('',#9947,#9939,#9949,.T.);
#9947 = VERTEX_POINT('',#9948);
#9948 = CARTESIAN_POINT('',(2.5,0.75,0.2));
#9949 = LINE('',#9950,#9951);
#9950 = CARTESIAN_POINT('',(1.75,0.75,0.2));
#9951 = VECTOR('',#9952,1.);
#9952 = DIRECTION('',(-1.,0.,2.823001994521E-17));
#9953 = ORIENTED_EDGE('',*,*,#9954,.T.);
#9954 = EDGE_CURVE('',#9947,#9955,#9957,.T.);
#9955 = VERTEX_POINT('',#9956);
#9956 = CARTESIAN_POINT('',(2.65,0.75,0.35));
#9957 = CIRCLE('',#9958,0.15);
#9958 = AXIS2_PLACEMENT_3D('',#9959,#9960,#9961);
#9959 = CARTESIAN_POINT('',(2.5,0.75,0.35));
#9960 = DIRECTION('',(0.,-1.,0.));
#9961 = DIRECTION('',(0.,0.,-1.));
#9962 = ORIENTED_EDGE('',*,*,#9963,.F.);
#9963 = EDGE_CURVE('',#9964,#9955,#9966,.T.);
#9964 = VERTEX_POINT('',#9965);
#9965 = CARTESIAN_POINT('',(2.65,0.75,1.15));
#9966 = LINE('',#9967,#9968);
#9967 = CARTESIAN_POINT('',(2.65,0.75,0.35));
#9968 = VECTOR('',#9969,1.);
#9969 = DIRECTION('',(0.,0.,-1.));
#9970 = ORIENTED_EDGE('',*,*,#9971,.T.);
#9971 = EDGE_CURVE('',#9964,#9972,#9974,.T.);
#9972 = VERTEX_POINT('',#9973);
#9973 = CARTESIAN_POINT('',(2.5,0.75,1.3));
#9974 = CIRCLE('',#9975,0.15);
#9975 = AXIS2_PLACEMENT_3D('',#9976,#9977,#9978);
#9976 = CARTESIAN_POINT('',(2.5,0.75,1.15));
#9977 = DIRECTION('',(0.,-1.,0.));
#9978 = DIRECTION('',(0.,0.,-1.));
#9979 = ORIENTED_EDGE('',*,*,#9980,.F.);
#9980 = EDGE_CURVE('',#9981,#9972,#9983,.T.);
#9981 = VERTEX_POINT('',#9982);
#9982 = CARTESIAN_POINT('',(-2.5,0.75,1.3));
#9983 = LINE('',#9984,#9985);
#9984 = CARTESIAN_POINT('',(-2.5,0.75,1.3));
#9985 = VECTOR('',#9986,1.);
#9986 = DIRECTION('',(1.,0.,0.));
#9987 = ORIENTED_EDGE('',*,*,#9988,.T.);
#9988 = EDGE_CURVE('',#9981,#9989,#9991,.T.);
#9989 = VERTEX_POINT('',#9990);
#9990 = CARTESIAN_POINT('',(-2.65,0.75,1.15));
#9991 = CIRCLE('',#9992,0.15);
#9992 = AXIS2_PLACEMENT_3D('',#9993,#9994,#9995);
#9993 = CARTESIAN_POINT('',(-2.5,0.75,1.15));
#9994 = DIRECTION('',(0.,-1.,0.));
#9995 = DIRECTION('',(0.,0.,-1.));
#9996 = ORIENTED_EDGE('',*,*,#9997,.F.);
#9997 = EDGE_CURVE('',#9998,#9989,#10000,.T.);
#9998 = VERTEX_POINT('',#9999);
#9999 = CARTESIAN_POINT('',(-2.65,0.75,0.35));
#10000 = LINE('',#10001,#10002);
#10001 = CARTESIAN_POINT('',(-2.65,0.75,1.15));
#10002 = VECTOR('',#10003,1.);
#10003 = DIRECTION('',(0.,0.,1.));
#10004 = ORIENTED_EDGE('',*,*,#10005,.T.);
#10005 = EDGE_CURVE('',#9998,#10006,#10008,.T.);
#10006 = VERTEX_POINT('',#10007);
#10007 = CARTESIAN_POINT('',(-2.5,0.75,0.2));
#10008 = CIRCLE('',#10009,0.15);
#10009 = AXIS2_PLACEMENT_3D('',#10010,#10011,#10012);
#10010 = CARTESIAN_POINT('',(-2.5,0.75,0.35));
#10011 = DIRECTION('',(0.,-1.,0.));
#10012 = DIRECTION('',(0.,0.,-1.));
#10013 = ORIENTED_EDGE('',*,*,#10014,.F.);
#10014 = EDGE_CURVE('',#10015,#10006,#10017,.T.);
#10015 = VERTEX_POINT('',#10016);
#10016 = CARTESIAN_POINT('',(-1.75,0.75,0.2));
#10017 = LINE('',#10018,#10019);
#10018 = CARTESIAN_POINT('',(-2.5,0.75,0.2));
#10019 = VECTOR('',#10020,1.);
#10020 = DIRECTION('',(-1.,0.,-2.823001994521E-17));
#10021 = ORIENTED_EDGE('',*,*,#10022,.T.);
#10022 = EDGE_CURVE('',#10015,#9886,#10023,.T.);
#10023 = LINE('',#10024,#10025);
#10024 = CARTESIAN_POINT('',(-1.75,0.75,-9.54609440278E-16));
#10025 = VECTOR('',#10026,1.);
#10026 = DIRECTION('',(2.823001994521E-17,0.,-1.));
#10027 = PLANE('',#10028);
#10028 = AXIS2_PLACEMENT_3D('',#10029,#10030,#10031);
#10029 = CARTESIAN_POINT('',(-2.5,0.75,-9.75781955237E-16));
#10030 = DIRECTION('',(-0.,1.,0.));
#10031 = DIRECTION('',(1.,0.,2.823001994521E-17));
#10032 = ADVANCED_FACE('',(#10033),#10058,.T.);
#10033 = FACE_BOUND('',#10034,.T.);
#10034 = EDGE_LOOP('',(#10035,#10036,#10044,#10052));
#10035 = ORIENTED_EDGE('',*,*,#10022,.F.);
#10036 = ORIENTED_EDGE('',*,*,#10037,.F.);
#10037 = EDGE_CURVE('',#10038,#10015,#10040,.T.);
#10038 = VERTEX_POINT('',#10039);
#10039 = CARTESIAN_POINT('',(-1.75,-0.75,0.2));
#10040 = LINE('',#10041,#10042);
#10041 = CARTESIAN_POINT('',(-1.75,0.75,0.2));
#10042 = VECTOR('',#10043,1.);
#10043 = DIRECTION('',(0.,1.,0.));
#10044 = ORIENTED_EDGE('',*,*,#10045,.T.);
#10045 = EDGE_CURVE('',#10038,#10046,#10048,.T.);
#10046 = VERTEX_POINT('',#10047);
#10047 = CARTESIAN_POINT('',(-1.75,-0.75,-9.54609440278E-16));
#10048 = LINE('',#10049,#10050);
#10049 = CARTESIAN_POINT('',(-1.75,-0.75,-9.54609440278E-16));
#10050 = VECTOR('',#10051,1.);
#10051 = DIRECTION('',(2.823001994521E-17,0.,-1.));
#10052 = ORIENTED_EDGE('',*,*,#10053,.F.);
#10053 = EDGE_CURVE('',#9886,#10046,#10054,.T.);
#10054 = LINE('',#10055,#10056);
#10055 = CARTESIAN_POINT('',(-1.75,0.75,-9.54609440278E-16));
#10056 = VECTOR('',#10057,1.);
#10057 = DIRECTION('',(0.,-1.,0.));
#10058 = PLANE('',#10059);
#10059 = AXIS2_PLACEMENT_3D('',#10060,#10061,#10062);
#10060 = CARTESIAN_POINT('',(-1.75,0.75,-9.54609440278E-16));
#10061 = DIRECTION('',(1.,0.,2.823001994521E-17));
#10062 = DIRECTION('',(0.,-1.,0.));
#10063 = ADVANCED_FACE('',(#10064),#10200,.F.);
#10064 = FACE_BOUND('',#10065,.T.);
#10065 = EDGE_LOOP('',(#10066,#10076,#10085,#10093,#10102,#10108,#10109,
    #10110,#10111,#10117,#10118,#10126,#10135,#10143,#10152,#10160,
    #10169,#10177,#10186,#10194));
#10066 = ORIENTED_EDGE('',*,*,#10067,.T.);
#10067 = EDGE_CURVE('',#10068,#10070,#10072,.T.);
#10068 = VERTEX_POINT('',#10069);
#10069 = CARTESIAN_POINT('',(1.75,-0.75,-9.54609440278E-16));
#10070 = VERTEX_POINT('',#10071);
#10071 = CARTESIAN_POINT('',(2.5,-0.75,-9.75781955237E-16));
#10072 = LINE('',#10073,#10074);
#10073 = CARTESIAN_POINT('',(1.75,-0.75,-9.54609440278E-16));
#10074 = VECTOR('',#10075,1.);
#10075 = DIRECTION('',(1.,0.,-2.823001994521E-17));
#10076 = ORIENTED_EDGE('',*,*,#10077,.T.);
#10077 = EDGE_CURVE('',#10070,#10078,#10080,.T.);
#10078 = VERTEX_POINT('',#10079);
#10079 = CARTESIAN_POINT('',(2.85,-0.75,0.35));
#10080 = CIRCLE('',#10081,0.35);
#10081 = AXIS2_PLACEMENT_3D('',#10082,#10083,#10084);
#10082 = CARTESIAN_POINT('',(2.5,-0.75,0.35));
#10083 = DIRECTION('',(0.,-1.,0.));
#10084 = DIRECTION('',(-1.,0.,0.));
#10085 = ORIENTED_EDGE('',*,*,#10086,.T.);
#10086 = EDGE_CURVE('',#10078,#10087,#10089,.T.);
#10087 = VERTEX_POINT('',#10088);
#10088 = CARTESIAN_POINT('',(2.85,-0.75,1.15));
#10089 = LINE('',#10090,#10091);
#10090 = CARTESIAN_POINT('',(2.85,-0.75,0.35));
#10091 = VECTOR('',#10092,1.);
#10092 = DIRECTION('',(0.,0.,1.));
#10093 = ORIENTED_EDGE('',*,*,#10094,.T.);
#10094 = EDGE_CURVE('',#10087,#10095,#10097,.T.);
#10095 = VERTEX_POINT('',#10096);
#10096 = CARTESIAN_POINT('',(2.5,-0.75,1.5));
#10097 = CIRCLE('',#10098,0.35);
#10098 = AXIS2_PLACEMENT_3D('',#10099,#10100,#10101);
#10099 = CARTESIAN_POINT('',(2.5,-0.75,1.15));
#10100 = DIRECTION('',(0.,-1.,0.));
#10101 = DIRECTION('',(1.,0.,0.));
#10102 = ORIENTED_EDGE('',*,*,#10103,.T.);
#10103 = EDGE_CURVE('',#10095,#9853,#10104,.T.);
#10104 = LINE('',#10105,#10106);
#10105 = CARTESIAN_POINT('',(-2.5,-0.75,1.5));
#10106 = VECTOR('',#10107,1.);
#10107 = DIRECTION('',(-1.,0.,0.));
#10108 = ORIENTED_EDGE('',*,*,#9852,.T.);
#10109 = ORIENTED_EDGE('',*,*,#9779,.T.);
#10110 = ORIENTED_EDGE('',*,*,#9819,.T.);
#10111 = ORIENTED_EDGE('',*,*,#10112,.T.);
#10112 = EDGE_CURVE('',#9820,#10046,#10113,.T.);
#10113 = LINE('',#10114,#10115);
#10114 = CARTESIAN_POINT('',(-2.5,-0.75,-9.75781955237E-16));
#10115 = VECTOR('',#10116,1.);
#10116 = DIRECTION('',(1.,0.,2.823001994521E-17));
#10117 = ORIENTED_EDGE('',*,*,#10045,.F.);
#10118 = ORIENTED_EDGE('',*,*,#10119,.T.);
#10119 = EDGE_CURVE('',#10038,#10120,#10122,.T.);
#10120 = VERTEX_POINT('',#10121);
#10121 = CARTESIAN_POINT('',(-2.5,-0.75,0.2));
#10122 = LINE('',#10123,#10124);
#10123 = CARTESIAN_POINT('',(-2.5,-0.75,0.2));
#10124 = VECTOR('',#10125,1.);
#10125 = DIRECTION('',(-1.,0.,-2.823001994521E-17));
#10126 = ORIENTED_EDGE('',*,*,#10127,.F.);
#10127 = EDGE_CURVE('',#10128,#10120,#10130,.T.);
#10128 = VERTEX_POINT('',#10129);
#10129 = CARTESIAN_POINT('',(-2.65,-0.75,0.35));
#10130 = CIRCLE('',#10131,0.15);
#10131 = AXIS2_PLACEMENT_3D('',#10132,#10133,#10134);
#10132 = CARTESIAN_POINT('',(-2.5,-0.75,0.35));
#10133 = DIRECTION('',(0.,-1.,0.));
#10134 = DIRECTION('',(0.,0.,-1.));
#10135 = ORIENTED_EDGE('',*,*,#10136,.T.);
#10136 = EDGE_CURVE('',#10128,#10137,#10139,.T.);
#10137 = VERTEX_POINT('',#10138);
#10138 = CARTESIAN_POINT('',(-2.65,-0.75,1.15));
#10139 = LINE('',#10140,#10141);
#10140 = CARTESIAN_POINT('',(-2.65,-0.75,1.15));
#10141 = VECTOR('',#10142,1.);
#10142 = DIRECTION('',(0.,0.,1.));
#10143 = ORIENTED_EDGE('',*,*,#10144,.F.);
#10144 = EDGE_CURVE('',#10145,#10137,#10147,.T.);
#10145 = VERTEX_POINT('',#10146);
#10146 = CARTESIAN_POINT('',(-2.5,-0.75,1.3));
#10147 = CIRCLE('',#10148,0.15);
#10148 = AXIS2_PLACEMENT_3D('',#10149,#10150,#10151);
#10149 = CARTESIAN_POINT('',(-2.5,-0.75,1.15));
#10150 = DIRECTION('',(0.,-1.,0.));
#10151 = DIRECTION('',(0.,0.,-1.));
#10152 = ORIENTED_EDGE('',*,*,#10153,.T.);
#10153 = EDGE_CURVE('',#10145,#10154,#10156,.T.);
#10154 = VERTEX_POINT('',#10155);
#10155 = CARTESIAN_POINT('',(2.5,-0.75,1.3));
#10156 = LINE('',#10157,#10158);
#10157 = CARTESIAN_POINT('',(-2.5,-0.75,1.3));
#10158 = VECTOR('',#10159,1.);
#10159 = DIRECTION('',(1.,0.,0.));
#10160 = ORIENTED_EDGE('',*,*,#10161,.F.);
#10161 = EDGE_CURVE('',#10162,#10154,#10164,.T.);
#10162 = VERTEX_POINT('',#10163);
#10163 = CARTESIAN_POINT('',(2.65,-0.75,1.15));
#10164 = CIRCLE('',#10165,0.15);
#10165 = AXIS2_PLACEMENT_3D('',#10166,#10167,#10168);
#10166 = CARTESIAN_POINT('',(2.5,-0.75,1.15));
#10167 = DIRECTION('',(0.,-1.,0.));
#10168 = DIRECTION('',(0.,0.,-1.));
#10169 = ORIENTED_EDGE('',*,*,#10170,.T.);
#10170 = EDGE_CURVE('',#10162,#10171,#10173,.T.);
#10171 = VERTEX_POINT('',#10172);
#10172 = CARTESIAN_POINT('',(2.65,-0.75,0.35));
#10173 = LINE('',#10174,#10175);
#10174 = CARTESIAN_POINT('',(2.65,-0.75,0.35));
#10175 = VECTOR('',#10176,1.);
#10176 = DIRECTION('',(0.,0.,-1.));
#10177 = ORIENTED_EDGE('',*,*,#10178,.F.);
#10178 = EDGE_CURVE('',#10179,#10171,#10181,.T.);
#10179 = VERTEX_POINT('',#10180);
#10180 = CARTESIAN_POINT('',(2.5,-0.75,0.2));
#10181 = CIRCLE('',#10182,0.15);
#10182 = AXIS2_PLACEMENT_3D('',#10183,#10184,#10185);
#10183 = CARTESIAN_POINT('',(2.5,-0.75,0.35));
#10184 = DIRECTION('',(0.,-1.,0.));
#10185 = DIRECTION('',(0.,0.,-1.));
#10186 = ORIENTED_EDGE('',*,*,#10187,.T.);
#10187 = EDGE_CURVE('',#10179,#10188,#10190,.T.);
#10188 = VERTEX_POINT('',#10189);
#10189 = CARTESIAN_POINT('',(1.75,-0.75,0.2));
#10190 = LINE('',#10191,#10192);
#10191 = CARTESIAN_POINT('',(1.75,-0.75,0.2));
#10192 = VECTOR('',#10193,1.);
#10193 = DIRECTION('',(-1.,0.,2.823001994521E-17));
#10194 = ORIENTED_EDGE('',*,*,#10195,.T.);
#10195 = EDGE_CURVE('',#10188,#10068,#10196,.T.);
#10196 = LINE('',#10197,#10198);
#10197 = CARTESIAN_POINT('',(1.75,-0.75,-9.54609440278E-16));
#10198 = VECTOR('',#10199,1.);
#10199 = DIRECTION('',(-2.823001994521E-17,0.,-1.));
#10200 = PLANE('',#10201);
#10201 = AXIS2_PLACEMENT_3D('',#10202,#10203,#10204);
#10202 = CARTESIAN_POINT('',(1.75,-0.75,-9.54609440278E-16));
#10203 = DIRECTION('',(0.,1.,0.));
#10204 = DIRECTION('',(1.,0.,-2.823001994521E-17));
#10205 = ADVANCED_FACE('',(#10206),#10217,.F.);
#10206 = FACE_BOUND('',#10207,.T.);
#10207 = EDGE_LOOP('',(#10208,#10209,#10210,#10211));
#10208 = ORIENTED_EDGE('',*,*,#10119,.F.);
#10209 = ORIENTED_EDGE('',*,*,#10037,.T.);
#10210 = ORIENTED_EDGE('',*,*,#10014,.T.);
#10211 = ORIENTED_EDGE('',*,*,#10212,.T.);
#10212 = EDGE_CURVE('',#10006,#10120,#10213,.T.);
#10213 = LINE('',#10214,#10215);
#10214 = CARTESIAN_POINT('',(-2.5,0.75,0.2));
#10215 = VECTOR('',#10216,1.);
#10216 = DIRECTION('',(0.,-1.,0.));
#10217 = PLANE('',#10218);
#10218 = AXIS2_PLACEMENT_3D('',#10219,#10220,#10221);
#10219 = CARTESIAN_POINT('',(-2.5,0.75,0.2));
#10220 = DIRECTION('',(2.823001994521E-17,0.,-1.));
#10221 = DIRECTION('',(-1.,0.,-2.823001994521E-17));
#10222 = ADVANCED_FACE('',(#10223),#10234,.F.);
#10223 = FACE_BOUND('',#10224,.F.);
#10224 = EDGE_LOOP('',(#10225,#10231,#10232,#10233));
#10225 = ORIENTED_EDGE('',*,*,#10226,.T.);
#10226 = EDGE_CURVE('',#10128,#9998,#10227,.T.);
#10227 = LINE('',#10228,#10229);
#10228 = CARTESIAN_POINT('',(-2.65,0.75,0.35));
#10229 = VECTOR('',#10230,1.);
#10230 = DIRECTION('',(0.,1.,0.));
#10231 = ORIENTED_EDGE('',*,*,#10005,.T.);
#10232 = ORIENTED_EDGE('',*,*,#10212,.T.);
#10233 = ORIENTED_EDGE('',*,*,#10127,.F.);
#10234 = CYLINDRICAL_SURFACE('',#10235,0.15);
#10235 = AXIS2_PLACEMENT_3D('',#10236,#10237,#10238);
#10236 = CARTESIAN_POINT('',(-2.5,0.75,0.35));
#10237 = DIRECTION('',(-0.,1.,-0.));
#10238 = DIRECTION('',(0.,0.,-1.));
#10239 = ADVANCED_FACE('',(#10240),#10251,.F.);
#10240 = FACE_BOUND('',#10241,.T.);
#10241 = EDGE_LOOP('',(#10242,#10243,#10244,#10245));
#10242 = ORIENTED_EDGE('',*,*,#10136,.F.);
#10243 = ORIENTED_EDGE('',*,*,#10226,.T.);
#10244 = ORIENTED_EDGE('',*,*,#9997,.T.);
#10245 = ORIENTED_EDGE('',*,*,#10246,.T.);
#10246 = EDGE_CURVE('',#9989,#10137,#10247,.T.);
#10247 = LINE('',#10248,#10249);
#10248 = CARTESIAN_POINT('',(-2.65,0.75,1.15));
#10249 = VECTOR('',#10250,1.);
#10250 = DIRECTION('',(0.,-1.,0.));
#10251 = PLANE('',#10252);
#10252 = AXIS2_PLACEMENT_3D('',#10253,#10254,#10255);
#10253 = CARTESIAN_POINT('',(-2.65,0.75,1.15));
#10254 = DIRECTION('',(-1.,0.,0.));
#10255 = DIRECTION('',(0.,0.,1.));
#10256 = ADVANCED_FACE('',(#10257),#10268,.F.);
#10257 = FACE_BOUND('',#10258,.F.);
#10258 = EDGE_LOOP('',(#10259,#10265,#10266,#10267));
#10259 = ORIENTED_EDGE('',*,*,#10260,.T.);
#10260 = EDGE_CURVE('',#10145,#9981,#10261,.T.);
#10261 = LINE('',#10262,#10263);
#10262 = CARTESIAN_POINT('',(-2.5,0.75,1.3));
#10263 = VECTOR('',#10264,1.);
#10264 = DIRECTION('',(0.,1.,0.));
#10265 = ORIENTED_EDGE('',*,*,#9988,.T.);
#10266 = ORIENTED_EDGE('',*,*,#10246,.T.);
#10267 = ORIENTED_EDGE('',*,*,#10144,.F.);
#10268 = CYLINDRICAL_SURFACE('',#10269,0.15);
#10269 = AXIS2_PLACEMENT_3D('',#10270,#10271,#10272);
#10270 = CARTESIAN_POINT('',(-2.5,0.75,1.15));
#10271 = DIRECTION('',(-0.,1.,-0.));
#10272 = DIRECTION('',(0.,0.,-1.));
#10273 = ADVANCED_FACE('',(#10274),#10285,.F.);
#10274 = FACE_BOUND('',#10275,.T.);
#10275 = EDGE_LOOP('',(#10276,#10277,#10278,#10279));
#10276 = ORIENTED_EDGE('',*,*,#10153,.F.);
#10277 = ORIENTED_EDGE('',*,*,#10260,.T.);
#10278 = ORIENTED_EDGE('',*,*,#9980,.T.);
#10279 = ORIENTED_EDGE('',*,*,#10280,.T.);
#10280 = EDGE_CURVE('',#9972,#10154,#10281,.T.);
#10281 = LINE('',#10282,#10283);
#10282 = CARTESIAN_POINT('',(2.5,0.75,1.3));
#10283 = VECTOR('',#10284,1.);
#10284 = DIRECTION('',(0.,-1.,0.));
#10285 = PLANE('',#10286);
#10286 = AXIS2_PLACEMENT_3D('',#10287,#10288,#10289);
#10287 = CARTESIAN_POINT('',(-2.5,0.75,1.3));
#10288 = DIRECTION('',(0.,0.,1.));
#10289 = DIRECTION('',(1.,0.,-0.));
#10290 = ADVANCED_FACE('',(#10291),#10302,.F.);
#10291 = FACE_BOUND('',#10292,.F.);
#10292 = EDGE_LOOP('',(#10293,#10299,#10300,#10301));
#10293 = ORIENTED_EDGE('',*,*,#10294,.T.);
#10294 = EDGE_CURVE('',#10162,#9964,#10295,.T.);
#10295 = LINE('',#10296,#10297);
#10296 = CARTESIAN_POINT('',(2.65,0.75,1.15));
#10297 = VECTOR('',#10298,1.);
#10298 = DIRECTION('',(0.,1.,0.));
#10299 = ORIENTED_EDGE('',*,*,#9971,.T.);
#10300 = ORIENTED_EDGE('',*,*,#10280,.T.);
#10301 = ORIENTED_EDGE('',*,*,#10161,.F.);
#10302 = CYLINDRICAL_SURFACE('',#10303,0.15);
#10303 = AXIS2_PLACEMENT_3D('',#10304,#10305,#10306);
#10304 = CARTESIAN_POINT('',(2.5,0.75,1.15));
#10305 = DIRECTION('',(-0.,1.,-0.));
#10306 = DIRECTION('',(0.,0.,-1.));
#10307 = ADVANCED_FACE('',(#10308),#10319,.F.);
#10308 = FACE_BOUND('',#10309,.T.);
#10309 = EDGE_LOOP('',(#10310,#10311,#10312,#10313));
#10310 = ORIENTED_EDGE('',*,*,#10170,.F.);
#10311 = ORIENTED_EDGE('',*,*,#10294,.T.);
#10312 = ORIENTED_EDGE('',*,*,#9963,.T.);
#10313 = ORIENTED_EDGE('',*,*,#10314,.T.);
#10314 = EDGE_CURVE('',#9955,#10171,#10315,.T.);
#10315 = LINE('',#10316,#10317);
#10316 = CARTESIAN_POINT('',(2.65,0.75,0.35));
#10317 = VECTOR('',#10318,1.);
#10318 = DIRECTION('',(0.,-1.,0.));
#10319 = PLANE('',#10320);
#10320 = AXIS2_PLACEMENT_3D('',#10321,#10322,#10323);
#10321 = CARTESIAN_POINT('',(2.65,0.75,0.35));
#10322 = DIRECTION('',(1.,0.,0.));
#10323 = DIRECTION('',(0.,0.,-1.));
#10324 = ADVANCED_FACE('',(#10325),#10336,.F.);
#10325 = FACE_BOUND('',#10326,.F.);
#10326 = EDGE_LOOP('',(#10327,#10333,#10334,#10335));
#10327 = ORIENTED_EDGE('',*,*,#10328,.T.);
#10328 = EDGE_CURVE('',#10179,#9947,#10329,.T.);
#10329 = LINE('',#10330,#10331);
#10330 = CARTESIAN_POINT('',(2.5,0.75,0.2));
#10331 = VECTOR('',#10332,1.);
#10332 = DIRECTION('',(0.,1.,0.));
#10333 = ORIENTED_EDGE('',*,*,#9954,.T.);
#10334 = ORIENTED_EDGE('',*,*,#10314,.T.);
#10335 = ORIENTED_EDGE('',*,*,#10178,.F.);
#10336 = CYLINDRICAL_SURFACE('',#10337,0.15);
#10337 = AXIS2_PLACEMENT_3D('',#10338,#10339,#10340);
#10338 = CARTESIAN_POINT('',(2.5,0.75,0.35));
#10339 = DIRECTION('',(-0.,1.,-0.));
#10340 = DIRECTION('',(0.,0.,-1.));
#10341 = ADVANCED_FACE('',(#10342),#10353,.F.);
#10342 = FACE_BOUND('',#10343,.T.);
#10343 = EDGE_LOOP('',(#10344,#10345,#10346,#10347));
#10344 = ORIENTED_EDGE('',*,*,#10187,.F.);
#10345 = ORIENTED_EDGE('',*,*,#10328,.T.);
#10346 = ORIENTED_EDGE('',*,*,#9946,.T.);
#10347 = ORIENTED_EDGE('',*,*,#10348,.F.);
#10348 = EDGE_CURVE('',#10188,#9939,#10349,.T.);
#10349 = LINE('',#10350,#10351);
#10350 = CARTESIAN_POINT('',(1.75,0.75,0.2));
#10351 = VECTOR('',#10352,1.);
#10352 = DIRECTION('',(0.,1.,0.));
#10353 = PLANE('',#10354);
#10354 = AXIS2_PLACEMENT_3D('',#10355,#10356,#10357);
#10355 = CARTESIAN_POINT('',(1.75,0.75,0.2));
#10356 = DIRECTION('',(-2.823001994521E-17,0.,-1.));
#10357 = DIRECTION('',(-1.,0.,2.823001994521E-17));
#10358 = ADVANCED_FACE('',(#10359),#10375,.T.);
#10359 = FACE_BOUND('',#10360,.T.);
#10360 = EDGE_LOOP('',(#10361,#10362,#10368,#10369));
#10361 = ORIENTED_EDGE('',*,*,#10067,.F.);
#10362 = ORIENTED_EDGE('',*,*,#10363,.F.);
#10363 = EDGE_CURVE('',#9931,#10068,#10364,.T.);
#10364 = LINE('',#10365,#10366);
#10365 = CARTESIAN_POINT('',(1.75,0.75,-9.54609440278E-16));
#10366 = VECTOR('',#10367,1.);
#10367 = DIRECTION('',(0.,-1.,0.));
#10368 = ORIENTED_EDGE('',*,*,#9930,.T.);
#10369 = ORIENTED_EDGE('',*,*,#10370,.T.);
#10370 = EDGE_CURVE('',#9922,#10070,#10371,.T.);
#10371 = LINE('',#10372,#10373);
#10372 = CARTESIAN_POINT('',(2.5,0.75,-9.75781955237E-16));
#10373 = VECTOR('',#10374,1.);
#10374 = DIRECTION('',(0.,-1.,0.));
#10375 = PLANE('',#10376);
#10376 = AXIS2_PLACEMENT_3D('',#10377,#10378,#10379);
#10377 = CARTESIAN_POINT('',(1.75,0.75,-9.54609440278E-16));
#10378 = DIRECTION('',(-2.823001994521E-17,0.,-1.));
#10379 = DIRECTION('',(-1.,0.,2.823001994521E-17));
#10380 = ADVANCED_FACE('',(#10381),#10392,.T.);
#10381 = FACE_BOUND('',#10382,.T.);
#10382 = EDGE_LOOP('',(#10383,#10384,#10385,#10386));
#10383 = ORIENTED_EDGE('',*,*,#10077,.F.);
#10384 = ORIENTED_EDGE('',*,*,#10370,.F.);
#10385 = ORIENTED_EDGE('',*,*,#9921,.T.);
#10386 = ORIENTED_EDGE('',*,*,#10387,.T.);
#10387 = EDGE_CURVE('',#9914,#10078,#10388,.T.);
#10388 = LINE('',#10389,#10390);
#10389 = CARTESIAN_POINT('',(2.85,0.75,0.35));
#10390 = VECTOR('',#10391,1.);
#10391 = DIRECTION('',(0.,-1.,0.));
#10392 = CYLINDRICAL_SURFACE('',#10393,0.35);
#10393 = AXIS2_PLACEMENT_3D('',#10394,#10395,#10396);
#10394 = CARTESIAN_POINT('',(2.5,0.75,0.35));
#10395 = DIRECTION('',(-0.,1.,-0.));
#10396 = DIRECTION('',(0.,0.,-1.));
#10397 = ADVANCED_FACE('',(#10398),#10409,.T.);
#10398 = FACE_BOUND('',#10399,.T.);
#10399 = EDGE_LOOP('',(#10400,#10401,#10402,#10403));
#10400 = ORIENTED_EDGE('',*,*,#10086,.F.);
#10401 = ORIENTED_EDGE('',*,*,#10387,.F.);
#10402 = ORIENTED_EDGE('',*,*,#9913,.T.);
#10403 = ORIENTED_EDGE('',*,*,#10404,.T.);
#10404 = EDGE_CURVE('',#9905,#10087,#10405,.T.);
#10405 = LINE('',#10406,#10407);
#10406 = CARTESIAN_POINT('',(2.85,0.75,1.15));
#10407 = VECTOR('',#10408,1.);
#10408 = DIRECTION('',(0.,-1.,0.));
#10409 = PLANE('',#10410);
#10410 = AXIS2_PLACEMENT_3D('',#10411,#10412,#10413);
#10411 = CARTESIAN_POINT('',(2.85,0.75,0.35));
#10412 = DIRECTION('',(1.,0.,0.));
#10413 = DIRECTION('',(0.,0.,-1.));
#10414 = ADVANCED_FACE('',(#10415),#10426,.T.);
#10415 = FACE_BOUND('',#10416,.T.);
#10416 = EDGE_LOOP('',(#10417,#10418,#10419,#10420));
#10417 = ORIENTED_EDGE('',*,*,#10094,.F.);
#10418 = ORIENTED_EDGE('',*,*,#10404,.F.);
#10419 = ORIENTED_EDGE('',*,*,#9904,.T.);
#10420 = ORIENTED_EDGE('',*,*,#10421,.T.);
#10421 = EDGE_CURVE('',#9897,#10095,#10422,.T.);
#10422 = LINE('',#10423,#10424);
#10423 = CARTESIAN_POINT('',(2.5,0.75,1.5));
#10424 = VECTOR('',#10425,1.);
#10425 = DIRECTION('',(0.,-1.,0.));
#10426 = CYLINDRICAL_SURFACE('',#10427,0.35);
#10427 = AXIS2_PLACEMENT_3D('',#10428,#10429,#10430);
#10428 = CARTESIAN_POINT('',(2.5,0.75,1.15));
#10429 = DIRECTION('',(-0.,1.,-0.));
#10430 = DIRECTION('',(0.,0.,-1.));
#10431 = ADVANCED_FACE('',(#10432),#10438,.T.);
#10432 = FACE_BOUND('',#10433,.T.);
#10433 = EDGE_LOOP('',(#10434,#10435,#10436,#10437));
#10434 = ORIENTED_EDGE('',*,*,#10103,.F.);
#10435 = ORIENTED_EDGE('',*,*,#10421,.F.);
#10436 = ORIENTED_EDGE('',*,*,#9896,.T.);
#10437 = ORIENTED_EDGE('',*,*,#9861,.T.);
#10438 = PLANE('',#10439);
#10439 = AXIS2_PLACEMENT_3D('',#10440,#10441,#10442);
#10440 = CARTESIAN_POINT('',(-2.5,0.75,1.5));
#10441 = DIRECTION('',(0.,0.,1.));
#10442 = DIRECTION('',(1.,0.,-0.));
#10443 = ADVANCED_FACE('',(#10444),#10450,.T.);
#10444 = FACE_BOUND('',#10445,.T.);
#10445 = EDGE_LOOP('',(#10446,#10447,#10448,#10449));
#10446 = ORIENTED_EDGE('',*,*,#10112,.F.);
#10447 = ORIENTED_EDGE('',*,*,#9838,.F.);
#10448 = ORIENTED_EDGE('',*,*,#9885,.T.);
#10449 = ORIENTED_EDGE('',*,*,#10053,.T.);
#10450 = PLANE('',#10451);
#10451 = AXIS2_PLACEMENT_3D('',#10452,#10453,#10454);
#10452 = CARTESIAN_POINT('',(-2.5,0.75,-9.75781955237E-16));
#10453 = DIRECTION('',(2.823001994521E-17,0.,-1.));
#10454 = DIRECTION('',(-1.,0.,-2.823001994521E-17));
#10455 = ADVANCED_FACE('',(#10456),#10462,.F.);
#10456 = FACE_BOUND('',#10457,.T.);
#10457 = EDGE_LOOP('',(#10458,#10459,#10460,#10461));
#10458 = ORIENTED_EDGE('',*,*,#10348,.T.);
#10459 = ORIENTED_EDGE('',*,*,#9938,.T.);
#10460 = ORIENTED_EDGE('',*,*,#10363,.T.);
#10461 = ORIENTED_EDGE('',*,*,#10195,.F.);
#10462 = PLANE('',#10463);
#10463 = AXIS2_PLACEMENT_3D('',#10464,#10465,#10466);
#10464 = CARTESIAN_POINT('',(1.75,0.75,-9.54609440278E-16));
#10465 = DIRECTION('',(1.,0.,-2.823001994521E-17));
#10466 = DIRECTION('',(0.,-1.,0.));
#10467 = ( GEOMETRIC_REPRESENTATION_CONTEXT(3) 
GLOBAL_UNCERTAINTY_ASSIGNED_CONTEXT((#10471)) 
GLOBAL_UNIT_ASSIGNED_CONTEXT((#10468,#10469,#10470)) 
REPRESENTATION_CONTEXT('Context #1',
  '3D Context with UNIT and UNCERTAINTY') );
#10468 = ( LENGTH_UNIT() NAMED_UNIT(*) SI_UNIT(.MILLI.,.METRE.) );
#10469 = ( NAMED_UNIT(*) PLANE_ANGLE_UNIT() SI_UNIT($,.RADIAN.) );
#10470 = ( NAMED_UNIT(*) SI_UNIT($,.STERADIAN.) SOLID_ANGLE_UNIT() );
#10471 = UNCERTAINTY_MEASURE_WITH_UNIT(LENGTH_MEASURE(1.E-07),#10468,
  'distance_accuracy_value','confusion accuracy');
#10472 = CONTEXT_DEPENDENT_SHAPE_REPRESENTATION(#10473,#10475);
#10473 = ( REPRESENTATION_RELATIONSHIP('','',#9772,#6126) 
REPRESENTATION_RELATIONSHIP_WITH_TRANSFORMATION(#10474) 
SHAPE_REPRESENTATION_RELATIONSHIP() );
#10474 = ITEM_DEFINED_TRANSFORMATION('','',#11,#6131);
#10475 = PRODUCT_DEFINITION_SHAPE('Placement','Placement of an item',
  #10476);
#10476 = NEXT_ASSEMBLY_USAGE_OCCURRENCE('20','=>[0:1:1:2]','',#6121,
  #9767,$);
#10477 = PRODUCT_RELATED_PRODUCT_CATEGORY('part',$,(#9769));
#10478 = CONTEXT_DEPENDENT_SHAPE_REPRESENTATION(#10479,#10481);
#10479 = ( REPRESENTATION_RELATIONSHIP('','',#985,#10) 
REPRESENTATION_RELATIONSHIP_WITH_TRANSFORMATION(#10480) 
SHAPE_REPRESENTATION_RELATIONSHIP() );
#10480 = ITEM_DEFINED_TRANSFORMATION('','',#11,#87);
#10481 = PRODUCT_DEFINITION_SHAPE('Placement','Placement of an item',
  #10482);
#10482 = NEXT_ASSEMBLY_USAGE_OCCURRENCE('22','R5','',#5,#980,$);
#10483 = CONTEXT_DEPENDENT_SHAPE_REPRESENTATION(#10484,#10486);
#10484 = ( REPRESENTATION_RELATIONSHIP('','',#985,#10) 
REPRESENTATION_RELATIONSHIP_WITH_TRANSFORMATION(#10485) 
SHAPE_REPRESENTATION_RELATIONSHIP() );
#10485 = ITEM_DEFINED_TRANSFORMATION('','',#11,#91);
#10486 = PRODUCT_DEFINITION_SHAPE('Placement','Placement of an item',
  #10487);
#10487 = NEXT_ASSEMBLY_USAGE_OCCURRENCE('23','R12','',#5,#980,$);
#10488 = CONTEXT_DEPENDENT_SHAPE_REPRESENTATION(#10489,#10491);
#10489 = ( REPRESENTATION_RELATIONSHIP('','',#1819,#10) 
REPRESENTATION_RELATIONSHIP_WITH_TRANSFORMATION(#10490) 
SHAPE_REPRESENTATION_RELATIONSHIP() );
#10490 = ITEM_DEFINED_TRANSFORMATION('','',#11,#95);
#10491 = PRODUCT_DEFINITION_SHAPE('Placement','Placement of an item',
  #10492);
#10492 = NEXT_ASSEMBLY_USAGE_OCCURRENCE('24','C10','',#5,#1814,$);
#10493 = CONTEXT_DEPENDENT_SHAPE_REPRESENTATION(#10494,#10496);
#10494 = ( REPRESENTATION_RELATIONSHIP('','',#985,#10) 
REPRESENTATION_RELATIONSHIP_WITH_TRANSFORMATION(#10495) 
SHAPE_REPRESENTATION_RELATIONSHIP() );
#10495 = ITEM_DEFINED_TRANSFORMATION('','',#11,#99);
#10496 = PRODUCT_DEFINITION_SHAPE('Placement','Placement of an item',
  #10497);
#10497 = NEXT_ASSEMBLY_USAGE_OCCURRENCE('25','R10','',#5,#980,$);
#10498 = CONTEXT_DEPENDENT_SHAPE_REPRESENTATION(#10499,#10501);
#10499 = ( REPRESENTATION_RELATIONSHIP('','',#5248,#10) 
REPRESENTATION_RELATIONSHIP_WITH_TRANSFORMATION(#10500) 
SHAPE_REPRESENTATION_RELATIONSHIP() );
#10500 = ITEM_DEFINED_TRANSFORMATION('','',#11,#103);
#10501 = PRODUCT_DEFINITION_SHAPE('Placement','Placement of an item',
  #10502);
#10502 = NEXT_ASSEMBLY_USAGE_OCCURRENCE('26','C15','',#5,#5243,$);
#10503 = SHAPE_DEFINITION_REPRESENTATION(#10504,#10510);
#10504 = PRODUCT_DEFINITION_SHAPE('','',#10505);
#10505 = PRODUCT_DEFINITION('design','',#10506,#10509);
#10506 = PRODUCT_DEFINITION_FORMATION('','',#10507);
#10507 = PRODUCT('UFD_05-08-1712_ADI','UFD_05-08-1712_ADI','',(#10508));
#10508 = PRODUCT_CONTEXT('',#2,'mechanical');
#10509 = PRODUCT_DEFINITION_CONTEXT('part definition',#2,'design');
#10510 = SHAPE_REPRESENTATION('',(#11,#10511,#10515,#10519,#10523,#10527
    ,#10531,#10535,#10539,#10543,#10547,#10551,#10555,#10559,#10563,
    #10567,#10571,#10575,#10579,#10583,#10587,#10591,#10595,#10599,
    #10603,#10607,#10611,#10615,#10619,#10623,#10627,#10631),#10635);
#10511 = AXIS2_PLACEMENT_3D('',#10512,#10513,#10514);
#10512 = CARTESIAN_POINT('',(0.,0.,0.));
#10513 = DIRECTION('',(0.,0.,1.));
#10514 = DIRECTION('',(1.,0.,0.));
#10515 = AXIS2_PLACEMENT_3D('',#10516,#10517,#10518);
#10516 = CARTESIAN_POINT('',(0.,0.,0.));
#10517 = DIRECTION('',(0.,0.,1.));
#10518 = DIRECTION('',(1.,0.,0.));
#10519 = AXIS2_PLACEMENT_3D('',#10520,#10521,#10522);
#10520 = CARTESIAN_POINT('',(0.,0.,0.));
#10521 = DIRECTION('',(0.,0.,1.));
#10522 = DIRECTION('',(1.,0.,0.));
#10523 = AXIS2_PLACEMENT_3D('',#10524,#10525,#10526);
#10524 = CARTESIAN_POINT('',(0.,0.,0.));
#10525 = DIRECTION('',(0.,0.,1.));
#10526 = DIRECTION('',(1.,0.,0.));
#10527 = AXIS2_PLACEMENT_3D('',#10528,#10529,#10530);
#10528 = CARTESIAN_POINT('',(0.,0.,0.));
#10529 = DIRECTION('',(0.,0.,1.));
#10530 = DIRECTION('',(1.,0.,0.));
#10531 = AXIS2_PLACEMENT_3D('',#10532,#10533,#10534);
#10532 = CARTESIAN_POINT('',(0.,0.,0.));
#10533 = DIRECTION('',(0.,0.,1.));
#10534 = DIRECTION('',(1.,0.,0.));
#10535 = AXIS2_PLACEMENT_3D('',#10536,#10537,#10538);
#10536 = CARTESIAN_POINT('',(0.,0.,0.));
#10537 = DIRECTION('',(0.,0.,1.));
#10538 = DIRECTION('',(1.,0.,0.));
#10539 = AXIS2_PLACEMENT_3D('',#10540,#10541,#10542);
#10540 = CARTESIAN_POINT('',(0.,0.,0.));
#10541 = DIRECTION('',(0.,0.,1.));
#10542 = DIRECTION('',(1.,0.,0.));
#10543 = AXIS2_PLACEMENT_3D('',#10544,#10545,#10546);
#10544 = CARTESIAN_POINT('',(0.,0.,0.));
#10545 = DIRECTION('',(0.,0.,1.));
#10546 = DIRECTION('',(1.,0.,0.));
#10547 = AXIS2_PLACEMENT_3D('',#10548,#10549,#10550);
#10548 = CARTESIAN_POINT('',(0.,0.,0.));
#10549 = DIRECTION('',(0.,0.,1.));
#10550 = DIRECTION('',(1.,0.,0.));
#10551 = AXIS2_PLACEMENT_3D('',#10552,#10553,#10554);
#10552 = CARTESIAN_POINT('',(0.,0.,0.));
#10553 = DIRECTION('',(0.,0.,1.));
#10554 = DIRECTION('',(1.,0.,0.));
#10555 = AXIS2_PLACEMENT_3D('',#10556,#10557,#10558);
#10556 = CARTESIAN_POINT('',(0.,0.,0.));
#10557 = DIRECTION('',(0.,0.,1.));
#10558 = DIRECTION('',(1.,0.,0.));
#10559 = AXIS2_PLACEMENT_3D('',#10560,#10561,#10562);
#10560 = CARTESIAN_POINT('',(0.,0.,0.));
#10561 = DIRECTION('',(0.,0.,1.));
#10562 = DIRECTION('',(1.,0.,0.));
#10563 = AXIS2_PLACEMENT_3D('',#10564,#10565,#10566);
#10564 = CARTESIAN_POINT('',(0.,0.,0.));
#10565 = DIRECTION('',(0.,0.,1.));
#10566 = DIRECTION('',(1.,0.,0.));
#10567 = AXIS2_PLACEMENT_3D('',#10568,#10569,#10570);
#10568 = CARTESIAN_POINT('',(0.,0.,0.));
#10569 = DIRECTION('',(0.,0.,1.));
#10570 = DIRECTION('',(1.,0.,0.));
#10571 = AXIS2_PLACEMENT_3D('',#10572,#10573,#10574);
#10572 = CARTESIAN_POINT('',(0.,0.,0.));
#10573 = DIRECTION('',(0.,0.,1.));
#10574 = DIRECTION('',(1.,0.,0.));
#10575 = AXIS2_PLACEMENT_3D('',#10576,#10577,#10578);
#10576 = CARTESIAN_POINT('',(0.,0.,0.));
#10577 = DIRECTION('',(0.,0.,1.));
#10578 = DIRECTION('',(1.,0.,0.));
#10579 = AXIS2_PLACEMENT_3D('',#10580,#10581,#10582);
#10580 = CARTESIAN_POINT('',(0.,0.,0.));
#10581 = DIRECTION('',(0.,0.,1.));
#10582 = DIRECTION('',(1.,0.,0.));
#10583 = AXIS2_PLACEMENT_3D('',#10584,#10585,#10586);
#10584 = CARTESIAN_POINT('',(0.,0.,0.));
#10585 = DIRECTION('',(0.,0.,1.));
#10586 = DIRECTION('',(1.,0.,0.));
#10587 = AXIS2_PLACEMENT_3D('',#10588,#10589,#10590);
#10588 = CARTESIAN_POINT('',(0.,0.,0.));
#10589 = DIRECTION('',(0.,0.,1.));
#10590 = DIRECTION('',(1.,0.,0.));
#10591 = AXIS2_PLACEMENT_3D('',#10592,#10593,#10594);
#10592 = CARTESIAN_POINT('',(0.,0.,0.));
#10593 = DIRECTION('',(0.,0.,1.));
#10594 = DIRECTION('',(1.,0.,0.));
#10595 = AXIS2_PLACEMENT_3D('',#10596,#10597,#10598);
#10596 = CARTESIAN_POINT('',(0.,0.,0.));
#10597 = DIRECTION('',(0.,0.,1.));
#10598 = DIRECTION('',(1.,0.,0.));
#10599 = AXIS2_PLACEMENT_3D('',#10600,#10601,#10602);
#10600 = CARTESIAN_POINT('',(0.,0.,0.));
#10601 = DIRECTION('',(0.,0.,1.));
#10602 = DIRECTION('',(1.,0.,0.));
#10603 = AXIS2_PLACEMENT_3D('',#10604,#10605,#10606);
#10604 = CARTESIAN_POINT('',(0.,0.,0.));
#10605 = DIRECTION('',(0.,0.,1.));
#10606 = DIRECTION('',(1.,0.,0.));
#10607 = AXIS2_PLACEMENT_3D('',#10608,#10609,#10610);
#10608 = CARTESIAN_POINT('',(0.,0.,0.));
#10609 = DIRECTION('',(0.,0.,1.));
#10610 = DIRECTION('',(1.,0.,0.));
#10611 = AXIS2_PLACEMENT_3D('',#10612,#10613,#10614);
#10612 = CARTESIAN_POINT('',(0.,0.,0.));
#10613 = DIRECTION('',(0.,0.,1.));
#10614 = DIRECTION('',(1.,0.,0.));
#10615 = AXIS2_PLACEMENT_3D('',#10616,#10617,#10618);
#10616 = CARTESIAN_POINT('',(0.,0.,0.));
#10617 = DIRECTION('',(0.,0.,1.));
#10618 = DIRECTION('',(1.,0.,0.));
#10619 = AXIS2_PLACEMENT_3D('',#10620,#10621,#10622);
#10620 = CARTESIAN_POINT('',(0.,0.,0.));
#10621 = DIRECTION('',(0.,0.,1.));
#10622 = DIRECTION('',(1.,0.,0.));
#10623 = AXIS2_PLACEMENT_3D('',#10624,#10625,#10626);
#10624 = CARTESIAN_POINT('',(0.,0.,0.));
#10625 = DIRECTION('',(0.,0.,1.));
#10626 = DIRECTION('',(1.,0.,0.));
#10627 = AXIS2_PLACEMENT_3D('',#10628,#10629,#10630);
#10628 = CARTESIAN_POINT('',(0.,0.,0.));
#10629 = DIRECTION('',(0.,0.,1.));
#10630 = DIRECTION('',(1.,0.,0.));
#10631 = AXIS2_PLACEMENT_3D('',#10632,#10633,#10634);
#10632 = CARTESIAN_POINT('',(0.,0.,0.));
#10633 = DIRECTION('',(0.,0.,1.));
#10634 = DIRECTION('',(1.,0.,0.));
#10635 = ( GEOMETRIC_REPRESENTATION_CONTEXT(3) 
GLOBAL_UNCERTAINTY_ASSIGNED_CONTEXT((#10639)) 
GLOBAL_UNIT_ASSIGNED_CONTEXT((#10636,#10637,#10638)) 
REPRESENTATION_CONTEXT('Context #1',
  '3D Context with UNIT and UNCERTAINTY') );
#10636 = ( LENGTH_UNIT() NAMED_UNIT(*) SI_UNIT(.MILLI.,.METRE.) );
#10637 = ( NAMED_UNIT(*) PLANE_ANGLE_UNIT() SI_UNIT($,.RADIAN.) );
#10638 = ( NAMED_UNIT(*) SI_UNIT($,.STERADIAN.) SOLID_ANGLE_UNIT() );
#10639 = UNCERTAINTY_MEASURE_WITH_UNIT(LENGTH_MEASURE(1.E-06),#10636,
  'distance_accuracy_value','confusion accuracy');
#10640 = CONTEXT_DEPENDENT_SHAPE_REPRESENTATION(#10641,#10643);
#10641 = ( REPRESENTATION_RELATIONSHIP('','',#10510,#10) 
REPRESENTATION_RELATIONSHIP_WITH_TRANSFORMATION(#10642) 
SHAPE_REPRESENTATION_RELATIONSHIP() );
#10642 = ITEM_DEFINED_TRANSFORMATION('','',#11,#107);
#10643 = PRODUCT_DEFINITION_SHAPE('Placement','Placement of an item',
  #10644);
#10644 = NEXT_ASSEMBLY_USAGE_OCCURRENCE('58','U1','',#5,#10505,$);
#10645 = PRODUCT_RELATED_PRODUCT_CATEGORY('part',$,(#10507));
#10646 = SHAPE_DEFINITION_REPRESENTATION(#10647,#10653);
#10647 = PRODUCT_DEFINITION_SHAPE('','',#10648);
#10648 = PRODUCT_DEFINITION('design','',#10649,#10652);
#10649 = PRODUCT_DEFINITION_FORMATION('','',#10650);
#10650 = PRODUCT('part','part','',(#10651));
#10651 = PRODUCT_CONTEXT('',#2,'mechanical');
#10652 = PRODUCT_DEFINITION_CONTEXT('part definition',#2,'design');
#10653 = ADVANCED_BREP_SHAPE_REPRESENTATION('',(#11,#10654),#10706);
#10654 = MANIFOLD_SOLID_BREP('',#10655);
#10655 = CLOSED_SHELL('',(#10656,#10688,#10697));
#10656 = ADVANCED_FACE('',(#10657),#10683,.T.);
#10657 = FACE_BOUND('',#10658,.T.);
#10658 = EDGE_LOOP('',(#10659,#10668,#10675,#10682));
#10659 = ORIENTED_EDGE('',*,*,#10660,.F.);
#10660 = EDGE_CURVE('',#10661,#10661,#10663,.T.);
#10661 = VERTEX_POINT('',#10662);
#10662 = CARTESIAN_POINT('',(-1.738,1.75,0.765));
#10663 = CIRCLE('',#10664,0.102235);
#10664 = AXIS2_PLACEMENT_3D('',#10665,#10666,#10667);
#10665 = CARTESIAN_POINT('',(-1.636,1.75,0.765));
#10666 = DIRECTION('',(0.,0.,1.));
#10667 = DIRECTION('',(1.,0.,-0.));
#10668 = ORIENTED_EDGE('',*,*,#10669,.F.);
#10669 = EDGE_CURVE('',#10670,#10661,#10672,.T.);
#10670 = VERTEX_POINT('',#10671);
#10671 = CARTESIAN_POINT('',(-1.738,1.75,0.762));
#10672 = B_SPLINE_CURVE_WITH_KNOTS('',1,(#10673,#10674),.UNSPECIFIED.,
  .F.,.F.,(2,2),(0.,3.E-03),.PIECEWISE_BEZIER_KNOTS.);
#10673 = CARTESIAN_POINT('',(-1.738235,1.75,0.762));
#10674 = CARTESIAN_POINT('',(-1.738235,1.75,0.765));
#10675 = ORIENTED_EDGE('',*,*,#10676,.F.);
#10676 = EDGE_CURVE('',#10670,#10670,#10677,.T.);
#10677 = CIRCLE('',#10678,0.102235);
#10678 = AXIS2_PLACEMENT_3D('',#10679,#10680,#10681);
#10679 = CARTESIAN_POINT('',(-1.636,1.75,0.762));
#10680 = DIRECTION('',(0.,0.,-1.));
#10681 = DIRECTION('',(1.,0.,0.));
#10682 = ORIENTED_EDGE('',*,*,#10669,.T.);
#10683 = CYLINDRICAL_SURFACE('',#10684,0.102235);
#10684 = AXIS2_PLACEMENT_3D('',#10685,#10686,#10687);
#10685 = CARTESIAN_POINT('',(-1.636,1.75,0.762));
#10686 = DIRECTION('',(0.,0.,1.));
#10687 = DIRECTION('',(1.,0.,-0.));
#10688 = ADVANCED_FACE('',(#10689),#10692,.F.);
#10689 = FACE_BOUND('',#10690,.T.);
#10690 = EDGE_LOOP('',(#10691));
#10691 = ORIENTED_EDGE('',*,*,#10676,.T.);
#10692 = PLANE('',#10693);
#10693 = AXIS2_PLACEMENT_3D('',#10694,#10695,#10696);
#10694 = CARTESIAN_POINT('',(-1.636,1.75,0.762));
#10695 = DIRECTION('',(0.,0.,1.));
#10696 = DIRECTION('',(0.,1.,0.));
#10697 = ADVANCED_FACE('',(#10698),#10701,.T.);
#10698 = FACE_BOUND('',#10699,.T.);
#10699 = EDGE_LOOP('',(#10700));
#10700 = ORIENTED_EDGE('',*,*,#10660,.T.);
#10701 = PLANE('',#10702);
#10702 = AXIS2_PLACEMENT_3D('',#10703,#10704,#10705);
#10703 = CARTESIAN_POINT('',(-1.636,1.75,0.765));
#10704 = DIRECTION('',(0.,0.,1.));
#10705 = DIRECTION('',(0.,1.,0.));
#10706 = ( GEOMETRIC_REPRESENTATION_CONTEXT(3) 
GLOBAL_UNCERTAINTY_ASSIGNED_CONTEXT((#10710)) 
GLOBAL_UNIT_ASSIGNED_CONTEXT((#10707,#10708,#10709)) 
REPRESENTATION_CONTEXT('Context #1',
  '3D Context with UNIT and UNCERTAINTY') );
#10707 = ( LENGTH_UNIT() NAMED_UNIT(*) SI_UNIT(.MILLI.,.METRE.) );
#10708 = ( NAMED_UNIT(*) PLANE_ANGLE_UNIT() SI_UNIT($,.RADIAN.) );
#10709 = ( NAMED_UNIT(*) SI_UNIT($,.STERADIAN.) SOLID_ANGLE_UNIT() );
#10710 = UNCERTAINTY_MEASURE_WITH_UNIT(LENGTH_MEASURE(2.E-04),#10707,
  'distance_accuracy_value','confusion accuracy');
#10711 = CONTEXT_DEPENDENT_SHAPE_REPRESENTATION(#10712,#10714);
#10712 = ( REPRESENTATION_RELATIONSHIP('','',#10653,#10510) 
REPRESENTATION_RELATIONSHIP_WITH_TRANSFORMATION(#10713) 
SHAPE_REPRESENTATION_RELATIONSHIP() );
#10713 = ITEM_DEFINED_TRANSFORMATION('','',#11,#10511);
#10714 = PRODUCT_DEFINITION_SHAPE('Placement','Placement of an item',
  #10715);
#10715 = NEXT_ASSEMBLY_USAGE_OCCURRENCE('27','=>[0:1:1:1]','',#10505,
  #10648,$);
#10716 = PRODUCT_RELATED_PRODUCT_CATEGORY('part',$,(#10650));
#10717 = SHAPE_DEFINITION_REPRESENTATION(#10718,#10724);
#10718 = PRODUCT_DEFINITION_SHAPE('','',#10719);
#10719 = PRODUCT_DEFINITION('design','',#10720,#10723);
#10720 = PRODUCT_DEFINITION_FORMATION('','',#10721);
#10721 = PRODUCT('part001','part001','',(#10722));
#10722 = PRODUCT_CONTEXT('',#2,'mechanical');
#10723 = PRODUCT_DEFINITION_CONTEXT('part definition',#2,'design');
#10724 = ADVANCED_BREP_SHAPE_REPRESENTATION('',(#11,#10725),#10875);
#10725 = MANIFOLD_SOLID_BREP('',#10726);
#10726 = CLOSED_SHELL('',(#10727,#10767,#10798,#10829,#10851,#10863));
#10727 = ADVANCED_FACE('',(#10728),#10762,.T.);
#10728 = FACE_BOUND('',#10729,.T.);
#10729 = EDGE_LOOP('',(#10730,#10740,#10748,#10756));
#10730 = ORIENTED_EDGE('',*,*,#10731,.F.);
#10731 = EDGE_CURVE('',#10732,#10734,#10736,.T.);
#10732 = VERTEX_POINT('',#10733);
#10733 = CARTESIAN_POINT('',(2.045,-2.553,5.1E-02));
#10734 = VERTEX_POINT('',#10735);
#10735 = CARTESIAN_POINT('',(-2.045,-2.553,5.1E-02));
#10736 = LINE('',#10737,#10738);
#10737 = CARTESIAN_POINT('',(2.045,-2.553,5.1E-02));
#10738 = VECTOR('',#10739,1.);
#10739 = DIRECTION('',(-1.,0.,0.));
#10740 = ORIENTED_EDGE('',*,*,#10741,.F.);
#10741 = EDGE_CURVE('',#10742,#10732,#10744,.T.);
#10742 = VERTEX_POINT('',#10743);
#10743 = CARTESIAN_POINT('',(2.045,-2.553,0.762));
#10744 = LINE('',#10745,#10746);
#10745 = CARTESIAN_POINT('',(2.045,-2.553,0.762));
#10746 = VECTOR('',#10747,1.);
#10747 = DIRECTION('',(0.,0.,-1.));
#10748 = ORIENTED_EDGE('',*,*,#10749,.F.);
#10749 = EDGE_CURVE('',#10750,#10742,#10752,.T.);
#10750 = VERTEX_POINT('',#10751);
#10751 = CARTESIAN_POINT('',(-2.045,-2.553,0.762));
#10752 = LINE('',#10753,#10754);
#10753 = CARTESIAN_POINT('',(-2.045,-2.553,0.762));
#10754 = VECTOR('',#10755,1.);
#10755 = DIRECTION('',(1.,0.,0.));
#10756 = ORIENTED_EDGE('',*,*,#10757,.F.);
#10757 = EDGE_CURVE('',#10734,#10750,#10758,.T.);
#10758 = LINE('',#10759,#10760);
#10759 = CARTESIAN_POINT('',(-2.045,-2.553,5.1E-02));
#10760 = VECTOR('',#10761,1.);
#10761 = DIRECTION('',(0.,0.,1.));
#10762 = PLANE('',#10763);
#10763 = AXIS2_PLACEMENT_3D('',#10764,#10765,#10766);
#10764 = CARTESIAN_POINT('',(-2.045,-2.553,5.1E-02));
#10765 = DIRECTION('',(0.,-1.,0.));
#10766 = DIRECTION('',(0.,0.,1.));
#10767 = ADVANCED_FACE('',(#10768),#10793,.T.);
#10768 = FACE_BOUND('',#10769,.T.);
#10769 = EDGE_LOOP('',(#10770,#10778,#10786,#10792));
#10770 = ORIENTED_EDGE('',*,*,#10771,.F.);
#10771 = EDGE_CURVE('',#10772,#10732,#10774,.T.);
#10772 = VERTEX_POINT('',#10773);
#10773 = CARTESIAN_POINT('',(2.045,2.553,5.1E-02));
#10774 = LINE('',#10775,#10776);
#10775 = CARTESIAN_POINT('',(2.045,2.553,5.1E-02));
#10776 = VECTOR('',#10777,1.);
#10777 = DIRECTION('',(0.,-1.,0.));
#10778 = ORIENTED_EDGE('',*,*,#10779,.F.);
#10779 = EDGE_CURVE('',#10780,#10772,#10782,.T.);
#10780 = VERTEX_POINT('',#10781);
#10781 = CARTESIAN_POINT('',(2.045,2.553,0.762));
#10782 = LINE('',#10783,#10784);
#10783 = CARTESIAN_POINT('',(2.045,2.553,0.762));
#10784 = VECTOR('',#10785,1.);
#10785 = DIRECTION('',(0.,0.,-1.));
#10786 = ORIENTED_EDGE('',*,*,#10787,.F.);
#10787 = EDGE_CURVE('',#10742,#10780,#10788,.T.);
#10788 = LINE('',#10789,#10790);
#10789 = CARTESIAN_POINT('',(2.045,-2.553,0.762));
#10790 = VECTOR('',#10791,1.);
#10791 = DIRECTION('',(0.,1.,0.));
#10792 = ORIENTED_EDGE('',*,*,#10741,.T.);
#10793 = PLANE('',#10794);
#10794 = AXIS2_PLACEMENT_3D('',#10795,#10796,#10797);
#10795 = CARTESIAN_POINT('',(2.045,-2.553,5.1E-02));
#10796 = DIRECTION('',(1.,0.,0.));
#10797 = DIRECTION('',(0.,0.,1.));
#10798 = ADVANCED_FACE('',(#10799),#10824,.T.);
#10799 = FACE_BOUND('',#10800,.T.);
#10800 = EDGE_LOOP('',(#10801,#10809,#10817,#10823));
#10801 = ORIENTED_EDGE('',*,*,#10802,.F.);
#10802 = EDGE_CURVE('',#10803,#10772,#10805,.T.);
#10803 = VERTEX_POINT('',#10804);
#10804 = CARTESIAN_POINT('',(-2.045,2.553,5.1E-02));
#10805 = LINE('',#10806,#10807);
#10806 = CARTESIAN_POINT('',(-2.045,2.553,5.1E-02));
#10807 = VECTOR('',#10808,1.);
#10808 = DIRECTION('',(1.,0.,0.));
#10809 = ORIENTED_EDGE('',*,*,#10810,.F.);
#10810 = EDGE_CURVE('',#10811,#10803,#10813,.T.);
#10811 = VERTEX_POINT('',#10812);
#10812 = CARTESIAN_POINT('',(-2.045,2.553,0.762));
#10813 = LINE('',#10814,#10815);
#10814 = CARTESIAN_POINT('',(-2.045,2.553,0.762));
#10815 = VECTOR('',#10816,1.);
#10816 = DIRECTION('',(0.,0.,-1.));
#10817 = ORIENTED_EDGE('',*,*,#10818,.F.);
#10818 = EDGE_CURVE('',#10780,#10811,#10819,.T.);
#10819 = LINE('',#10820,#10821);
#10820 = CARTESIAN_POINT('',(2.045,2.553,0.762));
#10821 = VECTOR('',#10822,1.);
#10822 = DIRECTION('',(-1.,0.,0.));
#10823 = ORIENTED_EDGE('',*,*,#10779,.T.);
#10824 = PLANE('',#10825);
#10825 = AXIS2_PLACEMENT_3D('',#10826,#10827,#10828);
#10826 = CARTESIAN_POINT('',(2.045,2.553,5.1E-02));
#10827 = DIRECTION('',(0.,1.,0.));
#10828 = DIRECTION('',(0.,-0.,1.));
#10829 = ADVANCED_FACE('',(#10830),#10846,.T.);
#10830 = FACE_BOUND('',#10831,.T.);
#10831 = EDGE_LOOP('',(#10832,#10838,#10839,#10845));
#10832 = ORIENTED_EDGE('',*,*,#10833,.F.);
#10833 = EDGE_CURVE('',#10734,#10803,#10834,.T.);
#10834 = LINE('',#10835,#10836);
#10835 = CARTESIAN_POINT('',(-2.045,-2.553,5.1E-02));
#10836 = VECTOR('',#10837,1.);
#10837 = DIRECTION('',(0.,1.,0.));
#10838 = ORIENTED_EDGE('',*,*,#10757,.T.);
#10839 = ORIENTED_EDGE('',*,*,#10840,.F.);
#10840 = EDGE_CURVE('',#10811,#10750,#10841,.T.);
#10841 = LINE('',#10842,#10843);
#10842 = CARTESIAN_POINT('',(-2.045,2.553,0.762));
#10843 = VECTOR('',#10844,1.);
#10844 = DIRECTION('',(0.,-1.,0.));
#10845 = ORIENTED_EDGE('',*,*,#10810,.T.);
#10846 = PLANE('',#10847);
#10847 = AXIS2_PLACEMENT_3D('',#10848,#10849,#10850);
#10848 = CARTESIAN_POINT('',(-2.045,2.553,5.1E-02));
#10849 = DIRECTION('',(-1.,0.,0.));
#10850 = DIRECTION('',(0.,0.,1.));
#10851 = ADVANCED_FACE('',(#10852),#10858,.T.);
#10852 = FACE_BOUND('',#10853,.T.);
#10853 = EDGE_LOOP('',(#10854,#10855,#10856,#10857));
#10854 = ORIENTED_EDGE('',*,*,#10802,.T.);
#10855 = ORIENTED_EDGE('',*,*,#10771,.T.);
#10856 = ORIENTED_EDGE('',*,*,#10731,.T.);
#10857 = ORIENTED_EDGE('',*,*,#10833,.T.);
#10858 = PLANE('',#10859);
#10859 = AXIS2_PLACEMENT_3D('',#10860,#10861,#10862);
#10860 = CARTESIAN_POINT('',(-2.045,2.553,5.1E-02));
#10861 = DIRECTION('',(0.,0.,-1.));
#10862 = DIRECTION('',(0.,1.,0.));
#10863 = ADVANCED_FACE('',(#10864),#10870,.T.);
#10864 = FACE_BOUND('',#10865,.T.);
#10865 = EDGE_LOOP('',(#10866,#10867,#10868,#10869));
#10866 = ORIENTED_EDGE('',*,*,#10749,.T.);
#10867 = ORIENTED_EDGE('',*,*,#10787,.T.);
#10868 = ORIENTED_EDGE('',*,*,#10818,.T.);
#10869 = ORIENTED_EDGE('',*,*,#10840,.T.);
#10870 = PLANE('',#10871);
#10871 = AXIS2_PLACEMENT_3D('',#10872,#10873,#10874);
#10872 = CARTESIAN_POINT('',(-2.045,-2.553,0.762));
#10873 = DIRECTION('',(0.,0.,1.));
#10874 = DIRECTION('',(0.,1.,0.));
#10875 = ( GEOMETRIC_REPRESENTATION_CONTEXT(3) 
GLOBAL_UNCERTAINTY_ASSIGNED_CONTEXT((#10879)) 
GLOBAL_UNIT_ASSIGNED_CONTEXT((#10876,#10877,#10878)) 
REPRESENTATION_CONTEXT('Context #1',
  '3D Context with UNIT and UNCERTAINTY') );
#10876 = ( LENGTH_UNIT() NAMED_UNIT(*) SI_UNIT(.MILLI.,.METRE.) );
#10877 = ( NAMED_UNIT(*) PLANE_ANGLE_UNIT() SI_UNIT($,.RADIAN.) );
#10878 = ( NAMED_UNIT(*) SI_UNIT($,.STERADIAN.) SOLID_ANGLE_UNIT() );
#10879 = UNCERTAINTY_MEASURE_WITH_UNIT(LENGTH_MEASURE(1.E-07),#10876,
  'distance_accuracy_value','confusion accuracy');
#10880 = CONTEXT_DEPENDENT_SHAPE_REPRESENTATION(#10881,#10883);
#10881 = ( REPRESENTATION_RELATIONSHIP('','',#10724,#10510) 
REPRESENTATION_RELATIONSHIP_WITH_TRANSFORMATION(#10882) 
SHAPE_REPRESENTATION_RELATIONSHIP() );
#10882 = ITEM_DEFINED_TRANSFORMATION('','',#11,#10515);
#10883 = PRODUCT_DEFINITION_SHAPE('Placement','Placement of an item',
  #10884);
#10884 = NEXT_ASSEMBLY_USAGE_OCCURRENCE('28','=>[0:1:1:2]','',#10505,
  #10719,$);
#10885 = PRODUCT_RELATED_PRODUCT_CATEGORY('part',$,(#10721));
#10886 = SHAPE_DEFINITION_REPRESENTATION(#10887,#10893);
#10887 = PRODUCT_DEFINITION_SHAPE('','',#10888);
#10888 = PRODUCT_DEFINITION('design','',#10889,#10892);
#10889 = PRODUCT_DEFINITION_FORMATION('','',#10890);
#10890 = PRODUCT('part002','part002','',(#10891));
#10891 = PRODUCT_CONTEXT('',#2,'mechanical');
#10892 = PRODUCT_DEFINITION_CONTEXT('part definition',#2,'design');
#10893 = ADVANCED_BREP_SHAPE_REPRESENTATION('',(#11,#10894),#11044);
#10894 = MANIFOLD_SOLID_BREP('',#10895);
#10895 = CLOSED_SHELL('',(#10896,#10936,#10967,#10998,#11020,#11032));
#10896 = ADVANCED_FACE('',(#10897),#10931,.T.);
#10897 = FACE_BOUND('',#10898,.T.);
#10898 = EDGE_LOOP('',(#10899,#10909,#10917,#10925));
#10899 = ORIENTED_EDGE('',*,*,#10900,.F.);
#10900 = EDGE_CURVE('',#10901,#10903,#10905,.T.);
#10901 = VERTEX_POINT('',#10902);
#10902 = CARTESIAN_POINT('',(-1.537,1.598,0.));
#10903 = VERTEX_POINT('',#10904);
#10904 = CARTESIAN_POINT('',(-2.045,1.598,0.));
#10905 = LINE('',#10906,#10907);
#10906 = CARTESIAN_POINT('',(-1.537,1.598,0.));
#10907 = VECTOR('',#10908,1.);
#10908 = DIRECTION('',(-1.,0.,0.));
#10909 = ORIENTED_EDGE('',*,*,#10910,.F.);
#10910 = EDGE_CURVE('',#10911,#10901,#10913,.T.);
#10911 = VERTEX_POINT('',#10912);
#10912 = CARTESIAN_POINT('',(-1.537,1.598,5.1E-02));
#10913 = LINE('',#10914,#10915);
#10914 = CARTESIAN_POINT('',(-1.537,1.598,5.1E-02));
#10915 = VECTOR('',#10916,1.);
#10916 = DIRECTION('',(0.,0.,-1.));
#10917 = ORIENTED_EDGE('',*,*,#10918,.F.);
#10918 = EDGE_CURVE('',#10919,#10911,#10921,.T.);
#10919 = VERTEX_POINT('',#10920);
#10920 = CARTESIAN_POINT('',(-2.045,1.598,5.1E-02));
#10921 = LINE('',#10922,#10923);
#10922 = CARTESIAN_POINT('',(-2.045,1.598,5.1E-02));
#10923 = VECTOR('',#10924,1.);
#10924 = DIRECTION('',(1.,0.,0.));
#10925 = ORIENTED_EDGE('',*,*,#10926,.F.);
#10926 = EDGE_CURVE('',#10903,#10919,#10927,.T.);
#10927 = LINE('',#10928,#10929);
#10928 = CARTESIAN_POINT('',(-2.045,1.598,0.));
#10929 = VECTOR('',#10930,1.);
#10930 = DIRECTION('',(0.,0.,1.));
#10931 = PLANE('',#10932);
#10932 = AXIS2_PLACEMENT_3D('',#10933,#10934,#10935);
#10933 = CARTESIAN_POINT('',(-2.045,1.598,0.));
#10934 = DIRECTION('',(0.,-1.,0.));
#10935 = DIRECTION('',(0.,0.,1.));
#10936 = ADVANCED_FACE('',(#10937),#10962,.T.);
#10937 = FACE_BOUND('',#10938,.T.);
#10938 = EDGE_LOOP('',(#10939,#10947,#10955,#10961));
#10939 = ORIENTED_EDGE('',*,*,#10940,.F.);
#10940 = EDGE_CURVE('',#10941,#10901,#10943,.T.);
#10941 = VERTEX_POINT('',#10942);
#10942 = CARTESIAN_POINT('',(-1.537,1.902,0.));
#10943 = LINE('',#10944,#10945);
#10944 = CARTESIAN_POINT('',(-1.537,1.902,0.));
#10945 = VECTOR('',#10946,1.);
#10946 = DIRECTION('',(0.,-1.,0.));
#10947 = ORIENTED_EDGE('',*,*,#10948,.F.);
#10948 = EDGE_CURVE('',#10949,#10941,#10951,.T.);
#10949 = VERTEX_POINT('',#10950);
#10950 = CARTESIAN_POINT('',(-1.537,1.902,5.1E-02));
#10951 = LINE('',#10952,#10953);
#10952 = CARTESIAN_POINT('',(-1.537,1.902,5.1E-02));
#10953 = VECTOR('',#10954,1.);
#10954 = DIRECTION('',(0.,0.,-1.));
#10955 = ORIENTED_EDGE('',*,*,#10956,.F.);
#10956 = EDGE_CURVE('',#10911,#10949,#10957,.T.);
#10957 = LINE('',#10958,#10959);
#10958 = CARTESIAN_POINT('',(-1.537,1.598,5.1E-02));
#10959 = VECTOR('',#10960,1.);
#10960 = DIRECTION('',(0.,1.,0.));
#10961 = ORIENTED_EDGE('',*,*,#10910,.T.);
#10962 = PLANE('',#10963);
#10963 = AXIS2_PLACEMENT_3D('',#10964,#10965,#10966);
#10964 = CARTESIAN_POINT('',(-1.537,1.598,0.));
#10965 = DIRECTION('',(1.,0.,0.));
#10966 = DIRECTION('',(0.,0.,1.));
#10967 = ADVANCED_FACE('',(#10968),#10993,.T.);
#10968 = FACE_BOUND('',#10969,.T.);
#10969 = EDGE_LOOP('',(#10970,#10978,#10986,#10992));
#10970 = ORIENTED_EDGE('',*,*,#10971,.F.);
#10971 = EDGE_CURVE('',#10972,#10941,#10974,.T.);
#10972 = VERTEX_POINT('',#10973);
#10973 = CARTESIAN_POINT('',(-2.045,1.902,0.));
#10974 = LINE('',#10975,#10976);
#10975 = CARTESIAN_POINT('',(-2.045,1.902,0.));
#10976 = VECTOR('',#10977,1.);
#10977 = DIRECTION('',(1.,0.,0.));
#10978 = ORIENTED_EDGE('',*,*,#10979,.F.);
#10979 = EDGE_CURVE('',#10980,#10972,#10982,.T.);
#10980 = VERTEX_POINT('',#10981);
#10981 = CARTESIAN_POINT('',(-2.045,1.902,5.1E-02));
#10982 = LINE('',#10983,#10984);
#10983 = CARTESIAN_POINT('',(-2.045,1.902,5.1E-02));
#10984 = VECTOR('',#10985,1.);
#10985 = DIRECTION('',(0.,0.,-1.));
#10986 = ORIENTED_EDGE('',*,*,#10987,.F.);
#10987 = EDGE_CURVE('',#10949,#10980,#10988,.T.);
#10988 = LINE('',#10989,#10990);
#10989 = CARTESIAN_POINT('',(-1.537,1.902,5.1E-02));
#10990 = VECTOR('',#10991,1.);
#10991 = DIRECTION('',(-1.,0.,0.));
#10992 = ORIENTED_EDGE('',*,*,#10948,.T.);
#10993 = PLANE('',#10994);
#10994 = AXIS2_PLACEMENT_3D('',#10995,#10996,#10997);
#10995 = CARTESIAN_POINT('',(-1.537,1.902,0.));
#10996 = DIRECTION('',(0.,1.,0.));
#10997 = DIRECTION('',(0.,-0.,1.));
#10998 = ADVANCED_FACE('',(#10999),#11015,.T.);
#10999 = FACE_BOUND('',#11000,.T.);
#11000 = EDGE_LOOP('',(#11001,#11007,#11008,#11014));
#11001 = ORIENTED_EDGE('',*,*,#11002,.F.);
#11002 = EDGE_CURVE('',#10903,#10972,#11003,.T.);
#11003 = LINE('',#11004,#11005);
#11004 = CARTESIAN_POINT('',(-2.045,1.598,0.));
#11005 = VECTOR('',#11006,1.);
#11006 = DIRECTION('',(0.,1.,0.));
#11007 = ORIENTED_EDGE('',*,*,#10926,.T.);
#11008 = ORIENTED_EDGE('',*,*,#11009,.F.);
#11009 = EDGE_CURVE('',#10980,#10919,#11010,.T.);
#11010 = LINE('',#11011,#11012);
#11011 = CARTESIAN_POINT('',(-2.045,1.902,5.1E-02));
#11012 = VECTOR('',#11013,1.);
#11013 = DIRECTION('',(0.,-1.,0.));
#11014 = ORIENTED_EDGE('',*,*,#10979,.T.);
#11015 = PLANE('',#11016);
#11016 = AXIS2_PLACEMENT_3D('',#11017,#11018,#11019);
#11017 = CARTESIAN_POINT('',(-2.045,1.902,0.));
#11018 = DIRECTION('',(-1.,0.,0.));
#11019 = DIRECTION('',(0.,0.,1.));
#11020 = ADVANCED_FACE('',(#11021),#11027,.T.);
#11021 = FACE_BOUND('',#11022,.T.);
#11022 = EDGE_LOOP('',(#11023,#11024,#11025,#11026));
#11023 = ORIENTED_EDGE('',*,*,#10971,.T.);
#11024 = ORIENTED_EDGE('',*,*,#10940,.T.);
#11025 = ORIENTED_EDGE('',*,*,#10900,.T.);
#11026 = ORIENTED_EDGE('',*,*,#11002,.T.);
#11027 = PLANE('',#11028);
#11028 = AXIS2_PLACEMENT_3D('',#11029,#11030,#11031);
#11029 = CARTESIAN_POINT('',(-2.045,1.902,0.));
#11030 = DIRECTION('',(0.,0.,-1.));
#11031 = DIRECTION('',(0.,1.,0.));
#11032 = ADVANCED_FACE('',(#11033),#11039,.T.);
#11033 = FACE_BOUND('',#11034,.T.);
#11034 = EDGE_LOOP('',(#11035,#11036,#11037,#11038));
#11035 = ORIENTED_EDGE('',*,*,#10918,.T.);
#11036 = ORIENTED_EDGE('',*,*,#10956,.T.);
#11037 = ORIENTED_EDGE('',*,*,#10987,.T.);
#11038 = ORIENTED_EDGE('',*,*,#11009,.T.);
#11039 = PLANE('',#11040);
#11040 = AXIS2_PLACEMENT_3D('',#11041,#11042,#11043);
#11041 = CARTESIAN_POINT('',(-2.045,1.598,5.1E-02));
#11042 = DIRECTION('',(0.,0.,1.));
#11043 = DIRECTION('',(0.,1.,0.));
#11044 = ( GEOMETRIC_REPRESENTATION_CONTEXT(3) 
GLOBAL_UNCERTAINTY_ASSIGNED_CONTEXT((#11048)) 
GLOBAL_UNIT_ASSIGNED_CONTEXT((#11045,#11046,#11047)) 
REPRESENTATION_CONTEXT('Context #1',
  '3D Context with UNIT and UNCERTAINTY') );
#11045 = ( LENGTH_UNIT() NAMED_UNIT(*) SI_UNIT(.MILLI.,.METRE.) );
#11046 = ( NAMED_UNIT(*) PLANE_ANGLE_UNIT() SI_UNIT($,.RADIAN.) );
#11047 = ( NAMED_UNIT(*) SI_UNIT($,.STERADIAN.) SOLID_ANGLE_UNIT() );
#11048 = UNCERTAINTY_MEASURE_WITH_UNIT(LENGTH_MEASURE(1.E-07),#11045,
  'distance_accuracy_value','confusion accuracy');
#11049 = CONTEXT_DEPENDENT_SHAPE_REPRESENTATION(#11050,#11052);
#11050 = ( REPRESENTATION_RELATIONSHIP('','',#10893,#10510) 
REPRESENTATION_RELATIONSHIP_WITH_TRANSFORMATION(#11051) 
SHAPE_REPRESENTATION_RELATIONSHIP() );
#11051 = ITEM_DEFINED_TRANSFORMATION('','',#11,#10519);
#11052 = PRODUCT_DEFINITION_SHAPE('Placement','Placement of an item',
  #11053);
#11053 = NEXT_ASSEMBLY_USAGE_OCCURRENCE('29','=>[0:1:1:3]','',#10505,
  #10888,$);
#11054 = PRODUCT_RELATED_PRODUCT_CATEGORY('part',$,(#10890));
#11055 = SHAPE_DEFINITION_REPRESENTATION(#11056,#11062);
#11056 = PRODUCT_DEFINITION_SHAPE('','',#11057);
#11057 = PRODUCT_DEFINITION('design','',#11058,#11061);
#11058 = PRODUCT_DEFINITION_FORMATION('','',#11059);
#11059 = PRODUCT('part003','part003','',(#11060));
#11060 = PRODUCT_CONTEXT('',#2,'mechanical');
#11061 = PRODUCT_DEFINITION_CONTEXT('part definition',#2,'design');
#11062 = ADVANCED_BREP_SHAPE_REPRESENTATION('',(#11,#11063),#11213);
#11063 = MANIFOLD_SOLID_BREP('',#11064);
#11064 = CLOSED_SHELL('',(#11065,#11105,#11136,#11167,#11189,#11201));
#11065 = ADVANCED_FACE('',(#11066),#11100,.T.);
#11066 = FACE_BOUND('',#11067,.T.);
#11067 = EDGE_LOOP('',(#11068,#11078,#11086,#11094));
#11068 = ORIENTED_EDGE('',*,*,#11069,.F.);
#11069 = EDGE_CURVE('',#11070,#11072,#11074,.T.);
#11070 = VERTEX_POINT('',#11071);
#11071 = CARTESIAN_POINT('',(-1.537,1.098,0.));
#11072 = VERTEX_POINT('',#11073);
#11073 = CARTESIAN_POINT('',(-2.045,1.098,0.));
#11074 = LINE('',#11075,#11076);
#11075 = CARTESIAN_POINT('',(-1.537,1.098,0.));
#11076 = VECTOR('',#11077,1.);
#11077 = DIRECTION('',(-1.,0.,0.));
#11078 = ORIENTED_EDGE('',*,*,#11079,.F.);
#11079 = EDGE_CURVE('',#11080,#11070,#11082,.T.);
#11080 = VERTEX_POINT('',#11081);
#11081 = CARTESIAN_POINT('',(-1.537,1.098,5.1E-02));
#11082 = LINE('',#11083,#11084);
#11083 = CARTESIAN_POINT('',(-1.537,1.098,5.1E-02));
#11084 = VECTOR('',#11085,1.);
#11085 = DIRECTION('',(0.,0.,-1.));
#11086 = ORIENTED_EDGE('',*,*,#11087,.F.);
#11087 = EDGE_CURVE('',#11088,#11080,#11090,.T.);
#11088 = VERTEX_POINT('',#11089);
#11089 = CARTESIAN_POINT('',(-2.045,1.098,5.1E-02));
#11090 = LINE('',#11091,#11092);
#11091 = CARTESIAN_POINT('',(-2.045,1.098,5.1E-02));
#11092 = VECTOR('',#11093,1.);
#11093 = DIRECTION('',(1.,0.,0.));
#11094 = ORIENTED_EDGE('',*,*,#11095,.F.);
#11095 = EDGE_CURVE('',#11072,#11088,#11096,.T.);
#11096 = LINE('',#11097,#11098);
#11097 = CARTESIAN_POINT('',(-2.045,1.098,0.));
#11098 = VECTOR('',#11099,1.);
#11099 = DIRECTION('',(0.,0.,1.));
#11100 = PLANE('',#11101);
#11101 = AXIS2_PLACEMENT_3D('',#11102,#11103,#11104);
#11102 = CARTESIAN_POINT('',(-2.045,1.098,0.));
#11103 = DIRECTION('',(0.,-1.,0.));
#11104 = DIRECTION('',(0.,0.,1.));
#11105 = ADVANCED_FACE('',(#11106),#11131,.T.);
#11106 = FACE_BOUND('',#11107,.T.);
#11107 = EDGE_LOOP('',(#11108,#11116,#11124,#11130));
#11108 = ORIENTED_EDGE('',*,*,#11109,.F.);
#11109 = EDGE_CURVE('',#11110,#11070,#11112,.T.);
#11110 = VERTEX_POINT('',#11111);
#11111 = CARTESIAN_POINT('',(-1.537,1.402,0.));
#11112 = LINE('',#11113,#11114);
#11113 = CARTESIAN_POINT('',(-1.537,1.402,0.));
#11114 = VECTOR('',#11115,1.);
#11115 = DIRECTION('',(0.,-1.,0.));
#11116 = ORIENTED_EDGE('',*,*,#11117,.F.);
#11117 = EDGE_CURVE('',#11118,#11110,#11120,.T.);
#11118 = VERTEX_POINT('',#11119);
#11119 = CARTESIAN_POINT('',(-1.537,1.402,5.1E-02));
#11120 = LINE('',#11121,#11122);
#11121 = CARTESIAN_POINT('',(-1.537,1.402,5.1E-02));
#11122 = VECTOR('',#11123,1.);
#11123 = DIRECTION('',(0.,0.,-1.));
#11124 = ORIENTED_EDGE('',*,*,#11125,.F.);
#11125 = EDGE_CURVE('',#11080,#11118,#11126,.T.);
#11126 = LINE('',#11127,#11128);
#11127 = CARTESIAN_POINT('',(-1.537,1.098,5.1E-02));
#11128 = VECTOR('',#11129,1.);
#11129 = DIRECTION('',(0.,1.,0.));
#11130 = ORIENTED_EDGE('',*,*,#11079,.T.);
#11131 = PLANE('',#11132);
#11132 = AXIS2_PLACEMENT_3D('',#11133,#11134,#11135);
#11133 = CARTESIAN_POINT('',(-1.537,1.098,0.));
#11134 = DIRECTION('',(1.,0.,0.));
#11135 = DIRECTION('',(0.,0.,1.));
#11136 = ADVANCED_FACE('',(#11137),#11162,.T.);
#11137 = FACE_BOUND('',#11138,.T.);
#11138 = EDGE_LOOP('',(#11139,#11147,#11155,#11161));
#11139 = ORIENTED_EDGE('',*,*,#11140,.F.);
#11140 = EDGE_CURVE('',#11141,#11110,#11143,.T.);
#11141 = VERTEX_POINT('',#11142);
#11142 = CARTESIAN_POINT('',(-2.045,1.402,0.));
#11143 = LINE('',#11144,#11145);
#11144 = CARTESIAN_POINT('',(-2.045,1.402,0.));
#11145 = VECTOR('',#11146,1.);
#11146 = DIRECTION('',(1.,0.,0.));
#11147 = ORIENTED_EDGE('',*,*,#11148,.F.);
#11148 = EDGE_CURVE('',#11149,#11141,#11151,.T.);
#11149 = VERTEX_POINT('',#11150);
#11150 = CARTESIAN_POINT('',(-2.045,1.402,5.1E-02));
#11151 = LINE('',#11152,#11153);
#11152 = CARTESIAN_POINT('',(-2.045,1.402,5.1E-02));
#11153 = VECTOR('',#11154,1.);
#11154 = DIRECTION('',(0.,0.,-1.));
#11155 = ORIENTED_EDGE('',*,*,#11156,.F.);
#11156 = EDGE_CURVE('',#11118,#11149,#11157,.T.);
#11157 = LINE('',#11158,#11159);
#11158 = CARTESIAN_POINT('',(-1.537,1.402,5.1E-02));
#11159 = VECTOR('',#11160,1.);
#11160 = DIRECTION('',(-1.,0.,0.));
#11161 = ORIENTED_EDGE('',*,*,#11117,.T.);
#11162 = PLANE('',#11163);
#11163 = AXIS2_PLACEMENT_3D('',#11164,#11165,#11166);
#11164 = CARTESIAN_POINT('',(-1.537,1.402,0.));
#11165 = DIRECTION('',(0.,1.,0.));
#11166 = DIRECTION('',(0.,-0.,1.));
#11167 = ADVANCED_FACE('',(#11168),#11184,.T.);
#11168 = FACE_BOUND('',#11169,.T.);
#11169 = EDGE_LOOP('',(#11170,#11176,#11177,#11183));
#11170 = ORIENTED_EDGE('',*,*,#11171,.F.);
#11171 = EDGE_CURVE('',#11072,#11141,#11172,.T.);
#11172 = LINE('',#11173,#11174);
#11173 = CARTESIAN_POINT('',(-2.045,1.098,0.));
#11174 = VECTOR('',#11175,1.);
#11175 = DIRECTION('',(0.,1.,0.));
#11176 = ORIENTED_EDGE('',*,*,#11095,.T.);
#11177 = ORIENTED_EDGE('',*,*,#11178,.F.);
#11178 = EDGE_CURVE('',#11149,#11088,#11179,.T.);
#11179 = LINE('',#11180,#11181);
#11180 = CARTESIAN_POINT('',(-2.045,1.402,5.1E-02));
#11181 = VECTOR('',#11182,1.);
#11182 = DIRECTION('',(0.,-1.,0.));
#11183 = ORIENTED_EDGE('',*,*,#11148,.T.);
#11184 = PLANE('',#11185);
#11185 = AXIS2_PLACEMENT_3D('',#11186,#11187,#11188);
#11186 = CARTESIAN_POINT('',(-2.045,1.402,0.));
#11187 = DIRECTION('',(-1.,0.,0.));
#11188 = DIRECTION('',(0.,0.,1.));
#11189 = ADVANCED_FACE('',(#11190),#11196,.T.);
#11190 = FACE_BOUND('',#11191,.T.);
#11191 = EDGE_LOOP('',(#11192,#11193,#11194,#11195));
#11192 = ORIENTED_EDGE('',*,*,#11140,.T.);
#11193 = ORIENTED_EDGE('',*,*,#11109,.T.);
#11194 = ORIENTED_EDGE('',*,*,#11069,.T.);
#11195 = ORIENTED_EDGE('',*,*,#11171,.T.);
#11196 = PLANE('',#11197);
#11197 = AXIS2_PLACEMENT_3D('',#11198,#11199,#11200);
#11198 = CARTESIAN_POINT('',(-2.045,1.402,0.));
#11199 = DIRECTION('',(0.,0.,-1.));
#11200 = DIRECTION('',(0.,1.,0.));
#11201 = ADVANCED_FACE('',(#11202),#11208,.T.);
#11202 = FACE_BOUND('',#11203,.T.);
#11203 = EDGE_LOOP('',(#11204,#11205,#11206,#11207));
#11204 = ORIENTED_EDGE('',*,*,#11087,.T.);
#11205 = ORIENTED_EDGE('',*,*,#11125,.T.);
#11206 = ORIENTED_EDGE('',*,*,#11156,.T.);
#11207 = ORIENTED_EDGE('',*,*,#11178,.T.);
#11208 = PLANE('',#11209);
#11209 = AXIS2_PLACEMENT_3D('',#11210,#11211,#11212);
#11210 = CARTESIAN_POINT('',(-2.045,1.098,5.1E-02));
#11211 = DIRECTION('',(0.,0.,1.));
#11212 = DIRECTION('',(0.,1.,0.));
#11213 = ( GEOMETRIC_REPRESENTATION_CONTEXT(3) 
GLOBAL_UNCERTAINTY_ASSIGNED_CONTEXT((#11217)) 
GLOBAL_UNIT_ASSIGNED_CONTEXT((#11214,#11215,#11216)) 
REPRESENTATION_CONTEXT('Context #1',
  '3D Context with UNIT and UNCERTAINTY') );
#11214 = ( LENGTH_UNIT() NAMED_UNIT(*) SI_UNIT(.MILLI.,.METRE.) );
#11215 = ( NAMED_UNIT(*) PLANE_ANGLE_UNIT() SI_UNIT($,.RADIAN.) );
#11216 = ( NAMED_UNIT(*) SI_UNIT($,.STERADIAN.) SOLID_ANGLE_UNIT() );
#11217 = UNCERTAINTY_MEASURE_WITH_UNIT(LENGTH_MEASURE(1.E-07),#11214,
  'distance_accuracy_value','confusion accuracy');
#11218 = CONTEXT_DEPENDENT_SHAPE_REPRESENTATION(#11219,#11221);
#11219 = ( REPRESENTATION_RELATIONSHIP('','',#11062,#10510) 
REPRESENTATION_RELATIONSHIP_WITH_TRANSFORMATION(#11220) 
SHAPE_REPRESENTATION_RELATIONSHIP() );
#11220 = ITEM_DEFINED_TRANSFORMATION('','',#11,#10523);
#11221 = PRODUCT_DEFINITION_SHAPE('Placement','Placement of an item',
  #11222);
#11222 = NEXT_ASSEMBLY_USAGE_OCCURRENCE('30','=>[0:1:1:4]','',#10505,
  #11057,$);
#11223 = PRODUCT_RELATED_PRODUCT_CATEGORY('part',$,(#11059));
#11224 = SHAPE_DEFINITION_REPRESENTATION(#11225,#11231);
#11225 = PRODUCT_DEFINITION_SHAPE('','',#11226);
#11226 = PRODUCT_DEFINITION('design','',#11227,#11230);
#11227 = PRODUCT_DEFINITION_FORMATION('','',#11228);
#11228 = PRODUCT('part004','part004','',(#11229));
#11229 = PRODUCT_CONTEXT('',#2,'mechanical');
#11230 = PRODUCT_DEFINITION_CONTEXT('part definition',#2,'design');
#11231 = ADVANCED_BREP_SHAPE_REPRESENTATION('',(#11,#11232),#11382);
#11232 = MANIFOLD_SOLID_BREP('',#11233);
#11233 = CLOSED_SHELL('',(#11234,#11274,#11305,#11336,#11358,#11370));
#11234 = ADVANCED_FACE('',(#11235),#11269,.T.);
#11235 = FACE_BOUND('',#11236,.T.);
#11236 = EDGE_LOOP('',(#11237,#11247,#11255,#11263));
#11237 = ORIENTED_EDGE('',*,*,#11238,.F.);
#11238 = EDGE_CURVE('',#11239,#11241,#11243,.T.);
#11239 = VERTEX_POINT('',#11240);
#11240 = CARTESIAN_POINT('',(-1.537,0.598,0.));
#11241 = VERTEX_POINT('',#11242);
#11242 = CARTESIAN_POINT('',(-2.045,0.598,0.));
#11243 = LINE('',#11244,#11245);
#11244 = CARTESIAN_POINT('',(-1.537,0.598,0.));
#11245 = VECTOR('',#11246,1.);
#11246 = DIRECTION('',(-1.,0.,0.));
#11247 = ORIENTED_EDGE('',*,*,#11248,.F.);
#11248 = EDGE_CURVE('',#11249,#11239,#11251,.T.);
#11249 = VERTEX_POINT('',#11250);
#11250 = CARTESIAN_POINT('',(-1.537,0.598,5.1E-02));
#11251 = LINE('',#11252,#11253);
#11252 = CARTESIAN_POINT('',(-1.537,0.598,5.1E-02));
#11253 = VECTOR('',#11254,1.);
#11254 = DIRECTION('',(0.,0.,-1.));
#11255 = ORIENTED_EDGE('',*,*,#11256,.F.);
#11256 = EDGE_CURVE('',#11257,#11249,#11259,.T.);
#11257 = VERTEX_POINT('',#11258);
#11258 = CARTESIAN_POINT('',(-2.045,0.598,5.1E-02));
#11259 = LINE('',#11260,#11261);
#11260 = CARTESIAN_POINT('',(-2.045,0.598,5.1E-02));
#11261 = VECTOR('',#11262,1.);
#11262 = DIRECTION('',(1.,0.,0.));
#11263 = ORIENTED_EDGE('',*,*,#11264,.F.);
#11264 = EDGE_CURVE('',#11241,#11257,#11265,.T.);
#11265 = LINE('',#11266,#11267);
#11266 = CARTESIAN_POINT('',(-2.045,0.598,0.));
#11267 = VECTOR('',#11268,1.);
#11268 = DIRECTION('',(0.,0.,1.));
#11269 = PLANE('',#11270);
#11270 = AXIS2_PLACEMENT_3D('',#11271,#11272,#11273);
#11271 = CARTESIAN_POINT('',(-2.045,0.598,0.));
#11272 = DIRECTION('',(0.,-1.,0.));
#11273 = DIRECTION('',(0.,0.,1.));
#11274 = ADVANCED_FACE('',(#11275),#11300,.T.);
#11275 = FACE_BOUND('',#11276,.T.);
#11276 = EDGE_LOOP('',(#11277,#11285,#11293,#11299));
#11277 = ORIENTED_EDGE('',*,*,#11278,.F.);
#11278 = EDGE_CURVE('',#11279,#11239,#11281,.T.);
#11279 = VERTEX_POINT('',#11280);
#11280 = CARTESIAN_POINT('',(-1.537,0.902,0.));
#11281 = LINE('',#11282,#11283);
#11282 = CARTESIAN_POINT('',(-1.537,0.902,0.));
#11283 = VECTOR('',#11284,1.);
#11284 = DIRECTION('',(0.,-1.,0.));
#11285 = ORIENTED_EDGE('',*,*,#11286,.F.);
#11286 = EDGE_CURVE('',#11287,#11279,#11289,.T.);
#11287 = VERTEX_POINT('',#11288);
#11288 = CARTESIAN_POINT('',(-1.537,0.902,5.1E-02));
#11289 = LINE('',#11290,#11291);
#11290 = CARTESIAN_POINT('',(-1.537,0.902,5.1E-02));
#11291 = VECTOR('',#11292,1.);
#11292 = DIRECTION('',(0.,0.,-1.));
#11293 = ORIENTED_EDGE('',*,*,#11294,.F.);
#11294 = EDGE_CURVE('',#11249,#11287,#11295,.T.);
#11295 = LINE('',#11296,#11297);
#11296 = CARTESIAN_POINT('',(-1.537,0.598,5.1E-02));
#11297 = VECTOR('',#11298,1.);
#11298 = DIRECTION('',(0.,1.,0.));
#11299 = ORIENTED_EDGE('',*,*,#11248,.T.);
#11300 = PLANE('',#11301);
#11301 = AXIS2_PLACEMENT_3D('',#11302,#11303,#11304);
#11302 = CARTESIAN_POINT('',(-1.537,0.598,0.));
#11303 = DIRECTION('',(1.,0.,0.));
#11304 = DIRECTION('',(0.,0.,1.));
#11305 = ADVANCED_FACE('',(#11306),#11331,.T.);
#11306 = FACE_BOUND('',#11307,.T.);
#11307 = EDGE_LOOP('',(#11308,#11316,#11324,#11330));
#11308 = ORIENTED_EDGE('',*,*,#11309,.F.);
#11309 = EDGE_CURVE('',#11310,#11279,#11312,.T.);
#11310 = VERTEX_POINT('',#11311);
#11311 = CARTESIAN_POINT('',(-2.045,0.902,0.));
#11312 = LINE('',#11313,#11314);
#11313 = CARTESIAN_POINT('',(-2.045,0.902,0.));
#11314 = VECTOR('',#11315,1.);
#11315 = DIRECTION('',(1.,0.,0.));
#11316 = ORIENTED_EDGE('',*,*,#11317,.F.);
#11317 = EDGE_CURVE('',#11318,#11310,#11320,.T.);
#11318 = VERTEX_POINT('',#11319);
#11319 = CARTESIAN_POINT('',(-2.045,0.902,5.1E-02));
#11320 = LINE('',#11321,#11322);
#11321 = CARTESIAN_POINT('',(-2.045,0.902,5.1E-02));
#11322 = VECTOR('',#11323,1.);
#11323 = DIRECTION('',(0.,0.,-1.));
#11324 = ORIENTED_EDGE('',*,*,#11325,.F.);
#11325 = EDGE_CURVE('',#11287,#11318,#11326,.T.);
#11326 = LINE('',#11327,#11328);
#11327 = CARTESIAN_POINT('',(-1.537,0.902,5.1E-02));
#11328 = VECTOR('',#11329,1.);
#11329 = DIRECTION('',(-1.,0.,0.));
#11330 = ORIENTED_EDGE('',*,*,#11286,.T.);
#11331 = PLANE('',#11332);
#11332 = AXIS2_PLACEMENT_3D('',#11333,#11334,#11335);
#11333 = CARTESIAN_POINT('',(-1.537,0.902,0.));
#11334 = DIRECTION('',(0.,1.,0.));
#11335 = DIRECTION('',(0.,-0.,1.));
#11336 = ADVANCED_FACE('',(#11337),#11353,.T.);
#11337 = FACE_BOUND('',#11338,.T.);
#11338 = EDGE_LOOP('',(#11339,#11345,#11346,#11352));
#11339 = ORIENTED_EDGE('',*,*,#11340,.F.);
#11340 = EDGE_CURVE('',#11241,#11310,#11341,.T.);
#11341 = LINE('',#11342,#11343);
#11342 = CARTESIAN_POINT('',(-2.045,0.598,0.));
#11343 = VECTOR('',#11344,1.);
#11344 = DIRECTION('',(0.,1.,0.));
#11345 = ORIENTED_EDGE('',*,*,#11264,.T.);
#11346 = ORIENTED_EDGE('',*,*,#11347,.F.);
#11347 = EDGE_CURVE('',#11318,#11257,#11348,.T.);
#11348 = LINE('',#11349,#11350);
#11349 = CARTESIAN_POINT('',(-2.045,0.902,5.1E-02));
#11350 = VECTOR('',#11351,1.);
#11351 = DIRECTION('',(0.,-1.,0.));
#11352 = ORIENTED_EDGE('',*,*,#11317,.T.);
#11353 = PLANE('',#11354);
#11354 = AXIS2_PLACEMENT_3D('',#11355,#11356,#11357);
#11355 = CARTESIAN_POINT('',(-2.045,0.902,0.));
#11356 = DIRECTION('',(-1.,0.,0.));
#11357 = DIRECTION('',(0.,0.,1.));
#11358 = ADVANCED_FACE('',(#11359),#11365,.T.);
#11359 = FACE_BOUND('',#11360,.T.);
#11360 = EDGE_LOOP('',(#11361,#11362,#11363,#11364));
#11361 = ORIENTED_EDGE('',*,*,#11309,.T.);
#11362 = ORIENTED_EDGE('',*,*,#11278,.T.);
#11363 = ORIENTED_EDGE('',*,*,#11238,.T.);
#11364 = ORIENTED_EDGE('',*,*,#11340,.T.);
#11365 = PLANE('',#11366);
#11366 = AXIS2_PLACEMENT_3D('',#11367,#11368,#11369);
#11367 = CARTESIAN_POINT('',(-2.045,0.902,0.));
#11368 = DIRECTION('',(0.,0.,-1.));
#11369 = DIRECTION('',(0.,1.,0.));
#11370 = ADVANCED_FACE('',(#11371),#11377,.T.);
#11371 = FACE_BOUND('',#11372,.T.);
#11372 = EDGE_LOOP('',(#11373,#11374,#11375,#11376));
#11373 = ORIENTED_EDGE('',*,*,#11256,.T.);
#11374 = ORIENTED_EDGE('',*,*,#11294,.T.);
#11375 = ORIENTED_EDGE('',*,*,#11325,.T.);
#11376 = ORIENTED_EDGE('',*,*,#11347,.T.);
#11377 = PLANE('',#11378);
#11378 = AXIS2_PLACEMENT_3D('',#11379,#11380,#11381);
#11379 = CARTESIAN_POINT('',(-2.045,0.598,5.1E-02));
#11380 = DIRECTION('',(0.,0.,1.));
#11381 = DIRECTION('',(0.,1.,0.));
#11382 = ( GEOMETRIC_REPRESENTATION_CONTEXT(3) 
GLOBAL_UNCERTAINTY_ASSIGNED_CONTEXT((#11386)) 
GLOBAL_UNIT_ASSIGNED_CONTEXT((#11383,#11384,#11385)) 
REPRESENTATION_CONTEXT('Context #1',
  '3D Context with UNIT and UNCERTAINTY') );
#11383 = ( LENGTH_UNIT() NAMED_UNIT(*) SI_UNIT(.MILLI.,.METRE.) );
#11384 = ( NAMED_UNIT(*) PLANE_ANGLE_UNIT() SI_UNIT($,.RADIAN.) );
#11385 = ( NAMED_UNIT(*) SI_UNIT($,.STERADIAN.) SOLID_ANGLE_UNIT() );
#11386 = UNCERTAINTY_MEASURE_WITH_UNIT(LENGTH_MEASURE(1.E-07),#11383,
  'distance_accuracy_value','confusion accuracy');
#11387 = CONTEXT_DEPENDENT_SHAPE_REPRESENTATION(#11388,#11390);
#11388 = ( REPRESENTATION_RELATIONSHIP('','',#11231,#10510) 
REPRESENTATION_RELATIONSHIP_WITH_TRANSFORMATION(#11389) 
SHAPE_REPRESENTATION_RELATIONSHIP() );
#11389 = ITEM_DEFINED_TRANSFORMATION('','',#11,#10527);
#11390 = PRODUCT_DEFINITION_SHAPE('Placement','Placement of an item',
  #11391);
#11391 = NEXT_ASSEMBLY_USAGE_OCCURRENCE('31','=>[0:1:1:5]','',#10505,
  #11226,$);
#11392 = PRODUCT_RELATED_PRODUCT_CATEGORY('part',$,(#11228));
#11393 = SHAPE_DEFINITION_REPRESENTATION(#11394,#11400);
#11394 = PRODUCT_DEFINITION_SHAPE('','',#11395);
#11395 = PRODUCT_DEFINITION('design','',#11396,#11399);
#11396 = PRODUCT_DEFINITION_FORMATION('','',#11397);
#11397 = PRODUCT('part005','part005','',(#11398));
#11398 = PRODUCT_CONTEXT('',#2,'mechanical');
#11399 = PRODUCT_DEFINITION_CONTEXT('part definition',#2,'design');
#11400 = ADVANCED_BREP_SHAPE_REPRESENTATION('',(#11,#11401),#11551);
#11401 = MANIFOLD_SOLID_BREP('',#11402);
#11402 = CLOSED_SHELL('',(#11403,#11443,#11474,#11505,#11527,#11539));
#11403 = ADVANCED_FACE('',(#11404),#11438,.T.);
#11404 = FACE_BOUND('',#11405,.T.);
#11405 = EDGE_LOOP('',(#11406,#11416,#11424,#11432));
#11406 = ORIENTED_EDGE('',*,*,#11407,.F.);
#11407 = EDGE_CURVE('',#11408,#11410,#11412,.T.);
#11408 = VERTEX_POINT('',#11409);
#11409 = CARTESIAN_POINT('',(-1.537,9.8E-02,0.));
#11410 = VERTEX_POINT('',#11411);
#11411 = CARTESIAN_POINT('',(-2.045,9.8E-02,0.));
#11412 = LINE('',#11413,#11414);
#11413 = CARTESIAN_POINT('',(-1.537,9.8E-02,0.));
#11414 = VECTOR('',#11415,1.);
#11415 = DIRECTION('',(-1.,0.,0.));
#11416 = ORIENTED_EDGE('',*,*,#11417,.F.);
#11417 = EDGE_CURVE('',#11418,#11408,#11420,.T.);
#11418 = VERTEX_POINT('',#11419);
#11419 = CARTESIAN_POINT('',(-1.537,9.8E-02,5.1E-02));
#11420 = LINE('',#11421,#11422);
#11421 = CARTESIAN_POINT('',(-1.537,9.8E-02,5.1E-02));
#11422 = VECTOR('',#11423,1.);
#11423 = DIRECTION('',(0.,0.,-1.));
#11424 = ORIENTED_EDGE('',*,*,#11425,.F.);
#11425 = EDGE_CURVE('',#11426,#11418,#11428,.T.);
#11426 = VERTEX_POINT('',#11427);
#11427 = CARTESIAN_POINT('',(-2.045,9.8E-02,5.1E-02));
#11428 = LINE('',#11429,#11430);
#11429 = CARTESIAN_POINT('',(-2.045,9.8E-02,5.1E-02));
#11430 = VECTOR('',#11431,1.);
#11431 = DIRECTION('',(1.,0.,0.));
#11432 = ORIENTED_EDGE('',*,*,#11433,.F.);
#11433 = EDGE_CURVE('',#11410,#11426,#11434,.T.);
#11434 = LINE('',#11435,#11436);
#11435 = CARTESIAN_POINT('',(-2.045,9.8E-02,0.));
#11436 = VECTOR('',#11437,1.);
#11437 = DIRECTION('',(0.,0.,1.));
#11438 = PLANE('',#11439);
#11439 = AXIS2_PLACEMENT_3D('',#11440,#11441,#11442);
#11440 = CARTESIAN_POINT('',(-2.045,9.8E-02,0.));
#11441 = DIRECTION('',(0.,-1.,0.));
#11442 = DIRECTION('',(0.,0.,1.));
#11443 = ADVANCED_FACE('',(#11444),#11469,.T.);
#11444 = FACE_BOUND('',#11445,.T.);
#11445 = EDGE_LOOP('',(#11446,#11454,#11462,#11468));
#11446 = ORIENTED_EDGE('',*,*,#11447,.F.);
#11447 = EDGE_CURVE('',#11448,#11408,#11450,.T.);
#11448 = VERTEX_POINT('',#11449);
#11449 = CARTESIAN_POINT('',(-1.537,0.402,0.));
#11450 = LINE('',#11451,#11452);
#11451 = CARTESIAN_POINT('',(-1.537,0.402,0.));
#11452 = VECTOR('',#11453,1.);
#11453 = DIRECTION('',(0.,-1.,0.));
#11454 = ORIENTED_EDGE('',*,*,#11455,.F.);
#11455 = EDGE_CURVE('',#11456,#11448,#11458,.T.);
#11456 = VERTEX_POINT('',#11457);
#11457 = CARTESIAN_POINT('',(-1.537,0.402,5.1E-02));
#11458 = LINE('',#11459,#11460);
#11459 = CARTESIAN_POINT('',(-1.537,0.402,5.1E-02));
#11460 = VECTOR('',#11461,1.);
#11461 = DIRECTION('',(0.,0.,-1.));
#11462 = ORIENTED_EDGE('',*,*,#11463,.F.);
#11463 = EDGE_CURVE('',#11418,#11456,#11464,.T.);
#11464 = LINE('',#11465,#11466);
#11465 = CARTESIAN_POINT('',(-1.537,9.8E-02,5.1E-02));
#11466 = VECTOR('',#11467,1.);
#11467 = DIRECTION('',(0.,1.,0.));
#11468 = ORIENTED_EDGE('',*,*,#11417,.T.);
#11469 = PLANE('',#11470);
#11470 = AXIS2_PLACEMENT_3D('',#11471,#11472,#11473);
#11471 = CARTESIAN_POINT('',(-1.537,9.8E-02,0.));
#11472 = DIRECTION('',(1.,0.,0.));
#11473 = DIRECTION('',(0.,0.,1.));
#11474 = ADVANCED_FACE('',(#11475),#11500,.T.);
#11475 = FACE_BOUND('',#11476,.T.);
#11476 = EDGE_LOOP('',(#11477,#11485,#11493,#11499));
#11477 = ORIENTED_EDGE('',*,*,#11478,.F.);
#11478 = EDGE_CURVE('',#11479,#11448,#11481,.T.);
#11479 = VERTEX_POINT('',#11480);
#11480 = CARTESIAN_POINT('',(-2.045,0.402,0.));
#11481 = LINE('',#11482,#11483);
#11482 = CARTESIAN_POINT('',(-2.045,0.402,0.));
#11483 = VECTOR('',#11484,1.);
#11484 = DIRECTION('',(1.,0.,0.));
#11485 = ORIENTED_EDGE('',*,*,#11486,.F.);
#11486 = EDGE_CURVE('',#11487,#11479,#11489,.T.);
#11487 = VERTEX_POINT('',#11488);
#11488 = CARTESIAN_POINT('',(-2.045,0.402,5.1E-02));
#11489 = LINE('',#11490,#11491);
#11490 = CARTESIAN_POINT('',(-2.045,0.402,5.1E-02));
#11491 = VECTOR('',#11492,1.);
#11492 = DIRECTION('',(0.,0.,-1.));
#11493 = ORIENTED_EDGE('',*,*,#11494,.F.);
#11494 = EDGE_CURVE('',#11456,#11487,#11495,.T.);
#11495 = LINE('',#11496,#11497);
#11496 = CARTESIAN_POINT('',(-1.537,0.402,5.1E-02));
#11497 = VECTOR('',#11498,1.);
#11498 = DIRECTION('',(-1.,0.,0.));
#11499 = ORIENTED_EDGE('',*,*,#11455,.T.);
#11500 = PLANE('',#11501);
#11501 = AXIS2_PLACEMENT_3D('',#11502,#11503,#11504);
#11502 = CARTESIAN_POINT('',(-1.537,0.402,0.));
#11503 = DIRECTION('',(0.,1.,0.));
#11504 = DIRECTION('',(0.,-0.,1.));
#11505 = ADVANCED_FACE('',(#11506),#11522,.T.);
#11506 = FACE_BOUND('',#11507,.T.);
#11507 = EDGE_LOOP('',(#11508,#11514,#11515,#11521));
#11508 = ORIENTED_EDGE('',*,*,#11509,.F.);
#11509 = EDGE_CURVE('',#11410,#11479,#11510,.T.);
#11510 = LINE('',#11511,#11512);
#11511 = CARTESIAN_POINT('',(-2.045,9.8E-02,0.));
#11512 = VECTOR('',#11513,1.);
#11513 = DIRECTION('',(0.,1.,0.));
#11514 = ORIENTED_EDGE('',*,*,#11433,.T.);
#11515 = ORIENTED_EDGE('',*,*,#11516,.F.);
#11516 = EDGE_CURVE('',#11487,#11426,#11517,.T.);
#11517 = LINE('',#11518,#11519);
#11518 = CARTESIAN_POINT('',(-2.045,0.402,5.1E-02));
#11519 = VECTOR('',#11520,1.);
#11520 = DIRECTION('',(0.,-1.,0.));
#11521 = ORIENTED_EDGE('',*,*,#11486,.T.);
#11522 = PLANE('',#11523);
#11523 = AXIS2_PLACEMENT_3D('',#11524,#11525,#11526);
#11524 = CARTESIAN_POINT('',(-2.045,0.402,0.));
#11525 = DIRECTION('',(-1.,0.,0.));
#11526 = DIRECTION('',(0.,0.,1.));
#11527 = ADVANCED_FACE('',(#11528),#11534,.T.);
#11528 = FACE_BOUND('',#11529,.T.);
#11529 = EDGE_LOOP('',(#11530,#11531,#11532,#11533));
#11530 = ORIENTED_EDGE('',*,*,#11478,.T.);
#11531 = ORIENTED_EDGE('',*,*,#11447,.T.);
#11532 = ORIENTED_EDGE('',*,*,#11407,.T.);
#11533 = ORIENTED_EDGE('',*,*,#11509,.T.);
#11534 = PLANE('',#11535);
#11535 = AXIS2_PLACEMENT_3D('',#11536,#11537,#11538);
#11536 = CARTESIAN_POINT('',(-2.045,0.402,0.));
#11537 = DIRECTION('',(0.,0.,-1.));
#11538 = DIRECTION('',(0.,1.,0.));
#11539 = ADVANCED_FACE('',(#11540),#11546,.T.);
#11540 = FACE_BOUND('',#11541,.T.);
#11541 = EDGE_LOOP('',(#11542,#11543,#11544,#11545));
#11542 = ORIENTED_EDGE('',*,*,#11425,.T.);
#11543 = ORIENTED_EDGE('',*,*,#11463,.T.);
#11544 = ORIENTED_EDGE('',*,*,#11494,.T.);
#11545 = ORIENTED_EDGE('',*,*,#11516,.T.);
#11546 = PLANE('',#11547);
#11547 = AXIS2_PLACEMENT_3D('',#11548,#11549,#11550);
#11548 = CARTESIAN_POINT('',(-2.045,9.8E-02,5.1E-02));
#11549 = DIRECTION('',(0.,0.,1.));
#11550 = DIRECTION('',(0.,1.,0.));
#11551 = ( GEOMETRIC_REPRESENTATION_CONTEXT(3) 
GLOBAL_UNCERTAINTY_ASSIGNED_CONTEXT((#11555)) 
GLOBAL_UNIT_ASSIGNED_CONTEXT((#11552,#11553,#11554)) 
REPRESENTATION_CONTEXT('Context #1',
  '3D Context with UNIT and UNCERTAINTY') );
#11552 = ( LENGTH_UNIT() NAMED_UNIT(*) SI_UNIT(.MILLI.,.METRE.) );
#11553 = ( NAMED_UNIT(*) PLANE_ANGLE_UNIT() SI_UNIT($,.RADIAN.) );
#11554 = ( NAMED_UNIT(*) SI_UNIT($,.STERADIAN.) SOLID_ANGLE_UNIT() );
#11555 = UNCERTAINTY_MEASURE_WITH_UNIT(LENGTH_MEASURE(1.E-07),#11552,
  'distance_accuracy_value','confusion accuracy');
#11556 = CONTEXT_DEPENDENT_SHAPE_REPRESENTATION(#11557,#11559);
#11557 = ( REPRESENTATION_RELATIONSHIP('','',#11400,#10510) 
REPRESENTATION_RELATIONSHIP_WITH_TRANSFORMATION(#11558) 
SHAPE_REPRESENTATION_RELATIONSHIP() );
#11558 = ITEM_DEFINED_TRANSFORMATION('','',#11,#10531);
#11559 = PRODUCT_DEFINITION_SHAPE('Placement','Placement of an item',
  #11560);
#11560 = NEXT_ASSEMBLY_USAGE_OCCURRENCE('32','=>[0:1:1:6]','',#10505,
  #11395,$);
#11561 = PRODUCT_RELATED_PRODUCT_CATEGORY('part',$,(#11397));
#11562 = SHAPE_DEFINITION_REPRESENTATION(#11563,#11569);
#11563 = PRODUCT_DEFINITION_SHAPE('','',#11564);
#11564 = PRODUCT_DEFINITION('design','',#11565,#11568);
#11565 = PRODUCT_DEFINITION_FORMATION('','',#11566);
#11566 = PRODUCT('part006','part006','',(#11567));
#11567 = PRODUCT_CONTEXT('',#2,'mechanical');
#11568 = PRODUCT_DEFINITION_CONTEXT('part definition',#2,'design');
#11569 = ADVANCED_BREP_SHAPE_REPRESENTATION('',(#11,#11570),#11720);
#11570 = MANIFOLD_SOLID_BREP('',#11571);
#11571 = CLOSED_SHELL('',(#11572,#11612,#11643,#11674,#11696,#11708));
#11572 = ADVANCED_FACE('',(#11573),#11607,.T.);
#11573 = FACE_BOUND('',#11574,.T.);
#11574 = EDGE_LOOP('',(#11575,#11585,#11593,#11601));
#11575 = ORIENTED_EDGE('',*,*,#11576,.F.);
#11576 = EDGE_CURVE('',#11577,#11579,#11581,.T.);
#11577 = VERTEX_POINT('',#11578);
#11578 = CARTESIAN_POINT('',(-1.537,-0.402,0.));
#11579 = VERTEX_POINT('',#11580);
#11580 = CARTESIAN_POINT('',(-2.045,-0.402,0.));
#11581 = LINE('',#11582,#11583);
#11582 = CARTESIAN_POINT('',(-1.537,-0.402,0.));
#11583 = VECTOR('',#11584,1.);
#11584 = DIRECTION('',(-1.,0.,0.));
#11585 = ORIENTED_EDGE('',*,*,#11586,.F.);
#11586 = EDGE_CURVE('',#11587,#11577,#11589,.T.);
#11587 = VERTEX_POINT('',#11588);
#11588 = CARTESIAN_POINT('',(-1.537,-0.402,5.1E-02));
#11589 = LINE('',#11590,#11591);
#11590 = CARTESIAN_POINT('',(-1.537,-0.402,5.1E-02));
#11591 = VECTOR('',#11592,1.);
#11592 = DIRECTION('',(0.,0.,-1.));
#11593 = ORIENTED_EDGE('',*,*,#11594,.F.);
#11594 = EDGE_CURVE('',#11595,#11587,#11597,.T.);
#11595 = VERTEX_POINT('',#11596);
#11596 = CARTESIAN_POINT('',(-2.045,-0.402,5.1E-02));
#11597 = LINE('',#11598,#11599);
#11598 = CARTESIAN_POINT('',(-2.045,-0.402,5.1E-02));
#11599 = VECTOR('',#11600,1.);
#11600 = DIRECTION('',(1.,0.,0.));
#11601 = ORIENTED_EDGE('',*,*,#11602,.F.);
#11602 = EDGE_CURVE('',#11579,#11595,#11603,.T.);
#11603 = LINE('',#11604,#11605);
#11604 = CARTESIAN_POINT('',(-2.045,-0.402,0.));
#11605 = VECTOR('',#11606,1.);
#11606 = DIRECTION('',(0.,0.,1.));
#11607 = PLANE('',#11608);
#11608 = AXIS2_PLACEMENT_3D('',#11609,#11610,#11611);
#11609 = CARTESIAN_POINT('',(-2.045,-0.402,0.));
#11610 = DIRECTION('',(0.,-1.,0.));
#11611 = DIRECTION('',(0.,0.,1.));
#11612 = ADVANCED_FACE('',(#11613),#11638,.T.);
#11613 = FACE_BOUND('',#11614,.T.);
#11614 = EDGE_LOOP('',(#11615,#11623,#11631,#11637));
#11615 = ORIENTED_EDGE('',*,*,#11616,.F.);
#11616 = EDGE_CURVE('',#11617,#11577,#11619,.T.);
#11617 = VERTEX_POINT('',#11618);
#11618 = CARTESIAN_POINT('',(-1.537,-9.8E-02,0.));
#11619 = LINE('',#11620,#11621);
#11620 = CARTESIAN_POINT('',(-1.537,-9.8E-02,0.));
#11621 = VECTOR('',#11622,1.);
#11622 = DIRECTION('',(0.,-1.,0.));
#11623 = ORIENTED_EDGE('',*,*,#11624,.F.);
#11624 = EDGE_CURVE('',#11625,#11617,#11627,.T.);
#11625 = VERTEX_POINT('',#11626);
#11626 = CARTESIAN_POINT('',(-1.537,-9.8E-02,5.1E-02));
#11627 = LINE('',#11628,#11629);
#11628 = CARTESIAN_POINT('',(-1.537,-9.8E-02,5.1E-02));
#11629 = VECTOR('',#11630,1.);
#11630 = DIRECTION('',(0.,0.,-1.));
#11631 = ORIENTED_EDGE('',*,*,#11632,.F.);
#11632 = EDGE_CURVE('',#11587,#11625,#11633,.T.);
#11633 = LINE('',#11634,#11635);
#11634 = CARTESIAN_POINT('',(-1.537,-0.402,5.1E-02));
#11635 = VECTOR('',#11636,1.);
#11636 = DIRECTION('',(0.,1.,0.));
#11637 = ORIENTED_EDGE('',*,*,#11586,.T.);
#11638 = PLANE('',#11639);
#11639 = AXIS2_PLACEMENT_3D('',#11640,#11641,#11642);
#11640 = CARTESIAN_POINT('',(-1.537,-0.402,0.));
#11641 = DIRECTION('',(1.,0.,0.));
#11642 = DIRECTION('',(0.,0.,1.));
#11643 = ADVANCED_FACE('',(#11644),#11669,.T.);
#11644 = FACE_BOUND('',#11645,.T.);
#11645 = EDGE_LOOP('',(#11646,#11654,#11662,#11668));
#11646 = ORIENTED_EDGE('',*,*,#11647,.F.);
#11647 = EDGE_CURVE('',#11648,#11617,#11650,.T.);
#11648 = VERTEX_POINT('',#11649);
#11649 = CARTESIAN_POINT('',(-2.045,-9.8E-02,0.));
#11650 = LINE('',#11651,#11652);
#11651 = CARTESIAN_POINT('',(-2.045,-9.8E-02,0.));
#11652 = VECTOR('',#11653,1.);
#11653 = DIRECTION('',(1.,0.,0.));
#11654 = ORIENTED_EDGE('',*,*,#11655,.F.);
#11655 = EDGE_CURVE('',#11656,#11648,#11658,.T.);
#11656 = VERTEX_POINT('',#11657);
#11657 = CARTESIAN_POINT('',(-2.045,-9.8E-02,5.1E-02));
#11658 = LINE('',#11659,#11660);
#11659 = CARTESIAN_POINT('',(-2.045,-9.8E-02,5.1E-02));
#11660 = VECTOR('',#11661,1.);
#11661 = DIRECTION('',(0.,0.,-1.));
#11662 = ORIENTED_EDGE('',*,*,#11663,.F.);
#11663 = EDGE_CURVE('',#11625,#11656,#11664,.T.);
#11664 = LINE('',#11665,#11666);
#11665 = CARTESIAN_POINT('',(-1.537,-9.8E-02,5.1E-02));
#11666 = VECTOR('',#11667,1.);
#11667 = DIRECTION('',(-1.,0.,0.));
#11668 = ORIENTED_EDGE('',*,*,#11624,.T.);
#11669 = PLANE('',#11670);
#11670 = AXIS2_PLACEMENT_3D('',#11671,#11672,#11673);
#11671 = CARTESIAN_POINT('',(-1.537,-9.8E-02,0.));
#11672 = DIRECTION('',(0.,1.,0.));
#11673 = DIRECTION('',(0.,-0.,1.));
#11674 = ADVANCED_FACE('',(#11675),#11691,.T.);
#11675 = FACE_BOUND('',#11676,.T.);
#11676 = EDGE_LOOP('',(#11677,#11683,#11684,#11690));
#11677 = ORIENTED_EDGE('',*,*,#11678,.F.);
#11678 = EDGE_CURVE('',#11579,#11648,#11679,.T.);
#11679 = LINE('',#11680,#11681);
#11680 = CARTESIAN_POINT('',(-2.045,-0.402,0.));
#11681 = VECTOR('',#11682,1.);
#11682 = DIRECTION('',(0.,1.,0.));
#11683 = ORIENTED_EDGE('',*,*,#11602,.T.);
#11684 = ORIENTED_EDGE('',*,*,#11685,.F.);
#11685 = EDGE_CURVE('',#11656,#11595,#11686,.T.);
#11686 = LINE('',#11687,#11688);
#11687 = CARTESIAN_POINT('',(-2.045,-9.8E-02,5.1E-02));
#11688 = VECTOR('',#11689,1.);
#11689 = DIRECTION('',(0.,-1.,0.));
#11690 = ORIENTED_EDGE('',*,*,#11655,.T.);
#11691 = PLANE('',#11692);
#11692 = AXIS2_PLACEMENT_3D('',#11693,#11694,#11695);
#11693 = CARTESIAN_POINT('',(-2.045,-9.8E-02,0.));
#11694 = DIRECTION('',(-1.,0.,0.));
#11695 = DIRECTION('',(0.,0.,1.));
#11696 = ADVANCED_FACE('',(#11697),#11703,.T.);
#11697 = FACE_BOUND('',#11698,.T.);
#11698 = EDGE_LOOP('',(#11699,#11700,#11701,#11702));
#11699 = ORIENTED_EDGE('',*,*,#11647,.T.);
#11700 = ORIENTED_EDGE('',*,*,#11616,.T.);
#11701 = ORIENTED_EDGE('',*,*,#11576,.T.);
#11702 = ORIENTED_EDGE('',*,*,#11678,.T.);
#11703 = PLANE('',#11704);
#11704 = AXIS2_PLACEMENT_3D('',#11705,#11706,#11707);
#11705 = CARTESIAN_POINT('',(-2.045,-9.8E-02,0.));
#11706 = DIRECTION('',(0.,0.,-1.));
#11707 = DIRECTION('',(0.,1.,0.));
#11708 = ADVANCED_FACE('',(#11709),#11715,.T.);
#11709 = FACE_BOUND('',#11710,.T.);
#11710 = EDGE_LOOP('',(#11711,#11712,#11713,#11714));
#11711 = ORIENTED_EDGE('',*,*,#11594,.T.);
#11712 = ORIENTED_EDGE('',*,*,#11632,.T.);
#11713 = ORIENTED_EDGE('',*,*,#11663,.T.);
#11714 = ORIENTED_EDGE('',*,*,#11685,.T.);
#11715 = PLANE('',#11716);
#11716 = AXIS2_PLACEMENT_3D('',#11717,#11718,#11719);
#11717 = CARTESIAN_POINT('',(-2.045,-0.402,5.1E-02));
#11718 = DIRECTION('',(0.,0.,1.));
#11719 = DIRECTION('',(0.,1.,0.));
#11720 = ( GEOMETRIC_REPRESENTATION_CONTEXT(3) 
GLOBAL_UNCERTAINTY_ASSIGNED_CONTEXT((#11724)) 
GLOBAL_UNIT_ASSIGNED_CONTEXT((#11721,#11722,#11723)) 
REPRESENTATION_CONTEXT('Context #1',
  '3D Context with UNIT and UNCERTAINTY') );
#11721 = ( LENGTH_UNIT() NAMED_UNIT(*) SI_UNIT(.MILLI.,.METRE.) );
#11722 = ( NAMED_UNIT(*) PLANE_ANGLE_UNIT() SI_UNIT($,.RADIAN.) );
#11723 = ( NAMED_UNIT(*) SI_UNIT($,.STERADIAN.) SOLID_ANGLE_UNIT() );
#11724 = UNCERTAINTY_MEASURE_WITH_UNIT(LENGTH_MEASURE(1.E-07),#11721,
  'distance_accuracy_value','confusion accuracy');
#11725 = CONTEXT_DEPENDENT_SHAPE_REPRESENTATION(#11726,#11728);
#11726 = ( REPRESENTATION_RELATIONSHIP('','',#11569,#10510) 
REPRESENTATION_RELATIONSHIP_WITH_TRANSFORMATION(#11727) 
SHAPE_REPRESENTATION_RELATIONSHIP() );
#11727 = ITEM_DEFINED_TRANSFORMATION('','',#11,#10535);
#11728 = PRODUCT_DEFINITION_SHAPE('Placement','Placement of an item',
  #11729);
#11729 = NEXT_ASSEMBLY_USAGE_OCCURRENCE('33','=>[0:1:1:7]','',#10505,
  #11564,$);
#11730 = PRODUCT_RELATED_PRODUCT_CATEGORY('part',$,(#11566));
#11731 = SHAPE_DEFINITION_REPRESENTATION(#11732,#11738);
#11732 = PRODUCT_DEFINITION_SHAPE('','',#11733);
#11733 = PRODUCT_DEFINITION('design','',#11734,#11737);
#11734 = PRODUCT_DEFINITION_FORMATION('','',#11735);
#11735 = PRODUCT('part007','part007','',(#11736));
#11736 = PRODUCT_CONTEXT('',#2,'mechanical');
#11737 = PRODUCT_DEFINITION_CONTEXT('part definition',#2,'design');
#11738 = ADVANCED_BREP_SHAPE_REPRESENTATION('',(#11,#11739),#11889);
#11739 = MANIFOLD_SOLID_BREP('',#11740);
#11740 = CLOSED_SHELL('',(#11741,#11781,#11812,#11843,#11865,#11877));
#11741 = ADVANCED_FACE('',(#11742),#11776,.T.);
#11742 = FACE_BOUND('',#11743,.T.);
#11743 = EDGE_LOOP('',(#11744,#11754,#11762,#11770));
#11744 = ORIENTED_EDGE('',*,*,#11745,.F.);
#11745 = EDGE_CURVE('',#11746,#11748,#11750,.T.);
#11746 = VERTEX_POINT('',#11747);
#11747 = CARTESIAN_POINT('',(-1.537,-0.902,0.));
#11748 = VERTEX_POINT('',#11749);
#11749 = CARTESIAN_POINT('',(-2.045,-0.902,0.));
#11750 = LINE('',#11751,#11752);
#11751 = CARTESIAN_POINT('',(-1.537,-0.902,0.));
#11752 = VECTOR('',#11753,1.);
#11753 = DIRECTION('',(-1.,0.,0.));
#11754 = ORIENTED_EDGE('',*,*,#11755,.F.);
#11755 = EDGE_CURVE('',#11756,#11746,#11758,.T.);
#11756 = VERTEX_POINT('',#11757);
#11757 = CARTESIAN_POINT('',(-1.537,-0.902,5.1E-02));
#11758 = LINE('',#11759,#11760);
#11759 = CARTESIAN_POINT('',(-1.537,-0.902,5.1E-02));
#11760 = VECTOR('',#11761,1.);
#11761 = DIRECTION('',(0.,0.,-1.));
#11762 = ORIENTED_EDGE('',*,*,#11763,.F.);
#11763 = EDGE_CURVE('',#11764,#11756,#11766,.T.);
#11764 = VERTEX_POINT('',#11765);
#11765 = CARTESIAN_POINT('',(-2.045,-0.902,5.1E-02));
#11766 = LINE('',#11767,#11768);
#11767 = CARTESIAN_POINT('',(-2.045,-0.902,5.1E-02));
#11768 = VECTOR('',#11769,1.);
#11769 = DIRECTION('',(1.,0.,0.));
#11770 = ORIENTED_EDGE('',*,*,#11771,.F.);
#11771 = EDGE_CURVE('',#11748,#11764,#11772,.T.);
#11772 = LINE('',#11773,#11774);
#11773 = CARTESIAN_POINT('',(-2.045,-0.902,0.));
#11774 = VECTOR('',#11775,1.);
#11775 = DIRECTION('',(0.,0.,1.));
#11776 = PLANE('',#11777);
#11777 = AXIS2_PLACEMENT_3D('',#11778,#11779,#11780);
#11778 = CARTESIAN_POINT('',(-2.045,-0.902,0.));
#11779 = DIRECTION('',(0.,-1.,0.));
#11780 = DIRECTION('',(0.,0.,1.));
#11781 = ADVANCED_FACE('',(#11782),#11807,.T.);
#11782 = FACE_BOUND('',#11783,.T.);
#11783 = EDGE_LOOP('',(#11784,#11792,#11800,#11806));
#11784 = ORIENTED_EDGE('',*,*,#11785,.F.);
#11785 = EDGE_CURVE('',#11786,#11746,#11788,.T.);
#11786 = VERTEX_POINT('',#11787);
#11787 = CARTESIAN_POINT('',(-1.537,-0.598,0.));
#11788 = LINE('',#11789,#11790);
#11789 = CARTESIAN_POINT('',(-1.537,-0.598,0.));
#11790 = VECTOR('',#11791,1.);
#11791 = DIRECTION('',(0.,-1.,0.));
#11792 = ORIENTED_EDGE('',*,*,#11793,.F.);
#11793 = EDGE_CURVE('',#11794,#11786,#11796,.T.);
#11794 = VERTEX_POINT('',#11795);
#11795 = CARTESIAN_POINT('',(-1.537,-0.598,5.1E-02));
#11796 = LINE('',#11797,#11798);
#11797 = CARTESIAN_POINT('',(-1.537,-0.598,5.1E-02));
#11798 = VECTOR('',#11799,1.);
#11799 = DIRECTION('',(0.,0.,-1.));
#11800 = ORIENTED_EDGE('',*,*,#11801,.F.);
#11801 = EDGE_CURVE('',#11756,#11794,#11802,.T.);
#11802 = LINE('',#11803,#11804);
#11803 = CARTESIAN_POINT('',(-1.537,-0.902,5.1E-02));
#11804 = VECTOR('',#11805,1.);
#11805 = DIRECTION('',(0.,1.,0.));
#11806 = ORIENTED_EDGE('',*,*,#11755,.T.);
#11807 = PLANE('',#11808);
#11808 = AXIS2_PLACEMENT_3D('',#11809,#11810,#11811);
#11809 = CARTESIAN_POINT('',(-1.537,-0.902,0.));
#11810 = DIRECTION('',(1.,0.,0.));
#11811 = DIRECTION('',(0.,0.,1.));
#11812 = ADVANCED_FACE('',(#11813),#11838,.T.);
#11813 = FACE_BOUND('',#11814,.T.);
#11814 = EDGE_LOOP('',(#11815,#11823,#11831,#11837));
#11815 = ORIENTED_EDGE('',*,*,#11816,.F.);
#11816 = EDGE_CURVE('',#11817,#11786,#11819,.T.);
#11817 = VERTEX_POINT('',#11818);
#11818 = CARTESIAN_POINT('',(-2.045,-0.598,0.));
#11819 = LINE('',#11820,#11821);
#11820 = CARTESIAN_POINT('',(-2.045,-0.598,0.));
#11821 = VECTOR('',#11822,1.);
#11822 = DIRECTION('',(1.,0.,0.));
#11823 = ORIENTED_EDGE('',*,*,#11824,.F.);
#11824 = EDGE_CURVE('',#11825,#11817,#11827,.T.);
#11825 = VERTEX_POINT('',#11826);
#11826 = CARTESIAN_POINT('',(-2.045,-0.598,5.1E-02));
#11827 = LINE('',#11828,#11829);
#11828 = CARTESIAN_POINT('',(-2.045,-0.598,5.1E-02));
#11829 = VECTOR('',#11830,1.);
#11830 = DIRECTION('',(0.,0.,-1.));
#11831 = ORIENTED_EDGE('',*,*,#11832,.F.);
#11832 = EDGE_CURVE('',#11794,#11825,#11833,.T.);
#11833 = LINE('',#11834,#11835);
#11834 = CARTESIAN_POINT('',(-1.537,-0.598,5.1E-02));
#11835 = VECTOR('',#11836,1.);
#11836 = DIRECTION('',(-1.,0.,0.));
#11837 = ORIENTED_EDGE('',*,*,#11793,.T.);
#11838 = PLANE('',#11839);
#11839 = AXIS2_PLACEMENT_3D('',#11840,#11841,#11842);
#11840 = CARTESIAN_POINT('',(-1.537,-0.598,0.));
#11841 = DIRECTION('',(0.,1.,0.));
#11842 = DIRECTION('',(0.,-0.,1.));
#11843 = ADVANCED_FACE('',(#11844),#11860,.T.);
#11844 = FACE_BOUND('',#11845,.T.);
#11845 = EDGE_LOOP('',(#11846,#11852,#11853,#11859));
#11846 = ORIENTED_EDGE('',*,*,#11847,.F.);
#11847 = EDGE_CURVE('',#11748,#11817,#11848,.T.);
#11848 = LINE('',#11849,#11850);
#11849 = CARTESIAN_POINT('',(-2.045,-0.902,0.));
#11850 = VECTOR('',#11851,1.);
#11851 = DIRECTION('',(0.,1.,0.));
#11852 = ORIENTED_EDGE('',*,*,#11771,.T.);
#11853 = ORIENTED_EDGE('',*,*,#11854,.F.);
#11854 = EDGE_CURVE('',#11825,#11764,#11855,.T.);
#11855 = LINE('',#11856,#11857);
#11856 = CARTESIAN_POINT('',(-2.045,-0.598,5.1E-02));
#11857 = VECTOR('',#11858,1.);
#11858 = DIRECTION('',(0.,-1.,0.));
#11859 = ORIENTED_EDGE('',*,*,#11824,.T.);
#11860 = PLANE('',#11861);
#11861 = AXIS2_PLACEMENT_3D('',#11862,#11863,#11864);
#11862 = CARTESIAN_POINT('',(-2.045,-0.598,0.));
#11863 = DIRECTION('',(-1.,0.,0.));
#11864 = DIRECTION('',(0.,0.,1.));
#11865 = ADVANCED_FACE('',(#11866),#11872,.T.);
#11866 = FACE_BOUND('',#11867,.T.);
#11867 = EDGE_LOOP('',(#11868,#11869,#11870,#11871));
#11868 = ORIENTED_EDGE('',*,*,#11816,.T.);
#11869 = ORIENTED_EDGE('',*,*,#11785,.T.);
#11870 = ORIENTED_EDGE('',*,*,#11745,.T.);
#11871 = ORIENTED_EDGE('',*,*,#11847,.T.);
#11872 = PLANE('',#11873);
#11873 = AXIS2_PLACEMENT_3D('',#11874,#11875,#11876);
#11874 = CARTESIAN_POINT('',(-2.045,-0.598,0.));
#11875 = DIRECTION('',(0.,0.,-1.));
#11876 = DIRECTION('',(0.,1.,0.));
#11877 = ADVANCED_FACE('',(#11878),#11884,.T.);
#11878 = FACE_BOUND('',#11879,.T.);
#11879 = EDGE_LOOP('',(#11880,#11881,#11882,#11883));
#11880 = ORIENTED_EDGE('',*,*,#11763,.T.);
#11881 = ORIENTED_EDGE('',*,*,#11801,.T.);
#11882 = ORIENTED_EDGE('',*,*,#11832,.T.);
#11883 = ORIENTED_EDGE('',*,*,#11854,.T.);
#11884 = PLANE('',#11885);
#11885 = AXIS2_PLACEMENT_3D('',#11886,#11887,#11888);
#11886 = CARTESIAN_POINT('',(-2.045,-0.902,5.1E-02));
#11887 = DIRECTION('',(0.,0.,1.));
#11888 = DIRECTION('',(0.,1.,0.));
#11889 = ( GEOMETRIC_REPRESENTATION_CONTEXT(3) 
GLOBAL_UNCERTAINTY_ASSIGNED_CONTEXT((#11893)) 
GLOBAL_UNIT_ASSIGNED_CONTEXT((#11890,#11891,#11892)) 
REPRESENTATION_CONTEXT('Context #1',
  '3D Context with UNIT and UNCERTAINTY') );
#11890 = ( LENGTH_UNIT() NAMED_UNIT(*) SI_UNIT(.MILLI.,.METRE.) );
#11891 = ( NAMED_UNIT(*) PLANE_ANGLE_UNIT() SI_UNIT($,.RADIAN.) );
#11892 = ( NAMED_UNIT(*) SI_UNIT($,.STERADIAN.) SOLID_ANGLE_UNIT() );
#11893 = UNCERTAINTY_MEASURE_WITH_UNIT(LENGTH_MEASURE(1.E-07),#11890,
  'distance_accuracy_value','confusion accuracy');
#11894 = CONTEXT_DEPENDENT_SHAPE_REPRESENTATION(#11895,#11897);
#11895 = ( REPRESENTATION_RELATIONSHIP('','',#11738,#10510) 
REPRESENTATION_RELATIONSHIP_WITH_TRANSFORMATION(#11896) 
SHAPE_REPRESENTATION_RELATIONSHIP() );
#11896 = ITEM_DEFINED_TRANSFORMATION('','',#11,#10539);
#11897 = PRODUCT_DEFINITION_SHAPE('Placement','Placement of an item',
  #11898);
#11898 = NEXT_ASSEMBLY_USAGE_OCCURRENCE('34','=>[0:1:1:8]','',#10505,
  #11733,$);
#11899 = PRODUCT_RELATED_PRODUCT_CATEGORY('part',$,(#11735));
#11900 = SHAPE_DEFINITION_REPRESENTATION(#11901,#11907);
#11901 = PRODUCT_DEFINITION_SHAPE('','',#11902);
#11902 = PRODUCT_DEFINITION('design','',#11903,#11906);
#11903 = PRODUCT_DEFINITION_FORMATION('','',#11904);
#11904 = PRODUCT('part008','part008','',(#11905));
#11905 = PRODUCT_CONTEXT('',#2,'mechanical');
#11906 = PRODUCT_DEFINITION_CONTEXT('part definition',#2,'design');
#11907 = ADVANCED_BREP_SHAPE_REPRESENTATION('',(#11,#11908),#12058);
#11908 = MANIFOLD_SOLID_BREP('',#11909);
#11909 = CLOSED_SHELL('',(#11910,#11950,#11981,#12012,#12034,#12046));
#11910 = ADVANCED_FACE('',(#11911),#11945,.T.);
#11911 = FACE_BOUND('',#11912,.T.);
#11912 = EDGE_LOOP('',(#11913,#11923,#11931,#11939));
#11913 = ORIENTED_EDGE('',*,*,#11914,.F.);
#11914 = EDGE_CURVE('',#11915,#11917,#11919,.T.);
#11915 = VERTEX_POINT('',#11916);
#11916 = CARTESIAN_POINT('',(-1.537,-1.402,0.));
#11917 = VERTEX_POINT('',#11918);
#11918 = CARTESIAN_POINT('',(-2.045,-1.402,0.));
#11919 = LINE('',#11920,#11921);
#11920 = CARTESIAN_POINT('',(-1.537,-1.402,0.));
#11921 = VECTOR('',#11922,1.);
#11922 = DIRECTION('',(-1.,0.,0.));
#11923 = ORIENTED_EDGE('',*,*,#11924,.F.);
#11924 = EDGE_CURVE('',#11925,#11915,#11927,.T.);
#11925 = VERTEX_POINT('',#11926);
#11926 = CARTESIAN_POINT('',(-1.537,-1.402,5.1E-02));
#11927 = LINE('',#11928,#11929);
#11928 = CARTESIAN_POINT('',(-1.537,-1.402,5.1E-02));
#11929 = VECTOR('',#11930,1.);
#11930 = DIRECTION('',(0.,0.,-1.));
#11931 = ORIENTED_EDGE('',*,*,#11932,.F.);
#11932 = EDGE_CURVE('',#11933,#11925,#11935,.T.);
#11933 = VERTEX_POINT('',#11934);
#11934 = CARTESIAN_POINT('',(-2.045,-1.402,5.1E-02));
#11935 = LINE('',#11936,#11937);
#11936 = CARTESIAN_POINT('',(-2.045,-1.402,5.1E-02));
#11937 = VECTOR('',#11938,1.);
#11938 = DIRECTION('',(1.,0.,0.));
#11939 = ORIENTED_EDGE('',*,*,#11940,.F.);
#11940 = EDGE_CURVE('',#11917,#11933,#11941,.T.);
#11941 = LINE('',#11942,#11943);
#11942 = CARTESIAN_POINT('',(-2.045,-1.402,0.));
#11943 = VECTOR('',#11944,1.);
#11944 = DIRECTION('',(0.,0.,1.));
#11945 = PLANE('',#11946);
#11946 = AXIS2_PLACEMENT_3D('',#11947,#11948,#11949);
#11947 = CARTESIAN_POINT('',(-2.045,-1.402,0.));
#11948 = DIRECTION('',(0.,-1.,0.));
#11949 = DIRECTION('',(0.,0.,1.));
#11950 = ADVANCED_FACE('',(#11951),#11976,.T.);
#11951 = FACE_BOUND('',#11952,.T.);
#11952 = EDGE_LOOP('',(#11953,#11961,#11969,#11975));
#11953 = ORIENTED_EDGE('',*,*,#11954,.F.);
#11954 = EDGE_CURVE('',#11955,#11915,#11957,.T.);
#11955 = VERTEX_POINT('',#11956);
#11956 = CARTESIAN_POINT('',(-1.537,-1.098,0.));
#11957 = LINE('',#11958,#11959);
#11958 = CARTESIAN_POINT('',(-1.537,-1.098,0.));
#11959 = VECTOR('',#11960,1.);
#11960 = DIRECTION('',(0.,-1.,0.));
#11961 = ORIENTED_EDGE('',*,*,#11962,.F.);
#11962 = EDGE_CURVE('',#11963,#11955,#11965,.T.);
#11963 = VERTEX_POINT('',#11964);
#11964 = CARTESIAN_POINT('',(-1.537,-1.098,5.1E-02));
#11965 = LINE('',#11966,#11967);
#11966 = CARTESIAN_POINT('',(-1.537,-1.098,5.1E-02));
#11967 = VECTOR('',#11968,1.);
#11968 = DIRECTION('',(0.,0.,-1.));
#11969 = ORIENTED_EDGE('',*,*,#11970,.F.);
#11970 = EDGE_CURVE('',#11925,#11963,#11971,.T.);
#11971 = LINE('',#11972,#11973);
#11972 = CARTESIAN_POINT('',(-1.537,-1.402,5.1E-02));
#11973 = VECTOR('',#11974,1.);
#11974 = DIRECTION('',(0.,1.,0.));
#11975 = ORIENTED_EDGE('',*,*,#11924,.T.);
#11976 = PLANE('',#11977);
#11977 = AXIS2_PLACEMENT_3D('',#11978,#11979,#11980);
#11978 = CARTESIAN_POINT('',(-1.537,-1.402,0.));
#11979 = DIRECTION('',(1.,0.,0.));
#11980 = DIRECTION('',(0.,0.,1.));
#11981 = ADVANCED_FACE('',(#11982),#12007,.T.);
#11982 = FACE_BOUND('',#11983,.T.);
#11983 = EDGE_LOOP('',(#11984,#11992,#12000,#12006));
#11984 = ORIENTED_EDGE('',*,*,#11985,.F.);
#11985 = EDGE_CURVE('',#11986,#11955,#11988,.T.);
#11986 = VERTEX_POINT('',#11987);
#11987 = CARTESIAN_POINT('',(-2.045,-1.098,0.));
#11988 = LINE('',#11989,#11990);
#11989 = CARTESIAN_POINT('',(-2.045,-1.098,0.));
#11990 = VECTOR('',#11991,1.);
#11991 = DIRECTION('',(1.,0.,0.));
#11992 = ORIENTED_EDGE('',*,*,#11993,.F.);
#11993 = EDGE_CURVE('',#11994,#11986,#11996,.T.);
#11994 = VERTEX_POINT('',#11995);
#11995 = CARTESIAN_POINT('',(-2.045,-1.098,5.1E-02));
#11996 = LINE('',#11997,#11998);
#11997 = CARTESIAN_POINT('',(-2.045,-1.098,5.1E-02));
#11998 = VECTOR('',#11999,1.);
#11999 = DIRECTION('',(0.,0.,-1.));
#12000 = ORIENTED_EDGE('',*,*,#12001,.F.);
#12001 = EDGE_CURVE('',#11963,#11994,#12002,.T.);
#12002 = LINE('',#12003,#12004);
#12003 = CARTESIAN_POINT('',(-1.537,-1.098,5.1E-02));
#12004 = VECTOR('',#12005,1.);
#12005 = DIRECTION('',(-1.,0.,0.));
#12006 = ORIENTED_EDGE('',*,*,#11962,.T.);
#12007 = PLANE('',#12008);
#12008 = AXIS2_PLACEMENT_3D('',#12009,#12010,#12011);
#12009 = CARTESIAN_POINT('',(-1.537,-1.098,0.));
#12010 = DIRECTION('',(0.,1.,0.));
#12011 = DIRECTION('',(0.,-0.,1.));
#12012 = ADVANCED_FACE('',(#12013),#12029,.T.);
#12013 = FACE_BOUND('',#12014,.T.);
#12014 = EDGE_LOOP('',(#12015,#12021,#12022,#12028));
#12015 = ORIENTED_EDGE('',*,*,#12016,.F.);
#12016 = EDGE_CURVE('',#11917,#11986,#12017,.T.);
#12017 = LINE('',#12018,#12019);
#12018 = CARTESIAN_POINT('',(-2.045,-1.402,0.));
#12019 = VECTOR('',#12020,1.);
#12020 = DIRECTION('',(0.,1.,0.));
#12021 = ORIENTED_EDGE('',*,*,#11940,.T.);
#12022 = ORIENTED_EDGE('',*,*,#12023,.F.);
#12023 = EDGE_CURVE('',#11994,#11933,#12024,.T.);
#12024 = LINE('',#12025,#12026);
#12025 = CARTESIAN_POINT('',(-2.045,-1.098,5.1E-02));
#12026 = VECTOR('',#12027,1.);
#12027 = DIRECTION('',(0.,-1.,0.));
#12028 = ORIENTED_EDGE('',*,*,#11993,.T.);
#12029 = PLANE('',#12030);
#12030 = AXIS2_PLACEMENT_3D('',#12031,#12032,#12033);
#12031 = CARTESIAN_POINT('',(-2.045,-1.098,0.));
#12032 = DIRECTION('',(-1.,0.,0.));
#12033 = DIRECTION('',(0.,0.,1.));
#12034 = ADVANCED_FACE('',(#12035),#12041,.T.);
#12035 = FACE_BOUND('',#12036,.T.);
#12036 = EDGE_LOOP('',(#12037,#12038,#12039,#12040));
#12037 = ORIENTED_EDGE('',*,*,#11985,.T.);
#12038 = ORIENTED_EDGE('',*,*,#11954,.T.);
#12039 = ORIENTED_EDGE('',*,*,#11914,.T.);
#12040 = ORIENTED_EDGE('',*,*,#12016,.T.);
#12041 = PLANE('',#12042);
#12042 = AXIS2_PLACEMENT_3D('',#12043,#12044,#12045);
#12043 = CARTESIAN_POINT('',(-2.045,-1.098,0.));
#12044 = DIRECTION('',(0.,0.,-1.));
#12045 = DIRECTION('',(0.,1.,0.));
#12046 = ADVANCED_FACE('',(#12047),#12053,.T.);
#12047 = FACE_BOUND('',#12048,.T.);
#12048 = EDGE_LOOP('',(#12049,#12050,#12051,#12052));
#12049 = ORIENTED_EDGE('',*,*,#11932,.T.);
#12050 = ORIENTED_EDGE('',*,*,#11970,.T.);
#12051 = ORIENTED_EDGE('',*,*,#12001,.T.);
#12052 = ORIENTED_EDGE('',*,*,#12023,.T.);
#12053 = PLANE('',#12054);
#12054 = AXIS2_PLACEMENT_3D('',#12055,#12056,#12057);
#12055 = CARTESIAN_POINT('',(-2.045,-1.402,5.1E-02));
#12056 = DIRECTION('',(0.,0.,1.));
#12057 = DIRECTION('',(0.,1.,0.));
#12058 = ( GEOMETRIC_REPRESENTATION_CONTEXT(3) 
GLOBAL_UNCERTAINTY_ASSIGNED_CONTEXT((#12062)) 
GLOBAL_UNIT_ASSIGNED_CONTEXT((#12059,#12060,#12061)) 
REPRESENTATION_CONTEXT('Context #1',
  '3D Context with UNIT and UNCERTAINTY') );
#12059 = ( LENGTH_UNIT() NAMED_UNIT(*) SI_UNIT(.MILLI.,.METRE.) );
#12060 = ( NAMED_UNIT(*) PLANE_ANGLE_UNIT() SI_UNIT($,.RADIAN.) );
#12061 = ( NAMED_UNIT(*) SI_UNIT($,.STERADIAN.) SOLID_ANGLE_UNIT() );
#12062 = UNCERTAINTY_MEASURE_WITH_UNIT(LENGTH_MEASURE(1.E-07),#12059,
  'distance_accuracy_value','confusion accuracy');
#12063 = CONTEXT_DEPENDENT_SHAPE_REPRESENTATION(#12064,#12066);
#12064 = ( REPRESENTATION_RELATIONSHIP('','',#11907,#10510) 
REPRESENTATION_RELATIONSHIP_WITH_TRANSFORMATION(#12065) 
SHAPE_REPRESENTATION_RELATIONSHIP() );
#12065 = ITEM_DEFINED_TRANSFORMATION('','',#11,#10543);
#12066 = PRODUCT_DEFINITION_SHAPE('Placement','Placement of an item',
  #12067);
#12067 = NEXT_ASSEMBLY_USAGE_OCCURRENCE('35','=>[0:1:1:9]','',#10505,
  #11902,$);
#12068 = PRODUCT_RELATED_PRODUCT_CATEGORY('part',$,(#11904));
#12069 = SHAPE_DEFINITION_REPRESENTATION(#12070,#12076);
#12070 = PRODUCT_DEFINITION_SHAPE('','',#12071);
#12071 = PRODUCT_DEFINITION('design','',#12072,#12075);
#12072 = PRODUCT_DEFINITION_FORMATION('','',#12073);
#12073 = PRODUCT('part009','part009','',(#12074));
#12074 = PRODUCT_CONTEXT('',#2,'mechanical');
#12075 = PRODUCT_DEFINITION_CONTEXT('part definition',#2,'design');
#12076 = ADVANCED_BREP_SHAPE_REPRESENTATION('',(#11,#12077),#12227);
#12077 = MANIFOLD_SOLID_BREP('',#12078);
#12078 = CLOSED_SHELL('',(#12079,#12119,#12150,#12181,#12203,#12215));
#12079 = ADVANCED_FACE('',(#12080),#12114,.T.);
#12080 = FACE_BOUND('',#12081,.T.);
#12081 = EDGE_LOOP('',(#12082,#12092,#12100,#12108));
#12082 = ORIENTED_EDGE('',*,*,#12083,.F.);
#12083 = EDGE_CURVE('',#12084,#12086,#12088,.T.);
#12084 = VERTEX_POINT('',#12085);
#12085 = CARTESIAN_POINT('',(-1.537,-1.902,0.));
#12086 = VERTEX_POINT('',#12087);
#12087 = CARTESIAN_POINT('',(-2.045,-1.902,0.));
#12088 = LINE('',#12089,#12090);
#12089 = CARTESIAN_POINT('',(-1.537,-1.902,0.));
#12090 = VECTOR('',#12091,1.);
#12091 = DIRECTION('',(-1.,0.,0.));
#12092 = ORIENTED_EDGE('',*,*,#12093,.F.);
#12093 = EDGE_CURVE('',#12094,#12084,#12096,.T.);
#12094 = VERTEX_POINT('',#12095);
#12095 = CARTESIAN_POINT('',(-1.537,-1.902,5.1E-02));
#12096 = LINE('',#12097,#12098);
#12097 = CARTESIAN_POINT('',(-1.537,-1.902,5.1E-02));
#12098 = VECTOR('',#12099,1.);
#12099 = DIRECTION('',(0.,0.,-1.));
#12100 = ORIENTED_EDGE('',*,*,#12101,.F.);
#12101 = EDGE_CURVE('',#12102,#12094,#12104,.T.);
#12102 = VERTEX_POINT('',#12103);
#12103 = CARTESIAN_POINT('',(-2.045,-1.902,5.1E-02));
#12104 = LINE('',#12105,#12106);
#12105 = CARTESIAN_POINT('',(-2.045,-1.902,5.1E-02));
#12106 = VECTOR('',#12107,1.);
#12107 = DIRECTION('',(1.,0.,0.));
#12108 = ORIENTED_EDGE('',*,*,#12109,.F.);
#12109 = EDGE_CURVE('',#12086,#12102,#12110,.T.);
#12110 = LINE('',#12111,#12112);
#12111 = CARTESIAN_POINT('',(-2.045,-1.902,0.));
#12112 = VECTOR('',#12113,1.);
#12113 = DIRECTION('',(0.,0.,1.));
#12114 = PLANE('',#12115);
#12115 = AXIS2_PLACEMENT_3D('',#12116,#12117,#12118);
#12116 = CARTESIAN_POINT('',(-2.045,-1.902,0.));
#12117 = DIRECTION('',(0.,-1.,0.));
#12118 = DIRECTION('',(0.,0.,1.));
#12119 = ADVANCED_FACE('',(#12120),#12145,.T.);
#12120 = FACE_BOUND('',#12121,.T.);
#12121 = EDGE_LOOP('',(#12122,#12130,#12138,#12144));
#12122 = ORIENTED_EDGE('',*,*,#12123,.F.);
#12123 = EDGE_CURVE('',#12124,#12084,#12126,.T.);
#12124 = VERTEX_POINT('',#12125);
#12125 = CARTESIAN_POINT('',(-1.537,-1.598,0.));
#12126 = LINE('',#12127,#12128);
#12127 = CARTESIAN_POINT('',(-1.537,-1.598,0.));
#12128 = VECTOR('',#12129,1.);
#12129 = DIRECTION('',(0.,-1.,0.));
#12130 = ORIENTED_EDGE('',*,*,#12131,.F.);
#12131 = EDGE_CURVE('',#12132,#12124,#12134,.T.);
#12132 = VERTEX_POINT('',#12133);
#12133 = CARTESIAN_POINT('',(-1.537,-1.598,5.1E-02));
#12134 = LINE('',#12135,#12136);
#12135 = CARTESIAN_POINT('',(-1.537,-1.598,5.1E-02));
#12136 = VECTOR('',#12137,1.);
#12137 = DIRECTION('',(0.,0.,-1.));
#12138 = ORIENTED_EDGE('',*,*,#12139,.F.);
#12139 = EDGE_CURVE('',#12094,#12132,#12140,.T.);
#12140 = LINE('',#12141,#12142);
#12141 = CARTESIAN_POINT('',(-1.537,-1.902,5.1E-02));
#12142 = VECTOR('',#12143,1.);
#12143 = DIRECTION('',(0.,1.,0.));
#12144 = ORIENTED_EDGE('',*,*,#12093,.T.);
#12145 = PLANE('',#12146);
#12146 = AXIS2_PLACEMENT_3D('',#12147,#12148,#12149);
#12147 = CARTESIAN_POINT('',(-1.537,-1.902,0.));
#12148 = DIRECTION('',(1.,0.,0.));
#12149 = DIRECTION('',(0.,0.,1.));
#12150 = ADVANCED_FACE('',(#12151),#12176,.T.);
#12151 = FACE_BOUND('',#12152,.T.);
#12152 = EDGE_LOOP('',(#12153,#12161,#12169,#12175));
#12153 = ORIENTED_EDGE('',*,*,#12154,.F.);
#12154 = EDGE_CURVE('',#12155,#12124,#12157,.T.);
#12155 = VERTEX_POINT('',#12156);
#12156 = CARTESIAN_POINT('',(-2.045,-1.598,0.));
#12157 = LINE('',#12158,#12159);
#12158 = CARTESIAN_POINT('',(-2.045,-1.598,0.));
#12159 = VECTOR('',#12160,1.);
#12160 = DIRECTION('',(1.,0.,0.));
#12161 = ORIENTED_EDGE('',*,*,#12162,.F.);
#12162 = EDGE_CURVE('',#12163,#12155,#12165,.T.);
#12163 = VERTEX_POINT('',#12164);
#12164 = CARTESIAN_POINT('',(-2.045,-1.598,5.1E-02));
#12165 = LINE('',#12166,#12167);
#12166 = CARTESIAN_POINT('',(-2.045,-1.598,5.1E-02));
#12167 = VECTOR('',#12168,1.);
#12168 = DIRECTION('',(0.,0.,-1.));
#12169 = ORIENTED_EDGE('',*,*,#12170,.F.);
#12170 = EDGE_CURVE('',#12132,#12163,#12171,.T.);
#12171 = LINE('',#12172,#12173);
#12172 = CARTESIAN_POINT('',(-1.537,-1.598,5.1E-02));
#12173 = VECTOR('',#12174,1.);
#12174 = DIRECTION('',(-1.,0.,0.));
#12175 = ORIENTED_EDGE('',*,*,#12131,.T.);
#12176 = PLANE('',#12177);
#12177 = AXIS2_PLACEMENT_3D('',#12178,#12179,#12180);
#12178 = CARTESIAN_POINT('',(-1.537,-1.598,0.));
#12179 = DIRECTION('',(0.,1.,0.));
#12180 = DIRECTION('',(0.,-0.,1.));
#12181 = ADVANCED_FACE('',(#12182),#12198,.T.);
#12182 = FACE_BOUND('',#12183,.T.);
#12183 = EDGE_LOOP('',(#12184,#12190,#12191,#12197));
#12184 = ORIENTED_EDGE('',*,*,#12185,.F.);
#12185 = EDGE_CURVE('',#12086,#12155,#12186,.T.);
#12186 = LINE('',#12187,#12188);
#12187 = CARTESIAN_POINT('',(-2.045,-1.902,0.));
#12188 = VECTOR('',#12189,1.);
#12189 = DIRECTION('',(0.,1.,0.));
#12190 = ORIENTED_EDGE('',*,*,#12109,.T.);
#12191 = ORIENTED_EDGE('',*,*,#12192,.F.);
#12192 = EDGE_CURVE('',#12163,#12102,#12193,.T.);
#12193 = LINE('',#12194,#12195);
#12194 = CARTESIAN_POINT('',(-2.045,-1.598,5.1E-02));
#12195 = VECTOR('',#12196,1.);
#12196 = DIRECTION('',(0.,-1.,0.));
#12197 = ORIENTED_EDGE('',*,*,#12162,.T.);
#12198 = PLANE('',#12199);
#12199 = AXIS2_PLACEMENT_3D('',#12200,#12201,#12202);
#12200 = CARTESIAN_POINT('',(-2.045,-1.598,0.));
#12201 = DIRECTION('',(-1.,0.,0.));
#12202 = DIRECTION('',(0.,0.,1.));
#12203 = ADVANCED_FACE('',(#12204),#12210,.T.);
#12204 = FACE_BOUND('',#12205,.T.);
#12205 = EDGE_LOOP('',(#12206,#12207,#12208,#12209));
#12206 = ORIENTED_EDGE('',*,*,#12154,.T.);
#12207 = ORIENTED_EDGE('',*,*,#12123,.T.);
#12208 = ORIENTED_EDGE('',*,*,#12083,.T.);
#12209 = ORIENTED_EDGE('',*,*,#12185,.T.);
#12210 = PLANE('',#12211);
#12211 = AXIS2_PLACEMENT_3D('',#12212,#12213,#12214);
#12212 = CARTESIAN_POINT('',(-2.045,-1.598,0.));
#12213 = DIRECTION('',(0.,0.,-1.));
#12214 = DIRECTION('',(0.,1.,0.));
#12215 = ADVANCED_FACE('',(#12216),#12222,.T.);
#12216 = FACE_BOUND('',#12217,.T.);
#12217 = EDGE_LOOP('',(#12218,#12219,#12220,#12221));
#12218 = ORIENTED_EDGE('',*,*,#12101,.T.);
#12219 = ORIENTED_EDGE('',*,*,#12139,.T.);
#12220 = ORIENTED_EDGE('',*,*,#12170,.T.);
#12221 = ORIENTED_EDGE('',*,*,#12192,.T.);
#12222 = PLANE('',#12223);
#12223 = AXIS2_PLACEMENT_3D('',#12224,#12225,#12226);
#12224 = CARTESIAN_POINT('',(-2.045,-1.902,5.1E-02));
#12225 = DIRECTION('',(0.,0.,1.));
#12226 = DIRECTION('',(0.,1.,0.));
#12227 = ( GEOMETRIC_REPRESENTATION_CONTEXT(3) 
GLOBAL_UNCERTAINTY_ASSIGNED_CONTEXT((#12231)) 
GLOBAL_UNIT_ASSIGNED_CONTEXT((#12228,#12229,#12230)) 
REPRESENTATION_CONTEXT('Context #1',
  '3D Context with UNIT and UNCERTAINTY') );
#12228 = ( LENGTH_UNIT() NAMED_UNIT(*) SI_UNIT(.MILLI.,.METRE.) );
#12229 = ( NAMED_UNIT(*) PLANE_ANGLE_UNIT() SI_UNIT($,.RADIAN.) );
#12230 = ( NAMED_UNIT(*) SI_UNIT($,.STERADIAN.) SOLID_ANGLE_UNIT() );
#12231 = UNCERTAINTY_MEASURE_WITH_UNIT(LENGTH_MEASURE(1.E-07),#12228,
  'distance_accuracy_value','confusion accuracy');
#12232 = CONTEXT_DEPENDENT_SHAPE_REPRESENTATION(#12233,#12235);
#12233 = ( REPRESENTATION_RELATIONSHIP('','',#12076,#10510) 
REPRESENTATION_RELATIONSHIP_WITH_TRANSFORMATION(#12234) 
SHAPE_REPRESENTATION_RELATIONSHIP() );
#12234 = ITEM_DEFINED_TRANSFORMATION('','',#11,#10547);
#12235 = PRODUCT_DEFINITION_SHAPE('Placement','Placement of an item',
  #12236);
#12236 = NEXT_ASSEMBLY_USAGE_OCCURRENCE('36','=>[0:1:1:10]','',#10505,
  #12071,$);
#12237 = PRODUCT_RELATED_PRODUCT_CATEGORY('part',$,(#12073));
#12238 = SHAPE_DEFINITION_REPRESENTATION(#12239,#12245);
#12239 = PRODUCT_DEFINITION_SHAPE('','',#12240);
#12240 = PRODUCT_DEFINITION('design','',#12241,#12244);
#12241 = PRODUCT_DEFINITION_FORMATION('','',#12242);
#12242 = PRODUCT('part010','part010','',(#12243));
#12243 = PRODUCT_CONTEXT('',#2,'mechanical');
#12244 = PRODUCT_DEFINITION_CONTEXT('part definition',#2,'design');
#12245 = ADVANCED_BREP_SHAPE_REPRESENTATION('',(#11,#12246),#12396);
#12246 = MANIFOLD_SOLID_BREP('',#12247);
#12247 = CLOSED_SHELL('',(#12248,#12288,#12319,#12350,#12372,#12384));
#12248 = ADVANCED_FACE('',(#12249),#12283,.T.);
#12249 = FACE_BOUND('',#12250,.T.);
#12250 = EDGE_LOOP('',(#12251,#12261,#12269,#12277));
#12251 = ORIENTED_EDGE('',*,*,#12252,.F.);
#12252 = EDGE_CURVE('',#12253,#12255,#12257,.T.);
#12253 = VERTEX_POINT('',#12254);
#12254 = CARTESIAN_POINT('',(-1.098,-2.553,0.));
#12255 = VERTEX_POINT('',#12256);
#12256 = CARTESIAN_POINT('',(-1.402,-2.553,0.));
#12257 = LINE('',#12258,#12259);
#12258 = CARTESIAN_POINT('',(-1.098,-2.553,0.));
#12259 = VECTOR('',#12260,1.);
#12260 = DIRECTION('',(-1.,0.,0.));
#12261 = ORIENTED_EDGE('',*,*,#12262,.F.);
#12262 = EDGE_CURVE('',#12263,#12253,#12265,.T.);
#12263 = VERTEX_POINT('',#12264);
#12264 = CARTESIAN_POINT('',(-1.098,-2.553,5.1E-02));
#12265 = LINE('',#12266,#12267);
#12266 = CARTESIAN_POINT('',(-1.098,-2.553,5.1E-02));
#12267 = VECTOR('',#12268,1.);
#12268 = DIRECTION('',(0.,0.,-1.));
#12269 = ORIENTED_EDGE('',*,*,#12270,.F.);
#12270 = EDGE_CURVE('',#12271,#12263,#12273,.T.);
#12271 = VERTEX_POINT('',#12272);
#12272 = CARTESIAN_POINT('',(-1.402,-2.553,5.1E-02));
#12273 = LINE('',#12274,#12275);
#12274 = CARTESIAN_POINT('',(-1.402,-2.553,5.1E-02));
#12275 = VECTOR('',#12276,1.);
#12276 = DIRECTION('',(1.,0.,0.));
#12277 = ORIENTED_EDGE('',*,*,#12278,.F.);
#12278 = EDGE_CURVE('',#12255,#12271,#12279,.T.);
#12279 = LINE('',#12280,#12281);
#12280 = CARTESIAN_POINT('',(-1.402,-2.553,0.));
#12281 = VECTOR('',#12282,1.);
#12282 = DIRECTION('',(0.,0.,1.));
#12283 = PLANE('',#12284);
#12284 = AXIS2_PLACEMENT_3D('',#12285,#12286,#12287);
#12285 = CARTESIAN_POINT('',(-1.402,-2.553,0.));
#12286 = DIRECTION('',(0.,-1.,0.));
#12287 = DIRECTION('',(0.,0.,1.));
#12288 = ADVANCED_FACE('',(#12289),#12314,.T.);
#12289 = FACE_BOUND('',#12290,.T.);
#12290 = EDGE_LOOP('',(#12291,#12299,#12307,#12313));
#12291 = ORIENTED_EDGE('',*,*,#12292,.F.);
#12292 = EDGE_CURVE('',#12293,#12253,#12295,.T.);
#12293 = VERTEX_POINT('',#12294);
#12294 = CARTESIAN_POINT('',(-1.098,-2.045,0.));
#12295 = LINE('',#12296,#12297);
#12296 = CARTESIAN_POINT('',(-1.098,-2.045,0.));
#12297 = VECTOR('',#12298,1.);
#12298 = DIRECTION('',(0.,-1.,0.));
#12299 = ORIENTED_EDGE('',*,*,#12300,.F.);
#12300 = EDGE_CURVE('',#12301,#12293,#12303,.T.);
#12301 = VERTEX_POINT('',#12302);
#12302 = CARTESIAN_POINT('',(-1.098,-2.045,5.1E-02));
#12303 = LINE('',#12304,#12305);
#12304 = CARTESIAN_POINT('',(-1.098,-2.045,5.1E-02));
#12305 = VECTOR('',#12306,1.);
#12306 = DIRECTION('',(0.,0.,-1.));
#12307 = ORIENTED_EDGE('',*,*,#12308,.F.);
#12308 = EDGE_CURVE('',#12263,#12301,#12309,.T.);
#12309 = LINE('',#12310,#12311);
#12310 = CARTESIAN_POINT('',(-1.098,-2.553,5.1E-02));
#12311 = VECTOR('',#12312,1.);
#12312 = DIRECTION('',(0.,1.,0.));
#12313 = ORIENTED_EDGE('',*,*,#12262,.T.);
#12314 = PLANE('',#12315);
#12315 = AXIS2_PLACEMENT_3D('',#12316,#12317,#12318);
#12316 = CARTESIAN_POINT('',(-1.098,-2.553,0.));
#12317 = DIRECTION('',(1.,0.,0.));
#12318 = DIRECTION('',(0.,0.,1.));
#12319 = ADVANCED_FACE('',(#12320),#12345,.T.);
#12320 = FACE_BOUND('',#12321,.T.);
#12321 = EDGE_LOOP('',(#12322,#12330,#12338,#12344));
#12322 = ORIENTED_EDGE('',*,*,#12323,.F.);
#12323 = EDGE_CURVE('',#12324,#12293,#12326,.T.);
#12324 = VERTEX_POINT('',#12325);
#12325 = CARTESIAN_POINT('',(-1.402,-2.045,0.));
#12326 = LINE('',#12327,#12328);
#12327 = CARTESIAN_POINT('',(-1.402,-2.045,0.));
#12328 = VECTOR('',#12329,1.);
#12329 = DIRECTION('',(1.,0.,0.));
#12330 = ORIENTED_EDGE('',*,*,#12331,.F.);
#12331 = EDGE_CURVE('',#12332,#12324,#12334,.T.);
#12332 = VERTEX_POINT('',#12333);
#12333 = CARTESIAN_POINT('',(-1.402,-2.045,5.1E-02));
#12334 = LINE('',#12335,#12336);
#12335 = CARTESIAN_POINT('',(-1.402,-2.045,5.1E-02));
#12336 = VECTOR('',#12337,1.);
#12337 = DIRECTION('',(0.,0.,-1.));
#12338 = ORIENTED_EDGE('',*,*,#12339,.F.);
#12339 = EDGE_CURVE('',#12301,#12332,#12340,.T.);
#12340 = LINE('',#12341,#12342);
#12341 = CARTESIAN_POINT('',(-1.098,-2.045,5.1E-02));
#12342 = VECTOR('',#12343,1.);
#12343 = DIRECTION('',(-1.,0.,0.));
#12344 = ORIENTED_EDGE('',*,*,#12300,.T.);
#12345 = PLANE('',#12346);
#12346 = AXIS2_PLACEMENT_3D('',#12347,#12348,#12349);
#12347 = CARTESIAN_POINT('',(-1.098,-2.045,0.));
#12348 = DIRECTION('',(0.,1.,0.));
#12349 = DIRECTION('',(0.,-0.,1.));
#12350 = ADVANCED_FACE('',(#12351),#12367,.T.);
#12351 = FACE_BOUND('',#12352,.T.);
#12352 = EDGE_LOOP('',(#12353,#12359,#12360,#12366));
#12353 = ORIENTED_EDGE('',*,*,#12354,.F.);
#12354 = EDGE_CURVE('',#12255,#12324,#12355,.T.);
#12355 = LINE('',#12356,#12357);
#12356 = CARTESIAN_POINT('',(-1.402,-2.553,0.));
#12357 = VECTOR('',#12358,1.);
#12358 = DIRECTION('',(0.,1.,0.));
#12359 = ORIENTED_EDGE('',*,*,#12278,.T.);
#12360 = ORIENTED_EDGE('',*,*,#12361,.F.);
#12361 = EDGE_CURVE('',#12332,#12271,#12362,.T.);
#12362 = LINE('',#12363,#12364);
#12363 = CARTESIAN_POINT('',(-1.402,-2.045,5.1E-02));
#12364 = VECTOR('',#12365,1.);
#12365 = DIRECTION('',(0.,-1.,0.));
#12366 = ORIENTED_EDGE('',*,*,#12331,.T.);
#12367 = PLANE('',#12368);
#12368 = AXIS2_PLACEMENT_3D('',#12369,#12370,#12371);
#12369 = CARTESIAN_POINT('',(-1.402,-2.045,0.));
#12370 = DIRECTION('',(-1.,0.,0.));
#12371 = DIRECTION('',(0.,0.,1.));
#12372 = ADVANCED_FACE('',(#12373),#12379,.T.);
#12373 = FACE_BOUND('',#12374,.T.);
#12374 = EDGE_LOOP('',(#12375,#12376,#12377,#12378));
#12375 = ORIENTED_EDGE('',*,*,#12323,.T.);
#12376 = ORIENTED_EDGE('',*,*,#12292,.T.);
#12377 = ORIENTED_EDGE('',*,*,#12252,.T.);
#12378 = ORIENTED_EDGE('',*,*,#12354,.T.);
#12379 = PLANE('',#12380);
#12380 = AXIS2_PLACEMENT_3D('',#12381,#12382,#12383);
#12381 = CARTESIAN_POINT('',(-1.402,-2.045,0.));
#12382 = DIRECTION('',(0.,0.,-1.));
#12383 = DIRECTION('',(0.,1.,0.));
#12384 = ADVANCED_FACE('',(#12385),#12391,.T.);
#12385 = FACE_BOUND('',#12386,.T.);
#12386 = EDGE_LOOP('',(#12387,#12388,#12389,#12390));
#12387 = ORIENTED_EDGE('',*,*,#12270,.T.);
#12388 = ORIENTED_EDGE('',*,*,#12308,.T.);
#12389 = ORIENTED_EDGE('',*,*,#12339,.T.);
#12390 = ORIENTED_EDGE('',*,*,#12361,.T.);
#12391 = PLANE('',#12392);
#12392 = AXIS2_PLACEMENT_3D('',#12393,#12394,#12395);
#12393 = CARTESIAN_POINT('',(-1.402,-2.553,5.1E-02));
#12394 = DIRECTION('',(0.,0.,1.));
#12395 = DIRECTION('',(0.,1.,0.));
#12396 = ( GEOMETRIC_REPRESENTATION_CONTEXT(3) 
GLOBAL_UNCERTAINTY_ASSIGNED_CONTEXT((#12400)) 
GLOBAL_UNIT_ASSIGNED_CONTEXT((#12397,#12398,#12399)) 
REPRESENTATION_CONTEXT('Context #1',
  '3D Context with UNIT and UNCERTAINTY') );
#12397 = ( LENGTH_UNIT() NAMED_UNIT(*) SI_UNIT(.MILLI.,.METRE.) );
#12398 = ( NAMED_UNIT(*) PLANE_ANGLE_UNIT() SI_UNIT($,.RADIAN.) );
#12399 = ( NAMED_UNIT(*) SI_UNIT($,.STERADIAN.) SOLID_ANGLE_UNIT() );
#12400 = UNCERTAINTY_MEASURE_WITH_UNIT(LENGTH_MEASURE(1.E-07),#12397,
  'distance_accuracy_value','confusion accuracy');
#12401 = CONTEXT_DEPENDENT_SHAPE_REPRESENTATION(#12402,#12404);
#12402 = ( REPRESENTATION_RELATIONSHIP('','',#12245,#10510) 
REPRESENTATION_RELATIONSHIP_WITH_TRANSFORMATION(#12403) 
SHAPE_REPRESENTATION_RELATIONSHIP() );
#12403 = ITEM_DEFINED_TRANSFORMATION('','',#11,#10551);
#12404 = PRODUCT_DEFINITION_SHAPE('Placement','Placement of an item',
  #12405);
#12405 = NEXT_ASSEMBLY_USAGE_OCCURRENCE('37','=>[0:1:1:11]','',#10505,
  #12240,$);
#12406 = PRODUCT_RELATED_PRODUCT_CATEGORY('part',$,(#12242));
#12407 = SHAPE_DEFINITION_REPRESENTATION(#12408,#12414);
#12408 = PRODUCT_DEFINITION_SHAPE('','',#12409);
#12409 = PRODUCT_DEFINITION('design','',#12410,#12413);
#12410 = PRODUCT_DEFINITION_FORMATION('','',#12411);
#12411 = PRODUCT('part011','part011','',(#12412));
#12412 = PRODUCT_CONTEXT('',#2,'mechanical');
#12413 = PRODUCT_DEFINITION_CONTEXT('part definition',#2,'design');
#12414 = ADVANCED_BREP_SHAPE_REPRESENTATION('',(#11,#12415),#12565);
#12415 = MANIFOLD_SOLID_BREP('',#12416);
#12416 = CLOSED_SHELL('',(#12417,#12457,#12488,#12519,#12541,#12553));
#12417 = ADVANCED_FACE('',(#12418),#12452,.T.);
#12418 = FACE_BOUND('',#12419,.T.);
#12419 = EDGE_LOOP('',(#12420,#12430,#12438,#12446));
#12420 = ORIENTED_EDGE('',*,*,#12421,.F.);
#12421 = EDGE_CURVE('',#12422,#12424,#12426,.T.);
#12422 = VERTEX_POINT('',#12423);
#12423 = CARTESIAN_POINT('',(-0.598,-2.553,0.));
#12424 = VERTEX_POINT('',#12425);
#12425 = CARTESIAN_POINT('',(-0.902,-2.553,0.));
#12426 = LINE('',#12427,#12428);
#12427 = CARTESIAN_POINT('',(-0.598,-2.553,0.));
#12428 = VECTOR('',#12429,1.);
#12429 = DIRECTION('',(-1.,0.,0.));
#12430 = ORIENTED_EDGE('',*,*,#12431,.F.);
#12431 = EDGE_CURVE('',#12432,#12422,#12434,.T.);
#12432 = VERTEX_POINT('',#12433);
#12433 = CARTESIAN_POINT('',(-0.598,-2.553,5.1E-02));
#12434 = LINE('',#12435,#12436);
#12435 = CARTESIAN_POINT('',(-0.598,-2.553,5.1E-02));
#12436 = VECTOR('',#12437,1.);
#12437 = DIRECTION('',(0.,0.,-1.));
#12438 = ORIENTED_EDGE('',*,*,#12439,.F.);
#12439 = EDGE_CURVE('',#12440,#12432,#12442,.T.);
#12440 = VERTEX_POINT('',#12441);
#12441 = CARTESIAN_POINT('',(-0.902,-2.553,5.1E-02));
#12442 = LINE('',#12443,#12444);
#12443 = CARTESIAN_POINT('',(-0.902,-2.553,5.1E-02));
#12444 = VECTOR('',#12445,1.);
#12445 = DIRECTION('',(1.,0.,0.));
#12446 = ORIENTED_EDGE('',*,*,#12447,.F.);
#12447 = EDGE_CURVE('',#12424,#12440,#12448,.T.);
#12448 = LINE('',#12449,#12450);
#12449 = CARTESIAN_POINT('',(-0.902,-2.553,0.));
#12450 = VECTOR('',#12451,1.);
#12451 = DIRECTION('',(0.,0.,1.));
#12452 = PLANE('',#12453);
#12453 = AXIS2_PLACEMENT_3D('',#12454,#12455,#12456);
#12454 = CARTESIAN_POINT('',(-0.902,-2.553,0.));
#12455 = DIRECTION('',(0.,-1.,0.));
#12456 = DIRECTION('',(0.,0.,1.));
#12457 = ADVANCED_FACE('',(#12458),#12483,.T.);
#12458 = FACE_BOUND('',#12459,.T.);
#12459 = EDGE_LOOP('',(#12460,#12468,#12476,#12482));
#12460 = ORIENTED_EDGE('',*,*,#12461,.F.);
#12461 = EDGE_CURVE('',#12462,#12422,#12464,.T.);
#12462 = VERTEX_POINT('',#12463);
#12463 = CARTESIAN_POINT('',(-0.598,-2.045,0.));
#12464 = LINE('',#12465,#12466);
#12465 = CARTESIAN_POINT('',(-0.598,-2.045,0.));
#12466 = VECTOR('',#12467,1.);
#12467 = DIRECTION('',(0.,-1.,0.));
#12468 = ORIENTED_EDGE('',*,*,#12469,.F.);
#12469 = EDGE_CURVE('',#12470,#12462,#12472,.T.);
#12470 = VERTEX_POINT('',#12471);
#12471 = CARTESIAN_POINT('',(-0.598,-2.045,5.1E-02));
#12472 = LINE('',#12473,#12474);
#12473 = CARTESIAN_POINT('',(-0.598,-2.045,5.1E-02));
#12474 = VECTOR('',#12475,1.);
#12475 = DIRECTION('',(0.,0.,-1.));
#12476 = ORIENTED_EDGE('',*,*,#12477,.F.);
#12477 = EDGE_CURVE('',#12432,#12470,#12478,.T.);
#12478 = LINE('',#12479,#12480);
#12479 = CARTESIAN_POINT('',(-0.598,-2.553,5.1E-02));
#12480 = VECTOR('',#12481,1.);
#12481 = DIRECTION('',(0.,1.,0.));
#12482 = ORIENTED_EDGE('',*,*,#12431,.T.);
#12483 = PLANE('',#12484);
#12484 = AXIS2_PLACEMENT_3D('',#12485,#12486,#12487);
#12485 = CARTESIAN_POINT('',(-0.598,-2.553,0.));
#12486 = DIRECTION('',(1.,0.,0.));
#12487 = DIRECTION('',(0.,0.,1.));
#12488 = ADVANCED_FACE('',(#12489),#12514,.T.);
#12489 = FACE_BOUND('',#12490,.T.);
#12490 = EDGE_LOOP('',(#12491,#12499,#12507,#12513));
#12491 = ORIENTED_EDGE('',*,*,#12492,.F.);
#12492 = EDGE_CURVE('',#12493,#12462,#12495,.T.);
#12493 = VERTEX_POINT('',#12494);
#12494 = CARTESIAN_POINT('',(-0.902,-2.045,0.));
#12495 = LINE('',#12496,#12497);
#12496 = CARTESIAN_POINT('',(-0.902,-2.045,0.));
#12497 = VECTOR('',#12498,1.);
#12498 = DIRECTION('',(1.,0.,0.));
#12499 = ORIENTED_EDGE('',*,*,#12500,.F.);
#12500 = EDGE_CURVE('',#12501,#12493,#12503,.T.);
#12501 = VERTEX_POINT('',#12502);
#12502 = CARTESIAN_POINT('',(-0.902,-2.045,5.1E-02));
#12503 = LINE('',#12504,#12505);
#12504 = CARTESIAN_POINT('',(-0.902,-2.045,5.1E-02));
#12505 = VECTOR('',#12506,1.);
#12506 = DIRECTION('',(0.,0.,-1.));
#12507 = ORIENTED_EDGE('',*,*,#12508,.F.);
#12508 = EDGE_CURVE('',#12470,#12501,#12509,.T.);
#12509 = LINE('',#12510,#12511);
#12510 = CARTESIAN_POINT('',(-0.598,-2.045,5.1E-02));
#12511 = VECTOR('',#12512,1.);
#12512 = DIRECTION('',(-1.,0.,0.));
#12513 = ORIENTED_EDGE('',*,*,#12469,.T.);
#12514 = PLANE('',#12515);
#12515 = AXIS2_PLACEMENT_3D('',#12516,#12517,#12518);
#12516 = CARTESIAN_POINT('',(-0.598,-2.045,0.));
#12517 = DIRECTION('',(0.,1.,0.));
#12518 = DIRECTION('',(0.,-0.,1.));
#12519 = ADVANCED_FACE('',(#12520),#12536,.T.);
#12520 = FACE_BOUND('',#12521,.T.);
#12521 = EDGE_LOOP('',(#12522,#12528,#12529,#12535));
#12522 = ORIENTED_EDGE('',*,*,#12523,.F.);
#12523 = EDGE_CURVE('',#12424,#12493,#12524,.T.);
#12524 = LINE('',#12525,#12526);
#12525 = CARTESIAN_POINT('',(-0.902,-2.553,0.));
#12526 = VECTOR('',#12527,1.);
#12527 = DIRECTION('',(0.,1.,0.));
#12528 = ORIENTED_EDGE('',*,*,#12447,.T.);
#12529 = ORIENTED_EDGE('',*,*,#12530,.F.);
#12530 = EDGE_CURVE('',#12501,#12440,#12531,.T.);
#12531 = LINE('',#12532,#12533);
#12532 = CARTESIAN_POINT('',(-0.902,-2.045,5.1E-02));
#12533 = VECTOR('',#12534,1.);
#12534 = DIRECTION('',(0.,-1.,0.));
#12535 = ORIENTED_EDGE('',*,*,#12500,.T.);
#12536 = PLANE('',#12537);
#12537 = AXIS2_PLACEMENT_3D('',#12538,#12539,#12540);
#12538 = CARTESIAN_POINT('',(-0.902,-2.045,0.));
#12539 = DIRECTION('',(-1.,0.,0.));
#12540 = DIRECTION('',(0.,0.,1.));
#12541 = ADVANCED_FACE('',(#12542),#12548,.T.);
#12542 = FACE_BOUND('',#12543,.T.);
#12543 = EDGE_LOOP('',(#12544,#12545,#12546,#12547));
#12544 = ORIENTED_EDGE('',*,*,#12492,.T.);
#12545 = ORIENTED_EDGE('',*,*,#12461,.T.);
#12546 = ORIENTED_EDGE('',*,*,#12421,.T.);
#12547 = ORIENTED_EDGE('',*,*,#12523,.T.);
#12548 = PLANE('',#12549);
#12549 = AXIS2_PLACEMENT_3D('',#12550,#12551,#12552);
#12550 = CARTESIAN_POINT('',(-0.902,-2.045,0.));
#12551 = DIRECTION('',(0.,0.,-1.));
#12552 = DIRECTION('',(0.,1.,0.));
#12553 = ADVANCED_FACE('',(#12554),#12560,.T.);
#12554 = FACE_BOUND('',#12555,.T.);
#12555 = EDGE_LOOP('',(#12556,#12557,#12558,#12559));
#12556 = ORIENTED_EDGE('',*,*,#12439,.T.);
#12557 = ORIENTED_EDGE('',*,*,#12477,.T.);
#12558 = ORIENTED_EDGE('',*,*,#12508,.T.);
#12559 = ORIENTED_EDGE('',*,*,#12530,.T.);
#12560 = PLANE('',#12561);
#12561 = AXIS2_PLACEMENT_3D('',#12562,#12563,#12564);
#12562 = CARTESIAN_POINT('',(-0.902,-2.553,5.1E-02));
#12563 = DIRECTION('',(0.,0.,1.));
#12564 = DIRECTION('',(0.,1.,0.));
#12565 = ( GEOMETRIC_REPRESENTATION_CONTEXT(3) 
GLOBAL_UNCERTAINTY_ASSIGNED_CONTEXT((#12569)) 
GLOBAL_UNIT_ASSIGNED_CONTEXT((#12566,#12567,#12568)) 
REPRESENTATION_CONTEXT('Context #1',
  '3D Context with UNIT and UNCERTAINTY') );
#12566 = ( LENGTH_UNIT() NAMED_UNIT(*) SI_UNIT(.MILLI.,.METRE.) );
#12567 = ( NAMED_UNIT(*) PLANE_ANGLE_UNIT() SI_UNIT($,.RADIAN.) );
#12568 = ( NAMED_UNIT(*) SI_UNIT($,.STERADIAN.) SOLID_ANGLE_UNIT() );
#12569 = UNCERTAINTY_MEASURE_WITH_UNIT(LENGTH_MEASURE(1.E-07),#12566,
  'distance_accuracy_value','confusion accuracy');
#12570 = CONTEXT_DEPENDENT_SHAPE_REPRESENTATION(#12571,#12573);
#12571 = ( REPRESENTATION_RELATIONSHIP('','',#12414,#10510) 
REPRESENTATION_RELATIONSHIP_WITH_TRANSFORMATION(#12572) 
SHAPE_REPRESENTATION_RELATIONSHIP() );
#12572 = ITEM_DEFINED_TRANSFORMATION('','',#11,#10555);
#12573 = PRODUCT_DEFINITION_SHAPE('Placement','Placement of an item',
  #12574);
#12574 = NEXT_ASSEMBLY_USAGE_OCCURRENCE('38','=>[0:1:1:12]','',#10505,
  #12409,$);
#12575 = PRODUCT_RELATED_PRODUCT_CATEGORY('part',$,(#12411));
#12576 = SHAPE_DEFINITION_REPRESENTATION(#12577,#12583);
#12577 = PRODUCT_DEFINITION_SHAPE('','',#12578);
#12578 = PRODUCT_DEFINITION('design','',#12579,#12582);
#12579 = PRODUCT_DEFINITION_FORMATION('','',#12580);
#12580 = PRODUCT('part012','part012','',(#12581));
#12581 = PRODUCT_CONTEXT('',#2,'mechanical');
#12582 = PRODUCT_DEFINITION_CONTEXT('part definition',#2,'design');
#12583 = ADVANCED_BREP_SHAPE_REPRESENTATION('',(#11,#12584),#12734);
#12584 = MANIFOLD_SOLID_BREP('',#12585);
#12585 = CLOSED_SHELL('',(#12586,#12626,#12657,#12688,#12710,#12722));
#12586 = ADVANCED_FACE('',(#12587),#12621,.T.);
#12587 = FACE_BOUND('',#12588,.T.);
#12588 = EDGE_LOOP('',(#12589,#12599,#12607,#12615));
#12589 = ORIENTED_EDGE('',*,*,#12590,.F.);
#12590 = EDGE_CURVE('',#12591,#12593,#12595,.T.);
#12591 = VERTEX_POINT('',#12592);
#12592 = CARTESIAN_POINT('',(-9.8E-02,-2.553,0.));
#12593 = VERTEX_POINT('',#12594);
#12594 = CARTESIAN_POINT('',(-0.402,-2.553,0.));
#12595 = LINE('',#12596,#12597);
#12596 = CARTESIAN_POINT('',(-9.8E-02,-2.553,0.));
#12597 = VECTOR('',#12598,1.);
#12598 = DIRECTION('',(-1.,0.,0.));
#12599 = ORIENTED_EDGE('',*,*,#12600,.F.);
#12600 = EDGE_CURVE('',#12601,#12591,#12603,.T.);
#12601 = VERTEX_POINT('',#12602);
#12602 = CARTESIAN_POINT('',(-9.8E-02,-2.553,5.1E-02));
#12603 = LINE('',#12604,#12605);
#12604 = CARTESIAN_POINT('',(-9.8E-02,-2.553,5.1E-02));
#12605 = VECTOR('',#12606,1.);
#12606 = DIRECTION('',(0.,0.,-1.));
#12607 = ORIENTED_EDGE('',*,*,#12608,.F.);
#12608 = EDGE_CURVE('',#12609,#12601,#12611,.T.);
#12609 = VERTEX_POINT('',#12610);
#12610 = CARTESIAN_POINT('',(-0.402,-2.553,5.1E-02));
#12611 = LINE('',#12612,#12613);
#12612 = CARTESIAN_POINT('',(-0.402,-2.553,5.1E-02));
#12613 = VECTOR('',#12614,1.);
#12614 = DIRECTION('',(1.,0.,0.));
#12615 = ORIENTED_EDGE('',*,*,#12616,.F.);
#12616 = EDGE_CURVE('',#12593,#12609,#12617,.T.);
#12617 = LINE('',#12618,#12619);
#12618 = CARTESIAN_POINT('',(-0.402,-2.553,0.));
#12619 = VECTOR('',#12620,1.);
#12620 = DIRECTION('',(0.,0.,1.));
#12621 = PLANE('',#12622);
#12622 = AXIS2_PLACEMENT_3D('',#12623,#12624,#12625);
#12623 = CARTESIAN_POINT('',(-0.402,-2.553,0.));
#12624 = DIRECTION('',(0.,-1.,0.));
#12625 = DIRECTION('',(0.,0.,1.));
#12626 = ADVANCED_FACE('',(#12627),#12652,.T.);
#12627 = FACE_BOUND('',#12628,.T.);
#12628 = EDGE_LOOP('',(#12629,#12637,#12645,#12651));
#12629 = ORIENTED_EDGE('',*,*,#12630,.F.);
#12630 = EDGE_CURVE('',#12631,#12591,#12633,.T.);
#12631 = VERTEX_POINT('',#12632);
#12632 = CARTESIAN_POINT('',(-9.8E-02,-2.045,0.));
#12633 = LINE('',#12634,#12635);
#12634 = CARTESIAN_POINT('',(-9.8E-02,-2.045,0.));
#12635 = VECTOR('',#12636,1.);
#12636 = DIRECTION('',(0.,-1.,0.));
#12637 = ORIENTED_EDGE('',*,*,#12638,.F.);
#12638 = EDGE_CURVE('',#12639,#12631,#12641,.T.);
#12639 = VERTEX_POINT('',#12640);
#12640 = CARTESIAN_POINT('',(-9.8E-02,-2.045,5.1E-02));
#12641 = LINE('',#12642,#12643);
#12642 = CARTESIAN_POINT('',(-9.8E-02,-2.045,5.1E-02));
#12643 = VECTOR('',#12644,1.);
#12644 = DIRECTION('',(0.,0.,-1.));
#12645 = ORIENTED_EDGE('',*,*,#12646,.F.);
#12646 = EDGE_CURVE('',#12601,#12639,#12647,.T.);
#12647 = LINE('',#12648,#12649);
#12648 = CARTESIAN_POINT('',(-9.8E-02,-2.553,5.1E-02));
#12649 = VECTOR('',#12650,1.);
#12650 = DIRECTION('',(0.,1.,0.));
#12651 = ORIENTED_EDGE('',*,*,#12600,.T.);
#12652 = PLANE('',#12653);
#12653 = AXIS2_PLACEMENT_3D('',#12654,#12655,#12656);
#12654 = CARTESIAN_POINT('',(-9.8E-02,-2.553,0.));
#12655 = DIRECTION('',(1.,0.,0.));
#12656 = DIRECTION('',(0.,0.,1.));
#12657 = ADVANCED_FACE('',(#12658),#12683,.T.);
#12658 = FACE_BOUND('',#12659,.T.);
#12659 = EDGE_LOOP('',(#12660,#12668,#12676,#12682));
#12660 = ORIENTED_EDGE('',*,*,#12661,.F.);
#12661 = EDGE_CURVE('',#12662,#12631,#12664,.T.);
#12662 = VERTEX_POINT('',#12663);
#12663 = CARTESIAN_POINT('',(-0.402,-2.045,0.));
#12664 = LINE('',#12665,#12666);
#12665 = CARTESIAN_POINT('',(-0.402,-2.045,0.));
#12666 = VECTOR('',#12667,1.);
#12667 = DIRECTION('',(1.,0.,0.));
#12668 = ORIENTED_EDGE('',*,*,#12669,.F.);
#12669 = EDGE_CURVE('',#12670,#12662,#12672,.T.);
#12670 = VERTEX_POINT('',#12671);
#12671 = CARTESIAN_POINT('',(-0.402,-2.045,5.1E-02));
#12672 = LINE('',#12673,#12674);
#12673 = CARTESIAN_POINT('',(-0.402,-2.045,5.1E-02));
#12674 = VECTOR('',#12675,1.);
#12675 = DIRECTION('',(0.,0.,-1.));
#12676 = ORIENTED_EDGE('',*,*,#12677,.F.);
#12677 = EDGE_CURVE('',#12639,#12670,#12678,.T.);
#12678 = LINE('',#12679,#12680);
#12679 = CARTESIAN_POINT('',(-9.8E-02,-2.045,5.1E-02));
#12680 = VECTOR('',#12681,1.);
#12681 = DIRECTION('',(-1.,0.,0.));
#12682 = ORIENTED_EDGE('',*,*,#12638,.T.);
#12683 = PLANE('',#12684);
#12684 = AXIS2_PLACEMENT_3D('',#12685,#12686,#12687);
#12685 = CARTESIAN_POINT('',(-9.8E-02,-2.045,0.));
#12686 = DIRECTION('',(0.,1.,0.));
#12687 = DIRECTION('',(0.,-0.,1.));
#12688 = ADVANCED_FACE('',(#12689),#12705,.T.);
#12689 = FACE_BOUND('',#12690,.T.);
#12690 = EDGE_LOOP('',(#12691,#12697,#12698,#12704));
#12691 = ORIENTED_EDGE('',*,*,#12692,.F.);
#12692 = EDGE_CURVE('',#12593,#12662,#12693,.T.);
#12693 = LINE('',#12694,#12695);
#12694 = CARTESIAN_POINT('',(-0.402,-2.553,0.));
#12695 = VECTOR('',#12696,1.);
#12696 = DIRECTION('',(0.,1.,0.));
#12697 = ORIENTED_EDGE('',*,*,#12616,.T.);
#12698 = ORIENTED_EDGE('',*,*,#12699,.F.);
#12699 = EDGE_CURVE('',#12670,#12609,#12700,.T.);
#12700 = LINE('',#12701,#12702);
#12701 = CARTESIAN_POINT('',(-0.402,-2.045,5.1E-02));
#12702 = VECTOR('',#12703,1.);
#12703 = DIRECTION('',(0.,-1.,0.));
#12704 = ORIENTED_EDGE('',*,*,#12669,.T.);
#12705 = PLANE('',#12706);
#12706 = AXIS2_PLACEMENT_3D('',#12707,#12708,#12709);
#12707 = CARTESIAN_POINT('',(-0.402,-2.045,0.));
#12708 = DIRECTION('',(-1.,0.,0.));
#12709 = DIRECTION('',(0.,0.,1.));
#12710 = ADVANCED_FACE('',(#12711),#12717,.T.);
#12711 = FACE_BOUND('',#12712,.T.);
#12712 = EDGE_LOOP('',(#12713,#12714,#12715,#12716));
#12713 = ORIENTED_EDGE('',*,*,#12661,.T.);
#12714 = ORIENTED_EDGE('',*,*,#12630,.T.);
#12715 = ORIENTED_EDGE('',*,*,#12590,.T.);
#12716 = ORIENTED_EDGE('',*,*,#12692,.T.);
#12717 = PLANE('',#12718);
#12718 = AXIS2_PLACEMENT_3D('',#12719,#12720,#12721);
#12719 = CARTESIAN_POINT('',(-0.402,-2.045,0.));
#12720 = DIRECTION('',(0.,0.,-1.));
#12721 = DIRECTION('',(0.,1.,0.));
#12722 = ADVANCED_FACE('',(#12723),#12729,.T.);
#12723 = FACE_BOUND('',#12724,.T.);
#12724 = EDGE_LOOP('',(#12725,#12726,#12727,#12728));
#12725 = ORIENTED_EDGE('',*,*,#12608,.T.);
#12726 = ORIENTED_EDGE('',*,*,#12646,.T.);
#12727 = ORIENTED_EDGE('',*,*,#12677,.T.);
#12728 = ORIENTED_EDGE('',*,*,#12699,.T.);
#12729 = PLANE('',#12730);
#12730 = AXIS2_PLACEMENT_3D('',#12731,#12732,#12733);
#12731 = CARTESIAN_POINT('',(-0.402,-2.553,5.1E-02));
#12732 = DIRECTION('',(0.,0.,1.));
#12733 = DIRECTION('',(0.,1.,0.));
#12734 = ( GEOMETRIC_REPRESENTATION_CONTEXT(3) 
GLOBAL_UNCERTAINTY_ASSIGNED_CONTEXT((#12738)) 
GLOBAL_UNIT_ASSIGNED_CONTEXT((#12735,#12736,#12737)) 
REPRESENTATION_CONTEXT('Context #1',
  '3D Context with UNIT and UNCERTAINTY') );
#12735 = ( LENGTH_UNIT() NAMED_UNIT(*) SI_UNIT(.MILLI.,.METRE.) );
#12736 = ( NAMED_UNIT(*) PLANE_ANGLE_UNIT() SI_UNIT($,.RADIAN.) );
#12737 = ( NAMED_UNIT(*) SI_UNIT($,.STERADIAN.) SOLID_ANGLE_UNIT() );
#12738 = UNCERTAINTY_MEASURE_WITH_UNIT(LENGTH_MEASURE(1.E-07),#12735,
  'distance_accuracy_value','confusion accuracy');
#12739 = CONTEXT_DEPENDENT_SHAPE_REPRESENTATION(#12740,#12742);
#12740 = ( REPRESENTATION_RELATIONSHIP('','',#12583,#10510) 
REPRESENTATION_RELATIONSHIP_WITH_TRANSFORMATION(#12741) 
SHAPE_REPRESENTATION_RELATIONSHIP() );
#12741 = ITEM_DEFINED_TRANSFORMATION('','',#11,#10559);
#12742 = PRODUCT_DEFINITION_SHAPE('Placement','Placement of an item',
  #12743);
#12743 = NEXT_ASSEMBLY_USAGE_OCCURRENCE('39','=>[0:1:1:13]','',#10505,
  #12578,$);
#12744 = PRODUCT_RELATED_PRODUCT_CATEGORY('part',$,(#12580));
#12745 = SHAPE_DEFINITION_REPRESENTATION(#12746,#12752);
#12746 = PRODUCT_DEFINITION_SHAPE('','',#12747);
#12747 = PRODUCT_DEFINITION('design','',#12748,#12751);
#12748 = PRODUCT_DEFINITION_FORMATION('','',#12749);
#12749 = PRODUCT('part013','part013','',(#12750));
#12750 = PRODUCT_CONTEXT('',#2,'mechanical');
#12751 = PRODUCT_DEFINITION_CONTEXT('part definition',#2,'design');
#12752 = ADVANCED_BREP_SHAPE_REPRESENTATION('',(#11,#12753),#12903);
#12753 = MANIFOLD_SOLID_BREP('',#12754);
#12754 = CLOSED_SHELL('',(#12755,#12795,#12826,#12857,#12879,#12891));
#12755 = ADVANCED_FACE('',(#12756),#12790,.T.);
#12756 = FACE_BOUND('',#12757,.T.);
#12757 = EDGE_LOOP('',(#12758,#12768,#12776,#12784));
#12758 = ORIENTED_EDGE('',*,*,#12759,.F.);
#12759 = EDGE_CURVE('',#12760,#12762,#12764,.T.);
#12760 = VERTEX_POINT('',#12761);
#12761 = CARTESIAN_POINT('',(0.402,-2.553,0.));
#12762 = VERTEX_POINT('',#12763);
#12763 = CARTESIAN_POINT('',(9.8E-02,-2.553,0.));
#12764 = LINE('',#12765,#12766);
#12765 = CARTESIAN_POINT('',(0.402,-2.553,0.));
#12766 = VECTOR('',#12767,1.);
#12767 = DIRECTION('',(-1.,0.,0.));
#12768 = ORIENTED_EDGE('',*,*,#12769,.F.);
#12769 = EDGE_CURVE('',#12770,#12760,#12772,.T.);
#12770 = VERTEX_POINT('',#12771);
#12771 = CARTESIAN_POINT('',(0.402,-2.553,5.1E-02));
#12772 = LINE('',#12773,#12774);
#12773 = CARTESIAN_POINT('',(0.402,-2.553,5.1E-02));
#12774 = VECTOR('',#12775,1.);
#12775 = DIRECTION('',(0.,0.,-1.));
#12776 = ORIENTED_EDGE('',*,*,#12777,.F.);
#12777 = EDGE_CURVE('',#12778,#12770,#12780,.T.);
#12778 = VERTEX_POINT('',#12779);
#12779 = CARTESIAN_POINT('',(9.8E-02,-2.553,5.1E-02));
#12780 = LINE('',#12781,#12782);
#12781 = CARTESIAN_POINT('',(9.8E-02,-2.553,5.1E-02));
#12782 = VECTOR('',#12783,1.);
#12783 = DIRECTION('',(1.,0.,0.));
#12784 = ORIENTED_EDGE('',*,*,#12785,.F.);
#12785 = EDGE_CURVE('',#12762,#12778,#12786,.T.);
#12786 = LINE('',#12787,#12788);
#12787 = CARTESIAN_POINT('',(9.8E-02,-2.553,0.));
#12788 = VECTOR('',#12789,1.);
#12789 = DIRECTION('',(0.,0.,1.));
#12790 = PLANE('',#12791);
#12791 = AXIS2_PLACEMENT_3D('',#12792,#12793,#12794);
#12792 = CARTESIAN_POINT('',(9.8E-02,-2.553,0.));
#12793 = DIRECTION('',(0.,-1.,0.));
#12794 = DIRECTION('',(0.,0.,1.));
#12795 = ADVANCED_FACE('',(#12796),#12821,.T.);
#12796 = FACE_BOUND('',#12797,.T.);
#12797 = EDGE_LOOP('',(#12798,#12806,#12814,#12820));
#12798 = ORIENTED_EDGE('',*,*,#12799,.F.);
#12799 = EDGE_CURVE('',#12800,#12760,#12802,.T.);
#12800 = VERTEX_POINT('',#12801);
#12801 = CARTESIAN_POINT('',(0.402,-2.045,0.));
#12802 = LINE('',#12803,#12804);
#12803 = CARTESIAN_POINT('',(0.402,-2.045,0.));
#12804 = VECTOR('',#12805,1.);
#12805 = DIRECTION('',(0.,-1.,0.));
#12806 = ORIENTED_EDGE('',*,*,#12807,.F.);
#12807 = EDGE_CURVE('',#12808,#12800,#12810,.T.);
#12808 = VERTEX_POINT('',#12809);
#12809 = CARTESIAN_POINT('',(0.402,-2.045,5.1E-02));
#12810 = LINE('',#12811,#12812);
#12811 = CARTESIAN_POINT('',(0.402,-2.045,5.1E-02));
#12812 = VECTOR('',#12813,1.);
#12813 = DIRECTION('',(0.,0.,-1.));
#12814 = ORIENTED_EDGE('',*,*,#12815,.F.);
#12815 = EDGE_CURVE('',#12770,#12808,#12816,.T.);
#12816 = LINE('',#12817,#12818);
#12817 = CARTESIAN_POINT('',(0.402,-2.553,5.1E-02));
#12818 = VECTOR('',#12819,1.);
#12819 = DIRECTION('',(0.,1.,0.));
#12820 = ORIENTED_EDGE('',*,*,#12769,.T.);
#12821 = PLANE('',#12822);
#12822 = AXIS2_PLACEMENT_3D('',#12823,#12824,#12825);
#12823 = CARTESIAN_POINT('',(0.402,-2.553,0.));
#12824 = DIRECTION('',(1.,0.,0.));
#12825 = DIRECTION('',(0.,0.,1.));
#12826 = ADVANCED_FACE('',(#12827),#12852,.T.);
#12827 = FACE_BOUND('',#12828,.T.);
#12828 = EDGE_LOOP('',(#12829,#12837,#12845,#12851));
#12829 = ORIENTED_EDGE('',*,*,#12830,.F.);
#12830 = EDGE_CURVE('',#12831,#12800,#12833,.T.);
#12831 = VERTEX_POINT('',#12832);
#12832 = CARTESIAN_POINT('',(9.8E-02,-2.045,0.));
#12833 = LINE('',#12834,#12835);
#12834 = CARTESIAN_POINT('',(9.8E-02,-2.045,0.));
#12835 = VECTOR('',#12836,1.);
#12836 = DIRECTION('',(1.,0.,0.));
#12837 = ORIENTED_EDGE('',*,*,#12838,.F.);
#12838 = EDGE_CURVE('',#12839,#12831,#12841,.T.);
#12839 = VERTEX_POINT('',#12840);
#12840 = CARTESIAN_POINT('',(9.8E-02,-2.045,5.1E-02));
#12841 = LINE('',#12842,#12843);
#12842 = CARTESIAN_POINT('',(9.8E-02,-2.045,5.1E-02));
#12843 = VECTOR('',#12844,1.);
#12844 = DIRECTION('',(0.,0.,-1.));
#12845 = ORIENTED_EDGE('',*,*,#12846,.F.);
#12846 = EDGE_CURVE('',#12808,#12839,#12847,.T.);
#12847 = LINE('',#12848,#12849);
#12848 = CARTESIAN_POINT('',(0.402,-2.045,5.1E-02));
#12849 = VECTOR('',#12850,1.);
#12850 = DIRECTION('',(-1.,0.,0.));
#12851 = ORIENTED_EDGE('',*,*,#12807,.T.);
#12852 = PLANE('',#12853);
#12853 = AXIS2_PLACEMENT_3D('',#12854,#12855,#12856);
#12854 = CARTESIAN_POINT('',(0.402,-2.045,0.));
#12855 = DIRECTION('',(0.,1.,0.));
#12856 = DIRECTION('',(0.,-0.,1.));
#12857 = ADVANCED_FACE('',(#12858),#12874,.T.);
#12858 = FACE_BOUND('',#12859,.T.);
#12859 = EDGE_LOOP('',(#12860,#12866,#12867,#12873));
#12860 = ORIENTED_EDGE('',*,*,#12861,.F.);
#12861 = EDGE_CURVE('',#12762,#12831,#12862,.T.);
#12862 = LINE('',#12863,#12864);
#12863 = CARTESIAN_POINT('',(9.8E-02,-2.553,0.));
#12864 = VECTOR('',#12865,1.);
#12865 = DIRECTION('',(0.,1.,0.));
#12866 = ORIENTED_EDGE('',*,*,#12785,.T.);
#12867 = ORIENTED_EDGE('',*,*,#12868,.F.);
#12868 = EDGE_CURVE('',#12839,#12778,#12869,.T.);
#12869 = LINE('',#12870,#12871);
#12870 = CARTESIAN_POINT('',(9.8E-02,-2.045,5.1E-02));
#12871 = VECTOR('',#12872,1.);
#12872 = DIRECTION('',(0.,-1.,0.));
#12873 = ORIENTED_EDGE('',*,*,#12838,.T.);
#12874 = PLANE('',#12875);
#12875 = AXIS2_PLACEMENT_3D('',#12876,#12877,#12878);
#12876 = CARTESIAN_POINT('',(9.8E-02,-2.045,0.));
#12877 = DIRECTION('',(-1.,0.,0.));
#12878 = DIRECTION('',(0.,0.,1.));
#12879 = ADVANCED_FACE('',(#12880),#12886,.T.);
#12880 = FACE_BOUND('',#12881,.T.);
#12881 = EDGE_LOOP('',(#12882,#12883,#12884,#12885));
#12882 = ORIENTED_EDGE('',*,*,#12830,.T.);
#12883 = ORIENTED_EDGE('',*,*,#12799,.T.);
#12884 = ORIENTED_EDGE('',*,*,#12759,.T.);
#12885 = ORIENTED_EDGE('',*,*,#12861,.T.);
#12886 = PLANE('',#12887);
#12887 = AXIS2_PLACEMENT_3D('',#12888,#12889,#12890);
#12888 = CARTESIAN_POINT('',(9.8E-02,-2.045,0.));
#12889 = DIRECTION('',(0.,0.,-1.));
#12890 = DIRECTION('',(0.,1.,0.));
#12891 = ADVANCED_FACE('',(#12892),#12898,.T.);
#12892 = FACE_BOUND('',#12893,.T.);
#12893 = EDGE_LOOP('',(#12894,#12895,#12896,#12897));
#12894 = ORIENTED_EDGE('',*,*,#12777,.T.);
#12895 = ORIENTED_EDGE('',*,*,#12815,.T.);
#12896 = ORIENTED_EDGE('',*,*,#12846,.T.);
#12897 = ORIENTED_EDGE('',*,*,#12868,.T.);
#12898 = PLANE('',#12899);
#12899 = AXIS2_PLACEMENT_3D('',#12900,#12901,#12902);
#12900 = CARTESIAN_POINT('',(9.8E-02,-2.553,5.1E-02));
#12901 = DIRECTION('',(0.,0.,1.));
#12902 = DIRECTION('',(0.,1.,0.));
#12903 = ( GEOMETRIC_REPRESENTATION_CONTEXT(3) 
GLOBAL_UNCERTAINTY_ASSIGNED_CONTEXT((#12907)) 
GLOBAL_UNIT_ASSIGNED_CONTEXT((#12904,#12905,#12906)) 
REPRESENTATION_CONTEXT('Context #1',
  '3D Context with UNIT and UNCERTAINTY') );
#12904 = ( LENGTH_UNIT() NAMED_UNIT(*) SI_UNIT(.MILLI.,.METRE.) );
#12905 = ( NAMED_UNIT(*) PLANE_ANGLE_UNIT() SI_UNIT($,.RADIAN.) );
#12906 = ( NAMED_UNIT(*) SI_UNIT($,.STERADIAN.) SOLID_ANGLE_UNIT() );
#12907 = UNCERTAINTY_MEASURE_WITH_UNIT(LENGTH_MEASURE(1.E-07),#12904,
  'distance_accuracy_value','confusion accuracy');
#12908 = CONTEXT_DEPENDENT_SHAPE_REPRESENTATION(#12909,#12911);
#12909 = ( REPRESENTATION_RELATIONSHIP('','',#12752,#10510) 
REPRESENTATION_RELATIONSHIP_WITH_TRANSFORMATION(#12910) 
SHAPE_REPRESENTATION_RELATIONSHIP() );
#12910 = ITEM_DEFINED_TRANSFORMATION('','',#11,#10563);
#12911 = PRODUCT_DEFINITION_SHAPE('Placement','Placement of an item',
  #12912);
#12912 = NEXT_ASSEMBLY_USAGE_OCCURRENCE('40','=>[0:1:1:14]','',#10505,
  #12747,$);
#12913 = PRODUCT_RELATED_PRODUCT_CATEGORY('part',$,(#12749));
#12914 = SHAPE_DEFINITION_REPRESENTATION(#12915,#12921);
#12915 = PRODUCT_DEFINITION_SHAPE('','',#12916);
#12916 = PRODUCT_DEFINITION('design','',#12917,#12920);
#12917 = PRODUCT_DEFINITION_FORMATION('','',#12918);
#12918 = PRODUCT('part014','part014','',(#12919));
#12919 = PRODUCT_CONTEXT('',#2,'mechanical');
#12920 = PRODUCT_DEFINITION_CONTEXT('part definition',#2,'design');
#12921 = ADVANCED_BREP_SHAPE_REPRESENTATION('',(#11,#12922),#13072);
#12922 = MANIFOLD_SOLID_BREP('',#12923);
#12923 = CLOSED_SHELL('',(#12924,#12964,#12995,#13026,#13048,#13060));
#12924 = ADVANCED_FACE('',(#12925),#12959,.T.);
#12925 = FACE_BOUND('',#12926,.T.);
#12926 = EDGE_LOOP('',(#12927,#12937,#12945,#12953));
#12927 = ORIENTED_EDGE('',*,*,#12928,.F.);
#12928 = EDGE_CURVE('',#12929,#12931,#12933,.T.);
#12929 = VERTEX_POINT('',#12930);
#12930 = CARTESIAN_POINT('',(0.902,-2.553,0.));
#12931 = VERTEX_POINT('',#12932);
#12932 = CARTESIAN_POINT('',(0.598,-2.553,0.));
#12933 = LINE('',#12934,#12935);
#12934 = CARTESIAN_POINT('',(0.902,-2.553,0.));
#12935 = VECTOR('',#12936,1.);
#12936 = DIRECTION('',(-1.,0.,0.));
#12937 = ORIENTED_EDGE('',*,*,#12938,.F.);
#12938 = EDGE_CURVE('',#12939,#12929,#12941,.T.);
#12939 = VERTEX_POINT('',#12940);
#12940 = CARTESIAN_POINT('',(0.902,-2.553,5.1E-02));
#12941 = LINE('',#12942,#12943);
#12942 = CARTESIAN_POINT('',(0.902,-2.553,5.1E-02));
#12943 = VECTOR('',#12944,1.);
#12944 = DIRECTION('',(0.,0.,-1.));
#12945 = ORIENTED_EDGE('',*,*,#12946,.F.);
#12946 = EDGE_CURVE('',#12947,#12939,#12949,.T.);
#12947 = VERTEX_POINT('',#12948);
#12948 = CARTESIAN_POINT('',(0.598,-2.553,5.1E-02));
#12949 = LINE('',#12950,#12951);
#12950 = CARTESIAN_POINT('',(0.598,-2.553,5.1E-02));
#12951 = VECTOR('',#12952,1.);
#12952 = DIRECTION('',(1.,0.,0.));
#12953 = ORIENTED_EDGE('',*,*,#12954,.F.);
#12954 = EDGE_CURVE('',#12931,#12947,#12955,.T.);
#12955 = LINE('',#12956,#12957);
#12956 = CARTESIAN_POINT('',(0.598,-2.553,0.));
#12957 = VECTOR('',#12958,1.);
#12958 = DIRECTION('',(0.,0.,1.));
#12959 = PLANE('',#12960);
#12960 = AXIS2_PLACEMENT_3D('',#12961,#12962,#12963);
#12961 = CARTESIAN_POINT('',(0.598,-2.553,0.));
#12962 = DIRECTION('',(0.,-1.,0.));
#12963 = DIRECTION('',(0.,0.,1.));
#12964 = ADVANCED_FACE('',(#12965),#12990,.T.);
#12965 = FACE_BOUND('',#12966,.T.);
#12966 = EDGE_LOOP('',(#12967,#12975,#12983,#12989));
#12967 = ORIENTED_EDGE('',*,*,#12968,.F.);
#12968 = EDGE_CURVE('',#12969,#12929,#12971,.T.);
#12969 = VERTEX_POINT('',#12970);
#12970 = CARTESIAN_POINT('',(0.902,-2.045,0.));
#12971 = LINE('',#12972,#12973);
#12972 = CARTESIAN_POINT('',(0.902,-2.045,0.));
#12973 = VECTOR('',#12974,1.);
#12974 = DIRECTION('',(0.,-1.,0.));
#12975 = ORIENTED_EDGE('',*,*,#12976,.F.);
#12976 = EDGE_CURVE('',#12977,#12969,#12979,.T.);
#12977 = VERTEX_POINT('',#12978);
#12978 = CARTESIAN_POINT('',(0.902,-2.045,5.1E-02));
#12979 = LINE('',#12980,#12981);
#12980 = CARTESIAN_POINT('',(0.902,-2.045,5.1E-02));
#12981 = VECTOR('',#12982,1.);
#12982 = DIRECTION('',(0.,0.,-1.));
#12983 = ORIENTED_EDGE('',*,*,#12984,.F.);
#12984 = EDGE_CURVE('',#12939,#12977,#12985,.T.);
#12985 = LINE('',#12986,#12987);
#12986 = CARTESIAN_POINT('',(0.902,-2.553,5.1E-02));
#12987 = VECTOR('',#12988,1.);
#12988 = DIRECTION('',(0.,1.,0.));
#12989 = ORIENTED_EDGE('',*,*,#12938,.T.);
#12990 = PLANE('',#12991);
#12991 = AXIS2_PLACEMENT_3D('',#12992,#12993,#12994);
#12992 = CARTESIAN_POINT('',(0.902,-2.553,0.));
#12993 = DIRECTION('',(1.,0.,0.));
#12994 = DIRECTION('',(0.,0.,1.));
#12995 = ADVANCED_FACE('',(#12996),#13021,.T.);
#12996 = FACE_BOUND('',#12997,.T.);
#12997 = EDGE_LOOP('',(#12998,#13006,#13014,#13020));
#12998 = ORIENTED_EDGE('',*,*,#12999,.F.);
#12999 = EDGE_CURVE('',#13000,#12969,#13002,.T.);
#13000 = VERTEX_POINT('',#13001);
#13001 = CARTESIAN_POINT('',(0.598,-2.045,0.));
#13002 = LINE('',#13003,#13004);
#13003 = CARTESIAN_POINT('',(0.598,-2.045,0.));
#13004 = VECTOR('',#13005,1.);
#13005 = DIRECTION('',(1.,0.,0.));
#13006 = ORIENTED_EDGE('',*,*,#13007,.F.);
#13007 = EDGE_CURVE('',#13008,#13000,#13010,.T.);
#13008 = VERTEX_POINT('',#13009);
#13009 = CARTESIAN_POINT('',(0.598,-2.045,5.1E-02));
#13010 = LINE('',#13011,#13012);
#13011 = CARTESIAN_POINT('',(0.598,-2.045,5.1E-02));
#13012 = VECTOR('',#13013,1.);
#13013 = DIRECTION('',(0.,0.,-1.));
#13014 = ORIENTED_EDGE('',*,*,#13015,.F.);
#13015 = EDGE_CURVE('',#12977,#13008,#13016,.T.);
#13016 = LINE('',#13017,#13018);
#13017 = CARTESIAN_POINT('',(0.902,-2.045,5.1E-02));
#13018 = VECTOR('',#13019,1.);
#13019 = DIRECTION('',(-1.,0.,0.));
#13020 = ORIENTED_EDGE('',*,*,#12976,.T.);
#13021 = PLANE('',#13022);
#13022 = AXIS2_PLACEMENT_3D('',#13023,#13024,#13025);
#13023 = CARTESIAN_POINT('',(0.902,-2.045,0.));
#13024 = DIRECTION('',(0.,1.,0.));
#13025 = DIRECTION('',(0.,-0.,1.));
#13026 = ADVANCED_FACE('',(#13027),#13043,.T.);
#13027 = FACE_BOUND('',#13028,.T.);
#13028 = EDGE_LOOP('',(#13029,#13035,#13036,#13042));
#13029 = ORIENTED_EDGE('',*,*,#13030,.F.);
#13030 = EDGE_CURVE('',#12931,#13000,#13031,.T.);
#13031 = LINE('',#13032,#13033);
#13032 = CARTESIAN_POINT('',(0.598,-2.553,0.));
#13033 = VECTOR('',#13034,1.);
#13034 = DIRECTION('',(0.,1.,0.));
#13035 = ORIENTED_EDGE('',*,*,#12954,.T.);
#13036 = ORIENTED_EDGE('',*,*,#13037,.F.);
#13037 = EDGE_CURVE('',#13008,#12947,#13038,.T.);
#13038 = LINE('',#13039,#13040);
#13039 = CARTESIAN_POINT('',(0.598,-2.045,5.1E-02));
#13040 = VECTOR('',#13041,1.);
#13041 = DIRECTION('',(0.,-1.,0.));
#13042 = ORIENTED_EDGE('',*,*,#13007,.T.);
#13043 = PLANE('',#13044);
#13044 = AXIS2_PLACEMENT_3D('',#13045,#13046,#13047);
#13045 = CARTESIAN_POINT('',(0.598,-2.045,0.));
#13046 = DIRECTION('',(-1.,0.,0.));
#13047 = DIRECTION('',(0.,0.,1.));
#13048 = ADVANCED_FACE('',(#13049),#13055,.T.);
#13049 = FACE_BOUND('',#13050,.T.);
#13050 = EDGE_LOOP('',(#13051,#13052,#13053,#13054));
#13051 = ORIENTED_EDGE('',*,*,#12999,.T.);
#13052 = ORIENTED_EDGE('',*,*,#12968,.T.);
#13053 = ORIENTED_EDGE('',*,*,#12928,.T.);
#13054 = ORIENTED_EDGE('',*,*,#13030,.T.);
#13055 = PLANE('',#13056);
#13056 = AXIS2_PLACEMENT_3D('',#13057,#13058,#13059);
#13057 = CARTESIAN_POINT('',(0.598,-2.045,0.));
#13058 = DIRECTION('',(0.,0.,-1.));
#13059 = DIRECTION('',(0.,1.,0.));
#13060 = ADVANCED_FACE('',(#13061),#13067,.T.);
#13061 = FACE_BOUND('',#13062,.T.);
#13062 = EDGE_LOOP('',(#13063,#13064,#13065,#13066));
#13063 = ORIENTED_EDGE('',*,*,#12946,.T.);
#13064 = ORIENTED_EDGE('',*,*,#12984,.T.);
#13065 = ORIENTED_EDGE('',*,*,#13015,.T.);
#13066 = ORIENTED_EDGE('',*,*,#13037,.T.);
#13067 = PLANE('',#13068);
#13068 = AXIS2_PLACEMENT_3D('',#13069,#13070,#13071);
#13069 = CARTESIAN_POINT('',(0.598,-2.553,5.1E-02));
#13070 = DIRECTION('',(0.,0.,1.));
#13071 = DIRECTION('',(0.,1.,0.));
#13072 = ( GEOMETRIC_REPRESENTATION_CONTEXT(3) 
GLOBAL_UNCERTAINTY_ASSIGNED_CONTEXT((#13076)) 
GLOBAL_UNIT_ASSIGNED_CONTEXT((#13073,#13074,#13075)) 
REPRESENTATION_CONTEXT('Context #1',
  '3D Context with UNIT and UNCERTAINTY') );
#13073 = ( LENGTH_UNIT() NAMED_UNIT(*) SI_UNIT(.MILLI.,.METRE.) );
#13074 = ( NAMED_UNIT(*) PLANE_ANGLE_UNIT() SI_UNIT($,.RADIAN.) );
#13075 = ( NAMED_UNIT(*) SI_UNIT($,.STERADIAN.) SOLID_ANGLE_UNIT() );
#13076 = UNCERTAINTY_MEASURE_WITH_UNIT(LENGTH_MEASURE(1.E-07),#13073,
  'distance_accuracy_value','confusion accuracy');
#13077 = CONTEXT_DEPENDENT_SHAPE_REPRESENTATION(#13078,#13080);
#13078 = ( REPRESENTATION_RELATIONSHIP('','',#12921,#10510) 
REPRESENTATION_RELATIONSHIP_WITH_TRANSFORMATION(#13079) 
SHAPE_REPRESENTATION_RELATIONSHIP() );
#13079 = ITEM_DEFINED_TRANSFORMATION('','',#11,#10567);
#13080 = PRODUCT_DEFINITION_SHAPE('Placement','Placement of an item',
  #13081);
#13081 = NEXT_ASSEMBLY_USAGE_OCCURRENCE('41','=>[0:1:1:15]','',#10505,
  #12916,$);
#13082 = PRODUCT_RELATED_PRODUCT_CATEGORY('part',$,(#12918));
#13083 = SHAPE_DEFINITION_REPRESENTATION(#13084,#13090);
#13084 = PRODUCT_DEFINITION_SHAPE('','',#13085);
#13085 = PRODUCT_DEFINITION('design','',#13086,#13089);
#13086 = PRODUCT_DEFINITION_FORMATION('','',#13087);
#13087 = PRODUCT('part015','part015','',(#13088));
#13088 = PRODUCT_CONTEXT('',#2,'mechanical');
#13089 = PRODUCT_DEFINITION_CONTEXT('part definition',#2,'design');
#13090 = ADVANCED_BREP_SHAPE_REPRESENTATION('',(#11,#13091),#13241);
#13091 = MANIFOLD_SOLID_BREP('',#13092);
#13092 = CLOSED_SHELL('',(#13093,#13133,#13164,#13195,#13217,#13229));
#13093 = ADVANCED_FACE('',(#13094),#13128,.T.);
#13094 = FACE_BOUND('',#13095,.T.);
#13095 = EDGE_LOOP('',(#13096,#13106,#13114,#13122));
#13096 = ORIENTED_EDGE('',*,*,#13097,.F.);
#13097 = EDGE_CURVE('',#13098,#13100,#13102,.T.);
#13098 = VERTEX_POINT('',#13099);
#13099 = CARTESIAN_POINT('',(1.402,-2.553,0.));
#13100 = VERTEX_POINT('',#13101);
#13101 = CARTESIAN_POINT('',(1.098,-2.553,0.));
#13102 = LINE('',#13103,#13104);
#13103 = CARTESIAN_POINT('',(1.402,-2.553,0.));
#13104 = VECTOR('',#13105,1.);
#13105 = DIRECTION('',(-1.,0.,0.));
#13106 = ORIENTED_EDGE('',*,*,#13107,.F.);
#13107 = EDGE_CURVE('',#13108,#13098,#13110,.T.);
#13108 = VERTEX_POINT('',#13109);
#13109 = CARTESIAN_POINT('',(1.402,-2.553,5.1E-02));
#13110 = LINE('',#13111,#13112);
#13111 = CARTESIAN_POINT('',(1.402,-2.553,5.1E-02));
#13112 = VECTOR('',#13113,1.);
#13113 = DIRECTION('',(0.,0.,-1.));
#13114 = ORIENTED_EDGE('',*,*,#13115,.F.);
#13115 = EDGE_CURVE('',#13116,#13108,#13118,.T.);
#13116 = VERTEX_POINT('',#13117);
#13117 = CARTESIAN_POINT('',(1.098,-2.553,5.1E-02));
#13118 = LINE('',#13119,#13120);
#13119 = CARTESIAN_POINT('',(1.098,-2.553,5.1E-02));
#13120 = VECTOR('',#13121,1.);
#13121 = DIRECTION('',(1.,0.,0.));
#13122 = ORIENTED_EDGE('',*,*,#13123,.F.);
#13123 = EDGE_CURVE('',#13100,#13116,#13124,.T.);
#13124 = LINE('',#13125,#13126);
#13125 = CARTESIAN_POINT('',(1.098,-2.553,0.));
#13126 = VECTOR('',#13127,1.);
#13127 = DIRECTION('',(0.,0.,1.));
#13128 = PLANE('',#13129);
#13129 = AXIS2_PLACEMENT_3D('',#13130,#13131,#13132);
#13130 = CARTESIAN_POINT('',(1.098,-2.553,0.));
#13131 = DIRECTION('',(0.,-1.,0.));
#13132 = DIRECTION('',(0.,0.,1.));
#13133 = ADVANCED_FACE('',(#13134),#13159,.T.);
#13134 = FACE_BOUND('',#13135,.T.);
#13135 = EDGE_LOOP('',(#13136,#13144,#13152,#13158));
#13136 = ORIENTED_EDGE('',*,*,#13137,.F.);
#13137 = EDGE_CURVE('',#13138,#13098,#13140,.T.);
#13138 = VERTEX_POINT('',#13139);
#13139 = CARTESIAN_POINT('',(1.402,-2.045,0.));
#13140 = LINE('',#13141,#13142);
#13141 = CARTESIAN_POINT('',(1.402,-2.045,0.));
#13142 = VECTOR('',#13143,1.);
#13143 = DIRECTION('',(0.,-1.,0.));
#13144 = ORIENTED_EDGE('',*,*,#13145,.F.);
#13145 = EDGE_CURVE('',#13146,#13138,#13148,.T.);
#13146 = VERTEX_POINT('',#13147);
#13147 = CARTESIAN_POINT('',(1.402,-2.045,5.1E-02));
#13148 = LINE('',#13149,#13150);
#13149 = CARTESIAN_POINT('',(1.402,-2.045,5.1E-02));
#13150 = VECTOR('',#13151,1.);
#13151 = DIRECTION('',(0.,0.,-1.));
#13152 = ORIENTED_EDGE('',*,*,#13153,.F.);
#13153 = EDGE_CURVE('',#13108,#13146,#13154,.T.);
#13154 = LINE('',#13155,#13156);
#13155 = CARTESIAN_POINT('',(1.402,-2.553,5.1E-02));
#13156 = VECTOR('',#13157,1.);
#13157 = DIRECTION('',(0.,1.,0.));
#13158 = ORIENTED_EDGE('',*,*,#13107,.T.);
#13159 = PLANE('',#13160);
#13160 = AXIS2_PLACEMENT_3D('',#13161,#13162,#13163);
#13161 = CARTESIAN_POINT('',(1.402,-2.553,0.));
#13162 = DIRECTION('',(1.,0.,0.));
#13163 = DIRECTION('',(0.,0.,1.));
#13164 = ADVANCED_FACE('',(#13165),#13190,.T.);
#13165 = FACE_BOUND('',#13166,.T.);
#13166 = EDGE_LOOP('',(#13167,#13175,#13183,#13189));
#13167 = ORIENTED_EDGE('',*,*,#13168,.F.);
#13168 = EDGE_CURVE('',#13169,#13138,#13171,.T.);
#13169 = VERTEX_POINT('',#13170);
#13170 = CARTESIAN_POINT('',(1.098,-2.045,0.));
#13171 = LINE('',#13172,#13173);
#13172 = CARTESIAN_POINT('',(1.098,-2.045,0.));
#13173 = VECTOR('',#13174,1.);
#13174 = DIRECTION('',(1.,0.,0.));
#13175 = ORIENTED_EDGE('',*,*,#13176,.F.);
#13176 = EDGE_CURVE('',#13177,#13169,#13179,.T.);
#13177 = VERTEX_POINT('',#13178);
#13178 = CARTESIAN_POINT('',(1.098,-2.045,5.1E-02));
#13179 = LINE('',#13180,#13181);
#13180 = CARTESIAN_POINT('',(1.098,-2.045,5.1E-02));
#13181 = VECTOR('',#13182,1.);
#13182 = DIRECTION('',(0.,0.,-1.));
#13183 = ORIENTED_EDGE('',*,*,#13184,.F.);
#13184 = EDGE_CURVE('',#13146,#13177,#13185,.T.);
#13185 = LINE('',#13186,#13187);
#13186 = CARTESIAN_POINT('',(1.402,-2.045,5.1E-02));
#13187 = VECTOR('',#13188,1.);
#13188 = DIRECTION('',(-1.,0.,0.));
#13189 = ORIENTED_EDGE('',*,*,#13145,.T.);
#13190 = PLANE('',#13191);
#13191 = AXIS2_PLACEMENT_3D('',#13192,#13193,#13194);
#13192 = CARTESIAN_POINT('',(1.402,-2.045,0.));
#13193 = DIRECTION('',(0.,1.,0.));
#13194 = DIRECTION('',(0.,-0.,1.));
#13195 = ADVANCED_FACE('',(#13196),#13212,.T.);
#13196 = FACE_BOUND('',#13197,.T.);
#13197 = EDGE_LOOP('',(#13198,#13204,#13205,#13211));
#13198 = ORIENTED_EDGE('',*,*,#13199,.F.);
#13199 = EDGE_CURVE('',#13100,#13169,#13200,.T.);
#13200 = LINE('',#13201,#13202);
#13201 = CARTESIAN_POINT('',(1.098,-2.553,0.));
#13202 = VECTOR('',#13203,1.);
#13203 = DIRECTION('',(0.,1.,0.));
#13204 = ORIENTED_EDGE('',*,*,#13123,.T.);
#13205 = ORIENTED_EDGE('',*,*,#13206,.F.);
#13206 = EDGE_CURVE('',#13177,#13116,#13207,.T.);
#13207 = LINE('',#13208,#13209);
#13208 = CARTESIAN_POINT('',(1.098,-2.045,5.1E-02));
#13209 = VECTOR('',#13210,1.);
#13210 = DIRECTION('',(0.,-1.,0.));
#13211 = ORIENTED_EDGE('',*,*,#13176,.T.);
#13212 = PLANE('',#13213);
#13213 = AXIS2_PLACEMENT_3D('',#13214,#13215,#13216);
#13214 = CARTESIAN_POINT('',(1.098,-2.045,0.));
#13215 = DIRECTION('',(-1.,0.,0.));
#13216 = DIRECTION('',(0.,0.,1.));
#13217 = ADVANCED_FACE('',(#13218),#13224,.T.);
#13218 = FACE_BOUND('',#13219,.T.);
#13219 = EDGE_LOOP('',(#13220,#13221,#13222,#13223));
#13220 = ORIENTED_EDGE('',*,*,#13168,.T.);
#13221 = ORIENTED_EDGE('',*,*,#13137,.T.);
#13222 = ORIENTED_EDGE('',*,*,#13097,.T.);
#13223 = ORIENTED_EDGE('',*,*,#13199,.T.);
#13224 = PLANE('',#13225);
#13225 = AXIS2_PLACEMENT_3D('',#13226,#13227,#13228);
#13226 = CARTESIAN_POINT('',(1.098,-2.045,0.));
#13227 = DIRECTION('',(0.,0.,-1.));
#13228 = DIRECTION('',(0.,1.,0.));
#13229 = ADVANCED_FACE('',(#13230),#13236,.T.);
#13230 = FACE_BOUND('',#13231,.T.);
#13231 = EDGE_LOOP('',(#13232,#13233,#13234,#13235));
#13232 = ORIENTED_EDGE('',*,*,#13115,.T.);
#13233 = ORIENTED_EDGE('',*,*,#13153,.T.);
#13234 = ORIENTED_EDGE('',*,*,#13184,.T.);
#13235 = ORIENTED_EDGE('',*,*,#13206,.T.);
#13236 = PLANE('',#13237);
#13237 = AXIS2_PLACEMENT_3D('',#13238,#13239,#13240);
#13238 = CARTESIAN_POINT('',(1.098,-2.553,5.1E-02));
#13239 = DIRECTION('',(0.,0.,1.));
#13240 = DIRECTION('',(0.,1.,0.));
#13241 = ( GEOMETRIC_REPRESENTATION_CONTEXT(3) 
GLOBAL_UNCERTAINTY_ASSIGNED_CONTEXT((#13245)) 
GLOBAL_UNIT_ASSIGNED_CONTEXT((#13242,#13243,#13244)) 
REPRESENTATION_CONTEXT('Context #1',
  '3D Context with UNIT and UNCERTAINTY') );
#13242 = ( LENGTH_UNIT() NAMED_UNIT(*) SI_UNIT(.MILLI.,.METRE.) );
#13243 = ( NAMED_UNIT(*) PLANE_ANGLE_UNIT() SI_UNIT($,.RADIAN.) );
#13244 = ( NAMED_UNIT(*) SI_UNIT($,.STERADIAN.) SOLID_ANGLE_UNIT() );
#13245 = UNCERTAINTY_MEASURE_WITH_UNIT(LENGTH_MEASURE(1.E-07),#13242,
  'distance_accuracy_value','confusion accuracy');
#13246 = CONTEXT_DEPENDENT_SHAPE_REPRESENTATION(#13247,#13249);
#13247 = ( REPRESENTATION_RELATIONSHIP('','',#13090,#10510) 
REPRESENTATION_RELATIONSHIP_WITH_TRANSFORMATION(#13248) 
SHAPE_REPRESENTATION_RELATIONSHIP() );
#13248 = ITEM_DEFINED_TRANSFORMATION('','',#11,#10571);
#13249 = PRODUCT_DEFINITION_SHAPE('Placement','Placement of an item',
  #13250);
#13250 = NEXT_ASSEMBLY_USAGE_OCCURRENCE('42','=>[0:1:1:16]','',#10505,
  #13085,$);
#13251 = PRODUCT_RELATED_PRODUCT_CATEGORY('part',$,(#13087));
#13252 = SHAPE_DEFINITION_REPRESENTATION(#13253,#13259);
#13253 = PRODUCT_DEFINITION_SHAPE('','',#13254);
#13254 = PRODUCT_DEFINITION('design','',#13255,#13258);
#13255 = PRODUCT_DEFINITION_FORMATION('','',#13256);
#13256 = PRODUCT('part016','part016','',(#13257));
#13257 = PRODUCT_CONTEXT('',#2,'mechanical');
#13258 = PRODUCT_DEFINITION_CONTEXT('part definition',#2,'design');
#13259 = ADVANCED_BREP_SHAPE_REPRESENTATION('',(#11,#13260),#13410);
#13260 = MANIFOLD_SOLID_BREP('',#13261);
#13261 = CLOSED_SHELL('',(#13262,#13302,#13333,#13364,#13386,#13398));
#13262 = ADVANCED_FACE('',(#13263),#13297,.T.);
#13263 = FACE_BOUND('',#13264,.T.);
#13264 = EDGE_LOOP('',(#13265,#13275,#13283,#13291));
#13265 = ORIENTED_EDGE('',*,*,#13266,.F.);
#13266 = EDGE_CURVE('',#13267,#13269,#13271,.T.);
#13267 = VERTEX_POINT('',#13268);
#13268 = CARTESIAN_POINT('',(2.045,-1.902,0.));
#13269 = VERTEX_POINT('',#13270);
#13270 = CARTESIAN_POINT('',(1.537,-1.902,0.));
#13271 = LINE('',#13272,#13273);
#13272 = CARTESIAN_POINT('',(2.045,-1.902,0.));
#13273 = VECTOR('',#13274,1.);
#13274 = DIRECTION('',(-1.,0.,0.));
#13275 = ORIENTED_EDGE('',*,*,#13276,.F.);
#13276 = EDGE_CURVE('',#13277,#13267,#13279,.T.);
#13277 = VERTEX_POINT('',#13278);
#13278 = CARTESIAN_POINT('',(2.045,-1.902,5.1E-02));
#13279 = LINE('',#13280,#13281);
#13280 = CARTESIAN_POINT('',(2.045,-1.902,5.1E-02));
#13281 = VECTOR('',#13282,1.);
#13282 = DIRECTION('',(0.,0.,-1.));
#13283 = ORIENTED_EDGE('',*,*,#13284,.F.);
#13284 = EDGE_CURVE('',#13285,#13277,#13287,.T.);
#13285 = VERTEX_POINT('',#13286);
#13286 = CARTESIAN_POINT('',(1.537,-1.902,5.1E-02));
#13287 = LINE('',#13288,#13289);
#13288 = CARTESIAN_POINT('',(1.537,-1.902,5.1E-02));
#13289 = VECTOR('',#13290,1.);
#13290 = DIRECTION('',(1.,0.,0.));
#13291 = ORIENTED_EDGE('',*,*,#13292,.F.);
#13292 = EDGE_CURVE('',#13269,#13285,#13293,.T.);
#13293 = LINE('',#13294,#13295);
#13294 = CARTESIAN_POINT('',(1.537,-1.902,0.));
#13295 = VECTOR('',#13296,1.);
#13296 = DIRECTION('',(0.,0.,1.));
#13297 = PLANE('',#13298);
#13298 = AXIS2_PLACEMENT_3D('',#13299,#13300,#13301);
#13299 = CARTESIAN_POINT('',(1.537,-1.902,0.));
#13300 = DIRECTION('',(0.,-1.,0.));
#13301 = DIRECTION('',(0.,0.,1.));
#13302 = ADVANCED_FACE('',(#13303),#13328,.T.);
#13303 = FACE_BOUND('',#13304,.T.);
#13304 = EDGE_LOOP('',(#13305,#13313,#13321,#13327));
#13305 = ORIENTED_EDGE('',*,*,#13306,.F.);
#13306 = EDGE_CURVE('',#13307,#13267,#13309,.T.);
#13307 = VERTEX_POINT('',#13308);
#13308 = CARTESIAN_POINT('',(2.045,-1.598,0.));
#13309 = LINE('',#13310,#13311);
#13310 = CARTESIAN_POINT('',(2.045,-1.598,0.));
#13311 = VECTOR('',#13312,1.);
#13312 = DIRECTION('',(0.,-1.,0.));
#13313 = ORIENTED_EDGE('',*,*,#13314,.F.);
#13314 = EDGE_CURVE('',#13315,#13307,#13317,.T.);
#13315 = VERTEX_POINT('',#13316);
#13316 = CARTESIAN_POINT('',(2.045,-1.598,5.1E-02));
#13317 = LINE('',#13318,#13319);
#13318 = CARTESIAN_POINT('',(2.045,-1.598,5.1E-02));
#13319 = VECTOR('',#13320,1.);
#13320 = DIRECTION('',(0.,0.,-1.));
#13321 = ORIENTED_EDGE('',*,*,#13322,.F.);
#13322 = EDGE_CURVE('',#13277,#13315,#13323,.T.);
#13323 = LINE('',#13324,#13325);
#13324 = CARTESIAN_POINT('',(2.045,-1.902,5.1E-02));
#13325 = VECTOR('',#13326,1.);
#13326 = DIRECTION('',(0.,1.,0.));
#13327 = ORIENTED_EDGE('',*,*,#13276,.T.);
#13328 = PLANE('',#13329);
#13329 = AXIS2_PLACEMENT_3D('',#13330,#13331,#13332);
#13330 = CARTESIAN_POINT('',(2.045,-1.902,0.));
#13331 = DIRECTION('',(1.,0.,0.));
#13332 = DIRECTION('',(0.,0.,1.));
#13333 = ADVANCED_FACE('',(#13334),#13359,.T.);
#13334 = FACE_BOUND('',#13335,.T.);
#13335 = EDGE_LOOP('',(#13336,#13344,#13352,#13358));
#13336 = ORIENTED_EDGE('',*,*,#13337,.F.);
#13337 = EDGE_CURVE('',#13338,#13307,#13340,.T.);
#13338 = VERTEX_POINT('',#13339);
#13339 = CARTESIAN_POINT('',(1.537,-1.598,0.));
#13340 = LINE('',#13341,#13342);
#13341 = CARTESIAN_POINT('',(1.537,-1.598,0.));
#13342 = VECTOR('',#13343,1.);
#13343 = DIRECTION('',(1.,0.,0.));
#13344 = ORIENTED_EDGE('',*,*,#13345,.F.);
#13345 = EDGE_CURVE('',#13346,#13338,#13348,.T.);
#13346 = VERTEX_POINT('',#13347);
#13347 = CARTESIAN_POINT('',(1.537,-1.598,5.1E-02));
#13348 = LINE('',#13349,#13350);
#13349 = CARTESIAN_POINT('',(1.537,-1.598,5.1E-02));
#13350 = VECTOR('',#13351,1.);
#13351 = DIRECTION('',(0.,0.,-1.));
#13352 = ORIENTED_EDGE('',*,*,#13353,.F.);
#13353 = EDGE_CURVE('',#13315,#13346,#13354,.T.);
#13354 = LINE('',#13355,#13356);
#13355 = CARTESIAN_POINT('',(2.045,-1.598,5.1E-02));
#13356 = VECTOR('',#13357,1.);
#13357 = DIRECTION('',(-1.,0.,0.));
#13358 = ORIENTED_EDGE('',*,*,#13314,.T.);
#13359 = PLANE('',#13360);
#13360 = AXIS2_PLACEMENT_3D('',#13361,#13362,#13363);
#13361 = CARTESIAN_POINT('',(2.045,-1.598,0.));
#13362 = DIRECTION('',(0.,1.,0.));
#13363 = DIRECTION('',(0.,-0.,1.));
#13364 = ADVANCED_FACE('',(#13365),#13381,.T.);
#13365 = FACE_BOUND('',#13366,.T.);
#13366 = EDGE_LOOP('',(#13367,#13373,#13374,#13380));
#13367 = ORIENTED_EDGE('',*,*,#13368,.F.);
#13368 = EDGE_CURVE('',#13269,#13338,#13369,.T.);
#13369 = LINE('',#13370,#13371);
#13370 = CARTESIAN_POINT('',(1.537,-1.902,0.));
#13371 = VECTOR('',#13372,1.);
#13372 = DIRECTION('',(0.,1.,0.));
#13373 = ORIENTED_EDGE('',*,*,#13292,.T.);
#13374 = ORIENTED_EDGE('',*,*,#13375,.F.);
#13375 = EDGE_CURVE('',#13346,#13285,#13376,.T.);
#13376 = LINE('',#13377,#13378);
#13377 = CARTESIAN_POINT('',(1.537,-1.598,5.1E-02));
#13378 = VECTOR('',#13379,1.);
#13379 = DIRECTION('',(0.,-1.,0.));
#13380 = ORIENTED_EDGE('',*,*,#13345,.T.);
#13381 = PLANE('',#13382);
#13382 = AXIS2_PLACEMENT_3D('',#13383,#13384,#13385);
#13383 = CARTESIAN_POINT('',(1.537,-1.598,0.));
#13384 = DIRECTION('',(-1.,0.,0.));
#13385 = DIRECTION('',(0.,0.,1.));
#13386 = ADVANCED_FACE('',(#13387),#13393,.T.);
#13387 = FACE_BOUND('',#13388,.T.);
#13388 = EDGE_LOOP('',(#13389,#13390,#13391,#13392));
#13389 = ORIENTED_EDGE('',*,*,#13337,.T.);
#13390 = ORIENTED_EDGE('',*,*,#13306,.T.);
#13391 = ORIENTED_EDGE('',*,*,#13266,.T.);
#13392 = ORIENTED_EDGE('',*,*,#13368,.T.);
#13393 = PLANE('',#13394);
#13394 = AXIS2_PLACEMENT_3D('',#13395,#13396,#13397);
#13395 = CARTESIAN_POINT('',(1.537,-1.598,0.));
#13396 = DIRECTION('',(0.,0.,-1.));
#13397 = DIRECTION('',(0.,1.,0.));
#13398 = ADVANCED_FACE('',(#13399),#13405,.T.);
#13399 = FACE_BOUND('',#13400,.T.);
#13400 = EDGE_LOOP('',(#13401,#13402,#13403,#13404));
#13401 = ORIENTED_EDGE('',*,*,#13284,.T.);
#13402 = ORIENTED_EDGE('',*,*,#13322,.T.);
#13403 = ORIENTED_EDGE('',*,*,#13353,.T.);
#13404 = ORIENTED_EDGE('',*,*,#13375,.T.);
#13405 = PLANE('',#13406);
#13406 = AXIS2_PLACEMENT_3D('',#13407,#13408,#13409);
#13407 = CARTESIAN_POINT('',(1.537,-1.902,5.1E-02));
#13408 = DIRECTION('',(0.,0.,1.));
#13409 = DIRECTION('',(0.,1.,0.));
#13410 = ( GEOMETRIC_REPRESENTATION_CONTEXT(3) 
GLOBAL_UNCERTAINTY_ASSIGNED_CONTEXT((#13414)) 
GLOBAL_UNIT_ASSIGNED_CONTEXT((#13411,#13412,#13413)) 
REPRESENTATION_CONTEXT('Context #1',
  '3D Context with UNIT and UNCERTAINTY') );
#13411 = ( LENGTH_UNIT() NAMED_UNIT(*) SI_UNIT(.MILLI.,.METRE.) );
#13412 = ( NAMED_UNIT(*) PLANE_ANGLE_UNIT() SI_UNIT($,.RADIAN.) );
#13413 = ( NAMED_UNIT(*) SI_UNIT($,.STERADIAN.) SOLID_ANGLE_UNIT() );
#13414 = UNCERTAINTY_MEASURE_WITH_UNIT(LENGTH_MEASURE(1.E-07),#13411,
  'distance_accuracy_value','confusion accuracy');
#13415 = CONTEXT_DEPENDENT_SHAPE_REPRESENTATION(#13416,#13418);
#13416 = ( REPRESENTATION_RELATIONSHIP('','',#13259,#10510) 
REPRESENTATION_RELATIONSHIP_WITH_TRANSFORMATION(#13417) 
SHAPE_REPRESENTATION_RELATIONSHIP() );
#13417 = ITEM_DEFINED_TRANSFORMATION('','',#11,#10575);
#13418 = PRODUCT_DEFINITION_SHAPE('Placement','Placement of an item',
  #13419);
#13419 = NEXT_ASSEMBLY_USAGE_OCCURRENCE('43','=>[0:1:1:17]','',#10505,
  #13254,$);
#13420 = PRODUCT_RELATED_PRODUCT_CATEGORY('part',$,(#13256));
#13421 = SHAPE_DEFINITION_REPRESENTATION(#13422,#13428);
#13422 = PRODUCT_DEFINITION_SHAPE('','',#13423);
#13423 = PRODUCT_DEFINITION('design','',#13424,#13427);
#13424 = PRODUCT_DEFINITION_FORMATION('','',#13425);
#13425 = PRODUCT('part017','part017','',(#13426));
#13426 = PRODUCT_CONTEXT('',#2,'mechanical');
#13427 = PRODUCT_DEFINITION_CONTEXT('part definition',#2,'design');
#13428 = ADVANCED_BREP_SHAPE_REPRESENTATION('',(#11,#13429),#13579);
#13429 = MANIFOLD_SOLID_BREP('',#13430);
#13430 = CLOSED_SHELL('',(#13431,#13471,#13502,#13533,#13555,#13567));
#13431 = ADVANCED_FACE('',(#13432),#13466,.T.);
#13432 = FACE_BOUND('',#13433,.T.);
#13433 = EDGE_LOOP('',(#13434,#13444,#13452,#13460));
#13434 = ORIENTED_EDGE('',*,*,#13435,.F.);
#13435 = EDGE_CURVE('',#13436,#13438,#13440,.T.);
#13436 = VERTEX_POINT('',#13437);
#13437 = CARTESIAN_POINT('',(2.045,-1.402,0.));
#13438 = VERTEX_POINT('',#13439);
#13439 = CARTESIAN_POINT('',(1.537,-1.402,0.));
#13440 = LINE('',#13441,#13442);
#13441 = CARTESIAN_POINT('',(2.045,-1.402,0.));
#13442 = VECTOR('',#13443,1.);
#13443 = DIRECTION('',(-1.,0.,0.));
#13444 = ORIENTED_EDGE('',*,*,#13445,.F.);
#13445 = EDGE_CURVE('',#13446,#13436,#13448,.T.);
#13446 = VERTEX_POINT('',#13447);
#13447 = CARTESIAN_POINT('',(2.045,-1.402,5.1E-02));
#13448 = LINE('',#13449,#13450);
#13449 = CARTESIAN_POINT('',(2.045,-1.402,5.1E-02));
#13450 = VECTOR('',#13451,1.);
#13451 = DIRECTION('',(0.,0.,-1.));
#13452 = ORIENTED_EDGE('',*,*,#13453,.F.);
#13453 = EDGE_CURVE('',#13454,#13446,#13456,.T.);
#13454 = VERTEX_POINT('',#13455);
#13455 = CARTESIAN_POINT('',(1.537,-1.402,5.1E-02));
#13456 = LINE('',#13457,#13458);
#13457 = CARTESIAN_POINT('',(1.537,-1.402,5.1E-02));
#13458 = VECTOR('',#13459,1.);
#13459 = DIRECTION('',(1.,0.,0.));
#13460 = ORIENTED_EDGE('',*,*,#13461,.F.);
#13461 = EDGE_CURVE('',#13438,#13454,#13462,.T.);
#13462 = LINE('',#13463,#13464);
#13463 = CARTESIAN_POINT('',(1.537,-1.402,0.));
#13464 = VECTOR('',#13465,1.);
#13465 = DIRECTION('',(0.,0.,1.));
#13466 = PLANE('',#13467);
#13467 = AXIS2_PLACEMENT_3D('',#13468,#13469,#13470);
#13468 = CARTESIAN_POINT('',(1.537,-1.402,0.));
#13469 = DIRECTION('',(0.,-1.,0.));
#13470 = DIRECTION('',(0.,0.,1.));
#13471 = ADVANCED_FACE('',(#13472),#13497,.T.);
#13472 = FACE_BOUND('',#13473,.T.);
#13473 = EDGE_LOOP('',(#13474,#13482,#13490,#13496));
#13474 = ORIENTED_EDGE('',*,*,#13475,.F.);
#13475 = EDGE_CURVE('',#13476,#13436,#13478,.T.);
#13476 = VERTEX_POINT('',#13477);
#13477 = CARTESIAN_POINT('',(2.045,-1.098,0.));
#13478 = LINE('',#13479,#13480);
#13479 = CARTESIAN_POINT('',(2.045,-1.098,0.));
#13480 = VECTOR('',#13481,1.);
#13481 = DIRECTION('',(0.,-1.,0.));
#13482 = ORIENTED_EDGE('',*,*,#13483,.F.);
#13483 = EDGE_CURVE('',#13484,#13476,#13486,.T.);
#13484 = VERTEX_POINT('',#13485);
#13485 = CARTESIAN_POINT('',(2.045,-1.098,5.1E-02));
#13486 = LINE('',#13487,#13488);
#13487 = CARTESIAN_POINT('',(2.045,-1.098,5.1E-02));
#13488 = VECTOR('',#13489,1.);
#13489 = DIRECTION('',(0.,0.,-1.));
#13490 = ORIENTED_EDGE('',*,*,#13491,.F.);
#13491 = EDGE_CURVE('',#13446,#13484,#13492,.T.);
#13492 = LINE('',#13493,#13494);
#13493 = CARTESIAN_POINT('',(2.045,-1.402,5.1E-02));
#13494 = VECTOR('',#13495,1.);
#13495 = DIRECTION('',(0.,1.,0.));
#13496 = ORIENTED_EDGE('',*,*,#13445,.T.);
#13497 = PLANE('',#13498);
#13498 = AXIS2_PLACEMENT_3D('',#13499,#13500,#13501);
#13499 = CARTESIAN_POINT('',(2.045,-1.402,0.));
#13500 = DIRECTION('',(1.,0.,0.));
#13501 = DIRECTION('',(0.,0.,1.));
#13502 = ADVANCED_FACE('',(#13503),#13528,.T.);
#13503 = FACE_BOUND('',#13504,.T.);
#13504 = EDGE_LOOP('',(#13505,#13513,#13521,#13527));
#13505 = ORIENTED_EDGE('',*,*,#13506,.F.);
#13506 = EDGE_CURVE('',#13507,#13476,#13509,.T.);
#13507 = VERTEX_POINT('',#13508);
#13508 = CARTESIAN_POINT('',(1.537,-1.098,0.));
#13509 = LINE('',#13510,#13511);
#13510 = CARTESIAN_POINT('',(1.537,-1.098,0.));
#13511 = VECTOR('',#13512,1.);
#13512 = DIRECTION('',(1.,0.,0.));
#13513 = ORIENTED_EDGE('',*,*,#13514,.F.);
#13514 = EDGE_CURVE('',#13515,#13507,#13517,.T.);
#13515 = VERTEX_POINT('',#13516);
#13516 = CARTESIAN_POINT('',(1.537,-1.098,5.1E-02));
#13517 = LINE('',#13518,#13519);
#13518 = CARTESIAN_POINT('',(1.537,-1.098,5.1E-02));
#13519 = VECTOR('',#13520,1.);
#13520 = DIRECTION('',(0.,0.,-1.));
#13521 = ORIENTED_EDGE('',*,*,#13522,.F.);
#13522 = EDGE_CURVE('',#13484,#13515,#13523,.T.);
#13523 = LINE('',#13524,#13525);
#13524 = CARTESIAN_POINT('',(2.045,-1.098,5.1E-02));
#13525 = VECTOR('',#13526,1.);
#13526 = DIRECTION('',(-1.,0.,0.));
#13527 = ORIENTED_EDGE('',*,*,#13483,.T.);
#13528 = PLANE('',#13529);
#13529 = AXIS2_PLACEMENT_3D('',#13530,#13531,#13532);
#13530 = CARTESIAN_POINT('',(2.045,-1.098,0.));
#13531 = DIRECTION('',(0.,1.,0.));
#13532 = DIRECTION('',(0.,-0.,1.));
#13533 = ADVANCED_FACE('',(#13534),#13550,.T.);
#13534 = FACE_BOUND('',#13535,.T.);
#13535 = EDGE_LOOP('',(#13536,#13542,#13543,#13549));
#13536 = ORIENTED_EDGE('',*,*,#13537,.F.);
#13537 = EDGE_CURVE('',#13438,#13507,#13538,.T.);
#13538 = LINE('',#13539,#13540);
#13539 = CARTESIAN_POINT('',(1.537,-1.402,0.));
#13540 = VECTOR('',#13541,1.);
#13541 = DIRECTION('',(0.,1.,0.));
#13542 = ORIENTED_EDGE('',*,*,#13461,.T.);
#13543 = ORIENTED_EDGE('',*,*,#13544,.F.);
#13544 = EDGE_CURVE('',#13515,#13454,#13545,.T.);
#13545 = LINE('',#13546,#13547);
#13546 = CARTESIAN_POINT('',(1.537,-1.098,5.1E-02));
#13547 = VECTOR('',#13548,1.);
#13548 = DIRECTION('',(0.,-1.,0.));
#13549 = ORIENTED_EDGE('',*,*,#13514,.T.);
#13550 = PLANE('',#13551);
#13551 = AXIS2_PLACEMENT_3D('',#13552,#13553,#13554);
#13552 = CARTESIAN_POINT('',(1.537,-1.098,0.));
#13553 = DIRECTION('',(-1.,0.,0.));
#13554 = DIRECTION('',(0.,0.,1.));
#13555 = ADVANCED_FACE('',(#13556),#13562,.T.);
#13556 = FACE_BOUND('',#13557,.T.);
#13557 = EDGE_LOOP('',(#13558,#13559,#13560,#13561));
#13558 = ORIENTED_EDGE('',*,*,#13506,.T.);
#13559 = ORIENTED_EDGE('',*,*,#13475,.T.);
#13560 = ORIENTED_EDGE('',*,*,#13435,.T.);
#13561 = ORIENTED_EDGE('',*,*,#13537,.T.);
#13562 = PLANE('',#13563);
#13563 = AXIS2_PLACEMENT_3D('',#13564,#13565,#13566);
#13564 = CARTESIAN_POINT('',(1.537,-1.098,0.));
#13565 = DIRECTION('',(0.,0.,-1.));
#13566 = DIRECTION('',(0.,1.,0.));
#13567 = ADVANCED_FACE('',(#13568),#13574,.T.);
#13568 = FACE_BOUND('',#13569,.T.);
#13569 = EDGE_LOOP('',(#13570,#13571,#13572,#13573));
#13570 = ORIENTED_EDGE('',*,*,#13453,.T.);
#13571 = ORIENTED_EDGE('',*,*,#13491,.T.);
#13572 = ORIENTED_EDGE('',*,*,#13522,.T.);
#13573 = ORIENTED_EDGE('',*,*,#13544,.T.);
#13574 = PLANE('',#13575);
#13575 = AXIS2_PLACEMENT_3D('',#13576,#13577,#13578);
#13576 = CARTESIAN_POINT('',(1.537,-1.402,5.1E-02));
#13577 = DIRECTION('',(0.,0.,1.));
#13578 = DIRECTION('',(0.,1.,0.));
#13579 = ( GEOMETRIC_REPRESENTATION_CONTEXT(3) 
GLOBAL_UNCERTAINTY_ASSIGNED_CONTEXT((#13583)) 
GLOBAL_UNIT_ASSIGNED_CONTEXT((#13580,#13581,#13582)) 
REPRESENTATION_CONTEXT('Context #1',
  '3D Context with UNIT and UNCERTAINTY') );
#13580 = ( LENGTH_UNIT() NAMED_UNIT(*) SI_UNIT(.MILLI.,.METRE.) );
#13581 = ( NAMED_UNIT(*) PLANE_ANGLE_UNIT() SI_UNIT($,.RADIAN.) );
#13582 = ( NAMED_UNIT(*) SI_UNIT($,.STERADIAN.) SOLID_ANGLE_UNIT() );
#13583 = UNCERTAINTY_MEASURE_WITH_UNIT(LENGTH_MEASURE(1.E-07),#13580,
  'distance_accuracy_value','confusion accuracy');
#13584 = CONTEXT_DEPENDENT_SHAPE_REPRESENTATION(#13585,#13587);
#13585 = ( REPRESENTATION_RELATIONSHIP('','',#13428,#10510) 
REPRESENTATION_RELATIONSHIP_WITH_TRANSFORMATION(#13586) 
SHAPE_REPRESENTATION_RELATIONSHIP() );
#13586 = ITEM_DEFINED_TRANSFORMATION('','',#11,#10579);
#13587 = PRODUCT_DEFINITION_SHAPE('Placement','Placement of an item',
  #13588);
#13588 = NEXT_ASSEMBLY_USAGE_OCCURRENCE('44','=>[0:1:1:18]','',#10505,
  #13423,$);
#13589 = PRODUCT_RELATED_PRODUCT_CATEGORY('part',$,(#13425));
#13590 = SHAPE_DEFINITION_REPRESENTATION(#13591,#13597);
#13591 = PRODUCT_DEFINITION_SHAPE('','',#13592);
#13592 = PRODUCT_DEFINITION('design','',#13593,#13596);
#13593 = PRODUCT_DEFINITION_FORMATION('','',#13594);
#13594 = PRODUCT('part018','part018','',(#13595));
#13595 = PRODUCT_CONTEXT('',#2,'mechanical');
#13596 = PRODUCT_DEFINITION_CONTEXT('part definition',#2,'design');
#13597 = ADVANCED_BREP_SHAPE_REPRESENTATION('',(#11,#13598),#13748);
#13598 = MANIFOLD_SOLID_BREP('',#13599);
#13599 = CLOSED_SHELL('',(#13600,#13640,#13671,#13702,#13724,#13736));
#13600 = ADVANCED_FACE('',(#13601),#13635,.T.);
#13601 = FACE_BOUND('',#13602,.T.);
#13602 = EDGE_LOOP('',(#13603,#13613,#13621,#13629));
#13603 = ORIENTED_EDGE('',*,*,#13604,.F.);
#13604 = EDGE_CURVE('',#13605,#13607,#13609,.T.);
#13605 = VERTEX_POINT('',#13606);
#13606 = CARTESIAN_POINT('',(2.045,-0.902,0.));
#13607 = VERTEX_POINT('',#13608);
#13608 = CARTESIAN_POINT('',(1.537,-0.902,0.));
#13609 = LINE('',#13610,#13611);
#13610 = CARTESIAN_POINT('',(2.045,-0.902,0.));
#13611 = VECTOR('',#13612,1.);
#13612 = DIRECTION('',(-1.,0.,0.));
#13613 = ORIENTED_EDGE('',*,*,#13614,.F.);
#13614 = EDGE_CURVE('',#13615,#13605,#13617,.T.);
#13615 = VERTEX_POINT('',#13616);
#13616 = CARTESIAN_POINT('',(2.045,-0.902,5.1E-02));
#13617 = LINE('',#13618,#13619);
#13618 = CARTESIAN_POINT('',(2.045,-0.902,5.1E-02));
#13619 = VECTOR('',#13620,1.);
#13620 = DIRECTION('',(0.,0.,-1.));
#13621 = ORIENTED_EDGE('',*,*,#13622,.F.);
#13622 = EDGE_CURVE('',#13623,#13615,#13625,.T.);
#13623 = VERTEX_POINT('',#13624);
#13624 = CARTESIAN_POINT('',(1.537,-0.902,5.1E-02));
#13625 = LINE('',#13626,#13627);
#13626 = CARTESIAN_POINT('',(1.537,-0.902,5.1E-02));
#13627 = VECTOR('',#13628,1.);
#13628 = DIRECTION('',(1.,0.,0.));
#13629 = ORIENTED_EDGE('',*,*,#13630,.F.);
#13630 = EDGE_CURVE('',#13607,#13623,#13631,.T.);
#13631 = LINE('',#13632,#13633);
#13632 = CARTESIAN_POINT('',(1.537,-0.902,0.));
#13633 = VECTOR('',#13634,1.);
#13634 = DIRECTION('',(0.,0.,1.));
#13635 = PLANE('',#13636);
#13636 = AXIS2_PLACEMENT_3D('',#13637,#13638,#13639);
#13637 = CARTESIAN_POINT('',(1.537,-0.902,0.));
#13638 = DIRECTION('',(0.,-1.,0.));
#13639 = DIRECTION('',(0.,0.,1.));
#13640 = ADVANCED_FACE('',(#13641),#13666,.T.);
#13641 = FACE_BOUND('',#13642,.T.);
#13642 = EDGE_LOOP('',(#13643,#13651,#13659,#13665));
#13643 = ORIENTED_EDGE('',*,*,#13644,.F.);
#13644 = EDGE_CURVE('',#13645,#13605,#13647,.T.);
#13645 = VERTEX_POINT('',#13646);
#13646 = CARTESIAN_POINT('',(2.045,-0.598,0.));
#13647 = LINE('',#13648,#13649);
#13648 = CARTESIAN_POINT('',(2.045,-0.598,0.));
#13649 = VECTOR('',#13650,1.);
#13650 = DIRECTION('',(0.,-1.,0.));
#13651 = ORIENTED_EDGE('',*,*,#13652,.F.);
#13652 = EDGE_CURVE('',#13653,#13645,#13655,.T.);
#13653 = VERTEX_POINT('',#13654);
#13654 = CARTESIAN_POINT('',(2.045,-0.598,5.1E-02));
#13655 = LINE('',#13656,#13657);
#13656 = CARTESIAN_POINT('',(2.045,-0.598,5.1E-02));
#13657 = VECTOR('',#13658,1.);
#13658 = DIRECTION('',(0.,0.,-1.));
#13659 = ORIENTED_EDGE('',*,*,#13660,.F.);
#13660 = EDGE_CURVE('',#13615,#13653,#13661,.T.);
#13661 = LINE('',#13662,#13663);
#13662 = CARTESIAN_POINT('',(2.045,-0.902,5.1E-02));
#13663 = VECTOR('',#13664,1.);
#13664 = DIRECTION('',(0.,1.,0.));
#13665 = ORIENTED_EDGE('',*,*,#13614,.T.);
#13666 = PLANE('',#13667);
#13667 = AXIS2_PLACEMENT_3D('',#13668,#13669,#13670);
#13668 = CARTESIAN_POINT('',(2.045,-0.902,0.));
#13669 = DIRECTION('',(1.,0.,0.));
#13670 = DIRECTION('',(0.,0.,1.));
#13671 = ADVANCED_FACE('',(#13672),#13697,.T.);
#13672 = FACE_BOUND('',#13673,.T.);
#13673 = EDGE_LOOP('',(#13674,#13682,#13690,#13696));
#13674 = ORIENTED_EDGE('',*,*,#13675,.F.);
#13675 = EDGE_CURVE('',#13676,#13645,#13678,.T.);
#13676 = VERTEX_POINT('',#13677);
#13677 = CARTESIAN_POINT('',(1.537,-0.598,0.));
#13678 = LINE('',#13679,#13680);
#13679 = CARTESIAN_POINT('',(1.537,-0.598,0.));
#13680 = VECTOR('',#13681,1.);
#13681 = DIRECTION('',(1.,0.,0.));
#13682 = ORIENTED_EDGE('',*,*,#13683,.F.);
#13683 = EDGE_CURVE('',#13684,#13676,#13686,.T.);
#13684 = VERTEX_POINT('',#13685);
#13685 = CARTESIAN_POINT('',(1.537,-0.598,5.1E-02));
#13686 = LINE('',#13687,#13688);
#13687 = CARTESIAN_POINT('',(1.537,-0.598,5.1E-02));
#13688 = VECTOR('',#13689,1.);
#13689 = DIRECTION('',(0.,0.,-1.));
#13690 = ORIENTED_EDGE('',*,*,#13691,.F.);
#13691 = EDGE_CURVE('',#13653,#13684,#13692,.T.);
#13692 = LINE('',#13693,#13694);
#13693 = CARTESIAN_POINT('',(2.045,-0.598,5.1E-02));
#13694 = VECTOR('',#13695,1.);
#13695 = DIRECTION('',(-1.,0.,0.));
#13696 = ORIENTED_EDGE('',*,*,#13652,.T.);
#13697 = PLANE('',#13698);
#13698 = AXIS2_PLACEMENT_3D('',#13699,#13700,#13701);
#13699 = CARTESIAN_POINT('',(2.045,-0.598,0.));
#13700 = DIRECTION('',(0.,1.,0.));
#13701 = DIRECTION('',(0.,-0.,1.));
#13702 = ADVANCED_FACE('',(#13703),#13719,.T.);
#13703 = FACE_BOUND('',#13704,.T.);
#13704 = EDGE_LOOP('',(#13705,#13711,#13712,#13718));
#13705 = ORIENTED_EDGE('',*,*,#13706,.F.);
#13706 = EDGE_CURVE('',#13607,#13676,#13707,.T.);
#13707 = LINE('',#13708,#13709);
#13708 = CARTESIAN_POINT('',(1.537,-0.902,0.));
#13709 = VECTOR('',#13710,1.);
#13710 = DIRECTION('',(0.,1.,0.));
#13711 = ORIENTED_EDGE('',*,*,#13630,.T.);
#13712 = ORIENTED_EDGE('',*,*,#13713,.F.);
#13713 = EDGE_CURVE('',#13684,#13623,#13714,.T.);
#13714 = LINE('',#13715,#13716);
#13715 = CARTESIAN_POINT('',(1.537,-0.598,5.1E-02));
#13716 = VECTOR('',#13717,1.);
#13717 = DIRECTION('',(0.,-1.,0.));
#13718 = ORIENTED_EDGE('',*,*,#13683,.T.);
#13719 = PLANE('',#13720);
#13720 = AXIS2_PLACEMENT_3D('',#13721,#13722,#13723);
#13721 = CARTESIAN_POINT('',(1.537,-0.598,0.));
#13722 = DIRECTION('',(-1.,0.,0.));
#13723 = DIRECTION('',(0.,0.,1.));
#13724 = ADVANCED_FACE('',(#13725),#13731,.T.);
#13725 = FACE_BOUND('',#13726,.T.);
#13726 = EDGE_LOOP('',(#13727,#13728,#13729,#13730));
#13727 = ORIENTED_EDGE('',*,*,#13675,.T.);
#13728 = ORIENTED_EDGE('',*,*,#13644,.T.);
#13729 = ORIENTED_EDGE('',*,*,#13604,.T.);
#13730 = ORIENTED_EDGE('',*,*,#13706,.T.);
#13731 = PLANE('',#13732);
#13732 = AXIS2_PLACEMENT_3D('',#13733,#13734,#13735);
#13733 = CARTESIAN_POINT('',(1.537,-0.598,0.));
#13734 = DIRECTION('',(0.,0.,-1.));
#13735 = DIRECTION('',(0.,1.,0.));
#13736 = ADVANCED_FACE('',(#13737),#13743,.T.);
#13737 = FACE_BOUND('',#13738,.T.);
#13738 = EDGE_LOOP('',(#13739,#13740,#13741,#13742));
#13739 = ORIENTED_EDGE('',*,*,#13622,.T.);
#13740 = ORIENTED_EDGE('',*,*,#13660,.T.);
#13741 = ORIENTED_EDGE('',*,*,#13691,.T.);
#13742 = ORIENTED_EDGE('',*,*,#13713,.T.);
#13743 = PLANE('',#13744);
#13744 = AXIS2_PLACEMENT_3D('',#13745,#13746,#13747);
#13745 = CARTESIAN_POINT('',(1.537,-0.902,5.1E-02));
#13746 = DIRECTION('',(0.,0.,1.));
#13747 = DIRECTION('',(0.,1.,0.));
#13748 = ( GEOMETRIC_REPRESENTATION_CONTEXT(3) 
GLOBAL_UNCERTAINTY_ASSIGNED_CONTEXT((#13752)) 
GLOBAL_UNIT_ASSIGNED_CONTEXT((#13749,#13750,#13751)) 
REPRESENTATION_CONTEXT('Context #1',
  '3D Context with UNIT and UNCERTAINTY') );
#13749 = ( LENGTH_UNIT() NAMED_UNIT(*) SI_UNIT(.MILLI.,.METRE.) );
#13750 = ( NAMED_UNIT(*) PLANE_ANGLE_UNIT() SI_UNIT($,.RADIAN.) );
#13751 = ( NAMED_UNIT(*) SI_UNIT($,.STERADIAN.) SOLID_ANGLE_UNIT() );
#13752 = UNCERTAINTY_MEASURE_WITH_UNIT(LENGTH_MEASURE(1.E-07),#13749,
  'distance_accuracy_value','confusion accuracy');
#13753 = CONTEXT_DEPENDENT_SHAPE_REPRESENTATION(#13754,#13756);
#13754 = ( REPRESENTATION_RELATIONSHIP('','',#13597,#10510) 
REPRESENTATION_RELATIONSHIP_WITH_TRANSFORMATION(#13755) 
SHAPE_REPRESENTATION_RELATIONSHIP() );
#13755 = ITEM_DEFINED_TRANSFORMATION('','',#11,#10583);
#13756 = PRODUCT_DEFINITION_SHAPE('Placement','Placement of an item',
  #13757);
#13757 = NEXT_ASSEMBLY_USAGE_OCCURRENCE('45','=>[0:1:1:19]','',#10505,
  #13592,$);
#13758 = PRODUCT_RELATED_PRODUCT_CATEGORY('part',$,(#13594));
#13759 = SHAPE_DEFINITION_REPRESENTATION(#13760,#13766);
#13760 = PRODUCT_DEFINITION_SHAPE('','',#13761);
#13761 = PRODUCT_DEFINITION('design','',#13762,#13765);
#13762 = PRODUCT_DEFINITION_FORMATION('','',#13763);
#13763 = PRODUCT('part019','part019','',(#13764));
#13764 = PRODUCT_CONTEXT('',#2,'mechanical');
#13765 = PRODUCT_DEFINITION_CONTEXT('part definition',#2,'design');
#13766 = ADVANCED_BREP_SHAPE_REPRESENTATION('',(#11,#13767),#13917);
#13767 = MANIFOLD_SOLID_BREP('',#13768);
#13768 = CLOSED_SHELL('',(#13769,#13809,#13840,#13871,#13893,#13905));
#13769 = ADVANCED_FACE('',(#13770),#13804,.T.);
#13770 = FACE_BOUND('',#13771,.T.);
#13771 = EDGE_LOOP('',(#13772,#13782,#13790,#13798));
#13772 = ORIENTED_EDGE('',*,*,#13773,.F.);
#13773 = EDGE_CURVE('',#13774,#13776,#13778,.T.);
#13774 = VERTEX_POINT('',#13775);
#13775 = CARTESIAN_POINT('',(2.045,-0.402,0.));
#13776 = VERTEX_POINT('',#13777);
#13777 = CARTESIAN_POINT('',(1.537,-0.402,0.));
#13778 = LINE('',#13779,#13780);
#13779 = CARTESIAN_POINT('',(2.045,-0.402,0.));
#13780 = VECTOR('',#13781,1.);
#13781 = DIRECTION('',(-1.,0.,0.));
#13782 = ORIENTED_EDGE('',*,*,#13783,.F.);
#13783 = EDGE_CURVE('',#13784,#13774,#13786,.T.);
#13784 = VERTEX_POINT('',#13785);
#13785 = CARTESIAN_POINT('',(2.045,-0.402,5.1E-02));
#13786 = LINE('',#13787,#13788);
#13787 = CARTESIAN_POINT('',(2.045,-0.402,5.1E-02));
#13788 = VECTOR('',#13789,1.);
#13789 = DIRECTION('',(0.,0.,-1.));
#13790 = ORIENTED_EDGE('',*,*,#13791,.F.);
#13791 = EDGE_CURVE('',#13792,#13784,#13794,.T.);
#13792 = VERTEX_POINT('',#13793);
#13793 = CARTESIAN_POINT('',(1.537,-0.402,5.1E-02));
#13794 = LINE('',#13795,#13796);
#13795 = CARTESIAN_POINT('',(1.537,-0.402,5.1E-02));
#13796 = VECTOR('',#13797,1.);
#13797 = DIRECTION('',(1.,0.,0.));
#13798 = ORIENTED_EDGE('',*,*,#13799,.F.);
#13799 = EDGE_CURVE('',#13776,#13792,#13800,.T.);
#13800 = LINE('',#13801,#13802);
#13801 = CARTESIAN_POINT('',(1.537,-0.402,0.));
#13802 = VECTOR('',#13803,1.);
#13803 = DIRECTION('',(0.,0.,1.));
#13804 = PLANE('',#13805);
#13805 = AXIS2_PLACEMENT_3D('',#13806,#13807,#13808);
#13806 = CARTESIAN_POINT('',(1.537,-0.402,0.));
#13807 = DIRECTION('',(0.,-1.,0.));
#13808 = DIRECTION('',(0.,0.,1.));
#13809 = ADVANCED_FACE('',(#13810),#13835,.T.);
#13810 = FACE_BOUND('',#13811,.T.);
#13811 = EDGE_LOOP('',(#13812,#13820,#13828,#13834));
#13812 = ORIENTED_EDGE('',*,*,#13813,.F.);
#13813 = EDGE_CURVE('',#13814,#13774,#13816,.T.);
#13814 = VERTEX_POINT('',#13815);
#13815 = CARTESIAN_POINT('',(2.045,-9.8E-02,0.));
#13816 = LINE('',#13817,#13818);
#13817 = CARTESIAN_POINT('',(2.045,-9.8E-02,0.));
#13818 = VECTOR('',#13819,1.);
#13819 = DIRECTION('',(0.,-1.,0.));
#13820 = ORIENTED_EDGE('',*,*,#13821,.F.);
#13821 = EDGE_CURVE('',#13822,#13814,#13824,.T.);
#13822 = VERTEX_POINT('',#13823);
#13823 = CARTESIAN_POINT('',(2.045,-9.8E-02,5.1E-02));
#13824 = LINE('',#13825,#13826);
#13825 = CARTESIAN_POINT('',(2.045,-9.8E-02,5.1E-02));
#13826 = VECTOR('',#13827,1.);
#13827 = DIRECTION('',(0.,0.,-1.));
#13828 = ORIENTED_EDGE('',*,*,#13829,.F.);
#13829 = EDGE_CURVE('',#13784,#13822,#13830,.T.);
#13830 = LINE('',#13831,#13832);
#13831 = CARTESIAN_POINT('',(2.045,-0.402,5.1E-02));
#13832 = VECTOR('',#13833,1.);
#13833 = DIRECTION('',(0.,1.,0.));
#13834 = ORIENTED_EDGE('',*,*,#13783,.T.);
#13835 = PLANE('',#13836);
#13836 = AXIS2_PLACEMENT_3D('',#13837,#13838,#13839);
#13837 = CARTESIAN_POINT('',(2.045,-0.402,0.));
#13838 = DIRECTION('',(1.,0.,0.));
#13839 = DIRECTION('',(0.,0.,1.));
#13840 = ADVANCED_FACE('',(#13841),#13866,.T.);
#13841 = FACE_BOUND('',#13842,.T.);
#13842 = EDGE_LOOP('',(#13843,#13851,#13859,#13865));
#13843 = ORIENTED_EDGE('',*,*,#13844,.F.);
#13844 = EDGE_CURVE('',#13845,#13814,#13847,.T.);
#13845 = VERTEX_POINT('',#13846);
#13846 = CARTESIAN_POINT('',(1.537,-9.8E-02,0.));
#13847 = LINE('',#13848,#13849);
#13848 = CARTESIAN_POINT('',(1.537,-9.8E-02,0.));
#13849 = VECTOR('',#13850,1.);
#13850 = DIRECTION('',(1.,0.,0.));
#13851 = ORIENTED_EDGE('',*,*,#13852,.F.);
#13852 = EDGE_CURVE('',#13853,#13845,#13855,.T.);
#13853 = VERTEX_POINT('',#13854);
#13854 = CARTESIAN_POINT('',(1.537,-9.8E-02,5.1E-02));
#13855 = LINE('',#13856,#13857);
#13856 = CARTESIAN_POINT('',(1.537,-9.8E-02,5.1E-02));
#13857 = VECTOR('',#13858,1.);
#13858 = DIRECTION('',(0.,0.,-1.));
#13859 = ORIENTED_EDGE('',*,*,#13860,.F.);
#13860 = EDGE_CURVE('',#13822,#13853,#13861,.T.);
#13861 = LINE('',#13862,#13863);
#13862 = CARTESIAN_POINT('',(2.045,-9.8E-02,5.1E-02));
#13863 = VECTOR('',#13864,1.);
#13864 = DIRECTION('',(-1.,0.,0.));
#13865 = ORIENTED_EDGE('',*,*,#13821,.T.);
#13866 = PLANE('',#13867);
#13867 = AXIS2_PLACEMENT_3D('',#13868,#13869,#13870);
#13868 = CARTESIAN_POINT('',(2.045,-9.8E-02,0.));
#13869 = DIRECTION('',(0.,1.,0.));
#13870 = DIRECTION('',(0.,-0.,1.));
#13871 = ADVANCED_FACE('',(#13872),#13888,.T.);
#13872 = FACE_BOUND('',#13873,.T.);
#13873 = EDGE_LOOP('',(#13874,#13880,#13881,#13887));
#13874 = ORIENTED_EDGE('',*,*,#13875,.F.);
#13875 = EDGE_CURVE('',#13776,#13845,#13876,.T.);
#13876 = LINE('',#13877,#13878);
#13877 = CARTESIAN_POINT('',(1.537,-0.402,0.));
#13878 = VECTOR('',#13879,1.);
#13879 = DIRECTION('',(0.,1.,0.));
#13880 = ORIENTED_EDGE('',*,*,#13799,.T.);
#13881 = ORIENTED_EDGE('',*,*,#13882,.F.);
#13882 = EDGE_CURVE('',#13853,#13792,#13883,.T.);
#13883 = LINE('',#13884,#13885);
#13884 = CARTESIAN_POINT('',(1.537,-9.8E-02,5.1E-02));
#13885 = VECTOR('',#13886,1.);
#13886 = DIRECTION('',(0.,-1.,0.));
#13887 = ORIENTED_EDGE('',*,*,#13852,.T.);
#13888 = PLANE('',#13889);
#13889 = AXIS2_PLACEMENT_3D('',#13890,#13891,#13892);
#13890 = CARTESIAN_POINT('',(1.537,-9.8E-02,0.));
#13891 = DIRECTION('',(-1.,0.,0.));
#13892 = DIRECTION('',(0.,0.,1.));
#13893 = ADVANCED_FACE('',(#13894),#13900,.T.);
#13894 = FACE_BOUND('',#13895,.T.);
#13895 = EDGE_LOOP('',(#13896,#13897,#13898,#13899));
#13896 = ORIENTED_EDGE('',*,*,#13844,.T.);
#13897 = ORIENTED_EDGE('',*,*,#13813,.T.);
#13898 = ORIENTED_EDGE('',*,*,#13773,.T.);
#13899 = ORIENTED_EDGE('',*,*,#13875,.T.);
#13900 = PLANE('',#13901);
#13901 = AXIS2_PLACEMENT_3D('',#13902,#13903,#13904);
#13902 = CARTESIAN_POINT('',(1.537,-9.8E-02,0.));
#13903 = DIRECTION('',(0.,0.,-1.));
#13904 = DIRECTION('',(0.,1.,0.));
#13905 = ADVANCED_FACE('',(#13906),#13912,.T.);
#13906 = FACE_BOUND('',#13907,.T.);
#13907 = EDGE_LOOP('',(#13908,#13909,#13910,#13911));
#13908 = ORIENTED_EDGE('',*,*,#13791,.T.);
#13909 = ORIENTED_EDGE('',*,*,#13829,.T.);
#13910 = ORIENTED_EDGE('',*,*,#13860,.T.);
#13911 = ORIENTED_EDGE('',*,*,#13882,.T.);
#13912 = PLANE('',#13913);
#13913 = AXIS2_PLACEMENT_3D('',#13914,#13915,#13916);
#13914 = CARTESIAN_POINT('',(1.537,-0.402,5.1E-02));
#13915 = DIRECTION('',(0.,0.,1.));
#13916 = DIRECTION('',(0.,1.,0.));
#13917 = ( GEOMETRIC_REPRESENTATION_CONTEXT(3) 
GLOBAL_UNCERTAINTY_ASSIGNED_CONTEXT((#13921)) 
GLOBAL_UNIT_ASSIGNED_CONTEXT((#13918,#13919,#13920)) 
REPRESENTATION_CONTEXT('Context #1',
  '3D Context with UNIT and UNCERTAINTY') );
#13918 = ( LENGTH_UNIT() NAMED_UNIT(*) SI_UNIT(.MILLI.,.METRE.) );
#13919 = ( NAMED_UNIT(*) PLANE_ANGLE_UNIT() SI_UNIT($,.RADIAN.) );
#13920 = ( NAMED_UNIT(*) SI_UNIT($,.STERADIAN.) SOLID_ANGLE_UNIT() );
#13921 = UNCERTAINTY_MEASURE_WITH_UNIT(LENGTH_MEASURE(1.E-07),#13918,
  'distance_accuracy_value','confusion accuracy');
#13922 = CONTEXT_DEPENDENT_SHAPE_REPRESENTATION(#13923,#13925);
#13923 = ( REPRESENTATION_RELATIONSHIP('','',#13766,#10510) 
REPRESENTATION_RELATIONSHIP_WITH_TRANSFORMATION(#13924) 
SHAPE_REPRESENTATION_RELATIONSHIP() );
#13924 = ITEM_DEFINED_TRANSFORMATION('','',#11,#10587);
#13925 = PRODUCT_DEFINITION_SHAPE('Placement','Placement of an item',
  #13926);
#13926 = NEXT_ASSEMBLY_USAGE_OCCURRENCE('46','=>[0:1:1:20]','',#10505,
  #13761,$);
#13927 = PRODUCT_RELATED_PRODUCT_CATEGORY('part',$,(#13763));
#13928 = SHAPE_DEFINITION_REPRESENTATION(#13929,#13935);
#13929 = PRODUCT_DEFINITION_SHAPE('','',#13930);
#13930 = PRODUCT_DEFINITION('design','',#13931,#13934);
#13931 = PRODUCT_DEFINITION_FORMATION('','',#13932);
#13932 = PRODUCT('part020','part020','',(#13933));
#13933 = PRODUCT_CONTEXT('',#2,'mechanical');
#13934 = PRODUCT_DEFINITION_CONTEXT('part definition',#2,'design');
#13935 = ADVANCED_BREP_SHAPE_REPRESENTATION('',(#11,#13936),#14086);
#13936 = MANIFOLD_SOLID_BREP('',#13937);
#13937 = CLOSED_SHELL('',(#13938,#13978,#14009,#14040,#14062,#14074));
#13938 = ADVANCED_FACE('',(#13939),#13973,.T.);
#13939 = FACE_BOUND('',#13940,.T.);
#13940 = EDGE_LOOP('',(#13941,#13951,#13959,#13967));
#13941 = ORIENTED_EDGE('',*,*,#13942,.F.);
#13942 = EDGE_CURVE('',#13943,#13945,#13947,.T.);
#13943 = VERTEX_POINT('',#13944);
#13944 = CARTESIAN_POINT('',(2.045,9.8E-02,0.));
#13945 = VERTEX_POINT('',#13946);
#13946 = CARTESIAN_POINT('',(1.537,9.8E-02,0.));
#13947 = LINE('',#13948,#13949);
#13948 = CARTESIAN_POINT('',(2.045,9.8E-02,0.));
#13949 = VECTOR('',#13950,1.);
#13950 = DIRECTION('',(-1.,0.,0.));
#13951 = ORIENTED_EDGE('',*,*,#13952,.F.);
#13952 = EDGE_CURVE('',#13953,#13943,#13955,.T.);
#13953 = VERTEX_POINT('',#13954);
#13954 = CARTESIAN_POINT('',(2.045,9.8E-02,5.1E-02));
#13955 = LINE('',#13956,#13957);
#13956 = CARTESIAN_POINT('',(2.045,9.8E-02,5.1E-02));
#13957 = VECTOR('',#13958,1.);
#13958 = DIRECTION('',(0.,0.,-1.));
#13959 = ORIENTED_EDGE('',*,*,#13960,.F.);
#13960 = EDGE_CURVE('',#13961,#13953,#13963,.T.);
#13961 = VERTEX_POINT('',#13962);
#13962 = CARTESIAN_POINT('',(1.537,9.8E-02,5.1E-02));
#13963 = LINE('',#13964,#13965);
#13964 = CARTESIAN_POINT('',(1.537,9.8E-02,5.1E-02));
#13965 = VECTOR('',#13966,1.);
#13966 = DIRECTION('',(1.,0.,0.));
#13967 = ORIENTED_EDGE('',*,*,#13968,.F.);
#13968 = EDGE_CURVE('',#13945,#13961,#13969,.T.);
#13969 = LINE('',#13970,#13971);
#13970 = CARTESIAN_POINT('',(1.537,9.8E-02,0.));
#13971 = VECTOR('',#13972,1.);
#13972 = DIRECTION('',(0.,0.,1.));
#13973 = PLANE('',#13974);
#13974 = AXIS2_PLACEMENT_3D('',#13975,#13976,#13977);
#13975 = CARTESIAN_POINT('',(1.537,9.8E-02,0.));
#13976 = DIRECTION('',(0.,-1.,0.));
#13977 = DIRECTION('',(0.,0.,1.));
#13978 = ADVANCED_FACE('',(#13979),#14004,.T.);
#13979 = FACE_BOUND('',#13980,.T.);
#13980 = EDGE_LOOP('',(#13981,#13989,#13997,#14003));
#13981 = ORIENTED_EDGE('',*,*,#13982,.F.);
#13982 = EDGE_CURVE('',#13983,#13943,#13985,.T.);
#13983 = VERTEX_POINT('',#13984);
#13984 = CARTESIAN_POINT('',(2.045,0.402,0.));
#13985 = LINE('',#13986,#13987);
#13986 = CARTESIAN_POINT('',(2.045,0.402,0.));
#13987 = VECTOR('',#13988,1.);
#13988 = DIRECTION('',(0.,-1.,0.));
#13989 = ORIENTED_EDGE('',*,*,#13990,.F.);
#13990 = EDGE_CURVE('',#13991,#13983,#13993,.T.);
#13991 = VERTEX_POINT('',#13992);
#13992 = CARTESIAN_POINT('',(2.045,0.402,5.1E-02));
#13993 = LINE('',#13994,#13995);
#13994 = CARTESIAN_POINT('',(2.045,0.402,5.1E-02));
#13995 = VECTOR('',#13996,1.);
#13996 = DIRECTION('',(0.,0.,-1.));
#13997 = ORIENTED_EDGE('',*,*,#13998,.F.);
#13998 = EDGE_CURVE('',#13953,#13991,#13999,.T.);
#13999 = LINE('',#14000,#14001);
#14000 = CARTESIAN_POINT('',(2.045,9.8E-02,5.1E-02));
#14001 = VECTOR('',#14002,1.);
#14002 = DIRECTION('',(0.,1.,0.));
#14003 = ORIENTED_EDGE('',*,*,#13952,.T.);
#14004 = PLANE('',#14005);
#14005 = AXIS2_PLACEMENT_3D('',#14006,#14007,#14008);
#14006 = CARTESIAN_POINT('',(2.045,9.8E-02,0.));
#14007 = DIRECTION('',(1.,0.,0.));
#14008 = DIRECTION('',(0.,0.,1.));
#14009 = ADVANCED_FACE('',(#14010),#14035,.T.);
#14010 = FACE_BOUND('',#14011,.T.);
#14011 = EDGE_LOOP('',(#14012,#14020,#14028,#14034));
#14012 = ORIENTED_EDGE('',*,*,#14013,.F.);
#14013 = EDGE_CURVE('',#14014,#13983,#14016,.T.);
#14014 = VERTEX_POINT('',#14015);
#14015 = CARTESIAN_POINT('',(1.537,0.402,0.));
#14016 = LINE('',#14017,#14018);
#14017 = CARTESIAN_POINT('',(1.537,0.402,0.));
#14018 = VECTOR('',#14019,1.);
#14019 = DIRECTION('',(1.,0.,0.));
#14020 = ORIENTED_EDGE('',*,*,#14021,.F.);
#14021 = EDGE_CURVE('',#14022,#14014,#14024,.T.);
#14022 = VERTEX_POINT('',#14023);
#14023 = CARTESIAN_POINT('',(1.537,0.402,5.1E-02));
#14024 = LINE('',#14025,#14026);
#14025 = CARTESIAN_POINT('',(1.537,0.402,5.1E-02));
#14026 = VECTOR('',#14027,1.);
#14027 = DIRECTION('',(0.,0.,-1.));
#14028 = ORIENTED_EDGE('',*,*,#14029,.F.);
#14029 = EDGE_CURVE('',#13991,#14022,#14030,.T.);
#14030 = LINE('',#14031,#14032);
#14031 = CARTESIAN_POINT('',(2.045,0.402,5.1E-02));
#14032 = VECTOR('',#14033,1.);
#14033 = DIRECTION('',(-1.,0.,0.));
#14034 = ORIENTED_EDGE('',*,*,#13990,.T.);
#14035 = PLANE('',#14036);
#14036 = AXIS2_PLACEMENT_3D('',#14037,#14038,#14039);
#14037 = CARTESIAN_POINT('',(2.045,0.402,0.));
#14038 = DIRECTION('',(0.,1.,0.));
#14039 = DIRECTION('',(0.,-0.,1.));
#14040 = ADVANCED_FACE('',(#14041),#14057,.T.);
#14041 = FACE_BOUND('',#14042,.T.);
#14042 = EDGE_LOOP('',(#14043,#14049,#14050,#14056));
#14043 = ORIENTED_EDGE('',*,*,#14044,.F.);
#14044 = EDGE_CURVE('',#13945,#14014,#14045,.T.);
#14045 = LINE('',#14046,#14047);
#14046 = CARTESIAN_POINT('',(1.537,9.8E-02,0.));
#14047 = VECTOR('',#14048,1.);
#14048 = DIRECTION('',(0.,1.,0.));
#14049 = ORIENTED_EDGE('',*,*,#13968,.T.);
#14050 = ORIENTED_EDGE('',*,*,#14051,.F.);
#14051 = EDGE_CURVE('',#14022,#13961,#14052,.T.);
#14052 = LINE('',#14053,#14054);
#14053 = CARTESIAN_POINT('',(1.537,0.402,5.1E-02));
#14054 = VECTOR('',#14055,1.);
#14055 = DIRECTION('',(0.,-1.,0.));
#14056 = ORIENTED_EDGE('',*,*,#14021,.T.);
#14057 = PLANE('',#14058);
#14058 = AXIS2_PLACEMENT_3D('',#14059,#14060,#14061);
#14059 = CARTESIAN_POINT('',(1.537,0.402,0.));
#14060 = DIRECTION('',(-1.,0.,0.));
#14061 = DIRECTION('',(0.,0.,1.));
#14062 = ADVANCED_FACE('',(#14063),#14069,.T.);
#14063 = FACE_BOUND('',#14064,.T.);
#14064 = EDGE_LOOP('',(#14065,#14066,#14067,#14068));
#14065 = ORIENTED_EDGE('',*,*,#14013,.T.);
#14066 = ORIENTED_EDGE('',*,*,#13982,.T.);
#14067 = ORIENTED_EDGE('',*,*,#13942,.T.);
#14068 = ORIENTED_EDGE('',*,*,#14044,.T.);
#14069 = PLANE('',#14070);
#14070 = AXIS2_PLACEMENT_3D('',#14071,#14072,#14073);
#14071 = CARTESIAN_POINT('',(1.537,0.402,0.));
#14072 = DIRECTION('',(0.,0.,-1.));
#14073 = DIRECTION('',(0.,1.,0.));
#14074 = ADVANCED_FACE('',(#14075),#14081,.T.);
#14075 = FACE_BOUND('',#14076,.T.);
#14076 = EDGE_LOOP('',(#14077,#14078,#14079,#14080));
#14077 = ORIENTED_EDGE('',*,*,#13960,.T.);
#14078 = ORIENTED_EDGE('',*,*,#13998,.T.);
#14079 = ORIENTED_EDGE('',*,*,#14029,.T.);
#14080 = ORIENTED_EDGE('',*,*,#14051,.T.);
#14081 = PLANE('',#14082);
#14082 = AXIS2_PLACEMENT_3D('',#14083,#14084,#14085);
#14083 = CARTESIAN_POINT('',(1.537,9.8E-02,5.1E-02));
#14084 = DIRECTION('',(0.,0.,1.));
#14085 = DIRECTION('',(0.,1.,0.));
#14086 = ( GEOMETRIC_REPRESENTATION_CONTEXT(3) 
GLOBAL_UNCERTAINTY_ASSIGNED_CONTEXT((#14090)) 
GLOBAL_UNIT_ASSIGNED_CONTEXT((#14087,#14088,#14089)) 
REPRESENTATION_CONTEXT('Context #1',
  '3D Context with UNIT and UNCERTAINTY') );
#14087 = ( LENGTH_UNIT() NAMED_UNIT(*) SI_UNIT(.MILLI.,.METRE.) );
#14088 = ( NAMED_UNIT(*) PLANE_ANGLE_UNIT() SI_UNIT($,.RADIAN.) );
#14089 = ( NAMED_UNIT(*) SI_UNIT($,.STERADIAN.) SOLID_ANGLE_UNIT() );
#14090 = UNCERTAINTY_MEASURE_WITH_UNIT(LENGTH_MEASURE(1.E-07),#14087,
  'distance_accuracy_value','confusion accuracy');
#14091 = CONTEXT_DEPENDENT_SHAPE_REPRESENTATION(#14092,#14094);
#14092 = ( REPRESENTATION_RELATIONSHIP('','',#13935,#10510) 
REPRESENTATION_RELATIONSHIP_WITH_TRANSFORMATION(#14093) 
SHAPE_REPRESENTATION_RELATIONSHIP() );
#14093 = ITEM_DEFINED_TRANSFORMATION('','',#11,#10591);
#14094 = PRODUCT_DEFINITION_SHAPE('Placement','Placement of an item',
  #14095);
#14095 = NEXT_ASSEMBLY_USAGE_OCCURRENCE('47','=>[0:1:1:21]','',#10505,
  #13930,$);
#14096 = PRODUCT_RELATED_PRODUCT_CATEGORY('part',$,(#13932));
#14097 = SHAPE_DEFINITION_REPRESENTATION(#14098,#14104);
#14098 = PRODUCT_DEFINITION_SHAPE('','',#14099);
#14099 = PRODUCT_DEFINITION('design','',#14100,#14103);
#14100 = PRODUCT_DEFINITION_FORMATION('','',#14101);
#14101 = PRODUCT('part021','part021','',(#14102));
#14102 = PRODUCT_CONTEXT('',#2,'mechanical');
#14103 = PRODUCT_DEFINITION_CONTEXT('part definition',#2,'design');
#14104 = ADVANCED_BREP_SHAPE_REPRESENTATION('',(#11,#14105),#14255);
#14105 = MANIFOLD_SOLID_BREP('',#14106);
#14106 = CLOSED_SHELL('',(#14107,#14147,#14178,#14209,#14231,#14243));
#14107 = ADVANCED_FACE('',(#14108),#14142,.T.);
#14108 = FACE_BOUND('',#14109,.T.);
#14109 = EDGE_LOOP('',(#14110,#14120,#14128,#14136));
#14110 = ORIENTED_EDGE('',*,*,#14111,.F.);
#14111 = EDGE_CURVE('',#14112,#14114,#14116,.T.);
#14112 = VERTEX_POINT('',#14113);
#14113 = CARTESIAN_POINT('',(2.045,0.598,0.));
#14114 = VERTEX_POINT('',#14115);
#14115 = CARTESIAN_POINT('',(1.537,0.598,0.));
#14116 = LINE('',#14117,#14118);
#14117 = CARTESIAN_POINT('',(2.045,0.598,0.));
#14118 = VECTOR('',#14119,1.);
#14119 = DIRECTION('',(-1.,0.,0.));
#14120 = ORIENTED_EDGE('',*,*,#14121,.F.);
#14121 = EDGE_CURVE('',#14122,#14112,#14124,.T.);
#14122 = VERTEX_POINT('',#14123);
#14123 = CARTESIAN_POINT('',(2.045,0.598,5.1E-02));
#14124 = LINE('',#14125,#14126);
#14125 = CARTESIAN_POINT('',(2.045,0.598,5.1E-02));
#14126 = VECTOR('',#14127,1.);
#14127 = DIRECTION('',(0.,0.,-1.));
#14128 = ORIENTED_EDGE('',*,*,#14129,.F.);
#14129 = EDGE_CURVE('',#14130,#14122,#14132,.T.);
#14130 = VERTEX_POINT('',#14131);
#14131 = CARTESIAN_POINT('',(1.537,0.598,5.1E-02));
#14132 = LINE('',#14133,#14134);
#14133 = CARTESIAN_POINT('',(1.537,0.598,5.1E-02));
#14134 = VECTOR('',#14135,1.);
#14135 = DIRECTION('',(1.,0.,0.));
#14136 = ORIENTED_EDGE('',*,*,#14137,.F.);
#14137 = EDGE_CURVE('',#14114,#14130,#14138,.T.);
#14138 = LINE('',#14139,#14140);
#14139 = CARTESIAN_POINT('',(1.537,0.598,0.));
#14140 = VECTOR('',#14141,1.);
#14141 = DIRECTION('',(0.,0.,1.));
#14142 = PLANE('',#14143);
#14143 = AXIS2_PLACEMENT_3D('',#14144,#14145,#14146);
#14144 = CARTESIAN_POINT('',(1.537,0.598,0.));
#14145 = DIRECTION('',(0.,-1.,0.));
#14146 = DIRECTION('',(0.,0.,1.));
#14147 = ADVANCED_FACE('',(#14148),#14173,.T.);
#14148 = FACE_BOUND('',#14149,.T.);
#14149 = EDGE_LOOP('',(#14150,#14158,#14166,#14172));
#14150 = ORIENTED_EDGE('',*,*,#14151,.F.);
#14151 = EDGE_CURVE('',#14152,#14112,#14154,.T.);
#14152 = VERTEX_POINT('',#14153);
#14153 = CARTESIAN_POINT('',(2.045,0.902,0.));
#14154 = LINE('',#14155,#14156);
#14155 = CARTESIAN_POINT('',(2.045,0.902,0.));
#14156 = VECTOR('',#14157,1.);
#14157 = DIRECTION('',(0.,-1.,0.));
#14158 = ORIENTED_EDGE('',*,*,#14159,.F.);
#14159 = EDGE_CURVE('',#14160,#14152,#14162,.T.);
#14160 = VERTEX_POINT('',#14161);
#14161 = CARTESIAN_POINT('',(2.045,0.902,5.1E-02));
#14162 = LINE('',#14163,#14164);
#14163 = CARTESIAN_POINT('',(2.045,0.902,5.1E-02));
#14164 = VECTOR('',#14165,1.);
#14165 = DIRECTION('',(0.,0.,-1.));
#14166 = ORIENTED_EDGE('',*,*,#14167,.F.);
#14167 = EDGE_CURVE('',#14122,#14160,#14168,.T.);
#14168 = LINE('',#14169,#14170);
#14169 = CARTESIAN_POINT('',(2.045,0.598,5.1E-02));
#14170 = VECTOR('',#14171,1.);
#14171 = DIRECTION('',(0.,1.,0.));
#14172 = ORIENTED_EDGE('',*,*,#14121,.T.);
#14173 = PLANE('',#14174);
#14174 = AXIS2_PLACEMENT_3D('',#14175,#14176,#14177);
#14175 = CARTESIAN_POINT('',(2.045,0.598,0.));
#14176 = DIRECTION('',(1.,0.,0.));
#14177 = DIRECTION('',(0.,0.,1.));
#14178 = ADVANCED_FACE('',(#14179),#14204,.T.);
#14179 = FACE_BOUND('',#14180,.T.);
#14180 = EDGE_LOOP('',(#14181,#14189,#14197,#14203));
#14181 = ORIENTED_EDGE('',*,*,#14182,.F.);
#14182 = EDGE_CURVE('',#14183,#14152,#14185,.T.);
#14183 = VERTEX_POINT('',#14184);
#14184 = CARTESIAN_POINT('',(1.537,0.902,0.));
#14185 = LINE('',#14186,#14187);
#14186 = CARTESIAN_POINT('',(1.537,0.902,0.));
#14187 = VECTOR('',#14188,1.);
#14188 = DIRECTION('',(1.,0.,0.));
#14189 = ORIENTED_EDGE('',*,*,#14190,.F.);
#14190 = EDGE_CURVE('',#14191,#14183,#14193,.T.);
#14191 = VERTEX_POINT('',#14192);
#14192 = CARTESIAN_POINT('',(1.537,0.902,5.1E-02));
#14193 = LINE('',#14194,#14195);
#14194 = CARTESIAN_POINT('',(1.537,0.902,5.1E-02));
#14195 = VECTOR('',#14196,1.);
#14196 = DIRECTION('',(0.,0.,-1.));
#14197 = ORIENTED_EDGE('',*,*,#14198,.F.);
#14198 = EDGE_CURVE('',#14160,#14191,#14199,.T.);
#14199 = LINE('',#14200,#14201);
#14200 = CARTESIAN_POINT('',(2.045,0.902,5.1E-02));
#14201 = VECTOR('',#14202,1.);
#14202 = DIRECTION('',(-1.,0.,0.));
#14203 = ORIENTED_EDGE('',*,*,#14159,.T.);
#14204 = PLANE('',#14205);
#14205 = AXIS2_PLACEMENT_3D('',#14206,#14207,#14208);
#14206 = CARTESIAN_POINT('',(2.045,0.902,0.));
#14207 = DIRECTION('',(0.,1.,0.));
#14208 = DIRECTION('',(0.,-0.,1.));
#14209 = ADVANCED_FACE('',(#14210),#14226,.T.);
#14210 = FACE_BOUND('',#14211,.T.);
#14211 = EDGE_LOOP('',(#14212,#14218,#14219,#14225));
#14212 = ORIENTED_EDGE('',*,*,#14213,.F.);
#14213 = EDGE_CURVE('',#14114,#14183,#14214,.T.);
#14214 = LINE('',#14215,#14216);
#14215 = CARTESIAN_POINT('',(1.537,0.598,0.));
#14216 = VECTOR('',#14217,1.);
#14217 = DIRECTION('',(0.,1.,0.));
#14218 = ORIENTED_EDGE('',*,*,#14137,.T.);
#14219 = ORIENTED_EDGE('',*,*,#14220,.F.);
#14220 = EDGE_CURVE('',#14191,#14130,#14221,.T.);
#14221 = LINE('',#14222,#14223);
#14222 = CARTESIAN_POINT('',(1.537,0.902,5.1E-02));
#14223 = VECTOR('',#14224,1.);
#14224 = DIRECTION('',(0.,-1.,0.));
#14225 = ORIENTED_EDGE('',*,*,#14190,.T.);
#14226 = PLANE('',#14227);
#14227 = AXIS2_PLACEMENT_3D('',#14228,#14229,#14230);
#14228 = CARTESIAN_POINT('',(1.537,0.902,0.));
#14229 = DIRECTION('',(-1.,0.,0.));
#14230 = DIRECTION('',(0.,0.,1.));
#14231 = ADVANCED_FACE('',(#14232),#14238,.T.);
#14232 = FACE_BOUND('',#14233,.T.);
#14233 = EDGE_LOOP('',(#14234,#14235,#14236,#14237));
#14234 = ORIENTED_EDGE('',*,*,#14182,.T.);
#14235 = ORIENTED_EDGE('',*,*,#14151,.T.);
#14236 = ORIENTED_EDGE('',*,*,#14111,.T.);
#14237 = ORIENTED_EDGE('',*,*,#14213,.T.);
#14238 = PLANE('',#14239);
#14239 = AXIS2_PLACEMENT_3D('',#14240,#14241,#14242);
#14240 = CARTESIAN_POINT('',(1.537,0.902,0.));
#14241 = DIRECTION('',(0.,0.,-1.));
#14242 = DIRECTION('',(0.,1.,0.));
#14243 = ADVANCED_FACE('',(#14244),#14250,.T.);
#14244 = FACE_BOUND('',#14245,.T.);
#14245 = EDGE_LOOP('',(#14246,#14247,#14248,#14249));
#14246 = ORIENTED_EDGE('',*,*,#14129,.T.);
#14247 = ORIENTED_EDGE('',*,*,#14167,.T.);
#14248 = ORIENTED_EDGE('',*,*,#14198,.T.);
#14249 = ORIENTED_EDGE('',*,*,#14220,.T.);
#14250 = PLANE('',#14251);
#14251 = AXIS2_PLACEMENT_3D('',#14252,#14253,#14254);
#14252 = CARTESIAN_POINT('',(1.537,0.598,5.1E-02));
#14253 = DIRECTION('',(0.,0.,1.));
#14254 = DIRECTION('',(0.,1.,0.));
#14255 = ( GEOMETRIC_REPRESENTATION_CONTEXT(3) 
GLOBAL_UNCERTAINTY_ASSIGNED_CONTEXT((#14259)) 
GLOBAL_UNIT_ASSIGNED_CONTEXT((#14256,#14257,#14258)) 
REPRESENTATION_CONTEXT('Context #1',
  '3D Context with UNIT and UNCERTAINTY') );
#14256 = ( LENGTH_UNIT() NAMED_UNIT(*) SI_UNIT(.MILLI.,.METRE.) );
#14257 = ( NAMED_UNIT(*) PLANE_ANGLE_UNIT() SI_UNIT($,.RADIAN.) );
#14258 = ( NAMED_UNIT(*) SI_UNIT($,.STERADIAN.) SOLID_ANGLE_UNIT() );
#14259 = UNCERTAINTY_MEASURE_WITH_UNIT(LENGTH_MEASURE(1.E-07),#14256,
  'distance_accuracy_value','confusion accuracy');
#14260 = CONTEXT_DEPENDENT_SHAPE_REPRESENTATION(#14261,#14263);
#14261 = ( REPRESENTATION_RELATIONSHIP('','',#14104,#10510) 
REPRESENTATION_RELATIONSHIP_WITH_TRANSFORMATION(#14262) 
SHAPE_REPRESENTATION_RELATIONSHIP() );
#14262 = ITEM_DEFINED_TRANSFORMATION('','',#11,#10595);
#14263 = PRODUCT_DEFINITION_SHAPE('Placement','Placement of an item',
  #14264);
#14264 = NEXT_ASSEMBLY_USAGE_OCCURRENCE('48','=>[0:1:1:22]','',#10505,
  #14099,$);
#14265 = PRODUCT_RELATED_PRODUCT_CATEGORY('part',$,(#14101));
#14266 = SHAPE_DEFINITION_REPRESENTATION(#14267,#14273);
#14267 = PRODUCT_DEFINITION_SHAPE('','',#14268);
#14268 = PRODUCT_DEFINITION('design','',#14269,#14272);
#14269 = PRODUCT_DEFINITION_FORMATION('','',#14270);
#14270 = PRODUCT('part022','part022','',(#14271));
#14271 = PRODUCT_CONTEXT('',#2,'mechanical');
#14272 = PRODUCT_DEFINITION_CONTEXT('part definition',#2,'design');
#14273 = ADVANCED_BREP_SHAPE_REPRESENTATION('',(#11,#14274),#14424);
#14274 = MANIFOLD_SOLID_BREP('',#14275);
#14275 = CLOSED_SHELL('',(#14276,#14316,#14347,#14378,#14400,#14412));
#14276 = ADVANCED_FACE('',(#14277),#14311,.T.);
#14277 = FACE_BOUND('',#14278,.T.);
#14278 = EDGE_LOOP('',(#14279,#14289,#14297,#14305));
#14279 = ORIENTED_EDGE('',*,*,#14280,.F.);
#14280 = EDGE_CURVE('',#14281,#14283,#14285,.T.);
#14281 = VERTEX_POINT('',#14282);
#14282 = CARTESIAN_POINT('',(2.045,1.098,0.));
#14283 = VERTEX_POINT('',#14284);
#14284 = CARTESIAN_POINT('',(1.537,1.098,0.));
#14285 = LINE('',#14286,#14287);
#14286 = CARTESIAN_POINT('',(2.045,1.098,0.));
#14287 = VECTOR('',#14288,1.);
#14288 = DIRECTION('',(-1.,0.,0.));
#14289 = ORIENTED_EDGE('',*,*,#14290,.F.);
#14290 = EDGE_CURVE('',#14291,#14281,#14293,.T.);
#14291 = VERTEX_POINT('',#14292);
#14292 = CARTESIAN_POINT('',(2.045,1.098,5.1E-02));
#14293 = LINE('',#14294,#14295);
#14294 = CARTESIAN_POINT('',(2.045,1.098,5.1E-02));
#14295 = VECTOR('',#14296,1.);
#14296 = DIRECTION('',(0.,0.,-1.));
#14297 = ORIENTED_EDGE('',*,*,#14298,.F.);
#14298 = EDGE_CURVE('',#14299,#14291,#14301,.T.);
#14299 = VERTEX_POINT('',#14300);
#14300 = CARTESIAN_POINT('',(1.537,1.098,5.1E-02));
#14301 = LINE('',#14302,#14303);
#14302 = CARTESIAN_POINT('',(1.537,1.098,5.1E-02));
#14303 = VECTOR('',#14304,1.);
#14304 = DIRECTION('',(1.,0.,0.));
#14305 = ORIENTED_EDGE('',*,*,#14306,.F.);
#14306 = EDGE_CURVE('',#14283,#14299,#14307,.T.);
#14307 = LINE('',#14308,#14309);
#14308 = CARTESIAN_POINT('',(1.537,1.098,0.));
#14309 = VECTOR('',#14310,1.);
#14310 = DIRECTION('',(0.,0.,1.));
#14311 = PLANE('',#14312);
#14312 = AXIS2_PLACEMENT_3D('',#14313,#14314,#14315);
#14313 = CARTESIAN_POINT('',(1.537,1.098,0.));
#14314 = DIRECTION('',(0.,-1.,0.));
#14315 = DIRECTION('',(0.,0.,1.));
#14316 = ADVANCED_FACE('',(#14317),#14342,.T.);
#14317 = FACE_BOUND('',#14318,.T.);
#14318 = EDGE_LOOP('',(#14319,#14327,#14335,#14341));
#14319 = ORIENTED_EDGE('',*,*,#14320,.F.);
#14320 = EDGE_CURVE('',#14321,#14281,#14323,.T.);
#14321 = VERTEX_POINT('',#14322);
#14322 = CARTESIAN_POINT('',(2.045,1.402,0.));
#14323 = LINE('',#14324,#14325);
#14324 = CARTESIAN_POINT('',(2.045,1.402,0.));
#14325 = VECTOR('',#14326,1.);
#14326 = DIRECTION('',(0.,-1.,0.));
#14327 = ORIENTED_EDGE('',*,*,#14328,.F.);
#14328 = EDGE_CURVE('',#14329,#14321,#14331,.T.);
#14329 = VERTEX_POINT('',#14330);
#14330 = CARTESIAN_POINT('',(2.045,1.402,5.1E-02));
#14331 = LINE('',#14332,#14333);
#14332 = CARTESIAN_POINT('',(2.045,1.402,5.1E-02));
#14333 = VECTOR('',#14334,1.);
#14334 = DIRECTION('',(0.,0.,-1.));
#14335 = ORIENTED_EDGE('',*,*,#14336,.F.);
#14336 = EDGE_CURVE('',#14291,#14329,#14337,.T.);
#14337 = LINE('',#14338,#14339);
#14338 = CARTESIAN_POINT('',(2.045,1.098,5.1E-02));
#14339 = VECTOR('',#14340,1.);
#14340 = DIRECTION('',(0.,1.,0.));
#14341 = ORIENTED_EDGE('',*,*,#14290,.T.);
#14342 = PLANE('',#14343);
#14343 = AXIS2_PLACEMENT_3D('',#14344,#14345,#14346);
#14344 = CARTESIAN_POINT('',(2.045,1.098,0.));
#14345 = DIRECTION('',(1.,0.,0.));
#14346 = DIRECTION('',(0.,0.,1.));
#14347 = ADVANCED_FACE('',(#14348),#14373,.T.);
#14348 = FACE_BOUND('',#14349,.T.);
#14349 = EDGE_LOOP('',(#14350,#14358,#14366,#14372));
#14350 = ORIENTED_EDGE('',*,*,#14351,.F.);
#14351 = EDGE_CURVE('',#14352,#14321,#14354,.T.);
#14352 = VERTEX_POINT('',#14353);
#14353 = CARTESIAN_POINT('',(1.537,1.402,0.));
#14354 = LINE('',#14355,#14356);
#14355 = CARTESIAN_POINT('',(1.537,1.402,0.));
#14356 = VECTOR('',#14357,1.);
#14357 = DIRECTION('',(1.,0.,0.));
#14358 = ORIENTED_EDGE('',*,*,#14359,.F.);
#14359 = EDGE_CURVE('',#14360,#14352,#14362,.T.);
#14360 = VERTEX_POINT('',#14361);
#14361 = CARTESIAN_POINT('',(1.537,1.402,5.1E-02));
#14362 = LINE('',#14363,#14364);
#14363 = CARTESIAN_POINT('',(1.537,1.402,5.1E-02));
#14364 = VECTOR('',#14365,1.);
#14365 = DIRECTION('',(0.,0.,-1.));
#14366 = ORIENTED_EDGE('',*,*,#14367,.F.);
#14367 = EDGE_CURVE('',#14329,#14360,#14368,.T.);
#14368 = LINE('',#14369,#14370);
#14369 = CARTESIAN_POINT('',(2.045,1.402,5.1E-02));
#14370 = VECTOR('',#14371,1.);
#14371 = DIRECTION('',(-1.,0.,0.));
#14372 = ORIENTED_EDGE('',*,*,#14328,.T.);
#14373 = PLANE('',#14374);
#14374 = AXIS2_PLACEMENT_3D('',#14375,#14376,#14377);
#14375 = CARTESIAN_POINT('',(2.045,1.402,0.));
#14376 = DIRECTION('',(0.,1.,0.));
#14377 = DIRECTION('',(0.,-0.,1.));
#14378 = ADVANCED_FACE('',(#14379),#14395,.T.);
#14379 = FACE_BOUND('',#14380,.T.);
#14380 = EDGE_LOOP('',(#14381,#14387,#14388,#14394));
#14381 = ORIENTED_EDGE('',*,*,#14382,.F.);
#14382 = EDGE_CURVE('',#14283,#14352,#14383,.T.);
#14383 = LINE('',#14384,#14385);
#14384 = CARTESIAN_POINT('',(1.537,1.098,0.));
#14385 = VECTOR('',#14386,1.);
#14386 = DIRECTION('',(0.,1.,0.));
#14387 = ORIENTED_EDGE('',*,*,#14306,.T.);
#14388 = ORIENTED_EDGE('',*,*,#14389,.F.);
#14389 = EDGE_CURVE('',#14360,#14299,#14390,.T.);
#14390 = LINE('',#14391,#14392);
#14391 = CARTESIAN_POINT('',(1.537,1.402,5.1E-02));
#14392 = VECTOR('',#14393,1.);
#14393 = DIRECTION('',(0.,-1.,0.));
#14394 = ORIENTED_EDGE('',*,*,#14359,.T.);
#14395 = PLANE('',#14396);
#14396 = AXIS2_PLACEMENT_3D('',#14397,#14398,#14399);
#14397 = CARTESIAN_POINT('',(1.537,1.402,0.));
#14398 = DIRECTION('',(-1.,0.,0.));
#14399 = DIRECTION('',(0.,0.,1.));
#14400 = ADVANCED_FACE('',(#14401),#14407,.T.);
#14401 = FACE_BOUND('',#14402,.T.);
#14402 = EDGE_LOOP('',(#14403,#14404,#14405,#14406));
#14403 = ORIENTED_EDGE('',*,*,#14351,.T.);
#14404 = ORIENTED_EDGE('',*,*,#14320,.T.);
#14405 = ORIENTED_EDGE('',*,*,#14280,.T.);
#14406 = ORIENTED_EDGE('',*,*,#14382,.T.);
#14407 = PLANE('',#14408);
#14408 = AXIS2_PLACEMENT_3D('',#14409,#14410,#14411);
#14409 = CARTESIAN_POINT('',(1.537,1.402,0.));
#14410 = DIRECTION('',(0.,0.,-1.));
#14411 = DIRECTION('',(0.,1.,0.));
#14412 = ADVANCED_FACE('',(#14413),#14419,.T.);
#14413 = FACE_BOUND('',#14414,.T.);
#14414 = EDGE_LOOP('',(#14415,#14416,#14417,#14418));
#14415 = ORIENTED_EDGE('',*,*,#14298,.T.);
#14416 = ORIENTED_EDGE('',*,*,#14336,.T.);
#14417 = ORIENTED_EDGE('',*,*,#14367,.T.);
#14418 = ORIENTED_EDGE('',*,*,#14389,.T.);
#14419 = PLANE('',#14420);
#14420 = AXIS2_PLACEMENT_3D('',#14421,#14422,#14423);
#14421 = CARTESIAN_POINT('',(1.537,1.098,5.1E-02));
#14422 = DIRECTION('',(0.,0.,1.));
#14423 = DIRECTION('',(0.,1.,0.));
#14424 = ( GEOMETRIC_REPRESENTATION_CONTEXT(3) 
GLOBAL_UNCERTAINTY_ASSIGNED_CONTEXT((#14428)) 
GLOBAL_UNIT_ASSIGNED_CONTEXT((#14425,#14426,#14427)) 
REPRESENTATION_CONTEXT('Context #1',
  '3D Context with UNIT and UNCERTAINTY') );
#14425 = ( LENGTH_UNIT() NAMED_UNIT(*) SI_UNIT(.MILLI.,.METRE.) );
#14426 = ( NAMED_UNIT(*) PLANE_ANGLE_UNIT() SI_UNIT($,.RADIAN.) );
#14427 = ( NAMED_UNIT(*) SI_UNIT($,.STERADIAN.) SOLID_ANGLE_UNIT() );
#14428 = UNCERTAINTY_MEASURE_WITH_UNIT(LENGTH_MEASURE(1.E-07),#14425,
  'distance_accuracy_value','confusion accuracy');
#14429 = CONTEXT_DEPENDENT_SHAPE_REPRESENTATION(#14430,#14432);
#14430 = ( REPRESENTATION_RELATIONSHIP('','',#14273,#10510) 
REPRESENTATION_RELATIONSHIP_WITH_TRANSFORMATION(#14431) 
SHAPE_REPRESENTATION_RELATIONSHIP() );
#14431 = ITEM_DEFINED_TRANSFORMATION('','',#11,#10599);
#14432 = PRODUCT_DEFINITION_SHAPE('Placement','Placement of an item',
  #14433);
#14433 = NEXT_ASSEMBLY_USAGE_OCCURRENCE('49','=>[0:1:1:23]','',#10505,
  #14268,$);
#14434 = PRODUCT_RELATED_PRODUCT_CATEGORY('part',$,(#14270));
#14435 = SHAPE_DEFINITION_REPRESENTATION(#14436,#14442);
#14436 = PRODUCT_DEFINITION_SHAPE('','',#14437);
#14437 = PRODUCT_DEFINITION('design','',#14438,#14441);
#14438 = PRODUCT_DEFINITION_FORMATION('','',#14439);
#14439 = PRODUCT('part023','part023','',(#14440));
#14440 = PRODUCT_CONTEXT('',#2,'mechanical');
#14441 = PRODUCT_DEFINITION_CONTEXT('part definition',#2,'design');
#14442 = ADVANCED_BREP_SHAPE_REPRESENTATION('',(#11,#14443),#14593);
#14443 = MANIFOLD_SOLID_BREP('',#14444);
#14444 = CLOSED_SHELL('',(#14445,#14485,#14516,#14547,#14569,#14581));
#14445 = ADVANCED_FACE('',(#14446),#14480,.T.);
#14446 = FACE_BOUND('',#14447,.T.);
#14447 = EDGE_LOOP('',(#14448,#14458,#14466,#14474));
#14448 = ORIENTED_EDGE('',*,*,#14449,.F.);
#14449 = EDGE_CURVE('',#14450,#14452,#14454,.T.);
#14450 = VERTEX_POINT('',#14451);
#14451 = CARTESIAN_POINT('',(2.045,1.598,0.));
#14452 = VERTEX_POINT('',#14453);
#14453 = CARTESIAN_POINT('',(1.537,1.598,0.));
#14454 = LINE('',#14455,#14456);
#14455 = CARTESIAN_POINT('',(2.045,1.598,0.));
#14456 = VECTOR('',#14457,1.);
#14457 = DIRECTION('',(-1.,0.,0.));
#14458 = ORIENTED_EDGE('',*,*,#14459,.F.);
#14459 = EDGE_CURVE('',#14460,#14450,#14462,.T.);
#14460 = VERTEX_POINT('',#14461);
#14461 = CARTESIAN_POINT('',(2.045,1.598,5.1E-02));
#14462 = LINE('',#14463,#14464);
#14463 = CARTESIAN_POINT('',(2.045,1.598,5.1E-02));
#14464 = VECTOR('',#14465,1.);
#14465 = DIRECTION('',(0.,0.,-1.));
#14466 = ORIENTED_EDGE('',*,*,#14467,.F.);
#14467 = EDGE_CURVE('',#14468,#14460,#14470,.T.);
#14468 = VERTEX_POINT('',#14469);
#14469 = CARTESIAN_POINT('',(1.537,1.598,5.1E-02));
#14470 = LINE('',#14471,#14472);
#14471 = CARTESIAN_POINT('',(1.537,1.598,5.1E-02));
#14472 = VECTOR('',#14473,1.);
#14473 = DIRECTION('',(1.,0.,0.));
#14474 = ORIENTED_EDGE('',*,*,#14475,.F.);
#14475 = EDGE_CURVE('',#14452,#14468,#14476,.T.);
#14476 = LINE('',#14477,#14478);
#14477 = CARTESIAN_POINT('',(1.537,1.598,0.));
#14478 = VECTOR('',#14479,1.);
#14479 = DIRECTION('',(0.,0.,1.));
#14480 = PLANE('',#14481);
#14481 = AXIS2_PLACEMENT_3D('',#14482,#14483,#14484);
#14482 = CARTESIAN_POINT('',(1.537,1.598,0.));
#14483 = DIRECTION('',(0.,-1.,0.));
#14484 = DIRECTION('',(0.,0.,1.));
#14485 = ADVANCED_FACE('',(#14486),#14511,.T.);
#14486 = FACE_BOUND('',#14487,.T.);
#14487 = EDGE_LOOP('',(#14488,#14496,#14504,#14510));
#14488 = ORIENTED_EDGE('',*,*,#14489,.F.);
#14489 = EDGE_CURVE('',#14490,#14450,#14492,.T.);
#14490 = VERTEX_POINT('',#14491);
#14491 = CARTESIAN_POINT('',(2.045,1.902,0.));
#14492 = LINE('',#14493,#14494);
#14493 = CARTESIAN_POINT('',(2.045,1.902,0.));
#14494 = VECTOR('',#14495,1.);
#14495 = DIRECTION('',(0.,-1.,0.));
#14496 = ORIENTED_EDGE('',*,*,#14497,.F.);
#14497 = EDGE_CURVE('',#14498,#14490,#14500,.T.);
#14498 = VERTEX_POINT('',#14499);
#14499 = CARTESIAN_POINT('',(2.045,1.902,5.1E-02));
#14500 = LINE('',#14501,#14502);
#14501 = CARTESIAN_POINT('',(2.045,1.902,5.1E-02));
#14502 = VECTOR('',#14503,1.);
#14503 = DIRECTION('',(0.,0.,-1.));
#14504 = ORIENTED_EDGE('',*,*,#14505,.F.);
#14505 = EDGE_CURVE('',#14460,#14498,#14506,.T.);
#14506 = LINE('',#14507,#14508);
#14507 = CARTESIAN_POINT('',(2.045,1.598,5.1E-02));
#14508 = VECTOR('',#14509,1.);
#14509 = DIRECTION('',(0.,1.,0.));
#14510 = ORIENTED_EDGE('',*,*,#14459,.T.);
#14511 = PLANE('',#14512);
#14512 = AXIS2_PLACEMENT_3D('',#14513,#14514,#14515);
#14513 = CARTESIAN_POINT('',(2.045,1.598,0.));
#14514 = DIRECTION('',(1.,0.,0.));
#14515 = DIRECTION('',(0.,0.,1.));
#14516 = ADVANCED_FACE('',(#14517),#14542,.T.);
#14517 = FACE_BOUND('',#14518,.T.);
#14518 = EDGE_LOOP('',(#14519,#14527,#14535,#14541));
#14519 = ORIENTED_EDGE('',*,*,#14520,.F.);
#14520 = EDGE_CURVE('',#14521,#14490,#14523,.T.);
#14521 = VERTEX_POINT('',#14522);
#14522 = CARTESIAN_POINT('',(1.537,1.902,0.));
#14523 = LINE('',#14524,#14525);
#14524 = CARTESIAN_POINT('',(1.537,1.902,0.));
#14525 = VECTOR('',#14526,1.);
#14526 = DIRECTION('',(1.,0.,0.));
#14527 = ORIENTED_EDGE('',*,*,#14528,.F.);
#14528 = EDGE_CURVE('',#14529,#14521,#14531,.T.);
#14529 = VERTEX_POINT('',#14530);
#14530 = CARTESIAN_POINT('',(1.537,1.902,5.1E-02));
#14531 = LINE('',#14532,#14533);
#14532 = CARTESIAN_POINT('',(1.537,1.902,5.1E-02));
#14533 = VECTOR('',#14534,1.);
#14534 = DIRECTION('',(0.,0.,-1.));
#14535 = ORIENTED_EDGE('',*,*,#14536,.F.);
#14536 = EDGE_CURVE('',#14498,#14529,#14537,.T.);
#14537 = LINE('',#14538,#14539);
#14538 = CARTESIAN_POINT('',(2.045,1.902,5.1E-02));
#14539 = VECTOR('',#14540,1.);
#14540 = DIRECTION('',(-1.,0.,0.));
#14541 = ORIENTED_EDGE('',*,*,#14497,.T.);
#14542 = PLANE('',#14543);
#14543 = AXIS2_PLACEMENT_3D('',#14544,#14545,#14546);
#14544 = CARTESIAN_POINT('',(2.045,1.902,0.));
#14545 = DIRECTION('',(0.,1.,0.));
#14546 = DIRECTION('',(0.,-0.,1.));
#14547 = ADVANCED_FACE('',(#14548),#14564,.T.);
#14548 = FACE_BOUND('',#14549,.T.);
#14549 = EDGE_LOOP('',(#14550,#14556,#14557,#14563));
#14550 = ORIENTED_EDGE('',*,*,#14551,.F.);
#14551 = EDGE_CURVE('',#14452,#14521,#14552,.T.);
#14552 = LINE('',#14553,#14554);
#14553 = CARTESIAN_POINT('',(1.537,1.598,0.));
#14554 = VECTOR('',#14555,1.);
#14555 = DIRECTION('',(0.,1.,0.));
#14556 = ORIENTED_EDGE('',*,*,#14475,.T.);
#14557 = ORIENTED_EDGE('',*,*,#14558,.F.);
#14558 = EDGE_CURVE('',#14529,#14468,#14559,.T.);
#14559 = LINE('',#14560,#14561);
#14560 = CARTESIAN_POINT('',(1.537,1.902,5.1E-02));
#14561 = VECTOR('',#14562,1.);
#14562 = DIRECTION('',(0.,-1.,0.));
#14563 = ORIENTED_EDGE('',*,*,#14528,.T.);
#14564 = PLANE('',#14565);
#14565 = AXIS2_PLACEMENT_3D('',#14566,#14567,#14568);
#14566 = CARTESIAN_POINT('',(1.537,1.902,0.));
#14567 = DIRECTION('',(-1.,0.,0.));
#14568 = DIRECTION('',(0.,0.,1.));
#14569 = ADVANCED_FACE('',(#14570),#14576,.T.);
#14570 = FACE_BOUND('',#14571,.T.);
#14571 = EDGE_LOOP('',(#14572,#14573,#14574,#14575));
#14572 = ORIENTED_EDGE('',*,*,#14520,.T.);
#14573 = ORIENTED_EDGE('',*,*,#14489,.T.);
#14574 = ORIENTED_EDGE('',*,*,#14449,.T.);
#14575 = ORIENTED_EDGE('',*,*,#14551,.T.);
#14576 = PLANE('',#14577);
#14577 = AXIS2_PLACEMENT_3D('',#14578,#14579,#14580);
#14578 = CARTESIAN_POINT('',(1.537,1.902,0.));
#14579 = DIRECTION('',(0.,0.,-1.));
#14580 = DIRECTION('',(0.,1.,0.));
#14581 = ADVANCED_FACE('',(#14582),#14588,.T.);
#14582 = FACE_BOUND('',#14583,.T.);
#14583 = EDGE_LOOP('',(#14584,#14585,#14586,#14587));
#14584 = ORIENTED_EDGE('',*,*,#14467,.T.);
#14585 = ORIENTED_EDGE('',*,*,#14505,.T.);
#14586 = ORIENTED_EDGE('',*,*,#14536,.T.);
#14587 = ORIENTED_EDGE('',*,*,#14558,.T.);
#14588 = PLANE('',#14589);
#14589 = AXIS2_PLACEMENT_3D('',#14590,#14591,#14592);
#14590 = CARTESIAN_POINT('',(1.537,1.598,5.1E-02));
#14591 = DIRECTION('',(0.,0.,1.));
#14592 = DIRECTION('',(0.,1.,0.));
#14593 = ( GEOMETRIC_REPRESENTATION_CONTEXT(3) 
GLOBAL_UNCERTAINTY_ASSIGNED_CONTEXT((#14597)) 
GLOBAL_UNIT_ASSIGNED_CONTEXT((#14594,#14595,#14596)) 
REPRESENTATION_CONTEXT('Context #1',
  '3D Context with UNIT and UNCERTAINTY') );
#14594 = ( LENGTH_UNIT() NAMED_UNIT(*) SI_UNIT(.MILLI.,.METRE.) );
#14595 = ( NAMED_UNIT(*) PLANE_ANGLE_UNIT() SI_UNIT($,.RADIAN.) );
#14596 = ( NAMED_UNIT(*) SI_UNIT($,.STERADIAN.) SOLID_ANGLE_UNIT() );
#14597 = UNCERTAINTY_MEASURE_WITH_UNIT(LENGTH_MEASURE(1.E-07),#14594,
  'distance_accuracy_value','confusion accuracy');
#14598 = CONTEXT_DEPENDENT_SHAPE_REPRESENTATION(#14599,#14601);
#14599 = ( REPRESENTATION_RELATIONSHIP('','',#14442,#10510) 
REPRESENTATION_RELATIONSHIP_WITH_TRANSFORMATION(#14600) 
SHAPE_REPRESENTATION_RELATIONSHIP() );
#14600 = ITEM_DEFINED_TRANSFORMATION('','',#11,#10603);
#14601 = PRODUCT_DEFINITION_SHAPE('Placement','Placement of an item',
  #14602);
#14602 = NEXT_ASSEMBLY_USAGE_OCCURRENCE('50','=>[0:1:1:24]','',#10505,
  #14437,$);
#14603 = PRODUCT_RELATED_PRODUCT_CATEGORY('part',$,(#14439));
#14604 = SHAPE_DEFINITION_REPRESENTATION(#14605,#14611);
#14605 = PRODUCT_DEFINITION_SHAPE('','',#14606);
#14606 = PRODUCT_DEFINITION('design','',#14607,#14610);
#14607 = PRODUCT_DEFINITION_FORMATION('','',#14608);
#14608 = PRODUCT('part024','part024','',(#14609));
#14609 = PRODUCT_CONTEXT('',#2,'mechanical');
#14610 = PRODUCT_DEFINITION_CONTEXT('part definition',#2,'design');
#14611 = ADVANCED_BREP_SHAPE_REPRESENTATION('',(#11,#14612),#14762);
#14612 = MANIFOLD_SOLID_BREP('',#14613);
#14613 = CLOSED_SHELL('',(#14614,#14654,#14685,#14716,#14738,#14750));
#14614 = ADVANCED_FACE('',(#14615),#14649,.T.);
#14615 = FACE_BOUND('',#14616,.T.);
#14616 = EDGE_LOOP('',(#14617,#14627,#14635,#14643));
#14617 = ORIENTED_EDGE('',*,*,#14618,.F.);
#14618 = EDGE_CURVE('',#14619,#14621,#14623,.T.);
#14619 = VERTEX_POINT('',#14620);
#14620 = CARTESIAN_POINT('',(1.402,2.045,0.));
#14621 = VERTEX_POINT('',#14622);
#14622 = CARTESIAN_POINT('',(1.098,2.045,0.));
#14623 = LINE('',#14624,#14625);
#14624 = CARTESIAN_POINT('',(1.402,2.045,0.));
#14625 = VECTOR('',#14626,1.);
#14626 = DIRECTION('',(-1.,0.,0.));
#14627 = ORIENTED_EDGE('',*,*,#14628,.F.);
#14628 = EDGE_CURVE('',#14629,#14619,#14631,.T.);
#14629 = VERTEX_POINT('',#14630);
#14630 = CARTESIAN_POINT('',(1.402,2.045,5.1E-02));
#14631 = LINE('',#14632,#14633);
#14632 = CARTESIAN_POINT('',(1.402,2.045,5.1E-02));
#14633 = VECTOR('',#14634,1.);
#14634 = DIRECTION('',(0.,0.,-1.));
#14635 = ORIENTED_EDGE('',*,*,#14636,.F.);
#14636 = EDGE_CURVE('',#14637,#14629,#14639,.T.);
#14637 = VERTEX_POINT('',#14638);
#14638 = CARTESIAN_POINT('',(1.098,2.045,5.1E-02));
#14639 = LINE('',#14640,#14641);
#14640 = CARTESIAN_POINT('',(1.098,2.045,5.1E-02));
#14641 = VECTOR('',#14642,1.);
#14642 = DIRECTION('',(1.,0.,0.));
#14643 = ORIENTED_EDGE('',*,*,#14644,.F.);
#14644 = EDGE_CURVE('',#14621,#14637,#14645,.T.);
#14645 = LINE('',#14646,#14647);
#14646 = CARTESIAN_POINT('',(1.098,2.045,0.));
#14647 = VECTOR('',#14648,1.);
#14648 = DIRECTION('',(0.,0.,1.));
#14649 = PLANE('',#14650);
#14650 = AXIS2_PLACEMENT_3D('',#14651,#14652,#14653);
#14651 = CARTESIAN_POINT('',(1.098,2.045,0.));
#14652 = DIRECTION('',(0.,-1.,0.));
#14653 = DIRECTION('',(0.,0.,1.));
#14654 = ADVANCED_FACE('',(#14655),#14680,.T.);
#14655 = FACE_BOUND('',#14656,.T.);
#14656 = EDGE_LOOP('',(#14657,#14665,#14673,#14679));
#14657 = ORIENTED_EDGE('',*,*,#14658,.F.);
#14658 = EDGE_CURVE('',#14659,#14619,#14661,.T.);
#14659 = VERTEX_POINT('',#14660);
#14660 = CARTESIAN_POINT('',(1.402,2.553,0.));
#14661 = LINE('',#14662,#14663);
#14662 = CARTESIAN_POINT('',(1.402,2.553,0.));
#14663 = VECTOR('',#14664,1.);
#14664 = DIRECTION('',(0.,-1.,0.));
#14665 = ORIENTED_EDGE('',*,*,#14666,.F.);
#14666 = EDGE_CURVE('',#14667,#14659,#14669,.T.);
#14667 = VERTEX_POINT('',#14668);
#14668 = CARTESIAN_POINT('',(1.402,2.553,5.1E-02));
#14669 = LINE('',#14670,#14671);
#14670 = CARTESIAN_POINT('',(1.402,2.553,5.1E-02));
#14671 = VECTOR('',#14672,1.);
#14672 = DIRECTION('',(0.,0.,-1.));
#14673 = ORIENTED_EDGE('',*,*,#14674,.F.);
#14674 = EDGE_CURVE('',#14629,#14667,#14675,.T.);
#14675 = LINE('',#14676,#14677);
#14676 = CARTESIAN_POINT('',(1.402,2.045,5.1E-02));
#14677 = VECTOR('',#14678,1.);
#14678 = DIRECTION('',(0.,1.,0.));
#14679 = ORIENTED_EDGE('',*,*,#14628,.T.);
#14680 = PLANE('',#14681);
#14681 = AXIS2_PLACEMENT_3D('',#14682,#14683,#14684);
#14682 = CARTESIAN_POINT('',(1.402,2.045,0.));
#14683 = DIRECTION('',(1.,0.,0.));
#14684 = DIRECTION('',(0.,0.,1.));
#14685 = ADVANCED_FACE('',(#14686),#14711,.T.);
#14686 = FACE_BOUND('',#14687,.T.);
#14687 = EDGE_LOOP('',(#14688,#14696,#14704,#14710));
#14688 = ORIENTED_EDGE('',*,*,#14689,.F.);
#14689 = EDGE_CURVE('',#14690,#14659,#14692,.T.);
#14690 = VERTEX_POINT('',#14691);
#14691 = CARTESIAN_POINT('',(1.098,2.553,0.));
#14692 = LINE('',#14693,#14694);
#14693 = CARTESIAN_POINT('',(1.098,2.553,0.));
#14694 = VECTOR('',#14695,1.);
#14695 = DIRECTION('',(1.,0.,0.));
#14696 = ORIENTED_EDGE('',*,*,#14697,.F.);
#14697 = EDGE_CURVE('',#14698,#14690,#14700,.T.);
#14698 = VERTEX_POINT('',#14699);
#14699 = CARTESIAN_POINT('',(1.098,2.553,5.1E-02));
#14700 = LINE('',#14701,#14702);
#14701 = CARTESIAN_POINT('',(1.098,2.553,5.1E-02));
#14702 = VECTOR('',#14703,1.);
#14703 = DIRECTION('',(0.,0.,-1.));
#14704 = ORIENTED_EDGE('',*,*,#14705,.F.);
#14705 = EDGE_CURVE('',#14667,#14698,#14706,.T.);
#14706 = LINE('',#14707,#14708);
#14707 = CARTESIAN_POINT('',(1.402,2.553,5.1E-02));
#14708 = VECTOR('',#14709,1.);
#14709 = DIRECTION('',(-1.,0.,0.));
#14710 = ORIENTED_EDGE('',*,*,#14666,.T.);
#14711 = PLANE('',#14712);
#14712 = AXIS2_PLACEMENT_3D('',#14713,#14714,#14715);
#14713 = CARTESIAN_POINT('',(1.402,2.553,0.));
#14714 = DIRECTION('',(0.,1.,0.));
#14715 = DIRECTION('',(0.,-0.,1.));
#14716 = ADVANCED_FACE('',(#14717),#14733,.T.);
#14717 = FACE_BOUND('',#14718,.T.);
#14718 = EDGE_LOOP('',(#14719,#14725,#14726,#14732));
#14719 = ORIENTED_EDGE('',*,*,#14720,.F.);
#14720 = EDGE_CURVE('',#14621,#14690,#14721,.T.);
#14721 = LINE('',#14722,#14723);
#14722 = CARTESIAN_POINT('',(1.098,2.045,0.));
#14723 = VECTOR('',#14724,1.);
#14724 = DIRECTION('',(0.,1.,0.));
#14725 = ORIENTED_EDGE('',*,*,#14644,.T.);
#14726 = ORIENTED_EDGE('',*,*,#14727,.F.);
#14727 = EDGE_CURVE('',#14698,#14637,#14728,.T.);
#14728 = LINE('',#14729,#14730);
#14729 = CARTESIAN_POINT('',(1.098,2.553,5.1E-02));
#14730 = VECTOR('',#14731,1.);
#14731 = DIRECTION('',(0.,-1.,0.));
#14732 = ORIENTED_EDGE('',*,*,#14697,.T.);
#14733 = PLANE('',#14734);
#14734 = AXIS2_PLACEMENT_3D('',#14735,#14736,#14737);
#14735 = CARTESIAN_POINT('',(1.098,2.553,0.));
#14736 = DIRECTION('',(-1.,0.,0.));
#14737 = DIRECTION('',(0.,0.,1.));
#14738 = ADVANCED_FACE('',(#14739),#14745,.T.);
#14739 = FACE_BOUND('',#14740,.T.);
#14740 = EDGE_LOOP('',(#14741,#14742,#14743,#14744));
#14741 = ORIENTED_EDGE('',*,*,#14689,.T.);
#14742 = ORIENTED_EDGE('',*,*,#14658,.T.);
#14743 = ORIENTED_EDGE('',*,*,#14618,.T.);
#14744 = ORIENTED_EDGE('',*,*,#14720,.T.);
#14745 = PLANE('',#14746);
#14746 = AXIS2_PLACEMENT_3D('',#14747,#14748,#14749);
#14747 = CARTESIAN_POINT('',(1.098,2.553,0.));
#14748 = DIRECTION('',(0.,0.,-1.));
#14749 = DIRECTION('',(0.,1.,0.));
#14750 = ADVANCED_FACE('',(#14751),#14757,.T.);
#14751 = FACE_BOUND('',#14752,.T.);
#14752 = EDGE_LOOP('',(#14753,#14754,#14755,#14756));
#14753 = ORIENTED_EDGE('',*,*,#14636,.T.);
#14754 = ORIENTED_EDGE('',*,*,#14674,.T.);
#14755 = ORIENTED_EDGE('',*,*,#14705,.T.);
#14756 = ORIENTED_EDGE('',*,*,#14727,.T.);
#14757 = PLANE('',#14758);
#14758 = AXIS2_PLACEMENT_3D('',#14759,#14760,#14761);
#14759 = CARTESIAN_POINT('',(1.098,2.045,5.1E-02));
#14760 = DIRECTION('',(0.,0.,1.));
#14761 = DIRECTION('',(0.,1.,0.));
#14762 = ( GEOMETRIC_REPRESENTATION_CONTEXT(3) 
GLOBAL_UNCERTAINTY_ASSIGNED_CONTEXT((#14766)) 
GLOBAL_UNIT_ASSIGNED_CONTEXT((#14763,#14764,#14765)) 
REPRESENTATION_CONTEXT('Context #1',
  '3D Context with UNIT and UNCERTAINTY') );
#14763 = ( LENGTH_UNIT() NAMED_UNIT(*) SI_UNIT(.MILLI.,.METRE.) );
#14764 = ( NAMED_UNIT(*) PLANE_ANGLE_UNIT() SI_UNIT($,.RADIAN.) );
#14765 = ( NAMED_UNIT(*) SI_UNIT($,.STERADIAN.) SOLID_ANGLE_UNIT() );
#14766 = UNCERTAINTY_MEASURE_WITH_UNIT(LENGTH_MEASURE(1.E-07),#14763,
  'distance_accuracy_value','confusion accuracy');
#14767 = CONTEXT_DEPENDENT_SHAPE_REPRESENTATION(#14768,#14770);
#14768 = ( REPRESENTATION_RELATIONSHIP('','',#14611,#10510) 
REPRESENTATION_RELATIONSHIP_WITH_TRANSFORMATION(#14769) 
SHAPE_REPRESENTATION_RELATIONSHIP() );
#14769 = ITEM_DEFINED_TRANSFORMATION('','',#11,#10607);
#14770 = PRODUCT_DEFINITION_SHAPE('Placement','Placement of an item',
  #14771);
#14771 = NEXT_ASSEMBLY_USAGE_OCCURRENCE('51','=>[0:1:1:25]','',#10505,
  #14606,$);
#14772 = PRODUCT_RELATED_PRODUCT_CATEGORY('part',$,(#14608));
#14773 = SHAPE_DEFINITION_REPRESENTATION(#14774,#14780);
#14774 = PRODUCT_DEFINITION_SHAPE('','',#14775);
#14775 = PRODUCT_DEFINITION('design','',#14776,#14779);
#14776 = PRODUCT_DEFINITION_FORMATION('','',#14777);
#14777 = PRODUCT('part025','part025','',(#14778));
#14778 = PRODUCT_CONTEXT('',#2,'mechanical');
#14779 = PRODUCT_DEFINITION_CONTEXT('part definition',#2,'design');
#14780 = ADVANCED_BREP_SHAPE_REPRESENTATION('',(#11,#14781),#14931);
#14781 = MANIFOLD_SOLID_BREP('',#14782);
#14782 = CLOSED_SHELL('',(#14783,#14823,#14854,#14885,#14907,#14919));
#14783 = ADVANCED_FACE('',(#14784),#14818,.T.);
#14784 = FACE_BOUND('',#14785,.T.);
#14785 = EDGE_LOOP('',(#14786,#14796,#14804,#14812));
#14786 = ORIENTED_EDGE('',*,*,#14787,.F.);
#14787 = EDGE_CURVE('',#14788,#14790,#14792,.T.);
#14788 = VERTEX_POINT('',#14789);
#14789 = CARTESIAN_POINT('',(0.902,2.045,0.));
#14790 = VERTEX_POINT('',#14791);
#14791 = CARTESIAN_POINT('',(0.598,2.045,0.));
#14792 = LINE('',#14793,#14794);
#14793 = CARTESIAN_POINT('',(0.902,2.045,0.));
#14794 = VECTOR('',#14795,1.);
#14795 = DIRECTION('',(-1.,0.,0.));
#14796 = ORIENTED_EDGE('',*,*,#14797,.F.);
#14797 = EDGE_CURVE('',#14798,#14788,#14800,.T.);
#14798 = VERTEX_POINT('',#14799);
#14799 = CARTESIAN_POINT('',(0.902,2.045,5.1E-02));
#14800 = LINE('',#14801,#14802);
#14801 = CARTESIAN_POINT('',(0.902,2.045,5.1E-02));
#14802 = VECTOR('',#14803,1.);
#14803 = DIRECTION('',(0.,0.,-1.));
#14804 = ORIENTED_EDGE('',*,*,#14805,.F.);
#14805 = EDGE_CURVE('',#14806,#14798,#14808,.T.);
#14806 = VERTEX_POINT('',#14807);
#14807 = CARTESIAN_POINT('',(0.598,2.045,5.1E-02));
#14808 = LINE('',#14809,#14810);
#14809 = CARTESIAN_POINT('',(0.598,2.045,5.1E-02));
#14810 = VECTOR('',#14811,1.);
#14811 = DIRECTION('',(1.,0.,0.));
#14812 = ORIENTED_EDGE('',*,*,#14813,.F.);
#14813 = EDGE_CURVE('',#14790,#14806,#14814,.T.);
#14814 = LINE('',#14815,#14816);
#14815 = CARTESIAN_POINT('',(0.598,2.045,0.));
#14816 = VECTOR('',#14817,1.);
#14817 = DIRECTION('',(0.,0.,1.));
#14818 = PLANE('',#14819);
#14819 = AXIS2_PLACEMENT_3D('',#14820,#14821,#14822);
#14820 = CARTESIAN_POINT('',(0.598,2.045,0.));
#14821 = DIRECTION('',(0.,-1.,0.));
#14822 = DIRECTION('',(0.,0.,1.));
#14823 = ADVANCED_FACE('',(#14824),#14849,.T.);
#14824 = FACE_BOUND('',#14825,.T.);
#14825 = EDGE_LOOP('',(#14826,#14834,#14842,#14848));
#14826 = ORIENTED_EDGE('',*,*,#14827,.F.);
#14827 = EDGE_CURVE('',#14828,#14788,#14830,.T.);
#14828 = VERTEX_POINT('',#14829);
#14829 = CARTESIAN_POINT('',(0.902,2.553,0.));
#14830 = LINE('',#14831,#14832);
#14831 = CARTESIAN_POINT('',(0.902,2.553,0.));
#14832 = VECTOR('',#14833,1.);
#14833 = DIRECTION('',(0.,-1.,0.));
#14834 = ORIENTED_EDGE('',*,*,#14835,.F.);
#14835 = EDGE_CURVE('',#14836,#14828,#14838,.T.);
#14836 = VERTEX_POINT('',#14837);
#14837 = CARTESIAN_POINT('',(0.902,2.553,5.1E-02));
#14838 = LINE('',#14839,#14840);
#14839 = CARTESIAN_POINT('',(0.902,2.553,5.1E-02));
#14840 = VECTOR('',#14841,1.);
#14841 = DIRECTION('',(0.,0.,-1.));
#14842 = ORIENTED_EDGE('',*,*,#14843,.F.);
#14843 = EDGE_CURVE('',#14798,#14836,#14844,.T.);
#14844 = LINE('',#14845,#14846);
#14845 = CARTESIAN_POINT('',(0.902,2.045,5.1E-02));
#14846 = VECTOR('',#14847,1.);
#14847 = DIRECTION('',(0.,1.,0.));
#14848 = ORIENTED_EDGE('',*,*,#14797,.T.);
#14849 = PLANE('',#14850);
#14850 = AXIS2_PLACEMENT_3D('',#14851,#14852,#14853);
#14851 = CARTESIAN_POINT('',(0.902,2.045,0.));
#14852 = DIRECTION('',(1.,0.,0.));
#14853 = DIRECTION('',(0.,0.,1.));
#14854 = ADVANCED_FACE('',(#14855),#14880,.T.);
#14855 = FACE_BOUND('',#14856,.T.);
#14856 = EDGE_LOOP('',(#14857,#14865,#14873,#14879));
#14857 = ORIENTED_EDGE('',*,*,#14858,.F.);
#14858 = EDGE_CURVE('',#14859,#14828,#14861,.T.);
#14859 = VERTEX_POINT('',#14860);
#14860 = CARTESIAN_POINT('',(0.598,2.553,0.));
#14861 = LINE('',#14862,#14863);
#14862 = CARTESIAN_POINT('',(0.598,2.553,0.));
#14863 = VECTOR('',#14864,1.);
#14864 = DIRECTION('',(1.,0.,0.));
#14865 = ORIENTED_EDGE('',*,*,#14866,.F.);
#14866 = EDGE_CURVE('',#14867,#14859,#14869,.T.);
#14867 = VERTEX_POINT('',#14868);
#14868 = CARTESIAN_POINT('',(0.598,2.553,5.1E-02));
#14869 = LINE('',#14870,#14871);
#14870 = CARTESIAN_POINT('',(0.598,2.553,5.1E-02));
#14871 = VECTOR('',#14872,1.);
#14872 = DIRECTION('',(0.,0.,-1.));
#14873 = ORIENTED_EDGE('',*,*,#14874,.F.);
#14874 = EDGE_CURVE('',#14836,#14867,#14875,.T.);
#14875 = LINE('',#14876,#14877);
#14876 = CARTESIAN_POINT('',(0.902,2.553,5.1E-02));
#14877 = VECTOR('',#14878,1.);
#14878 = DIRECTION('',(-1.,0.,0.));
#14879 = ORIENTED_EDGE('',*,*,#14835,.T.);
#14880 = PLANE('',#14881);
#14881 = AXIS2_PLACEMENT_3D('',#14882,#14883,#14884);
#14882 = CARTESIAN_POINT('',(0.902,2.553,0.));
#14883 = DIRECTION('',(0.,1.,0.));
#14884 = DIRECTION('',(0.,-0.,1.));
#14885 = ADVANCED_FACE('',(#14886),#14902,.T.);
#14886 = FACE_BOUND('',#14887,.T.);
#14887 = EDGE_LOOP('',(#14888,#14894,#14895,#14901));
#14888 = ORIENTED_EDGE('',*,*,#14889,.F.);
#14889 = EDGE_CURVE('',#14790,#14859,#14890,.T.);
#14890 = LINE('',#14891,#14892);
#14891 = CARTESIAN_POINT('',(0.598,2.045,0.));
#14892 = VECTOR('',#14893,1.);
#14893 = DIRECTION('',(0.,1.,0.));
#14894 = ORIENTED_EDGE('',*,*,#14813,.T.);
#14895 = ORIENTED_EDGE('',*,*,#14896,.F.);
#14896 = EDGE_CURVE('',#14867,#14806,#14897,.T.);
#14897 = LINE('',#14898,#14899);
#14898 = CARTESIAN_POINT('',(0.598,2.553,5.1E-02));
#14899 = VECTOR('',#14900,1.);
#14900 = DIRECTION('',(0.,-1.,0.));
#14901 = ORIENTED_EDGE('',*,*,#14866,.T.);
#14902 = PLANE('',#14903);
#14903 = AXIS2_PLACEMENT_3D('',#14904,#14905,#14906);
#14904 = CARTESIAN_POINT('',(0.598,2.553,0.));
#14905 = DIRECTION('',(-1.,0.,0.));
#14906 = DIRECTION('',(0.,0.,1.));
#14907 = ADVANCED_FACE('',(#14908),#14914,.T.);
#14908 = FACE_BOUND('',#14909,.T.);
#14909 = EDGE_LOOP('',(#14910,#14911,#14912,#14913));
#14910 = ORIENTED_EDGE('',*,*,#14858,.T.);
#14911 = ORIENTED_EDGE('',*,*,#14827,.T.);
#14912 = ORIENTED_EDGE('',*,*,#14787,.T.);
#14913 = ORIENTED_EDGE('',*,*,#14889,.T.);
#14914 = PLANE('',#14915);
#14915 = AXIS2_PLACEMENT_3D('',#14916,#14917,#14918);
#14916 = CARTESIAN_POINT('',(0.598,2.553,0.));
#14917 = DIRECTION('',(0.,0.,-1.));
#14918 = DIRECTION('',(0.,1.,0.));
#14919 = ADVANCED_FACE('',(#14920),#14926,.T.);
#14920 = FACE_BOUND('',#14921,.T.);
#14921 = EDGE_LOOP('',(#14922,#14923,#14924,#14925));
#14922 = ORIENTED_EDGE('',*,*,#14805,.T.);
#14923 = ORIENTED_EDGE('',*,*,#14843,.T.);
#14924 = ORIENTED_EDGE('',*,*,#14874,.T.);
#14925 = ORIENTED_EDGE('',*,*,#14896,.T.);
#14926 = PLANE('',#14927);
#14927 = AXIS2_PLACEMENT_3D('',#14928,#14929,#14930);
#14928 = CARTESIAN_POINT('',(0.598,2.045,5.1E-02));
#14929 = DIRECTION('',(0.,0.,1.));
#14930 = DIRECTION('',(0.,1.,0.));
#14931 = ( GEOMETRIC_REPRESENTATION_CONTEXT(3) 
GLOBAL_UNCERTAINTY_ASSIGNED_CONTEXT((#14935)) 
GLOBAL_UNIT_ASSIGNED_CONTEXT((#14932,#14933,#14934)) 
REPRESENTATION_CONTEXT('Context #1',
  '3D Context with UNIT and UNCERTAINTY') );
#14932 = ( LENGTH_UNIT() NAMED_UNIT(*) SI_UNIT(.MILLI.,.METRE.) );
#14933 = ( NAMED_UNIT(*) PLANE_ANGLE_UNIT() SI_UNIT($,.RADIAN.) );
#14934 = ( NAMED_UNIT(*) SI_UNIT($,.STERADIAN.) SOLID_ANGLE_UNIT() );
#14935 = UNCERTAINTY_MEASURE_WITH_UNIT(LENGTH_MEASURE(1.E-07),#14932,
  'distance_accuracy_value','confusion accuracy');
#14936 = CONTEXT_DEPENDENT_SHAPE_REPRESENTATION(#14937,#14939);
#14937 = ( REPRESENTATION_RELATIONSHIP('','',#14780,#10510) 
REPRESENTATION_RELATIONSHIP_WITH_TRANSFORMATION(#14938) 
SHAPE_REPRESENTATION_RELATIONSHIP() );
#14938 = ITEM_DEFINED_TRANSFORMATION('','',#11,#10611);
#14939 = PRODUCT_DEFINITION_SHAPE('Placement','Placement of an item',
  #14940);
#14940 = NEXT_ASSEMBLY_USAGE_OCCURRENCE('52','=>[0:1:1:26]','',#10505,
  #14775,$);
#14941 = PRODUCT_RELATED_PRODUCT_CATEGORY('part',$,(#14777));
#14942 = SHAPE_DEFINITION_REPRESENTATION(#14943,#14949);
#14943 = PRODUCT_DEFINITION_SHAPE('','',#14944);
#14944 = PRODUCT_DEFINITION('design','',#14945,#14948);
#14945 = PRODUCT_DEFINITION_FORMATION('','',#14946);
#14946 = PRODUCT('part026','part026','',(#14947));
#14947 = PRODUCT_CONTEXT('',#2,'mechanical');
#14948 = PRODUCT_DEFINITION_CONTEXT('part definition',#2,'design');
#14949 = ADVANCED_BREP_SHAPE_REPRESENTATION('',(#11,#14950),#15100);
#14950 = MANIFOLD_SOLID_BREP('',#14951);
#14951 = CLOSED_SHELL('',(#14952,#14992,#15023,#15054,#15076,#15088));
#14952 = ADVANCED_FACE('',(#14953),#14987,.T.);
#14953 = FACE_BOUND('',#14954,.T.);
#14954 = EDGE_LOOP('',(#14955,#14965,#14973,#14981));
#14955 = ORIENTED_EDGE('',*,*,#14956,.F.);
#14956 = EDGE_CURVE('',#14957,#14959,#14961,.T.);
#14957 = VERTEX_POINT('',#14958);
#14958 = CARTESIAN_POINT('',(0.402,2.045,0.));
#14959 = VERTEX_POINT('',#14960);
#14960 = CARTESIAN_POINT('',(9.8E-02,2.045,0.));
#14961 = LINE('',#14962,#14963);
#14962 = CARTESIAN_POINT('',(0.402,2.045,0.));
#14963 = VECTOR('',#14964,1.);
#14964 = DIRECTION('',(-1.,0.,0.));
#14965 = ORIENTED_EDGE('',*,*,#14966,.F.);
#14966 = EDGE_CURVE('',#14967,#14957,#14969,.T.);
#14967 = VERTEX_POINT('',#14968);
#14968 = CARTESIAN_POINT('',(0.402,2.045,5.1E-02));
#14969 = LINE('',#14970,#14971);
#14970 = CARTESIAN_POINT('',(0.402,2.045,5.1E-02));
#14971 = VECTOR('',#14972,1.);
#14972 = DIRECTION('',(0.,0.,-1.));
#14973 = ORIENTED_EDGE('',*,*,#14974,.F.);
#14974 = EDGE_CURVE('',#14975,#14967,#14977,.T.);
#14975 = VERTEX_POINT('',#14976);
#14976 = CARTESIAN_POINT('',(9.8E-02,2.045,5.1E-02));
#14977 = LINE('',#14978,#14979);
#14978 = CARTESIAN_POINT('',(9.8E-02,2.045,5.1E-02));
#14979 = VECTOR('',#14980,1.);
#14980 = DIRECTION('',(1.,0.,0.));
#14981 = ORIENTED_EDGE('',*,*,#14982,.F.);
#14982 = EDGE_CURVE('',#14959,#14975,#14983,.T.);
#14983 = LINE('',#14984,#14985);
#14984 = CARTESIAN_POINT('',(9.8E-02,2.045,0.));
#14985 = VECTOR('',#14986,1.);
#14986 = DIRECTION('',(0.,0.,1.));
#14987 = PLANE('',#14988);
#14988 = AXIS2_PLACEMENT_3D('',#14989,#14990,#14991);
#14989 = CARTESIAN_POINT('',(9.8E-02,2.045,0.));
#14990 = DIRECTION('',(0.,-1.,0.));
#14991 = DIRECTION('',(0.,0.,1.));
#14992 = ADVANCED_FACE('',(#14993),#15018,.T.);
#14993 = FACE_BOUND('',#14994,.T.);
#14994 = EDGE_LOOP('',(#14995,#15003,#15011,#15017));
#14995 = ORIENTED_EDGE('',*,*,#14996,.F.);
#14996 = EDGE_CURVE('',#14997,#14957,#14999,.T.);
#14997 = VERTEX_POINT('',#14998);
#14998 = CARTESIAN_POINT('',(0.402,2.553,0.));
#14999 = LINE('',#15000,#15001);
#15000 = CARTESIAN_POINT('',(0.402,2.553,0.));
#15001 = VECTOR('',#15002,1.);
#15002 = DIRECTION('',(0.,-1.,0.));
#15003 = ORIENTED_EDGE('',*,*,#15004,.F.);
#15004 = EDGE_CURVE('',#15005,#14997,#15007,.T.);
#15005 = VERTEX_POINT('',#15006);
#15006 = CARTESIAN_POINT('',(0.402,2.553,5.1E-02));
#15007 = LINE('',#15008,#15009);
#15008 = CARTESIAN_POINT('',(0.402,2.553,5.1E-02));
#15009 = VECTOR('',#15010,1.);
#15010 = DIRECTION('',(0.,0.,-1.));
#15011 = ORIENTED_EDGE('',*,*,#15012,.F.);
#15012 = EDGE_CURVE('',#14967,#15005,#15013,.T.);
#15013 = LINE('',#15014,#15015);
#15014 = CARTESIAN_POINT('',(0.402,2.045,5.1E-02));
#15015 = VECTOR('',#15016,1.);
#15016 = DIRECTION('',(0.,1.,0.));
#15017 = ORIENTED_EDGE('',*,*,#14966,.T.);
#15018 = PLANE('',#15019);
#15019 = AXIS2_PLACEMENT_3D('',#15020,#15021,#15022);
#15020 = CARTESIAN_POINT('',(0.402,2.045,0.));
#15021 = DIRECTION('',(1.,0.,0.));
#15022 = DIRECTION('',(0.,0.,1.));
#15023 = ADVANCED_FACE('',(#15024),#15049,.T.);
#15024 = FACE_BOUND('',#15025,.T.);
#15025 = EDGE_LOOP('',(#15026,#15034,#15042,#15048));
#15026 = ORIENTED_EDGE('',*,*,#15027,.F.);
#15027 = EDGE_CURVE('',#15028,#14997,#15030,.T.);
#15028 = VERTEX_POINT('',#15029);
#15029 = CARTESIAN_POINT('',(9.8E-02,2.553,0.));
#15030 = LINE('',#15031,#15032);
#15031 = CARTESIAN_POINT('',(9.8E-02,2.553,0.));
#15032 = VECTOR('',#15033,1.);
#15033 = DIRECTION('',(1.,0.,0.));
#15034 = ORIENTED_EDGE('',*,*,#15035,.F.);
#15035 = EDGE_CURVE('',#15036,#15028,#15038,.T.);
#15036 = VERTEX_POINT('',#15037);
#15037 = CARTESIAN_POINT('',(9.8E-02,2.553,5.1E-02));
#15038 = LINE('',#15039,#15040);
#15039 = CARTESIAN_POINT('',(9.8E-02,2.553,5.1E-02));
#15040 = VECTOR('',#15041,1.);
#15041 = DIRECTION('',(0.,0.,-1.));
#15042 = ORIENTED_EDGE('',*,*,#15043,.F.);
#15043 = EDGE_CURVE('',#15005,#15036,#15044,.T.);
#15044 = LINE('',#15045,#15046);
#15045 = CARTESIAN_POINT('',(0.402,2.553,5.1E-02));
#15046 = VECTOR('',#15047,1.);
#15047 = DIRECTION('',(-1.,0.,0.));
#15048 = ORIENTED_EDGE('',*,*,#15004,.T.);
#15049 = PLANE('',#15050);
#15050 = AXIS2_PLACEMENT_3D('',#15051,#15052,#15053);
#15051 = CARTESIAN_POINT('',(0.402,2.553,0.));
#15052 = DIRECTION('',(0.,1.,0.));
#15053 = DIRECTION('',(0.,-0.,1.));
#15054 = ADVANCED_FACE('',(#15055),#15071,.T.);
#15055 = FACE_BOUND('',#15056,.T.);
#15056 = EDGE_LOOP('',(#15057,#15063,#15064,#15070));
#15057 = ORIENTED_EDGE('',*,*,#15058,.F.);
#15058 = EDGE_CURVE('',#14959,#15028,#15059,.T.);
#15059 = LINE('',#15060,#15061);
#15060 = CARTESIAN_POINT('',(9.8E-02,2.045,0.));
#15061 = VECTOR('',#15062,1.);
#15062 = DIRECTION('',(0.,1.,0.));
#15063 = ORIENTED_EDGE('',*,*,#14982,.T.);
#15064 = ORIENTED_EDGE('',*,*,#15065,.F.);
#15065 = EDGE_CURVE('',#15036,#14975,#15066,.T.);
#15066 = LINE('',#15067,#15068);
#15067 = CARTESIAN_POINT('',(9.8E-02,2.553,5.1E-02));
#15068 = VECTOR('',#15069,1.);
#15069 = DIRECTION('',(0.,-1.,0.));
#15070 = ORIENTED_EDGE('',*,*,#15035,.T.);
#15071 = PLANE('',#15072);
#15072 = AXIS2_PLACEMENT_3D('',#15073,#15074,#15075);
#15073 = CARTESIAN_POINT('',(9.8E-02,2.553,0.));
#15074 = DIRECTION('',(-1.,0.,0.));
#15075 = DIRECTION('',(0.,0.,1.));
#15076 = ADVANCED_FACE('',(#15077),#15083,.T.);
#15077 = FACE_BOUND('',#15078,.T.);
#15078 = EDGE_LOOP('',(#15079,#15080,#15081,#15082));
#15079 = ORIENTED_EDGE('',*,*,#15027,.T.);
#15080 = ORIENTED_EDGE('',*,*,#14996,.T.);
#15081 = ORIENTED_EDGE('',*,*,#14956,.T.);
#15082 = ORIENTED_EDGE('',*,*,#15058,.T.);
#15083 = PLANE('',#15084);
#15084 = AXIS2_PLACEMENT_3D('',#15085,#15086,#15087);
#15085 = CARTESIAN_POINT('',(9.8E-02,2.553,0.));
#15086 = DIRECTION('',(0.,0.,-1.));
#15087 = DIRECTION('',(0.,1.,0.));
#15088 = ADVANCED_FACE('',(#15089),#15095,.T.);
#15089 = FACE_BOUND('',#15090,.T.);
#15090 = EDGE_LOOP('',(#15091,#15092,#15093,#15094));
#15091 = ORIENTED_EDGE('',*,*,#14974,.T.);
#15092 = ORIENTED_EDGE('',*,*,#15012,.T.);
#15093 = ORIENTED_EDGE('',*,*,#15043,.T.);
#15094 = ORIENTED_EDGE('',*,*,#15065,.T.);
#15095 = PLANE('',#15096);
#15096 = AXIS2_PLACEMENT_3D('',#15097,#15098,#15099);
#15097 = CARTESIAN_POINT('',(9.8E-02,2.045,5.1E-02));
#15098 = DIRECTION('',(0.,0.,1.));
#15099 = DIRECTION('',(0.,1.,0.));
#15100 = ( GEOMETRIC_REPRESENTATION_CONTEXT(3) 
GLOBAL_UNCERTAINTY_ASSIGNED_CONTEXT((#15104)) 
GLOBAL_UNIT_ASSIGNED_CONTEXT((#15101,#15102,#15103)) 
REPRESENTATION_CONTEXT('Context #1',
  '3D Context with UNIT and UNCERTAINTY') );
#15101 = ( LENGTH_UNIT() NAMED_UNIT(*) SI_UNIT(.MILLI.,.METRE.) );
#15102 = ( NAMED_UNIT(*) PLANE_ANGLE_UNIT() SI_UNIT($,.RADIAN.) );
#15103 = ( NAMED_UNIT(*) SI_UNIT($,.STERADIAN.) SOLID_ANGLE_UNIT() );
#15104 = UNCERTAINTY_MEASURE_WITH_UNIT(LENGTH_MEASURE(1.E-07),#15101,
  'distance_accuracy_value','confusion accuracy');
#15105 = CONTEXT_DEPENDENT_SHAPE_REPRESENTATION(#15106,#15108);
#15106 = ( REPRESENTATION_RELATIONSHIP('','',#14949,#10510) 
REPRESENTATION_RELATIONSHIP_WITH_TRANSFORMATION(#15107) 
SHAPE_REPRESENTATION_RELATIONSHIP() );
#15107 = ITEM_DEFINED_TRANSFORMATION('','',#11,#10615);
#15108 = PRODUCT_DEFINITION_SHAPE('Placement','Placement of an item',
  #15109);
#15109 = NEXT_ASSEMBLY_USAGE_OCCURRENCE('53','=>[0:1:1:27]','',#10505,
  #14944,$);
#15110 = PRODUCT_RELATED_PRODUCT_CATEGORY('part',$,(#14946));
#15111 = SHAPE_DEFINITION_REPRESENTATION(#15112,#15118);
#15112 = PRODUCT_DEFINITION_SHAPE('','',#15113);
#15113 = PRODUCT_DEFINITION('design','',#15114,#15117);
#15114 = PRODUCT_DEFINITION_FORMATION('','',#15115);
#15115 = PRODUCT('part027','part027','',(#15116));
#15116 = PRODUCT_CONTEXT('',#2,'mechanical');
#15117 = PRODUCT_DEFINITION_CONTEXT('part definition',#2,'design');
#15118 = ADVANCED_BREP_SHAPE_REPRESENTATION('',(#11,#15119),#15269);
#15119 = MANIFOLD_SOLID_BREP('',#15120);
#15120 = CLOSED_SHELL('',(#15121,#15161,#15192,#15223,#15245,#15257));
#15121 = ADVANCED_FACE('',(#15122),#15156,.T.);
#15122 = FACE_BOUND('',#15123,.T.);
#15123 = EDGE_LOOP('',(#15124,#15134,#15142,#15150));
#15124 = ORIENTED_EDGE('',*,*,#15125,.F.);
#15125 = EDGE_CURVE('',#15126,#15128,#15130,.T.);
#15126 = VERTEX_POINT('',#15127);
#15127 = CARTESIAN_POINT('',(-9.8E-02,2.045,0.));
#15128 = VERTEX_POINT('',#15129);
#15129 = CARTESIAN_POINT('',(-0.402,2.045,0.));
#15130 = LINE('',#15131,#15132);
#15131 = CARTESIAN_POINT('',(-9.8E-02,2.045,0.));
#15132 = VECTOR('',#15133,1.);
#15133 = DIRECTION('',(-1.,0.,0.));
#15134 = ORIENTED_EDGE('',*,*,#15135,.F.);
#15135 = EDGE_CURVE('',#15136,#15126,#15138,.T.);
#15136 = VERTEX_POINT('',#15137);
#15137 = CARTESIAN_POINT('',(-9.8E-02,2.045,5.1E-02));
#15138 = LINE('',#15139,#15140);
#15139 = CARTESIAN_POINT('',(-9.8E-02,2.045,5.1E-02));
#15140 = VECTOR('',#15141,1.);
#15141 = DIRECTION('',(0.,0.,-1.));
#15142 = ORIENTED_EDGE('',*,*,#15143,.F.);
#15143 = EDGE_CURVE('',#15144,#15136,#15146,.T.);
#15144 = VERTEX_POINT('',#15145);
#15145 = CARTESIAN_POINT('',(-0.402,2.045,5.1E-02));
#15146 = LINE('',#15147,#15148);
#15147 = CARTESIAN_POINT('',(-0.402,2.045,5.1E-02));
#15148 = VECTOR('',#15149,1.);
#15149 = DIRECTION('',(1.,0.,0.));
#15150 = ORIENTED_EDGE('',*,*,#15151,.F.);
#15151 = EDGE_CURVE('',#15128,#15144,#15152,.T.);
#15152 = LINE('',#15153,#15154);
#15153 = CARTESIAN_POINT('',(-0.402,2.045,0.));
#15154 = VECTOR('',#15155,1.);
#15155 = DIRECTION('',(0.,0.,1.));
#15156 = PLANE('',#15157);
#15157 = AXIS2_PLACEMENT_3D('',#15158,#15159,#15160);
#15158 = CARTESIAN_POINT('',(-0.402,2.045,0.));
#15159 = DIRECTION('',(0.,-1.,0.));
#15160 = DIRECTION('',(0.,0.,1.));
#15161 = ADVANCED_FACE('',(#15162),#15187,.T.);
#15162 = FACE_BOUND('',#15163,.T.);
#15163 = EDGE_LOOP('',(#15164,#15172,#15180,#15186));
#15164 = ORIENTED_EDGE('',*,*,#15165,.F.);
#15165 = EDGE_CURVE('',#15166,#15126,#15168,.T.);
#15166 = VERTEX_POINT('',#15167);
#15167 = CARTESIAN_POINT('',(-9.8E-02,2.553,0.));
#15168 = LINE('',#15169,#15170);
#15169 = CARTESIAN_POINT('',(-9.8E-02,2.553,0.));
#15170 = VECTOR('',#15171,1.);
#15171 = DIRECTION('',(0.,-1.,0.));
#15172 = ORIENTED_EDGE('',*,*,#15173,.F.);
#15173 = EDGE_CURVE('',#15174,#15166,#15176,.T.);
#15174 = VERTEX_POINT('',#15175);
#15175 = CARTESIAN_POINT('',(-9.8E-02,2.553,5.1E-02));
#15176 = LINE('',#15177,#15178);
#15177 = CARTESIAN_POINT('',(-9.8E-02,2.553,5.1E-02));
#15178 = VECTOR('',#15179,1.);
#15179 = DIRECTION('',(0.,0.,-1.));
#15180 = ORIENTED_EDGE('',*,*,#15181,.F.);
#15181 = EDGE_CURVE('',#15136,#15174,#15182,.T.);
#15182 = LINE('',#15183,#15184);
#15183 = CARTESIAN_POINT('',(-9.8E-02,2.045,5.1E-02));
#15184 = VECTOR('',#15185,1.);
#15185 = DIRECTION('',(0.,1.,0.));
#15186 = ORIENTED_EDGE('',*,*,#15135,.T.);
#15187 = PLANE('',#15188);
#15188 = AXIS2_PLACEMENT_3D('',#15189,#15190,#15191);
#15189 = CARTESIAN_POINT('',(-9.8E-02,2.045,0.));
#15190 = DIRECTION('',(1.,0.,0.));
#15191 = DIRECTION('',(0.,0.,1.));
#15192 = ADVANCED_FACE('',(#15193),#15218,.T.);
#15193 = FACE_BOUND('',#15194,.T.);
#15194 = EDGE_LOOP('',(#15195,#15203,#15211,#15217));
#15195 = ORIENTED_EDGE('',*,*,#15196,.F.);
#15196 = EDGE_CURVE('',#15197,#15166,#15199,.T.);
#15197 = VERTEX_POINT('',#15198);
#15198 = CARTESIAN_POINT('',(-0.402,2.553,0.));
#15199 = LINE('',#15200,#15201);
#15200 = CARTESIAN_POINT('',(-0.402,2.553,0.));
#15201 = VECTOR('',#15202,1.);
#15202 = DIRECTION('',(1.,0.,0.));
#15203 = ORIENTED_EDGE('',*,*,#15204,.F.);
#15204 = EDGE_CURVE('',#15205,#15197,#15207,.T.);
#15205 = VERTEX_POINT('',#15206);
#15206 = CARTESIAN_POINT('',(-0.402,2.553,5.1E-02));
#15207 = LINE('',#15208,#15209);
#15208 = CARTESIAN_POINT('',(-0.402,2.553,5.1E-02));
#15209 = VECTOR('',#15210,1.);
#15210 = DIRECTION('',(0.,0.,-1.));
#15211 = ORIENTED_EDGE('',*,*,#15212,.F.);
#15212 = EDGE_CURVE('',#15174,#15205,#15213,.T.);
#15213 = LINE('',#15214,#15215);
#15214 = CARTESIAN_POINT('',(-9.8E-02,2.553,5.1E-02));
#15215 = VECTOR('',#15216,1.);
#15216 = DIRECTION('',(-1.,0.,0.));
#15217 = ORIENTED_EDGE('',*,*,#15173,.T.);
#15218 = PLANE('',#15219);
#15219 = AXIS2_PLACEMENT_3D('',#15220,#15221,#15222);
#15220 = CARTESIAN_POINT('',(-9.8E-02,2.553,0.));
#15221 = DIRECTION('',(0.,1.,0.));
#15222 = DIRECTION('',(0.,-0.,1.));
#15223 = ADVANCED_FACE('',(#15224),#15240,.T.);
#15224 = FACE_BOUND('',#15225,.T.);
#15225 = EDGE_LOOP('',(#15226,#15232,#15233,#15239));
#15226 = ORIENTED_EDGE('',*,*,#15227,.F.);
#15227 = EDGE_CURVE('',#15128,#15197,#15228,.T.);
#15228 = LINE('',#15229,#15230);
#15229 = CARTESIAN_POINT('',(-0.402,2.045,0.));
#15230 = VECTOR('',#15231,1.);
#15231 = DIRECTION('',(0.,1.,0.));
#15232 = ORIENTED_EDGE('',*,*,#15151,.T.);
#15233 = ORIENTED_EDGE('',*,*,#15234,.F.);
#15234 = EDGE_CURVE('',#15205,#15144,#15235,.T.);
#15235 = LINE('',#15236,#15237);
#15236 = CARTESIAN_POINT('',(-0.402,2.553,5.1E-02));
#15237 = VECTOR('',#15238,1.);
#15238 = DIRECTION('',(0.,-1.,0.));
#15239 = ORIENTED_EDGE('',*,*,#15204,.T.);
#15240 = PLANE('',#15241);
#15241 = AXIS2_PLACEMENT_3D('',#15242,#15243,#15244);
#15242 = CARTESIAN_POINT('',(-0.402,2.553,0.));
#15243 = DIRECTION('',(-1.,0.,0.));
#15244 = DIRECTION('',(0.,0.,1.));
#15245 = ADVANCED_FACE('',(#15246),#15252,.T.);
#15246 = FACE_BOUND('',#15247,.T.);
#15247 = EDGE_LOOP('',(#15248,#15249,#15250,#15251));
#15248 = ORIENTED_EDGE('',*,*,#15196,.T.);
#15249 = ORIENTED_EDGE('',*,*,#15165,.T.);
#15250 = ORIENTED_EDGE('',*,*,#15125,.T.);
#15251 = ORIENTED_EDGE('',*,*,#15227,.T.);
#15252 = PLANE('',#15253);
#15253 = AXIS2_PLACEMENT_3D('',#15254,#15255,#15256);
#15254 = CARTESIAN_POINT('',(-0.402,2.553,0.));
#15255 = DIRECTION('',(0.,0.,-1.));
#15256 = DIRECTION('',(0.,1.,0.));
#15257 = ADVANCED_FACE('',(#15258),#15264,.T.);
#15258 = FACE_BOUND('',#15259,.T.);
#15259 = EDGE_LOOP('',(#15260,#15261,#15262,#15263));
#15260 = ORIENTED_EDGE('',*,*,#15143,.T.);
#15261 = ORIENTED_EDGE('',*,*,#15181,.T.);
#15262 = ORIENTED_EDGE('',*,*,#15212,.T.);
#15263 = ORIENTED_EDGE('',*,*,#15234,.T.);
#15264 = PLANE('',#15265);
#15265 = AXIS2_PLACEMENT_3D('',#15266,#15267,#15268);
#15266 = CARTESIAN_POINT('',(-0.402,2.045,5.1E-02));
#15267 = DIRECTION('',(0.,0.,1.));
#15268 = DIRECTION('',(0.,1.,0.));
#15269 = ( GEOMETRIC_REPRESENTATION_CONTEXT(3) 
GLOBAL_UNCERTAINTY_ASSIGNED_CONTEXT((#15273)) 
GLOBAL_UNIT_ASSIGNED_CONTEXT((#15270,#15271,#15272)) 
REPRESENTATION_CONTEXT('Context #1',
  '3D Context with UNIT and UNCERTAINTY') );
#15270 = ( LENGTH_UNIT() NAMED_UNIT(*) SI_UNIT(.MILLI.,.METRE.) );
#15271 = ( NAMED_UNIT(*) PLANE_ANGLE_UNIT() SI_UNIT($,.RADIAN.) );
#15272 = ( NAMED_UNIT(*) SI_UNIT($,.STERADIAN.) SOLID_ANGLE_UNIT() );
#15273 = UNCERTAINTY_MEASURE_WITH_UNIT(LENGTH_MEASURE(1.E-07),#15270,
  'distance_accuracy_value','confusion accuracy');
#15274 = CONTEXT_DEPENDENT_SHAPE_REPRESENTATION(#15275,#15277);
#15275 = ( REPRESENTATION_RELATIONSHIP('','',#15118,#10510) 
REPRESENTATION_RELATIONSHIP_WITH_TRANSFORMATION(#15276) 
SHAPE_REPRESENTATION_RELATIONSHIP() );
#15276 = ITEM_DEFINED_TRANSFORMATION('','',#11,#10619);
#15277 = PRODUCT_DEFINITION_SHAPE('Placement','Placement of an item',
  #15278);
#15278 = NEXT_ASSEMBLY_USAGE_OCCURRENCE('54','=>[0:1:1:28]','',#10505,
  #15113,$);
#15279 = PRODUCT_RELATED_PRODUCT_CATEGORY('part',$,(#15115));
#15280 = SHAPE_DEFINITION_REPRESENTATION(#15281,#15287);
#15281 = PRODUCT_DEFINITION_SHAPE('','',#15282);
#15282 = PRODUCT_DEFINITION('design','',#15283,#15286);
#15283 = PRODUCT_DEFINITION_FORMATION('','',#15284);
#15284 = PRODUCT('part028','part028','',(#15285));
#15285 = PRODUCT_CONTEXT('',#2,'mechanical');
#15286 = PRODUCT_DEFINITION_CONTEXT('part definition',#2,'design');
#15287 = ADVANCED_BREP_SHAPE_REPRESENTATION('',(#11,#15288),#15438);
#15288 = MANIFOLD_SOLID_BREP('',#15289);
#15289 = CLOSED_SHELL('',(#15290,#15330,#15361,#15392,#15414,#15426));
#15290 = ADVANCED_FACE('',(#15291),#15325,.T.);
#15291 = FACE_BOUND('',#15292,.T.);
#15292 = EDGE_LOOP('',(#15293,#15303,#15311,#15319));
#15293 = ORIENTED_EDGE('',*,*,#15294,.F.);
#15294 = EDGE_CURVE('',#15295,#15297,#15299,.T.);
#15295 = VERTEX_POINT('',#15296);
#15296 = CARTESIAN_POINT('',(-0.598,2.045,0.));
#15297 = VERTEX_POINT('',#15298);
#15298 = CARTESIAN_POINT('',(-0.902,2.045,0.));
#15299 = LINE('',#15300,#15301);
#15300 = CARTESIAN_POINT('',(-0.598,2.045,0.));
#15301 = VECTOR('',#15302,1.);
#15302 = DIRECTION('',(-1.,0.,0.));
#15303 = ORIENTED_EDGE('',*,*,#15304,.F.);
#15304 = EDGE_CURVE('',#15305,#15295,#15307,.T.);
#15305 = VERTEX_POINT('',#15306);
#15306 = CARTESIAN_POINT('',(-0.598,2.045,5.1E-02));
#15307 = LINE('',#15308,#15309);
#15308 = CARTESIAN_POINT('',(-0.598,2.045,5.1E-02));
#15309 = VECTOR('',#15310,1.);
#15310 = DIRECTION('',(0.,0.,-1.));
#15311 = ORIENTED_EDGE('',*,*,#15312,.F.);
#15312 = EDGE_CURVE('',#15313,#15305,#15315,.T.);
#15313 = VERTEX_POINT('',#15314);
#15314 = CARTESIAN_POINT('',(-0.902,2.045,5.1E-02));
#15315 = LINE('',#15316,#15317);
#15316 = CARTESIAN_POINT('',(-0.902,2.045,5.1E-02));
#15317 = VECTOR('',#15318,1.);
#15318 = DIRECTION('',(1.,0.,0.));
#15319 = ORIENTED_EDGE('',*,*,#15320,.F.);
#15320 = EDGE_CURVE('',#15297,#15313,#15321,.T.);
#15321 = LINE('',#15322,#15323);
#15322 = CARTESIAN_POINT('',(-0.902,2.045,0.));
#15323 = VECTOR('',#15324,1.);
#15324 = DIRECTION('',(0.,0.,1.));
#15325 = PLANE('',#15326);
#15326 = AXIS2_PLACEMENT_3D('',#15327,#15328,#15329);
#15327 = CARTESIAN_POINT('',(-0.902,2.045,0.));
#15328 = DIRECTION('',(0.,-1.,0.));
#15329 = DIRECTION('',(0.,0.,1.));
#15330 = ADVANCED_FACE('',(#15331),#15356,.T.);
#15331 = FACE_BOUND('',#15332,.T.);
#15332 = EDGE_LOOP('',(#15333,#15341,#15349,#15355));
#15333 = ORIENTED_EDGE('',*,*,#15334,.F.);
#15334 = EDGE_CURVE('',#15335,#15295,#15337,.T.);
#15335 = VERTEX_POINT('',#15336);
#15336 = CARTESIAN_POINT('',(-0.598,2.553,0.));
#15337 = LINE('',#15338,#15339);
#15338 = CARTESIAN_POINT('',(-0.598,2.553,0.));
#15339 = VECTOR('',#15340,1.);
#15340 = DIRECTION('',(0.,-1.,0.));
#15341 = ORIENTED_EDGE('',*,*,#15342,.F.);
#15342 = EDGE_CURVE('',#15343,#15335,#15345,.T.);
#15343 = VERTEX_POINT('',#15344);
#15344 = CARTESIAN_POINT('',(-0.598,2.553,5.1E-02));
#15345 = LINE('',#15346,#15347);
#15346 = CARTESIAN_POINT('',(-0.598,2.553,5.1E-02));
#15347 = VECTOR('',#15348,1.);
#15348 = DIRECTION('',(0.,0.,-1.));
#15349 = ORIENTED_EDGE('',*,*,#15350,.F.);
#15350 = EDGE_CURVE('',#15305,#15343,#15351,.T.);
#15351 = LINE('',#15352,#15353);
#15352 = CARTESIAN_POINT('',(-0.598,2.045,5.1E-02));
#15353 = VECTOR('',#15354,1.);
#15354 = DIRECTION('',(0.,1.,0.));
#15355 = ORIENTED_EDGE('',*,*,#15304,.T.);
#15356 = PLANE('',#15357);
#15357 = AXIS2_PLACEMENT_3D('',#15358,#15359,#15360);
#15358 = CARTESIAN_POINT('',(-0.598,2.045,0.));
#15359 = DIRECTION('',(1.,0.,0.));
#15360 = DIRECTION('',(0.,0.,1.));
#15361 = ADVANCED_FACE('',(#15362),#15387,.T.);
#15362 = FACE_BOUND('',#15363,.T.);
#15363 = EDGE_LOOP('',(#15364,#15372,#15380,#15386));
#15364 = ORIENTED_EDGE('',*,*,#15365,.F.);
#15365 = EDGE_CURVE('',#15366,#15335,#15368,.T.);
#15366 = VERTEX_POINT('',#15367);
#15367 = CARTESIAN_POINT('',(-0.902,2.553,0.));
#15368 = LINE('',#15369,#15370);
#15369 = CARTESIAN_POINT('',(-0.902,2.553,0.));
#15370 = VECTOR('',#15371,1.);
#15371 = DIRECTION('',(1.,0.,0.));
#15372 = ORIENTED_EDGE('',*,*,#15373,.F.);
#15373 = EDGE_CURVE('',#15374,#15366,#15376,.T.);
#15374 = VERTEX_POINT('',#15375);
#15375 = CARTESIAN_POINT('',(-0.902,2.553,5.1E-02));
#15376 = LINE('',#15377,#15378);
#15377 = CARTESIAN_POINT('',(-0.902,2.553,5.1E-02));
#15378 = VECTOR('',#15379,1.);
#15379 = DIRECTION('',(0.,0.,-1.));
#15380 = ORIENTED_EDGE('',*,*,#15381,.F.);
#15381 = EDGE_CURVE('',#15343,#15374,#15382,.T.);
#15382 = LINE('',#15383,#15384);
#15383 = CARTESIAN_POINT('',(-0.598,2.553,5.1E-02));
#15384 = VECTOR('',#15385,1.);
#15385 = DIRECTION('',(-1.,0.,0.));
#15386 = ORIENTED_EDGE('',*,*,#15342,.T.);
#15387 = PLANE('',#15388);
#15388 = AXIS2_PLACEMENT_3D('',#15389,#15390,#15391);
#15389 = CARTESIAN_POINT('',(-0.598,2.553,0.));
#15390 = DIRECTION('',(0.,1.,0.));
#15391 = DIRECTION('',(0.,-0.,1.));
#15392 = ADVANCED_FACE('',(#15393),#15409,.T.);
#15393 = FACE_BOUND('',#15394,.T.);
#15394 = EDGE_LOOP('',(#15395,#15401,#15402,#15408));
#15395 = ORIENTED_EDGE('',*,*,#15396,.F.);
#15396 = EDGE_CURVE('',#15297,#15366,#15397,.T.);
#15397 = LINE('',#15398,#15399);
#15398 = CARTESIAN_POINT('',(-0.902,2.045,0.));
#15399 = VECTOR('',#15400,1.);
#15400 = DIRECTION('',(0.,1.,0.));
#15401 = ORIENTED_EDGE('',*,*,#15320,.T.);
#15402 = ORIENTED_EDGE('',*,*,#15403,.F.);
#15403 = EDGE_CURVE('',#15374,#15313,#15404,.T.);
#15404 = LINE('',#15405,#15406);
#15405 = CARTESIAN_POINT('',(-0.902,2.553,5.1E-02));
#15406 = VECTOR('',#15407,1.);
#15407 = DIRECTION('',(0.,-1.,0.));
#15408 = ORIENTED_EDGE('',*,*,#15373,.T.);
#15409 = PLANE('',#15410);
#15410 = AXIS2_PLACEMENT_3D('',#15411,#15412,#15413);
#15411 = CARTESIAN_POINT('',(-0.902,2.553,0.));
#15412 = DIRECTION('',(-1.,0.,0.));
#15413 = DIRECTION('',(0.,0.,1.));
#15414 = ADVANCED_FACE('',(#15415),#15421,.T.);
#15415 = FACE_BOUND('',#15416,.T.);
#15416 = EDGE_LOOP('',(#15417,#15418,#15419,#15420));
#15417 = ORIENTED_EDGE('',*,*,#15365,.T.);
#15418 = ORIENTED_EDGE('',*,*,#15334,.T.);
#15419 = ORIENTED_EDGE('',*,*,#15294,.T.);
#15420 = ORIENTED_EDGE('',*,*,#15396,.T.);
#15421 = PLANE('',#15422);
#15422 = AXIS2_PLACEMENT_3D('',#15423,#15424,#15425);
#15423 = CARTESIAN_POINT('',(-0.902,2.553,0.));
#15424 = DIRECTION('',(0.,0.,-1.));
#15425 = DIRECTION('',(0.,1.,0.));
#15426 = ADVANCED_FACE('',(#15427),#15433,.T.);
#15427 = FACE_BOUND('',#15428,.T.);
#15428 = EDGE_LOOP('',(#15429,#15430,#15431,#15432));
#15429 = ORIENTED_EDGE('',*,*,#15312,.T.);
#15430 = ORIENTED_EDGE('',*,*,#15350,.T.);
#15431 = ORIENTED_EDGE('',*,*,#15381,.T.);
#15432 = ORIENTED_EDGE('',*,*,#15403,.T.);
#15433 = PLANE('',#15434);
#15434 = AXIS2_PLACEMENT_3D('',#15435,#15436,#15437);
#15435 = CARTESIAN_POINT('',(-0.902,2.045,5.1E-02));
#15436 = DIRECTION('',(0.,0.,1.));
#15437 = DIRECTION('',(0.,1.,0.));
#15438 = ( GEOMETRIC_REPRESENTATION_CONTEXT(3) 
GLOBAL_UNCERTAINTY_ASSIGNED_CONTEXT((#15442)) 
GLOBAL_UNIT_ASSIGNED_CONTEXT((#15439,#15440,#15441)) 
REPRESENTATION_CONTEXT('Context #1',
  '3D Context with UNIT and UNCERTAINTY') );
#15439 = ( LENGTH_UNIT() NAMED_UNIT(*) SI_UNIT(.MILLI.,.METRE.) );
#15440 = ( NAMED_UNIT(*) PLANE_ANGLE_UNIT() SI_UNIT($,.RADIAN.) );
#15441 = ( NAMED_UNIT(*) SI_UNIT($,.STERADIAN.) SOLID_ANGLE_UNIT() );
#15442 = UNCERTAINTY_MEASURE_WITH_UNIT(LENGTH_MEASURE(1.E-07),#15439,
  'distance_accuracy_value','confusion accuracy');
#15443 = CONTEXT_DEPENDENT_SHAPE_REPRESENTATION(#15444,#15446);
#15444 = ( REPRESENTATION_RELATIONSHIP('','',#15287,#10510) 
REPRESENTATION_RELATIONSHIP_WITH_TRANSFORMATION(#15445) 
SHAPE_REPRESENTATION_RELATIONSHIP() );
#15445 = ITEM_DEFINED_TRANSFORMATION('','',#11,#10623);
#15446 = PRODUCT_DEFINITION_SHAPE('Placement','Placement of an item',
  #15447);
#15447 = NEXT_ASSEMBLY_USAGE_OCCURRENCE('55','=>[0:1:1:29]','',#10505,
  #15282,$);
#15448 = PRODUCT_RELATED_PRODUCT_CATEGORY('part',$,(#15284));
#15449 = SHAPE_DEFINITION_REPRESENTATION(#15450,#15456);
#15450 = PRODUCT_DEFINITION_SHAPE('','',#15451);
#15451 = PRODUCT_DEFINITION('design','',#15452,#15455);
#15452 = PRODUCT_DEFINITION_FORMATION('','',#15453);
#15453 = PRODUCT('part029','part029','',(#15454));
#15454 = PRODUCT_CONTEXT('',#2,'mechanical');
#15455 = PRODUCT_DEFINITION_CONTEXT('part definition',#2,'design');
#15456 = ADVANCED_BREP_SHAPE_REPRESENTATION('',(#11,#15457),#15607);
#15457 = MANIFOLD_SOLID_BREP('',#15458);
#15458 = CLOSED_SHELL('',(#15459,#15499,#15530,#15561,#15583,#15595));
#15459 = ADVANCED_FACE('',(#15460),#15494,.T.);
#15460 = FACE_BOUND('',#15461,.T.);
#15461 = EDGE_LOOP('',(#15462,#15472,#15480,#15488));
#15462 = ORIENTED_EDGE('',*,*,#15463,.F.);
#15463 = EDGE_CURVE('',#15464,#15466,#15468,.T.);
#15464 = VERTEX_POINT('',#15465);
#15465 = CARTESIAN_POINT('',(-1.098,2.045,0.));
#15466 = VERTEX_POINT('',#15467);
#15467 = CARTESIAN_POINT('',(-1.402,2.045,0.));
#15468 = LINE('',#15469,#15470);
#15469 = CARTESIAN_POINT('',(-1.098,2.045,0.));
#15470 = VECTOR('',#15471,1.);
#15471 = DIRECTION('',(-1.,0.,0.));
#15472 = ORIENTED_EDGE('',*,*,#15473,.F.);
#15473 = EDGE_CURVE('',#15474,#15464,#15476,.T.);
#15474 = VERTEX_POINT('',#15475);
#15475 = CARTESIAN_POINT('',(-1.098,2.045,5.1E-02));
#15476 = LINE('',#15477,#15478);
#15477 = CARTESIAN_POINT('',(-1.098,2.045,5.1E-02));
#15478 = VECTOR('',#15479,1.);
#15479 = DIRECTION('',(0.,0.,-1.));
#15480 = ORIENTED_EDGE('',*,*,#15481,.F.);
#15481 = EDGE_CURVE('',#15482,#15474,#15484,.T.);
#15482 = VERTEX_POINT('',#15483);
#15483 = CARTESIAN_POINT('',(-1.402,2.045,5.1E-02));
#15484 = LINE('',#15485,#15486);
#15485 = CARTESIAN_POINT('',(-1.402,2.045,5.1E-02));
#15486 = VECTOR('',#15487,1.);
#15487 = DIRECTION('',(1.,0.,0.));
#15488 = ORIENTED_EDGE('',*,*,#15489,.F.);
#15489 = EDGE_CURVE('',#15466,#15482,#15490,.T.);
#15490 = LINE('',#15491,#15492);
#15491 = CARTESIAN_POINT('',(-1.402,2.045,0.));
#15492 = VECTOR('',#15493,1.);
#15493 = DIRECTION('',(0.,0.,1.));
#15494 = PLANE('',#15495);
#15495 = AXIS2_PLACEMENT_3D('',#15496,#15497,#15498);
#15496 = CARTESIAN_POINT('',(-1.402,2.045,0.));
#15497 = DIRECTION('',(0.,-1.,0.));
#15498 = DIRECTION('',(0.,0.,1.));
#15499 = ADVANCED_FACE('',(#15500),#15525,.T.);
#15500 = FACE_BOUND('',#15501,.T.);
#15501 = EDGE_LOOP('',(#15502,#15510,#15518,#15524));
#15502 = ORIENTED_EDGE('',*,*,#15503,.F.);
#15503 = EDGE_CURVE('',#15504,#15464,#15506,.T.);
#15504 = VERTEX_POINT('',#15505);
#15505 = CARTESIAN_POINT('',(-1.098,2.553,0.));
#15506 = LINE('',#15507,#15508);
#15507 = CARTESIAN_POINT('',(-1.098,2.553,0.));
#15508 = VECTOR('',#15509,1.);
#15509 = DIRECTION('',(0.,-1.,0.));
#15510 = ORIENTED_EDGE('',*,*,#15511,.F.);
#15511 = EDGE_CURVE('',#15512,#15504,#15514,.T.);
#15512 = VERTEX_POINT('',#15513);
#15513 = CARTESIAN_POINT('',(-1.098,2.553,5.1E-02));
#15514 = LINE('',#15515,#15516);
#15515 = CARTESIAN_POINT('',(-1.098,2.553,5.1E-02));
#15516 = VECTOR('',#15517,1.);
#15517 = DIRECTION('',(0.,0.,-1.));
#15518 = ORIENTED_EDGE('',*,*,#15519,.F.);
#15519 = EDGE_CURVE('',#15474,#15512,#15520,.T.);
#15520 = LINE('',#15521,#15522);
#15521 = CARTESIAN_POINT('',(-1.098,2.045,5.1E-02));
#15522 = VECTOR('',#15523,1.);
#15523 = DIRECTION('',(0.,1.,0.));
#15524 = ORIENTED_EDGE('',*,*,#15473,.T.);
#15525 = PLANE('',#15526);
#15526 = AXIS2_PLACEMENT_3D('',#15527,#15528,#15529);
#15527 = CARTESIAN_POINT('',(-1.098,2.045,0.));
#15528 = DIRECTION('',(1.,0.,0.));
#15529 = DIRECTION('',(0.,0.,1.));
#15530 = ADVANCED_FACE('',(#15531),#15556,.T.);
#15531 = FACE_BOUND('',#15532,.T.);
#15532 = EDGE_LOOP('',(#15533,#15541,#15549,#15555));
#15533 = ORIENTED_EDGE('',*,*,#15534,.F.);
#15534 = EDGE_CURVE('',#15535,#15504,#15537,.T.);
#15535 = VERTEX_POINT('',#15536);
#15536 = CARTESIAN_POINT('',(-1.402,2.553,0.));
#15537 = LINE('',#15538,#15539);
#15538 = CARTESIAN_POINT('',(-1.402,2.553,0.));
#15539 = VECTOR('',#15540,1.);
#15540 = DIRECTION('',(1.,0.,0.));
#15541 = ORIENTED_EDGE('',*,*,#15542,.F.);
#15542 = EDGE_CURVE('',#15543,#15535,#15545,.T.);
#15543 = VERTEX_POINT('',#15544);
#15544 = CARTESIAN_POINT('',(-1.402,2.553,5.1E-02));
#15545 = LINE('',#15546,#15547);
#15546 = CARTESIAN_POINT('',(-1.402,2.553,5.1E-02));
#15547 = VECTOR('',#15548,1.);
#15548 = DIRECTION('',(0.,0.,-1.));
#15549 = ORIENTED_EDGE('',*,*,#15550,.F.);
#15550 = EDGE_CURVE('',#15512,#15543,#15551,.T.);
#15551 = LINE('',#15552,#15553);
#15552 = CARTESIAN_POINT('',(-1.098,2.553,5.1E-02));
#15553 = VECTOR('',#15554,1.);
#15554 = DIRECTION('',(-1.,0.,0.));
#15555 = ORIENTED_EDGE('',*,*,#15511,.T.);
#15556 = PLANE('',#15557);
#15557 = AXIS2_PLACEMENT_3D('',#15558,#15559,#15560);
#15558 = CARTESIAN_POINT('',(-1.098,2.553,0.));
#15559 = DIRECTION('',(0.,1.,0.));
#15560 = DIRECTION('',(0.,-0.,1.));
#15561 = ADVANCED_FACE('',(#15562),#15578,.T.);
#15562 = FACE_BOUND('',#15563,.T.);
#15563 = EDGE_LOOP('',(#15564,#15570,#15571,#15577));
#15564 = ORIENTED_EDGE('',*,*,#15565,.F.);
#15565 = EDGE_CURVE('',#15466,#15535,#15566,.T.);
#15566 = LINE('',#15567,#15568);
#15567 = CARTESIAN_POINT('',(-1.402,2.045,0.));
#15568 = VECTOR('',#15569,1.);
#15569 = DIRECTION('',(0.,1.,0.));
#15570 = ORIENTED_EDGE('',*,*,#15489,.T.);
#15571 = ORIENTED_EDGE('',*,*,#15572,.F.);
#15572 = EDGE_CURVE('',#15543,#15482,#15573,.T.);
#15573 = LINE('',#15574,#15575);
#15574 = CARTESIAN_POINT('',(-1.402,2.553,5.1E-02));
#15575 = VECTOR('',#15576,1.);
#15576 = DIRECTION('',(0.,-1.,0.));
#15577 = ORIENTED_EDGE('',*,*,#15542,.T.);
#15578 = PLANE('',#15579);
#15579 = AXIS2_PLACEMENT_3D('',#15580,#15581,#15582);
#15580 = CARTESIAN_POINT('',(-1.402,2.553,0.));
#15581 = DIRECTION('',(-1.,0.,0.));
#15582 = DIRECTION('',(0.,0.,1.));
#15583 = ADVANCED_FACE('',(#15584),#15590,.T.);
#15584 = FACE_BOUND('',#15585,.T.);
#15585 = EDGE_LOOP('',(#15586,#15587,#15588,#15589));
#15586 = ORIENTED_EDGE('',*,*,#15534,.T.);
#15587 = ORIENTED_EDGE('',*,*,#15503,.T.);
#15588 = ORIENTED_EDGE('',*,*,#15463,.T.);
#15589 = ORIENTED_EDGE('',*,*,#15565,.T.);
#15590 = PLANE('',#15591);
#15591 = AXIS2_PLACEMENT_3D('',#15592,#15593,#15594);
#15592 = CARTESIAN_POINT('',(-1.402,2.553,0.));
#15593 = DIRECTION('',(0.,0.,-1.));
#15594 = DIRECTION('',(0.,1.,0.));
#15595 = ADVANCED_FACE('',(#15596),#15602,.T.);
#15596 = FACE_BOUND('',#15597,.T.);
#15597 = EDGE_LOOP('',(#15598,#15599,#15600,#15601));
#15598 = ORIENTED_EDGE('',*,*,#15481,.T.);
#15599 = ORIENTED_EDGE('',*,*,#15519,.T.);
#15600 = ORIENTED_EDGE('',*,*,#15550,.T.);
#15601 = ORIENTED_EDGE('',*,*,#15572,.T.);
#15602 = PLANE('',#15603);
#15603 = AXIS2_PLACEMENT_3D('',#15604,#15605,#15606);
#15604 = CARTESIAN_POINT('',(-1.402,2.045,5.1E-02));
#15605 = DIRECTION('',(0.,0.,1.));
#15606 = DIRECTION('',(0.,1.,0.));
#15607 = ( GEOMETRIC_REPRESENTATION_CONTEXT(3) 
GLOBAL_UNCERTAINTY_ASSIGNED_CONTEXT((#15611)) 
GLOBAL_UNIT_ASSIGNED_CONTEXT((#15608,#15609,#15610)) 
REPRESENTATION_CONTEXT('Context #1',
  '3D Context with UNIT and UNCERTAINTY') );
#15608 = ( LENGTH_UNIT() NAMED_UNIT(*) SI_UNIT(.MILLI.,.METRE.) );
#15609 = ( NAMED_UNIT(*) PLANE_ANGLE_UNIT() SI_UNIT($,.RADIAN.) );
#15610 = ( NAMED_UNIT(*) SI_UNIT($,.STERADIAN.) SOLID_ANGLE_UNIT() );
#15611 = UNCERTAINTY_MEASURE_WITH_UNIT(LENGTH_MEASURE(1.E-07),#15608,
  'distance_accuracy_value','confusion accuracy');
#15612 = CONTEXT_DEPENDENT_SHAPE_REPRESENTATION(#15613,#15615);
#15613 = ( REPRESENTATION_RELATIONSHIP('','',#15456,#10510) 
REPRESENTATION_RELATIONSHIP_WITH_TRANSFORMATION(#15614) 
SHAPE_REPRESENTATION_RELATIONSHIP() );
#15614 = ITEM_DEFINED_TRANSFORMATION('','',#11,#10627);
#15615 = PRODUCT_DEFINITION_SHAPE('Placement','Placement of an item',
  #15616);
#15616 = NEXT_ASSEMBLY_USAGE_OCCURRENCE('56','=>[0:1:1:30]','',#10505,
  #15451,$);
#15617 = PRODUCT_RELATED_PRODUCT_CATEGORY('part',$,(#15453));
#15618 = SHAPE_DEFINITION_REPRESENTATION(#15619,#15625);
#15619 = PRODUCT_DEFINITION_SHAPE('','',#15620);
#15620 = PRODUCT_DEFINITION('design','',#15621,#15624);
#15621 = PRODUCT_DEFINITION_FORMATION('','',#15622);
#15622 = PRODUCT('part030','part030','',(#15623));
#15623 = PRODUCT_CONTEXT('',#2,'mechanical');
#15624 = PRODUCT_DEFINITION_CONTEXT('part definition',#2,'design');
#15625 = ADVANCED_BREP_SHAPE_REPRESENTATION('',(#11,#15626),#15776);
#15626 = MANIFOLD_SOLID_BREP('',#15627);
#15627 = CLOSED_SHELL('',(#15628,#15668,#15699,#15730,#15752,#15764));
#15628 = ADVANCED_FACE('',(#15629),#15663,.T.);
#15629 = FACE_BOUND('',#15630,.T.);
#15630 = EDGE_LOOP('',(#15631,#15641,#15649,#15657));
#15631 = ORIENTED_EDGE('',*,*,#15632,.F.);
#15632 = EDGE_CURVE('',#15633,#15635,#15637,.T.);
#15633 = VERTEX_POINT('',#15634);
#15634 = CARTESIAN_POINT('',(1.372,-1.88,0.));
#15635 = VERTEX_POINT('',#15636);
#15636 = CARTESIAN_POINT('',(-1.372,-1.88,0.));
#15637 = LINE('',#15638,#15639);
#15638 = CARTESIAN_POINT('',(1.372,-1.88,0.));
#15639 = VECTOR('',#15640,1.);
#15640 = DIRECTION('',(-1.,0.,0.));
#15641 = ORIENTED_EDGE('',*,*,#15642,.F.);
#15642 = EDGE_CURVE('',#15643,#15633,#15645,.T.);
#15643 = VERTEX_POINT('',#15644);
#15644 = CARTESIAN_POINT('',(1.372,-1.88,5.1E-02));
#15645 = LINE('',#15646,#15647);
#15646 = CARTESIAN_POINT('',(1.372,-1.88,5.1E-02));
#15647 = VECTOR('',#15648,1.);
#15648 = DIRECTION('',(0.,0.,-1.));
#15649 = ORIENTED_EDGE('',*,*,#15650,.F.);
#15650 = EDGE_CURVE('',#15651,#15643,#15653,.T.);
#15651 = VERTEX_POINT('',#15652);
#15652 = CARTESIAN_POINT('',(-1.372,-1.88,5.1E-02));
#15653 = LINE('',#15654,#15655);
#15654 = CARTESIAN_POINT('',(-1.372,-1.88,5.1E-02));
#15655 = VECTOR('',#15656,1.);
#15656 = DIRECTION('',(1.,0.,0.));
#15657 = ORIENTED_EDGE('',*,*,#15658,.F.);
#15658 = EDGE_CURVE('',#15635,#15651,#15659,.T.);
#15659 = LINE('',#15660,#15661);
#15660 = CARTESIAN_POINT('',(-1.372,-1.88,0.));
#15661 = VECTOR('',#15662,1.);
#15662 = DIRECTION('',(0.,0.,1.));
#15663 = PLANE('',#15664);
#15664 = AXIS2_PLACEMENT_3D('',#15665,#15666,#15667);
#15665 = CARTESIAN_POINT('',(-1.372,-1.88,0.));
#15666 = DIRECTION('',(0.,-1.,0.));
#15667 = DIRECTION('',(0.,0.,1.));
#15668 = ADVANCED_FACE('',(#15669),#15694,.T.);
#15669 = FACE_BOUND('',#15670,.T.);
#15670 = EDGE_LOOP('',(#15671,#15679,#15687,#15693));
#15671 = ORIENTED_EDGE('',*,*,#15672,.F.);
#15672 = EDGE_CURVE('',#15673,#15633,#15675,.T.);
#15673 = VERTEX_POINT('',#15674);
#15674 = CARTESIAN_POINT('',(1.372,1.88,0.));
#15675 = LINE('',#15676,#15677);
#15676 = CARTESIAN_POINT('',(1.372,1.88,0.));
#15677 = VECTOR('',#15678,1.);
#15678 = DIRECTION('',(0.,-1.,0.));
#15679 = ORIENTED_EDGE('',*,*,#15680,.F.);
#15680 = EDGE_CURVE('',#15681,#15673,#15683,.T.);
#15681 = VERTEX_POINT('',#15682);
#15682 = CARTESIAN_POINT('',(1.372,1.88,5.1E-02));
#15683 = LINE('',#15684,#15685);
#15684 = CARTESIAN_POINT('',(1.372,1.88,5.1E-02));
#15685 = VECTOR('',#15686,1.);
#15686 = DIRECTION('',(0.,0.,-1.));
#15687 = ORIENTED_EDGE('',*,*,#15688,.F.);
#15688 = EDGE_CURVE('',#15643,#15681,#15689,.T.);
#15689 = LINE('',#15690,#15691);
#15690 = CARTESIAN_POINT('',(1.372,-1.88,5.1E-02));
#15691 = VECTOR('',#15692,1.);
#15692 = DIRECTION('',(0.,1.,0.));
#15693 = ORIENTED_EDGE('',*,*,#15642,.T.);
#15694 = PLANE('',#15695);
#15695 = AXIS2_PLACEMENT_3D('',#15696,#15697,#15698);
#15696 = CARTESIAN_POINT('',(1.372,-1.88,0.));
#15697 = DIRECTION('',(1.,0.,0.));
#15698 = DIRECTION('',(0.,0.,1.));
#15699 = ADVANCED_FACE('',(#15700),#15725,.T.);
#15700 = FACE_BOUND('',#15701,.T.);
#15701 = EDGE_LOOP('',(#15702,#15710,#15718,#15724));
#15702 = ORIENTED_EDGE('',*,*,#15703,.F.);
#15703 = EDGE_CURVE('',#15704,#15673,#15706,.T.);
#15704 = VERTEX_POINT('',#15705);
#15705 = CARTESIAN_POINT('',(-1.372,1.88,0.));
#15706 = LINE('',#15707,#15708);
#15707 = CARTESIAN_POINT('',(-1.372,1.88,0.));
#15708 = VECTOR('',#15709,1.);
#15709 = DIRECTION('',(1.,0.,0.));
#15710 = ORIENTED_EDGE('',*,*,#15711,.F.);
#15711 = EDGE_CURVE('',#15712,#15704,#15714,.T.);
#15712 = VERTEX_POINT('',#15713);
#15713 = CARTESIAN_POINT('',(-1.372,1.88,5.1E-02));
#15714 = LINE('',#15715,#15716);
#15715 = CARTESIAN_POINT('',(-1.372,1.88,5.1E-02));
#15716 = VECTOR('',#15717,1.);
#15717 = DIRECTION('',(0.,0.,-1.));
#15718 = ORIENTED_EDGE('',*,*,#15719,.F.);
#15719 = EDGE_CURVE('',#15681,#15712,#15720,.T.);
#15720 = LINE('',#15721,#15722);
#15721 = CARTESIAN_POINT('',(1.372,1.88,5.1E-02));
#15722 = VECTOR('',#15723,1.);
#15723 = DIRECTION('',(-1.,0.,0.));
#15724 = ORIENTED_EDGE('',*,*,#15680,.T.);
#15725 = PLANE('',#15726);
#15726 = AXIS2_PLACEMENT_3D('',#15727,#15728,#15729);
#15727 = CARTESIAN_POINT('',(1.372,1.88,0.));
#15728 = DIRECTION('',(0.,1.,0.));
#15729 = DIRECTION('',(0.,-0.,1.));
#15730 = ADVANCED_FACE('',(#15731),#15747,.T.);
#15731 = FACE_BOUND('',#15732,.T.);
#15732 = EDGE_LOOP('',(#15733,#15739,#15740,#15746));
#15733 = ORIENTED_EDGE('',*,*,#15734,.F.);
#15734 = EDGE_CURVE('',#15635,#15704,#15735,.T.);
#15735 = LINE('',#15736,#15737);
#15736 = CARTESIAN_POINT('',(-1.372,-1.88,0.));
#15737 = VECTOR('',#15738,1.);
#15738 = DIRECTION('',(0.,1.,0.));
#15739 = ORIENTED_EDGE('',*,*,#15658,.T.);
#15740 = ORIENTED_EDGE('',*,*,#15741,.F.);
#15741 = EDGE_CURVE('',#15712,#15651,#15742,.T.);
#15742 = LINE('',#15743,#15744);
#15743 = CARTESIAN_POINT('',(-1.372,1.88,5.1E-02));
#15744 = VECTOR('',#15745,1.);
#15745 = DIRECTION('',(0.,-1.,0.));
#15746 = ORIENTED_EDGE('',*,*,#15711,.T.);
#15747 = PLANE('',#15748);
#15748 = AXIS2_PLACEMENT_3D('',#15749,#15750,#15751);
#15749 = CARTESIAN_POINT('',(-1.372,1.88,0.));
#15750 = DIRECTION('',(-1.,0.,0.));
#15751 = DIRECTION('',(0.,0.,1.));
#15752 = ADVANCED_FACE('',(#15753),#15759,.T.);
#15753 = FACE_BOUND('',#15754,.T.);
#15754 = EDGE_LOOP('',(#15755,#15756,#15757,#15758));
#15755 = ORIENTED_EDGE('',*,*,#15703,.T.);
#15756 = ORIENTED_EDGE('',*,*,#15672,.T.);
#15757 = ORIENTED_EDGE('',*,*,#15632,.T.);
#15758 = ORIENTED_EDGE('',*,*,#15734,.T.);
#15759 = PLANE('',#15760);
#15760 = AXIS2_PLACEMENT_3D('',#15761,#15762,#15763);
#15761 = CARTESIAN_POINT('',(-1.372,1.88,0.));
#15762 = DIRECTION('',(0.,0.,-1.));
#15763 = DIRECTION('',(0.,1.,0.));
#15764 = ADVANCED_FACE('',(#15765),#15771,.T.);
#15765 = FACE_BOUND('',#15766,.T.);
#15766 = EDGE_LOOP('',(#15767,#15768,#15769,#15770));
#15767 = ORIENTED_EDGE('',*,*,#15650,.T.);
#15768 = ORIENTED_EDGE('',*,*,#15688,.T.);
#15769 = ORIENTED_EDGE('',*,*,#15719,.T.);
#15770 = ORIENTED_EDGE('',*,*,#15741,.T.);
#15771 = PLANE('',#15772);
#15772 = AXIS2_PLACEMENT_3D('',#15773,#15774,#15775);
#15773 = CARTESIAN_POINT('',(-1.372,-1.88,5.1E-02));
#15774 = DIRECTION('',(0.,0.,1.));
#15775 = DIRECTION('',(0.,1.,0.));
#15776 = ( GEOMETRIC_REPRESENTATION_CONTEXT(3) 
GLOBAL_UNCERTAINTY_ASSIGNED_CONTEXT((#15780)) 
GLOBAL_UNIT_ASSIGNED_CONTEXT((#15777,#15778,#15779)) 
REPRESENTATION_CONTEXT('Context #1',
  '3D Context with UNIT and UNCERTAINTY') );
#15777 = ( LENGTH_UNIT() NAMED_UNIT(*) SI_UNIT(.MILLI.,.METRE.) );
#15778 = ( NAMED_UNIT(*) PLANE_ANGLE_UNIT() SI_UNIT($,.RADIAN.) );
#15779 = ( NAMED_UNIT(*) SI_UNIT($,.STERADIAN.) SOLID_ANGLE_UNIT() );
#15780 = UNCERTAINTY_MEASURE_WITH_UNIT(LENGTH_MEASURE(1.E-07),#15777,
  'distance_accuracy_value','confusion accuracy');
#15781 = CONTEXT_DEPENDENT_SHAPE_REPRESENTATION(#15782,#15784);
#15782 = ( REPRESENTATION_RELATIONSHIP('','',#15625,#10510) 
REPRESENTATION_RELATIONSHIP_WITH_TRANSFORMATION(#15783) 
SHAPE_REPRESENTATION_RELATIONSHIP() );
#15783 = ITEM_DEFINED_TRANSFORMATION('','',#11,#10631);
#15784 = PRODUCT_DEFINITION_SHAPE('Placement','Placement of an item',
  #15785);
#15785 = NEXT_ASSEMBLY_USAGE_OCCURRENCE('57','=>[0:1:1:31]','',#10505,
  #15620,$);
#15786 = PRODUCT_RELATED_PRODUCT_CATEGORY('part',$,(#15622));
#15787 = CONTEXT_DEPENDENT_SHAPE_REPRESENTATION(#15788,#15790);
#15788 = ( REPRESENTATION_RELATIONSHIP('','',#1819,#10) 
REPRESENTATION_RELATIONSHIP_WITH_TRANSFORMATION(#15789) 
SHAPE_REPRESENTATION_RELATIONSHIP() );
#15789 = ITEM_DEFINED_TRANSFORMATION('','',#11,#111);
#15790 = PRODUCT_DEFINITION_SHAPE('Placement','Placement of an item',
  #15791);
#15791 = NEXT_ASSEMBLY_USAGE_OCCURRENCE('59','C12','',#5,#1814,$);
#15792 = CONTEXT_DEPENDENT_SHAPE_REPRESENTATION(#15793,#15795);
#15793 = ( REPRESENTATION_RELATIONSHIP('','',#1819,#10) 
REPRESENTATION_RELATIONSHIP_WITH_TRANSFORMATION(#15794) 
SHAPE_REPRESENTATION_RELATIONSHIP() );
#15794 = ITEM_DEFINED_TRANSFORMATION('','',#11,#115);
#15795 = PRODUCT_DEFINITION_SHAPE('Placement','Placement of an item',
  #15796);
#15796 = NEXT_ASSEMBLY_USAGE_OCCURRENCE('60','C13','',#5,#1814,$);
#15797 = CONTEXT_DEPENDENT_SHAPE_REPRESENTATION(#15798,#15800);
#15798 = ( REPRESENTATION_RELATIONSHIP('','',#1819,#10) 
REPRESENTATION_RELATIONSHIP_WITH_TRANSFORMATION(#15799) 
SHAPE_REPRESENTATION_RELATIONSHIP() );
#15799 = ITEM_DEFINED_TRANSFORMATION('','',#11,#119);
#15800 = PRODUCT_DEFINITION_SHAPE('Placement','Placement of an item',
  #15801);
#15801 = NEXT_ASSEMBLY_USAGE_OCCURRENCE('61','C1','',#5,#1814,$);
#15802 = CONTEXT_DEPENDENT_SHAPE_REPRESENTATION(#15803,#15805);
#15803 = ( REPRESENTATION_RELATIONSHIP('','',#1819,#10) 
REPRESENTATION_RELATIONSHIP_WITH_TRANSFORMATION(#15804) 
SHAPE_REPRESENTATION_RELATIONSHIP() );
#15804 = ITEM_DEFINED_TRANSFORMATION('','',#11,#123);
#15805 = PRODUCT_DEFINITION_SHAPE('Placement','Placement of an item',
  #15806);
#15806 = NEXT_ASSEMBLY_USAGE_OCCURRENCE('62','C4','',#5,#1814,$);
#15807 = CONTEXT_DEPENDENT_SHAPE_REPRESENTATION(#15808,#15810);
#15808 = ( REPRESENTATION_RELATIONSHIP('','',#2692,#10) 
REPRESENTATION_RELATIONSHIP_WITH_TRANSFORMATION(#15809) 
SHAPE_REPRESENTATION_RELATIONSHIP() );
#15809 = ITEM_DEFINED_TRANSFORMATION('','',#11,#127);
#15810 = PRODUCT_DEFINITION_SHAPE('Placement','Placement of an item',
  #15811);
#15811 = NEXT_ASSEMBLY_USAGE_OCCURRENCE('63','Q4','',#5,#2687,$);
#15812 = CONTEXT_DEPENDENT_SHAPE_REPRESENTATION(#15813,#15815);
#15813 = ( REPRESENTATION_RELATIONSHIP('','',#1819,#10) 
REPRESENTATION_RELATIONSHIP_WITH_TRANSFORMATION(#15814) 
SHAPE_REPRESENTATION_RELATIONSHIP() );
#15814 = ITEM_DEFINED_TRANSFORMATION('','',#11,#131);
#15815 = PRODUCT_DEFINITION_SHAPE('Placement','Placement of an item',
  #15816);
#15816 = NEXT_ASSEMBLY_USAGE_OCCURRENCE('64','C2','',#5,#1814,$);
#15817 = CONTEXT_DEPENDENT_SHAPE_REPRESENTATION(#15818,#15820);
#15818 = ( REPRESENTATION_RELATIONSHIP('','',#1819,#10) 
REPRESENTATION_RELATIONSHIP_WITH_TRANSFORMATION(#15819) 
SHAPE_REPRESENTATION_RELATIONSHIP() );
#15819 = ITEM_DEFINED_TRANSFORMATION('','',#11,#135);
#15820 = PRODUCT_DEFINITION_SHAPE('Placement','Placement of an item',
  #15821);
#15821 = NEXT_ASSEMBLY_USAGE_OCCURRENCE('65','C3','',#5,#1814,$);
#15822 = CONTEXT_DEPENDENT_SHAPE_REPRESENTATION(#15823,#15825);
#15823 = ( REPRESENTATION_RELATIONSHIP('','',#5248,#10) 
REPRESENTATION_RELATIONSHIP_WITH_TRANSFORMATION(#15824) 
SHAPE_REPRESENTATION_RELATIONSHIP() );
#15824 = ITEM_DEFINED_TRANSFORMATION('','',#11,#139);
#15825 = PRODUCT_DEFINITION_SHAPE('Placement','Placement of an item',
  #15826);
#15826 = NEXT_ASSEMBLY_USAGE_OCCURRENCE('66','C14','',#5,#5243,$);
#15827 = CONTEXT_DEPENDENT_SHAPE_REPRESENTATION(#15828,#15830);
#15828 = ( REPRESENTATION_RELATIONSHIP('','',#5248,#10) 
REPRESENTATION_RELATIONSHIP_WITH_TRANSFORMATION(#15829) 
SHAPE_REPRESENTATION_RELATIONSHIP() );
#15829 = ITEM_DEFINED_TRANSFORMATION('','',#11,#143);
#15830 = PRODUCT_DEFINITION_SHAPE('Placement','Placement of an item',
  #15831);
#15831 = NEXT_ASSEMBLY_USAGE_OCCURRENCE('67','C17','',#5,#5243,$);
#15832 = CONTEXT_DEPENDENT_SHAPE_REPRESENTATION(#15833,#15835);
#15833 = ( REPRESENTATION_RELATIONSHIP('','',#985,#10) 
REPRESENTATION_RELATIONSHIP_WITH_TRANSFORMATION(#15834) 
SHAPE_REPRESENTATION_RELATIONSHIP() );
#15834 = ITEM_DEFINED_TRANSFORMATION('','',#11,#147);
#15835 = PRODUCT_DEFINITION_SHAPE('Placement','Placement of an item',
  #15836);
#15836 = NEXT_ASSEMBLY_USAGE_OCCURRENCE('68','R3','',#5,#980,$);
#15837 = CONTEXT_DEPENDENT_SHAPE_REPRESENTATION(#15838,#15840);
#15838 = ( REPRESENTATION_RELATIONSHIP('','',#5248,#10) 
REPRESENTATION_RELATIONSHIP_WITH_TRANSFORMATION(#15839) 
SHAPE_REPRESENTATION_RELATIONSHIP() );
#15839 = ITEM_DEFINED_TRANSFORMATION('','',#11,#151);
#15840 = PRODUCT_DEFINITION_SHAPE('Placement','Placement of an item',
  #15841);
#15841 = NEXT_ASSEMBLY_USAGE_OCCURRENCE('69','C11','',#5,#5243,$);
#15842 = SHAPE_DEFINITION_REPRESENTATION(#15843,#15849);
#15843 = PRODUCT_DEFINITION_SHAPE('','',#15844);
#15844 = PRODUCT_DEFINITION('design','',#15845,#15848);
#15845 = PRODUCT_DEFINITION_FORMATION('','',#15846);
#15846 = PRODUCT('C_0603','C_0603','',(#15847));
#15847 = PRODUCT_CONTEXT('',#2,'mechanical');
#15848 = PRODUCT_DEFINITION_CONTEXT('part definition',#2,'design');
#15849 = ADVANCED_BREP_SHAPE_REPRESENTATION('',(#11,#15850),#16704);
#15850 = MANIFOLD_SOLID_BREP('',#15851);
#15851 = CLOSED_SHELL('',(#15852,#15928,#15959,#15984,#16009,#16033,
    #16057,#16082,#16107,#16124,#16210,#16242,#16266,#16291,#16315,
    #16340,#16364,#16389,#16406,#16492,#16523,#16548,#16573,#16597,
    #16621,#16646,#16671,#16688));
#15852 = ADVANCED_FACE('',(#15853),#15923,.F.);
#15853 = FACE_BOUND('',#15854,.F.);
#15854 = EDGE_LOOP('',(#15855,#15865,#15874,#15882,#15891,#15899,#15908,
    #15916));
#15855 = ORIENTED_EDGE('',*,*,#15856,.F.);
#15856 = EDGE_CURVE('',#15857,#15859,#15861,.T.);
#15857 = VERTEX_POINT('',#15858);
#15858 = CARTESIAN_POINT('',(-0.8,-0.4,3.E-02));
#15859 = VERTEX_POINT('',#15860);
#15860 = CARTESIAN_POINT('',(-0.8,-0.4,0.77));
#15861 = LINE('',#15862,#15863);
#15862 = CARTESIAN_POINT('',(-0.8,-0.4,0.));
#15863 = VECTOR('',#15864,1.);
#15864 = DIRECTION('',(0.,0.,1.));
#15865 = ORIENTED_EDGE('',*,*,#15866,.T.);
#15866 = EDGE_CURVE('',#15857,#15867,#15869,.T.);
#15867 = VERTEX_POINT('',#15868);
#15868 = CARTESIAN_POINT('',(-0.8,-0.37,0.));
#15869 = CIRCLE('',#15870,3.E-02);
#15870 = AXIS2_PLACEMENT_3D('',#15871,#15872,#15873);
#15871 = CARTESIAN_POINT('',(-0.8,-0.37,3.E-02));
#15872 = DIRECTION('',(1.,0.,-0.));
#15873 = DIRECTION('',(0.,0.,1.));
#15874 = ORIENTED_EDGE('',*,*,#15875,.T.);
#15875 = EDGE_CURVE('',#15867,#15876,#15878,.T.);
#15876 = VERTEX_POINT('',#15877);
#15877 = CARTESIAN_POINT('',(-0.8,0.37,0.));
#15878 = LINE('',#15879,#15880);
#15879 = CARTESIAN_POINT('',(-0.8,-0.4,0.));
#15880 = VECTOR('',#15881,1.);
#15881 = DIRECTION('',(0.,1.,0.));
#15882 = ORIENTED_EDGE('',*,*,#15883,.F.);
#15883 = EDGE_CURVE('',#15884,#15876,#15886,.T.);
#15884 = VERTEX_POINT('',#15885);
#15885 = CARTESIAN_POINT('',(-0.8,0.4,3.E-02));
#15886 = CIRCLE('',#15887,3.E-02);
#15887 = AXIS2_PLACEMENT_3D('',#15888,#15889,#15890);
#15888 = CARTESIAN_POINT('',(-0.8,0.37,3.E-02));
#15889 = DIRECTION('',(-1.,0.,0.));
#15890 = DIRECTION('',(0.,0.,1.));
#15891 = ORIENTED_EDGE('',*,*,#15892,.T.);
#15892 = EDGE_CURVE('',#15884,#15893,#15895,.T.);
#15893 = VERTEX_POINT('',#15894);
#15894 = CARTESIAN_POINT('',(-0.8,0.4,0.77));
#15895 = LINE('',#15896,#15897);
#15896 = CARTESIAN_POINT('',(-0.8,0.4,0.));
#15897 = VECTOR('',#15898,1.);
#15898 = DIRECTION('',(0.,0.,1.));
#15899 = ORIENTED_EDGE('',*,*,#15900,.T.);
#15900 = EDGE_CURVE('',#15893,#15901,#15903,.T.);
#15901 = VERTEX_POINT('',#15902);
#15902 = CARTESIAN_POINT('',(-0.8,0.37,0.8));
#15903 = CIRCLE('',#15904,3.E-02);
#15904 = AXIS2_PLACEMENT_3D('',#15905,#15906,#15907);
#15905 = CARTESIAN_POINT('',(-0.8,0.37,0.77));
#15906 = DIRECTION('',(1.,0.,-0.));
#15907 = DIRECTION('',(0.,0.,1.));
#15908 = ORIENTED_EDGE('',*,*,#15909,.F.);
#15909 = EDGE_CURVE('',#15910,#15901,#15912,.T.);
#15910 = VERTEX_POINT('',#15911);
#15911 = CARTESIAN_POINT('',(-0.8,-0.37,0.8));
#15912 = LINE('',#15913,#15914);
#15913 = CARTESIAN_POINT('',(-0.8,-0.4,0.8));
#15914 = VECTOR('',#15915,1.);
#15915 = DIRECTION('',(0.,1.,0.));
#15916 = ORIENTED_EDGE('',*,*,#15917,.F.);
#15917 = EDGE_CURVE('',#15859,#15910,#15918,.T.);
#15918 = CIRCLE('',#15919,3.E-02);
#15919 = AXIS2_PLACEMENT_3D('',#15920,#15921,#15922);
#15920 = CARTESIAN_POINT('',(-0.8,-0.37,0.77));
#15921 = DIRECTION('',(-1.,0.,0.));
#15922 = DIRECTION('',(0.,0.,1.));
#15923 = PLANE('',#15924);
#15924 = AXIS2_PLACEMENT_3D('',#15925,#15926,#15927);
#15925 = CARTESIAN_POINT('',(-0.8,-0.4,0.));
#15926 = DIRECTION('',(1.,0.,0.));
#15927 = DIRECTION('',(0.,0.,1.));
#15928 = ADVANCED_FACE('',(#15929),#15954,.F.);
#15929 = FACE_BOUND('',#15930,.F.);
#15930 = EDGE_LOOP('',(#15931,#15941,#15947,#15948));
#15931 = ORIENTED_EDGE('',*,*,#15932,.F.);
#15932 = EDGE_CURVE('',#15933,#15935,#15937,.T.);
#15933 = VERTEX_POINT('',#15934);
#15934 = CARTESIAN_POINT('',(-0.5,-0.4,3.E-02));
#15935 = VERTEX_POINT('',#15936);
#15936 = CARTESIAN_POINT('',(-0.5,-0.4,0.77));
#15937 = LINE('',#15938,#15939);
#15938 = CARTESIAN_POINT('',(-0.5,-0.4,0.));
#15939 = VECTOR('',#15940,1.);
#15940 = DIRECTION('',(0.,0.,1.));
#15941 = ORIENTED_EDGE('',*,*,#15942,.F.);
#15942 = EDGE_CURVE('',#15857,#15933,#15943,.T.);
#15943 = LINE('',#15944,#15945);
#15944 = CARTESIAN_POINT('',(-0.8,-0.4,3.E-02));
#15945 = VECTOR('',#15946,1.);
#15946 = DIRECTION('',(1.,0.,0.));
#15947 = ORIENTED_EDGE('',*,*,#15856,.T.);
#15948 = ORIENTED_EDGE('',*,*,#15949,.T.);
#15949 = EDGE_CURVE('',#15859,#15935,#15950,.T.);
#15950 = LINE('',#15951,#15952);
#15951 = CARTESIAN_POINT('',(-0.8,-0.4,0.77));
#15952 = VECTOR('',#15953,1.);
#15953 = DIRECTION('',(1.,0.,0.));
#15954 = PLANE('',#15955);
#15955 = AXIS2_PLACEMENT_3D('',#15956,#15957,#15958);
#15956 = CARTESIAN_POINT('',(-0.8,-0.4,0.));
#15957 = DIRECTION('',(0.,1.,0.));
#15958 = DIRECTION('',(0.,-0.,1.));
#15959 = ADVANCED_FACE('',(#15960),#15979,.T.);
#15960 = FACE_BOUND('',#15961,.T.);
#15961 = EDGE_LOOP('',(#15962,#15963,#15971,#15978));
#15962 = ORIENTED_EDGE('',*,*,#15866,.T.);
#15963 = ORIENTED_EDGE('',*,*,#15964,.T.);
#15964 = EDGE_CURVE('',#15867,#15965,#15967,.T.);
#15965 = VERTEX_POINT('',#15966);
#15966 = CARTESIAN_POINT('',(-0.5,-0.37,0.));
#15967 = LINE('',#15968,#15969);
#15968 = CARTESIAN_POINT('',(-0.8,-0.37,0.));
#15969 = VECTOR('',#15970,1.);
#15970 = DIRECTION('',(1.,0.,0.));
#15971 = ORIENTED_EDGE('',*,*,#15972,.F.);
#15972 = EDGE_CURVE('',#15933,#15965,#15973,.T.);
#15973 = CIRCLE('',#15974,3.E-02);
#15974 = AXIS2_PLACEMENT_3D('',#15975,#15976,#15977);
#15975 = CARTESIAN_POINT('',(-0.5,-0.37,3.E-02));
#15976 = DIRECTION('',(1.,0.,-0.));
#15977 = DIRECTION('',(0.,0.,1.));
#15978 = ORIENTED_EDGE('',*,*,#15942,.F.);
#15979 = CYLINDRICAL_SURFACE('',#15980,3.E-02);
#15980 = AXIS2_PLACEMENT_3D('',#15981,#15982,#15983);
#15981 = CARTESIAN_POINT('',(-0.8,-0.37,3.E-02));
#15982 = DIRECTION('',(1.,0.,0.));
#15983 = DIRECTION('',(0.,-1.,0.));
#15984 = ADVANCED_FACE('',(#15985),#16004,.T.);
#15985 = FACE_BOUND('',#15986,.T.);
#15986 = EDGE_LOOP('',(#15987,#15988,#15997,#16003));
#15987 = ORIENTED_EDGE('',*,*,#15949,.T.);
#15988 = ORIENTED_EDGE('',*,*,#15989,.T.);
#15989 = EDGE_CURVE('',#15935,#15990,#15992,.T.);
#15990 = VERTEX_POINT('',#15991);
#15991 = CARTESIAN_POINT('',(-0.5,-0.37,0.8));
#15992 = CIRCLE('',#15993,3.E-02);
#15993 = AXIS2_PLACEMENT_3D('',#15994,#15995,#15996);
#15994 = CARTESIAN_POINT('',(-0.5,-0.37,0.77));
#15995 = DIRECTION('',(-1.,0.,0.));
#15996 = DIRECTION('',(0.,0.,1.));
#15997 = ORIENTED_EDGE('',*,*,#15998,.F.);
#15998 = EDGE_CURVE('',#15910,#15990,#15999,.T.);
#15999 = LINE('',#16000,#16001);
#16000 = CARTESIAN_POINT('',(-0.8,-0.37,0.8));
#16001 = VECTOR('',#16002,1.);
#16002 = DIRECTION('',(1.,0.,0.));
#16003 = ORIENTED_EDGE('',*,*,#15917,.F.);
#16004 = CYLINDRICAL_SURFACE('',#16005,3.E-02);
#16005 = AXIS2_PLACEMENT_3D('',#16006,#16007,#16008);
#16006 = CARTESIAN_POINT('',(-0.8,-0.37,0.77));
#16007 = DIRECTION('',(1.,0.,0.));
#16008 = DIRECTION('',(0.,-1.,0.));
#16009 = ADVANCED_FACE('',(#16010),#16028,.F.);
#16010 = FACE_BOUND('',#16011,.F.);
#16011 = EDGE_LOOP('',(#16012,#16013,#16014,#16022));
#16012 = ORIENTED_EDGE('',*,*,#15875,.F.);
#16013 = ORIENTED_EDGE('',*,*,#15964,.T.);
#16014 = ORIENTED_EDGE('',*,*,#16015,.T.);
#16015 = EDGE_CURVE('',#15965,#16016,#16018,.T.);
#16016 = VERTEX_POINT('',#16017);
#16017 = CARTESIAN_POINT('',(-0.5,0.37,0.));
#16018 = LINE('',#16019,#16020);
#16019 = CARTESIAN_POINT('',(-0.5,-0.4,0.));
#16020 = VECTOR('',#16021,1.);
#16021 = DIRECTION('',(0.,1.,0.));
#16022 = ORIENTED_EDGE('',*,*,#16023,.F.);
#16023 = EDGE_CURVE('',#15876,#16016,#16024,.T.);
#16024 = LINE('',#16025,#16026);
#16025 = CARTESIAN_POINT('',(-0.8,0.37,0.));
#16026 = VECTOR('',#16027,1.);
#16027 = DIRECTION('',(1.,0.,0.));
#16028 = PLANE('',#16029);
#16029 = AXIS2_PLACEMENT_3D('',#16030,#16031,#16032);
#16030 = CARTESIAN_POINT('',(-0.8,-0.4,0.));
#16031 = DIRECTION('',(0.,0.,1.));
#16032 = DIRECTION('',(1.,0.,-0.));
#16033 = ADVANCED_FACE('',(#16034),#16052,.T.);
#16034 = FACE_BOUND('',#16035,.T.);
#16035 = EDGE_LOOP('',(#16036,#16037,#16038,#16046));
#16036 = ORIENTED_EDGE('',*,*,#15909,.F.);
#16037 = ORIENTED_EDGE('',*,*,#15998,.T.);
#16038 = ORIENTED_EDGE('',*,*,#16039,.T.);
#16039 = EDGE_CURVE('',#15990,#16040,#16042,.T.);
#16040 = VERTEX_POINT('',#16041);
#16041 = CARTESIAN_POINT('',(-0.5,0.37,0.8));
#16042 = LINE('',#16043,#16044);
#16043 = CARTESIAN_POINT('',(-0.5,-0.4,0.8));
#16044 = VECTOR('',#16045,1.);
#16045 = DIRECTION('',(0.,1.,0.));
#16046 = ORIENTED_EDGE('',*,*,#16047,.F.);
#16047 = EDGE_CURVE('',#15901,#16040,#16048,.T.);
#16048 = LINE('',#16049,#16050);
#16049 = CARTESIAN_POINT('',(-0.8,0.37,0.8));
#16050 = VECTOR('',#16051,1.);
#16051 = DIRECTION('',(1.,0.,0.));
#16052 = PLANE('',#16053);
#16053 = AXIS2_PLACEMENT_3D('',#16054,#16055,#16056);
#16054 = CARTESIAN_POINT('',(-0.8,-0.4,0.8));
#16055 = DIRECTION('',(0.,0.,1.));
#16056 = DIRECTION('',(1.,0.,-0.));
#16057 = ADVANCED_FACE('',(#16058),#16077,.T.);
#16058 = FACE_BOUND('',#16059,.T.);
#16059 = EDGE_LOOP('',(#16060,#16068,#16075,#16076));
#16060 = ORIENTED_EDGE('',*,*,#16061,.T.);
#16061 = EDGE_CURVE('',#15884,#16062,#16064,.T.);
#16062 = VERTEX_POINT('',#16063);
#16063 = CARTESIAN_POINT('',(-0.5,0.4,3.E-02));
#16064 = LINE('',#16065,#16066);
#16065 = CARTESIAN_POINT('',(-0.8,0.4,3.E-02));
#16066 = VECTOR('',#16067,1.);
#16067 = DIRECTION('',(1.,0.,0.));
#16068 = ORIENTED_EDGE('',*,*,#16069,.T.);
#16069 = EDGE_CURVE('',#16062,#16016,#16070,.T.);
#16070 = CIRCLE('',#16071,3.E-02);
#16071 = AXIS2_PLACEMENT_3D('',#16072,#16073,#16074);
#16072 = CARTESIAN_POINT('',(-0.5,0.37,3.E-02));
#16073 = DIRECTION('',(-1.,0.,0.));
#16074 = DIRECTION('',(0.,0.,1.));
#16075 = ORIENTED_EDGE('',*,*,#16023,.F.);
#16076 = ORIENTED_EDGE('',*,*,#15883,.F.);
#16077 = CYLINDRICAL_SURFACE('',#16078,3.E-02);
#16078 = AXIS2_PLACEMENT_3D('',#16079,#16080,#16081);
#16079 = CARTESIAN_POINT('',(-0.8,0.37,3.E-02));
#16080 = DIRECTION('',(1.,0.,0.));
#16081 = DIRECTION('',(-0.,1.,0.));
#16082 = ADVANCED_FACE('',(#16083),#16102,.T.);
#16083 = FACE_BOUND('',#16084,.T.);
#16084 = EDGE_LOOP('',(#16085,#16086,#16087,#16096));
#16085 = ORIENTED_EDGE('',*,*,#15900,.T.);
#16086 = ORIENTED_EDGE('',*,*,#16047,.T.);
#16087 = ORIENTED_EDGE('',*,*,#16088,.F.);
#16088 = EDGE_CURVE('',#16089,#16040,#16091,.T.);
#16089 = VERTEX_POINT('',#16090);
#16090 = CARTESIAN_POINT('',(-0.5,0.4,0.77));
#16091 = CIRCLE('',#16092,3.E-02);
#16092 = AXIS2_PLACEMENT_3D('',#16093,#16094,#16095);
#16093 = CARTESIAN_POINT('',(-0.5,0.37,0.77));
#16094 = DIRECTION('',(1.,0.,-0.));
#16095 = DIRECTION('',(0.,0.,1.));
#16096 = ORIENTED_EDGE('',*,*,#16097,.F.);
#16097 = EDGE_CURVE('',#15893,#16089,#16098,.T.);
#16098 = LINE('',#16099,#16100);
#16099 = CARTESIAN_POINT('',(-0.8,0.4,0.77));
#16100 = VECTOR('',#16101,1.);
#16101 = DIRECTION('',(1.,0.,0.));
#16102 = CYLINDRICAL_SURFACE('',#16103,3.E-02);
#16103 = AXIS2_PLACEMENT_3D('',#16104,#16105,#16106);
#16104 = CARTESIAN_POINT('',(-0.8,0.37,0.77));
#16105 = DIRECTION('',(1.,0.,0.));
#16106 = DIRECTION('',(-0.,1.,0.));
#16107 = ADVANCED_FACE('',(#16108),#16119,.T.);
#16108 = FACE_BOUND('',#16109,.T.);
#16109 = EDGE_LOOP('',(#16110,#16116,#16117,#16118));
#16110 = ORIENTED_EDGE('',*,*,#16111,.F.);
#16111 = EDGE_CURVE('',#16062,#16089,#16112,.T.);
#16112 = LINE('',#16113,#16114);
#16113 = CARTESIAN_POINT('',(-0.5,0.4,0.));
#16114 = VECTOR('',#16115,1.);
#16115 = DIRECTION('',(0.,0.,1.));
#16116 = ORIENTED_EDGE('',*,*,#16061,.F.);
#16117 = ORIENTED_EDGE('',*,*,#15892,.T.);
#16118 = ORIENTED_EDGE('',*,*,#16097,.T.);
#16119 = PLANE('',#16120);
#16120 = AXIS2_PLACEMENT_3D('',#16121,#16122,#16123);
#16121 = CARTESIAN_POINT('',(-0.8,0.4,0.));
#16122 = DIRECTION('',(0.,1.,0.));
#16123 = DIRECTION('',(0.,-0.,1.));
#16124 = ADVANCED_FACE('',(#16125,#16135),#16205,.T.);
#16125 = FACE_BOUND('',#16126,.T.);
#16126 = EDGE_LOOP('',(#16127,#16128,#16129,#16130,#16131,#16132,#16133,
    #16134));
#16127 = ORIENTED_EDGE('',*,*,#15932,.F.);
#16128 = ORIENTED_EDGE('',*,*,#15972,.T.);
#16129 = ORIENTED_EDGE('',*,*,#16015,.T.);
#16130 = ORIENTED_EDGE('',*,*,#16069,.F.);
#16131 = ORIENTED_EDGE('',*,*,#16111,.T.);
#16132 = ORIENTED_EDGE('',*,*,#16088,.T.);
#16133 = ORIENTED_EDGE('',*,*,#16039,.F.);
#16134 = ORIENTED_EDGE('',*,*,#15989,.F.);
#16135 = FACE_BOUND('',#16136,.T.);
#16136 = EDGE_LOOP('',(#16137,#16148,#16156,#16165,#16173,#16182,#16190,
    #16199));
#16137 = ORIENTED_EDGE('',*,*,#16138,.F.);
#16138 = EDGE_CURVE('',#16139,#16141,#16143,.T.);
#16139 = VERTEX_POINT('',#16140);
#16140 = CARTESIAN_POINT('',(-0.5,-0.37,6.E-02));
#16141 = VERTEX_POINT('',#16142);
#16142 = CARTESIAN_POINT('',(-0.5,-0.34,3.E-02));
#16143 = CIRCLE('',#16144,3.E-02);
#16144 = AXIS2_PLACEMENT_3D('',#16145,#16146,#16147);
#16145 = CARTESIAN_POINT('',(-0.5,-0.34,6.E-02));
#16146 = DIRECTION('',(1.,0.,-0.));
#16147 = DIRECTION('',(0.,0.,1.));
#16148 = ORIENTED_EDGE('',*,*,#16149,.T.);
#16149 = EDGE_CURVE('',#16139,#16150,#16152,.T.);
#16150 = VERTEX_POINT('',#16151);
#16151 = CARTESIAN_POINT('',(-0.5,-0.37,0.74));
#16152 = LINE('',#16153,#16154);
#16153 = CARTESIAN_POINT('',(-0.5,-0.37,3.E-02));
#16154 = VECTOR('',#16155,1.);
#16155 = DIRECTION('',(0.,0.,1.));
#16156 = ORIENTED_EDGE('',*,*,#16157,.T.);
#16157 = EDGE_CURVE('',#16150,#16158,#16160,.T.);
#16158 = VERTEX_POINT('',#16159);
#16159 = CARTESIAN_POINT('',(-0.5,-0.34,0.77));
#16160 = CIRCLE('',#16161,3.E-02);
#16161 = AXIS2_PLACEMENT_3D('',#16162,#16163,#16164);
#16162 = CARTESIAN_POINT('',(-0.5,-0.34,0.74));
#16163 = DIRECTION('',(-1.,0.,0.));
#16164 = DIRECTION('',(0.,0.,1.));
#16165 = ORIENTED_EDGE('',*,*,#16166,.T.);
#16166 = EDGE_CURVE('',#16158,#16167,#16169,.T.);
#16167 = VERTEX_POINT('',#16168);
#16168 = CARTESIAN_POINT('',(-0.5,0.34,0.77));
#16169 = LINE('',#16170,#16171);
#16170 = CARTESIAN_POINT('',(-0.5,-0.37,0.77));
#16171 = VECTOR('',#16172,1.);
#16172 = DIRECTION('',(0.,1.,0.));
#16173 = ORIENTED_EDGE('',*,*,#16174,.F.);
#16174 = EDGE_CURVE('',#16175,#16167,#16177,.T.);
#16175 = VERTEX_POINT('',#16176);
#16176 = CARTESIAN_POINT('',(-0.5,0.37,0.74));
#16177 = CIRCLE('',#16178,3.E-02);
#16178 = AXIS2_PLACEMENT_3D('',#16179,#16180,#16181);
#16179 = CARTESIAN_POINT('',(-0.5,0.34,0.74));
#16180 = DIRECTION('',(1.,0.,-0.));
#16181 = DIRECTION('',(0.,0.,1.));
#16182 = ORIENTED_EDGE('',*,*,#16183,.F.);
#16183 = EDGE_CURVE('',#16184,#16175,#16186,.T.);
#16184 = VERTEX_POINT('',#16185);
#16185 = CARTESIAN_POINT('',(-0.5,0.37,6.E-02));
#16186 = LINE('',#16187,#16188);
#16187 = CARTESIAN_POINT('',(-0.5,0.37,3.E-02));
#16188 = VECTOR('',#16189,1.);
#16189 = DIRECTION('',(0.,0.,1.));
#16190 = ORIENTED_EDGE('',*,*,#16191,.T.);
#16191 = EDGE_CURVE('',#16184,#16192,#16194,.T.);
#16192 = VERTEX_POINT('',#16193);
#16193 = CARTESIAN_POINT('',(-0.5,0.34,3.E-02));
#16194 = CIRCLE('',#16195,3.E-02);
#16195 = AXIS2_PLACEMENT_3D('',#16196,#16197,#16198);
#16196 = CARTESIAN_POINT('',(-0.5,0.34,6.E-02));
#16197 = DIRECTION('',(-1.,0.,0.));
#16198 = DIRECTION('',(0.,0.,1.));
#16199 = ORIENTED_EDGE('',*,*,#16200,.F.);
#16200 = EDGE_CURVE('',#16141,#16192,#16201,.T.);
#16201 = LINE('',#16202,#16203);
#16202 = CARTESIAN_POINT('',(-0.5,-0.37,3.E-02));
#16203 = VECTOR('',#16204,1.);
#16204 = DIRECTION('',(0.,1.,0.));
#16205 = PLANE('',#16206);
#16206 = AXIS2_PLACEMENT_3D('',#16207,#16208,#16209);
#16207 = CARTESIAN_POINT('',(-0.5,-0.4,0.));
#16208 = DIRECTION('',(1.,0.,0.));
#16209 = DIRECTION('',(0.,0.,1.));
#16210 = ADVANCED_FACE('',(#16211),#16237,.T.);
#16211 = FACE_BOUND('',#16212,.T.);
#16212 = EDGE_LOOP('',(#16213,#16214,#16222,#16231));
#16213 = ORIENTED_EDGE('',*,*,#16138,.T.);
#16214 = ORIENTED_EDGE('',*,*,#16215,.T.);
#16215 = EDGE_CURVE('',#16141,#16216,#16218,.T.);
#16216 = VERTEX_POINT('',#16217);
#16217 = CARTESIAN_POINT('',(0.5,-0.34,3.E-02));
#16218 = LINE('',#16219,#16220);
#16219 = CARTESIAN_POINT('',(-0.5,-0.34,3.E-02));
#16220 = VECTOR('',#16221,1.);
#16221 = DIRECTION('',(1.,0.,0.));
#16222 = ORIENTED_EDGE('',*,*,#16223,.F.);
#16223 = EDGE_CURVE('',#16224,#16216,#16226,.T.);
#16224 = VERTEX_POINT('',#16225);
#16225 = CARTESIAN_POINT('',(0.5,-0.37,6.E-02));
#16226 = CIRCLE('',#16227,3.E-02);
#16227 = AXIS2_PLACEMENT_3D('',#16228,#16229,#16230);
#16228 = CARTESIAN_POINT('',(0.5,-0.34,6.E-02));
#16229 = DIRECTION('',(1.,0.,-0.));
#16230 = DIRECTION('',(0.,0.,1.));
#16231 = ORIENTED_EDGE('',*,*,#16232,.F.);
#16232 = EDGE_CURVE('',#16139,#16224,#16233,.T.);
#16233 = LINE('',#16234,#16235);
#16234 = CARTESIAN_POINT('',(-0.5,-0.37,6.E-02));
#16235 = VECTOR('',#16236,1.);
#16236 = DIRECTION('',(1.,0.,0.));
#16237 = CYLINDRICAL_SURFACE('',#16238,3.E-02);
#16238 = AXIS2_PLACEMENT_3D('',#16239,#16240,#16241);
#16239 = CARTESIAN_POINT('',(-0.5,-0.34,6.E-02));
#16240 = DIRECTION('',(1.,0.,0.));
#16241 = DIRECTION('',(0.,-1.,0.));
#16242 = ADVANCED_FACE('',(#16243),#16261,.F.);
#16243 = FACE_BOUND('',#16244,.F.);
#16244 = EDGE_LOOP('',(#16245,#16246,#16247,#16255));
#16245 = ORIENTED_EDGE('',*,*,#16200,.F.);
#16246 = ORIENTED_EDGE('',*,*,#16215,.T.);
#16247 = ORIENTED_EDGE('',*,*,#16248,.T.);
#16248 = EDGE_CURVE('',#16216,#16249,#16251,.T.);
#16249 = VERTEX_POINT('',#16250);
#16250 = CARTESIAN_POINT('',(0.5,0.34,3.E-02));
#16251 = LINE('',#16252,#16253);
#16252 = CARTESIAN_POINT('',(0.5,-0.37,3.E-02));
#16253 = VECTOR('',#16254,1.);
#16254 = DIRECTION('',(0.,1.,0.));
#16255 = ORIENTED_EDGE('',*,*,#16256,.F.);
#16256 = EDGE_CURVE('',#16192,#16249,#16257,.T.);
#16257 = LINE('',#16258,#16259);
#16258 = CARTESIAN_POINT('',(-0.5,0.34,3.E-02));
#16259 = VECTOR('',#16260,1.);
#16260 = DIRECTION('',(1.,0.,0.));
#16261 = PLANE('',#16262);
#16262 = AXIS2_PLACEMENT_3D('',#16263,#16264,#16265);
#16263 = CARTESIAN_POINT('',(-0.5,-0.37,3.E-02));
#16264 = DIRECTION('',(0.,0.,1.));
#16265 = DIRECTION('',(1.,0.,-0.));
#16266 = ADVANCED_FACE('',(#16267),#16286,.T.);
#16267 = FACE_BOUND('',#16268,.T.);
#16268 = EDGE_LOOP('',(#16269,#16277,#16284,#16285));
#16269 = ORIENTED_EDGE('',*,*,#16270,.T.);
#16270 = EDGE_CURVE('',#16184,#16271,#16273,.T.);
#16271 = VERTEX_POINT('',#16272);
#16272 = CARTESIAN_POINT('',(0.5,0.37,6.E-02));
#16273 = LINE('',#16274,#16275);
#16274 = CARTESIAN_POINT('',(-0.5,0.37,6.E-02));
#16275 = VECTOR('',#16276,1.);
#16276 = DIRECTION('',(1.,0.,0.));
#16277 = ORIENTED_EDGE('',*,*,#16278,.T.);
#16278 = EDGE_CURVE('',#16271,#16249,#16279,.T.);
#16279 = CIRCLE('',#16280,3.E-02);
#16280 = AXIS2_PLACEMENT_3D('',#16281,#16282,#16283);
#16281 = CARTESIAN_POINT('',(0.5,0.34,6.E-02));
#16282 = DIRECTION('',(-1.,0.,0.));
#16283 = DIRECTION('',(0.,0.,1.));
#16284 = ORIENTED_EDGE('',*,*,#16256,.F.);
#16285 = ORIENTED_EDGE('',*,*,#16191,.F.);
#16286 = CYLINDRICAL_SURFACE('',#16287,3.E-02);
#16287 = AXIS2_PLACEMENT_3D('',#16288,#16289,#16290);
#16288 = CARTESIAN_POINT('',(-0.5,0.34,6.E-02));
#16289 = DIRECTION('',(1.,0.,0.));
#16290 = DIRECTION('',(-0.,1.,0.));
#16291 = ADVANCED_FACE('',(#16292),#16310,.T.);
#16292 = FACE_BOUND('',#16293,.T.);
#16293 = EDGE_LOOP('',(#16294,#16302,#16303,#16304));
#16294 = ORIENTED_EDGE('',*,*,#16295,.F.);
#16295 = EDGE_CURVE('',#16271,#16296,#16298,.T.);
#16296 = VERTEX_POINT('',#16297);
#16297 = CARTESIAN_POINT('',(0.5,0.37,0.74));
#16298 = LINE('',#16299,#16300);
#16299 = CARTESIAN_POINT('',(0.5,0.37,3.E-02));
#16300 = VECTOR('',#16301,1.);
#16301 = DIRECTION('',(0.,0.,1.));
#16302 = ORIENTED_EDGE('',*,*,#16270,.F.);
#16303 = ORIENTED_EDGE('',*,*,#16183,.T.);
#16304 = ORIENTED_EDGE('',*,*,#16305,.T.);
#16305 = EDGE_CURVE('',#16175,#16296,#16306,.T.);
#16306 = LINE('',#16307,#16308);
#16307 = CARTESIAN_POINT('',(-0.5,0.37,0.74));
#16308 = VECTOR('',#16309,1.);
#16309 = DIRECTION('',(1.,0.,0.));
#16310 = PLANE('',#16311);
#16311 = AXIS2_PLACEMENT_3D('',#16312,#16313,#16314);
#16312 = CARTESIAN_POINT('',(-0.5,0.37,3.E-02));
#16313 = DIRECTION('',(0.,1.,0.));
#16314 = DIRECTION('',(0.,-0.,1.));
#16315 = ADVANCED_FACE('',(#16316),#16335,.T.);
#16316 = FACE_BOUND('',#16317,.T.);
#16317 = EDGE_LOOP('',(#16318,#16319,#16327,#16334));
#16318 = ORIENTED_EDGE('',*,*,#16174,.T.);
#16319 = ORIENTED_EDGE('',*,*,#16320,.T.);
#16320 = EDGE_CURVE('',#16167,#16321,#16323,.T.);
#16321 = VERTEX_POINT('',#16322);
#16322 = CARTESIAN_POINT('',(0.5,0.34,0.77));
#16323 = LINE('',#16324,#16325);
#16324 = CARTESIAN_POINT('',(-0.5,0.34,0.77));
#16325 = VECTOR('',#16326,1.);
#16326 = DIRECTION('',(1.,0.,0.));
#16327 = ORIENTED_EDGE('',*,*,#16328,.F.);
#16328 = EDGE_CURVE('',#16296,#16321,#16329,.T.);
#16329 = CIRCLE('',#16330,3.E-02);
#16330 = AXIS2_PLACEMENT_3D('',#16331,#16332,#16333);
#16331 = CARTESIAN_POINT('',(0.5,0.34,0.74));
#16332 = DIRECTION('',(1.,0.,-0.));
#16333 = DIRECTION('',(0.,0.,1.));
#16334 = ORIENTED_EDGE('',*,*,#16305,.F.);
#16335 = CYLINDRICAL_SURFACE('',#16336,3.E-02);
#16336 = AXIS2_PLACEMENT_3D('',#16337,#16338,#16339);
#16337 = CARTESIAN_POINT('',(-0.5,0.34,0.74));
#16338 = DIRECTION('',(1.,0.,0.));
#16339 = DIRECTION('',(-0.,1.,0.));
#16340 = ADVANCED_FACE('',(#16341),#16359,.T.);
#16341 = FACE_BOUND('',#16342,.T.);
#16342 = EDGE_LOOP('',(#16343,#16344,#16352,#16358));
#16343 = ORIENTED_EDGE('',*,*,#16166,.F.);
#16344 = ORIENTED_EDGE('',*,*,#16345,.T.);
#16345 = EDGE_CURVE('',#16158,#16346,#16348,.T.);
#16346 = VERTEX_POINT('',#16347);
#16347 = CARTESIAN_POINT('',(0.5,-0.34,0.77));
#16348 = LINE('',#16349,#16350);
#16349 = CARTESIAN_POINT('',(-0.5,-0.34,0.77));
#16350 = VECTOR('',#16351,1.);
#16351 = DIRECTION('',(1.,0.,0.));
#16352 = ORIENTED_EDGE('',*,*,#16353,.T.);
#16353 = EDGE_CURVE('',#16346,#16321,#16354,.T.);
#16354 = LINE('',#16355,#16356);
#16355 = CARTESIAN_POINT('',(0.5,-0.37,0.77));
#16356 = VECTOR('',#16357,1.);
#16357 = DIRECTION('',(0.,1.,0.));
#16358 = ORIENTED_EDGE('',*,*,#16320,.F.);
#16359 = PLANE('',#16360);
#16360 = AXIS2_PLACEMENT_3D('',#16361,#16362,#16363);
#16361 = CARTESIAN_POINT('',(-0.5,-0.37,0.77));
#16362 = DIRECTION('',(0.,0.,1.));
#16363 = DIRECTION('',(1.,0.,-0.));
#16364 = ADVANCED_FACE('',(#16365),#16384,.T.);
#16365 = FACE_BOUND('',#16366,.T.);
#16366 = EDGE_LOOP('',(#16367,#16375,#16382,#16383));
#16367 = ORIENTED_EDGE('',*,*,#16368,.T.);
#16368 = EDGE_CURVE('',#16150,#16369,#16371,.T.);
#16369 = VERTEX_POINT('',#16370);
#16370 = CARTESIAN_POINT('',(0.5,-0.37,0.74));
#16371 = LINE('',#16372,#16373);
#16372 = CARTESIAN_POINT('',(-0.5,-0.37,0.74));
#16373 = VECTOR('',#16374,1.);
#16374 = DIRECTION('',(1.,0.,0.));
#16375 = ORIENTED_EDGE('',*,*,#16376,.T.);
#16376 = EDGE_CURVE('',#16369,#16346,#16377,.T.);
#16377 = CIRCLE('',#16378,3.E-02);
#16378 = AXIS2_PLACEMENT_3D('',#16379,#16380,#16381);
#16379 = CARTESIAN_POINT('',(0.5,-0.34,0.74));
#16380 = DIRECTION('',(-1.,0.,0.));
#16381 = DIRECTION('',(0.,0.,1.));
#16382 = ORIENTED_EDGE('',*,*,#16345,.F.);
#16383 = ORIENTED_EDGE('',*,*,#16157,.F.);
#16384 = CYLINDRICAL_SURFACE('',#16385,3.E-02);
#16385 = AXIS2_PLACEMENT_3D('',#16386,#16387,#16388);
#16386 = CARTESIAN_POINT('',(-0.5,-0.34,0.74));
#16387 = DIRECTION('',(1.,0.,0.));
#16388 = DIRECTION('',(0.,-1.,0.));
#16389 = ADVANCED_FACE('',(#16390),#16401,.F.);
#16390 = FACE_BOUND('',#16391,.F.);
#16391 = EDGE_LOOP('',(#16392,#16398,#16399,#16400));
#16392 = ORIENTED_EDGE('',*,*,#16393,.F.);
#16393 = EDGE_CURVE('',#16224,#16369,#16394,.T.);
#16394 = LINE('',#16395,#16396);
#16395 = CARTESIAN_POINT('',(0.5,-0.37,3.E-02));
#16396 = VECTOR('',#16397,1.);
#16397 = DIRECTION('',(0.,0.,1.));
#16398 = ORIENTED_EDGE('',*,*,#16232,.F.);
#16399 = ORIENTED_EDGE('',*,*,#16149,.T.);
#16400 = ORIENTED_EDGE('',*,*,#16368,.T.);
#16401 = PLANE('',#16402);
#16402 = AXIS2_PLACEMENT_3D('',#16403,#16404,#16405);
#16403 = CARTESIAN_POINT('',(-0.5,-0.37,3.E-02));
#16404 = DIRECTION('',(0.,1.,0.));
#16405 = DIRECTION('',(0.,-0.,1.));
#16406 = ADVANCED_FACE('',(#16407,#16477),#16487,.F.);
#16407 = FACE_BOUND('',#16408,.F.);
#16408 = EDGE_LOOP('',(#16409,#16419,#16428,#16436,#16445,#16453,#16462,
    #16470));
#16409 = ORIENTED_EDGE('',*,*,#16410,.F.);
#16410 = EDGE_CURVE('',#16411,#16413,#16415,.T.);
#16411 = VERTEX_POINT('',#16412);
#16412 = CARTESIAN_POINT('',(0.5,-0.4,3.E-02));
#16413 = VERTEX_POINT('',#16414);
#16414 = CARTESIAN_POINT('',(0.5,-0.4,0.77));
#16415 = LINE('',#16416,#16417);
#16416 = CARTESIAN_POINT('',(0.5,-0.4,0.));
#16417 = VECTOR('',#16418,1.);
#16418 = DIRECTION('',(0.,0.,1.));
#16419 = ORIENTED_EDGE('',*,*,#16420,.T.);
#16420 = EDGE_CURVE('',#16411,#16421,#16423,.T.);
#16421 = VERTEX_POINT('',#16422);
#16422 = CARTESIAN_POINT('',(0.5,-0.37,0.));
#16423 = CIRCLE('',#16424,3.E-02);
#16424 = AXIS2_PLACEMENT_3D('',#16425,#16426,#16427);
#16425 = CARTESIAN_POINT('',(0.5,-0.37,3.E-02));
#16426 = DIRECTION('',(1.,0.,-0.));
#16427 = DIRECTION('',(0.,0.,1.));
#16428 = ORIENTED_EDGE('',*,*,#16429,.T.);
#16429 = EDGE_CURVE('',#16421,#16430,#16432,.T.);
#16430 = VERTEX_POINT('',#16431);
#16431 = CARTESIAN_POINT('',(0.5,0.37,0.));
#16432 = LINE('',#16433,#16434);
#16433 = CARTESIAN_POINT('',(0.5,-0.4,0.));
#16434 = VECTOR('',#16435,1.);
#16435 = DIRECTION('',(0.,1.,0.));
#16436 = ORIENTED_EDGE('',*,*,#16437,.F.);
#16437 = EDGE_CURVE('',#16438,#16430,#16440,.T.);
#16438 = VERTEX_POINT('',#16439);
#16439 = CARTESIAN_POINT('',(0.5,0.4,3.E-02));
#16440 = CIRCLE('',#16441,3.E-02);
#16441 = AXIS2_PLACEMENT_3D('',#16442,#16443,#16444);
#16442 = CARTESIAN_POINT('',(0.5,0.37,3.E-02));
#16443 = DIRECTION('',(-1.,0.,0.));
#16444 = DIRECTION('',(0.,0.,1.));
#16445 = ORIENTED_EDGE('',*,*,#16446,.T.);
#16446 = EDGE_CURVE('',#16438,#16447,#16449,.T.);
#16447 = VERTEX_POINT('',#16448);
#16448 = CARTESIAN_POINT('',(0.5,0.4,0.77));
#16449 = LINE('',#16450,#16451);
#16450 = CARTESIAN_POINT('',(0.5,0.4,0.));
#16451 = VECTOR('',#16452,1.);
#16452 = DIRECTION('',(0.,0.,1.));
#16453 = ORIENTED_EDGE('',*,*,#16454,.T.);
#16454 = EDGE_CURVE('',#16447,#16455,#16457,.T.);
#16455 = VERTEX_POINT('',#16456);
#16456 = CARTESIAN_POINT('',(0.5,0.37,0.8));
#16457 = CIRCLE('',#16458,3.E-02);
#16458 = AXIS2_PLACEMENT_3D('',#16459,#16460,#16461);
#16459 = CARTESIAN_POINT('',(0.5,0.37,0.77));
#16460 = DIRECTION('',(1.,0.,-0.));
#16461 = DIRECTION('',(0.,0.,1.));
#16462 = ORIENTED_EDGE('',*,*,#16463,.F.);
#16463 = EDGE_CURVE('',#16464,#16455,#16466,.T.);
#16464 = VERTEX_POINT('',#16465);
#16465 = CARTESIAN_POINT('',(0.5,-0.37,0.8));
#16466 = LINE('',#16467,#16468);
#16467 = CARTESIAN_POINT('',(0.5,-0.4,0.8));
#16468 = VECTOR('',#16469,1.);
#16469 = DIRECTION('',(0.,1.,0.));
#16470 = ORIENTED_EDGE('',*,*,#16471,.F.);
#16471 = EDGE_CURVE('',#16413,#16464,#16472,.T.);
#16472 = CIRCLE('',#16473,3.E-02);
#16473 = AXIS2_PLACEMENT_3D('',#16474,#16475,#16476);
#16474 = CARTESIAN_POINT('',(0.5,-0.37,0.77));
#16475 = DIRECTION('',(-1.,0.,0.));
#16476 = DIRECTION('',(0.,0.,1.));
#16477 = FACE_BOUND('',#16478,.F.);
#16478 = EDGE_LOOP('',(#16479,#16480,#16481,#16482,#16483,#16484,#16485,
    #16486));
#16479 = ORIENTED_EDGE('',*,*,#16223,.F.);
#16480 = ORIENTED_EDGE('',*,*,#16393,.T.);
#16481 = ORIENTED_EDGE('',*,*,#16376,.T.);
#16482 = ORIENTED_EDGE('',*,*,#16353,.T.);
#16483 = ORIENTED_EDGE('',*,*,#16328,.F.);
#16484 = ORIENTED_EDGE('',*,*,#16295,.F.);
#16485 = ORIENTED_EDGE('',*,*,#16278,.T.);
#16486 = ORIENTED_EDGE('',*,*,#16248,.F.);
#16487 = PLANE('',#16488);
#16488 = AXIS2_PLACEMENT_3D('',#16489,#16490,#16491);
#16489 = CARTESIAN_POINT('',(0.5,-0.4,0.));
#16490 = DIRECTION('',(1.,0.,0.));
#16491 = DIRECTION('',(0.,0.,1.));
#16492 = ADVANCED_FACE('',(#16493),#16518,.F.);
#16493 = FACE_BOUND('',#16494,.F.);
#16494 = EDGE_LOOP('',(#16495,#16505,#16511,#16512));
#16495 = ORIENTED_EDGE('',*,*,#16496,.F.);
#16496 = EDGE_CURVE('',#16497,#16499,#16501,.T.);
#16497 = VERTEX_POINT('',#16498);
#16498 = CARTESIAN_POINT('',(0.8,-0.4,3.E-02));
#16499 = VERTEX_POINT('',#16500);
#16500 = CARTESIAN_POINT('',(0.8,-0.4,0.77));
#16501 = LINE('',#16502,#16503);
#16502 = CARTESIAN_POINT('',(0.8,-0.4,0.));
#16503 = VECTOR('',#16504,1.);
#16504 = DIRECTION('',(0.,0.,1.));
#16505 = ORIENTED_EDGE('',*,*,#16506,.F.);
#16506 = EDGE_CURVE('',#16411,#16497,#16507,.T.);
#16507 = LINE('',#16508,#16509);
#16508 = CARTESIAN_POINT('',(0.5,-0.4,3.E-02));
#16509 = VECTOR('',#16510,1.);
#16510 = DIRECTION('',(1.,0.,0.));
#16511 = ORIENTED_EDGE('',*,*,#16410,.T.);
#16512 = ORIENTED_EDGE('',*,*,#16513,.T.);
#16513 = EDGE_CURVE('',#16413,#16499,#16514,.T.);
#16514 = LINE('',#16515,#16516);
#16515 = CARTESIAN_POINT('',(0.5,-0.4,0.77));
#16516 = VECTOR('',#16517,1.);
#16517 = DIRECTION('',(1.,0.,0.));
#16518 = PLANE('',#16519);
#16519 = AXIS2_PLACEMENT_3D('',#16520,#16521,#16522);
#16520 = CARTESIAN_POINT('',(0.5,-0.4,0.));
#16521 = DIRECTION('',(0.,1.,0.));
#16522 = DIRECTION('',(0.,-0.,1.));
#16523 = ADVANCED_FACE('',(#16524),#16543,.T.);
#16524 = FACE_BOUND('',#16525,.T.);
#16525 = EDGE_LOOP('',(#16526,#16527,#16535,#16542));
#16526 = ORIENTED_EDGE('',*,*,#16420,.T.);
#16527 = ORIENTED_EDGE('',*,*,#16528,.T.);
#16528 = EDGE_CURVE('',#16421,#16529,#16531,.T.);
#16529 = VERTEX_POINT('',#16530);
#16530 = CARTESIAN_POINT('',(0.8,-0.37,0.));
#16531 = LINE('',#16532,#16533);
#16532 = CARTESIAN_POINT('',(0.5,-0.37,0.));
#16533 = VECTOR('',#16534,1.);
#16534 = DIRECTION('',(1.,0.,0.));
#16535 = ORIENTED_EDGE('',*,*,#16536,.F.);
#16536 = EDGE_CURVE('',#16497,#16529,#16537,.T.);
#16537 = CIRCLE('',#16538,3.E-02);
#16538 = AXIS2_PLACEMENT_3D('',#16539,#16540,#16541);
#16539 = CARTESIAN_POINT('',(0.8,-0.37,3.E-02));
#16540 = DIRECTION('',(1.,0.,-0.));
#16541 = DIRECTION('',(0.,0.,1.));
#16542 = ORIENTED_EDGE('',*,*,#16506,.F.);
#16543 = CYLINDRICAL_SURFACE('',#16544,3.E-02);
#16544 = AXIS2_PLACEMENT_3D('',#16545,#16546,#16547);
#16545 = CARTESIAN_POINT('',(0.5,-0.37,3.E-02));
#16546 = DIRECTION('',(1.,0.,0.));
#16547 = DIRECTION('',(0.,-1.,0.));
#16548 = ADVANCED_FACE('',(#16549),#16568,.T.);
#16549 = FACE_BOUND('',#16550,.T.);
#16550 = EDGE_LOOP('',(#16551,#16552,#16561,#16567));
#16551 = ORIENTED_EDGE('',*,*,#16513,.T.);
#16552 = ORIENTED_EDGE('',*,*,#16553,.T.);
#16553 = EDGE_CURVE('',#16499,#16554,#16556,.T.);
#16554 = VERTEX_POINT('',#16555);
#16555 = CARTESIAN_POINT('',(0.8,-0.37,0.8));
#16556 = CIRCLE('',#16557,3.E-02);
#16557 = AXIS2_PLACEMENT_3D('',#16558,#16559,#16560);
#16558 = CARTESIAN_POINT('',(0.8,-0.37,0.77));
#16559 = DIRECTION('',(-1.,0.,0.));
#16560 = DIRECTION('',(0.,0.,1.));
#16561 = ORIENTED_EDGE('',*,*,#16562,.F.);
#16562 = EDGE_CURVE('',#16464,#16554,#16563,.T.);
#16563 = LINE('',#16564,#16565);
#16564 = CARTESIAN_POINT('',(0.5,-0.37,0.8));
#16565 = VECTOR('',#16566,1.);
#16566 = DIRECTION('',(1.,0.,0.));
#16567 = ORIENTED_EDGE('',*,*,#16471,.F.);
#16568 = CYLINDRICAL_SURFACE('',#16569,3.E-02);
#16569 = AXIS2_PLACEMENT_3D('',#16570,#16571,#16572);
#16570 = CARTESIAN_POINT('',(0.5,-0.37,0.77));
#16571 = DIRECTION('',(1.,0.,0.));
#16572 = DIRECTION('',(0.,-1.,0.));
#16573 = ADVANCED_FACE('',(#16574),#16592,.F.);
#16574 = FACE_BOUND('',#16575,.F.);
#16575 = EDGE_LOOP('',(#16576,#16577,#16578,#16586));
#16576 = ORIENTED_EDGE('',*,*,#16429,.F.);
#16577 = ORIENTED_EDGE('',*,*,#16528,.T.);
#16578 = ORIENTED_EDGE('',*,*,#16579,.T.);
#16579 = EDGE_CURVE('',#16529,#16580,#16582,.T.);
#16580 = VERTEX_POINT('',#16581);
#16581 = CARTESIAN_POINT('',(0.8,0.37,0.));
#16582 = LINE('',#16583,#16584);
#16583 = CARTESIAN_POINT('',(0.8,-0.4,0.));
#16584 = VECTOR('',#16585,1.);
#16585 = DIRECTION('',(0.,1.,0.));
#16586 = ORIENTED_EDGE('',*,*,#16587,.F.);
#16587 = EDGE_CURVE('',#16430,#16580,#16588,.T.);
#16588 = LINE('',#16589,#16590);
#16589 = CARTESIAN_POINT('',(0.5,0.37,0.));
#16590 = VECTOR('',#16591,1.);
#16591 = DIRECTION('',(1.,0.,0.));
#16592 = PLANE('',#16593);
#16593 = AXIS2_PLACEMENT_3D('',#16594,#16595,#16596);
#16594 = CARTESIAN_POINT('',(0.5,-0.4,0.));
#16595 = DIRECTION('',(0.,0.,1.));
#16596 = DIRECTION('',(1.,0.,-0.));
#16597 = ADVANCED_FACE('',(#16598),#16616,.T.);
#16598 = FACE_BOUND('',#16599,.T.);
#16599 = EDGE_LOOP('',(#16600,#16601,#16602,#16610));
#16600 = ORIENTED_EDGE('',*,*,#16463,.F.);
#16601 = ORIENTED_EDGE('',*,*,#16562,.T.);
#16602 = ORIENTED_EDGE('',*,*,#16603,.T.);
#16603 = EDGE_CURVE('',#16554,#16604,#16606,.T.);
#16604 = VERTEX_POINT('',#16605);
#16605 = CARTESIAN_POINT('',(0.8,0.37,0.8));
#16606 = LINE('',#16607,#16608);
#16607 = CARTESIAN_POINT('',(0.8,-0.4,0.8));
#16608 = VECTOR('',#16609,1.);
#16609 = DIRECTION('',(0.,1.,0.));
#16610 = ORIENTED_EDGE('',*,*,#16611,.F.);
#16611 = EDGE_CURVE('',#16455,#16604,#16612,.T.);
#16612 = LINE('',#16613,#16614);
#16613 = CARTESIAN_POINT('',(0.5,0.37,0.8));
#16614 = VECTOR('',#16615,1.);
#16615 = DIRECTION('',(1.,0.,0.));
#16616 = PLANE('',#16617);
#16617 = AXIS2_PLACEMENT_3D('',#16618,#16619,#16620);
#16618 = CARTESIAN_POINT('',(0.5,-0.4,0.8));
#16619 = DIRECTION('',(0.,0.,1.));
#16620 = DIRECTION('',(1.,0.,-0.));
#16621 = ADVANCED_FACE('',(#16622),#16641,.T.);
#16622 = FACE_BOUND('',#16623,.T.);
#16623 = EDGE_LOOP('',(#16624,#16632,#16639,#16640));
#16624 = ORIENTED_EDGE('',*,*,#16625,.T.);
#16625 = EDGE_CURVE('',#16438,#16626,#16628,.T.);
#16626 = VERTEX_POINT('',#16627);
#16627 = CARTESIAN_POINT('',(0.8,0.4,3.E-02));
#16628 = LINE('',#16629,#16630);
#16629 = CARTESIAN_POINT('',(0.5,0.4,3.E-02));
#16630 = VECTOR('',#16631,1.);
#16631 = DIRECTION('',(1.,0.,0.));
#16632 = ORIENTED_EDGE('',*,*,#16633,.T.);
#16633 = EDGE_CURVE('',#16626,#16580,#16634,.T.);
#16634 = CIRCLE('',#16635,3.E-02);
#16635 = AXIS2_PLACEMENT_3D('',#16636,#16637,#16638);
#16636 = CARTESIAN_POINT('',(0.8,0.37,3.E-02));
#16637 = DIRECTION('',(-1.,0.,0.));
#16638 = DIRECTION('',(0.,0.,1.));
#16639 = ORIENTED_EDGE('',*,*,#16587,.F.);
#16640 = ORIENTED_EDGE('',*,*,#16437,.F.);
#16641 = CYLINDRICAL_SURFACE('',#16642,3.E-02);
#16642 = AXIS2_PLACEMENT_3D('',#16643,#16644,#16645);
#16643 = CARTESIAN_POINT('',(0.5,0.37,3.E-02));
#16644 = DIRECTION('',(1.,0.,0.));
#16645 = DIRECTION('',(-0.,1.,0.));
#16646 = ADVANCED_FACE('',(#16647),#16666,.T.);
#16647 = FACE_BOUND('',#16648,.T.);
#16648 = EDGE_LOOP('',(#16649,#16650,#16651,#16660));
#16649 = ORIENTED_EDGE('',*,*,#16454,.T.);
#16650 = ORIENTED_EDGE('',*,*,#16611,.T.);
#16651 = ORIENTED_EDGE('',*,*,#16652,.F.);
#16652 = EDGE_CURVE('',#16653,#16604,#16655,.T.);
#16653 = VERTEX_POINT('',#16654);
#16654 = CARTESIAN_POINT('',(0.8,0.4,0.77));
#16655 = CIRCLE('',#16656,3.E-02);
#16656 = AXIS2_PLACEMENT_3D('',#16657,#16658,#16659);
#16657 = CARTESIAN_POINT('',(0.8,0.37,0.77));
#16658 = DIRECTION('',(1.,0.,-0.));
#16659 = DIRECTION('',(0.,0.,1.));
#16660 = ORIENTED_EDGE('',*,*,#16661,.F.);
#16661 = EDGE_CURVE('',#16447,#16653,#16662,.T.);
#16662 = LINE('',#16663,#16664);
#16663 = CARTESIAN_POINT('',(0.5,0.4,0.77));
#16664 = VECTOR('',#16665,1.);
#16665 = DIRECTION('',(1.,0.,0.));
#16666 = CYLINDRICAL_SURFACE('',#16667,3.E-02);
#16667 = AXIS2_PLACEMENT_3D('',#16668,#16669,#16670);
#16668 = CARTESIAN_POINT('',(0.5,0.37,0.77));
#16669 = DIRECTION('',(1.,0.,0.));
#16670 = DIRECTION('',(-0.,1.,0.));
#16671 = ADVANCED_FACE('',(#16672),#16683,.T.);
#16672 = FACE_BOUND('',#16673,.T.);
#16673 = EDGE_LOOP('',(#16674,#16680,#16681,#16682));
#16674 = ORIENTED_EDGE('',*,*,#16675,.F.);
#16675 = EDGE_CURVE('',#16626,#16653,#16676,.T.);
#16676 = LINE('',#16677,#16678);
#16677 = CARTESIAN_POINT('',(0.8,0.4,0.));
#16678 = VECTOR('',#16679,1.);
#16679 = DIRECTION('',(0.,0.,1.));
#16680 = ORIENTED_EDGE('',*,*,#16625,.F.);
#16681 = ORIENTED_EDGE('',*,*,#16446,.T.);
#16682 = ORIENTED_EDGE('',*,*,#16661,.T.);
#16683 = PLANE('',#16684);
#16684 = AXIS2_PLACEMENT_3D('',#16685,#16686,#16687);
#16685 = CARTESIAN_POINT('',(0.5,0.4,0.));
#16686 = DIRECTION('',(0.,1.,0.));
#16687 = DIRECTION('',(0.,-0.,1.));
#16688 = ADVANCED_FACE('',(#16689),#16699,.T.);
#16689 = FACE_BOUND('',#16690,.T.);
#16690 = EDGE_LOOP('',(#16691,#16692,#16693,#16694,#16695,#16696,#16697,
    #16698));
#16691 = ORIENTED_EDGE('',*,*,#16496,.F.);
#16692 = ORIENTED_EDGE('',*,*,#16536,.T.);
#16693 = ORIENTED_EDGE('',*,*,#16579,.T.);
#16694 = ORIENTED_EDGE('',*,*,#16633,.F.);
#16695 = ORIENTED_EDGE('',*,*,#16675,.T.);
#16696 = ORIENTED_EDGE('',*,*,#16652,.T.);
#16697 = ORIENTED_EDGE('',*,*,#16603,.F.);
#16698 = ORIENTED_EDGE('',*,*,#16553,.F.);
#16699 = PLANE('',#16700);
#16700 = AXIS2_PLACEMENT_3D('',#16701,#16702,#16703);
#16701 = CARTESIAN_POINT('',(0.8,-0.4,0.));
#16702 = DIRECTION('',(1.,0.,0.));
#16703 = DIRECTION('',(0.,0.,1.));
#16704 = ( GEOMETRIC_REPRESENTATION_CONTEXT(3) 
GLOBAL_UNCERTAINTY_ASSIGNED_CONTEXT((#16708)) 
GLOBAL_UNIT_ASSIGNED_CONTEXT((#16705,#16706,#16707)) 
REPRESENTATION_CONTEXT('Context #1',
  '3D Context with UNIT and UNCERTAINTY') );
#16705 = ( LENGTH_UNIT() NAMED_UNIT(*) SI_UNIT(.MILLI.,.METRE.) );
#16706 = ( NAMED_UNIT(*) PLANE_ANGLE_UNIT() SI_UNIT($,.RADIAN.) );
#16707 = ( NAMED_UNIT(*) SI_UNIT($,.STERADIAN.) SOLID_ANGLE_UNIT() );
#16708 = UNCERTAINTY_MEASURE_WITH_UNIT(LENGTH_MEASURE(1.E-07),#16705,
  'distance_accuracy_value','confusion accuracy');
#16709 = CONTEXT_DEPENDENT_SHAPE_REPRESENTATION(#16710,#16712);
#16710 = ( REPRESENTATION_RELATIONSHIP('','',#15849,#10) 
REPRESENTATION_RELATIONSHIP_WITH_TRANSFORMATION(#16711) 
SHAPE_REPRESENTATION_RELATIONSHIP() );
#16711 = ITEM_DEFINED_TRANSFORMATION('','',#11,#155);
#16712 = PRODUCT_DEFINITION_SHAPE('Placement','Placement of an item',
  #16713);
#16713 = NEXT_ASSEMBLY_USAGE_OCCURRENCE('70','C5','',#5,#15844,$);
#16714 = PRODUCT_RELATED_PRODUCT_CATEGORY('part',$,(#15846));
#16715 = SHAPE_DEFINITION_REPRESENTATION(#16716,#16722);
#16716 = PRODUCT_DEFINITION_SHAPE('','',#16717);
#16717 = PRODUCT_DEFINITION('design','',#16718,#16721);
#16718 = PRODUCT_DEFINITION_FORMATION('','',#16719);
#16719 = PRODUCT('minimal_adpl76030_PCB','minimal_adpl76030_PCB','',(
    #16720));
#16720 = PRODUCT_CONTEXT('',#2,'mechanical');
#16721 = PRODUCT_DEFINITION_CONTEXT('part definition',#2,'design');
#16722 = ADVANCED_BREP_SHAPE_REPRESENTATION('',(#11,#16723),#18009);
#16723 = MANIFOLD_SOLID_BREP('',#16724);
#16724 = CLOSED_SHELL('',(#16725,#16767,#16798,#16829,#17141,#17453,
    #17470,#17487,#17504,#17521,#17538,#17555,#17572,#17589,#17606,
    #17623,#17640,#17657,#17674,#17691,#17708,#17725,#17742,#17759,
    #17776,#17793,#17810,#17827,#17844,#17861,#17873,#17890,#17907,
    #17924,#17941,#17958,#17975,#17992));
#16725 = ADVANCED_FACE('',(#16726),#16762,.T.);
#16726 = FACE_BOUND('',#16727,.T.);
#16727 = EDGE_LOOP('',(#16728,#16738,#16747,#16755));
#16728 = ORIENTED_EDGE('',*,*,#16729,.T.);
#16729 = EDGE_CURVE('',#16730,#16732,#16734,.T.);
#16730 = VERTEX_POINT('',#16731);
#16731 = CARTESIAN_POINT('',(17.145,11.43,0.));
#16732 = VERTEX_POINT('',#16733);
#16733 = CARTESIAN_POINT('',(17.145,11.43,1.51));
#16734 = LINE('',#16735,#16736);
#16735 = CARTESIAN_POINT('',(17.145,11.43,0.));
#16736 = VECTOR('',#16737,1.);
#16737 = DIRECTION('',(0.,0.,1.));
#16738 = ORIENTED_EDGE('',*,*,#16739,.T.);
#16739 = EDGE_CURVE('',#16732,#16740,#16742,.T.);
#16740 = VERTEX_POINT('',#16741);
#16741 = CARTESIAN_POINT('',(17.78,10.795,1.51));
#16742 = CIRCLE('',#16743,0.634999337826);
#16743 = AXIS2_PLACEMENT_3D('',#16744,#16745,#16746);
#16744 = CARTESIAN_POINT('',(17.145000662174,10.795000662174,1.51));
#16745 = DIRECTION('',(0.,0.,-1.));
#16746 = DIRECTION('',(-1.042794921205E-06,0.999999999999,0.));
#16747 = ORIENTED_EDGE('',*,*,#16748,.F.);
#16748 = EDGE_CURVE('',#16749,#16740,#16751,.T.);
#16749 = VERTEX_POINT('',#16750);
#16750 = CARTESIAN_POINT('',(17.78,10.795,0.));
#16751 = LINE('',#16752,#16753);
#16752 = CARTESIAN_POINT('',(17.78,10.795,0.));
#16753 = VECTOR('',#16754,1.);
#16754 = DIRECTION('',(0.,0.,1.));
#16755 = ORIENTED_EDGE('',*,*,#16756,.F.);
#16756 = EDGE_CURVE('',#16730,#16749,#16757,.T.);
#16757 = CIRCLE('',#16758,0.634999337826);
#16758 = AXIS2_PLACEMENT_3D('',#16759,#16760,#16761);
#16759 = CARTESIAN_POINT('',(17.145000662174,10.795000662174,0.));
#16760 = DIRECTION('',(0.,0.,-1.));
#16761 = DIRECTION('',(-1.042794921205E-06,0.999999999999,0.));
#16762 = CYLINDRICAL_SURFACE('',#16763,0.634999337826);
#16763 = AXIS2_PLACEMENT_3D('',#16764,#16765,#16766);
#16764 = CARTESIAN_POINT('',(17.145000662174,10.795000662174,0.));
#16765 = DIRECTION('',(0.,0.,-1.));
#16766 = DIRECTION('',(-1.042794921205E-06,0.999999999999,0.));
#16767 = ADVANCED_FACE('',(#16768),#16793,.T.);
#16768 = FACE_BOUND('',#16769,.T.);
#16769 = EDGE_LOOP('',(#16770,#16780,#16786,#16787));
#16770 = ORIENTED_EDGE('',*,*,#16771,.T.);
#16771 = EDGE_CURVE('',#16772,#16774,#16776,.T.);
#16772 = VERTEX_POINT('',#16773);
#16773 = CARTESIAN_POINT('',(-17.145,11.43,0.));
#16774 = VERTEX_POINT('',#16775);
#16775 = CARTESIAN_POINT('',(-17.145,11.43,1.51));
#16776 = LINE('',#16777,#16778);
#16777 = CARTESIAN_POINT('',(-17.145,11.43,0.));
#16778 = VECTOR('',#16779,1.);
#16779 = DIRECTION('',(0.,0.,1.));
#16780 = ORIENTED_EDGE('',*,*,#16781,.T.);
#16781 = EDGE_CURVE('',#16774,#16732,#16782,.T.);
#16782 = LINE('',#16783,#16784);
#16783 = CARTESIAN_POINT('',(-17.145,11.43,1.51));
#16784 = VECTOR('',#16785,1.);
#16785 = DIRECTION('',(1.,0.,0.));
#16786 = ORIENTED_EDGE('',*,*,#16729,.F.);
#16787 = ORIENTED_EDGE('',*,*,#16788,.F.);
#16788 = EDGE_CURVE('',#16772,#16730,#16789,.T.);
#16789 = LINE('',#16790,#16791);
#16790 = CARTESIAN_POINT('',(-17.145,11.43,0.));
#16791 = VECTOR('',#16792,1.);
#16792 = DIRECTION('',(1.,0.,0.));
#16793 = PLANE('',#16794);
#16794 = AXIS2_PLACEMENT_3D('',#16795,#16796,#16797);
#16795 = CARTESIAN_POINT('',(-17.145,11.43,0.));
#16796 = DIRECTION('',(0.,1.,0.));
#16797 = DIRECTION('',(1.,0.,0.));
#16798 = ADVANCED_FACE('',(#16799),#16824,.T.);
#16799 = FACE_BOUND('',#16800,.T.);
#16800 = EDGE_LOOP('',(#16801,#16809,#16810,#16818));
#16801 = ORIENTED_EDGE('',*,*,#16802,.F.);
#16802 = EDGE_CURVE('',#16749,#16803,#16805,.T.);
#16803 = VERTEX_POINT('',#16804);
#16804 = CARTESIAN_POINT('',(17.78,9.29050995,0.));
#16805 = LINE('',#16806,#16807);
#16806 = CARTESIAN_POINT('',(17.78,10.795,0.));
#16807 = VECTOR('',#16808,1.);
#16808 = DIRECTION('',(0.,-1.,0.));
#16809 = ORIENTED_EDGE('',*,*,#16748,.T.);
#16810 = ORIENTED_EDGE('',*,*,#16811,.T.);
#16811 = EDGE_CURVE('',#16740,#16812,#16814,.T.);
#16812 = VERTEX_POINT('',#16813);
#16813 = CARTESIAN_POINT('',(17.78,9.29050995,1.51));
#16814 = LINE('',#16815,#16816);
#16815 = CARTESIAN_POINT('',(17.78,10.795,1.51));
#16816 = VECTOR('',#16817,1.);
#16817 = DIRECTION('',(0.,-1.,0.));
#16818 = ORIENTED_EDGE('',*,*,#16819,.T.);
#16819 = EDGE_CURVE('',#16812,#16803,#16820,.T.);
#16820 = LINE('',#16821,#16822);
#16821 = CARTESIAN_POINT('',(17.78,9.29050995,-4.6E-02));
#16822 = VECTOR('',#16823,1.);
#16823 = DIRECTION('',(-0.,-0.,-1.));
#16824 = PLANE('',#16825);
#16825 = AXIS2_PLACEMENT_3D('',#16826,#16827,#16828);
#16826 = CARTESIAN_POINT('',(17.78,10.795,0.));
#16827 = DIRECTION('',(1.,0.,-0.));
#16828 = DIRECTION('',(0.,-1.,0.));
#16829 = ADVANCED_FACE('',(#16830,#17048,#17059,#17070,#17081,#17092,
    #17103,#17114,#17125),#17136,.F.);
#16830 = FACE_BOUND('',#16831,.F.);
#16831 = EDGE_LOOP('',(#16832,#16833,#16834,#16843,#16851,#16860,#16869,
    #16877,#16886,#16895,#16903,#16912,#16921,#16929,#16938,#16947,
    #16955,#16964,#16972,#16981,#16989,#16998,#17006,#17015,#17023,
    #17032,#17040,#17047));
#16832 = ORIENTED_EDGE('',*,*,#16756,.F.);
#16833 = ORIENTED_EDGE('',*,*,#16788,.F.);
#16834 = ORIENTED_EDGE('',*,*,#16835,.F.);
#16835 = EDGE_CURVE('',#16836,#16772,#16838,.T.);
#16836 = VERTEX_POINT('',#16837);
#16837 = CARTESIAN_POINT('',(-17.78,10.795,0.));
#16838 = CIRCLE('',#16839,0.634999337826);
#16839 = AXIS2_PLACEMENT_3D('',#16840,#16841,#16842);
#16840 = CARTESIAN_POINT('',(-17.14500066217,10.795000662174,0.));
#16841 = DIRECTION('',(0.,0.,-1.));
#16842 = DIRECTION('',(-0.999999999999,-1.04279491561E-06,-0.));
#16843 = ORIENTED_EDGE('',*,*,#16844,.F.);
#16844 = EDGE_CURVE('',#16845,#16836,#16847,.T.);
#16845 = VERTEX_POINT('',#16846);
#16846 = CARTESIAN_POINT('',(-17.78,9.29050995,0.));
#16847 = LINE('',#16848,#16849);
#16848 = CARTESIAN_POINT('',(-17.78,-10.795,0.));
#16849 = VECTOR('',#16850,1.);
#16850 = DIRECTION('',(0.,1.,0.));
#16851 = ORIENTED_EDGE('',*,*,#16852,.T.);
#16852 = EDGE_CURVE('',#16845,#16853,#16855,.T.);
#16853 = VERTEX_POINT('',#16854);
#16854 = CARTESIAN_POINT('',(-17.7798,8.49051,0.));
#16855 = CIRCLE('',#16856,0.4);
#16856 = AXIS2_PLACEMENT_3D('',#16857,#16858,#16859);
#16857 = CARTESIAN_POINT('',(-17.7798,8.89051,0.));
#16858 = DIRECTION('',(-0.,0.,-1.));
#16859 = DIRECTION('',(-0.,-1.,0.));
#16860 = ORIENTED_EDGE('',*,*,#16861,.T.);
#16861 = EDGE_CURVE('',#16853,#16862,#16864,.T.);
#16862 = VERTEX_POINT('',#16863);
#16863 = CARTESIAN_POINT('',(-17.78,8.49051005,0.));
#16864 = CIRCLE('',#16865,0.4);
#16865 = AXIS2_PLACEMENT_3D('',#16866,#16867,#16868);
#16866 = CARTESIAN_POINT('',(-17.7798,8.89051,0.));
#16867 = DIRECTION('',(-0.,0.,-1.));
#16868 = DIRECTION('',(-0.,-1.,0.));
#16869 = ORIENTED_EDGE('',*,*,#16870,.F.);
#16870 = EDGE_CURVE('',#16871,#16862,#16873,.T.);
#16871 = VERTEX_POINT('',#16872);
#16872 = CARTESIAN_POINT('',(-17.78,8.02050995,0.));
#16873 = LINE('',#16874,#16875);
#16874 = CARTESIAN_POINT('',(-17.78,-10.795,0.));
#16875 = VECTOR('',#16876,1.);
#16876 = DIRECTION('',(0.,1.,0.));
#16877 = ORIENTED_EDGE('',*,*,#16878,.T.);
#16878 = EDGE_CURVE('',#16871,#16879,#16881,.T.);
#16879 = VERTEX_POINT('',#16880);
#16880 = CARTESIAN_POINT('',(-17.7798,7.22051,0.));
#16881 = CIRCLE('',#16882,0.4);
#16882 = AXIS2_PLACEMENT_3D('',#16883,#16884,#16885);
#16883 = CARTESIAN_POINT('',(-17.7798,7.62051,0.));
#16884 = DIRECTION('',(-0.,0.,-1.));
#16885 = DIRECTION('',(-0.,-1.,0.));
#16886 = ORIENTED_EDGE('',*,*,#16887,.T.);
#16887 = EDGE_CURVE('',#16879,#16888,#16890,.T.);
#16888 = VERTEX_POINT('',#16889);
#16889 = CARTESIAN_POINT('',(-17.78,7.22051005,0.));
#16890 = CIRCLE('',#16891,0.4);
#16891 = AXIS2_PLACEMENT_3D('',#16892,#16893,#16894);
#16892 = CARTESIAN_POINT('',(-17.7798,7.62051,0.));
#16893 = DIRECTION('',(-0.,0.,-1.));
#16894 = DIRECTION('',(-0.,-1.,0.));
#16895 = ORIENTED_EDGE('',*,*,#16896,.F.);
#16896 = EDGE_CURVE('',#16897,#16888,#16899,.T.);
#16897 = VERTEX_POINT('',#16898);
#16898 = CARTESIAN_POINT('',(-17.78,6.75050995,0.));
#16899 = LINE('',#16900,#16901);
#16900 = CARTESIAN_POINT('',(-17.78,-10.795,0.));
#16901 = VECTOR('',#16902,1.);
#16902 = DIRECTION('',(0.,1.,0.));
#16903 = ORIENTED_EDGE('',*,*,#16904,.T.);
#16904 = EDGE_CURVE('',#16897,#16905,#16907,.T.);
#16905 = VERTEX_POINT('',#16906);
#16906 = CARTESIAN_POINT('',(-17.7798,5.95051,0.));
#16907 = CIRCLE('',#16908,0.4);
#16908 = AXIS2_PLACEMENT_3D('',#16909,#16910,#16911);
#16909 = CARTESIAN_POINT('',(-17.7798,6.35051,0.));
#16910 = DIRECTION('',(-0.,0.,-1.));
#16911 = DIRECTION('',(-0.,-1.,0.));
#16912 = ORIENTED_EDGE('',*,*,#16913,.T.);
#16913 = EDGE_CURVE('',#16905,#16914,#16916,.T.);
#16914 = VERTEX_POINT('',#16915);
#16915 = CARTESIAN_POINT('',(-17.78,5.95051005,0.));
#16916 = CIRCLE('',#16917,0.4);
#16917 = AXIS2_PLACEMENT_3D('',#16918,#16919,#16920);
#16918 = CARTESIAN_POINT('',(-17.7798,6.35051,0.));
#16919 = DIRECTION('',(-0.,0.,-1.));
#16920 = DIRECTION('',(-0.,-1.,0.));
#16921 = ORIENTED_EDGE('',*,*,#16922,.F.);
#16922 = EDGE_CURVE('',#16923,#16914,#16925,.T.);
#16923 = VERTEX_POINT('',#16924);
#16924 = CARTESIAN_POINT('',(-17.78,5.48050995,0.));
#16925 = LINE('',#16926,#16927);
#16926 = CARTESIAN_POINT('',(-17.78,-10.795,0.));
#16927 = VECTOR('',#16928,1.);
#16928 = DIRECTION('',(0.,1.,0.));
#16929 = ORIENTED_EDGE('',*,*,#16930,.T.);
#16930 = EDGE_CURVE('',#16923,#16931,#16933,.T.);
#16931 = VERTEX_POINT('',#16932);
#16932 = CARTESIAN_POINT('',(-17.7798,4.68051,0.));
#16933 = CIRCLE('',#16934,0.4);
#16934 = AXIS2_PLACEMENT_3D('',#16935,#16936,#16937);
#16935 = CARTESIAN_POINT('',(-17.7798,5.08051,0.));
#16936 = DIRECTION('',(-0.,0.,-1.));
#16937 = DIRECTION('',(-0.,-1.,0.));
#16938 = ORIENTED_EDGE('',*,*,#16939,.T.);
#16939 = EDGE_CURVE('',#16931,#16940,#16942,.T.);
#16940 = VERTEX_POINT('',#16941);
#16941 = CARTESIAN_POINT('',(-17.78,4.68051005,0.));
#16942 = CIRCLE('',#16943,0.4);
#16943 = AXIS2_PLACEMENT_3D('',#16944,#16945,#16946);
#16944 = CARTESIAN_POINT('',(-17.7798,5.08051,0.));
#16945 = DIRECTION('',(-0.,0.,-1.));
#16946 = DIRECTION('',(-0.,-1.,0.));
#16947 = ORIENTED_EDGE('',*,*,#16948,.F.);
#16948 = EDGE_CURVE('',#16949,#16940,#16951,.T.);
#16949 = VERTEX_POINT('',#16950);
#16950 = CARTESIAN_POINT('',(-17.78,-10.795,0.));
#16951 = LINE('',#16952,#16953);
#16952 = CARTESIAN_POINT('',(-17.78,-10.795,0.));
#16953 = VECTOR('',#16954,1.);
#16954 = DIRECTION('',(0.,1.,0.));
#16955 = ORIENTED_EDGE('',*,*,#16956,.F.);
#16956 = EDGE_CURVE('',#16957,#16949,#16959,.T.);
#16957 = VERTEX_POINT('',#16958);
#16958 = CARTESIAN_POINT('',(-17.145,-11.43,0.));
#16959 = CIRCLE('',#16960,0.634999337826);
#16960 = AXIS2_PLACEMENT_3D('',#16961,#16962,#16963);
#16961 = CARTESIAN_POINT('',(-17.14500066217,-10.79500066217,0.));
#16962 = DIRECTION('',(0.,0.,-1.));
#16963 = DIRECTION('',(1.042794921205E-06,-0.999999999999,0.));
#16964 = ORIENTED_EDGE('',*,*,#16965,.F.);
#16965 = EDGE_CURVE('',#16966,#16957,#16968,.T.);
#16966 = VERTEX_POINT('',#16967);
#16967 = CARTESIAN_POINT('',(17.145,-11.43,0.));
#16968 = LINE('',#16969,#16970);
#16969 = CARTESIAN_POINT('',(17.145,-11.43,0.));
#16970 = VECTOR('',#16971,1.);
#16971 = DIRECTION('',(-1.,0.,0.));
#16972 = ORIENTED_EDGE('',*,*,#16973,.F.);
#16973 = EDGE_CURVE('',#16974,#16966,#16976,.T.);
#16974 = VERTEX_POINT('',#16975);
#16975 = CARTESIAN_POINT('',(17.78,-10.795,0.));
#16976 = CIRCLE('',#16977,0.634999337826);
#16977 = AXIS2_PLACEMENT_3D('',#16978,#16979,#16980);
#16978 = CARTESIAN_POINT('',(17.145000662174,-10.79500066217,0.));
#16979 = DIRECTION('',(0.,0.,-1.));
#16980 = DIRECTION('',(0.999999999999,1.04279491561E-06,0.));
#16981 = ORIENTED_EDGE('',*,*,#16982,.F.);
#16982 = EDGE_CURVE('',#16983,#16974,#16985,.T.);
#16983 = VERTEX_POINT('',#16984);
#16984 = CARTESIAN_POINT('',(17.78,4.68051005,0.));
#16985 = LINE('',#16986,#16987);
#16986 = CARTESIAN_POINT('',(17.78,10.795,0.));
#16987 = VECTOR('',#16988,1.);
#16988 = DIRECTION('',(0.,-1.,0.));
#16989 = ORIENTED_EDGE('',*,*,#16990,.T.);
#16990 = EDGE_CURVE('',#16983,#16991,#16993,.T.);
#16991 = VERTEX_POINT('',#16992);
#16992 = CARTESIAN_POINT('',(17.78,5.48050995,0.));
#16993 = CIRCLE('',#16994,0.4);
#16994 = AXIS2_PLACEMENT_3D('',#16995,#16996,#16997);
#16995 = CARTESIAN_POINT('',(17.7802,5.08051,0.));
#16996 = DIRECTION('',(-0.,0.,-1.));
#16997 = DIRECTION('',(-0.,-1.,0.));
#16998 = ORIENTED_EDGE('',*,*,#16999,.F.);
#16999 = EDGE_CURVE('',#17000,#16991,#17002,.T.);
#17000 = VERTEX_POINT('',#17001);
#17001 = CARTESIAN_POINT('',(17.78,5.95051005,0.));
#17002 = LINE('',#17003,#17004);
#17003 = CARTESIAN_POINT('',(17.78,10.795,0.));
#17004 = VECTOR('',#17005,1.);
#17005 = DIRECTION('',(0.,-1.,0.));
#17006 = ORIENTED_EDGE('',*,*,#17007,.T.);
#17007 = EDGE_CURVE('',#17000,#17008,#17010,.T.);
#17008 = VERTEX_POINT('',#17009);
#17009 = CARTESIAN_POINT('',(17.78,6.75050995,0.));
#17010 = CIRCLE('',#17011,0.4);
#17011 = AXIS2_PLACEMENT_3D('',#17012,#17013,#17014);
#17012 = CARTESIAN_POINT('',(17.7802,6.35051,0.));
#17013 = DIRECTION('',(-0.,0.,-1.));
#17014 = DIRECTION('',(-0.,-1.,0.));
#17015 = ORIENTED_EDGE('',*,*,#17016,.F.);
#17016 = EDGE_CURVE('',#17017,#17008,#17019,.T.);
#17017 = VERTEX_POINT('',#17018);
#17018 = CARTESIAN_POINT('',(17.78,7.22051005,0.));
#17019 = LINE('',#17020,#17021);
#17020 = CARTESIAN_POINT('',(17.78,10.795,0.));
#17021 = VECTOR('',#17022,1.);
#17022 = DIRECTION('',(0.,-1.,0.));
#17023 = ORIENTED_EDGE('',*,*,#17024,.T.);
#17024 = EDGE_CURVE('',#17017,#17025,#17027,.T.);
#17025 = VERTEX_POINT('',#17026);
#17026 = CARTESIAN_POINT('',(17.78,8.02050995,0.));
#17027 = CIRCLE('',#17028,0.4);
#17028 = AXIS2_PLACEMENT_3D('',#17029,#17030,#17031);
#17029 = CARTESIAN_POINT('',(17.7802,7.62051,0.));
#17030 = DIRECTION('',(-0.,0.,-1.));
#17031 = DIRECTION('',(-0.,-1.,0.));
#17032 = ORIENTED_EDGE('',*,*,#17033,.F.);
#17033 = EDGE_CURVE('',#17034,#17025,#17036,.T.);
#17034 = VERTEX_POINT('',#17035);
#17035 = CARTESIAN_POINT('',(17.78,8.49051005,0.));
#17036 = LINE('',#17037,#17038);
#17037 = CARTESIAN_POINT('',(17.78,10.795,0.));
#17038 = VECTOR('',#17039,1.);
#17039 = DIRECTION('',(0.,-1.,0.));
#17040 = ORIENTED_EDGE('',*,*,#17041,.T.);
#17041 = EDGE_CURVE('',#17034,#16803,#17042,.T.);
#17042 = CIRCLE('',#17043,0.4);
#17043 = AXIS2_PLACEMENT_3D('',#17044,#17045,#17046);
#17044 = CARTESIAN_POINT('',(17.7802,8.89051,0.));
#17045 = DIRECTION('',(-0.,0.,-1.));
#17046 = DIRECTION('',(-0.,-1.,0.));
#17047 = ORIENTED_EDGE('',*,*,#16802,.F.);
#17048 = FACE_BOUND('',#17049,.F.);
#17049 = EDGE_LOOP('',(#17050));
#17050 = ORIENTED_EDGE('',*,*,#17051,.T.);
#17051 = EDGE_CURVE('',#17052,#17052,#17054,.T.);
#17052 = VERTEX_POINT('',#17053);
#17053 = CARTESIAN_POINT('',(-16.1798,4.78051,0.));
#17054 = CIRCLE('',#17055,0.3);
#17055 = AXIS2_PLACEMENT_3D('',#17056,#17057,#17058);
#17056 = CARTESIAN_POINT('',(-16.1798,5.08051,0.));
#17057 = DIRECTION('',(-0.,0.,-1.));
#17058 = DIRECTION('',(-0.,-1.,0.));
#17059 = FACE_BOUND('',#17060,.F.);
#17060 = EDGE_LOOP('',(#17061));
#17061 = ORIENTED_EDGE('',*,*,#17062,.T.);
#17062 = EDGE_CURVE('',#17063,#17063,#17065,.T.);
#17063 = VERTEX_POINT('',#17064);
#17064 = CARTESIAN_POINT('',(-16.1798,6.05051,0.));
#17065 = CIRCLE('',#17066,0.3);
#17066 = AXIS2_PLACEMENT_3D('',#17067,#17068,#17069);
#17067 = CARTESIAN_POINT('',(-16.1798,6.35051,0.));
#17068 = DIRECTION('',(-0.,0.,-1.));
#17069 = DIRECTION('',(-0.,-1.,0.));
#17070 = FACE_BOUND('',#17071,.F.);
#17071 = EDGE_LOOP('',(#17072));
#17072 = ORIENTED_EDGE('',*,*,#17073,.T.);
#17073 = EDGE_CURVE('',#17074,#17074,#17076,.T.);
#17074 = VERTEX_POINT('',#17075);
#17075 = CARTESIAN_POINT('',(16.1802,4.78051,0.));
#17076 = CIRCLE('',#17077,0.3);
#17077 = AXIS2_PLACEMENT_3D('',#17078,#17079,#17080);
#17078 = CARTESIAN_POINT('',(16.1802,5.08051,0.));
#17079 = DIRECTION('',(-0.,0.,-1.));
#17080 = DIRECTION('',(-0.,-1.,0.));
#17081 = FACE_BOUND('',#17082,.F.);
#17082 = EDGE_LOOP('',(#17083));
#17083 = ORIENTED_EDGE('',*,*,#17084,.T.);
#17084 = EDGE_CURVE('',#17085,#17085,#17087,.T.);
#17085 = VERTEX_POINT('',#17086);
#17086 = CARTESIAN_POINT('',(16.1802,6.05051,0.));
#17087 = CIRCLE('',#17088,0.3);
#17088 = AXIS2_PLACEMENT_3D('',#17089,#17090,#17091);
#17089 = CARTESIAN_POINT('',(16.1802,6.35051,0.));
#17090 = DIRECTION('',(-0.,0.,-1.));
#17091 = DIRECTION('',(-0.,-1.,0.));
#17092 = FACE_BOUND('',#17093,.F.);
#17093 = EDGE_LOOP('',(#17094));
#17094 = ORIENTED_EDGE('',*,*,#17095,.T.);
#17095 = EDGE_CURVE('',#17096,#17096,#17098,.T.);
#17096 = VERTEX_POINT('',#17097);
#17097 = CARTESIAN_POINT('',(-16.1798,7.32051,0.));
#17098 = CIRCLE('',#17099,0.3);
#17099 = AXIS2_PLACEMENT_3D('',#17100,#17101,#17102);
#17100 = CARTESIAN_POINT('',(-16.1798,7.62051,0.));
#17101 = DIRECTION('',(-0.,0.,-1.));
#17102 = DIRECTION('',(-0.,-1.,0.));
#17103 = FACE_BOUND('',#17104,.F.);
#17104 = EDGE_LOOP('',(#17105));
#17105 = ORIENTED_EDGE('',*,*,#17106,.T.);
#17106 = EDGE_CURVE('',#17107,#17107,#17109,.T.);
#17107 = VERTEX_POINT('',#17108);
#17108 = CARTESIAN_POINT('',(-16.1798,8.59051,0.));
#17109 = CIRCLE('',#17110,0.3);
#17110 = AXIS2_PLACEMENT_3D('',#17111,#17112,#17113);
#17111 = CARTESIAN_POINT('',(-16.1798,8.89051,0.));
#17112 = DIRECTION('',(-0.,0.,-1.));
#17113 = DIRECTION('',(-0.,-1.,0.));
#17114 = FACE_BOUND('',#17115,.F.);
#17115 = EDGE_LOOP('',(#17116));
#17116 = ORIENTED_EDGE('',*,*,#17117,.T.);
#17117 = EDGE_CURVE('',#17118,#17118,#17120,.T.);
#17118 = VERTEX_POINT('',#17119);
#17119 = CARTESIAN_POINT('',(16.1802,7.32051,0.));
#17120 = CIRCLE('',#17121,0.3);
#17121 = AXIS2_PLACEMENT_3D('',#17122,#17123,#17124);
#17122 = CARTESIAN_POINT('',(16.1802,7.62051,0.));
#17123 = DIRECTION('',(-0.,0.,-1.));
#17124 = DIRECTION('',(-0.,-1.,0.));
#17125 = FACE_BOUND('',#17126,.F.);
#17126 = EDGE_LOOP('',(#17127));
#17127 = ORIENTED_EDGE('',*,*,#17128,.T.);
#17128 = EDGE_CURVE('',#17129,#17129,#17131,.T.);
#17129 = VERTEX_POINT('',#17130);
#17130 = CARTESIAN_POINT('',(16.1802,8.59051,0.));
#17131 = CIRCLE('',#17132,0.3);
#17132 = AXIS2_PLACEMENT_3D('',#17133,#17134,#17135);
#17133 = CARTESIAN_POINT('',(16.1802,8.89051,0.));
#17134 = DIRECTION('',(-0.,0.,-1.));
#17135 = DIRECTION('',(-0.,-1.,0.));
#17136 = PLANE('',#17137);
#17137 = AXIS2_PLACEMENT_3D('',#17138,#17139,#17140);
#17138 = CARTESIAN_POINT('',(0.,0.,0.));
#17139 = DIRECTION('',(0.,0.,1.));
#17140 = DIRECTION('',(1.,0.,-0.));
#17141 = ADVANCED_FACE('',(#17142,#17360,#17371,#17382,#17393,#17404,
    #17415,#17426,#17437),#17448,.T.);
#17142 = FACE_BOUND('',#17143,.T.);
#17143 = EDGE_LOOP('',(#17144,#17145,#17146,#17155,#17163,#17172,#17181,
    #17189,#17198,#17207,#17215,#17224,#17233,#17241,#17250,#17259,
    #17267,#17276,#17284,#17293,#17301,#17310,#17318,#17327,#17335,
    #17344,#17352,#17359));
#17144 = ORIENTED_EDGE('',*,*,#16739,.F.);
#17145 = ORIENTED_EDGE('',*,*,#16781,.F.);
#17146 = ORIENTED_EDGE('',*,*,#17147,.F.);
#17147 = EDGE_CURVE('',#17148,#16774,#17150,.T.);
#17148 = VERTEX_POINT('',#17149);
#17149 = CARTESIAN_POINT('',(-17.78,10.795,1.51));
#17150 = CIRCLE('',#17151,0.634999337826);
#17151 = AXIS2_PLACEMENT_3D('',#17152,#17153,#17154);
#17152 = CARTESIAN_POINT('',(-17.14500066217,10.795000662174,1.51));
#17153 = DIRECTION('',(0.,0.,-1.));
#17154 = DIRECTION('',(-0.999999999999,-1.04279491561E-06,-0.));
#17155 = ORIENTED_EDGE('',*,*,#17156,.F.);
#17156 = EDGE_CURVE('',#17157,#17148,#17159,.T.);
#17157 = VERTEX_POINT('',#17158);
#17158 = CARTESIAN_POINT('',(-17.78,9.29050995,1.51));
#17159 = LINE('',#17160,#17161);
#17160 = CARTESIAN_POINT('',(-17.78,-10.795,1.51));
#17161 = VECTOR('',#17162,1.);
#17162 = DIRECTION('',(0.,1.,0.));
#17163 = ORIENTED_EDGE('',*,*,#17164,.T.);
#17164 = EDGE_CURVE('',#17157,#17165,#17167,.T.);
#17165 = VERTEX_POINT('',#17166);
#17166 = CARTESIAN_POINT('',(-17.7798,8.49051,1.51));
#17167 = CIRCLE('',#17168,0.4);
#17168 = AXIS2_PLACEMENT_3D('',#17169,#17170,#17171);
#17169 = CARTESIAN_POINT('',(-17.7798,8.89051,1.51));
#17170 = DIRECTION('',(-0.,0.,-1.));
#17171 = DIRECTION('',(-0.,-1.,0.));
#17172 = ORIENTED_EDGE('',*,*,#17173,.T.);
#17173 = EDGE_CURVE('',#17165,#17174,#17176,.T.);
#17174 = VERTEX_POINT('',#17175);
#17175 = CARTESIAN_POINT('',(-17.78,8.49051005,1.51));
#17176 = CIRCLE('',#17177,0.4);
#17177 = AXIS2_PLACEMENT_3D('',#17178,#17179,#17180);
#17178 = CARTESIAN_POINT('',(-17.7798,8.89051,1.51));
#17179 = DIRECTION('',(-0.,0.,-1.));
#17180 = DIRECTION('',(-0.,-1.,0.));
#17181 = ORIENTED_EDGE('',*,*,#17182,.F.);
#17182 = EDGE_CURVE('',#17183,#17174,#17185,.T.);
#17183 = VERTEX_POINT('',#17184);
#17184 = CARTESIAN_POINT('',(-17.78,8.02050995,1.51));
#17185 = LINE('',#17186,#17187);
#17186 = CARTESIAN_POINT('',(-17.78,-10.795,1.51));
#17187 = VECTOR('',#17188,1.);
#17188 = DIRECTION('',(0.,1.,0.));
#17189 = ORIENTED_EDGE('',*,*,#17190,.T.);
#17190 = EDGE_CURVE('',#17183,#17191,#17193,.T.);
#17191 = VERTEX_POINT('',#17192);
#17192 = CARTESIAN_POINT('',(-17.7798,7.22051,1.51));
#17193 = CIRCLE('',#17194,0.4);
#17194 = AXIS2_PLACEMENT_3D('',#17195,#17196,#17197);
#17195 = CARTESIAN_POINT('',(-17.7798,7.62051,1.51));
#17196 = DIRECTION('',(-0.,0.,-1.));
#17197 = DIRECTION('',(-0.,-1.,0.));
#17198 = ORIENTED_EDGE('',*,*,#17199,.T.);
#17199 = EDGE_CURVE('',#17191,#17200,#17202,.T.);
#17200 = VERTEX_POINT('',#17201);
#17201 = CARTESIAN_POINT('',(-17.78,7.22051005,1.51));
#17202 = CIRCLE('',#17203,0.4);
#17203 = AXIS2_PLACEMENT_3D('',#17204,#17205,#17206);
#17204 = CARTESIAN_POINT('',(-17.7798,7.62051,1.51));
#17205 = DIRECTION('',(-0.,0.,-1.));
#17206 = DIRECTION('',(-0.,-1.,0.));
#17207 = ORIENTED_EDGE('',*,*,#17208,.F.);
#17208 = EDGE_CURVE('',#17209,#17200,#17211,.T.);
#17209 = VERTEX_POINT('',#17210);
#17210 = CARTESIAN_POINT('',(-17.78,6.75050995,1.51));
#17211 = LINE('',#17212,#17213);
#17212 = CARTESIAN_POINT('',(-17.78,-10.795,1.51));
#17213 = VECTOR('',#17214,1.);
#17214 = DIRECTION('',(0.,1.,0.));
#17215 = ORIENTED_EDGE('',*,*,#17216,.T.);
#17216 = EDGE_CURVE('',#17209,#17217,#17219,.T.);
#17217 = VERTEX_POINT('',#17218);
#17218 = CARTESIAN_POINT('',(-17.7798,5.95051,1.51));
#17219 = CIRCLE('',#17220,0.4);
#17220 = AXIS2_PLACEMENT_3D('',#17221,#17222,#17223);
#17221 = CARTESIAN_POINT('',(-17.7798,6.35051,1.51));
#17222 = DIRECTION('',(-0.,0.,-1.));
#17223 = DIRECTION('',(-0.,-1.,0.));
#17224 = ORIENTED_EDGE('',*,*,#17225,.T.);
#17225 = EDGE_CURVE('',#17217,#17226,#17228,.T.);
#17226 = VERTEX_POINT('',#17227);
#17227 = CARTESIAN_POINT('',(-17.78,5.95051005,1.51));
#17228 = CIRCLE('',#17229,0.4);
#17229 = AXIS2_PLACEMENT_3D('',#17230,#17231,#17232);
#17230 = CARTESIAN_POINT('',(-17.7798,6.35051,1.51));
#17231 = DIRECTION('',(-0.,0.,-1.));
#17232 = DIRECTION('',(-0.,-1.,0.));
#17233 = ORIENTED_EDGE('',*,*,#17234,.F.);
#17234 = EDGE_CURVE('',#17235,#17226,#17237,.T.);
#17235 = VERTEX_POINT('',#17236);
#17236 = CARTESIAN_POINT('',(-17.78,5.48050995,1.51));
#17237 = LINE('',#17238,#17239);
#17238 = CARTESIAN_POINT('',(-17.78,-10.795,1.51));
#17239 = VECTOR('',#17240,1.);
#17240 = DIRECTION('',(0.,1.,0.));
#17241 = ORIENTED_EDGE('',*,*,#17242,.T.);
#17242 = EDGE_CURVE('',#17235,#17243,#17245,.T.);
#17243 = VERTEX_POINT('',#17244);
#17244 = CARTESIAN_POINT('',(-17.7798,4.68051,1.51));
#17245 = CIRCLE('',#17246,0.4);
#17246 = AXIS2_PLACEMENT_3D('',#17247,#17248,#17249);
#17247 = CARTESIAN_POINT('',(-17.7798,5.08051,1.51));
#17248 = DIRECTION('',(-0.,0.,-1.));
#17249 = DIRECTION('',(-0.,-1.,0.));
#17250 = ORIENTED_EDGE('',*,*,#17251,.T.);
#17251 = EDGE_CURVE('',#17243,#17252,#17254,.T.);
#17252 = VERTEX_POINT('',#17253);
#17253 = CARTESIAN_POINT('',(-17.78,4.68051005,1.51));
#17254 = CIRCLE('',#17255,0.4);
#17255 = AXIS2_PLACEMENT_3D('',#17256,#17257,#17258);
#17256 = CARTESIAN_POINT('',(-17.7798,5.08051,1.51));
#17257 = DIRECTION('',(-0.,0.,-1.));
#17258 = DIRECTION('',(-0.,-1.,0.));
#17259 = ORIENTED_EDGE('',*,*,#17260,.F.);
#17260 = EDGE_CURVE('',#17261,#17252,#17263,.T.);
#17261 = VERTEX_POINT('',#17262);
#17262 = CARTESIAN_POINT('',(-17.78,-10.795,1.51));
#17263 = LINE('',#17264,#17265);
#17264 = CARTESIAN_POINT('',(-17.78,-10.795,1.51));
#17265 = VECTOR('',#17266,1.);
#17266 = DIRECTION('',(0.,1.,0.));
#17267 = ORIENTED_EDGE('',*,*,#17268,.F.);
#17268 = EDGE_CURVE('',#17269,#17261,#17271,.T.);
#17269 = VERTEX_POINT('',#17270);
#17270 = CARTESIAN_POINT('',(-17.145,-11.43,1.51));
#17271 = CIRCLE('',#17272,0.634999337826);
#17272 = AXIS2_PLACEMENT_3D('',#17273,#17274,#17275);
#17273 = CARTESIAN_POINT('',(-17.14500066217,-10.79500066217,1.51));
#17274 = DIRECTION('',(0.,0.,-1.));
#17275 = DIRECTION('',(1.042794921205E-06,-0.999999999999,0.));
#17276 = ORIENTED_EDGE('',*,*,#17277,.F.);
#17277 = EDGE_CURVE('',#17278,#17269,#17280,.T.);
#17278 = VERTEX_POINT('',#17279);
#17279 = CARTESIAN_POINT('',(17.145,-11.43,1.51));
#17280 = LINE('',#17281,#17282);
#17281 = CARTESIAN_POINT('',(17.145,-11.43,1.51));
#17282 = VECTOR('',#17283,1.);
#17283 = DIRECTION('',(-1.,0.,0.));
#17284 = ORIENTED_EDGE('',*,*,#17285,.F.);
#17285 = EDGE_CURVE('',#17286,#17278,#17288,.T.);
#17286 = VERTEX_POINT('',#17287);
#17287 = CARTESIAN_POINT('',(17.78,-10.795,1.51));
#17288 = CIRCLE('',#17289,0.634999337826);
#17289 = AXIS2_PLACEMENT_3D('',#17290,#17291,#17292);
#17290 = CARTESIAN_POINT('',(17.145000662174,-10.79500066217,1.51));
#17291 = DIRECTION('',(0.,0.,-1.));
#17292 = DIRECTION('',(0.999999999999,1.04279491561E-06,0.));
#17293 = ORIENTED_EDGE('',*,*,#17294,.F.);
#17294 = EDGE_CURVE('',#17295,#17286,#17297,.T.);
#17295 = VERTEX_POINT('',#17296);
#17296 = CARTESIAN_POINT('',(17.78,4.68051005,1.51));
#17297 = LINE('',#17298,#17299);
#17298 = CARTESIAN_POINT('',(17.78,10.795,1.51));
#17299 = VECTOR('',#17300,1.);
#17300 = DIRECTION('',(0.,-1.,0.));
#17301 = ORIENTED_EDGE('',*,*,#17302,.T.);
#17302 = EDGE_CURVE('',#17295,#17303,#17305,.T.);
#17303 = VERTEX_POINT('',#17304);
#17304 = CARTESIAN_POINT('',(17.78,5.48050995,1.51));
#17305 = CIRCLE('',#17306,0.4);
#17306 = AXIS2_PLACEMENT_3D('',#17307,#17308,#17309);
#17307 = CARTESIAN_POINT('',(17.7802,5.08051,1.51));
#17308 = DIRECTION('',(-0.,0.,-1.));
#17309 = DIRECTION('',(-0.,-1.,0.));
#17310 = ORIENTED_EDGE('',*,*,#17311,.F.);
#17311 = EDGE_CURVE('',#17312,#17303,#17314,.T.);
#17312 = VERTEX_POINT('',#17313);
#17313 = CARTESIAN_POINT('',(17.78,5.95051005,1.51));
#17314 = LINE('',#17315,#17316);
#17315 = CARTESIAN_POINT('',(17.78,10.795,1.51));
#17316 = VECTOR('',#17317,1.);
#17317 = DIRECTION('',(0.,-1.,0.));
#17318 = ORIENTED_EDGE('',*,*,#17319,.T.);
#17319 = EDGE_CURVE('',#17312,#17320,#17322,.T.);
#17320 = VERTEX_POINT('',#17321);
#17321 = CARTESIAN_POINT('',(17.78,6.75050995,1.51));
#17322 = CIRCLE('',#17323,0.4);
#17323 = AXIS2_PLACEMENT_3D('',#17324,#17325,#17326);
#17324 = CARTESIAN_POINT('',(17.7802,6.35051,1.51));
#17325 = DIRECTION('',(-0.,0.,-1.));
#17326 = DIRECTION('',(-0.,-1.,0.));
#17327 = ORIENTED_EDGE('',*,*,#17328,.F.);
#17328 = EDGE_CURVE('',#17329,#17320,#17331,.T.);
#17329 = VERTEX_POINT('',#17330);
#17330 = CARTESIAN_POINT('',(17.78,7.22051005,1.51));
#17331 = LINE('',#17332,#17333);
#17332 = CARTESIAN_POINT('',(17.78,10.795,1.51));
#17333 = VECTOR('',#17334,1.);
#17334 = DIRECTION('',(0.,-1.,0.));
#17335 = ORIENTED_EDGE('',*,*,#17336,.T.);
#17336 = EDGE_CURVE('',#17329,#17337,#17339,.T.);
#17337 = VERTEX_POINT('',#17338);
#17338 = CARTESIAN_POINT('',(17.78,8.02050995,1.51));
#17339 = CIRCLE('',#17340,0.4);
#17340 = AXIS2_PLACEMENT_3D('',#17341,#17342,#17343);
#17341 = CARTESIAN_POINT('',(17.7802,7.62051,1.51));
#17342 = DIRECTION('',(-0.,0.,-1.));
#17343 = DIRECTION('',(-0.,-1.,0.));
#17344 = ORIENTED_EDGE('',*,*,#17345,.F.);
#17345 = EDGE_CURVE('',#17346,#17337,#17348,.T.);
#17346 = VERTEX_POINT('',#17347);
#17347 = CARTESIAN_POINT('',(17.78,8.49051005,1.51));
#17348 = LINE('',#17349,#17350);
#17349 = CARTESIAN_POINT('',(17.78,10.795,1.51));
#17350 = VECTOR('',#17351,1.);
#17351 = DIRECTION('',(0.,-1.,0.));
#17352 = ORIENTED_EDGE('',*,*,#17353,.T.);
#17353 = EDGE_CURVE('',#17346,#16812,#17354,.T.);
#17354 = CIRCLE('',#17355,0.4);
#17355 = AXIS2_PLACEMENT_3D('',#17356,#17357,#17358);
#17356 = CARTESIAN_POINT('',(17.7802,8.89051,1.51));
#17357 = DIRECTION('',(-0.,0.,-1.));
#17358 = DIRECTION('',(-0.,-1.,0.));
#17359 = ORIENTED_EDGE('',*,*,#16811,.F.);
#17360 = FACE_BOUND('',#17361,.T.);
#17361 = EDGE_LOOP('',(#17362));
#17362 = ORIENTED_EDGE('',*,*,#17363,.T.);
#17363 = EDGE_CURVE('',#17364,#17364,#17366,.T.);
#17364 = VERTEX_POINT('',#17365);
#17365 = CARTESIAN_POINT('',(-16.1798,4.78051,1.51));
#17366 = CIRCLE('',#17367,0.3);
#17367 = AXIS2_PLACEMENT_3D('',#17368,#17369,#17370);
#17368 = CARTESIAN_POINT('',(-16.1798,5.08051,1.51));
#17369 = DIRECTION('',(-0.,0.,-1.));
#17370 = DIRECTION('',(-0.,-1.,0.));
#17371 = FACE_BOUND('',#17372,.T.);
#17372 = EDGE_LOOP('',(#17373));
#17373 = ORIENTED_EDGE('',*,*,#17374,.T.);
#17374 = EDGE_CURVE('',#17375,#17375,#17377,.T.);
#17375 = VERTEX_POINT('',#17376);
#17376 = CARTESIAN_POINT('',(-16.1798,6.05051,1.51));
#17377 = CIRCLE('',#17378,0.3);
#17378 = AXIS2_PLACEMENT_3D('',#17379,#17380,#17381);
#17379 = CARTESIAN_POINT('',(-16.1798,6.35051,1.51));
#17380 = DIRECTION('',(-0.,0.,-1.));
#17381 = DIRECTION('',(-0.,-1.,0.));
#17382 = FACE_BOUND('',#17383,.T.);
#17383 = EDGE_LOOP('',(#17384));
#17384 = ORIENTED_EDGE('',*,*,#17385,.T.);
#17385 = EDGE_CURVE('',#17386,#17386,#17388,.T.);
#17386 = VERTEX_POINT('',#17387);
#17387 = CARTESIAN_POINT('',(16.1802,4.78051,1.51));
#17388 = CIRCLE('',#17389,0.3);
#17389 = AXIS2_PLACEMENT_3D('',#17390,#17391,#17392);
#17390 = CARTESIAN_POINT('',(16.1802,5.08051,1.51));
#17391 = DIRECTION('',(-0.,0.,-1.));
#17392 = DIRECTION('',(-0.,-1.,0.));
#17393 = FACE_BOUND('',#17394,.T.);
#17394 = EDGE_LOOP('',(#17395));
#17395 = ORIENTED_EDGE('',*,*,#17396,.T.);
#17396 = EDGE_CURVE('',#17397,#17397,#17399,.T.);
#17397 = VERTEX_POINT('',#17398);
#17398 = CARTESIAN_POINT('',(16.1802,6.05051,1.51));
#17399 = CIRCLE('',#17400,0.3);
#17400 = AXIS2_PLACEMENT_3D('',#17401,#17402,#17403);
#17401 = CARTESIAN_POINT('',(16.1802,6.35051,1.51));
#17402 = DIRECTION('',(-0.,0.,-1.));
#17403 = DIRECTION('',(-0.,-1.,0.));
#17404 = FACE_BOUND('',#17405,.T.);
#17405 = EDGE_LOOP('',(#17406));
#17406 = ORIENTED_EDGE('',*,*,#17407,.T.);
#17407 = EDGE_CURVE('',#17408,#17408,#17410,.T.);
#17408 = VERTEX_POINT('',#17409);
#17409 = CARTESIAN_POINT('',(-16.1798,7.32051,1.51));
#17410 = CIRCLE('',#17411,0.3);
#17411 = AXIS2_PLACEMENT_3D('',#17412,#17413,#17414);
#17412 = CARTESIAN_POINT('',(-16.1798,7.62051,1.51));
#17413 = DIRECTION('',(-0.,0.,-1.));
#17414 = DIRECTION('',(-0.,-1.,0.));
#17415 = FACE_BOUND('',#17416,.T.);
#17416 = EDGE_LOOP('',(#17417));
#17417 = ORIENTED_EDGE('',*,*,#17418,.T.);
#17418 = EDGE_CURVE('',#17419,#17419,#17421,.T.);
#17419 = VERTEX_POINT('',#17420);
#17420 = CARTESIAN_POINT('',(-16.1798,8.59051,1.51));
#17421 = CIRCLE('',#17422,0.3);
#17422 = AXIS2_PLACEMENT_3D('',#17423,#17424,#17425);
#17423 = CARTESIAN_POINT('',(-16.1798,8.89051,1.51));
#17424 = DIRECTION('',(-0.,0.,-1.));
#17425 = DIRECTION('',(-0.,-1.,0.));
#17426 = FACE_BOUND('',#17427,.T.);
#17427 = EDGE_LOOP('',(#17428));
#17428 = ORIENTED_EDGE('',*,*,#17429,.T.);
#17429 = EDGE_CURVE('',#17430,#17430,#17432,.T.);
#17430 = VERTEX_POINT('',#17431);
#17431 = CARTESIAN_POINT('',(16.1802,7.32051,1.51));
#17432 = CIRCLE('',#17433,0.3);
#17433 = AXIS2_PLACEMENT_3D('',#17434,#17435,#17436);
#17434 = CARTESIAN_POINT('',(16.1802,7.62051,1.51));
#17435 = DIRECTION('',(-0.,0.,-1.));
#17436 = DIRECTION('',(-0.,-1.,0.));
#17437 = FACE_BOUND('',#17438,.T.);
#17438 = EDGE_LOOP('',(#17439));
#17439 = ORIENTED_EDGE('',*,*,#17440,.T.);
#17440 = EDGE_CURVE('',#17441,#17441,#17443,.T.);
#17441 = VERTEX_POINT('',#17442);
#17442 = CARTESIAN_POINT('',(16.1802,8.59051,1.51));
#17443 = CIRCLE('',#17444,0.3);
#17444 = AXIS2_PLACEMENT_3D('',#17445,#17446,#17447);
#17445 = CARTESIAN_POINT('',(16.1802,8.89051,1.51));
#17446 = DIRECTION('',(-0.,0.,-1.));
#17447 = DIRECTION('',(-0.,-1.,0.));
#17448 = PLANE('',#17449);
#17449 = AXIS2_PLACEMENT_3D('',#17450,#17451,#17452);
#17450 = CARTESIAN_POINT('',(0.,0.,1.51));
#17451 = DIRECTION('',(0.,0.,1.));
#17452 = DIRECTION('',(1.,0.,-0.));
#17453 = ADVANCED_FACE('',(#17454),#17465,.T.);
#17454 = FACE_BOUND('',#17455,.T.);
#17455 = EDGE_LOOP('',(#17456,#17462,#17463,#17464));
#17456 = ORIENTED_EDGE('',*,*,#17457,.T.);
#17457 = EDGE_CURVE('',#16836,#17148,#17458,.T.);
#17458 = LINE('',#17459,#17460);
#17459 = CARTESIAN_POINT('',(-17.78,10.795,0.));
#17460 = VECTOR('',#17461,1.);
#17461 = DIRECTION('',(0.,0.,1.));
#17462 = ORIENTED_EDGE('',*,*,#17147,.T.);
#17463 = ORIENTED_EDGE('',*,*,#16771,.F.);
#17464 = ORIENTED_EDGE('',*,*,#16835,.F.);
#17465 = CYLINDRICAL_SURFACE('',#17466,0.634999337826);
#17466 = AXIS2_PLACEMENT_3D('',#17467,#17468,#17469);
#17467 = CARTESIAN_POINT('',(-17.14500066217,10.795000662174,0.));
#17468 = DIRECTION('',(0.,0.,-1.));
#17469 = DIRECTION('',(-0.999999999999,-1.04279491561E-06,-0.));
#17470 = ADVANCED_FACE('',(#17471),#17482,.F.);
#17471 = FACE_BOUND('',#17472,.T.);
#17472 = EDGE_LOOP('',(#17473,#17474,#17475,#17481));
#17473 = ORIENTED_EDGE('',*,*,#16819,.F.);
#17474 = ORIENTED_EDGE('',*,*,#17353,.F.);
#17475 = ORIENTED_EDGE('',*,*,#17476,.T.);
#17476 = EDGE_CURVE('',#17346,#17034,#17477,.T.);
#17477 = LINE('',#17478,#17479);
#17478 = CARTESIAN_POINT('',(17.78,8.49051005,-4.6E-02));
#17479 = VECTOR('',#17480,1.);
#17480 = DIRECTION('',(-0.,-0.,-1.));
#17481 = ORIENTED_EDGE('',*,*,#17041,.T.);
#17482 = CYLINDRICAL_SURFACE('',#17483,0.4);
#17483 = AXIS2_PLACEMENT_3D('',#17484,#17485,#17486);
#17484 = CARTESIAN_POINT('',(17.7802,8.89051,-4.6E-02));
#17485 = DIRECTION('',(-0.,-0.,-1.));
#17486 = DIRECTION('',(-0.,-1.,0.));
#17487 = ADVANCED_FACE('',(#17488),#17499,.T.);
#17488 = FACE_BOUND('',#17489,.T.);
#17489 = EDGE_LOOP('',(#17490,#17491,#17492,#17493));
#17490 = ORIENTED_EDGE('',*,*,#17033,.F.);
#17491 = ORIENTED_EDGE('',*,*,#17476,.F.);
#17492 = ORIENTED_EDGE('',*,*,#17345,.T.);
#17493 = ORIENTED_EDGE('',*,*,#17494,.T.);
#17494 = EDGE_CURVE('',#17337,#17025,#17495,.T.);
#17495 = LINE('',#17496,#17497);
#17496 = CARTESIAN_POINT('',(17.78,8.02050995,-4.6E-02));
#17497 = VECTOR('',#17498,1.);
#17498 = DIRECTION('',(-0.,-0.,-1.));
#17499 = PLANE('',#17500);
#17500 = AXIS2_PLACEMENT_3D('',#17501,#17502,#17503);
#17501 = CARTESIAN_POINT('',(17.78,10.795,0.));
#17502 = DIRECTION('',(1.,0.,-0.));
#17503 = DIRECTION('',(0.,-1.,0.));
#17504 = ADVANCED_FACE('',(#17505),#17516,.F.);
#17505 = FACE_BOUND('',#17506,.T.);
#17506 = EDGE_LOOP('',(#17507,#17508,#17509,#17515));
#17507 = ORIENTED_EDGE('',*,*,#17494,.F.);
#17508 = ORIENTED_EDGE('',*,*,#17336,.F.);
#17509 = ORIENTED_EDGE('',*,*,#17510,.T.);
#17510 = EDGE_CURVE('',#17329,#17017,#17511,.T.);
#17511 = LINE('',#17512,#17513);
#17512 = CARTESIAN_POINT('',(17.78,7.22051005,-4.6E-02));
#17513 = VECTOR('',#17514,1.);
#17514 = DIRECTION('',(-0.,-0.,-1.));
#17515 = ORIENTED_EDGE('',*,*,#17024,.T.);
#17516 = CYLINDRICAL_SURFACE('',#17517,0.4);
#17517 = AXIS2_PLACEMENT_3D('',#17518,#17519,#17520);
#17518 = CARTESIAN_POINT('',(17.7802,7.62051,-4.6E-02));
#17519 = DIRECTION('',(-0.,-0.,-1.));
#17520 = DIRECTION('',(-0.,-1.,0.));
#17521 = ADVANCED_FACE('',(#17522),#17533,.T.);
#17522 = FACE_BOUND('',#17523,.T.);
#17523 = EDGE_LOOP('',(#17524,#17525,#17526,#17527));
#17524 = ORIENTED_EDGE('',*,*,#17016,.F.);
#17525 = ORIENTED_EDGE('',*,*,#17510,.F.);
#17526 = ORIENTED_EDGE('',*,*,#17328,.T.);
#17527 = ORIENTED_EDGE('',*,*,#17528,.T.);
#17528 = EDGE_CURVE('',#17320,#17008,#17529,.T.);
#17529 = LINE('',#17530,#17531);
#17530 = CARTESIAN_POINT('',(17.78,6.75050995,-4.6E-02));
#17531 = VECTOR('',#17532,1.);
#17532 = DIRECTION('',(-0.,-0.,-1.));
#17533 = PLANE('',#17534);
#17534 = AXIS2_PLACEMENT_3D('',#17535,#17536,#17537);
#17535 = CARTESIAN_POINT('',(17.78,10.795,0.));
#17536 = DIRECTION('',(1.,0.,-0.));
#17537 = DIRECTION('',(0.,-1.,0.));
#17538 = ADVANCED_FACE('',(#17539),#17550,.F.);
#17539 = FACE_BOUND('',#17540,.T.);
#17540 = EDGE_LOOP('',(#17541,#17542,#17543,#17549));
#17541 = ORIENTED_EDGE('',*,*,#17528,.F.);
#17542 = ORIENTED_EDGE('',*,*,#17319,.F.);
#17543 = ORIENTED_EDGE('',*,*,#17544,.T.);
#17544 = EDGE_CURVE('',#17312,#17000,#17545,.T.);
#17545 = LINE('',#17546,#17547);
#17546 = CARTESIAN_POINT('',(17.78,5.95051005,-4.6E-02));
#17547 = VECTOR('',#17548,1.);
#17548 = DIRECTION('',(-0.,-0.,-1.));
#17549 = ORIENTED_EDGE('',*,*,#17007,.T.);
#17550 = CYLINDRICAL_SURFACE('',#17551,0.4);
#17551 = AXIS2_PLACEMENT_3D('',#17552,#17553,#17554);
#17552 = CARTESIAN_POINT('',(17.7802,6.35051,-4.6E-02));
#17553 = DIRECTION('',(-0.,-0.,-1.));
#17554 = DIRECTION('',(-0.,-1.,0.));
#17555 = ADVANCED_FACE('',(#17556),#17567,.T.);
#17556 = FACE_BOUND('',#17557,.T.);
#17557 = EDGE_LOOP('',(#17558,#17559,#17560,#17561));
#17558 = ORIENTED_EDGE('',*,*,#16999,.F.);
#17559 = ORIENTED_EDGE('',*,*,#17544,.F.);
#17560 = ORIENTED_EDGE('',*,*,#17311,.T.);
#17561 = ORIENTED_EDGE('',*,*,#17562,.T.);
#17562 = EDGE_CURVE('',#17303,#16991,#17563,.T.);
#17563 = LINE('',#17564,#17565);
#17564 = CARTESIAN_POINT('',(17.78,5.48050995,-4.6E-02));
#17565 = VECTOR('',#17566,1.);
#17566 = DIRECTION('',(-0.,-0.,-1.));
#17567 = PLANE('',#17568);
#17568 = AXIS2_PLACEMENT_3D('',#17569,#17570,#17571);
#17569 = CARTESIAN_POINT('',(17.78,10.795,0.));
#17570 = DIRECTION('',(1.,0.,-0.));
#17571 = DIRECTION('',(0.,-1.,0.));
#17572 = ADVANCED_FACE('',(#17573),#17584,.F.);
#17573 = FACE_BOUND('',#17574,.T.);
#17574 = EDGE_LOOP('',(#17575,#17576,#17577,#17583));
#17575 = ORIENTED_EDGE('',*,*,#17562,.F.);
#17576 = ORIENTED_EDGE('',*,*,#17302,.F.);
#17577 = ORIENTED_EDGE('',*,*,#17578,.T.);
#17578 = EDGE_CURVE('',#17295,#16983,#17579,.T.);
#17579 = LINE('',#17580,#17581);
#17580 = CARTESIAN_POINT('',(17.78,4.68051005,-4.6E-02));
#17581 = VECTOR('',#17582,1.);
#17582 = DIRECTION('',(-0.,-0.,-1.));
#17583 = ORIENTED_EDGE('',*,*,#16990,.T.);
#17584 = CYLINDRICAL_SURFACE('',#17585,0.4);
#17585 = AXIS2_PLACEMENT_3D('',#17586,#17587,#17588);
#17586 = CARTESIAN_POINT('',(17.7802,5.08051,-4.6E-02));
#17587 = DIRECTION('',(-0.,-0.,-1.));
#17588 = DIRECTION('',(-0.,-1.,0.));
#17589 = ADVANCED_FACE('',(#17590),#17601,.T.);
#17590 = FACE_BOUND('',#17591,.T.);
#17591 = EDGE_LOOP('',(#17592,#17593,#17594,#17595));
#17592 = ORIENTED_EDGE('',*,*,#16982,.F.);
#17593 = ORIENTED_EDGE('',*,*,#17578,.F.);
#17594 = ORIENTED_EDGE('',*,*,#17294,.T.);
#17595 = ORIENTED_EDGE('',*,*,#17596,.F.);
#17596 = EDGE_CURVE('',#16974,#17286,#17597,.T.);
#17597 = LINE('',#17598,#17599);
#17598 = CARTESIAN_POINT('',(17.78,-10.795,0.));
#17599 = VECTOR('',#17600,1.);
#17600 = DIRECTION('',(0.,0.,1.));
#17601 = PLANE('',#17602);
#17602 = AXIS2_PLACEMENT_3D('',#17603,#17604,#17605);
#17603 = CARTESIAN_POINT('',(17.78,10.795,0.));
#17604 = DIRECTION('',(1.,0.,-0.));
#17605 = DIRECTION('',(0.,-1.,0.));
#17606 = ADVANCED_FACE('',(#17607),#17618,.T.);
#17607 = FACE_BOUND('',#17608,.T.);
#17608 = EDGE_LOOP('',(#17609,#17610,#17611,#17617));
#17609 = ORIENTED_EDGE('',*,*,#17596,.T.);
#17610 = ORIENTED_EDGE('',*,*,#17285,.T.);
#17611 = ORIENTED_EDGE('',*,*,#17612,.F.);
#17612 = EDGE_CURVE('',#16966,#17278,#17613,.T.);
#17613 = LINE('',#17614,#17615);
#17614 = CARTESIAN_POINT('',(17.145,-11.43,0.));
#17615 = VECTOR('',#17616,1.);
#17616 = DIRECTION('',(0.,0.,1.));
#17617 = ORIENTED_EDGE('',*,*,#16973,.F.);
#17618 = CYLINDRICAL_SURFACE('',#17619,0.634999337826);
#17619 = AXIS2_PLACEMENT_3D('',#17620,#17621,#17622);
#17620 = CARTESIAN_POINT('',(17.145000662174,-10.79500066217,0.));
#17621 = DIRECTION('',(0.,0.,-1.));
#17622 = DIRECTION('',(0.999999999999,1.04279491561E-06,0.));
#17623 = ADVANCED_FACE('',(#17624),#17635,.T.);
#17624 = FACE_BOUND('',#17625,.T.);
#17625 = EDGE_LOOP('',(#17626,#17627,#17628,#17634));
#17626 = ORIENTED_EDGE('',*,*,#17612,.T.);
#17627 = ORIENTED_EDGE('',*,*,#17277,.T.);
#17628 = ORIENTED_EDGE('',*,*,#17629,.F.);
#17629 = EDGE_CURVE('',#16957,#17269,#17630,.T.);
#17630 = LINE('',#17631,#17632);
#17631 = CARTESIAN_POINT('',(-17.145,-11.43,0.));
#17632 = VECTOR('',#17633,1.);
#17633 = DIRECTION('',(0.,0.,1.));
#17634 = ORIENTED_EDGE('',*,*,#16965,.F.);
#17635 = PLANE('',#17636);
#17636 = AXIS2_PLACEMENT_3D('',#17637,#17638,#17639);
#17637 = CARTESIAN_POINT('',(17.145,-11.43,0.));
#17638 = DIRECTION('',(0.,-1.,0.));
#17639 = DIRECTION('',(-1.,0.,0.));
#17640 = ADVANCED_FACE('',(#17641),#17652,.T.);
#17641 = FACE_BOUND('',#17642,.T.);
#17642 = EDGE_LOOP('',(#17643,#17644,#17645,#17651));
#17643 = ORIENTED_EDGE('',*,*,#17629,.T.);
#17644 = ORIENTED_EDGE('',*,*,#17268,.T.);
#17645 = ORIENTED_EDGE('',*,*,#17646,.F.);
#17646 = EDGE_CURVE('',#16949,#17261,#17647,.T.);
#17647 = LINE('',#17648,#17649);
#17648 = CARTESIAN_POINT('',(-17.78,-10.795,0.));
#17649 = VECTOR('',#17650,1.);
#17650 = DIRECTION('',(0.,0.,1.));
#17651 = ORIENTED_EDGE('',*,*,#16956,.F.);
#17652 = CYLINDRICAL_SURFACE('',#17653,0.634999337826);
#17653 = AXIS2_PLACEMENT_3D('',#17654,#17655,#17656);
#17654 = CARTESIAN_POINT('',(-17.14500066217,-10.79500066217,0.));
#17655 = DIRECTION('',(0.,0.,-1.));
#17656 = DIRECTION('',(1.042794921205E-06,-0.999999999999,0.));
#17657 = ADVANCED_FACE('',(#17658),#17669,.T.);
#17658 = FACE_BOUND('',#17659,.T.);
#17659 = EDGE_LOOP('',(#17660,#17661,#17662,#17663));
#17660 = ORIENTED_EDGE('',*,*,#16948,.F.);
#17661 = ORIENTED_EDGE('',*,*,#17646,.T.);
#17662 = ORIENTED_EDGE('',*,*,#17260,.T.);
#17663 = ORIENTED_EDGE('',*,*,#17664,.T.);
#17664 = EDGE_CURVE('',#17252,#16940,#17665,.T.);
#17665 = LINE('',#17666,#17667);
#17666 = CARTESIAN_POINT('',(-17.78,4.68051005,-4.6E-02));
#17667 = VECTOR('',#17668,1.);
#17668 = DIRECTION('',(-0.,-0.,-1.));
#17669 = PLANE('',#17670);
#17670 = AXIS2_PLACEMENT_3D('',#17671,#17672,#17673);
#17671 = CARTESIAN_POINT('',(-17.78,-10.795,0.));
#17672 = DIRECTION('',(-1.,0.,0.));
#17673 = DIRECTION('',(0.,1.,0.));
#17674 = ADVANCED_FACE('',(#17675),#17686,.F.);
#17675 = FACE_BOUND('',#17676,.T.);
#17676 = EDGE_LOOP('',(#17677,#17683,#17684,#17685));
#17677 = ORIENTED_EDGE('',*,*,#17678,.F.);
#17678 = EDGE_CURVE('',#16931,#17243,#17679,.T.);
#17679 = LINE('',#17680,#17681);
#17680 = CARTESIAN_POINT('',(-17.7798,4.68051,-4.6E-02));
#17681 = VECTOR('',#17682,1.);
#17682 = DIRECTION('',(0.,0.,1.));
#17683 = ORIENTED_EDGE('',*,*,#16939,.T.);
#17684 = ORIENTED_EDGE('',*,*,#17664,.F.);
#17685 = ORIENTED_EDGE('',*,*,#17251,.F.);
#17686 = CYLINDRICAL_SURFACE('',#17687,0.4);
#17687 = AXIS2_PLACEMENT_3D('',#17688,#17689,#17690);
#17688 = CARTESIAN_POINT('',(-17.7798,5.08051,-4.6E-02));
#17689 = DIRECTION('',(-0.,-0.,-1.));
#17690 = DIRECTION('',(-0.,-1.,0.));
#17691 = ADVANCED_FACE('',(#17692),#17703,.F.);
#17692 = FACE_BOUND('',#17693,.T.);
#17693 = EDGE_LOOP('',(#17694,#17695,#17696,#17697));
#17694 = ORIENTED_EDGE('',*,*,#16930,.T.);
#17695 = ORIENTED_EDGE('',*,*,#17678,.T.);
#17696 = ORIENTED_EDGE('',*,*,#17242,.F.);
#17697 = ORIENTED_EDGE('',*,*,#17698,.T.);
#17698 = EDGE_CURVE('',#17235,#16923,#17699,.T.);
#17699 = LINE('',#17700,#17701);
#17700 = CARTESIAN_POINT('',(-17.78,5.48050995,-4.6E-02));
#17701 = VECTOR('',#17702,1.);
#17702 = DIRECTION('',(-0.,-0.,-1.));
#17703 = CYLINDRICAL_SURFACE('',#17704,0.4);
#17704 = AXIS2_PLACEMENT_3D('',#17705,#17706,#17707);
#17705 = CARTESIAN_POINT('',(-17.7798,5.08051,-4.6E-02));
#17706 = DIRECTION('',(-0.,-0.,-1.));
#17707 = DIRECTION('',(-0.,-1.,0.));
#17708 = ADVANCED_FACE('',(#17709),#17720,.T.);
#17709 = FACE_BOUND('',#17710,.T.);
#17710 = EDGE_LOOP('',(#17711,#17712,#17713,#17714));
#17711 = ORIENTED_EDGE('',*,*,#16922,.F.);
#17712 = ORIENTED_EDGE('',*,*,#17698,.F.);
#17713 = ORIENTED_EDGE('',*,*,#17234,.T.);
#17714 = ORIENTED_EDGE('',*,*,#17715,.T.);
#17715 = EDGE_CURVE('',#17226,#16914,#17716,.T.);
#17716 = LINE('',#17717,#17718);
#17717 = CARTESIAN_POINT('',(-17.78,5.95051005,-4.6E-02));
#17718 = VECTOR('',#17719,1.);
#17719 = DIRECTION('',(-0.,-0.,-1.));
#17720 = PLANE('',#17721);
#17721 = AXIS2_PLACEMENT_3D('',#17722,#17723,#17724);
#17722 = CARTESIAN_POINT('',(-17.78,-10.795,0.));
#17723 = DIRECTION('',(-1.,0.,0.));
#17724 = DIRECTION('',(0.,1.,0.));
#17725 = ADVANCED_FACE('',(#17726),#17737,.F.);
#17726 = FACE_BOUND('',#17727,.T.);
#17727 = EDGE_LOOP('',(#17728,#17734,#17735,#17736));
#17728 = ORIENTED_EDGE('',*,*,#17729,.F.);
#17729 = EDGE_CURVE('',#16905,#17217,#17730,.T.);
#17730 = LINE('',#17731,#17732);
#17731 = CARTESIAN_POINT('',(-17.7798,5.95051,-4.6E-02));
#17732 = VECTOR('',#17733,1.);
#17733 = DIRECTION('',(0.,0.,1.));
#17734 = ORIENTED_EDGE('',*,*,#16913,.T.);
#17735 = ORIENTED_EDGE('',*,*,#17715,.F.);
#17736 = ORIENTED_EDGE('',*,*,#17225,.F.);
#17737 = CYLINDRICAL_SURFACE('',#17738,0.4);
#17738 = AXIS2_PLACEMENT_3D('',#17739,#17740,#17741);
#17739 = CARTESIAN_POINT('',(-17.7798,6.35051,-4.6E-02));
#17740 = DIRECTION('',(-0.,-0.,-1.));
#17741 = DIRECTION('',(-0.,-1.,0.));
#17742 = ADVANCED_FACE('',(#17743),#17754,.F.);
#17743 = FACE_BOUND('',#17744,.T.);
#17744 = EDGE_LOOP('',(#17745,#17746,#17747,#17748));
#17745 = ORIENTED_EDGE('',*,*,#16904,.T.);
#17746 = ORIENTED_EDGE('',*,*,#17729,.T.);
#17747 = ORIENTED_EDGE('',*,*,#17216,.F.);
#17748 = ORIENTED_EDGE('',*,*,#17749,.T.);
#17749 = EDGE_CURVE('',#17209,#16897,#17750,.T.);
#17750 = LINE('',#17751,#17752);
#17751 = CARTESIAN_POINT('',(-17.78,6.75050995,-4.6E-02));
#17752 = VECTOR('',#17753,1.);
#17753 = DIRECTION('',(-0.,-0.,-1.));
#17754 = CYLINDRICAL_SURFACE('',#17755,0.4);
#17755 = AXIS2_PLACEMENT_3D('',#17756,#17757,#17758);
#17756 = CARTESIAN_POINT('',(-17.7798,6.35051,-4.6E-02));
#17757 = DIRECTION('',(-0.,-0.,-1.));
#17758 = DIRECTION('',(-0.,-1.,0.));
#17759 = ADVANCED_FACE('',(#17760),#17771,.T.);
#17760 = FACE_BOUND('',#17761,.T.);
#17761 = EDGE_LOOP('',(#17762,#17763,#17764,#17765));
#17762 = ORIENTED_EDGE('',*,*,#16896,.F.);
#17763 = ORIENTED_EDGE('',*,*,#17749,.F.);
#17764 = ORIENTED_EDGE('',*,*,#17208,.T.);
#17765 = ORIENTED_EDGE('',*,*,#17766,.T.);
#17766 = EDGE_CURVE('',#17200,#16888,#17767,.T.);
#17767 = LINE('',#17768,#17769);
#17768 = CARTESIAN_POINT('',(-17.78,7.22051005,-4.6E-02));
#17769 = VECTOR('',#17770,1.);
#17770 = DIRECTION('',(-0.,-0.,-1.));
#17771 = PLANE('',#17772);
#17772 = AXIS2_PLACEMENT_3D('',#17773,#17774,#17775);
#17773 = CARTESIAN_POINT('',(-17.78,-10.795,0.));
#17774 = DIRECTION('',(-1.,0.,0.));
#17775 = DIRECTION('',(0.,1.,0.));
#17776 = ADVANCED_FACE('',(#17777),#17788,.F.);
#17777 = FACE_BOUND('',#17778,.T.);
#17778 = EDGE_LOOP('',(#17779,#17785,#17786,#17787));
#17779 = ORIENTED_EDGE('',*,*,#17780,.F.);
#17780 = EDGE_CURVE('',#16879,#17191,#17781,.T.);
#17781 = LINE('',#17782,#17783);
#17782 = CARTESIAN_POINT('',(-17.7798,7.22051,-4.6E-02));
#17783 = VECTOR('',#17784,1.);
#17784 = DIRECTION('',(0.,0.,1.));
#17785 = ORIENTED_EDGE('',*,*,#16887,.T.);
#17786 = ORIENTED_EDGE('',*,*,#17766,.F.);
#17787 = ORIENTED_EDGE('',*,*,#17199,.F.);
#17788 = CYLINDRICAL_SURFACE('',#17789,0.4);
#17789 = AXIS2_PLACEMENT_3D('',#17790,#17791,#17792);
#17790 = CARTESIAN_POINT('',(-17.7798,7.62051,-4.6E-02));
#17791 = DIRECTION('',(-0.,-0.,-1.));
#17792 = DIRECTION('',(-0.,-1.,0.));
#17793 = ADVANCED_FACE('',(#17794),#17805,.F.);
#17794 = FACE_BOUND('',#17795,.T.);
#17795 = EDGE_LOOP('',(#17796,#17797,#17798,#17799));
#17796 = ORIENTED_EDGE('',*,*,#16878,.T.);
#17797 = ORIENTED_EDGE('',*,*,#17780,.T.);
#17798 = ORIENTED_EDGE('',*,*,#17190,.F.);
#17799 = ORIENTED_EDGE('',*,*,#17800,.T.);
#17800 = EDGE_CURVE('',#17183,#16871,#17801,.T.);
#17801 = LINE('',#17802,#17803);
#17802 = CARTESIAN_POINT('',(-17.78,8.02050995,-4.6E-02));
#17803 = VECTOR('',#17804,1.);
#17804 = DIRECTION('',(-0.,-0.,-1.));
#17805 = CYLINDRICAL_SURFACE('',#17806,0.4);
#17806 = AXIS2_PLACEMENT_3D('',#17807,#17808,#17809);
#17807 = CARTESIAN_POINT('',(-17.7798,7.62051,-4.6E-02));
#17808 = DIRECTION('',(-0.,-0.,-1.));
#17809 = DIRECTION('',(-0.,-1.,0.));
#17810 = ADVANCED_FACE('',(#17811),#17822,.T.);
#17811 = FACE_BOUND('',#17812,.T.);
#17812 = EDGE_LOOP('',(#17813,#17814,#17815,#17816));
#17813 = ORIENTED_EDGE('',*,*,#16870,.F.);
#17814 = ORIENTED_EDGE('',*,*,#17800,.F.);
#17815 = ORIENTED_EDGE('',*,*,#17182,.T.);
#17816 = ORIENTED_EDGE('',*,*,#17817,.T.);
#17817 = EDGE_CURVE('',#17174,#16862,#17818,.T.);
#17818 = LINE('',#17819,#17820);
#17819 = CARTESIAN_POINT('',(-17.78,8.49051005,-4.6E-02));
#17820 = VECTOR('',#17821,1.);
#17821 = DIRECTION('',(-0.,-0.,-1.));
#17822 = PLANE('',#17823);
#17823 = AXIS2_PLACEMENT_3D('',#17824,#17825,#17826);
#17824 = CARTESIAN_POINT('',(-17.78,-10.795,0.));
#17825 = DIRECTION('',(-1.,0.,0.));
#17826 = DIRECTION('',(0.,1.,0.));
#17827 = ADVANCED_FACE('',(#17828),#17839,.F.);
#17828 = FACE_BOUND('',#17829,.T.);
#17829 = EDGE_LOOP('',(#17830,#17836,#17837,#17838));
#17830 = ORIENTED_EDGE('',*,*,#17831,.F.);
#17831 = EDGE_CURVE('',#16853,#17165,#17832,.T.);
#17832 = LINE('',#17833,#17834);
#17833 = CARTESIAN_POINT('',(-17.7798,8.49051,-4.6E-02));
#17834 = VECTOR('',#17835,1.);
#17835 = DIRECTION('',(0.,0.,1.));
#17836 = ORIENTED_EDGE('',*,*,#16861,.T.);
#17837 = ORIENTED_EDGE('',*,*,#17817,.F.);
#17838 = ORIENTED_EDGE('',*,*,#17173,.F.);
#17839 = CYLINDRICAL_SURFACE('',#17840,0.4);
#17840 = AXIS2_PLACEMENT_3D('',#17841,#17842,#17843);
#17841 = CARTESIAN_POINT('',(-17.7798,8.89051,-4.6E-02));
#17842 = DIRECTION('',(-0.,-0.,-1.));
#17843 = DIRECTION('',(-0.,-1.,0.));
#17844 = ADVANCED_FACE('',(#17845),#17856,.F.);
#17845 = FACE_BOUND('',#17846,.T.);
#17846 = EDGE_LOOP('',(#17847,#17848,#17849,#17850));
#17847 = ORIENTED_EDGE('',*,*,#16852,.T.);
#17848 = ORIENTED_EDGE('',*,*,#17831,.T.);
#17849 = ORIENTED_EDGE('',*,*,#17164,.F.);
#17850 = ORIENTED_EDGE('',*,*,#17851,.T.);
#17851 = EDGE_CURVE('',#17157,#16845,#17852,.T.);
#17852 = LINE('',#17853,#17854);
#17853 = CARTESIAN_POINT('',(-17.78,9.29050995,-4.6E-02));
#17854 = VECTOR('',#17855,1.);
#17855 = DIRECTION('',(-0.,-0.,-1.));
#17856 = CYLINDRICAL_SURFACE('',#17857,0.4);
#17857 = AXIS2_PLACEMENT_3D('',#17858,#17859,#17860);
#17858 = CARTESIAN_POINT('',(-17.7798,8.89051,-4.6E-02));
#17859 = DIRECTION('',(-0.,-0.,-1.));
#17860 = DIRECTION('',(-0.,-1.,0.));
#17861 = ADVANCED_FACE('',(#17862),#17868,.T.);
#17862 = FACE_BOUND('',#17863,.T.);
#17863 = EDGE_LOOP('',(#17864,#17865,#17866,#17867));
#17864 = ORIENTED_EDGE('',*,*,#16844,.F.);
#17865 = ORIENTED_EDGE('',*,*,#17851,.F.);
#17866 = ORIENTED_EDGE('',*,*,#17156,.T.);
#17867 = ORIENTED_EDGE('',*,*,#17457,.F.);
#17868 = PLANE('',#17869);
#17869 = AXIS2_PLACEMENT_3D('',#17870,#17871,#17872);
#17870 = CARTESIAN_POINT('',(-17.78,-10.795,0.));
#17871 = DIRECTION('',(-1.,0.,0.));
#17872 = DIRECTION('',(0.,1.,0.));
#17873 = ADVANCED_FACE('',(#17874),#17885,.F.);
#17874 = FACE_BOUND('',#17875,.T.);
#17875 = EDGE_LOOP('',(#17876,#17877,#17883,#17884));
#17876 = ORIENTED_EDGE('',*,*,#17051,.T.);
#17877 = ORIENTED_EDGE('',*,*,#17878,.T.);
#17878 = EDGE_CURVE('',#17052,#17364,#17879,.T.);
#17879 = LINE('',#17880,#17881);
#17880 = CARTESIAN_POINT('',(-16.1798,4.78051,-4.6E-02));
#17881 = VECTOR('',#17882,1.);
#17882 = DIRECTION('',(0.,0.,1.));
#17883 = ORIENTED_EDGE('',*,*,#17363,.F.);
#17884 = ORIENTED_EDGE('',*,*,#17878,.F.);
#17885 = CYLINDRICAL_SURFACE('',#17886,0.3);
#17886 = AXIS2_PLACEMENT_3D('',#17887,#17888,#17889);
#17887 = CARTESIAN_POINT('',(-16.1798,5.08051,-4.6E-02));
#17888 = DIRECTION('',(-0.,-0.,-1.));
#17889 = DIRECTION('',(-0.,-1.,0.));
#17890 = ADVANCED_FACE('',(#17891),#17902,.F.);
#17891 = FACE_BOUND('',#17892,.T.);
#17892 = EDGE_LOOP('',(#17893,#17894,#17900,#17901));
#17893 = ORIENTED_EDGE('',*,*,#17062,.T.);
#17894 = ORIENTED_EDGE('',*,*,#17895,.T.);
#17895 = EDGE_CURVE('',#17063,#17375,#17896,.T.);
#17896 = LINE('',#17897,#17898);
#17897 = CARTESIAN_POINT('',(-16.1798,6.05051,-4.6E-02));
#17898 = VECTOR('',#17899,1.);
#17899 = DIRECTION('',(0.,0.,1.));
#17900 = ORIENTED_EDGE('',*,*,#17374,.F.);
#17901 = ORIENTED_EDGE('',*,*,#17895,.F.);
#17902 = CYLINDRICAL_SURFACE('',#17903,0.3);
#17903 = AXIS2_PLACEMENT_3D('',#17904,#17905,#17906);
#17904 = CARTESIAN_POINT('',(-16.1798,6.35051,-4.6E-02));
#17905 = DIRECTION('',(-0.,-0.,-1.));
#17906 = DIRECTION('',(-0.,-1.,0.));
#17907 = ADVANCED_FACE('',(#17908),#17919,.F.);
#17908 = FACE_BOUND('',#17909,.T.);
#17909 = EDGE_LOOP('',(#17910,#17911,#17917,#17918));
#17910 = ORIENTED_EDGE('',*,*,#17073,.T.);
#17911 = ORIENTED_EDGE('',*,*,#17912,.T.);
#17912 = EDGE_CURVE('',#17074,#17386,#17913,.T.);
#17913 = LINE('',#17914,#17915);
#17914 = CARTESIAN_POINT('',(16.1802,4.78051,-4.6E-02));
#17915 = VECTOR('',#17916,1.);
#17916 = DIRECTION('',(0.,0.,1.));
#17917 = ORIENTED_EDGE('',*,*,#17385,.F.);
#17918 = ORIENTED_EDGE('',*,*,#17912,.F.);
#17919 = CYLINDRICAL_SURFACE('',#17920,0.3);
#17920 = AXIS2_PLACEMENT_3D('',#17921,#17922,#17923);
#17921 = CARTESIAN_POINT('',(16.1802,5.08051,-4.6E-02));
#17922 = DIRECTION('',(-0.,-0.,-1.));
#17923 = DIRECTION('',(-0.,-1.,0.));
#17924 = ADVANCED_FACE('',(#17925),#17936,.F.);
#17925 = FACE_BOUND('',#17926,.T.);
#17926 = EDGE_LOOP('',(#17927,#17928,#17934,#17935));
#17927 = ORIENTED_EDGE('',*,*,#17084,.T.);
#17928 = ORIENTED_EDGE('',*,*,#17929,.T.);
#17929 = EDGE_CURVE('',#17085,#17397,#17930,.T.);
#17930 = LINE('',#17931,#17932);
#17931 = CARTESIAN_POINT('',(16.1802,6.05051,-4.6E-02));
#17932 = VECTOR('',#17933,1.);
#17933 = DIRECTION('',(0.,0.,1.));
#17934 = ORIENTED_EDGE('',*,*,#17396,.F.);
#17935 = ORIENTED_EDGE('',*,*,#17929,.F.);
#17936 = CYLINDRICAL_SURFACE('',#17937,0.3);
#17937 = AXIS2_PLACEMENT_3D('',#17938,#17939,#17940);
#17938 = CARTESIAN_POINT('',(16.1802,6.35051,-4.6E-02));
#17939 = DIRECTION('',(-0.,-0.,-1.));
#17940 = DIRECTION('',(-0.,-1.,0.));
#17941 = ADVANCED_FACE('',(#17942),#17953,.F.);
#17942 = FACE_BOUND('',#17943,.T.);
#17943 = EDGE_LOOP('',(#17944,#17945,#17951,#17952));
#17944 = ORIENTED_EDGE('',*,*,#17095,.T.);
#17945 = ORIENTED_EDGE('',*,*,#17946,.T.);
#17946 = EDGE_CURVE('',#17096,#17408,#17947,.T.);
#17947 = LINE('',#17948,#17949);
#17948 = CARTESIAN_POINT('',(-16.1798,7.32051,-4.6E-02));
#17949 = VECTOR('',#17950,1.);
#17950 = DIRECTION('',(0.,0.,1.));
#17951 = ORIENTED_EDGE('',*,*,#17407,.F.);
#17952 = ORIENTED_EDGE('',*,*,#17946,.F.);
#17953 = CYLINDRICAL_SURFACE('',#17954,0.3);
#17954 = AXIS2_PLACEMENT_3D('',#17955,#17956,#17957);
#17955 = CARTESIAN_POINT('',(-16.1798,7.62051,-4.6E-02));
#17956 = DIRECTION('',(-0.,-0.,-1.));
#17957 = DIRECTION('',(-0.,-1.,0.));
#17958 = ADVANCED_FACE('',(#17959),#17970,.F.);
#17959 = FACE_BOUND('',#17960,.T.);
#17960 = EDGE_LOOP('',(#17961,#17962,#17968,#17969));
#17961 = ORIENTED_EDGE('',*,*,#17106,.T.);
#17962 = ORIENTED_EDGE('',*,*,#17963,.T.);
#17963 = EDGE_CURVE('',#17107,#17419,#17964,.T.);
#17964 = LINE('',#17965,#17966);
#17965 = CARTESIAN_POINT('',(-16.1798,8.59051,-4.6E-02));
#17966 = VECTOR('',#17967,1.);
#17967 = DIRECTION('',(0.,0.,1.));
#17968 = ORIENTED_EDGE('',*,*,#17418,.F.);
#17969 = ORIENTED_EDGE('',*,*,#17963,.F.);
#17970 = CYLINDRICAL_SURFACE('',#17971,0.3);
#17971 = AXIS2_PLACEMENT_3D('',#17972,#17973,#17974);
#17972 = CARTESIAN_POINT('',(-16.1798,8.89051,-4.6E-02));
#17973 = DIRECTION('',(-0.,-0.,-1.));
#17974 = DIRECTION('',(-0.,-1.,0.));
#17975 = ADVANCED_FACE('',(#17976),#17987,.F.);
#17976 = FACE_BOUND('',#17977,.T.);
#17977 = EDGE_LOOP('',(#17978,#17979,#17985,#17986));
#17978 = ORIENTED_EDGE('',*,*,#17117,.T.);
#17979 = ORIENTED_EDGE('',*,*,#17980,.T.);
#17980 = EDGE_CURVE('',#17118,#17430,#17981,.T.);
#17981 = LINE('',#17982,#17983);
#17982 = CARTESIAN_POINT('',(16.1802,7.32051,-4.6E-02));
#17983 = VECTOR('',#17984,1.);
#17984 = DIRECTION('',(0.,0.,1.));
#17985 = ORIENTED_EDGE('',*,*,#17429,.F.);
#17986 = ORIENTED_EDGE('',*,*,#17980,.F.);
#17987 = CYLINDRICAL_SURFACE('',#17988,0.3);
#17988 = AXIS2_PLACEMENT_3D('',#17989,#17990,#17991);
#17989 = CARTESIAN_POINT('',(16.1802,7.62051,-4.6E-02));
#17990 = DIRECTION('',(-0.,-0.,-1.));
#17991 = DIRECTION('',(-0.,-1.,0.));
#17992 = ADVANCED_FACE('',(#17993),#18004,.F.);
#17993 = FACE_BOUND('',#17994,.T.);
#17994 = EDGE_LOOP('',(#17995,#17996,#18002,#18003));
#17995 = ORIENTED_EDGE('',*,*,#17128,.T.);
#17996 = ORIENTED_EDGE('',*,*,#17997,.T.);
#17997 = EDGE_CURVE('',#17129,#17441,#17998,.T.);
#17998 = LINE('',#17999,#18000);
#17999 = CARTESIAN_POINT('',(16.1802,8.59051,-4.6E-02));
#18000 = VECTOR('',#18001,1.);
#18001 = DIRECTION('',(0.,0.,1.));
#18002 = ORIENTED_EDGE('',*,*,#17440,.F.);
#18003 = ORIENTED_EDGE('',*,*,#17997,.F.);
#18004 = CYLINDRICAL_SURFACE('',#18005,0.3);
#18005 = AXIS2_PLACEMENT_3D('',#18006,#18007,#18008);
#18006 = CARTESIAN_POINT('',(16.1802,8.89051,-4.6E-02));
#18007 = DIRECTION('',(-0.,-0.,-1.));
#18008 = DIRECTION('',(-0.,-1.,0.));
#18009 = ( GEOMETRIC_REPRESENTATION_CONTEXT(3) 
GLOBAL_UNCERTAINTY_ASSIGNED_CONTEXT((#18013)) 
GLOBAL_UNIT_ASSIGNED_CONTEXT((#18010,#18011,#18012)) 
REPRESENTATION_CONTEXT('Context #1',
  '3D Context with UNIT and UNCERTAINTY') );
#18010 = ( LENGTH_UNIT() NAMED_UNIT(*) SI_UNIT(.MILLI.,.METRE.) );
#18011 = ( NAMED_UNIT(*) PLANE_ANGLE_UNIT() SI_UNIT($,.RADIAN.) );
#18012 = ( NAMED_UNIT(*) SI_UNIT($,.STERADIAN.) SOLID_ANGLE_UNIT() );
#18013 = UNCERTAINTY_MEASURE_WITH_UNIT(LENGTH_MEASURE(1.E-07),#18010,
  'distance_accuracy_value','confusion accuracy');
#18014 = CONTEXT_DEPENDENT_SHAPE_REPRESENTATION(#18015,#18017);
#18015 = ( REPRESENTATION_RELATIONSHIP('','',#16722,#10) 
REPRESENTATION_RELATIONSHIP_WITH_TRANSFORMATION(#18016) 
SHAPE_REPRESENTATION_RELATIONSHIP() );
#18016 = ITEM_DEFINED_TRANSFORMATION('','',#11,#159);
#18017 = PRODUCT_DEFINITION_SHAPE('Placement','Placement of an item',
  #18018);
#18018 = NEXT_ASSEMBLY_USAGE_OCCURRENCE('71','=>[0:1:1:10]','',#5,#16717
  ,$);
#18019 = PRODUCT_RELATED_PRODUCT_CATEGORY('part',$,(#16719));
#18020 = MECHANICAL_DESIGN_GEOMETRIC_PRESENTATION_REPRESENTATION('',(
    #18021),#18009);
#18021 = STYLED_ITEM('color',(#18022),#16723);
#18022 = PRESENTATION_STYLE_ASSIGNMENT((#18023));
#18023 = SURFACE_STYLE_USAGE(.BOTH.,#18024);
#18024 = SURFACE_SIDE_STYLE('',(#18025));
#18025 = SURFACE_STYLE_FILL_AREA(#18026);
#18026 = FILL_AREA_STYLE('',(#18027));
#18027 = FILL_AREA_STYLE_COLOUR('',#18028);
#18028 = COLOUR_RGB('',0.277846546019,0.436627062838,0.370214030736);
#18029 = MECHANICAL_DESIGN_GEOMETRIC_PRESENTATION_REPRESENTATION('',(
    #18030,#18038,#18045,#18052,#18059,#18066),#14931);
#18030 = STYLED_ITEM('color',(#18031),#14783);
#18031 = PRESENTATION_STYLE_ASSIGNMENT((#18032));
#18032 = SURFACE_STYLE_USAGE(.BOTH.,#18033);
#18033 = SURFACE_SIDE_STYLE('',(#18034));
#18034 = SURFACE_STYLE_FILL_AREA(#18035);
#18035 = FILL_AREA_STYLE('',(#18036));
#18036 = FILL_AREA_STYLE_COLOUR('',#18037);
#18037 = COLOUR_RGB('',0.724999971175,0.724999971175,0.724999971175);
#18038 = STYLED_ITEM('color',(#18039),#14823);
#18039 = PRESENTATION_STYLE_ASSIGNMENT((#18040));
#18040 = SURFACE_STYLE_USAGE(.BOTH.,#18041);
#18041 = SURFACE_SIDE_STYLE('',(#18042));
#18042 = SURFACE_STYLE_FILL_AREA(#18043);
#18043 = FILL_AREA_STYLE('',(#18044));
#18044 = FILL_AREA_STYLE_COLOUR('',#18037);
#18045 = STYLED_ITEM('color',(#18046),#14854);
#18046 = PRESENTATION_STYLE_ASSIGNMENT((#18047));
#18047 = SURFACE_STYLE_USAGE(.BOTH.,#18048);
#18048 = SURFACE_SIDE_STYLE('',(#18049));
#18049 = SURFACE_STYLE_FILL_AREA(#18050);
#18050 = FILL_AREA_STYLE('',(#18051));
#18051 = FILL_AREA_STYLE_COLOUR('',#18037);
#18052 = STYLED_ITEM('color',(#18053),#14885);
#18053 = PRESENTATION_STYLE_ASSIGNMENT((#18054));
#18054 = SURFACE_STYLE_USAGE(.BOTH.,#18055);
#18055 = SURFACE_SIDE_STYLE('',(#18056));
#18056 = SURFACE_STYLE_FILL_AREA(#18057);
#18057 = FILL_AREA_STYLE('',(#18058));
#18058 = FILL_AREA_STYLE_COLOUR('',#18037);
#18059 = STYLED_ITEM('color',(#18060),#14907);
#18060 = PRESENTATION_STYLE_ASSIGNMENT((#18061));
#18061 = SURFACE_STYLE_USAGE(.BOTH.,#18062);
#18062 = SURFACE_SIDE_STYLE('',(#18063));
#18063 = SURFACE_STYLE_FILL_AREA(#18064);
#18064 = FILL_AREA_STYLE('',(#18065));
#18065 = FILL_AREA_STYLE_COLOUR('',#18037);
#18066 = STYLED_ITEM('color',(#18067),#14919);
#18067 = PRESENTATION_STYLE_ASSIGNMENT((#18068));
#18068 = SURFACE_STYLE_USAGE(.BOTH.,#18069);
#18069 = SURFACE_SIDE_STYLE('',(#18070));
#18070 = SURFACE_STYLE_FILL_AREA(#18071);
#18071 = FILL_AREA_STYLE('',(#18072));
#18072 = FILL_AREA_STYLE_COLOUR('',#18037);
#18073 = MECHANICAL_DESIGN_GEOMETRIC_PRESENTATION_REPRESENTATION('',(
    #18074,#18081,#18088,#18095,#18102,#18109),#11889);
#18074 = STYLED_ITEM('color',(#18075),#11741);
#18075 = PRESENTATION_STYLE_ASSIGNMENT((#18076));
#18076 = SURFACE_STYLE_USAGE(.BOTH.,#18077);
#18077 = SURFACE_SIDE_STYLE('',(#18078));
#18078 = SURFACE_STYLE_FILL_AREA(#18079);
#18079 = FILL_AREA_STYLE('',(#18080));
#18080 = FILL_AREA_STYLE_COLOUR('',#18037);
#18081 = STYLED_ITEM('color',(#18082),#11781);
#18082 = PRESENTATION_STYLE_ASSIGNMENT((#18083));
#18083 = SURFACE_STYLE_USAGE(.BOTH.,#18084);
#18084 = SURFACE_SIDE_STYLE('',(#18085));
#18085 = SURFACE_STYLE_FILL_AREA(#18086);
#18086 = FILL_AREA_STYLE('',(#18087));
#18087 = FILL_AREA_STYLE_COLOUR('',#18037);
#18088 = STYLED_ITEM('color',(#18089),#11812);
#18089 = PRESENTATION_STYLE_ASSIGNMENT((#18090));
#18090 = SURFACE_STYLE_USAGE(.BOTH.,#18091);
#18091 = SURFACE_SIDE_STYLE('',(#18092));
#18092 = SURFACE_STYLE_FILL_AREA(#18093);
#18093 = FILL_AREA_STYLE('',(#18094));
#18094 = FILL_AREA_STYLE_COLOUR('',#18037);
#18095 = STYLED_ITEM('color',(#18096),#11843);
#18096 = PRESENTATION_STYLE_ASSIGNMENT((#18097));
#18097 = SURFACE_STYLE_USAGE(.BOTH.,#18098);
#18098 = SURFACE_SIDE_STYLE('',(#18099));
#18099 = SURFACE_STYLE_FILL_AREA(#18100);
#18100 = FILL_AREA_STYLE('',(#18101));
#18101 = FILL_AREA_STYLE_COLOUR('',#18037);
#18102 = STYLED_ITEM('color',(#18103),#11865);
#18103 = PRESENTATION_STYLE_ASSIGNMENT((#18104));
#18104 = SURFACE_STYLE_USAGE(.BOTH.,#18105);
#18105 = SURFACE_SIDE_STYLE('',(#18106));
#18106 = SURFACE_STYLE_FILL_AREA(#18107);
#18107 = FILL_AREA_STYLE('',(#18108));
#18108 = FILL_AREA_STYLE_COLOUR('',#18037);
#18109 = STYLED_ITEM('color',(#18110),#11877);
#18110 = PRESENTATION_STYLE_ASSIGNMENT((#18111));
#18111 = SURFACE_STYLE_USAGE(.BOTH.,#18112);
#18112 = SURFACE_SIDE_STYLE('',(#18113));
#18113 = SURFACE_STYLE_FILL_AREA(#18114);
#18114 = FILL_AREA_STYLE('',(#18115));
#18115 = FILL_AREA_STYLE_COLOUR('',#18037);
#18116 = MECHANICAL_DESIGN_GEOMETRIC_PRESENTATION_REPRESENTATION('',(
    #18117,#18124,#18131,#18138,#18145,#18152),#14424);
#18117 = STYLED_ITEM('color',(#18118),#14276);
#18118 = PRESENTATION_STYLE_ASSIGNMENT((#18119));
#18119 = SURFACE_STYLE_USAGE(.BOTH.,#18120);
#18120 = SURFACE_SIDE_STYLE('',(#18121));
#18121 = SURFACE_STYLE_FILL_AREA(#18122);
#18122 = FILL_AREA_STYLE('',(#18123));
#18123 = FILL_AREA_STYLE_COLOUR('',#18037);
#18124 = STYLED_ITEM('color',(#18125),#14316);
#18125 = PRESENTATION_STYLE_ASSIGNMENT((#18126));
#18126 = SURFACE_STYLE_USAGE(.BOTH.,#18127);
#18127 = SURFACE_SIDE_STYLE('',(#18128));
#18128 = SURFACE_STYLE_FILL_AREA(#18129);
#18129 = FILL_AREA_STYLE('',(#18130));
#18130 = FILL_AREA_STYLE_COLOUR('',#18037);
#18131 = STYLED_ITEM('color',(#18132),#14347);
#18132 = PRESENTATION_STYLE_ASSIGNMENT((#18133));
#18133 = SURFACE_STYLE_USAGE(.BOTH.,#18134);
#18134 = SURFACE_SIDE_STYLE('',(#18135));
#18135 = SURFACE_STYLE_FILL_AREA(#18136);
#18136 = FILL_AREA_STYLE('',(#18137));
#18137 = FILL_AREA_STYLE_COLOUR('',#18037);
#18138 = STYLED_ITEM('color',(#18139),#14378);
#18139 = PRESENTATION_STYLE_ASSIGNMENT((#18140));
#18140 = SURFACE_STYLE_USAGE(.BOTH.,#18141);
#18141 = SURFACE_SIDE_STYLE('',(#18142));
#18142 = SURFACE_STYLE_FILL_AREA(#18143);
#18143 = FILL_AREA_STYLE('',(#18144));
#18144 = FILL_AREA_STYLE_COLOUR('',#18037);
#18145 = STYLED_ITEM('color',(#18146),#14400);
#18146 = PRESENTATION_STYLE_ASSIGNMENT((#18147));
#18147 = SURFACE_STYLE_USAGE(.BOTH.,#18148);
#18148 = SURFACE_SIDE_STYLE('',(#18149));
#18149 = SURFACE_STYLE_FILL_AREA(#18150);
#18150 = FILL_AREA_STYLE('',(#18151));
#18151 = FILL_AREA_STYLE_COLOUR('',#18037);
#18152 = STYLED_ITEM('color',(#18153),#14412);
#18153 = PRESENTATION_STYLE_ASSIGNMENT((#18154));
#18154 = SURFACE_STYLE_USAGE(.BOTH.,#18155);
#18155 = SURFACE_SIDE_STYLE('',(#18156));
#18156 = SURFACE_STYLE_FILL_AREA(#18157);
#18157 = FILL_AREA_STYLE('',(#18158));
#18158 = FILL_AREA_STYLE_COLOUR('',#18037);
#18159 = MECHANICAL_DESIGN_GEOMETRIC_PRESENTATION_REPRESENTATION('',(
    #18160,#18167,#18174,#18181,#18188,#18195),#11382);
#18160 = STYLED_ITEM('color',(#18161),#11234);
#18161 = PRESENTATION_STYLE_ASSIGNMENT((#18162));
#18162 = SURFACE_STYLE_USAGE(.BOTH.,#18163);
#18163 = SURFACE_SIDE_STYLE('',(#18164));
#18164 = SURFACE_STYLE_FILL_AREA(#18165);
#18165 = FILL_AREA_STYLE('',(#18166));
#18166 = FILL_AREA_STYLE_COLOUR('',#18037);
#18167 = STYLED_ITEM('color',(#18168),#11274);
#18168 = PRESENTATION_STYLE_ASSIGNMENT((#18169));
#18169 = SURFACE_STYLE_USAGE(.BOTH.,#18170);
#18170 = SURFACE_SIDE_STYLE('',(#18171));
#18171 = SURFACE_STYLE_FILL_AREA(#18172);
#18172 = FILL_AREA_STYLE('',(#18173));
#18173 = FILL_AREA_STYLE_COLOUR('',#18037);
#18174 = STYLED_ITEM('color',(#18175),#11305);
#18175 = PRESENTATION_STYLE_ASSIGNMENT((#18176));
#18176 = SURFACE_STYLE_USAGE(.BOTH.,#18177);
#18177 = SURFACE_SIDE_STYLE('',(#18178));
#18178 = SURFACE_STYLE_FILL_AREA(#18179);
#18179 = FILL_AREA_STYLE('',(#18180));
#18180 = FILL_AREA_STYLE_COLOUR('',#18037);
#18181 = STYLED_ITEM('color',(#18182),#11336);
#18182 = PRESENTATION_STYLE_ASSIGNMENT((#18183));
#18183 = SURFACE_STYLE_USAGE(.BOTH.,#18184);
#18184 = SURFACE_SIDE_STYLE('',(#18185));
#18185 = SURFACE_STYLE_FILL_AREA(#18186);
#18186 = FILL_AREA_STYLE('',(#18187));
#18187 = FILL_AREA_STYLE_COLOUR('',#18037);
#18188 = STYLED_ITEM('color',(#18189),#11358);
#18189 = PRESENTATION_STYLE_ASSIGNMENT((#18190));
#18190 = SURFACE_STYLE_USAGE(.BOTH.,#18191);
#18191 = SURFACE_SIDE_STYLE('',(#18192));
#18192 = SURFACE_STYLE_FILL_AREA(#18193);
#18193 = FILL_AREA_STYLE('',(#18194));
#18194 = FILL_AREA_STYLE_COLOUR('',#18037);
#18195 = STYLED_ITEM('color',(#18196),#11370);
#18196 = PRESENTATION_STYLE_ASSIGNMENT((#18197));
#18197 = SURFACE_STYLE_USAGE(.BOTH.,#18198);
#18198 = SURFACE_SIDE_STYLE('',(#18199));
#18199 = SURFACE_STYLE_FILL_AREA(#18200);
#18200 = FILL_AREA_STYLE('',(#18201));
#18201 = FILL_AREA_STYLE_COLOUR('',#18037);
#18202 = MECHANICAL_DESIGN_GEOMETRIC_PRESENTATION_REPRESENTATION('',(
    #18203,#18210,#18217,#18224,#18231,#18238),#13579);
#18203 = STYLED_ITEM('color',(#18204),#13431);
#18204 = PRESENTATION_STYLE_ASSIGNMENT((#18205));
#18205 = SURFACE_STYLE_USAGE(.BOTH.,#18206);
#18206 = SURFACE_SIDE_STYLE('',(#18207));
#18207 = SURFACE_STYLE_FILL_AREA(#18208);
#18208 = FILL_AREA_STYLE('',(#18209));
#18209 = FILL_AREA_STYLE_COLOUR('',#18037);
#18210 = STYLED_ITEM('color',(#18211),#13471);
#18211 = PRESENTATION_STYLE_ASSIGNMENT((#18212));
#18212 = SURFACE_STYLE_USAGE(.BOTH.,#18213);
#18213 = SURFACE_SIDE_STYLE('',(#18214));
#18214 = SURFACE_STYLE_FILL_AREA(#18215);
#18215 = FILL_AREA_STYLE('',(#18216));
#18216 = FILL_AREA_STYLE_COLOUR('',#18037);
#18217 = STYLED_ITEM('color',(#18218),#13502);
#18218 = PRESENTATION_STYLE_ASSIGNMENT((#18219));
#18219 = SURFACE_STYLE_USAGE(.BOTH.,#18220);
#18220 = SURFACE_SIDE_STYLE('',(#18221));
#18221 = SURFACE_STYLE_FILL_AREA(#18222);
#18222 = FILL_AREA_STYLE('',(#18223));
#18223 = FILL_AREA_STYLE_COLOUR('',#18037);
#18224 = STYLED_ITEM('color',(#18225),#13533);
#18225 = PRESENTATION_STYLE_ASSIGNMENT((#18226));
#18226 = SURFACE_STYLE_USAGE(.BOTH.,#18227);
#18227 = SURFACE_SIDE_STYLE('',(#18228));
#18228 = SURFACE_STYLE_FILL_AREA(#18229);
#18229 = FILL_AREA_STYLE('',(#18230));
#18230 = FILL_AREA_STYLE_COLOUR('',#18037);
#18231 = STYLED_ITEM('color',(#18232),#13555);
#18232 = PRESENTATION_STYLE_ASSIGNMENT((#18233));
#18233 = SURFACE_STYLE_USAGE(.BOTH.,#18234);
#18234 = SURFACE_SIDE_STYLE('',(#18235));
#18235 = SURFACE_STYLE_FILL_AREA(#18236);
#18236 = FILL_AREA_STYLE('',(#18237));
#18237 = FILL_AREA_STYLE_COLOUR('',#18037);
#18238 = STYLED_ITEM('color',(#18239),#13567);
#18239 = PRESENTATION_STYLE_ASSIGNMENT((#18240));
#18240 = SURFACE_STYLE_USAGE(.BOTH.,#18241);
#18241 = SURFACE_SIDE_STYLE('',(#18242));
#18242 = SURFACE_STYLE_FILL_AREA(#18243);
#18243 = FILL_AREA_STYLE('',(#18244));
#18244 = FILL_AREA_STYLE_COLOUR('',#18037);
#18245 = MECHANICAL_DESIGN_GEOMETRIC_PRESENTATION_REPRESENTATION('',(
    #18246,#18253,#18260,#18267,#18274,#18281),#13410);
#18246 = STYLED_ITEM('color',(#18247),#13262);
#18247 = PRESENTATION_STYLE_ASSIGNMENT((#18248));
#18248 = SURFACE_STYLE_USAGE(.BOTH.,#18249);
#18249 = SURFACE_SIDE_STYLE('',(#18250));
#18250 = SURFACE_STYLE_FILL_AREA(#18251);
#18251 = FILL_AREA_STYLE('',(#18252));
#18252 = FILL_AREA_STYLE_COLOUR('',#18037);
#18253 = STYLED_ITEM('color',(#18254),#13302);
#18254 = PRESENTATION_STYLE_ASSIGNMENT((#18255));
#18255 = SURFACE_STYLE_USAGE(.BOTH.,#18256);
#18256 = SURFACE_SIDE_STYLE('',(#18257));
#18257 = SURFACE_STYLE_FILL_AREA(#18258);
#18258 = FILL_AREA_STYLE('',(#18259));
#18259 = FILL_AREA_STYLE_COLOUR('',#18037);
#18260 = STYLED_ITEM('color',(#18261),#13333);
#18261 = PRESENTATION_STYLE_ASSIGNMENT((#18262));
#18262 = SURFACE_STYLE_USAGE(.BOTH.,#18263);
#18263 = SURFACE_SIDE_STYLE('',(#18264));
#18264 = SURFACE_STYLE_FILL_AREA(#18265);
#18265 = FILL_AREA_STYLE('',(#18266));
#18266 = FILL_AREA_STYLE_COLOUR('',#18037);
#18267 = STYLED_ITEM('color',(#18268),#13364);
#18268 = PRESENTATION_STYLE_ASSIGNMENT((#18269));
#18269 = SURFACE_STYLE_USAGE(.BOTH.,#18270);
#18270 = SURFACE_SIDE_STYLE('',(#18271));
#18271 = SURFACE_STYLE_FILL_AREA(#18272);
#18272 = FILL_AREA_STYLE('',(#18273));
#18273 = FILL_AREA_STYLE_COLOUR('',#18037);
#18274 = STYLED_ITEM('color',(#18275),#13386);
#18275 = PRESENTATION_STYLE_ASSIGNMENT((#18276));
#18276 = SURFACE_STYLE_USAGE(.BOTH.,#18277);
#18277 = SURFACE_SIDE_STYLE('',(#18278));
#18278 = SURFACE_STYLE_FILL_AREA(#18279);
#18279 = FILL_AREA_STYLE('',(#18280));
#18280 = FILL_AREA_STYLE_COLOUR('',#18037);
#18281 = STYLED_ITEM('color',(#18282),#13398);
#18282 = PRESENTATION_STYLE_ASSIGNMENT((#18283));
#18283 = SURFACE_STYLE_USAGE(.BOTH.,#18284);
#18284 = SURFACE_SIDE_STYLE('',(#18285));
#18285 = SURFACE_STYLE_FILL_AREA(#18286);
#18286 = FILL_AREA_STYLE('',(#18287));
#18287 = FILL_AREA_STYLE_COLOUR('',#18037);
#18288 = MECHANICAL_DESIGN_GEOMETRIC_PRESENTATION_REPRESENTATION('',(
    #18289,#18296,#18303,#18310,#18317,#18324),#15269);
#18289 = STYLED_ITEM('color',(#18290),#15121);
#18290 = PRESENTATION_STYLE_ASSIGNMENT((#18291));
#18291 = SURFACE_STYLE_USAGE(.BOTH.,#18292);
#18292 = SURFACE_SIDE_STYLE('',(#18293));
#18293 = SURFACE_STYLE_FILL_AREA(#18294);
#18294 = FILL_AREA_STYLE('',(#18295));
#18295 = FILL_AREA_STYLE_COLOUR('',#18037);
#18296 = STYLED_ITEM('color',(#18297),#15161);
#18297 = PRESENTATION_STYLE_ASSIGNMENT((#18298));
#18298 = SURFACE_STYLE_USAGE(.BOTH.,#18299);
#18299 = SURFACE_SIDE_STYLE('',(#18300));
#18300 = SURFACE_STYLE_FILL_AREA(#18301);
#18301 = FILL_AREA_STYLE('',(#18302));
#18302 = FILL_AREA_STYLE_COLOUR('',#18037);
#18303 = STYLED_ITEM('color',(#18304),#15192);
#18304 = PRESENTATION_STYLE_ASSIGNMENT((#18305));
#18305 = SURFACE_STYLE_USAGE(.BOTH.,#18306);
#18306 = SURFACE_SIDE_STYLE('',(#18307));
#18307 = SURFACE_STYLE_FILL_AREA(#18308);
#18308 = FILL_AREA_STYLE('',(#18309));
#18309 = FILL_AREA_STYLE_COLOUR('',#18037);
#18310 = STYLED_ITEM('color',(#18311),#15223);
#18311 = PRESENTATION_STYLE_ASSIGNMENT((#18312));
#18312 = SURFACE_STYLE_USAGE(.BOTH.,#18313);
#18313 = SURFACE_SIDE_STYLE('',(#18314));
#18314 = SURFACE_STYLE_FILL_AREA(#18315);
#18315 = FILL_AREA_STYLE('',(#18316));
#18316 = FILL_AREA_STYLE_COLOUR('',#18037);
#18317 = STYLED_ITEM('color',(#18318),#15245);
#18318 = PRESENTATION_STYLE_ASSIGNMENT((#18319));
#18319 = SURFACE_STYLE_USAGE(.BOTH.,#18320);
#18320 = SURFACE_SIDE_STYLE('',(#18321));
#18321 = SURFACE_STYLE_FILL_AREA(#18322);
#18322 = FILL_AREA_STYLE('',(#18323));
#18323 = FILL_AREA_STYLE_COLOUR('',#18037);
#18324 = STYLED_ITEM('color',(#18325),#15257);
#18325 = PRESENTATION_STYLE_ASSIGNMENT((#18326));
#18326 = SURFACE_STYLE_USAGE(.BOTH.,#18327);
#18327 = SURFACE_SIDE_STYLE('',(#18328));
#18328 = SURFACE_STYLE_FILL_AREA(#18329);
#18329 = FILL_AREA_STYLE('',(#18330));
#18330 = FILL_AREA_STYLE_COLOUR('',#18037);
#18331 = MECHANICAL_DESIGN_GEOMETRIC_PRESENTATION_REPRESENTATION('',(
    #18332,#18340,#18347,#18354,#18361,#18368,#18375,#18382,#18389,
    #18396,#18403,#18411,#18418,#18425,#18432,#18439,#18446,#18453,
    #18460,#18467,#18474,#18481,#18488,#18495,#18502,#18509,#18516,
    #18523),#6103);
#18332 = STYLED_ITEM('color',(#18333),#5251);
#18333 = PRESENTATION_STYLE_ASSIGNMENT((#18334));
#18334 = SURFACE_STYLE_USAGE(.BOTH.,#18335);
#18335 = SURFACE_SIDE_STYLE('',(#18336));
#18336 = SURFACE_STYLE_FILL_AREA(#18337);
#18337 = FILL_AREA_STYLE('',(#18338));
#18338 = FILL_AREA_STYLE_COLOUR('',#18339);
#18339 = COLOUR_RGB('',0.823999987314,0.819999987296,0.781000009244);
#18340 = STYLED_ITEM('color',(#18341),#5327);
#18341 = PRESENTATION_STYLE_ASSIGNMENT((#18342));
#18342 = SURFACE_STYLE_USAGE(.BOTH.,#18343);
#18343 = SURFACE_SIDE_STYLE('',(#18344));
#18344 = SURFACE_STYLE_FILL_AREA(#18345);
#18345 = FILL_AREA_STYLE('',(#18346));
#18346 = FILL_AREA_STYLE_COLOUR('',#18339);
#18347 = STYLED_ITEM('color',(#18348),#5358);
#18348 = PRESENTATION_STYLE_ASSIGNMENT((#18349));
#18349 = SURFACE_STYLE_USAGE(.BOTH.,#18350);
#18350 = SURFACE_SIDE_STYLE('',(#18351));
#18351 = SURFACE_STYLE_FILL_AREA(#18352);
#18352 = FILL_AREA_STYLE('',(#18353));
#18353 = FILL_AREA_STYLE_COLOUR('',#18339);
#18354 = STYLED_ITEM('color',(#18355),#5383);
#18355 = PRESENTATION_STYLE_ASSIGNMENT((#18356));
#18356 = SURFACE_STYLE_USAGE(.BOTH.,#18357);
#18357 = SURFACE_SIDE_STYLE('',(#18358));
#18358 = SURFACE_STYLE_FILL_AREA(#18359);
#18359 = FILL_AREA_STYLE('',(#18360));
#18360 = FILL_AREA_STYLE_COLOUR('',#18339);
#18361 = STYLED_ITEM('color',(#18362),#5408);
#18362 = PRESENTATION_STYLE_ASSIGNMENT((#18363));
#18363 = SURFACE_STYLE_USAGE(.BOTH.,#18364);
#18364 = SURFACE_SIDE_STYLE('',(#18365));
#18365 = SURFACE_STYLE_FILL_AREA(#18366);
#18366 = FILL_AREA_STYLE('',(#18367));
#18367 = FILL_AREA_STYLE_COLOUR('',#18339);
#18368 = STYLED_ITEM('color',(#18369),#5432);
#18369 = PRESENTATION_STYLE_ASSIGNMENT((#18370));
#18370 = SURFACE_STYLE_USAGE(.BOTH.,#18371);
#18371 = SURFACE_SIDE_STYLE('',(#18372));
#18372 = SURFACE_STYLE_FILL_AREA(#18373);
#18373 = FILL_AREA_STYLE('',(#18374));
#18374 = FILL_AREA_STYLE_COLOUR('',#18339);
#18375 = STYLED_ITEM('color',(#18376),#5456);
#18376 = PRESENTATION_STYLE_ASSIGNMENT((#18377));
#18377 = SURFACE_STYLE_USAGE(.BOTH.,#18378);
#18378 = SURFACE_SIDE_STYLE('',(#18379));
#18379 = SURFACE_STYLE_FILL_AREA(#18380);
#18380 = FILL_AREA_STYLE('',(#18381));
#18381 = FILL_AREA_STYLE_COLOUR('',#18339);
#18382 = STYLED_ITEM('color',(#18383),#5481);
#18383 = PRESENTATION_STYLE_ASSIGNMENT((#18384));
#18384 = SURFACE_STYLE_USAGE(.BOTH.,#18385);
#18385 = SURFACE_SIDE_STYLE('',(#18386));
#18386 = SURFACE_STYLE_FILL_AREA(#18387);
#18387 = FILL_AREA_STYLE('',(#18388));
#18388 = FILL_AREA_STYLE_COLOUR('',#18339);
#18389 = STYLED_ITEM('color',(#18390),#5506);
#18390 = PRESENTATION_STYLE_ASSIGNMENT((#18391));
#18391 = SURFACE_STYLE_USAGE(.BOTH.,#18392);
#18392 = SURFACE_SIDE_STYLE('',(#18393));
#18393 = SURFACE_STYLE_FILL_AREA(#18394);
#18394 = FILL_AREA_STYLE('',(#18395));
#18395 = FILL_AREA_STYLE_COLOUR('',#18339);
#18396 = STYLED_ITEM('color',(#18397),#5523);
#18397 = PRESENTATION_STYLE_ASSIGNMENT((#18398));
#18398 = SURFACE_STYLE_USAGE(.BOTH.,#18399);
#18399 = SURFACE_SIDE_STYLE('',(#18400));
#18400 = SURFACE_STYLE_FILL_AREA(#18401);
#18401 = FILL_AREA_STYLE('',(#18402));
#18402 = FILL_AREA_STYLE_COLOUR('',#18339);
#18403 = STYLED_ITEM('color',(#18404),#5609);
#18404 = PRESENTATION_STYLE_ASSIGNMENT((#18405));
#18405 = SURFACE_STYLE_USAGE(.BOTH.,#18406);
#18406 = SURFACE_SIDE_STYLE('',(#18407));
#18407 = SURFACE_STYLE_FILL_AREA(#18408);
#18408 = FILL_AREA_STYLE('',(#18409));
#18409 = FILL_AREA_STYLE_COLOUR('',#18410);
#18410 = COLOUR_RGB('',0.379000005575,0.270000008848,0.214999999939);
#18411 = STYLED_ITEM('color',(#18412),#5641);
#18412 = PRESENTATION_STYLE_ASSIGNMENT((#18413));
#18413 = SURFACE_STYLE_USAGE(.BOTH.,#18414);
#18414 = SURFACE_SIDE_STYLE('',(#18415));
#18415 = SURFACE_STYLE_FILL_AREA(#18416);
#18416 = FILL_AREA_STYLE('',(#18417));
#18417 = FILL_AREA_STYLE_COLOUR('',#18410);
#18418 = STYLED_ITEM('color',(#18419),#5665);
#18419 = PRESENTATION_STYLE_ASSIGNMENT((#18420));
#18420 = SURFACE_STYLE_USAGE(.BOTH.,#18421);
#18421 = SURFACE_SIDE_STYLE('',(#18422));
#18422 = SURFACE_STYLE_FILL_AREA(#18423);
#18423 = FILL_AREA_STYLE('',(#18424));
#18424 = FILL_AREA_STYLE_COLOUR('',#18410);
#18425 = STYLED_ITEM('color',(#18426),#5690);
#18426 = PRESENTATION_STYLE_ASSIGNMENT((#18427));
#18427 = SURFACE_STYLE_USAGE(.BOTH.,#18428);
#18428 = SURFACE_SIDE_STYLE('',(#18429));
#18429 = SURFACE_STYLE_FILL_AREA(#18430);
#18430 = FILL_AREA_STYLE('',(#18431));
#18431 = FILL_AREA_STYLE_COLOUR('',#18410);
#18432 = STYLED_ITEM('color',(#18433),#5714);
#18433 = PRESENTATION_STYLE_ASSIGNMENT((#18434));
#18434 = SURFACE_STYLE_USAGE(.BOTH.,#18435);
#18435 = SURFACE_SIDE_STYLE('',(#18436));
#18436 = SURFACE_STYLE_FILL_AREA(#18437);
#18437 = FILL_AREA_STYLE('',(#18438));
#18438 = FILL_AREA_STYLE_COLOUR('',#18410);
#18439 = STYLED_ITEM('color',(#18440),#5739);
#18440 = PRESENTATION_STYLE_ASSIGNMENT((#18441));
#18441 = SURFACE_STYLE_USAGE(.BOTH.,#18442);
#18442 = SURFACE_SIDE_STYLE('',(#18443));
#18443 = SURFACE_STYLE_FILL_AREA(#18444);
#18444 = FILL_AREA_STYLE('',(#18445));
#18445 = FILL_AREA_STYLE_COLOUR('',#18410);
#18446 = STYLED_ITEM('color',(#18447),#5763);
#18447 = PRESENTATION_STYLE_ASSIGNMENT((#18448));
#18448 = SURFACE_STYLE_USAGE(.BOTH.,#18449);
#18449 = SURFACE_SIDE_STYLE('',(#18450));
#18450 = SURFACE_STYLE_FILL_AREA(#18451);
#18451 = FILL_AREA_STYLE('',(#18452));
#18452 = FILL_AREA_STYLE_COLOUR('',#18410);
#18453 = STYLED_ITEM('color',(#18454),#5788);
#18454 = PRESENTATION_STYLE_ASSIGNMENT((#18455));
#18455 = SURFACE_STYLE_USAGE(.BOTH.,#18456);
#18456 = SURFACE_SIDE_STYLE('',(#18457));
#18457 = SURFACE_STYLE_FILL_AREA(#18458);
#18458 = FILL_AREA_STYLE('',(#18459));
#18459 = FILL_AREA_STYLE_COLOUR('',#18410);
#18460 = STYLED_ITEM('color',(#18461),#5805);
#18461 = PRESENTATION_STYLE_ASSIGNMENT((#18462));
#18462 = SURFACE_STYLE_USAGE(.BOTH.,#18463);
#18463 = SURFACE_SIDE_STYLE('',(#18464));
#18464 = SURFACE_STYLE_FILL_AREA(#18465);
#18465 = FILL_AREA_STYLE('',(#18466));
#18466 = FILL_AREA_STYLE_COLOUR('',#18339);
#18467 = STYLED_ITEM('color',(#18468),#5891);
#18468 = PRESENTATION_STYLE_ASSIGNMENT((#18469));
#18469 = SURFACE_STYLE_USAGE(.BOTH.,#18470);
#18470 = SURFACE_SIDE_STYLE('',(#18471));
#18471 = SURFACE_STYLE_FILL_AREA(#18472);
#18472 = FILL_AREA_STYLE('',(#18473));
#18473 = FILL_AREA_STYLE_COLOUR('',#18339);
#18474 = STYLED_ITEM('color',(#18475),#5922);
#18475 = PRESENTATION_STYLE_ASSIGNMENT((#18476));
#18476 = SURFACE_STYLE_USAGE(.BOTH.,#18477);
#18477 = SURFACE_SIDE_STYLE('',(#18478));
#18478 = SURFACE_STYLE_FILL_AREA(#18479);
#18479 = FILL_AREA_STYLE('',(#18480));
#18480 = FILL_AREA_STYLE_COLOUR('',#18339);
#18481 = STYLED_ITEM('color',(#18482),#5947);
#18482 = PRESENTATION_STYLE_ASSIGNMENT((#18483));
#18483 = SURFACE_STYLE_USAGE(.BOTH.,#18484);
#18484 = SURFACE_SIDE_STYLE('',(#18485));
#18485 = SURFACE_STYLE_FILL_AREA(#18486);
#18486 = FILL_AREA_STYLE('',(#18487));
#18487 = FILL_AREA_STYLE_COLOUR('',#18339);
#18488 = STYLED_ITEM('color',(#18489),#5972);
#18489 = PRESENTATION_STYLE_ASSIGNMENT((#18490));
#18490 = SURFACE_STYLE_USAGE(.BOTH.,#18491);
#18491 = SURFACE_SIDE_STYLE('',(#18492));
#18492 = SURFACE_STYLE_FILL_AREA(#18493);
#18493 = FILL_AREA_STYLE('',(#18494));
#18494 = FILL_AREA_STYLE_COLOUR('',#18339);
#18495 = STYLED_ITEM('color',(#18496),#5996);
#18496 = PRESENTATION_STYLE_ASSIGNMENT((#18497));
#18497 = SURFACE_STYLE_USAGE(.BOTH.,#18498);
#18498 = SURFACE_SIDE_STYLE('',(#18499));
#18499 = SURFACE_STYLE_FILL_AREA(#18500);
#18500 = FILL_AREA_STYLE('',(#18501));
#18501 = FILL_AREA_STYLE_COLOUR('',#18339);
#18502 = STYLED_ITEM('color',(#18503),#6020);
#18503 = PRESENTATION_STYLE_ASSIGNMENT((#18504));
#18504 = SURFACE_STYLE_USAGE(.BOTH.,#18505);
#18505 = SURFACE_SIDE_STYLE('',(#18506));
#18506 = SURFACE_STYLE_FILL_AREA(#18507);
#18507 = FILL_AREA_STYLE('',(#18508));
#18508 = FILL_AREA_STYLE_COLOUR('',#18339);
#18509 = STYLED_ITEM('color',(#18510),#6045);
#18510 = PRESENTATION_STYLE_ASSIGNMENT((#18511));
#18511 = SURFACE_STYLE_USAGE(.BOTH.,#18512);
#18512 = SURFACE_SIDE_STYLE('',(#18513));
#18513 = SURFACE_STYLE_FILL_AREA(#18514);
#18514 = FILL_AREA_STYLE('',(#18515));
#18515 = FILL_AREA_STYLE_COLOUR('',#18339);
#18516 = STYLED_ITEM('color',(#18517),#6070);
#18517 = PRESENTATION_STYLE_ASSIGNMENT((#18518));
#18518 = SURFACE_STYLE_USAGE(.BOTH.,#18519);
#18519 = SURFACE_SIDE_STYLE('',(#18520));
#18520 = SURFACE_STYLE_FILL_AREA(#18521);
#18521 = FILL_AREA_STYLE('',(#18522));
#18522 = FILL_AREA_STYLE_COLOUR('',#18339);
#18523 = STYLED_ITEM('color',(#18524),#6087);
#18524 = PRESENTATION_STYLE_ASSIGNMENT((#18525));
#18525 = SURFACE_STYLE_USAGE(.BOTH.,#18526);
#18526 = SURFACE_SIDE_STYLE('',(#18527));
#18527 = SURFACE_STYLE_FILL_AREA(#18528);
#18528 = FILL_AREA_STYLE('',(#18529));
#18529 = FILL_AREA_STYLE_COLOUR('',#18339);
#18530 = MECHANICAL_DESIGN_GEOMETRIC_PRESENTATION_REPRESENTATION('',(
    #18531,#18538,#18545,#18552,#18559,#18566),#12058);
#18531 = STYLED_ITEM('color',(#18532),#11910);
#18532 = PRESENTATION_STYLE_ASSIGNMENT((#18533));
#18533 = SURFACE_STYLE_USAGE(.BOTH.,#18534);
#18534 = SURFACE_SIDE_STYLE('',(#18535));
#18535 = SURFACE_STYLE_FILL_AREA(#18536);
#18536 = FILL_AREA_STYLE('',(#18537));
#18537 = FILL_AREA_STYLE_COLOUR('',#18037);
#18538 = STYLED_ITEM('color',(#18539),#11950);
#18539 = PRESENTATION_STYLE_ASSIGNMENT((#18540));
#18540 = SURFACE_STYLE_USAGE(.BOTH.,#18541);
#18541 = SURFACE_SIDE_STYLE('',(#18542));
#18542 = SURFACE_STYLE_FILL_AREA(#18543);
#18543 = FILL_AREA_STYLE('',(#18544));
#18544 = FILL_AREA_STYLE_COLOUR('',#18037);
#18545 = STYLED_ITEM('color',(#18546),#11981);
#18546 = PRESENTATION_STYLE_ASSIGNMENT((#18547));
#18547 = SURFACE_STYLE_USAGE(.BOTH.,#18548);
#18548 = SURFACE_SIDE_STYLE('',(#18549));
#18549 = SURFACE_STYLE_FILL_AREA(#18550);
#18550 = FILL_AREA_STYLE('',(#18551));
#18551 = FILL_AREA_STYLE_COLOUR('',#18037);
#18552 = STYLED_ITEM('color',(#18553),#12012);
#18553 = PRESENTATION_STYLE_ASSIGNMENT((#18554));
#18554 = SURFACE_STYLE_USAGE(.BOTH.,#18555);
#18555 = SURFACE_SIDE_STYLE('',(#18556));
#18556 = SURFACE_STYLE_FILL_AREA(#18557);
#18557 = FILL_AREA_STYLE('',(#18558));
#18558 = FILL_AREA_STYLE_COLOUR('',#18037);
#18559 = STYLED_ITEM('color',(#18560),#12034);
#18560 = PRESENTATION_STYLE_ASSIGNMENT((#18561));
#18561 = SURFACE_STYLE_USAGE(.BOTH.,#18562);
#18562 = SURFACE_SIDE_STYLE('',(#18563));
#18563 = SURFACE_STYLE_FILL_AREA(#18564);
#18564 = FILL_AREA_STYLE('',(#18565));
#18565 = FILL_AREA_STYLE_COLOUR('',#18037);
#18566 = STYLED_ITEM('color',(#18567),#12046);
#18567 = PRESENTATION_STYLE_ASSIGNMENT((#18568));
#18568 = SURFACE_STYLE_USAGE(.BOTH.,#18569);
#18569 = SURFACE_SIDE_STYLE('',(#18570));
#18570 = SURFACE_STYLE_FILL_AREA(#18571);
#18571 = FILL_AREA_STYLE('',(#18572));
#18572 = FILL_AREA_STYLE_COLOUR('',#18037);
#18573 = MECHANICAL_DESIGN_GEOMETRIC_PRESENTATION_REPRESENTATION('',(
    #18574,#18581,#18588,#18595,#18602,#18609,#18616,#18623,#18630,
    #18637,#18644,#18651,#18658,#18665,#18672,#18679,#18686,#18693,
    #18700,#18707,#18714,#18721,#18728,#18735,#18742,#18749,#18756,
    #18763),#2674);
#18574 = STYLED_ITEM('color',(#18575),#1822);
#18575 = PRESENTATION_STYLE_ASSIGNMENT((#18576));
#18576 = SURFACE_STYLE_USAGE(.BOTH.,#18577);
#18577 = SURFACE_SIDE_STYLE('',(#18578));
#18578 = SURFACE_STYLE_FILL_AREA(#18579);
#18579 = FILL_AREA_STYLE('',(#18580));
#18580 = FILL_AREA_STYLE_COLOUR('',#18339);
#18581 = STYLED_ITEM('color',(#18582),#1898);
#18582 = PRESENTATION_STYLE_ASSIGNMENT((#18583));
#18583 = SURFACE_STYLE_USAGE(.BOTH.,#18584);
#18584 = SURFACE_SIDE_STYLE('',(#18585));
#18585 = SURFACE_STYLE_FILL_AREA(#18586);
#18586 = FILL_AREA_STYLE('',(#18587));
#18587 = FILL_AREA_STYLE_COLOUR('',#18339);
#18588 = STYLED_ITEM('color',(#18589),#1929);
#18589 = PRESENTATION_STYLE_ASSIGNMENT((#18590));
#18590 = SURFACE_STYLE_USAGE(.BOTH.,#18591);
#18591 = SURFACE_SIDE_STYLE('',(#18592));
#18592 = SURFACE_STYLE_FILL_AREA(#18593);
#18593 = FILL_AREA_STYLE('',(#18594));
#18594 = FILL_AREA_STYLE_COLOUR('',#18339);
#18595 = STYLED_ITEM('color',(#18596),#1954);
#18596 = PRESENTATION_STYLE_ASSIGNMENT((#18597));
#18597 = SURFACE_STYLE_USAGE(.BOTH.,#18598);
#18598 = SURFACE_SIDE_STYLE('',(#18599));
#18599 = SURFACE_STYLE_FILL_AREA(#18600);
#18600 = FILL_AREA_STYLE('',(#18601));
#18601 = FILL_AREA_STYLE_COLOUR('',#18339);
#18602 = STYLED_ITEM('color',(#18603),#1979);
#18603 = PRESENTATION_STYLE_ASSIGNMENT((#18604));
#18604 = SURFACE_STYLE_USAGE(.BOTH.,#18605);
#18605 = SURFACE_SIDE_STYLE('',(#18606));
#18606 = SURFACE_STYLE_FILL_AREA(#18607);
#18607 = FILL_AREA_STYLE('',(#18608));
#18608 = FILL_AREA_STYLE_COLOUR('',#18339);
#18609 = STYLED_ITEM('color',(#18610),#2003);
#18610 = PRESENTATION_STYLE_ASSIGNMENT((#18611));
#18611 = SURFACE_STYLE_USAGE(.BOTH.,#18612);
#18612 = SURFACE_SIDE_STYLE('',(#18613));
#18613 = SURFACE_STYLE_FILL_AREA(#18614);
#18614 = FILL_AREA_STYLE('',(#18615));
#18615 = FILL_AREA_STYLE_COLOUR('',#18339);
#18616 = STYLED_ITEM('color',(#18617),#2027);
#18617 = PRESENTATION_STYLE_ASSIGNMENT((#18618));
#18618 = SURFACE_STYLE_USAGE(.BOTH.,#18619);
#18619 = SURFACE_SIDE_STYLE('',(#18620));
#18620 = SURFACE_STYLE_FILL_AREA(#18621);
#18621 = FILL_AREA_STYLE('',(#18622));
#18622 = FILL_AREA_STYLE_COLOUR('',#18339);
#18623 = STYLED_ITEM('color',(#18624),#2052);
#18624 = PRESENTATION_STYLE_ASSIGNMENT((#18625));
#18625 = SURFACE_STYLE_USAGE(.BOTH.,#18626);
#18626 = SURFACE_SIDE_STYLE('',(#18627));
#18627 = SURFACE_STYLE_FILL_AREA(#18628);
#18628 = FILL_AREA_STYLE('',(#18629));
#18629 = FILL_AREA_STYLE_COLOUR('',#18339);
#18630 = STYLED_ITEM('color',(#18631),#2077);
#18631 = PRESENTATION_STYLE_ASSIGNMENT((#18632));
#18632 = SURFACE_STYLE_USAGE(.BOTH.,#18633);
#18633 = SURFACE_SIDE_STYLE('',(#18634));
#18634 = SURFACE_STYLE_FILL_AREA(#18635);
#18635 = FILL_AREA_STYLE('',(#18636));
#18636 = FILL_AREA_STYLE_COLOUR('',#18339);
#18637 = STYLED_ITEM('color',(#18638),#2094);
#18638 = PRESENTATION_STYLE_ASSIGNMENT((#18639));
#18639 = SURFACE_STYLE_USAGE(.BOTH.,#18640);
#18640 = SURFACE_SIDE_STYLE('',(#18641));
#18641 = SURFACE_STYLE_FILL_AREA(#18642);
#18642 = FILL_AREA_STYLE('',(#18643));
#18643 = FILL_AREA_STYLE_COLOUR('',#18339);
#18644 = STYLED_ITEM('color',(#18645),#2180);
#18645 = PRESENTATION_STYLE_ASSIGNMENT((#18646));
#18646 = SURFACE_STYLE_USAGE(.BOTH.,#18647);
#18647 = SURFACE_SIDE_STYLE('',(#18648));
#18648 = SURFACE_STYLE_FILL_AREA(#18649);
#18649 = FILL_AREA_STYLE('',(#18650));
#18650 = FILL_AREA_STYLE_COLOUR('',#18410);
#18651 = STYLED_ITEM('color',(#18652),#2212);
#18652 = PRESENTATION_STYLE_ASSIGNMENT((#18653));
#18653 = SURFACE_STYLE_USAGE(.BOTH.,#18654);
#18654 = SURFACE_SIDE_STYLE('',(#18655));
#18655 = SURFACE_STYLE_FILL_AREA(#18656);
#18656 = FILL_AREA_STYLE('',(#18657));
#18657 = FILL_AREA_STYLE_COLOUR('',#18410);
#18658 = STYLED_ITEM('color',(#18659),#2236);
#18659 = PRESENTATION_STYLE_ASSIGNMENT((#18660));
#18660 = SURFACE_STYLE_USAGE(.BOTH.,#18661);
#18661 = SURFACE_SIDE_STYLE('',(#18662));
#18662 = SURFACE_STYLE_FILL_AREA(#18663);
#18663 = FILL_AREA_STYLE('',(#18664));
#18664 = FILL_AREA_STYLE_COLOUR('',#18410);
#18665 = STYLED_ITEM('color',(#18666),#2261);
#18666 = PRESENTATION_STYLE_ASSIGNMENT((#18667));
#18667 = SURFACE_STYLE_USAGE(.BOTH.,#18668);
#18668 = SURFACE_SIDE_STYLE('',(#18669));
#18669 = SURFACE_STYLE_FILL_AREA(#18670);
#18670 = FILL_AREA_STYLE('',(#18671));
#18671 = FILL_AREA_STYLE_COLOUR('',#18410);
#18672 = STYLED_ITEM('color',(#18673),#2285);
#18673 = PRESENTATION_STYLE_ASSIGNMENT((#18674));
#18674 = SURFACE_STYLE_USAGE(.BOTH.,#18675);
#18675 = SURFACE_SIDE_STYLE('',(#18676));
#18676 = SURFACE_STYLE_FILL_AREA(#18677);
#18677 = FILL_AREA_STYLE('',(#18678));
#18678 = FILL_AREA_STYLE_COLOUR('',#18410);
#18679 = STYLED_ITEM('color',(#18680),#2310);
#18680 = PRESENTATION_STYLE_ASSIGNMENT((#18681));
#18681 = SURFACE_STYLE_USAGE(.BOTH.,#18682);
#18682 = SURFACE_SIDE_STYLE('',(#18683));
#18683 = SURFACE_STYLE_FILL_AREA(#18684);
#18684 = FILL_AREA_STYLE('',(#18685));
#18685 = FILL_AREA_STYLE_COLOUR('',#18410);
#18686 = STYLED_ITEM('color',(#18687),#2334);
#18687 = PRESENTATION_STYLE_ASSIGNMENT((#18688));
#18688 = SURFACE_STYLE_USAGE(.BOTH.,#18689);
#18689 = SURFACE_SIDE_STYLE('',(#18690));
#18690 = SURFACE_STYLE_FILL_AREA(#18691);
#18691 = FILL_AREA_STYLE('',(#18692));
#18692 = FILL_AREA_STYLE_COLOUR('',#18410);
#18693 = STYLED_ITEM('color',(#18694),#2359);
#18694 = PRESENTATION_STYLE_ASSIGNMENT((#18695));
#18695 = SURFACE_STYLE_USAGE(.BOTH.,#18696);
#18696 = SURFACE_SIDE_STYLE('',(#18697));
#18697 = SURFACE_STYLE_FILL_AREA(#18698);
#18698 = FILL_AREA_STYLE('',(#18699));
#18699 = FILL_AREA_STYLE_COLOUR('',#18410);
#18700 = STYLED_ITEM('color',(#18701),#2376);
#18701 = PRESENTATION_STYLE_ASSIGNMENT((#18702));
#18702 = SURFACE_STYLE_USAGE(.BOTH.,#18703);
#18703 = SURFACE_SIDE_STYLE('',(#18704));
#18704 = SURFACE_STYLE_FILL_AREA(#18705);
#18705 = FILL_AREA_STYLE('',(#18706));
#18706 = FILL_AREA_STYLE_COLOUR('',#18339);
#18707 = STYLED_ITEM('color',(#18708),#2462);
#18708 = PRESENTATION_STYLE_ASSIGNMENT((#18709));
#18709 = SURFACE_STYLE_USAGE(.BOTH.,#18710);
#18710 = SURFACE_SIDE_STYLE('',(#18711));
#18711 = SURFACE_STYLE_FILL_AREA(#18712);
#18712 = FILL_AREA_STYLE('',(#18713));
#18713 = FILL_AREA_STYLE_COLOUR('',#18339);
#18714 = STYLED_ITEM('color',(#18715),#2493);
#18715 = PRESENTATION_STYLE_ASSIGNMENT((#18716));
#18716 = SURFACE_STYLE_USAGE(.BOTH.,#18717);
#18717 = SURFACE_SIDE_STYLE('',(#18718));
#18718 = SURFACE_STYLE_FILL_AREA(#18719);
#18719 = FILL_AREA_STYLE('',(#18720));
#18720 = FILL_AREA_STYLE_COLOUR('',#18339);
#18721 = STYLED_ITEM('color',(#18722),#2518);
#18722 = PRESENTATION_STYLE_ASSIGNMENT((#18723));
#18723 = SURFACE_STYLE_USAGE(.BOTH.,#18724);
#18724 = SURFACE_SIDE_STYLE('',(#18725));
#18725 = SURFACE_STYLE_FILL_AREA(#18726);
#18726 = FILL_AREA_STYLE('',(#18727));
#18727 = FILL_AREA_STYLE_COLOUR('',#18339);
#18728 = STYLED_ITEM('color',(#18729),#2543);
#18729 = PRESENTATION_STYLE_ASSIGNMENT((#18730));
#18730 = SURFACE_STYLE_USAGE(.BOTH.,#18731);
#18731 = SURFACE_SIDE_STYLE('',(#18732));
#18732 = SURFACE_STYLE_FILL_AREA(#18733);
#18733 = FILL_AREA_STYLE('',(#18734));
#18734 = FILL_AREA_STYLE_COLOUR('',#18339);
#18735 = STYLED_ITEM('color',(#18736),#2567);
#18736 = PRESENTATION_STYLE_ASSIGNMENT((#18737));
#18737 = SURFACE_STYLE_USAGE(.BOTH.,#18738);
#18738 = SURFACE_SIDE_STYLE('',(#18739));
#18739 = SURFACE_STYLE_FILL_AREA(#18740);
#18740 = FILL_AREA_STYLE('',(#18741));
#18741 = FILL_AREA_STYLE_COLOUR('',#18339);
#18742 = STYLED_ITEM('color',(#18743),#2591);
#18743 = PRESENTATION_STYLE_ASSIGNMENT((#18744));
#18744 = SURFACE_STYLE_USAGE(.BOTH.,#18745);
#18745 = SURFACE_SIDE_STYLE('',(#18746));
#18746 = SURFACE_STYLE_FILL_AREA(#18747);
#18747 = FILL_AREA_STYLE('',(#18748));
#18748 = FILL_AREA_STYLE_COLOUR('',#18339);
#18749 = STYLED_ITEM('color',(#18750),#2616);
#18750 = PRESENTATION_STYLE_ASSIGNMENT((#18751));
#18751 = SURFACE_STYLE_USAGE(.BOTH.,#18752);
#18752 = SURFACE_SIDE_STYLE('',(#18753));
#18753 = SURFACE_STYLE_FILL_AREA(#18754);
#18754 = FILL_AREA_STYLE('',(#18755));
#18755 = FILL_AREA_STYLE_COLOUR('',#18339);
#18756 = STYLED_ITEM('color',(#18757),#2641);
#18757 = PRESENTATION_STYLE_ASSIGNMENT((#18758));
#18758 = SURFACE_STYLE_USAGE(.BOTH.,#18759);
#18759 = SURFACE_SIDE_STYLE('',(#18760));
#18760 = SURFACE_STYLE_FILL_AREA(#18761);
#18761 = FILL_AREA_STYLE('',(#18762));
#18762 = FILL_AREA_STYLE_COLOUR('',#18339);
#18763 = STYLED_ITEM('color',(#18764),#2658);
#18764 = PRESENTATION_STYLE_ASSIGNMENT((#18765));
#18765 = SURFACE_STYLE_USAGE(.BOTH.,#18766);
#18766 = SURFACE_SIDE_STYLE('',(#18767));
#18767 = SURFACE_STYLE_FILL_AREA(#18768);
#18768 = FILL_AREA_STYLE('',(#18769));
#18769 = FILL_AREA_STYLE_COLOUR('',#18339);
#18770 = MECHANICAL_DESIGN_GEOMETRIC_PRESENTATION_REPRESENTATION('',(
    #18771,#18779,#18786,#18793,#18800,#18807),#15776);
#18771 = STYLED_ITEM('color',(#18772),#15628);
#18772 = PRESENTATION_STYLE_ASSIGNMENT((#18773));
#18773 = SURFACE_STYLE_USAGE(.BOTH.,#18774);
#18774 = SURFACE_SIDE_STYLE('',(#18775));
#18775 = SURFACE_STYLE_FILL_AREA(#18776);
#18776 = FILL_AREA_STYLE('',(#18777));
#18777 = FILL_AREA_STYLE_COLOUR('',#18778);
#18778 = COLOUR_RGB('',0.587999997538,0.587999997538,0.587999997538);
#18779 = STYLED_ITEM('color',(#18780),#15668);
#18780 = PRESENTATION_STYLE_ASSIGNMENT((#18781));
#18781 = SURFACE_STYLE_USAGE(.BOTH.,#18782);
#18782 = SURFACE_SIDE_STYLE('',(#18783));
#18783 = SURFACE_STYLE_FILL_AREA(#18784);
#18784 = FILL_AREA_STYLE('',(#18785));
#18785 = FILL_AREA_STYLE_COLOUR('',#18778);
#18786 = STYLED_ITEM('color',(#18787),#15699);
#18787 = PRESENTATION_STYLE_ASSIGNMENT((#18788));
#18788 = SURFACE_STYLE_USAGE(.BOTH.,#18789);
#18789 = SURFACE_SIDE_STYLE('',(#18790));
#18790 = SURFACE_STYLE_FILL_AREA(#18791);
#18791 = FILL_AREA_STYLE('',(#18792));
#18792 = FILL_AREA_STYLE_COLOUR('',#18778);
#18793 = STYLED_ITEM('color',(#18794),#15730);
#18794 = PRESENTATION_STYLE_ASSIGNMENT((#18795));
#18795 = SURFACE_STYLE_USAGE(.BOTH.,#18796);
#18796 = SURFACE_SIDE_STYLE('',(#18797));
#18797 = SURFACE_STYLE_FILL_AREA(#18798);
#18798 = FILL_AREA_STYLE('',(#18799));
#18799 = FILL_AREA_STYLE_COLOUR('',#18778);
#18800 = STYLED_ITEM('color',(#18801),#15752);
#18801 = PRESENTATION_STYLE_ASSIGNMENT((#18802));
#18802 = SURFACE_STYLE_USAGE(.BOTH.,#18803);
#18803 = SURFACE_SIDE_STYLE('',(#18804));
#18804 = SURFACE_STYLE_FILL_AREA(#18805);
#18805 = FILL_AREA_STYLE('',(#18806));
#18806 = FILL_AREA_STYLE_COLOUR('',#18778);
#18807 = STYLED_ITEM('color',(#18808),#15764);
#18808 = PRESENTATION_STYLE_ASSIGNMENT((#18809));
#18809 = SURFACE_STYLE_USAGE(.BOTH.,#18810);
#18810 = SURFACE_SIDE_STYLE('',(#18811));
#18811 = SURFACE_STYLE_FILL_AREA(#18812);
#18812 = FILL_AREA_STYLE('',(#18813));
#18813 = FILL_AREA_STYLE_COLOUR('',#18778);
#18814 = MECHANICAL_DESIGN_GEOMETRIC_PRESENTATION_REPRESENTATION('',(
    #18815,#18822,#18829,#18836,#18843,#18850),#12565);
#18815 = STYLED_ITEM('color',(#18816),#12417);
#18816 = PRESENTATION_STYLE_ASSIGNMENT((#18817));
#18817 = SURFACE_STYLE_USAGE(.BOTH.,#18818);
#18818 = SURFACE_SIDE_STYLE('',(#18819));
#18819 = SURFACE_STYLE_FILL_AREA(#18820);
#18820 = FILL_AREA_STYLE('',(#18821));
#18821 = FILL_AREA_STYLE_COLOUR('',#18037);
#18822 = STYLED_ITEM('color',(#18823),#12457);
#18823 = PRESENTATION_STYLE_ASSIGNMENT((#18824));
#18824 = SURFACE_STYLE_USAGE(.BOTH.,#18825);
#18825 = SURFACE_SIDE_STYLE('',(#18826));
#18826 = SURFACE_STYLE_FILL_AREA(#18827);
#18827 = FILL_AREA_STYLE('',(#18828));
#18828 = FILL_AREA_STYLE_COLOUR('',#18037);
#18829 = STYLED_ITEM('color',(#18830),#12488);
#18830 = PRESENTATION_STYLE_ASSIGNMENT((#18831));
#18831 = SURFACE_STYLE_USAGE(.BOTH.,#18832);
#18832 = SURFACE_SIDE_STYLE('',(#18833));
#18833 = SURFACE_STYLE_FILL_AREA(#18834);
#18834 = FILL_AREA_STYLE('',(#18835));
#18835 = FILL_AREA_STYLE_COLOUR('',#18037);
#18836 = STYLED_ITEM('color',(#18837),#12519);
#18837 = PRESENTATION_STYLE_ASSIGNMENT((#18838));
#18838 = SURFACE_STYLE_USAGE(.BOTH.,#18839);
#18839 = SURFACE_SIDE_STYLE('',(#18840));
#18840 = SURFACE_STYLE_FILL_AREA(#18841);
#18841 = FILL_AREA_STYLE('',(#18842));
#18842 = FILL_AREA_STYLE_COLOUR('',#18037);
#18843 = STYLED_ITEM('color',(#18844),#12541);
#18844 = PRESENTATION_STYLE_ASSIGNMENT((#18845));
#18845 = SURFACE_STYLE_USAGE(.BOTH.,#18846);
#18846 = SURFACE_SIDE_STYLE('',(#18847));
#18847 = SURFACE_STYLE_FILL_AREA(#18848);
#18848 = FILL_AREA_STYLE('',(#18849));
#18849 = FILL_AREA_STYLE_COLOUR('',#18037);
#18850 = STYLED_ITEM('color',(#18851),#12553);
#18851 = PRESENTATION_STYLE_ASSIGNMENT((#18852));
#18852 = SURFACE_STYLE_USAGE(.BOTH.,#18853);
#18853 = SURFACE_SIDE_STYLE('',(#18854));
#18854 = SURFACE_STYLE_FILL_AREA(#18855);
#18855 = FILL_AREA_STYLE('',(#18856));
#18856 = FILL_AREA_STYLE_COLOUR('',#18037);
#18857 = MECHANICAL_DESIGN_GEOMETRIC_PRESENTATION_REPRESENTATION('',(
    #18858,#18865,#18872,#18879,#18886,#18893),#15438);
#18858 = STYLED_ITEM('color',(#18859),#15290);
#18859 = PRESENTATION_STYLE_ASSIGNMENT((#18860));
#18860 = SURFACE_STYLE_USAGE(.BOTH.,#18861);
#18861 = SURFACE_SIDE_STYLE('',(#18862));
#18862 = SURFACE_STYLE_FILL_AREA(#18863);
#18863 = FILL_AREA_STYLE('',(#18864));
#18864 = FILL_AREA_STYLE_COLOUR('',#18037);
#18865 = STYLED_ITEM('color',(#18866),#15330);
#18866 = PRESENTATION_STYLE_ASSIGNMENT((#18867));
#18867 = SURFACE_STYLE_USAGE(.BOTH.,#18868);
#18868 = SURFACE_SIDE_STYLE('',(#18869));
#18869 = SURFACE_STYLE_FILL_AREA(#18870);
#18870 = FILL_AREA_STYLE('',(#18871));
#18871 = FILL_AREA_STYLE_COLOUR('',#18037);
#18872 = STYLED_ITEM('color',(#18873),#15361);
#18873 = PRESENTATION_STYLE_ASSIGNMENT((#18874));
#18874 = SURFACE_STYLE_USAGE(.BOTH.,#18875);
#18875 = SURFACE_SIDE_STYLE('',(#18876));
#18876 = SURFACE_STYLE_FILL_AREA(#18877);
#18877 = FILL_AREA_STYLE('',(#18878));
#18878 = FILL_AREA_STYLE_COLOUR('',#18037);
#18879 = STYLED_ITEM('color',(#18880),#15392);
#18880 = PRESENTATION_STYLE_ASSIGNMENT((#18881));
#18881 = SURFACE_STYLE_USAGE(.BOTH.,#18882);
#18882 = SURFACE_SIDE_STYLE('',(#18883));
#18883 = SURFACE_STYLE_FILL_AREA(#18884);
#18884 = FILL_AREA_STYLE('',(#18885));
#18885 = FILL_AREA_STYLE_COLOUR('',#18037);
#18886 = STYLED_ITEM('color',(#18887),#15414);
#18887 = PRESENTATION_STYLE_ASSIGNMENT((#18888));
#18888 = SURFACE_STYLE_USAGE(.BOTH.,#18889);
#18889 = SURFACE_SIDE_STYLE('',(#18890));
#18890 = SURFACE_STYLE_FILL_AREA(#18891);
#18891 = FILL_AREA_STYLE('',(#18892));
#18892 = FILL_AREA_STYLE_COLOUR('',#18037);
#18893 = STYLED_ITEM('color',(#18894),#15426);
#18894 = PRESENTATION_STYLE_ASSIGNMENT((#18895));
#18895 = SURFACE_STYLE_USAGE(.BOTH.,#18896);
#18896 = SURFACE_SIDE_STYLE('',(#18897));
#18897 = SURFACE_STYLE_FILL_AREA(#18898);
#18898 = FILL_AREA_STYLE('',(#18899));
#18899 = FILL_AREA_STYLE_COLOUR('',#18037);
#18900 = MECHANICAL_DESIGN_GEOMETRIC_PRESENTATION_REPRESENTATION('',(
    #18901,#18908,#18915,#18922,#18929,#18936),#12227);
#18901 = STYLED_ITEM('color',(#18902),#12079);
#18902 = PRESENTATION_STYLE_ASSIGNMENT((#18903));
#18903 = SURFACE_STYLE_USAGE(.BOTH.,#18904);
#18904 = SURFACE_SIDE_STYLE('',(#18905));
#18905 = SURFACE_STYLE_FILL_AREA(#18906);
#18906 = FILL_AREA_STYLE('',(#18907));
#18907 = FILL_AREA_STYLE_COLOUR('',#18037);
#18908 = STYLED_ITEM('color',(#18909),#12119);
#18909 = PRESENTATION_STYLE_ASSIGNMENT((#18910));
#18910 = SURFACE_STYLE_USAGE(.BOTH.,#18911);
#18911 = SURFACE_SIDE_STYLE('',(#18912));
#18912 = SURFACE_STYLE_FILL_AREA(#18913);
#18913 = FILL_AREA_STYLE('',(#18914));
#18914 = FILL_AREA_STYLE_COLOUR('',#18037);
#18915 = STYLED_ITEM('color',(#18916),#12150);
#18916 = PRESENTATION_STYLE_ASSIGNMENT((#18917));
#18917 = SURFACE_STYLE_USAGE(.BOTH.,#18918);
#18918 = SURFACE_SIDE_STYLE('',(#18919));
#18919 = SURFACE_STYLE_FILL_AREA(#18920);
#18920 = FILL_AREA_STYLE('',(#18921));
#18921 = FILL_AREA_STYLE_COLOUR('',#18037);
#18922 = STYLED_ITEM('color',(#18923),#12181);
#18923 = PRESENTATION_STYLE_ASSIGNMENT((#18924));
#18924 = SURFACE_STYLE_USAGE(.BOTH.,#18925);
#18925 = SURFACE_SIDE_STYLE('',(#18926));
#18926 = SURFACE_STYLE_FILL_AREA(#18927);
#18927 = FILL_AREA_STYLE('',(#18928));
#18928 = FILL_AREA_STYLE_COLOUR('',#18037);
#18929 = STYLED_ITEM('color',(#18930),#12203);
#18930 = PRESENTATION_STYLE_ASSIGNMENT((#18931));
#18931 = SURFACE_STYLE_USAGE(.BOTH.,#18932);
#18932 = SURFACE_SIDE_STYLE('',(#18933));
#18933 = SURFACE_STYLE_FILL_AREA(#18934);
#18934 = FILL_AREA_STYLE('',(#18935));
#18935 = FILL_AREA_STYLE_COLOUR('',#18037);
#18936 = STYLED_ITEM('color',(#18937),#12215);
#18937 = PRESENTATION_STYLE_ASSIGNMENT((#18938));
#18938 = SURFACE_STYLE_USAGE(.BOTH.,#18939);
#18939 = SURFACE_SIDE_STYLE('',(#18940));
#18940 = SURFACE_STYLE_FILL_AREA(#18941);
#18941 = FILL_AREA_STYLE('',(#18942));
#18942 = FILL_AREA_STYLE_COLOUR('',#18037);
#18943 = MECHANICAL_DESIGN_GEOMETRIC_PRESENTATION_REPRESENTATION('',(
    #18944,#18951,#18958),#10706);
#18944 = STYLED_ITEM('color',(#18945),#10656);
#18945 = PRESENTATION_STYLE_ASSIGNMENT((#18946));
#18946 = SURFACE_STYLE_USAGE(.BOTH.,#18947);
#18947 = SURFACE_SIDE_STYLE('',(#18948));
#18948 = SURFACE_STYLE_FILL_AREA(#18949);
#18949 = FILL_AREA_STYLE('',(#18950));
#18950 = FILL_AREA_STYLE_COLOUR('',#18778);
#18951 = STYLED_ITEM('color',(#18952),#10688);
#18952 = PRESENTATION_STYLE_ASSIGNMENT((#18953));
#18953 = SURFACE_STYLE_USAGE(.BOTH.,#18954);
#18954 = SURFACE_SIDE_STYLE('',(#18955));
#18955 = SURFACE_STYLE_FILL_AREA(#18956);
#18956 = FILL_AREA_STYLE('',(#18957));
#18957 = FILL_AREA_STYLE_COLOUR('',#18778);
#18958 = STYLED_ITEM('color',(#18959),#10697);
#18959 = PRESENTATION_STYLE_ASSIGNMENT((#18960));
#18960 = SURFACE_STYLE_USAGE(.BOTH.,#18961);
#18961 = SURFACE_SIDE_STYLE('',(#18962));
#18962 = SURFACE_STYLE_FILL_AREA(#18963);
#18963 = FILL_AREA_STYLE('',(#18964));
#18964 = FILL_AREA_STYLE_COLOUR('',#18778);
#18965 = MECHANICAL_DESIGN_GEOMETRIC_PRESENTATION_REPRESENTATION('',(
    #18966,#18973,#18980,#18987,#18994,#19001),#13241);
#18966 = STYLED_ITEM('color',(#18967),#13093);
#18967 = PRESENTATION_STYLE_ASSIGNMENT((#18968));
#18968 = SURFACE_STYLE_USAGE(.BOTH.,#18969);
#18969 = SURFACE_SIDE_STYLE('',(#18970));
#18970 = SURFACE_STYLE_FILL_AREA(#18971);
#18971 = FILL_AREA_STYLE('',(#18972));
#18972 = FILL_AREA_STYLE_COLOUR('',#18037);
#18973 = STYLED_ITEM('color',(#18974),#13133);
#18974 = PRESENTATION_STYLE_ASSIGNMENT((#18975));
#18975 = SURFACE_STYLE_USAGE(.BOTH.,#18976);
#18976 = SURFACE_SIDE_STYLE('',(#18977));
#18977 = SURFACE_STYLE_FILL_AREA(#18978);
#18978 = FILL_AREA_STYLE('',(#18979));
#18979 = FILL_AREA_STYLE_COLOUR('',#18037);
#18980 = STYLED_ITEM('color',(#18981),#13164);
#18981 = PRESENTATION_STYLE_ASSIGNMENT((#18982));
#18982 = SURFACE_STYLE_USAGE(.BOTH.,#18983);
#18983 = SURFACE_SIDE_STYLE('',(#18984));
#18984 = SURFACE_STYLE_FILL_AREA(#18985);
#18985 = FILL_AREA_STYLE('',(#18986));
#18986 = FILL_AREA_STYLE_COLOUR('',#18037);
#18987 = STYLED_ITEM('color',(#18988),#13195);
#18988 = PRESENTATION_STYLE_ASSIGNMENT((#18989));
#18989 = SURFACE_STYLE_USAGE(.BOTH.,#18990);
#18990 = SURFACE_SIDE_STYLE('',(#18991));
#18991 = SURFACE_STYLE_FILL_AREA(#18992);
#18992 = FILL_AREA_STYLE('',(#18993));
#18993 = FILL_AREA_STYLE_COLOUR('',#18037);
#18994 = STYLED_ITEM('color',(#18995),#13217);
#18995 = PRESENTATION_STYLE_ASSIGNMENT((#18996));
#18996 = SURFACE_STYLE_USAGE(.BOTH.,#18997);
#18997 = SURFACE_SIDE_STYLE('',(#18998));
#18998 = SURFACE_STYLE_FILL_AREA(#18999);
#18999 = FILL_AREA_STYLE('',(#19000));
#19000 = FILL_AREA_STYLE_COLOUR('',#18037);
#19001 = STYLED_ITEM('color',(#19002),#13229);
#19002 = PRESENTATION_STYLE_ASSIGNMENT((#19003));
#19003 = SURFACE_STYLE_USAGE(.BOTH.,#19004);
#19004 = SURFACE_SIDE_STYLE('',(#19005));
#19005 = SURFACE_STYLE_FILL_AREA(#19006);
#19006 = FILL_AREA_STYLE('',(#19007));
#19007 = FILL_AREA_STYLE_COLOUR('',#18037);
#19008 = MECHANICAL_DESIGN_GEOMETRIC_PRESENTATION_REPRESENTATION('',(
    #19009,#19016,#19023,#19030,#19037,#19044),#11551);
#19009 = STYLED_ITEM('color',(#19010),#11403);
#19010 = PRESENTATION_STYLE_ASSIGNMENT((#19011));
#19011 = SURFACE_STYLE_USAGE(.BOTH.,#19012);
#19012 = SURFACE_SIDE_STYLE('',(#19013));
#19013 = SURFACE_STYLE_FILL_AREA(#19014);
#19014 = FILL_AREA_STYLE('',(#19015));
#19015 = FILL_AREA_STYLE_COLOUR('',#18037);
#19016 = STYLED_ITEM('color',(#19017),#11443);
#19017 = PRESENTATION_STYLE_ASSIGNMENT((#19018));
#19018 = SURFACE_STYLE_USAGE(.BOTH.,#19019);
#19019 = SURFACE_SIDE_STYLE('',(#19020));
#19020 = SURFACE_STYLE_FILL_AREA(#19021);
#19021 = FILL_AREA_STYLE('',(#19022));
#19022 = FILL_AREA_STYLE_COLOUR('',#18037);
#19023 = STYLED_ITEM('color',(#19024),#11474);
#19024 = PRESENTATION_STYLE_ASSIGNMENT((#19025));
#19025 = SURFACE_STYLE_USAGE(.BOTH.,#19026);
#19026 = SURFACE_SIDE_STYLE('',(#19027));
#19027 = SURFACE_STYLE_FILL_AREA(#19028);
#19028 = FILL_AREA_STYLE('',(#19029));
#19029 = FILL_AREA_STYLE_COLOUR('',#18037);
#19030 = STYLED_ITEM('color',(#19031),#11505);
#19031 = PRESENTATION_STYLE_ASSIGNMENT((#19032));
#19032 = SURFACE_STYLE_USAGE(.BOTH.,#19033);
#19033 = SURFACE_SIDE_STYLE('',(#19034));
#19034 = SURFACE_STYLE_FILL_AREA(#19035);
#19035 = FILL_AREA_STYLE('',(#19036));
#19036 = FILL_AREA_STYLE_COLOUR('',#18037);
#19037 = STYLED_ITEM('color',(#19038),#11527);
#19038 = PRESENTATION_STYLE_ASSIGNMENT((#19039));
#19039 = SURFACE_STYLE_USAGE(.BOTH.,#19040);
#19040 = SURFACE_SIDE_STYLE('',(#19041));
#19041 = SURFACE_STYLE_FILL_AREA(#19042);
#19042 = FILL_AREA_STYLE('',(#19043));
#19043 = FILL_AREA_STYLE_COLOUR('',#18037);
#19044 = STYLED_ITEM('color',(#19045),#11539);
#19045 = PRESENTATION_STYLE_ASSIGNMENT((#19046));
#19046 = SURFACE_STYLE_USAGE(.BOTH.,#19047);
#19047 = SURFACE_SIDE_STYLE('',(#19048));
#19048 = SURFACE_STYLE_FILL_AREA(#19049);
#19049 = FILL_AREA_STYLE('',(#19050));
#19050 = FILL_AREA_STYLE_COLOUR('',#18037);
#19051 = MECHANICAL_DESIGN_GEOMETRIC_PRESENTATION_REPRESENTATION('',(
    #19052,#19059,#19066,#19073,#19080,#19087,#19094,#19101,#19109,
    #19116,#19123,#19130,#19137,#19144,#19152,#19159,#19166,#19173,
    #19180,#19187,#19194,#19201,#19208,#19215,#19222,#19229),#1776);
#19052 = STYLED_ITEM('color',(#19053),#988);
#19053 = PRESENTATION_STYLE_ASSIGNMENT((#19054));
#19054 = SURFACE_STYLE_USAGE(.BOTH.,#19055);
#19055 = SURFACE_SIDE_STYLE('',(#19056));
#19056 = SURFACE_STYLE_FILL_AREA(#19057);
#19057 = FILL_AREA_STYLE('',(#19058));
#19058 = FILL_AREA_STYLE_COLOUR('',#18339);
#19059 = STYLED_ITEM('color',(#19060),#1028);
#19060 = PRESENTATION_STYLE_ASSIGNMENT((#19061));
#19061 = SURFACE_STYLE_USAGE(.BOTH.,#19062);
#19062 = SURFACE_SIDE_STYLE('',(#19063));
#19063 = SURFACE_STYLE_FILL_AREA(#19064);
#19064 = FILL_AREA_STYLE('',(#19065));
#19065 = FILL_AREA_STYLE_COLOUR('',#18339);
#19066 = STYLED_ITEM('color',(#19067),#1111);
#19067 = PRESENTATION_STYLE_ASSIGNMENT((#19068));
#19068 = SURFACE_STYLE_USAGE(.BOTH.,#19069);
#19069 = SURFACE_SIDE_STYLE('',(#19070));
#19070 = SURFACE_STYLE_FILL_AREA(#19071);
#19071 = FILL_AREA_STYLE('',(#19072));
#19072 = FILL_AREA_STYLE_COLOUR('',#18339);
#19073 = STYLED_ITEM('color',(#19074),#1136);
#19074 = PRESENTATION_STYLE_ASSIGNMENT((#19075));
#19075 = SURFACE_STYLE_USAGE(.BOTH.,#19076);
#19076 = SURFACE_SIDE_STYLE('',(#19077));
#19077 = SURFACE_STYLE_FILL_AREA(#19078);
#19078 = FILL_AREA_STYLE('',(#19079));
#19079 = FILL_AREA_STYLE_COLOUR('',#18339);
#19080 = STYLED_ITEM('color',(#19081),#1161);
#19081 = PRESENTATION_STYLE_ASSIGNMENT((#19082));
#19082 = SURFACE_STYLE_USAGE(.BOTH.,#19083);
#19083 = SURFACE_SIDE_STYLE('',(#19084));
#19084 = SURFACE_STYLE_FILL_AREA(#19085);
#19085 = FILL_AREA_STYLE('',(#19086));
#19086 = FILL_AREA_STYLE_COLOUR('',#18339);
#19087 = STYLED_ITEM('color',(#19088),#1228);
#19088 = PRESENTATION_STYLE_ASSIGNMENT((#19089));
#19089 = SURFACE_STYLE_USAGE(.BOTH.,#19090);
#19090 = SURFACE_SIDE_STYLE('',(#19091));
#19091 = SURFACE_STYLE_FILL_AREA(#19092);
#19092 = FILL_AREA_STYLE('',(#19093));
#19093 = FILL_AREA_STYLE_COLOUR('',#18339);
#19094 = STYLED_ITEM('color',(#19095),#1245);
#19095 = PRESENTATION_STYLE_ASSIGNMENT((#19096));
#19096 = SURFACE_STYLE_USAGE(.BOTH.,#19097);
#19097 = SURFACE_SIDE_STYLE('',(#19098));
#19098 = SURFACE_STYLE_FILL_AREA(#19099);
#19099 = FILL_AREA_STYLE('',(#19100));
#19100 = FILL_AREA_STYLE_COLOUR('',#18339);
#19101 = STYLED_ITEM('color',(#19102),#1262);
#19102 = PRESENTATION_STYLE_ASSIGNMENT((#19103));
#19103 = SURFACE_STYLE_USAGE(.BOTH.,#19104);
#19104 = SURFACE_SIDE_STYLE('',(#19105));
#19105 = SURFACE_STYLE_FILL_AREA(#19106);
#19106 = FILL_AREA_STYLE('',(#19107));
#19107 = FILL_AREA_STYLE_COLOUR('',#19108);
#19108 = COLOUR_RGB('',0.894999966383,0.890999961016,0.813000030345);
#19109 = STYLED_ITEM('color',(#19110),#1311);
#19110 = PRESENTATION_STYLE_ASSIGNMENT((#19111));
#19111 = SURFACE_STYLE_USAGE(.BOTH.,#19112);
#19112 = SURFACE_SIDE_STYLE('',(#19113));
#19113 = SURFACE_STYLE_FILL_AREA(#19114);
#19114 = FILL_AREA_STYLE('',(#19115));
#19115 = FILL_AREA_STYLE_COLOUR('',#18339);
#19116 = STYLED_ITEM('color',(#19117),#1328);
#19117 = PRESENTATION_STYLE_ASSIGNMENT((#19118));
#19118 = SURFACE_STYLE_USAGE(.BOTH.,#19119);
#19119 = SURFACE_SIDE_STYLE('',(#19120));
#19120 = SURFACE_STYLE_FILL_AREA(#19121);
#19121 = FILL_AREA_STYLE('',(#19122));
#19122 = FILL_AREA_STYLE_COLOUR('',#18339);
#19123 = STYLED_ITEM('color',(#19124),#1345);
#19124 = PRESENTATION_STYLE_ASSIGNMENT((#19125));
#19125 = SURFACE_STYLE_USAGE(.BOTH.,#19126);
#19126 = SURFACE_SIDE_STYLE('',(#19127));
#19127 = SURFACE_STYLE_FILL_AREA(#19128);
#19128 = FILL_AREA_STYLE('',(#19129));
#19129 = FILL_AREA_STYLE_COLOUR('',#19108);
#19130 = STYLED_ITEM('color',(#19131),#1394);
#19131 = PRESENTATION_STYLE_ASSIGNMENT((#19132));
#19132 = SURFACE_STYLE_USAGE(.BOTH.,#19133);
#19133 = SURFACE_SIDE_STYLE('',(#19134));
#19134 = SURFACE_STYLE_FILL_AREA(#19135);
#19135 = FILL_AREA_STYLE('',(#19136));
#19136 = FILL_AREA_STYLE_COLOUR('',#19108);
#19137 = STYLED_ITEM('color',(#19138),#1411);
#19138 = PRESENTATION_STYLE_ASSIGNMENT((#19139));
#19139 = SURFACE_STYLE_USAGE(.BOTH.,#19140);
#19140 = SURFACE_SIDE_STYLE('',(#19141));
#19141 = SURFACE_STYLE_FILL_AREA(#19142);
#19142 = FILL_AREA_STYLE('',(#19143));
#19143 = FILL_AREA_STYLE_COLOUR('',#18339);
#19144 = STYLED_ITEM('color',(#19145),#1480);
#19145 = PRESENTATION_STYLE_ASSIGNMENT((#19146));
#19146 = SURFACE_STYLE_USAGE(.BOTH.,#19147);
#19147 = SURFACE_SIDE_STYLE('',(#19148));
#19148 = SURFACE_STYLE_FILL_AREA(#19149);
#19149 = FILL_AREA_STYLE('',(#19150));
#19150 = FILL_AREA_STYLE_COLOUR('',#19151);
#19151 = COLOUR_RGB('',8.200000279077E-02,8.600000121357E-02,
  9.399999706163E-02);
#19152 = STYLED_ITEM('color',(#19153),#1511);
#19153 = PRESENTATION_STYLE_ASSIGNMENT((#19154));
#19154 = SURFACE_STYLE_USAGE(.BOTH.,#19155);
#19155 = SURFACE_SIDE_STYLE('',(#19156));
#19156 = SURFACE_STYLE_FILL_AREA(#19157);
#19157 = FILL_AREA_STYLE('',(#19158));
#19158 = FILL_AREA_STYLE_COLOUR('',#19151);
#19159 = STYLED_ITEM('color',(#19160),#1535);
#19160 = PRESENTATION_STYLE_ASSIGNMENT((#19161));
#19161 = SURFACE_STYLE_USAGE(.BOTH.,#19162);
#19162 = SURFACE_SIDE_STYLE('',(#19163));
#19163 = SURFACE_STYLE_FILL_AREA(#19164);
#19164 = FILL_AREA_STYLE('',(#19165));
#19165 = FILL_AREA_STYLE_COLOUR('',#18339);
#19166 = STYLED_ITEM('color',(#19167),#1604);
#19167 = PRESENTATION_STYLE_ASSIGNMENT((#19168));
#19168 = SURFACE_STYLE_USAGE(.BOTH.,#19169);
#19169 = SURFACE_SIDE_STYLE('',(#19170));
#19170 = SURFACE_STYLE_FILL_AREA(#19171);
#19171 = FILL_AREA_STYLE('',(#19172));
#19172 = FILL_AREA_STYLE_COLOUR('',#19151);
#19173 = STYLED_ITEM('color',(#19174),#1628);
#19174 = PRESENTATION_STYLE_ASSIGNMENT((#19175));
#19175 = SURFACE_STYLE_USAGE(.BOTH.,#19176);
#19176 = SURFACE_SIDE_STYLE('',(#19177));
#19177 = SURFACE_STYLE_FILL_AREA(#19178);
#19178 = FILL_AREA_STYLE('',(#19179));
#19179 = FILL_AREA_STYLE_COLOUR('',#18339);
#19180 = STYLED_ITEM('color',(#19181),#1645);
#19181 = PRESENTATION_STYLE_ASSIGNMENT((#19182));
#19182 = SURFACE_STYLE_USAGE(.BOTH.,#19183);
#19183 = SURFACE_SIDE_STYLE('',(#19184));
#19184 = SURFACE_STYLE_FILL_AREA(#19185);
#19185 = FILL_AREA_STYLE('',(#19186));
#19186 = FILL_AREA_STYLE_COLOUR('',#18339);
#19187 = STYLED_ITEM('color',(#19188),#1662);
#19188 = PRESENTATION_STYLE_ASSIGNMENT((#19189));
#19189 = SURFACE_STYLE_USAGE(.BOTH.,#19190);
#19190 = SURFACE_SIDE_STYLE('',(#19191));
#19191 = SURFACE_STYLE_FILL_AREA(#19192);
#19192 = FILL_AREA_STYLE('',(#19193));
#19193 = FILL_AREA_STYLE_COLOUR('',#18339);
#19194 = STYLED_ITEM('color',(#19195),#1679);
#19195 = PRESENTATION_STYLE_ASSIGNMENT((#19196));
#19196 = SURFACE_STYLE_USAGE(.BOTH.,#19197);
#19197 = SURFACE_SIDE_STYLE('',(#19198));
#19198 = SURFACE_STYLE_FILL_AREA(#19199);
#19199 = FILL_AREA_STYLE('',(#19200));
#19200 = FILL_AREA_STYLE_COLOUR('',#18339);
#19201 = STYLED_ITEM('color',(#19202),#1696);
#19202 = PRESENTATION_STYLE_ASSIGNMENT((#19203));
#19203 = SURFACE_STYLE_USAGE(.BOTH.,#19204);
#19204 = SURFACE_SIDE_STYLE('',(#19205));
#19205 = SURFACE_STYLE_FILL_AREA(#19206);
#19206 = FILL_AREA_STYLE('',(#19207));
#19207 = FILL_AREA_STYLE_COLOUR('',#18339);
#19208 = STYLED_ITEM('color',(#19209),#1713);
#19209 = PRESENTATION_STYLE_ASSIGNMENT((#19210));
#19210 = SURFACE_STYLE_USAGE(.BOTH.,#19211);
#19211 = SURFACE_SIDE_STYLE('',(#19212));
#19212 = SURFACE_STYLE_FILL_AREA(#19213);
#19213 = FILL_AREA_STYLE('',(#19214));
#19214 = FILL_AREA_STYLE_COLOUR('',#18339);
#19215 = STYLED_ITEM('color',(#19216),#1730);
#19216 = PRESENTATION_STYLE_ASSIGNMENT((#19217));
#19217 = SURFACE_STYLE_USAGE(.BOTH.,#19218);
#19218 = SURFACE_SIDE_STYLE('',(#19219));
#19219 = SURFACE_STYLE_FILL_AREA(#19220);
#19220 = FILL_AREA_STYLE('',(#19221));
#19221 = FILL_AREA_STYLE_COLOUR('',#18339);
#19222 = STYLED_ITEM('color',(#19223),#1747);
#19223 = PRESENTATION_STYLE_ASSIGNMENT((#19224));
#19224 = SURFACE_STYLE_USAGE(.BOTH.,#19225);
#19225 = SURFACE_SIDE_STYLE('',(#19226));
#19226 = SURFACE_STYLE_FILL_AREA(#19227);
#19227 = FILL_AREA_STYLE('',(#19228));
#19228 = FILL_AREA_STYLE_COLOUR('',#19151);
#19229 = STYLED_ITEM('color',(#19230),#1764);
#19230 = PRESENTATION_STYLE_ASSIGNMENT((#19231));
#19231 = SURFACE_STYLE_USAGE(.BOTH.,#19232);
#19232 = SURFACE_SIDE_STYLE('',(#19233));
#19233 = SURFACE_STYLE_FILL_AREA(#19234);
#19234 = FILL_AREA_STYLE('',(#19235));
#19235 = FILL_AREA_STYLE_COLOUR('',#19151);
#19236 = MECHANICAL_DESIGN_GEOMETRIC_PRESENTATION_REPRESENTATION('',(
    #19237,#19244,#19251,#19258,#19265,#19272),#11044);
#19237 = STYLED_ITEM('color',(#19238),#10896);
#19238 = PRESENTATION_STYLE_ASSIGNMENT((#19239));
#19239 = SURFACE_STYLE_USAGE(.BOTH.,#19240);
#19240 = SURFACE_SIDE_STYLE('',(#19241));
#19241 = SURFACE_STYLE_FILL_AREA(#19242);
#19242 = FILL_AREA_STYLE('',(#19243));
#19243 = FILL_AREA_STYLE_COLOUR('',#18037);
#19244 = STYLED_ITEM('color',(#19245),#10936);
#19245 = PRESENTATION_STYLE_ASSIGNMENT((#19246));
#19246 = SURFACE_STYLE_USAGE(.BOTH.,#19247);
#19247 = SURFACE_SIDE_STYLE('',(#19248));
#19248 = SURFACE_STYLE_FILL_AREA(#19249);
#19249 = FILL_AREA_STYLE('',(#19250));
#19250 = FILL_AREA_STYLE_COLOUR('',#18037);
#19251 = STYLED_ITEM('color',(#19252),#10967);
#19252 = PRESENTATION_STYLE_ASSIGNMENT((#19253));
#19253 = SURFACE_STYLE_USAGE(.BOTH.,#19254);
#19254 = SURFACE_SIDE_STYLE('',(#19255));
#19255 = SURFACE_STYLE_FILL_AREA(#19256);
#19256 = FILL_AREA_STYLE('',(#19257));
#19257 = FILL_AREA_STYLE_COLOUR('',#18037);
#19258 = STYLED_ITEM('color',(#19259),#10998);
#19259 = PRESENTATION_STYLE_ASSIGNMENT((#19260));
#19260 = SURFACE_STYLE_USAGE(.BOTH.,#19261);
#19261 = SURFACE_SIDE_STYLE('',(#19262));
#19262 = SURFACE_STYLE_FILL_AREA(#19263);
#19263 = FILL_AREA_STYLE('',(#19264));
#19264 = FILL_AREA_STYLE_COLOUR('',#18037);
#19265 = STYLED_ITEM('color',(#19266),#11020);
#19266 = PRESENTATION_STYLE_ASSIGNMENT((#19267));
#19267 = SURFACE_STYLE_USAGE(.BOTH.,#19268);
#19268 = SURFACE_SIDE_STYLE('',(#19269));
#19269 = SURFACE_STYLE_FILL_AREA(#19270);
#19270 = FILL_AREA_STYLE('',(#19271));
#19271 = FILL_AREA_STYLE_COLOUR('',#18037);
#19272 = STYLED_ITEM('color',(#19273),#11032);
#19273 = PRESENTATION_STYLE_ASSIGNMENT((#19274));
#19274 = SURFACE_STYLE_USAGE(.BOTH.,#19275);
#19275 = SURFACE_SIDE_STYLE('',(#19276));
#19276 = SURFACE_STYLE_FILL_AREA(#19277);
#19277 = FILL_AREA_STYLE('',(#19278));
#19278 = FILL_AREA_STYLE_COLOUR('',#18037);
#19279 = MECHANICAL_DESIGN_GEOMETRIC_PRESENTATION_REPRESENTATION('',(
    #19280),#10875);
#19280 = STYLED_ITEM('color',(#19281),#10725);
#19281 = PRESENTATION_STYLE_ASSIGNMENT((#19282,#19288));
#19282 = SURFACE_STYLE_USAGE(.BOTH.,#19283);
#19283 = SURFACE_SIDE_STYLE('',(#19284));
#19284 = SURFACE_STYLE_FILL_AREA(#19285);
#19285 = FILL_AREA_STYLE('',(#19286));
#19286 = FILL_AREA_STYLE_COLOUR('',#19287);
#19287 = COLOUR_RGB('',0.109800004037,0.109800004037,0.109800004037);
#19288 = CURVE_STYLE('',#19289,POSITIVE_LENGTH_MEASURE(0.1),#19287);
#19289 = DRAUGHTING_PRE_DEFINED_CURVE_FONT('continuous');
#19290 = MECHANICAL_DESIGN_GEOMETRIC_PRESENTATION_REPRESENTATION('',(
    #19291,#19298,#19305,#19312,#19319,#19326),#11213);
#19291 = STYLED_ITEM('color',(#19292),#11065);
#19292 = PRESENTATION_STYLE_ASSIGNMENT((#19293));
#19293 = SURFACE_STYLE_USAGE(.BOTH.,#19294);
#19294 = SURFACE_SIDE_STYLE('',(#19295));
#19295 = SURFACE_STYLE_FILL_AREA(#19296);
#19296 = FILL_AREA_STYLE('',(#19297));
#19297 = FILL_AREA_STYLE_COLOUR('',#18037);
#19298 = STYLED_ITEM('color',(#19299),#11105);
#19299 = PRESENTATION_STYLE_ASSIGNMENT((#19300));
#19300 = SURFACE_STYLE_USAGE(.BOTH.,#19301);
#19301 = SURFACE_SIDE_STYLE('',(#19302));
#19302 = SURFACE_STYLE_FILL_AREA(#19303);
#19303 = FILL_AREA_STYLE('',(#19304));
#19304 = FILL_AREA_STYLE_COLOUR('',#18037);
#19305 = STYLED_ITEM('color',(#19306),#11136);
#19306 = PRESENTATION_STYLE_ASSIGNMENT((#19307));
#19307 = SURFACE_STYLE_USAGE(.BOTH.,#19308);
#19308 = SURFACE_SIDE_STYLE('',(#19309));
#19309 = SURFACE_STYLE_FILL_AREA(#19310);
#19310 = FILL_AREA_STYLE('',(#19311));
#19311 = FILL_AREA_STYLE_COLOUR('',#18037);
#19312 = STYLED_ITEM('color',(#19313),#11167);
#19313 = PRESENTATION_STYLE_ASSIGNMENT((#19314));
#19314 = SURFACE_STYLE_USAGE(.BOTH.,#19315);
#19315 = SURFACE_SIDE_STYLE('',(#19316));
#19316 = SURFACE_STYLE_FILL_AREA(#19317);
#19317 = FILL_AREA_STYLE('',(#19318));
#19318 = FILL_AREA_STYLE_COLOUR('',#18037);
#19319 = STYLED_ITEM('color',(#19320),#11189);
#19320 = PRESENTATION_STYLE_ASSIGNMENT((#19321));
#19321 = SURFACE_STYLE_USAGE(.BOTH.,#19322);
#19322 = SURFACE_SIDE_STYLE('',(#19323));
#19323 = SURFACE_STYLE_FILL_AREA(#19324);
#19324 = FILL_AREA_STYLE('',(#19325));
#19325 = FILL_AREA_STYLE_COLOUR('',#18037);
#19326 = STYLED_ITEM('color',(#19327),#11201);
#19327 = PRESENTATION_STYLE_ASSIGNMENT((#19328));
#19328 = SURFACE_STYLE_USAGE(.BOTH.,#19329);
#19329 = SURFACE_SIDE_STYLE('',(#19330));
#19330 = SURFACE_STYLE_FILL_AREA(#19331);
#19331 = FILL_AREA_STYLE('',(#19332));
#19332 = FILL_AREA_STYLE_COLOUR('',#18037);
#19333 = MECHANICAL_DESIGN_GEOMETRIC_PRESENTATION_REPRESENTATION('',(
    #19334,#19341,#19348,#19355,#19362,#19369),#14593);
#19334 = STYLED_ITEM('color',(#19335),#14445);
#19335 = PRESENTATION_STYLE_ASSIGNMENT((#19336));
#19336 = SURFACE_STYLE_USAGE(.BOTH.,#19337);
#19337 = SURFACE_SIDE_STYLE('',(#19338));
#19338 = SURFACE_STYLE_FILL_AREA(#19339);
#19339 = FILL_AREA_STYLE('',(#19340));
#19340 = FILL_AREA_STYLE_COLOUR('',#18037);
#19341 = STYLED_ITEM('color',(#19342),#14485);
#19342 = PRESENTATION_STYLE_ASSIGNMENT((#19343));
#19343 = SURFACE_STYLE_USAGE(.BOTH.,#19344);
#19344 = SURFACE_SIDE_STYLE('',(#19345));
#19345 = SURFACE_STYLE_FILL_AREA(#19346);
#19346 = FILL_AREA_STYLE('',(#19347));
#19347 = FILL_AREA_STYLE_COLOUR('',#18037);
#19348 = STYLED_ITEM('color',(#19349),#14516);
#19349 = PRESENTATION_STYLE_ASSIGNMENT((#19350));
#19350 = SURFACE_STYLE_USAGE(.BOTH.,#19351);
#19351 = SURFACE_SIDE_STYLE('',(#19352));
#19352 = SURFACE_STYLE_FILL_AREA(#19353);
#19353 = FILL_AREA_STYLE('',(#19354));
#19354 = FILL_AREA_STYLE_COLOUR('',#18037);
#19355 = STYLED_ITEM('color',(#19356),#14547);
#19356 = PRESENTATION_STYLE_ASSIGNMENT((#19357));
#19357 = SURFACE_STYLE_USAGE(.BOTH.,#19358);
#19358 = SURFACE_SIDE_STYLE('',(#19359));
#19359 = SURFACE_STYLE_FILL_AREA(#19360);
#19360 = FILL_AREA_STYLE('',(#19361));
#19361 = FILL_AREA_STYLE_COLOUR('',#18037);
#19362 = STYLED_ITEM('color',(#19363),#14569);
#19363 = PRESENTATION_STYLE_ASSIGNMENT((#19364));
#19364 = SURFACE_STYLE_USAGE(.BOTH.,#19365);
#19365 = SURFACE_SIDE_STYLE('',(#19366));
#19366 = SURFACE_STYLE_FILL_AREA(#19367);
#19367 = FILL_AREA_STYLE('',(#19368));
#19368 = FILL_AREA_STYLE_COLOUR('',#18037);
#19369 = STYLED_ITEM('color',(#19370),#14581);
#19370 = PRESENTATION_STYLE_ASSIGNMENT((#19371));
#19371 = SURFACE_STYLE_USAGE(.BOTH.,#19372);
#19372 = SURFACE_SIDE_STYLE('',(#19373));
#19373 = SURFACE_STYLE_FILL_AREA(#19374);
#19374 = FILL_AREA_STYLE('',(#19375));
#19375 = FILL_AREA_STYLE_COLOUR('',#18037);
#19376 = MECHANICAL_DESIGN_GEOMETRIC_PRESENTATION_REPRESENTATION('',(
    #19377,#19384,#19391,#19398,#19405,#19412),#12396);
#19377 = STYLED_ITEM('color',(#19378),#12248);
#19378 = PRESENTATION_STYLE_ASSIGNMENT((#19379));
#19379 = SURFACE_STYLE_USAGE(.BOTH.,#19380);
#19380 = SURFACE_SIDE_STYLE('',(#19381));
#19381 = SURFACE_STYLE_FILL_AREA(#19382);
#19382 = FILL_AREA_STYLE('',(#19383));
#19383 = FILL_AREA_STYLE_COLOUR('',#18037);
#19384 = STYLED_ITEM('color',(#19385),#12288);
#19385 = PRESENTATION_STYLE_ASSIGNMENT((#19386));
#19386 = SURFACE_STYLE_USAGE(.BOTH.,#19387);
#19387 = SURFACE_SIDE_STYLE('',(#19388));
#19388 = SURFACE_STYLE_FILL_AREA(#19389);
#19389 = FILL_AREA_STYLE('',(#19390));
#19390 = FILL_AREA_STYLE_COLOUR('',#18037);
#19391 = STYLED_ITEM('color',(#19392),#12319);
#19392 = PRESENTATION_STYLE_ASSIGNMENT((#19393));
#19393 = SURFACE_STYLE_USAGE(.BOTH.,#19394);
#19394 = SURFACE_SIDE_STYLE('',(#19395));
#19395 = SURFACE_STYLE_FILL_AREA(#19396);
#19396 = FILL_AREA_STYLE('',(#19397));
#19397 = FILL_AREA_STYLE_COLOUR('',#18037);
#19398 = STYLED_ITEM('color',(#19399),#12350);
#19399 = PRESENTATION_STYLE_ASSIGNMENT((#19400));
#19400 = SURFACE_STYLE_USAGE(.BOTH.,#19401);
#19401 = SURFACE_SIDE_STYLE('',(#19402));
#19402 = SURFACE_STYLE_FILL_AREA(#19403);
#19403 = FILL_AREA_STYLE('',(#19404));
#19404 = FILL_AREA_STYLE_COLOUR('',#18037);
#19405 = STYLED_ITEM('color',(#19406),#12372);
#19406 = PRESENTATION_STYLE_ASSIGNMENT((#19407));
#19407 = SURFACE_STYLE_USAGE(.BOTH.,#19408);
#19408 = SURFACE_SIDE_STYLE('',(#19409));
#19409 = SURFACE_STYLE_FILL_AREA(#19410);
#19410 = FILL_AREA_STYLE('',(#19411));
#19411 = FILL_AREA_STYLE_COLOUR('',#18037);
#19412 = STYLED_ITEM('color',(#19413),#12384);
#19413 = PRESENTATION_STYLE_ASSIGNMENT((#19414));
#19414 = SURFACE_STYLE_USAGE(.BOTH.,#19415);
#19415 = SURFACE_SIDE_STYLE('',(#19416));
#19416 = SURFACE_STYLE_FILL_AREA(#19417);
#19417 = FILL_AREA_STYLE('',(#19418));
#19418 = FILL_AREA_STYLE_COLOUR('',#18037);
#19419 = MECHANICAL_DESIGN_GEOMETRIC_PRESENTATION_REPRESENTATION('',(
    #19420,#19427,#19434,#19441,#19448,#19455),#14762);
#19420 = STYLED_ITEM('color',(#19421),#14614);
#19421 = PRESENTATION_STYLE_ASSIGNMENT((#19422));
#19422 = SURFACE_STYLE_USAGE(.BOTH.,#19423);
#19423 = SURFACE_SIDE_STYLE('',(#19424));
#19424 = SURFACE_STYLE_FILL_AREA(#19425);
#19425 = FILL_AREA_STYLE('',(#19426));
#19426 = FILL_AREA_STYLE_COLOUR('',#18037);
#19427 = STYLED_ITEM('color',(#19428),#14654);
#19428 = PRESENTATION_STYLE_ASSIGNMENT((#19429));
#19429 = SURFACE_STYLE_USAGE(.BOTH.,#19430);
#19430 = SURFACE_SIDE_STYLE('',(#19431));
#19431 = SURFACE_STYLE_FILL_AREA(#19432);
#19432 = FILL_AREA_STYLE('',(#19433));
#19433 = FILL_AREA_STYLE_COLOUR('',#18037);
#19434 = STYLED_ITEM('color',(#19435),#14685);
#19435 = PRESENTATION_STYLE_ASSIGNMENT((#19436));
#19436 = SURFACE_STYLE_USAGE(.BOTH.,#19437);
#19437 = SURFACE_SIDE_STYLE('',(#19438));
#19438 = SURFACE_STYLE_FILL_AREA(#19439);
#19439 = FILL_AREA_STYLE('',(#19440));
#19440 = FILL_AREA_STYLE_COLOUR('',#18037);
#19441 = STYLED_ITEM('color',(#19442),#14716);
#19442 = PRESENTATION_STYLE_ASSIGNMENT((#19443));
#19443 = SURFACE_STYLE_USAGE(.BOTH.,#19444);
#19444 = SURFACE_SIDE_STYLE('',(#19445));
#19445 = SURFACE_STYLE_FILL_AREA(#19446);
#19446 = FILL_AREA_STYLE('',(#19447));
#19447 = FILL_AREA_STYLE_COLOUR('',#18037);
#19448 = STYLED_ITEM('color',(#19449),#14738);
#19449 = PRESENTATION_STYLE_ASSIGNMENT((#19450));
#19450 = SURFACE_STYLE_USAGE(.BOTH.,#19451);
#19451 = SURFACE_SIDE_STYLE('',(#19452));
#19452 = SURFACE_STYLE_FILL_AREA(#19453);
#19453 = FILL_AREA_STYLE('',(#19454));
#19454 = FILL_AREA_STYLE_COLOUR('',#18037);
#19455 = STYLED_ITEM('color',(#19456),#14750);
#19456 = PRESENTATION_STYLE_ASSIGNMENT((#19457));
#19457 = SURFACE_STYLE_USAGE(.BOTH.,#19458);
#19458 = SURFACE_SIDE_STYLE('',(#19459));
#19459 = SURFACE_STYLE_FILL_AREA(#19460);
#19460 = FILL_AREA_STYLE('',(#19461));
#19461 = FILL_AREA_STYLE_COLOUR('',#18037);
#19462 = MECHANICAL_DESIGN_GEOMETRIC_PRESENTATION_REPRESENTATION('',(
    #19463,#19470,#19477,#19484,#19491,#19498),#11720);
#19463 = STYLED_ITEM('color',(#19464),#11572);
#19464 = PRESENTATION_STYLE_ASSIGNMENT((#19465));
#19465 = SURFACE_STYLE_USAGE(.BOTH.,#19466);
#19466 = SURFACE_SIDE_STYLE('',(#19467));
#19467 = SURFACE_STYLE_FILL_AREA(#19468);
#19468 = FILL_AREA_STYLE('',(#19469));
#19469 = FILL_AREA_STYLE_COLOUR('',#18037);
#19470 = STYLED_ITEM('color',(#19471),#11612);
#19471 = PRESENTATION_STYLE_ASSIGNMENT((#19472));
#19472 = SURFACE_STYLE_USAGE(.BOTH.,#19473);
#19473 = SURFACE_SIDE_STYLE('',(#19474));
#19474 = SURFACE_STYLE_FILL_AREA(#19475);
#19475 = FILL_AREA_STYLE('',(#19476));
#19476 = FILL_AREA_STYLE_COLOUR('',#18037);
#19477 = STYLED_ITEM('color',(#19478),#11643);
#19478 = PRESENTATION_STYLE_ASSIGNMENT((#19479));
#19479 = SURFACE_STYLE_USAGE(.BOTH.,#19480);
#19480 = SURFACE_SIDE_STYLE('',(#19481));
#19481 = SURFACE_STYLE_FILL_AREA(#19482);
#19482 = FILL_AREA_STYLE('',(#19483));
#19483 = FILL_AREA_STYLE_COLOUR('',#18037);
#19484 = STYLED_ITEM('color',(#19485),#11674);
#19485 = PRESENTATION_STYLE_ASSIGNMENT((#19486));
#19486 = SURFACE_STYLE_USAGE(.BOTH.,#19487);
#19487 = SURFACE_SIDE_STYLE('',(#19488));
#19488 = SURFACE_STYLE_FILL_AREA(#19489);
#19489 = FILL_AREA_STYLE('',(#19490));
#19490 = FILL_AREA_STYLE_COLOUR('',#18037);
#19491 = STYLED_ITEM('color',(#19492),#11696);
#19492 = PRESENTATION_STYLE_ASSIGNMENT((#19493));
#19493 = SURFACE_STYLE_USAGE(.BOTH.,#19494);
#19494 = SURFACE_SIDE_STYLE('',(#19495));
#19495 = SURFACE_STYLE_FILL_AREA(#19496);
#19496 = FILL_AREA_STYLE('',(#19497));
#19497 = FILL_AREA_STYLE_COLOUR('',#18037);
#19498 = STYLED_ITEM('color',(#19499),#11708);
#19499 = PRESENTATION_STYLE_ASSIGNMENT((#19500));
#19500 = SURFACE_STYLE_USAGE(.BOTH.,#19501);
#19501 = SURFACE_SIDE_STYLE('',(#19502));
#19502 = SURFACE_STYLE_FILL_AREA(#19503);
#19503 = FILL_AREA_STYLE('',(#19504));
#19504 = FILL_AREA_STYLE_COLOUR('',#18037);
#19505 = MECHANICAL_DESIGN_GEOMETRIC_PRESENTATION_REPRESENTATION('',(
    #19506,#19514,#19521,#19528,#19535,#19542,#19549,#19556,#19563,
    #19570,#19577,#19584,#19591,#19598,#19605,#19612,#19619,#19626,
    #19633,#19640,#19647,#19654),#10467);
#19506 = STYLED_ITEM('color',(#19507),#9775);
#19507 = PRESENTATION_STYLE_ASSIGNMENT((#19508));
#19508 = SURFACE_STYLE_USAGE(.BOTH.,#19509);
#19509 = SURFACE_SIDE_STYLE('',(#19510));
#19510 = SURFACE_STYLE_FILL_AREA(#19511);
#19511 = FILL_AREA_STYLE('',(#19512));
#19512 = FILL_AREA_STYLE_COLOUR('',#19513);
#19513 = COLOUR_RGB('',0.690000002877,0.769999993182,0.870000009629);
#19514 = STYLED_ITEM('color',(#19515),#9815);
#19515 = PRESENTATION_STYLE_ASSIGNMENT((#19516));
#19516 = SURFACE_STYLE_USAGE(.BOTH.,#19517);
#19517 = SURFACE_SIDE_STYLE('',(#19518));
#19518 = SURFACE_STYLE_FILL_AREA(#19519);
#19519 = FILL_AREA_STYLE('',(#19520));
#19520 = FILL_AREA_STYLE_COLOUR('',#19513);
#19521 = STYLED_ITEM('color',(#19522),#9848);
#19522 = PRESENTATION_STYLE_ASSIGNMENT((#19523));
#19523 = SURFACE_STYLE_USAGE(.BOTH.,#19524);
#19524 = SURFACE_SIDE_STYLE('',(#19525));
#19525 = SURFACE_STYLE_FILL_AREA(#19526);
#19526 = FILL_AREA_STYLE('',(#19527));
#19527 = FILL_AREA_STYLE_COLOUR('',#19513);
#19528 = STYLED_ITEM('color',(#19529),#9881);
#19529 = PRESENTATION_STYLE_ASSIGNMENT((#19530));
#19530 = SURFACE_STYLE_USAGE(.BOTH.,#19531);
#19531 = SURFACE_SIDE_STYLE('',(#19532));
#19532 = SURFACE_STYLE_FILL_AREA(#19533);
#19533 = FILL_AREA_STYLE('',(#19534));
#19534 = FILL_AREA_STYLE_COLOUR('',#19513);
#19535 = STYLED_ITEM('color',(#19536),#10032);
#19536 = PRESENTATION_STYLE_ASSIGNMENT((#19537));
#19537 = SURFACE_STYLE_USAGE(.BOTH.,#19538);
#19538 = SURFACE_SIDE_STYLE('',(#19539));
#19539 = SURFACE_STYLE_FILL_AREA(#19540);
#19540 = FILL_AREA_STYLE('',(#19541));
#19541 = FILL_AREA_STYLE_COLOUR('',#19513);
#19542 = STYLED_ITEM('color',(#19543),#10063);
#19543 = PRESENTATION_STYLE_ASSIGNMENT((#19544));
#19544 = SURFACE_STYLE_USAGE(.BOTH.,#19545);
#19545 = SURFACE_SIDE_STYLE('',(#19546));
#19546 = SURFACE_STYLE_FILL_AREA(#19547);
#19547 = FILL_AREA_STYLE('',(#19548));
#19548 = FILL_AREA_STYLE_COLOUR('',#19513);
#19549 = STYLED_ITEM('color',(#19550),#10205);
#19550 = PRESENTATION_STYLE_ASSIGNMENT((#19551));
#19551 = SURFACE_STYLE_USAGE(.BOTH.,#19552);
#19552 = SURFACE_SIDE_STYLE('',(#19553));
#19553 = SURFACE_STYLE_FILL_AREA(#19554);
#19554 = FILL_AREA_STYLE('',(#19555));
#19555 = FILL_AREA_STYLE_COLOUR('',#19513);
#19556 = STYLED_ITEM('color',(#19557),#10222);
#19557 = PRESENTATION_STYLE_ASSIGNMENT((#19558));
#19558 = SURFACE_STYLE_USAGE(.BOTH.,#19559);
#19559 = SURFACE_SIDE_STYLE('',(#19560));
#19560 = SURFACE_STYLE_FILL_AREA(#19561);
#19561 = FILL_AREA_STYLE('',(#19562));
#19562 = FILL_AREA_STYLE_COLOUR('',#19513);
#19563 = STYLED_ITEM('color',(#19564),#10239);
#19564 = PRESENTATION_STYLE_ASSIGNMENT((#19565));
#19565 = SURFACE_STYLE_USAGE(.BOTH.,#19566);
#19566 = SURFACE_SIDE_STYLE('',(#19567));
#19567 = SURFACE_STYLE_FILL_AREA(#19568);
#19568 = FILL_AREA_STYLE('',(#19569));
#19569 = FILL_AREA_STYLE_COLOUR('',#19513);
#19570 = STYLED_ITEM('color',(#19571),#10256);
#19571 = PRESENTATION_STYLE_ASSIGNMENT((#19572));
#19572 = SURFACE_STYLE_USAGE(.BOTH.,#19573);
#19573 = SURFACE_SIDE_STYLE('',(#19574));
#19574 = SURFACE_STYLE_FILL_AREA(#19575);
#19575 = FILL_AREA_STYLE('',(#19576));
#19576 = FILL_AREA_STYLE_COLOUR('',#19513);
#19577 = STYLED_ITEM('color',(#19578),#10273);
#19578 = PRESENTATION_STYLE_ASSIGNMENT((#19579));
#19579 = SURFACE_STYLE_USAGE(.BOTH.,#19580);
#19580 = SURFACE_SIDE_STYLE('',(#19581));
#19581 = SURFACE_STYLE_FILL_AREA(#19582);
#19582 = FILL_AREA_STYLE('',(#19583));
#19583 = FILL_AREA_STYLE_COLOUR('',#19513);
#19584 = STYLED_ITEM('color',(#19585),#10290);
#19585 = PRESENTATION_STYLE_ASSIGNMENT((#19586));
#19586 = SURFACE_STYLE_USAGE(.BOTH.,#19587);
#19587 = SURFACE_SIDE_STYLE('',(#19588));
#19588 = SURFACE_STYLE_FILL_AREA(#19589);
#19589 = FILL_AREA_STYLE('',(#19590));
#19590 = FILL_AREA_STYLE_COLOUR('',#19513);
#19591 = STYLED_ITEM('color',(#19592),#10307);
#19592 = PRESENTATION_STYLE_ASSIGNMENT((#19593));
#19593 = SURFACE_STYLE_USAGE(.BOTH.,#19594);
#19594 = SURFACE_SIDE_STYLE('',(#19595));
#19595 = SURFACE_STYLE_FILL_AREA(#19596);
#19596 = FILL_AREA_STYLE('',(#19597));
#19597 = FILL_AREA_STYLE_COLOUR('',#19513);
#19598 = STYLED_ITEM('color',(#19599),#10324);
#19599 = PRESENTATION_STYLE_ASSIGNMENT((#19600));
#19600 = SURFACE_STYLE_USAGE(.BOTH.,#19601);
#19601 = SURFACE_SIDE_STYLE('',(#19602));
#19602 = SURFACE_STYLE_FILL_AREA(#19603);
#19603 = FILL_AREA_STYLE('',(#19604));
#19604 = FILL_AREA_STYLE_COLOUR('',#19513);
#19605 = STYLED_ITEM('color',(#19606),#10341);
#19606 = PRESENTATION_STYLE_ASSIGNMENT((#19607));
#19607 = SURFACE_STYLE_USAGE(.BOTH.,#19608);
#19608 = SURFACE_SIDE_STYLE('',(#19609));
#19609 = SURFACE_STYLE_FILL_AREA(#19610);
#19610 = FILL_AREA_STYLE('',(#19611));
#19611 = FILL_AREA_STYLE_COLOUR('',#19513);
#19612 = STYLED_ITEM('color',(#19613),#10358);
#19613 = PRESENTATION_STYLE_ASSIGNMENT((#19614));
#19614 = SURFACE_STYLE_USAGE(.BOTH.,#19615);
#19615 = SURFACE_SIDE_STYLE('',(#19616));
#19616 = SURFACE_STYLE_FILL_AREA(#19617);
#19617 = FILL_AREA_STYLE('',(#19618));
#19618 = FILL_AREA_STYLE_COLOUR('',#19513);
#19619 = STYLED_ITEM('color',(#19620),#10380);
#19620 = PRESENTATION_STYLE_ASSIGNMENT((#19621));
#19621 = SURFACE_STYLE_USAGE(.BOTH.,#19622);
#19622 = SURFACE_SIDE_STYLE('',(#19623));
#19623 = SURFACE_STYLE_FILL_AREA(#19624);
#19624 = FILL_AREA_STYLE('',(#19625));
#19625 = FILL_AREA_STYLE_COLOUR('',#19513);
#19626 = STYLED_ITEM('color',(#19627),#10397);
#19627 = PRESENTATION_STYLE_ASSIGNMENT((#19628));
#19628 = SURFACE_STYLE_USAGE(.BOTH.,#19629);
#19629 = SURFACE_SIDE_STYLE('',(#19630));
#19630 = SURFACE_STYLE_FILL_AREA(#19631);
#19631 = FILL_AREA_STYLE('',(#19632));
#19632 = FILL_AREA_STYLE_COLOUR('',#19513);
#19633 = STYLED_ITEM('color',(#19634),#10414);
#19634 = PRESENTATION_STYLE_ASSIGNMENT((#19635));
#19635 = SURFACE_STYLE_USAGE(.BOTH.,#19636);
#19636 = SURFACE_SIDE_STYLE('',(#19637));
#19637 = SURFACE_STYLE_FILL_AREA(#19638);
#19638 = FILL_AREA_STYLE('',(#19639));
#19639 = FILL_AREA_STYLE_COLOUR('',#19513);
#19640 = STYLED_ITEM('color',(#19641),#10431);
#19641 = PRESENTATION_STYLE_ASSIGNMENT((#19642));
#19642 = SURFACE_STYLE_USAGE(.BOTH.,#19643);
#19643 = SURFACE_SIDE_STYLE('',(#19644));
#19644 = SURFACE_STYLE_FILL_AREA(#19645);
#19645 = FILL_AREA_STYLE('',(#19646));
#19646 = FILL_AREA_STYLE_COLOUR('',#19513);
#19647 = STYLED_ITEM('color',(#19648),#10443);
#19648 = PRESENTATION_STYLE_ASSIGNMENT((#19649));
#19649 = SURFACE_STYLE_USAGE(.BOTH.,#19650);
#19650 = SURFACE_SIDE_STYLE('',(#19651));
#19651 = SURFACE_STYLE_FILL_AREA(#19652);
#19652 = FILL_AREA_STYLE('',(#19653));
#19653 = FILL_AREA_STYLE_COLOUR('',#19513);
#19654 = STYLED_ITEM('color',(#19655),#10455);
#19655 = PRESENTATION_STYLE_ASSIGNMENT((#19656));
#19656 = SURFACE_STYLE_USAGE(.BOTH.,#19657);
#19657 = SURFACE_SIDE_STYLE('',(#19658));
#19658 = SURFACE_STYLE_FILL_AREA(#19659);
#19659 = FILL_AREA_STYLE('',(#19660));
#19660 = FILL_AREA_STYLE_COLOUR('',#19513);
#19661 = MECHANICAL_DESIGN_GEOMETRIC_PRESENTATION_REPRESENTATION('',(
    #19662,#19669,#19676,#19683,#19690,#19697,#19704,#19711,#19718,
    #19725,#19732,#19739,#19746,#19753,#19760,#19767,#19774,#19781,
    #19788,#19795,#19802,#19809,#19816,#19823,#19830,#19837),#967);
#19662 = STYLED_ITEM('color',(#19663),#179);
#19663 = PRESENTATION_STYLE_ASSIGNMENT((#19664));
#19664 = SURFACE_STYLE_USAGE(.BOTH.,#19665);
#19665 = SURFACE_SIDE_STYLE('',(#19666));
#19666 = SURFACE_STYLE_FILL_AREA(#19667);
#19667 = FILL_AREA_STYLE('',(#19668));
#19668 = FILL_AREA_STYLE_COLOUR('',#18339);
#19669 = STYLED_ITEM('color',(#19670),#219);
#19670 = PRESENTATION_STYLE_ASSIGNMENT((#19671));
#19671 = SURFACE_STYLE_USAGE(.BOTH.,#19672);
#19672 = SURFACE_SIDE_STYLE('',(#19673));
#19673 = SURFACE_STYLE_FILL_AREA(#19674);
#19674 = FILL_AREA_STYLE('',(#19675));
#19675 = FILL_AREA_STYLE_COLOUR('',#18339);
#19676 = STYLED_ITEM('color',(#19677),#302);
#19677 = PRESENTATION_STYLE_ASSIGNMENT((#19678));
#19678 = SURFACE_STYLE_USAGE(.BOTH.,#19679);
#19679 = SURFACE_SIDE_STYLE('',(#19680));
#19680 = SURFACE_STYLE_FILL_AREA(#19681);
#19681 = FILL_AREA_STYLE('',(#19682));
#19682 = FILL_AREA_STYLE_COLOUR('',#18339);
#19683 = STYLED_ITEM('color',(#19684),#327);
#19684 = PRESENTATION_STYLE_ASSIGNMENT((#19685));
#19685 = SURFACE_STYLE_USAGE(.BOTH.,#19686);
#19686 = SURFACE_SIDE_STYLE('',(#19687));
#19687 = SURFACE_STYLE_FILL_AREA(#19688);
#19688 = FILL_AREA_STYLE('',(#19689));
#19689 = FILL_AREA_STYLE_COLOUR('',#18339);
#19690 = STYLED_ITEM('color',(#19691),#352);
#19691 = PRESENTATION_STYLE_ASSIGNMENT((#19692));
#19692 = SURFACE_STYLE_USAGE(.BOTH.,#19693);
#19693 = SURFACE_SIDE_STYLE('',(#19694));
#19694 = SURFACE_STYLE_FILL_AREA(#19695);
#19695 = FILL_AREA_STYLE('',(#19696));
#19696 = FILL_AREA_STYLE_COLOUR('',#18339);
#19697 = STYLED_ITEM('color',(#19698),#419);
#19698 = PRESENTATION_STYLE_ASSIGNMENT((#19699));
#19699 = SURFACE_STYLE_USAGE(.BOTH.,#19700);
#19700 = SURFACE_SIDE_STYLE('',(#19701));
#19701 = SURFACE_STYLE_FILL_AREA(#19702);
#19702 = FILL_AREA_STYLE('',(#19703));
#19703 = FILL_AREA_STYLE_COLOUR('',#18339);
#19704 = STYLED_ITEM('color',(#19705),#436);
#19705 = PRESENTATION_STYLE_ASSIGNMENT((#19706));
#19706 = SURFACE_STYLE_USAGE(.BOTH.,#19707);
#19707 = SURFACE_SIDE_STYLE('',(#19708));
#19708 = SURFACE_STYLE_FILL_AREA(#19709);
#19709 = FILL_AREA_STYLE('',(#19710));
#19710 = FILL_AREA_STYLE_COLOUR('',#18339);
#19711 = STYLED_ITEM('color',(#19712),#453);
#19712 = PRESENTATION_STYLE_ASSIGNMENT((#19713));
#19713 = SURFACE_STYLE_USAGE(.BOTH.,#19714);
#19714 = SURFACE_SIDE_STYLE('',(#19715));
#19715 = SURFACE_STYLE_FILL_AREA(#19716);
#19716 = FILL_AREA_STYLE('',(#19717));
#19717 = FILL_AREA_STYLE_COLOUR('',#19108);
#19718 = STYLED_ITEM('color',(#19719),#502);
#19719 = PRESENTATION_STYLE_ASSIGNMENT((#19720));
#19720 = SURFACE_STYLE_USAGE(.BOTH.,#19721);
#19721 = SURFACE_SIDE_STYLE('',(#19722));
#19722 = SURFACE_STYLE_FILL_AREA(#19723);
#19723 = FILL_AREA_STYLE('',(#19724));
#19724 = FILL_AREA_STYLE_COLOUR('',#18339);
#19725 = STYLED_ITEM('color',(#19726),#519);
#19726 = PRESENTATION_STYLE_ASSIGNMENT((#19727));
#19727 = SURFACE_STYLE_USAGE(.BOTH.,#19728);
#19728 = SURFACE_SIDE_STYLE('',(#19729));
#19729 = SURFACE_STYLE_FILL_AREA(#19730);
#19730 = FILL_AREA_STYLE('',(#19731));
#19731 = FILL_AREA_STYLE_COLOUR('',#18339);
#19732 = STYLED_ITEM('color',(#19733),#536);
#19733 = PRESENTATION_STYLE_ASSIGNMENT((#19734));
#19734 = SURFACE_STYLE_USAGE(.BOTH.,#19735);
#19735 = SURFACE_SIDE_STYLE('',(#19736));
#19736 = SURFACE_STYLE_FILL_AREA(#19737);
#19737 = FILL_AREA_STYLE('',(#19738));
#19738 = FILL_AREA_STYLE_COLOUR('',#19108);
#19739 = STYLED_ITEM('color',(#19740),#585);
#19740 = PRESENTATION_STYLE_ASSIGNMENT((#19741));
#19741 = SURFACE_STYLE_USAGE(.BOTH.,#19742);
#19742 = SURFACE_SIDE_STYLE('',(#19743));
#19743 = SURFACE_STYLE_FILL_AREA(#19744);
#19744 = FILL_AREA_STYLE('',(#19745));
#19745 = FILL_AREA_STYLE_COLOUR('',#19108);
#19746 = STYLED_ITEM('color',(#19747),#602);
#19747 = PRESENTATION_STYLE_ASSIGNMENT((#19748));
#19748 = SURFACE_STYLE_USAGE(.BOTH.,#19749);
#19749 = SURFACE_SIDE_STYLE('',(#19750));
#19750 = SURFACE_STYLE_FILL_AREA(#19751);
#19751 = FILL_AREA_STYLE('',(#19752));
#19752 = FILL_AREA_STYLE_COLOUR('',#18339);
#19753 = STYLED_ITEM('color',(#19754),#671);
#19754 = PRESENTATION_STYLE_ASSIGNMENT((#19755));
#19755 = SURFACE_STYLE_USAGE(.BOTH.,#19756);
#19756 = SURFACE_SIDE_STYLE('',(#19757));
#19757 = SURFACE_STYLE_FILL_AREA(#19758);
#19758 = FILL_AREA_STYLE('',(#19759));
#19759 = FILL_AREA_STYLE_COLOUR('',#19151);
#19760 = STYLED_ITEM('color',(#19761),#702);
#19761 = PRESENTATION_STYLE_ASSIGNMENT((#19762));
#19762 = SURFACE_STYLE_USAGE(.BOTH.,#19763);
#19763 = SURFACE_SIDE_STYLE('',(#19764));
#19764 = SURFACE_STYLE_FILL_AREA(#19765);
#19765 = FILL_AREA_STYLE('',(#19766));
#19766 = FILL_AREA_STYLE_COLOUR('',#19151);
#19767 = STYLED_ITEM('color',(#19768),#726);
#19768 = PRESENTATION_STYLE_ASSIGNMENT((#19769));
#19769 = SURFACE_STYLE_USAGE(.BOTH.,#19770);
#19770 = SURFACE_SIDE_STYLE('',(#19771));
#19771 = SURFACE_STYLE_FILL_AREA(#19772);
#19772 = FILL_AREA_STYLE('',(#19773));
#19773 = FILL_AREA_STYLE_COLOUR('',#18339);
#19774 = STYLED_ITEM('color',(#19775),#795);
#19775 = PRESENTATION_STYLE_ASSIGNMENT((#19776));
#19776 = SURFACE_STYLE_USAGE(.BOTH.,#19777);
#19777 = SURFACE_SIDE_STYLE('',(#19778));
#19778 = SURFACE_STYLE_FILL_AREA(#19779);
#19779 = FILL_AREA_STYLE('',(#19780));
#19780 = FILL_AREA_STYLE_COLOUR('',#19151);
#19781 = STYLED_ITEM('color',(#19782),#819);
#19782 = PRESENTATION_STYLE_ASSIGNMENT((#19783));
#19783 = SURFACE_STYLE_USAGE(.BOTH.,#19784);
#19784 = SURFACE_SIDE_STYLE('',(#19785));
#19785 = SURFACE_STYLE_FILL_AREA(#19786);
#19786 = FILL_AREA_STYLE('',(#19787));
#19787 = FILL_AREA_STYLE_COLOUR('',#18339);
#19788 = STYLED_ITEM('color',(#19789),#836);
#19789 = PRESENTATION_STYLE_ASSIGNMENT((#19790));
#19790 = SURFACE_STYLE_USAGE(.BOTH.,#19791);
#19791 = SURFACE_SIDE_STYLE('',(#19792));
#19792 = SURFACE_STYLE_FILL_AREA(#19793);
#19793 = FILL_AREA_STYLE('',(#19794));
#19794 = FILL_AREA_STYLE_COLOUR('',#18339);
#19795 = STYLED_ITEM('color',(#19796),#853);
#19796 = PRESENTATION_STYLE_ASSIGNMENT((#19797));
#19797 = SURFACE_STYLE_USAGE(.BOTH.,#19798);
#19798 = SURFACE_SIDE_STYLE('',(#19799));
#19799 = SURFACE_STYLE_FILL_AREA(#19800);
#19800 = FILL_AREA_STYLE('',(#19801));
#19801 = FILL_AREA_STYLE_COLOUR('',#18339);
#19802 = STYLED_ITEM('color',(#19803),#870);
#19803 = PRESENTATION_STYLE_ASSIGNMENT((#19804));
#19804 = SURFACE_STYLE_USAGE(.BOTH.,#19805);
#19805 = SURFACE_SIDE_STYLE('',(#19806));
#19806 = SURFACE_STYLE_FILL_AREA(#19807);
#19807 = FILL_AREA_STYLE('',(#19808));
#19808 = FILL_AREA_STYLE_COLOUR('',#18339);
#19809 = STYLED_ITEM('color',(#19810),#887);
#19810 = PRESENTATION_STYLE_ASSIGNMENT((#19811));
#19811 = SURFACE_STYLE_USAGE(.BOTH.,#19812);
#19812 = SURFACE_SIDE_STYLE('',(#19813));
#19813 = SURFACE_STYLE_FILL_AREA(#19814);
#19814 = FILL_AREA_STYLE('',(#19815));
#19815 = FILL_AREA_STYLE_COLOUR('',#18339);
#19816 = STYLED_ITEM('color',(#19817),#904);
#19817 = PRESENTATION_STYLE_ASSIGNMENT((#19818));
#19818 = SURFACE_STYLE_USAGE(.BOTH.,#19819);
#19819 = SURFACE_SIDE_STYLE('',(#19820));
#19820 = SURFACE_STYLE_FILL_AREA(#19821);
#19821 = FILL_AREA_STYLE('',(#19822));
#19822 = FILL_AREA_STYLE_COLOUR('',#18339);
#19823 = STYLED_ITEM('color',(#19824),#921);
#19824 = PRESENTATION_STYLE_ASSIGNMENT((#19825));
#19825 = SURFACE_STYLE_USAGE(.BOTH.,#19826);
#19826 = SURFACE_SIDE_STYLE('',(#19827));
#19827 = SURFACE_STYLE_FILL_AREA(#19828);
#19828 = FILL_AREA_STYLE('',(#19829));
#19829 = FILL_AREA_STYLE_COLOUR('',#18339);
#19830 = STYLED_ITEM('color',(#19831),#938);
#19831 = PRESENTATION_STYLE_ASSIGNMENT((#19832));
#19832 = SURFACE_STYLE_USAGE(.BOTH.,#19833);
#19833 = SURFACE_SIDE_STYLE('',(#19834));
#19834 = SURFACE_STYLE_FILL_AREA(#19835);
#19835 = FILL_AREA_STYLE('',(#19836));
#19836 = FILL_AREA_STYLE_COLOUR('',#19151);
#19837 = STYLED_ITEM('color',(#19838),#955);
#19838 = PRESENTATION_STYLE_ASSIGNMENT((#19839));
#19839 = SURFACE_STYLE_USAGE(.BOTH.,#19840);
#19840 = SURFACE_SIDE_STYLE('',(#19841));
#19841 = SURFACE_STYLE_FILL_AREA(#19842);
#19842 = FILL_AREA_STYLE('',(#19843));
#19843 = FILL_AREA_STYLE_COLOUR('',#19151);
#19844 = MECHANICAL_DESIGN_GEOMETRIC_PRESENTATION_REPRESENTATION('',(
    #19845),#9754);
#19845 = STYLED_ITEM('color',(#19846),#6154);
#19846 = PRESENTATION_STYLE_ASSIGNMENT((#19847,#19852));
#19847 = SURFACE_STYLE_USAGE(.BOTH.,#19848);
#19848 = SURFACE_SIDE_STYLE('',(#19849));
#19849 = SURFACE_STYLE_FILL_AREA(#19850);
#19850 = FILL_AREA_STYLE('',(#19851));
#19851 = FILL_AREA_STYLE_COLOUR('',#19287);
#19852 = CURVE_STYLE('',#19853,POSITIVE_LENGTH_MEASURE(0.1),#19287);
#19853 = DRAUGHTING_PRE_DEFINED_CURVE_FONT('continuous');
#19854 = MECHANICAL_DESIGN_GEOMETRIC_PRESENTATION_REPRESENTATION('',(
    #19855,#19862,#19869,#19876,#19883,#19890),#13917);
#19855 = STYLED_ITEM('color',(#19856),#13769);
#19856 = PRESENTATION_STYLE_ASSIGNMENT((#19857));
#19857 = SURFACE_STYLE_USAGE(.BOTH.,#19858);
#19858 = SURFACE_SIDE_STYLE('',(#19859));
#19859 = SURFACE_STYLE_FILL_AREA(#19860);
#19860 = FILL_AREA_STYLE('',(#19861));
#19861 = FILL_AREA_STYLE_COLOUR('',#18037);
#19862 = STYLED_ITEM('color',(#19863),#13809);
#19863 = PRESENTATION_STYLE_ASSIGNMENT((#19864));
#19864 = SURFACE_STYLE_USAGE(.BOTH.,#19865);
#19865 = SURFACE_SIDE_STYLE('',(#19866));
#19866 = SURFACE_STYLE_FILL_AREA(#19867);
#19867 = FILL_AREA_STYLE('',(#19868));
#19868 = FILL_AREA_STYLE_COLOUR('',#18037);
#19869 = STYLED_ITEM('color',(#19870),#13840);
#19870 = PRESENTATION_STYLE_ASSIGNMENT((#19871));
#19871 = SURFACE_STYLE_USAGE(.BOTH.,#19872);
#19872 = SURFACE_SIDE_STYLE('',(#19873));
#19873 = SURFACE_STYLE_FILL_AREA(#19874);
#19874 = FILL_AREA_STYLE('',(#19875));
#19875 = FILL_AREA_STYLE_COLOUR('',#18037);
#19876 = STYLED_ITEM('color',(#19877),#13871);
#19877 = PRESENTATION_STYLE_ASSIGNMENT((#19878));
#19878 = SURFACE_STYLE_USAGE(.BOTH.,#19879);
#19879 = SURFACE_SIDE_STYLE('',(#19880));
#19880 = SURFACE_STYLE_FILL_AREA(#19881);
#19881 = FILL_AREA_STYLE('',(#19882));
#19882 = FILL_AREA_STYLE_COLOUR('',#18037);
#19883 = STYLED_ITEM('color',(#19884),#13893);
#19884 = PRESENTATION_STYLE_ASSIGNMENT((#19885));
#19885 = SURFACE_STYLE_USAGE(.BOTH.,#19886);
#19886 = SURFACE_SIDE_STYLE('',(#19887));
#19887 = SURFACE_STYLE_FILL_AREA(#19888);
#19888 = FILL_AREA_STYLE('',(#19889));
#19889 = FILL_AREA_STYLE_COLOUR('',#18037);
#19890 = STYLED_ITEM('color',(#19891),#13905);
#19891 = PRESENTATION_STYLE_ASSIGNMENT((#19892));
#19892 = SURFACE_STYLE_USAGE(.BOTH.,#19893);
#19893 = SURFACE_SIDE_STYLE('',(#19894));
#19894 = SURFACE_STYLE_FILL_AREA(#19895);
#19895 = FILL_AREA_STYLE('',(#19896));
#19896 = FILL_AREA_STYLE_COLOUR('',#18037);
#19897 = MECHANICAL_DESIGN_GEOMETRIC_PRESENTATION_REPRESENTATION('',(
    #19898,#19905,#19912,#19919,#19926,#19933),#14086);
#19898 = STYLED_ITEM('color',(#19899),#13938);
#19899 = PRESENTATION_STYLE_ASSIGNMENT((#19900));
#19900 = SURFACE_STYLE_USAGE(.BOTH.,#19901);
#19901 = SURFACE_SIDE_STYLE('',(#19902));
#19902 = SURFACE_STYLE_FILL_AREA(#19903);
#19903 = FILL_AREA_STYLE('',(#19904));
#19904 = FILL_AREA_STYLE_COLOUR('',#18037);
#19905 = STYLED_ITEM('color',(#19906),#13978);
#19906 = PRESENTATION_STYLE_ASSIGNMENT((#19907));
#19907 = SURFACE_STYLE_USAGE(.BOTH.,#19908);
#19908 = SURFACE_SIDE_STYLE('',(#19909));
#19909 = SURFACE_STYLE_FILL_AREA(#19910);
#19910 = FILL_AREA_STYLE('',(#19911));
#19911 = FILL_AREA_STYLE_COLOUR('',#18037);
#19912 = STYLED_ITEM('color',(#19913),#14009);
#19913 = PRESENTATION_STYLE_ASSIGNMENT((#19914));
#19914 = SURFACE_STYLE_USAGE(.BOTH.,#19915);
#19915 = SURFACE_SIDE_STYLE('',(#19916));
#19916 = SURFACE_STYLE_FILL_AREA(#19917);
#19917 = FILL_AREA_STYLE('',(#19918));
#19918 = FILL_AREA_STYLE_COLOUR('',#18037);
#19919 = STYLED_ITEM('color',(#19920),#14040);
#19920 = PRESENTATION_STYLE_ASSIGNMENT((#19921));
#19921 = SURFACE_STYLE_USAGE(.BOTH.,#19922);
#19922 = SURFACE_SIDE_STYLE('',(#19923));
#19923 = SURFACE_STYLE_FILL_AREA(#19924);
#19924 = FILL_AREA_STYLE('',(#19925));
#19925 = FILL_AREA_STYLE_COLOUR('',#18037);
#19926 = STYLED_ITEM('color',(#19927),#14062);
#19927 = PRESENTATION_STYLE_ASSIGNMENT((#19928));
#19928 = SURFACE_STYLE_USAGE(.BOTH.,#19929);
#19929 = SURFACE_SIDE_STYLE('',(#19930));
#19930 = SURFACE_STYLE_FILL_AREA(#19931);
#19931 = FILL_AREA_STYLE('',(#19932));
#19932 = FILL_AREA_STYLE_COLOUR('',#18037);
#19933 = STYLED_ITEM('color',(#19934),#14074);
#19934 = PRESENTATION_STYLE_ASSIGNMENT((#19935));
#19935 = SURFACE_STYLE_USAGE(.BOTH.,#19936);
#19936 = SURFACE_SIDE_STYLE('',(#19937));
#19937 = SURFACE_STYLE_FILL_AREA(#19938);
#19938 = FILL_AREA_STYLE('',(#19939));
#19939 = FILL_AREA_STYLE_COLOUR('',#18037);
#19940 = MECHANICAL_DESIGN_GEOMETRIC_PRESENTATION_REPRESENTATION('',(
    #19941,#19948,#19955,#19962,#19969,#19976),#12903);
#19941 = STYLED_ITEM('color',(#19942),#12755);
#19942 = PRESENTATION_STYLE_ASSIGNMENT((#19943));
#19943 = SURFACE_STYLE_USAGE(.BOTH.,#19944);
#19944 = SURFACE_SIDE_STYLE('',(#19945));
#19945 = SURFACE_STYLE_FILL_AREA(#19946);
#19946 = FILL_AREA_STYLE('',(#19947));
#19947 = FILL_AREA_STYLE_COLOUR('',#18037);
#19948 = STYLED_ITEM('color',(#19949),#12795);
#19949 = PRESENTATION_STYLE_ASSIGNMENT((#19950));
#19950 = SURFACE_STYLE_USAGE(.BOTH.,#19951);
#19951 = SURFACE_SIDE_STYLE('',(#19952));
#19952 = SURFACE_STYLE_FILL_AREA(#19953);
#19953 = FILL_AREA_STYLE('',(#19954));
#19954 = FILL_AREA_STYLE_COLOUR('',#18037);
#19955 = STYLED_ITEM('color',(#19956),#12826);
#19956 = PRESENTATION_STYLE_ASSIGNMENT((#19957));
#19957 = SURFACE_STYLE_USAGE(.BOTH.,#19958);
#19958 = SURFACE_SIDE_STYLE('',(#19959));
#19959 = SURFACE_STYLE_FILL_AREA(#19960);
#19960 = FILL_AREA_STYLE('',(#19961));
#19961 = FILL_AREA_STYLE_COLOUR('',#18037);
#19962 = STYLED_ITEM('color',(#19963),#12857);
#19963 = PRESENTATION_STYLE_ASSIGNMENT((#19964));
#19964 = SURFACE_STYLE_USAGE(.BOTH.,#19965);
#19965 = SURFACE_SIDE_STYLE('',(#19966));
#19966 = SURFACE_STYLE_FILL_AREA(#19967);
#19967 = FILL_AREA_STYLE('',(#19968));
#19968 = FILL_AREA_STYLE_COLOUR('',#18037);
#19969 = STYLED_ITEM('color',(#19970),#12879);
#19970 = PRESENTATION_STYLE_ASSIGNMENT((#19971));
#19971 = SURFACE_STYLE_USAGE(.BOTH.,#19972);
#19972 = SURFACE_SIDE_STYLE('',(#19973));
#19973 = SURFACE_STYLE_FILL_AREA(#19974);
#19974 = FILL_AREA_STYLE('',(#19975));
#19975 = FILL_AREA_STYLE_COLOUR('',#18037);
#19976 = STYLED_ITEM('color',(#19977),#12891);
#19977 = PRESENTATION_STYLE_ASSIGNMENT((#19978));
#19978 = SURFACE_STYLE_USAGE(.BOTH.,#19979);
#19979 = SURFACE_SIDE_STYLE('',(#19980));
#19980 = SURFACE_STYLE_FILL_AREA(#19981);
#19981 = FILL_AREA_STYLE('',(#19982));
#19982 = FILL_AREA_STYLE_COLOUR('',#18037);
#19983 = MECHANICAL_DESIGN_GEOMETRIC_PRESENTATION_REPRESENTATION('',(
    #19984,#19991,#19998,#20005,#20012,#20019),#15607);
#19984 = STYLED_ITEM('color',(#19985),#15459);
#19985 = PRESENTATION_STYLE_ASSIGNMENT((#19986));
#19986 = SURFACE_STYLE_USAGE(.BOTH.,#19987);
#19987 = SURFACE_SIDE_STYLE('',(#19988));
#19988 = SURFACE_STYLE_FILL_AREA(#19989);
#19989 = FILL_AREA_STYLE('',(#19990));
#19990 = FILL_AREA_STYLE_COLOUR('',#18037);
#19991 = STYLED_ITEM('color',(#19992),#15499);
#19992 = PRESENTATION_STYLE_ASSIGNMENT((#19993));
#19993 = SURFACE_STYLE_USAGE(.BOTH.,#19994);
#19994 = SURFACE_SIDE_STYLE('',(#19995));
#19995 = SURFACE_STYLE_FILL_AREA(#19996);
#19996 = FILL_AREA_STYLE('',(#19997));
#19997 = FILL_AREA_STYLE_COLOUR('',#18037);
#19998 = STYLED_ITEM('color',(#19999),#15530);
#19999 = PRESENTATION_STYLE_ASSIGNMENT((#20000));
#20000 = SURFACE_STYLE_USAGE(.BOTH.,#20001);
#20001 = SURFACE_SIDE_STYLE('',(#20002));
#20002 = SURFACE_STYLE_FILL_AREA(#20003);
#20003 = FILL_AREA_STYLE('',(#20004));
#20004 = FILL_AREA_STYLE_COLOUR('',#18037);
#20005 = STYLED_ITEM('color',(#20006),#15561);
#20006 = PRESENTATION_STYLE_ASSIGNMENT((#20007));
#20007 = SURFACE_STYLE_USAGE(.BOTH.,#20008);
#20008 = SURFACE_SIDE_STYLE('',(#20009));
#20009 = SURFACE_STYLE_FILL_AREA(#20010);
#20010 = FILL_AREA_STYLE('',(#20011));
#20011 = FILL_AREA_STYLE_COLOUR('',#18037);
#20012 = STYLED_ITEM('color',(#20013),#15583);
#20013 = PRESENTATION_STYLE_ASSIGNMENT((#20014));
#20014 = SURFACE_STYLE_USAGE(.BOTH.,#20015);
#20015 = SURFACE_SIDE_STYLE('',(#20016));
#20016 = SURFACE_STYLE_FILL_AREA(#20017);
#20017 = FILL_AREA_STYLE('',(#20018));
#20018 = FILL_AREA_STYLE_COLOUR('',#18037);
#20019 = STYLED_ITEM('color',(#20020),#15595);
#20020 = PRESENTATION_STYLE_ASSIGNMENT((#20021));
#20021 = SURFACE_STYLE_USAGE(.BOTH.,#20022);
#20022 = SURFACE_SIDE_STYLE('',(#20023));
#20023 = SURFACE_STYLE_FILL_AREA(#20024);
#20024 = FILL_AREA_STYLE('',(#20025));
#20025 = FILL_AREA_STYLE_COLOUR('',#18037);
#20026 = MECHANICAL_DESIGN_GEOMETRIC_PRESENTATION_REPRESENTATION('',(
    #20027,#20034,#20041,#20048,#20055,#20062),#13748);
#20027 = STYLED_ITEM('color',(#20028),#13600);
#20028 = PRESENTATION_STYLE_ASSIGNMENT((#20029));
#20029 = SURFACE_STYLE_USAGE(.BOTH.,#20030);
#20030 = SURFACE_SIDE_STYLE('',(#20031));
#20031 = SURFACE_STYLE_FILL_AREA(#20032);
#20032 = FILL_AREA_STYLE('',(#20033));
#20033 = FILL_AREA_STYLE_COLOUR('',#18037);
#20034 = STYLED_ITEM('color',(#20035),#13640);
#20035 = PRESENTATION_STYLE_ASSIGNMENT((#20036));
#20036 = SURFACE_STYLE_USAGE(.BOTH.,#20037);
#20037 = SURFACE_SIDE_STYLE('',(#20038));
#20038 = SURFACE_STYLE_FILL_AREA(#20039);
#20039 = FILL_AREA_STYLE('',(#20040));
#20040 = FILL_AREA_STYLE_COLOUR('',#18037);
#20041 = STYLED_ITEM('color',(#20042),#13671);
#20042 = PRESENTATION_STYLE_ASSIGNMENT((#20043));
#20043 = SURFACE_STYLE_USAGE(.BOTH.,#20044);
#20044 = SURFACE_SIDE_STYLE('',(#20045));
#20045 = SURFACE_STYLE_FILL_AREA(#20046);
#20046 = FILL_AREA_STYLE('',(#20047));
#20047 = FILL_AREA_STYLE_COLOUR('',#18037);
#20048 = STYLED_ITEM('color',(#20049),#13702);
#20049 = PRESENTATION_STYLE_ASSIGNMENT((#20050));
#20050 = SURFACE_STYLE_USAGE(.BOTH.,#20051);
#20051 = SURFACE_SIDE_STYLE('',(#20052));
#20052 = SURFACE_STYLE_FILL_AREA(#20053);
#20053 = FILL_AREA_STYLE('',(#20054));
#20054 = FILL_AREA_STYLE_COLOUR('',#18037);
#20055 = STYLED_ITEM('color',(#20056),#13724);
#20056 = PRESENTATION_STYLE_ASSIGNMENT((#20057));
#20057 = SURFACE_STYLE_USAGE(.BOTH.,#20058);
#20058 = SURFACE_SIDE_STYLE('',(#20059));
#20059 = SURFACE_STYLE_FILL_AREA(#20060);
#20060 = FILL_AREA_STYLE('',(#20061));
#20061 = FILL_AREA_STYLE_COLOUR('',#18037);
#20062 = STYLED_ITEM('color',(#20063),#13736);
#20063 = PRESENTATION_STYLE_ASSIGNMENT((#20064));
#20064 = SURFACE_STYLE_USAGE(.BOTH.,#20065);
#20065 = SURFACE_SIDE_STYLE('',(#20066));
#20066 = SURFACE_STYLE_FILL_AREA(#20067);
#20067 = FILL_AREA_STYLE('',(#20068));
#20068 = FILL_AREA_STYLE_COLOUR('',#18037);
#20069 = MECHANICAL_DESIGN_GEOMETRIC_PRESENTATION_REPRESENTATION('',(
    #20070,#20077,#20084,#20091,#20098,#20105),#13072);
#20070 = STYLED_ITEM('color',(#20071),#12924);
#20071 = PRESENTATION_STYLE_ASSIGNMENT((#20072));
#20072 = SURFACE_STYLE_USAGE(.BOTH.,#20073);
#20073 = SURFACE_SIDE_STYLE('',(#20074));
#20074 = SURFACE_STYLE_FILL_AREA(#20075);
#20075 = FILL_AREA_STYLE('',(#20076));
#20076 = FILL_AREA_STYLE_COLOUR('',#18037);
#20077 = STYLED_ITEM('color',(#20078),#12964);
#20078 = PRESENTATION_STYLE_ASSIGNMENT((#20079));
#20079 = SURFACE_STYLE_USAGE(.BOTH.,#20080);
#20080 = SURFACE_SIDE_STYLE('',(#20081));
#20081 = SURFACE_STYLE_FILL_AREA(#20082);
#20082 = FILL_AREA_STYLE('',(#20083));
#20083 = FILL_AREA_STYLE_COLOUR('',#18037);
#20084 = STYLED_ITEM('color',(#20085),#12995);
#20085 = PRESENTATION_STYLE_ASSIGNMENT((#20086));
#20086 = SURFACE_STYLE_USAGE(.BOTH.,#20087);
#20087 = SURFACE_SIDE_STYLE('',(#20088));
#20088 = SURFACE_STYLE_FILL_AREA(#20089);
#20089 = FILL_AREA_STYLE('',(#20090));
#20090 = FILL_AREA_STYLE_COLOUR('',#18037);
#20091 = STYLED_ITEM('color',(#20092),#13026);
#20092 = PRESENTATION_STYLE_ASSIGNMENT((#20093));
#20093 = SURFACE_STYLE_USAGE(.BOTH.,#20094);
#20094 = SURFACE_SIDE_STYLE('',(#20095));
#20095 = SURFACE_STYLE_FILL_AREA(#20096);
#20096 = FILL_AREA_STYLE('',(#20097));
#20097 = FILL_AREA_STYLE_COLOUR('',#18037);
#20098 = STYLED_ITEM('color',(#20099),#13048);
#20099 = PRESENTATION_STYLE_ASSIGNMENT((#20100));
#20100 = SURFACE_STYLE_USAGE(.BOTH.,#20101);
#20101 = SURFACE_SIDE_STYLE('',(#20102));
#20102 = SURFACE_STYLE_FILL_AREA(#20103);
#20103 = FILL_AREA_STYLE('',(#20104));
#20104 = FILL_AREA_STYLE_COLOUR('',#18037);
#20105 = STYLED_ITEM('color',(#20106),#13060);
#20106 = PRESENTATION_STYLE_ASSIGNMENT((#20107));
#20107 = SURFACE_STYLE_USAGE(.BOTH.,#20108);
#20108 = SURFACE_SIDE_STYLE('',(#20109));
#20109 = SURFACE_STYLE_FILL_AREA(#20110);
#20110 = FILL_AREA_STYLE('',(#20111));
#20111 = FILL_AREA_STYLE_COLOUR('',#18037);
#20112 = MECHANICAL_DESIGN_GEOMETRIC_PRESENTATION_REPRESENTATION('',(
    #20113,#20120,#20127,#20134,#20141,#20148,#20155,#20162,#20169,
    #20176,#20183,#20190,#20197,#20204,#20211,#20218,#20225,#20232,
    #20239,#20246,#20253,#20260,#20267,#20274,#20281,#20288,#20295,
    #20302),#16704);
#20113 = STYLED_ITEM('color',(#20114),#15852);
#20114 = PRESENTATION_STYLE_ASSIGNMENT((#20115));
#20115 = SURFACE_STYLE_USAGE(.BOTH.,#20116);
#20116 = SURFACE_SIDE_STYLE('',(#20117));
#20117 = SURFACE_STYLE_FILL_AREA(#20118);
#20118 = FILL_AREA_STYLE('',(#20119));
#20119 = FILL_AREA_STYLE_COLOUR('',#18339);
#20120 = STYLED_ITEM('color',(#20121),#15928);
#20121 = PRESENTATION_STYLE_ASSIGNMENT((#20122));
#20122 = SURFACE_STYLE_USAGE(.BOTH.,#20123);
#20123 = SURFACE_SIDE_STYLE('',(#20124));
#20124 = SURFACE_STYLE_FILL_AREA(#20125);
#20125 = FILL_AREA_STYLE('',(#20126));
#20126 = FILL_AREA_STYLE_COLOUR('',#18339);
#20127 = STYLED_ITEM('color',(#20128),#15959);
#20128 = PRESENTATION_STYLE_ASSIGNMENT((#20129));
#20129 = SURFACE_STYLE_USAGE(.BOTH.,#20130);
#20130 = SURFACE_SIDE_STYLE('',(#20131));
#20131 = SURFACE_STYLE_FILL_AREA(#20132);
#20132 = FILL_AREA_STYLE('',(#20133));
#20133 = FILL_AREA_STYLE_COLOUR('',#18339);
#20134 = STYLED_ITEM('color',(#20135),#15984);
#20135 = PRESENTATION_STYLE_ASSIGNMENT((#20136));
#20136 = SURFACE_STYLE_USAGE(.BOTH.,#20137);
#20137 = SURFACE_SIDE_STYLE('',(#20138));
#20138 = SURFACE_STYLE_FILL_AREA(#20139);
#20139 = FILL_AREA_STYLE('',(#20140));
#20140 = FILL_AREA_STYLE_COLOUR('',#18339);
#20141 = STYLED_ITEM('color',(#20142),#16009);
#20142 = PRESENTATION_STYLE_ASSIGNMENT((#20143));
#20143 = SURFACE_STYLE_USAGE(.BOTH.,#20144);
#20144 = SURFACE_SIDE_STYLE('',(#20145));
#20145 = SURFACE_STYLE_FILL_AREA(#20146);
#20146 = FILL_AREA_STYLE('',(#20147));
#20147 = FILL_AREA_STYLE_COLOUR('',#18339);
#20148 = STYLED_ITEM('color',(#20149),#16033);
#20149 = PRESENTATION_STYLE_ASSIGNMENT((#20150));
#20150 = SURFACE_STYLE_USAGE(.BOTH.,#20151);
#20151 = SURFACE_SIDE_STYLE('',(#20152));
#20152 = SURFACE_STYLE_FILL_AREA(#20153);
#20153 = FILL_AREA_STYLE('',(#20154));
#20154 = FILL_AREA_STYLE_COLOUR('',#18339);
#20155 = STYLED_ITEM('color',(#20156),#16057);
#20156 = PRESENTATION_STYLE_ASSIGNMENT((#20157));
#20157 = SURFACE_STYLE_USAGE(.BOTH.,#20158);
#20158 = SURFACE_SIDE_STYLE('',(#20159));
#20159 = SURFACE_STYLE_FILL_AREA(#20160);
#20160 = FILL_AREA_STYLE('',(#20161));
#20161 = FILL_AREA_STYLE_COLOUR('',#18339);
#20162 = STYLED_ITEM('color',(#20163),#16082);
#20163 = PRESENTATION_STYLE_ASSIGNMENT((#20164));
#20164 = SURFACE_STYLE_USAGE(.BOTH.,#20165);
#20165 = SURFACE_SIDE_STYLE('',(#20166));
#20166 = SURFACE_STYLE_FILL_AREA(#20167);
#20167 = FILL_AREA_STYLE('',(#20168));
#20168 = FILL_AREA_STYLE_COLOUR('',#18339);
#20169 = STYLED_ITEM('color',(#20170),#16107);
#20170 = PRESENTATION_STYLE_ASSIGNMENT((#20171));
#20171 = SURFACE_STYLE_USAGE(.BOTH.,#20172);
#20172 = SURFACE_SIDE_STYLE('',(#20173));
#20173 = SURFACE_STYLE_FILL_AREA(#20174);
#20174 = FILL_AREA_STYLE('',(#20175));
#20175 = FILL_AREA_STYLE_COLOUR('',#18339);
#20176 = STYLED_ITEM('color',(#20177),#16124);
#20177 = PRESENTATION_STYLE_ASSIGNMENT((#20178));
#20178 = SURFACE_STYLE_USAGE(.BOTH.,#20179);
#20179 = SURFACE_SIDE_STYLE('',(#20180));
#20180 = SURFACE_STYLE_FILL_AREA(#20181);
#20181 = FILL_AREA_STYLE('',(#20182));
#20182 = FILL_AREA_STYLE_COLOUR('',#18339);
#20183 = STYLED_ITEM('color',(#20184),#16210);
#20184 = PRESENTATION_STYLE_ASSIGNMENT((#20185));
#20185 = SURFACE_STYLE_USAGE(.BOTH.,#20186);
#20186 = SURFACE_SIDE_STYLE('',(#20187));
#20187 = SURFACE_STYLE_FILL_AREA(#20188);
#20188 = FILL_AREA_STYLE('',(#20189));
#20189 = FILL_AREA_STYLE_COLOUR('',#18410);
#20190 = STYLED_ITEM('color',(#20191),#16242);
#20191 = PRESENTATION_STYLE_ASSIGNMENT((#20192));
#20192 = SURFACE_STYLE_USAGE(.BOTH.,#20193);
#20193 = SURFACE_SIDE_STYLE('',(#20194));
#20194 = SURFACE_STYLE_FILL_AREA(#20195);
#20195 = FILL_AREA_STYLE('',(#20196));
#20196 = FILL_AREA_STYLE_COLOUR('',#18410);
#20197 = STYLED_ITEM('color',(#20198),#16266);
#20198 = PRESENTATION_STYLE_ASSIGNMENT((#20199));
#20199 = SURFACE_STYLE_USAGE(.BOTH.,#20200);
#20200 = SURFACE_SIDE_STYLE('',(#20201));
#20201 = SURFACE_STYLE_FILL_AREA(#20202);
#20202 = FILL_AREA_STYLE('',(#20203));
#20203 = FILL_AREA_STYLE_COLOUR('',#18410);
#20204 = STYLED_ITEM('color',(#20205),#16291);
#20205 = PRESENTATION_STYLE_ASSIGNMENT((#20206));
#20206 = SURFACE_STYLE_USAGE(.BOTH.,#20207);
#20207 = SURFACE_SIDE_STYLE('',(#20208));
#20208 = SURFACE_STYLE_FILL_AREA(#20209);
#20209 = FILL_AREA_STYLE('',(#20210));
#20210 = FILL_AREA_STYLE_COLOUR('',#18410);
#20211 = STYLED_ITEM('color',(#20212),#16315);
#20212 = PRESENTATION_STYLE_ASSIGNMENT((#20213));
#20213 = SURFACE_STYLE_USAGE(.BOTH.,#20214);
#20214 = SURFACE_SIDE_STYLE('',(#20215));
#20215 = SURFACE_STYLE_FILL_AREA(#20216);
#20216 = FILL_AREA_STYLE('',(#20217));
#20217 = FILL_AREA_STYLE_COLOUR('',#18410);
#20218 = STYLED_ITEM('color',(#20219),#16340);
#20219 = PRESENTATION_STYLE_ASSIGNMENT((#20220));
#20220 = SURFACE_STYLE_USAGE(.BOTH.,#20221);
#20221 = SURFACE_SIDE_STYLE('',(#20222));
#20222 = SURFACE_STYLE_FILL_AREA(#20223);
#20223 = FILL_AREA_STYLE('',(#20224));
#20224 = FILL_AREA_STYLE_COLOUR('',#18410);
#20225 = STYLED_ITEM('color',(#20226),#16364);
#20226 = PRESENTATION_STYLE_ASSIGNMENT((#20227));
#20227 = SURFACE_STYLE_USAGE(.BOTH.,#20228);
#20228 = SURFACE_SIDE_STYLE('',(#20229));
#20229 = SURFACE_STYLE_FILL_AREA(#20230);
#20230 = FILL_AREA_STYLE('',(#20231));
#20231 = FILL_AREA_STYLE_COLOUR('',#18410);
#20232 = STYLED_ITEM('color',(#20233),#16389);
#20233 = PRESENTATION_STYLE_ASSIGNMENT((#20234));
#20234 = SURFACE_STYLE_USAGE(.BOTH.,#20235);
#20235 = SURFACE_SIDE_STYLE('',(#20236));
#20236 = SURFACE_STYLE_FILL_AREA(#20237);
#20237 = FILL_AREA_STYLE('',(#20238));
#20238 = FILL_AREA_STYLE_COLOUR('',#18410);
#20239 = STYLED_ITEM('color',(#20240),#16406);
#20240 = PRESENTATION_STYLE_ASSIGNMENT((#20241));
#20241 = SURFACE_STYLE_USAGE(.BOTH.,#20242);
#20242 = SURFACE_SIDE_STYLE('',(#20243));
#20243 = SURFACE_STYLE_FILL_AREA(#20244);
#20244 = FILL_AREA_STYLE('',(#20245));
#20245 = FILL_AREA_STYLE_COLOUR('',#18339);
#20246 = STYLED_ITEM('color',(#20247),#16492);
#20247 = PRESENTATION_STYLE_ASSIGNMENT((#20248));
#20248 = SURFACE_STYLE_USAGE(.BOTH.,#20249);
#20249 = SURFACE_SIDE_STYLE('',(#20250));
#20250 = SURFACE_STYLE_FILL_AREA(#20251);
#20251 = FILL_AREA_STYLE('',(#20252));
#20252 = FILL_AREA_STYLE_COLOUR('',#18339);
#20253 = STYLED_ITEM('color',(#20254),#16523);
#20254 = PRESENTATION_STYLE_ASSIGNMENT((#20255));
#20255 = SURFACE_STYLE_USAGE(.BOTH.,#20256);
#20256 = SURFACE_SIDE_STYLE('',(#20257));
#20257 = SURFACE_STYLE_FILL_AREA(#20258);
#20258 = FILL_AREA_STYLE('',(#20259));
#20259 = FILL_AREA_STYLE_COLOUR('',#18339);
#20260 = STYLED_ITEM('color',(#20261),#16548);
#20261 = PRESENTATION_STYLE_ASSIGNMENT((#20262));
#20262 = SURFACE_STYLE_USAGE(.BOTH.,#20263);
#20263 = SURFACE_SIDE_STYLE('',(#20264));
#20264 = SURFACE_STYLE_FILL_AREA(#20265);
#20265 = FILL_AREA_STYLE('',(#20266));
#20266 = FILL_AREA_STYLE_COLOUR('',#18339);
#20267 = STYLED_ITEM('color',(#20268),#16573);
#20268 = PRESENTATION_STYLE_ASSIGNMENT((#20269));
#20269 = SURFACE_STYLE_USAGE(.BOTH.,#20270);
#20270 = SURFACE_SIDE_STYLE('',(#20271));
#20271 = SURFACE_STYLE_FILL_AREA(#20272);
#20272 = FILL_AREA_STYLE('',(#20273));
#20273 = FILL_AREA_STYLE_COLOUR('',#18339);
#20274 = STYLED_ITEM('color',(#20275),#16597);
#20275 = PRESENTATION_STYLE_ASSIGNMENT((#20276));
#20276 = SURFACE_STYLE_USAGE(.BOTH.,#20277);
#20277 = SURFACE_SIDE_STYLE('',(#20278));
#20278 = SURFACE_STYLE_FILL_AREA(#20279);
#20279 = FILL_AREA_STYLE('',(#20280));
#20280 = FILL_AREA_STYLE_COLOUR('',#18339);
#20281 = STYLED_ITEM('color',(#20282),#16621);
#20282 = PRESENTATION_STYLE_ASSIGNMENT((#20283));
#20283 = SURFACE_STYLE_USAGE(.BOTH.,#20284);
#20284 = SURFACE_SIDE_STYLE('',(#20285));
#20285 = SURFACE_STYLE_FILL_AREA(#20286);
#20286 = FILL_AREA_STYLE('',(#20287));
#20287 = FILL_AREA_STYLE_COLOUR('',#18339);
#20288 = STYLED_ITEM('color',(#20289),#16646);
#20289 = PRESENTATION_STYLE_ASSIGNMENT((#20290));
#20290 = SURFACE_STYLE_USAGE(.BOTH.,#20291);
#20291 = SURFACE_SIDE_STYLE('',(#20292));
#20292 = SURFACE_STYLE_FILL_AREA(#20293);
#20293 = FILL_AREA_STYLE('',(#20294));
#20294 = FILL_AREA_STYLE_COLOUR('',#18339);
#20295 = STYLED_ITEM('color',(#20296),#16671);
#20296 = PRESENTATION_STYLE_ASSIGNMENT((#20297));
#20297 = SURFACE_STYLE_USAGE(.BOTH.,#20298);
#20298 = SURFACE_SIDE_STYLE('',(#20299));
#20299 = SURFACE_STYLE_FILL_AREA(#20300);
#20300 = FILL_AREA_STYLE('',(#20301));
#20301 = FILL_AREA_STYLE_COLOUR('',#18339);
#20302 = STYLED_ITEM('color',(#20303),#16688);
#20303 = PRESENTATION_STYLE_ASSIGNMENT((#20304));
#20304 = SURFACE_STYLE_USAGE(.BOTH.,#20305);
#20305 = SURFACE_SIDE_STYLE('',(#20306));
#20306 = SURFACE_STYLE_FILL_AREA(#20307);
#20307 = FILL_AREA_STYLE('',(#20308));
#20308 = FILL_AREA_STYLE_COLOUR('',#18339);
#20309 = MECHANICAL_DESIGN_GEOMETRIC_PRESENTATION_REPRESENTATION('',(
    #20310,#20317,#20324,#20331,#20338,#20345),#15100);
#20310 = STYLED_ITEM('color',(#20311),#14952);
#20311 = PRESENTATION_STYLE_ASSIGNMENT((#20312));
#20312 = SURFACE_STYLE_USAGE(.BOTH.,#20313);
#20313 = SURFACE_SIDE_STYLE('',(#20314));
#20314 = SURFACE_STYLE_FILL_AREA(#20315);
#20315 = FILL_AREA_STYLE('',(#20316));
#20316 = FILL_AREA_STYLE_COLOUR('',#18037);
#20317 = STYLED_ITEM('color',(#20318),#14992);
#20318 = PRESENTATION_STYLE_ASSIGNMENT((#20319));
#20319 = SURFACE_STYLE_USAGE(.BOTH.,#20320);
#20320 = SURFACE_SIDE_STYLE('',(#20321));
#20321 = SURFACE_STYLE_FILL_AREA(#20322);
#20322 = FILL_AREA_STYLE('',(#20323));
#20323 = FILL_AREA_STYLE_COLOUR('',#18037);
#20324 = STYLED_ITEM('color',(#20325),#15023);
#20325 = PRESENTATION_STYLE_ASSIGNMENT((#20326));
#20326 = SURFACE_STYLE_USAGE(.BOTH.,#20327);
#20327 = SURFACE_SIDE_STYLE('',(#20328));
#20328 = SURFACE_STYLE_FILL_AREA(#20329);
#20329 = FILL_AREA_STYLE('',(#20330));
#20330 = FILL_AREA_STYLE_COLOUR('',#18037);
#20331 = STYLED_ITEM('color',(#20332),#15054);
#20332 = PRESENTATION_STYLE_ASSIGNMENT((#20333));
#20333 = SURFACE_STYLE_USAGE(.BOTH.,#20334);
#20334 = SURFACE_SIDE_STYLE('',(#20335));
#20335 = SURFACE_STYLE_FILL_AREA(#20336);
#20336 = FILL_AREA_STYLE('',(#20337));
#20337 = FILL_AREA_STYLE_COLOUR('',#18037);
#20338 = STYLED_ITEM('color',(#20339),#15076);
#20339 = PRESENTATION_STYLE_ASSIGNMENT((#20340));
#20340 = SURFACE_STYLE_USAGE(.BOTH.,#20341);
#20341 = SURFACE_SIDE_STYLE('',(#20342));
#20342 = SURFACE_STYLE_FILL_AREA(#20343);
#20343 = FILL_AREA_STYLE('',(#20344));
#20344 = FILL_AREA_STYLE_COLOUR('',#18037);
#20345 = STYLED_ITEM('color',(#20346),#15088);
#20346 = PRESENTATION_STYLE_ASSIGNMENT((#20347));
#20347 = SURFACE_STYLE_USAGE(.BOTH.,#20348);
#20348 = SURFACE_SIDE_STYLE('',(#20349));
#20349 = SURFACE_STYLE_FILL_AREA(#20350);
#20350 = FILL_AREA_STYLE('',(#20351));
#20351 = FILL_AREA_STYLE_COLOUR('',#18037);
#20352 = MECHANICAL_DESIGN_GEOMETRIC_PRESENTATION_REPRESENTATION('',(
    #20353,#20360,#20367,#20374,#20381,#20388),#14255);
#20353 = STYLED_ITEM('color',(#20354),#14107);
#20354 = PRESENTATION_STYLE_ASSIGNMENT((#20355));
#20355 = SURFACE_STYLE_USAGE(.BOTH.,#20356);
#20356 = SURFACE_SIDE_STYLE('',(#20357));
#20357 = SURFACE_STYLE_FILL_AREA(#20358);
#20358 = FILL_AREA_STYLE('',(#20359));
#20359 = FILL_AREA_STYLE_COLOUR('',#18037);
#20360 = STYLED_ITEM('color',(#20361),#14147);
#20361 = PRESENTATION_STYLE_ASSIGNMENT((#20362));
#20362 = SURFACE_STYLE_USAGE(.BOTH.,#20363);
#20363 = SURFACE_SIDE_STYLE('',(#20364));
#20364 = SURFACE_STYLE_FILL_AREA(#20365);
#20365 = FILL_AREA_STYLE('',(#20366));
#20366 = FILL_AREA_STYLE_COLOUR('',#18037);
#20367 = STYLED_ITEM('color',(#20368),#14178);
#20368 = PRESENTATION_STYLE_ASSIGNMENT((#20369));
#20369 = SURFACE_STYLE_USAGE(.BOTH.,#20370);
#20370 = SURFACE_SIDE_STYLE('',(#20371));
#20371 = SURFACE_STYLE_FILL_AREA(#20372);
#20372 = FILL_AREA_STYLE('',(#20373));
#20373 = FILL_AREA_STYLE_COLOUR('',#18037);
#20374 = STYLED_ITEM('color',(#20375),#14209);
#20375 = PRESENTATION_STYLE_ASSIGNMENT((#20376));
#20376 = SURFACE_STYLE_USAGE(.BOTH.,#20377);
#20377 = SURFACE_SIDE_STYLE('',(#20378));
#20378 = SURFACE_STYLE_FILL_AREA(#20379);
#20379 = FILL_AREA_STYLE('',(#20380));
#20380 = FILL_AREA_STYLE_COLOUR('',#18037);
#20381 = STYLED_ITEM('color',(#20382),#14231);
#20382 = PRESENTATION_STYLE_ASSIGNMENT((#20383));
#20383 = SURFACE_STYLE_USAGE(.BOTH.,#20384);
#20384 = SURFACE_SIDE_STYLE('',(#20385));
#20385 = SURFACE_STYLE_FILL_AREA(#20386);
#20386 = FILL_AREA_STYLE('',(#20387));
#20387 = FILL_AREA_STYLE_COLOUR('',#18037);
#20388 = STYLED_ITEM('color',(#20389),#14243);
#20389 = PRESENTATION_STYLE_ASSIGNMENT((#20390));
#20390 = SURFACE_STYLE_USAGE(.BOTH.,#20391);
#20391 = SURFACE_SIDE_STYLE('',(#20392));
#20392 = SURFACE_STYLE_FILL_AREA(#20393);
#20393 = FILL_AREA_STYLE('',(#20394));
#20394 = FILL_AREA_STYLE_COLOUR('',#18037);
#20395 = MECHANICAL_DESIGN_GEOMETRIC_PRESENTATION_REPRESENTATION('',(
    #20396,#20403,#20410,#20417,#20424,#20431),#12734);
#20396 = STYLED_ITEM('color',(#20397),#12586);
#20397 = PRESENTATION_STYLE_ASSIGNMENT((#20398));
#20398 = SURFACE_STYLE_USAGE(.BOTH.,#20399);
#20399 = SURFACE_SIDE_STYLE('',(#20400));
#20400 = SURFACE_STYLE_FILL_AREA(#20401);
#20401 = FILL_AREA_STYLE('',(#20402));
#20402 = FILL_AREA_STYLE_COLOUR('',#18037);
#20403 = STYLED_ITEM('color',(#20404),#12626);
#20404 = PRESENTATION_STYLE_ASSIGNMENT((#20405));
#20405 = SURFACE_STYLE_USAGE(.BOTH.,#20406);
#20406 = SURFACE_SIDE_STYLE('',(#20407));
#20407 = SURFACE_STYLE_FILL_AREA(#20408);
#20408 = FILL_AREA_STYLE('',(#20409));
#20409 = FILL_AREA_STYLE_COLOUR('',#18037);
#20410 = STYLED_ITEM('color',(#20411),#12657);
#20411 = PRESENTATION_STYLE_ASSIGNMENT((#20412));
#20412 = SURFACE_STYLE_USAGE(.BOTH.,#20413);
#20413 = SURFACE_SIDE_STYLE('',(#20414));
#20414 = SURFACE_STYLE_FILL_AREA(#20415);
#20415 = FILL_AREA_STYLE('',(#20416));
#20416 = FILL_AREA_STYLE_COLOUR('',#18037);
#20417 = STYLED_ITEM('color',(#20418),#12688);
#20418 = PRESENTATION_STYLE_ASSIGNMENT((#20419));
#20419 = SURFACE_STYLE_USAGE(.BOTH.,#20420);
#20420 = SURFACE_SIDE_STYLE('',(#20421));
#20421 = SURFACE_STYLE_FILL_AREA(#20422);
#20422 = FILL_AREA_STYLE('',(#20423));
#20423 = FILL_AREA_STYLE_COLOUR('',#18037);
#20424 = STYLED_ITEM('color',(#20425),#12710);
#20425 = PRESENTATION_STYLE_ASSIGNMENT((#20426));
#20426 = SURFACE_STYLE_USAGE(.BOTH.,#20427);
#20427 = SURFACE_SIDE_STYLE('',(#20428));
#20428 = SURFACE_STYLE_FILL_AREA(#20429);
#20429 = FILL_AREA_STYLE('',(#20430));
#20430 = FILL_AREA_STYLE_COLOUR('',#18037);
#20431 = STYLED_ITEM('color',(#20432),#12722);
#20432 = PRESENTATION_STYLE_ASSIGNMENT((#20433));
#20433 = SURFACE_STYLE_USAGE(.BOTH.,#20434);
#20434 = SURFACE_SIDE_STYLE('',(#20435));
#20435 = SURFACE_STYLE_FILL_AREA(#20436);
#20436 = FILL_AREA_STYLE('',(#20437));
#20437 = FILL_AREA_STYLE_COLOUR('',#18037);
ENDSEC;
END-ISO-10303-21;
