ISO-10303-21;
HEADER;
FILE_DESCRIPTION(('FreeCAD Model'),'2;1');
FILE_NAME('Open CASCADE Shape Model','2026-03-25T19:58:00',(''),(''),
  'Open CASCADE STEP processor 7.8','FreeCAD','Unknown');
FILE_SCHEMA(('AUTOMOTIVE_DESIGN { 1 0 10303 214 1 1 1 1 }'));
ENDSEC;
DATA;
#1 = APPLICATION_PROTOCOL_DEFINITION('international standard',
  'automotive_design',2000,#2);
#2 = APPLICATION_CONTEXT(
  'core data for automotive mechanical design processes');
#3 = SHAPE_DEFINITION_REPRESENTATION(#4,#10);
#4 = PRODUCT_DEFINITION_SHAPE('','',#5);
#5 = PRODUCT_DEFINITION('design','',#6,#9);
#6 = PRODUCT_DEFINITION_FORMATION('','',#7);
#7 = PRODUCT('D0016A_ASM','D0016A_ASM','',(#8));
#8 = PRODUCT_CONTEXT('',#2,'mechanical');
#9 = PRODUCT_DEFINITION_CONTEXT('part definition',#2,'design');
#10 = SHAPE_REPRESENTATION('',(#11,#15,#19,#23,#27,#31,#35,#39,#43,#47,
    #51,#55,#59,#63,#67,#71,#75,#79),#83);
#11 = AXIS2_PLACEMENT_3D('',#12,#13,#14);
#12 = CARTESIAN_POINT('',(0.,0.,0.));
#13 = DIRECTION('',(0.,0.,1.));
#14 = DIRECTION('',(1.,0.,-0.));
#15 = AXIS2_PLACEMENT_3D('',#16,#17,#18);
#16 = CARTESIAN_POINT('',(0.,0.,1.07));
#17 = DIRECTION('',(1.,0.,0.));
#18 = DIRECTION('',(0.,1.,0.));
#19 = AXIS2_PLACEMENT_3D('',#20,#21,#22);
#20 = CARTESIAN_POINT('',(2.165,4.445,0.25));
#21 = DIRECTION('',(1.,0.,0.));
#22 = DIRECTION('',(0.,1.,0.));
#23 = AXIS2_PLACEMENT_3D('',#24,#25,#26);
#24 = CARTESIAN_POINT('',(2.165,3.175,0.25));
#25 = DIRECTION('',(1.,0.,0.));
#26 = DIRECTION('',(0.,1.,0.));
#27 = AXIS2_PLACEMENT_3D('',#28,#29,#30);
#28 = CARTESIAN_POINT('',(2.165,1.905,0.25));
#29 = DIRECTION('',(1.,0.,0.));
#30 = DIRECTION('',(0.,1.,0.));
#31 = AXIS2_PLACEMENT_3D('',#32,#33,#34);
#32 = CARTESIAN_POINT('',(2.165,0.635,0.25));
#33 = DIRECTION('',(1.,0.,0.));
#34 = DIRECTION('',(0.,1.,0.));
#35 = AXIS2_PLACEMENT_3D('',#36,#37,#38);
#36 = CARTESIAN_POINT('',(2.165,-0.635,0.25));
#37 = DIRECTION('',(1.,0.,0.));
#38 = DIRECTION('',(0.,1.,0.));
#39 = AXIS2_PLACEMENT_3D('',#40,#41,#42);
#40 = CARTESIAN_POINT('',(2.165,-1.905,0.25));
#41 = DIRECTION('',(1.,0.,0.));
#42 = DIRECTION('',(0.,1.,0.));
#43 = AXIS2_PLACEMENT_3D('',#44,#45,#46);
#44 = CARTESIAN_POINT('',(2.165,-3.175,0.25));
#45 = DIRECTION('',(1.,0.,0.));
#46 = DIRECTION('',(0.,1.,0.));
#47 = AXIS2_PLACEMENT_3D('',#48,#49,#50);
#48 = CARTESIAN_POINT('',(2.165,-4.445,0.25));
#49 = DIRECTION('',(1.,0.,0.));
#50 = DIRECTION('',(0.,1.,0.));
#51 = AXIS2_PLACEMENT_3D('',#52,#53,#54);
#52 = CARTESIAN_POINT('',(-2.165,4.445,0.25));
#53 = DIRECTION('',(-1.,0.,0.));
#54 = DIRECTION('',(0.,-1.,0.));
#55 = AXIS2_PLACEMENT_3D('',#56,#57,#58);
#56 = CARTESIAN_POINT('',(-2.165,3.175,0.25));
#57 = DIRECTION('',(-1.,0.,0.));
#58 = DIRECTION('',(0.,-1.,0.));
#59 = AXIS2_PLACEMENT_3D('',#60,#61,#62);
#60 = CARTESIAN_POINT('',(-2.165,1.905,0.25));
#61 = DIRECTION('',(-1.,0.,0.));
#62 = DIRECTION('',(0.,-1.,0.));
#63 = AXIS2_PLACEMENT_3D('',#64,#65,#66);
#64 = CARTESIAN_POINT('',(-2.165,0.635,0.25));
#65 = DIRECTION('',(-1.,0.,0.));
#66 = DIRECTION('',(0.,-1.,0.));
#67 = AXIS2_PLACEMENT_3D('',#68,#69,#70);
#68 = CARTESIAN_POINT('',(-2.165,-0.635,0.25));
#69 = DIRECTION('',(-1.,0.,0.));
#70 = DIRECTION('',(0.,-1.,0.));
#71 = AXIS2_PLACEMENT_3D('',#72,#73,#74);
#72 = CARTESIAN_POINT('',(-2.165,-1.905,0.25));
#73 = DIRECTION('',(-1.,0.,0.));
#74 = DIRECTION('',(0.,-1.,0.));
#75 = AXIS2_PLACEMENT_3D('',#76,#77,#78);
#76 = CARTESIAN_POINT('',(-2.165,-3.175,0.25));
#77 = DIRECTION('',(-1.,0.,0.));
#78 = DIRECTION('',(0.,-1.,0.));
#79 = AXIS2_PLACEMENT_3D('',#80,#81,#82);
#80 = CARTESIAN_POINT('',(-2.165,-4.445,0.25));
#81 = DIRECTION('',(-1.,0.,0.));
#82 = DIRECTION('',(0.,-1.,0.));
#83 = ( GEOMETRIC_REPRESENTATION_CONTEXT(3) 
GLOBAL_UNCERTAINTY_ASSIGNED_CONTEXT((#87)) GLOBAL_UNIT_ASSIGNED_CONTEXT(
(#84,#85,#86)) REPRESENTATION_CONTEXT('Context #1',
  '3D Context with UNIT and UNCERTAINTY') );
#84 = ( LENGTH_UNIT() NAMED_UNIT(*) SI_UNIT(.MILLI.,.METRE.) );
#85 = ( NAMED_UNIT(*) PLANE_ANGLE_UNIT() SI_UNIT($,.RADIAN.) );
#86 = ( NAMED_UNIT(*) SI_UNIT($,.STERADIAN.) SOLID_ANGLE_UNIT() );
#87 = UNCERTAINTY_MEASURE_WITH_UNIT(LENGTH_MEASURE(2.E-06),#84,
  'distance_accuracy_value','confusion accuracy');
#88 = PRODUCT_RELATED_PRODUCT_CATEGORY('part',$,(#7));
#89 = SHAPE_DEFINITION_REPRESENTATION(#90,#96);
#90 = PRODUCT_DEFINITION_SHAPE('','',#91);
#91 = PRODUCT_DEFINITION('design','',#92,#95);
#92 = PRODUCT_DEFINITION_FORMATION('','',#93);
#93 = PRODUCT('BODY-SO','BODY-SO','',(#94));
#94 = PRODUCT_CONTEXT('',#2,'mechanical');
#95 = PRODUCT_DEFINITION_CONTEXT('part definition',#2,'design');
#96 = ADVANCED_BREP_SHAPE_REPRESENTATION('',(#11,#97),#1841);
#97 = MANIFOLD_SOLID_BREP('',#98);
#98 = CLOSED_SHELL('',(#99,#161,#223,#285,#347,#435,#483,#507,#547,#572,
    #629,#654,#703,#728,#776,#809,#840,#873,#896,#914,#931,#949,#960,
    #985,#1002,#1027,#1050,#1062,#1085,#1096,#1108,#1132,#1173,#1215,
    #1275,#1285,#1345,#1407,#1436,#1482,#1499,#1528,#1574,#1591,#1607,
    #1625,#1650,#1675,#1706,#1730,#1747,#1759,#1782,#1800,#1817,#1829));
#99 = ADVANCED_FACE('',(#100),#156,.F.);
#100 = FACE_BOUND('',#101,.F.);
#101 = EDGE_LOOP('',(#102,#131));
#102 = ORIENTED_EDGE('',*,*,#103,.T.);
#103 = EDGE_CURVE('',#104,#106,#108,.T.);
#104 = VERTEX_POINT('',#105);
#105 = CARTESIAN_POINT('',(4.753031224027,4.853541016473E-05,
    -1.94998567281));
#106 = VERTEX_POINT('',#107);
#107 = CARTESIAN_POINT('',(4.94998567281,4.853541016328E-05,
    -1.753031224027));
#108 = B_SPLINE_CURVE_WITH_KNOTS('',3,(#109,#110,#111,#112,#113,#114,
    #115,#116,#117,#118,#119,#120,#121,#122,#123,#124,#125,#126,#127,
    #128,#129,#130),.UNSPECIFIED.,.F.,.F.,(4,1,1,1,1,1,1,1,1,1,1,1,1,1,1
    ,1,1,1,1,4),(0.,5.263157894737E-02,0.105263157895,0.157894736842,
    0.21052631579,0.263157894737,0.315789473684,0.368421052632,
    0.421052631579,0.473684210526,0.526315789474,0.578947368421,
    0.631578947368,0.684210526316,0.736842105263,0.789473684211,
    0.842105263158,0.894736842105,0.947368421053,1.),.UNSPECIFIED.);
#109 = CARTESIAN_POINT('',(4.753031224027,4.853541016473E-05,
    -1.94998567281));
#110 = CARTESIAN_POINT('',(4.758444123782,4.853541016473E-05,
    -1.949903590209));
#111 = CARTESIAN_POINT('',(4.769234257355,-2.252536224426E-05,
    -1.949288905365));
#112 = CARTESIAN_POINT('',(4.785316473141,6.035652607805E-06,
    -1.947081150816));
#113 = CARTESIAN_POINT('',(4.801160432054,-1.617248186962E-06,
    -1.943572250697));
#114 = CARTESIAN_POINT('',(4.816669974327,4.333401400449E-07,
    -1.938793266728));
#115 = CARTESIAN_POINT('',(4.83174107514,-1.161123732173E-07,
    -1.932773441042));
#116 = CARTESIAN_POINT('',(4.84627528492,3.110935282426E-08,
    -1.925552891332));
#117 = CARTESIAN_POINT('',(4.860176957762,-8.325038079731E-09,
    -1.917178894583));
#118 = CARTESIAN_POINT('',(4.873354796306,2.190799494667E-09,
    -1.907706500888));
#119 = CARTESIAN_POINT('',(4.885722203903,-4.38159898938E-10,
    -1.897197927693));
#120 = CARTESIAN_POINT('',(4.897197927693,-4.381598989154E-10,
    -1.885722203903));
#121 = CARTESIAN_POINT('',(4.907706500888,2.190799494599E-09,
    -1.873354796306));
#122 = CARTESIAN_POINT('',(4.917178894583,-8.325038079482E-09,
    -1.860176957762));
#123 = CARTESIAN_POINT('',(4.925552891332,3.110935282333E-08,
    -1.84627528492));
#124 = CARTESIAN_POINT('',(4.932773441042,-1.161123732138E-07,
    -1.83174107514));
#125 = CARTESIAN_POINT('',(4.938793266728,4.33340140032E-07,
    -1.816669974327));
#126 = CARTESIAN_POINT('',(4.943572250697,-1.617248186914E-06,
    -1.801160432054));
#127 = CARTESIAN_POINT('',(4.947081150816,6.035652607625E-06,
    -1.785316473141));
#128 = CARTESIAN_POINT('',(4.949288905365,-2.252536224359E-05,
    -1.769234257355));
#129 = CARTESIAN_POINT('',(4.949903590209,4.853541016328E-05,
    -1.758444123782));
#130 = CARTESIAN_POINT('',(4.94998567281,4.853541016328E-05,
    -1.753031224027));
#131 = ORIENTED_EDGE('',*,*,#132,.F.);
#132 = EDGE_CURVE('',#104,#106,#133,.T.);
#133 = B_SPLINE_CURVE_WITH_KNOTS('',3,(#134,#135,#136,#137,#138,#139,
    #140,#141,#142,#143,#144,#145,#146,#147,#148,#149,#150,#151,#152,
    #153,#154,#155),.UNSPECIFIED.,.F.,.F.,(4,1,1,1,1,1,1,1,1,1,1,1,1,1,1
    ,1,1,1,1,4),(0.,5.263157894737E-02,0.105263157895,0.157894736842,
    0.21052631579,0.263157894737,0.315789473684,0.368421052632,
    0.421052631579,0.473684210526,0.526315789474,0.578947368421,
    0.631578947368,0.684210526316,0.736842105263,0.789473684211,
    0.842105263158,0.894736842105,0.947368421053,1.),.UNSPECIFIED.);
#134 = CARTESIAN_POINT('',(4.753031224027,4.853541016473E-05,
    -1.94998567281));
#135 = CARTESIAN_POINT('',(4.758592238157,4.853541016473E-05,
    -1.94998567281));
#136 = CARTESIAN_POINT('',(4.76965182969,-2.252536224426E-05,
    -1.949551754293));
#137 = CARTESIAN_POINT('',(4.786074939546,6.035652607805E-06,
    -1.947506156595));
#138 = CARTESIAN_POINT('',(4.802141828265,-1.617248186962E-06,
    -1.944156051852));
#139 = CARTESIAN_POINT('',(4.817861384237,4.333401400449E-07,
    -1.939495018439));
#140 = CARTESIAN_POINT('',(4.833024200535,-1.161123732173E-07,
    -1.93359800597));
#141 = CARTESIAN_POINT('',(4.847631561304,3.110935282426E-08,
    -1.926477743057));
#142 = CARTESIAN_POINT('',(4.861545709141,-8.325038079731E-09,
    -1.918201773397));
#143 = CARTESIAN_POINT('',(4.874684355093,2.190799494667E-09,
    -1.908835025973));
#144 = CARTESIAN_POINT('',(4.887017042985,-4.38159898938E-10,
    -1.898395823231));
#145 = CARTESIAN_POINT('',(4.898395823231,-4.381598989154E-10,
    -1.887017042985));
#146 = CARTESIAN_POINT('',(4.908835025973,2.190799494599E-09,
    -1.874684355093));
#147 = CARTESIAN_POINT('',(4.918201773397,-8.325038079482E-09,
    -1.861545709141));
#148 = CARTESIAN_POINT('',(4.926477743057,3.110935282333E-08,
    -1.847631561304));
#149 = CARTESIAN_POINT('',(4.93359800597,-1.161123732138E-07,
    -1.833024200535));
#150 = CARTESIAN_POINT('',(4.939495018439,4.33340140032E-07,
    -1.817861384237));
#151 = CARTESIAN_POINT('',(4.944156051852,-1.617248186914E-06,
    -1.802141828265));
#152 = CARTESIAN_POINT('',(4.947506156595,6.035652607625E-06,
    -1.786074939546));
#153 = CARTESIAN_POINT('',(4.949551754293,-2.252536224359E-05,
    -1.76965182969));
#154 = CARTESIAN_POINT('',(4.94998567281,4.853541016328E-05,
    -1.758592238157));
#155 = CARTESIAN_POINT('',(4.94998567281,4.853541016328E-05,
    -1.753031224027));
#156 = PLANE('',#157);
#157 = AXIS2_PLACEMENT_3D('',#158,#159,#160);
#158 = CARTESIAN_POINT('',(0.,0.,0.));
#159 = DIRECTION('',(0.,1.,0.));
#160 = DIRECTION('',(1.,0.,0.));
#161 = ADVANCED_FACE('',(#162),#218,.F.);
#162 = FACE_BOUND('',#163,.F.);
#163 = EDGE_LOOP('',(#164,#193));
#164 = ORIENTED_EDGE('',*,*,#165,.T.);
#165 = EDGE_CURVE('',#166,#168,#170,.T.);
#166 = VERTEX_POINT('',#167);
#167 = CARTESIAN_POINT('',(4.94998567281,4.853541016328E-05,
    1.753031224027));
#168 = VERTEX_POINT('',#169);
#169 = CARTESIAN_POINT('',(4.753031224027,4.853541016475E-05,
    1.94998567281));
#170 = B_SPLINE_CURVE_WITH_KNOTS('',3,(#171,#172,#173,#174,#175,#176,
    #177,#178,#179,#180,#181,#182,#183,#184,#185,#186,#187,#188,#189,
    #190,#191,#192),.UNSPECIFIED.,.F.,.F.,(4,1,1,1,1,1,1,1,1,1,1,1,1,1,1
    ,1,1,1,1,4),(0.,5.263157894737E-02,0.105263157895,0.157894736842,
    0.21052631579,0.263157894737,0.315789473684,0.368421052632,
    0.421052631579,0.473684210526,0.526315789474,0.578947368421,
    0.631578947368,0.684210526316,0.736842105263,0.789473684211,
    0.842105263158,0.894736842105,0.947368421053,1.),.UNSPECIFIED.);
#171 = CARTESIAN_POINT('',(4.94998567281,4.853541016328E-05,
    1.753031224027));
#172 = CARTESIAN_POINT('',(4.949903590209,4.853541016328E-05,
    1.758444123782));
#173 = CARTESIAN_POINT('',(4.949288905365,-2.252536224358E-05,
    1.769234257355));
#174 = CARTESIAN_POINT('',(4.947081150816,6.035652607625E-06,
    1.785316473141));
#175 = CARTESIAN_POINT('',(4.943572250697,-1.617248186914E-06,
    1.801160432054));
#176 = CARTESIAN_POINT('',(4.938793266728,4.33340140032E-07,
    1.816669974327));
#177 = CARTESIAN_POINT('',(4.932773441042,-1.161123732138E-07,
    1.83174107514));
#178 = CARTESIAN_POINT('',(4.925552891332,3.110935282333E-08,
    1.84627528492));
#179 = CARTESIAN_POINT('',(4.917178894583,-8.325038079482E-09,
    1.860176957762));
#180 = CARTESIAN_POINT('',(4.907706500888,2.190799494599E-09,
    1.873354796306));
#181 = CARTESIAN_POINT('',(4.897197927693,-4.381598989153E-10,
    1.885722203903));
#182 = CARTESIAN_POINT('',(4.885722203903,-4.381598989382E-10,
    1.897197927693));
#183 = CARTESIAN_POINT('',(4.873354796306,2.190799494668E-09,
    1.907706500888));
#184 = CARTESIAN_POINT('',(4.860176957762,-8.325038079735E-09,
    1.917178894583));
#185 = CARTESIAN_POINT('',(4.84627528492,3.110935282427E-08,
    1.925552891332));
#186 = CARTESIAN_POINT('',(4.83174107514,-1.161123732173E-07,
    1.932773441042));
#187 = CARTESIAN_POINT('',(4.816669974327,4.333401400451E-07,
    1.938793266728));
#188 = CARTESIAN_POINT('',(4.801160432054,-1.617248186963E-06,
    1.943572250697));
#189 = CARTESIAN_POINT('',(4.785316473141,6.035652607807E-06,
    1.947081150816));
#190 = CARTESIAN_POINT('',(4.769234257355,-2.252536224427E-05,
    1.949288905365));
#191 = CARTESIAN_POINT('',(4.758444123782,4.853541016475E-05,
    1.949903590209));
#192 = CARTESIAN_POINT('',(4.753031224027,4.853541016475E-05,
    1.94998567281));
#193 = ORIENTED_EDGE('',*,*,#194,.F.);
#194 = EDGE_CURVE('',#166,#168,#195,.T.);
#195 = B_SPLINE_CURVE_WITH_KNOTS('',3,(#196,#197,#198,#199,#200,#201,
    #202,#203,#204,#205,#206,#207,#208,#209,#210,#211,#212,#213,#214,
    #215,#216,#217),.UNSPECIFIED.,.F.,.F.,(4,1,1,1,1,1,1,1,1,1,1,1,1,1,1
    ,1,1,1,1,4),(0.,5.263157894737E-02,0.105263157895,0.157894736842,
    0.21052631579,0.263157894737,0.315789473684,0.368421052632,
    0.421052631579,0.473684210526,0.526315789474,0.578947368421,
    0.631578947368,0.684210526316,0.736842105263,0.789473684211,
    0.842105263158,0.894736842105,0.947368421053,1.),.UNSPECIFIED.);
#196 = CARTESIAN_POINT('',(4.94998567281,4.853541016328E-05,
    1.753031224027));
#197 = CARTESIAN_POINT('',(4.94998567281,4.853541016328E-05,
    1.758592238157));
#198 = CARTESIAN_POINT('',(4.949551754293,-2.252536224358E-05,
    1.76965182969));
#199 = CARTESIAN_POINT('',(4.947506156595,6.035652607625E-06,
    1.786074939546));
#200 = CARTESIAN_POINT('',(4.944156051852,-1.617248186914E-06,
    1.802141828265));
#201 = CARTESIAN_POINT('',(4.939495018439,4.33340140032E-07,
    1.817861384237));
#202 = CARTESIAN_POINT('',(4.93359800597,-1.161123732138E-07,
    1.833024200535));
#203 = CARTESIAN_POINT('',(4.926477743057,3.110935282333E-08,
    1.847631561304));
#204 = CARTESIAN_POINT('',(4.918201773397,-8.325038079482E-09,
    1.861545709141));
#205 = CARTESIAN_POINT('',(4.908835025973,2.190799494599E-09,
    1.874684355093));
#206 = CARTESIAN_POINT('',(4.898395823231,-4.381598989153E-10,
    1.887017042985));
#207 = CARTESIAN_POINT('',(4.887017042985,-4.381598989382E-10,
    1.898395823231));
#208 = CARTESIAN_POINT('',(4.874684355093,2.190799494668E-09,
    1.908835025973));
#209 = CARTESIAN_POINT('',(4.861545709141,-8.325038079735E-09,
    1.918201773397));
#210 = CARTESIAN_POINT('',(4.847631561304,3.110935282427E-08,
    1.926477743057));
#211 = CARTESIAN_POINT('',(4.833024200535,-1.161123732173E-07,
    1.93359800597));
#212 = CARTESIAN_POINT('',(4.817861384237,4.333401400451E-07,
    1.939495018439));
#213 = CARTESIAN_POINT('',(4.802141828265,-1.617248186963E-06,
    1.944156051852));
#214 = CARTESIAN_POINT('',(4.786074939546,6.035652607807E-06,
    1.947506156595));
#215 = CARTESIAN_POINT('',(4.76965182969,-2.252536224427E-05,
    1.949551754293));
#216 = CARTESIAN_POINT('',(4.758592238157,4.853541016475E-05,
    1.94998567281));
#217 = CARTESIAN_POINT('',(4.753031224027,4.853541016475E-05,
    1.94998567281));
#218 = PLANE('',#219);
#219 = AXIS2_PLACEMENT_3D('',#220,#221,#222);
#220 = CARTESIAN_POINT('',(0.,0.,0.));
#221 = DIRECTION('',(0.,1.,0.));
#222 = DIRECTION('',(1.,0.,0.));
#223 = ADVANCED_FACE('',(#224),#280,.F.);
#224 = FACE_BOUND('',#225,.F.);
#225 = EDGE_LOOP('',(#226,#255));
#226 = ORIENTED_EDGE('',*,*,#227,.T.);
#227 = EDGE_CURVE('',#228,#230,#232,.T.);
#228 = VERTEX_POINT('',#229);
#229 = CARTESIAN_POINT('',(-4.753031224027,4.85354101652E-05,
    1.94998567281));
#230 = VERTEX_POINT('',#231);
#231 = CARTESIAN_POINT('',(-4.94998567281,4.853541016328E-05,
    1.753031224027));
#232 = B_SPLINE_CURVE_WITH_KNOTS('',3,(#233,#234,#235,#236,#237,#238,
    #239,#240,#241,#242,#243,#244,#245,#246,#247,#248,#249,#250,#251,
    #252,#253,#254),.UNSPECIFIED.,.F.,.F.,(4,1,1,1,1,1,1,1,1,1,1,1,1,1,1
    ,1,1,1,1,4),(0.,5.263157894737E-02,0.105263157895,0.157894736842,
    0.21052631579,0.263157894737,0.315789473684,0.368421052632,
    0.421052631579,0.473684210526,0.526315789474,0.578947368421,
    0.631578947368,0.684210526316,0.736842105263,0.789473684211,
    0.842105263158,0.894736842105,0.947368421053,1.),.UNSPECIFIED.);
#233 = CARTESIAN_POINT('',(-4.753031224027,4.85354101652E-05,
    1.94998567281));
#234 = CARTESIAN_POINT('',(-4.758444123782,4.85354101652E-05,
    1.949903590209));
#235 = CARTESIAN_POINT('',(-4.769234257355,-2.252536224448E-05,
    1.949288905365));
#236 = CARTESIAN_POINT('',(-4.785316473141,6.035652607864E-06,
    1.947081150816));
#237 = CARTESIAN_POINT('',(-4.801160432054,-1.617248186978E-06,
    1.943572250697));
#238 = CARTESIAN_POINT('',(-4.816669974327,4.333401400491E-07,
    1.938793266728));
#239 = CARTESIAN_POINT('',(-4.83174107514,-1.161123732184E-07,
    1.932773441042));
#240 = CARTESIAN_POINT('',(-4.84627528492,3.110935282456E-08,
    1.925552891332));
#241 = CARTESIAN_POINT('',(-4.860176957762,-8.325038079812E-09,
    1.917178894583));
#242 = CARTESIAN_POINT('',(-4.873354796306,2.190799494689E-09,
    1.907706500888));
#243 = CARTESIAN_POINT('',(-4.885722203903,-4.381598989438E-10,
    1.897197927693));
#244 = CARTESIAN_POINT('',(-4.897197927693,-4.381598989138E-10,
    1.885722203903));
#245 = CARTESIAN_POINT('',(-4.907706500888,2.190799494599E-09,
    1.873354796306));
#246 = CARTESIAN_POINT('',(-4.917178894583,-8.325038079482E-09,
    1.860176957762));
#247 = CARTESIAN_POINT('',(-4.925552891332,3.110935282333E-08,
    1.84627528492));
#248 = CARTESIAN_POINT('',(-4.932773441042,-1.161123732138E-07,
    1.83174107514));
#249 = CARTESIAN_POINT('',(-4.938793266728,4.33340140032E-07,
    1.816669974327));
#250 = CARTESIAN_POINT('',(-4.943572250697,-1.617248186914E-06,
    1.801160432054));
#251 = CARTESIAN_POINT('',(-4.947081150816,6.035652607625E-06,
    1.785316473141));
#252 = CARTESIAN_POINT('',(-4.949288905365,-2.252536224358E-05,
    1.769234257355));
#253 = CARTESIAN_POINT('',(-4.949903590209,4.853541016328E-05,
    1.758444123782));
#254 = CARTESIAN_POINT('',(-4.94998567281,4.853541016328E-05,
    1.753031224027));
#255 = ORIENTED_EDGE('',*,*,#256,.F.);
#256 = EDGE_CURVE('',#228,#230,#257,.T.);
#257 = B_SPLINE_CURVE_WITH_KNOTS('',3,(#258,#259,#260,#261,#262,#263,
    #264,#265,#266,#267,#268,#269,#270,#271,#272,#273,#274,#275,#276,
    #277,#278,#279),.UNSPECIFIED.,.F.,.F.,(4,1,1,1,1,1,1,1,1,1,1,1,1,1,1
    ,1,1,1,1,4),(0.,5.263157894737E-02,0.105263157895,0.157894736842,
    0.21052631579,0.263157894737,0.315789473684,0.368421052632,
    0.421052631579,0.473684210526,0.526315789474,0.578947368421,
    0.631578947368,0.684210526316,0.736842105263,0.789473684211,
    0.842105263158,0.894736842105,0.947368421053,1.),.UNSPECIFIED.);
#258 = CARTESIAN_POINT('',(-4.753031224027,4.85354101652E-05,
    1.94998567281));
#259 = CARTESIAN_POINT('',(-4.758592238157,4.85354101652E-05,
    1.94998567281));
#260 = CARTESIAN_POINT('',(-4.76965182969,-2.252536224448E-05,
    1.949551754293));
#261 = CARTESIAN_POINT('',(-4.786074939546,6.035652607864E-06,
    1.947506156595));
#262 = CARTESIAN_POINT('',(-4.802141828265,-1.617248186978E-06,
    1.944156051852));
#263 = CARTESIAN_POINT('',(-4.817861384237,4.333401400491E-07,
    1.939495018439));
#264 = CARTESIAN_POINT('',(-4.833024200535,-1.161123732184E-07,
    1.93359800597));
#265 = CARTESIAN_POINT('',(-4.847631561304,3.110935282456E-08,
    1.926477743057));
#266 = CARTESIAN_POINT('',(-4.861545709141,-8.325038079812E-09,
    1.918201773397));
#267 = CARTESIAN_POINT('',(-4.874684355093,2.190799494689E-09,
    1.908835025973));
#268 = CARTESIAN_POINT('',(-4.887017042985,-4.381598989438E-10,
    1.898395823231));
#269 = CARTESIAN_POINT('',(-4.898395823231,-4.381598989138E-10,
    1.887017042985));
#270 = CARTESIAN_POINT('',(-4.908835025973,2.190799494599E-09,
    1.874684355093));
#271 = CARTESIAN_POINT('',(-4.918201773397,-8.325038079482E-09,
    1.861545709141));
#272 = CARTESIAN_POINT('',(-4.926477743057,3.110935282333E-08,
    1.847631561304));
#273 = CARTESIAN_POINT('',(-4.93359800597,-1.161123732138E-07,
    1.833024200535));
#274 = CARTESIAN_POINT('',(-4.939495018439,4.33340140032E-07,
    1.817861384237));
#275 = CARTESIAN_POINT('',(-4.944156051852,-1.617248186914E-06,
    1.802141828265));
#276 = CARTESIAN_POINT('',(-4.947506156595,6.035652607625E-06,
    1.786074939546));
#277 = CARTESIAN_POINT('',(-4.949551754293,-2.252536224358E-05,
    1.76965182969));
#278 = CARTESIAN_POINT('',(-4.94998567281,4.853541016328E-05,
    1.758592238157));
#279 = CARTESIAN_POINT('',(-4.94998567281,4.853541016328E-05,
    1.753031224027));
#280 = PLANE('',#281);
#281 = AXIS2_PLACEMENT_3D('',#282,#283,#284);
#282 = CARTESIAN_POINT('',(0.,0.,0.));
#283 = DIRECTION('',(0.,1.,0.));
#284 = DIRECTION('',(1.,0.,0.));
#285 = ADVANCED_FACE('',(#286),#342,.F.);
#286 = FACE_BOUND('',#287,.F.);
#287 = EDGE_LOOP('',(#288,#317));
#288 = ORIENTED_EDGE('',*,*,#289,.T.);
#289 = EDGE_CURVE('',#290,#292,#294,.T.);
#290 = VERTEX_POINT('',#291);
#291 = CARTESIAN_POINT('',(-4.94998567281,4.853541016328E-05,
    -1.753031224027));
#292 = VERTEX_POINT('',#293);
#293 = CARTESIAN_POINT('',(-4.753031224027,4.853541016476E-05,
    -1.94998567281));
#294 = B_SPLINE_CURVE_WITH_KNOTS('',3,(#295,#296,#297,#298,#299,#300,
    #301,#302,#303,#304,#305,#306,#307,#308,#309,#310,#311,#312,#313,
    #314,#315,#316),.UNSPECIFIED.,.F.,.F.,(4,1,1,1,1,1,1,1,1,1,1,1,1,1,1
    ,1,1,1,1,4),(0.,5.263157894737E-02,0.105263157895,0.157894736842,
    0.21052631579,0.263157894737,0.315789473684,0.368421052632,
    0.421052631579,0.473684210526,0.526315789474,0.578947368421,
    0.631578947368,0.684210526316,0.736842105263,0.789473684211,
    0.842105263158,0.894736842105,0.947368421053,1.),.UNSPECIFIED.);
#295 = CARTESIAN_POINT('',(-4.94998567281,4.853541016328E-05,
    -1.753031224027));
#296 = CARTESIAN_POINT('',(-4.949903590209,4.853541016328E-05,
    -1.758444123782));
#297 = CARTESIAN_POINT('',(-4.949288905365,-2.252536224359E-05,
    -1.769234257355));
#298 = CARTESIAN_POINT('',(-4.947081150816,6.035652607625E-06,
    -1.785316473141));
#299 = CARTESIAN_POINT('',(-4.943572250697,-1.617248186914E-06,
    -1.801160432054));
#300 = CARTESIAN_POINT('',(-4.938793266728,4.33340140032E-07,
    -1.816669974327));
#301 = CARTESIAN_POINT('',(-4.932773441042,-1.161123732138E-07,
    -1.83174107514));
#302 = CARTESIAN_POINT('',(-4.925552891332,3.110935282333E-08,
    -1.84627528492));
#303 = CARTESIAN_POINT('',(-4.917178894583,-8.325038079482E-09,
    -1.860176957762));
#304 = CARTESIAN_POINT('',(-4.907706500888,2.190799494599E-09,
    -1.873354796306));
#305 = CARTESIAN_POINT('',(-4.897197927693,-4.381598989152E-10,
    -1.885722203903));
#306 = CARTESIAN_POINT('',(-4.885722203903,-4.381598989384E-10,
    -1.897197927693));
#307 = CARTESIAN_POINT('',(-4.873354796306,2.190799494669E-09,
    -1.907706500888));
#308 = CARTESIAN_POINT('',(-4.860176957762,-8.325038079737E-09,
    -1.917178894583));
#309 = CARTESIAN_POINT('',(-4.84627528492,3.110935282428E-08,
    -1.925552891332));
#310 = CARTESIAN_POINT('',(-4.83174107514,-1.161123732174E-07,
    -1.932773441042));
#311 = CARTESIAN_POINT('',(-4.816669974327,4.333401400452E-07,
    -1.938793266728));
#312 = CARTESIAN_POINT('',(-4.801160432054,-1.617248186964E-06,
    -1.943572250697));
#313 = CARTESIAN_POINT('',(-4.785316473141,6.035652607809E-06,
    -1.947081150816));
#314 = CARTESIAN_POINT('',(-4.769234257355,-2.252536224427E-05,
    -1.949288905365));
#315 = CARTESIAN_POINT('',(-4.758444123782,4.853541016476E-05,
    -1.949903590209));
#316 = CARTESIAN_POINT('',(-4.753031224027,4.853541016476E-05,
    -1.94998567281));
#317 = ORIENTED_EDGE('',*,*,#318,.F.);
#318 = EDGE_CURVE('',#290,#292,#319,.T.);
#319 = B_SPLINE_CURVE_WITH_KNOTS('',3,(#320,#321,#322,#323,#324,#325,
    #326,#327,#328,#329,#330,#331,#332,#333,#334,#335,#336,#337,#338,
    #339,#340,#341),.UNSPECIFIED.,.F.,.F.,(4,1,1,1,1,1,1,1,1,1,1,1,1,1,1
    ,1,1,1,1,4),(0.,5.263157894737E-02,0.105263157895,0.157894736842,
    0.21052631579,0.263157894737,0.315789473684,0.368421052632,
    0.421052631579,0.473684210526,0.526315789474,0.578947368421,
    0.631578947368,0.684210526316,0.736842105263,0.789473684211,
    0.842105263158,0.894736842105,0.947368421053,1.),.UNSPECIFIED.);
#320 = CARTESIAN_POINT('',(-4.94998567281,4.853541016328E-05,
    -1.753031224027));
#321 = CARTESIAN_POINT('',(-4.94998567281,4.853541016328E-05,
    -1.758592238157));
#322 = CARTESIAN_POINT('',(-4.949551754293,-2.252536224359E-05,
    -1.76965182969));
#323 = CARTESIAN_POINT('',(-4.947506156595,6.035652607625E-06,
    -1.786074939546));
#324 = CARTESIAN_POINT('',(-4.944156051852,-1.617248186914E-06,
    -1.802141828265));
#325 = CARTESIAN_POINT('',(-4.939495018439,4.33340140032E-07,
    -1.817861384237));
#326 = CARTESIAN_POINT('',(-4.93359800597,-1.161123732138E-07,
    -1.833024200535));
#327 = CARTESIAN_POINT('',(-4.926477743057,3.110935282333E-08,
    -1.847631561304));
#328 = CARTESIAN_POINT('',(-4.918201773397,-8.325038079482E-09,
    -1.861545709141));
#329 = CARTESIAN_POINT('',(-4.908835025973,2.190799494599E-09,
    -1.874684355093));
#330 = CARTESIAN_POINT('',(-4.898395823231,-4.381598989152E-10,
    -1.887017042985));
#331 = CARTESIAN_POINT('',(-4.887017042985,-4.381598989384E-10,
    -1.898395823231));
#332 = CARTESIAN_POINT('',(-4.874684355093,2.190799494669E-09,
    -1.908835025973));
#333 = CARTESIAN_POINT('',(-4.861545709141,-8.325038079737E-09,
    -1.918201773397));
#334 = CARTESIAN_POINT('',(-4.847631561304,3.110935282428E-08,
    -1.926477743057));
#335 = CARTESIAN_POINT('',(-4.833024200535,-1.161123732174E-07,
    -1.93359800597));
#336 = CARTESIAN_POINT('',(-4.817861384237,4.333401400452E-07,
    -1.939495018439));
#337 = CARTESIAN_POINT('',(-4.802141828265,-1.617248186964E-06,
    -1.944156051852));
#338 = CARTESIAN_POINT('',(-4.786074939546,6.035652607809E-06,
    -1.947506156595));
#339 = CARTESIAN_POINT('',(-4.76965182969,-2.252536224427E-05,
    -1.949551754293));
#340 = CARTESIAN_POINT('',(-4.758592238157,4.853541016476E-05,
    -1.94998567281));
#341 = CARTESIAN_POINT('',(-4.753031224027,4.853541016476E-05,
    -1.94998567281));
#342 = PLANE('',#343);
#343 = AXIS2_PLACEMENT_3D('',#344,#345,#346);
#344 = CARTESIAN_POINT('',(0.,0.,0.));
#345 = DIRECTION('',(0.,1.,0.));
#346 = DIRECTION('',(1.,0.,0.));
#347 = ADVANCED_FACE('',(#348),#430,.T.);
#348 = FACE_BOUND('',#349,.T.);
#349 = EDGE_LOOP('',(#350,#360,#368,#369,#379,#387,#396,#423));
#350 = ORIENTED_EDGE('',*,*,#351,.F.);
#351 = EDGE_CURVE('',#352,#354,#356,.T.);
#352 = VERTEX_POINT('',#353);
#353 = CARTESIAN_POINT('',(4.75,0.,-1.95));
#354 = VERTEX_POINT('',#355);
#355 = CARTESIAN_POINT('',(4.75,-0.19,-1.95));
#356 = LINE('',#357,#358);
#357 = CARTESIAN_POINT('',(4.75,0.,-1.95));
#358 = VECTOR('',#359,1.);
#359 = DIRECTION('',(0.,-1.,0.));
#360 = ORIENTED_EDGE('',*,*,#361,.T.);
#361 = EDGE_CURVE('',#352,#104,#362,.T.);
#362 = B_SPLINE_CURVE_WITH_KNOTS('',3,(#363,#364,#365,#366,#367),
  .UNSPECIFIED.,.F.,.F.,(4,1,4),(0.,0.5,1.),.QUASI_UNIFORM_KNOTS.);
#363 = CARTESIAN_POINT('',(4.75,0.,-1.95));
#364 = CARTESIAN_POINT('',(4.750509464926,0.,-1.95));
#365 = CARTESIAN_POINT('',(4.751513772214,6.240394847827E-05,
    -1.949991881044));
#366 = CARTESIAN_POINT('',(4.752535450166,5.89847464682E-06,
    -1.949993190852));
#367 = CARTESIAN_POINT('',(4.753031224027,4.853541016473E-05,
    -1.94998567281));
#368 = ORIENTED_EDGE('',*,*,#103,.T.);
#369 = ORIENTED_EDGE('',*,*,#370,.T.);
#370 = EDGE_CURVE('',#106,#371,#373,.T.);
#371 = VERTEX_POINT('',#372);
#372 = CARTESIAN_POINT('',(4.95,0.,-1.75));
#373 = B_SPLINE_CURVE_WITH_KNOTS('',3,(#374,#375,#376,#377,#378),
  .UNSPECIFIED.,.F.,.F.,(4,1,4),(0.,0.5,1.),.QUASI_UNIFORM_KNOTS.);
#374 = CARTESIAN_POINT('',(4.94998567281,4.853541016328E-05,
    -1.753031224027));
#375 = CARTESIAN_POINT('',(4.949993190852,5.898474645284E-06,
    -1.752535450166));
#376 = CARTESIAN_POINT('',(4.949991881044,6.24039484713E-05,
    -1.751513772214));
#377 = CARTESIAN_POINT('',(4.95,0.,-1.750509464926));
#378 = CARTESIAN_POINT('',(4.95,0.,-1.75));
#379 = ORIENTED_EDGE('',*,*,#380,.T.);
#380 = EDGE_CURVE('',#371,#381,#383,.T.);
#381 = VERTEX_POINT('',#382);
#382 = CARTESIAN_POINT('',(4.95,-0.19,-1.75));
#383 = LINE('',#384,#385);
#384 = CARTESIAN_POINT('',(4.95,0.,-1.75));
#385 = VECTOR('',#386,1.);
#386 = DIRECTION('',(0.,-1.,0.));
#387 = ORIENTED_EDGE('',*,*,#388,.F.);
#388 = EDGE_CURVE('',#389,#381,#391,.T.);
#389 = VERTEX_POINT('',#390);
#390 = CARTESIAN_POINT('',(4.949985662224,-0.190048595448,
    -1.753031213553));
#391 = B_SPLINE_CURVE_WITH_KNOTS('',3,(#392,#393,#394,#395),
  .UNSPECIFIED.,.F.,.F.,(4,4),(0.,1.),.PIECEWISE_BEZIER_KNOTS.);
#392 = CARTESIAN_POINT('',(4.949985662224,-0.190048595448,
    -1.753031213553));
#393 = CARTESIAN_POINT('',(4.950000862099,-0.18996239267,-1.752028864824
    ));
#394 = CARTESIAN_POINT('',(4.95,-0.19,-1.75100616347));
#395 = CARTESIAN_POINT('',(4.95,-0.19,-1.75));
#396 = ORIENTED_EDGE('',*,*,#397,.F.);
#397 = EDGE_CURVE('',#398,#389,#400,.T.);
#398 = VERTEX_POINT('',#399);
#399 = CARTESIAN_POINT('',(4.753031213563,-0.190048595448,
    -1.949985662224));
#400 = B_SPLINE_CURVE_WITH_KNOTS('',3,(#401,#402,#403,#404,#405,#406,
    #407,#408,#409,#410,#411,#412,#413,#414,#415,#416,#417,#418,#419,
    #420,#421,#422),.UNSPECIFIED.,.F.,.F.,(4,1,1,1,1,1,1,1,1,1,1,1,1,1,1
    ,1,1,1,1,4),(0.,5.263157894737E-02,0.105263157895,0.157894736842,
    0.21052631579,0.263157894737,0.315789473684,0.368421052632,
    0.421052631579,0.473684210526,0.526315789474,0.578947368421,
    0.631578947368,0.684210526316,0.736842105263,0.789473684211,
    0.842105263158,0.894736842105,0.947368421053,1.),.UNSPECIFIED.);
#401 = CARTESIAN_POINT('',(4.753031213563,-0.190048595448,
    -1.949985662224));
#402 = CARTESIAN_POINT('',(4.758444248293,-0.190048595448,
    -1.949903577563));
#403 = CARTESIAN_POINT('',(4.769234609888,-0.189977446774,
    -1.949288880932));
#404 = CARTESIAN_POINT('',(4.785316864878,-0.190006043119,
    -1.947081080349));
#405 = CARTESIAN_POINT('',(4.801160905812,-0.189998380751,
    -1.943572128145));
#406 = CARTESIAN_POINT('',(4.816670469596,-0.190000433876,
    -1.938793092114));
#407 = CARTESIAN_POINT('',(4.831741559998,-0.189999883744,
    -1.932773223931));
#408 = CARTESIAN_POINT('',(4.846275722052,-0.190000031148,
    -1.925552650027));
#409 = CARTESIAN_POINT('',(4.86017731557,-0.189999991665,-1.917178655872
    ));
#410 = CARTESIAN_POINT('',(4.873355047336,-0.190000002193,
    -1.907706300276));
#411 = CARTESIAN_POINT('',(4.88572232878,-0.189999999561,-1.897197805899
    ));
#412 = CARTESIAN_POINT('',(4.897197909399,-0.189999999561,
    -1.885722216532));
#413 = CARTESIAN_POINT('',(4.907706394453,-0.190000002193,
    -1.873354926943));
#414 = CARTESIAN_POINT('',(4.917178740176,-0.189999991665,
    -1.860177187677));
#415 = CARTESIAN_POINT('',(4.925552723949,-0.190000031148,
    -1.846275587274));
#416 = CARTESIAN_POINT('',(4.932773286946,-0.189999883744,
    -1.831741419206));
#417 = CARTESIAN_POINT('',(4.938793143903,-0.190000433876,
    -1.816670322844));
#418 = CARTESIAN_POINT('',(4.943572167768,-0.189998380751,
    -1.801160756349));
#419 = CARTESIAN_POINT('',(4.947081109343,-0.190006043119,-1.78531670417
    ));
#420 = CARTESIAN_POINT('',(4.949288892772,-0.189977446774,
    -1.769234467794));
#421 = CARTESIAN_POINT('',(4.949903578422,-0.190048595448,
    -1.758444191653));
#422 = CARTESIAN_POINT('',(4.949985662224,-0.190048595448,
    -1.753031213553));
#423 = ORIENTED_EDGE('',*,*,#424,.F.);
#424 = EDGE_CURVE('',#354,#398,#425,.T.);
#425 = B_SPLINE_CURVE_WITH_KNOTS('',3,(#426,#427,#428,#429),
  .UNSPECIFIED.,.F.,.F.,(4,4),(0.,1.),.PIECEWISE_BEZIER_KNOTS.);
#426 = CARTESIAN_POINT('',(4.75,-0.19,-1.95));
#427 = CARTESIAN_POINT('',(4.75100616347,-0.19,-1.95));
#428 = CARTESIAN_POINT('',(4.752028864835,-0.189962392669,
    -1.950000862099));
#429 = CARTESIAN_POINT('',(4.753031213563,-0.190048595448,
    -1.949985662224));
#430 = CYLINDRICAL_SURFACE('',#431,0.2);
#431 = AXIS2_PLACEMENT_3D('',#432,#433,#434);
#432 = CARTESIAN_POINT('',(4.75,0.,-1.75));
#433 = DIRECTION('',(0.,-1.,0.));
#434 = DIRECTION('',(1.,0.,0.));
#435 = ADVANCED_FACE('',(#436),#478,.T.);
#436 = FACE_BOUND('',#437,.T.);
#437 = EDGE_LOOP('',(#438,#439,#447,#455,#463,#472));
#438 = ORIENTED_EDGE('',*,*,#424,.T.);
#439 = ORIENTED_EDGE('',*,*,#440,.T.);
#440 = EDGE_CURVE('',#398,#441,#443,.T.);
#441 = VERTEX_POINT('',#442);
#442 = CARTESIAN_POINT('',(4.662277726883,-0.704729635533,
    -1.859239277485));
#443 = LINE('',#444,#445);
#444 = CARTESIAN_POINT('',(4.753031213563,-0.190048595448,
    -1.949985662224));
#445 = VECTOR('',#446,1.);
#446 = DIRECTION('',(-0.171090627267,-0.970288913532,0.171077238517));
#447 = ORIENTED_EDGE('',*,*,#448,.F.);
#448 = EDGE_CURVE('',#449,#441,#451,.T.);
#449 = VERTEX_POINT('',#450);
#450 = CARTESIAN_POINT('',(-4.662277726883,-0.704729635533,
    -1.859239277485));
#451 = LINE('',#452,#453);
#452 = CARTESIAN_POINT('',(-4.662277726883,-0.704729635533,
    -1.859239277485));
#453 = VECTOR('',#454,1.);
#454 = DIRECTION('',(1.,0.,0.));
#455 = ORIENTED_EDGE('',*,*,#456,.F.);
#456 = EDGE_CURVE('',#457,#449,#459,.T.);
#457 = VERTEX_POINT('',#458);
#458 = CARTESIAN_POINT('',(-4.753031213553,-0.190048595448,
    -1.949985662224));
#459 = LINE('',#460,#461);
#460 = CARTESIAN_POINT('',(-4.753031213553,-0.190048595448,
    -1.949985662224));
#461 = VECTOR('',#462,1.);
#462 = DIRECTION('',(0.171090627248,-0.970288913535,0.171077238518));
#463 = ORIENTED_EDGE('',*,*,#464,.T.);
#464 = EDGE_CURVE('',#457,#465,#467,.T.);
#465 = VERTEX_POINT('',#466);
#466 = CARTESIAN_POINT('',(-4.75,-0.19,-1.95));
#467 = B_SPLINE_CURVE_WITH_KNOTS('',3,(#468,#469,#470,#471),
  .UNSPECIFIED.,.F.,.F.,(4,4),(0.,1.),.PIECEWISE_BEZIER_KNOTS.);
#468 = CARTESIAN_POINT('',(-4.753031213553,-0.190048595448,
    -1.949985662224));
#469 = CARTESIAN_POINT('',(-4.752028864824,-0.18996239267,
    -1.950000862099));
#470 = CARTESIAN_POINT('',(-4.75100616347,-0.19,-1.95));
#471 = CARTESIAN_POINT('',(-4.75,-0.19,-1.95));
#472 = ORIENTED_EDGE('',*,*,#473,.T.);
#473 = EDGE_CURVE('',#465,#354,#474,.T.);
#474 = LINE('',#475,#476);
#475 = CARTESIAN_POINT('',(-4.75,-0.19,-1.95));
#476 = VECTOR('',#477,1.);
#477 = DIRECTION('',(1.,0.,0.));
#478 = PLANE('',#479);
#479 = AXIS2_PLACEMENT_3D('',#480,#481,#482);
#480 = CARTESIAN_POINT('',(-4.95,-0.19,-1.95));
#481 = DIRECTION('',(0.,-0.173648177667,-0.984807753012));
#482 = DIRECTION('',(1.,0.,0.));
#483 = ADVANCED_FACE('',(#484),#502,.T.);
#484 = FACE_BOUND('',#485,.F.);
#485 = EDGE_LOOP('',(#486,#487,#488,#496));
#486 = ORIENTED_EDGE('',*,*,#473,.T.);
#487 = ORIENTED_EDGE('',*,*,#351,.F.);
#488 = ORIENTED_EDGE('',*,*,#489,.F.);
#489 = EDGE_CURVE('',#490,#352,#492,.T.);
#490 = VERTEX_POINT('',#491);
#491 = CARTESIAN_POINT('',(-4.75,0.,-1.95));
#492 = LINE('',#493,#494);
#493 = CARTESIAN_POINT('',(-4.75,0.,-1.95));
#494 = VECTOR('',#495,1.);
#495 = DIRECTION('',(1.,0.,0.));
#496 = ORIENTED_EDGE('',*,*,#497,.T.);
#497 = EDGE_CURVE('',#490,#465,#498,.T.);
#498 = LINE('',#499,#500);
#499 = CARTESIAN_POINT('',(-4.75,0.,-1.95));
#500 = VECTOR('',#501,1.);
#501 = DIRECTION('',(0.,-1.,0.));
#502 = PLANE('',#503);
#503 = AXIS2_PLACEMENT_3D('',#504,#505,#506);
#504 = CARTESIAN_POINT('',(-4.75,0.,-1.95));
#505 = DIRECTION('',(0.,0.,-1.));
#506 = DIRECTION('',(1.,0.,0.));
#507 = ADVANCED_FACE('',(#508),#542,.T.);
#508 = FACE_BOUND('',#509,.F.);
#509 = EDGE_LOOP('',(#510,#518,#526,#527,#528,#536));
#510 = ORIENTED_EDGE('',*,*,#511,.F.);
#511 = EDGE_CURVE('',#292,#512,#514,.T.);
#512 = VERTEX_POINT('',#513);
#513 = CARTESIAN_POINT('',(-4.733660420738,0.109898261639,-1.93062197134
    ));
#514 = LINE('',#515,#516);
#515 = CARTESIAN_POINT('',(-4.753031224027,4.853541016476E-05,
    -1.94998567281));
#516 = VECTOR('',#517,1.);
#517 = DIRECTION('',(0.171100788444,0.97029402899,0.171038058632));
#518 = ORIENTED_EDGE('',*,*,#519,.T.);
#519 = EDGE_CURVE('',#292,#490,#520,.T.);
#520 = B_SPLINE_CURVE_WITH_KNOTS('',3,(#521,#522,#523,#524,#525),
  .UNSPECIFIED.,.F.,.F.,(4,1,4),(0.,0.5,1.),.QUASI_UNIFORM_KNOTS.);
#521 = CARTESIAN_POINT('',(-4.753031224027,4.853541016476E-05,
    -1.94998567281));
#522 = CARTESIAN_POINT('',(-4.752535450166,5.898474646855E-06,
    -1.949993190852));
#523 = CARTESIAN_POINT('',(-4.751513772214,6.240394847825E-05,
    -1.949991881044));
#524 = CARTESIAN_POINT('',(-4.750509464926,0.,-1.95));
#525 = CARTESIAN_POINT('',(-4.75,0.,-1.95));
#526 = ORIENTED_EDGE('',*,*,#489,.T.);
#527 = ORIENTED_EDGE('',*,*,#361,.T.);
#528 = ORIENTED_EDGE('',*,*,#529,.T.);
#529 = EDGE_CURVE('',#104,#530,#532,.T.);
#530 = VERTEX_POINT('',#531);
#531 = CARTESIAN_POINT('',(4.733660420738,0.109898261639,-1.93062197134)
  );
#532 = LINE('',#533,#534);
#533 = CARTESIAN_POINT('',(4.753031224027,4.853541016473E-05,
    -1.94998567281));
#534 = VECTOR('',#535,1.);
#535 = DIRECTION('',(-0.171100788444,0.97029402899,0.171038058632));
#536 = ORIENTED_EDGE('',*,*,#537,.T.);
#537 = EDGE_CURVE('',#530,#512,#538,.T.);
#538 = LINE('',#539,#540);
#539 = CARTESIAN_POINT('',(4.733660420738,0.109898261639,-1.93062197134)
  );
#540 = VECTOR('',#541,1.);
#541 = DIRECTION('',(-1.,0.,0.));
#542 = PLANE('',#543);
#543 = AXIS2_PLACEMENT_3D('',#544,#545,#546);
#544 = CARTESIAN_POINT('',(4.95,0.,-1.95));
#545 = DIRECTION('',(0.,0.173648177667,-0.984807753012));
#546 = DIRECTION('',(-1.,0.,0.));
#547 = ADVANCED_FACE('',(#548),#567,.T.);
#548 = FACE_BOUND('',#549,.T.);
#549 = EDGE_LOOP('',(#550,#559,#560,#561));
#550 = ORIENTED_EDGE('',*,*,#551,.T.);
#551 = EDGE_CURVE('',#552,#512,#554,.T.);
#552 = VERTEX_POINT('',#553);
#553 = CARTESIAN_POINT('',(-4.93062197134,0.109898261639,-1.733660420738
    ));
#554 = CIRCLE('',#555,0.2);
#555 = AXIS2_PLACEMENT_3D('',#556,#557,#558);
#556 = CARTESIAN_POINT('',(-4.733660420738,7.516862610594E-02,
    -1.733660420738));
#557 = DIRECTION('',(-0.171087869746,-0.970287525248,-0.171087869746));
#558 = DIRECTION('',(-0.984807753012,0.173648177667,-7.702172233337E-16)
  );
#559 = ORIENTED_EDGE('',*,*,#511,.F.);
#560 = ORIENTED_EDGE('',*,*,#318,.F.);
#561 = ORIENTED_EDGE('',*,*,#562,.T.);
#562 = EDGE_CURVE('',#290,#552,#563,.T.);
#563 = LINE('',#564,#565);
#564 = CARTESIAN_POINT('',(-4.94998567281,4.853541016328E-05,
    -1.753031224027));
#565 = VECTOR('',#566,1.);
#566 = DIRECTION('',(0.171038058632,0.97029402899,0.171100788444));
#567 = CYLINDRICAL_SURFACE('',#568,0.2);
#568 = AXIS2_PLACEMENT_3D('',#569,#570,#571);
#569 = CARTESIAN_POINT('',(-4.753038449398,-3.472963553339E-02,
    -1.753038449398));
#570 = DIRECTION('',(-0.171087869746,-0.970287525248,-0.171087869746));
#571 = DIRECTION('',(-0.984807753012,0.173648177667,-7.702172233337E-16)
  );
#572 = ADVANCED_FACE('',(#573),#624,.T.);
#573 = FACE_BOUND('',#574,.F.);
#574 = EDGE_LOOP('',(#575,#583,#593,#601,#609,#610,#618));
#575 = ORIENTED_EDGE('',*,*,#576,.F.);
#576 = EDGE_CURVE('',#230,#577,#579,.T.);
#577 = VERTEX_POINT('',#578);
#578 = CARTESIAN_POINT('',(-4.859239277485,0.514729635533,1.662277726883
    ));
#579 = LINE('',#580,#581);
#580 = CARTESIAN_POINT('',(-4.94998567281,4.853541016328E-05,
    1.753031224027));
#581 = VECTOR('',#582,1.);
#582 = DIRECTION('',(0.171077238525,0.97028891357,-0.171090627041));
#583 = ORIENTED_EDGE('',*,*,#584,.T.);
#584 = EDGE_CURVE('',#230,#585,#587,.T.);
#585 = VERTEX_POINT('',#586);
#586 = CARTESIAN_POINT('',(-4.95,0.,1.75));
#587 = B_SPLINE_CURVE_WITH_KNOTS('',3,(#588,#589,#590,#591,#592),
  .UNSPECIFIED.,.F.,.F.,(4,1,4),(0.,0.5,1.),.QUASI_UNIFORM_KNOTS.);
#588 = CARTESIAN_POINT('',(-4.94998567281,4.853541016328E-05,
    1.753031224027));
#589 = CARTESIAN_POINT('',(-4.949993190852,5.898474645282E-06,
    1.752535450166));
#590 = CARTESIAN_POINT('',(-4.949991881044,6.24039484713E-05,
    1.751513772214));
#591 = CARTESIAN_POINT('',(-4.95,0.,1.750509464926));
#592 = CARTESIAN_POINT('',(-4.95,0.,1.75));
#593 = ORIENTED_EDGE('',*,*,#594,.T.);
#594 = EDGE_CURVE('',#585,#595,#597,.T.);
#595 = VERTEX_POINT('',#596);
#596 = CARTESIAN_POINT('',(-4.95,0.,-1.75));
#597 = LINE('',#598,#599);
#598 = CARTESIAN_POINT('',(-4.95,0.,1.75));
#599 = VECTOR('',#600,1.);
#600 = DIRECTION('',(0.,0.,-1.));
#601 = ORIENTED_EDGE('',*,*,#602,.T.);
#602 = EDGE_CURVE('',#595,#290,#603,.T.);
#603 = B_SPLINE_CURVE_WITH_KNOTS('',3,(#604,#605,#606,#607,#608),
  .UNSPECIFIED.,.F.,.F.,(4,1,4),(0.,0.5,1.),.QUASI_UNIFORM_KNOTS.);
#604 = CARTESIAN_POINT('',(-4.95,0.,-1.75));
#605 = CARTESIAN_POINT('',(-4.95,0.,-1.750509464926));
#606 = CARTESIAN_POINT('',(-4.949991881044,6.240394847128E-05,
    -1.751513772214));
#607 = CARTESIAN_POINT('',(-4.949993190852,5.898474645322E-06,
    -1.752535450166));
#608 = CARTESIAN_POINT('',(-4.94998567281,4.853541016328E-05,
    -1.753031224027));
#609 = ORIENTED_EDGE('',*,*,#562,.T.);
#610 = ORIENTED_EDGE('',*,*,#611,.F.);
#611 = EDGE_CURVE('',#612,#552,#614,.T.);
#612 = VERTEX_POINT('',#613);
#613 = CARTESIAN_POINT('',(-4.859239277485,0.514729635533,
    -1.328829046844));
#614 = LINE('',#615,#616);
#615 = CARTESIAN_POINT('',(-4.859239277485,0.514729635533,
    -1.328829046844));
#616 = VECTOR('',#617,1.);
#617 = DIRECTION('',(-0.123724030206,-0.70167384316,-0.70167384316));
#618 = ORIENTED_EDGE('',*,*,#619,.T.);
#619 = EDGE_CURVE('',#612,#577,#620,.T.);
#620 = LINE('',#621,#622);
#621 = CARTESIAN_POINT('',(-4.859239277485,0.514729635533,
    -1.328829046844));
#622 = VECTOR('',#623,1.);
#623 = DIRECTION('',(0.,0.,1.));
#624 = PLANE('',#625);
#625 = AXIS2_PLACEMENT_3D('',#626,#627,#628);
#626 = CARTESIAN_POINT('',(-4.95,0.,-1.95));
#627 = DIRECTION('',(-0.984807753012,0.173648177667,0.));
#628 = DIRECTION('',(0.,0.,1.));
#629 = ADVANCED_FACE('',(#630),#649,.T.);
#630 = FACE_BOUND('',#631,.T.);
#631 = EDGE_LOOP('',(#632,#641,#642,#643));
#632 = ORIENTED_EDGE('',*,*,#633,.T.);
#633 = EDGE_CURVE('',#634,#577,#636,.T.);
#634 = VERTEX_POINT('',#635);
#635 = CARTESIAN_POINT('',(-4.662277726883,0.514729635533,1.859239277485
    ));
#636 = CIRCLE('',#637,0.2);
#637 = AXIS2_PLACEMENT_3D('',#638,#639,#640);
#638 = CARTESIAN_POINT('',(-4.662277726883,0.48,1.662277726883));
#639 = DIRECTION('',(-0.171087869746,-0.970287525248,0.171087869746));
#640 = DIRECTION('',(-7.702172233337E-16,0.173648177667,0.984807753012)
  );
#641 = ORIENTED_EDGE('',*,*,#576,.F.);
#642 = ORIENTED_EDGE('',*,*,#256,.F.);
#643 = ORIENTED_EDGE('',*,*,#644,.T.);
#644 = EDGE_CURVE('',#228,#634,#645,.T.);
#645 = LINE('',#646,#647);
#646 = CARTESIAN_POINT('',(-4.753031224027,4.85354101652E-05,
    1.94998567281));
#647 = VECTOR('',#648,1.);
#648 = DIRECTION('',(0.171090627041,0.97028891357,-0.171077238525));
#649 = CYLINDRICAL_SURFACE('',#650,0.2);
#650 = AXIS2_PLACEMENT_3D('',#651,#652,#653);
#651 = CARTESIAN_POINT('',(-4.753038449398,-3.472963553339E-02,
    1.753038449398));
#652 = DIRECTION('',(-0.171087869746,-0.970287525248,0.171087869746));
#653 = DIRECTION('',(-7.702172233337E-16,0.173648177667,0.984807753012)
  );
#654 = ADVANCED_FACE('',(#655),#698,.T.);
#655 = FACE_BOUND('',#656,.F.);
#656 = EDGE_LOOP('',(#657,#665,#675,#683,#691,#692));
#657 = ORIENTED_EDGE('',*,*,#658,.F.);
#658 = EDGE_CURVE('',#168,#659,#661,.T.);
#659 = VERTEX_POINT('',#660);
#660 = CARTESIAN_POINT('',(4.662277726883,0.514729635533,1.859239277485)
  );
#661 = LINE('',#662,#663);
#662 = CARTESIAN_POINT('',(4.753031224027,4.853541016475E-05,
    1.94998567281));
#663 = VECTOR('',#664,1.);
#664 = DIRECTION('',(-0.171090627041,0.97028891357,-0.171077238525));
#665 = ORIENTED_EDGE('',*,*,#666,.T.);
#666 = EDGE_CURVE('',#168,#667,#669,.T.);
#667 = VERTEX_POINT('',#668);
#668 = CARTESIAN_POINT('',(4.75,0.,1.95));
#669 = B_SPLINE_CURVE_WITH_KNOTS('',3,(#670,#671,#672,#673,#674),
  .UNSPECIFIED.,.F.,.F.,(4,1,4),(0.,0.5,1.),.QUASI_UNIFORM_KNOTS.);
#670 = CARTESIAN_POINT('',(4.753031224027,4.853541016475E-05,
    1.94998567281));
#671 = CARTESIAN_POINT('',(4.752535450166,5.89847464684E-06,
    1.949993190852));
#672 = CARTESIAN_POINT('',(4.751513772214,6.240394847567E-05,
    1.949991881044));
#673 = CARTESIAN_POINT('',(4.750509464926,0.,1.95));
#674 = CARTESIAN_POINT('',(4.75,0.,1.95));
#675 = ORIENTED_EDGE('',*,*,#676,.F.);
#676 = EDGE_CURVE('',#677,#667,#679,.T.);
#677 = VERTEX_POINT('',#678);
#678 = CARTESIAN_POINT('',(-4.75,0.,1.95));
#679 = LINE('',#680,#681);
#680 = CARTESIAN_POINT('',(-4.75,0.,1.95));
#681 = VECTOR('',#682,1.);
#682 = DIRECTION('',(1.,0.,0.));
#683 = ORIENTED_EDGE('',*,*,#684,.T.);
#684 = EDGE_CURVE('',#677,#228,#685,.T.);
#685 = B_SPLINE_CURVE_WITH_KNOTS('',3,(#686,#687,#688,#689,#690),
  .UNSPECIFIED.,.F.,.F.,(4,1,4),(0.,0.5,1.),.QUASI_UNIFORM_KNOTS.);
#686 = CARTESIAN_POINT('',(-4.75,0.,1.95));
#687 = CARTESIAN_POINT('',(-4.750509464926,0.,1.95));
#688 = CARTESIAN_POINT('',(-4.751513772214,6.240394847738E-05,
    1.949991881044));
#689 = CARTESIAN_POINT('',(-4.752535450166,5.89847464815E-06,
    1.949993190852));
#690 = CARTESIAN_POINT('',(-4.753031224027,4.85354101652E-05,
    1.94998567281));
#691 = ORIENTED_EDGE('',*,*,#644,.T.);
#692 = ORIENTED_EDGE('',*,*,#693,.T.);
#693 = EDGE_CURVE('',#634,#659,#694,.T.);
#694 = LINE('',#695,#696);
#695 = CARTESIAN_POINT('',(-4.662277726883,0.514729635533,1.859239277485
    ));
#696 = VECTOR('',#697,1.);
#697 = DIRECTION('',(1.,0.,0.));
#698 = PLANE('',#699);
#699 = AXIS2_PLACEMENT_3D('',#700,#701,#702);
#700 = CARTESIAN_POINT('',(-4.95,0.,1.95));
#701 = DIRECTION('',(0.,0.173648177667,0.984807753012));
#702 = DIRECTION('',(1.,0.,-0.));
#703 = ADVANCED_FACE('',(#704),#723,.T.);
#704 = FACE_BOUND('',#705,.T.);
#705 = EDGE_LOOP('',(#706,#715,#716,#717));
#706 = ORIENTED_EDGE('',*,*,#707,.T.);
#707 = EDGE_CURVE('',#708,#659,#710,.T.);
#708 = VERTEX_POINT('',#709);
#709 = CARTESIAN_POINT('',(4.859239277485,0.514729635533,1.662277726883)
  );
#710 = CIRCLE('',#711,0.2);
#711 = AXIS2_PLACEMENT_3D('',#712,#713,#714);
#712 = CARTESIAN_POINT('',(4.662277726883,0.48,1.662277726883));
#713 = DIRECTION('',(0.171087869746,-0.970287525248,0.171087869746));
#714 = DIRECTION('',(0.984807753012,0.173648177667,7.702172233337E-16));
#715 = ORIENTED_EDGE('',*,*,#658,.F.);
#716 = ORIENTED_EDGE('',*,*,#194,.F.);
#717 = ORIENTED_EDGE('',*,*,#718,.T.);
#718 = EDGE_CURVE('',#166,#708,#719,.T.);
#719 = LINE('',#720,#721);
#720 = CARTESIAN_POINT('',(4.94998567281,4.853541016328E-05,
    1.753031224027));
#721 = VECTOR('',#722,1.);
#722 = DIRECTION('',(-0.171077238525,0.97028891357,-0.171090627041));
#723 = CYLINDRICAL_SURFACE('',#724,0.2);
#724 = AXIS2_PLACEMENT_3D('',#725,#726,#727);
#725 = CARTESIAN_POINT('',(4.753038449398,-3.472963553339E-02,
    1.753038449398));
#726 = DIRECTION('',(0.171087869746,-0.970287525248,0.171087869746));
#727 = DIRECTION('',(0.984807753012,0.173648177667,7.702172233337E-16));
#728 = ADVANCED_FACE('',(#729),#771,.T.);
#729 = FACE_BOUND('',#730,.F.);
#730 = EDGE_LOOP('',(#731,#732,#740,#748,#754,#755,#763));
#731 = ORIENTED_EDGE('',*,*,#718,.T.);
#732 = ORIENTED_EDGE('',*,*,#733,.T.);
#733 = EDGE_CURVE('',#708,#734,#736,.T.);
#734 = VERTEX_POINT('',#735);
#735 = CARTESIAN_POINT('',(4.859239277485,0.514729635533,-1.328829046844
    ));
#736 = LINE('',#737,#738);
#737 = CARTESIAN_POINT('',(4.859239277485,0.514729635533,1.662277726883)
  );
#738 = VECTOR('',#739,1.);
#739 = DIRECTION('',(0.,0.,-1.));
#740 = ORIENTED_EDGE('',*,*,#741,.T.);
#741 = EDGE_CURVE('',#734,#742,#744,.T.);
#742 = VERTEX_POINT('',#743);
#743 = CARTESIAN_POINT('',(4.93062197134,0.109898261639,-1.733660420738)
  );
#744 = LINE('',#745,#746);
#745 = CARTESIAN_POINT('',(4.859239277485,0.514729635533,-1.328829046844
    ));
#746 = VECTOR('',#747,1.);
#747 = DIRECTION('',(0.123724030206,-0.70167384316,-0.70167384316));
#748 = ORIENTED_EDGE('',*,*,#749,.F.);
#749 = EDGE_CURVE('',#106,#742,#750,.T.);
#750 = LINE('',#751,#752);
#751 = CARTESIAN_POINT('',(4.94998567281,4.853541016328E-05,
    -1.753031224027));
#752 = VECTOR('',#753,1.);
#753 = DIRECTION('',(-0.171038058632,0.97029402899,0.171100788444));
#754 = ORIENTED_EDGE('',*,*,#370,.T.);
#755 = ORIENTED_EDGE('',*,*,#756,.F.);
#756 = EDGE_CURVE('',#757,#371,#759,.T.);
#757 = VERTEX_POINT('',#758);
#758 = CARTESIAN_POINT('',(4.95,0.,1.75));
#759 = LINE('',#760,#761);
#760 = CARTESIAN_POINT('',(4.95,0.,1.75));
#761 = VECTOR('',#762,1.);
#762 = DIRECTION('',(0.,0.,-1.));
#763 = ORIENTED_EDGE('',*,*,#764,.T.);
#764 = EDGE_CURVE('',#757,#166,#765,.T.);
#765 = B_SPLINE_CURVE_WITH_KNOTS('',3,(#766,#767,#768,#769,#770),
  .UNSPECIFIED.,.F.,.F.,(4,1,4),(0.,0.5,1.),.QUASI_UNIFORM_KNOTS.);
#766 = CARTESIAN_POINT('',(4.95,0.,1.75));
#767 = CARTESIAN_POINT('',(4.95,0.,1.750509464926));
#768 = CARTESIAN_POINT('',(4.949991881044,6.240394847127E-05,
    1.751513772214));
#769 = CARTESIAN_POINT('',(4.949993190852,5.898474645309E-06,
    1.752535450166));
#770 = CARTESIAN_POINT('',(4.94998567281,4.853541016328E-05,
    1.753031224027));
#771 = PLANE('',#772);
#772 = AXIS2_PLACEMENT_3D('',#773,#774,#775);
#773 = CARTESIAN_POINT('',(4.95,0.,1.95));
#774 = DIRECTION('',(0.984807753012,0.173648177667,0.));
#775 = DIRECTION('',(0.,0.,-1.));
#776 = ADVANCED_FACE('',(#777),#804,.T.);
#777 = FACE_BOUND('',#778,.T.);
#778 = EDGE_LOOP('',(#779,#788,#789,#798));
#779 = ORIENTED_EDGE('',*,*,#780,.T.);
#780 = EDGE_CURVE('',#781,#708,#783,.T.);
#781 = VERTEX_POINT('',#782);
#782 = CARTESIAN_POINT('',(4.662277726883,0.68,1.662277726883));
#783 = CIRCLE('',#784,0.2);
#784 = AXIS2_PLACEMENT_3D('',#785,#786,#787);
#785 = CARTESIAN_POINT('',(4.662277726883,0.48,1.662277726883));
#786 = DIRECTION('',(0.,0.,-1.));
#787 = DIRECTION('',(0.,1.,0.));
#788 = ORIENTED_EDGE('',*,*,#733,.T.);
#789 = ORIENTED_EDGE('',*,*,#790,.T.);
#790 = EDGE_CURVE('',#734,#791,#793,.T.);
#791 = VERTEX_POINT('',#792);
#792 = CARTESIAN_POINT('',(4.662277726883,0.68,-1.328829046844));
#793 = CIRCLE('',#794,0.2);
#794 = AXIS2_PLACEMENT_3D('',#795,#796,#797);
#795 = CARTESIAN_POINT('',(4.662277726883,0.48,-1.328829046844));
#796 = DIRECTION('',(0.,0.,1.));
#797 = DIRECTION('',(0.984807753012,0.173648177667,-0.));
#798 = ORIENTED_EDGE('',*,*,#799,.F.);
#799 = EDGE_CURVE('',#781,#791,#800,.T.);
#800 = LINE('',#801,#802);
#801 = CARTESIAN_POINT('',(4.662277726883,0.68,1.662277726883));
#802 = VECTOR('',#803,1.);
#803 = DIRECTION('',(0.,0.,-1.));
#804 = CYLINDRICAL_SURFACE('',#805,0.2);
#805 = AXIS2_PLACEMENT_3D('',#806,#807,#808);
#806 = CARTESIAN_POINT('',(4.662277726883,0.48,1.859239277485));
#807 = DIRECTION('',(0.,0.,-1.));
#808 = DIRECTION('',(0.,1.,0.));
#809 = ADVANCED_FACE('',(#810),#835,.T.);
#810 = FACE_BOUND('',#811,.F.);
#811 = EDGE_LOOP('',(#812,#820,#821,#829));
#812 = ORIENTED_EDGE('',*,*,#813,.T.);
#813 = EDGE_CURVE('',#814,#791,#816,.T.);
#814 = VERTEX_POINT('',#815);
#815 = CARTESIAN_POINT('',(-4.662277726883,0.68,-1.328829046844));
#816 = LINE('',#817,#818);
#817 = CARTESIAN_POINT('',(-4.662277726883,0.68,-1.328829046844));
#818 = VECTOR('',#819,1.);
#819 = DIRECTION('',(1.,0.,0.));
#820 = ORIENTED_EDGE('',*,*,#799,.F.);
#821 = ORIENTED_EDGE('',*,*,#822,.F.);
#822 = EDGE_CURVE('',#823,#781,#825,.T.);
#823 = VERTEX_POINT('',#824);
#824 = CARTESIAN_POINT('',(-4.662277726883,0.68,1.662277726883));
#825 = LINE('',#826,#827);
#826 = CARTESIAN_POINT('',(-4.662277726883,0.68,1.662277726883));
#827 = VECTOR('',#828,1.);
#828 = DIRECTION('',(1.,0.,0.));
#829 = ORIENTED_EDGE('',*,*,#830,.F.);
#830 = EDGE_CURVE('',#814,#823,#831,.T.);
#831 = LINE('',#832,#833);
#832 = CARTESIAN_POINT('',(-4.662277726883,0.68,-1.328829046844));
#833 = VECTOR('',#834,1.);
#834 = DIRECTION('',(0.,0.,1.));
#835 = PLANE('',#836);
#836 = AXIS2_PLACEMENT_3D('',#837,#838,#839);
#837 = CARTESIAN_POINT('',(0.,0.68,0.));
#838 = DIRECTION('',(0.,1.,0.));
#839 = DIRECTION('',(1.,0.,0.));
#840 = ADVANCED_FACE('',(#841),#868,.T.);
#841 = FACE_BOUND('',#842,.T.);
#842 = EDGE_LOOP('',(#843,#852,#860,#867));
#843 = ORIENTED_EDGE('',*,*,#844,.T.);
#844 = EDGE_CURVE('',#791,#845,#847,.T.);
#845 = VERTEX_POINT('',#846);
#846 = CARTESIAN_POINT('',(4.662277726883,0.621421356237,-1.470250403081
    ));
#847 = CIRCLE('',#848,0.2);
#848 = AXIS2_PLACEMENT_3D('',#849,#850,#851);
#849 = CARTESIAN_POINT('',(4.662277726883,0.48,-1.328829046844));
#850 = DIRECTION('',(-1.,0.,0.));
#851 = DIRECTION('',(0.,1.,0.));
#852 = ORIENTED_EDGE('',*,*,#853,.F.);
#853 = EDGE_CURVE('',#854,#845,#856,.T.);
#854 = VERTEX_POINT('',#855);
#855 = CARTESIAN_POINT('',(-4.662277726883,0.621421356237,
    -1.470250403081));
#856 = LINE('',#857,#858);
#857 = CARTESIAN_POINT('',(-4.662277726883,0.621421356237,
    -1.470250403081));
#858 = VECTOR('',#859,1.);
#859 = DIRECTION('',(1.,0.,0.));
#860 = ORIENTED_EDGE('',*,*,#861,.T.);
#861 = EDGE_CURVE('',#854,#814,#862,.T.);
#862 = CIRCLE('',#863,0.2);
#863 = AXIS2_PLACEMENT_3D('',#864,#865,#866);
#864 = CARTESIAN_POINT('',(-4.662277726883,0.48,-1.328829046844));
#865 = DIRECTION('',(1.,0.,0.));
#866 = DIRECTION('',(0.,0.707106781187,-0.707106781187));
#867 = ORIENTED_EDGE('',*,*,#813,.T.);
#868 = CYLINDRICAL_SURFACE('',#869,0.2);
#869 = AXIS2_PLACEMENT_3D('',#870,#871,#872);
#870 = CARTESIAN_POINT('',(-4.662277726883,0.48,-1.328829046844));
#871 = DIRECTION('',(-1.,0.,0.));
#872 = DIRECTION('',(0.,1.,0.));
#873 = ADVANCED_FACE('',(#874),#891,.T.);
#874 = FACE_BOUND('',#875,.T.);
#875 = EDGE_LOOP('',(#876,#877,#884));
#876 = ORIENTED_EDGE('',*,*,#861,.F.);
#877 = ORIENTED_EDGE('',*,*,#878,.F.);
#878 = EDGE_CURVE('',#612,#854,#879,.T.);
#879 = CIRCLE('',#880,0.2);
#880 = AXIS2_PLACEMENT_3D('',#881,#882,#883);
#881 = CARTESIAN_POINT('',(-4.662277726883,0.48,-1.328829046844));
#882 = DIRECTION('',(-0.123724030206,-0.70167384316,-0.70167384316));
#883 = DIRECTION('',(-0.984807753012,0.173648177667,2.102484852884E-14)
  );
#884 = ORIENTED_EDGE('',*,*,#885,.F.);
#885 = EDGE_CURVE('',#814,#612,#886,.T.);
#886 = CIRCLE('',#887,0.2);
#887 = AXIS2_PLACEMENT_3D('',#888,#889,#890);
#888 = CARTESIAN_POINT('',(-4.662277726883,0.48,-1.328829046844));
#889 = DIRECTION('',(0.,-0.,1.));
#890 = DIRECTION('',(0.,1.,0.));
#891 = SPHERICAL_SURFACE('',#892,0.2);
#892 = AXIS2_PLACEMENT_3D('',#893,#894,#895);
#893 = CARTESIAN_POINT('',(-4.662277726883,0.48,-1.328829046844));
#894 = DIRECTION('',(0.,0.382683432365,0.923879532511));
#895 = DIRECTION('',(0.,0.923879532511,-0.382683432365));
#896 = ADVANCED_FACE('',(#897),#909,.T.);
#897 = FACE_BOUND('',#898,.T.);
#898 = EDGE_LOOP('',(#899,#900,#901,#908));
#899 = ORIENTED_EDGE('',*,*,#885,.T.);
#900 = ORIENTED_EDGE('',*,*,#619,.T.);
#901 = ORIENTED_EDGE('',*,*,#902,.T.);
#902 = EDGE_CURVE('',#577,#823,#903,.T.);
#903 = CIRCLE('',#904,0.2);
#904 = AXIS2_PLACEMENT_3D('',#905,#906,#907);
#905 = CARTESIAN_POINT('',(-4.662277726883,0.48,1.662277726883));
#906 = DIRECTION('',(0.,0.,-1.));
#907 = DIRECTION('',(-0.984807753012,0.173648177667,0.));
#908 = ORIENTED_EDGE('',*,*,#830,.F.);
#909 = CYLINDRICAL_SURFACE('',#910,0.2);
#910 = AXIS2_PLACEMENT_3D('',#911,#912,#913);
#911 = CARTESIAN_POINT('',(-4.662277726883,0.48,-1.411671759318));
#912 = DIRECTION('',(0.,0.,1.));
#913 = DIRECTION('',(0.,1.,0.));
#914 = ADVANCED_FACE('',(#915),#926,.T.);
#915 = FACE_BOUND('',#916,.T.);
#916 = EDGE_LOOP('',(#917,#924,#925));
#917 = ORIENTED_EDGE('',*,*,#918,.F.);
#918 = EDGE_CURVE('',#823,#634,#919,.T.);
#919 = CIRCLE('',#920,0.2);
#920 = AXIS2_PLACEMENT_3D('',#921,#922,#923);
#921 = CARTESIAN_POINT('',(-4.662277726883,0.48,1.662277726883));
#922 = DIRECTION('',(1.,0.,0.));
#923 = DIRECTION('',(-0.,1.,0.));
#924 = ORIENTED_EDGE('',*,*,#902,.F.);
#925 = ORIENTED_EDGE('',*,*,#633,.F.);
#926 = SPHERICAL_SURFACE('',#927,0.2);
#927 = AXIS2_PLACEMENT_3D('',#928,#929,#930);
#928 = CARTESIAN_POINT('',(-4.662277726883,0.48,1.662277726883));
#929 = DIRECTION('',(0.,-0.642787609687,0.766044443119));
#930 = DIRECTION('',(0.,0.766044443119,0.642787609687));
#931 = ADVANCED_FACE('',(#932),#944,.T.);
#932 = FACE_BOUND('',#933,.T.);
#933 = EDGE_LOOP('',(#934,#935,#936,#943));
#934 = ORIENTED_EDGE('',*,*,#918,.T.);
#935 = ORIENTED_EDGE('',*,*,#693,.T.);
#936 = ORIENTED_EDGE('',*,*,#937,.T.);
#937 = EDGE_CURVE('',#659,#781,#938,.T.);
#938 = CIRCLE('',#939,0.2);
#939 = AXIS2_PLACEMENT_3D('',#940,#941,#942);
#940 = CARTESIAN_POINT('',(4.662277726883,0.48,1.662277726883));
#941 = DIRECTION('',(-1.,0.,0.));
#942 = DIRECTION('',(0.,0.173648177667,0.984807753012));
#943 = ORIENTED_EDGE('',*,*,#822,.F.);
#944 = CYLINDRICAL_SURFACE('',#945,0.2);
#945 = AXIS2_PLACEMENT_3D('',#946,#947,#948);
#946 = CARTESIAN_POINT('',(-4.662277726883,0.48,1.662277726883));
#947 = DIRECTION('',(1.,0.,0.));
#948 = DIRECTION('',(-0.,1.,0.));
#949 = ADVANCED_FACE('',(#950),#955,.T.);
#950 = FACE_BOUND('',#951,.T.);
#951 = EDGE_LOOP('',(#952,#953,#954));
#952 = ORIENTED_EDGE('',*,*,#707,.F.);
#953 = ORIENTED_EDGE('',*,*,#780,.F.);
#954 = ORIENTED_EDGE('',*,*,#937,.F.);
#955 = SPHERICAL_SURFACE('',#956,0.2);
#956 = AXIS2_PLACEMENT_3D('',#957,#958,#959);
#957 = CARTESIAN_POINT('',(4.662277726883,0.48,1.662277726883));
#958 = DIRECTION('',(-0.707106781187,0.,0.707106781187));
#959 = DIRECTION('',(0.686096888803,0.241954785752,0.686096888803));
#960 = ADVANCED_FACE('',(#961),#980,.T.);
#961 = FACE_BOUND('',#962,.T.);
#962 = EDGE_LOOP('',(#963,#964,#972,#979));
#963 = ORIENTED_EDGE('',*,*,#878,.T.);
#964 = ORIENTED_EDGE('',*,*,#965,.T.);
#965 = EDGE_CURVE('',#854,#966,#968,.T.);
#966 = VERTEX_POINT('',#967);
#967 = CARTESIAN_POINT('',(-4.733660420738,0.216589982343,
    -1.875081776975));
#968 = LINE('',#969,#970);
#969 = CARTESIAN_POINT('',(-4.662277726883,0.621421356237,
    -1.470250403081));
#970 = VECTOR('',#971,1.);
#971 = DIRECTION('',(-0.123724030206,-0.70167384316,-0.70167384316));
#972 = ORIENTED_EDGE('',*,*,#973,.T.);
#973 = EDGE_CURVE('',#966,#552,#974,.T.);
#974 = CIRCLE('',#975,0.2);
#975 = AXIS2_PLACEMENT_3D('',#976,#977,#978);
#976 = CARTESIAN_POINT('',(-4.733660420738,7.516862610594E-02,
    -1.733660420738));
#977 = DIRECTION('',(0.123724030206,0.70167384316,0.70167384316));
#978 = DIRECTION('',(0.,0.707106781187,-0.707106781187));
#979 = ORIENTED_EDGE('',*,*,#611,.F.);
#980 = CYLINDRICAL_SURFACE('',#981,0.2);
#981 = AXIS2_PLACEMENT_3D('',#982,#983,#984);
#982 = CARTESIAN_POINT('',(-4.651948731494,0.538578643763,
    -1.270250403081));
#983 = DIRECTION('',(-0.123724030206,-0.70167384316,-0.70167384316));
#984 = DIRECTION('',(-0.984807753012,0.173648177667,2.102484852884E-14)
  );
#985 = ADVANCED_FACE('',(#986),#997,.T.);
#986 = FACE_BOUND('',#987,.T.);
#987 = EDGE_LOOP('',(#988,#995,#996));
#988 = ORIENTED_EDGE('',*,*,#989,.F.);
#989 = EDGE_CURVE('',#512,#966,#990,.T.);
#990 = CIRCLE('',#991,0.2);
#991 = AXIS2_PLACEMENT_3D('',#992,#993,#994);
#992 = CARTESIAN_POINT('',(-4.733660420738,7.516862610594E-02,
    -1.733660420738));
#993 = DIRECTION('',(1.,0.,0.));
#994 = DIRECTION('',(0.,0.173648177667,-0.984807753012));
#995 = ORIENTED_EDGE('',*,*,#551,.F.);
#996 = ORIENTED_EDGE('',*,*,#973,.F.);
#997 = SPHERICAL_SURFACE('',#998,0.2);
#998 = AXIS2_PLACEMENT_3D('',#999,#1000,#1001);
#999 = CARTESIAN_POINT('',(-4.733660420738,7.516862610594E-02,
    -1.733660420738));
#1000 = DIRECTION('',(0.,0.887010833178,0.461748613235));
#1001 = DIRECTION('',(0.,0.461748613235,-0.887010833178));
#1002 = ADVANCED_FACE('',(#1003),#1022,.T.);
#1003 = FACE_BOUND('',#1004,.T.);
#1004 = EDGE_LOOP('',(#1005,#1006,#1014,#1021));
#1005 = ORIENTED_EDGE('',*,*,#989,.T.);
#1006 = ORIENTED_EDGE('',*,*,#1007,.F.);
#1007 = EDGE_CURVE('',#1008,#966,#1010,.T.);
#1008 = VERTEX_POINT('',#1009);
#1009 = CARTESIAN_POINT('',(4.733660420738,0.216589982343,
    -1.875081776975));
#1010 = LINE('',#1011,#1012);
#1011 = CARTESIAN_POINT('',(4.733660420738,0.216589982343,
    -1.875081776975));
#1012 = VECTOR('',#1013,1.);
#1013 = DIRECTION('',(-1.,0.,0.));
#1014 = ORIENTED_EDGE('',*,*,#1015,.T.);
#1015 = EDGE_CURVE('',#1008,#530,#1016,.T.);
#1016 = CIRCLE('',#1017,0.2);
#1017 = AXIS2_PLACEMENT_3D('',#1018,#1019,#1020);
#1018 = CARTESIAN_POINT('',(4.733660420738,7.516862610594E-02,
    -1.733660420738));
#1019 = DIRECTION('',(-1.,0.,0.));
#1020 = DIRECTION('',(0.,0.707106781187,-0.707106781187));
#1021 = ORIENTED_EDGE('',*,*,#537,.T.);
#1022 = CYLINDRICAL_SURFACE('',#1023,0.2);
#1023 = AXIS2_PLACEMENT_3D('',#1024,#1025,#1026);
#1024 = CARTESIAN_POINT('',(4.733660420738,7.516862610594E-02,
    -1.733660420738));
#1025 = DIRECTION('',(1.,0.,0.));
#1026 = DIRECTION('',(0.,0.173648177667,-0.984807753012));
#1027 = ADVANCED_FACE('',(#1028),#1045,.T.);
#1028 = FACE_BOUND('',#1029,.T.);
#1029 = EDGE_LOOP('',(#1030,#1031,#1038));
#1030 = ORIENTED_EDGE('',*,*,#1015,.F.);
#1031 = ORIENTED_EDGE('',*,*,#1032,.F.);
#1032 = EDGE_CURVE('',#742,#1008,#1033,.T.);
#1033 = CIRCLE('',#1034,0.2);
#1034 = AXIS2_PLACEMENT_3D('',#1035,#1036,#1037);
#1035 = CARTESIAN_POINT('',(4.733660420738,7.516862610594E-02,
    -1.733660420738));
#1036 = DIRECTION('',(-0.123724030206,0.70167384316,0.70167384316));
#1037 = DIRECTION('',(0.984807753012,0.173648177667,2.102484852884E-14)
  );
#1038 = ORIENTED_EDGE('',*,*,#1039,.F.);
#1039 = EDGE_CURVE('',#530,#742,#1040,.T.);
#1040 = CIRCLE('',#1041,0.2);
#1041 = AXIS2_PLACEMENT_3D('',#1042,#1043,#1044);
#1042 = CARTESIAN_POINT('',(4.733660420738,7.516862610594E-02,
    -1.733660420738));
#1043 = DIRECTION('',(0.171087869746,-0.970287525248,-0.171087869746));
#1044 = DIRECTION('',(7.702172233337E-16,0.173648177667,-0.984807753012)
  );
#1045 = SPHERICAL_SURFACE('',#1046,0.2);
#1046 = AXIS2_PLACEMENT_3D('',#1047,#1048,#1049);
#1047 = CARTESIAN_POINT('',(4.733660420738,7.516862610594E-02,
    -1.733660420738));
#1048 = DIRECTION('',(0.,-0.887010833178,-0.461748613235));
#1049 = DIRECTION('',(0.,0.461748613235,-0.887010833178));
#1050 = ADVANCED_FACE('',(#1051),#1057,.T.);
#1051 = FACE_BOUND('',#1052,.T.);
#1052 = EDGE_LOOP('',(#1053,#1054,#1055,#1056));
#1053 = ORIENTED_EDGE('',*,*,#1039,.T.);
#1054 = ORIENTED_EDGE('',*,*,#749,.F.);
#1055 = ORIENTED_EDGE('',*,*,#132,.F.);
#1056 = ORIENTED_EDGE('',*,*,#529,.T.);
#1057 = CYLINDRICAL_SURFACE('',#1058,0.2);
#1058 = AXIS2_PLACEMENT_3D('',#1059,#1060,#1061);
#1059 = CARTESIAN_POINT('',(4.753038449398,-3.472963553339E-02,
    -1.753038449398));
#1060 = DIRECTION('',(0.171087869746,-0.970287525248,-0.171087869746));
#1061 = DIRECTION('',(7.702172233337E-16,0.173648177667,-0.984807753012)
  );
#1062 = ADVANCED_FACE('',(#1063),#1080,.T.);
#1063 = FACE_BOUND('',#1064,.T.);
#1064 = EDGE_LOOP('',(#1065,#1066,#1072,#1079));
#1065 = ORIENTED_EDGE('',*,*,#1032,.T.);
#1066 = ORIENTED_EDGE('',*,*,#1067,.F.);
#1067 = EDGE_CURVE('',#845,#1008,#1068,.T.);
#1068 = LINE('',#1069,#1070);
#1069 = CARTESIAN_POINT('',(4.662277726883,0.621421356237,
    -1.470250403081));
#1070 = VECTOR('',#1071,1.);
#1071 = DIRECTION('',(0.123724030206,-0.70167384316,-0.70167384316));
#1072 = ORIENTED_EDGE('',*,*,#1073,.T.);
#1073 = EDGE_CURVE('',#845,#734,#1074,.T.);
#1074 = CIRCLE('',#1075,0.2);
#1075 = AXIS2_PLACEMENT_3D('',#1076,#1077,#1078);
#1076 = CARTESIAN_POINT('',(4.662277726883,0.48,-1.328829046844));
#1077 = DIRECTION('',(0.123724030206,-0.70167384316,-0.70167384316));
#1078 = DIRECTION('',(0.,0.707106781187,-0.707106781187));
#1079 = ORIENTED_EDGE('',*,*,#741,.T.);
#1080 = CYLINDRICAL_SURFACE('',#1081,0.2);
#1081 = AXIS2_PLACEMENT_3D('',#1082,#1083,#1084);
#1082 = CARTESIAN_POINT('',(4.651948731494,0.538578643763,
    -1.270250403081));
#1083 = DIRECTION('',(-0.123724030206,0.70167384316,0.70167384316));
#1084 = DIRECTION('',(0.984807753012,0.173648177667,2.102484852884E-14)
  );
#1085 = ADVANCED_FACE('',(#1086),#1091,.T.);
#1086 = FACE_BOUND('',#1087,.T.);
#1087 = EDGE_LOOP('',(#1088,#1089,#1090));
#1088 = ORIENTED_EDGE('',*,*,#844,.F.);
#1089 = ORIENTED_EDGE('',*,*,#790,.F.);
#1090 = ORIENTED_EDGE('',*,*,#1073,.F.);
#1091 = SPHERICAL_SURFACE('',#1092,0.2);
#1092 = AXIS2_PLACEMENT_3D('',#1093,#1094,#1095);
#1093 = CARTESIAN_POINT('',(4.662277726883,0.48,-1.328829046844));
#1094 = DIRECTION('',(0.,-0.382683432365,-0.923879532511));
#1095 = DIRECTION('',(0.,0.923879532511,-0.382683432365));
#1096 = ADVANCED_FACE('',(#1097),#1103,.F.);
#1097 = FACE_BOUND('',#1098,.F.);
#1098 = EDGE_LOOP('',(#1099,#1100,#1101,#1102));
#1099 = ORIENTED_EDGE('',*,*,#965,.T.);
#1100 = ORIENTED_EDGE('',*,*,#1007,.F.);
#1101 = ORIENTED_EDGE('',*,*,#1067,.F.);
#1102 = ORIENTED_EDGE('',*,*,#853,.F.);
#1103 = PLANE('',#1104);
#1104 = AXIS2_PLACEMENT_3D('',#1105,#1106,#1107);
#1105 = CARTESIAN_POINT('',(-5.94,0.68,-1.411671759318));
#1106 = DIRECTION('',(0.,-0.707106781187,0.707106781187));
#1107 = DIRECTION('',(0.,-0.707106781187,-0.707106781187));
#1108 = ADVANCED_FACE('',(#1109),#1127,.T.);
#1109 = FACE_BOUND('',#1110,.F.);
#1110 = EDGE_LOOP('',(#1111,#1119,#1125,#1126));
#1111 = ORIENTED_EDGE('',*,*,#1112,.T.);
#1112 = EDGE_CURVE('',#381,#1113,#1115,.T.);
#1113 = VERTEX_POINT('',#1114);
#1114 = CARTESIAN_POINT('',(4.95,-0.19,1.75));
#1115 = LINE('',#1116,#1117);
#1116 = CARTESIAN_POINT('',(4.95,-0.19,-1.75));
#1117 = VECTOR('',#1118,1.);
#1118 = DIRECTION('',(0.,0.,1.));
#1119 = ORIENTED_EDGE('',*,*,#1120,.F.);
#1120 = EDGE_CURVE('',#757,#1113,#1121,.T.);
#1121 = LINE('',#1122,#1123);
#1122 = CARTESIAN_POINT('',(4.95,0.,1.75));
#1123 = VECTOR('',#1124,1.);
#1124 = DIRECTION('',(0.,-1.,0.));
#1125 = ORIENTED_EDGE('',*,*,#756,.T.);
#1126 = ORIENTED_EDGE('',*,*,#380,.T.);
#1127 = PLANE('',#1128);
#1128 = AXIS2_PLACEMENT_3D('',#1129,#1130,#1131);
#1129 = CARTESIAN_POINT('',(4.95,0.,-1.75));
#1130 = DIRECTION('',(1.,0.,0.));
#1131 = DIRECTION('',(0.,0.,1.));
#1132 = ADVANCED_FACE('',(#1133),#1168,.T.);
#1133 = FACE_BOUND('',#1134,.T.);
#1134 = EDGE_LOOP('',(#1135,#1144,#1152,#1160,#1166,#1167));
#1135 = ORIENTED_EDGE('',*,*,#1136,.T.);
#1136 = EDGE_CURVE('',#1113,#1137,#1139,.T.);
#1137 = VERTEX_POINT('',#1138);
#1138 = CARTESIAN_POINT('',(4.949985662224,-0.190048595448,
    1.753031213563));
#1139 = B_SPLINE_CURVE_WITH_KNOTS('',3,(#1140,#1141,#1142,#1143),
  .UNSPECIFIED.,.F.,.F.,(4,4),(0.,1.),.PIECEWISE_BEZIER_KNOTS.);
#1140 = CARTESIAN_POINT('',(4.95,-0.19,1.75));
#1141 = CARTESIAN_POINT('',(4.95,-0.19,1.75100616347));
#1142 = CARTESIAN_POINT('',(4.950000862099,-0.189962392669,
    1.752028864835));
#1143 = CARTESIAN_POINT('',(4.949985662224,-0.190048595448,
    1.753031213563));
#1144 = ORIENTED_EDGE('',*,*,#1145,.T.);
#1145 = EDGE_CURVE('',#1137,#1146,#1148,.T.);
#1146 = VERTEX_POINT('',#1147);
#1147 = CARTESIAN_POINT('',(4.859239277485,-0.704729635533,
    1.662277726883));
#1148 = LINE('',#1149,#1150);
#1149 = CARTESIAN_POINT('',(4.949985662224,-0.190048595448,
    1.753031213563));
#1150 = VECTOR('',#1151,1.);
#1151 = DIRECTION('',(-0.171077238517,-0.970288913532,-0.171090627267));
#1152 = ORIENTED_EDGE('',*,*,#1153,.F.);
#1153 = EDGE_CURVE('',#1154,#1146,#1156,.T.);
#1154 = VERTEX_POINT('',#1155);
#1155 = CARTESIAN_POINT('',(4.859239277485,-0.704729635533,
    -1.662277726883));
#1156 = LINE('',#1157,#1158);
#1157 = CARTESIAN_POINT('',(4.859239277485,-0.704729635533,
    -1.662277726883));
#1158 = VECTOR('',#1159,1.);
#1159 = DIRECTION('',(0.,0.,1.));
#1160 = ORIENTED_EDGE('',*,*,#1161,.F.);
#1161 = EDGE_CURVE('',#389,#1154,#1162,.T.);
#1162 = LINE('',#1163,#1164);
#1163 = CARTESIAN_POINT('',(4.949985662224,-0.190048595448,
    -1.753031213553));
#1164 = VECTOR('',#1165,1.);
#1165 = DIRECTION('',(-0.171077238518,-0.970288913535,0.171090627248));
#1166 = ORIENTED_EDGE('',*,*,#388,.T.);
#1167 = ORIENTED_EDGE('',*,*,#1112,.T.);
#1168 = PLANE('',#1169);
#1169 = AXIS2_PLACEMENT_3D('',#1170,#1171,#1172);
#1170 = CARTESIAN_POINT('',(4.95,-0.19,-1.95));
#1171 = DIRECTION('',(0.984807753012,-0.173648177667,0.));
#1172 = DIRECTION('',(0.,0.,1.));
#1173 = ADVANCED_FACE('',(#1174),#1210,.T.);
#1174 = FACE_BOUND('',#1175,.T.);
#1175 = EDGE_LOOP('',(#1176,#1183,#1184,#1209));
#1176 = ORIENTED_EDGE('',*,*,#1177,.T.);
#1177 = EDGE_CURVE('',#1154,#441,#1178,.T.);
#1178 = CIRCLE('',#1179,0.2);
#1179 = AXIS2_PLACEMENT_3D('',#1180,#1181,#1182);
#1180 = CARTESIAN_POINT('',(4.662277726883,-0.67,-1.662277726883));
#1181 = DIRECTION('',(0.171087869746,0.970287525248,-0.171087869746));
#1182 = DIRECTION('',(0.984807753012,-0.173648177667,-7.702172233337E-16
    ));
#1183 = ORIENTED_EDGE('',*,*,#440,.F.);
#1184 = ORIENTED_EDGE('',*,*,#1185,.F.);
#1185 = EDGE_CURVE('',#389,#398,#1186,.T.);
#1186 = B_SPLINE_CURVE_WITH_KNOTS('',3,(#1187,#1188,#1189,#1190,#1191,
    #1192,#1193,#1194,#1195,#1196,#1197,#1198,#1199,#1200,#1201,#1202,
    #1203,#1204,#1205,#1206,#1207,#1208),.UNSPECIFIED.,.F.,.F.,(4,1,1,1,
    1,1,1,1,1,1,1,1,1,1,1,1,1,1,1,4),(0.,5.263157894737E-02,
    0.105263157895,0.157894736842,0.21052631579,0.263157894737,
    0.315789473684,0.368421052632,0.421052631579,0.473684210526,
    0.526315789474,0.578947368421,0.631578947368,0.684210526316,
    0.736842105263,0.789473684211,0.842105263158,0.894736842105,
    0.947368421053,1.),.UNSPECIFIED.);
#1187 = CARTESIAN_POINT('',(4.949985662224,-0.190048595448,
    -1.753031213553));
#1188 = CARTESIAN_POINT('',(4.949985662224,-0.190048595448,
    -1.758592227683));
#1189 = CARTESIAN_POINT('',(4.949551759206,-0.189977446774,
    -1.769651834551));
#1190 = CARTESIAN_POINT('',(4.947506155278,-0.190006043119,
    -1.786074938244));
#1191 = CARTESIAN_POINT('',(4.944156052205,-0.189998380751,
    -1.802141828614));
#1192 = CARTESIAN_POINT('',(4.939495018345,-0.190000433876,
    -1.817861384144));
#1193 = CARTESIAN_POINT('',(4.933598005995,-0.189999883744,
    -1.83302420056));
#1194 = CARTESIAN_POINT('',(4.92647774305,-0.190000031148,
    -1.847631561297));
#1195 = CARTESIAN_POINT('',(4.918201773399,-0.189999991665,
    -1.861545709142));
#1196 = CARTESIAN_POINT('',(4.908835025973,-0.190000002193,
    -1.874684355093));
#1197 = CARTESIAN_POINT('',(4.898395823231,-0.189999999561,
    -1.887017042985));
#1198 = CARTESIAN_POINT('',(4.887017042985,-0.189999999561,
    -1.898395823231));
#1199 = CARTESIAN_POINT('',(4.874684355093,-0.190000002193,
    -1.908835025973));
#1200 = CARTESIAN_POINT('',(4.861545709142,-0.189999991665,
    -1.918201773399));
#1201 = CARTESIAN_POINT('',(4.847631561297,-0.190000031148,
    -1.92647774305));
#1202 = CARTESIAN_POINT('',(4.83302420056,-0.189999883744,
    -1.933598005995));
#1203 = CARTESIAN_POINT('',(4.817861384144,-0.190000433876,
    -1.939495018345));
#1204 = CARTESIAN_POINT('',(4.802141828614,-0.189998380751,
    -1.944156052205));
#1205 = CARTESIAN_POINT('',(4.786074938244,-0.190006043119,
    -1.947506155278));
#1206 = CARTESIAN_POINT('',(4.769651834551,-0.189977446774,
    -1.949551759206));
#1207 = CARTESIAN_POINT('',(4.758592227683,-0.190048595448,
    -1.949985662224));
#1208 = CARTESIAN_POINT('',(4.753031213563,-0.190048595448,
    -1.949985662224));
#1209 = ORIENTED_EDGE('',*,*,#1161,.T.);
#1210 = CYLINDRICAL_SURFACE('',#1211,0.2);
#1211 = AXIS2_PLACEMENT_3D('',#1212,#1213,#1214);
#1212 = CARTESIAN_POINT('',(4.753038449398,-0.155270364467,
    -1.753038449398));
#1213 = DIRECTION('',(0.171087869746,0.970287525248,-0.171087869746));
#1214 = DIRECTION('',(0.984807753012,-0.173648177667,-7.702172233337E-16
    ));
#1215 = ADVANCED_FACE('',(#1216),#1270,.F.);
#1216 = FACE_BOUND('',#1217,.F.);
#1217 = EDGE_LOOP('',(#1218,#1245));
#1218 = ORIENTED_EDGE('',*,*,#1219,.F.);
#1219 = EDGE_CURVE('',#1220,#457,#1222,.T.);
#1220 = VERTEX_POINT('',#1221);
#1221 = CARTESIAN_POINT('',(-4.949985662224,-0.190048595448,
    -1.753031213563));
#1222 = B_SPLINE_CURVE_WITH_KNOTS('',3,(#1223,#1224,#1225,#1226,#1227,
    #1228,#1229,#1230,#1231,#1232,#1233,#1234,#1235,#1236,#1237,#1238,
    #1239,#1240,#1241,#1242,#1243,#1244),.UNSPECIFIED.,.F.,.F.,(4,1,1,1,
    1,1,1,1,1,1,1,1,1,1,1,1,1,1,1,4),(0.,5.263157894737E-02,
    0.105263157895,0.157894736842,0.21052631579,0.263157894737,
    0.315789473684,0.368421052632,0.421052631579,0.473684210526,
    0.526315789474,0.578947368421,0.631578947368,0.684210526316,
    0.736842105263,0.789473684211,0.842105263158,0.894736842105,
    0.947368421053,1.),.UNSPECIFIED.);
#1223 = CARTESIAN_POINT('',(-4.949985662224,-0.190048595448,
    -1.753031213563));
#1224 = CARTESIAN_POINT('',(-4.949903577563,-0.190048595448,
    -1.758444248293));
#1225 = CARTESIAN_POINT('',(-4.949288880932,-0.189977446774,
    -1.769234609888));
#1226 = CARTESIAN_POINT('',(-4.947081080349,-0.190006043119,
    -1.785316864878));
#1227 = CARTESIAN_POINT('',(-4.943572128145,-0.189998380751,
    -1.801160905813));
#1228 = CARTESIAN_POINT('',(-4.938793092114,-0.190000433876,
    -1.816670469596));
#1229 = CARTESIAN_POINT('',(-4.932773223931,-0.189999883744,
    -1.831741559999));
#1230 = CARTESIAN_POINT('',(-4.925552650026,-0.190000031148,
    -1.846275722052));
#1231 = CARTESIAN_POINT('',(-4.917178655872,-0.189999991665,
    -1.860177315571));
#1232 = CARTESIAN_POINT('',(-4.907706300276,-0.190000002193,
    -1.873355047337));
#1233 = CARTESIAN_POINT('',(-4.897197805899,-0.189999999561,
    -1.88572232878));
#1234 = CARTESIAN_POINT('',(-4.885722216532,-0.189999999561,
    -1.897197909399));
#1235 = CARTESIAN_POINT('',(-4.873354926943,-0.190000002193,
    -1.907706394453));
#1236 = CARTESIAN_POINT('',(-4.860177187677,-0.189999991665,
    -1.917178740176));
#1237 = CARTESIAN_POINT('',(-4.846275587274,-0.190000031148,
    -1.925552723949));
#1238 = CARTESIAN_POINT('',(-4.831741419206,-0.189999883744,
    -1.932773286946));
#1239 = CARTESIAN_POINT('',(-4.816670322844,-0.190000433876,
    -1.938793143903));
#1240 = CARTESIAN_POINT('',(-4.801160756349,-0.189998380751,
    -1.943572167768));
#1241 = CARTESIAN_POINT('',(-4.78531670417,-0.190006043119,
    -1.947081109343));
#1242 = CARTESIAN_POINT('',(-4.769234467794,-0.189977446774,
    -1.949288892772));
#1243 = CARTESIAN_POINT('',(-4.758444191653,-0.190048595448,
    -1.949903578422));
#1244 = CARTESIAN_POINT('',(-4.753031213553,-0.190048595448,
    -1.949985662224));
#1245 = ORIENTED_EDGE('',*,*,#1246,.F.);
#1246 = EDGE_CURVE('',#457,#1220,#1247,.T.);
#1247 = B_SPLINE_CURVE_WITH_KNOTS('',3,(#1248,#1249,#1250,#1251,#1252,
    #1253,#1254,#1255,#1256,#1257,#1258,#1259,#1260,#1261,#1262,#1263,
    #1264,#1265,#1266,#1267,#1268,#1269),.UNSPECIFIED.,.F.,.F.,(4,1,1,1,
    1,1,1,1,1,1,1,1,1,1,1,1,1,1,1,4),(0.,5.263157894737E-02,
    0.105263157895,0.157894736842,0.21052631579,0.263157894737,
    0.315789473684,0.368421052632,0.421052631579,0.473684210526,
    0.526315789474,0.578947368421,0.631578947368,0.684210526316,
    0.736842105263,0.789473684211,0.842105263158,0.894736842105,
    0.947368421053,1.),.UNSPECIFIED.);
#1248 = CARTESIAN_POINT('',(-4.753031213553,-0.190048595448,
    -1.949985662224));
#1249 = CARTESIAN_POINT('',(-4.758592227683,-0.190048595448,
    -1.949985662224));
#1250 = CARTESIAN_POINT('',(-4.769651834551,-0.189977446774,
    -1.949551759206));
#1251 = CARTESIAN_POINT('',(-4.786074938244,-0.190006043119,
    -1.947506155278));
#1252 = CARTESIAN_POINT('',(-4.802141828614,-0.189998380751,
    -1.944156052205));
#1253 = CARTESIAN_POINT('',(-4.817861384144,-0.190000433876,
    -1.939495018345));
#1254 = CARTESIAN_POINT('',(-4.83302420056,-0.189999883744,
    -1.933598005995));
#1255 = CARTESIAN_POINT('',(-4.847631561297,-0.190000031148,
    -1.92647774305));
#1256 = CARTESIAN_POINT('',(-4.861545709142,-0.189999991665,
    -1.918201773399));
#1257 = CARTESIAN_POINT('',(-4.874684355093,-0.190000002193,
    -1.908835025973));
#1258 = CARTESIAN_POINT('',(-4.887017042985,-0.189999999561,
    -1.898395823231));
#1259 = CARTESIAN_POINT('',(-4.898395823231,-0.189999999561,
    -1.887017042985));
#1260 = CARTESIAN_POINT('',(-4.908835025973,-0.190000002193,
    -1.874684355093));
#1261 = CARTESIAN_POINT('',(-4.918201773399,-0.189999991665,
    -1.861545709142));
#1262 = CARTESIAN_POINT('',(-4.92647774305,-0.190000031148,
    -1.847631561297));
#1263 = CARTESIAN_POINT('',(-4.933598005995,-0.189999883744,
    -1.83302420056));
#1264 = CARTESIAN_POINT('',(-4.939495018345,-0.190000433876,
    -1.817861384144));
#1265 = CARTESIAN_POINT('',(-4.944156052205,-0.189998380751,
    -1.802141828614));
#1266 = CARTESIAN_POINT('',(-4.947506155278,-0.190006043119,
    -1.786074938244));
#1267 = CARTESIAN_POINT('',(-4.949551759206,-0.189977446774,
    -1.769651834551));
#1268 = CARTESIAN_POINT('',(-4.949985662224,-0.190048595448,
    -1.758592227683));
#1269 = CARTESIAN_POINT('',(-4.949985662224,-0.190048595448,
    -1.753031213563));
#1270 = PLANE('',#1271);
#1271 = AXIS2_PLACEMENT_3D('',#1272,#1273,#1274);
#1272 = CARTESIAN_POINT('',(-4.95,-0.19,-1.95));
#1273 = DIRECTION('',(0.,-1.,0.));
#1274 = DIRECTION('',(1.,0.,0.));
#1275 = ADVANCED_FACE('',(#1276),#1280,.F.);
#1276 = FACE_BOUND('',#1277,.F.);
#1277 = EDGE_LOOP('',(#1278,#1279));
#1278 = ORIENTED_EDGE('',*,*,#397,.F.);
#1279 = ORIENTED_EDGE('',*,*,#1185,.F.);
#1280 = PLANE('',#1281);
#1281 = AXIS2_PLACEMENT_3D('',#1282,#1283,#1284);
#1282 = CARTESIAN_POINT('',(-4.95,-0.19,-1.95));
#1283 = DIRECTION('',(0.,-1.,0.));
#1284 = DIRECTION('',(1.,0.,0.));
#1285 = ADVANCED_FACE('',(#1286),#1340,.F.);
#1286 = FACE_BOUND('',#1287,.F.);
#1287 = EDGE_LOOP('',(#1288,#1315));
#1288 = ORIENTED_EDGE('',*,*,#1289,.F.);
#1289 = EDGE_CURVE('',#1137,#1290,#1292,.T.);
#1290 = VERTEX_POINT('',#1291);
#1291 = CARTESIAN_POINT('',(4.753031213553,-0.190048595448,
    1.949985662224));
#1292 = B_SPLINE_CURVE_WITH_KNOTS('',3,(#1293,#1294,#1295,#1296,#1297,
    #1298,#1299,#1300,#1301,#1302,#1303,#1304,#1305,#1306,#1307,#1308,
    #1309,#1310,#1311,#1312,#1313,#1314),.UNSPECIFIED.,.F.,.F.,(4,1,1,1,
    1,1,1,1,1,1,1,1,1,1,1,1,1,1,1,4),(0.,5.263157894737E-02,
    0.105263157895,0.157894736842,0.21052631579,0.263157894737,
    0.315789473684,0.368421052632,0.421052631579,0.473684210526,
    0.526315789474,0.578947368421,0.631578947368,0.684210526316,
    0.736842105263,0.789473684211,0.842105263158,0.894736842105,
    0.947368421053,1.),.UNSPECIFIED.);
#1293 = CARTESIAN_POINT('',(4.949985662224,-0.190048595448,
    1.753031213563));
#1294 = CARTESIAN_POINT('',(4.949903577563,-0.190048595448,
    1.758444248293));
#1295 = CARTESIAN_POINT('',(4.949288880932,-0.189977446774,
    1.769234609888));
#1296 = CARTESIAN_POINT('',(4.947081080349,-0.190006043119,
    1.785316864878));
#1297 = CARTESIAN_POINT('',(4.943572128145,-0.189998380751,
    1.801160905812));
#1298 = CARTESIAN_POINT('',(4.938793092114,-0.190000433876,
    1.816670469596));
#1299 = CARTESIAN_POINT('',(4.932773223931,-0.189999883744,
    1.831741559998));
#1300 = CARTESIAN_POINT('',(4.925552650027,-0.190000031148,
    1.846275722052));
#1301 = CARTESIAN_POINT('',(4.917178655872,-0.189999991665,1.86017731557
    ));
#1302 = CARTESIAN_POINT('',(4.907706300276,-0.190000002193,
    1.873355047336));
#1303 = CARTESIAN_POINT('',(4.897197805899,-0.189999999561,1.88572232878
    ));
#1304 = CARTESIAN_POINT('',(4.885722216532,-0.189999999561,
    1.897197909399));
#1305 = CARTESIAN_POINT('',(4.873354926943,-0.190000002193,
    1.907706394453));
#1306 = CARTESIAN_POINT('',(4.860177187677,-0.189999991665,
    1.917178740176));
#1307 = CARTESIAN_POINT('',(4.846275587274,-0.190000031148,
    1.925552723949));
#1308 = CARTESIAN_POINT('',(4.831741419206,-0.189999883744,
    1.932773286946));
#1309 = CARTESIAN_POINT('',(4.816670322844,-0.190000433876,
    1.938793143903));
#1310 = CARTESIAN_POINT('',(4.801160756349,-0.189998380751,
    1.943572167768));
#1311 = CARTESIAN_POINT('',(4.78531670417,-0.190006043119,1.947081109343
    ));
#1312 = CARTESIAN_POINT('',(4.769234467794,-0.189977446774,
    1.949288892772));
#1313 = CARTESIAN_POINT('',(4.758444191653,-0.190048595448,
    1.949903578422));
#1314 = CARTESIAN_POINT('',(4.753031213553,-0.190048595448,
    1.949985662224));
#1315 = ORIENTED_EDGE('',*,*,#1316,.F.);
#1316 = EDGE_CURVE('',#1290,#1137,#1317,.T.);
#1317 = B_SPLINE_CURVE_WITH_KNOTS('',3,(#1318,#1319,#1320,#1321,#1322,
    #1323,#1324,#1325,#1326,#1327,#1328,#1329,#1330,#1331,#1332,#1333,
    #1334,#1335,#1336,#1337,#1338,#1339),.UNSPECIFIED.,.F.,.F.,(4,1,1,1,
    1,1,1,1,1,1,1,1,1,1,1,1,1,1,1,4),(0.,5.263157894737E-02,
    0.105263157895,0.157894736842,0.21052631579,0.263157894737,
    0.315789473684,0.368421052632,0.421052631579,0.473684210526,
    0.526315789474,0.578947368421,0.631578947368,0.684210526316,
    0.736842105263,0.789473684211,0.842105263158,0.894736842105,
    0.947368421053,1.),.UNSPECIFIED.);
#1318 = CARTESIAN_POINT('',(4.753031213553,-0.190048595448,
    1.949985662224));
#1319 = CARTESIAN_POINT('',(4.758592227683,-0.190048595448,
    1.949985662224));
#1320 = CARTESIAN_POINT('',(4.769651834551,-0.189977446774,
    1.949551759206));
#1321 = CARTESIAN_POINT('',(4.786074938244,-0.190006043119,
    1.947506155278));
#1322 = CARTESIAN_POINT('',(4.802141828614,-0.189998380751,
    1.944156052205));
#1323 = CARTESIAN_POINT('',(4.817861384144,-0.190000433876,
    1.939495018345));
#1324 = CARTESIAN_POINT('',(4.83302420056,-0.189999883744,1.933598005995
    ));
#1325 = CARTESIAN_POINT('',(4.847631561297,-0.190000031148,1.92647774305
    ));
#1326 = CARTESIAN_POINT('',(4.861545709142,-0.189999991665,
    1.918201773399));
#1327 = CARTESIAN_POINT('',(4.874684355093,-0.190000002193,
    1.908835025973));
#1328 = CARTESIAN_POINT('',(4.887017042985,-0.189999999561,
    1.898395823231));
#1329 = CARTESIAN_POINT('',(4.898395823231,-0.189999999561,
    1.887017042985));
#1330 = CARTESIAN_POINT('',(4.908835025973,-0.190000002193,
    1.874684355093));
#1331 = CARTESIAN_POINT('',(4.918201773399,-0.189999991665,
    1.861545709142));
#1332 = CARTESIAN_POINT('',(4.92647774305,-0.190000031148,1.847631561297
    ));
#1333 = CARTESIAN_POINT('',(4.933598005995,-0.189999883744,1.83302420056
    ));
#1334 = CARTESIAN_POINT('',(4.939495018345,-0.190000433876,
    1.817861384144));
#1335 = CARTESIAN_POINT('',(4.944156052205,-0.189998380751,
    1.802141828614));
#1336 = CARTESIAN_POINT('',(4.947506155278,-0.190006043119,
    1.786074938244));
#1337 = CARTESIAN_POINT('',(4.949551759206,-0.189977446774,
    1.769651834551));
#1338 = CARTESIAN_POINT('',(4.949985662224,-0.190048595448,
    1.758592227683));
#1339 = CARTESIAN_POINT('',(4.949985662224,-0.190048595448,
    1.753031213563));
#1340 = PLANE('',#1341);
#1341 = AXIS2_PLACEMENT_3D('',#1342,#1343,#1344);
#1342 = CARTESIAN_POINT('',(-4.95,-0.19,-1.95));
#1343 = DIRECTION('',(0.,-1.,0.));
#1344 = DIRECTION('',(1.,0.,0.));
#1345 = ADVANCED_FACE('',(#1346),#1402,.F.);
#1346 = FACE_BOUND('',#1347,.F.);
#1347 = EDGE_LOOP('',(#1348,#1377));
#1348 = ORIENTED_EDGE('',*,*,#1349,.F.);
#1349 = EDGE_CURVE('',#1350,#1352,#1354,.T.);
#1350 = VERTEX_POINT('',#1351);
#1351 = CARTESIAN_POINT('',(-4.753031213563,-0.190048595448,
    1.949985662224));
#1352 = VERTEX_POINT('',#1353);
#1353 = CARTESIAN_POINT('',(-4.949985662224,-0.190048595448,
    1.753031213553));
#1354 = B_SPLINE_CURVE_WITH_KNOTS('',3,(#1355,#1356,#1357,#1358,#1359,
    #1360,#1361,#1362,#1363,#1364,#1365,#1366,#1367,#1368,#1369,#1370,
    #1371,#1372,#1373,#1374,#1375,#1376),.UNSPECIFIED.,.F.,.F.,(4,1,1,1,
    1,1,1,1,1,1,1,1,1,1,1,1,1,1,1,4),(0.,5.263157894737E-02,
    0.105263157895,0.157894736842,0.21052631579,0.263157894737,
    0.315789473684,0.368421052632,0.421052631579,0.473684210526,
    0.526315789474,0.578947368421,0.631578947368,0.684210526316,
    0.736842105263,0.789473684211,0.842105263158,0.894736842105,
    0.947368421053,1.),.UNSPECIFIED.);
#1355 = CARTESIAN_POINT('',(-4.753031213563,-0.190048595448,
    1.949985662224));
#1356 = CARTESIAN_POINT('',(-4.758444248484,-0.190048595448,
    1.94990357756));
#1357 = CARTESIAN_POINT('',(-4.769234610351,-0.189977446774,
    1.949288880888));
#1358 = CARTESIAN_POINT('',(-4.785316865162,-0.190006043119,
    1.947081080294));
#1359 = CARTESIAN_POINT('',(-4.801160906114,-0.189998380751,
    1.943572128066));
#1360 = CARTESIAN_POINT('',(-4.816670469861,-0.190000433876,
    1.938793092019));
#1361 = CARTESIAN_POINT('',(-4.831741560241,-0.189999883744,
    1.932773223822));
#1362 = CARTESIAN_POINT('',(-4.846275722267,-0.190000031148,
    1.925552649908));
#1363 = CARTESIAN_POINT('',(-4.86017731576,-0.189999991665,
    1.917178655746));
#1364 = CARTESIAN_POINT('',(-4.8733550475,-0.190000002193,1.907706300148
    ));
#1365 = CARTESIAN_POINT('',(-4.885722328918,-0.189999999561,
    1.89719780577));
#1366 = CARTESIAN_POINT('',(-4.897197909514,-0.189999999561,
    1.885722216407));
#1367 = CARTESIAN_POINT('',(-4.907706394546,-0.190000002193,
    1.873354926824));
#1368 = CARTESIAN_POINT('',(-4.917178740248,-0.189999991665,
    1.860177187567));
#1369 = CARTESIAN_POINT('',(-4.925552724003,-0.190000031148,
    1.846275587174));
#1370 = CARTESIAN_POINT('',(-4.932773286984,-0.189999883744,
    1.83174141912));
#1371 = CARTESIAN_POINT('',(-4.938793143928,-0.190000433876,
    1.816670322772));
#1372 = CARTESIAN_POINT('',(-4.943572167782,-0.189998380751,
    1.801160756294));
#1373 = CARTESIAN_POINT('',(-4.947081109349,-0.190006043119,
    1.785316704134));
#1374 = CARTESIAN_POINT('',(-4.949288892773,-0.189977446774,
    1.769234467776));
#1375 = CARTESIAN_POINT('',(-4.949903578422,-0.190048595448,
    1.758444191647));
#1376 = CARTESIAN_POINT('',(-4.949985662224,-0.190048595448,
    1.753031213553));
#1377 = ORIENTED_EDGE('',*,*,#1378,.F.);
#1378 = EDGE_CURVE('',#1352,#1350,#1379,.T.);
#1379 = B_SPLINE_CURVE_WITH_KNOTS('',3,(#1380,#1381,#1382,#1383,#1384,
    #1385,#1386,#1387,#1388,#1389,#1390,#1391,#1392,#1393,#1394,#1395,
    #1396,#1397,#1398,#1399,#1400,#1401),.UNSPECIFIED.,.F.,.F.,(4,1,1,1,
    1,1,1,1,1,1,1,1,1,1,1,1,1,1,1,4),(0.,5.263157894737E-02,
    0.105263157895,0.157894736842,0.21052631579,0.263157894737,
    0.315789473684,0.368421052632,0.421052631579,0.473684210526,
    0.526315789474,0.578947368421,0.631578947368,0.684210526316,
    0.736842105263,0.789473684211,0.842105263158,0.894736842105,
    0.947368421053,1.),.UNSPECIFIED.);
#1380 = CARTESIAN_POINT('',(-4.949985662224,-0.190048595448,
    1.753031213553));
#1381 = CARTESIAN_POINT('',(-4.949985662224,-0.190048595448,
    1.758592227683));
#1382 = CARTESIAN_POINT('',(-4.949551759206,-0.189977446774,
    1.769651834551));
#1383 = CARTESIAN_POINT('',(-4.947506155278,-0.190006043119,
    1.786074938244));
#1384 = CARTESIAN_POINT('',(-4.944156052205,-0.189998380751,
    1.802141828614));
#1385 = CARTESIAN_POINT('',(-4.939495018345,-0.190000433876,
    1.817861384144));
#1386 = CARTESIAN_POINT('',(-4.933598005995,-0.189999883744,
    1.83302420056));
#1387 = CARTESIAN_POINT('',(-4.92647774305,-0.190000031148,
    1.847631561297));
#1388 = CARTESIAN_POINT('',(-4.918201773399,-0.189999991665,
    1.861545709142));
#1389 = CARTESIAN_POINT('',(-4.908835025973,-0.190000002193,
    1.874684355093));
#1390 = CARTESIAN_POINT('',(-4.898395823231,-0.189999999561,
    1.887017042985));
#1391 = CARTESIAN_POINT('',(-4.887017042985,-0.189999999561,
    1.898395823231));
#1392 = CARTESIAN_POINT('',(-4.874684355093,-0.190000002193,
    1.908835025973));
#1393 = CARTESIAN_POINT('',(-4.861545709142,-0.189999991665,
    1.918201773399));
#1394 = CARTESIAN_POINT('',(-4.847631561297,-0.190000031148,
    1.92647774305));
#1395 = CARTESIAN_POINT('',(-4.83302420056,-0.189999883744,
    1.933598005995));
#1396 = CARTESIAN_POINT('',(-4.817861384144,-0.190000433876,
    1.939495018345));
#1397 = CARTESIAN_POINT('',(-4.802141828614,-0.189998380751,
    1.944156052205));
#1398 = CARTESIAN_POINT('',(-4.786074938244,-0.190006043119,
    1.947506155278));
#1399 = CARTESIAN_POINT('',(-4.769651834551,-0.189977446774,
    1.949551759206));
#1400 = CARTESIAN_POINT('',(-4.758592227683,-0.190048595448,
    1.949985662224));
#1401 = CARTESIAN_POINT('',(-4.753031213563,-0.190048595448,
    1.949985662224));
#1402 = PLANE('',#1403);
#1403 = AXIS2_PLACEMENT_3D('',#1404,#1405,#1406);
#1404 = CARTESIAN_POINT('',(-4.95,-0.19,-1.95));
#1405 = DIRECTION('',(0.,-1.,0.));
#1406 = DIRECTION('',(1.,0.,0.));
#1407 = ADVANCED_FACE('',(#1408),#1431,.T.);
#1408 = FACE_BOUND('',#1409,.T.);
#1409 = EDGE_LOOP('',(#1410,#1418,#1419,#1420,#1421,#1422,#1423,#1424));
#1410 = ORIENTED_EDGE('',*,*,#1411,.F.);
#1411 = EDGE_CURVE('',#595,#1412,#1414,.T.);
#1412 = VERTEX_POINT('',#1413);
#1413 = CARTESIAN_POINT('',(-4.95,-0.19,-1.75));
#1414 = LINE('',#1415,#1416);
#1415 = CARTESIAN_POINT('',(-4.95,0.,-1.75));
#1416 = VECTOR('',#1417,1.);
#1417 = DIRECTION('',(0.,-1.,7.45602410222E-13));
#1418 = ORIENTED_EDGE('',*,*,#602,.T.);
#1419 = ORIENTED_EDGE('',*,*,#289,.T.);
#1420 = ORIENTED_EDGE('',*,*,#519,.T.);
#1421 = ORIENTED_EDGE('',*,*,#497,.T.);
#1422 = ORIENTED_EDGE('',*,*,#464,.F.);
#1423 = ORIENTED_EDGE('',*,*,#1219,.F.);
#1424 = ORIENTED_EDGE('',*,*,#1425,.F.);
#1425 = EDGE_CURVE('',#1412,#1220,#1426,.T.);
#1426 = B_SPLINE_CURVE_WITH_KNOTS('',3,(#1427,#1428,#1429,#1430),
  .UNSPECIFIED.,.F.,.F.,(4,4),(0.,1.),.PIECEWISE_BEZIER_KNOTS.);
#1427 = CARTESIAN_POINT('',(-4.95,-0.19,-1.75));
#1428 = CARTESIAN_POINT('',(-4.95,-0.19,-1.75100616347));
#1429 = CARTESIAN_POINT('',(-4.950000862099,-0.189962392669,
    -1.752028864834));
#1430 = CARTESIAN_POINT('',(-4.949985662224,-0.190048595448,
    -1.753031213563));
#1431 = CYLINDRICAL_SURFACE('',#1432,0.2);
#1432 = AXIS2_PLACEMENT_3D('',#1433,#1434,#1435);
#1433 = CARTESIAN_POINT('',(-4.75,0.,-1.75));
#1434 = DIRECTION('',(0.,-1.,0.));
#1435 = DIRECTION('',(1.,0.,0.));
#1436 = ADVANCED_FACE('',(#1437),#1477,.T.);
#1437 = FACE_BOUND('',#1438,.F.);
#1438 = EDGE_LOOP('',(#1439,#1447,#1454,#1462,#1470,#1476));
#1439 = ORIENTED_EDGE('',*,*,#1440,.F.);
#1440 = EDGE_CURVE('',#1441,#1412,#1443,.T.);
#1441 = VERTEX_POINT('',#1442);
#1442 = CARTESIAN_POINT('',(-4.95,-0.19,1.75));
#1443 = LINE('',#1444,#1445);
#1444 = CARTESIAN_POINT('',(-4.95,-0.19,1.75));
#1445 = VECTOR('',#1446,1.);
#1446 = DIRECTION('',(0.,0.,-1.));
#1447 = ORIENTED_EDGE('',*,*,#1448,.F.);
#1448 = EDGE_CURVE('',#1352,#1441,#1449,.T.);
#1449 = B_SPLINE_CURVE_WITH_KNOTS('',3,(#1450,#1451,#1452,#1453),
  .UNSPECIFIED.,.F.,.F.,(4,4),(0.,1.),.PIECEWISE_BEZIER_KNOTS.);
#1450 = CARTESIAN_POINT('',(-4.949985662224,-0.190048595448,
    1.753031213553));
#1451 = CARTESIAN_POINT('',(-4.950000862099,-0.18996239267,
    1.752028864824));
#1452 = CARTESIAN_POINT('',(-4.95,-0.19,1.75100616347));
#1453 = CARTESIAN_POINT('',(-4.95,-0.19,1.75));
#1454 = ORIENTED_EDGE('',*,*,#1455,.T.);
#1455 = EDGE_CURVE('',#1352,#1456,#1458,.T.);
#1456 = VERTEX_POINT('',#1457);
#1457 = CARTESIAN_POINT('',(-4.859239277485,-0.704729635533,
    1.662277726883));
#1458 = LINE('',#1459,#1460);
#1459 = CARTESIAN_POINT('',(-4.949985662224,-0.190048595448,
    1.753031213553));
#1460 = VECTOR('',#1461,1.);
#1461 = DIRECTION('',(0.171077238518,-0.970288913535,-0.171090627248));
#1462 = ORIENTED_EDGE('',*,*,#1463,.T.);
#1463 = EDGE_CURVE('',#1456,#1464,#1466,.T.);
#1464 = VERTEX_POINT('',#1465);
#1465 = CARTESIAN_POINT('',(-4.859239277485,-0.704729635533,
    -1.662277726883));
#1466 = LINE('',#1467,#1468);
#1467 = CARTESIAN_POINT('',(-4.859239277485,-0.704729635533,
    1.662277726883));
#1468 = VECTOR('',#1469,1.);
#1469 = DIRECTION('',(0.,0.,-1.));
#1470 = ORIENTED_EDGE('',*,*,#1471,.F.);
#1471 = EDGE_CURVE('',#1220,#1464,#1472,.T.);
#1472 = LINE('',#1473,#1474);
#1473 = CARTESIAN_POINT('',(-4.949985662224,-0.190048595448,
    -1.753031213563));
#1474 = VECTOR('',#1475,1.);
#1475 = DIRECTION('',(0.171077238517,-0.970288913532,0.171090627267));
#1476 = ORIENTED_EDGE('',*,*,#1425,.F.);
#1477 = PLANE('',#1478);
#1478 = AXIS2_PLACEMENT_3D('',#1479,#1480,#1481);
#1479 = CARTESIAN_POINT('',(-4.95,-0.19,1.95));
#1480 = DIRECTION('',(-0.984807753012,-0.173648177667,0.));
#1481 = DIRECTION('',(-0.,0.,-1.));
#1482 = ADVANCED_FACE('',(#1483),#1494,.T.);
#1483 = FACE_BOUND('',#1484,.F.);
#1484 = EDGE_LOOP('',(#1485,#1486,#1487,#1488));
#1485 = ORIENTED_EDGE('',*,*,#1440,.T.);
#1486 = ORIENTED_EDGE('',*,*,#1411,.F.);
#1487 = ORIENTED_EDGE('',*,*,#594,.F.);
#1488 = ORIENTED_EDGE('',*,*,#1489,.T.);
#1489 = EDGE_CURVE('',#585,#1441,#1490,.T.);
#1490 = LINE('',#1491,#1492);
#1491 = CARTESIAN_POINT('',(-4.95,0.,1.75));
#1492 = VECTOR('',#1493,1.);
#1493 = DIRECTION('',(0.,-1.,-7.444337544066E-13));
#1494 = PLANE('',#1495);
#1495 = AXIS2_PLACEMENT_3D('',#1496,#1497,#1498);
#1496 = CARTESIAN_POINT('',(-4.95,0.,1.75));
#1497 = DIRECTION('',(-1.,0.,0.));
#1498 = DIRECTION('',(0.,0.,-1.));
#1499 = ADVANCED_FACE('',(#1500),#1523,.T.);
#1500 = FACE_BOUND('',#1501,.T.);
#1501 = EDGE_LOOP('',(#1502,#1510,#1511,#1512,#1513,#1514,#1515,#1516));
#1502 = ORIENTED_EDGE('',*,*,#1503,.F.);
#1503 = EDGE_CURVE('',#677,#1504,#1506,.T.);
#1504 = VERTEX_POINT('',#1505);
#1505 = CARTESIAN_POINT('',(-4.749999999919,-0.190000000002,1.95));
#1506 = LINE('',#1507,#1508);
#1507 = CARTESIAN_POINT('',(-4.75,0.,1.95));
#1508 = VECTOR('',#1509,1.);
#1509 = DIRECTION('',(4.261059341589E-10,-1.,0.));
#1510 = ORIENTED_EDGE('',*,*,#684,.T.);
#1511 = ORIENTED_EDGE('',*,*,#227,.T.);
#1512 = ORIENTED_EDGE('',*,*,#584,.T.);
#1513 = ORIENTED_EDGE('',*,*,#1489,.T.);
#1514 = ORIENTED_EDGE('',*,*,#1448,.F.);
#1515 = ORIENTED_EDGE('',*,*,#1349,.F.);
#1516 = ORIENTED_EDGE('',*,*,#1517,.F.);
#1517 = EDGE_CURVE('',#1504,#1350,#1518,.T.);
#1518 = B_SPLINE_CURVE_WITH_KNOTS('',3,(#1519,#1520,#1521,#1522),
  .UNSPECIFIED.,.F.,.F.,(4,4),(0.,1.),.PIECEWISE_BEZIER_KNOTS.);
#1519 = CARTESIAN_POINT('',(-4.749999999919,-0.190000000002,1.95));
#1520 = CARTESIAN_POINT('',(-4.75100616347,-0.190000000002,1.95));
#1521 = CARTESIAN_POINT('',(-4.752028864754,-0.189962392662,
    1.950000862101));
#1522 = CARTESIAN_POINT('',(-4.753031213563,-0.190048595448,
    1.949985662224));
#1523 = CYLINDRICAL_SURFACE('',#1524,0.2);
#1524 = AXIS2_PLACEMENT_3D('',#1525,#1526,#1527);
#1525 = CARTESIAN_POINT('',(-4.75,0.,1.75));
#1526 = DIRECTION('',(0.,-1.,0.));
#1527 = DIRECTION('',(1.,0.,0.));
#1528 = ADVANCED_FACE('',(#1529),#1569,.T.);
#1529 = FACE_BOUND('',#1530,.F.);
#1530 = EDGE_LOOP('',(#1531,#1539,#1546,#1554,#1562,#1568));
#1531 = ORIENTED_EDGE('',*,*,#1532,.F.);
#1532 = EDGE_CURVE('',#1533,#1504,#1535,.T.);
#1533 = VERTEX_POINT('',#1534);
#1534 = CARTESIAN_POINT('',(4.75,-0.19,1.95));
#1535 = LINE('',#1536,#1537);
#1536 = CARTESIAN_POINT('',(4.75,-0.19,1.95));
#1537 = VECTOR('',#1538,1.);
#1538 = DIRECTION('',(-1.,-1.826053927965E-13,0.));
#1539 = ORIENTED_EDGE('',*,*,#1540,.F.);
#1540 = EDGE_CURVE('',#1290,#1533,#1541,.T.);
#1541 = B_SPLINE_CURVE_WITH_KNOTS('',3,(#1542,#1543,#1544,#1545),
  .UNSPECIFIED.,.F.,.F.,(4,4),(0.,1.),.PIECEWISE_BEZIER_KNOTS.);
#1542 = CARTESIAN_POINT('',(4.753031213553,-0.190048595448,
    1.949985662224));
#1543 = CARTESIAN_POINT('',(4.752028864824,-0.18996239267,1.950000862099
    ));
#1544 = CARTESIAN_POINT('',(4.75100616347,-0.19,1.95));
#1545 = CARTESIAN_POINT('',(4.75,-0.19,1.95));
#1546 = ORIENTED_EDGE('',*,*,#1547,.T.);
#1547 = EDGE_CURVE('',#1290,#1548,#1550,.T.);
#1548 = VERTEX_POINT('',#1549);
#1549 = CARTESIAN_POINT('',(4.662277726883,-0.704729635533,
    1.859239277485));
#1550 = LINE('',#1551,#1552);
#1551 = CARTESIAN_POINT('',(4.753031213553,-0.190048595448,
    1.949985662224));
#1552 = VECTOR('',#1553,1.);
#1553 = DIRECTION('',(-0.171090627248,-0.970288913535,-0.171077238518));
#1554 = ORIENTED_EDGE('',*,*,#1555,.T.);
#1555 = EDGE_CURVE('',#1548,#1556,#1558,.T.);
#1556 = VERTEX_POINT('',#1557);
#1557 = CARTESIAN_POINT('',(-4.662277726883,-0.704729635533,
    1.859239277485));
#1558 = LINE('',#1559,#1560);
#1559 = CARTESIAN_POINT('',(4.662277726883,-0.704729635533,
    1.859239277485));
#1560 = VECTOR('',#1561,1.);
#1561 = DIRECTION('',(-1.,0.,0.));
#1562 = ORIENTED_EDGE('',*,*,#1563,.F.);
#1563 = EDGE_CURVE('',#1350,#1556,#1564,.T.);
#1564 = LINE('',#1565,#1566);
#1565 = CARTESIAN_POINT('',(-4.753031213563,-0.190048595448,
    1.949985662224));
#1566 = VECTOR('',#1567,1.);
#1567 = DIRECTION('',(0.171090627267,-0.970288913532,-0.171077238517));
#1568 = ORIENTED_EDGE('',*,*,#1517,.F.);
#1569 = PLANE('',#1570);
#1570 = AXIS2_PLACEMENT_3D('',#1571,#1572,#1573);
#1571 = CARTESIAN_POINT('',(4.95,-0.19,1.95));
#1572 = DIRECTION('',(0.,-0.173648177667,0.984807753012));
#1573 = DIRECTION('',(-1.,0.,0.));
#1574 = ADVANCED_FACE('',(#1575),#1586,.T.);
#1575 = FACE_BOUND('',#1576,.F.);
#1576 = EDGE_LOOP('',(#1577,#1578,#1579,#1580));
#1577 = ORIENTED_EDGE('',*,*,#1532,.T.);
#1578 = ORIENTED_EDGE('',*,*,#1503,.F.);
#1579 = ORIENTED_EDGE('',*,*,#676,.T.);
#1580 = ORIENTED_EDGE('',*,*,#1581,.T.);
#1581 = EDGE_CURVE('',#667,#1533,#1582,.T.);
#1582 = LINE('',#1583,#1584);
#1583 = CARTESIAN_POINT('',(4.75,0.,1.95));
#1584 = VECTOR('',#1585,1.);
#1585 = DIRECTION('',(0.,-1.,0.));
#1586 = PLANE('',#1587);
#1587 = AXIS2_PLACEMENT_3D('',#1588,#1589,#1590);
#1588 = CARTESIAN_POINT('',(4.75,0.,1.95));
#1589 = DIRECTION('',(0.,0.,1.));
#1590 = DIRECTION('',(-1.,0.,0.));
#1591 = ADVANCED_FACE('',(#1592),#1602,.T.);
#1592 = FACE_BOUND('',#1593,.T.);
#1593 = EDGE_LOOP('',(#1594,#1595,#1596,#1597,#1598,#1599,#1600,#1601));
#1594 = ORIENTED_EDGE('',*,*,#1120,.F.);
#1595 = ORIENTED_EDGE('',*,*,#764,.T.);
#1596 = ORIENTED_EDGE('',*,*,#165,.T.);
#1597 = ORIENTED_EDGE('',*,*,#666,.T.);
#1598 = ORIENTED_EDGE('',*,*,#1581,.T.);
#1599 = ORIENTED_EDGE('',*,*,#1540,.F.);
#1600 = ORIENTED_EDGE('',*,*,#1289,.F.);
#1601 = ORIENTED_EDGE('',*,*,#1136,.F.);
#1602 = CYLINDRICAL_SURFACE('',#1603,0.2);
#1603 = AXIS2_PLACEMENT_3D('',#1604,#1605,#1606);
#1604 = CARTESIAN_POINT('',(4.75,0.,1.75));
#1605 = DIRECTION('',(0.,-1.,0.));
#1606 = DIRECTION('',(1.,0.,0.));
#1607 = ADVANCED_FACE('',(#1608),#1620,.T.);
#1608 = FACE_BOUND('',#1609,.T.);
#1609 = EDGE_LOOP('',(#1610,#1617,#1618,#1619));
#1610 = ORIENTED_EDGE('',*,*,#1611,.T.);
#1611 = EDGE_CURVE('',#1548,#1146,#1612,.T.);
#1612 = CIRCLE('',#1613,0.2);
#1613 = AXIS2_PLACEMENT_3D('',#1614,#1615,#1616);
#1614 = CARTESIAN_POINT('',(4.662277726883,-0.67,1.662277726883));
#1615 = DIRECTION('',(0.171087869746,0.970287525248,0.171087869746));
#1616 = DIRECTION('',(7.702172233337E-16,-0.173648177667,0.984807753012)
  );
#1617 = ORIENTED_EDGE('',*,*,#1145,.F.);
#1618 = ORIENTED_EDGE('',*,*,#1316,.F.);
#1619 = ORIENTED_EDGE('',*,*,#1547,.T.);
#1620 = CYLINDRICAL_SURFACE('',#1621,0.2);
#1621 = AXIS2_PLACEMENT_3D('',#1622,#1623,#1624);
#1622 = CARTESIAN_POINT('',(4.753038449398,-0.155270364467,
    1.753038449398));
#1623 = DIRECTION('',(0.171087869746,0.970287525248,0.171087869746));
#1624 = DIRECTION('',(7.702172233337E-16,-0.173648177667,0.984807753012)
  );
#1625 = ADVANCED_FACE('',(#1626),#1645,.T.);
#1626 = FACE_BOUND('',#1627,.T.);
#1627 = EDGE_LOOP('',(#1628,#1637,#1638));
#1628 = ORIENTED_EDGE('',*,*,#1629,.F.);
#1629 = EDGE_CURVE('',#1146,#1630,#1632,.T.);
#1630 = VERTEX_POINT('',#1631);
#1631 = CARTESIAN_POINT('',(4.662277726883,-0.87,1.662277726883));
#1632 = CIRCLE('',#1633,0.2);
#1633 = AXIS2_PLACEMENT_3D('',#1634,#1635,#1636);
#1634 = CARTESIAN_POINT('',(4.662277726883,-0.67,1.662277726883));
#1635 = DIRECTION('',(0.,0.,-1.));
#1636 = DIRECTION('',(0.984807753012,-0.173648177667,0.));
#1637 = ORIENTED_EDGE('',*,*,#1611,.F.);
#1638 = ORIENTED_EDGE('',*,*,#1639,.F.);
#1639 = EDGE_CURVE('',#1630,#1548,#1640,.T.);
#1640 = CIRCLE('',#1641,0.2);
#1641 = AXIS2_PLACEMENT_3D('',#1642,#1643,#1644);
#1642 = CARTESIAN_POINT('',(4.662277726883,-0.67,1.662277726883));
#1643 = DIRECTION('',(-1.,0.,0.));
#1644 = DIRECTION('',(0.,-1.,0.));
#1645 = SPHERICAL_SURFACE('',#1646,0.2);
#1646 = AXIS2_PLACEMENT_3D('',#1647,#1648,#1649);
#1647 = CARTESIAN_POINT('',(4.662277726883,-0.67,1.662277726883));
#1648 = DIRECTION('',(-0.766044443119,-0.642787609687,0.));
#1649 = DIRECTION('',(0.642787609687,-0.766044443119,0.));
#1650 = ADVANCED_FACE('',(#1651),#1670,.T.);
#1651 = FACE_BOUND('',#1652,.T.);
#1652 = EDGE_LOOP('',(#1653,#1654,#1655,#1664));
#1653 = ORIENTED_EDGE('',*,*,#1639,.T.);
#1654 = ORIENTED_EDGE('',*,*,#1555,.T.);
#1655 = ORIENTED_EDGE('',*,*,#1656,.T.);
#1656 = EDGE_CURVE('',#1556,#1657,#1659,.T.);
#1657 = VERTEX_POINT('',#1658);
#1658 = CARTESIAN_POINT('',(-4.662277726883,-0.87,1.662277726883));
#1659 = CIRCLE('',#1660,0.2);
#1660 = AXIS2_PLACEMENT_3D('',#1661,#1662,#1663);
#1661 = CARTESIAN_POINT('',(-4.662277726883,-0.67,1.662277726883));
#1662 = DIRECTION('',(1.,0.,0.));
#1663 = DIRECTION('',(0.,-0.173648177667,0.984807753012));
#1664 = ORIENTED_EDGE('',*,*,#1665,.F.);
#1665 = EDGE_CURVE('',#1630,#1657,#1666,.T.);
#1666 = LINE('',#1667,#1668);
#1667 = CARTESIAN_POINT('',(4.662277726883,-0.87,1.662277726883));
#1668 = VECTOR('',#1669,1.);
#1669 = DIRECTION('',(-1.,0.,0.));
#1670 = CYLINDRICAL_SURFACE('',#1671,0.2);
#1671 = AXIS2_PLACEMENT_3D('',#1672,#1673,#1674);
#1672 = CARTESIAN_POINT('',(4.830097653118,-0.67,1.662277726883));
#1673 = DIRECTION('',(-1.,0.,0.));
#1674 = DIRECTION('',(0.,-1.,0.));
#1675 = ADVANCED_FACE('',(#1676),#1701,.T.);
#1676 = FACE_BOUND('',#1677,.F.);
#1677 = EDGE_LOOP('',(#1678,#1688,#1694,#1695));
#1678 = ORIENTED_EDGE('',*,*,#1679,.F.);
#1679 = EDGE_CURVE('',#1680,#1682,#1684,.T.);
#1680 = VERTEX_POINT('',#1681);
#1681 = CARTESIAN_POINT('',(-4.662277726883,-0.87,-1.662277726883));
#1682 = VERTEX_POINT('',#1683);
#1683 = CARTESIAN_POINT('',(4.662277726883,-0.87,-1.662277726883));
#1684 = LINE('',#1685,#1686);
#1685 = CARTESIAN_POINT('',(-4.662277726883,-0.87,-1.662277726883));
#1686 = VECTOR('',#1687,1.);
#1687 = DIRECTION('',(1.,0.,0.));
#1688 = ORIENTED_EDGE('',*,*,#1689,.F.);
#1689 = EDGE_CURVE('',#1657,#1680,#1690,.T.);
#1690 = LINE('',#1691,#1692);
#1691 = CARTESIAN_POINT('',(-4.662277726883,-0.87,1.662277726883));
#1692 = VECTOR('',#1693,1.);
#1693 = DIRECTION('',(0.,0.,-1.));
#1694 = ORIENTED_EDGE('',*,*,#1665,.F.);
#1695 = ORIENTED_EDGE('',*,*,#1696,.F.);
#1696 = EDGE_CURVE('',#1682,#1630,#1697,.T.);
#1697 = LINE('',#1698,#1699);
#1698 = CARTESIAN_POINT('',(4.662277726883,-0.87,-1.662277726883));
#1699 = VECTOR('',#1700,1.);
#1700 = DIRECTION('',(0.,0.,1.));
#1701 = PLANE('',#1702);
#1702 = AXIS2_PLACEMENT_3D('',#1703,#1704,#1705);
#1703 = CARTESIAN_POINT('',(-4.95,-0.87,-1.95));
#1704 = DIRECTION('',(0.,-1.,0.));
#1705 = DIRECTION('',(1.,0.,0.));
#1706 = ADVANCED_FACE('',(#1707),#1725,.T.);
#1707 = FACE_BOUND('',#1708,.T.);
#1708 = EDGE_LOOP('',(#1709,#1716,#1717,#1724));
#1709 = ORIENTED_EDGE('',*,*,#1710,.T.);
#1710 = EDGE_CURVE('',#1680,#449,#1711,.T.);
#1711 = CIRCLE('',#1712,0.2);
#1712 = AXIS2_PLACEMENT_3D('',#1713,#1714,#1715);
#1713 = CARTESIAN_POINT('',(-4.662277726883,-0.67,-1.662277726883));
#1714 = DIRECTION('',(1.,0.,0.));
#1715 = DIRECTION('',(0.,-1.,0.));
#1716 = ORIENTED_EDGE('',*,*,#448,.T.);
#1717 = ORIENTED_EDGE('',*,*,#1718,.T.);
#1718 = EDGE_CURVE('',#441,#1682,#1719,.T.);
#1719 = CIRCLE('',#1720,0.2);
#1720 = AXIS2_PLACEMENT_3D('',#1721,#1722,#1723);
#1721 = CARTESIAN_POINT('',(4.662277726883,-0.67,-1.662277726883));
#1722 = DIRECTION('',(-1.,0.,0.));
#1723 = DIRECTION('',(-0.,-0.173648177667,-0.984807753012));
#1724 = ORIENTED_EDGE('',*,*,#1679,.F.);
#1725 = CYLINDRICAL_SURFACE('',#1726,0.2);
#1726 = AXIS2_PLACEMENT_3D('',#1727,#1728,#1729);
#1727 = CARTESIAN_POINT('',(-4.859239277485,-0.67,-1.662277726883));
#1728 = DIRECTION('',(1.,0.,0.));
#1729 = DIRECTION('',(0.,-1.,0.));
#1730 = ADVANCED_FACE('',(#1731),#1742,.T.);
#1731 = FACE_BOUND('',#1732,.T.);
#1732 = EDGE_LOOP('',(#1733,#1734,#1741));
#1733 = ORIENTED_EDGE('',*,*,#1177,.F.);
#1734 = ORIENTED_EDGE('',*,*,#1735,.F.);
#1735 = EDGE_CURVE('',#1682,#1154,#1736,.T.);
#1736 = CIRCLE('',#1737,0.2);
#1737 = AXIS2_PLACEMENT_3D('',#1738,#1739,#1740);
#1738 = CARTESIAN_POINT('',(4.662277726883,-0.67,-1.662277726883));
#1739 = DIRECTION('',(0.,0.,1.));
#1740 = DIRECTION('',(0.,-1.,0.));
#1741 = ORIENTED_EDGE('',*,*,#1718,.F.);
#1742 = SPHERICAL_SURFACE('',#1743,0.2);
#1743 = AXIS2_PLACEMENT_3D('',#1744,#1745,#1746);
#1744 = CARTESIAN_POINT('',(4.662277726883,-0.67,-1.662277726883));
#1745 = DIRECTION('',(-0.707106781187,0.,-0.707106781187));
#1746 = DIRECTION('',(0.686096888803,-0.241954785752,-0.686096888803));
#1747 = ADVANCED_FACE('',(#1748),#1754,.T.);
#1748 = FACE_BOUND('',#1749,.T.);
#1749 = EDGE_LOOP('',(#1750,#1751,#1752,#1753));
#1750 = ORIENTED_EDGE('',*,*,#1735,.T.);
#1751 = ORIENTED_EDGE('',*,*,#1153,.T.);
#1752 = ORIENTED_EDGE('',*,*,#1629,.T.);
#1753 = ORIENTED_EDGE('',*,*,#1696,.F.);
#1754 = CYLINDRICAL_SURFACE('',#1755,0.2);
#1755 = AXIS2_PLACEMENT_3D('',#1756,#1757,#1758);
#1756 = CARTESIAN_POINT('',(4.662277726883,-0.67,-1.859239277485));
#1757 = DIRECTION('',(0.,0.,1.));
#1758 = DIRECTION('',(0.,-1.,0.));
#1759 = ADVANCED_FACE('',(#1760),#1777,.T.);
#1760 = FACE_BOUND('',#1761,.T.);
#1761 = EDGE_LOOP('',(#1762,#1769,#1770));
#1762 = ORIENTED_EDGE('',*,*,#1763,.F.);
#1763 = EDGE_CURVE('',#449,#1464,#1764,.T.);
#1764 = CIRCLE('',#1765,0.2);
#1765 = AXIS2_PLACEMENT_3D('',#1766,#1767,#1768);
#1766 = CARTESIAN_POINT('',(-4.662277726883,-0.67,-1.662277726883));
#1767 = DIRECTION('',(-0.171087869746,0.970287525248,-0.171087869746));
#1768 = DIRECTION('',(-7.702172233337E-16,-0.173648177667,
    -0.984807753012));
#1769 = ORIENTED_EDGE('',*,*,#1710,.F.);
#1770 = ORIENTED_EDGE('',*,*,#1771,.F.);
#1771 = EDGE_CURVE('',#1464,#1680,#1772,.T.);
#1772 = CIRCLE('',#1773,0.2);
#1773 = AXIS2_PLACEMENT_3D('',#1774,#1775,#1776);
#1774 = CARTESIAN_POINT('',(-4.662277726883,-0.67,-1.662277726883));
#1775 = DIRECTION('',(0.,0.,1.));
#1776 = DIRECTION('',(-0.984807753012,-0.173648177667,0.));
#1777 = SPHERICAL_SURFACE('',#1778,0.2);
#1778 = AXIS2_PLACEMENT_3D('',#1779,#1780,#1781);
#1779 = CARTESIAN_POINT('',(-4.662277726883,-0.67,-1.662277726883));
#1780 = DIRECTION('',(-0.707106781187,0.,0.707106781187));
#1781 = DIRECTION('',(-0.686096888803,-0.241954785752,-0.686096888803));
#1782 = ADVANCED_FACE('',(#1783),#1795,.T.);
#1783 = FACE_BOUND('',#1784,.T.);
#1784 = EDGE_LOOP('',(#1785,#1792,#1793,#1794));
#1785 = ORIENTED_EDGE('',*,*,#1786,.T.);
#1786 = EDGE_CURVE('',#1657,#1456,#1787,.T.);
#1787 = CIRCLE('',#1788,0.2);
#1788 = AXIS2_PLACEMENT_3D('',#1789,#1790,#1791);
#1789 = CARTESIAN_POINT('',(-4.662277726883,-0.67,1.662277726883));
#1790 = DIRECTION('',(0.,0.,-1.));
#1791 = DIRECTION('',(0.,-1.,0.));
#1792 = ORIENTED_EDGE('',*,*,#1463,.T.);
#1793 = ORIENTED_EDGE('',*,*,#1771,.T.);
#1794 = ORIENTED_EDGE('',*,*,#1689,.F.);
#1795 = CYLINDRICAL_SURFACE('',#1796,0.2);
#1796 = AXIS2_PLACEMENT_3D('',#1797,#1798,#1799);
#1797 = CARTESIAN_POINT('',(-4.662277726883,-0.67,1.662277726883));
#1798 = DIRECTION('',(0.,0.,-1.));
#1799 = DIRECTION('',(0.,-1.,0.));
#1800 = ADVANCED_FACE('',(#1801),#1812,.T.);
#1801 = FACE_BOUND('',#1802,.T.);
#1802 = EDGE_LOOP('',(#1803,#1804,#1805));
#1803 = ORIENTED_EDGE('',*,*,#1786,.F.);
#1804 = ORIENTED_EDGE('',*,*,#1656,.F.);
#1805 = ORIENTED_EDGE('',*,*,#1806,.F.);
#1806 = EDGE_CURVE('',#1456,#1556,#1807,.T.);
#1807 = CIRCLE('',#1808,0.2);
#1808 = AXIS2_PLACEMENT_3D('',#1809,#1810,#1811);
#1809 = CARTESIAN_POINT('',(-4.662277726883,-0.67,1.662277726883));
#1810 = DIRECTION('',(-0.171087869746,0.970287525248,0.171087869746));
#1811 = DIRECTION('',(-0.984807753012,-0.173648177667,7.702172233337E-16
    ));
#1812 = SPHERICAL_SURFACE('',#1813,0.2);
#1813 = AXIS2_PLACEMENT_3D('',#1814,#1815,#1816);
#1814 = CARTESIAN_POINT('',(-4.662277726883,-0.67,1.662277726883));
#1815 = DIRECTION('',(-0.766044443119,0.642787609687,0.));
#1816 = DIRECTION('',(-0.642787609687,-0.766044443119,0.));
#1817 = ADVANCED_FACE('',(#1818),#1824,.T.);
#1818 = FACE_BOUND('',#1819,.T.);
#1819 = EDGE_LOOP('',(#1820,#1821,#1822,#1823));
#1820 = ORIENTED_EDGE('',*,*,#1806,.T.);
#1821 = ORIENTED_EDGE('',*,*,#1563,.F.);
#1822 = ORIENTED_EDGE('',*,*,#1378,.F.);
#1823 = ORIENTED_EDGE('',*,*,#1455,.T.);
#1824 = CYLINDRICAL_SURFACE('',#1825,0.2);
#1825 = AXIS2_PLACEMENT_3D('',#1826,#1827,#1828);
#1826 = CARTESIAN_POINT('',(-4.753038449398,-0.155270364467,
    1.753038449398));
#1827 = DIRECTION('',(-0.171087869746,0.970287525248,0.171087869746));
#1828 = DIRECTION('',(-0.984807753012,-0.173648177667,7.702172233337E-16
    ));
#1829 = ADVANCED_FACE('',(#1830),#1836,.T.);
#1830 = FACE_BOUND('',#1831,.T.);
#1831 = EDGE_LOOP('',(#1832,#1833,#1834,#1835));
#1832 = ORIENTED_EDGE('',*,*,#1763,.T.);
#1833 = ORIENTED_EDGE('',*,*,#1471,.F.);
#1834 = ORIENTED_EDGE('',*,*,#1246,.F.);
#1835 = ORIENTED_EDGE('',*,*,#456,.T.);
#1836 = CYLINDRICAL_SURFACE('',#1837,0.2);
#1837 = AXIS2_PLACEMENT_3D('',#1838,#1839,#1840);
#1838 = CARTESIAN_POINT('',(-4.753038449398,-0.155270364467,
    -1.753038449398));
#1839 = DIRECTION('',(-0.171087869746,0.970287525248,-0.171087869746));
#1840 = DIRECTION('',(-7.702172233337E-16,-0.173648177667,
    -0.984807753012));
#1841 = ( GEOMETRIC_REPRESENTATION_CONTEXT(3) 
GLOBAL_UNCERTAINTY_ASSIGNED_CONTEXT((#1845)) 
GLOBAL_UNIT_ASSIGNED_CONTEXT((#1842,#1843,#1844)) REPRESENTATION_CONTEXT
('Context #1','3D Context with UNIT and UNCERTAINTY') );
#1842 = ( LENGTH_UNIT() NAMED_UNIT(*) SI_UNIT(.MILLI.,.METRE.) );
#1843 = ( NAMED_UNIT(*) PLANE_ANGLE_UNIT() SI_UNIT($,.RADIAN.) );
#1844 = ( NAMED_UNIT(*) SI_UNIT($,.STERADIAN.) SOLID_ANGLE_UNIT() );
#1845 = UNCERTAINTY_MEASURE_WITH_UNIT(LENGTH_MEASURE(2.E-05),#1842,
  'distance_accuracy_value','confusion accuracy');
#1846 = CONTEXT_DEPENDENT_SHAPE_REPRESENTATION(#1847,#1849);
#1847 = ( REPRESENTATION_RELATIONSHIP('','',#96,#10) 
REPRESENTATION_RELATIONSHIP_WITH_TRANSFORMATION(#1848) 
SHAPE_REPRESENTATION_RELATIONSHIP() );
#1848 = ITEM_DEFINED_TRANSFORMATION('','',#11,#15);
#1849 = PRODUCT_DEFINITION_SHAPE('Placement','Placement of an item',
  #1850);
#1850 = NEXT_ASSEMBLY_USAGE_OCCURRENCE('1','BODY-SO','',#5,#91,$);
#1851 = PRODUCT_RELATED_PRODUCT_CATEGORY('part',$,(#93));
#1852 = SHAPE_DEFINITION_REPRESENTATION(#1853,#1859);
#1853 = PRODUCT_DEFINITION_SHAPE('','',#1854);
#1854 = PRODUCT_DEFINITION('design','',#1855,#1858);
#1855 = PRODUCT_DEFINITION_FORMATION('','',#1856);
#1856 = PRODUCT('LEAD-SO','LEAD-SO','',(#1857));
#1857 = PRODUCT_CONTEXT('',#2,'mechanical');
#1858 = PRODUCT_DEFINITION_CONTEXT('part definition',#2,'design');
#1859 = ADVANCED_BREP_SHAPE_REPRESENTATION('',(#11,#1860),#2282);
#1860 = MANIFOLD_SOLID_BREP('',#1861);
#1861 = CLOSED_SHELL('',(#1862,#1970,#2002,#2026,#2050,#2074,#2099,#2123
    ,#2148,#2172,#2196,#2220,#2245,#2262));
#1862 = ADVANCED_FACE('',(#1863),#1965,.F.);
#1863 = FACE_BOUND('',#1864,.F.);
#1864 = EDGE_LOOP('',(#1865,#1876,#1884,#1893,#1901,#1909,#1917,#1926,
    #1934,#1943,#1951,#1959));
#1865 = ORIENTED_EDGE('',*,*,#1866,.F.);
#1866 = EDGE_CURVE('',#1867,#1869,#1871,.T.);
#1867 = VERTEX_POINT('',#1868);
#1868 = CARTESIAN_POINT('',(-0.205,0.580357971523,9.059828740948E-02));
#1869 = VERTEX_POINT('',#1870);
#1870 = CARTESIAN_POINT('',(-0.205,0.82,-0.194995960964));
#1871 = CIRCLE('',#1872,0.29);
#1872 = AXIS2_PLACEMENT_3D('',#1873,#1874,#1875);
#1873 = CARTESIAN_POINT('',(-0.205,0.53,-0.194995960964));
#1874 = DIRECTION('',(-1.,0.,0.));
#1875 = DIRECTION('',(0.,0.173648177667,0.984807753012));
#1876 = ORIENTED_EDGE('',*,*,#1877,.F.);
#1877 = EDGE_CURVE('',#1878,#1867,#1880,.T.);
#1878 = VERTEX_POINT('',#1879);
#1879 = CARTESIAN_POINT('',(-0.205,0.108285635652,0.17383737707));
#1880 = LINE('',#1881,#1882);
#1881 = CARTESIAN_POINT('',(-0.205,0.108285635652,0.17383737707));
#1882 = VECTOR('',#1883,1.);
#1883 = DIRECTION('',(0.,0.984807753012,-0.173648177667));
#1884 = ORIENTED_EDGE('',*,*,#1885,.F.);
#1885 = EDGE_CURVE('',#1886,#1878,#1888,.T.);
#1886 = VERTEX_POINT('',#1887);
#1887 = CARTESIAN_POINT('',(-0.205,-2.35409039627E-02,0.320245581753));
#1888 = CIRCLE('',#1889,0.16);
#1889 = AXIS2_PLACEMENT_3D('',#1890,#1891,#1892);
#1890 = CARTESIAN_POINT('',(-0.205,0.136069344079,0.331406617552));
#1891 = DIRECTION('',(1.,0.,0.));
#1892 = DIRECTION('',(0.,-0.99756405026,-6.975647374413E-02));
#1893 = ORIENTED_EDGE('',*,*,#1894,.T.);
#1894 = EDGE_CURVE('',#1886,#1895,#1897,.T.);
#1895 = VERTEX_POINT('',#1896);
#1896 = CARTESIAN_POINT('',(-0.205,-6.046283045063E-02,0.848253730011));
#1897 = LINE('',#1898,#1899);
#1898 = CARTESIAN_POINT('',(-0.205,-2.35409039627E-02,0.320245581753));
#1899 = VECTOR('',#1900,1.);
#1900 = DIRECTION('',(0.,-6.975647374413E-02,0.99756405026));
#1901 = ORIENTED_EDGE('',*,*,#1902,.T.);
#1902 = EDGE_CURVE('',#1895,#1903,#1905,.T.);
#1903 = VERTEX_POINT('',#1904);
#1904 = CARTESIAN_POINT('',(-0.205,-0.25,0.835));
#1905 = LINE('',#1906,#1907);
#1906 = CARTESIAN_POINT('',(-0.205,-6.046283045063E-02,0.848253730011));
#1907 = VECTOR('',#1908,1.);
#1908 = DIRECTION('',(0.,-0.99756405026,-6.975647374412E-02));
#1909 = ORIENTED_EDGE('',*,*,#1910,.T.);
#1910 = EDGE_CURVE('',#1903,#1911,#1913,.T.);
#1911 = VERTEX_POINT('',#1912);
#1912 = CARTESIAN_POINT('',(-0.205,-0.213078073512,0.306991851741));
#1913 = LINE('',#1914,#1915);
#1914 = CARTESIAN_POINT('',(-0.205,-0.25,0.835));
#1915 = VECTOR('',#1916,1.);
#1916 = DIRECTION('',(0.,6.975647374413E-02,-0.99756405026));
#1917 = ORIENTED_EDGE('',*,*,#1918,.F.);
#1918 = EDGE_CURVE('',#1919,#1911,#1921,.T.);
#1919 = VERTEX_POINT('',#1920);
#1920 = CARTESIAN_POINT('',(-0.205,7.529248189545E-02,
    -1.327609600267E-02));
#1921 = CIRCLE('',#1922,0.35);
#1922 = AXIS2_PLACEMENT_3D('',#1923,#1924,#1925);
#1923 = CARTESIAN_POINT('',(-0.205,0.136069344079,0.331406617552));
#1924 = DIRECTION('',(-1.,0.,0.));
#1925 = DIRECTION('',(-0.,-0.173648177667,-0.984807753012));
#1926 = ORIENTED_EDGE('',*,*,#1927,.F.);
#1927 = EDGE_CURVE('',#1928,#1919,#1930,.T.);
#1928 = VERTEX_POINT('',#1929);
#1929 = CARTESIAN_POINT('',(-0.205,0.547364817767,-9.651518566284E-02));
#1930 = LINE('',#1931,#1932);
#1931 = CARTESIAN_POINT('',(-0.205,0.547364817767,-9.651518566284E-02));
#1932 = VECTOR('',#1933,1.);
#1933 = DIRECTION('',(0.,-0.984807753012,0.173648177667));
#1934 = ORIENTED_EDGE('',*,*,#1935,.F.);
#1935 = EDGE_CURVE('',#1936,#1928,#1938,.T.);
#1936 = VERTEX_POINT('',#1937);
#1937 = CARTESIAN_POINT('',(-0.205,0.63,-0.194995960964));
#1938 = CIRCLE('',#1939,0.1);
#1939 = AXIS2_PLACEMENT_3D('',#1940,#1941,#1942);
#1940 = CARTESIAN_POINT('',(-0.205,0.53,-0.194995960964));
#1941 = DIRECTION('',(1.,0.,0.));
#1942 = DIRECTION('',(-0.,1.,0.));
#1943 = ORIENTED_EDGE('',*,*,#1944,.T.);
#1944 = EDGE_CURVE('',#1936,#1945,#1947,.T.);
#1945 = VERTEX_POINT('',#1946);
#1946 = CARTESIAN_POINT('',(-0.205,0.63,-0.215));
#1947 = LINE('',#1948,#1949);
#1948 = CARTESIAN_POINT('',(-0.205,0.63,-0.194995960964));
#1949 = VECTOR('',#1950,1.);
#1950 = DIRECTION('',(0.,0.,-1.));
#1951 = ORIENTED_EDGE('',*,*,#1952,.T.);
#1952 = EDGE_CURVE('',#1945,#1953,#1955,.T.);
#1953 = VERTEX_POINT('',#1954);
#1954 = CARTESIAN_POINT('',(-0.205,0.82,-0.215));
#1955 = LINE('',#1956,#1957);
#1956 = CARTESIAN_POINT('',(-0.205,0.63,-0.215));
#1957 = VECTOR('',#1958,1.);
#1958 = DIRECTION('',(0.,1.,0.));
#1959 = ORIENTED_EDGE('',*,*,#1960,.T.);
#1960 = EDGE_CURVE('',#1953,#1869,#1961,.T.);
#1961 = LINE('',#1962,#1963);
#1962 = CARTESIAN_POINT('',(-0.205,0.82,-0.215));
#1963 = VECTOR('',#1964,1.);
#1964 = DIRECTION('',(0.,0.,1.));
#1965 = PLANE('',#1966);
#1966 = AXIS2_PLACEMENT_3D('',#1967,#1968,#1969);
#1967 = CARTESIAN_POINT('',(-0.205,0.,0.));
#1968 = DIRECTION('',(1.,0.,0.));
#1969 = DIRECTION('',(0.,0.,-1.));
#1970 = ADVANCED_FACE('',(#1971),#1997,.T.);
#1971 = FACE_BOUND('',#1972,.T.);
#1972 = EDGE_LOOP('',(#1973,#1981,#1990,#1996));
#1973 = ORIENTED_EDGE('',*,*,#1974,.F.);
#1974 = EDGE_CURVE('',#1975,#1867,#1977,.T.);
#1975 = VERTEX_POINT('',#1976);
#1976 = CARTESIAN_POINT('',(0.205,0.580357971523,9.059828740948E-02));
#1977 = LINE('',#1978,#1979);
#1978 = CARTESIAN_POINT('',(0.205,0.580357971523,9.059828740948E-02));
#1979 = VECTOR('',#1980,1.);
#1980 = DIRECTION('',(-1.,0.,0.));
#1981 = ORIENTED_EDGE('',*,*,#1982,.F.);
#1982 = EDGE_CURVE('',#1983,#1975,#1985,.T.);
#1983 = VERTEX_POINT('',#1984);
#1984 = CARTESIAN_POINT('',(0.205,0.82,-0.194995960964));
#1985 = CIRCLE('',#1986,0.29);
#1986 = AXIS2_PLACEMENT_3D('',#1987,#1988,#1989);
#1987 = CARTESIAN_POINT('',(0.205,0.53,-0.194995960964));
#1988 = DIRECTION('',(1.,0.,0.));
#1989 = DIRECTION('',(-0.,1.,0.));
#1990 = ORIENTED_EDGE('',*,*,#1991,.T.);
#1991 = EDGE_CURVE('',#1983,#1869,#1992,.T.);
#1992 = LINE('',#1993,#1994);
#1993 = CARTESIAN_POINT('',(0.205,0.82,-0.194995960964));
#1994 = VECTOR('',#1995,1.);
#1995 = DIRECTION('',(-1.,0.,0.));
#1996 = ORIENTED_EDGE('',*,*,#1866,.F.);
#1997 = CYLINDRICAL_SURFACE('',#1998,0.29);
#1998 = AXIS2_PLACEMENT_3D('',#1999,#2000,#2001);
#1999 = CARTESIAN_POINT('',(0.739476,0.53,-0.194995960964));
#2000 = DIRECTION('',(-1.,0.,0.));
#2001 = DIRECTION('',(0.,0.173648177667,0.984807753012));
#2002 = ADVANCED_FACE('',(#2003),#2021,.T.);
#2003 = FACE_BOUND('',#2004,.F.);
#2004 = EDGE_LOOP('',(#2005,#2006,#2007,#2015));
#2005 = ORIENTED_EDGE('',*,*,#1991,.T.);
#2006 = ORIENTED_EDGE('',*,*,#1960,.F.);
#2007 = ORIENTED_EDGE('',*,*,#2008,.T.);
#2008 = EDGE_CURVE('',#1953,#2009,#2011,.T.);
#2009 = VERTEX_POINT('',#2010);
#2010 = CARTESIAN_POINT('',(0.205,0.82,-0.215));
#2011 = LINE('',#2012,#2013);
#2012 = CARTESIAN_POINT('',(-0.205,0.82,-0.215));
#2013 = VECTOR('',#2014,1.);
#2014 = DIRECTION('',(1.,0.,0.));
#2015 = ORIENTED_EDGE('',*,*,#2016,.T.);
#2016 = EDGE_CURVE('',#2009,#1983,#2017,.T.);
#2017 = LINE('',#2018,#2019);
#2018 = CARTESIAN_POINT('',(0.205,0.82,-0.215));
#2019 = VECTOR('',#2020,1.);
#2020 = DIRECTION('',(0.,0.,1.));
#2021 = PLANE('',#2022);
#2022 = AXIS2_PLACEMENT_3D('',#2023,#2024,#2025);
#2023 = CARTESIAN_POINT('',(-0.205,0.82,-0.215));
#2024 = DIRECTION('',(0.,1.,0.));
#2025 = DIRECTION('',(0.,-0.,1.));
#2026 = ADVANCED_FACE('',(#2027),#2045,.T.);
#2027 = FACE_BOUND('',#2028,.F.);
#2028 = EDGE_LOOP('',(#2029,#2030,#2038,#2044));
#2029 = ORIENTED_EDGE('',*,*,#1952,.F.);
#2030 = ORIENTED_EDGE('',*,*,#2031,.T.);
#2031 = EDGE_CURVE('',#1945,#2032,#2034,.T.);
#2032 = VERTEX_POINT('',#2033);
#2033 = CARTESIAN_POINT('',(0.205,0.63,-0.215));
#2034 = LINE('',#2035,#2036);
#2035 = CARTESIAN_POINT('',(-0.205,0.63,-0.215));
#2036 = VECTOR('',#2037,1.);
#2037 = DIRECTION('',(1.,0.,0.));
#2038 = ORIENTED_EDGE('',*,*,#2039,.T.);
#2039 = EDGE_CURVE('',#2032,#2009,#2040,.T.);
#2040 = LINE('',#2041,#2042);
#2041 = CARTESIAN_POINT('',(0.205,0.63,-0.215));
#2042 = VECTOR('',#2043,1.);
#2043 = DIRECTION('',(0.,1.,0.));
#2044 = ORIENTED_EDGE('',*,*,#2008,.F.);
#2045 = PLANE('',#2046);
#2046 = AXIS2_PLACEMENT_3D('',#2047,#2048,#2049);
#2047 = CARTESIAN_POINT('',(-0.205,0.63,-0.215));
#2048 = DIRECTION('',(0.,0.,-1.));
#2049 = DIRECTION('',(0.,1.,0.));
#2050 = ADVANCED_FACE('',(#2051),#2069,.T.);
#2051 = FACE_BOUND('',#2052,.F.);
#2052 = EDGE_LOOP('',(#2053,#2061,#2067,#2068));
#2053 = ORIENTED_EDGE('',*,*,#2054,.F.);
#2054 = EDGE_CURVE('',#2055,#1936,#2057,.T.);
#2055 = VERTEX_POINT('',#2056);
#2056 = CARTESIAN_POINT('',(0.205,0.63,-0.194995960964));
#2057 = LINE('',#2058,#2059);
#2058 = CARTESIAN_POINT('',(0.205,0.63,-0.194995960964));
#2059 = VECTOR('',#2060,1.);
#2060 = DIRECTION('',(-1.,0.,0.));
#2061 = ORIENTED_EDGE('',*,*,#2062,.T.);
#2062 = EDGE_CURVE('',#2055,#2032,#2063,.T.);
#2063 = LINE('',#2064,#2065);
#2064 = CARTESIAN_POINT('',(0.205,0.63,-0.194995960964));
#2065 = VECTOR('',#2066,1.);
#2066 = DIRECTION('',(0.,0.,-1.));
#2067 = ORIENTED_EDGE('',*,*,#2031,.F.);
#2068 = ORIENTED_EDGE('',*,*,#1944,.F.);
#2069 = PLANE('',#2070);
#2070 = AXIS2_PLACEMENT_3D('',#2071,#2072,#2073);
#2071 = CARTESIAN_POINT('',(-0.205,0.63,-0.111085997846));
#2072 = DIRECTION('',(0.,-1.,0.));
#2073 = DIRECTION('',(0.,0.,-1.));
#2074 = ADVANCED_FACE('',(#2075),#2094,.F.);
#2075 = FACE_BOUND('',#2076,.F.);
#2076 = EDGE_LOOP('',(#2077,#2085,#2092,#2093));
#2077 = ORIENTED_EDGE('',*,*,#2078,.F.);
#2078 = EDGE_CURVE('',#2079,#1928,#2081,.T.);
#2079 = VERTEX_POINT('',#2080);
#2080 = CARTESIAN_POINT('',(0.205,0.547364817767,-9.651518566284E-02));
#2081 = LINE('',#2082,#2083);
#2082 = CARTESIAN_POINT('',(0.205,0.547364817767,-9.651518566284E-02));
#2083 = VECTOR('',#2084,1.);
#2084 = DIRECTION('',(-1.,0.,0.));
#2085 = ORIENTED_EDGE('',*,*,#2086,.T.);
#2086 = EDGE_CURVE('',#2079,#2055,#2087,.T.);
#2087 = CIRCLE('',#2088,0.1);
#2088 = AXIS2_PLACEMENT_3D('',#2089,#2090,#2091);
#2089 = CARTESIAN_POINT('',(0.205,0.53,-0.194995960964));
#2090 = DIRECTION('',(-1.,0.,0.));
#2091 = DIRECTION('',(0.,0.173648177667,0.984807753012));
#2092 = ORIENTED_EDGE('',*,*,#2054,.T.);
#2093 = ORIENTED_EDGE('',*,*,#1935,.T.);
#2094 = CYLINDRICAL_SURFACE('',#2095,0.1);
#2095 = AXIS2_PLACEMENT_3D('',#2096,#2097,#2098);
#2096 = CARTESIAN_POINT('',(0.739476,0.53,-0.194995960964));
#2097 = DIRECTION('',(-1.,0.,0.));
#2098 = DIRECTION('',(0.,0.173648177667,0.984807753012));
#2099 = ADVANCED_FACE('',(#2100),#2118,.T.);
#2100 = FACE_BOUND('',#2101,.F.);
#2101 = EDGE_LOOP('',(#2102,#2103,#2104,#2112));
#2102 = ORIENTED_EDGE('',*,*,#2078,.T.);
#2103 = ORIENTED_EDGE('',*,*,#1927,.T.);
#2104 = ORIENTED_EDGE('',*,*,#2105,.T.);
#2105 = EDGE_CURVE('',#1919,#2106,#2108,.T.);
#2106 = VERTEX_POINT('',#2107);
#2107 = CARTESIAN_POINT('',(0.205,7.529248189545E-02,-1.327609600267E-02
    ));
#2108 = LINE('',#2109,#2110);
#2109 = CARTESIAN_POINT('',(-0.205,7.529248189545E-02,
    -1.327609600267E-02));
#2110 = VECTOR('',#2111,1.);
#2111 = DIRECTION('',(1.,0.,0.));
#2112 = ORIENTED_EDGE('',*,*,#2113,.T.);
#2113 = EDGE_CURVE('',#2106,#2079,#2114,.T.);
#2114 = LINE('',#2115,#2116);
#2115 = CARTESIAN_POINT('',(0.205,7.529248189545E-02,-1.327609600267E-02
    ));
#2116 = VECTOR('',#2117,1.);
#2117 = DIRECTION('',(0.,0.984807753012,-0.173648177667));
#2118 = PLANE('',#2119);
#2119 = AXIS2_PLACEMENT_3D('',#2120,#2121,#2122);
#2120 = CARTESIAN_POINT('',(-0.205,-0.19400316791,3.420799284542E-02));
#2121 = DIRECTION('',(0.,-0.173648177667,-0.984807753012));
#2122 = DIRECTION('',(0.,0.984807753012,-0.173648177667));
#2123 = ADVANCED_FACE('',(#2124),#2143,.T.);
#2124 = FACE_BOUND('',#2125,.T.);
#2125 = EDGE_LOOP('',(#2126,#2135,#2141,#2142));
#2126 = ORIENTED_EDGE('',*,*,#2127,.T.);
#2127 = EDGE_CURVE('',#2106,#2128,#2130,.T.);
#2128 = VERTEX_POINT('',#2129);
#2129 = CARTESIAN_POINT('',(0.205,-0.213078073512,0.306991851741));
#2130 = CIRCLE('',#2131,0.35);
#2131 = AXIS2_PLACEMENT_3D('',#2132,#2133,#2134);
#2132 = CARTESIAN_POINT('',(0.205,0.136069344079,0.331406617552));
#2133 = DIRECTION('',(-1.,0.,0.));
#2134 = DIRECTION('',(-0.,-0.173648177667,-0.984807753012));
#2135 = ORIENTED_EDGE('',*,*,#2136,.F.);
#2136 = EDGE_CURVE('',#1911,#2128,#2137,.T.);
#2137 = LINE('',#2138,#2139);
#2138 = CARTESIAN_POINT('',(-0.205,-0.213078073512,0.306991851741));
#2139 = VECTOR('',#2140,1.);
#2140 = DIRECTION('',(1.,0.,0.));
#2141 = ORIENTED_EDGE('',*,*,#1918,.F.);
#2142 = ORIENTED_EDGE('',*,*,#2105,.T.);
#2143 = CYLINDRICAL_SURFACE('',#2144,0.35);
#2144 = AXIS2_PLACEMENT_3D('',#2145,#2146,#2147);
#2145 = CARTESIAN_POINT('',(-0.205,0.136069344079,0.331406617552));
#2146 = DIRECTION('',(-1.,0.,0.));
#2147 = DIRECTION('',(-0.,-0.173648177667,-0.984807753012));
#2148 = ADVANCED_FACE('',(#2149),#2167,.T.);
#2149 = FACE_BOUND('',#2150,.F.);
#2150 = EDGE_LOOP('',(#2151,#2152,#2160,#2166));
#2151 = ORIENTED_EDGE('',*,*,#1910,.F.);
#2152 = ORIENTED_EDGE('',*,*,#2153,.T.);
#2153 = EDGE_CURVE('',#1903,#2154,#2156,.T.);
#2154 = VERTEX_POINT('',#2155);
#2155 = CARTESIAN_POINT('',(0.205,-0.25,0.835));
#2156 = LINE('',#2157,#2158);
#2157 = CARTESIAN_POINT('',(-0.205,-0.25,0.835));
#2158 = VECTOR('',#2159,1.);
#2159 = DIRECTION('',(1.,0.,0.));
#2160 = ORIENTED_EDGE('',*,*,#2161,.T.);
#2161 = EDGE_CURVE('',#2154,#2128,#2162,.T.);
#2162 = LINE('',#2163,#2164);
#2163 = CARTESIAN_POINT('',(0.205,-0.25,0.835));
#2164 = VECTOR('',#2165,1.);
#2165 = DIRECTION('',(0.,6.975647374413E-02,-0.99756405026));
#2166 = ORIENTED_EDGE('',*,*,#2136,.F.);
#2167 = PLANE('',#2168);
#2168 = AXIS2_PLACEMENT_3D('',#2169,#2170,#2171);
#2169 = CARTESIAN_POINT('',(-0.205,-0.25,0.835));
#2170 = DIRECTION('',(0.,-0.99756405026,-6.975647374413E-02));
#2171 = DIRECTION('',(0.,6.975647374413E-02,-0.99756405026));
#2172 = ADVANCED_FACE('',(#2173),#2191,.T.);
#2173 = FACE_BOUND('',#2174,.F.);
#2174 = EDGE_LOOP('',(#2175,#2176,#2184,#2190));
#2175 = ORIENTED_EDGE('',*,*,#1902,.F.);
#2176 = ORIENTED_EDGE('',*,*,#2177,.T.);
#2177 = EDGE_CURVE('',#1895,#2178,#2180,.T.);
#2178 = VERTEX_POINT('',#2179);
#2179 = CARTESIAN_POINT('',(0.205,-6.046283045063E-02,0.848253730011));
#2180 = LINE('',#2181,#2182);
#2181 = CARTESIAN_POINT('',(-0.205,-6.046283045063E-02,0.848253730011));
#2182 = VECTOR('',#2183,1.);
#2183 = DIRECTION('',(1.,0.,0.));
#2184 = ORIENTED_EDGE('',*,*,#2185,.T.);
#2185 = EDGE_CURVE('',#2178,#2154,#2186,.T.);
#2186 = LINE('',#2187,#2188);
#2187 = CARTESIAN_POINT('',(0.205,-6.046283045063E-02,0.848253730011));
#2188 = VECTOR('',#2189,1.);
#2189 = DIRECTION('',(0.,-0.99756405026,-6.975647374412E-02));
#2190 = ORIENTED_EDGE('',*,*,#2153,.F.);
#2191 = PLANE('',#2192);
#2192 = AXIS2_PLACEMENT_3D('',#2193,#2194,#2195);
#2193 = CARTESIAN_POINT('',(-0.205,-6.046283045063E-02,0.848253730011));
#2194 = DIRECTION('',(0.,-6.975647374413E-02,0.99756405026));
#2195 = DIRECTION('',(0.,-0.99756405026,-6.975647374413E-02));
#2196 = ADVANCED_FACE('',(#2197),#2215,.T.);
#2197 = FACE_BOUND('',#2198,.F.);
#2198 = EDGE_LOOP('',(#2199,#2200,#2208,#2214));
#2199 = ORIENTED_EDGE('',*,*,#1894,.F.);
#2200 = ORIENTED_EDGE('',*,*,#2201,.T.);
#2201 = EDGE_CURVE('',#1886,#2202,#2204,.T.);
#2202 = VERTEX_POINT('',#2203);
#2203 = CARTESIAN_POINT('',(0.205,-2.35409039627E-02,0.320245581753));
#2204 = LINE('',#2205,#2206);
#2205 = CARTESIAN_POINT('',(-0.205,-2.35409039627E-02,0.320245581753));
#2206 = VECTOR('',#2207,1.);
#2207 = DIRECTION('',(1.,0.,0.));
#2208 = ORIENTED_EDGE('',*,*,#2209,.T.);
#2209 = EDGE_CURVE('',#2202,#2178,#2210,.T.);
#2210 = LINE('',#2211,#2212);
#2211 = CARTESIAN_POINT('',(0.205,-2.35409039627E-02,0.320245581753));
#2212 = VECTOR('',#2213,1.);
#2213 = DIRECTION('',(0.,-6.975647374413E-02,0.99756405026));
#2214 = ORIENTED_EDGE('',*,*,#2177,.F.);
#2215 = PLANE('',#2216);
#2216 = AXIS2_PLACEMENT_3D('',#2217,#2218,#2219);
#2217 = CARTESIAN_POINT('',(-0.205,-1.482094711596E-02,0.195544389115));
#2218 = DIRECTION('',(0.,0.99756405026,6.975647374413E-02));
#2219 = DIRECTION('',(0.,-6.975647374413E-02,0.99756405026));
#2220 = ADVANCED_FACE('',(#2221),#2240,.F.);
#2221 = FACE_BOUND('',#2222,.F.);
#2222 = EDGE_LOOP('',(#2223,#2224,#2225,#2233));
#2223 = ORIENTED_EDGE('',*,*,#2201,.F.);
#2224 = ORIENTED_EDGE('',*,*,#1885,.T.);
#2225 = ORIENTED_EDGE('',*,*,#2226,.T.);
#2226 = EDGE_CURVE('',#1878,#2227,#2229,.T.);
#2227 = VERTEX_POINT('',#2228);
#2228 = CARTESIAN_POINT('',(0.205,0.108285635652,0.17383737707));
#2229 = LINE('',#2230,#2231);
#2230 = CARTESIAN_POINT('',(-0.205,0.108285635652,0.17383737707));
#2231 = VECTOR('',#2232,1.);
#2232 = DIRECTION('',(1.,0.,0.));
#2233 = ORIENTED_EDGE('',*,*,#2234,.F.);
#2234 = EDGE_CURVE('',#2202,#2227,#2235,.T.);
#2235 = CIRCLE('',#2236,0.16);
#2236 = AXIS2_PLACEMENT_3D('',#2237,#2238,#2239);
#2237 = CARTESIAN_POINT('',(0.205,0.136069344079,0.331406617552));
#2238 = DIRECTION('',(1.,0.,0.));
#2239 = DIRECTION('',(0.,-0.99756405026,-6.975647374413E-02));
#2240 = CYLINDRICAL_SURFACE('',#2241,0.16);
#2241 = AXIS2_PLACEMENT_3D('',#2242,#2243,#2244);
#2242 = CARTESIAN_POINT('',(-0.205,0.136069344079,0.331406617552));
#2243 = DIRECTION('',(1.,0.,0.));
#2244 = DIRECTION('',(0.,-0.99756405026,-6.975647374413E-02));
#2245 = ADVANCED_FACE('',(#2246),#2257,.T.);
#2246 = FACE_BOUND('',#2247,.F.);
#2247 = EDGE_LOOP('',(#2248,#2249,#2255,#2256));
#2248 = ORIENTED_EDGE('',*,*,#1974,.F.);
#2249 = ORIENTED_EDGE('',*,*,#2250,.T.);
#2250 = EDGE_CURVE('',#1975,#2227,#2251,.T.);
#2251 = LINE('',#2252,#2253);
#2252 = CARTESIAN_POINT('',(0.205,0.580357971523,9.059828740948E-02));
#2253 = VECTOR('',#2254,1.);
#2254 = DIRECTION('',(0.,-0.984807753012,0.173648177667));
#2255 = ORIENTED_EDGE('',*,*,#2226,.F.);
#2256 = ORIENTED_EDGE('',*,*,#1877,.T.);
#2257 = PLANE('',#2258);
#2258 = AXIS2_PLACEMENT_3D('',#2259,#2260,#2261);
#2259 = CARTESIAN_POINT('',(-0.205,3.299315375672E-02,0.187113473072));
#2260 = DIRECTION('',(0.,0.173648177667,0.984807753012));
#2261 = DIRECTION('',(0.,-0.984807753012,0.173648177667));
#2262 = ADVANCED_FACE('',(#2263),#2277,.T.);
#2263 = FACE_BOUND('',#2264,.F.);
#2264 = EDGE_LOOP('',(#2265,#2266,#2267,#2268,#2269,#2270,#2271,#2272,
    #2273,#2274,#2275,#2276));
#2265 = ORIENTED_EDGE('',*,*,#1982,.F.);
#2266 = ORIENTED_EDGE('',*,*,#2016,.F.);
#2267 = ORIENTED_EDGE('',*,*,#2039,.F.);
#2268 = ORIENTED_EDGE('',*,*,#2062,.F.);
#2269 = ORIENTED_EDGE('',*,*,#2086,.F.);
#2270 = ORIENTED_EDGE('',*,*,#2113,.F.);
#2271 = ORIENTED_EDGE('',*,*,#2127,.T.);
#2272 = ORIENTED_EDGE('',*,*,#2161,.F.);
#2273 = ORIENTED_EDGE('',*,*,#2185,.F.);
#2274 = ORIENTED_EDGE('',*,*,#2209,.F.);
#2275 = ORIENTED_EDGE('',*,*,#2234,.T.);
#2276 = ORIENTED_EDGE('',*,*,#2250,.F.);
#2277 = PLANE('',#2278);
#2278 = AXIS2_PLACEMENT_3D('',#2279,#2280,#2281);
#2279 = CARTESIAN_POINT('',(0.205,0.,0.));
#2280 = DIRECTION('',(1.,0.,0.));
#2281 = DIRECTION('',(0.,0.,-1.));
#2282 = ( GEOMETRIC_REPRESENTATION_CONTEXT(3) 
GLOBAL_UNCERTAINTY_ASSIGNED_CONTEXT((#2286)) 
GLOBAL_UNIT_ASSIGNED_CONTEXT((#2283,#2284,#2285)) REPRESENTATION_CONTEXT
('Context #1','3D Context with UNIT and UNCERTAINTY') );
#2283 = ( LENGTH_UNIT() NAMED_UNIT(*) SI_UNIT(.MILLI.,.METRE.) );
#2284 = ( NAMED_UNIT(*) PLANE_ANGLE_UNIT() SI_UNIT($,.RADIAN.) );
#2285 = ( NAMED_UNIT(*) SI_UNIT($,.STERADIAN.) SOLID_ANGLE_UNIT() );
#2286 = UNCERTAINTY_MEASURE_WITH_UNIT(LENGTH_MEASURE(1.E-07),#2283,
  'distance_accuracy_value','confusion accuracy');
#2287 = CONTEXT_DEPENDENT_SHAPE_REPRESENTATION(#2288,#2290);
#2288 = ( REPRESENTATION_RELATIONSHIP('','',#1859,#10) 
REPRESENTATION_RELATIONSHIP_WITH_TRANSFORMATION(#2289) 
SHAPE_REPRESENTATION_RELATIONSHIP() );
#2289 = ITEM_DEFINED_TRANSFORMATION('','',#11,#19);
#2290 = PRODUCT_DEFINITION_SHAPE('Placement','Placement of an item',
  #2291);
#2291 = NEXT_ASSEMBLY_USAGE_OCCURRENCE('2','LEAD-SO','',#5,#1854,$);
#2292 = PRODUCT_RELATED_PRODUCT_CATEGORY('part',$,(#1856));
#2293 = CONTEXT_DEPENDENT_SHAPE_REPRESENTATION(#2294,#2296);
#2294 = ( REPRESENTATION_RELATIONSHIP('','',#1859,#10) 
REPRESENTATION_RELATIONSHIP_WITH_TRANSFORMATION(#2295) 
SHAPE_REPRESENTATION_RELATIONSHIP() );
#2295 = ITEM_DEFINED_TRANSFORMATION('','',#11,#23);
#2296 = PRODUCT_DEFINITION_SHAPE('Placement','Placement of an item',
  #2297);
#2297 = NEXT_ASSEMBLY_USAGE_OCCURRENCE('3','LEAD-SO001','',#5,#1854,$);
#2298 = CONTEXT_DEPENDENT_SHAPE_REPRESENTATION(#2299,#2301);
#2299 = ( REPRESENTATION_RELATIONSHIP('','',#1859,#10) 
REPRESENTATION_RELATIONSHIP_WITH_TRANSFORMATION(#2300) 
SHAPE_REPRESENTATION_RELATIONSHIP() );
#2300 = ITEM_DEFINED_TRANSFORMATION('','',#11,#27);
#2301 = PRODUCT_DEFINITION_SHAPE('Placement','Placement of an item',
  #2302);
#2302 = NEXT_ASSEMBLY_USAGE_OCCURRENCE('4','LEAD-SO002','',#5,#1854,$);
#2303 = CONTEXT_DEPENDENT_SHAPE_REPRESENTATION(#2304,#2306);
#2304 = ( REPRESENTATION_RELATIONSHIP('','',#1859,#10) 
REPRESENTATION_RELATIONSHIP_WITH_TRANSFORMATION(#2305) 
SHAPE_REPRESENTATION_RELATIONSHIP() );
#2305 = ITEM_DEFINED_TRANSFORMATION('','',#11,#31);
#2306 = PRODUCT_DEFINITION_SHAPE('Placement','Placement of an item',
  #2307);
#2307 = NEXT_ASSEMBLY_USAGE_OCCURRENCE('5','LEAD-SO003','',#5,#1854,$);
#2308 = CONTEXT_DEPENDENT_SHAPE_REPRESENTATION(#2309,#2311);
#2309 = ( REPRESENTATION_RELATIONSHIP('','',#1859,#10) 
REPRESENTATION_RELATIONSHIP_WITH_TRANSFORMATION(#2310) 
SHAPE_REPRESENTATION_RELATIONSHIP() );
#2310 = ITEM_DEFINED_TRANSFORMATION('','',#11,#35);
#2311 = PRODUCT_DEFINITION_SHAPE('Placement','Placement of an item',
  #2312);
#2312 = NEXT_ASSEMBLY_USAGE_OCCURRENCE('6','LEAD-SO004','',#5,#1854,$);
#2313 = CONTEXT_DEPENDENT_SHAPE_REPRESENTATION(#2314,#2316);
#2314 = ( REPRESENTATION_RELATIONSHIP('','',#1859,#10) 
REPRESENTATION_RELATIONSHIP_WITH_TRANSFORMATION(#2315) 
SHAPE_REPRESENTATION_RELATIONSHIP() );
#2315 = ITEM_DEFINED_TRANSFORMATION('','',#11,#39);
#2316 = PRODUCT_DEFINITION_SHAPE('Placement','Placement of an item',
  #2317);
#2317 = NEXT_ASSEMBLY_USAGE_OCCURRENCE('7','LEAD-SO005','',#5,#1854,$);
#2318 = CONTEXT_DEPENDENT_SHAPE_REPRESENTATION(#2319,#2321);
#2319 = ( REPRESENTATION_RELATIONSHIP('','',#1859,#10) 
REPRESENTATION_RELATIONSHIP_WITH_TRANSFORMATION(#2320) 
SHAPE_REPRESENTATION_RELATIONSHIP() );
#2320 = ITEM_DEFINED_TRANSFORMATION('','',#11,#43);
#2321 = PRODUCT_DEFINITION_SHAPE('Placement','Placement of an item',
  #2322);
#2322 = NEXT_ASSEMBLY_USAGE_OCCURRENCE('8','LEAD-SO006','',#5,#1854,$);
#2323 = CONTEXT_DEPENDENT_SHAPE_REPRESENTATION(#2324,#2326);
#2324 = ( REPRESENTATION_RELATIONSHIP('','',#1859,#10) 
REPRESENTATION_RELATIONSHIP_WITH_TRANSFORMATION(#2325) 
SHAPE_REPRESENTATION_RELATIONSHIP() );
#2325 = ITEM_DEFINED_TRANSFORMATION('','',#11,#47);
#2326 = PRODUCT_DEFINITION_SHAPE('Placement','Placement of an item',
  #2327);
#2327 = NEXT_ASSEMBLY_USAGE_OCCURRENCE('9','LEAD-SO007','',#5,#1854,$);
#2328 = CONTEXT_DEPENDENT_SHAPE_REPRESENTATION(#2329,#2331);
#2329 = ( REPRESENTATION_RELATIONSHIP('','',#1859,#10) 
REPRESENTATION_RELATIONSHIP_WITH_TRANSFORMATION(#2330) 
SHAPE_REPRESENTATION_RELATIONSHIP() );
#2330 = ITEM_DEFINED_TRANSFORMATION('','',#11,#51);
#2331 = PRODUCT_DEFINITION_SHAPE('Placement','Placement of an item',
  #2332);
#2332 = NEXT_ASSEMBLY_USAGE_OCCURRENCE('10','LEAD-SO008','',#5,#1854,$);
#2333 = CONTEXT_DEPENDENT_SHAPE_REPRESENTATION(#2334,#2336);
#2334 = ( REPRESENTATION_RELATIONSHIP('','',#1859,#10) 
REPRESENTATION_RELATIONSHIP_WITH_TRANSFORMATION(#2335) 
SHAPE_REPRESENTATION_RELATIONSHIP() );
#2335 = ITEM_DEFINED_TRANSFORMATION('','',#11,#55);
#2336 = PRODUCT_DEFINITION_SHAPE('Placement','Placement of an item',
  #2337);
#2337 = NEXT_ASSEMBLY_USAGE_OCCURRENCE('11','LEAD-SO009','',#5,#1854,$);
#2338 = CONTEXT_DEPENDENT_SHAPE_REPRESENTATION(#2339,#2341);
#2339 = ( REPRESENTATION_RELATIONSHIP('','',#1859,#10) 
REPRESENTATION_RELATIONSHIP_WITH_TRANSFORMATION(#2340) 
SHAPE_REPRESENTATION_RELATIONSHIP() );
#2340 = ITEM_DEFINED_TRANSFORMATION('','',#11,#59);
#2341 = PRODUCT_DEFINITION_SHAPE('Placement','Placement of an item',
  #2342);
#2342 = NEXT_ASSEMBLY_USAGE_OCCURRENCE('12','LEAD-SO010','',#5,#1854,$);
#2343 = CONTEXT_DEPENDENT_SHAPE_REPRESENTATION(#2344,#2346);
#2344 = ( REPRESENTATION_RELATIONSHIP('','',#1859,#10) 
REPRESENTATION_RELATIONSHIP_WITH_TRANSFORMATION(#2345) 
SHAPE_REPRESENTATION_RELATIONSHIP() );
#2345 = ITEM_DEFINED_TRANSFORMATION('','',#11,#63);
#2346 = PRODUCT_DEFINITION_SHAPE('Placement','Placement of an item',
  #2347);
#2347 = NEXT_ASSEMBLY_USAGE_OCCURRENCE('13','LEAD-SO011','',#5,#1854,$);
#2348 = CONTEXT_DEPENDENT_SHAPE_REPRESENTATION(#2349,#2351);
#2349 = ( REPRESENTATION_RELATIONSHIP('','',#1859,#10) 
REPRESENTATION_RELATIONSHIP_WITH_TRANSFORMATION(#2350) 
SHAPE_REPRESENTATION_RELATIONSHIP() );
#2350 = ITEM_DEFINED_TRANSFORMATION('','',#11,#67);
#2351 = PRODUCT_DEFINITION_SHAPE('Placement','Placement of an item',
  #2352);
#2352 = NEXT_ASSEMBLY_USAGE_OCCURRENCE('14','LEAD-SO012','',#5,#1854,$);
#2353 = CONTEXT_DEPENDENT_SHAPE_REPRESENTATION(#2354,#2356);
#2354 = ( REPRESENTATION_RELATIONSHIP('','',#1859,#10) 
REPRESENTATION_RELATIONSHIP_WITH_TRANSFORMATION(#2355) 
SHAPE_REPRESENTATION_RELATIONSHIP() );
#2355 = ITEM_DEFINED_TRANSFORMATION('','',#11,#71);
#2356 = PRODUCT_DEFINITION_SHAPE('Placement','Placement of an item',
  #2357);
#2357 = NEXT_ASSEMBLY_USAGE_OCCURRENCE('15','LEAD-SO013','',#5,#1854,$);
#2358 = CONTEXT_DEPENDENT_SHAPE_REPRESENTATION(#2359,#2361);
#2359 = ( REPRESENTATION_RELATIONSHIP('','',#1859,#10) 
REPRESENTATION_RELATIONSHIP_WITH_TRANSFORMATION(#2360) 
SHAPE_REPRESENTATION_RELATIONSHIP() );
#2360 = ITEM_DEFINED_TRANSFORMATION('','',#11,#75);
#2361 = PRODUCT_DEFINITION_SHAPE('Placement','Placement of an item',
  #2362);
#2362 = NEXT_ASSEMBLY_USAGE_OCCURRENCE('16','LEAD-SO014','',#5,#1854,$);
#2363 = CONTEXT_DEPENDENT_SHAPE_REPRESENTATION(#2364,#2366);
#2364 = ( REPRESENTATION_RELATIONSHIP('','',#1859,#10) 
REPRESENTATION_RELATIONSHIP_WITH_TRANSFORMATION(#2365) 
SHAPE_REPRESENTATION_RELATIONSHIP() );
#2365 = ITEM_DEFINED_TRANSFORMATION('','',#11,#79);
#2366 = PRODUCT_DEFINITION_SHAPE('Placement','Placement of an item',
  #2367);
#2367 = NEXT_ASSEMBLY_USAGE_OCCURRENCE('17','LEAD-SO015','',#5,#1854,$);
#2368 = SHAPE_DEFINITION_REPRESENTATION(#2296,#2369);
#2369 = SHAPE_REPRESENTATION('',(#23),#2282);
#2370 = SHAPE_DEFINITION_REPRESENTATION(#2301,#2371);
#2371 = SHAPE_REPRESENTATION('',(#27),#2282);
#2372 = SHAPE_DEFINITION_REPRESENTATION(#2306,#2373);
#2373 = SHAPE_REPRESENTATION('',(#31),#2282);
#2374 = SHAPE_DEFINITION_REPRESENTATION(#2311,#2375);
#2375 = SHAPE_REPRESENTATION('',(#35),#2282);
#2376 = SHAPE_DEFINITION_REPRESENTATION(#2316,#2377);
#2377 = SHAPE_REPRESENTATION('',(#39),#2282);
#2378 = SHAPE_DEFINITION_REPRESENTATION(#2321,#2379);
#2379 = SHAPE_REPRESENTATION('',(#43),#2282);
#2380 = SHAPE_DEFINITION_REPRESENTATION(#2326,#2381);
#2381 = SHAPE_REPRESENTATION('',(#47),#2282);
#2382 = SHAPE_DEFINITION_REPRESENTATION(#2331,#2383);
#2383 = SHAPE_REPRESENTATION('',(#51),#2282);
#2384 = SHAPE_DEFINITION_REPRESENTATION(#2336,#2385);
#2385 = SHAPE_REPRESENTATION('',(#55),#2282);
#2386 = SHAPE_DEFINITION_REPRESENTATION(#2341,#2387);
#2387 = SHAPE_REPRESENTATION('',(#59),#2282);
#2388 = SHAPE_DEFINITION_REPRESENTATION(#2346,#2389);
#2389 = SHAPE_REPRESENTATION('',(#63),#2282);
#2390 = SHAPE_DEFINITION_REPRESENTATION(#2351,#2391);
#2391 = SHAPE_REPRESENTATION('',(#67),#2282);
#2392 = SHAPE_DEFINITION_REPRESENTATION(#2356,#2393);
#2393 = SHAPE_REPRESENTATION('',(#71),#2282);
#2394 = SHAPE_DEFINITION_REPRESENTATION(#2361,#2395);
#2395 = SHAPE_REPRESENTATION('',(#75),#2282);
#2396 = SHAPE_DEFINITION_REPRESENTATION(#2366,#2397);
#2397 = SHAPE_REPRESENTATION('',(#79),#2282);
#2398 = SHAPE_DEFINITION_REPRESENTATION(#2296,#2399);
#2399 = SHAPE_REPRESENTATION('',(#23),#2282);
#2400 = SHAPE_DEFINITION_REPRESENTATION(#2301,#2401);
#2401 = SHAPE_REPRESENTATION('',(#27),#2282);
#2402 = SHAPE_DEFINITION_REPRESENTATION(#2306,#2403);
#2403 = SHAPE_REPRESENTATION('',(#31),#2282);
#2404 = SHAPE_DEFINITION_REPRESENTATION(#2311,#2405);
#2405 = SHAPE_REPRESENTATION('',(#35),#2282);
#2406 = SHAPE_DEFINITION_REPRESENTATION(#2316,#2407);
#2407 = SHAPE_REPRESENTATION('',(#39),#2282);
#2408 = SHAPE_DEFINITION_REPRESENTATION(#2321,#2409);
#2409 = SHAPE_REPRESENTATION('',(#43),#2282);
#2410 = SHAPE_DEFINITION_REPRESENTATION(#2326,#2411);
#2411 = SHAPE_REPRESENTATION('',(#47),#2282);
#2412 = SHAPE_DEFINITION_REPRESENTATION(#2331,#2413);
#2413 = SHAPE_REPRESENTATION('',(#51),#2282);
#2414 = SHAPE_DEFINITION_REPRESENTATION(#2336,#2415);
#2415 = SHAPE_REPRESENTATION('',(#55),#2282);
#2416 = SHAPE_DEFINITION_REPRESENTATION(#2341,#2417);
#2417 = SHAPE_REPRESENTATION('',(#59),#2282);
#2418 = SHAPE_DEFINITION_REPRESENTATION(#2346,#2419);
#2419 = SHAPE_REPRESENTATION('',(#63),#2282);
#2420 = SHAPE_DEFINITION_REPRESENTATION(#2351,#2421);
#2421 = SHAPE_REPRESENTATION('',(#67),#2282);
#2422 = SHAPE_DEFINITION_REPRESENTATION(#2356,#2423);
#2423 = SHAPE_REPRESENTATION('',(#71),#2282);
#2424 = SHAPE_DEFINITION_REPRESENTATION(#2361,#2425);
#2425 = SHAPE_REPRESENTATION('',(#75),#2282);
#2426 = SHAPE_DEFINITION_REPRESENTATION(#2366,#2427);
#2427 = SHAPE_REPRESENTATION('',(#79),#2282);
#2428 = MECHANICAL_DESIGN_GEOMETRIC_PRESENTATION_REPRESENTATION('',(
    #2429),#1841);
#2429 = STYLED_ITEM('color',(#2430),#97);
#2430 = PRESENTATION_STYLE_ASSIGNMENT((#2431,#2437));
#2431 = SURFACE_STYLE_USAGE(.BOTH.,#2432);
#2432 = SURFACE_SIDE_STYLE('',(#2433));
#2433 = SURFACE_STYLE_FILL_AREA(#2434);
#2434 = FILL_AREA_STYLE('',(#2435));
#2435 = FILL_AREA_STYLE_COLOUR('',#2436);
#2436 = COLOUR_RGB('',0.109800004037,0.109800004037,0.109800004037);
#2437 = CURVE_STYLE('',#2438,POSITIVE_LENGTH_MEASURE(0.1),#2439);
#2438 = DRAUGHTING_PRE_DEFINED_CURVE_FONT('continuous');
#2439 = COLOUR_RGB('',9.803921802644E-02,9.803921802644E-02,
  9.803921802644E-02);
#2440 = MECHANICAL_DESIGN_GEOMETRIC_PRESENTATION_REPRESENTATION('',(
    #2441,#2451,#2460,#2469,#2478,#2487,#2496,#2505,#2514,#2523,#2532,
    #2541,#2550,#2559,#2568,#2577,#2586,#2597,#2606,#2615,#2624,#2633,
    #2642,#2651,#2660,#2669,#2678,#2687,#2696,#2705,#2714),#2282);
#2441 = STYLED_ITEM('color',(#2442),#1860);
#2442 = PRESENTATION_STYLE_ASSIGNMENT((#2443,#2449));
#2443 = SURFACE_STYLE_USAGE(.BOTH.,#2444);
#2444 = SURFACE_SIDE_STYLE('',(#2445));
#2445 = SURFACE_STYLE_FILL_AREA(#2446);
#2446 = FILL_AREA_STYLE('',(#2447));
#2447 = FILL_AREA_STYLE_COLOUR('',#2448);
#2448 = DRAUGHTING_PRE_DEFINED_COLOUR('white');
#2449 = CURVE_STYLE('',#2450,POSITIVE_LENGTH_MEASURE(0.1),#2439);
#2450 = DRAUGHTING_PRE_DEFINED_CURVE_FONT('continuous');
#2451 = OVER_RIDING_STYLED_ITEM('overriding color',(#2452),#1860,#2441);
#2452 = PRESENTATION_STYLE_BY_CONTEXT((#2453,#2458),#2369);
#2453 = SURFACE_STYLE_USAGE(.BOTH.,#2454);
#2454 = SURFACE_SIDE_STYLE('',(#2455));
#2455 = SURFACE_STYLE_FILL_AREA(#2456);
#2456 = FILL_AREA_STYLE('',(#2457));
#2457 = FILL_AREA_STYLE_COLOUR('',#2448);
#2458 = CURVE_STYLE('',#2459,POSITIVE_LENGTH_MEASURE(0.1),#2439);
#2459 = DRAUGHTING_PRE_DEFINED_CURVE_FONT('continuous');
#2460 = OVER_RIDING_STYLED_ITEM('overriding color',(#2461),#1860,#2441);
#2461 = PRESENTATION_STYLE_BY_CONTEXT((#2462,#2467),#2371);
#2462 = SURFACE_STYLE_USAGE(.BOTH.,#2463);
#2463 = SURFACE_SIDE_STYLE('',(#2464));
#2464 = SURFACE_STYLE_FILL_AREA(#2465);
#2465 = FILL_AREA_STYLE('',(#2466));
#2466 = FILL_AREA_STYLE_COLOUR('',#2448);
#2467 = CURVE_STYLE('',#2468,POSITIVE_LENGTH_MEASURE(0.1),#2439);
#2468 = DRAUGHTING_PRE_DEFINED_CURVE_FONT('continuous');
#2469 = OVER_RIDING_STYLED_ITEM('overriding color',(#2470),#1860,#2441);
#2470 = PRESENTATION_STYLE_BY_CONTEXT((#2471,#2476),#2373);
#2471 = SURFACE_STYLE_USAGE(.BOTH.,#2472);
#2472 = SURFACE_SIDE_STYLE('',(#2473));
#2473 = SURFACE_STYLE_FILL_AREA(#2474);
#2474 = FILL_AREA_STYLE('',(#2475));
#2475 = FILL_AREA_STYLE_COLOUR('',#2448);
#2476 = CURVE_STYLE('',#2477,POSITIVE_LENGTH_MEASURE(0.1),#2439);
#2477 = DRAUGHTING_PRE_DEFINED_CURVE_FONT('continuous');
#2478 = OVER_RIDING_STYLED_ITEM('overriding color',(#2479),#1860,#2441);
#2479 = PRESENTATION_STYLE_BY_CONTEXT((#2480,#2485),#2375);
#2480 = SURFACE_STYLE_USAGE(.BOTH.,#2481);
#2481 = SURFACE_SIDE_STYLE('',(#2482));
#2482 = SURFACE_STYLE_FILL_AREA(#2483);
#2483 = FILL_AREA_STYLE('',(#2484));
#2484 = FILL_AREA_STYLE_COLOUR('',#2448);
#2485 = CURVE_STYLE('',#2486,POSITIVE_LENGTH_MEASURE(0.1),#2439);
#2486 = DRAUGHTING_PRE_DEFINED_CURVE_FONT('continuous');
#2487 = OVER_RIDING_STYLED_ITEM('overriding color',(#2488),#1860,#2441);
#2488 = PRESENTATION_STYLE_BY_CONTEXT((#2489,#2494),#2377);
#2489 = SURFACE_STYLE_USAGE(.BOTH.,#2490);
#2490 = SURFACE_SIDE_STYLE('',(#2491));
#2491 = SURFACE_STYLE_FILL_AREA(#2492);
#2492 = FILL_AREA_STYLE('',(#2493));
#2493 = FILL_AREA_STYLE_COLOUR('',#2448);
#2494 = CURVE_STYLE('',#2495,POSITIVE_LENGTH_MEASURE(0.1),#2439);
#2495 = DRAUGHTING_PRE_DEFINED_CURVE_FONT('continuous');
#2496 = OVER_RIDING_STYLED_ITEM('overriding color',(#2497),#1860,#2441);
#2497 = PRESENTATION_STYLE_BY_CONTEXT((#2498,#2503),#2379);
#2498 = SURFACE_STYLE_USAGE(.BOTH.,#2499);
#2499 = SURFACE_SIDE_STYLE('',(#2500));
#2500 = SURFACE_STYLE_FILL_AREA(#2501);
#2501 = FILL_AREA_STYLE('',(#2502));
#2502 = FILL_AREA_STYLE_COLOUR('',#2448);
#2503 = CURVE_STYLE('',#2504,POSITIVE_LENGTH_MEASURE(0.1),#2439);
#2504 = DRAUGHTING_PRE_DEFINED_CURVE_FONT('continuous');
#2505 = OVER_RIDING_STYLED_ITEM('overriding color',(#2506),#1860,#2441);
#2506 = PRESENTATION_STYLE_BY_CONTEXT((#2507,#2512),#2381);
#2507 = SURFACE_STYLE_USAGE(.BOTH.,#2508);
#2508 = SURFACE_SIDE_STYLE('',(#2509));
#2509 = SURFACE_STYLE_FILL_AREA(#2510);
#2510 = FILL_AREA_STYLE('',(#2511));
#2511 = FILL_AREA_STYLE_COLOUR('',#2448);
#2512 = CURVE_STYLE('',#2513,POSITIVE_LENGTH_MEASURE(0.1),#2439);
#2513 = DRAUGHTING_PRE_DEFINED_CURVE_FONT('continuous');
#2514 = OVER_RIDING_STYLED_ITEM('overriding color',(#2515),#1860,#2441);
#2515 = PRESENTATION_STYLE_BY_CONTEXT((#2516,#2521),#2383);
#2516 = SURFACE_STYLE_USAGE(.BOTH.,#2517);
#2517 = SURFACE_SIDE_STYLE('',(#2518));
#2518 = SURFACE_STYLE_FILL_AREA(#2519);
#2519 = FILL_AREA_STYLE('',(#2520));
#2520 = FILL_AREA_STYLE_COLOUR('',#2448);
#2521 = CURVE_STYLE('',#2522,POSITIVE_LENGTH_MEASURE(0.1),#2439);
#2522 = DRAUGHTING_PRE_DEFINED_CURVE_FONT('continuous');
#2523 = OVER_RIDING_STYLED_ITEM('overriding color',(#2524),#1860,#2441);
#2524 = PRESENTATION_STYLE_BY_CONTEXT((#2525,#2530),#2385);
#2525 = SURFACE_STYLE_USAGE(.BOTH.,#2526);
#2526 = SURFACE_SIDE_STYLE('',(#2527));
#2527 = SURFACE_STYLE_FILL_AREA(#2528);
#2528 = FILL_AREA_STYLE('',(#2529));
#2529 = FILL_AREA_STYLE_COLOUR('',#2448);
#2530 = CURVE_STYLE('',#2531,POSITIVE_LENGTH_MEASURE(0.1),#2439);
#2531 = DRAUGHTING_PRE_DEFINED_CURVE_FONT('continuous');
#2532 = OVER_RIDING_STYLED_ITEM('overriding color',(#2533),#1860,#2441);
#2533 = PRESENTATION_STYLE_BY_CONTEXT((#2534,#2539),#2387);
#2534 = SURFACE_STYLE_USAGE(.BOTH.,#2535);
#2535 = SURFACE_SIDE_STYLE('',(#2536));
#2536 = SURFACE_STYLE_FILL_AREA(#2537);
#2537 = FILL_AREA_STYLE('',(#2538));
#2538 = FILL_AREA_STYLE_COLOUR('',#2448);
#2539 = CURVE_STYLE('',#2540,POSITIVE_LENGTH_MEASURE(0.1),#2439);
#2540 = DRAUGHTING_PRE_DEFINED_CURVE_FONT('continuous');
#2541 = OVER_RIDING_STYLED_ITEM('overriding color',(#2542),#1860,#2441);
#2542 = PRESENTATION_STYLE_BY_CONTEXT((#2543,#2548),#2389);
#2543 = SURFACE_STYLE_USAGE(.BOTH.,#2544);
#2544 = SURFACE_SIDE_STYLE('',(#2545));
#2545 = SURFACE_STYLE_FILL_AREA(#2546);
#2546 = FILL_AREA_STYLE('',(#2547));
#2547 = FILL_AREA_STYLE_COLOUR('',#2448);
#2548 = CURVE_STYLE('',#2549,POSITIVE_LENGTH_MEASURE(0.1),#2439);
#2549 = DRAUGHTING_PRE_DEFINED_CURVE_FONT('continuous');
#2550 = OVER_RIDING_STYLED_ITEM('overriding color',(#2551),#1860,#2441);
#2551 = PRESENTATION_STYLE_BY_CONTEXT((#2552,#2557),#2391);
#2552 = SURFACE_STYLE_USAGE(.BOTH.,#2553);
#2553 = SURFACE_SIDE_STYLE('',(#2554));
#2554 = SURFACE_STYLE_FILL_AREA(#2555);
#2555 = FILL_AREA_STYLE('',(#2556));
#2556 = FILL_AREA_STYLE_COLOUR('',#2448);
#2557 = CURVE_STYLE('',#2558,POSITIVE_LENGTH_MEASURE(0.1),#2439);
#2558 = DRAUGHTING_PRE_DEFINED_CURVE_FONT('continuous');
#2559 = OVER_RIDING_STYLED_ITEM('overriding color',(#2560),#1860,#2441);
#2560 = PRESENTATION_STYLE_BY_CONTEXT((#2561,#2566),#2393);
#2561 = SURFACE_STYLE_USAGE(.BOTH.,#2562);
#2562 = SURFACE_SIDE_STYLE('',(#2563));
#2563 = SURFACE_STYLE_FILL_AREA(#2564);
#2564 = FILL_AREA_STYLE('',(#2565));
#2565 = FILL_AREA_STYLE_COLOUR('',#2448);
#2566 = CURVE_STYLE('',#2567,POSITIVE_LENGTH_MEASURE(0.1),#2439);
#2567 = DRAUGHTING_PRE_DEFINED_CURVE_FONT('continuous');
#2568 = OVER_RIDING_STYLED_ITEM('overriding color',(#2569),#1860,#2441);
#2569 = PRESENTATION_STYLE_BY_CONTEXT((#2570,#2575),#2395);
#2570 = SURFACE_STYLE_USAGE(.BOTH.,#2571);
#2571 = SURFACE_SIDE_STYLE('',(#2572));
#2572 = SURFACE_STYLE_FILL_AREA(#2573);
#2573 = FILL_AREA_STYLE('',(#2574));
#2574 = FILL_AREA_STYLE_COLOUR('',#2448);
#2575 = CURVE_STYLE('',#2576,POSITIVE_LENGTH_MEASURE(0.1),#2439);
#2576 = DRAUGHTING_PRE_DEFINED_CURVE_FONT('continuous');
#2577 = OVER_RIDING_STYLED_ITEM('overriding color',(#2578),#1860,#2441);
#2578 = PRESENTATION_STYLE_BY_CONTEXT((#2579,#2584),#2397);
#2579 = SURFACE_STYLE_USAGE(.BOTH.,#2580);
#2580 = SURFACE_SIDE_STYLE('',(#2581));
#2581 = SURFACE_STYLE_FILL_AREA(#2582);
#2582 = FILL_AREA_STYLE('',(#2583));
#2583 = FILL_AREA_STYLE_COLOUR('',#2448);
#2584 = CURVE_STYLE('',#2585,POSITIVE_LENGTH_MEASURE(0.1),#2439);
#2585 = DRAUGHTING_PRE_DEFINED_CURVE_FONT('continuous');
#2586 = OVER_RIDING_STYLED_ITEM('overriding color',(#2587),#1860,#2441);
#2587 = PRESENTATION_STYLE_BY_CONTEXT((#2588,#2594),#2399);
#2588 = SURFACE_STYLE_USAGE(.BOTH.,#2589);
#2589 = SURFACE_SIDE_STYLE('',(#2590));
#2590 = SURFACE_STYLE_FILL_AREA(#2591);
#2591 = FILL_AREA_STYLE('',(#2592));
#2592 = FILL_AREA_STYLE_COLOUR('',#2593);
#2593 = DRAUGHTING_PRE_DEFINED_COLOUR('white');
#2594 = CURVE_STYLE('',#2595,POSITIVE_LENGTH_MEASURE(0.1),#2596);
#2595 = DRAUGHTING_PRE_DEFINED_CURVE_FONT('continuous');
#2596 = COLOUR_RGB('',9.803921802644E-02,9.803921802644E-02,
  9.803921802644E-02);
#2597 = OVER_RIDING_STYLED_ITEM('overriding color',(#2598),#1860,#2441);
#2598 = PRESENTATION_STYLE_BY_CONTEXT((#2599,#2604),#2401);
#2599 = SURFACE_STYLE_USAGE(.BOTH.,#2600);
#2600 = SURFACE_SIDE_STYLE('',(#2601));
#2601 = SURFACE_STYLE_FILL_AREA(#2602);
#2602 = FILL_AREA_STYLE('',(#2603));
#2603 = FILL_AREA_STYLE_COLOUR('',#2593);
#2604 = CURVE_STYLE('',#2605,POSITIVE_LENGTH_MEASURE(0.1),#2596);
#2605 = DRAUGHTING_PRE_DEFINED_CURVE_FONT('continuous');
#2606 = OVER_RIDING_STYLED_ITEM('overriding color',(#2607),#1860,#2441);
#2607 = PRESENTATION_STYLE_BY_CONTEXT((#2608,#2613),#2403);
#2608 = SURFACE_STYLE_USAGE(.BOTH.,#2609);
#2609 = SURFACE_SIDE_STYLE('',(#2610));
#2610 = SURFACE_STYLE_FILL_AREA(#2611);
#2611 = FILL_AREA_STYLE('',(#2612));
#2612 = FILL_AREA_STYLE_COLOUR('',#2593);
#2613 = CURVE_STYLE('',#2614,POSITIVE_LENGTH_MEASURE(0.1),#2596);
#2614 = DRAUGHTING_PRE_DEFINED_CURVE_FONT('continuous');
#2615 = OVER_RIDING_STYLED_ITEM('overriding color',(#2616),#1860,#2441);
#2616 = PRESENTATION_STYLE_BY_CONTEXT((#2617,#2622),#2405);
#2617 = SURFACE_STYLE_USAGE(.BOTH.,#2618);
#2618 = SURFACE_SIDE_STYLE('',(#2619));
#2619 = SURFACE_STYLE_FILL_AREA(#2620);
#2620 = FILL_AREA_STYLE('',(#2621));
#2621 = FILL_AREA_STYLE_COLOUR('',#2593);
#2622 = CURVE_STYLE('',#2623,POSITIVE_LENGTH_MEASURE(0.1),#2596);
#2623 = DRAUGHTING_PRE_DEFINED_CURVE_FONT('continuous');
#2624 = OVER_RIDING_STYLED_ITEM('overriding color',(#2625),#1860,#2441);
#2625 = PRESENTATION_STYLE_BY_CONTEXT((#2626,#2631),#2407);
#2626 = SURFACE_STYLE_USAGE(.BOTH.,#2627);
#2627 = SURFACE_SIDE_STYLE('',(#2628));
#2628 = SURFACE_STYLE_FILL_AREA(#2629);
#2629 = FILL_AREA_STYLE('',(#2630));
#2630 = FILL_AREA_STYLE_COLOUR('',#2593);
#2631 = CURVE_STYLE('',#2632,POSITIVE_LENGTH_MEASURE(0.1),#2596);
#2632 = DRAUGHTING_PRE_DEFINED_CURVE_FONT('continuous');
#2633 = OVER_RIDING_STYLED_ITEM('overriding color',(#2634),#1860,#2441);
#2634 = PRESENTATION_STYLE_BY_CONTEXT((#2635,#2640),#2409);
#2635 = SURFACE_STYLE_USAGE(.BOTH.,#2636);
#2636 = SURFACE_SIDE_STYLE('',(#2637));
#2637 = SURFACE_STYLE_FILL_AREA(#2638);
#2638 = FILL_AREA_STYLE('',(#2639));
#2639 = FILL_AREA_STYLE_COLOUR('',#2593);
#2640 = CURVE_STYLE('',#2641,POSITIVE_LENGTH_MEASURE(0.1),#2596);
#2641 = DRAUGHTING_PRE_DEFINED_CURVE_FONT('continuous');
#2642 = OVER_RIDING_STYLED_ITEM('overriding color',(#2643),#1860,#2441);
#2643 = PRESENTATION_STYLE_BY_CONTEXT((#2644,#2649),#2411);
#2644 = SURFACE_STYLE_USAGE(.BOTH.,#2645);
#2645 = SURFACE_SIDE_STYLE('',(#2646));
#2646 = SURFACE_STYLE_FILL_AREA(#2647);
#2647 = FILL_AREA_STYLE('',(#2648));
#2648 = FILL_AREA_STYLE_COLOUR('',#2593);
#2649 = CURVE_STYLE('',#2650,POSITIVE_LENGTH_MEASURE(0.1),#2596);
#2650 = DRAUGHTING_PRE_DEFINED_CURVE_FONT('continuous');
#2651 = OVER_RIDING_STYLED_ITEM('overriding color',(#2652),#1860,#2441);
#2652 = PRESENTATION_STYLE_BY_CONTEXT((#2653,#2658),#2413);
#2653 = SURFACE_STYLE_USAGE(.BOTH.,#2654);
#2654 = SURFACE_SIDE_STYLE('',(#2655));
#2655 = SURFACE_STYLE_FILL_AREA(#2656);
#2656 = FILL_AREA_STYLE('',(#2657));
#2657 = FILL_AREA_STYLE_COLOUR('',#2593);
#2658 = CURVE_STYLE('',#2659,POSITIVE_LENGTH_MEASURE(0.1),#2596);
#2659 = DRAUGHTING_PRE_DEFINED_CURVE_FONT('continuous');
#2660 = OVER_RIDING_STYLED_ITEM('overriding color',(#2661),#1860,#2441);
#2661 = PRESENTATION_STYLE_BY_CONTEXT((#2662,#2667),#2415);
#2662 = SURFACE_STYLE_USAGE(.BOTH.,#2663);
#2663 = SURFACE_SIDE_STYLE('',(#2664));
#2664 = SURFACE_STYLE_FILL_AREA(#2665);
#2665 = FILL_AREA_STYLE('',(#2666));
#2666 = FILL_AREA_STYLE_COLOUR('',#2593);
#2667 = CURVE_STYLE('',#2668,POSITIVE_LENGTH_MEASURE(0.1),#2596);
#2668 = DRAUGHTING_PRE_DEFINED_CURVE_FONT('continuous');
#2669 = OVER_RIDING_STYLED_ITEM('overriding color',(#2670),#1860,#2441);
#2670 = PRESENTATION_STYLE_BY_CONTEXT((#2671,#2676),#2417);
#2671 = SURFACE_STYLE_USAGE(.BOTH.,#2672);
#2672 = SURFACE_SIDE_STYLE('',(#2673));
#2673 = SURFACE_STYLE_FILL_AREA(#2674);
#2674 = FILL_AREA_STYLE('',(#2675));
#2675 = FILL_AREA_STYLE_COLOUR('',#2593);
#2676 = CURVE_STYLE('',#2677,POSITIVE_LENGTH_MEASURE(0.1),#2596);
#2677 = DRAUGHTING_PRE_DEFINED_CURVE_FONT('continuous');
#2678 = OVER_RIDING_STYLED_ITEM('overriding color',(#2679),#1860,#2441);
#2679 = PRESENTATION_STYLE_BY_CONTEXT((#2680,#2685),#2419);
#2680 = SURFACE_STYLE_USAGE(.BOTH.,#2681);
#2681 = SURFACE_SIDE_STYLE('',(#2682));
#2682 = SURFACE_STYLE_FILL_AREA(#2683);
#2683 = FILL_AREA_STYLE('',(#2684));
#2684 = FILL_AREA_STYLE_COLOUR('',#2593);
#2685 = CURVE_STYLE('',#2686,POSITIVE_LENGTH_MEASURE(0.1),#2596);
#2686 = DRAUGHTING_PRE_DEFINED_CURVE_FONT('continuous');
#2687 = OVER_RIDING_STYLED_ITEM('overriding color',(#2688),#1860,#2441);
#2688 = PRESENTATION_STYLE_BY_CONTEXT((#2689,#2694),#2421);
#2689 = SURFACE_STYLE_USAGE(.BOTH.,#2690);
#2690 = SURFACE_SIDE_STYLE('',(#2691));
#2691 = SURFACE_STYLE_FILL_AREA(#2692);
#2692 = FILL_AREA_STYLE('',(#2693));
#2693 = FILL_AREA_STYLE_COLOUR('',#2593);
#2694 = CURVE_STYLE('',#2695,POSITIVE_LENGTH_MEASURE(0.1),#2596);
#2695 = DRAUGHTING_PRE_DEFINED_CURVE_FONT('continuous');
#2696 = OVER_RIDING_STYLED_ITEM('overriding color',(#2697),#1860,#2441);
#2697 = PRESENTATION_STYLE_BY_CONTEXT((#2698,#2703),#2423);
#2698 = SURFACE_STYLE_USAGE(.BOTH.,#2699);
#2699 = SURFACE_SIDE_STYLE('',(#2700));
#2700 = SURFACE_STYLE_FILL_AREA(#2701);
#2701 = FILL_AREA_STYLE('',(#2702));
#2702 = FILL_AREA_STYLE_COLOUR('',#2593);
#2703 = CURVE_STYLE('',#2704,POSITIVE_LENGTH_MEASURE(0.1),#2596);
#2704 = DRAUGHTING_PRE_DEFINED_CURVE_FONT('continuous');
#2705 = OVER_RIDING_STYLED_ITEM('overriding color',(#2706),#1860,#2441);
#2706 = PRESENTATION_STYLE_BY_CONTEXT((#2707,#2712),#2425);
#2707 = SURFACE_STYLE_USAGE(.BOTH.,#2708);
#2708 = SURFACE_SIDE_STYLE('',(#2709));
#2709 = SURFACE_STYLE_FILL_AREA(#2710);
#2710 = FILL_AREA_STYLE('',(#2711));
#2711 = FILL_AREA_STYLE_COLOUR('',#2593);
#2712 = CURVE_STYLE('',#2713,POSITIVE_LENGTH_MEASURE(0.1),#2596);
#2713 = DRAUGHTING_PRE_DEFINED_CURVE_FONT('continuous');
#2714 = OVER_RIDING_STYLED_ITEM('overriding color',(#2715),#1860,#2441);
#2715 = PRESENTATION_STYLE_BY_CONTEXT((#2716,#2721),#2427);
#2716 = SURFACE_STYLE_USAGE(.BOTH.,#2717);
#2717 = SURFACE_SIDE_STYLE('',(#2718));
#2718 = SURFACE_STYLE_FILL_AREA(#2719);
#2719 = FILL_AREA_STYLE('',(#2720));
#2720 = FILL_AREA_STYLE_COLOUR('',#2593);
#2721 = CURVE_STYLE('',#2722,POSITIVE_LENGTH_MEASURE(0.1),#2596);
#2722 = DRAUGHTING_PRE_DEFINED_CURVE_FONT('continuous');
ENDSEC;
END-ISO-10303-21;
